timestamp,cash,qty,price,equity,allocation_pct
2020-04-27 00:00:00+00:00,10000,0,196.34,10000.00,0
2020-04-28 00:00:00+00:00,3992.20009942909,30.560790,196.24,9989.44952902909,0.6003583492936365959008638895
2020-04-29 00:00:00+00:00,3992.20009942909,30.560790,215.36,10573.77183382909,0.6224431392914413966289014071
2020-04-30 00:00:00+00:00,4229.68868518945,29.456808,206.08,10300.14767782945,0.5893565007525433608839706454
2020-05-01 00:00:00+00:00,4119.798695565907,29.989381,212.02,10478.147255185907,0.6068199276807346154923509586
2020-05-02 00:00:00+00:00,4191.046258119472,29.652886,213.9,10533.798573519472,0.6021334346894396933913165100
2020-05-03 00:00:00+00:00,4213.371910342117,29.548371,209.86,10414.393048402117,0.5954279917456566771055875530
2020-05-04 00:00:00+00:00,4165.695505664551,29.775258,206.48,10313.690777504551,0.5961004071645764587251310980
2020-05-05 00:00:00+00:00,4125.304815569070,29.970629,205.29,10277.975242979070,0.5986267024346956054330669279
2020-05-06 00:00:00+00:00,4125.304815569070,29.970629,198.97,10088.560867699070,0.5910908533270373851791786959
2020-05-07 00:00:00+00:00,4125.304815569070,29.970629,212.0,10479.078163569070,0.6063294164642405787323541518
2020-05-08 00:00:00+00:00,4191.664913267514,29.657217,211.31,10458.531437537514,0.5992109467469888456357889549
2020-05-09 00:00:00+00:00,4183.520632648674,29.695707,210.07,10421.697802138674,0.5985759026911950258131464116
2020-05-10 00:00:00+00:00,4168.897871659770,29.765219,187.54,9751.067042919770,0.5724675203944169076267568504
2020-05-11 00:00:00+00:00,482.886863720400,49.385864,185.73,9655.323384440400,0.9499874996938399287833561076
2020-05-12 00:00:00+00:00,482.886863720400,49.385864,189.76,9854.348416360400,0.9509975857035153231294529740
2020-05-13 00:00:00+00:00,482.886863720400,49.385864,199.58,10339.317600840400,0.9532960604981173990396989196
2020-05-14 00:00:00+00:00,482.886863720400,49.385864,203.29,10522.539156280400,0.9541092832681750637499460698
2020-05-15 00:00:00+00:00,482.886863720400,49.385864,194.86,10106.216322760400,0.9522188276701655984441934924
2020-05-16 00:00:00+00:00,482.886863720400,49.385864,200.45,10382.283302520400,0.9534893385539600398987955872
2020-05-17 00:00:00+00:00,482.886863720400,49.385864,207.0,10705.760711720400,0.9548946705681785417707608782
2020-05-18 00:00:00+00:00,482.886863720400,49.385864,214.91,11096.402895960400,0.9564825765387274299661418500
2020-05-19 00:00:00+00:00,482.886863720400,49.385864,214.58,11080.105560840400,0.9564185683007361019401751422
2020-05-20 00:00:00+00:00,482.886863720400,49.385864,209.98,10852.930586440400,0.9555063160245660690732423987
2020-05-21 00:00:00+00:00,482.886863720400,49.385864,198.74,10297.833475080400,0.9531079168362032697840231153
2020-05-22 00:00:00+00:00,482.886863720400,49.385864,207.36,10723.539622760400,0.9549694521857795238123411906
2020-05-23 00:00:00+00:00,482.886863720400,49.385864,206.6,10686.006366120400,0.9548112880363448513521523837
2020-05-24 00:00:00+00:00,482.886863720400,49.385864,199.9,10355.121077320400,0.9533673377534899010803504327
2020-05-25 00:00:00+00:00,482.886863720400,49.385864,204.15,10565.010999320400,0.9542937661161486763669753529
2020-05-26 00:00:00+00:00,482.886863720400,49.385864,200.89,10404.013082680400,0.9535864805356441168153798120
2020-05-27 00:00:00+00:00,482.886863720400,49.385864,208.29,10769.468476280400,0.9551614952229117529884949862
2020-05-28 00:00:00+00:00,482.886863720400,49.385864,220.21,11358.147975160400,0.9574854223790317662462399205
2020-05-29 00:00:00+00:00,482.886863720400,49.385864,220.67,11380.865472600400,0.9575702862947499745394259692
2020-05-30 00:00:00+00:00,482.886863720400,49.385864,243.66,12516.246485960400,0.9614191951027762941202011369
2020-05-31 00:00:00+00:00,6564.409549017678,24.399450,231.57,12214.590185517678,0.4625763575104779003600021986
2020-06-01 00:00:00+00:00,6564.409549017678,24.399450,248.23,12621.085022517678,0.4798854823253383708392217725
2020-06-02 00:00:00+00:00,6564.409549017678,24.399450,237.71,12364.402808517678,0.4690880222297885081024551772
2020-06-03 00:00:00+00:00,6564.409549017678,24.399450,244.52,12530.563063017678,0.4761281264054544910262828127
2020-06-04 00:00:00+00:00,6564.409549017678,24.399450,243.21,12498.599783517678,0.4747884032838314692490568159
2020-06-05 00:00:00+00:00,6564.409549017678,24.399450,240.03,12421.009532517678,0.4715075669306644330306007447
2020-06-06 00:00:00+00:00,6564.409549017678,24.399450,241.94,12467.612482017678,0.4734830298514911579362228480
2020-06-07 00:00:00+00:00,6564.409549017678,24.399450,244.56,12531.539041017678,0.4761689264557734130685309204
2020-06-08 00:00:00+00:00,6564.409549017678,24.399450,246.4,12576.434029017678,0.4780388833693574514769791187
2020-06-09 00:00:00+00:00,6564.409549017678,24.399450,243.8,12512.995459017678,0.4753926371573212930836989345
2020-06-10 00:00:00+00:00,6564.409549017678,24.399450,247.78,12610.105270017678,0.4794326130943968392633186363
2020-06-11 00:00:00+00:00,6564.409549017678,24.399450,230.51,12188.726768517678,0.4614359913315208985969026461
2020-06-12 00:00:00+00:00,6564.409549017678,24.399450,237.55,12360.498896517678,0.4689203401921690731187779638
2020-06-13 00:00:00+00:00,6564.409549017678,24.399450,238.11,12374.162588517678,0.4695067644327728367166635635
2020-06-14 00:00:00+00:00,6564.409549017678,24.399450,231.77,12219.470075517678,0.4627909796047700776631397279
2020-06-15 00:00:00+00:00,6564.409549017678,24.399450,230.86,12197.266576017678,0.4618130621228980564905701712
2020-06-16 00:00:00+00:00,6564.409549017678,24.399450,235.3,12305.600134017678,0.4665510436284222195132426974
2020-06-17 00:00:00+00:00,6564.409549017678,24.399450,233.82,12269.488948017678,0.4649810129151094016416963723
2020-06-18 00:00:00+00:00,6564.409549017678,24.399450,231.27,12207.270350517678,0.4622541026348860390935945369
2020-06-19 00:00:00+00:00,6564.409549017678,24.399450,229.0,12151.883599017678,0.4598031247148939712585943529
2020-06-20 00:00:00+00:00,6564.409549017678,24.399450,228.89,12149.199659517678,0.4596837871641098376345695668
2020-06-21 00:00:00+00:00,6564.409549017678,24.399450,228.04,12128.460127017678,0.4587598524239176932183725670
2020-06-22 00:00:00+00:00,6564.409549017678,24.399450,243.13,12496.647827517678,0.4747063660894070386941350702
2020-06-23 00:00:00+00:00,6564.409549017678,24.399450,243.14,12496.891822017678,0.4747166221402222809089949047
2020-06-24 00:00:00+00:00,6564.409549017678,24.399450,234.58,12288.032530017678,0.4657883975337885757296573242
2020-06-25 00:00:00+00:00,6564.409549017678,24.399450,232.5,12237.281674017678,0.4635728976513387198768274127
2020-06-26 00:00:00+00:00,6564.409549017678,24.399450,229.64,12167.499247017678,0.4604964080333391899406777608
2020-06-27 00:00:00+00:00,6564.409549017678,24.399450,220.94,11955.224032017678,0.4509170609068205446572169453
2020-06-28 00:00:00+00:00,6564.409549017678,24.399450,224.93,12052.577837517678,0.4553522377110265464520170101
2020-06-29 00:00:00+00:00,6564.409549017678,24.399450,227.93,12125.776187517678,0.4586400534280760376384357929
2020-06-30 00:00:00+00:00,6564.409549017678,24.399450,225.6,12068.925469017678,0.4560899753777356963654369211
2020-07-01 00:00:00+00:00,6564.409549017678,24.399450,230.99,12200.438504517678,0.4619529825434590054881249725
2020-07-02 00:00:00+00:00,6564.409549017678,24.399450,226.46,12089.908996017678,0.4570339982559055279905294750
2020-07-03 00:00:00+00:00,6564.409549017678,24.399450,224.87,12051.113870517678,0.4552860740053988400145316310
2020-07-04 00:00:00+00:00,6564.409549017678,24.399450,229.17,12156.031505517678,0.4599874518227381491074301523
2020-07-05 00:00:00+00:00,6564.409549017678,24.399450,227.56,12116.748391017678,0.4582367036783589254570643969
2020-07-06 00:00:00+00:00,598.067022641222,50.586478,241.6,12819.760107441222,0.9533480332214583049440803178
2020-07-07 00:00:00+00:00,6722.402168951942,25.204412,239.39,12756.086357631942,0.4730043384403758228929424942
2020-07-08 00:00:00+00:00,629.894538121898,50.621504,246.95,13130.874950921898,0.9520295075174960752389645903
2020-07-09 00:00:00+00:00,6885.301064639378,25.256844,241.98,12996.952175759378,0.4702372547402954626914154904
2020-07-10 00:00:00+00:00,6885.301064639378,25.256844,241.26,12978.767248079378,0.4694949887742013714229665523
2020-07-11 00:00:00+00:00,640.843954587566,51.104856,239.19,12864.614461227566,0.9501855297320417754679417269
2020-07-12 00:00:00+00:00,640.843954587566,51.104856,242.79,13048.591942827566,0.9508878845016055999043934437
2020-07-13 00:00:00+00:00,640.843954587566,51.104856,239.5,12880.456966587566,0.9502467997641743985350591719
2020-07-14 00:00:00+00:00,640.843954587566,51.104856,240.44,12928.495531227566,0.9504316683221440846678669095
2020-07-15 00:00:00+00:00,640.843954587566,51.104856,238.61,12834.973644747566,0.9500704892487397151864596884
2020-07-16 00:00:00+00:00,640.843954587566,51.104856,233.57,12577.405170507566,0.9490479994959322363221481286
2020-07-17 00:00:00+00:00,640.843954587566,51.104856,232.67,12531.410800107566,0.9488609890131392723041058283
2020-07-18 00:00:00+00:00,640.843954587566,51.104856,235.67,12684.725368107566,0.9494790832288099036227719009
2020-07-19 00:00:00+00:00,640.843954587566,51.104856,239.11,12860.526072747566,0.9501696936064253906229644784
2020-07-20 00:00:00+00:00,640.843954587566,51.104856,236.01,12702.101019147566,0.9495481925689666073829047914
2020-07-21 00:00:00+00:00,640.843954587566,51.104856,245.59,13191.685539627566,0.9514206162159882250937726157
2020-07-22 00:00:00+00:00,640.843954587566,51.104856,263.74,14119.238676027566,0.9546120035724286785552970867
2020-07-23 00:00:00+00:00,7404.065013738941,25.428933,275.3,14404.650268638941,0.4859948089223180847581245254
2020-07-24 00:00:00+00:00,7404.065013738941,25.428933,279.15,14502.551660688941,0.4894646689100494279181517246
2020-07-25 00:00:00+00:00,716.445078226841,49.354913,305.26,15782.525820606841,0.9546051698967349729382350190
2020-07-26 00:00:00+00:00,716.445078226841,49.354913,311.0,16065.823021226841,0.9554056410754529267743265764
2020-07-27 00:00:00+00:00,716.445078226841,49.354913,321.93,16605.272220316841,0.9568543611498125326944463815
2020-07-28 00:00:00+00:00,716.445078226841,49.354913,316.77,16350.600869236841,0.9561823394775166545921148238
2020-07-29 00:00:00+00:00,716.445078226841,49.354913,317.71,16396.994487456841,0.9563063170646975692799625504
2020-07-30 00:00:00+00:00,716.445078226841,49.354913,334.87,17243.924794536841,0.9584523194827535675203756686
2020-07-31 00:00:00+00:00,716.445078226841,49.354913,346.33,17809.532097516841,0.9597718191413499308410924144
2020-08-01 00:00:00+00:00,716.445078226841,49.354913,387.0,19816.796409226841,0.9638465742175531919629520586
2020-08-02 00:00:00+00:00,716.445078226841,49.354913,372.42,19097.201777686841,0.9624842902867615403305140675
2020-08-03 00:00:00+00:00,716.445078226841,49.354913,385.94,19764.480201446841,0.9637508767787176977055335514
2020-08-04 00:00:00+00:00,716.445078226841,49.354913,389.61,19945.612732156841,0.9640800667370940468861043277
2020-08-05 00:00:00+00:00,716.445078226841,49.354913,400.72,20493.945815586841,0.9650411353346146384889863344
2020-08-06 00:00:00+00:00,716.445078226841,49.354913,394.77,20200.284083236841,0.9645329206621712171758198885
2020-08-07 00:00:00+00:00,716.445078226841,49.354913,379.34,19438.737775646841,0.9631434362407823229437321900
2020-08-08 00:00:00+00:00,716.445078226841,49.354913,397.03,20311.826186616841,0.9647276876217611607539435068
2020-08-09 00:00:00+00:00,716.445078226841,49.354913,390.14,19971.770836046841,0.9641271130082397727898494219
2020-08-10 00:00:00+00:00,716.445078226841,49.354913,395.44,20233.351874946841,0.9645908852544619074326873950
2020-08-11 00:00:00+00:00,716.445078226841,49.354913,379.0,19421.957105226841,0.9631115919809115860655927463
2020-08-12 00:00:00+00:00,716.445078226841,49.354913,387.18,19825.680293566841,0.9638627745621764355263832432
2020-08-13 00:00:00+00:00,716.445078226841,49.354913,424.54,21669.579843246841,0.9669377494437154195721783586
2020-08-14 00:00:00+00:00,716.445078226841,49.354913,438.11,22339.326012656841,0.9679289752152359861442470263
2020-08-15 00:00:00+00:00,716.445078226841,49.354913,432.32,22053.561066386841,0.9675134062897978848527359321
2020-08-16 00:00:00+00:00,716.445078226841,49.354913,433.62,22117.722453286841,0.9676076467755669623507979552
2020-08-17 00:00:00+00:00,716.445078226841,49.354913,430.89,21982.983540796841,0.9674091063709693684404337409
2020-08-18 00:00:00+00:00,716.445078226841,49.354913,421.95,21541.750618576841,0.9667415573175838272688413140
2020-08-19 00:00:00+00:00,11294.872186013849,24.250161,407.46,21175.842787073849,0.4666152228468346407169604809
2020-08-20 00:00:00+00:00,11294.872186013849,24.250161,415.94,21381.484152353849,0.4717451742109110369416905639
2020-08-21 00:00:00+00:00,11294.872186013849,24.250161,387.97,20703.207149183849,0.4544385271023523743437553342
2020-08-22 00:00:00+00:00,11294.872186013849,24.250161,395.24,20879.505819653849,0.4590450423696330041043706481
2020-08-23 00:00:00+00:00,11294.872186013849,24.250161,390.71,20769.652590323849,0.4561838655271539768847379027
2020-08-24 00:00:00+00:00,11294.872186013849,24.250161,407.68,21181.177822493849,0.4667495697987581057051404754
2020-08-25 00:00:00+00:00,11294.872186013849,24.250161,382.93,20580.986337743849,0.4511986937525936079168792559
2020-08-26 00:00:00+00:00,11294.872186013849,24.250161,385.81,20650.826801423849,0.4530547229598051001894221721
2020-08-27 00:00:00+00:00,11294.872186013849,24.250161,383.27,20589.231392483849,0.4514184638219632296849076528
2020-08-28 00:00:00+00:00,11294.872186013849,24.250161,395.11,20876.353298723849,0.4589633532066975769258551645
2020-08-29 00:00:00+00:00,11294.872186013849,24.250161,398.65,20962.198868663849,0.4611790367613378543978911472
2020-08-30 00:00:00+00:00,11294.872186013849,24.250161,428.94,21696.736245353849,0.4794206806826746061852731101
2020-08-31 00:00:00+00:00,11294.872186013849,24.250161,433.79,21814.349526203849,0.4822274130866834091851294505
2020-09-01 00:00:00+00:00,11294.872186013849,24.250161,475.4,22823.398725413849,0.5051187458142677263402850671
2020-09-02 00:00:00+00:00,11294.872186013849,24.250161,439.5,21952.817945513849,0.4854932877388525056430370893
2020-09-03 00:00:00+00:00,11294.872186013849,24.250161,381.4,20543.883591413849,0.4502075454353504011504075735
2020-09-04 00:00:00+00:00,11294.872186013849,24.250161,385.26,20637.489212873849,0.4527012433776097409487391622
2020-09-05 00:00:00+00:00,11294.872186013849,24.250161,335.01,19418.918622623849,0.4183573037452841237008716604
2020-09-06 00:00:00+00:00,11294.872186013849,24.250161,352.8,19850.328986813849,0.4309982371820239269694714877
2020-09-07 00:00:00+00:00,11294.872186013849,24.250161,353.59,19869.486614003849,0.4315468534525035502339557989
2020-09-08 00:00:00+00:00,11294.872186013849,24.250161,337.39,19476.634005803849,0.4200808937186946124813788662
2020-09-09 00:00:00+00:00,11294.872186013849,24.250161,350.85,19803.041172863849,0.4296395140817443095401346702
2020-09-10 00:00:00+00:00,11294.872186013849,24.250161,367.93,20217.233922743849,0.4413245536370126771935592464
2020-09-11 00:00:00+00:00,11294.872186013849,24.250161,373.63,20355.459840443849,0.4451182987489038561665132971
2020-09-12 00:00:00+00:00,11294.872186013849,24.250161,387.78,20698.599618593849,0.4543170845303223669355365465
2020-09-13 00:00:00+00:00,11294.872186013849,24.250161,366.42,20180.616179633849,0.4403108366228894926210477886
2020-09-14 00:00:00+00:00,11294.872186013849,24.250161,377.12,20440.092902333849,0.4474158097038687656815119263
2020-09-15 00:00:00+00:00,11294.872186013849,24.250161,364.06,20123.385799673849,0.4387190953623265858010592918
2020-09-16 00:00:00+00:00,11294.872186013849,24.250161,365.11,20148.848468723849,0.4394284018986806641318397502
2020-09-17 00:00:00+00:00,11294.872186013849,24.250161,389.36,20736.914872973849,0.4553253338212663073608384357
2020-09-18 00:00:00+00:00,11294.872186013849,24.250161,384.39,20616.391572803849,0.4521411690242874270054631448
2020-09-19 00:00:00+00:00,11294.872186013849,24.250161,385.25,20637.246711263849,0.4526948122469706189908934044
2020-09-20 00:00:00+00:00,11294.872186013849,24.250161,371.04,20292.651923453849,0.4434008808400514027597566609
2020-09-21 00:00:00+00:00,1001.268449641193,51.956714,340.36,18685.255626681193,0.9464139817166079277995379722
2020-09-22 00:00:00+00:00,1001.268449641193,51.956714,344.21,18885.288975581193,0.9469815658666467899673357237
2020-09-23 00:00:00+00:00,1001.268449641193,51.956714,320.72,17664.825763721193,0.9433185210522976436473969146
2020-09-24 00:00:00+00:00,1001.268449641193,51.956714,348.97,19132.602934221193,0.9476668985875261208565009848
2020-09-25 00:00:00+00:00,1001.268449641193,51.956714,351.92,19285.875240521193,0.9480828099760053138257351841
2020-09-26 00:00:00+00:00,1001.268449641193,51.956714,353.92,19389.788668521193,0.9483610437040644110308849684
2020-09-27 00:00:00+00:00,1001.268449641193,51.956714,357.49,19575.274137501193,0.9488503485259999476487131511
2020-09-28 00:00:00+00:00,1001.268449641193,51.956714,353.96,19391.866937081193,0.9483665779633334781083962769
2020-09-29 00:00:00+00:00,1001.268449641193,51.956714,359.79,19694.774579701193,0.9491607052627466966853420849
2020-09-30 00:00:00+00:00,1001.268449641193,51.956714,359.83,19696.852848261193,0.9491660694551219437947444595
2020-10-01 00:00:00+00:00,1001.268449641193,51.956714,352.85,19334.194984541193,0.9482125606759544408476985590
2020-10-02 00:00:00+00:00,1001.268449641193,51.956714,345.6,18957.508808041193,0.9471835429549432320282246772
2020-10-03 00:00:00+00:00,1001.268449641193,51.956714,345.95,18975.693657941193,0.9472341581978390936743662899
2020-10-04 00:00:00+00:00,1001.268449641193,51.956714,352.37,19309.255761821193,0.9481456736607669096485532765
2020-10-05 00:00:00+00:00,1001.268449641193,51.956714,353.62,19374.201654321193,0.9483194989137592887359235139
2020-10-06 00:00:00+00:00,1001.268449641193,51.956714,340.75,18705.518745141193,0.9464720298173353210950472881
2020-10-07 00:00:00+00:00,1001.268449641193,51.956714,341.58,18748.642817761193,0.9465951504130923461109962111
2020-10-08 00:00:00+00:00,1001.268449641193,51.956714,350.95,19235.477227941193,0.9479467840711139702081151817
2020-10-09 00:00:00+00:00,10086.526817629871,26.034663,365.02,19589.699505889871,0.4851106922494018145572025485
2020-10-10 00:00:00+00:00,10086.526817629871,26.034663,370.52,19732.890152389871,0.4888469585683939374830601696
2020-10-11 00:00:00+00:00,974.801660168217,50.595121,374.16,19905.472133528217,0.9510284582234907897264775903
2020-10-12 00:00:00+00:00,974.801660168217,50.595121,386.51,20530.321877878217,0.9525189295147591944049254384
2020-10-13 00:00:00+00:00,974.801660168217,50.595121,381.04,20253.566566008217,0.9518701233685805579412378333
2020-10-14 00:00:00+00:00,974.801660168217,50.595121,378.69,20134.668031658217,0.9515859085118506455725858102
2020-10-15 00:00:00+00:00,974.801660168217,50.595121,377.64,20081.543154608217,0.9514578310708893827253509321
2020-10-16 00:00:00+00:00,974.801660168217,50.595121,365.5,19467.318385668217,0.9499262486565246121288770967
2020-10-17 00:00:00+00:00,974.801660168217,50.595121,368.32,19609.996626888217,0.9502905748167432528403738828
2020-10-18 00:00:00+00:00,974.801660168217,50.595121,378.11,20105.322861478217,0.9515152446501649459012451354
2020-10-19 00:00:00+00:00,974.801660168217,50.595121,379.3,20165.531055468217,0.9516600055070762234980224919
2020-10-20 00:00:00+00:00,974.801660168217,50.595121,368.52,19620.115651088217,0.9503162123249691314827881286
2020-10-21 00:00:00+00:00,974.801660168217,50.595121,390.38,20726.124996148217,0.9529674910119775877754567276
2020-10-22 00:00:00+00:00,974.801660168217,50.595121,413.98,21920.169851748217,0.9555294659320136218587162518
2020-10-23 00:00:00+00:00,974.801660168217,50.595121,409.11,21673.771612478217,0.9550239027338003553336672576
2020-10-24 00:00:00+00:00,974.801660168217,50.595121,412.14,21827.074829108217,0.9553397939119062335406004322
2020-10-25 00:00:00+00:00,974.801660168217,50.595121,405.86,21509.337469228217,0.9546800703851156717549067181
2020-10-26 00:00:00+00:00,974.801660168217,50.595121,392.52,20834.398555088217,0.9532119126169759741694001702
2020-10-27 00:00:00+00:00,10925.107258544589,25.212318,403.45,21097.016955644589,0.4821491928686375715110192353
2020-10-28 00:00:00+00:00,1041.969162397917,49.679502,388.23,20329.042223857917,0.9487447981599903093967308739
2020-10-29 00:00:00+00:00,10659.966738075387,24.872647,387.13,20288.914571185387,0.4745915706493817289429614539
2020-10-30 00:00:00+00:00,10659.966738075387,24.872647,382.49,20173.505489105387,0.4715858012960486615187106969
2020-10-31 00:00:00+00:00,996.253470228996,50.098520,386.46,20357.327509428996,0.9510616769432256396302035823
2020-11-01 00:00:00+00:00,10674.473117605476,25.021360,396.67,20599.695988805476,0.4818140460225082400117008053
2020-11-02 00:00:00+00:00,10674.473117605476,25.021360,383.02,20258.154424805476,0.4730777101523662103533243693
2020-11-03 00:00:00+00:00,1000.335293570667,50.246753,387.88,20490.045847210667,0.9511794506937697375011976766
2020-11-04 00:00:00+00:00,1000.335293570667,50.246753,402.49,21224.150908540667,0.9528680653524693493811487017
2020-11-05 00:00:00+00:00,1000.335293570667,50.246753,416.69,21937.654801140667,0.9544009921462227714282177742
2020-11-06 00:00:00+00:00,11504.650816000254,25.007416,455.91,22905.781844560254,0.4977403131632278632553385693
2020-11-07 00:00:00+00:00,11504.650816000254,25.007416,435.21,22388.128333360254,0.4861271721916420346485634999
2020-11-08 00:00:00+00:00,11504.650816000254,25.007416,454.3,22865.519904800254,0.4968559270071512937241463717
2020-11-09 00:00:00+00:00,1129.793750259264,47.815286,444.32,22375.081625779264,0.9495066087733248071232841287
2020-11-10 00:00:00+00:00,11733.115639263744,23.920066,450.34,22505.278161703744,0.4786504945657824338477989989
2020-11-11 00:00:00+00:00,11733.115639263744,23.920066,463.09,22810.259003203744,0.4856211129555431296547468589
2020-11-12 00:00:00+00:00,1126.742683870079,46.793811,462.39,22763.732952160079,0.9505027279032826212281411067
2020-11-13 00:00:00+00:00,11939.096661914735,23.384305,476.43,23080.081093064735,0.4827099344333638980769440829
2020-11-14 00:00:00+00:00,11939.096661914735,23.384305,460.89,22716.688993364735,0.4744349995106241911850737501
2020-11-15 00:00:00+00:00,11939.096661914735,23.384305,448.08,22417.136046314735,0.4674120441947595374052877957
2020-11-16 00:00:00+00:00,11939.096661914735,23.384305,460.55,22708.738329664735,0.4742509914644386040029430824
2020-11-17 00:00:00+00:00,11939.096661914735,23.384305,482.15,23213.839317664735,0.4856905616284853379178703134
2020-11-18 00:00:00+00:00,11939.096661914735,23.384305,478.41,23126.382016964735,0.4837455918026167788653856033
2020-11-19 00:00:00+00:00,11939.096661914735,23.384305,471.25,22958.950393164735,0.4799807283233120044103951384
2020-11-20 00:00:00+00:00,11939.096661914735,23.384305,510.12,23867.898328514735,0.4997843338535082564439988102
2020-11-21 00:00:00+00:00,1179.425984749559,44.449351,552.35,25731.025009599559,0.9541632723799558459546614812
2020-11-22 00:00:00+00:00,1179.425984749559,44.449351,560.03,26072.396025279559,0.9547634216814596460778542053
2020-11-23 00:00:00+00:00,1179.425984749559,44.449351,608.58,28230.412016329559,0.9582214392029654570209695344
2020-11-24 00:00:00+00:00,1179.425984749559,44.449351,604.97,28069.949859219559,0.9579826116304166746168692308
2020-11-25 00:00:00+00:00,1179.425984749559,44.449351,569.5,26493.331379249559,0.9554821563258245473572945623
2020-11-26 00:00:00+00:00,1179.425984749559,44.449351,519.83,24285.532115079559,0.9514350363351840759098067261
2020-11-27 00:00:00+00:00,1179.425984749559,44.449351,518.68,24234.415361429559,0.9513326000582344528897828717
2020-11-28 00:00:00+00:00,1179.425984749559,44.449351,537.52,25071.841134269559,0.9529581422268404820269421186
2020-11-29 00:00:00+00:00,1179.425984749559,44.449351,576.3,26795.586966049559,0.9559843198716299534220653687
2020-11-30 00:00:00+00:00,1179.425984749559,44.449351,616.66,28589.562772409559,0.9587462741512169088132741645
2020-12-01 00:00:00+00:00,1179.425984749559,44.449351,585.26,27193.853151009559,0.9566289492629045337994366334
2020-12-02 00:00:00+00:00,1179.425984749559,44.449351,596.89,27710.799103139559,0.9574380377714934533076012155
2020-12-03 00:00:00+00:00,1179.425984749559,44.449351,615.85,28553.558798099559,0.9586942561839941951795012716
2020-12-04 00:00:00+00:00,1179.425984749559,44.449351,567.24,26392.875845989559,0.9553127142478952431794598559
2020-12-05 00:00:00+00:00,1179.425984749559,44.449351,596.8,27706.798661549559,0.9574318924695431700277417454
2020-12-06 00:00:00+00:00,1179.425984749559,44.449351,601.54,27917.488585289559,0.9577531488498206528763301644
2020-12-07 00:00:00+00:00,1179.425984749559,44.449351,591.28,27461.438244029559,0.9570515581059932234842035008
2020-12-08 00:00:00+00:00,1179.425984749559,44.449351,554.94,25846.148828689559,0.9543674381600565216597455702
2020-12-09 00:00:00+00:00,1179.425984749559,44.449351,573.09,26652.904549339559,0.9557486883815526071624115348
2020-12-10 00:00:00+00:00,1179.425984749559,44.449351,558.99,26026.168700239559,0.9546830730894823208340210561
2020-12-11 00:00:00+00:00,1179.425984749559,44.449351,544.43,25378.986149679559,0.9535274585913885804440806296
2020-12-12 00:00:00+00:00,1179.425984749559,44.449351,568.04,26428.435326789559,0.9553728410264978081514729858
2020-12-13 00:00:00+00:00,1179.425984749559,44.449351,590.7,27435.657620449559,0.9570112004944085244681273362
2020-12-14 00:00:00+00:00,1179.425984749559,44.449351,586.29,27239.635982539559,0.9567018448592498121764947465
2020-12-15 00:00:00+00:00,1179.425984749559,44.449351,588.64,27344.091957389559,0.9568672462560664051827571546
2020-12-16 00:00:00+00:00,1179.425984749559,44.449351,637.18,29501.663454929559,0.9600217124518623144684917779
2020-12-17 00:00:00+00:00,1179.425984749559,44.449351,642.7,29747.023872449559,0.9603514627276077292942456612
2020-12-18 00:00:00+00:00,1179.425984749559,44.449351,653.85,30242.634136099559,0.9610012150581248456111676366
2020-12-19 00:00:00+00:00,1179.425984749559,44.449351,658.03,30428.432423279559,0.9612393445596222027265179101
2020-12-20 00:00:00+00:00,1179.425984749559,44.449351,638.18,29546.112805929559,0.9600818560297088552996499624
2020-12-21 00:00:00+00:00,1179.425984749559,44.449351,607.58,28185.962665329559,0.9581555542823334401690646841
2020-12-22 00:00:00+00:00,1179.425984749559,44.449351,636.45,29469.215428699559,0.9599776930742127446980736364
2020-12-23 00:00:00+00:00,1179.425984749559,44.449351,585.56,27207.187956309559,0.9566502063115258142992045414
2020-12-24 00:00:00+00:00,1179.425984749559,44.449351,612.31,28396.208095559559,0.9584653704191584977111580817
2020-12-25 00:00:00+00:00,14890.162354552652,22.028382,626.82,28697.992759792652,0.4811427238418386158064929958
2020-12-26 00:00:00+00:00,14890.162354552652,22.028382,637.44,28931.934176632652,0.4853381642704367059630759364
2020-12-27 00:00:00+00:00,14890.162354552652,22.028382,685.11,29982.027146572652,0.5033637224808264056127110611
2020-12-28 00:00:00+00:00,1481.682486034372,41.574538,730.41,31848.140786614372,0.9534766410396830330405575926
2020-12-29 00:00:00+00:00,1481.682486034372,41.574538,732.0,31914.244302034372,0.9535730042042724408263975677
2020-12-30 00:00:00+00:00,1481.682486034372,41.574538,752.17,32752.802733494372,0.9547616581673744167855633015
2020-12-31 00:00:00+00:00,1481.682486034372,41.574538,736.42,32098.003759994372,0.9538387964213188877994654202
2021-01-01 00:00:00+00:00,1481.682486034372,41.574538,728.91,31785.778979614372,0.9533853649776951947938580501
2021-01-02 00:00:00+00:00,16667.766887951983,20.713455,774.56,32711.580592751983,0.4904628090137253342505630699
2021-01-03 00:00:00+00:00,16667.766887951983,20.713455,978.28,36931.325645351983,0.5486821391679527731886063598
2021-01-04 00:00:00+00:00,1827.350694431710,35.862892,1041.43,39176.042309991710,0.9533554032851947702599169024
2021-01-05 00:00:00+00:00,1827.350694431710,35.862892,1099.56,41260.752221951710,0.9557121332979597111262029981
2021-01-06 00:00:00+00:00,1827.350694431710,35.862892,1208.42,45164.786645071710,0.9595403669502088347634659910
2021-01-07 00:00:00+00:00,23689.269883499335,17.752963,1224.87,45434.341673309335,0.4786043109453540807216819227
2021-01-08 00:00:00+00:00,23689.269883499335,17.752963,1216.93,45293.383147089335,0.4769816640419878601002401075
2021-01-09 00:00:00+00:00,23689.269883499335,17.752963,1276.0,46342.050671499335,0.4888169698958015404638820744
2021-01-10 00:00:00+00:00,23689.269883499335,17.752963,1254.25,45955.923726249335,0.4845219514112741244400608736
2021-01-11 00:00:00+00:00,23689.269883499335,17.752963,1087.01,42986.918194129335,0.4489190926291025348481350364
2021-01-12 00:00:00+00:00,23689.269883499335,17.752963,1050.16,42332.721507579335,0.4404028600131942660242596554
2021-01-13 00:00:00+00:00,23689.269883499335,17.752963,1129.89,43748.165247569335,0.4585082654451315531004626688
2021-01-14 00:00:00+00:00,23689.269883499335,17.752963,1231.62,45554.174173559335,0.4799758680018148838250745139
2021-01-15 00:00:00+00:00,23689.269883499335,17.752963,1168.53,44434.139737889335,0.4668678177806757188412274169
2021-01-16 00:00:00+00:00,23689.269883499335,17.752963,1227.83,45486.890443789335,0.4792066537770157026062446357
2021-01-17 00:00:00+00:00,23689.269883499335,17.752963,1232.45,45568.909132849335,0.4801440206866305740950454803
2021-01-18 00:00:00+00:00,23689.269883499335,17.752963,1258.45,46030.486170849335,0.4853569480979863688562730805
2021-01-19 00:00:00+00:00,23689.269883499335,17.752963,1365.36,47928.455445179335,0.5057368391394300164047969628
2021-01-20 00:00:00+00:00,23689.269883499335,17.752963,1376.99,48134.922404869335,0.5078569009783440435560900604
2021-01-21 00:00:00+00:00,23689.269883499335,17.752963,1110.96,43412.101657979335,0.4543164468254868944998370870
2021-01-22 00:00:00+00:00,23699.139202943197,17.744076,1232.62,45570.842162063197,0.4799495010721515625647687199
2021-01-23 00:00:00+00:00,23699.139202943197,17.744076,1233.6,45588.231356543197,0.4801478693570396189907601326
2021-01-24 00:00:00+00:00,23699.139202943197,17.744076,1392.51,48407.942473703197,0.5104287025663741654984310861
2021-01-25 00:00:00+00:00,23699.139202943197,17.744076,1317.88,47083.702081823197,0.4966593926331820865461002492
2021-01-26 00:00:00+00:00,23699.139202943197,17.744076,1365.97,47937.014696663197,0.5056192098547002697750553379
2021-01-27 00:00:00+00:00,23704.134237345877,17.740416,1239.03,45685.041873825877,0.4811401442333671432049598779
2021-01-28 00:00:00+00:00,23704.134237345877,17.740416,1329.69,47293.387988385877,0.4987854487572968033602803466
2021-01-29 00:00:00+00:00,23704.134237345877,17.740416,1379.5,48177.038109345877,0.5079785896437766808781005017
2021-01-30 00:00:00+00:00,23704.134237345877,17.740416,1378.05,48151.314506145877,0.5077157398409059323182920078
2021-01-31 00:00:00+00:00,23704.134237345877,17.740416,1312.55,46989.317258145877,0.4955420589083655038594054127
2021-02-01 00:00:00+00:00,23704.134237345877,17.740416,1374.17,48082.481692065877,0.5070110068537225209557200848
2021-02-02 00:00:00+00:00,23704.134237345877,17.740416,1511.87,50525.336975265877,0.5308465879416108555649637670
2021-02-03 00:00:00+00:00,23704.134237345877,17.740416,1664.49,53232.879265185877,0.5547087708846081406450536786
2021-02-04 00:00:00+00:00,23704.134237345877,17.740416,1595.67,52011.983836065877,0.5442562946251421277566010261
2021-02-05 00:00:00+00:00,23704.134237345877,17.740416,1719.19,54203.280020385877,0.5626808151013971500079547801
2021-02-06 00:00:00+00:00,23704.134237345877,17.740416,1676.35,53443.280598945877,0.5564618419436358333551692790
2021-02-07 00:00:00+00:00,23704.134237345877,17.740416,1611.62,52294.943471265877,0.5467222514473045452267058443
2021-02-08 00:00:00+00:00,23704.134237345877,17.740416,1750.15,54752.523299745877,0.5670677293249808078266093738
2021-02-09 00:00:00+00:00,23704.134237345877,17.740416,1769.13,55089.236395425877,0.5697138717407588050022137335
2021-02-10 00:00:00+00:00,23704.134237345877,17.740416,1740.78,54586.295601825877,0.5657493519938915083739342326
2021-02-11 00:00:00+00:00,23704.134237345877,17.740416,1785.62,55381.775855265877,0.5719867434497947426032714552
2021-02-12 00:00:00+00:00,23704.134237345877,17.740416,1840.26,56351.112185505877,0.5793493097472024723487365621
2021-02-13 00:00:00+00:00,23704.134237345877,17.740416,1814.96,55902.279660705877,0.5759719571148779631508076014
2021-02-14 00:00:00+00:00,23704.134237345877,17.740416,1800.42,55644.334012065877,0.5740063268219565762678455465
2021-02-15 00:00:00+00:00,23704.134237345877,17.740416,1779.25,55268.769405345877,0.5711115971571986483984220275
2021-02-16 00:00:00+00:00,23704.134237345877,17.740416,1781.99,55317.378145185877,0.5714884719385641345150103826
2021-02-17 00:00:00+00:00,23704.134237345877,17.740416,1849.88,56521.774987425877,0.5806194295451758215889517772
2021-02-18 00:00:00+00:00,23704.134237345877,17.740416,1939.61,58113.622515105877,0.5921070962116619564336996635
2021-02-19 00:00:00+00:00,23699.063220663081,17.743028,1955.0,58386.682960663081,0.5941015653067690992524029188
2021-02-20 00:00:00+00:00,23699.063220663081,17.743028,1913.0,57641.475784663081,0.5888539823442758873644520635
2021-02-21 00:00:00+00:00,23699.063220663081,17.743028,1933.53,58005.740149503081,0.5914358965236631970511049878
2021-02-22 00:00:00+00:00,23699.063220663081,17.743028,1777.58,55238.714932903081,0.5709700479192959332357227674
2021-02-23 00:00:00+00:00,23699.063220663081,17.743028,1577.89,51695.609671583081,0.5415652630615867601158170105
2021-02-24 00:00:00+00:00,23699.063220663081,17.743028,1623.39,52502.917445583081,0.5486143556645952666237542284
2021-02-25 00:00:00+00:00,23699.063220663081,17.743028,1481.75,49989.794959663081,0.5259219758795584607093048368
2021-02-26 00:00:00+00:00,23699.063220663081,17.743028,1444.59,49330.464039183081,0.5195856418087012867053646805
2021-02-27 00:00:00+00:00,23699.063220663081,17.743028,1458.13,49570.704638303081,0.5219139329653403464150073533
2021-02-28 00:00:00+00:00,23699.063220663081,17.743028,1419.18,48879.613697703081,0.5151544493123370989848891547
2021-03-01 00:00:00+00:00,23699.063220663081,17.743028,1569.86,51553.133156743081,0.5402982947979510889148652486
2021-03-02 00:00:00+00:00,23699.063220663081,17.743028,1486.78,50079.042390503081,0.5267668451831791028933530906
2021-03-03 00:00:00+00:00,23699.063220663081,17.743028,1567.69,51514.630785983081,0.5399547107476989128342724160
2021-03-04 00:00:00+00:00,23699.063220663081,17.743028,1539.23,51009.664209103081,0.5354005248198870843600271625
2021-03-05 00:00:00+00:00,23699.063220663081,17.743028,1528.31,50815.910343343081,0.5336290728526193866371418100
2021-03-06 00:00:00+00:00,38090.140148878041,8.313018,1650.35,51809.529405178041,0.2648043596190015223128829605
2021-03-07 00:00:00+00:00,38090.140148878041,8.313018,1726.16,52439.739299758041,0.2736397881166851950671868621
2021-03-08 00:00:00+00:00,2576.003481698417,28.856806,1833.18,55475.723104778417,0.9535652112756952560359078240
2021-03-09 00:00:00+00:00,2576.003481698417,28.856806,1870.51,56552.947672758417,0.9544497044326607371984572147
2021-03-10 00:00:00+00:00,2576.003481698417,28.856806,1795.12,54377.433068418417,0.9526273430660609741637524839
2021-03-11 00:00:00+00:00,2576.003481698417,28.856806,1825.78,55262.182740378417,0.9533857811262998008186082193
2021-03-12 00:00:00+00:00,28978.278442862915,14.377163,1766.1,54369.786017162915,0.4670150360033541539661843241
2021-03-13 00:00:00+00:00,28978.278442862915,14.377163,1922.35,56616.217735912915,0.4881629398482167740265856384
2021-03-14 00:00:00+00:00,2796.820370186595,27.978987,1848.1,54504.786244886595,0.9486867014280056794556362723
2021-03-15 00:00:00+00:00,2796.820370186595,27.978987,1793.48,52976.573974946595,0.9472064695706964233054186106
2021-03-16 00:00:00+00:00,2796.820370186595,27.978987,1805.12,53302.249383626595,0.9475290367193073219057259918
2021-03-17 00:00:00+00:00,2796.820370186595,27.978987,1823.58,53818.741483646595,0.9480325943512365663293424247
2021-03-18 00:00:00+00:00,2796.820370186595,27.978987,1776.08,52489.739601146595,0.9467168175830405382796635866
2021-03-19 00:00:00+00:00,2796.820370186595,27.978987,1809.1,53413.605751886595,0.9476384278721379913612846447
2021-03-20 00:00:00+00:00,2796.820370186595,27.978987,1806.1,53329.668790886595,0.9475560146238047088987857159
2021-03-21 00:00:00+00:00,2796.820370186595,27.978987,1782.98,52682.794611446595,0.9469120727020255869867874744
2021-03-22 00:00:00+00:00,2796.820370186595,27.978987,1680.97,49828.658147576595,0.9438712485111819593118672194
2021-03-23 00:00:00+00:00,2796.820370186595,27.978987,1668.08,49468.009005146595,0.9434620388725243214872234031
2021-03-24 00:00:00+00:00,2796.820370186595,27.978987,1581.84,47055.101166266595,0.9405628656433192003146020676
2021-03-25 00:00:00+00:00,2796.820370186595,27.978987,1585.74,47164.219215566595,0.9407003780259018514383438869
2021-03-26 00:00:00+00:00,2796.820370186595,27.978987,1698.84,50328.642645266595,0.9444288535675492583073051643
2021-03-27 00:00:00+00:00,2796.820370186595,27.978987,1712.63,50714.472875996595,0.9448516328460086668496962465
2021-03-28 00:00:00+00:00,2796.820370186595,27.978987,1687.01,49997.651229056595,0.9440609648366602247393558099
2021-03-29 00:00:00+00:00,2796.820370186595,27.978987,1816.74,53627.365212566595,0.9478471418631021769143125737
2021-03-30 00:00:00+00:00,2796.820370186595,27.978987,1840.46,54291.026784206595,0.9484846661437577096754809163
2021-03-31 00:00:00+00:00,2796.820370186595,27.978987,1919.37,56498.848648376595,0.9504977457577455039511119815
2021-04-01 00:00:00+00:00,2796.820370186595,27.978987,1968.05,57860.865735536595,0.9516630051307914877980151076
2021-04-02 00:00:00+00:00,2796.820370186595,27.978987,2133.69,62495.305142216595,0.9552475123719766054143925493
2021-04-03 00:00:00+00:00,2796.820370186595,27.978987,2008.52,58993.175339426595,0.9525907809828061429583228458
2021-04-04 00:00:00+00:00,2796.820370186595,27.978987,2075.69,60872.523896216595,0.9540544700437429119352786874
2021-04-05 00:00:00+00:00,2796.820370186595,27.978987,2107.38,61759.177994246595,0.9547140933377198906076713700
2021-04-06 00:00:00+00:00,2796.820370186595,27.978987,2112.21,61894.316501456595,0.9548129694570457725751558209
2021-04-07 00:00:00+00:00,32456.055945664191,13.918973,1963.47,59785.541861974191,0.4571253360788314727777763026
2021-04-08 00:00:00+00:00,32456.055945664191,13.918973,2080.46,61413.922513244191,0.4715195737796279777541324633
2021-04-09 00:00:00+00:00,32456.055945664191,13.918973,2066.87,61224.763670174191,0.4698867908987087471105719504
2021-04-10 00:00:00+00:00,3023.248721036461,28.138563,2133.49,63056.591495906461,0.9520549929941467617063676292
2021-04-11 00:00:00+00:00,3023.248721036461,28.138563,2151.36,63559.427616716461,0.9524342991370593964161661668
2021-04-12 00:00:00+00:00,3023.248721036461,28.138563,2137.69,63174.773460506461,0.9521446844138438142170914600
2021-04-13 00:00:00+00:00,3023.248721036461,28.138563,2299.19,67719.151385006461,0.9553560749181828726839701171
2021-04-14 00:00:00+00:00,3023.248721036461,28.138563,2432.6,71473.117074836461,0.9577008972776303312924999695
2021-04-15 00:00:00+00:00,3023.248721036461,28.138563,2514.04,73764.721645556461,0.9590149782498558436224694435
2021-04-16 00:00:00+00:00,3023.248721036461,28.138563,2422.67,71193.701144246461,0.9575348847939367779802865638
2021-04-17 00:00:00+00:00,37327.756687336699,13.958640,2317.6,69678.300751336699,0.4642843426887012824205870963
2021-04-18 00:00:00+00:00,37327.756687336699,13.958640,2235.64,68534.250616936699,0.4553415795559602533229734846
2021-04-19 00:00:00+00:00,3382.648679328244,29.122479,2161.12,66319.820495808244,0.9489949059867849776695270436
2021-04-20 00:00:00+00:00,3382.648679328244,29.122479,2330.03,71238.898423698244,0.9525168306335997993694169386
2021-04-21 00:00:00+00:00,3382.648679328244,29.122479,2357.06,72026.079031068244,0.9530357791950725496418784983
2021-04-22 00:00:00+00:00,3382.648679328244,29.122479,2397.94,73216.605972588244,0.9537994334154920721362543806
2021-04-23 00:00:00+00:00,38393.145745743676,14.503235,2367.39,72727.959252393676,0.4720992292317063386509029002
2021-04-24 00:00:00+00:00,38393.145745743676,14.503235,2213.35,70493.880932993676,0.4553691010112297480393679578
2021-04-25 00:00:00+00:00,3479.896663442812,30.251501,2320.49,73678.202218932812,0.9527689797166549759759577585
2021-04-26 00:00:00+00:00,3479.896663442812,30.251501,2532.6,80094.848096042812,0.9565528027561770139924032218
2021-04-27 00:00:00+00:00,39991.730497178860,15.812917,2666.13,82151.022898388860,0.5131925436078389358035410856
2021-04-28 00:00:00+00:00,39991.730497178860,15.812917,2748.24,83449.421513258860,0.5207668337062735115454963147
2021-04-29 00:00:00+00:00,39991.730497178860,15.812917,2757.04,83588.575182858860,0.5215646347638691707660109560
2021-04-30 00:00:00+00:00,39991.730497178860,15.812917,2772.42,83831.777846318860,0.5229526138585293260004408536
2021-05-01 00:00:00+00:00,39991.730497178860,15.812917,2944.77,86557.134091268860,0.5379730288319136692738013690
2021-05-02 00:00:00+00:00,39991.730497178860,15.812917,2949.56,86632.877963698860,0.5383769829978833005245858437
2021-05-03 00:00:00+00:00,39991.730497178860,15.812917,3431.04,94246.481240858860,0.5756687149414638577490659677
2021-05-04 00:00:00+00:00,39991.730497178860,15.812917,3239.01,91209.926789348860,0.5615419077186570165625710873
2021-05-05 00:00:00+00:00,39991.730497178860,15.812917,3524.26,95720.561363598860,0.5822033434878377699816632183
2021-05-06 00:00:00+00:00,39991.730497178860,15.812917,3489.73,95174.541339588860,0.5798064279134710628569480899
2021-05-07 00:00:00+00:00,39991.730497178860,15.812917,3479.53,95013.249586188860,0.5790931194190829585659563991
2021-05-08 00:00:00+00:00,39991.730497178860,15.812917,3910.26,101824.347325598860,0.6072478582229531963034814596
2021-05-09 00:00:00+00:00,39991.730497178860,15.812917,3923.95,102040.826159328860,0.6080810788935120430358596351
2021-05-10 00:00:00+00:00,39991.730497178860,15.812917,3945.88,102387.603429138860,0.6094084717506194881678883385
2021-05-11 00:00:00+00:00,39991.730497178860,15.812917,4173.45,105986.148950828860,0.6226702178250424445038158481
2021-05-12 00:00:00+00:00,39991.730497178860,15.812917,3823.21,100447.832900748860,0.6018656715402297830281053632
2021-05-13 00:00:00+00:00,39909.404385333955,15.834496,3717.91,98780.635408693955,0.5959794728975653185736123288
2021-05-14 00:00:00+00:00,39909.404385333955,15.834496,4075.01,104435.133930293955,0.6178546157467294641351179061
2021-05-15 00:00:00+00:00,39909.404385333955,15.834496,3646.68,97652.744258613955,0.5913130277256540712961833992
2021-05-16 00:00:00+00:00,39909.404385333955,15.834496,3582.1,96630.152506933955,0.5869880844649381158410561344
2021-05-17 00:00:00+00:00,72426.843531348172,6.744185,3282.51,94564.698235698172,0.2341027372516159547149171399
2021-05-18 00:00:00+00:00,72426.843531348172,6.744185,3375.07,95188.939999298172,0.2391254327248294279167138702
2021-05-19 00:00:00+00:00,47562.224764199952,14.101740,2438.92,81955.240484999952,0.4196560893149335762514941404
2021-05-20 00:00:00+00:00,47562.224764199952,14.101740,2768.62,86604.584162999952,0.4508116952021582982375340212
2021-05-21 00:00:00+00:00,47556.410223851314,14.103838,2430.98,81842.558325091314,0.4189281078561854206157505315
2021-05-22 00:00:00+00:00,47556.410223851314,14.103838,2294.87,79922.884934911314,0.4049713012414285328353043307
2021-05-23 00:00:00+00:00,47556.410223851314,14.103838,2096.39,77123.555168671314,0.3833737290786952100848627830
2021-05-24 00:00:00+00:00,47556.410223851314,14.103838,2648.43,84909.437898191314,0.4399160870565092984537810676
2021-05-25 00:00:00+00:00,47556.410223851314,14.103838,2705.11,85708.843436031314,0.4451399841914215057024542186
2021-05-26 00:00:00+00:00,47556.410223851314,14.103838,2884.94,88245.136623571314,0.4610874656275568909508453236
2021-05-27 00:00:00+00:00,47556.410223851314,14.103838,2742.23,86232.377902591314,0.4485086532396061091078767913
2021-05-28 00:00:00+00:00,47556.410223851314,14.103838,2412.1,81576.277863651314,0.4170313788606741843311495789
2021-05-29 00:00:00+00:00,47556.410223851314,14.103838,2278.74,79695.390027971314,0.4032727588489112235298782729
2021-05-30 00:00:00+00:00,47556.410223851314,14.103838,2385.98,81207.885615091314,0.4143867942916415345000859132
2021-05-31 00:00:00+00:00,47556.410223851314,14.103838,2706.15,85723.511427551314,0.4452349252626764513325975190
2021-06-01 00:00:00+00:00,47556.410223851314,14.103838,2634.57,84713.958703511314,0.4386236819566768106283052656
2021-06-02 00:00:00+00:00,47556.410223851314,14.103838,2706.22,85724.498696211314,0.4452413143600789529532428760
2021-06-03 00:00:00+00:00,47556.410223851314,14.103838,2857.25,87854.601349351314,0.4586918670913478226430540630
2021-06-04 00:00:00+00:00,47556.410223851314,14.103838,2689.51,85488.823563231314,0.4437119585734328163012826763
2021-06-05 00:00:00+00:00,47556.410223851314,14.103838,2627.73,84617.488451591314,0.4379836710580486444640384783
2021-06-06 00:00:00+00:00,47556.410223851314,14.103838,2711.92,85804.890572811314,0.4457610760135350365070465559
2021-06-07 00:00:00+00:00,47556.410223851314,14.103838,2592.05,84114.263511751314,0.4346213324782024424543673849
2021-06-08 00:00:00+00:00,47556.410223851314,14.103838,2507.23,82917.975972591314,0.4264644105691729513448994788
2021-06-09 00:00:00+00:00,47556.410223851314,14.103838,2610.18,84369.966094691314,0.4363348425377210702694854386
2021-06-10 00:00:00+00:00,47556.410223851314,14.103838,2471.09,82408.263267271314,0.4229169704788757116165848480
2021-06-11 00:00:00+00:00,47556.410223851314,14.103838,2354.01,80756.985914231314,0.4111170732107432929883150087
2021-06-12 00:00:00+00:00,47556.410223851314,14.103838,2370.74,80992.943123971314,0.4128326692479935138447661079
2021-06-13 00:00:00+00:00,47556.410223851314,14.103838,2509.33,82947.594032391314,0.4266692026621004086320125182
2021-06-14 00:00:00+00:00,47556.410223851314,14.103838,2580.77,83955.172219111314,0.4335499652155354697739137501
2021-06-15 00:00:00+00:00,47556.410223851314,14.103838,2543.54,83430.086330371314,0.4299848853621621392403110813
2021-06-16 00:00:00+00:00,47556.410223851314,14.103838,2367.89,80952.747185671314,0.4125411196388795581898910354
2021-06-17 00:00:00+00:00,47556.410223851314,14.103838,2373.28,81028.766872491314,0.4130922626690450764195485113
2021-06-18 00:00:00+00:00,47556.410223851314,14.103838,2234.09,79065.653661271314,0.3985199891271392286437061263
2021-06-19 00:00:00+00:00,47556.410223851314,14.103838,2164.67,78086.565227311314,0.3909783317346101940567863052
2021-06-20 00:00:00+00:00,47562.158215455478,14.101180,2243.47,79197.732510055478,0.3994505056136971374617649809
2021-06-21 00:00:00+00:00,47562.158215455478,14.101180,1885.49,74149.792093655478,0.3585665330607843101082393108
2021-06-22 00:00:00+00:00,47562.158215455478,14.101180,1879.28,74062.223765855478,0.3578081267743028188200847897
2021-06-23 00:00:00+00:00,47562.158215455478,14.101180,1968.14,75315.254620655478,0.3684923664533242384014383079
2021-06-24 00:00:00+00:00,47562.158215455478,14.101180,1989.52,75616.737849055478,0.3710101814971435888072768145
2021-06-25 00:00:00+00:00,47562.158215455478,14.101180,1808.82,73068.654623055478,0.3490757635977040613532787445
2021-06-26 00:00:00+00:00,47562.158215455478,14.101180,1829.64,73362.241190655478,0.3516806814577835970591537884
2021-06-27 00:00:00+00:00,47562.158215455478,14.101180,1982.28,75514.645305855478,0.3701598143934145890815073130
2021-06-28 00:00:00+00:00,47562.158215455478,14.101180,2084.41,76954.798819255478,0.3819468188440696882515665896
2021-06-29 00:00:00+00:00,47562.158215455478,14.101180,2165.33,78095.866304855478,0.3909772633830379636770026277
2021-06-30 00:00:00+00:00,47562.158215455478,14.101180,2275.68,79651.931517855478,0.4028750174778432584359207185
2021-07-01 00:00:00+00:00,3925.943774780710,33.251307,2106.41,73966.829352650710,0.9469229138366464529693141819
2021-07-02 00:00:00+00:00,3925.943774780710,33.251307,2154.13,75553.581722690710,0.9480376219728356471910948260
2021-07-03 00:00:00+00:00,3925.943774780710,33.251307,2226.99,77976.271950710710,0.9496520713729129849270071062
2021-07-04 00:00:00+00:00,3925.943774780710,33.251307,2322.69,81158.422030610710,0.9516261692064447397216593238
2021-07-05 00:00:00+00:00,3925.943774780710,33.251307,2196.53,76963.437139490710,0.9489894952629880799531361367
2021-07-06 00:00:00+00:00,3925.943774780710,33.251307,2322.5,81152.104282280710,0.9516224032697334914830219129
2021-07-07 00:00:00+00:00,3925.943774780710,33.251307,2316.57,80954.924031770710,0.9515045709481491726523259734
2021-07-08 00:00:00+00:00,3925.943774780710,33.251307,2116.33,74296.682318090710,0.9471585587365484446386798578
2021-07-09 00:00:00+00:00,38959.980158250742,16.675534,2146.99,74762.184900910742,0.4788811989659208418759224802
2021-07-10 00:00:00+00:00,38959.980158250742,16.675534,2110.69,74156.863016710742,0.4746274508743529661215714204
2021-07-11 00:00:00+00:00,38959.980158250742,16.675534,2140.45,74653.126908550742,0.4781199157809385738549079548
2021-07-12 00:00:00+00:00,38959.980158250742,16.675534,2031.58,72837.661521970742,0.4651121501683732796334409241
2021-07-13 00:00:00+00:00,38959.980158250742,16.675534,1940.15,71313.017448350742,0.4536764597505925551135873690
2021-07-14 00:00:00+00:00,38959.980158250742,16.675534,1994.58,72220.666763970742,0.4605425025280022012140580725
2021-07-15 00:00:00+00:00,38959.980158250742,16.675534,1919.51,70968.834426590742,0.4510269124040574595826687036
2021-07-16 00:00:00+00:00,38959.980158250742,16.675534,1876.26,70247.617581090742,0.4453907264075245757010170170
2021-07-17 00:00:00+00:00,38959.980158250742,16.675534,1899.59,70636.657789310742,0.4484453061969977234232719812
2021-07-18 00:00:00+00:00,38959.980158250742,16.675534,1891.64,70504.087294010742,0.4474082049203357770519605097
2021-07-19 00:00:00+00:00,38959.980158250742,16.675534,1818.73,69288.274110070742,0.4377117822799387287711148990
2021-07-20 00:00:00+00:00,38959.980158250742,16.675534,1786.03,68742.984148270742,0.4332515435434323329078932444
2021-07-21 00:00:00+00:00,38959.980158250742,16.675534,1995.5,72236.008255250742,0.4606570725699147220176040228
2021-07-22 00:00:00+00:00,38959.980158250742,16.675534,2024.56,72720.599273290742,0.4642511125102870644360089158
2021-07-23 00:00:00+00:00,38959.980158250742,16.675534,2124.25,74382.983257750742,0.4762245549731820730696230691
2021-07-24 00:00:00+00:00,38959.980158250742,16.675534,2184.75,75391.853064750742,0.4832335514450118235539364210
2021-07-25 00:00:00+00:00,38959.980158250742,16.675534,2189.79,75475.897756110742,0.4838089864907048171715694162
2021-07-26 00:00:00+00:00,38959.980158250742,16.675534,2228.08,76114.403952970742,0.4881391939648745603116872417
2021-07-27 00:00:00+00:00,38959.980158250742,16.675534,2299.49,77305.203835910742,0.4960238350713385744014118861
2021-07-28 00:00:00+00:00,38959.980158250742,16.675534,2300.9,77328.716338850742,0.4961770736303190452170156017
2021-07-29 00:00:00+00:00,38959.980158250742,16.675534,2382.92,78696.443637530742,0.5049334079479224972134035714
2021-07-30 00:00:00+00:00,38959.980158250742,16.675534,2461.81,80011.976514790742,0.5130731441055110980592582233
2021-07-31 00:00:00+00:00,38959.980158250742,16.675534,2531.05,81166.590488950742,0.5199997939601221993353562374
2021-08-01 00:00:00+00:00,38959.980158250742,16.675534,2555.69,81577.475646710742,0.5224174338640296688768247084
2021-08-02 00:00:00+00:00,38959.980158250742,16.675534,2606.93,82431.930008870742,0.5273678518256439688766292791
2021-08-03 00:00:00+00:00,38959.980158250742,16.675534,2509.04,80799.561985610742,0.5178194138578503326962265434
2021-08-04 00:00:00+00:00,38959.980158250742,16.675534,2724.78,84397.141690770742,0.5383732271289560202423980240
2021-08-05 00:00:00+00:00,38959.980158250742,16.675534,2826.99,86101.548020910742,0.5475112694978623741054891411
2021-08-06 00:00:00+00:00,38959.980158250742,16.675534,2891.58,87178.620761970742,0.5531016685314898449599527094
2021-08-07 00:00:00+00:00,38959.980158250742,16.675534,3160.31,91659.837013790742,0.5749503661850392319281191793
2021-08-08 00:00:00+00:00,38959.980158250742,16.675534,3011.85,89184.187236150742,0.5631514804851151474312541300
2021-08-09 00:00:00+00:00,38959.980158250742,16.675534,3160.52,91663.338875930742,0.5749666045769473879261726035
2021-08-10 00:00:00+00:00,38959.980158250742,16.675534,3141.66,91348.838304690742,0.5735032773126119118908607311
2021-08-11 00:00:00+00:00,38959.980158250742,16.675534,3160.5,91663.005365250742,0.5749650581168878971263660060
2021-08-12 00:00:00+00:00,38959.980158250742,16.675534,3045.96,89752.989700890742,0.5659199733837491466991011277
2021-08-13 00:00:00+00:00,38959.980158250742,16.675534,3322.32,94361.440277130742,0.5871196958860640854599157509
2021-08-14 00:00:00+00:00,38959.980158250742,16.675534,3263.16,93374.915685690742,0.5827575331966680200596388591
2021-08-15 00:00:00+00:00,38959.980158250742,16.675534,3307.09,94107.471894310742,0.5860054534032587928208718283
2021-08-16 00:00:00+00:00,38959.980158250742,16.675534,3146.53,91430.048155270742,0.5738820995468896678566391815
2021-08-17 00:00:00+00:00,38959.980158250742,16.675534,3011.72,89182.019416730742,0.5631408616551043868153399935
2021-08-18 00:00:00+00:00,38959.980158250742,16.675534,3014.55,89229.211177950742,0.5633719087737708541628947763
2021-08-19 00:00:00+00:00,38959.980158250742,16.675534,3184.12,92056.881478330742,0.5767836197294872851639249825
2021-08-20 00:00:00+00:00,38959.980158250742,16.675534,3284.82,93736.107752130742,0.5843652879072618452915643394
2021-08-21 00:00:00+00:00,38959.980158250742,16.675534,3223.43,92712.396719870742,0.5797759357255341233497561888
2021-08-22 00:00:00+00:00,38959.980158250742,16.675534,3238.0,92955.359250250742,0.5808742984536886765531716795
2021-08-23 00:00:00+00:00,38959.980158250742,16.675534,3321.28,94344.097721770742,0.5870437992512553427473304115
2021-08-24 00:00:00+00:00,38959.980158250742,16.675534,3170.62,91831.761769330742,0.5757461317565368397118481672
2021-08-25 00:00:00+00:00,38959.980158250742,16.675534,3226.87,92769.760556830742,0.5800357797152676302557964655
2021-08-26 00:00:00+00:00,38959.980158250742,16.675534,3093.2,90540.741927050742,0.5696966986459968646079250813
2021-08-27 00:00:00+00:00,38959.980158250742,16.675534,3273.45,93546.506930550742,0.5835228760901273499232342858
2021-08-28 00:00:00+00:00,38959.980158250742,16.675534,3244.48,93063.416710570742,0.5813609521836369818731621622
2021-08-29 00:00:00+00:00,38959.980158250742,16.675534,3223.47,92713.063741230742,0.5797789590149773394213149617
2021-08-30 00:00:00+00:00,38959.980158250742,16.675534,3229.64,92815.951786010742,0.5802447811118303259820357871
2021-08-31 00:00:00+00:00,38959.980158250742,16.675534,3429.2,96143.721351050742,0.5947735368387115844081587395
2021-09-01 00:00:00+00:00,38959.980158250742,16.675534,3826.82,102774.247180130742,0.6209169006125997495492441075
2021-09-02 00:00:00+00:00,38959.980158250742,16.675534,3785.82,102090.550286130742,0.6183781941711841934946867433
2021-09-03 00:00:00+00:00,38959.980158250742,16.675534,3938.11,104630.067358990742,0.6276406854964816624291123661
2021-09-04 00:00:00+00:00,38959.980158250742,16.675534,3885.52,103753.101025930742,0.6244933426277680534252344378
2021-09-05 00:00:00+00:00,77765.439169813411,6.675567,3950.29,104135.864734243411,0.2532309654481460120072574470
2021-09-06 00:00:00+00:00,77765.439169813411,6.675567,3926.77,103978.855398403411,0.2521033351266579282976655623
2021-09-07 00:00:00+00:00,77765.439169813411,6.675567,3434.57,100693.141321003411,0.2276987474062203045406626021
2021-09-08 00:00:00+00:00,50311.831265818307,14.657879,3499.0,101599.749886818307,0.5048035913290586354700968896
2021-09-09 00:00:00+00:00,50311.831265818307,14.657879,3424.93,100514.040789288307,0.4994546943815635094199111451
2021-09-10 00:00:00+00:00,50311.831265818307,14.657879,3208.86,97346.912873758307,0.4831697299834886877149198761
2021-09-11 00:00:00+00:00,50311.831265818307,14.657879,3267.21,98202.200113408307,0.4876710378411487036492297584
2021-09-12 00:00:00+00:00,50311.831265818307,14.657879,3404.21,100210.329536408307,0.4979376727072924388020036971
2021-09-13 00:00:00+00:00,50311.831265818307,14.657879,3285.35,98468.094038468307,0.4890544824990407758628980087
2021-09-14 00:00:00+00:00,50311.831265818307,14.657879,3434.37,100652.411167048307,0.5001428114591511383421168389
2021-09-15 00:00:00+00:00,50311.831265818307,14.657879,3613.55,103278.809926268307,0.5128542698958635714499513968
2021-09-16 00:00:00+00:00,50311.831265818307,14.657879,3567.98,102610.850380238307,0.5096831272776607013534804165
2021-09-17 00:00:00+00:00,50311.831265818307,14.657879,3399.81,100145.834868808307,0.4976143408088101500355635649
2021-09-18 00:00:00+00:00,50311.831265818307,14.657879,3435.64,100671.026673378307,0.5002352421709940606462182568
2021-09-19 00:00:00+00:00,75470.524463803823,7.325492,3328.62,99854.303644843823,0.2441935729457075362056313278
2021-09-20 00:00:00+00:00,75470.524463803823,7.325492,2977.28,97280.565285563823,0.2241973076301248839049656854
2021-09-21 00:00:00+00:00,48605.552959584467,16.336983,2765.9,93792.014239284467,0.4817730128326192186187893359
2021-09-22 00:00:00+00:00,48612.488398977107,16.334473,3076.92,98872.355062137107,0.5083308335436512319818715173
2021-09-23 00:00:00+00:00,74121.064696221455,8.033386,3152.5,99446.314061221455,0.2546625242380445567059845565
2021-09-24 00:00:00+00:00,74121.064696221455,8.033386,2928.53,97647.076598801455,0.2409289936988115038023856419
2021-09-25 00:00:00+00:00,48789.406726761729,16.673027,2921.73,97503.489903471729,0.4996137392101231495795493405
2021-09-26 00:00:00+00:00,48789.406726761729,16.673027,3059.37,99798.365339751729,0.5111201815714719833766661064
2021-09-27 00:00:00+00:00,48789.406726761729,16.673027,2925.59,97567.847787691729,0.4999438049209838554595912987
2021-09-28 00:00:00+00:00,48782.477748624921,16.675393,2804.91,95555.454328254921,0.4894851571628144679721552333
2021-09-29 00:00:00+00:00,48782.477748624921,16.675393,2850.45,96314.851725474921,0.4935103270711661533418306750
2021-09-30 00:00:00+00:00,48782.477748624921,16.675393,3000.61,98818.828738354921,0.5063443032927712110030881223
2021-10-01 00:00:00+00:00,48782.477748624921,16.675393,3309.91,103976.527793254921,0.5308318253748275540882931509
2021-10-02 00:00:00+00:00,48782.477748624921,16.675393,3387.76,105274.707138304921,0.5366173027246058860029911855
2021-10-03 00:00:00+00:00,48782.477748624921,16.675393,3417.73,105774.468666514921,0.5388066859269602215831546053
2021-10-04 00:00:00+00:00,48782.477748624921,16.675393,3386.31,105250.527818454921,0.5365108493064367764662820484
2021-10-05 00:00:00+00:00,48782.477748624921,16.675393,3515.27,107400.986499734921,0.5457911576189728739062418175
2021-10-06 00:00:00+00:00,48782.477748624921,16.675393,3574.89,108395.173430394921,0.5499571041329603820393897326
2021-10-07 00:00:00+00:00,48782.477748624921,16.675393,3587.47,108604.949874334921,0.5508263867800651941739437130
2021-10-08 00:00:00+00:00,81411.241517605770,7.568352,3563.13,108378.263579365770,0.2488231603933380818705332021
2021-10-09 00:00:00+00:00,81411.241517605770,7.568352,3574.82,108466.737614245770,0.2494358795307455972609366126
2021-10-10 00:00:00+00:00,5324.558807020377,28.824719,3414.22,103738.490911200377,0.9486732575319784400856726933
2021-10-11 00:00:00+00:00,54398.829951937233,14.432515,3542.12,105520.529983737233,0.4844716003575687949513924731
2021-10-12 00:00:00+00:00,54398.829951937233,14.432515,3491.46,104789.378773837233,0.4808745830114703349262650338
2021-10-13 00:00:00+00:00,54398.829951937233,14.432515,3607.42,106462.973213237233,0.4890352175025159534123692709
2021-10-14 00:00:00+00:00,5259.346135354044,28.036648,3790.82,111541.232106714044,0.9528484127706039014726645063
2021-10-15 00:00:00+00:00,5259.346135354044,28.036648,3868.99,113732.856880874044,0.9537570207977560688046777401
2021-10-16 00:00:00+00:00,5259.346135354044,28.036648,3829.96,112638.586509434044,0.9533077757956990386913390489
2021-10-17 00:00:00+00:00,5259.346135354044,28.036648,3846.85,113112.125494154044,0.9535032507577990659346867281
2021-10-18 00:00:00+00:00,5259.346135354044,28.036648,3744.96,110255.471429434044,0.9522985474809733809936704905
2021-10-19 00:00:00+00:00,5259.346135354044,28.036648,3877.03,113958.271530794044,0.9538484915161875510099931082
2021-10-20 00:00:00+00:00,5259.346135354044,28.036648,4161.15,121924.043960554044,0.9568637492285312103826188382
2021-10-21 00:00:00+00:00,63936.982742915772,13.917736,4052.99,120345.427573555772,0.4687211302329110544146406193
2021-10-22 00:00:00+00:00,63936.982742915772,13.917736,3972.2,119221.013682115772,0.4637104586831163940109446775
2021-10-23 00:00:00+00:00,63936.982742915772,13.917736,4167.12,121933.858783235772,0.4756420949772629727240001962
2021-10-24 00:00:00+00:00,63936.982742915772,13.917736,4082.33,120753.773947795772,0.4705177266711598983331395701
2021-10-25 00:00:00+00:00,63936.982742915772,13.917736,4220.37,122674.978225235772,0.4788099116225224015483368931
2021-10-26 00:00:00+00:00,6058.597828483796,27.614018,4131.52,120146.465475843796,0.9495732329329162390354882557
2021-10-27 00:00:00+00:00,6058.597828483796,27.614018,3922.0,114360.776424483796,0.9470220645757464878791133884
2021-10-28 00:00:00+00:00,6058.597828483796,27.614018,4286.02,124412.831256843796,0.9513024680229635074280516740
2021-10-29 00:00:00+00:00,6058.597828483796,27.614018,4418.89,128081.905828503796,0.9526974728452588779663770538
2021-10-30 00:00:00+00:00,6058.597828483796,27.614018,4322.68,125425.161156723796,0.9516955148982162061484378126
2021-10-31 00:00:00+00:00,6058.597828483796,27.614018,4287.21,124445.691938263796,0.9513153269179506598824914984
2021-11-01 00:00:00+00:00,6058.597828483796,27.614018,4319.43,125335.415598223796,0.9516609268053549578275414335
2021-11-02 00:00:00+00:00,6058.597828483796,27.614018,4589.89,132803.902906503796,0.9543793691609413632403761697
2021-11-03 00:00:00+00:00,6058.597828483796,27.614018,4603.35,133175.587588783796,0.9545066934700421159870704431
2021-11-04 00:00:00+00:00,6058.597828483796,27.614018,4532.32,131214.163890243796,0.9538266476052721878043620788
2021-11-05 00:00:00+00:00,6058.597828483796,27.614018,4474.24,129610.341724803796,0.9532552900651418485482119123
2021-11-06 00:00:00+00:00,6058.597828483796,27.614018,4518.0,130818.731152483796,0.9536870769567255189892826979
2021-11-07 00:00:00+00:00,6058.597828483796,27.614018,4612.59,133430.741115103796,0.9545936882471681907628044649
2021-11-08 00:00:00+00:00,6058.597828483796,27.614018,4807.98,138826.244092123796,0.9563584114220984960398880219
2021-11-09 00:00:00+00:00,6058.597828483796,27.614018,4732.33,136737.243630423796,0.9556916779391933811914304243
2021-11-10 00:00:00+00:00,71701.608498059894,13.724780,4628.78,135230.595666459894,0.4697826468581958614605470984
2021-11-11 00:00:00+00:00,71701.608498059894,13.724780,4719.0,136468.845318059894,0.4745935723941300937312223619
2021-11-12 00:00:00+00:00,6739.105253935694,27.473066,4665.46,134913.595754295694,0.9500487314398695904941525572
2021-11-13 00:00:00+00:00,6739.105253935694,27.473066,4644.28,134331.716216415694,0.9498323594475735778324748531
2021-11-14 00:00:00+00:00,70441.090637606186,13.738958,4626.5,134004.379824606186,0.4743374005401602977722397939
2021-11-15 00:00:00+00:00,70441.090637606186,13.738958,4563.78,133142.672378846186,0.4709352803346771138284409065
2021-11-16 00:00:00+00:00,6574.210019577630,27.715114,4209.76,123248.188332217630,0.9466587695240052305679232720
2021-11-17 00:00:00+00:00,6574.210019577630,27.715114,4287.8,125411.075828777630,0.9475787128359115025319947703
2021-11-18 00:00:00+00:00,65767.693749104376,13.892920,3996.9,121296.305697104376,0.4577931011902664789142128356
2021-11-19 00:00:00+00:00,65767.693749104376,13.892920,4294.76,125434.450848304376,0.4756807774552996796780082134
2021-11-20 00:00:00+00:00,65767.693749104376,13.892920,4412.17,127065.618585504376,0.4824115722157500814629360334
2021-11-21 00:00:00+00:00,65767.693749104376,13.892920,4258.31,124928.053914304376,0.4735554450066246077797736279
2021-11-22 00:00:00+00:00,65777.848434729306,13.890533,4085.97,122534.149556739306,0.4631876201640348096111856454
2021-11-23 00:00:00+00:00,65777.848434729306,13.890533,4339.44,126054.982956249306,0.4781812912738305898708203574
2021-11-24 00:00:00+00:00,6225.439437186931,27.596208,4269.36,124043.586024066931,0.9498124841700475224937537198
2021-11-25 00:00:00+00:00,6225.439437186931,27.596208,4524.85,131094.141205986931,0.9525116883186643755620609716
2021-11-26 00:00:00+00:00,6225.439437186931,27.596208,4041.2,117747.235206786931,0.9471287845845904183991448928
2021-11-27 00:00:00+00:00,6225.439437186931,27.596208,4095.29,119239.914097506931,0.9477906413778849532608756069
2021-11-28 00:00:00+00:00,6225.439437186931,27.596208,4294.78,124745.081631426931,0.9500947103022411995108789658
2021-11-29 00:00:00+00:00,6225.439437186931,27.596208,4444.53,128877.613779426931,0.9516949510886993618103397651
2021-11-30 00:00:00+00:00,6225.439437186931,27.596208,4630.26,134003.057491266931,0.9535425567614929453578664385
2021-12-01 00:00:00+00:00,6225.439437186931,27.596208,4582.95,132697.480890786931,0.9530854738507763355248810762
2021-12-02 00:00:00+00:00,6225.439437186931,27.596208,4511.21,130717.728928866931,0.9523749418827904549567222312
2021-12-03 00:00:00+00:00,6225.439437186931,27.596208,4215.73,122563.601389026931,0.9492064579807272859613288189
2021-12-04 00:00:00+00:00,6225.439437186931,27.596208,4117.25,119845.926825186931,0.9480546431397067148302163542
2021-12-05 00:00:00+00:00,6225.439437186931,27.596208,4196.44,122031.270536706931,0.9489848838760199366073134806
2021-12-06 00:00:00+00:00,6225.439437186931,27.596208,4347.59,126202.437375906931,0.9506710047235948401191885095
2021-12-07 00:00:00+00:00,6225.439437186931,27.596208,4306.4,125065.749568386931,0.9502226672076769349471865979
2021-12-08 00:00:00+00:00,6225.439437186931,27.596208,4436.91,128667.330674466931,0.9516160053639604814344871855
2021-12-09 00:00:00+00:00,6225.439437186931,27.596208,4105.64,119525.534850306931,0.9479154019684276307403482708
2021-12-10 00:00:00+00:00,6225.439437186931,27.596208,3897.94,113793.802448706931,0.9452919288816886502520341455
2021-12-11 00:00:00+00:00,6225.439437186931,27.596208,4089.37,119076.544546146931,0.9477190116583008181062576650
2021-12-12 00:00:00+00:00,6225.439437186931,27.596208,4130.0,120197.778477186931,0.9482067013545637609622215817
2021-12-13 00:00:00+00:00,6225.439437186931,27.596208,3781.93,110592.366358626931,0.9437082355485622915942860279
2021-12-14 00:00:00+00:00,57993.464933396371,13.890098,3858.99,111595.214214416371,0.4803230107881766606855139030
2021-12-15 00:00:00+00:00,57993.464933396371,13.890098,4019.08,113818.880003236371,0.4904758777124905647742426318
2021-12-16 00:00:00+00:00,5623.273869287999,26.902084,3958.11,112104.681570527999,0.9498390808438249767123756815
2021-12-17 00:00:00+00:00,5623.273869287999,26.902084,3875.42,109880.148244567999,0.9488235685961045340456901725
2021-12-18 00:00:00+00:00,5623.273869287999,26.902084,3959.93,112153.643363407999,0.9498609790939463487538084196
2021-12-19 00:00:00+00:00,5623.273869287999,26.902084,3924.14,111190.817777047999,0.9494268143565290441863974579
2021-12-20 00:00:00+00:00,5623.273869287999,26.902084,3944.73,111744.731686607999,0.9496775034991477998827043659
2021-12-21 00:00:00+00:00,5623.273869287999,26.902084,4014.15,113612.274357887999,0.9505046976563973687882697968
2021-12-22 00:00:00+00:00,5623.273869287999,26.902084,3979.51,112680.386168127999,0.9500953621076730062821804223
2021-12-23 00:00:00+00:00,5623.273869287999,26.902084,4111.41,116228.771047727999,0.9516189165677501081180092613
2021-12-24 00:00:00+00:00,5623.273869287999,26.902084,4046.36,114478.790483527999,0.9508793389104061631522176960
2021-12-25 00:00:00+00:00,5623.273869287999,26.902084,4094.83,115782.734495007999,0.9514325353100859106734992874
2021-12-26 00:00:00+00:00,5623.273869287999,26.902084,4063.56,114941.506328327999,0.9510770821706021906148298260
2021-12-27 00:00:00+00:00,5623.273869287999,26.902084,4037.23,114233.174456607999,0.9507737231672220957708377819
2021-12-28 00:00:00+00:00,5623.273869287999,26.902084,3792.75,107656.152960287999,0.9477663494871277651784489020
2021-12-29 00:00:00+00:00,5623.273869287999,26.902084,3630.19,103282.950185247999,0.9455546742303341321460486646
2021-12-30 00:00:00+00:00,5623.273869287999,26.902084,3709.27,105410.366987967999,0.9466535025921135052099933613
2021-12-31 00:00:00+00:00,5623.273869287999,26.902084,3676.23,104521.522132607999,0.9461998471266647994125753489
2022-01-01 00:00:00+00:00,5623.273869287999,26.902084,3765.54,106924.147254647999,0.9474087564533412264123867159
2022-01-02 00:00:00+00:00,5623.273869287999,26.902084,3828.27,108611.714983967999,0.9482258992953196491347960384
2022-01-03 00:00:00+00:00,5623.273869287999,26.902084,3765.89,106933.562984047999,0.9474133872250486902828381762
2022-01-04 00:00:00+00:00,5623.273869287999,26.902084,3785.11,107450.621038527999,0.9476664367786977096340538732
2022-01-05 00:00:00+00:00,5623.273869287999,26.902084,3540.63,100873.599542207999,0.9442542558726172680333750381
2022-01-06 00:00:00+00:00,5623.273869287999,26.902084,3406.81,97273.562661327999,0.9421911389339543196051255598
2022-01-07 00:00:00+00:00,5623.273869287999,26.902084,3199.24,91689.497085447999,0.9386704688319152488961846376
2022-01-08 00:00:00+00:00,36629.413453044059,17.196049,3080.95,89609.580619594059,0.5912332900145873468432466323
2022-01-09 00:00:00+00:00,35843.019856848719,17.450959,3151.97,90847.919096078719,0.6054613004515607434941896932
2022-01-10 00:00:00+00:00,36338.523309599270,17.293550,3082.68,89649.004023599270,0.5946578134874371800260081906
2022-01-11 00:00:00+00:00,35860.298037757288,17.448472,3239.72,92388.461745597288,0.6118530673613451827160506087
2022-01-12 00:00:00+00:00,36954.032661129328,17.110432,3371.26,94637.747645449328,0.6095212155769614951221003887
2022-01-13 00:00:00+00:00,37856.254864324888,16.842489,3240.61,92436.193142614888,0.5904606888568151545388986184
2022-01-14 00:00:00+00:00,36973.332092704002,17.114591,3307.42,93578.472657924002,0.6048948968438502466584074661
2022-01-15 00:00:00+00:00,37430.794443010878,16.976097,3326.04,93893.972108890878,0.6013503997934864975233579063
2022-01-16 00:00:00+00:00,37560.612165054690,16.937021,3346.88,94246.789009534690,0.6014653383973136151369201326
2022-01-17 00:00:00+00:00,37698.605546905902,16.895737,3209.67,91928.345723695902,0.5899131519214478343817108461
2022-01-18 00:00:00+00:00,36770.200667850318,17.184613,3159.85,91071.000055900318,0.5962468772135982909735580109
2022-01-19 00:00:00+00:00,36427.958516041273,17.292782,3084.02,89759.244059681273,0.5941592545964382155553077745
2022-01-20 00:00:00+00:00,35903.018251855081,17.462774,3001.48,88317.185157375081,0.5934764203832085484903363218
2022-01-21 00:00:00+00:00,35326.126175397509,17.654727,2568.15,80666.113320447509,0.5620698119535786839682889776
2022-01-22 00:00:00+00:00,35320.863732013092,17.656774,2412.18,77912.180839333092,0.5466580019772498848561642157
2022-01-23 00:00:00+00:00,35320.863732013092,17.656774,2539.01,80151.589485753092,0.5593242260243465388835497879
2022-01-24 00:00:00+00:00,32056.328453052192,18.940861,2439.29,78258.581281742192,0.5903793816853798932586883286
2022-01-25 00:00:00+00:00,32056.328453052192,18.940861,2458.83,78628.685705682192,0.5923074617698257581226642611
2022-01-26 00:00:00+00:00,31452.282684104544,19.186185,2462.99,78707.664477254544,0.6003911068509238957747118520
2022-01-27 00:00:00+00:00,31483.103954297544,19.173655,2424.25,77964.837088047544,0.5961884212142593686285391043
2022-01-28 00:00:00+00:00,31183.782771535998,19.296976,2544.99,80294.393721775998,0.6116318795607408069132610850
2022-01-29 00:00:00+00:00,32116.544303265816,18.929990,2601.43,81361.588188965816,0.6052615857414957357629781419
2022-01-30 00:00:00+00:00,32544.079105348776,18.765430,2601.68,81365.723027748776,0.6000271626142863705727852145
2022-01-31 00:00:00+00:00,32544.079105348776,18.765430,2686.94,82965.663589548776,0.6077403868381959270761818795
2022-02-01 00:00:00+00:00,33185.430983431710,18.526427,2787.23,84822.844110641710,0.6087677637860726954855798373
2022-02-02 00:00:00+00:00,33930.023453860878,18.258959,2680.67,82876.267076390878,0.5905942116989172500566638652
2022-02-03 00:00:00+00:00,33146.424021913053,18.550940,2695.46,83149.740754313053,0.6013646738857244397265682942
2022-02-04 00:00:00+00:00,33257.898343598031,18.509526,2994.99,88693.743618338031,0.6250254303537850022871731582
2022-02-05 00:00:00+00:00,35474.614924864896,17.768421,3012.65,89004.648450514896,0.6014296383116642295434163623
2022-02-06 00:00:00+00:00,35601.625181564448,17.726207,3054.99,89755.010304494448,0.6033466537323576000840357861
2022-02-07 00:00:00+00:00,35901.684681453948,17.627860,3139.77,91249.110673653948,0.6065530456526441312651930998
2022-02-08 00:00:00+00:00,36498.867110933601,17.437413,3116.69,90845.877833903601,0.5982330956428684959036121287
2022-02-09 00:00:00+00:00,36338.142672054707,17.488915,3243.94,93071.133597154707,0.6095659172978461888802667455
2022-02-10 00:00:00+00:00,37224.923855904707,17.215165,3072.49,90118.346166754707,0.5869329005769388636541601511
2022-02-11 00:00:00+00:00,36044.911344271607,17.598740,2927.54,87565.926643871607,0.5883682988833619813500677821
2022-02-12 00:00:00+00:00,35025.049238222975,17.946656,2918.88,87409.184503502975,0.5992978376680848070044017013
2022-02-13 00:00:00+00:00,34961.437920012857,17.968423,2871.13,86551.116248002857,0.5960602308139546093670221584
2022-02-14 00:00:00+00:00,34620.075561500177,18.087163,2929.75,87610.941360750177,0.6048430136260353119274720427
2022-02-15 00:00:00+00:00,35043.825013893302,17.942338,3183.52,92163.616883653302,0.6197650851948184845881842657
2022-02-16 00:00:00+00:00,36863.152264052777,17.370113,3122.3,91097.856083952777,0.5953455564302093702740239756
2022-02-17 00:00:00+00:00,36438.663259932446,17.505890,2891.87,87063.421374232446,0.5814698907443012205023208735
2022-02-18 00:00:00+00:00,34823.342378654822,18.063736,2779.48,85031.135315934822,0.5904636313596422972469765673
2022-02-19 00:00:00+00:00,34010.100035103392,18.355963,2763.63,84739.190060793392,0.5986496919465014311184364102
2022-02-20 00:00:00+00:00,33895.528712868635,18.397366,2621.99,82133.238391208635,0.5873104558300633204488192277
2022-02-21 00:00:00+00:00,32851.940650731896,18.794863,2568.02,81117.524731991896,0.5950080977042506182278485559
2022-02-22 00:00:00+00:00,32446.559273586668,18.952515,2636.29,82410.885042936668,0.6062830867951269348492307877
2022-02-23 00:00:00+00:00,32963.606812078856,18.756132,2579.71,81348.988093798856,0.5947877461724488797107828356
2022-02-24 00:00:00+00:00,32538.970879970126,18.920525,2596.2,81660.437884970126,0.6015332305001142868134151252
2022-02-25 00:00:00+00:00,32664.466507290926,18.872125,2768.49,84911.755848540926,0.6153127893674075624810373159
2022-02-26 00:00:00+00:00,33959.694984984476,18.403595,2779.47,85111.935179634476,0.6009996140575319930462514637
2022-02-27 00:00:00+00:00,34044.663958234766,18.372985,2616.79,82122.907376384766,0.5854425391663052903064469969
2022-02-28 00:00:00+00:00,32847.610980727027,18.829842,2920.95,87848.637970627027,0.6260885570962418595857669477
2022-03-01 00:00:00+00:00,35135.574084181693,18.045496,2976.33,88844.925193861693,0.6045291950270085408270302839
2022-03-02 00:00:00+00:00,35537.447807960122,17.910297,2947.3,88324.466156060122,0.5976488808302655658791675513
2022-03-03 00:00:00+00:00,35329.590058479323,17.980730,2833.99,86286.799071179323,0.5905562561274825537963366810
2022-03-04 00:00:00+00:00,34513.733149505723,18.268238,2622.1,82414.880009305723,0.5812196396377854464068982240
2022-03-05 00:00:00+00:00,32964.015460412487,18.858490,2665.15,83224.720083912487,0.6039155742767766863547566385
2022-03-06 00:00:00+00:00,33289.540794624087,18.736190,2551.29,81090.994979724087,0.5894791918270608075384424125
2022-03-07 00:00:00+00:00,33289.540794624087,18.736190,2491.12,79963.638427424087,0.5836915196794346089078029393
2022-03-08 00:00:00+00:00,33289.540794624087,18.736190,2575.97,81553.404148924087,0.5918068516939612346669480493
2022-03-09 00:00:00+00:00,32620.568663128221,18.995549,2726.98,84421.050875148221,0.6135967471979073735562946340
2022-03-10 00:00:00+00:00,33766.930509354771,18.574624,2606.7,82185.402890154771,0.5891371299294340985284387106
2022-03-11 00:00:00+00:00,57498.760559170527,9.458572,2556.86,81683.004963090527,0.2960743720783527619021596371
2022-03-12 00:00:00+00:00,57177.687894014147,9.583982,2568.8,81797.020855614147,0.3009808022844422399498331540
2022-03-13 00:00:00+00:00,57257.812358224067,9.552750,2515.65,81289.187895724067,0.2956281906558951653170080911
2022-03-14 00:00:00+00:00,56902.038634460147,9.693990,2589.41,82003.753280360147,0.3061044603663506534186826419
2022-03-15 00:00:00+00:00,57402.044369634785,9.500643,2617.73,82272.162570024785,0.3022908043680285104533595149
2022-03-16 00:00:00+00:00,57590.336758920359,9.428620,2773.81,83743.537201120359,0.3123011197794271177471237842
2022-03-17 00:00:00+00:00,58619.073254847899,9.057261,2811.92,84087.366605967899,0.3028789505380044689610150506
2022-03-18 00:00:00+00:00,58860.779721126089,8.971191,2938.92,85226.392374846089,0.3093597173250947883202972742
2022-03-19 00:00:00+00:00,59656.936047885677,8.699930,2950.84,85329.037489085677,0.3008600846398119062525022130
2022-03-20 00:00:00+00:00,59730.293117760017,8.675038,2861.38,84552.873350200017,0.2935746503803620303479003074
2022-03-21 00:00:00+00:00,59186.366346450102,8.864883,2890.03,84806.144162940102,0.3020981329756733120531246771
2022-03-22 00:00:00+00:00,59364.071286385911,8.803314,2969.64,85506.744673345911,0.3057381436614224385488311023
2022-03-23 00:00:00+00:00,59854.086267427275,8.638091,3036.0,86079.330543427275,0.3046636644411318610546958815
2022-03-24 00:00:00+00:00,60254.949668574792,8.505882,3110.76,86714.707158894792,0.3051357532907943510562275909
2022-03-25 00:00:00+00:00,60699.659102523417,8.362737,3102.14,86642.040059703417,0.2994202460988174815472913229
2022-03-26 00:00:00+00:00,60649.305097875158,8.378948,3145.0,87001.096557875158,0.3028903370484551753511221904
2022-03-27 00:00:00+00:00,60900.500293797983,8.298973,3295.65,88251.010661247983,0.3099172481144164218339437457
2022-03-28 00:00:00+00:00,61774.571813968058,8.033408,3332.92,88549.278005328058,0.3023706888919969672941148591
2022-03-29 00:00:00+00:00,61984.165664168114,7.970440,3400.51,89087.726588568114,0.3042345108835449197071153547
2022-03-30 00:00:00+00:00,62360.921023036220,7.859502,3385.79,88971.544299616220,0.2990913947381577066261241704
2022-03-31 00:00:00+00:00,62360.921023036220,7.859502,3281.51,88151.955431056220,0.2925747282848558895602818678
2022-04-01 00:00:00+00:00,62360.921023036220,7.859502,3455.21,89517.150928456220,0.3033634295077573063149484842
2022-04-02 00:00:00+00:00,62661.560527737980,7.772378,3443.77,89427.842712797980,0.2993059138306764600161072574
2022-04-03 00:00:00+00:00,62599.409325594356,7.790402,3521.91,90036.504033414356,0.3047330080434658234207402089
2022-04-04 00:00:00+00:00,63024.945436258346,7.669419,3519.5,90017.465606758346,0.2998586995152355317762468310
2022-04-05 00:00:00+00:00,63012.209427943446,7.673033,3406.99,89154.156128613446,0.2932218511827729856686029362
2022-04-06 00:00:00+00:00,63012.209427943446,7.673033,3168.51,87324.291218773446,0.2784114414386825030234969914
2022-04-07 00:00:00+00:00,63012.209427943446,7.673033,3227.19,87774.544795213446,0.2821129454449799533163907741
2022-04-08 00:00:00+00:00,63012.209427943446,7.673033,3192.39,87507.523246813446,0.2799223759285403814317712856
2022-04-09 00:00:00+00:00,63012.209427943446,7.673033,3258.57,88015.324570753446,0.2840768384908992154881328747
2022-04-10 00:00:00+00:00,63012.209427943446,7.673033,3203.04,87589.241048263446,0.2805941840137370039767662886
2022-04-11 00:00:00+00:00,63012.209427943446,7.673033,2979.74,85875.852779363446,0.2662406556842284967448147231
2022-04-12 00:00:00+00:00,63012.209427943446,7.673033,3027.66,86243.544520723446,0.2693689738969129059320134486
2022-04-13 00:00:00+00:00,63012.209427943446,7.673033,3118.28,86938.874771183446,0.2752125031088011729973521221
2022-04-14 00:00:00+00:00,63012.209427943446,7.673033,3021.98,86199.961693283446,0.2689995657752914072293177899
2022-04-15 00:00:00+00:00,63012.209427943446,7.673033,3040.56,86342.526646423446,0.2702065612930080771225468094
2022-04-16 00:00:00+00:00,63012.209427943446,7.673033,3059.3,86486.319284843446,0.2714199199481228318774042324
2022-04-17 00:00:00+00:00,63012.209427943446,7.673033,2988.06,85939.692413923446,0.2667857231272266386476746194
2022-04-18 00:00:00+00:00,63012.209427943446,7.673033,3055.56,86457.622141423446,0.2711780885568314640506736065
2022-04-19 00:00:00+00:00,60517.096645832658,8.488554,3101.77,86846.638786412658,0.3031728401755867731357386457
2022-04-20 00:00:00+00:00,60792.111138812298,8.399774,3076.04,86630.151953772298,0.2982569028477259421671986242
2022-04-21 00:00:00+00:00,60640.854002557847,8.448883,2983.58,85848.772343697847,0.2936316694223585097818247945
2022-04-22 00:00:00+00:00,60093.371177159546,8.632144,2962.39,85665.148241319546,0.2985085252187279034069611559
2022-04-23 00:00:00+00:00,59965.440164455743,8.675273,2933.03,85410.276131645743,0.2979130512114375443989111377
2022-04-24 00:00:00+00:00,59787.023410768791,8.736024,2921.0,85304.949514768791,0.2991376965715465065613034927
2022-04-25 00:00:00+00:00,59713.309996774530,8.761227,3006.62,86054.990319514530,0.3061028793906742927962924283
2022-04-26 00:00:00+00:00,60237.873411149706,8.586531,2809.67,84363.191965919706,0.2859697220147375670821052933
2022-04-27 00:00:00+00:00,59052.757060139706,9.007781,2888.96,85075.876057899706,0.3058812933063370754673547575
2022-04-28 00:00:00+00:00,59552.400594298581,8.834606,2936.93,85499.019993878581,0.3034727111660190212719769302
2022-04-29 00:00:00+00:00,59848.866812454885,8.733530,2817.13,84452.356181354885,0.2913298157847238123385240816
2022-04-30 00:00:00+00:00,59115.697769065481,8.993446,2726.66,83637.767239425481,0.2931937362718202252689541056
2022-05-01 00:00:00+00:00,58545.762726279560,9.202197,2824.81,84540.220833849560,0.3074803667553459344252494840
2022-05-02 00:00:00+00:00,59177.333654838197,8.978326,2856.54,84824.281006878197,0.3023538431166938002496748078
2022-05-03 00:00:00+00:00,59376.737668568903,8.908429,2781.7,84157.314617868903,0.2944554143846030557935212836
2022-05-04 00:00:00+00:00,58909.514800922453,9.076174,2940.64,85599.275112282453,0.3117989057308073464620955431
2022-05-05 00:00:00+00:00,59918.244444813233,8.732698,2747.97,83915.436567873233,0.2859687454959538547622930313
2022-05-06 00:00:00+00:00,58739.215585227581,9.161197,2692.85,83408.944926677581,0.2957683898667757254185037818
2022-05-07 00:00:00+00:00,58385.868298576553,9.292243,2635.34,82874.087966196553,0.2954870487094649028323161184
2022-05-08 00:00:00+00:00,58011.441823217783,9.434137,2519.71,81782.731163487783,0.2906639213692924964470561087
2022-05-09 00:00:00+00:00,57246.921673765077,9.737159,2228.55,78946.667363215077,0.2748658862268949994991567318
2022-05-10 00:00:00+00:00,55263.159664357977,10.625982,2342.05,80149.740807457977,0.3105010807568861168574109818
2022-05-11 00:00:00+00:00,56103.651913712949,10.266643,2084.99,77509.499902282949,0.2761706373484099401296238382
2022-05-12 00:00:00+00:00,54254.249911101077,11.152499,1960.22,76115.601500881077,0.2872124920345921943368684752
2022-05-13 00:00:00+00:00,54254.249911101077,11.152499,2009.69,76667.315626411077,0.2923418608331832163849951454
2022-05-14 00:00:00+00:00,54254.249911101077,11.152499,2056.48,77189.141054621077,0.2971258758701650100679741336
2022-05-15 00:00:00+00:00,54032.033331616190,11.260416,2145.29,78188.891172256190,0.3089551147031944609652379048
2022-05-16 00:00:00+00:00,54731.315703147668,10.934030,2023.66,76858.074852947668,0.2878911447123163596290381955
2022-05-17 00:00:00+00:00,53799.442820160290,11.393921,2090.72,77620.941333280290,0.3068952540892007572740903224
2022-05-18 00:00:00+00:00,54333.965084538098,11.137924,1915.11,75664.314716178098,0.2819076563589000603011526602
2022-05-19 00:00:00+00:00,52963.241848525982,11.852736,2019.55,76900.434837325982,0.3112751317913400150724351280
2022-05-20 00:00:00+00:00,53829.178165226957,11.423401,1959.08,76208.534596306957,0.2936594510001836064684029637
2022-05-21 00:00:00+00:00,53829.178165226957,11.423401,1975.07,76391.194778296957,0.2953483929469834509265887088
2022-05-22 00:00:00+00:00,53829.178165226957,11.423401,2043.19,77169.356854416957,0.3024539744865590881261021088
2022-05-23 00:00:00+00:00,54018.305045392262,11.330716,1973.32,76377.433542512262,0.2927452188436619640704594446
2022-05-24 00:00:00+00:00,53463.564528194196,11.611470,1979.41,76447.424360894196,0.3006492373660286473848214112
2022-05-25 00:00:00+00:00,53513.052409804716,11.586436,1942.63,76021.210576484716,0.2960773446778331473461846576
2022-05-26 00:00:00+00:00,53214.541487113700,11.739899,1792.23,74255.140671883700,0.2833554551831440672842982511
2022-05-27 00:00:00+00:00,51977.074269455156,12.429461,1727.27,73446.109370925156,0.2923100390933555533749377084
2022-05-28 00:00:00+00:00,51411.456811011636,12.756501,1792.22,74273.913033231636,0.3078127338193543037587144227
2022-05-29 00:00:00+00:00,51990.896494405473,12.432770,1813.64,74539.465477205473,0.3025051070388405297866636903
2022-05-30 00:00:00+00:00,52177.384305436485,12.329811,1998.78,76821.963936016485,0.3208012184003261042575732807
2022-05-31 00:00:00+00:00,53773.297548356523,11.530328,1941.9,76164.041491556523,0.2939805123876234652646828597
2022-06-01 00:00:00+00:00,53314.234486385283,11.766420,1817.95,74704.997725385283,0.2863364418754445445860550436
2022-06-02 00:00:00+00:00,52292.253989764339,12.327848,1834.08,74902.513449604339,0.3018624932399973450548852121
2022-06-03 00:00:00+00:00,52431.665109297469,12.251738,1775.12,74179.970267857469,0.2931829856500177542525687802
2022-06-04 00:00:00+00:00,51925.408202662213,12.536562,1804.58,74548.637256622213,0.3034693843709445017080675676
2022-06-05 00:00:00+00:00,52183.711595071117,12.393238,1806.23,74568.749867811117,0.3001932889101965038321704890
2022-06-06 00:00:00+00:00,52198.019907092965,12.385306,1859.84,75232.707418132965,0.3061791646420006934884994435
2022-06-07 00:00:00+00:00,52662.291875093605,12.135351,1813.33,74667.687903923605,0.2947110945385744303448959034
2022-06-08 00:00:00+00:00,52266.869672896656,12.353132,1791.88,74402.199841056656,0.2975090819283178232909349875
2022-06-09 00:00:00+00:00,52081.299972732068,12.456559,1788.81,74363.717277522068,0.2996409824650509991148950906
2022-06-10 00:00:00+00:00,52054.481451518948,12.471532,1662.91,72793.516729638948,0.2849022304437696936654949812
2022-06-11 00:00:00+00:00,50954.033845062465,13.132433,1532.89,71084.609066432465,0.2831917553707986720872426153
2022-06-12 00:00:00+00:00,50954.033845062465,13.132433,1434.84,69796.974010782465,0.2699678665554910865869449699
2022-06-13 00:00:00+00:00,50954.033845062465,13.132433,1209.82,66841.913937122465,0.2376933746541963697222575813
2022-06-14 00:00:00+00:00,50954.033845062465,13.132433,1208.9,66829.832098762465,0.2375555609692154728777784565
2022-06-15 00:00:00+00:00,50954.033845062465,13.132433,1237.52,67205.682331222465,0.2418195593352349206391466756
2022-06-16 00:00:00+00:00,47038.987232604855,16.291923,1068.5,64446.906958104855,0.2701125709076527958820257347
2022-06-17 00:00:00+00:00,47038.987232604855,16.291923,1086.94,64747.330018224855,0.2734991972740114038225938722
2022-06-18 00:00:00+00:00,47038.987232604855,16.291923,995.13,63251.568567594855,0.2563190400197609590681543468
2022-06-19 00:00:00+00:00,47038.987232604855,16.291923,1128.53,65424.911095794855,0.2810232915145947166475575142
2022-06-20 00:00:00+00:00,47038.987232604855,16.291923,1128.24,65420.186438124855,0.2809713668869645314597066915
2022-06-21 00:00:00+00:00,47038.987232604855,16.291923,1125.85,65381.248742154855,0.2805431505581468676810106523
2022-06-22 00:00:00+00:00,47038.987232604855,16.291923,1050.19,64148.601847974855,0.2667184338002862256088046079
2022-06-23 00:00:00+00:00,47038.987232604855,16.291923,1144.72,65688.677329164855,0.2839102696969634088107474839
2022-06-24 00:00:00+00:00,45980.586739628532,17.215324,1225.02,67069.702946108532,0.3144358075273630965596350925
2022-06-25 00:00:00+00:00,46947.533654551698,16.424965,1242.36,67353.253171951698,0.3029656112571808329542723212
2022-06-26 00:00:00+00:00,47146.444357860732,16.264643,1197.79,66628.071096830732,0.2923936775935972417157324061
2022-06-27 00:00:00+00:00,46638.990993650016,16.687751,1192.51,66539.300938660016,0.2990760297189674246464504688
2022-06-28 00:00:00+00:00,46577.431216791051,16.739306,1144.05,65728.034246091051,0.2913612623435321483857778334
2022-06-29 00:00:00+00:00,46008.886180187106,17.235619,1100.21,64971.686560177106,0.2918625232612140674581758836
2022-06-30 00:00:00+00:00,45479.494048637229,17.716168,1071.01,64453.687138317229,0.2943849131386617891270457276
2022-07-01 00:00:00+00:00,45117.235309739081,18.053966,1059.73,64249.564698919081,0.2977814632493825696141106985
2022-07-02 00:00:00+00:00,44974.511025410336,18.188471,1067.01,64381.791467120336,0.3014405160133088698301322536
2022-07-03 00:00:00+00:00,45067.133901125489,18.101552,1074.26,64512.907152645489,0.3014245382789664703500021278
2022-07-04 00:00:00+00:00,45158.916297436127,18.016003,1151.0,65895.335750436127,0.3146872114216787553213779248
2022-07-05 00:00:00+00:00,46125.603281059838,17.175050,1132.5,65576.347406059838,0.2966121916574233924125371878
2022-07-06 00:00:00+00:00,46125.603281059838,17.175050,1186.57,66505.002359559838,0.3064340779708361269897682802
2022-07-07 00:00:00+00:00,46552.945513269500,16.814432,1237.49,67360.636968949500,0.3088998618773675664798597677
2022-07-08 00:00:00+00:00,47151.666955248587,16.329983,1214.04,66976.919516568587,0.2960012599029084545040780760
2022-07-09 00:00:00+00:00,46883.382216901287,16.550683,1217.02,67025.894441561287,0.3005183652151319889663879318
2022-07-10 00:00:00+00:00,46918.081752766113,16.522134,1168.36,66221.882233006113,0.2915018394119075242573326723
2022-07-11 00:00:00+00:00,46354.701874009586,17.003701,1096.4,64997.559650409586,0.2868239650330090649712260382
2022-07-12 00:00:00+00:00,46354.701874009586,17.003701,1038.58,64014.405658589586,0.2758707763181486984864085572
2022-07-13 00:00:00+00:00,46354.701874009586,17.003701,1115.0,65313.828489009586,0.2902773739284058124736323831
2022-07-14 00:00:00+00:00,45718.974196874204,17.573115,1193.42,66691.081100174204,0.3144664407493795851534890635
2022-07-15 00:00:00+00:00,46682.503381430330,16.764696,1231.25,67324.035331430330,0.3065997432920285586389420723
2022-07-16 00:00:00+00:00,47126.248181035955,16.403825,1355.85,69367.374307285955,0.3206280524288767614239301431
2022-07-17 00:00:00+00:00,48555.188466692051,15.348538,1338.65,69101.508860392051,0.2973353365584299541439409747
2022-07-18 00:00:00+00:00,48370.817788492301,15.486088,1581.04,72854.942360012301,0.3360667619573677203409040268
2022-07-19 00:00:00+00:00,50994.936304278794,13.824175,1542.32,72316.237890278794,0.2948342199209749569633115729
2022-07-20 00:00:00+00:00,50620.978665676502,14.066323,1521.58,72024.014416016502,0.2971652708319525694945086261
2022-07-21 00:00:00+00:00,50417.039148123995,14.200176,1575.45,72788.706427323995,0.3073508017557233058558741630
2022-07-22 00:00:00+00:00,50951.399479898210,13.860555,1535.27,72231.093754748210,0.2946057323609494715085415152
2022-07-23 00:00:00+00:00,50561.259854104622,14.114343,1548.67,72419.719427914622,0.3018302162240154110004511075
2022-07-24 00:00:00+00:00,50693.533723420688,14.028820,1597.7,73107.379437420688,0.3065880063884120823567261481
2022-07-25 00:00:00+00:00,51174.540656248148,13.727366,1440.79,70952.792315388148,0.2787522663128582590067046989
2022-07-26 00:00:00+00:00,49664.995771316428,14.773726,1449.12,71073.897592436428,0.3012203150006831979391875565
2022-07-27 00:00:00+00:00,49751.615749007116,14.713874,1635.74,73819.688005767116,0.3260386613240589315367932543
2022-07-28 00:00:00+00:00,51671.283185578606,13.538769,1724.52,75019.161101458606,0.3112255265598543807177635454
2022-07-29 00:00:00+00:00,52512.318095037154,13.050442,1721.68,74981.003077597154,0.2996583675908865009802732458
2022-07-30 00:00:00+00:00,52486.669640295602,13.065320,1697.0,74658.517680295602,0.2969768049098535633089874316
2022-07-31 00:00:00+00:00,52486.669640295602,13.065320,1678.12,74411.844438695602,0.2946463021281929676517424415
2022-08-01 00:00:00+00:00,52486.669640295602,13.065320,1630.28,73786.799529895602,0.2886712803008890268413685758
2022-08-02 00:00:00+00:00,51649.673190398242,13.578060,1630.91,73794.267024998242,0.3000855585041367588597150955
2022-08-03 00:00:00+00:00,51655.979864569666,13.574188,1618.16,73621.187918649666,0.2983544367465414043537713163
2022-08-04 00:00:00+00:00,51534.675589029530,13.649055,1607.96,73481.810066829530,0.2986743856450968094593673376
2022-08-05 00:00:00+00:00,51437.236346042171,13.709574,1736.81,75248.161564982171,0.3164319861605862963900207426
2022-08-06 00:00:00+00:00,52672.107383295146,12.997649,1690.6,74645.932782695146,0.2943740479922584599531593740
2022-08-07 00:00:00+00:00,52251.607950754246,13.246054,1700.19,74772.416501014246,0.3011913965620533051891204250
2022-08-08 00:00:00+00:00,52340.669210606986,13.193603,1777.05,75786.361421756986,0.3093655873076278504124907515
2022-08-09 00:00:00+00:00,53049.530471283181,12.794186,1702.76,74834.958624643181,0.2911129845428423879753510384
2022-08-10 00:00:00+00:00,52383.607002202905,13.184763,1853.57,76822.488156112905,0.3181214477751246047253704048
2022-08-11 00:00:00+00:00,53774.024751424197,12.433661,1880.19,77151.669827014197,0.3030089319907947996018754619
2022-08-12 00:00:00+00:00,54005.868141801354,12.310192,1958.28,78112.670931561354,0.3086157790057037743516105421
2022-08-13 00:00:00+00:00,54677.995326687474,11.966522,1983.55,78414.190039787474,0.3027027978106541724448258688
2022-08-14 00:00:00+00:00,54889.658157231954,11.859674,1935.31,77841.803846171954,0.2948562925686712930836369855
2022-08-15 00:00:00+00:00,54488.826487186934,12.066519,1899.06,77403.870059326934,0.2960451919855757397408478302
2022-08-16 00:00:00+00:00,54182.227503037099,12.227758,1876.67,77129.694108897099,0.2975179257610066621569768859
2022-08-17 00:00:00+00:00,53990.537646388718,12.329769,1834.25,76606.416434638718,0.2952217299910650532318511521
2022-08-18 00:00:00+00:00,53623.930864172910,12.529378,1846.39,76758.049109592910,0.3013901279902226127227263466
2022-08-19 00:00:00+00:00,53730.496872521073,12.471587,1609.01,73797.405071391073,0.2719188863003708455338168739
2022-08-20 00:00:00+00:00,53730.496872521073,12.471587,1576.04,73386.216848001073,0.2678393957300088211290373847
2022-08-21 00:00:00+00:00,53730.496872521073,12.471587,1618.13,73911.145944831073,0.2730393205833026367280223281
2022-08-22 00:00:00+00:00,51735.213257202522,13.703066,1624.66,73998.036464762522,0.3008569452807229552702615151
2022-08-23 00:00:00+00:00,51798.448428922737,13.664093,1665.41,74554.765552052737,0.3052295444111076548170323648
2022-08-24 00:00:00+00:00,52187.733565696677,13.430040,1656.56,74435.400628096677,0.2988855688915619097358970484
2022-08-25 00:00:00+00:00,52187.733565696677,13.430040,1695.11,74953.128670096677,0.3037284167896581607478617639
2022-08-26 00:00:00+00:00,52466.827800618054,13.265179,1508.18,72473.105464838054,0.2760510610922625980663797895
2022-08-27 00:00:00+00:00,50728.918695354370,14.416005,1491.06,72224.047110654370,0.2976173348797159110705331990
2022-08-28 00:00:00+00:00,50728.918695354370,14.416005,1426.76,71297.097989154370,0.2884855046544644361800756480
2022-08-29 00:00:00+00:00,49906.902318027898,14.991399,1551.8,73170.555286227898,0.3179373571404160945618549758
2022-08-30 00:00:00+00:00,51217.579162582804,14.145677,1524.59,72783.936860012804,0.2963065564715072227662258777
2022-08-31 00:00:00+00:00,50948.406360501529,14.322002,1554.1,73206.229668701529,0.3040427489426637301680657571
2022-09-01 00:00:00+00:00,51244.076335980715,14.131504,1586.16,73658.902720620715,0.3043057330036087845070014773
2022-09-02 00:00:00+00:00,51560.918525184442,13.931491,1575.35,73507.892872034442,0.2985662285961072784694893175
2022-09-03 00:00:00+00:00,51455.389024596987,13.998392,1557.46,73257.324628916987,0.2976075868830471223487945374
2022-09-04 00:00:00+00:00,51279.801531914097,14.110986,1579.28,73564.999501994097,0.3029320753203556272354750006
2022-09-05 00:00:00+00:00,51495.318339546663,13.974344,1617.8,74103.012062746663,0.3050846800135054482904114368
2022-09-06 00:00:00+00:00,51871.618985331243,13.741441,1559.01,73294.662918741243,0.2922865469367236396448172578
2022-09-07 00:00:00+00:00,51305.529314839062,14.104078,1630.0,74295.176454839062,0.3094366045953797191001014525
2022-09-08 00:00:00+00:00,52005.713490559062,13.673958,1635.37,74367.694185019062,0.3006948237338880746322548447
2022-09-09 00:00:00+00:00,52057.319101827405,13.642361,1718.23,75498.033042857405,0.3104811211137591471763717759
2022-09-10 00:00:00+00:00,52847.691006004749,13.181773,1774.12,76233.738120764749,0.3067676817541503462895674055
2022-09-11 00:00:00+00:00,53362.946816375457,12.890966,1766.11,76129.810778635457,0.2990532056944128786977903380
2022-09-12 00:00:00+00:00,53290.864413592941,12.931727,1716.37,75486.492684582941,0.2940344355874828748201189528
2022-09-13 00:00:00+00:00,52839.960151300814,13.194094,1574.4,73612.741744900814,0.2821900271774477064077410330
2022-09-14 00:00:00+00:00,52839.960151300814,13.194094,1638.39,74457.031819960814,0.2903294845398979114338428706
2022-09-15 00:00:00+00:00,52119.080134384334,13.633513,1472.75,72197.836405134334,0.2781074512825997020767564822
2022-09-16 00:00:00+00:00,52119.080134384334,13.633513,1433.9,71668.174425084334,0.2727723211526047744597328109
2022-09-17 00:00:00+00:00,52119.080134384334,13.633513,1468.83,72144.393034174334,0.2775726852439404174513840417
2022-09-18 00:00:00+00:00,52119.080134384334,13.633513,1334.51,70313.139568014334,0.2587576027099568493061768309
2022-09-19 00:00:00+00:00,52119.080134384334,13.633513,1375.98,70878.521352124334,0.2646703240963949910579082480
2022-09-20 00:00:00+00:00,52119.080134384334,13.633513,1322.93,70155.263487474334,0.2570895248124927578655591097
2022-09-21 00:00:00+00:00,52119.080134384334,13.633513,1245.78,69103.437959524334,0.2457816619064333160421008019
2022-09-22 00:00:00+00:00,48367.631949570277,16.640904,1326.46,70441.125469410277,0.3133608864529801233177501472
2022-09-23 00:00:00+00:00,49307.680692743800,15.931297,1327.25,70452.494635993800,0.3001286761029357285254474435
2022-09-24 00:00:00+00:00,49316.623939669036,15.924550,1317.13,70291.326481169036,0.2983967381397916602644828978
2022-09-25 00:00:00+00:00,49203.782476291127,16.010111,1294.63,69930.952480221127,0.2963947904154795391567044227
2022-09-26 00:00:00+00:00,48951.227650541165,16.204938,1336.17,70603.779658001165,0.3066769528818876355763878927
2022-09-27 00:00:00+00:00,49422.032953161092,15.852125,1328.02,70473.971995661092,0.2987193490924013162410061520
2022-09-28 00:00:00+00:00,49422.032953161092,15.852125,1337.2,70619.494503161092,0.3001644474961676844958929053
2022-09-29 00:00:00+00:00,49433.631437504492,15.843440,1335.7,70595.714245504492,0.2997644125308583206897403666
2022-09-30 00:00:00+00:00,49416.868135044494,15.855974,1328.72,70485.017908324494,0.2989025242312066963446492257
2022-10-01 00:00:00+00:00,49339.300978238948,15.914276,1311.79,70215.489092278948,0.2973159965688481157349069563
2022-10-02 00:00:00+00:00,49150.597672085493,16.057941,1276.72,69652.092105605493,0.2943414018696801116216482063
2022-10-03 00:00:00+00:00,48755.952898924141,16.366648,1323.09,70410.501201244141,0.3075471404532108059064547868
2022-10-04 00:00:00+00:00,49286.775017712601,15.964930,1361.49,71022.867563412601,0.3060435785177637423163867102
2022-10-05 00:00:00+00:00,49715.561809789951,15.649583,1352.2,70876.927942389951,0.2985649455602864326090774397
2022-10-06 00:00:00+00:00,49613.718453518611,15.724802,1352.06,70874.594245638611,0.2999788008441166383430085178
2022-10-07 00:00:00+00:00,49613.718453518611,15.724802,1331.1,70545.002395718611,0.2967082462452410863010143790
2022-10-08 00:00:00+00:00,49381.200853683391,15.899256,1315.48,70296.354136563391,0.2975282792369079236885167840
2022-10-09 00:00:00+00:00,49207.222430535099,16.031339,1323.13,70418.768001605099,0.3012200606887429780340456870
2022-10-10 00:00:00+00:00,49293.026862994653,15.966405,1290.03,69890.168305144653,0.2947072806037846285272129986
2022-10-11 00:00:00+00:00,48922.637619803637,16.253149,1280.11,69728.456186193637,0.2983834678747640259770706164
2022-10-12 00:00:00+00:00,48809.773561190058,16.341202,1294.44,69962.479078070058,0.3023435675181838560627400053
2022-10-13 00:00:00+00:00,48973.523240989134,16.214535,1287.08,69842.926948789134,0.2988048270528818753308879599
2022-10-14 00:00:00+00:00,48973.523240989134,16.214535,1296.27,69991.938525439134,0.3002976589484042882184959662
2022-10-15 00:00:00+00:00,48994.217020158204,16.198550,1274.92,69646.072386158204,0.2965257717835708025047331054
2022-10-16 00:00:00+00:00,48752.049665258313,16.388249,1305.95,70154.283446808313,0.3050737992039700617733259963
2022-10-17 00:00:00+00:00,49107.651551217105,16.115603,1331.4,70563.965385417105,0.3040689921124274881628372639
2022-10-18 00:00:00+00:00,49394.290172429694,15.900030,1310.71,70234.618493729694,0.2967244468361503676330696474
2022-10-19 00:00:00+00:00,49394.290172429694,15.900030,1285.09,69827.259725129694,0.2926216728700654839388914560
2022-10-20 00:00:00+00:00,49394.290172429694,15.900030,1282.57,69787.191649529694,0.2922155340411585500296136521
2022-10-21 00:00:00+00:00,48850.328330377006,16.323598,1299.75,70066.924830877006,0.3028047334988832908922895904
2022-10-22 00:00:00+00:00,49046.706897527926,16.172313,1313.61,70290.818977457926,0.3022316767534452660527435730
2022-10-23 00:00:00+00:00,49203.483040485514,16.052811,1364.2,71102.727806685514,0.3079944390564000115023194783
2022-10-24 00:00:00+00:00,49771.058964382549,15.636216,1343.61,70780.035144142549,0.2968206519956583042874148775
2022-10-25 00:00:00+00:00,49545.733244012137,15.803700,1459.74,72615.026282012137,0.3176931031933623360305395112
2022-10-26 00:00:00+00:00,50828.848804275823,14.923553,1566.1,74200.625157575823,0.3149808549950439439682925799
2022-10-27 00:00:00+00:00,51939.097389192931,14.213709,1514.05,73459.363500642931,0.2929547042871076651653534349
2022-10-28 00:00:00+00:00,51939.097389192931,14.213709,1554.41,74033.028795882931,0.2984334393180827293341787408
2022-10-29 00:00:00+00:00,51939.097389192931,14.213709,1619.55,74958.909800142931,0.3070990823149098950884908363
2022-10-30 00:00:00+00:00,52470.546008820136,13.885136,1590.44,74554.021708660136,0.2962077054157737138793608916
2022-10-31 00:00:00+00:00,52470.546008820136,13.885136,1572.69,74307.560544660136,0.2938733875231387060060452697
2022-11-01 00:00:00+00:00,52470.546008820136,13.885136,1578.48,74387.955482100136,0.2946365353266625792905204357
2022-11-02 00:00:00+00:00,52470.546008820136,13.885136,1518.34,73552.903403060136,0.2866284866922449433756484496
2022-11-03 00:00:00+00:00,51485.656701102040,14.532960,1531.01,73735.763790702040,0.3017546160199360727252509291
2022-11-04 00:00:00+00:00,51614.866509751975,14.448455,1644.78,75379.396324651975,0.3152655894529640929274099998
2022-11-05 00:00:00+00:00,52764.081700222579,13.748841,1626.98,75133.171030402579,0.2977258782426255570443605440
2022-11-06 00:00:00+00:00,52592.999022836321,13.853858,1568.29,74319.865985656321,0.2923426552869897424928650133
2022-11-07 00:00:00+00:00,52022.778507838346,14.216989,1568.1,74316.438958738346,0.2999828942729318662511304697
2022-11-08 00:00:00+00:00,52022.778507838346,14.216989,1334.77,70999.188915368346,0.2672764393146807231056126018
2022-11-09 00:00:00+00:00,52022.778507838346,14.216989,1102.73,67700.278787808346,0.2315721672152589087819026845
2022-11-10 00:00:00+00:00,52022.778507838346,14.216989,1299.28,70494.627975758346,0.2620320157483785780484541964
2022-11-11 00:00:00+00:00,52022.778507838346,14.216989,1289.28,70352.458085758346,0.2605407128145609269737562003
2022-11-12 00:00:00+00:00,52022.778507838346,14.216989,1257.25,69897.087928088346,0.2557232346881100507742492489
2022-11-13 00:00:00+00:00,52022.778507838346,14.216989,1221.49,69388.688401448346,0.2502700410352117620823456174
2022-11-14 00:00:00+00:00,52022.778507838346,14.216989,1243.28,69698.476591758346,0.2536023590221497451874627707
2022-11-15 00:00:00+00:00,52022.778507838346,14.216989,1253.23,69839.935632308346,0.2551141687511476337398789691
2022-11-16 00:00:00+00:00,52022.778507838346,14.216989,1216.17,69313.054019968346,0.2494519359534909172016984486
2022-11-17 00:00:00+00:00,48514.483712164458,17.097975,1200.43,69039.405841414458,0.2972928558567892180123448993
2022-11-18 00:00:00+00:00,48514.483712164458,17.097975,1212.58,69247.146237664458,0.2994009667104985311896222218
2022-11-19 00:00:00+00:00,48514.483712164458,17.097975,1217.67,69334.174930414458,0.3002803630265330454016084037
2022-11-20 00:00:00+00:00,48533.897325495414,17.082011,1142.21,68045.141109805414,0.2867397064079039505207528902
2022-11-21 00:00:00+00:00,47630.426411010080,17.871969,1107.34,67420.772563470080,0.2935348469024041482811051522
2022-11-22 00:00:00+00:00,47193.974193553994,18.265602,1139.6,68009.454232753994,0.3060674471517089262627490508
2022-11-23 00:00:00+00:00,47605.954687089065,17.903615,1184.52,68813.144726889065,0.3081851603202954506468319389
2022-11-24 00:00:00+00:00,48168.470016911933,17.428108,1203.73,69147.206459751933,0.3033923930831675371311155369
2022-11-25 00:00:00+00:00,48402.618586824869,17.233334,1199.3,69070.556053024869,0.2992293481803361046026948108
2022-11-26 00:00:00+00:00,48349.200016483601,17.277818,1205.6,69179.337397283601,0.3011034532056376290066105902
2022-11-27 00:00:00+00:00,48425.557996876127,17.214400,1193.88,68977.485868876127,0.2979512461655752626647864162
2022-11-28 00:00:00+00:00,48284.057096691935,17.332768,1167.77,68524.743584051935,0.2953777778465223473036373159
2022-11-29 00:00:00+00:00,47966.909915769604,17.603999,1216.49,69381.998659279604,0.3086548262853452037214152162
2022-11-30 00:00:00+00:00,48566.619155180479,17.110374,1294.46,70715.313883220479,0.3132093108519101434524658759
2022-12-01 00:00:00+00:00,49499.506575801709,16.388759,1276.41,70418.282450991709,0.2970645569174259007409797522
2022-12-02 00:00:00+00:00,49292.414955826189,16.550795,1295.59,70735.459449876189,0.3031442032159944157533054023
2022-12-03 00:00:00+00:00,49514.417706237631,16.379218,1240.51,69833.001427417631,0.2909596223255352796447198362
2022-12-04 00:00:00+00:00,48882.166219923181,16.888231,1279.41,70489.137843633181,0.3065290949031179740196237153
2022-12-05 00:00:00+00:00,49341.681253588141,16.528599,1259.41,70157.964120178141,0.2967059139705427431633313128
2022-12-06 00:00:00+00:00,49110.275303190942,16.712102,1271.32,70356.704817830942,0.3019815889566133262433118849
2022-12-07 00:00:00+00:00,49249.395462195123,16.602529,1231.18,69690.097116415123,0.2933085545866645664281573656
2022-12-08 00:00:00+00:00,49249.395462195123,16.602529,1280.18,70503.621037415123,0.3014628931461651987066078792
2022-12-09 00:00:00+00:00,49352.401641914445,16.521962,1263.1,70221.291844114445,0.2971875004596503073201122996
2022-12-10 00:00:00+00:00,49154.763899163007,16.678228,1266.35,70275.237926963007,0.3005393457329947440451972143
2022-12-11 00:00:00+00:00,49192.617746954602,16.648297,1263.01,70219.583340924602,0.2994458895018150321550290591
2022-12-12 00:00:00+00:00,49153.541576886502,16.679196,1275.4,70426.188155286502,0.3020559132278293101201907645
2022-12-13 00:00:00+00:00,49298.260180369174,16.565580,1320.69,71176.256030569174,0.3073777277748876922653086066
2022-12-14 00:00:00+00:00,49822.697075853004,16.167970,1307.44,70961.347772653004,0.2978896450011676205829950557
2022-12-15 00:00:00+00:00,49672.862276105384,16.282422,1266.54,70295.201035985384,0.2933676617458288801093866614
2022-12-16 00:00:00+00:00,49205.920961032073,16.650621,1166.83,68634.365062462073,0.2830716665587094292950511430
2022-12-17 00:00:00+00:00,48042.429188015375,17.646474,1187.16,68991.617261855375,0.3036483112771230971787804664
2022-12-18 00:00:00+00:00,48293.806010286599,17.434452,1183.06,68919.808793406599,0.2992753918535717508827843968
2022-12-19 00:00:00+00:00,48243.801760439263,17.476664,1167.82,68653.399512919263,0.2972845903812716832910376252
2022-12-20 00:00:00+00:00,48057.137970324351,17.636296,1216.94,69519.452024564351,0.3087238669064364686193586570
2022-12-21 00:00:00+00:00,48662.951501526216,17.137835,1213.78,69464.512867826216,0.2994559453095168958120515339
2022-12-22 00:00:00+00:00,48625.110117515912,17.168971,1217.71,69531.937793925912,0.3006794911767345234149753417
2022-12-23 00:00:00+00:00,48672.415413141584,17.130073,1219.99,69570.933172411584,0.3003915113152072247470247250
2022-12-24 00:00:00+00:00,48699.499093945538,17.107844,1220.41,69578.082989985538,0.3000741468983139581654697644
2022-12-25 00:00:00+00:00,48704.771767467542,17.103518,1218.51,69545.579485647542,0.2996712066002846148767788717
2022-12-26 00:00:00+00:00,48681.996084680850,17.122185,1228.11,69709.922705030850,0.3016489734083789087622737669
2022-12-27 00:00:00+00:00,48796.916425289874,17.028489,1211.55,69427.782273239874,0.2971557663581301767919227438
2022-12-28 00:00:00+00:00,48599.191605345054,17.191477,1190.15,69059.627956895054,0.2962720326892115603399818356
2022-12-29 00:00:00+00:00,48341.406051517044,17.407795,1200.49,69239.289871067044,0.3018211749205501134673621188
2022-12-30 00:00:00+00:00,48467.218252995732,17.302857,1199.99,69230.473624425732,0.2999149692961851605357666172
2022-12-31 00:00:00+00:00,48461.203343885888,17.307863,1196.13,69163.657514075888,0.2993256128187947000696324006
2023-01-01 00:00:00+00:00,48414.500816204702,17.346857,1200.34,69236.627147584702,0.3007386002064425135648945342
2023-01-02 00:00:00+00:00,48465.452119280915,17.304354,1214.0,69472.937875280915,0.3023837252098510865779717061
2023-01-03 00:00:00+00:00,48630.720823158197,17.168040,1214.55,69482.163805158197,0.3000977781934309383268800721
2023-01-04 00:00:00+00:00,48637.626324401093,17.162347,1256.9,70208.980268701093,0.3072449402019933739103564765
2023-01-05 00:00:00+00:00,49145.745737494472,16.757560,1251.24,70113.475111894472,0.2990542023617783589723324588
2023-01-06 00:00:00+00:00,49079.464805402097,16.810463,1269.14,70414.295817222097,0.3029900500205226218922394934
2023-01-07 00:00:00+00:00,49289.616813562290,16.644660,1264.07,70329.632179762290,0.2991628807672674225037755222
2023-01-08 00:00:00+00:00,49230.550238687864,16.691327,1290.16,70765.032681007864,0.3043096516240215104112576407
2023-01-09 00:00:00+00:00,49535.009920145339,16.455032,1320.39,71262.069622625339,0.3048895410635361448425162519
2023-01-10 00:00:00+00:00,49883.112029145299,16.191055,1335.62,71508.208908245299,0.3024141872557306438734548052
2023-01-11 00:00:00+00:00,50055.635170058477,16.061717,1389.39,72371.624152688477,0.3083527452078191440812361265
2023-01-12 00:00:00+00:00,50659.464642144617,15.626554,1415.92,72785.414981824617,0.3039887915072698659937815440
2023-01-13 00:00:00+00:00,50949.305015980790,15.421585,1451.2,73329.109167980790,0.3051967275469392734780178327
2023-01-14 00:00:00+00:00,51329.990104610318,15.158921,1549.9,74824.801762510318,0.3139976465620477182254235149
2023-01-15 00:00:00+00:00,52376.107157322662,14.483089,1552.52,74861.392491602662,0.3003588977696643191065316803
2023-01-16 00:00:00+00:00,52402.940140158206,14.465783,1576.94,75214.611984178206,0.3032877687226327325792644949
2023-01-17 00:00:00+00:00,52649.908086948254,14.308967,1565.57,75051.597553138254,0.2984838457346506127395265522
2023-01-18 00:00:00+00:00,52649.908086948254,14.308967,1511.43,74276.910079758254,0.2911672277372202248809077283
2023-01-19 00:00:00+00:00,52649.908086948254,14.308967,1551.09,74844.403710978254,0.2965418190749041746801124817
2023-01-20 00:00:00+00:00,52649.908086948254,14.308967,1658.52,76381.616035788254,0.3106992124612893456828068645
2023-01-21 00:00:00+00:00,52649.908086948254,14.308967,1626.66,75925.732347168254,0.3065604181964548576130545319
2023-01-22 00:00:00+00:00,52649.908086948254,14.308967,1627.44,75936.893341428254,0.3066623380255604263447425517
2023-01-23 00:00:00+00:00,52649.908086948254,14.308967,1626.29,75920.438029378254,0.3065120611320131057989969901
2023-01-24 00:00:00+00:00,52649.908086948254,14.308967,1555.97,74914.231469938254,0.2971975143591278272472895023
2023-01-25 00:00:00+00:00,52649.908086948254,14.308967,1611.94,75715.104352928254,0.3046313739259604145388173227
2023-01-26 00:00:00+00:00,52649.908086948254,14.308967,1601.09,75559.852060978254,0.3032026049434458201730848433
2023-01-27 00:00:00+00:00,52649.908086948254,14.308967,1597.62,75510.199945488254,0.3027444222772966705173173647
2023-01-28 00:00:00+00:00,52649.908086948254,14.308967,1572.1,75145.035107648254,0.2993561316256600999161622407
2023-01-29 00:00:00+00:00,52649.908086948254,14.308967,1644.72,76184.152291188254,0.3089125952900057316237451505
2023-01-30 00:00:00+00:00,52649.908086948254,14.308967,1566.2,75060.612202348254,0.2985680966068497676451215862
2023-01-31 00:00:00+00:00,3689.472696369890,45.528835,1585.33,75867.700686919890,0.9513696518681238971184053040
2023-02-01 00:00:00+00:00,3689.472696369890,45.528835,1641.68,78433.250539169890,0.9529603494562889235023557140
2023-02-02 00:00:00+00:00,3689.472696369890,45.528835,1643.12,78498.812061569890,0.9529996365616834711696932492
2023-02-03 00:00:00+00:00,3689.472696369890,45.528835,1663.52,79427.600295569890,0.9535492362523802447927415509
2023-02-04 00:00:00+00:00,3689.472696369890,45.528835,1666.38,79557.812763669890,0.9536252623318135095751858239
2023-02-05 00:00:00+00:00,3689.472696369890,45.528835,1629.02,77856.855488069890,0.9526121023866005886765283957
2023-02-06 00:00:00+00:00,3689.472696369890,45.528835,1614.29,77186.215748519890,0.9522003681539389536260342778
2023-02-07 00:00:00+00:00,3689.472696369890,45.528835,1671.03,79769.521846419890,0.9537483413342601598444230632
2023-02-08 00:00:00+00:00,3689.472696369890,45.528835,1650.43,78831.627845419890,0.9531980653297615747636434770
2023-02-09 00:00:00+00:00,3689.472696369890,45.528835,1545.35,74047.457863619890,0.9501742152557737227893238205
2023-02-10 00:00:00+00:00,38829.175266828530,22.760243,1513.06,73266.788540408530,0.4700303365226219113686897415
2023-02-11 00:00:00+00:00,38829.175266828530,22.760243,1538.51,73846.036724758530,0.4741874176463395305625193199
2023-02-12 00:00:00+00:00,3646.612762908330,45.598647,1514.83,72720.811197918330,0.9498546192920807773571940819
2023-02-13 00:00:00+00:00,3646.612762908330,45.598647,1505.24,72283.520173188330,0.9495512565772779690858955484
2023-02-14 00:00:00+00:00,3646.612762908330,45.598647,1555.71,74584.883887278330,0.9511078844284381951031867106
2023-02-15 00:00:00+00:00,3646.612762908330,45.598647,1674.92,80020.698596148330,0.9544291311262826947062565293
2023-02-16 00:00:00+00:00,3646.612762908330,45.598647,1637.84,78329.900765388330,0.9534454566228729285921704149
2023-02-17 00:00:00+00:00,3646.612762908330,45.598647,1693.87,80884.792956798330,0.9549159659114657613952030889
2023-02-18 00:00:00+00:00,3646.612762908330,45.598647,1691.62,80782.196001048330,0.9548587071975487392232267829
2023-02-19 00:00:00+00:00,3646.612762908330,45.598647,1679.75,80240.940061158330,0.9545542118508464445797372559
2023-02-20 00:00:00+00:00,3646.612762908330,45.598647,1703.27,81313.420238598330,0.9551536172970211069645287322
2023-02-21 00:00:00+00:00,3646.612762908330,45.598647,1659.76,79329.423107628330,0.9540320272093637457181759621
2023-02-22 00:00:00+00:00,3646.612762908330,45.598647,1643.14,78571.573594488330,0.9535886504993692268026290158
2023-02-23 00:00:00+00:00,3646.612762908330,45.598647,1650.53,78908.547595818330,0.9537868472552955954490543928
2023-02-24 00:00:00+00:00,3646.612762908330,45.598647,1607.8,76960.117409508330,0.9526168503160599989369857332
2023-02-25 00:00:00+00:00,3646.612762908330,45.598647,1594.58,76357.303296168330,0.9522427769775452518012321005
2023-02-26 00:00:00+00:00,3646.612762908330,45.598647,1641.36,78490.408002828330,0.9535406573147520440038605399
2023-02-27 00:00:00+00:00,3646.612762908330,45.598647,1633.45,78129.722705058330,0.9533261780964667572479340095
2023-02-28 00:00:00+00:00,3646.612762908330,45.598647,1605.23,76842.928886718330,0.9525445891282442110699781941
2023-03-01 00:00:00+00:00,3646.612762908330,45.598647,1665.22,79578.391720248330,0.9541758424104910964774421398
2023-03-02 00:00:00+00:00,31794.899323433076,28.673101,1647.86,79044.155537293076,0.5977577455624505339316436810
2023-03-03 00:00:00+00:00,31617.433334876086,28.780656,1569.45,76787.233894076086,0.5882462262087646323575313439
2023-03-04 00:00:00+00:00,31617.433334876086,28.780656,1566.73,76708.950509756086,0.5878260212821594891111620900
2023-03-05 00:00:00+00:00,31617.433334876086,28.780656,1564.58,76647.072099356086,0.5874932666196168390792595450
2023-03-06 00:00:00+00:00,31617.433334876086,28.780656,1565.84,76683.335725916086,0.5876883414685547958146996417
2023-03-07 00:00:00+00:00,31617.433334876086,28.780656,1561.96,76571.666780636086,0.5870870432342254173798633157
2023-03-08 00:00:00+00:00,31617.433334876086,28.780656,1532.38,75720.334976156086,0.5824446188090393340262627774
2023-03-09 00:00:00+00:00,31617.433334876086,28.780656,1437.32,72984.445816796086,0.5667921708381337048458620236
2023-03-10 00:00:00+00:00,31617.433334876086,28.780656,1426.44,72671.312279516086,0.5649255209089142289605165270
2023-03-11 00:00:00+00:00,31617.433334876086,28.780656,1471.97,73981.695547196086,0.5726316746186768082163365958
2023-03-12 00:00:00+00:00,31617.433334876086,28.780656,1580.33,77100.367431356086,0.5899185128653805140959811065
2023-03-13 00:00:00+00:00,30839.137553472436,29.272506,1673.45,79825.212719172436,0.6136667037522909650446599013
2023-03-14 00:00:00+00:00,31928.551336049236,28.620656,1699.4,80566.494142449236,0.6036993830264412910187213843
2023-03-15 00:00:00+00:00,32226.325210619386,28.445206,1649.96,79159.777302379386,0.5928952012141306701069245489
2023-03-16 00:00:00+00:00,31663.066571860226,28.786142,1673.73,79843.296021520226,0.6034348761939129502873350004
2023-03-17 00:00:00+00:00,31936.962420380633,28.622285,1789.27,83149.958302330633,0.6159112635479762698101484126
2023-03-18 00:00:00+00:00,33258.149914524953,27.882925,1758.84,82299.753721524953,0.5958900432793578922368494950
2023-03-19 00:00:00+00:00,32919.462395468957,28.075238,1780.68,82912.477197308957,0.6029612971624323242147670793
2023-03-20 00:00:00+00:00,33164.560634413124,27.937415,1732.78,81573.954598113124,0.5934417940407139594354343855
2023-03-21 00:00:00+00:00,32628.775245088718,28.246221,1801.23,83506.715896918718,0.6092676511747161816807470910
2023-03-22 00:00:00+00:00,33401.682037685576,27.816563,1734.33,81644.781745475576,0.5908901790954133784265224835
2023-03-23 00:00:00+00:00,32657.058040710248,28.245347,1813.79,83888.185975840248,0.6107073044812834195849257732
2023-03-24 00:00:00+00:00,33553.994555125664,27.750191,1749.57,82104.896222995664,0.5913277271066329692719613482
2023-03-25 00:00:00+00:00,32841.034160060807,28.157168,1741.88,81887.441955900807,0.5989490772254574877761764040
2023-03-26 00:00:00+00:00,32754.866447949431,28.206572,1773.88,82789.940387309431,0.6043617582677918511251728473
2023-03-27 00:00:00+00:00,33115.507529746307,28.003001,1715.22,81146.814904966307,0.5919062557350037384991614845
2023-03-28 00:00:00+00:00,32457.760728042994,28.385982,1772.99,82785.822954222994,0.6079309286326628385104413174
2023-03-29 00:00:00+00:00,33113.590779180994,28.015602,1793.07,83347.526257320994,0.6027045760548604574203523277
2023-03-30 00:00:00+00:00,33338.606625169426,27.889946,1793.61,83362.292670229426,0.6000756990087509673656294163
2023-03-31 00:00:00+00:00,33344.799039751666,27.886489,1821.52,84140.596483031666,0.6037014184172536416945619248
2023-04-01 00:00:00+00:00,33655.834014511138,27.715511,1820.79,84119.959288201138,0.5999066773296479245763382623
2023-04-02 00:00:00+00:00,33648.085554591138,27.719761,1794.51,83391.473866701138,0.5965044866771796029407299173
2023-04-03 00:00:00+00:00,33356.211790454007,27.882198,1810.51,83837.210091434007,0.6021311807242241649828640842
2023-04-04 00:00:00+00:00,4153.947650204001,43.990560,1870.37,86432.571357404001,0.9519400200067267250163809378
2023-04-05 00:00:00+00:00,4153.947650204001,43.990560,1908.69,88118.289616604001,0.9528594158116605262275060410
2023-04-06 00:00:00+00:00,4153.947650204001,43.990560,1872.41,86522.312099804001,0.9519898677070441933102330139
2023-04-07 00:00:00+00:00,4153.947650204001,43.990560,1863.72,86140.034133404001,0.9517768051522845478989226661
2023-04-08 00:00:00+00:00,4153.947650204001,43.990560,1848.82,85484.574789404001,0.9514070502141762791181639198
2023-04-09 00:00:00+00:00,4153.947650204001,43.990560,1858.92,85928.879445404001,0.9516583053681822522569140783
2023-04-10 00:00:00+00:00,4153.947650204001,43.990560,1910.2,88184.715362204001,0.9528949247821195057592720207
2023-04-11 00:00:00+00:00,4153.947650204001,43.990560,1889.86,87289.947371804001,0.9524120729216318654315772810
2023-04-12 00:00:00+00:00,4153.947650204001,43.990560,1917.39,88501.007488604001,0.9530632727459188315245927371
2023-04-13 00:00:00+00:00,4153.947650204001,43.990560,2012.01,92663.394275804001,0.9551716437470425377773129718
2023-04-14 00:00:00+00:00,48590.209706494401,21.876194,2099.99,94529.998344554401,0.4859810583156162507769943438
2023-04-15 00:00:00+00:00,48590.209706494401,21.876194,2090.6,94324.580882894401,0.4848616420907293829289151757
2023-04-16 00:00:00+00:00,4659.205603726629,42.862398,2118.67,95470.482374386629,0.9511974226184843544874664971
2023-04-17 00:00:00+00:00,4659.205603726629,42.862398,2074.0,93555.819055726629,0.9501986551905299665635807457
2023-04-18 00:00:00+00:00,4659.205603726629,42.862398,2103.5,94820.259796726629,0.9508627627290315291088992847
2023-04-19 00:00:00+00:00,4659.205603726629,42.862398,1933.73,87543.510488266629,0.9467784010746165158021081901
2023-04-20 00:00:00+00:00,45906.878064901545,21.504116,1942.98,87688.945370581545,0.4764804403691382333967455436
2023-04-21 00:00:00+00:00,45906.878064901545,21.504116,1848.78,85663.257643381545,0.4641007203343454652404343908
2023-04-22 00:00:00+00:00,4229.041786235265,44.018396,1874.16,86726.558833595265,0.9512370622896539833027200391
2023-04-23 00:00:00+00:00,4229.041786235265,44.018396,1862.0,86191.295138235265,0.9509342355344278555430214706
2023-04-24 00:00:00+00:00,4229.041786235265,44.018396,1841.84,85303.884274875265,0.9504238075184478592564161826
2023-04-25 00:00:00+00:00,4229.041786235265,44.018396,1866.1,86371.770561835265,0.9510367593633198703507864822
2023-04-26 00:00:00+00:00,45291.730395966705,21.985204,1866.01,86316.340912006705,0.4752820854380474347512635197
2023-04-27 00:00:00+00:00,45291.730395966705,21.985204,1908.68,87254.449566686705,0.4809235446342343086059179568
2023-04-28 00:00:00+00:00,4309.515974319909,43.428823,1890.94,86430.814537939909,0.9501391257578835848111363194
2023-04-29 00:00:00+00:00,4309.515974319909,43.428823,1907.8,87163.024493719909,0.9505579802978221644551415296
2023-04-30 00:00:00+00:00,4309.515974319909,43.428823,1870.09,85525.323578389909,0.9496112286512434203262713826
2023-05-01 00:00:00+00:00,4309.515974319909,43.428823,1830.73,83815.965105109909,0.9485835906212434004775564263
2023-05-02 00:00:00+00:00,4309.515974319909,43.428823,1870.08,85524.889290159909,0.9496109727812796875115781672
2023-05-03 00:00:00+00:00,4309.515974319909,43.428823,1905.12,87046.635248079909,0.9504918718335529332097963946
2023-05-04 00:00:00+00:00,4309.515974319909,43.428823,1877.07,85828.456762929909,0.9497891942036964581652329119
2023-05-05 00:00:00+00:00,4309.515974319909,43.428823,1993.3,90876.188860219909,0.9525781612502639394811612009
2023-05-06 00:00:00+00:00,4309.515974319909,43.428823,1896.33,86664.895893909909,0.9502737996755299156245769824
2023-05-07 00:00:00+00:00,45445.525795971708,21.708154,1870.4,86048.457037571708,0.4718612353952072312837871027
2023-05-08 00:00:00+00:00,45445.525795971708,21.708154,1847.56,85552.642800211708,0.4688004448664530465611544259
2023-05-09 00:00:00+00:00,45445.525795971708,21.708154,1846.52,85530.066320051708,0.4686602296563701123159017844
2023-05-10 00:00:00+00:00,45445.525795971708,21.708154,1840.84,85406.764005331708,0.4678931308867448771493800566
2023-05-11 00:00:00+00:00,45445.525795971708,21.708154,1794.3,84396.466518171708,0.4615233590829698099216644910
2023-05-12 00:00:00+00:00,45445.525795971708,21.708154,1807.45,84681.928743271708,0.4633385602995902136741925642
2023-05-13 00:00:00+00:00,45445.525795971708,21.708154,1795.11,84414.050122911708,0.4616355247757877886007318196
2023-05-14 00:00:00+00:00,45445.525795971708,21.708154,1799.21,84503.053554311708,0.4622025609197304269540436147
2023-05-15 00:00:00+00:00,45445.525795971708,21.708154,1816.2,84871.875090771708,0.4645396281469325912667541954
2023-05-16 00:00:00+00:00,4190.042566629601,44.393813,1824.21,85173.680179359601,0.9508058996886577309257545894
2023-05-17 00:00:00+00:00,4190.042566629601,44.393813,1822.12,85080.897110189601,0.9507522521629854076915673674
2023-05-18 00:00:00+00:00,4190.042566629601,44.393813,1800.56,84123.766501909601,0.9501919286206177245156294776
2023-05-19 00:00:00+00:00,4190.042566629601,44.393813,1812.32,84645.837742789601,0.9504991305141105769274498366
2023-05-20 00:00:00+00:00,4190.042566629601,44.393813,1819.42,84961.033815089601,0.9506827732846463583587094608
2023-05-21 00:00:00+00:00,4190.042566629601,44.393813,1804.91,84316.879588459601,0.9503060053090118206101416816
2023-05-22 00:00:00+00:00,4190.042566629601,44.393813,1817.35,84869.138622179601,0.9506293732368036524731219138
2023-05-23 00:00:00+00:00,4190.042566629601,44.393813,1854.05,86498.391559279601,0.9515593008020495308356748325
2023-05-24 00:00:00+00:00,4190.042566629601,44.393813,1799.89,84094.022647199601,0.9501743116248805965770981464
2023-05-25 00:00:00+00:00,4190.042566629601,44.393813,1805.6,84347.511319429601,0.9503240522324169965690615283
2023-05-26 00:00:00+00:00,4190.042566629601,44.393813,1827.79,85332.610029899601,0.9508975224692944876088937168
2023-05-27 00:00:00+00:00,4190.042566629601,44.393813,1829.89,85425.837037199601,0.9509511090326805714935726855
2023-05-28 00:00:00+00:00,4190.042566629601,44.393813,1908.64,88921.849810949601,0.9528794938978692921965777246
2023-05-29 00:00:00+00:00,46628.730878841313,22.129829,1892.6,88511.645244241313,0.4731910049782399552547592681
2023-05-30 00:00:00+00:00,4370.718823289153,44.428861,1900.59,88811.767751279153,0.9507867151622347740166458054
2023-05-31 00:00:00+00:00,4370.718823289153,44.428861,1873.63,87613.965658719153,0.9501139026132623357140308357
2023-06-01 00:00:00+00:00,45943.218056528567,22.211767,1861.78,87296.641621788567,0.4737115059296680333505582507
2023-06-02 00:00:00+00:00,45943.218056528567,22.211767,1906.68,88293.949960088567,0.4796561024023023366161625882
2023-06-03 00:00:00+00:00,4360.721985015827,43.992187,1892.06,87596.579320235827,0.9502181247389365855695972262
2023-06-04 00:00:00+00:00,4360.721985015827,43.992187,1890.01,87506.395336885827,0.9501668195995534405370559529
2023-06-05 00:00:00+00:00,4360.721985015827,43.992187,1810.5,84008.576548515827,0.9480919429399275122371893234
2023-06-06 00:00:00+00:00,33565.239666419276,27.840464,1884.64,86034.491739379276,0.6098629864857333391207103136
2023-06-07 00:00:00+00:00,4263.697557091406,43.367750,1832.13,83719.053364591406,0.9490713596757567071558269779
2023-06-08 00:00:00+00:00,33449.457063674702,27.416966,1845.64,84051.306191914702,0.6020352499067722329102926627
2023-06-09 00:00:00+00:00,33449.457063674702,27.416966,1840.37,83906.818781094702,0.6013499552290105426555761944
2023-06-10 00:00:00+00:00,33449.457063674702,27.416966,1751.53,81471.095521654702,0.5894316033250839775514384404
2023-06-11 00:00:00+00:00,33449.457063674702,27.416966,1752.76,81504.818389834702,0.5896014772563860435219543601
2023-06-12 00:00:00+00:00,33449.457063674702,27.416966,1742.57,81225.439506294702,0.5881898914060972229542230670
2023-06-13 00:00:00+00:00,33449.457063674702,27.416966,1740.12,81158.267939594702,0.5878490520698297451258519041
2023-06-14 00:00:00+00:00,33449.457063674702,27.416966,1650.95,78713.497081374702,0.5750480120443084797033218670
2023-06-15 00:00:00+00:00,33449.457063674702,27.416966,1666.96,79152.442707034702,0.5774046141888446180038927136
2023-06-16 00:00:00+00:00,33449.457063674702,27.416966,1717.92,80549.611294394702,0.5847347178197694461664735313
2023-06-17 00:00:00+00:00,33449.457063674702,27.416966,1727.76,80819.394239834702,0.5861209134479264393797455335
2023-06-18 00:00:00+00:00,33449.457063674702,27.416966,1720.95,80632.684701374702,0.5851625530322392436478240523
2023-06-19 00:00:00+00:00,33449.457063674702,27.416966,1737.11,81075.742871934702,0.5874295334362749935392824098
2023-06-20 00:00:00+00:00,56722.534627243472,14.001865,1791.99,81813.736688593472,0.3066869095205161656022885729
2023-06-21 00:00:00+00:00,56722.534627243472,14.001865,1889.11,83173.597817393472,0.3180223518552480740184067710
2023-06-22 00:00:00+00:00,4090.341703766192,41.826681,1872.01,82390.306802576192,0.9503540906387510307769502650
2023-06-23 00:00:00+00:00,4090.341703766192,41.826681,1892.63,83252.772964796192,0.9508684028399172804351286014
2023-06-24 00:00:00+00:00,4090.341703766192,41.826681,1874.96,82513.695511526192,0.9504283297650288925538301954
2023-06-25 00:00:00+00:00,4090.341703766192,41.826681,1898.8,83510.843586566192,0.9510202324860220093302060998
2023-06-26 00:00:00+00:00,4090.341703766192,41.826681,1858.97,81844.886882336192,0.9500232469054951828502711396
2023-06-27 00:00:00+00:00,4090.341703766192,41.826681,1889.58,83125.201587746192,0.9507930010918714557815109489
2023-06-28 00:00:00+00:00,4090.341703766192,41.826681,1828.02,80550.351105386192,0.9492200636293355459631284204
2023-06-29 00:00:00+00:00,42239.496095952635,20.930518,1851.99,81002.606126772635,0.4785415171723491329546058219
2023-06-30 00:00:00+00:00,42239.496095952635,20.930518,1933.79,82714.722499172635,0.4893352136147813205685649680
2023-07-01 00:00:00+00:00,4086.213253391375,40.634597,1924.5,82287.495179891375,0.9503422331125966219387826043
2023-07-02 00:00:00+00:00,4086.213253391375,40.634597,1937.48,82814.932248951375,0.9506584966934738302112804541
2023-07-03 00:00:00+00:00,4086.213253391375,40.634597,1955.54,83548.793070771375,0.9510918936922274739749649627
2023-07-04 00:00:00+00:00,4086.213253391375,40.634597,1936.2,82762.919964791375,0.9506274880691774376993905297
2023-07-05 00:00:00+00:00,4086.213253391375,40.634597,1910.36,81712.921978311375,0.9499930591825371660704148500
2023-07-06 00:00:00+00:00,4086.213253391375,40.634597,1846.17,79104.587196881375,0.9483441681678800269556625011
2023-07-07 00:00:00+00:00,31606.014206588903,25.708765,1870.91,79704.799732738903,0.6034615943761455735456044883
2023-07-08 00:00:00+00:00,3949.346686658291,40.471962,1865.24,79439.269087538291,0.9502847051335996174532492590
2023-07-09 00:00:00+00:00,3949.346686658291,40.471962,1862.8,79340.517500258291,0.9502228267335736245463757976
2023-07-10 00:00:00+00:00,3949.346686658291,40.471962,1880.4,80052.824031458291,0.9506657418468295440676965846
2023-07-11 00:00:00+00:00,3949.346686658291,40.471962,1878.3,79967.832911258291,0.9506133085907060855642247996
2023-07-12 00:00:00+00:00,41933.880594175565,20.222920,1871.82,79787.546708575565,0.4744307561261497994252911927
2023-07-13 00:00:00+00:00,41933.880594175565,20.222920,2004.49,82470.521504975565,0.4915288538384514306527246273
2023-07-14 00:00:00+00:00,4074.373027136855,39.085750,1937.83,79815.911949636855,0.9489528725837556190562880355
2023-07-15 00:00:00+00:00,4074.373027136855,39.085750,1931.41,79564.981434636855,0.9487918811307210735814735970
2023-07-16 00:00:00+00:00,4074.373027136855,39.085750,1922.11,79201.483959636855,0.9485568600051324553607084185
2023-07-17 00:00:00+00:00,4074.373027136855,39.085750,1911.2,78775.058427136855,0.9482783877474942867457457947
2023-07-18 00:00:00+00:00,4074.373027136855,39.085750,1897.21,78228.248784636855,0.9479168575235060628134368330
2023-07-19 00:00:00+00:00,4074.373027136855,39.085750,1888.63,77892.893049636855,0.9476926216549630369274221167
2023-07-20 00:00:00+00:00,4074.373027136855,39.085750,1891.59,78008.586869636855,0.9477701982482300798617562948
2023-07-21 00:00:00+00:00,4074.373027136855,39.085750,1891.73,78014.058874636855,0.9477738617127447765934697972
2023-07-22 00:00:00+00:00,4074.373027136855,39.085750,1866.52,77028.707117136855,0.9471057845883224684144891115
2023-07-23 00:00:00+00:00,30776.726110969727,24.761172,1888.73,77543.894502529727,0.6031057466430746150989599160
2023-07-24 00:00:00+00:00,3842.238552769799,39.003216,1850.0,75998.188152769799,0.9494430242857077068458568387
2023-07-25 00:00:00+00:00,30364.751154994799,24.648061,1857.66,76152.468152254799,0.6012637293083490314216331006
2023-07-26 00:00:00+00:00,30364.751154994799,24.648061,1872.0,76505.921346994799,0.6031058691878946225015213167
2023-07-27 00:00:00+00:00,3790.783668370032,38.825202,1861.28,76055.355646930032,0.9501575709412510430847925511
2023-07-28 00:00:00+00:00,30387.676842534717,24.517107,1874.19,76337.393610864717,0.6019293375742161583737733868
2023-07-29 00:00:00+00:00,3782.340896646777,38.694246,1880.46,76545.322729806777,0.9505869103198132829215746032
2023-07-30 00:00:00+00:00,3782.340896646777,38.694246,1861.79,75822.901156986777,0.9501161148026284744944454797
2023-07-31 00:00:00+00:00,30294.650533971603,24.435484,1856.14,75650.329805731603,0.5995437083781709234852344345
2023-08-01 00:00:00+00:00,30294.650533971603,24.435484,1873.47,76073.796743451603,0.6017728596334407035981813830
2023-08-02 00:00:00+00:00,3769.265053908371,38.575452,1839.9,74744.239188708371,0.9495711630110779866205343022
2023-08-03 00:00:00+00:00,29863.729033087151,24.374446,1835.81,74610.580744347151,0.5997386867230655115293924871
2023-08-04 00:00:00+00:00,29863.729033087151,24.374446,1830.23,74474.571335667151,0.5990077083023786619341722428
2023-08-05 00:00:00+00:00,29863.729033087151,24.374446,1836.48,74626.911623167151,0.5998262773637778956210412915
2023-08-06 00:00:00+00:00,29863.729033087151,24.374446,1830.28,74475.790057967151,0.5990142701427786043152917355
2023-08-07 00:00:00+00:00,52104.103158605999,12.207278,1829.1,74432.435348405999,0.2999812122938708917627487315
2023-08-08 00:00:00+00:00,52104.103158605999,12.207278,1856.3,74764.473310005999,0.3030900793942633307987348652
2023-08-09 00:00:00+00:00,3675.349580287899,38.262268,1855.35,74665.248514087899,0.9507756331970899274226395966
2023-08-10 00:00:00+00:00,3675.349580287899,38.262268,1852.47,74555.053182247899,0.9507028776265023643577295476
2023-08-11 00:00:00+00:00,39095.298697932030,19.116989,1848.84,74439.552640692030,0.4748047602241933739512335073
2023-08-12 00:00:00+00:00,3675.993826108710,38.249699,1849.93,74435.259497178710,0.9506148853253068899399676987
2023-08-13 00:00:00+00:00,3675.993826108710,38.249699,1840.73,74083.362266378710,0.9503803051906434847531633953
2023-08-14 00:00:00+00:00,3675.993826108710,38.249699,1845.5,74265.813330608710,0.9505022073919219245873498765
2023-08-15 00:00:00+00:00,3675.993826108710,38.249699,1828.98,73633.928303128710,0.9500774451286131259773038189
2023-08-16 00:00:00+00:00,3675.993826108710,38.249699,1807.81,72824.182175298710,0.9495223466120080486828141586
2023-08-17 00:00:00+00:00,3675.993826108710,38.249699,1681.49,67992.480197618710,0.9459352884991912126651652728
2023-08-18 00:00:00+00:00,35654.426927476920,19.207029,1661.59,67568.634243586920,0.4723228118102600834789574385
2023-08-19 00:00:00+00:00,35654.426927476920,19.207029,1669.67,67723.827037906920,0.4735320124847619713708902885
2023-08-20 00:00:00+00:00,35654.426927476920,19.207029,1685.24,68022.880479436920,0.4758465581554558078891600336
2023-08-21 00:00:00+00:00,35654.426927476920,19.207029,1667.55,67683.108136426920,0.4732152835592404587432094087
2023-08-22 00:00:00+00:00,35654.426927476920,19.207029,1634.99,67057.727272186920,0.4683024853682289123709294007
2023-08-23 00:00:00+00:00,35654.426927476920,19.207029,1679.61,67914.744906166920,0.4750119877982585056018838651
2023-08-24 00:00:00+00:00,35654.426927476920,19.207029,1661.16,67560.375221116920,0.4722583050969699048079249607
2023-08-25 00:00:00+00:00,35654.426927476920,19.207029,1653.8,67419.011487676920,0.4711517398324067771609783289
2023-08-26 00:00:00+00:00,35654.426927476920,19.207029,1647.04,67289.171971636920,0.4701312873562238410927030771
2023-08-27 00:00:00+00:00,35654.426927476920,19.207029,1658.33,67506.019329046920,0.4718333671300433786893874867
2023-08-28 00:00:00+00:00,35654.426927476920,19.207029,1653.08,67405.182426796920,0.4710432396470674336553194424
2023-08-29 00:00:00+00:00,35654.426927476920,19.207029,1729.42,68871.447020656920,0.4823046636905577306444170427
2023-08-30 00:00:00+00:00,35654.426927476920,19.207029,1705.23,68406.828989146920,0.4787884856768661172429127232
2023-08-31 00:00:00+00:00,35654.426927476920,19.207029,1645.76,67264.586974516920,0.4699376219914270493657724355
2023-09-01 00:00:00+00:00,35654.426927476920,19.207029,1629.12,66944.982011956920,0.4674070280411943580517159950
2023-09-02 00:00:00+00:00,35654.426927476920,19.207029,1637.03,67096.909611346920,0.4686129788390833132820058939
2023-09-03 00:00:00+00:00,35654.426927476920,19.207029,1635.84,67074.053246836920,0.4684319017330548393500252812
2023-09-04 00:00:00+00:00,35654.426927476920,19.207029,1630.51,66971.679782266920,0.4676193423340462666304068002
2023-09-05 00:00:00+00:00,35654.426927476920,19.207029,1634.45,67047.355476526920,0.4682202351745337821395602311
2023-09-06 00:00:00+00:00,35654.426927476920,19.207029,1633.15,67022.386338826920,0.4680221210383573368561689477
2023-09-07 00:00:00+00:00,35654.426927476920,19.207029,1648.11,67309.723492666920,0.4702930709355639636911621750
2023-09-08 00:00:00+00:00,35654.426927476920,19.207029,1636.44,67085.577464236920,0.4685232165366070415784376389
2023-09-09 00:00:00+00:00,35654.426927476920,19.207029,1635.54,67068.291138136920,0.4683862325634414698785524556
2023-09-10 00:00:00+00:00,35654.426927476920,19.207029,1617.42,66720.259772656920,0.4656131878238174762581135387
2023-09-11 00:00:00+00:00,35654.426927476920,19.207029,1551.85,65460.854881126920,0.4553320913357567376705164871
2023-09-12 00:00:00+00:00,35654.426927476920,19.207029,1592.97,66250.647913606920,0.4618252341626681810121181785
2023-09-13 00:00:00+00:00,35654.426927476920,19.207029,1607.62,66532.030888456920,0.4641013290688103550668495140
2023-09-14 00:00:00+00:00,35654.426927476920,19.207029,1626.47,66894.083385106920,0.4670017866570408074210377970
2023-09-15 00:00:00+00:00,35654.426927476920,19.207029,1641.29,67178.731554886920,0.4692601943764560849452033041
2023-09-16 00:00:00+00:00,35654.426927476920,19.207029,1634.4,67046.395125076920,0.4682126181286467053050757812
2023-09-17 00:00:00+00:00,35654.426927476920,19.207029,1622.48,66817.447339396920,0.4663904661551722003022700515
2023-09-18 00:00:00+00:00,35654.426927476920,19.207029,1636.66,67089.803010616920,0.4685566907711052765890285438
2023-09-19 00:00:00+00:00,35654.426927476920,19.207029,1643.12,67213.880417956920,0.4695377397381828347845340274
2023-09-20 00:00:00+00:00,35654.426927476920,19.207029,1622.26,66813.221793016920,0.4663567184661136379085127253
2023-09-21 00:00:00+00:00,35654.426927476920,19.207029,1583.94,66077.208441736920,0.4604126329138897879512055027
2023-09-22 00:00:00+00:00,35654.426927476920,19.207029,1593.08,66252.760686796920,0.4618423963337989945253233022
2023-09-23 00:00:00+00:00,35654.426927476920,19.207029,1593.86,66267.742169416920,0.4619640603368600026697003781
2023-09-24 00:00:00+00:00,35654.426927476920,19.207029,1580.71,66015.169738066920,0.4599055479377615278492129202
2023-09-25 00:00:00+00:00,35654.426927476920,19.207029,1588.33,66161.527299046920,0.4611003043155182041578570707
2023-09-26 00:00:00+00:00,35654.426927476920,19.207029,1594.01,66270.623223766920,0.4619874509541353039844228077
2023-09-27 00:00:00+00:00,35654.426927476920,19.207029,1598.64,66359.551768036920,0.4627084424543926314289113090
2023-09-28 00:00:00+00:00,35654.426927476920,19.207029,1652.99,67403.453794186920,0.4710296739934732124557388669
2023-09-29 00:00:00+00:00,35654.426927476920,19.207029,1667.45,67681.187433526920,0.4732003341032555562780637508
2023-09-30 00:00:00+00:00,27061.318767967800,24.353781,1670.89,67753.807903057800,0.6005933894270982448177620285
2023-10-01 00:00:00+00:00,27101.471456706066,24.329719,1733.79,69284.094961716066,0.6088355996902120452809623679
2023-10-02 00:00:00+00:00,27712.940974604166,23.976584,1662.4,67571.614216204166,0.5898730362436953504328618523
2023-10-03 00:00:00+00:00,47274.834871773735,12.194077,1656.88,67478.957171533735,0.2994136712634792896711967310
2023-10-04 00:00:00+00:00,47274.834871773735,12.194077,1646.58,67353.358178433735,0.2981072339922177719520624646
2023-10-05 00:00:00+00:00,26914.910053189839,24.543001,1611.79,66473.073634979839,0.5951005635607239033676428517
2023-10-06 00:00:00+00:00,26914.910053189839,24.543001,1645.03,67288.882988219839,0.6000095579250172601898523008
2023-10-07 00:00:00+00:00,26914.910053189839,24.543001,1633.57,67007.620196759839,0.5983306081583343188430517741
2023-10-08 00:00:00+00:00,46879.175430592143,12.305769,1632.84,66972.527284552143,0.3000237958556884965423108429
2023-10-09 00:00:00+00:00,46879.175430592143,12.305769,1580.13,66323.890200562143,0.2931781400513384234632413113
2023-10-10 00:00:00+00:00,46426.135980009021,12.592107,1567.63,66165.900676419021,0.2983374290171959927474922040
2023-10-11 00:00:00+00:00,46315.900474928547,12.662336,1566.87,66156.134883248547,0.2999001444587683004829574411
2023-10-12 00:00:00+00:00,46309.198147294851,12.666608,1539.61,65810.834490174851,0.2963286591631272086247127003
2023-10-13 00:00:00+00:00,46309.198147294851,12.666608,1552.16,65969.800420574851,0.2980242800181065099030552964
2023-10-14 00:00:00+00:00,46309.198147294851,12.666608,1554.94,66005.013590814851,0.2983987786991507754763908729
2023-10-15 00:00:00+00:00,46203.373036402933,12.734577,1557.77,66040.915049692933,0.3003826036989812663864662045
2023-10-16 00:00:00+00:00,46228.697614437241,12.718299,1599.42,66570.599401017241,0.3055688542631503304913985602
2023-10-17 00:00:00+00:00,46598.850267735685,12.486567,1565.01,66140.452488405685,0.2954561313909307084953469101
2023-10-18 00:00:00+00:00,46297.927575815269,12.678599,1563.44,66120.156396375269,0.2997910153407722699643700905
2023-10-19 00:00:00+00:00,46284.181074114484,12.687380,1566.57,66159.849960714484,0.3004188930053818324537497601
2023-10-20 00:00:00+00:00,46311.859235537653,12.669689,1603.89,66632.646725747653,0.3049674369659670783676210607
2023-10-21 00:00:00+00:00,46642.335163679749,12.463373,1628.94,66944.421978299749,0.3032677886322028015050118362
2023-10-22 00:00:00+00:00,46860.812528578015,12.329076,1663.7,67372.696269778015,0.3044539535580558740028081859
2023-10-23 00:00:00+00:00,47160.412467714163,12.148760,1765.46,68608.562297314163,0.3126162261884277412864144538
2023-10-24 00:00:00+00:00,48024.953537387311,11.658428,1784.98,68835.014348827311,0.3023179555971796632745425007
2023-10-25 00:00:00+00:00,48184.303689756925,11.569039,1787.15,68859.911738606925,0.3002560927951064384630380722
2023-10-26 00:00:00+00:00,48201.916359681865,11.559171,1803.38,69047.494157661865,0.3019020176225594060570021262
2023-10-27 00:00:00+00:00,48333.156750998182,11.486302,1779.4,68771.882529798182,0.2971959618808471709089750988
2023-10-28 00:00:00+00:00,48333.156750998182,11.486302,1776.2,68735.126363398182,0.2968201368327469406834072537
2023-10-29 00:00:00+00:00,48333.156750998182,11.486302,1795.14,68952.676923278182,0.2990387189060519603446763583
2023-10-30 00:00:00+00:00,48333.156750998182,11.486302,1809.04,69112.336521078182,0.3006580419075062680439107382
2023-10-31 00:00:00+00:00,48378.497148636238,11.461206,1814.67,69176.803840656238,0.3006543456376995169588830681
2023-11-01 00:00:00+00:00,48423.705244760143,11.436261,1846.99,69546.364949150143,0.3037205426888112148447793896
2023-11-02 00:00:00+00:00,48682.119239349052,11.296168,1800.8,69024.258573749052,0.2947100013057788485881387309
2023-11-03 00:00:00+00:00,48682.119239349052,11.296168,1832.71,69384.719294629052,0.2983740550620423355130207489
2023-11-04 00:00:00+00:00,48682.119239349052,11.296168,1855.54,69642.610810069052,0.3009722255801687292584606965
2023-11-05 00:00:00+00:00,48749.739872698072,11.259678,1891.71,70049.785342078072,0.3040701033609779857202406918
2023-11-06 00:00:00+00:00,27992.965667265991,22.217925,1900.95,70228.130196015991,0.6013995305138564139382850688
2023-11-07 00:00:00+00:00,28091.124613331551,22.166221,1885.27,69880.436078001551,0.5980116011014036546380049298
2023-11-08 00:00:00+00:00,27951.905939029051,22.239971,1888.12,69943.639983549051,0.6003652948916667598030753102
2023-11-09 00:00:00+00:00,27977.334002866696,22.226486,2121.32,75126.823284386696,0.6275986022068217513228750999
2023-11-10 00:00:00+00:00,30048.123994866562,21.249040,2077.72,74197.679383666562,0.5950260945562513350493906241
2023-11-11 00:00:00+00:00,29678.593369189134,21.426663,2053.17,73671.175040899134,0.5971478213465058923919863512
2023-11-12 00:00:00+00:00,29468.111417624770,21.529046,2044.68,73488.121192904770,0.5990085072351816109674916770
2023-11-13 00:00:00+00:00,29395.240156808249,21.564639,2053.65,73681.461039158249,0.6010497112538789878955101661
2023-11-14 00:00:00+00:00,29472.484175172059,21.526977,1979.39,72082.767179202059,0.5911299561807650185768691770
2023-11-15 00:00:00+00:00,28832.362320362219,21.849949,2058.48,73810.045337882219,0.6093707545040035848031663493
2023-11-16 00:00:00+00:00,29523.208323558554,21.513904,1961.77,71728.539773638554,0.5884036059185352311274395536
2023-11-17 00:00:00+00:00,29523.208323558554,21.513904,1960.82,71708.101564838554,0.5882862929112182314520788072
2023-11-18 00:00:00+00:00,28682.150099910804,21.942279,1962.6,71746.066865310804,0.6002268646481217404858769490
2023-11-19 00:00:00+00:00,28698.318458594421,21.934030,2011.47,72817.961782694421,0.6058895668593853689071653663
2023-11-20 00:00:00+00:00,29126.628460975200,21.720819,2021.4,73033.091987575200,0.6011858779588520543052339206
2023-11-21 00:00:00+00:00,29213.212009335663,21.677930,1933.01,71116.867478635663,0.5892224581164004047727097017
2023-11-22 00:00:00+00:00,28445.752012533294,22.074443,2063.21,73989.963554563294,0.6155458031607731955655391405
2023-11-23 00:00:00+00:00,29594.580144275226,21.516905,2062.2,73966.741635275226,0.5998934184473880364679443701
2023-11-24 00:00:00+00:00,29586.772791884413,21.520686,2080.84,74367.877048124413,0.6021565497595362243394016485
2023-11-25 00:00:00+00:00,29746.942961783605,21.443612,2083.09,74415.916682863605,0.6002610155491951342924483487
2023-11-26 00:00:00+00:00,29766.427912974625,21.434246,2062.33,73970.916466154625,0.5975928197862162906008053880
2023-11-27 00:00:00+00:00,29766.427912974625,21.434246,2027.5,73224.361677974625,0.5934901004138332013674942208
2023-11-28 00:00:00+00:00,29766.427912974625,21.434246,2048.14,73666.764515414625,0.5959313795199182564746383024
2023-11-29 00:00:00+00:00,3649.430370771059,34.169259,2028.81,72972.364722561059,0.9499888706547184846788379826
2023-11-30 00:00:00+00:00,38265.254691061619,17.084833,2051.96,73322.648613741619,0.4781250348355499522548363713
2023-12-01 00:00:00+00:00,38265.254691061619,17.084833,2087.24,73925.401521981619,0.4823801575202334635170056292
2023-12-02 00:00:00+00:00,3651.331334079959,33.646888,2164.74,76488.095663199959,0.9522627501388207295619906320
2023-12-03 00:00:00+00:00,3651.331334079959,33.646888,2192.95,77437.274373679959,0.9528478841279955403106503432
2023-12-04 00:00:00+00:00,3651.331334079959,33.646888,2243.37,79133.750466639959,0.9538587352103419705202162984
2023-12-05 00:00:00+00:00,3651.331334079959,33.646888,2293.33,80814.748991119959,0.9548185030620936217317214820
2023-12-06 00:00:00+00:00,3651.331334079959,33.646888,2232.7,78774.738171679959,0.9536484484896372928956673601
2023-12-07 00:00:00+00:00,3651.331334079959,33.646888,2355.73,82914.314802319959,0.9559625941215907627099424383
2023-12-08 00:00:00+00:00,3651.331334079959,33.646888,2358.72,83014.918997439959,0.9560159622128576679080945240
2023-12-09 00:00:00+00:00,3651.331334079959,33.646888,2340.49,82401.536229199959,0.9556885526512057119369026024
2023-12-10 00:00:00+00:00,3651.331334079959,33.646888,2352.39,82801.934196399959,0.9559028255859425245663553849
2023-12-11 00:00:00+00:00,3651.331334079959,33.646888,2225.12,78519.694760639959,0.9534978918956485312068010472
2023-12-12 00:00:00+00:00,3651.331334079959,33.646888,2203.46,77790.903166559959,0.9530622324018785801560194277
2023-12-13 00:00:00+00:00,40792.057076493926,16.769385,2260.16,78693.550278093926,0.4816340483770333984368077688
2023-12-14 00:00:00+00:00,40792.057076493926,16.769385,2315.32,79618.549554693926,0.4876563651982652465731883909
2023-12-15 00:00:00+00:00,40792.057076493926,16.769385,2220.5,78028.476468993926,0.4772157688776172304708050630
2023-12-16 00:00:00+00:00,40792.057076493926,16.769385,2228.96,78170.345466093926,0.4781645541762724172439240610
2023-12-17 00:00:00+00:00,40792.057076493926,16.769385,2196.52,77626.346616693926,0.4745075756570335057548886537
2023-12-18 00:00:00+00:00,40792.057076493926,16.769385,2219.43,78010.533227043926,0.4770955230139032555757573438
2023-12-19 00:00:00+00:00,3852.577516936286,33.391380,2177.91,76575.997932736286,0.9496894899062189465406353312
2023-12-20 00:00:00+00:00,3852.577516936286,33.391380,2202.17,77386.072811536286,0.9502161386801635818683122319
2023-12-21 00:00:00+00:00,3852.577516936286,33.391380,2239.61,78636.246078736286,0.9510076115144305427756928231
2023-12-22 00:00:00+00:00,3852.577516936286,33.391380,2324.54,81472.175982136286,0.9527129664760517990487915431
2023-12-23 00:00:00+00:00,3852.577516936286,33.391380,2308.2,80926.560832936286,0.9523941524601608154568276152
2023-12-24 00:00:00+00:00,3852.577516936286,33.391380,2264.05,79452.331405936286,0.9515108311013207042843913995
2023-12-25 00:00:00+00:00,3852.577516936286,33.391380,2271.35,79696.088479936286,0.9516591392323327988053479542
2023-12-26 00:00:00+00:00,3852.577516936286,33.391380,2230.88,78344.739331336286,0.9508253196089793593670381213
2023-12-27 00:00:00+00:00,3852.577516936286,33.391380,2378.35,83268.966139936286,0.9537333331308341156448408615
2023-12-28 00:00:00+00:00,3852.577516936286,33.391380,2344.15,82126.980943936286,0.9530899897615104663624765532
2023-12-29 00:00:00+00:00,3852.577516936286,33.391380,2299.2,80626.038412936286,0.9522167082400250032404975501
2023-12-30 00:00:00+00:00,42278.652049845566,16.656823,2291.68,80450.760182485566,0.4744779048209691367023918534
2023-12-31 00:00:00+00:00,42278.652049845566,16.656823,2281.87,80287.356748855566,0.4734083452006505944179232350
2024-01-01 00:00:00+00:00,3964.625215109129,33.425650,2352.04,82583.091041109129,0.9519922884318343837220928509
2024-01-02 00:00:00+00:00,3964.625215109129,33.425650,2355.34,82693.395686109129,0.9520563258744602697148170177
2024-01-03 00:00:00+00:00,3964.625215109129,33.425650,2209.72,77825.952533109129,0.9490578003086762460263341891
2024-01-04 00:00:00+00:00,40810.662999888941,16.729417,2267.11,78738.091574758941,0.4816909810273886606604038877
2024-01-05 00:00:00+00:00,40810.662999888941,16.729417,2268.78,78766.029701148941,0.4818748240233613585046774952
2024-01-06 00:00:00+00:00,40810.662999888941,16.729417,2240.78,78297.606025148941,0.4787750855782144044164458241
2024-01-07 00:00:00+00:00,40810.662999888941,16.729417,2221.42,77973.724512028941,0.4766100599235436766801261187
2024-01-08 00:00:00+00:00,40810.662999888941,16.729417,2330.44,79797.565553368941,0.4885725809192186289781546684
2024-01-09 00:00:00+00:00,40810.662999888941,16.729417,2344.29,80029.267978818941,0.4900532763752112209753893414
2024-01-10 00:00:00+00:00,40810.662999888941,16.729417,2584.38,84045.833706348941,0.5144237233403034721935549118
2024-01-11 00:00:00+00:00,40810.662999888941,16.729417,2618.01,84608.444000058941,0.5176525997823513813599530140
2024-01-12 00:00:00+00:00,40810.662999888941,16.729417,2522.54,83011.286559068941,0.5083721179185796302605474861
2024-01-13 00:00:00+00:00,40810.662999888941,16.729417,2578.19,83942.278615118941,0.5138246939065282267484711837
2024-01-14 00:00:00+00:00,40810.662999888941,16.729417,2472.87,82180.336416678941,0.5034011202756989738434279892
2024-01-15 00:00:00+00:00,40810.662999888941,16.729417,2511.78,82831.278032148941,0.5073037146179336121032349007
2024-01-16 00:00:00+00:00,40810.662999888941,16.729417,2587.4,84096.356545688941,0.5147154445660579411836065469
2024-01-17 00:00:00+00:00,40810.662999888941,16.729417,2530.19,83139.266599118941,0.5091289029927354759963912952
2024-01-18 00:00:00+00:00,40810.662999888941,16.729417,2470.81,82145.873817658941,0.5031927825069181787933516362
2024-01-19 00:00:00+00:00,40810.662999888941,16.729417,2492.0,82500.370163888941,0.5053275164848643523069719417
2024-01-20 00:00:00+00:00,40810.662999888941,16.729417,2472.01,82165.949118058941,0.5033141655644878223600618364
2024-01-21 00:00:00+00:00,40810.662999888941,16.729417,2457.05,81915.677039738941,0.5017966709828831872782397075
2024-01-22 00:00:00+00:00,40810.662999888941,16.729417,2314.2,79525.879821288941,0.4868253819813258220086625370
2024-01-23 00:00:00+00:00,40810.662999888941,16.729417,2242.6,78328.053564088941,0.4789776951817502620971019429
2024-01-24 00:00:00+00:00,40810.662999888941,16.729417,2235.02,78201.244583228941,0.4781328197858221009754158033
2024-01-25 00:00:00+00:00,40810.662999888941,16.729417,2218.64,77927.216732768941,0.4762976953246198631840979874
2024-01-26 00:00:00+00:00,40810.662999888941,16.729417,2267.68,78747.627342448941,0.4817537444980271008530332314
2024-01-27 00:00:00+00:00,40810.662999888941,16.729417,2267.94,78751.976990868941,0.4817823684017378158142747794
2024-01-28 00:00:00+00:00,40810.662999888941,16.729417,2256.9,78567.284227188941,0.4805641635533835762956498322
2024-01-29 00:00:00+00:00,40810.662999888941,16.729417,2317.6,79582.759839088941,0.4871921621918441475866054778
2024-01-30 00:00:00+00:00,40810.662999888941,16.729417,2343.01,80007.854325058941,0.4899167919929231749755856875
2024-01-31 00:00:00+00:00,40810.662999888941,16.729417,2283.14,79006.264129268941,0.4834502877757248877517711539
2024-02-01 00:00:00+00:00,40810.662999888941,16.729417,2304.28,79359.924004648941,0.4857522419313527377703060183
2024-02-02 00:00:00+00:00,40810.662999888941,16.729417,2309.06,79439.890617908941,0.4862698993861834580851865402
2024-02-03 00:00:00+00:00,3924.114725884787,32.683311,2296.49,78981.011604274787,0.9503157196118719086640253278
2024-02-04 00:00:00+00:00,31556.568385992437,20.635228,2289.79,78806.907108112437,0.5995710332509168827122645903
2024-02-05 00:00:00+00:00,31556.568385992437,20.635228,2301.83,79055.355253232437,0.6008294658229096580270416453
2024-02-06 00:00:00+00:00,31556.568385992437,20.635228,2372.64,80516.535747912437,0.6080734461205304852848653884
2024-02-07 00:00:00+00:00,3990.027893700831,32.238702,2425.1,82172.104113900831,0.9514430360920276246054872963
2024-02-08 00:00:00+00:00,3990.027893700831,32.238702,2419.55,81993.179317800831,0.9513370755116628279686997266
2024-02-09 00:00:00+00:00,42995.816079070551,16.096692,2486.56,83021.206538590551,0.4821104405525001910954675562
2024-02-10 00:00:00+00:00,42995.816079070551,16.096692,2500.24,83241.409285150551,0.4834804402243513930945550987
2024-02-11 00:00:00+00:00,42995.816079070551,16.096692,2507.21,83353.603228390551,0.4841756755102577952079050020
2024-02-12 00:00:00+00:00,42995.816079070551,16.096692,2659.99,85812.855832150551,0.4989583359960642933373090135
2024-02-13 00:00:00+00:00,42995.816079070551,16.096692,2639.99,85490.921992150551,0.4970715594455951458240053531
2024-02-14 00:00:00+00:00,42995.816079070551,16.096692,2774.81,87661.078007590551,0.5095221613023335858247649030
2024-02-15 00:00:00+00:00,42995.816079070551,16.096692,2822.59,88430.177951350551,0.5137879728939989443888712296
2024-02-16 00:00:00+00:00,42995.816079070551,16.096692,2801.8,88095.527724670551,0.5119409896328952202447751180
2024-02-17 00:00:00+00:00,42995.816079070551,16.096692,2785.93,87840.073222630551,0.5105216275253128349133184021
2024-02-18 00:00:00+00:00,42995.816079070551,16.096692,2881.2,89373.605069470551,0.5189204234779419746560971181
2024-02-19 00:00:00+00:00,42995.816079070551,16.096692,2944.8,90397.354680670551,0.5243686473906935799631025556
2024-02-20 00:00:00+00:00,42995.816079070551,16.096692,3014.81,91524.284087590551,0.5302250489288427081311087602
2024-02-21 00:00:00+00:00,42995.816079070551,16.096692,2967.9,90769.188265870551,0.5263170586792931716899019979
2024-02-22 00:00:00+00:00,42995.816079070551,16.096692,2971.4,90825.526687870551,0.5266108808063482424218705894
2024-02-23 00:00:00+00:00,42995.816079070551,16.096692,2922.24,90034.213309150551,0.5224502497574362916617147982
2024-02-24 00:00:00+00:00,42995.816079070551,16.096692,2992.62,91167.098492110551,0.5283845072376484880918038499
2024-02-25 00:00:00+00:00,42995.816079070551,16.096692,3112.59,93098.218631350551,0.5381671452885153644079285246
2024-02-26 00:00:00+00:00,42995.816079070551,16.096692,3175.94,94117.944069550551,0.5431708957932842743612577918
2024-02-27 00:00:00+00:00,70552.710243134826,7.408657,3242.36,94574.243353654826,0.2539965667046670243764318590
2024-02-28 00:00:00+00:00,70552.710243134826,7.408657,3383.1,95616.937739834826,0.2621316692330968738712287017
2024-02-29 00:00:00+00:00,4695.349989733463,26.849898,3340.09,94376.425800553463,0.9502486987623775057651831339
2024-03-01 00:00:00+00:00,4695.349989733463,26.849898,3433.43,96882.595279873463,0.9515356708171412691864687691
2024-03-02 00:00:00+00:00,4695.349989733463,26.849898,3421.4,96559.591006933463,0.9513735513917378407521091010
2024-03-03 00:00:00+00:00,4695.349989733463,26.849898,3487.81,98342.692733113463,0.9522552224345137534083196697
2024-03-04 00:00:00+00:00,4695.349989733463,26.849898,3627.76,102100.335958213463,0.9540123943210615312152902959
2024-03-05 00:00:00+00:00,4695.349989733463,26.849898,3553.65,100110.490017433463,0.9530983217751126347695579111
2024-03-06 00:00:00+00:00,4695.349989733463,26.849898,3818.59,107224.101993553463,0.9562099387876826681202938073
2024-03-07 00:00:00+00:00,4695.349989733463,26.849898,3868.76,108571.161376213463,0.9567532489270935122876425280
2024-03-08 00:00:00+00:00,4695.349989733463,26.849898,3883.36,108963.169887013463,0.9569088344749681514591844622
2024-03-09 00:00:00+00:00,4695.349989733463,26.849898,3905.21,109549.840158313463,0.9571395998118474237785494339
2024-03-10 00:00:00+00:00,4695.349989733463,26.849898,3878.47,108831.873885793463,0.9568568488064379660219382366
2024-03-11 00:00:00+00:00,4695.349989733463,26.849898,4064.8,113834.815380133463,0.9587529529164335168146948510
2024-03-12 00:00:00+00:00,4695.349989733463,26.849898,3979.96,111556.870033813463,0.9579107052007619236035407692
2024-03-13 00:00:00+00:00,4695.349989733463,26.849898,4004.79,112223.553001153463,0.9581607437639654577147079376
2024-03-14 00:00:00+00:00,4695.349989733463,26.849898,3881.7,108918.599056333463,0.9568912010399161022186148826
2024-03-15 00:00:00+00:00,4695.349989733463,26.849898,3742.19,105172.769786353463,0.9553558397361642824692978288
2024-03-16 00:00:00+00:00,4695.349989733463,26.849898,3523.09,99289.957134553463,0.9527107259864104139080691501
2024-03-17 00:00:00+00:00,4695.349989733463,26.849898,3644.71,102555.441729313463,0.9542164714952284269556616500
2024-03-18 00:00:00+00:00,4695.349989733463,26.849898,3520.46,99219.341902813463,0.9526770698163608593046236676
2024-03-19 00:00:00+00:00,4695.349989733463,26.849898,3158.64,89504.511808453463,0.9475406334846909953632147916
2024-03-20 00:00:00+00:00,35761.476697967498,17.001841,3516.53,95548.960629697498,0.6257261569117215358443832566
2024-03-21 00:00:00+00:00,35761.476697967498,17.001841,3492.85,95146.357034817498,0.6241424494594041211082006632
2024-03-22 00:00:00+00:00,35761.476697967498,17.001841,3336.35,92485.568918317498,0.6133291159234610616719711160
2024-03-23 00:00:00+00:00,35761.476697967498,17.001841,3329.53,92369.616362697498,0.6128437238761836433866449196
2024-03-24 00:00:00+00:00,4577.995552510379,26.355412,3454.98,95635.416904270379,0.9521307513398212711113742777
2024-03-25 00:00:00+00:00,4577.995552510379,26.355412,3590.42,99204.993905550379,0.9538531743989730074640184278
2024-03-26 00:00:00+00:00,4577.995552510379,26.355412,3587.33,99123.555682470379,0.9538152609539613198978397865
2024-03-27 00:00:00+00:00,4577.995552510379,26.355412,3501.19,96853.300492790379,0.9527326840776979155863969398
2024-03-28 00:00:00+00:00,4577.995552510379,26.355412,3560.49,98416.176424390379,0.9534833020461073398592628773
2024-03-29 00:00:00+00:00,4577.995552510379,26.355412,3509.74,97078.639265390379,0.9528424008911455186369985375
2024-03-30 00:00:00+00:00,4577.995552510379,26.355412,3505.64,96970.582076190379,0.9527898517829518656008795701
2024-03-31 00:00:00+00:00,50849.465402230949,13.139118,3645.29,98745.360856450949,0.4850445128642314600927705145
2024-04-01 00:00:00+00:00,50849.465402230949,13.139118,3503.8,96886.307050630949,0.4751635504524082903726033125
2024-04-02 00:00:00+00:00,4784.508930120329,26.269191,3278.96,90920.135451480329,0.9473767949600824165566455517
2024-04-03 00:00:00+00:00,36326.996368897097,16.637007,3310.83,91409.298254707097,0.6025897029898000755828559381
2024-04-04 00:00:00+00:00,36326.996368897097,16.637007,3327.4,91684.973460697097,0.6037846225208374898186352352
2024-04-05 00:00:00+00:00,36326.996368897097,16.637007,3317.85,91526.090043847097,0.6030968180603580390915435064
2024-04-06 00:00:00+00:00,36326.996368897097,16.637007,3351.59,92087.422660027097,0.6055162005889675132700976469
2024-04-07 00:00:00+00:00,4563.131888989581,26.101955,3454.2,94724.504849989581,0.9518273344767968675108668435
2024-04-08 00:00:00+00:00,4563.131888989581,26.101955,3694.61,100999.675851539581,0.9548203313474295349378964674
2024-04-09 00:00:00+00:00,4563.131888989581,26.101955,3506.39,96086.765881439581,0.9525102978841021667744959418
2024-04-10 00:00:00+00:00,4563.131888989581,26.101955,3545.64,97111.267615189581,0.9530113034146426651408235624
2024-04-11 00:00:00+00:00,50923.070257069869,13.009739,3502.52,96489.941299349869,0.4722447793901499758780524576
2024-04-12 00:00:00+00:00,50923.070257069869,13.009739,3237.43,93041.189587839869,0.4526825110184820620070154960
2024-04-13 00:00:00+00:00,50923.070257069869,13.009739,3007.01,90043.485527459869,0.4344613609882943496417597765
2024-04-14 00:00:00+00:00,50923.070257069869,13.009739,3155.11,91970.227873359869,0.4463091868469724125159727045
2024-04-15 00:00:00+00:00,50923.070257069869,13.009739,3101.99,91279.150537679869,0.4421171761885654568900149250
2024-04-16 00:00:00+00:00,50923.070257069869,13.009739,3084.22,91047.967475649869,0.4407006365003273492136587508
2024-04-17 00:00:00+00:00,50923.070257069869,13.009739,2985.41,89762.475165059869,0.4326908859918367785724879607
2024-04-18 00:00:00+00:00,50923.070257069869,13.009739,3064.4,90790.114448669869,0.4391121702367682906925689292
2024-04-19 00:00:00+00:00,50923.070257069869,13.009739,3056.46,90686.817121009869,0.4384732878085290487402441606
2024-04-20 00:00:00+00:00,50923.070257069869,13.009739,3155.79,91979.074495879869,0.4463624412816751241779488596
2024-04-21 00:00:00+00:00,50923.070257069869,13.009739,3147.67,91873.435415199869,0.4457258507104331646586915260
2024-04-22 00:00:00+00:00,50923.070257069869,13.009739,3200.2,92556.837004869869,0.4498183828992497161661738039
2024-04-23 00:00:00+00:00,50923.070257069869,13.009739,3219.46,92807.404578009869,0.4513037996416961505560586640
2024-04-24 00:00:00+00:00,50923.070257069869,13.009739,3140.8,91784.058508269869,0.4451861130930309555237356298
2024-04-25 00:00:00+00:00,50923.070257069869,13.009739,3155.8,91979.204593269869,0.4463632243586946931862944842
2024-04-26 00:00:00+00:00,50923.070257069869,13.009739,3131.3,91660.465987769869,0.4444380168887155250544897218
2024-04-27 00:00:00+00:00,50923.070257069869,13.009739,3255.56,93277.056155909869,0.4540664944233076174399509223
2024-04-28 00:00:00+00:00,50923.070257069869,13.009739,3263.45,93379.702996619869,0.4546666071650156425700271449
2024-04-29 00:00:00+00:00,50923.070257069869,13.009739,3216.73,92771.887990539869,0.4510937379838319756369162862
2024-04-30 00:00:00+00:00,50923.070257069869,13.009739,3014.05,90135.074090019869,0.4350360193168323635127573218
2024-05-01 00:00:00+00:00,50923.070257069869,13.009739,2972.46,89593.999045009869,0.4316240953650551529726378257
2024-05-02 00:00:00+00:00,50923.070257069869,13.009739,2986.19,89772.622761479869,0.4327550127128487971569613208
2024-05-03 00:00:00+00:00,50923.070257069869,13.009739,3102.61,91287.216575859869,0.4421664701020576030146071285
2024-05-04 00:00:00+00:00,50923.070257069869,13.009739,3117.23,91477.418960039869,0.4433263330340067677662455463
2024-05-05 00:00:00+00:00,50923.070257069869,13.009739,3136.41,91726.945754059869,0.4448406644476550139190649252
2024-05-06 00:00:00+00:00,50923.070257069869,13.009739,3062.6,90766.696918469869,0.4389674628921340472963704711
2024-05-07 00:00:00+00:00,4478.028427034238,28.155332,3005.69,89104.228266114238,0.9497439289450958270313467073
2024-05-08 00:00:00+00:00,4478.028427034238,28.155332,2974.21,88217.898414754238,0.9492390035638697761421146836
2024-05-09 00:00:00+00:00,4478.028427034238,28.155332,3036.23,89964.092105394238,0.9502242692363508455654502769
2024-05-10 00:00:00+00:00,4478.028427034238,28.155332,2909.99,86409.762993714238,0.9481768231749462597692091408
2024-05-11 00:00:00+00:00,4478.028427034238,28.155332,2912.45,86479.025110434238,0.9482183289957793971395699369
2024-05-12 00:00:00+00:00,4478.028427034238,28.155332,2929.29,86953.160901314238,0.9485006826592941529262246126
2024-05-13 00:00:00+00:00,4478.028427034238,28.155332,2950.99,87564.131605714238,0.9488600144269344646693334290
2024-05-14 00:00:00+00:00,4478.028427034238,28.155332,2881.93,85619.724377794238,0.9476986353369337678458673135
2024-05-15 00:00:00+00:00,4478.028427034238,28.155332,3032.55,89860.480483634238,0.9501668764407531179416826358
2024-05-16 00:00:00+00:00,4478.028427034238,28.155332,2944.7,87387.034567434238,0.9487563750251913720968982992
2024-05-17 00:00:00+00:00,4478.028427034238,28.155332,3092.01,91534.596524354238,0.9510782961080427422865217234
2024-05-18 00:00:00+00:00,4478.028427034238,28.155332,3122.94,92405.440943114238,0.9515393424745306996548249193
2024-05-19 00:00:00+00:00,4478.028427034238,28.155332,3071.19,90948.402512114238,0.9507629787511906104543082454
2024-05-20 00:00:00+00:00,4478.028427034238,28.155332,3661.78,107576.660037994238,0.9583736060828373470376420882
2024-05-21 00:00:00+00:00,56410.296336485475,13.954663,3789.6,109292.887241285475,0.4838612304939049982840479626
2024-05-22 00:00:00+00:00,56410.296336485475,13.954663,3737.73,108569.058871475475,0.4804201406658205481868252141
2024-05-23 00:00:00+00:00,56410.296336485475,13.954663,3783.61,109209.298809915475,0.4834661796092056144832550830
2024-05-24 00:00:00+00:00,56410.296336485475,13.954663,3728.28,108437.187306125475,0.4797882743192571624399210900
2024-05-25 00:00:00+00:00,56410.296336485475,13.954663,3749.26,108729.956135865475,0.4811890086114173244053432230
2024-05-26 00:00:00+00:00,56410.296336485475,13.954663,3826.47,109807.395666095475,0.4862796263011370166473910601
2024-05-27 00:00:00+00:00,56410.296336485475,13.954663,3894.22,110752.824084345475,0.4906649396720993100592219612
2024-05-28 00:00:00+00:00,56410.296336485475,13.954663,3844.69,110061.649625955475,0.4874663742711846353179102631
2024-05-29 00:00:00+00:00,56410.296336485475,13.954663,3767.43,108983.512362575475,0.4823960513511899170878061261
2024-05-30 00:00:00+00:00,56410.296336485475,13.954663,3747.91,108711.117340815475,0.4810991026829756592145757852
2024-05-31 00:00:00+00:00,56410.296336485475,13.954663,3762.29,108911.785394755475,0.4820551684831543527564751049
2024-06-01 00:00:00+00:00,56410.296336485475,13.954663,3815.82,109658.778505145475,0.4855833969203062276562882498
2024-06-02 00:00:00+00:00,56410.296336485475,13.954663,3780.91,109171.621219815475,0.4832879121314488683196094026
2024-06-03 00:00:00+00:00,56410.296336485475,13.954663,3767.06,108978.349137265475,0.4823715280781785662019249528
2024-06-04 00:00:00+00:00,56410.296336485475,13.954663,3810.23,109580.771938975475,0.4852172024495332931338684645
2024-06-05 00:00:00+00:00,56410.296336485475,13.954663,3865.99,110358.883947855475,0.4888468030979788119759586696
2024-06-06 00:00:00+00:00,56410.296336485475,13.954663,3813.46,109625.845500465475,0.4854288596000296754981714252
2024-06-07 00:00:00+00:00,56410.296336485475,13.954663,3678.32,107740.012342645475,0.4764220356956721452619613811
2024-06-08 00:00:00+00:00,56410.296336485475,13.954663,3681.57,107785.364997395475,0.4766423406568361752293481238
2024-06-09 00:00:00+00:00,56410.296336485475,13.954663,3706.4,108131.859279685475,0.4783193712541372237860562894
2024-06-10 00:00:00+00:00,56410.296336485475,13.954663,3667.85,107593.907021035475,0.4757110518771587322413556784
2024-06-11 00:00:00+00:00,56410.296336485475,13.954663,3497.33,105214.357886275475,0.4638536273019081049226810929
2024-06-12 00:00:00+00:00,56410.296336485475,13.954663,3560.12,106090.571176045475,0.4682817171105726509611642126
2024-06-13 00:00:00+00:00,5238.100136778081,28.309689,3469.4,103455.735153378081,0.9493686828573365532789856714
2024-06-14 00:00:00+00:00,5238.100136778081,28.309689,3481.8,103806.775296978081,0.9495399012078687764489124016
2024-06-15 00:00:00+00:00,5238.100136778081,28.309689,3568.74,106268.019658638081,0.9507085936709436192121069763
2024-06-16 00:00:00+00:00,5238.100136778081,28.309689,3624.41,107844.020045268081,0.9514289236011476428705127721
2024-06-17 00:00:00+00:00,56551.319218389849,14.133585,3511.46,106180.837602489849,0.4674056025993924785895030954
2024-06-18 00:00:00+00:00,56551.319218389849,14.133585,3483.42,105784.531879089849,0.4654103183721872671454389633
2024-06-19 00:00:00+00:00,56551.319218389849,14.133585,3560.51,106874.089946739849,0.4708603437318445753041728410
2024-06-20 00:00:00+00:00,5277.134888118886,28.515686,3513.08,105455.021060998886,0.9499584293376945424352142996
2024-06-21 00:00:00+00:00,55298.776544950006,14.258466,3518.5,105467.189165950006,0.4756779147878990800340820588
2024-06-22 00:00:00+00:00,55298.776544950006,14.258466,3495.75,105142.809064450006,0.4740603086697713227527655860
2024-06-23 00:00:00+00:00,5192.096314758894,28.573415,3420.91,102939.177422408894,0.9495615134609709509721954396
2024-06-24 00:00:00+00:00,5192.096314758894,28.573415,3352.73,100991.041987708894,0.9485885459485525693322337458
2024-06-25 00:00:00+00:00,5192.096314758894,28.573415,3394.91,102196.268632408894,0.9491948543304020845694610602
2024-06-26 00:00:00+00:00,5192.096314758894,28.573415,3371.44,101525.650582358894,0.9488592657621336817751155693
2024-06-27 00:00:00+00:00,5192.096314758894,28.573415,3450.44,103782.950367358894,0.9499715868899418306059528023
2024-06-28 00:00:00+00:00,54421.969586361162,14.287134,3380.15,102714.625576461162,0.4701633844164749575771332857
2024-06-29 00:00:00+00:00,5071.659915530562,28.868214,3378.8,102611.581378730562,0.9505741959398179485122116010
2024-06-30 00:00:00+00:00,53807.641157695122,14.425388,3438.16,103404.433163775122,0.4796389331541238198823983358
2024-07-01 00:00:00+00:00,53807.641157695122,14.425388,3442.2,103462.711731295122,0.4799320425948247031619775760
2024-07-02 00:00:00+00:00,53807.641157695122,14.425388,3421.35,103161.942391495122,0.4784157809524616691423930604
2024-07-03 00:00:00+00:00,53807.641157695122,14.425388,3295.48,101346.218803935122,0.4690710537332266823248387196
2024-07-04 00:00:00+00:00,53807.641157695122,14.425388,3059.7,97945.000821295122,0.4506341241870069120268416700
2024-07-05 00:00:00+00:00,53807.641157695122,14.425388,2981.78,96820.974588335122,0.4442563567814178582187057636
2024-07-06 00:00:00+00:00,53807.641157695122,14.425388,3066.83,98047.853837735122,0.4512104135726989262886216296
2024-07-07 00:00:00+00:00,53807.641157695122,14.425388,2931.0,96088.453385695122,0.4400196978744839293634770057
2024-07-08 00:00:00+00:00,53807.641157695122,14.425388,3019.01,97358.031783575122,0.4473220116311678505784718723
2024-07-09 00:00:00+00:00,53807.641157695122,14.425388,3066.65,98045.257267895122,0.4511958797693479934811450127
2024-07-10 00:00:00+00:00,53807.641157695122,14.425388,3101.05,98541.490615095122,0.4539595370251830288991117119
2024-07-11 00:00:00+00:00,53807.641157695122,14.425388,3099.57,98520.141040855122,0.4538412086176192343583807379
2024-07-12 00:00:00+00:00,53807.641157695122,14.425388,3133.88,99015.076103135122,0.4565712285910023503650806115
2024-07-13 00:00:00+00:00,53807.641157695122,14.425388,3175.93,99621.663668535122,0.4598801186785447333263711721
2024-07-14 00:00:00+00:00,53807.641157695122,14.425388,3245.08,100619.179248735122,0.4652347439181528127244956164
2024-07-15 00:00:00+00:00,40230.737727212562,18.603644,3483.39,105034.485200372562,0.6169759136681153383674791374
2024-07-16 00:00:00+00:00,42010.064458685202,18.092148,3444.13,104321.774149925202,0.5973030098365584311770425819
2024-07-17 00:00:00+00:00,42010.064458685202,18.092148,3387.05,103289.074342085202,0.5932767843426381321439496820
2024-07-18 00:00:00+00:00,42010.064458685202,18.092148,3426.5,104002.809580685202,0.5960679848163730061480503668
2024-07-19 00:00:00+00:00,42010.064458685202,18.092148,3503.53,105396.447741125202,0.6014091047748559848425980974
2024-07-20 00:00:00+00:00,5222.061824717187,28.578783,3517.5,105747.931027217187,0.9506178345619533362897875795
2024-07-21 00:00:00+00:00,5222.061824717187,28.578783,3535.92,106274.352210077187,0.9508624450197117393509658685
2024-07-22 00:00:00+00:00,5222.061824717187,28.578783,3439.6,103521.643831517187,0.9495558452180670537161536541
2024-07-23 00:00:00+00:00,5222.061824717187,28.578783,3482.51,104747.959410047187,0.9501464099718175640339441706
2024-07-24 00:00:00+00:00,5222.061824717187,28.578783,3335.81,100555.451943947187,0.9480678399453852521469707058
2024-07-25 00:00:00+00:00,5222.061824717187,28.578783,3175.48,95973.415665557187,0.9455884550059702244267372295
2024-07-26 00:00:00+00:00,50327.182221602823,14.356059,3274.61,97337.676583592823,0.4829629801325467337021087035
2024-07-27 00:00:00+00:00,50327.182221602823,14.356059,3249.01,96970.161473192823,0.4810034194331453578361789907
2024-07-28 00:00:00+00:00,50327.182221602823,14.356059,3270.16,97273.792121042823,0.4826234166035379725754157092
2024-07-29 00:00:00+00:00,50327.182221602823,14.356059,3317.66,97955.704923542823,0.4862251028576171112343894342
2024-07-30 00:00:00+00:00,50327.182221602823,14.356059,3279.21,97403.714454992823,0.4833135214277950067848188951
2024-07-31 00:00:00+00:00,4811.086457842743,28.218282,3232.74,96033.455410522743,0.9499019749182577641868619833
2024-08-01 00:00:00+00:00,4811.086457842743,28.218282,3203.4,95205.531016642743,0.9494663134959908595786183115
2024-08-02 00:00:00+00:00,4811.086457842743,28.218282,2989.61,89172.744507862743,0.9460475677361424163536384188
2024-08-03 00:00:00+00:00,46761.086933000115,14.168086,2903.64,87900.108166040115,0.4680201434488553934363260834
2024-08-04 00:00:00+00:00,46761.086933000115,14.168086,2688.92,84857.936740120115,0.4489485753559234433711394437
2024-08-05 00:00:00+00:00,46761.086933000115,14.168086,2419.59,81042.046137740115,0.4230021431896676960970198695
2024-08-06 00:00:00+00:00,46761.086933000115,14.168086,2461.33,81633.422047380115,0.4271820810616032226771274788
2024-08-07 00:00:00+00:00,46761.086933000115,14.168086,2342.8,79954.078813800115,0.4151507011681169239054424840
2024-08-08 00:00:00+00:00,46761.086933000115,14.168086,2682.5,84766.977628000115,0.4483572702307359944428797898
2024-08-09 00:00:00+00:00,46761.086933000115,14.168086,2598.78,83580.825468080115,0.4405285342526512872568265078
2024-08-10 00:00:00+00:00,46761.086933000115,14.168086,2609.92,83738.657946120115,0.4415830384684746599429858406
2024-08-11 00:00:00+00:00,46761.086933000115,14.168086,2555.38,82965.930535680115,0.4363820591044879313107333087
2024-08-12 00:00:00+00:00,46761.086933000115,14.168086,2722.3,85330.867450800115,0.4520026769918690880259960449
2024-08-13 00:00:00+00:00,46761.086933000115,14.168086,2702.44,85049.489262840115,0.4501896796994523131818321515
2024-08-14 00:00:00+00:00,46761.086933000115,14.168086,2661.45,84468.739417700115,0.4464095563002861567078857163
2024-08-15 00:00:00+00:00,46761.086933000115,14.168086,2569.89,83171.509463540115,0.4377751800513038989694522047
2024-08-16 00:00:00+00:00,46761.086933000115,14.168086,2592.73,83495.108547780115,0.4399541752048736952534289632
2024-08-17 00:00:00+00:00,46761.086933000115,14.168086,2614.51,83803.689460860115,0.4420163690425642877267775463
2024-08-18 00:00:00+00:00,46761.086933000115,14.168086,2612.15,83770.252777900115,0.4417936512979412769232397847
2024-08-19 00:00:00+00:00,46761.086933000115,14.168086,2636.36,84113.262139960115,0.4440699867852933058461324280
2024-08-20 00:00:00+00:00,46761.086933000115,14.168086,2572.82,83213.021955520115,0.4380556572263973931511533737
2024-08-21 00:00:00+00:00,46761.086933000115,14.168086,2630.71,84033.212454060115,0.4435404101852728221804475480
2024-08-22 00:00:00+00:00,46761.086933000115,14.168086,2622.88,83922.276340680115,0.4428048311848119942481381647
2024-08-23 00:00:00+00:00,46761.086933000115,14.168086,2762.48,85900.141146280115,0.4556343411197631932065374762
2024-08-24 00:00:00+00:00,46761.086933000115,14.168086,2768.0,85978.348981000115,0.4561295083331549923508822732
2024-08-25 00:00:00+00:00,46761.086933000115,14.168086,2746.13,85668.492940180115,0.4541623725579944647531780991
2024-08-26 00:00:00+00:00,46761.086933000115,14.168086,2680.49,84738.499775140115,0.4481718810566139079004688757
2024-08-27 00:00:00+00:00,46761.086933000115,14.168086,2457.33,81576.749703380115,0.4267841376001454068074458292
2024-08-28 00:00:00+00:00,46761.086933000115,14.168086,2528.33,82582.683809380115,0.4337664413893899255503096488
2024-08-29 00:00:00+00:00,46761.086933000115,14.168086,2527.61,82572.482787460115,0.4336964887762646286101276002
2024-08-30 00:00:00+00:00,46761.086933000115,14.168086,2526.0,82549.672169000115,0.4335400044076697167010343905
2024-08-31 00:00:00+00:00,33001.948819766743,19.608042,2513.01,82277.154446186743,0.5988929242642728832936833345
2024-09-01 00:00:00+00:00,32910.666205435443,19.644319,2425.72,80562.283690115443,0.5914879184405071184028084313
2024-09-02 00:00:00+00:00,32223.943934396961,19.927053,2538.01,82799.003718926961,0.6108172503646814499559061532
2024-09-03 00:00:00+00:00,33118.358665717761,19.574185,2425.29,80591.433804367761,0.5890585748094375376435076688
2024-09-04 00:00:00+00:00,32235.348906740129,19.937798,2450.71,81097.109843320129,0.6025092759899961372041000236
2024-09-05 00:00:00+00:00,32438.581515997901,19.854762,2368.81,79470.740289217901,0.5918172978137090877828389242
2024-09-06 00:00:00+00:00,31787.452795249794,20.129281,2225.23,76579.732754879794,0.5849103718212670032731187901
2024-09-07 00:00:00+00:00,30630.472551290674,20.648541,2273.58,77576.582398070674,0.6051582629134684279511878882
2024-09-08 00:00:00+00:00,31030.113789308404,20.472536,2297.3,78061.670742108404,0.6024923180055639017539659317
2024-09-09 00:00:00+00:00,31224.416906156794,20.387847,2359.5,79329.541902656794,0.6063961021674440108438108573
2024-09-10 00:00:00+00:00,31731.240588522754,20.172767,2388.52,79914.298023362754,0.6029341260152694870159562527
2024-09-11 00:00:00+00:00,55908.539602862110,10.037298,2340.55,79401.337436762110,0.2958740821287859623209890201
2024-09-12 00:00:00+00:00,55580.440368164812,10.177297,2361.76,79616.773330884812,0.3019003654270910269488777929
2024-09-13 00:00:00+00:00,55731.473706995737,10.113264,2439.19,80399.646123155737,0.3068194153289360102313856983
2024-09-14 00:00:00+00:00,56279.039633710024,9.888485,2417.79,80187.319781860024,0.2981553718616560032455594709
2024-09-15 00:00:00+00:00,56131.001381642164,9.949634,2316.1,79175.348689042164,0.2910545730326455547184947559
2024-09-16 00:00:00+00:00,55421.755386397888,10.255462,2295.68,78965.014390557888,0.2981479733254521708377214182
2024-09-17 00:00:00+00:00,55275.248351407832,10.319198,2341.8,79440.746227807832,0.3041952527372028828788408597
2024-09-18 00:00:00+00:00,55608.019118236310,10.176912,2374.75,79775.640890236310,0.3029448776883202686101726539
2024-09-19 00:00:00+00:00,55842.573212261672,10.078013,2465.21,80686.991639991672,0.3079110761568674130263091612
2024-09-20 00:00:00+00:00,56480.065149699236,9.819081,2561.4,81630.659223099236,0.3081023026490893779155621381
2024-09-21 00:00:00+00:00,57140.602357368296,9.560864,2612.4,82117.403470968296,0.3041596550532710532457187282
2024-09-22 00:00:00+00:00,57481.740050693816,9.430110,2581.0,81820.853960693816,0.2974683437268003271232155483
2024-09-23 00:00:00+00:00,57274.263642362882,9.510392,2646.97,82447.985954602882,0.3053285295058758049316659549
2024-09-24 00:00:00+00:00,57713.085817001030,9.344394,2653.2,82505.631977801030,0.3004951973153867104532736641
2024-09-25 00:00:00+00:00,57753.889330186190,9.328995,2579.95,81822.229980436190,0.2941540539289233992008676723
2024-09-26 00:00:00+00:00,57275.856581108861,9.514032,2632.26,82319.262453428861,0.3042229136405104163577413808
2024-09-27 00:00:00+00:00,57622.967040131861,9.381992,2694.43,82902.087744691861,0.3049274317724115119496610828
2024-09-28 00:00:00+00:00,58030.930446358148,9.230385,2675.21,82724.148702208148,0.2985007237093618616342753615
2024-09-29 00:00:00+00:00,57906.743802514095,9.276746,2657.62,82560.809507034095,0.2986170539233811566986006142
2024-09-30 00:00:00+00:00,57792.418702402523,9.319708,2602.23,82044.442451242523,0.2955961796346233193043272236
2024-10-01 00:00:00+00:00,57430.706129758683,9.458528,2447.79,80583.196382878683,0.2873116393039871232299892103
2024-10-02 00:00:00+00:00,56406.843667218437,9.876267,2364.1,79755.326481918437,0.2927513915950604594473543555
2024-10-03 00:00:00+00:00,55827.908901943064,10.120836,2349.8,79609.849334743064,0.2987311322849240106805781739
2024-10-04 00:00:00+00:00,55726.764382379944,10.163824,2414.41,80266.402686219944,0.3057273963026742276290531182
2024-10-05 00:00:00+00:00,56185.884899244346,9.973418,2414.66,80268.298407124346,0.3000239694347690997452772775
2024-10-06 00:00:00+00:00,56185.884899244346,9.973418,2440.03,80521.324021784346,0.3022235341778068373804662021
2024-10-07 00:00:00+00:00,56364.625261289272,9.900069,2422.71,80349.621428279272,0.2985078926401564116129390837
2024-10-08 00:00:00+00:00,56244.511748651132,9.949583,2440.89,80530.349397521132,0.3015737275519328798897425963
2024-10-09 00:00:00+00:00,56371.011670529540,9.897690,2370.47,79833.188884829540,0.2938900166965326715477612724
2024-10-10 00:00:00+00:00,55882.598834879237,10.103463,2386.49,79994.412249749237,0.3014187208425371568711617997
2024-10-11 00:00:00+00:00,55995.943213825265,10.055907,2439.5,80527.328340325265,0.3046342854294787489177215214
2024-10-12 00:00:00+00:00,56368.575717012452,9.902958,2476.4,80892.260908212452,0.3031647887679484271177427853
2024-10-13 00:00:00+00:00,56624.250662530172,9.799579,2468.91,80818.529251420172,0.2993654897334678917547146707
2024-10-14 00:00:00+00:00,56572.973750449940,9.820321,2629.79,82398.355713039940,0.3134210839416423921511096332
2024-10-15 00:00:00+00:00,57677.412771800627,9.399802,2607.41,82186.550504620627,0.2982134860550214565164168117
2024-10-16 00:00:00+00:00,57530.396033666764,9.456113,2611.1,82221.252687966764,0.3002977435530309503353151896
2024-10-17 00:00:00+00:00,57554.845881091084,9.446737,2605.8,82171.153155691084,0.2995735891397199108191457363
2024-10-18 00:00:00+00:00,57554.845881091084,9.446737,2642.17,82514.730980381084,0.3024900499914921480095340209
2024-10-19 00:00:00+00:00,57760.047122286019,9.368972,2648.2,82570.958772686019,0.3004798783880332232399007832
2024-10-20 00:00:00+00:00,57799.620626364439,9.354009,2746.91,83494.241488554439,0.3077412334563488556242514241
2024-10-21 00:00:00+00:00,58445.131040403556,9.118708,2666.7,82761.989664003556,0.2938167475470488609983174642
2024-10-22 00:00:00+00:00,57932.793551854654,9.310582,2622.81,82352.681127274654,0.2965281426318043397430431350
2024-10-23 00:00:00+00:00,57646.506721261471,9.419593,2524.61,81427.305404991471,0.2920494368007447745611234445
2024-10-24 00:00:00+00:00,56998.208636552651,9.676052,2535.82,81534.934819192651,0.3009351296723457621819171852
2024-10-25 00:00:00+00:00,57074.356551166163,9.645984,2440.62,80616.538021246163,0.2920266988378433362660558546
2024-10-26 00:00:00+00:00,56430.810404416341,9.909322,2482.51,81030.801362636341,0.3035881485131549502049831458
2024-10-27 00:00:00+00:00,56721.183998573781,9.792202,2507.8,81278.068174173781,0.3021342008643234958051329262
2024-10-28 00:00:00+00:00,56894.423020689981,9.723032,2567.48,81858.113220049981,0.3049629318019206312669712937
2024-10-29 00:00:00+00:00,57300.220629527835,9.564774,2638.8,82539.746260727835,0.3057863244632833453362044073
2024-10-30 00:00:00+00:00,57777.204072300915,9.383781,2659.19,82730.460669690915,0.3016211489141612025404443274
2024-10-31 00:00:00+00:00,57911.148624562023,9.333345,2518.61,81418.204675012023,0.2887199017011059967912740960
2024-11-01 00:00:00+00:00,56991.551119237152,9.697992,2511.49,81347.961047317152,0.2994102078835480791365201795
2024-11-02 00:00:00+00:00,56943.511755675641,9.717095,2494.23,81180.181617525641,0.2985540236413766455845883469
2024-11-03 00:00:00+00:00,56825.975704927703,9.764157,2457.73,80823.637288537703,0.2969139027725162195466759122
2024-11-04 00:00:00+00:00,56576.223804479840,9.865644,2398.21,80236.109901719840,0.2948782801935523115209243338
2024-11-05 00:00:00+00:00,56164.744301072925,10.036999,2422.55,80479.876228522925,0.3021268553943483621201340298
2024-11-06 00:00:00+00:00,56336.043824419545,9.966198,2721.87,83462.739174679545,0.3250156371394235742323336464
2024-11-07 00:00:00+00:00,58421.275477002477,9.199101,2895.47,85056.996449472477,0.3131514406142093980254475537
2024-11-08 00:00:00+00:00,59538.445563335181,8.812765,2961.75,85639.652302085181,0.3047794571453961831039580907
2024-11-09 00:00:00+00:00,59947.227305330181,8.674565,3126.21,87065.739153980181,0.3114716777478858208968612663
2024-11-10 00:00:00+00:00,60944.659196217921,8.355094,3183.21,87540.677967957921,0.3038132601791684602203842876
2024-11-11 00:00:00+00:00,61277.983830141921,8.250244,3371.59,89094.423998101921,0.3122130310708625828009388307
2024-11-12 00:00:00+00:00,62364.682523629011,7.927514,3243.8,88079.952436829011,0.2919537216104085130649926096
2024-11-13 00:00:00+00:00,62364.682523629011,7.927514,3187.16,87630.938043869011,0.2883257452703682654766404142
2024-11-14 00:00:00+00:00,62364.682523629011,7.927514,3058.82,86613.520897109011,0.2799659697737721055857724362
2024-11-15 00:00:00+00:00,62364.682523629011,7.927514,3090.01,86860.780058769011,0.2820156291316543598778399696
2024-11-16 00:00:00+00:00,62364.682523629011,7.927514,3132.87,87200.553308809011,0.2848132247191954132990935471
2024-11-17 00:00:00+00:00,62364.682523629011,7.927514,3076.0,86749.715587629011,0.2810964035884106174145404146
2024-11-18 00:00:00+00:00,62364.682523629011,7.927514,3207.8,87794.561932829011,0.2896521020135189940144238341
2024-11-19 00:00:00+00:00,62364.682523629011,7.927514,3107.44,86998.956627789011,0.2831559717383021532312105033
2024-11-20 00:00:00+00:00,62364.682523629011,7.927514,3069.97,86701.912678209011,0.2807000376670667316558823369
2024-11-21 00:00:00+00:00,62364.682523629011,7.927514,3355.81,88967.913279969011,0.2990205094799011829376726128
2024-11-22 00:00:00+00:00,62364.682523629011,7.927514,3327.78,88745.705062549011,0.2972653439434206616733079945
2024-11-23 00:00:00+00:00,62364.682523629011,7.927514,3393.91,89269.951563369011,0.3013922217784678978212039044
2024-11-24 00:00:00+00:00,62364.682523629011,7.927514,3361.2,89010.642580429011,0.2993570126484932578345021679
2024-11-25 00:00:00+00:00,62364.682523629011,7.927514,3414.49,89433.099801489011,0.3026666562820997737513592740
2024-11-26 00:00:00+00:00,62364.682523629011,7.927514,3324.73,88721.526144849011,0.2970738305176260094482623582
2024-11-27 00:00:00+00:00,62364.682523629011,7.927514,3653.28,91326.110869549011,0.3171210081122226823051347483
2024-11-28 00:00:00+00:00,62364.682523629011,7.927514,3578.79,90735.590351689011,0.3126767315680101877569101367
2024-11-29 00:00:00+00:00,62364.682523629011,7.927514,3592.21,90841.977589569011,0.3134816724774816425541380306
2024-11-30 00:00:00+00:00,62364.682523629011,7.927514,3703.6,91725.023374029011,0.3200908516608029122343439398
2024-12-01 00:00:00+00:00,62364.682523629011,7.927514,3707.61,91756.812705169011,0.3203264075440605324754732694
2024-12-02 00:00:00+00:00,62364.682523629011,7.927514,3643.42,91247.945581509011,0.3165360367711452823551442558
2024-12-03 00:00:00+00:00,62364.682523629011,7.927514,3614.51,91018.761151769011,0.3148150806003701431334199017
2024-12-04 00:00:00+00:00,62364.682523629011,7.927514,3837.8,92788.895752829011,0.3278863594868506222336603810
2024-12-05 00:00:00+00:00,62364.682523629011,7.927514,3785.2,92371.908516429011,0.3248522897788021577777498425
2024-12-06 00:00:00+00:00,62364.682523629011,7.927514,3998.87,94065.780432809011,0.3370098856706347907354777102
2024-12-07 00:00:00+00:00,62364.682523629011,7.927514,3996.22,94044.772520709011,0.3368617855937067164116993965
2024-12-08 00:00:00+00:00,62364.682523629011,7.927514,4004.15,94107.637706729011,0.3373047709689802625424657871
2024-12-09 00:00:00+00:00,62364.682523629011,7.927514,3712.0,91791.614491629011,0.3205840983512018514596758600
2024-12-10 00:00:00+00:00,62364.682523629011,7.927514,3628.25,91127.685194129011,0.3156340755197091759925597436
2024-12-11 00:00:00+00:00,62364.682523629011,7.927514,3831.81,92741.409943969011,0.3275422213086097634182861708
2024-12-12 00:00:00+00:00,62364.682523629011,7.927514,3881.61,93136.200141169011,0.3303926676297593617632580751
2024-12-13 00:00:00+00:00,62364.682523629011,7.927514,3906.8,93335.894218829011,0.3318253063777049843289102243
2024-12-14 00:00:00+00:00,62364.682523629011,7.927514,3870.29,93046.460682689011,0.3297468590846491407748829220
2024-12-15 00:00:00+00:00,62364.682523629011,7.927514,3959.09,93750.423925889011,0.3347797277916402460621324184
2024-12-16 00:00:00+00:00,62364.682523629011,7.927514,3986.24,93965.655930989011,0.3363034408078695587912889922
2024-12-17 00:00:00+00:00,62364.682523629011,7.927514,3893.01,93226.573800769011,0.3310417836774070659549697354
2024-12-18 00:00:00+00:00,62364.682523629011,7.927514,3626.8,91116.190298829011,0.3155477383427158381815509079
2024-12-19 00:00:00+00:00,62364.682523629011,7.927514,3417.01,89453.077136769011,0.3028223900193313775936380210
2024-12-20 00:00:00+00:00,62364.682523629011,7.927514,3472.21,89890.675909569011,0.3062163356478868406840589647
2024-12-21 00:00:00+00:00,62364.682523629011,7.927514,3338.92,88834.017568509011,0.2979639531046401707448469545
2024-12-22 00:00:00+00:00,62364.682523629011,7.927514,3281.83,88381.435794249011,0.2943689818661320364819568230
2024-12-23 00:00:00+00:00,62364.682523629011,7.927514,3422.53,89496.837014049011,0.3031632781185423991120103890
2024-12-24 00:00:00+00:00,62364.682523629011,7.927514,3493.18,90056.915878149011,0.3074970210171178427372484648
2024-12-25 00:00:00+00:00,62364.682523629011,7.927514,3497.0,90087.198981629011,0.3077298081345974683951801033
2024-12-26 00:00:00+00:00,62364.682523629011,7.927514,3335.05,88803.338089329011,0.2977214160475008310043167718
2024-12-27 00:00:00+00:00,62364.682523629011,7.927514,3333.51,88791.129717769011,0.2976248559753542662753227062
2024-12-28 00:00:00+00:00,62364.682523629011,7.927514,3404.0,89349.940179629011,0.3020176353979518156241327519
2024-12-29 00:00:00+00:00,62364.682523629011,7.927514,3356.48,88973.224714349011,0.2990623558508467881372662564
2024-12-30 00:00:00+00:00,62364.682523629011,7.927514,3361.84,89015.716189389011,0.2993969470408743137392664139
2024-12-31 00:00:00+00:00,62364.682523629011,7.927514,3337.78,88824.980202549011,0.2978925254875617599711485746
2025-01-01 00:00:00+00:00,62364.682523629011,7.927514,3360.38,89004.142018949011,0.2993058400545948787916099572
2025-01-02 00:00:00+00:00,62364.682523629011,7.927514,3455.67,89759.554828009011,0.3052028539677156454210360995
2025-01-03 00:00:00+00:00,62364.682523629011,7.927514,3609.01,90975.159824769011,0.3144866945685812975387284737
2025-01-04 00:00:00+00:00,62364.682523629011,7.927514,3656.88,91354.649919949011,0.3173343384460772126680930204
2025-01-05 00:00:00+00:00,62364.682523629011,7.927514,3635.99,91189.044152489011,0.3160945692188532183465595953
2025-01-06 00:00:00+00:00,62364.682523629011,7.927514,3687.45,91596.994022929011,0.3191405112266285038517640824
2025-01-07 00:00:00+00:00,62364.682523629011,7.927514,3381.31,89170.064886969011,0.3006096541178724778084556599
2025-01-08 00:00:00+00:00,62364.682523629011,7.927514,3327.29,88741.820580689011,0.2972345832490154452335105859
2025-01-09 00:00:00+00:00,62364.682523629011,7.927514,3219.2,87884.935592429011,0.2903825655303601679992826438
2025-01-10 00:00:00+00:00,62364.682523629011,7.927514,3267.04,88264.187862189011,0.2934316393303035249131893270
2025-01-11 00:00:00+00:00,62364.682523629011,7.927514,3282.83,88389.363308249011,0.2944322688903363214425220086
2025-01-12 00:00:00+00:00,62364.682523629011,7.927514,3267.3,88266.249015829011,0.2934481387960080436075680742
2025-01-13 00:00:00+00:00,35271.325998171621,16.209025,3137.51,86127.304025921621,0.5904745144750373635940011254
2025-01-14 00:00:00+00:00,34449.857085244855,16.470507,3225.63,87577.618579654855,0.6066362885408727390610492611
2025-01-15 00:00:00+00:00,35030.292324990754,16.290328,3451.52,91256.685223550754,0.6161345085110495308583196951
2025-01-16 00:00:00+00:00,36500.695835929918,15.863756,3308.05,88978.793871729918,0.5897820789912189148611536305
2025-01-17 00:00:00+00:00,36500.695835929918,15.863756,3473.63,91605.514590209918,0.6015447759972429944046691780
2025-01-18 00:00:00+00:00,36642.086933720794,15.822999,3307.71,88979.978956010794,0.5881985210197047350396781016
2025-01-19 00:00:00+00:00,36642.086933720794,15.822999,3215.12,87514.927478600794,0.5813047214981633788602730290
2025-01-20 00:00:00+00:00,36642.086933720794,15.822999,3284.0,88604.815649720794,0.5864549046794810607804242882
2025-01-21 00:00:00+00:00,36642.086933720794,15.822999,3327.54,89293.749026180794,0.5896455537668444318965073568
2025-01-22 00:00:00+00:00,36642.086933720794,15.822999,3242.6,87949.743491120794,0.5833747151585485211913560041
2025-01-23 00:00:00+00:00,36642.086933720794,15.822999,3338.21,89462.580425510794,0.5904199637497592002308534518
2025-01-24 00:00:00+00:00,67057.463768459218,6.699883,3310.09,89234.679487929218,0.2485268714667139437265163738
2025-01-25 00:00:00+00:00,67057.463768459218,6.699883,3318.77,89292.834472369218,0.2490162938078812463798930764
2025-01-26 00:00:00+00:00,67057.463768459218,6.699883,3232.61,88715.572553089218,0.2441297301177799820600381388
2025-01-27 00:00:00+00:00,35445.187321223006,16.466367,3182.44,87848.412316703006,0.5965187487573562414900170729
2025-01-28 00:00:00+00:00,61460.028217587614,8.281231,3077.72,86947.338490907614,0.2931350253577376241444393213
2025-01-29 00:00:00+00:00,61460.028217587614,8.281231,3113.9,87246.953428487614,0.2955624717834574885103893093
2025-01-30 00:00:00+00:00,34864.252329138824,16.811128,3247.39,89456.541285058824,0.6102660372477210033755324174
2025-01-31 00:00:00+00:00,35781.355906345910,16.528347,3300.99,90341.264069875910,0.6039312015971987918057276791
2025-02-01 00:00:00+00:00,4476.422054849528,25.999533,3117.54,85531.006163669528,0.9476631661939813602338023983
2025-02-02 00:00:00+00:00,4476.422054849528,25.999533,2869.68,79086.761914289528,0.9433985922991655497300173254
2025-02-03 00:00:00+00:00,55294.585912384976,8.267830,2879.9,79105.109529384976,0.3009985544379426552946793100
2025-02-04 00:00:00+00:00,55373.418202018463,8.240421,2731.19,77879.573633008463,0.2889866287281649364106383684
2025-02-05 00:00:00+00:00,55373.418202018463,8.240421,2788.25,78349.772055268463,0.2932536145356277929618147854
2025-02-06 00:00:00+00:00,54844.154134776038,8.429994,2686.64,77492.513214936038,0.2922651252430243413927041045
2025-02-07 00:00:00+00:00,54243.923215534282,8.653118,2622.1,76933.263923334282,0.2949223723357224961803453733
2025-02-08 00:00:00+00:00,53852.839071170717,8.802073,2632.46,77023.944160750717,0.3008298957168614810023138771
2025-02-09 00:00:00+00:00,53916.679996116683,8.777790,2627.18,76977.514328316683,0.2995788384883833667387756768
2025-02-10 00:00:00+00:00,53884.218449695123,8.790130,2661.19,77276.424504395123,0.3027081830548404876362707531
2025-02-11 00:00:00+00:00,54093.227687979949,8.711488,2602.59,76765.659241899949,0.2953460151039127275519159095
2025-02-12 00:00:00+00:00,53735.497905971758,8.848761,2738.27,77965.794689441758,0.3107811172833630110526934608
2025-02-13 00:00:00+00:00,54574.963706976541,8.541794,2675.87,77431.694017756541,0.2951857195005771495722862827
2025-02-14 00:00:00+00:00,54201.703649191931,8.681104,2725.95,77865.959097991931,0.3039101517907107183451647831
2025-02-15 00:00:00+00:00,54505.777372148576,8.569411,2693.04,77583.543971588576,0.2974569788651466649718491942
2025-02-16 00:00:00+00:00,54308.226085464104,8.642672,2661.41,77309.919772984104,0.2975257736014094967012916810
2025-02-17 00:00:00+00:00,54116.696560826728,8.714544,2744.05,78029.841024026728,0.3064615299656541934649255193
2025-02-18 00:00:00+00:00,54620.235599038363,8.530803,2671.99,77414.455907008363,0.2944439774316934742286922723
2025-02-19 00:00:00+00:00,54189.620798591963,8.691752,2715.5,77792.073354591963,0.3034043384910858466482749680
2025-02-20 00:00:00+00:00,54454.169007731639,8.594204,2738.04,77985.443327891639,0.3017393159031256789524854774
2025-02-21 00:00:00+00:00,54589.635174079559,8.544664,2663.0,77344.075406079559,0.2941975854327868585743521831
2025-02-22 00:00:00+00:00,54140.269682382059,8.713189,2763.22,78216.727790962059,0.3078172507155436659771554831
2025-02-23 00:00:00+00:00,54750.977527743359,8.491889,2819.69,78695.472022153359,0.3042677536474963543178628347
2025-02-24 00:00:00+00:00,55086.454520658449,8.372758,2513.52,76131.549208818449,0.2764306638557449752874852779
2025-02-25 00:00:00+00:00,53289.752588390537,9.086645,2495.7,75967.292514890537,0.2985171535770465859307320379
2025-02-26 00:00:00+00:00,53176.895713153223,9.131807,2336.37,74512.175633743223,0.2863328005004353739538279913
2025-02-27 00:00:00+00:00,52157.265364397911,9.567655,2307.72,74236.734160997911,0.2974197214645251790577099683
2025-02-28 00:00:00+00:00,51965.466358529767,9.650659,2237.59,73559.684430339767,0.2935605044942721735391421747
2025-03-01 00:00:00+00:00,51491.163950880202,9.862354,2217.39,73359.849086940202,0.2981015556635481969721185729
2025-03-02 00:00:00+00:00,51351.783489127082,9.925130,2518.11,76344.352593427082,0.3273663113943512819932870403
2025-03-03 00:00:00+00:00,53438.401880642762,9.095410,2149.01,72984.528924742762,0.2678119230481679977968161509
2025-03-04 00:00:00+00:00,53438.401880642762,9.095410,2171.51,73189.175649742762,0.2698592188497947379974142870
2025-03-05 00:00:00+00:00,53438.401880642762,9.095410,2241.59,73826.581982542762,0.2761631319559267354593230191
2025-03-06 00:00:00+00:00,53438.401880642762,9.095410,2202.2,73468.313782642762,0.2726333417867576239394798432
2025-03-07 00:00:00+00:00,53438.401880642762,9.095410,2141.6,72917.131936642762,0.2671351647912447545776774960
2025-03-08 00:00:00+00:00,53438.401880642762,9.095410,2203.58,73480.865448442762,0.2727575872369471184505991560
2025-03-09 00:00:00+00:00,53438.401880642762,9.095410,2020.41,71814.859198742762,0.2558865605688148492204579250
2025-03-10 00:00:00+00:00,53438.401880642762,9.095410,1865.1,70402.251071642762,0.2409560622392207627074071798
2025-03-11 00:00:00+00:00,49276.236759461877,11.324105,1923.43,71057.360039611877,0.3065287433702549759891571321
2025-03-12 00:00:00+00:00,49739.470351748085,11.082953,1908.2,70887.961266348085,0.2983368478483751548538532113
2025-03-13 00:00:00+00:00,49621.420857850645,11.144737,1864.59,70401.786020680645,0.2951681532159671660607441792
2025-03-14 00:00:00+00:00,49280.808430753066,11.327174,1911.65,70934.400607853066,0.3052622139828549659484472628
2025-03-15 00:00:00+00:00,49653.517462393762,11.131952,1937.17,71218.000918233762,0.3027954053441971950136609390
2025-03-16 00:00:00+00:00,49852.420028275222,11.029142,1887.0,70664.410982275222,0.2945187070082601933605369766
2025-03-17 00:00:00+00:00,49464.662518762249,11.234363,1926.31,71105.528309292249,0.3043485690226130745708585458
2025-03-18 00:00:00+00:00,49773.389422759429,11.073885,1931.54,71163.041255659429,0.3005724805388208642226439637
2025-03-19 00:00:00+00:00,49814.076502385245,11.052793,2056.06,72539.282077965245,0.3132813687231552875525272063
2025-03-20 00:00:00+00:00,50776.167878595280,10.584252,1983.79,71773.101153675280,0.2925459947748796912103857194
2025-03-21 00:00:00+00:00,50776.167878595280,10.584252,1965.75,71582.161247595280,0.2906589156624403165484443022
2025-03-22 00:00:00+00:00,50776.167878595280,10.584252,1980.69,71740.289972475280,0.2922224331951172855784986185
2025-03-23 00:00:00+00:00,50776.167878595280,10.584252,2005.99,72008.071548075280,0.2948544963505207541725337915
2025-03-24 00:00:00+00:00,50776.167878595280,10.584252,2081.2,72804.113140995280,0.3025645710392738881145037389
2025-03-25 00:00:00+00:00,50962.637928785440,10.494538,2066.15,72645.927617485440,0.2984790806564215713026008632
2025-03-26 00:00:00+00:00,50852.080866963928,10.547977,2009.52,72048.451608003928,0.2941960620661732014423862852
2025-03-27 00:00:00+00:00,50433.374228709712,10.756068,2003.66,71984.877437589712,0.2993893158679748177308946362
2025-03-28 00:00:00+00:00,50389.432798675270,10.777970,1896.9,70834.164091675270,0.2886281154746167341549105139
2025-03-29 00:00:00+00:00,49582.868938880740,11.202619,1828.08,70062.152680400740,0.2923016629954177284575438241
2025-03-30 00:00:00+00:00,49042.884977298774,11.497617,1807.74,69827.587132878774,0.2976574590215703970016676373
2025-03-31 00:00:00+00:00,48879.098978038704,11.588102,1822.43,69997.603705898704,0.3017032528226440102514832016
2025-04-01 00:00:00+00:00,48998.169178317765,11.522681,1904.98,70948.646029697765,0.3093854228337485738382900328
2025-04-02 00:00:00+00:00,49663.187383327539,11.173132,1795.22,69721.417412367539,0.2876910822166098034710044751
2025-04-03 00:00:00+00:00,48803.799680893969,11.651222,1817.23,69976.749835953969,0.3025712140774701134914139145
2025-04-04 00:00:00+00:00,48983.491536936580,11.552211,1816.87,69972.357136506580,0.2999593905150796829939862401
2025-04-05 00:00:00+00:00,48983.491536936580,11.552211,1806.01,69846.900125046580,0.2987019975225577193924953625
2025-04-06 00:00:00+00:00,48892.794656991376,11.602365,1580.76,67233.349154391376,0.2727895416199429142059804939
2025-04-07 00:00:00+00:00,47061.048265034112,12.759629,1553.04,66877.262487194112,0.2963071974717038811870704647
2025-04-08 00:00:00+00:00,46813.762790487072,12.918649,1473.41,65848.229413577072,0.2890657317987859783916254134
2025-04-09 00:00:00+00:00,46092.825838420993,13.407312,1669.51,68476.467295540993,0.3268807860737518466182375912
2025-04-10 00:00:00+00:00,47931.134481798973,12.304772,1522.25,66662.073658798973,0.2809834460426754853105824673
2025-04-11 00:00:00+00:00,47931.134481798973,12.304772,1566.85,67210.866489998973,0.2868543885097633503141137606
2025-04-12 00:00:00+00:00,47931.134481798973,12.304772,1644.18,68162.394508758973,0.2968097023698346135830745002
2025-04-13 00:00:00+00:00,47931.134481798973,12.304772,1597.76,67591.206992518973,0.2908673093069041686789570332
2025-04-14 00:00:00+00:00,47931.134481798973,12.304772,1623.77,67911.254112238973,0.2942092572376627756064099942
2025-04-15 00:00:00+00:00,47931.134481798973,12.304772,1588.78,67480.710139958973,0.2897061340583557435212553049
2025-04-16 00:00:00+00:00,47931.134481798973,12.304772,1577.14,67337.482593878973,0.2881953314043856371429037117
2025-04-17 00:00:00+00:00,47135.291755532838,12.808725,1583.62,67419.444840032838,0.3008650268869541197819078067
2025-04-18 00:00:00+00:00,47193.626430661242,12.771841,1588.6,67482.973043261242,0.3006587543141160788840539123
2025-04-19 00:00:00+00:00,47238.024021064122,12.743857,1613.27,67797.306203454122,0.3032462989118371533102305948
2025-04-20 00:00:00+00:00,47457.739898080824,12.607486,1587.36,67470.358875040824,0.2966134953279940005457208260
2025-04-21 00:00:00+00:00,47228.955090855768,12.751428,1579.57,67370.728216815768,0.2989692060495288396174249238
2025-04-22 00:00:00+00:00,47159.420597895644,12.795392,1756.26,69631.455751815644,0.3227282111408972009006331430
2025-04-23 00:00:00+00:00,48739.872791852519,11.894319,1795.07,70091.007999182519,0.3046201762083236298480249650
2025-04-24 00:00:00+00:00,49063.368500771531,11.713872,1769.65,69792.822085571531,0.2970141192941596068916961558
2025-04-25 00:00:00+00:00,48854.623274458739,11.831678,1784.6,69969.435833258739,0.3017719423823544069621072545
2025-04-26 00:00:00+00:00,48978.445396568219,11.762204,1820.88,70396.007416088219,0.3042439877723130089801897796
2025-04-27 00:00:00+00:00,49276.736240673158,11.598173,1791.29,70052.427553843158,0.2965734670251298280328421838
2025-04-28 00:00:00+00:00,49036.387750717804,11.732175,1799.88,70152.894889717804,0.3010069245495243589096053278
2025-04-29 00:00:00+00:00,49106.935809220336,11.692928,1797.81,70128.598696900336,0.2997587757105597418097860331
2025-04-30 00:00:00+00:00,49106.935809220336,11.692928,1793.61,70079.488399300336,0.2992680607281571862679480601
2025-05-01 00:00:00+00:00,49106.935809220336,11.692928,1838.11,70599.823695300336,0.3044325999855256144298045216
2025-05-02 00:00:00+00:00,49419.388416898096,11.522720,1842.2,70646.543200898096,0.3004698294102824446205308879
2025-05-03 00:00:00+00:00,49452.538025910616,11.504702,1833.52,70546.639236950616,0.2990092999354591816991336278
2025-05-04 00:00:00+00:00,49382.557053400648,11.542820,1808.86,70261.902438600648,0.2971645324213318836342748993
2025-05-05 00:00:00+00:00,49183.073839231164,11.652958,1820.19,70393.671461251164,0.3013139843642843116179586832
2025-05-06 00:00:00+00:00,49275.450188887365,11.602141,1817.0,70356.540385887365,0.2996322741478715590635955622
2025-05-07 00:00:00+00:00,49249.546111307565,11.616379,1811.11,70288.086281997565,0.2993187221840533427697188327
2025-05-08 00:00:00+00:00,49201.599924899088,11.642818,2207.39,74901.839949919088,0.3431189412997559139370440238
2025-05-09 00:00:00+00:00,52427.091029427606,10.179692,2345.04,76298.875957107606,0.3128720394400021146739318947
2025-05-10 00:00:00+00:00,53407.938125773038,9.760883,2583.23,78622.543917863038,0.3207045274244966632254209466
2025-05-11 00:00:00+00:00,55033.596770076114,9.130749,2514.57,77993.504283006114,0.2943823043213702518564058600
2025-05-12 00:00:00+00:00,55033.596770076114,9.130749,2495.47,77819.106977106114,0.2928009725649171492881605647
2025-05-13 00:00:00+00:00,55033.596770076114,9.130749,2679.71,79501.356172866114,0.3077653084255293344740847635
2025-05-14 00:00:00+00:00,55650.148479035751,8.900368,2609.74,78877.794863355751,0.2944763659349060387834677498
2025-05-15 00:00:00+00:00,55650.148479035751,8.900368,2548.69,78334.427396955751,0.2895824948457025578558264302
2025-05-16 00:00:00+00:00,55650.148479035751,8.900368,2537.12,78231.450139195751,0.2886473613870318619629790617
2025-05-17 00:00:00+00:00,55650.148479035751,8.900368,2475.08,77679.271308475751,0.2835907502525240014057188953
2025-05-18 00:00:00+00:00,55650.148479035751,8.900368,2497.78,77881.309662075751,0.2854492468026054306660492922
2025-05-19 00:00:00+00:00,55650.148479035751,8.900368,2528.14,78151.524834555751,0.2879198634083555704610750421
2025-05-20 00:00:00+00:00,55650.148479035751,8.900368,2524.19,78116.368380955751,0.2875993900837447839805487747
2025-05-21 00:00:00+00:00,55650.148479035751,8.900368,2550.99,78354.898243355751,0.2897680971239764374213565304
2025-05-22 00:00:00+00:00,55650.148479035751,8.900368,2664.82,79368.027132795751,0.2988341717764521440665651600
2025-05-23 00:00:00+00:00,55650.148479035751,8.900368,2526.5,78136.928231035751,0.2877868411400938494700063109
2025-05-24 00:00:00+00:00,55650.148479035751,8.900368,2530.4,78171.639666235751,0.2881030931851821521402050531
2025-05-25 00:00:00+00:00,55650.148479035751,8.900368,2551.22,78356.945327995751,0.2897866520180337485282173151
2025-05-26 00:00:00+00:00,55650.148479035751,8.900368,2563.7,78468.021920635751,0.2907920052410456977131353684
2025-05-27 00:00:00+00:00,54926.676488127831,9.182200,2660.81,79358.766070127831,0.3078688189331198458364205304
2025-05-28 00:00:00+00:00,55550.324867177367,8.947512,2681.6,79543.973046377367,0.3016400521659979015480955471
2025-05-29 00:00:00+00:00,55680.674513978871,8.898840,2631.39,79096.993101578871,0.2960456228409090073415136075
2025-05-30 00:00:00+00:00,55367.490362215623,9.017704,2531.34,78194.365205575623,0.2919248053660564449589072470
2025-05-31 00:00:00+00:00,54735.300265103523,9.267124,2528.06,78163.145764543523,0.2997300744523945771260093772
2025-06-01 00:00:00+00:00,54714.176178744613,9.275469,2539.21,78266.539818234613,0.3009250657329142316875588720
2025-06-02 00:00:00+00:00,54786.421406495173,9.246980,2607.41,78897.089528295173,0.3055964201715336587044287033
2025-06-03 00:00:00+00:00,55227.455611430737,9.077614,2593.36,78768.976654470737,0.2988679305344744514317121739
2025-06-04 00:00:00+00:00,55138.105026326542,9.112023,2607.68,78899.345162966542,0.3011589017318353554423674976
2025-06-05 00:00:00+00:00,55229.424455737582,9.076958,2414.01,77141.291837317582,0.2840484889440235848092876565
2025-06-06 00:00:00+00:00,53997.369902046670,9.586670,2476.1,77734.923489046670,0.3053653688916895590183787857
2025-06-07 00:00:00+00:00,54413.904462358540,9.418229,2524.63,78191.447942628540,0.3040939144357105632356596229
2025-06-08 00:00:00+00:00,54733.665601218268,9.291408,2509.83,78053.520141858268,0.2987674931029037626198040327
2025-06-09 00:00:00+00:00,54637.406224976292,9.329711,2680.13,79642.244567406292,0.3139645106469446189163458610
2025-06-10 00:00:00+00:00,55748.125915528869,8.914744,2816.4,80855.610917128869,0.3105224821977209386328488669
2025-06-11 00:00:00+00:00,56597.885415316239,8.612634,2771.61,80468.747936056239,0.2966476195169429563339339622
2025-06-12 00:00:00+00:00,56327.713845072079,8.709986,2642.65,79345.158347972079,0.2900926153799563865471060155
2025-06-13 00:00:00+00:00,55540.651273758185,9.007429,2579.19,78772.522076268185,0.2949235366618922921500027156
2025-06-14 00:00:00+00:00,55140.246067626464,9.162472,2530.76,78328.263706346464,0.2960364055260070268816618150
2025-06-15 00:00:00+00:00,54829.446142563815,9.285121,2547.61,78484.313253373815,0.3013961150993844654165457732
2025-06-16 00:00:00+00:00,54938.942985697199,9.242085,2544.17,78452.378380147199,0.2997160300292464135246746481
2025-06-17 00:00:00+00:00,54916.637273398923,9.250841,2509.95,78135.785641348923,0.2971640737642060080030413826
2025-06-18 00:00:00+00:00,54694.763295858318,9.339124,2525.0,78276.051395858318,0.3012580179951145940211036527
2025-06-19 00:00:00+00:00,54793.110278358318,9.300124,2521.12,78239.838897238318,0.2996776188365543054018708232
2025-06-20 00:00:00+00:00,54767.921740632636,9.310102,2406.49,77172.589102612636,0.2903189801263451737818995378
2025-06-21 00:00:00+00:00,54019.841239155364,9.620558,2295.73,76106.044856495364,0.2902030142150400526138514815
2025-06-22 00:00:00+00:00,53273.196752593768,9.945369,2227.7,75428.495273893768,0.2937258451312109769395262510
2025-06-23 00:00:00+00:00,52799.333397421388,10.157807,2411.66,77296.510227041388,0.3169247454725312423079617808
2025-06-24 00:00:00+00:00,54105.856966163024,9.615349,2448.45,77648.558225213024,0.3031956007575363072408705575
2025-06-25 00:00:00+00:00,54353.737141132766,9.513978,2418.49,77363.197794352766,0.2974212714730828708916944960
2025-06-26 00:00:00+00:00,54154.045951125716,9.596439,2415.96,77338.658717565716,0.2997803834574925582697568512
2025-06-27 00:00:00+00:00,54154.045951125716,9.596439,2423.17,77407.849042755716,0.3004062686044397758026948483
2025-06-28 00:00:00+00:00,54185.455389135257,9.583460,2435.62,77527.122234335257,0.3010774316457528589593790266
2025-06-29 00:00:00+00:00,54268.878821024681,9.549164,2500.09,78142.648245784681,0.3055152334954023543544623337
2025-06-30 00:00:00+00:00,54699.294067415753,9.376780,2485.47,78004.999454015753,0.2987719447436032981932165224
2025-07-01 00:00:00+00:00,54603.377037896702,9.415321,2405.01,77247.318196106702,0.2931356283557202424097367423
2025-07-02 00:00:00+00:00,54072.433507646975,9.635800,2570.41,78840.390185646975,0.3141531468791366784862122705
2025-07-03 00:00:00+00:00,55186.823599856345,9.201690,2591.25,79030.702812356345,0.3017040006478601286095967343
2025-07-04 00:00:00+00:00,55321.383599114897,9.149694,2508.04,78269.182138874897,0.2931907286196394356286056650
2025-07-05 00:00:00+00:00,54787.734764365349,9.362193,2516.41,78346.850851495349,0.3007027829591486942860935675
2025-07-06 00:00:00+00:00,54842.790311928527,9.340286,2570.35,78850.594432028527,0.3044720752333124823932059015
2025-07-07 00:00:00+00:00,55194.958214217077,9.203096,2542.29,78591.897144057077,0.2977016687477841103920925949
2025-07-08 00:00:00+00:00,31405.910469943527,18.548241,2615.25,79914.197745193527,0.6070046205045905165121996197
2025-07-09 00:00:00+00:00,31964.953493250702,18.334200,2768.74,82727.586401250702,0.6136119173329654199577594045
2025-07-10 00:00:00+00:00,33089.572137553596,17.927487,2951.29,85998.785245783596,0.6152320984187862942017703001
2025-07-11 00:00:00+00:00,34397.814032233761,17.483632,2958.22,86118.243887273761,0.6005745997647201894921033440
2025-07-12 00:00:00+00:00,34447.163733951969,17.466928,2943.28,85857.223577791969,0.5987854917910232397037969165
2025-07-13 00:00:00+00:00,34342.824029281061,17.502332,2972.03,86360.279803241061,0.6023307924948132134160358312
2025-07-14 00:00:00+00:00,34543.852000578869,17.434604,3013.62,87085.123307058869,0.6033323409467016973471276780
2025-07-15 00:00:00+00:00,34833.604108050680,17.338331,3137.89,89239.379569640680,0.6096610680616934214637539941
2025-07-16 00:00:00+00:00,35694.702832957160,17.063555,3371.35,93221.918982207160,0.6170996776008221395614373933
2025-07-17 00:00:00+00:00,37286.695854508775,16.590728,3476.87,94970.500315868775,0.6073865491863847695549607106
2025-07-18 00:00:00+00:00,37987.355611328567,16.388946,3546.92,96117.635957648567,0.6047826683121234136114429389
2025-07-19 00:00:00+00:00,38446.460112100991,16.259340,3592.01,96850.171985500991,0.6030315762592900738624153720
2025-07-20 00:00:00+00:00,38739.623927049791,16.177618,3756.69,99513.919691469791,0.6107115060168763183089522352
2025-07-21 00:00:00+00:00,39804.183958300829,15.893872,3762.33,99602.175400060829,0.6003683273138980074426951010
2025-07-22 00:00:00+00:00,39840.762529460069,15.884137,3746.21,99346.075400230069,0.5989699404938163826526007706
2025-07-23 00:00:00+00:00,39840.762529460069,15.884137,3628.29,97473.017965190069,0.5912636813637169616629391053
2025-07-24 00:00:00+00:00,39840.762529460069,15.884137,3706.94,98722.305340240069,0.5964360597926532799457986960
2025-07-25 00:00:00+00:00,39840.762529460069,15.884137,3724.96,99008.537488980069,0.5976027568946318507774000527
2025-07-26 00:00:00+00:00,39840.762529460069,15.884137,3741.1,99264.907460160069,0.5986420221521876384788211989
2025-07-27 00:00:00+00:00,39840.762529460069,15.884137,3872.1,101345.729407160069,0.6068826702169324779297756822
2025-07-28 00:00:00+00:00,75962.398702837010,6.543324,3799.0,100820.486578837010,0.2465579042465948826514753702
2025-07-29 00:00:00+00:00,75962.398702837010,6.543324,3793.79,100786.395860797010,0.2463030545535740918842918917
2025-07-30 00:00:00+00:00,40268.217144519728,15.939690,3810.0,100998.436044519728,0.6012986069727886634877449518
2025-07-31 00:00:00+00:00,40399.205887494728,15.905265,3698.39,99223.078910844728,0.5928446654654329705221068889
2025-08-01 00:00:00+00:00,39688.310391683752,16.097233,3488.2,95838.678542283752,0.5858842067175062049967668698
2025-08-02 00:00:00+00:00,39688.310391683752,16.097233,3393.94,94321.353359703752,0.5792224244246318295701662558
2025-08-03 00:00:00+00:00,37725.996527525170,16.674664,3496.74,96032.961122885170,0.6071557506255540987422139179
2025-08-04 00:00:00+00:00,38412.357838110895,16.478123,3720.99,99727.288739880895,0.6148260087737669388862501178
2025-08-05 00:00:00+00:00,39888.993415537723,16.080767,3612.0,97972.723819537723,0.5928561352544221195833341331
2025-08-06 00:00:00+00:00,39188.245852902134,16.274520,3683.31,99132.348114102134,0.6046876060295056639703735937
2025-08-07 00:00:00+00:00,39652.335507239048,16.148358,3910.31,102797.421278219048,0.6142672159068967301501925336
2025-08-08 00:00:00+00:00,41116.998712469378,15.773305,4009.5,104360.065109969378,0.6060083072088700154930686208
2025-08-09 00:00:00+00:00,41743.274867193815,15.616904,4260.62,108280.968387673815,0.6144911198268737613529065368
2025-08-10 00:00:00+00:00,5366.830810174859,24.143628,4250.57,107991.011678134859,0.9503029860839659934720933287
2025-08-11 00:00:00+00:00,5366.830810174859,24.143628,4223.22,107330.683452334859,0.9499972362278094708528418768
2025-08-12 00:00:00+00:00,5366.830810174859,24.143628,4590.52,116198.638016734859,0.9538133070939959622715911509
2025-08-13 00:00:00+00:00,5366.830810174859,24.143628,4749.3,120032.163270574859,0.9552883938442647037132173469
2025-08-14 00:00:00+00:00,5366.830810174859,24.143628,4546.84,115144.044345694859,0.9533902874380361264030176849
2025-08-15 00:00:00+00:00,5366.830810174859,24.143628,4439.47,112551.743007334859,0.9523167685655022755110634630
2025-08-16 00:00:00+00:00,5366.830810174859,24.143628,4421.99,112129.712389894859,0.9521372997773022172275624913
2025-08-17 00:00:00+00:00,5366.830810174859,24.143628,4472.33,113345.102623414859,0.9526505275838342416423813847
2025-08-18 00:00:00+00:00,5366.830810174859,24.143628,4312.99,109498.056937894859,0.9509869767532147194212050936
2025-08-19 00:00:00+00:00,5366.830810174859,24.143628,4075.59,103766.359650694859,0.9482796657005118261346947816
2025-08-20 00:00:00+00:00,5366.830810174859,24.143628,4336.16,110057.464798654859,0.9512361036119337057784803718
2025-08-21 00:00:00+00:00,5366.830810174859,24.143628,4225.3,107380.902198574859,0.9500206209829545773532182976
2025-08-22 00:00:00+00:00,5366.830810174859,24.143628,4832.07,122030.531360134859,0.9560205896806567180655785052
2025-08-23 00:00:00+00:00,5366.830810174859,24.143628,4778.4,120734.742845374859,0.9555485796077093886238842526
2025-08-24 00:00:00+00:00,5366.830810174859,24.143628,4780.15,120776.994194374859,0.9555641300234907068578501562
2025-08-25 00:00:00+00:00,5366.830810174859,24.143628,4376.18,111023.692791214859,0.9516604908803796480863708881
2025-08-26 00:00:00+00:00,5366.830810174859,24.143628,4600.63,116442.730095814859,0.9539101255547790387712186894
2025-08-27 00:00:00+00:00,5366.830810174859,24.143628,4506.71,114175.160554054859,0.9529947601200525802104892570
2025-08-28 00:00:00+00:00,5366.830810174859,24.143628,4511.21,114283.806880054859,0.9530394466487492038731803949
2025-08-29 00:00:00+00:00,5366.830810174859,24.143628,4360.18,110637.394743214859,0.9514917101705886419007401472
2025-08-30 00:00:00+00:00,5366.830810174859,24.143628,4373.7,110963.816593774859,0.9516344068281088518629444868
2025-08-31 00:00:00+00:00,5366.830810174859,24.143628,4391.83,111401.540569414859,0.9518244471060006590428074574
2025-09-01 00:00:00+00:00,5366.830810174859,24.143628,4314.5,109534.513816174859,0.9510032899841808206024078138
2025-09-02 00:00:00+00:00,5366.830810174859,24.143628,4326.5,109824.237352174859,0.9511325465164399871065055190
2025-09-03 00:00:00+00:00,5366.830810174859,24.143628,4450.46,112817.081479054859,0.9524289164387642659173658504
2025-09-04 00:00:00+00:00,5366.830810174859,24.143628,4297.55,109125.279321574859,0.9508195457226765821124381731
2025-09-05 00:00:00+00:00,5366.830810174859,24.143628,4307.45,109364.301238774859,0.9509270324101694932149143356
2025-09-06 00:00:00+00:00,5366.830810174859,24.143628,4273.14,108535.933362094859,0.9505524977403550523549497539
2025-09-07 00:00:00+00:00,5366.830810174859,24.143628,4306.19,109333.880267494859,0.9509133783869698937526395371
2025-09-08 00:00:00+00:00,5366.830810174859,24.143628,4306.37,109338.226120534859,0.9509153294268882215684702750
2025-09-09 00:00:00+00:00,5366.830810174859,24.143628,4310.09,109428.040416694859,0.9509556162228774597694518181
2025-09-10 00:00:00+00:00,5366.830810174859,24.143628,4349.32,110375.194943134859,0.9513764771791357425812460513
2025-09-11 00:00:00+00:00,5366.830810174859,24.143628,4458.82,113018.922209134859,0.9525138737366132842830475560
2025-09-12 00:00:00+00:00,5366.830810174859,24.143628,4712.16,119135.468926654859,0.9549518639702595967546114242
2025-09-13 00:00:00+00:00,5366.830810174859,24.143628,4666.53,118033.795181014859,0.9545314051628657053971025188
2025-09-14 00:00:00+00:00,5366.830810174859,24.143628,4604.49,116535.924499894859,0.9539469838746617481018187298
2025-09-15 00:00:00+00:00,5366.830810174859,24.143628,4523.74,114586.326538894859,0.9531634273278395297027602566
2025-09-16 00:00:00+00:00,60086.594028675161,12.031749,4501.29,114244.985484885161,0.4740548674967905965499056664
2025-09-17 00:00:00+00:00,60086.594028675161,12.031749,4590.53,115318.698765645161,0.4789518554073757367202592200
2025-09-18 00:00:00+00:00,5695.327791584417,23.864921,4587.66,115179.471266444417,0.9505525791274954911585598026
2025-09-19 00:00:00+00:00,5695.327791584417,23.864921,4468.59,112337.875122974417,0.9493018023943408604934598289
2025-09-20 00:00:00+00:00,5695.327791584417,23.864921,4480.42,112620.197138404417,0.9494288952044263186316152470
2025-09-21 00:00:00+00:00,59056.021318661111,11.939639,4444.97,112127.358484491111,0.4733130065948227869965863378
2025-09-22 00:00:00+00:00,59056.021318661111,11.939639,4199.08,109191.520650781111,0.4591519472694636510066443697
2025-09-23 00:00:00+00:00,5389.908628162537,24.703461,4164.26,108261.543132022537,0.9502140051561091859401947026
2025-09-24 00:00:00+00:00,5389.908628162537,24.703461,4152.81,107978.688503572537,0.9500835886890383117249625526
2025-09-25 00:00:00+00:00,5389.908628162537,24.703461,3874.36,101100.009788122537,0.9466873579986957040551865730
2025-09-26 00:00:00+00:00,53015.382889601797,12.394953,4032.24,102994.808174321797,0.4852615988189261547901687927
2025-09-27 00:00:00+00:00,53015.382889601797,12.394953,4018.38,102823.014125741797,0.4844015871313641318124578512
2025-09-28 00:00:00+00:00,53015.382889601797,12.394953,4142.16,104357.261408081797,0.4919818499041591614763293913
2025-09-29 00:00:00+00:00,53015.382889601797,12.394953,4215.07,105260.977431311797,0.4963434296038428699785252197
2025-09-30 00:00:00+00:00,53015.382889601797,12.394953,4145.15,104394.322317551797,0.4921622008490366813715546341
2025-10-01 00:00:00+00:00,5157.584015288212,23.925456,4348.03,109186.184466968212,0.9527634009699411986962333320
2025-10-02 00:00:00+00:00,5157.584015288212,23.925456,4484.35,112447.702628888212,0.9541334869925282897817122708
2025-10-03 00:00:00+00:00,58965.004061868997,11.910903,4512.87,112717.360883478997,0.4768773541209523847010537727
2025-10-04 00:00:00+00:00,58965.004061868997,11.910903,4487.15,112411.012458318997,0.4754517126715436733764652272
2025-10-05 00:00:00+00:00,5551.212311984461,23.799145,4514.32,112988.168568384461,0.9508690831763976266720163747
2025-10-06 00:00:00+00:00,5551.212311984461,23.799145,4684.01,117026.645483434461,0.9525645438348461000782369057
2025-10-07 00:00:00+00:00,5551.212311984461,23.799145,4447.7,111402.669528484461,0.9501698448028206730929190332
2025-10-08 00:00:00+00:00,5551.212311984461,23.799145,4525.72,113259.478821384461,0.9509867750606641534112326745
2025-10-09 00:00:00+00:00,5551.212311984461,23.799145,4368.09,109508.019595034461,0.9493077097685348375696161408
2025-10-10 00:00:00+00:00,5551.212311984461,23.799145,3829.72,96695.273901384461,0.9425906552822228470754382803
2025-10-11 00:00:00+00:00,38635.045347740353,15.149192,3746.79,95395.886441420353,0.5950030259274865821679220055
2025-10-12 00:00:00+00:00,38635.045347740353,15.149192,4152.29,101538.883797420353,0.6195049236032482761806600498
2025-10-13 00:00:00+00:00,71035.044474801193,7.336112,4240.85,102146.395050001193,0.3045760994303404605634526463
2025-10-14 00:00:00+00:00,71035.044474801193,7.336112,4125.02,101296.653197041193,0.2987424339022873186557275619
2025-10-15 00:00:00+00:00,71035.044474801193,7.336112,3985.61,100273.925823121193,0.2915900729756617312558200530
2025-10-16 00:00:00+00:00,71035.044474801193,7.336112,3894.51,99605.606019921193,0.2868368828498053322142394070
2025-10-17 00:00:00+00:00,71035.044474801193,7.336112,3831.57,99143.871130641193,0.2835155248154592794151369669
2025-10-18 00:00:00+00:00,71035.044474801193,7.336112,3889.21,99566.724626321193,0.2865583884435367009352108475
2025-10-19 00:00:00+00:00,71035.044474801193,7.336112,3982.58,100251.697403761193,0.2914329999949094551734756615
2025-10-20 00:00:00+00:00,71035.044474801193,7.336112,3979.22,100227.048067441193,0.2912587385891796713185704729
2025-10-21 00:00:00+00:00,71035.044474801193,7.336112,3873.05,99448.173056401193,0.2857078989825759156767941040
2025-10-22 00:00:00+00:00,71035.044474801193,7.336112,3805.53,98952.838774161193,0.2821323232886367950255985121
2025-10-23 00:00:00+00:00,71035.044474801193,7.336112,3856.8,99328.961236401193,0.2848506257330223382676581077
2025-10-24 00:00:00+00:00,4880.559157416073,24.466530,3934.88,101153.418723816073,0.9517509223218476406884461246
2025-10-25 00:00:00+00:00,4880.559157416073,24.466530,3953.82,101616.814802016073,0.9519709492279889594854441414
2025-10-26 00:00:00+00:00,4880.559157416073,24.466530,4158.46,106623.645501216073,0.9542262962922196387028338061
2025-10-27 00:00:00+00:00,4880.559157416073,24.466530,4120.15,105686.332736916073,0.9538203376820236547506370611
2025-10-28 00:00:00+00:00,4880.559157416073,24.466530,3979.2,102237.775333416073,0.9522626627829128960445190704
2025-10-29 00:00:00+00:00,53611.271660946616,12.204199,3902.99,101244.138315956616,0.4704753030378925774504884565
2025-10-30 00:00:00+00:00,53611.271660946616,12.204199,3805.09,100049.347233856616,0.4641517096994651235361756954
2025-10-31 00:00:00+00:00,4939.193211531231,24.979370,3847.99,101059.559177831231,0.9511259177091808526274260605
2025-11-01 00:00:00+00:00,4939.193211531231,24.979370,3873.77,101703.527336431231,0.9514353794712293907716904152
2025-11-02 00:00:00+00:00,4939.193211531231,24.979370,3906.58,102523.100466131231,0.9518236066888856318161458873
2025-11-03 00:00:00+00:00,4939.193211531231,24.979370,3603.83,94960.596198631231,0.9479869186878333342509640535
2025-11-04 00:00:00+00:00,4939.193211531231,24.979370,3287.05,87047.631370031231,0.9432587293439934192964572764
2025-11-05 00:00:00+00:00,45647.017862909271,12.578946,3424.29,88720.976861249271,0.4854991516347183735160932238
2025-11-06 00:00:00+00:00,45647.017862909271,12.578946,3315.14,87347.984905349271,0.4774118955076912643499996397
2025-11-07 00:00:00+00:00,45647.017862909271,12.578946,3436.05,88868.905266209271,0.4863555736826917951013780569
2025-11-08 00:00:00+00:00,45647.017862909271,12.578946,3401.51,88434.428471369271,0.4838320476319068906208198987
2025-11-09 00:00:00+00:00,45647.017862909271,12.578946,3583.46,90723.167696069271,0.4968537913509494621231476933
2025-11-10 00:00:00+00:00,45647.017862909271,12.578946,3567.85,90526.810349009271,0.4957624411273777550866254047
2025-11-11 00:00:00+00:00,36198.458188466811,15.223758,3417.76,88229.609330546811,0.5897243741287404862326198094
2025-11-12 00:00:00+00:00,35290.667486328491,15.489023,3414.92,88184.441909488491,0.5998084614228161579153313402
2025-11-13 00:00:00+00:00,35273.693835991279,15.493987,3231.54,85343.132585971279,0.5866838635146423513923016808
2025-11-14 00:00:00+00:00,34135.838755815514,15.845638,3112.4,83453.802467015514,0.5909612534514835700987131353
2025-11-15 00:00:00+00:00,33380.543107064554,16.087996,3167.88,84345.383875544554,0.6042398341998293357263725671
2025-11-16 00:00:00+00:00,33737.626277976277,15.975129,3095.29,83185.283320386277,0.5944279452888733174609526579
2025-11-17 00:00:00+00:00,33273.513322837158,16.124876,3031.44,82155.107424277158,0.5949915426316550139506917062
2025-11-18 00:00:00+00:00,32861.508935557110,16.260610,3123.66,83654.125968157110,0.6071740807134148704513198936
2025-11-19 00:00:00+00:00,33460.806988156650,16.068502,3025.48,82075.738419116650,0.5923179293582434033360306173
2025-11-20 00:00:00+00:00,32829.477293115050,16.276902,2834.22,78961.798479555050,0.5842359479487371952908916395
2025-11-21 00:00:00+00:00,31583.037147945301,16.716115,2765.85,77817.303820695301,0.5941386350172430686629496729
2025-11-22 00:00:00+00:00,31126.398227826989,16.880999,2770.12,77888.791177706989,0.6003738438203434424900819155
2025-11-23 00:00:00+00:00,31155.479873915117,16.870487,2802.16,78429.283725835117,0.6027570520365175927019397185
2025-11-24 00:00:00+00:00,31371.433050070181,16.793320,2953.38,80968.488471670181,0.6125476263392685585710434851
2025-11-25 00:00:00+00:00,32386.075018534181,16.449320,2959.36,81065.534653734181,0.6004951406677442107652364969
2025-11-26 00:00:00+00:00,32426.163594587429,16.435756,3026.56,82169.965273947429,0.6053769344251095304511770340
2025-11-27 00:00:00+00:00,32867.412506240933,16.289774,3015.23,81984.827764260933,0.5991037195229848122213310576
2025-11-28 00:00:00+00:00,32793.835825639303,16.314144,3031.15,82244.453411239303,0.6012638607777799795769414785
2025-11-29 00:00:00+00:00,32897.584007520199,16.279872,2989.16,81560.726195040199,0.5966492018615604394660498907
2025-11-30 00:00:00+00:00,32624.000738005273,16.371278,2991.26,81594.749768285273,0.6001703439173268794168682229
2025-12-01 00:00:00+00:00,32637.817284364648,16.366653,2799.07,78449.224697074648,0.5839625259472869709980058966
2025-12-02 00:00:00+00:00,31378.055736985968,16.816133,2996.07,81760.367334295968,0.6162192421581276896974091971
2025-12-03 00:00:00+00:00,32702.425354155567,16.373522,3188.36,84907.107958075567,0.6148446680070296834190602687
2025-12-04 00:00:00+00:00,33961.402626290628,15.978145,3133.26,84025.085228990628,0.5958182900530620776743416744
2025-12-05 00:00:00+00:00,33609.578939648070,16.090286,3021.78,82230.883368728070,0.5912779048117389098828453346
2025-12-06 00:00:00+00:00,32891.356831146496,16.327660,3038.06,82495.767570746496,0.6012964325358920303491357253
2025-12-07 00:00:00+00:00,32998.169657962984,16.292456,3059.85,82850.641149562984,0.6017149752843277673493158693
2025-12-08 00:00:00+00:00,33140.139832374340,16.245998,3124.16,83895.236944054340,0.6049818673916626501604500558
2025-12-09 00:00:00+00:00,33557.552862209284,16.112216,3318.04,87018.530038849284,0.6143631379750086788834252076
2025-12-10 00:00:00+00:00,34805.787260669212,15.735530,3324.14,87112.891954869212,0.6004519367959781321888462656
2025-12-11 00:00:00+00:00,34845.107192380804,15.723686,3237.39,85748.811011920804,0.5936374302900055902401863065
2025-12-12 00:00:00+00:00,34845.107192380804,15.723686,3084.86,83350.477186340804,0.5819447186309438066773889223
2025-12-13 00:00:00+00:00,34845.107192380804,15.723686,3114.64,83818.728555420804,0.5842801746945937381663474002
2025-12-14 00:00:00+00:00,34845.107192380804,15.723686,3063.5,83014.619253380804,0.5802533637355480264624523263
2025-12-15 00:00:00+00:00,34845.107192380804,15.723686,2964.85,81463.477629480804,0.5722609909821635933697123140
2025-12-16 00:00:00+00:00,34845.107192380804,15.723686,2962.3,81423.382230180804,0.5720503590249418579929562134
2025-12-17 00:00:00+00:00,34845.107192380804,15.723686,2833.49,79398.014236520804,0.5611337698121793022741402881
2025-12-18 00:00:00+00:00,34845.107192380804,15.723686,2828.57,79320.653701400804,0.5607057485487485480040858367
2025-12-19 00:00:00+00:00,34845.107192380804,15.723686,2979.5,81693.829629380804,0.5734670861867770236137295353
2025-12-20 00:00:00+00:00,34845.107192380804,15.723686,2977.93,81669.143442360804,0.5733381577955051096067151351
2025-12-21 00:00:00+00:00,34845.107192380804,15.723686,3002.02,82047.927038100804,0.5753078907624357994371633916
2025-12-22 00:00:00+00:00,34845.107192380804,15.723686,3009.49,82165.382972520804,0.5759149908175524589475074224
2025-12-23 00:00:00+00:00,61589.108225283232,6.825533,2965.02,81826.950080943232,0.2473248952287812710374890485
2025-12-24 00:00:00+00:00,61589.108225283232,6.825533,2947.47,81707.161976793232,0.2462214237379093335455140971
2025-12-25 00:00:00+00:00,32645.316724713176,16.632627,2903.95,80945.633901363176,0.5967007094602120586232244698
2025-12-26 00:00:00+00:00,32377.575096592506,16.724708,2927.99,81347.352873512506,0.6019836669186200251342775581
2025-12-27 00:00:00+00:00,32538.800510728506,16.669573,2949.05,81698.204766378506,0.6017195163128077583828863786
2025-12-28 00:00:00+00:00,32679.101776515201,16.621936,2950.91,81728.938938275201,0.6001526240149073767694785666
2025-12-29 00:00:00+00:00,32691.562004613477,16.617708,2937.9,81512.726337813477,0.5989391660250729170018169768
2025-12-30 00:00:00+00:00,32691.562004613477,16.617708,2973.69,82107.474107133477,0.6018442613158740174217735796
2025-12-31 00:00:00+00:00,32842.794362502846,16.566785,2971.64,82073.315339902846,0.5998359000548968984421914478
2026-01-01 00:00:00+00:00,32842.794362502846,16.566785,3004.19,82612.564191652846,0.6024479486399809123014972489
2026-01-02 00:00:00+00:00,33044.764517757147,16.499468,3125.45,84613.026778357147,0.6094600822599393757855708301
2026-01-03 00:00:00+00:00,63420.354422452065,6.768059,3127.11,84584.819401942065,0.2502158795057268219215197691
2026-01-04 00:00:00+00:00,63420.354422452065,6.768059,3144.7,84703.869559752065,0.2512696910769361851437139960
2026-01-05 00:00:00+00:00,63420.354422452065,6.768059,3224.99,85247.277016862065,0.2560424609233277372736596346
2026-01-06 00:00:00+00:00,63420.354422452065,6.768059,3296.84,85733.562056012065,0.2602622251829706472012303795
2026-01-07 00:00:00+00:00,63420.354422452065,6.768059,3168.72,84866.438336932065,0.2527039467514347354532430461
2026-01-08 00:00:00+00:00,33908.262313952793,16.069536,3106.65,83830.686328352793,0.5955149146562037497758143597
2026-01-09 00:00:00+00:00,33531.852222841503,16.190541,3088.4,83534.719047241503,0.5985878374250808323485176455
2026-01-10 00:00:00+00:00,33413.734342557183,16.228737,3086.72,83507.301415197183,0.5998705050181834538235509036
2026-01-11 00:00:00+00:00,33402.907505782975,16.232240,3123.45,84103.497533782975,0.6028356907230215596110783708
2026-01-12 00:00:00+00:00,33641.154762147727,16.155864,3095.75,83655.670740147727,0.5978616337122644615405134735
2026-01-13 00:00:00+00:00,33462.037393884327,16.213648,3325.82,87385.712185244327,0.6170765614068586827410903299
2026-01-14 00:00:00+00:00,34952.410611012711,15.764944,3354.92,87842.536535492711,0.6021015331576836273503716230
2026-01-15 00:00:00+00:00,35136.775098197811,15.709919,3318.69,87273.126184307811,0.5973929589276521552949933739
2026-01-16 00:00:00+00:00,34909.019020404721,15.778458,3296.28,86919.234556644721,0.5983740630199092255765416856
2026-01-17 00:00:00+00:00,34909.019020404721,15.778458,3310.56,87144.550936884721,0.5994124859776038812634430432
2026-01-18 00:00:00+00:00,34909.019020404721,15.778458,3284.03,86725.948446144721,0.5974789593441851610548917649
2026-01-19 00:00:00+00:00,34909.019020404721,15.778458,3189.55,85235.199734304721,0.5904389368568013926245404371
2026-01-20 00:00:00+00:00,34909.019020404721,15.778458,2939.88,81295.792125444721,0.5705925471943514261171753216
2026-01-21 00:00:00+00:00,34909.019020404721,15.778458,2982.27,81964.640960064721,0.5740966029801400339563998544
2026-01-22 00:00:00+00:00,34909.019020404721,15.778458,2952.69,81497.914172424721,0.5716575157181582873979258250
2026-01-23 00:00:00+00:00,34909.019020404721,15.778458,2956.41,81556.610036184721,0.5719657915536653302667492371
2026-01-24 00:00:00+00:00,34909.019020404721,15.778458,2953.22,81506.276755164721,0.5717014638606629942014630519
2026-01-25 00:00:00+00:00,34909.019020404721,15.778458,2816.89,79355.199576024721,0.5600915981950142096584350610
2026-01-26 00:00:00+00:00,34909.019020404721,15.778458,2930.35,81145.423420704721,0.5697968221890196677424661576
2026-01-27 00:00:00+00:00,34909.019020404721,15.778458,3026.77,82666.782341064721,0.5777140704911207470271622456
2026-01-28 00:00:00+00:00,34909.019020404721,15.778458,3010.78,82414.484797644721,0.5764213159116615993274898495
2026-01-29 00:00:00+00:00,61775.892806862271,6.843283,2822.59,81091.674969832271,0.2381968576941573626586071160
2026-01-30 00:00:00+00:00,61775.892806862271,6.843283,2707.38,80303.260335402271,0.2307175007734035490110388204
2026-01-31 00:00:00+00:00,61775.892806862271,6.843283,2451.95,78555.280558712271,0.2135997431682402813592636590
2026-02-01 00:00:00+00:00,61775.892806862271,6.843283,2270.15,77311.171709312271,0.2009448124892245999947269709
2026-02-02 00:00:00+00:00,61775.892806862271,6.843283,2347.02,77837.214873522271,0.2063450252267896555796872434
2026-02-03 00:00:00+00:00,31095.027155379947,19.898631,2233.72,75542.997192699947,0.5883797531085409910346959862
2026-02-04 00:00:00+00:00,31095.027155379947,19.898631,2148.26,73842.460187439947,0.5789004445890742446547350508
2026-02-05 00:00:00+00:00,51662.811613532372,10.311964,1826.83,70501.016807652372,0.2672047304724156829787076128
2026-02-06 00:00:00+00:00,51662.811613532372,10.311964,2063.38,72940.311891852372,0.2917111227858178888856817163
2026-02-07 00:00:00+00:00,51662.811613532372,10.311964,2087.08,73184.705438652372,0.2940763879026730366310879758
2026-02-08 00:00:00+00:00,51662.811613532372,10.311964,2089.74,73212.135262892372,0.2943408708403330989902042651
2026-02-09 00:00:00+00:00,51662.811613532372,10.311964,2105.02,73369.702072812372,0.2958563255134660240021203964
2026-02-10 00:00:00+00:00,51662.811613532372,10.311964,2022.67,72520.511837412372,0.2876110454190119019192447405
2026-02-11 00:00:00+00:00,51662.811613532372,10.311964,1941.18,71680.189891052372,0.2792595598301939021063380052
2026-02-12 00:00:00+00:00,51662.811613532372,10.311964,1947.85,71748.970690932372,0.2799504840832300169580920668
2026-02-13 00:00:00+00:00,51662.811613532372,10.311964,2048.72,72789.138499612372,0.2902401006737084158475642385
2026-02-14 00:00:00+00:00,51662.811613532372,10.311964,2086.59,73179.652576292372,0.2940276457356494480928509280
2026-02-15 00:00:00+00:00,51662.811613532372,10.311964,1966.58,71942.113776652372,0.2818836019480611018352286158
2026-02-16 00:00:00+00:00,51662.811613532372,10.311964,1998.33,72269.518633652372,0.2851369070905152913480254142
2026-02-17 00:00:00+00:00,51662.811613532372,10.311964,1991.66,72200.737833772372,0.2844559049732210542542091380
2026-02-18 00:00:00+00:00,51662.811613532372,10.311964,1955.91,71832.085120772372,0.2807836285599825643379829700
2026-02-19 00:00:00+00:00,51662.811613532372,10.311964,1949.08,71761.654406652372,0.2800777512628919910976268223
2026-02-20 00:00:00+00:00,51662.811613532372,10.311964,1968.88,71965.831293852372,0.2821202689567815839960462078
2026-02-21 00:00:00+00:00,51662.811613532372,10.311964,1973.35,72011.925772932372,0.2825797802375778759105552148
2026-02-22 00:00:00+00:00,51662.811613532372,10.311964,1957.82,71851.780972012372,0.2809807785605757706340469158
2026-02-23 00:00:00+00:00,51662.811613532372,10.311964,1856.3,70804.910386732372,0.2703498764230750525775304196
2026-02-24 00:00:00+00:00,51662.811613532372,10.311964,1851.94,70759.950223692372,0.2698862640489217618819454655
2026-02-25 00:00:00+00:00,51662.811613532372,10.311964,2057.48,72879.471304252372,0.2911198354080547530435526004
2026-02-26 00:00:00+00:00,51662.811613532372,10.311964,2027.68,72572.174777052372,0.2881181834188553061404418564
2026-02-27 00:00:00+00:00,51662.811613532372,10.311964,1929.84,71563.252219292372,0.2780818365378193609131307314
2026-02-28 00:00:00+00:00,51662.811613532372,10.311964,1964.51,71920.768011172372,0.2816704681809442405852552580
2026-03-01 00:00:00+00:00,51662.811613532372,10.311964,1939.71,71665.031303972372,0.2791071088157228326772456103
2026-03-02 00:00:00+00:00,50163.575832495950,11.083878,2027.35,72634.475895795950,0.3093696180246081371209612299
2026-03-03 00:00:00+00:00,50843.171933232566,10.748226,1982.8,72154.754446032566,0.2953593658022880124998115732
2026-03-04 00:00:00+00:00,50507.969008838311,10.917061,2127.28,73731.614532918311,0.3149754100896779019170324140
2026-03-05 00:00:00+00:00,51610.696154234575,10.398012,2072.86,73164.319308554575,0.2945920000078493266530377239
2026-03-06 00:00:00+00:00,51610.696154234575,10.398012,1978.68,72185.034538394575,0.2850222143097637948211786301
2026-03-07 00:00:00+00:00,51610.696154234575,10.398012,1969.59,72090.516609314575,0.2840848064117475163760623804
2026-03-08 00:00:00+00:00,51610.696154234575,10.398012,1937.1,71752.685199434575,0.2807140804447374571416801232
2026-03-09 00:00:00+00:00,51610.696154234575,10.398012,1992.98,72333.726109994575,0.2864919460148844006344958184
2026-03-10 00:00:00+00:00,51610.696154234575,10.398012,2036.51,72786.351572354575,0.2909289305024440039186622458
2026-03-11 00:00:00+00:00,51610.696154234575,10.398012,2051.97,72947.104837874575,0.2924915077995255604850788293
2026-03-12 00:00:00+00:00,51610.696154234575,10.398012,2073.52,73171.181996474575,0.2946581598651610581231643275
2026-03-13 00:00:00+00:00,51610.696154234575,10.398012,2092.22,73365.624820874575,0.2965275456967159026741904969
2026-03-14 00:00:00+00:00,51610.696154234575,10.398012,2096.16,73406.592988154575,0.2969201531725787274365709000
2026-03-15 00:00:00+00:00,51610.696154234575,10.398012,2178.3,74260.685693834575,0.3050064691428037071035929116
2026-03-16 00:00:00+00:00,51981.925047240187,10.227368,2352.97,76046.615130200187,0.3164465642784836400073022316
2026-03-17 00:00:00+00:00,53231.006213708803,9.695824,2317.39,75700.011793068803,0.2968164079125981456726084226
2026-03-18 00:00:00+00:00,53231.006213708803,9.695824,2203.39,74594.687857068803,0.2863968233809764146052939583
2026-03-19 00:00:00+00:00,53231.006213708803,9.695824,2137.81,73958.835719148803,0.2802617064464323874532469980
2026-03-20 00:00:00+00:00,53231.006213708803,9.695824,2146.22,74040.377598988803,0.2810543660107454845252837798
2026-03-21 00:00:00+00:00,53231.006213708803,9.695824,2084.87,73445.538796588803,0.2752315921987472598078835260
2026-03-22 00:00:00+00:00,53231.006213708803,9.695824,2053.89,73145.162169068803,0.2722552710913419975219455364
2026-03-23 00:00:00+00:00,53231.006213708803,9.695824,2152.03,74096.710336428803,0.2816009513510293373796483974
2026-03-24 00:00:00+00:00,53231.006213708803,9.695824,2156.23,74137.432797228803,0.2819955560195964222658494529
2026-03-25 00:00:00+00:00,53231.006213708803,9.695824,2169.02,74261.442386188803,0.2831945555691395484703490411
2026-03-26 00:00:00+00:00,53231.006213708803,9.695824,2060.43,73208.572858028803,0.2728856179598241564664965318
2026-03-27 00:00:00+00:00,53231.006213708803,9.695824,1992.75,72552.359489708803,0.2663090961051465096860150419
2026-03-28 00:00:00+00:00,53231.006213708803,9.695824,1994.74,72571.654179468803,0.2665041631534375232006681614
2026-03-29 00:00:00+00:00,53231.006213708803,9.695824,1984.64,72473.726357068803,0.2655130501852985037564721740
2026-03-30 00:00:00+00:00,53231.006213708803,9.695824,2026.48,72879.399633228803,0.2696014719989743960299593850
2026-03-31 00:00:00+00:00,53231.006213708803,9.695824,2105.43,73644.884938028803,0.2771934363329918846380002859
2026-04-01 00:00:00+00:00,53231.006213708803,9.695824,2140.35,73983.463112108803,0.2805012907675507978329553026
2026-04-02 00:00:00+00:00,53231.006213708803,9.695824,2057.17,73176.964471788803,0.2725715449124644894243991696
2026-04-03 00:00:00+00:00,53231.006213708803,9.695824,2053.83,73144.580419628803,0.2722494830331416944007873372
2026-04-04 00:00:00+00:00,53231.006213708803,9.695824,2065.52,73257.924602188803,0.2733754538806800293441510614
2026-04-05 00:00:00+00:00,53231.006213708803,9.695824,2110.17,73690.843143788803,0.2776442235863398852779553729
2026-04-06 00:00:00+00:00,53231.006213708803,9.695824,2107.16,73661.658713548803,0.2773580293554010167815492680
2026-04-07 00:00:00+00:00,53231.006213708803,9.695824,2240.01,74949.748931948803,0.2897773912219465649736966620
2026-04-08 00:00:00+00:00,53231.006213708803,9.695824,2190.0,74464.860773708803,0.2851526792553542954501881388
2026-04-09 00:00:00+00:00,53231.006213708803,9.695824,2190.2,74466.799938508803,0.2851712943531281623463502043
2026-04-10 00:00:00+00:00,53231.006213708803,9.695824,2245.05,74998.615884908803,0.2902401519596586489875894460
2026-04-11 00:00:00+00:00,52498.149461430757,10.021831,2284.99,75397.933078120757,0.3037189838209920564882507861
2026-04-12 00:00:00+00:00,52778.259454437757,9.899085,2191.65,74473.589094687757,0.2913157523892928649845311980
2026-04-13 00:00:00+00:00,52130.604265888861,10.194213,2369.46,76285.384200868861,0.3166370621058612483933932824
2026-04-14 00:00:00+00:00,53398.120057569631,9.658578,2322.44,75829.587947889631,0.2958141867490429517687414920
2026-04-15 00:00:00+00:00,53080.299552532391,9.795248,2359.95,76196.595070132391,0.3033770143708317229625839660
2026-04-16 00:00:00+00:00,53337.215107138937,9.686241,2348.17,76082.155636108937,0.2989523671983755913302880876
2026-04-17 00:00:00+00:00,53257.339712419961,9.720213,2419.0,76770.534959419961,0.3062789032202108509150467939
2026-04-18 00:00:00+00:00,53738.749613906261,9.520942,2350.32,76116.010015346261,0.2939888782521360478990621868
2026-04-19 00:00:00+00:00,53738.749613906261,9.520942,2263.27,75287.212014246261,0.2862167667500090352436380501
2026-04-20 00:00:00+00:00,53738.749613906261,9.520942,2313.85,75768.781260606261,0.2907534116317357741529381469
2026-04-21 00:00:00+00:00,53037.170972360789,9.823758,2327.14,75898.431164480789,0.3012085999851165806163059756
2026-04-22 00:00:00+00:00,53128.853043723629,9.784310,2374.07,76357.489885423629,0.3042090157305480450953548741
2026-04-23 00:00:00+00:00,53449.895074136813,9.648906,2330.26,75934.354769696813,0.2961039145424185825018813453
2026-04-24 00:00:00+00:00,53153.731720813734,9.775835,2314.99,75784.691987463734,0.2986217885584809419660222891
2026-04-25 00:00:00+00:00,53049.081450031056,9.820982,2319.5,75828.849199031056,0.3004103054394115843049571853
2026-04-26 00:00:00+00:00,53080.087463395311,9.807597,2369.44,76318.600099075311,0.3044934341761014786899224728
2026-04-27 00:00:00+00:00,53422.643143338711,9.662837,2303.67,75682.630855128711,0.2941228054611361218593342689
2026-04-28 00:00:00+00:00,52977.195816402299,9.855951,2289.42,75541.607154822299,0.2987017643425868095329834132
2026-04-29 00:00:00+00:00,52878.998730808643,9.898787,2252.9,75179.975963108643,0.2966345352816187456564669917
2026-04-30 00:00:00+00:00,52625.655624965023,10.011093,2257.51,75225.798183395023,0.3004307445609616090923398486
2026-05-01 00:00:00+00:00,52658.017797916921,9.996739,2295.63,75606.831748486921,0.3035283111308160629740645631
2026-05-02 00:00:00+00:00,52924.436981923207,9.880533,2316.97,75817.335526933207,0.3019480754091862009810774522
2026-05-03 00:00:00+00:00,53071.944858660640,9.816786,2322.65,75872.902861560640,0.3005151660600508097027361094
2026-05-04 00:00:00+00:00,53110.981921270735,9.799957,2347.16,76113.048993390735,0.3022092450154950563832666319
2026-05-05 00:00:00+00:00,53278.984906994665,9.728287,2360.77,76245.233007984665,0.3012155277771253570423407239
2026-05-06 00:00:00+00:00,53371.474767704413,9.689058,2350.84,76148.899876424413,0.2991169294065121115741303658
2026-05-07 00:00:00+00:00,53304.143923888845,9.717662,2291.06,75567.890625608845,0.2946191367445043410153913140
2026-05-08 00:00:00+00:00,52896.995698523027,9.895143,2307.06,75725.684308103027,0.3014655967544319190777880602
2026-05-09 00:00:00+00:00,53007.904450985051,9.847007,2326.44,75916.375416065051,0.3017592823620530984824944172
2026-05-10 00:00:00+00:00,53141.221466665631,9.789627,2371.27,76355.070282955631,0.3040249813177359351707334820
2026-05-11 00:00:00+00:00,53448.082784701505,9.660050,2339.87,76051.343978201505,0.2972105423932908078824673724
2026-05-12 00:00:00+00:00,53448.082784701505,9.660050,2274.96,75424.310132701505,0.2913679596052656398394899956
2026-05-13 00:00:00+00:00,52796.240174171589,9.946206,2258.65,75261.238356071589,0.2984936027177085311029670398
2026-05-14 00:00:00+00:00,52682.789459485277,9.996370,2283.25,75507.001261985277,0.3022794101345283863745160986
2026-05-15 00:00:00+00:00,52854.748541549459,9.920959,2224.66,74925.509190489459,0.2945693781383272087008928141
2026-05-16 00:00:00+00:00,52447.259820173519,10.103891,2180.77,74481.522196243519,0.2958352854015824562288634572
2026-05-17 00:00:00+00:00,52136.663844831279,10.246131,2131.0,73971.169005831279,0.2951758834483033121937205198
2026-05-18 00:00:00+00:00,51779.355473015079,10.413585,2130.08,73961.124609815079,0.2999111932629584156585390182
2026-05-19 00:00:00+00:00,51772.779899227447,10.416668,2111.93,73772.053548467447,0.2982060630152678811594805854
2026-05-20 00:00:00+00:00,51640.265873131471,10.479332,2129.44,73955.374607211471,0.3017374849711602823456936663
2026-05-21 00:00:00+00:00,51768.595625214175,10.418989,2133.76,74000.217593854175,0.3004264405093636958270709212
2026-05-22 00:00:00+00:00,51800.185511385751,10.404165,2065.85,73293.629776635751,0.2932511915530972087153099341
2026-05-23 00:00:00+00:00,51304.971553345315,10.643567,2117.68,73844.640517905315,0.3052309389886561082203701832
2026-05-24 00:00:00+00:00,51690.820660172635,10.461127,2099.85,73657.618191122635,0.2982284530834514932958716600
2026-05-25 00:00:00+00:00,51560.237216935927,10.523233,2113.01,73795.933778265927,0.3013133030898616439111470194
2026-05-26 00:00:00+00:00,51657.028653947356,10.477366,2073.77,73384.675943767356,0.2960788067861646502050534488
2026-05-27 00:00:00+00:00,51368.900321990497,10.616125,2024.84,72864.854866990497,0.2950112860890110128139302353
2026-05-28 00:00:00+00:00,51004.853250097815,10.795683,2009.9,72703.096511797815,0.2984500565003987340025984768
2026-05-29 00:00:00+00:00,50891.945802311544,10.851786,2014.54,72753.302770751544,0.3004861104014202194912185021
2026-05-30 00:00:00+00:00,50927.267089108032,10.834230,2022.44,72838.847210308032,0.3008227197491822712221397866
2026-05-31 00:00:00+00:00,50987.116103752500,10.804599,2007.01,72672.054342742500,0.2983944576097647881630701135
2026-06-01 00:00:00+00:00,50870.362680419278,10.862696,2006.73,72668.860624499278,0.2999702727791351237375550100
2026-06-02 00:00:00+00:00,50870.362680419278,10.862696,1859.84,71073.239209059278,0.2842543375462878992218823770
2026-06-03 00:00:00+00:00,49749.814233105998,11.464411,1813.05,70535.364596655998,0.2946826812678787723389062789
2026-06-04 00:00:00+00:00,49374.268255884308,11.671277,1770.77,70041.415429174308,0.2950703815257497752920947700
2026-06-05 00:00:00+00:00,49028.460884116716,11.866311,1583.4,67817.577721516716,0.2770537885407061997622125371
2026-06-06 00:00:00+00:00,49028.460884116716,11.866311,1569.69,67654.890597706716,0.2753153474794234059603815548
2026-06-07 00:00:00+00:00,49028.460884116716,11.866311,1690.51,69088.578292726716,0.2903535997457603522776968597
2026-06-08 00:00:00+00:00,49028.460884116716,11.866311,1690.49,69088.340966506716,0.2903511620305778355514450713
2026-06-09 00:00:00+00:00,49028.460884116716,11.866311,1639.52,68483.515094836716,0.2840837562700809017527958111
2026-06-10 00:00:00+00:00,49028.460884116716,11.866311,1621.59,68270.752138606716,0.2818526331074151948557459070
2026-06-11 00:00:00+00:00,47787.999869655276,12.630279,1673.46,68924.266564995276,0.3066592906782489265141905257
2026-06-12 00:00:00+00:00,48246.391426441326,12.356004,1666.41,68836.560052081326,0.2991167572880109443531202912
2026-06-13 00:00:00+00:00,48185.599820097508,12.392437,1681.18,69019.517055757508,0.3018554479138023009941171407
2026-06-14 00:00:00+00:00,48313.583613531886,12.316211,1725.62,69566.683639351886,0.3055068736063440623411684323
2026-06-15 00:00:00+00:00,48696.266796207979,12.094158,1796.13,70418.946804747979,0.3084777747212111670442784658
2026-06-16 00:00:00+00:00,49292.572429316629,11.761733,1792.99,70381.242080986629,0.2996348036512852006960252290
2026-06-17 00:00:00+00:00,49266.918946086529,11.776022,1750.6,69882.023059286529,0.2949986736318516792332083760
2026-06-18 00:00:00+00:00,49266.918946086529,11.776022,1711.11,69416.987950506529,0.2902757610109322945501108202
2026-06-19 00:00:00+00:00,49266.918946086529,11.776022,1711.19,69417.930032266529,0.2902853927913652561408993615
2026-06-20 00:00:00+00:00,49266.918946086529,11.776022,1741.08,69769.915329846529,0.2938658630561519973091400726
2026-06-21 00:00:00+00:00,49266.918946086529,11.776022,1706.94,69367.881938766529,0.2897733422280909131389780693
2026-06-22 00:00:00+00:00,49266.918946086529,11.776022,1728.19,69618.122406266529,0.2923262328365829237656774387
2026-06-23 00:00:00+00:00,49266.918946086529,11.776022,1667.13,68899.078502946529,0.2849408146441379999932426194
2026-06-24 00:00:00+00:00,49266.918946086529,11.776022,1622.17,68369.628553826529,0.2794034429000982867420146281
2026-06-25 00:00:00+00:00,49266.918946086529,11.776022,1567.84,67729.837278566529,0.2725965257607770708404517057
2026-06-26 00:00:00+00:00,49266.918946086529,11.776022,1578.68,67857.489357046529,0.2739649018421796115889885623
2026-06-27 00:00:00+00:00,49266.918946086529,11.776022,1573.99,67802.259813866529,0.2733734969699233900229848266
2026-06-28 00:00:00+00:00,47459.318462336329,12.922943,1571.96,67773.667940616329,0.2997380855361044920520737903
2026-06-29 00:00:00+00:00,47441.544814272313,12.934235,1613.07,68305.371265722313,0.3054492796808805986722845769
2026-06-30 00:00:00+00:00,47813.276836099063,12.703485,1572.01,67783.282290949063,0.2946154978027162651849927212
2026-07-01 00:00:00+00:00,47447.735116827463,12.935716,1609.58,68268.804876107463,0.3049865864367416705861149259
2026-07-02 00:00:00+00:00,47787.812472416344,12.724159,1700.57,69426.135543046344,0.3116740245064277375086199548
2026-07-03 00:00:00+00:00,48597.242003459449,12.247564,1758.21,70131.031503899449,0.3070508024574352803495861380
2026-07-04 00:00:00+00:00,49091.165254775881,11.966276,1780.64,70398.794951415881,0.3026703754140248215454491259
2026-07-05 00:00:00+00:00,49278.913712712649,11.860700,1785.65,70457.972667712649,0.3005913760091098855130572054
2026-07-06 00:00:00+00:00,49320.527686877074,11.837365,1799.56,70622.576246277074,0.3016322781133739035840895234
2026-07-07 00:00:00+00:00,49435.654042278250,11.773307,1771.45,70291.478727428250,0.2967048789231390063882154829
2026-07-08 00:00:00+00:00,49203.734078811615,11.904058,1743.54,69958.935364131615,0.2966769173557395484941705972
2026-07-09 00:00:00+00:00,48971.037673831495,12.037346,1745.16,69978.132419191495,0.3001951326668844710751261777
2026-07-10 00:00:00+00:00,48984.759535601062,12.029473,1796.85,70599.918095651062,0.3061640741674102391966014016
2026-07-11 00:00:00+00:00,49419.378287811397,11.787280,1787.76,70492.205980611397,0.2989384060217380354901687733
2026-07-12 00:00:00+00:00,49344.447157971805,11.829139,1806.8,70717.335503171805,0.3022298308204978383476338818
2026-07-13 00:00:00+00:00,49501.930632960805,11.741864,1776.72,70363.935239040805,0.2964871782001314487437652170
2026-07-14 00:00:00+00:00,49254.351574189787,11.881030,1891.87,71731.715800289787,0.3133532214492099784683513424
2026-07-15 00:00:00+00:00,50210.956366453349,11.374732,1917.86,72026.099879973349,0.3028783114714453425418350653
2026-07-16 00:00:00+00:00,50418.001769487203,11.266635,1864.71,71427.008720337203,0.2941325323185229088465822725
2026-07-17 00:00:00+00:00,49998.361508208830,11.491386,1841.93,71164.690123188830,0.2974273980304033759816884425
2026-07-18 00:00:00+00:00,49815.126873448130,11.590736,1862.61,71404.147654408130,0.3023496742156994759757425473
2026-07-19 00:00:00+00:00,49982.687082600869,11.500659,1872.23,71514.565882170869,0.3010838216517519670522075028
2026-07-20 00:00:00+00:00,50060.177456305853,11.459216,1904.77,71887.348316625853,0.3036302127070096521723353851
2026-07-21 00:00:00+00:00,50320.805022825446,11.322209,1930.09,72173.687391635446,0.3027818469386203912998052660
2026-07-22 00:00:00+00:00,50521.321624179521,11.218184,1934.25,72220.094026179521,0.3004533945100414027279317358
2026-07-23 00:00:00+00:00,50554.103344669661,11.201214,1878.38,71594.239697989661,0.2938802959857509181754981122
2026-07-24 00:00:00+00:00,50115.399757072267,11.434465,1861.44,71399.970286672267,0.2981033527625016658028418622
2026-07-25 00:00:00+00:00,49979.803951384267,11.507215,1874.89,71554.566282734267,0.3015148222141606973291398095
2026-07-26 00:00:00+00:00,50087.976836064043,11.449444,1954.72,72468.434011744043,0.3088304236304193109123365285
2026-07-27 00:00:00+00:00,50727.073343844907,11.122068,1892.53,71775.920695884907,0.2932577826653609620453360236
2026-07-28 00:00:00+00:00,50242.516746986451,11.377772,1922.23,72113.211418546451,0.3032827722041398495556635033
2026-07-29 00:00:00+00:00,50478.861292215447,11.254658,1910.72,71983.361425975447,0.2987426497979577004517823065
2026-07-30 00:00:00+00:00,50478.861292215447,11.254658,1918.31,72068.784280195447,0.2995738474516341486180696326
2026-07-31 00:00:00+00:00,50478.861292215447,11.254658,1862.6,71441.787283015447,0.2934266734923038646815003477
2026-08-01 00:00:00+00:00,50008.640911761567,11.506784,1844.94,71237.966984721567,0.2980057821907391233780408264
2026-08-02 00:00:00+00:00,49866.474518249272,11.583741,1885.36,71705.996450009272,0.3045703708613225194714015276
2026-08-03 00:00:00+00:00,50193.773063645704,11.409915,1860.5,71421.919921145704,0.2972217336209557312458135406
2026-08-04 00:00:00+00:00,49995.087200867254,11.516568,1869.75,71528.190218867254,0.3010435878792881042642422399
2026-08-05 00:00:00+00:00,50069.557364576032,11.476687,1864.5,71467.840276076032,0.2994113552171116563186646668
