timestamp,cash,qty,price,equity,allocation_pct
2020-04-27 00:00:00+00:00,10000,0,7774.62,10000.00,0
2020-04-28 00:00:00+00:00,6996.100380233662,0.385926,7738.98,9982.773975713662,0.2991827324495228444551263746
2020-04-29 00:00:00+00:00,6987.824832549190,0.386994,8778.57,10385.078751129190,0.3271283733125865715885072484
2020-04-30 00:00:00+00:00,7269.198317398714,0.354900,8620.0,10328.436317398714,0.2961956588575345566585127222
2020-05-01 00:00:00+00:00,7269.198317398714,0.354900,8826.96,10401.886421398714,0.3011653826132390862063946575
2020-05-02 00:00:00+00:00,7280.991712488316,0.353562,8972.05,10453.167654588316,0.3034655184840170726709323103
2020-05-03 00:00:00+00:00,7317.301342685908,0.349510,8894.16,10425.899204285908,0.2981611274663108999272809374
2020-05-04 00:00:00+00:00,4166.273277374613,0.703331,8871.96,10406.197776134613,0.5996353935411962595750341376
2020-05-05 00:00:00+00:00,4166.273277374613,0.703331,9021.83,10511.605993104613,0.6036501672429885134350668049
2020-05-06 00:00:00+00:00,4204.465108406061,0.699092,9142.92,10596.207337046061,0.6032103775747603160361346717
2020-05-07 00:00:00+00:00,4238.580443140941,0.695356,9986.4,11182.683601540941,0.6209692955493369188006811906
2020-05-08 00:00:00+00:00,4472.743972001931,0.671877,9800.01,11057.145290771931,0.5954883602972285873388754250
2020-05-09 00:00:00+00:00,4472.743972001931,0.671877,9539.4,10882.047425801931,0.5889795553181646822518005042
2020-05-10 00:00:00+00:00,4352.586091560531,0.684457,8722.77,10322.947077450531,0.5783581898750280405372859727
2020-05-11 00:00:00+00:00,4128.896810569320,0.710068,8561.52,10208.158193929320,0.5955296996646535353615717793
2020-05-12 00:00:00+00:00,4083.356128065896,0.715380,8810.79,10386.419078265896,0.6068562131668147350239045139
2020-05-13 00:00:00+00:00,4154.535572448353,0.707291,9309.37,10738.969189118353,0.6131346035839188662246223761
2020-05-14 00:00:00+00:00,4295.407471795793,0.692139,9791.98,11072.818717015793,0.6120764205057411739698540239
2020-05-15 00:00:00+00:00,4428.952779230777,0.678483,9316.42,10749.985370090777,0.5880038319351333941534865918
2020-05-16 00:00:00+00:00,4299.703030946489,0.692339,9381.27,10794.722121476489,0.6016846953019684740081379575
2020-05-17 00:00:00+00:00,4317.746983334411,0.690413,9680.04,11000.972439854411,0.6075122443092355479200470840
2020-05-18 00:00:00+00:00,4400.577233214230,0.681846,9733.93,11037.618467994230,0.6013109851572982966767607618
2020-05-19 00:00:00+00:00,546.885088940829,1.077235,9775.53,11077.428148490829,0.9506306805505810710040309298
2020-05-20 00:00:00+00:00,546.885088940829,1.077235,9511.43,10792.930384990829,0.9493293230445223796578431572
2020-05-21 00:00:00+00:00,546.885088940829,1.077235,9068.65,10315.952271690829,0.9469864657631658294867364759
2020-05-22 00:00:00+00:00,546.885088940829,1.077235,9170.0,10425.130038940829,0.9475416530155444123521098247
2020-05-23 00:00:00+00:00,546.885088940829,1.077235,9179.15,10434.986739190829,0.9475912042238745884897058168
2020-05-24 00:00:00+00:00,546.885088940829,1.077235,8720.34,9940.740548840829,0.9449854780683718540061879666
2020-05-25 00:00:00+00:00,546.885088940829,1.077235,8900.35,10134.653621190829,0.9460381075286745109745286056
2020-05-26 00:00:00+00:00,546.885088940829,1.077235,8841.18,10070.913626240829,0.9456965763745741849547154158
2020-05-27 00:00:00+00:00,546.885088940829,1.077235,9204.07,10461.831435390829,0.9477256833740603390722285492
2020-05-28 00:00:00+00:00,546.885088940829,1.077235,9575.89,10862.368953090829,0.9496532394266339321530978259
2020-05-29 00:00:00+00:00,546.885088940829,1.077235,9427.07,10702.054840390829,0.9488990575083936619271754744
2020-05-30 00:00:00+00:00,546.885088940829,1.077235,9697.72,10993.608493140829,0.9502542691708510927711220443
2020-05-31 00:00:00+00:00,546.885088940829,1.077235,9448.27,10724.892222390829,0.9490078708857257365573927626
2020-06-01 00:00:00+00:00,546.885088940829,1.077235,10200.77,11535.511559890829,0.9525911715226953776106574486
2020-06-02 00:00:00+00:00,546.885088940829,1.077235,9518.04,10800.050908340829,0.9493627304554210764227269224
2020-06-03 00:00:00+00:00,546.885088940829,1.077235,9666.24,10959.697135340829,0.9501003465527040997912382927
2020-06-04 00:00:00+00:00,546.885088940829,1.077235,9789.06,11092.003138040829,0.9506955522699730461702984483
2020-06-05 00:00:00+00:00,546.885088940829,1.077235,9621.16,10911.135381540829,0.9498782601610795915424031604
2020-06-06 00:00:00+00:00,546.885088940829,1.077235,9666.3,10959.761769440829,0.9501006408309246237780284300
2020-06-07 00:00:00+00:00,546.885088940829,1.077235,9746.99,11046.683861590829,0.9504932796309722333683169306
2020-06-08 00:00:00+00:00,546.885088940829,1.077235,9782.01,11084.408631290829,0.9506617712200725873562246074
2020-06-09 00:00:00+00:00,546.885088940829,1.077235,9772.43,11074.088719990829,0.9506157930671444085593544695
2020-06-10 00:00:00+00:00,546.885088940829,1.077235,9885.0,11195.353063940829,0.9511507063852864067608403013
2020-06-11 00:00:00+00:00,546.885088940829,1.077235,9280.4,10544.056782940829,0.9481333323407712150413535736
2020-06-12 00:00:00+00:00,546.885088940829,1.077235,9465.13,10743.054404490829,0.9490940780573335633981210009
2020-06-13 00:00:00+00:00,546.885088940829,1.077235,9473.34,10751.898503840829,0.9491359513163680919459484535
2020-06-14 00:00:00+00:00,546.885088940829,1.077235,9342.1,10610.522182440829,0.9484582304680669020367533628
2020-06-15 00:00:00+00:00,546.885088940829,1.077235,9426.02,10700.923743640829,0.9488936560952671978365415791
2020-06-16 00:00:00+00:00,546.885088940829,1.077235,9525.59,10808.184032590829,0.9494008348403616869642976065
2020-06-17 00:00:00+00:00,546.885088940829,1.077235,9465.14,10743.065176840829,0.9490941291020213887345475468
2020-06-18 00:00:00+00:00,546.885088940829,1.077235,9386.32,10658.157514140829,0.9486885901043174557219439380
2020-06-19 00:00:00+00:00,546.885088940829,1.077235,9310.23,10576.190702990829,0.9482909202094686147632375041
2020-06-20 00:00:00+00:00,546.885088940829,1.077235,9358.95,10628.673592190829,0.9485462523430355304123663291
2020-06-21 00:00:00+00:00,546.885088940829,1.077235,9294.69,10559.450471090829,0.9482089441644652352487449616
2020-06-22 00:00:00+00:00,546.885088940829,1.077235,9685.69,10980.649356090829,0.9501955602800959422108077345
2020-06-23 00:00:00+00:00,546.885088940829,1.077235,9624.89,10915.153468090829,0.9498967109771215386853284533
2020-06-24 00:00:00+00:00,546.885088940829,1.077235,9296.49,10561.389494090829,0.9482184527663888338510775189
2020-06-25 00:00:00+00:00,546.885088940829,1.077235,9249.49,10510.759449090829,0.9479690224488836478993793351
2020-06-26 00:00:00+00:00,546.885088940829,1.077235,9162.21,10416.738378290829,0.9474993928924457143608683330
2020-06-27 00:00:00+00:00,546.885088940829,1.077235,9012.0,10254.926908940829,0.9466709910468475937931458756
2020-06-28 00:00:00+00:00,546.885088940829,1.077235,9116.35,10367.336381190829,0.9472492191983827729867880530
2020-06-29 00:00:00+00:00,546.885088940829,1.077235,9192.56,10449.432460540829,0.9476636562793263905586417071
2020-06-30 00:00:00+00:00,546.885088940829,1.077235,9138.55,10391.250998190829,0.9473706208197603400629151037
2020-07-01 00:00:00+00:00,546.885088940829,1.077235,9232.0,10491.918608940829,0.9478755879334792451603940860
2020-07-02 00:00:00+00:00,546.885088940829,1.077235,9086.54,10335.224005840829,0.9470853182638553946784553251
2020-07-03 00:00:00+00:00,546.885088940829,1.077235,9058.26,10304.759800040829,0.9469288853352348727760396410
2020-07-04 00:00:00+00:00,546.885088940829,1.077235,9135.46,10387.922342040829,0.9473537565132213897980372179
2020-07-05 00:00:00+00:00,546.885088940829,1.077235,9069.41,10316.770970290829,0.9469906727099310269603129001
2020-07-06 00:00:00+00:00,546.885088940829,1.077235,9344.2,10612.784375940829,0.9484692169775335377112327413
2020-07-07 00:00:00+00:00,546.885088940829,1.077235,9257.39,10519.269605590829,0.9480111158430459811793719100
2020-07-08 00:00:00+00:00,546.885088940829,1.077235,9436.06,10711.739183040829,0.9489452571990666918475715939
2020-07-09 00:00:00+00:00,546.885088940829,1.077235,9232.43,10492.381819990829,0.9478778890891232347586104476
2020-07-10 00:00:00+00:00,546.885088940829,1.077235,9288.34,10552.610028840829,0.9481753720220719076607625872
2020-07-11 00:00:00+00:00,546.885088940829,1.077235,9234.03,10494.105395990829,0.9478864497444669143125315059
2020-07-12 00:00:00+00:00,546.885088940829,1.077235,9302.75,10568.132985190829,0.9482514944023526702029567091
2020-07-13 00:00:00+00:00,546.885088940829,1.077235,9242.62,10503.358844640829,0.9479323617301842089253108816
2020-07-14 00:00:00+00:00,546.885088940829,1.077235,9255.85,10517.610663690829,0.9480029156404505419170623270
2020-07-15 00:00:00+00:00,546.885088940829,1.077235,9197.6,10454.861724940829,0.9476908348164763331087409213
2020-07-16 00:00:00+00:00,546.885088940829,1.077235,9133.72,10386.047953140829,0.9473442553502320090687224441
2020-07-17 00:00:00+00:00,546.885088940829,1.077235,9154.32,10408.238994140829,0.9474565208150302630944890564
2020-07-18 00:00:00+00:00,546.885088940829,1.077235,9170.28,10425.431664740829,0.9475431707264061483923537288
2020-07-19 00:00:00+00:00,546.885088940829,1.077235,9208.99,10467.131431590829,0.9477521522954917545461560281
2020-07-20 00:00:00+00:00,546.885088940829,1.077235,9160.78,10415.197932240829,0.9474916278597149313162157880
2020-07-21 00:00:00+00:00,546.885088940829,1.077235,9390.0,10662.121738940829,0.9487076679172154762261741942
2020-07-22 00:00:00+00:00,546.885088940829,1.077235,9518.16,10800.180176540829,0.9493633365368548992310912445
2020-07-23 00:00:00+00:00,546.885088940829,1.077235,9603.27,10891.863647390829,0.9497895762703716382372213995
2020-07-24 00:00:00+00:00,546.885088940829,1.077235,9537.8,10821.337071940829,0.9494623367422059206259399168
2020-07-25 00:00:00+00:00,546.885088940829,1.077235,9700.42,10996.517027640829,0.9502674267164612716790473297
2020-07-26 00:00:00+00:00,546.885088940829,1.077235,9931.54,11245.487580840829,0.9513684858029127615159237645
2020-07-27 00:00:00+00:00,546.885088940829,1.077235,11029.96,12428.744049540829,0.9559983626051875067904215593
2020-07-28 00:00:00+00:00,546.885088940829,1.077235,10906.27,12295.500852390829,0.9555215281177839469997423264
2020-07-29 00:00:00+00:00,546.885088940829,1.077235,11100.53,12504.764523490829,0.9562658626707062049401216017
2020-07-30 00:00:00+00:00,546.885088940829,1.077235,11099.61,12503.773467290829,0.9562623962780955877623656678
2020-07-31 00:00:00+00:00,546.885088940829,1.077235,11335.46,12757.839342040829,0.9571334083868980892257556176
2020-08-01 00:00:00+00:00,546.885088940829,1.077235,11801.17,13259.518453890829,0.9587552827923134072646858467
2020-08-02 00:00:00+00:00,546.885088940829,1.077235,11071.35,12473.330806190829,0.9561556494060595167686191701
2020-08-03 00:00:00+00:00,546.885088940829,1.077235,11219.81,12633.257114290829,0.9567106816561036540591884158
2020-08-04 00:00:00+00:00,546.885088940829,1.077235,11191.97,12603.266891890829,0.9566076721510432500151803929
2020-08-05 00:00:00+00:00,546.885088940829,1.077235,11744.91,13198.913212790829,0.9585659000764659537946531129
2020-08-06 00:00:00+00:00,546.885088940829,1.077235,11762.46,13217.818687040829,0.9586251633579289006936019504
2020-08-07 00:00:00+00:00,546.885088940829,1.077235,11594.23,13036.595442990829,0.9580500068954073684077608897
2020-08-08 00:00:00+00:00,546.885088940829,1.077235,11761.41,13216.687590290829,0.9586216224598833112133518014
2020-08-09 00:00:00+00:00,546.885088940829,1.077235,11681.68,13130.799643740829,0.9583509684270053263207185828
2020-08-10 00:00:00+00:00,546.885088940829,1.077235,11892.92,13358.354765140829,0.9590604457992126455161218862
2020-08-11 00:00:00+00:00,546.885088940829,1.077235,11392.08,12818.832387740829,0.9573373711115969140174987117
2020-08-12 00:00:00+00:00,546.885088940829,1.077235,11564.33,13004.386116490829,0.9579461049493658598819942716
2020-08-13 00:00:00+00:00,546.885088940829,1.077235,11780.0,13236.713388940829,0.9586842237290000375184726047
2020-08-14 00:00:00+00:00,546.885088940829,1.077235,11760.54,13215.750395840829,0.9586186881137721129827668108
2020-08-15 00:00:00+00:00,546.885088940829,1.077235,11852.4,13314.705202940829,0.9589262337689580932570304853
2020-08-16 00:00:00+00:00,546.885088940829,1.077235,11911.0,13377.831173940829,0.9591200485467235791259925030
2020-08-17 00:00:00+00:00,546.885088940829,1.077235,12281.13,13776.548164490829,0.9603031846286118314326333947
2020-08-18 00:00:00+00:00,546.885088940829,1.077235,11945.01,13414.467936290829,0.9592316973331969806048879772
2020-08-19 00:00:00+00:00,546.885088940829,1.077235,11754.59,13209.340847590829,0.9585986087231164126388697958
2020-08-20 00:00:00+00:00,546.885088940829,1.077235,11853.55,13315.944023190829,0.9589300549785743370527304625
2020-08-21 00:00:00+00:00,546.885088940829,1.077235,11531.34,12968.848133840829,0.9578308664503680506159415817
2020-08-22 00:00:00+00:00,546.885088940829,1.077235,11662.96,13110.633804540829,0.9582869068655233908664836849
2020-08-23 00:00:00+00:00,546.885088940829,1.077235,11648.13,13094.658409490829,0.9582360171728913386065133910
2020-08-24 00:00:00+00:00,546.885088940829,1.077235,11748.2,13202.457315940829,0.9585770227576867525177004013
2020-08-25 00:00:00+00:00,546.885088940829,1.077235,11318.42,12739.483257640829,0.9570716427126021173020429284
2020-08-26 00:00:00+00:00,546.885088940829,1.077235,11461.43,12893.538634990829,0.9575845619714763438964822561
2020-08-27 00:00:00+00:00,546.885088940829,1.077235,11330.38,12752.366988240829,0.9571150132798780891285011880
2020-08-28 00:00:00+00:00,546.885088940829,1.077235,11526.91,12964.075982790829,0.9578153437493893152899614190
2020-08-29 00:00:00+00:00,546.885088940829,1.077235,11465.84,12898.289241340829,0.9576001841245747953718884429
2020-08-30 00:00:00+00:00,546.885088940829,1.077235,11711.16,13162.556531540829,0.9584514537407415187742488644
2020-08-31 00:00:00+00:00,546.885088940829,1.077235,11649.51,13096.144993790829,0.9582407579329551349023185806
2020-09-01 00:00:00+00:00,546.885088940829,1.077235,11921.97,13389.648441890829,0.9591561278614421767381277974
2020-09-02 00:00:00+00:00,546.885088940829,1.077235,11388.54,12815.018975840829,0.9573246758376378955100310155
2020-09-03 00:00:00+00:00,546.885088940829,1.077235,10140.85,11470.963638690829,0.9523243987021089960819750917
2020-09-04 00:00:00+00:00,546.885088940829,1.077235,10446.25,11799.951207690829,0.9536536143823724564685685160
2020-09-05 00:00:00+00:00,546.885088940829,1.077235,10166.69,11498.799391090829,0.9524398095539825775657817384
2020-09-06 00:00:00+00:00,546.885088940829,1.077235,10256.2,11595.222695940829,0.9528353095682863819748464686
2020-09-07 00:00:00+00:00,546.885088940829,1.077235,10373.44,11721.517727340829,0.9533434917165034537051599209
2020-09-08 00:00:00+00:00,546.885088940829,1.077235,10126.65,11455.666901690829,0.9522607375341796931452171050
2020-09-09 00:00:00+00:00,546.885088940829,1.077235,10219.2,11555.365000940829,0.9526726253219779701109353784
2020-09-10 00:00:00+00:00,546.885088940829,1.077235,10336.87,11682.123243390829,0.9531861565276475150460331477
2020-09-11 00:00:00+00:00,546.885088940829,1.077235,10387.89,11737.083773090829,0.9534053688707026274499134012
2020-09-12 00:00:00+00:00,546.885088940829,1.077235,10440.92,11794.209545140829,0.9536310520134735398730779914
2020-09-13 00:00:00+00:00,546.885088940829,1.077235,10332.83,11677.771213990829,0.9531687101143392472563351082
2020-09-14 00:00:00+00:00,546.885088940829,1.077235,10671.77,12042.889244890829,0.9545885478293471913728521268
2020-09-15 00:00:00+00:00,546.885088940829,1.077235,10785.31,12165.198506790829,0.9550451158988036184239857099
2020-09-16 00:00:00+00:00,546.885088940829,1.077235,10954.01,12346.928051290829,0.9557067890353783961036568558
2020-09-17 00:00:00+00:00,546.885088940829,1.077235,10939.99,12331.825216590829,0.9556525429662214216458620916
2020-09-18 00:00:00+00:00,546.885088940829,1.077235,10933.39,12324.715465590829,0.9556269602760673451934374054
2020-09-19 00:00:00+00:00,546.885088940829,1.077235,11080.65,12483.349091690829,0.9561908358947642635486765543
2020-09-20 00:00:00+00:00,546.885088940829,1.077235,10920.28,12310.592914740829,0.9555760561064460803053988190
2020-09-21 00:00:00+00:00,546.885088940829,1.077235,10417.22,11768.679075640829,0.9535304611991002081157729091
2020-09-22 00:00:00+00:00,546.885088940829,1.077235,10529.61,11889.749517290829,0.9540036492656540859142238133
2020-09-23 00:00:00+00:00,546.885088940829,1.077235,10241.46,11579.344252040829,0.9527706338945366496034217710
2020-09-24 00:00:00+00:00,546.885088940829,1.077235,10736.32,12112.424764140829,0.9548492478104055974369979080
2020-09-25 00:00:00+00:00,546.885088940829,1.077235,10686.67,12058.940046390829,0.9546489917988680486374681325
2020-09-26 00:00:00+00:00,546.885088940829,1.077235,10728.6,12104.108509940829,0.9548182265144364233133502963
2020-09-27 00:00:00+00:00,546.885088940829,1.077235,10774.25,12153.284287690829,0.9550010453145797940360789123
2020-09-28 00:00:00+00:00,546.885088940829,1.077235,10696.12,12069.119917140829,0.9546872437513748791555517384
2020-09-29 00:00:00+00:00,546.885088940829,1.077235,10840.48,12224.629561740829,0.9552636678126915204803392041
2020-09-30 00:00:00+00:00,546.885088940829,1.077235,10776.59,12155.805017590829,0.9550103766760470220331823717
2020-10-01 00:00:00+00:00,546.885088940829,1.077235,10619.13,11986.183594490829,0.9543737099778621750940348467
2020-10-02 00:00:00+00:00,546.885088940829,1.077235,10570.4,11933.689932940829,0.9541730100233918463395100613
2020-10-03 00:00:00+00:00,546.885088940829,1.077235,10542.06,11903.161093040829,0.9540554744520289816289053653
2020-10-04 00:00:00+00:00,546.885088940829,1.077235,10666.63,12037.352256990829,0.9545676592937438318254062975
2020-10-05 00:00:00+00:00,546.885088940829,1.077235,10792.21,12172.631428290829,0.9550725665060559821425335154
2020-10-06 00:00:00+00:00,546.885088940829,1.077235,10599.66,11965.209829040829,0.9542937318480214962574040063
2020-10-07 00:00:00+00:00,546.885088940829,1.077235,10666.39,12037.093720590829,0.9545666834839609706855264747
2020-10-08 00:00:00+00:00,546.885088940829,1.077235,10925.57,12316.291487890829,0.9555966104343570272569477199
2020-10-09 00:00:00+00:00,546.885088940829,1.077235,11050.64,12451.021269340829,0.9560770898137111841404471245
2020-10-10 00:00:00+00:00,546.885088940829,1.077235,11293.22,12712.336935640829,0.9569799721554296170347382469
2020-10-11 00:00:00+00:00,546.885088940829,1.077235,11369.02,12793.991348640829,0.9572545365994070807124902989
2020-10-12 00:00:00+00:00,546.885088940829,1.077235,11528.25,12965.519477690829,0.9578200403090806401148965032
2020-10-13 00:00:00+00:00,546.885088940829,1.077235,11420.56,12849.512040540829,0.9574392329284271480471371794
2020-10-14 00:00:00+00:00,546.885088940829,1.077235,11417.89,12846.635823090829,0.9574297040507799266982281381
2020-10-15 00:00:00+00:00,546.885088940829,1.077235,11505.12,12940.603032140829,0.9577388250313745192558393099
2020-10-16 00:00:00+00:00,546.885088940829,1.077235,11319.32,12740.452769140829,0.9570749094360710861153405171
2020-10-17 00:00:00+00:00,546.885088940829,1.077235,11360.2,12784.490135940829,0.9572227689078205901835305426
2020-10-18 00:00:00+00:00,546.885088940829,1.077235,11503.14,12938.470106840829,0.9577318582162446029913865665
2020-10-19 00:00:00+00:00,546.885088940829,1.077235,11751.47,13205.979874390829,0.9585880719081395733500883661
2020-10-20 00:00:00+00:00,546.885088940829,1.077235,11909.99,13376.743166590829,0.9591167235454811322004526052
2020-10-21 00:00:00+00:00,546.885088940829,1.077235,12780.96,14314.982534540829,0.9617963146220233216359498039
2020-10-22 00:00:00+00:00,546.885088940829,1.077235,12968.52,14517.028731140829,0.9623280287537288821832422063
2020-10-23 00:00:00+00:00,546.885088940829,1.077235,12923.07,14468.068400390829,0.9622005457946234289912282361
2020-10-24 00:00:00+00:00,546.885088940829,1.077235,13111.73,14671.299555490829,0.9627241549480765860997369921
2020-10-25 00:00:00+00:00,546.885088940829,1.077235,13028.83,14581.996773990829,0.9624958709416065496677502882
2020-10-26 00:00:00+00:00,546.885088940829,1.077235,13052.19,14607.160983590829,0.9625604804687796295155756209
2020-10-27 00:00:00+00:00,546.885088940829,1.077235,13636.17,15236.244678890829,0.9641063070023734192646300773
2020-10-28 00:00:00+00:00,546.885088940829,1.077235,13266.4,14837.915492940829,0.9631427278851257249407823389
2020-10-29 00:00:00+00:00,546.885088940829,1.077235,13455.7,15041.836078440829,0.9636423980364558846720857869
2020-10-30 00:00:00+00:00,546.885088940829,1.077235,13560.1,15154.299412440829,0.9639122156652212476347049875
2020-10-31 00:00:00+00:00,546.885088940829,1.077235,13791.0,15403.032973940829,0.9644949738232684076896462674
2020-11-01 00:00:00+00:00,546.885088940829,1.077235,13761.5,15371.254541440829,0.9644215709611450772536373794
2020-11-02 00:00:00+00:00,546.885088940829,1.077235,13549.37,15142.740680890829,0.9638846691978973771888634282
2020-11-03 00:00:00+00:00,546.885088940829,1.077235,14023.53,15653.522428490829,0.9650631293091292608140842531
2020-11-04 00:00:00+00:00,546.885088940829,1.077235,14144.01,15783.307701290829,0.9653504132789540491171911338
2020-11-05 00:00:00+00:00,546.885088940829,1.077235,15590.02,17341.000283640829,0.9684628868003220075095731690
2020-11-06 00:00:00+00:00,546.885088940829,1.077235,15579.92,17330.120210140829,0.9684430873929647790045846522
2020-11-07 00:00:00+00:00,546.885088940829,1.077235,14818.3,16509.676489440829,0.9668748755137265800546214098
2020-11-08 00:00:00+00:00,546.885088940829,1.077235,15475.1,17217.204437440829,0.9682361273615614811329971439
2020-11-09 00:00:00+00:00,546.885088940829,1.077235,15328.41,17059.184835290829,0.9679418979147542852548821642
2020-11-10 00:00:00+00:00,546.885088940829,1.077235,15297.21,17025.575103290829,0.9678786128736924130260645157
2020-11-11 00:00:00+00:00,546.885088940829,1.077235,15684.24,17442.497365340829,0.9686463997966530417305129139
2020-11-12 00:00:00+00:00,546.885088940829,1.077235,16291.86,18097.046896040829,0.9697804237297703267818031965
2020-11-13 00:00:00+00:00,546.885088940829,1.077235,16320.7,18128.114353440829,0.9698322131977821066477820729
2020-11-14 00:00:00+00:00,546.885088940829,1.077235,16070.45,17858.536294690829,0.9693768246223285009845377098
2020-11-15 00:00:00+00:00,546.885088940829,1.077235,15957.0,17736.323983940829,0.9691658153382854054691348767
2020-11-16 00:00:00+00:00,546.885088940829,1.077235,16713.57,18551.327667890829,0.9705204339694029863597185692
2020-11-17 00:00:00+00:00,546.885088940829,1.077235,17659.38,19570.187303240829,0.9720551939300926025327683972
2020-11-18 00:00:00+00:00,546.885088940829,1.077235,17776.12,19695.943717140829,0.9722336184142885115329320050
2020-11-19 00:00:00+00:00,546.885088940829,1.077235,17802.82,19724.705891640829,0.9722741068006192942840602550
2020-11-20 00:00:00+00:00,546.885088940829,1.077235,18655.67,20643.425761390829,0.9735080264650810944210064932
2020-11-21 00:00:00+00:00,546.885088940829,1.077235,18703.8,20695.273081940829,0.9735743961060338218247817624
2020-11-22 00:00:00+00:00,546.885088940829,1.077235,18414.43,20383.553589990829,0.9731702773745313829066152458
2020-11-23 00:00:00+00:00,546.885088940829,1.077235,18368.0,20333.537568940829,0.9731042821699561172645589279
2020-11-24 00:00:00+00:00,546.885088940829,1.077235,19160.01,21186.718461290829,0.9741873622411127608567686917
2020-11-25 00:00:00+00:00,546.885088940829,1.077235,18719.11,20711.765549790829,0.9735954384175446564693870935
2020-11-26 00:00:00+00:00,546.885088940829,1.077235,17149.47,19020.894404390829,0.9712481927866344323385158335
2020-11-27 00:00:00+00:00,546.885088940829,1.077235,17139.52,19010.175916140829,0.9712319816842678801463957078
2020-11-28 00:00:00+00:00,546.885088940829,1.077235,17719.85,19635.327703690829,0.9721479011099961593355069895
2020-11-29 00:00:00+00:00,546.885088940829,1.077235,18184.99,20136.392791590829,0.9728409604142597969149539768
2020-11-30 00:00:00+00:00,546.885088940829,1.077235,19695.87,21763.965608390829,0.9748719925963316084838378648
2020-12-01 00:00:00+00:00,546.885088940829,1.077235,18764.96,20761.156774540829,0.9736582554199740941361609136
2020-12-02 00:00:00+00:00,546.885088940829,1.077235,19204.09,21234.202980090829,0.9742450851838617157816127754
2020-12-03 00:00:00+00:00,546.885088940829,1.077235,19421.9,21468.835535440829,0.9745265602301517854997300588
2020-12-04 00:00:00+00:00,546.885088940829,1.077235,18650.52,20637.878001140829,0.9735009050392391085946428158
2020-12-05 00:00:00+00:00,546.885088940829,1.077235,19147.66,21173.414609040829,0.9741711434344031252982260418
2020-12-06 00:00:00+00:00,546.885088940829,1.077235,19359.4,21401.508347940829,0.9744464231188897401028347287
2020-12-07 00:00:00+00:00,546.885088940829,1.077235,19166.9,21194.140610440829,0.9741964017794890893856323059
2020-12-08 00:00:00+00:00,546.885088940829,1.077235,18324.11,20286.257724790829,0.9730415980926581708462761533
2020-12-09 00:00:00+00:00,546.885088940829,1.077235,18541.28,20520.200849740829,0.9733489407367210939516548028
2020-12-10 00:00:00+00:00,546.885088940829,1.077235,18254.63,20211.411436990829,0.9729417665537240752248145036
2020-12-11 00:00:00+00:00,546.885088940829,1.077235,18036.53,19976.466483490829,0.9726235323252592350995473765
2020-12-12 00:00:00+00:00,546.885088940829,1.077235,18808.69,20808.264261090829,0.9737178900614289049644250130
2020-12-13 00:00:00+00:00,546.885088940829,1.077235,19174.99,21202.855441590829,0.9742070076152065318369452887
2020-12-14 00:00:00+00:00,546.885088940829,1.077235,19273.14,21308.586056840829,0.9743349893098486912234374691
2020-12-15 00:00:00+00:00,546.885088940829,1.077235,19426.43,21473.715409990829,0.9745323490369819256244403288
2020-12-16 00:00:00+00:00,546.885088940829,1.077235,21335.52,23530.253976140829,0.9767582156361185600681159881
2020-12-17 00:00:00+00:00,546.885088940829,1.077235,22797.16,25104.783741540829,0.9782159012174281558317479214
2020-12-18 00:00:00+00:00,546.885088940829,1.077235,23107.39,25438.974355590829,0.9785020779023413027775363544
2020-12-19 00:00:00+00:00,546.885088940829,1.077235,23821.61,26208.357137290829,0.9791331793108585216160854672
2020-12-20 00:00:00+00:00,546.885088940829,1.077235,23455.52,25813.992176140829,0.9788143931706038085778405264
2020-12-21 00:00:00+00:00,546.885088940829,1.077235,22719.71,25021.351890790829,0.9781432637481865469609238360
2020-12-22 00:00:00+00:00,546.885088940829,1.077235,23810.79,26196.701454590829,0.9791238950488176681502369617
2020-12-23 00:00:00+00:00,546.885088940829,1.077235,23232.76,25574.027307540829,0.9786156054983341267570165832
2020-12-24 00:00:00+00:00,546.885088940829,1.077235,23729.2,26108.809850940829,0.9790536186037173181627305482
2020-12-25 00:00:00+00:00,546.885088940829,1.077235,24712.47,27168.022709390829,0.9798702653192426070890452498
2020-12-26 00:00:00+00:00,546.885088940829,1.077235,26493.39,29086.492065590829,0.9811979702568605288576970703
2020-12-27 00:00:00+00:00,546.885088940829,1.077235,26281.66,28858.409099040829,0.9810493680693227854830161239
2020-12-28 00:00:00+00:00,546.885088940829,1.077235,27079.41,29717.773320290829,0.9815973732942022123722902287
2020-12-29 00:00:00+00:00,546.885088940829,1.077235,27385.0,30046.965563940829,0.9817989910569491152261311500
2020-12-30 00:00:00+00:00,546.885088940829,1.077235,28875.54,31652.627420840829,0.9827222845778436994024648416
2020-12-31 00:00:00+00:00,546.885088940829,1.077235,28923.63,31704.431651990829,0.9827505159233318655985075558
2021-01-01 00:00:00+00:00,546.885088940829,1.077235,29331.69,32144.008166090829,0.9829864064831296971891624118
2021-01-02 00:00:00+00:00,546.885088940829,1.077235,32178.33,35210.508406490829,0.9844681285874300446451088457
2021-01-03 00:00:00+00:00,546.885088940829,1.077235,33000.05,36095.693950690829,0.9848490213351234859813542379
2021-01-04 00:00:00+00:00,546.885088940829,1.077235,31988.71,35006.243105790829,0.9843774983996965454233386060
2021-01-05 00:00:00+00:00,546.885088940829,1.077235,33949.53,37118.507038490829,0.9852665117060412795831542158
2021-01-06 00:00:00+00:00,546.885088940829,1.077235,36769.36,40156.126608540829,0.9863810298669465868020875412
2021-01-07 00:00:00+00:00,546.885088940829,1.077235,39432.28,43024.717234740829,0.9872890486192611159881270170
2021-01-08 00:00:00+00:00,546.885088940829,1.077235,40582.81,44264.108419290829,0.9876449541520079522654696595
2021-01-09 00:00:00+00:00,546.885088940829,1.077235,40088.22,43731.318760640829,0.9874944295200848622252953420
2021-01-10 00:00:00+00:00,546.885088940829,1.077235,38150.02,41643.421883640829,0.9868674315365119662953680567
2021-01-11 00:00:00+00:00,546.885088940829,1.077235,35404.47,38685.819329390829,0.9858634223490429408169339356
2021-01-12 00:00:00+00:00,546.885088940829,1.077235,34051.24,37228.072610340829,0.9853098736895414533000790576
2021-01-13 00:00:00+00:00,546.885088940829,1.077235,37371.38,40804.643623240829,0.9865974791008996019361119626
2021-01-14 00:00:00+00:00,546.885088940829,1.077235,39144.5,42714.710546440829,0.9871967974979898866000326476
2021-01-15 00:00:00+00:00,546.885088940829,1.077235,36742.22,40126.890450640829,0.9863711071852542411432625901
2021-01-16 00:00:00+00:00,546.885088940829,1.077235,35994.98,39321.937369240829,0.9860921123034842099131685894
2021-01-17 00:00:00+00:00,546.885088940829,1.077235,35828.61,39142.717782290829,0.9860284333861903206347657706
2021-01-18 00:00:00+00:00,546.885088940829,1.077235,36631.27,40007.371227390829,0.9863303918212350053162591548
2021-01-19 00:00:00+00:00,546.885088940829,1.077235,35891.49,39210.454319090829,0.9860525694374685939779754319
2021-01-20 00:00:00+00:00,546.885088940829,1.077235,35468.23,38754.503832990829,0.9858884765678440154994256741
2021-01-21 00:00:00+00:00,546.885088940829,1.077235,30850.13,33779.724879490829,0.9838102562737902219408834345
2021-01-22 00:00:00+00:00,546.885088940829,1.077235,32945.17,36036.575293890829,0.9848241658792271316161545433
2021-01-23 00:00:00+00:00,546.885088940829,1.077235,32078.0,35102.429418940829,0.9844203065715520906111602517
2021-01-24 00:00:00+00:00,546.885088940829,1.077235,32259.9,35298.378465440829,0.9845067928693591011676007111
2021-01-25 00:00:00+00:00,546.885088940829,1.077235,32254.2,35292.238225940829,0.9845040973190855195363110776
2021-01-26 00:00:00+00:00,546.885088940829,1.077235,32467.77,35522.303304890829,0.9846044586622981725412251320
2021-01-27 00:00:00+00:00,546.885088940829,1.077235,30366.15,33258.364684190829,0.9835564648432402432841886901
2021-01-28 00:00:00+00:00,546.885088940829,1.077235,33364.86,36488.680051040829,0.9850121986277432016430116022
2021-01-29 00:00:00+00:00,546.885088940829,1.077235,34252.2,37444.553755940829,0.9853948028729261589515734838
2021-01-30 00:00:00+00:00,546.885088940829,1.077235,34262.88,37456.058625740829,0.9853992889533498702485005193
2021-01-31 00:00:00+00:00,546.885088940829,1.077235,33092.98,36195.801399240829,0.9848909246984568941798385549
2021-02-01 00:00:00+00:00,546.885088940829,1.077235,33526.37,36662.664275890829,0.9850833238734246137292530693
2021-02-02 00:00:00+00:00,546.885088940829,1.077235,35466.24,38752.360135340829,0.9858876959485600858740457774
2021-02-03 00:00:00+00:00,546.885088940829,1.077235,37618.87,41071.248513390829,0.9866844785893829565530595354
2021-02-04 00:00:00+00:00,546.885088940829,1.077235,36936.66,40336.348024040829,0.9864418789570419084433488409
2021-02-05 00:00:00+00:00,546.885088940829,1.077235,38290.24,41794.471775340829,0.9869148941065574882135606586
2021-02-06 00:00:00+00:00,546.885088940829,1.077235,39186.94,42760.428399840829,0.9872104862040422233070888412
2021-02-07 00:00:00+00:00,546.885088940829,1.077235,38795.69,42338.960206090829,0.9870831714742452554083435957
2021-02-08 00:00:00+00:00,546.885088940829,1.077235,46374.87,50503.518173390829,0.9891713466958234508210846029
2021-02-09 00:00:00+00:00,546.885088940829,1.077235,46420.42,50552.586227640829,0.9891818573538814010464804214
2021-02-10 00:00:00+00:00,546.885088940829,1.077235,44807.58,48815.178530240829,0.9887968229266633607030955294
2021-02-11 00:00:00+00:00,546.885088940829,1.077235,47969.51,52221.320193790829,0.9895275514500329651980830741
2021-02-12 00:00:00+00:00,546.885088940829,1.077235,47287.6,51486.742874940829,0.9893781377806479177828671050
2021-02-13 00:00:00+00:00,546.885088940829,1.077235,47153.69,51342.490336090829,0.9893482944562897425981769904
2021-02-14 00:00:00+00:00,546.885088940829,1.077235,48577.79,52876.580699590829,0.9896573287889422675713579244
2021-02-15 00:00:00+00:00,546.885088940829,1.077235,47911.1,52158.398897440829,0.9895149180093474434131240119
2021-02-16 00:00:00+00:00,546.885088940829,1.077235,49133.45,53475.157099690829,0.9897730999102760773202545667
2021-02-17 00:00:00+00:00,546.885088940829,1.077235,52119.71,56692.060890790829,0.9903534096247740025211817555
2021-02-18 00:00:00+00:00,546.885088940829,1.077235,51552.6,56081.150149940829,0.9902483260867750584766293451
2021-02-19 00:00:00+00:00,546.885088940829,1.077235,55906.0,60770.784998940829,0.9910008552802080698297379779
2021-02-20 00:00:00+00:00,546.885088940829,1.077235,55841.19,60700.969398590829,0.9909905048575134465763666549
2021-02-21 00:00:00+00:00,546.885088940829,1.077235,57408.57,62389.405992890829,0.9912343276837233285499404027
2021-02-22 00:00:00+00:00,546.885088940829,1.077235,54087.67,58812.016281390829,0.9907011334839429200609896375
2021-02-23 00:00:00+00:00,546.885088940829,1.077235,48891.0,53213.981473940829,0.9897229060146788386892915421
2021-02-24 00:00:00+00:00,546.885088940829,1.077235,49676.2,54059.826395940829,0.9898837061566684430456045638
2021-02-25 00:00:00+00:00,546.885088940829,1.077235,47073.73,51256.354625490829,0.9893303943884286318743004436
2021-02-26 00:00:00+00:00,546.885088940829,1.077235,46276.87,50397.949143390829,0.9891486638199334875833425382
2021-02-27 00:00:00+00:00,546.885088940829,1.077235,46106.43,50214.345209990829,0.9891089869507644450775727931
2021-02-28 00:00:00+00:00,546.885088940829,1.077235,45135.66,49168.597789040829,0.9888773503103087471019475894
2021-03-01 00:00:00+00:00,546.885088940829,1.077235,49587.03,53963.769350990829,0.9898656988657745117179907209
2021-03-02 00:00:00+00:00,546.885088940829,1.077235,48440.65,52728.848691690829,0.9896283514146401455253533133
2021-03-03 00:00:00+00:00,546.885088940829,1.077235,50349.37,54784.988680890829,0.9900176106245763598092418054
2021-03-04 00:00:00+00:00,546.885088940829,1.077235,48374.09,52657.147930090829,0.9896142288285934199704713800
2021-03-05 00:00:00+00:00,546.885088940829,1.077235,48751.71,53063.933410790829,0.9896938456350916298526661769
2021-03-06 00:00:00+00:00,546.885088940829,1.077235,48882.2,53204.501805940829,0.9897210749019782445610862855
2021-03-07 00:00:00+00:00,546.885088940829,1.077235,50971.75,55455.438200190829,0.9901382965009381694691400432
2021-03-08 00:00:00+00:00,546.885088940829,1.077235,52375.17,56967.251343890829,0.9904000091975742307705627746
2021-03-09 00:00:00+00:00,546.885088940829,1.077235,54884.5,59670.389446440829,0.9908348999560040719947288859
2021-03-10 00:00:00+00:00,546.885088940829,1.077235,55851.59,60712.172642590829,0.9909921673836264930276039345
2021-03-11 00:00:00+00:00,546.885088940829,1.077235,57773.16,62782.155101540829,0.9912891634883141007294199188
2021-03-12 00:00:00+00:00,546.885088940829,1.077235,57221.72,62188.124633140829,0.9912059562470004586733698677
2021-03-13 00:00:00+00:00,546.885088940829,1.077235,61188.39,66461.160390590829,0.9917713581025850746549628181
2021-03-14 00:00:00+00:00,546.885088940829,1.077235,58968.31,64069.612511790829,0.9914642048312656035060860313
2021-03-15 00:00:00+00:00,546.885088940829,1.077235,55605.2,60446.752710940829,0.9909526142528109189951081188
2021-03-16 00:00:00+00:00,546.885088940829,1.077235,56900.75,61842.364515190829,0.9911567888254581001469204036
2021-03-17 00:00:00+00:00,546.885088940829,1.077235,58912.97,64009.998326890829,0.9914562552220676965686315374
2021-03-18 00:00:00+00:00,546.885088940829,1.077235,57648.16,62647.500726540829,0.9912704404389888254162087052
2021-03-19 00:00:00+00:00,546.885088940829,1.077235,58030.01,63058.842911290829,0.9913273846507115660520880090
2021-03-20 00:00:00+00:00,546.885088940829,1.077235,58102.28,63136.694684740829,0.9913380785663301005786586710
2021-03-21 00:00:00+00:00,546.885088940829,1.077235,57351.56,62327.992825540829,0.9912256906704570491828666935
2021-03-22 00:00:00+00:00,546.885088940829,1.077235,54083.25,58807.254902690829,0.9907003805934188348857649431
2021-03-23 00:00:00+00:00,546.885088940829,1.077235,54340.89,59084.793728090829,0.9907440636679277755477570208
2021-03-24 00:00:00+00:00,546.885088940829,1.077235,52303.65,56890.207496690829,0.9903870083621572300795142680
2021-03-25 00:00:00+00:00,546.885088940829,1.077235,51293.78,55802.340187240829,0.9901996029717428599607113846
2021-03-26 00:00:00+00:00,546.885088940829,1.077235,55025.59,59822.376532590829,0.9908581851701780908665236651
2021-03-27 00:00:00+00:00,546.885088940829,1.077235,55817.14,60675.061896840829,0.9909866579144057916662811226
2021-03-28 00:00:00+00:00,546.885088940829,1.077235,55777.63,60632.500341990829,0.9909803309140117116731589001
2021-03-29 00:00:00+00:00,546.885088940829,1.077235,57635.47,62633.830614390829,0.9912685351737823299798881087
2021-03-30 00:00:00+00:00,546.885088940829,1.077235,58746.57,63830.746422890829,0.9914322623564886532067010452
2021-03-31 00:00:00+00:00,546.885088940829,1.077235,58740.55,63824.261468190829,0.9914313918193414690297581257
2021-04-01 00:00:00+00:00,546.885088940829,1.077235,58720.44,63802.598272340829,0.9914284824795621204532153465
2021-04-02 00:00:00+00:00,546.885088940829,1.077235,58950.01,64049.899111290829,0.9914615776678963865296949876
2021-04-03 00:00:00+00:00,546.885088940829,1.077235,57051.94,62005.231674840829,0.9911800170055209637999757668
2021-04-04 00:00:00+00:00,546.885088940829,1.077235,58202.01,63244.127331290829,0.9913527925513765337323644779
2021-04-05 00:00:00+00:00,546.885088940829,1.077235,59129.99,64243.779866590829,0.9914873456998250234778226192
2021-04-06 00:00:00+00:00,546.885088940829,1.077235,57991.15,63016.981559190829,0.9913216235463904486866485248
2021-04-07 00:00:00+00:00,546.885088940829,1.077235,55953.45,60821.899799690829,0.9910084181726988913235964308
2021-04-08 00:00:00+00:00,546.885088940829,1.077235,58077.52,63110.022346140829,0.9913344177579067049136166021
2021-04-09 00:00:00+00:00,546.885088940829,1.077235,58142.54,63180.064165840829,0.9913440244773206490655794818
2021-04-10 00:00:00+00:00,546.885088940829,1.077235,59769.13,64932.283844490829,0.9915776089094511436509912606
2021-04-11 00:00:00+00:00,546.885088940829,1.077235,60002.43,65183.602769990829,0.9916100818963537945612249174
2021-04-12 00:00:00+00:00,546.885088940829,1.077235,59860.0,65030.172188940829,0.9915902869309358302008046126
2021-04-13 00:00:00+00:00,546.885088940829,1.077235,63575.0,69032.100213940829,0.9920778147087231865857676057
2021-04-14 00:00:00+00:00,546.885088940829,1.077235,62959.53,68369.094388490829,0.9920009897186397282869533887
2021-04-15 00:00:00+00:00,546.885088940829,1.077235,63159.98,68585.026144240829,0.9920261736462609538642642968
2021-04-16 00:00:00+00:00,546.885088940829,1.077235,61334.8,66618.878366940829,0.9917908391382912106683900848
2021-04-17 00:00:00+00:00,546.885088940829,1.077235,60006.66,65188.159474040829,0.9916106683582835454241804729
2021-04-18 00:00:00+00:00,546.885088940829,1.077235,56150.01,61033.641111290829,0.9910396122698362363577711767
2021-04-19 00:00:00+00:00,546.885088940829,1.077235,55633.14,60476.850656840829,0.9909571169298484595733475366
2021-04-20 00:00:00+00:00,546.885088940829,1.077235,56425.0,61329.869963940829,0.9910828917579252567969493077
2021-04-21 00:00:00+00:00,546.885088940829,1.077235,53787.63,58488.802691990829,0.9906497472375901999227048212
2021-04-22 00:00:00+00:00,23365.840083495465,0.652441,51690.96,57091.141716855465,0.5907273986675767425967873678
2021-04-23 00:00:00+00:00,23365.840083495465,0.652441,51125.14,56721.977550235465,0.5880637260433726111290560473
2021-04-24 00:00:00+00:00,23365.840083495465,0.652441,50047.84,56019.102860935465,0.5828951395116062734874861085
2021-04-25 00:00:00+00:00,23365.840083495465,0.652441,49066.77,55379.012569065465,0.5780740934238407362938982970
2021-04-26 00:00:00+00:00,23365.840083495465,0.652441,54001.39,58598.560976485465,0.6012557357360404983650686415
2021-04-27 00:00:00+00:00,23365.840083495465,0.652441,55011.97,59257.904802265465,0.6056924361152543649369148008
2021-04-28 00:00:00+00:00,23365.840083495465,0.652441,54846.22,59149.762706515465,0.6049715330316672453959959534
2021-04-29 00:00:00+00:00,23365.840083495465,0.652441,53555.0,58307.317838495465,0.5992640212294425391147513523
2021-04-30 00:00:00+00:00,23365.840083495465,0.652441,57694.27,61007.947296565465,0.6170033394188484614749677818
2021-05-01 00:00:00+00:00,23365.840083495465,0.652441,57800.37,61077.171286665465,0.6174374223418437998049051449
2021-05-02 00:00:00+00:00,23365.840083495465,0.652441,56578.21,60279.783994105465,0.6123768445192118927169356259
2021-05-03 00:00:00+00:00,23365.840083495465,0.652441,57169.39,60665.494064485465,0.6148413452520747618109631938
2021-05-04 00:00:00+00:00,23365.840083495465,0.652441,53200.01,58075.707807905465,0.5976658578009646484146594767
2021-05-05 00:00:00+00:00,23365.840083495465,0.652441,57436.11,60839.513128005465,0.6159430133121862459265972333
2021-05-06 00:00:00+00:00,23365.840083495465,0.652441,56393.68,60159.389056375465,0.6116011074913128384775027431
2021-05-07 00:00:00+00:00,23365.840083495465,0.652441,57314.75,60760.332888245465,0.6154425268460673743658922343
2021-05-08 00:00:00+00:00,23365.840083495465,0.652441,58862.05,61769.854847545465,0.6217274568450123499567697687
2021-05-09 00:00:00+00:00,23365.840083495465,0.652441,58240.84,61364.551973935465,0.6192290282927498057991585689
2021-05-10 00:00:00+00:00,23365.840083495465,0.652441,55816.14,59782.578281235465,0.6091530215780351044805438736
2021-05-11 00:00:00+00:00,23365.840083495465,0.652441,56670.02,60339.684602315465,0.6127616470405145580249740808
2021-05-12 00:00:00+00:00,23365.840083495465,0.652441,49631.32,55747.348135615465,0.5808618550490715616957700363
2021-05-13 00:00:00+00:00,2757.587204082045,1.067917,49670.97,55802.060473572045,0.9505826992645183200706580227
2021-05-14 00:00:00+00:00,2757.587204082045,1.067917,49841.45,55984.118963732045,0.9507434026805265783491960876
2021-05-15 00:00:00+00:00,2757.587204082045,1.067917,46762.99,52696.579195912045,0.9476704703386901106015891053
2021-05-16 00:00:00+00:00,21054.854593981863,0.676131,46431.5,52448.631120481863,0.5985623619877531504308495154
2021-05-17 00:00:00+00:00,21054.854593981863,0.676131,43538.04,50492.273117221863,0.5830083833797434937343429004
2021-05-18 00:00:00+00:00,21054.854593981863,0.676131,42849.78,50026.919195161863,0.5791294980239740178160164535
2021-05-19 00:00:00+00:00,21054.854593981863,0.676131,36690.09,45862.161835771863,0.5409101151974183097457855611
2021-05-20 00:00:00+00:00,21049.016288468622,0.676290,40526.64,48456.777654068622,0.5656125457054352097031541012
2021-05-21 00:00:00+00:00,21049.016288468622,0.676290,37252.01,46242.178131368622,0.5448091517516578151097430275
2021-05-22 00:00:00+00:00,21049.016288468622,0.676290,37449.73,46375.894190168622,0.5461216078733664171799590094
2021-05-23 00:00:00+00:00,21049.016288468622,0.676290,34655.25,44486.015310968622,0.5268397013908614660942843834
2021-05-24 00:00:00+00:00,21057.398286167598,0.676048,38796.29,47285.552548087598,0.5546758544324288162171065871
2021-05-25 00:00:00+00:00,21057.398286167598,0.676048,38324.72,46966.748592727598,0.5516530541901689736001587562
2021-05-26 00:00:00+00:00,21057.398286167598,0.676048,39241.91,47586.813057847598,0.5574950930088604162806791075
2021-05-27 00:00:00+00:00,21057.398286167598,0.676048,38529.98,47105.514205207598,0.5529738154553535191975960200
2021-05-28 00:00:00+00:00,21057.398286167598,0.676048,35663.49,45167.629373687598,0.5337944767489926061428219775
2021-05-29 00:00:00+00:00,21057.398286167598,0.676048,34605.15,44452.140733367598,0.5262905691657488130124203048
2021-05-30 00:00:00+00:00,21057.398286167598,0.676048,35641.27,45152.607587127598,0.5336393751892464469862601322
2021-05-31 00:00:00+00:00,21057.398286167598,0.676048,37253.81,46242.762029047598,0.5446336386018573243660481696
2021-06-01 00:00:00+00:00,21057.398286167598,0.676048,36693.09,45863.688394487598,0.5408699338560283020134908758
2021-06-02 00:00:00+00:00,18342.454279907843,0.749939,37568.68,46516.672590427843,0.6056800012027873219649263796
2021-06-03 00:00:00+00:00,18606.331319663471,0.742906,39246.79,47763.007091403471,0.6104447258930584751443911512
2021-06-04 00:00:00+00:00,19104.587810435903,0.730194,36829.0,45996.902636435903,0.5846549068436093026353521308
2021-06-05 00:00:00+00:00,19104.587810435903,0.730194,35513.2,45036.113371235903,0.5757940377102389024697448622
2021-06-06 00:00:00+00:00,19104.587810435903,0.730194,35796.31,45242.838594575903,0.5777323350191753049106981478
2021-06-07 00:00:00+00:00,19104.587810435903,0.730194,33552.79,43604.633751695903,0.5618679446036426453677723787
2021-06-08 00:00:00+00:00,19104.587810435903,0.730194,33380.81,43479.054987575903,0.5606025058296455594738795934
2021-06-09 00:00:00+00:00,19104.587810435903,0.730194,37388.05,46405.117592135903,0.5883086003929557092518701389
2021-06-10 00:00:00+00:00,19104.587810435903,0.730194,36675.72,45884.978500115903,0.5836417835438749124915012059
2021-06-11 00:00:00+00:00,19104.587810435903,0.730194,37331.98,46364.175614555903,0.5879450554829217928132636144
2021-06-12 00:00:00+00:00,19104.587810435903,0.730194,35546.11,45060.144055775903,0.5760202677828093362975493685
2021-06-13 00:00:00+00:00,19104.587810435903,0.730194,39020.57,47597.173901015903,0.5986192825194577545082069528
2021-06-14 00:00:00+00:00,19104.587810435903,0.730194,40516.29,48689.339670695903,0.6076227786277791079659674636
2021-06-15 00:00:00+00:00,19475.274930982499,0.721033,40144.04,48420.452524302499,0.5977882503017139636361483136
2021-06-16 00:00:00+00:00,19475.274930982499,0.721033,38349.01,47126.176658312499,0.5867418850421999737449228816
2021-06-17 00:00:00+00:00,19475.274930982499,0.721033,38092.97,46941.563368992499,0.5851166102438122859208310838
2021-06-18 00:00:00+00:00,19475.274930982499,0.721033,35819.84,45302.561625702499,0.5701065407318344048550792532
2021-06-19 00:00:00+00:00,19475.274930982499,0.721033,35483.72,45060.208013742499,0.5677943846809825253428919442
2021-06-20 00:00:00+00:00,19475.274930982499,0.721033,35600.16,45144.165096262499,0.5685981811945202254014594798
2021-06-21 00:00:00+00:00,19475.274930982499,0.721033,31608.93,42266.356555672499,0.5392251303863863796206099446
2021-06-22 00:00:00+00:00,19475.274930982499,0.721033,32509.56,42915.740506462499,0.5461973928179149068885719852
2021-06-23 00:00:00+00:00,19475.274930982499,0.721033,33678.07,43758.274777292499,0.5549350373134726032373359576
2021-06-24 00:00:00+00:00,19475.274930982499,0.721033,34663.09,44468.506702952499,0.5620434241006471070094706715
2021-06-25 00:00:00+00:00,19475.274930982499,0.721033,31584.45,42248.705667832499,0.5390326254228737832629726654
2021-06-26 00:00:00+00:00,19475.274930982499,0.721033,32283.65,42752.851941432499,0.5444684027708409657383706479
2021-06-27 00:00:00+00:00,19475.274930982499,0.721033,34700.34,44495.365182202499,0.5623077852887849400320223747
2021-06-28 00:00:00+00:00,19475.274930982499,0.721033,34494.89,44347.228952352499,0.5608457305887792337391494997
2021-06-29 00:00:00+00:00,19475.274930982499,0.721033,35911.73,45368.817348072499,0.5707343486261294626343442291
2021-06-30 00:00:00+00:00,19475.274930982499,0.721033,35045.0,44743.876415982499,0.5647387644753565263628204282
2021-07-01 00:00:00+00:00,19475.274930982499,0.721033,33504.69,43633.262075752499,0.5536598914568633357293766305
2021-07-02 00:00:00+00:00,19475.274930982499,0.721033,33786.55,43836.492437132499,0.5557291688217825382957494272
2021-07-03 00:00:00+00:00,19475.274930982499,0.721033,34669.13,44472.861742272499,0.5620863113364527870289064600
2021-07-04 00:00:00+00:00,19475.274930982499,0.721033,35286.51,44918.013095812499,0.5664261709563887668331894430
2021-07-05 00:00:00+00:00,19475.274930982499,0.721033,33690.14,43766.977645602499,0.5550235364963730036489356898
2021-07-06 00:00:00+00:00,19475.274930982499,0.721033,34220.01,44149.031401312499,0.5588742422466029031822785570
2021-07-07 00:00:00+00:00,19475.274930982499,0.721033,33862.12,43890.980900942499,0.5562807089015343921862774486
2021-07-08 00:00:00+00:00,19475.274930982499,0.721033,32875.71,43179.746739412499,0.5489719972533706805469408950
2021-07-09 00:00:00+00:00,19475.274930982499,0.721033,33815.81,43857.589862712499,0.5559428825900832455574721768
2021-07-10 00:00:00+00:00,19475.274930982499,0.721033,33502.87,43631.949795692499,0.5536464672751074881240808720
2021-07-11 00:00:00+00:00,19475.274930982499,0.721033,34258.99,44177.137267652499,0.5591548901643580098782557576
2021-07-12 00:00:00+00:00,19475.274930982499,0.721033,33086.63,43331.827019772499,0.5505549553196580586481390770
2021-07-13 00:00:00+00:00,19475.274930982499,0.721033,32729.77,43074.519183392499,0.5478701724315185028583352352
2021-07-14 00:00:00+00:00,19475.274930982499,0.721033,32820.02,43139.592411642499,0.5485521804390873611450743757
2021-07-15 00:00:00+00:00,19475.274930982499,0.721033,31880.0,42461.806970982499,0.5413460631976521849431404432
2021-07-16 00:00:00+00:00,19475.274930982499,0.721033,31383.87,42104.080868692499,0.5374492322556836141813048579
2021-07-17 00:00:00+00:00,19475.274930982499,0.721033,31520.07,42202.285563292499,0.5385255876302095009390084523
2021-07-18 00:00:00+00:00,19475.274930982499,0.721033,31778.56,42388.665383462499,0.5405546564204737422827244977
2021-07-19 00:00:00+00:00,19475.274930982499,0.721033,30839.65,41711.680289432499,0.5330978086750322457345649519
2021-07-20 00:00:00+00:00,19475.274930982499,0.721033,29790.35,40955.100362532499,0.5244725380089820349292581005
2021-07-21 00:00:00+00:00,19475.274930982499,0.721033,32144.51,42652.527409812499,0.5433969306470199503681239622
2021-07-22 00:00:00+00:00,19475.274930982499,0.721033,32287.83,42755.865859372499,0.5445005137999484456449265661
2021-07-23 00:00:00+00:00,19475.274930982499,0.721033,33634.09,43726.563745952499,0.5546122708353636345554000947
2021-07-24 00:00:00+00:00,19475.274930982499,0.721033,34258.14,44176.524389602499,0.5591487741492345635585003270
2021-07-25 00:00:00+00:00,19475.274930982499,0.721033,35381.02,44986.157924642499,0.5670829466342503335820201882
2021-07-26 00:00:00+00:00,19475.274930982499,0.721033,37237.6,46324.813371782499,0.5795930190871457799695002146
2021-07-27 00:00:00+00:00,19475.274930982499,0.721033,39457.87,47925.701310692499,0.5936360992460332886656765168
2021-07-28 00:00:00+00:00,19475.274930982499,0.721033,40019.56,48330.698336462499,0.5970413091198887532576239531
2021-07-29 00:00:00+00:00,19475.274930982499,0.721033,40016.48,48328.477554822499,0.5970227924335029705588609910
2021-07-30 00:00:00+00:00,19475.274930982499,0.721033,42206.37,49907.460511192499,0.6097722718907952540809914784
2021-07-31 00:00:00+00:00,19962.377569437491,0.709477,41461.83,49378.592332347491,0.5957280953843572976078412988
2021-08-01 00:00:00+00:00,19751.186998063387,0.714564,39845.44,48223.303986223387,0.5904223608629972838890479093
2021-08-02 00:00:00+00:00,19290.118517382582,0.726119,39147.82,47716.094427962582,0.5957314036565786443594138714
2021-08-03 00:00:00+00:00,19085.898235099802,0.731329,38207.05,47027.821904549802,0.5941572996121834409241455547
2021-08-04 00:00:00+00:00,18810.794239587770,0.738520,39723.18,48147.157133187770,0.6093062319847433923221957540
2021-08-05 00:00:00+00:00,19258.289096622890,0.727240,40862.46,48975.104507022890,0.6067739050181851803948031898
2021-08-06 00:00:00+00:00,19589.620118356328,0.719121,42836.87,50394.512909626328,0.6112747402978801061450042985
2021-08-07 00:00:00+00:00,20157.069717319544,0.705857,44572.54,51618.909084099544,0.6095022139177939956561862142
2021-08-08 00:00:00+00:00,20646.952842976034,0.694852,43794.37,51077.558426216034,0.5957725177329777654142264557
2021-08-09 00:00:00+00:00,20646.952842976034,0.694852,46253.4,52786.220339776034,0.6088571466175250557766936457
2021-08-10 00:00:00+00:00,21112.627784876492,0.684770,45584.99,52327.861387176492,0.5965318049468314478640270333
2021-08-11 00:00:00+00:00,21112.627784876492,0.684770,45511.0,52277.195254876492,0.5961407707138405498282756910
2021-08-12 00:00:00+00:00,21112.627784876492,0.684770,44399.0,51515.731014876492,0.5901712473267694126385063515
2021-08-13 00:00:00+00:00,20605.942465327526,0.696167,47800.0,53882.725065327526,0.6175779446873772765094712470
2021-08-14 00:00:00+00:00,2670.853668078938,1.070891,47068.51,53076.097410488938,0.9496787857738929783504081544
2021-08-15 00:00:00+00:00,2670.853668078938,1.070891,46973.82,52974.694741698938,0.9495824623227780447730478817
2021-08-16 00:00:00+00:00,2670.853668078938,1.070891,45901.29,51826.132017468938,0.9484651166485147238482765509
2021-08-17 00:00:00+00:00,25882.899687732368,0.564538,44695.95,51115.461908832368,0.4936385445582758729893607798
2021-08-18 00:00:00+00:00,25882.899687732368,0.564538,44705.29,51120.734693752368,0.4936907725839941472691800832
2021-08-19 00:00:00+00:00,25882.899687732368,0.564538,46760.62,52281.046581292368,0.5049276672859491107854748787
2021-08-20 00:00:00+00:00,25882.899687732368,0.564538,49322.47,53727.308256592368,0.5182543006971408609926366616
2021-08-21 00:00:00+00:00,25882.899687732368,0.564538,48821.87,53444.700533792368,0.5157069002310723520146271200
2021-08-22 00:00:00+00:00,25882.899687732368,0.564538,49239.22,53680.310468092368,0.5178325262645939740918786070
2021-08-23 00:00:00+00:00,25882.899687732368,0.564538,49488.85,53821.236089032368,0.5190950344411217138652367114
2021-08-24 00:00:00+00:00,2660.939024080733,1.033165,47674.01,51916.057565730733,0.9487453564687240029535077796
2021-08-25 00:00:00+00:00,2660.939024080733,1.033165,48973.32,53258.459181880733,0.9500372510779278911663860765
2021-08-26 00:00:00+00:00,2660.939024080733,1.033165,46843.87,51058.385972630733,0.9478843881687310073789179312
2021-08-27 00:00:00+00:00,2660.939024080733,1.033165,49069.9,53358.242257580733,0.9501306843798309897775770655
2021-08-28 00:00:00+00:00,2660.939024080733,1.033165,48895.35,53177.903306830733,0.9499615656388819335955056937
2021-08-29 00:00:00+00:00,2660.939024080733,1.033165,48767.83,53046.154106030733,0.9498372866247392085851842488
2021-08-30 00:00:00+00:00,2660.939024080733,1.033165,46982.91,51202.037234230733,0.9480306025342721630775309510
2021-08-31 00:00:00+00:00,2660.939024080733,1.033165,47100.89,51323.930040930733,0.9481540283069001267926253670
2021-09-01 00:00:00+00:00,2660.939024080733,1.033165,48810.52,53090.259919880733,0.9498789603197197760858212807
2021-09-02 00:00:00+00:00,2660.939024080733,1.033165,49246.64,53540.843839680733,0.9503007641783069751871306243
2021-09-03 00:00:00+00:00,2660.939024080733,1.033165,49999.14,54318.300502180733,0.9510121082677484821547564444
2021-09-04 00:00:00+00:00,2660.939024080733,1.033165,49915.64,54232.031224680733,0.9509341810736059499897300214
2021-09-05 00:00:00+00:00,2660.939024080733,1.033165,51756.88,56134.335949280733,0.9525969448274050803430796293
2021-09-06 00:00:00+00:00,2660.939024080733,1.033165,52663.9,57071.437267580733,0.9533752932906725337438386449
2021-09-07 00:00:00+00:00,2660.939024080733,1.033165,46863.73,51078.904629530733,0.9479053232762094312619925298
2021-09-08 00:00:00+00:00,2660.939024080733,1.033165,46048.31,50236.441225230733,0.9470316973260378185831747543
2021-09-09 00:00:00+00:00,2660.939024080733,1.033165,46395.14,50594.773842180733,0.9474068402325317843357552256
2021-09-10 00:00:00+00:00,2660.939024080733,1.033165,44850.91,48999.329454230733,0.9456943788064230251148705362
2021-09-11 00:00:00+00:00,19574.118207063413,0.655503,45173.69,49185.607523133413,0.6020356524445257814753294550
2021-09-12 00:00:00+00:00,19674.138060560285,0.653286,46025.24,49741.782999200285,0.6044746111960523693670701555
2021-09-13 00:00:00+00:00,19896.426721424321,0.648450,44940.73,49038.243089924321,0.5942671378960484194363259976
2021-09-14 00:00:00+00:00,19896.426721424321,0.648450,47111.52,50445.891865424321,0.6055887608350253512048541757
2021-09-15 00:00:00+00:00,2499.465483548073,1.017307,48121.41,51453.712726418073,0.9514230295326237352727705163
2021-09-16 00:00:00+00:00,2499.465483548073,1.017307,47737.82,51063.483934288073,0.9510518027566518304149302434
2021-09-17 00:00:00+00:00,2499.465483548073,1.017307,47299.98,50618.066237408073,0.9506210792047029499868900583
2021-09-18 00:00:00+00:00,2499.465483548073,1.017307,48292.74,51628.007934728073,0.9515870244943775246363218526
2021-09-19 00:00:00+00:00,2499.465483548073,1.017307,47241.75,50558.828450798073,0.9505632238693889505312871852
2021-09-20 00:00:00+00:00,2499.465483548073,1.017307,43015.62,46259.556818888073,0.9459686677645055766628371991
2021-09-21 00:00:00+00:00,18483.473320264521,0.645246,40734.38,44767.169077744521,0.5871198983307308249648002632
2021-09-22 00:00:00+00:00,31320.202279356756,0.329701,43543.61,45676.574039966756,0.3143049158644922037726233808
2021-09-23 00:00:00+00:00,31973.418470336136,0.314681,44865.26,46091.663352396136,0.3063079927083179216960036642
2021-09-24 00:00:00+00:00,32263.812217121058,0.308200,42810.57,45458.029891121058,0.2902505389169344028372026607
2021-09-25 00:00:00+00:00,32263.812217121058,0.308200,42670.64,45414.903465121058,0.2895765540512515640006472397
2021-09-26 00:00:00+00:00,32263.812217121058,0.308200,43160.9,45566.001597121058,0.2919323380096720241754598279
2021-09-27 00:00:00+00:00,32263.812217121058,0.308200,42147.35,45253.625487121058,0.2870446981910174692944683274
2021-09-28 00:00:00+00:00,32263.812217121058,0.308200,41026.54,44908.191845121058,0.2815606487031990818063917115
2021-09-29 00:00:00+00:00,32263.812217121058,0.308200,41524.28,45061.595313121058,0.2840064362362584858989834899
2021-09-30 00:00:00+00:00,32263.812217121058,0.308200,43824.1,45770.399837121058,0.2950943768912803885961450789
2021-10-01 00:00:00+00:00,32263.812217121058,0.308200,48141.61,47101.056419121058,0.3150087350477493686669276393
2021-10-02 00:00:00+00:00,32969.852565906258,0.293515,47634.9,46951.410239406258,0.2977878108923189850157486400
2021-10-03 00:00:00+00:00,32969.852565906258,0.293515,48200.01,47117.278501056258,0.3002598279277282144950862060
2021-10-04 00:00:00+00:00,32982.079452802956,0.293261,49224.94,47417.834582142956,0.3044372493293135185998671055
2021-10-05 00:00:00+00:00,33192.242461004481,0.288986,51471.99,48066.926963144481,0.3094577798481943121700487029
2021-10-06 00:00:00+00:00,33192.242461004481,0.288986,55315.0,49177.503051004481,0.3250523023387518480016538417
2021-10-07 00:00:00+00:00,33192.242461004481,0.288986,53785.22,48735.418047924481,0.3189297683182989500140386611
2021-10-08 00:00:00+00:00,33192.242461004481,0.288986,53951.43,48783.450410984481,0.3196003525504902785600388363
2021-10-09 00:00:00+00:00,33192.242461004481,0.288986,54949.72,49071.942244924481,0.3236003927593153283403484478
2021-10-10 00:00:00+00:00,33192.242461004481,0.288986,54659.0,48987.928235004481,0.3224403713956848280398763007
2021-10-11 00:00:00+00:00,33192.242461004481,0.288986,57471.35,49800.658012104481,0.3334979137637735798452053428
2021-10-12 00:00:00+00:00,33192.242461004481,0.288986,55996.93,49374.571273984481,0.3277462142037167999227745048
2021-10-13 00:00:00+00:00,33192.242461004481,0.288986,57367.0,49770.502323004481,0.3330940836081805724999323259
2021-10-14 00:00:00+00:00,33192.242461004481,0.288986,57347.94,49764.994249844481,0.3330202693410698219716493555
2021-10-15 00:00:00+00:00,33192.242461004481,0.288986,61672.42,51014.708427124481,0.3493593615570643668576429061
2021-10-16 00:00:00+00:00,33192.242461004481,0.288986,60875.57,50784.429933024481,0.3464090764673528418594369010
2021-10-17 00:00:00+00:00,33192.242461004481,0.288986,61528.33,50973.068434384481,0.3488278520306957889468496118
2021-10-18 00:00:00+00:00,33192.242461004481,0.288986,62009.84,51112.218083244481,0.3506006253349137168283257921
2021-10-19 00:00:00+00:00,33192.242461004481,0.288986,64280.59,51768.433042744481,0.3588323905110648356231916242
2021-10-20 00:00:00+00:00,33192.242461004481,0.288986,66001.41,52265.725931264481,0.3649329102468384919401456674
2021-10-21 00:00:00+00:00,20890.374191018761,0.475132,62193.15,50440.329936818761,0.5858398583596516538798873659
2021-10-22 00:00:00+00:00,20175.219562443781,0.486616,60688.22,49707.078425963781,0.5941177755499397081324781876
2021-10-23 00:00:00+00:00,19882.504322768698,0.491433,61286.75,50000.835735518698,0.6023565600395570839556208434
2021-10-24 00:00:00+00:00,20000.205532272373,0.489510,60852.22,49787.975744472373,0.5982924544890166080979855745
2021-10-25 00:00:00+00:00,19915.084467215631,0.490907,63078.78,50880.899120675631,0.6085940930410353755620620453
2021-10-26 00:00:00+00:00,20351.841126219369,0.483974,60328.81,49549.416617159369,0.5892617407896713833802773239
2021-10-27 00:00:00+00:00,19819.109699121362,0.492793,58413.44,48604.844037041362,0.5922400309726870560853870170
2021-10-28 00:00:00+00:00,19441.502278162130,0.499249,60575.89,49683.954784772130,0.6086965628565291289699437177
2021-10-29 00:00:00+00:00,19873.028458599020,0.492116,62253.71,50509.075208959020,0.6065453905781657969240030960
2021-10-30 00:00:00+00:00,20203.228041078110,0.486805,61859.19,50316.591029028110,0.5984778056720360968888673769
2021-10-31 00:00:00+00:00,20126.546807677724,0.488043,61299.8,50043.485099077724,0.5978188415968526134873963612
2021-11-01 00:00:00+00:00,20126.546807677724,0.488043,60911.11,49853.787665407724,0.5962885118628002818326933559
2021-11-02 00:00:00+00:00,20126.546807677724,0.488043,63219.99,50980.620387247724,0.6052118107861988287927030495
2021-11-03 00:00:00+00:00,20392.043709281819,0.483838,62896.48,50823.750799521819,0.5987694062620486513454216112
2021-11-04 00:00:00+00:00,2517.996098940538,0.767651,61395.01,49647.936920450538,0.9492829661185106088192898564
2021-11-05 00:00:00+00:00,2517.996098940538,0.767651,60937.12,49296.437204060538,0.9489213370832987673146175397
2021-11-06 00:00:00+00:00,2517.996098940538,0.767651,61470.61,49705.971336050538,0.9493421810044320294510942381
2021-11-07 00:00:00+00:00,2517.996098940538,0.767651,63273.59,51090.030736030538,0.9507145315306151097015092247
2021-11-08 00:00:00+00:00,2517.996098940538,0.767651,67525.83,54354.267024270538,0.9536743619812554947693100751
2021-11-09 00:00:00+00:00,2517.996098940538,0.767651,66947.66,53910.434245600538,0.9532929731660244641845181264
2021-11-10 00:00:00+00:00,2517.996098940538,0.767651,64882.43,52325.058370870538,0.9518778157667128119826324307
2021-11-11 00:00:00+00:00,2517.996098940538,0.767651,64774.26,52242.021562200538,0.9518013272908561812332369843
2021-11-12 00:00:00+00:00,2517.996098940538,0.767651,64122.23,51741.490080670538,0.9513350679500201530764830534
2021-11-13 00:00:00+00:00,2517.996098940538,0.767651,64380.0,51939.367478940538,0.9515204704800941056954084698
2021-11-14 00:00:00+00:00,2517.996098940538,0.767651,65519.1,52813.798733040538,0.9523231397978333853730232382
2021-11-15 00:00:00+00:00,2517.996098940538,0.767651,63606.74,51345.773666680538,0.9509600124971040411046875160
2021-11-16 00:00:00+00:00,2517.996098940538,0.767651,60058.87,48622.247713310538,0.9482130872725732436627173343
2021-11-17 00:00:00+00:00,24282.806759482285,0.404788,60344.87,48709.685997042285,0.5014788894152023815839561214
2021-11-18 00:00:00+00:00,24282.806759482285,0.404788,56891.62,47311.851836042285,0.4867500252656865328111491350
2021-11-19 00:00:00+00:00,24282.806759482285,0.404788,58052.24,47781.656884602285,0.4917964687133430457338216104
2021-11-20 00:00:00+00:00,24282.806759482285,0.404788,59707.51,48451.690317362285,0.4988243629803616829646810290
2021-11-21 00:00:00+00:00,24282.806759482285,0.404788,58622.02,48012.296991242285,0.4942377623817580205582990113
2021-11-22 00:00:00+00:00,24282.806759482285,0.404788,56247.18,47050.990257322285,0.4839044486273424120841482197
2021-11-23 00:00:00+00:00,24282.806759482285,0.404788,57541.27,47574.822360242285,0.4895870219838143061093429073
2021-11-24 00:00:00+00:00,24282.806759482285,0.404788,57138.29,47411.700892002285,0.4878309298627489811323612621
2021-11-25 00:00:00+00:00,24282.806759482285,0.404788,58960.36,48149.252963162285,0.4956763549777103353380731511
2021-11-26 00:00:00+00:00,2379.069273717108,0.775805,53726.53,44060.379880367108,0.9460043404034017656454937489
2021-11-27 00:00:00+00:00,2379.069273717108,0.775805,54721.03,44831.917952867108,0.9469335825378186647497011625
2021-11-28 00:00:00+00:00,2379.069273717108,0.775805,57274.88,46813.207552117108,0.9491795286390386301671409868
2021-11-29 00:00:00+00:00,2379.069273717108,0.775805,57776.25,47202.172904967108,0.9495983102619676781089732047
2021-11-30 00:00:00+00:00,2379.069273717108,0.775805,56950.56,46561.598474517108,0.9489049055087926421888365356
2021-12-01 00:00:00+00:00,2379.069273717108,0.775805,57184.07,46742.756700067108,0.9491029318406953862960768553
2021-12-02 00:00:00+00:00,2379.069273717108,0.775805,56480.34,46196.799447417108,0.9485014264586651304561029389
2021-12-03 00:00:00+00:00,2379.069273717108,0.775805,53601.05,43963.031868967108,0.9458847769915418442471571886
2021-12-04 00:00:00+00:00,2379.069273717108,0.775805,49152.47,40511.801262067108,0.9412746607259665357722499048
2021-12-05 00:00:00+00:00,2379.069273717108,0.775805,49396.33,40700.989069367108,0.9415476299688335304286558703
2021-12-06 00:00:00+00:00,2379.069273717108,0.775805,50441.92,41512.163019317108,0.9426898262899468479890064371
2021-12-07 00:00:00+00:00,20732.226205606065,0.411484,50588.95,41548.769707406065,0.5010146786148869463209168696
2021-12-08 00:00:00+00:00,20732.226205606065,0.411484,50471.19,41500.313351566065,0.5004320562600352238500176996
2021-12-09 00:00:00+00:00,20732.226205606065,0.411484,47545.59,40296.475761166065,0.4855077072128023350344944321
2021-12-10 00:00:00+00:00,20732.226205606065,0.411484,47140.54,40129.804166966065,0.4833708602377791212345082919
2021-12-11 00:00:00+00:00,20732.226205606065,0.411484,49389.99,41055.416850766065,0.4950184946126246348640978349
2021-12-12 00:00:00+00:00,20732.226205606065,0.411484,50053.9,41328.605193206065,0.4983564988780652500753920492
2021-12-13 00:00:00+00:00,20732.226205606065,0.411484,46702.75,39949.660586606065,0.4810412428746149382651277301
2021-12-14 00:00:00+00:00,20732.226205606065,0.411484,48343.28,40624.712433126065,0.4896646655718684290319560330
2021-12-15 00:00:00+00:00,20732.226205606065,0.411484,48864.98,40839.383635926065,0.4923472305451716316517612309
2021-12-16 00:00:00+00:00,20732.226205606065,0.411484,47632.38,40332.188457526065,0.4859632715581692872567287299
2021-12-17 00:00:00+00:00,20732.226205606065,0.411484,46131.2,39714.476906406065,0.4779680403580515412893100086
2021-12-18 00:00:00+00:00,20732.226205606065,0.411484,46834.48,40003.865373926065,0.4817444261494033737557732073
2021-12-19 00:00:00+00:00,20732.226205606065,0.411484,46681.23,39940.805450926065,0.4809261863514730670319124246
2021-12-20 00:00:00+00:00,20732.226205606065,0.411484,46914.16,40036.652419046065,0.4821688389775709857265351552
2021-12-21 00:00:00+00:00,20732.226205606065,0.411484,48889.88,40849.629587526065,0.4924745606031907730717284765
2021-12-22 00:00:00+00:00,20732.226205606065,0.411484,48588.16,40725.476635046065,0.4909273526398688748336277008
2021-12-23 00:00:00+00:00,20732.226205606065,0.411484,50838.81,41651.583099646065,0.5022463814638959682909009050
2021-12-24 00:00:00+00:00,20732.226205606065,0.411484,50820.0,41643.843085606065,0.5021538679082183492010486632
2021-12-25 00:00:00+00:00,20732.226205606065,0.411484,50399.66,41470.879901046065,0.5000774940132602886061508156
2021-12-26 00:00:00+00:00,20732.226205606065,0.411484,50775.49,41625.527932766065,0.5019348165603341495356990976
2021-12-27 00:00:00+00:00,2057.079946410261,0.778805,50701.44,41543.614925610261,0.9504838481173640133427567707
2021-12-28 00:00:00+00:00,2057.079946410261,0.778805,47543.74,39084.382377110261,0.9473682370988421115254110587
2021-12-29 00:00:00+00:00,2057.079946410261,0.778805,46464.66,38243.989477710261,0.9462116799396885982464563378
2021-12-30 00:00:00+00:00,15280.390315386639,0.493846,47120.87,38550.843481406639,0.6036301949461498585662370755
2021-12-31 00:00:00+00:00,15420.204454891815,0.490875,46216.93,38106.939968641815,0.5953439329533913032161606485
2022-01-01 00:00:00+00:00,15242.547005789264,0.494714,47722.65,38851.610077889264,0.6076727071225316039499638638
2022-01-02 00:00:00+00:00,15540.282902315138,0.488467,47286.18,38638.021388375138,0.5977981701984698738328698398
2022-01-03 00:00:00+00:00,15455.104476305972,0.490266,46446.1,38226.048138905972,0.5956918062744767818270961159
2022-01-04 00:00:00+00:00,15290.239004954122,0.493811,45832.01,37922.589695064122,0.5968039332782104647400013115
2022-01-05 00:00:00+00:00,15168.901636729350,0.496455,43451.13,36740.432380879350,0.5871332846745802055289096708
2022-01-06 00:00:00+00:00,14695.582168231672,0.507334,43082.31,36552.702829771672,0.5979618186739853575455611179
2022-01-07 00:00:00+00:00,14620.996035445962,0.509063,41566.48,35780.953043685962,0.5913748854706362691227210139
2022-01-08 00:00:00+00:00,14312.005321514186,0.516487,41679.74,35839.049194894186,0.6006589001933358383244089196
2022-01-09 00:00:00+00:00,14335.607011957832,0.515920,41864.62,35934.401762357832,0.6010617595149522630995190686
2022-01-10 00:00:00+00:00,14373.737910704360,0.515008,41822.49,35912.654840624360,0.5997584145618551779638956957
2022-01-11 00:00:00+00:00,14373.737910704360,0.515008,42729.29,36379.664095024360,0.6048963543709505139895526472
2022-01-12 00:00:00+00:00,14551.644740781347,0.510839,43902.66,36978.835672521347,0.6064872115052949499405576902
2022-01-13 00:00:00+00:00,14791.260816654422,0.505374,42560.11,36300.033847794422,0.5925276301759389655640276245
2022-01-14 00:00:00+00:00,14791.260816654422,0.505374,43059.96,36552.645041694422,0.5953436256177218266553540922
2022-01-15 00:00:00+00:00,14791.260816654422,0.505374,43084.29,36564.940791114422,0.5954797000451093666796644396
2022-01-16 00:00:00+00:00,14791.260816654422,0.505374,43071.66,36558.557917494422,0.5954090735735411052489962650
2022-01-17 00:00:00+00:00,14791.260816654422,0.505374,42201.62,36118.862322534422,0.5904837565322147438225875782
2022-01-18 00:00:00+00:00,14791.260816654422,0.505374,42352.12,36194.921109534422,0.5913443001604408496687036357
2022-01-19 00:00:00+00:00,14791.260816654422,0.505374,41660.01,35845.146710394422,0.5873566668269422075063612929
2022-01-20 00:00:00+00:00,14791.260816654422,0.505374,40680.91,35350.335026994422,0.5815807458300059651482815853
2022-01-21 00:00:00+00:00,14791.260816654422,0.505374,36445.31,33209.772912594422,0.5546112026847070811333752323
2022-01-22 00:00:00+00:00,14791.260816654422,0.505374,35071.42,32515.444627734422,0.5451004596124130444987173937
2022-01-23 00:00:00+00:00,14791.260816654422,0.505374,36244.55,33108.314028354422,0.5532463294873009874125883958
2022-01-24 00:00:00+00:00,14791.260816654422,0.505374,36660.35,33318.448537554422,0.5560639385719698260225462714
2022-01-25 00:00:00+00:00,14791.260816654422,0.505374,36958.32,33469.034828334422,0.5580613276564418535398608359
2022-01-26 00:00:00+00:00,14791.260816654422,0.505374,36809.34,33393.744209814422,0.5570649183954858769467108366
2022-01-27 00:00:00+00:00,14791.260816654422,0.505374,37160.1,33571.009194054422,0.5594037483009589899077481159
2022-01-28 00:00:00+00:00,14791.260816654422,0.505374,37716.56,33852.229610094422,0.5630639107964751388620507240
2022-01-29 00:00:00+00:00,14791.260816654422,0.505374,38166.84,34079.789414814422,0.5659814491041224558975710102
2022-01-30 00:00:00+00:00,14791.260816654422,0.505374,37881.76,33935.717394894422,0.5641388497984207901400110558
2022-01-31 00:00:00+00:00,13572.727561320047,0.537499,38466.9,34248.647844420047,0.6037003380987088958221428003
2022-02-01 00:00:00+00:00,13699.311223853897,0.534204,38694.59,34370.115980213897,0.6014179518119670454589276508
2022-02-02 00:00:00+00:00,13748.003025515477,0.532944,36896.36,33411.696709355477,0.5885272410704616186789412867
2022-02-03 00:00:00+00:00,13748.003025515477,0.532944,37311.61,33633.001705355477,0.5912347299252108087124534529
2022-02-04 00:00:00+00:00,13748.003025515477,0.532944,41574.25,35904.750117515477,0.6170979332673655161607133551
2022-02-05 00:00:00+00:00,14360.596051451927,0.518189,41382.59,35804.598980961927,0.5989175563986133781221350529
2022-02-06 00:00:00+00:00,14360.596051451927,0.518189,42380.87,36321.896695881927,0.6046297864979036075165309691
2022-02-07 00:00:00+00:00,14528.544726132119,0.514221,43839.99,37071.988223922119,0.6080991222165683693905499165
2022-02-08 00:00:00+00:00,14828.414479523156,0.507372,44042.99,37174.594401803156,0.6011142900646172796221347600
2022-02-09 00:00:00+00:00,14869.805064721256,0.506431,44372.72,37341.526027041256,0.6017890363143399284493793190
2022-02-10 00:00:00+00:00,14936.543493089618,0.504925,43495.44,36898.478535089618,0.5951989326908072054481016893
2022-02-11 00:00:00+00:00,14759.199813948434,0.508997,42373.73,36327.301262758434,0.5937160399779246769452846859
2022-02-12 00:00:00+00:00,14759.199813948434,0.508997,42217.87,36247.968990338434,0.5928268472674327135803448964
2022-02-13 00:00:00+00:00,14759.199813948434,0.508997,42053.66,36164.386592968434,0.5918857969287908244396267455
2022-02-14 00:00:00+00:00,14465.410067087569,0.515974,42535.94,36412.849172647569,0.6027388574153755869362977254
2022-02-15 00:00:00+00:00,14565.027175574479,0.513629,44544.86,37444.559072514479,0.6110242038805130058873125232
2022-02-16 00:00:00+00:00,14977.287664262044,0.504362,43873.56,37105.444132982044,0.5963587550499326674588405900
2022-02-17 00:00:00+00:00,14842.025360323432,0.507441,40515.7,35401.352684023432,0.5807497670273596111455020386
2022-02-18 00:00:00+00:00,14159.665201608572,0.524261,39974.44,35116.705090448572,0.5967826376324846716612022864
2022-02-19 00:00:00+00:00,14046.550547774162,0.527087,40079.17,35171.760025564162,0.6006298650518313791455657672
2022-02-20 00:00:00+00:00,14068.685515868849,0.526534,38386.89,34280.688255128849,0.5896031780002554158204967781
2022-02-21 00:00:00+00:00,14068.685515868849,0.526534,37008.16,33554.740033308849,0.5807243476807372190182020115
2022-02-22 00:00:00+00:00,14068.685515868849,0.526534,38230.33,34198.254092088849,0.5886139252025913698027176749
2022-02-23 00:00:00+00:00,14068.685515868849,0.526534,37250.01,33682.082281208849,0.5823095081114467170474766071
2022-02-24 00:00:00+00:00,14068.685515868849,0.526534,38327.21,34249.264706008849,0.5892266407284190860040764526
2022-02-25 00:00:00+00:00,14068.685515868849,0.526534,39219.17,34718.911972648849,0.5947832257257371953099141648
2022-02-26 00:00:00+00:00,14068.685515868849,0.526534,39116.72,34664.968564348849,0.5941526532830099248739326008
2022-02-27 00:00:00+00:00,14068.685515868849,0.526534,37699.07,33918.527639248849,0.5852212199332243628183048518
2022-02-28 00:00:00+00:00,13566.786927130865,0.539830,43160.0,36865.849727130865,0.6319958165199541520789185579
2022-03-01 00:00:00+00:00,14744.816295490865,0.512500,44421.2,37510.681295490865,0.6069168624441025566372980909
2022-03-02 00:00:00+00:00,15003.943221192905,0.506659,43892.98,37242.716575012905,0.5971308056711567643465550209
2022-03-03 00:00:00+00:00,14896.968797333947,0.509093,42454.0,36510.003019333947,0.5919756898008135849263729064
2022-03-04 00:00:00+00:00,14603.655384953947,0.515993,39148.66,34804.089904333947,0.5804040437461506394918978092
2022-03-05 00:00:00+00:00,14603.655384953947,0.515993,39397.96,34932.726959233947,0.5819491732782204733448413450
2022-03-06 00:00:00+00:00,14603.655384953947,0.515993,38420.81,34428.524399283947,0.5758268575327707785471314918
2022-03-07 00:00:00+00:00,14603.655384953947,0.515993,37988.0,34205.197468953947,0.5730574162535144232700211780
2022-03-08 00:00:00+00:00,23931.511442152876,0.270126,38730.63,34393.661601532876,0.3041883205280393008222846860
2022-03-09 00:00:00+00:00,24075.402084426196,0.266406,41941.71,35248.925278686196,0.3169890459331604755384238474
2022-03-10 00:00:00+00:00,24673.509067531606,0.252127,39422.0,34612.859661531606,0.2871577411168513512171037927
2022-03-11 00:00:00+00:00,24228.448076670031,0.263402,38729.57,34429.894273810031,0.2962961813362287262094269315
2022-03-12 00:00:00+00:00,24100.784585162259,0.266694,38807.36,34450.474653002259,0.3004222778375581688121005453
2022-03-13 00:00:00+00:00,24115.318422829134,0.266319,37777.34,34176.141834289134,0.2943814857815785919672289319
2022-03-14 00:00:00+00:00,23923.084350288624,0.271401,39671.37,34689.933839658624,0.3103738836498154069383730881
2022-03-15 00:00:00+00:00,24282.515150659392,0.262329,39280.33,34586.884839229392,0.2979270823743716201384949523
2022-03-16 00:00:00+00:00,24210.735355826467,0.264154,41114.0,35071.162911826467,0.3096683045071687091333951176
2022-03-17 00:00:00+00:00,24549.402869445643,0.255906,40917.9,35020.538986845643,0.2989998560939667676162455526
2022-03-18 00:00:00+00:00,24514.331622177651,0.256762,41757.51,35236.073404797651,0.3042831038364267870606735423
2022-03-19 00:00:00+00:00,24665.088781409406,0.253147,42201.13,35348.178237519406,0.3022246120953048741732253045
2022-03-20 00:00:00+00:00,24743.649425951190,0.251283,41262.11,35112.116213081190,0.2952959805728592676476195723
2022-03-21 00:00:00+00:00,24743.649425951190,0.251283,41002.25,35046.817812701190,0.2939829927445243303197466054
2022-03-22 00:00:00+00:00,24743.649425951190,0.251283,42364.13,35389.035104741190,0.3008102833909648271955736784
2022-03-23 00:00:00+00:00,24772.292657290377,0.250606,42882.76,35518.969609850377,0.3025616190617098866097672876
2022-03-24 00:00:00+00:00,24863.171577628641,0.248484,43991.46,35794.345524268641,0.3053882893103504641849916490
2022-03-25 00:00:00+00:00,25055.823356410911,0.244099,44313.16,35872.621399250911,0.3015335267097563003296292319
2022-03-26 00:00:00+00:00,25110.788753102775,0.242857,44511.27,35920.662251492775,0.3009374777866398623148171128
2022-03-27 00:00:00+00:00,25144.439980951968,0.242100,46827.76,36481.440676951968,0.3107607727554033861061650840
2022-03-28 00:00:00+00:00,25536.533535670176,0.233716,47122.21,36549.747968030176,0.3013212140886220660640277973
2022-03-29 00:00:00+00:00,25584.771010575351,0.232691,47434.8,36622.422057375351,0.3013905259872657461979441524
2022-03-30 00:00:00+00:00,25635.649746581553,0.231617,47067.99,36537.396386411553,0.2983722902566865999357743580
2022-03-31 00:00:00+00:00,25576.125594278772,0.232880,45510.34,36174.573573478772,0.2929805919528573262507424386
2022-04-01 00:00:00+00:00,25321.893278713327,0.238459,46283.49,36358.608020623327,0.3035516303498130474608016108
2022-04-02 00:00:00+00:00,25450.902568916560,0.235668,45811.0,36247.089316916560,0.2978497570827406192122685380
2022-04-03 00:00:00+00:00,25450.902568916560,0.235668,46407.35,36387.629928716560,0.3005616848699701197832181660
2022-04-04 00:00:00+00:00,25471.341609337072,0.235227,46580.51,36428.335235107072,0.3007821673720192075578153485
2022-04-05 00:00:00+00:00,25499.811815891272,0.234615,45497.55,36174.219509141272,0.2950832896492089728891537299
2022-04-06 00:00:00+00:00,25499.811815891272,0.234615,43170.47,35628.251634941272,0.2842811351741115337641940740
2022-04-07 00:00:00+00:00,25499.811815891272,0.234615,43444.19,35692.470452741272,0.2855688751033813082167195214
2022-04-08 00:00:00+00:00,25499.811815891272,0.234615,42252.01,35412.767142041272,0.2799260302474796899586386470
2022-04-09 00:00:00+00:00,25499.811815891272,0.234615,42753.97,35530.534487441272,0.2823127435669589760151564162
2022-04-10 00:00:00+00:00,25499.811815891272,0.234615,42158.85,35390.910408641272,0.2794813266610662221732751742
2022-04-11 00:00:00+00:00,25499.811815891272,0.234615,39530.45,34774.248342641272,0.2667041551945609008266762651
2022-04-12 00:00:00+00:00,25499.811815891272,0.234615,40074.94,34901.993863991272,0.2693881067293500117668673992
2022-04-13 00:00:00+00:00,25499.811815891272,0.234615,41147.79,35153.700566741272,0.2746194168810635114064178972
2022-04-14 00:00:00+00:00,25499.811815891272,0.234615,39942.38,34870.893299591272,0.2687364904359889205437395801
2022-04-15 00:00:00+00:00,25499.811815891272,0.234615,40551.9,35013.895834391272,0.2717230914120415373649342788
2022-04-16 00:00:00+00:00,25499.811815891272,0.234615,40378.71,34973.262862541272,0.2708769577458186288265403213
2022-04-17 00:00:00+00:00,25499.811815891272,0.234615,39678.12,34808.893939691272,0.2674340109722706221483418719
2022-04-18 00:00:00+00:00,25499.811815891272,0.234615,40801.13,35072.368930841272,0.2729372838722698023729476046
2022-04-19 00:00:00+00:00,25499.811815891272,0.234615,41493.18,35234.734241591272,0.2762876642960128986589556568
2022-04-20 00:00:00+00:00,25499.811815891272,0.234615,41358.19,35203.063562741272,0.2756365715033923366970096929
2022-04-21 00:00:00+00:00,25499.811815891272,0.234615,40480.01,34997.029362041272,0.2713721055550771958248680471
2022-04-22 00:00:00+00:00,24496.629124069522,0.259365,39709.18,34795.800594769522,0.2959889209230657431440688007
2022-04-23 00:00:00+00:00,24356.909630887764,0.262879,39441.6,34725.277997287764,0.2985827317843165095502984158
2022-04-24 00:00:00+00:00,24307.662004423793,0.264126,39450.13,34727.467040803793,0.3000450630083968795747013873
2022-04-25 00:00:00+00:00,24307.662004423793,0.264126,40426.08,34985.240810503793,0.3052023813102986378075623919
2022-04-26 00:00:00+00:00,24489.463992434081,0.259623,38112.65,34384.384523384081,0.2877736701734671791782795888
2022-04-27 00:00:00+00:00,24068.535076089121,0.270653,39235.72,34687.800401249121,0.3061383311228231174234249821
2022-04-28 00:00:00+00:00,24281.190516600949,0.265226,39742.07,34821.820774420949,0.3027018697874301439483611038
2022-04-29 00:00:00+00:00,24375.177372723445,0.262858,38596.11,34520.473655103445,0.2938921517631070385833286560
2022-04-30 00:00:00+00:00,24164.091364364779,0.268320,37630.8,34261.187620364779,0.2947094644786425000248413825
2022-05-01 00:00:00+00:00,23982.625832652139,0.273136,38468.35,34489.717078252139,0.3046441703699958464335153459
2022-05-02 00:00:00+00:00,24142.599805179919,0.268972,38525.16,34504.789140699919,0.3003116261127166588725547989
2022-05-03 00:00:00+00:00,24153.372826821679,0.268692,37728.95,34290.839860221679,0.2956319260398092976386907636
2022-05-04 00:00:00+00:00,24003.394176210729,0.272662,39690.0,34825.348956210729,0.3107493565565556223810030152
2022-05-05 00:00:00+00:00,24377.263593306729,0.263230,36552.97,33999.101886406729,0.2830027194614494407976246073
2022-05-06 00:00:00+00:00,23798.646464903180,0.279039,36013.77,33847.892831933180,0.2968942975838431204875942098
2022-05-07 00:00:00+00:00,23693.421669408062,0.281957,35472.39,33695.110336638062,0.2968290819441169092219402571
2022-05-08 00:00:00+00:00,23586.475423392742,0.284968,34038.4,33286.330194592742,0.2914065538163684508355922287
2022-05-09 00:00:00+00:00,23300.079000254221,0.293371,30076.31,32123.596141264221,0.2746740153938055125102449940
2022-05-10 00:00:00+00:00,23300.079000254221,0.293371,31017.1,32399.596644354221,0.2808528064094166084785919608
2022-05-11 00:00:00+00:00,23300.079000254221,0.293371,29103.94,31838.330981994221,0.2681752377839373572945775897
2022-05-12 00:00:00+00:00,23300.079000254221,0.293371,29029.75,31816.565787504221,0.2676746083826181752859305815
2022-05-13 00:00:00+00:00,23300.079000254221,0.293371,29287.05,31892.050145804221,0.2694079278776117228143264360
2022-05-14 00:00:00+00:00,23300.079000254221,0.293371,30086.74,32126.656000794221,0.2747430980778638542991060412
2022-05-15 00:00:00+00:00,23300.079000254221,0.293371,31328.89,32491.066788444221,0.2828773782047337536677410669
2022-05-16 00:00:00+00:00,22743.048701294572,0.311128,29874.01,32037.689684574572,0.2901158315343556396013577860
2022-05-17 00:00:00+00:00,22425.972531436772,0.321728,30444.93,32220.958970476772,0.3039942556649195860584321075
2022-05-18 00:00:00+00:00,22554.526357963520,0.317500,28715.32,31671.640457963520,0.2878636524085569444121233891
2022-05-19 00:00:00+00:00,22169.672004813855,0.330885,30319.23,32201.850423363855,0.3115404328215627789178154296
2022-05-20 00:00:00+00:00,22540.811574870453,0.318628,29201.01,31845.070989150453,0.2921726699070616333143722877
2022-05-21 00:00:00+00:00,22540.811574870453,0.318628,29445.06,31922.832152550453,0.2938968739629961007739238044
2022-05-22 00:00:00+00:00,22540.811574870453,0.318628,30293.94,32193.309089190453,0.2998293057597182196031859552
2022-05-23 00:00:00+00:00,22535.321245378724,0.318809,29109.15,31815.580247728724,0.2916891324970414935651330896
2022-05-24 00:00:00+00:00,22270.579208944518,0.327892,29654.58,31994.078754304518,0.3039155970087680628152173851
2022-05-25 00:00:00+00:00,22395.706931663868,0.323667,29542.15,31957.525995713868,0.2992039829782952461955511375
2022-05-26 00:00:00+00:00,22395.706931663868,0.323667,29201.35,31847.220282113868,0.2967767129038319071609537237
2022-05-27 00:00:00+00:00,22395.706931663868,0.323667,28629.8,31662.228408263868,0.2926680130379398745172397874
2022-05-28 00:00:00+00:00,22163.274662534544,0.331775,29031.33,31795.144173284544,0.3029352362189649378617180218
2022-05-29 00:00:00+00:00,22256.489052040809,0.328560,29468.1,31938.527988040809,0.3031460604454088064974124352
2022-05-30 00:00:00+00:00,22356.844640953509,0.325150,31734.22,32675.226273953509,0.3157860804540202772052695795
2022-05-31 00:00:00+00:00,22872.013957722264,0.308895,31801.04,32695.196208522264,0.3004472641225351966864791808
2022-06-01 00:00:00+00:00,22886.623423694364,0.308435,29805.83,32079.784599744364,0.2865717862745019199772329074
2022-06-02 00:00:00+00:00,22886.623423694364,0.308435,30452.62,32279.277273394364,0.2909809216032768020838347271
2022-06-03 00:00:00+00:00,22886.623423694364,0.308435,29700.21,32047.207695044364,0.2858465660571904220294796827
2022-06-04 00:00:00+00:00,22886.623423694364,0.308435,29864.04,32097.738601094364,0.2869708452634089754190394802
2022-06-05 00:00:00+00:00,22886.623423694364,0.308435,29919.21,32114.754960044364,0.2873486516659148771664018125
2022-06-06 00:00:00+00:00,22886.623423694364,0.308435,31373.1,32563.185522194364,0.2971626376020449305815036943
2022-06-07 00:00:00+00:00,22886.623423694364,0.308435,31125.33,32486.764582244364,0.2955093030038748647426253302
2022-06-08 00:00:00+00:00,22886.623423694364,0.308435,30204.77,32202.831658644364,0.2892977963460925817058235544
2022-06-09 00:00:00+00:00,22886.623423694364,0.308435,30109.93,32173.579683244364,0.2886516312757868738014035930
2022-06-10 00:00:00+00:00,22886.623423694364,0.308435,29091.88,31859.577431494364,0.2816407099903938136462569880
2022-06-11 00:00:00+00:00,22886.623423694364,0.308435,28424.7,31653.795768194364,0.2769706485978287517728427271
2022-06-12 00:00:00+00:00,22886.623423694364,0.308435,26574.53,31083.138584244364,0.2636965098725489138353064217
2022-06-13 00:00:00+00:00,22886.623423694364,0.308435,22487.41,29822.527727044364,0.2325726500057948004453922699
2022-06-14 00:00:00+00:00,20872.701322572414,0.397885,22136.41,29680.446815422414,0.2967524561750654227129520359
2022-06-15 00:00:00+00:00,20872.701322572414,0.397885,22583.72,29858.424754772414,0.3009443232856337840907402635
2022-06-16 00:00:00+00:00,20900.871719666250,0.396636,20401.31,28992.765712826250,0.2791004512405033451940217614
2022-06-17 00:00:00+00:00,20900.871719666250,0.396636,20468.81,29019.538642826250,0.2797655408338811771067578669
2022-06-18 00:00:00+00:00,20900.871719666250,0.396636,18970.79,28425.369982106250,0.2647106534471377595127071797
2022-06-19 00:00:00+00:00,20900.871719666250,0.396636,20574.0,29061.260783666250,0.2807995539060201308820179031
2022-06-20 00:00:00+00:00,20900.871719666250,0.396636,20573.89,29061.217153706250,0.2807984741616126926445172293
2022-06-21 00:00:00+00:00,20900.871719666250,0.396636,20723.52,29120.565798386250,0.2822642298789230221950945756
2022-06-22 00:00:00+00:00,20900.871719666250,0.396636,19987.99,28828.828121306250,0.2750009944310140051237187769
2022-06-23 00:00:00+00:00,20900.871719666250,0.396636,21110.13,29273.909242346250,0.2860238942931462213556656391
2022-06-24 00:00:00+00:00,20900.871719666250,0.396636,21237.69,29324.504130506250,0.2872557494357391125934158149
2022-06-25 00:00:00+00:00,20900.871719666250,0.396636,21491.19,29425.051356506250,0.2896912407581982474541024939
2022-06-26 00:00:00+00:00,20900.871719666250,0.396636,21038.07,29245.327652186250,0.2853261222360148789532030588
2022-06-27 00:00:00+00:00,20900.871719666250,0.396636,20742.56,29128.117747826250,0.2824503148259202698345602570
2022-06-28 00:00:00+00:00,20900.871719666250,0.396636,20281.29,28945.161460106250,0.2779148339361335021861814764
2022-06-29 00:00:00+00:00,20900.871719666250,0.396636,20123.01,28882.381914026250,0.2763452895996750143987452202
2022-06-30 00:00:00+00:00,20900.871719666250,0.396636,19942.21,28810.670125226250,0.2745440620152143859919696243
2022-07-01 00:00:00+00:00,20166.523591576802,0.433412,19279.8,28522.620269176802,0.2929638511027713253043318362
2022-07-02 00:00:00+00:00,19965.579264907142,0.443821,19252.81,28510.380651917142,0.2997084287064899774872975044
2022-07-03 00:00:00+00:00,19957.270512132096,0.444252,19315.83,28538.366621292096,0.3006863084714090908812259908
2022-07-04 00:00:00+00:00,19976.831301624990,0.443238,20236.71,28946.510168604990,0.3098708208600702933651088434
2022-07-05 00:00:00+00:00,20262.202181776230,0.429118,20175.83,28920.013999716230,0.2993709414533807795548171541
2022-07-06 00:00:00+00:00,20244.000117974838,0.430019,20564.51,29087.130143664838,0.3040220875009915399267038576
2022-07-07 00:00:00+00:00,20360.839526418231,0.424330,21624.98,29536.967289818231,0.3106658741692525815598677488
2022-07-08 00:00:00+00:00,20675.484434905128,0.409761,21594.75,29524.170789655128,0.2997099027028545906052502844
2022-07-09 00:00:00+00:00,20675.484434905128,0.409761,21591.83,29522.974287535128,0.2996815214639634667775853880
2022-07-10 00:00:00+00:00,20666.166120173483,0.410192,20862.47,29223.784414413483,0.2928305989699024449368540235
2022-07-11 00:00:00+00:00,20455.988755518017,0.420254,19963.61,28845.775712458017,0.2908497604838752434536178547
2022-07-12 00:00:00+00:00,20191.706747153864,0.433475,19328.75,28570.236653403864,0.2932607807171166776423993099
2022-07-13 00:00:00+00:00,19999.691153366984,0.443395,20234.87,28971.731337016984,0.3096825688213698607946309720
2022-07-14 00:00:00+00:00,20279.862693938000,0.429531,20588.84,29123.407727978000,0.3036576322606734913308540147
2022-07-15 00:00:00+00:00,20386.250867442392,0.424357,20830.04,29225.624151722392,0.3024528488558920180581807159
2022-07-16 00:00:00+00:00,20457.854659025408,0.420915,21195.6,29379.400633025408,0.3036667114294797069148908862
2022-07-17 00:00:00+00:00,20565.451835420168,0.415832,20798.16,29213.992304540168,0.2960410333159403199353904762
2022-07-18 00:00:00+00:00,20450.072363645008,0.421372,22432.58,29902.533463405008,0.3161090384307405836532427666
2022-07-19 00:00:00+00:00,20931.163354175212,0.399898,23396.62,30287.424898935212,0.3089157158781408896627079670
2022-07-20 00:00:00+00:00,21201.368254803700,0.388335,23223.3,30219.788460303700,0.2984276417866548998731605584
2022-07-21 00:00:00+00:00,21153.791613670360,0.390381,23152.19,30191.966698060360,0.2993569506345091694781419908
2022-07-22 00:00:00+00:00,21134.364856454574,0.391219,22684.83,30009.101364224574,0.2957348305787669985677483808
2022-07-23 00:00:00+00:00,21006.210661440456,0.396861,22451.07,29916.164752710456,0.2978307602234588853495254442
2022-07-24 00:00:00+00:00,20940.553115267622,0.399782,22579.68,29967.502745027622,0.3012246201014464801893040703
2022-07-25 00:00:00+00:00,20976.494276158836,0.398188,21310.9,29462.238925358836,0.2880210384111752526173870039
2022-07-26 00:00:00+00:00,20623.126991103636,0.414748,21254.67,29438.458864263636,0.2994495029038777717875725167
2022-07-27 00:00:00+00:00,20606.909877687534,0.415510,22952.45,30143.882377187534,0.3163816916535424973615516096
2022-07-28 00:00:00+00:00,21100.634175090723,0.393973,23842.93,30494.104835980723,0.3080421842652819733090158069
2022-07-29 00:00:00+00:00,21346.206733207323,0.383661,23773.75,30467.267431957323,0.2993724566576278417830371833
2022-07-30 00:00:00+00:00,21346.206733207323,0.383661,23643.51,30417.299423317323,0.2982215009908563064560354578
2022-07-31 00:00:00+00:00,21346.206733207323,0.383661,23293.32,30282.945177727323,0.2951079689267754733457070341
2022-08-01 00:00:00+00:00,21346.206733207323,0.383661,23268.01,30273.234717817323,0.2948818673597504439262372297
2022-08-02 00:00:00+00:00,21346.206733207323,0.383661,22987.79,30165.725232397323,0.2923688534336324133911738890
2022-08-03 00:00:00+00:00,21346.206733207323,0.383661,22818.37,30100.725385777323,0.2908407867375360518120224120
2022-08-04 00:00:00+00:00,21346.206733207323,0.383661,22622.98,30025.761862987323,0.2890702713685098723328317566
2022-08-05 00:00:00+00:00,21017.460882130094,0.398174,23312.42,30299.860403210094,0.3063512305850948327407531748
2022-08-06 00:00:00+00:00,21209.990095994162,0.389905,22954.21,30159.951346044162,0.2967498570326405503616399809
2022-08-07 00:00:00+00:00,21111.848200474452,0.394175,23174.39,30246.613378724452,0.3020095196732146559014247435
2022-08-08 00:00:00+00:00,21172.555603091991,0.391552,23810.0,30495.408723091991,0.3057133355599353028729860579
2022-08-09 00:00:00+00:00,21346.839411637845,0.384223,23149.95,30241.582650487845,0.2941229413040164944442661989
2022-08-10 00:00:00+00:00,21169.246578176569,0.391884,23954.05,30556.455508376569,0.3072086985883112371745737436
2022-08-11 00:00:00+00:00,21389.241656099629,0.382688,23934.39,30548.645496419629,0.2998301132989187046797921977
2022-08-12 00:00:00+00:00,21389.241656099629,0.382688,24403.68,30728.237147939629,0.3039222668999152990777684552
2022-08-13 00:00:00+00:00,21509.093206870849,0.377770,24441.38,30742.313329470849,0.3003423985581675313872501249
2022-08-14 00:00:00+00:00,21520.053873396727,0.377321,24305.24,30690.931335436727,0.2988139187373246225964228931
2022-08-15 00:00:00+00:00,21520.053873396727,0.377321,24094.82,30611.535450616727,0.2969952811379422325334432155
2022-08-16 00:00:00+00:00,21520.053873396727,0.377321,23854.74,30520.948224936727,0.2949087389161107808483705482
2022-08-17 00:00:00+00:00,21364.835088255217,0.383819,23342.66,30324.191506795217,0.2954524415443141013842552262
2022-08-18 00:00:00+00:00,21226.770745014811,0.389726,23191.2,30264.984356214811,0.2986359915082537868544643002
2022-08-19 00:00:00+00:00,21185.505963796166,0.391503,20834.39,29342.232151966166,0.2779858787131650997040472611
2022-08-20 00:00:00+00:00,20538.737663455045,0.422506,21140.07,29470.544078875045,0.3030757216940036401424414376
2022-08-21 00:00:00+00:00,20629.268440408837,0.418218,21515.61,29627.483823388837,0.3037117642732973176220056050
2022-08-22 00:00:00+00:00,20739.419661623377,0.413092,21399.83,29579.518235983377,0.2988587746370409793381055232
2022-08-23 00:00:00+00:00,20705.905376618477,0.414656,21529.12,29633.084159338477,0.3012571602307118254547319174
2022-08-24 00:00:00+00:00,20743.123819072244,0.412925,21368.08,29566.538253072244,0.2984256850929500845276431596
2022-08-25 00:00:00+00:00,20696.523704675474,0.415103,21559.04,29645.745885795474,0.3018720532650841289602118732
2022-08-26 00:00:00+00:00,20751.966063789074,0.412528,20241.05,29101.965938189074,0.2869221925465422649195616369
2022-08-27 00:00:00+00:00,20370.347358230132,0.431359,20037.6,29013.746456630132,0.2979070321483710716417340240
2022-08-28 00:00:00+00:00,20309.554502123732,0.434389,19555.61,28804.296374413732,0.2949123200883221594081914266
2022-08-29 00:00:00+00:00,20162.833827152283,0.441882,20285.73,29126.732771012283,0.3077550446296920792656800762
2022-08-30 00:00:00+00:00,20388.883869974763,0.430725,19811.66,28922.261123474763,0.2950453015090815798219444041
2022-08-31 00:00:00+00:00,20245.826377357634,0.437936,20050.02,29026.451936077634,0.3025042667308008727531658661
2022-09-01 00:00:00+00:00,20317.946979412490,0.434334,20131.46,29061.724527052490,0.3008691910041587249597630084
2022-09-02 00:00:00+00:00,20343.542512626554,0.433061,19951.86,28983.914956086554,0.2981092256360468688260492010
2022-09-03 00:00:00+00:00,20288.406223710314,0.435821,19831.9,28931.564713610314,0.2987449374224128152934158776
2022-09-04 00:00:00+00:00,20252.224524669244,0.437643,20000.3,29005.215817569244,0.3017730103424390432799043299
2022-09-05 00:00:00+00:00,20303.598423266164,0.435071,19796.84,28916.629398906164,0.2978573628628310015400490491
2022-09-06 00:00:00+00:00,20241.122398200980,0.438223,18790.61,28475.599884230980,0.2891766115378672591502755159
2022-09-07 00:00:00+00:00,19932.536963357987,0.454624,19292.84,28703.525055517987,0.3055718095667785837769093153
2022-09-08 00:00:00+00:00,20092.266770813537,0.446334,19319.77,28715.336993993537,0.3002949338530733736217663980
2022-09-09 00:00:00+00:00,20100.969006720935,0.445883,21360.11,29625.078933850935,0.3214880861042138083221056045
2022-09-10 00:00:00+00:00,20737.208412109697,0.416060,21648.34,29744.216752509697,0.3028154486414581744530515615
2022-09-11 00:00:00+00:00,20820.528302598155,0.412206,21826.87,29817.695077818155,0.3017391770805628653848767134
2022-09-12 00:00:00+00:00,20872.321526882099,0.409830,22395.74,30050.767651082099,0.3054313364227649956984796833
2022-09-13 00:00:00+00:00,21035.260211267579,0.402545,20173.57,29156.029946917579,0.2785279666139367665650959994
2022-09-14 00:00:00+00:00,20408.438799164693,0.433576,20226.71,29178.254814124693,0.3005599913643458344841091710
2022-09-15 00:00:00+00:00,20424.902512028078,0.432761,19701.88,28951.107802708078,0.2945035937409780670592895101
2022-09-16 00:00:00+00:00,20265.583283050334,0.440837,19803.3,28995.610645150334,0.3010809970149789645650951302
2022-09-17 00:00:00+00:00,20296.891153739264,0.439254,20113.62,29131.879193219264,0.3032755964996735176324227724
2022-09-18 00:00:00+00:00,20391.900126600374,0.434524,19416.18,28828.696324920374,0.2926527132282074418411464274
2022-09-19 00:00:00+00:00,20180.208088646094,0.445412,19537.02,28882.231240886094,0.3012933135138566878483053331
2022-09-20 00:00:00+00:00,20217.514309669182,0.443500,18875.0,28588.576809669182,0.2928114454850635601392316303
2022-09-21 00:00:00+00:00,20011.535780543085,0.454399,18461.36,28400.359303183085,0.2953773729792139888431080039
2022-09-22 00:00:00+00:00,19880.086387232837,0.461510,19401.63,28834.132648532837,0.3105363483772281057496688432
2022-09-23 00:00:00+00:00,20183.501558241416,0.445851,19289.91,28783.927221651416,0.2987926420596532153898496317
2022-09-24 00:00:00+00:00,20183.501558241416,0.445851,18920.5,28619.225403741416,0.2947572384120917036451023411
2022-09-25 00:00:00+00:00,20033.728775461181,0.453756,18807.38,28567.690294741181,0.2987277386177403046010340728
2022-09-26 00:00:00+00:00,19997.907302746343,0.455658,19227.82,28759.217308306343,0.3046435482452968633307526111
2022-09-27 00:00:00+00:00,20130.917376930275,0.448731,19079.13,28692.314460960275,0.2983864231544974841149609695
2022-09-28 00:00:00+00:00,20084.248988492485,0.451174,19412.82,28842.808639172485,0.3036652830953735987044522473
2022-09-29 00:00:00+00:00,20189.833767329449,0.445728,19591.51,28922.318336609449,0.3019289279527273686940217716
2022-09-30 00:00:00+00:00,20245.261617149683,0.442895,19422.61,28847.438473099683,0.2981955179130221201386554116
2022-10-01 00:00:00+00:00,20245.261617149683,0.442895,19310.95,28797.984817399683,0.2969903364586282541393842865
2022-10-02 00:00:00+00:00,20158.881692960779,0.447362,19056.8,28684.169854560779,0.2972123022847210052062284947
2022-10-03 00:00:00+00:00,20079.116780001619,0.451542,19629.08,28942.470821361619,0.3062404069115691776097461774
2022-10-04 00:00:00+00:00,20259.508759329211,0.442340,20337.82,29255.740058129211,0.3075031183940343449769240641
2022-10-05 00:00:00+00:00,20478.749804051407,0.431546,20158.26,29177.966274011407,0.2981433451620761537816882116
2022-10-06 00:00:00+00:00,20424.514144613401,0.434233,19960.67,29092.095760723401,0.2979359647169837593435643645
2022-10-07 00:00:00+00:00,20364.394395049433,0.437241,19530.09,28903.750476739433,0.2954411085357980688233246021
2022-10-08 00:00:00+00:00,20232.473132926151,0.443987,19417.96,28853.794939446151,0.2987933415556978514184755518
2022-10-09 00:00:00+00:00,20232.473132926151,0.443987,19439.02,28863.145305666151,0.2990205011040742218987702890
2022-10-10 00:00:00+00:00,20204.462664152979,0.445426,19131.87,28726.294990772979,0.2966561587339144364568128928
2022-10-11 00:00:00+00:00,20108.295822169359,0.450446,19060.0,28693.796582169359,0.2992110415020898511652468076
2022-10-12 00:00:00+00:00,20085.642190683359,0.451633,19155.53,28736.911671173359,0.3010507732871059545455538036
2022-10-13 00:00:00+00:00,20115.676602124259,0.450063,19375.13,28835.705735314259,0.3024038743227578182545635015
2022-10-14 00:00:00+00:00,20185.047756533669,0.446478,19176.93,28747.125109073669,0.2978411691622508650942882756
2022-10-15 00:00:00+00:00,20122.910537544545,0.449714,19069.39,28698.682192004545,0.2988210955849816206125457295
2022-10-16 00:00:00+00:00,20088.733729377745,0.451504,19262.98,28786.046251297745,0.3021364047703461183520924544
2022-10-17 00:00:00+00:00,20150.160465814063,0.448311,19549.86,28914.577752274063,0.3031141371507906372912003389
2022-10-18 00:00:00+00:00,20239.673727899023,0.443726,19327.44,28815.761369339023,0.2976179435801844515168470656
2022-10-19 00:00:00+00:00,20170.952767197751,0.447277,19123.97,28724.664696887751,0.2977828294934552991773713119
2022-10-20 00:00:00+00:00,20106.997744612051,0.450617,19041.92,28687.610609252051,0.2991051775456218595976010539
2022-10-21 00:00:00+00:00,20081.295867391443,0.451965,19164.37,28742.920354441443,0.3013481017321741833027884064
2022-10-22 00:00:00+00:00,20119.995848068461,0.449943,19204.35,28760.858700118461,0.3004382776656946540052173110
2022-10-23 00:00:00+00:00,20132.577484889949,0.449287,19570.4,28925.303789689949,0.3039804307235678452498034398
2022-10-24 00:00:00+00:00,20247.580020586269,0.443403,19329.72,28818.435857746269,0.2974087795558200494978951948
2022-10-25 00:00:00+00:00,20173.099172392829,0.447251,20080.07,29153.930559962829,0.3080487335695105147247600591
2022-10-26 00:00:00+00:00,20407.136769897683,0.435580,20771.59,29454.825942097683,0.3071717072776445383931781188
2022-10-27 00:00:00+00:00,20618.130166748780,0.425409,20295.11,29251.852616738780,0.2951513041963546354101395600
2022-10-28 00:00:00+00:00,20476.123569171496,0.432397,20591.84,29379.973409651496,0.3030584717124023118585136614
2022-10-29 00:00:00+00:00,20565.869537304808,0.428033,20809.67,29473.095016414808,0.3022154773412561851687082487
2022-10-30 00:00:00+00:00,20631.085422136216,0.424895,20627.48,29395.598536736216,0.2981573279974832965793027198
2022-10-31 00:00:00+00:00,20576.867895860716,0.427520,20490.74,29337.069060660716,0.2986051928598046110129871759
2022-11-01 00:00:00+00:00,20535.915209448564,0.429516,20483.62,29333.957737368564,0.2999268836033046797074149481
2022-11-02 00:00:00+00:00,20535.915209448564,0.429516,20151.84,29191.452918888564,0.2965093150207458439533333676
2022-11-03 00:00:00+00:00,20433.895052394612,0.434572,20207.82,29215.647805434612,0.3005838792801453213937488278
2022-11-04 00:00:00+00:00,20450.725881915108,0.433738,21148.52,29623.642649675108,0.3096485086671338956108384755
2022-11-05 00:00:00+00:00,20736.197681819892,0.420222,21299.37,29686.661541959892,0.3014978241150216187798246461
2022-11-06 00:00:00+00:00,20780.612951369964,0.418134,20905.58,29521.946739089964,0.2960961167288339239678284546
2022-11-07 00:00:00+00:00,20665.231593385916,0.423646,20591.13,29388.581453365916,0.2968278640404027511569662282
2022-11-08 00:00:00+00:00,20571.752130078802,0.428180,18547.23,28513.305071478802,0.2785209543927529919141039124
2022-11-09 00:00:00+00:00,19957.974810360120,0.461233,15922.81,27302.100235090120,0.2689948890924858982957647606
2022-11-10 00:00:00+00:00,19110.329096713776,0.514399,17601.15,28164.343055563776,0.3214708023186576143255259921
2022-11-11 00:00:00+00:00,19714.732183380291,0.480018,17070.31,27908.788248960291,0.2936012840287059004582974606
2022-11-12 00:00:00+00:00,19535.811337624459,0.490486,16812.08,27781.901208504459,0.2968151750664114921361062643
2022-11-13 00:00:00+00:00,19447.595847978539,0.495726,16329.85,27542.727069078539,0.2939117539376912621272683195
2022-11-14 00:00:00+00:00,19280.369954281575,0.505952,16619.46,27689.018980201575,0.3036817242218808777904913106
2022-11-15 00:00:00+00:00,19381.573075528047,0.499854,16900.57,27829.390592308047,0.3035574023354628998439682276
2022-11-16 00:00:00+00:00,19480.447909987269,0.493996,16662.76,27711.784698947269,0.2970338027082281962214738114
2022-11-17 00:00:00+00:00,19397.748940136268,0.498953,16692.56,27726.551829816268,0.3003908650740863298478825677
2022-11-18 00:00:00+00:00,19408.584998923068,0.498303,16700.45,27730.469335273068,0.3000989357855761146930081089
2022-11-19 00:00:00+00:00,19408.584998923068,0.498303,16700.68,27730.583944963068,0.3001018284561437265733908547
2022-11-20 00:00:00+00:00,19408.584998923068,0.498303,16280.23,27521.072448613068,0.2947736671540512961272082503
2022-11-21 00:00:00+00:00,19264.324128275568,0.507153,15781.29,27267.852695645568,0.2935151754229658088312680321
2022-11-22 00:00:00+00:00,19087.280697470460,0.518357,16226.94,27498.628635050460,0.3058824514200929777202812175
2022-11-23 00:00:00+00:00,19249.203472217592,0.508366,16603.11,27689.660090477592,0.3048234102795163195460441364
2022-11-24 00:00:00+00:00,19382.601848541657,0.500321,16598.95,27687.405111491657,0.2999487756078337421784899634
2022-11-25 00:00:00+00:00,19382.601848541657,0.500321,16522.14,27648.975455481657,0.2989757656752925867007369586
2022-11-26 00:00:00+00:00,19382.601848541657,0.500321,16458.57,27617.170049511657,0.2981684287784442441456796475
2022-11-27 00:00:00+00:00,19382.601848541657,0.500321,16428.78,27602.265486921657,0.2977894565311891755514953016
2022-11-28 00:00:00+00:00,19382.601848541657,0.500321,16212.91,27494.261192651657,0.2950309989154387234694370233
2022-11-29 00:00:00+00:00,19382.601848541657,0.500321,16442.53,27609.144900671657,0.2979644274288940439646282313
2022-11-30 00:00:00+00:00,19382.601848541657,0.500321,17163.64,27969.931376981657,0.3070200427987854361708274749
2022-12-01 00:00:00+00:00,19579.371668142315,0.488843,16977.37,27878.640151052315,0.2976927295572102527854467210
2022-12-02 00:00:00+00:00,19515.196398607315,0.492618,17092.74,27935.387791927315,0.3014166639116154235564017893
2022-12-03 00:00:00+00:00,19554.525471779539,0.490314,16885.2,27833.575424579539,0.2974483093353812417576411217
2022-12-04 00:00:00+00:00,19483.413995682979,0.494520,17105.7,27942.524759682979,0.3027325138566316354684100929
2022-12-05 00:00:00+00:00,19560.003411787444,0.490037,16966.35,27874.142666737444,0.2982742592069518339026710574
2022-12-06 00:00:00+00:00,19511.841280054519,0.492872,17088.96,27934.511173174519,0.3015148480997326643366240356
2022-12-07 00:00:00+00:00,19554.115605814423,0.490395,16836.64,27810.719678614423,0.2968856674050427864506840755
2022-12-08 00:00:00+00:00,19467.395339675415,0.495539,17224.1,28002.608629575415,0.3048006492111379333177971498
2022-12-09 00:00:00+00:00,19601.654675844765,0.487734,17128.56,27955.835758884765,0.2988349607965099594469750807
2022-12-10 00:00:00+00:00,19601.654675844765,0.487734,17127.49,27955.313883504765,0.2988218713075919705683750823
2022-12-11 00:00:00+00:00,19601.654675844765,0.487734,17085.05,27934.614452544765,0.2983023012848810141451864486
2022-12-12 00:00:00+00:00,19554.182027776890,0.490509,17209.83,27995.758531246890,0.3015305512814774435373242445
2022-12-13 00:00:00+00:00,19596.667200119442,0.488037,17774.7,28271.378464019442,0.3068372231987263905741533057
2022-12-14 00:00:00+00:00,19790.100743904306,0.477141,17803.15,28284.713538054306,0.3003252192291547237321906061
2022-12-15 00:00:00+00:00,19799.577944835777,0.476608,17356.34,28071.748439555777,0.2946795605742790504443900596
2022-12-16 00:00:00+00:00,19650.253074215361,0.485200,16632.12,27720.157698215361,0.2911204442577736452963883716
2022-12-17 00:00:00+00:00,19403.587046703961,0.500012,16776.52,27792.048364943961,0.3018295452026108413072203974
2022-12-18 00:00:00+00:00,19454.725532216257,0.496960,16738.21,27772.946373816257,0.2995080438941919985759322419
2022-12-19 00:00:00+00:00,19441.333684416957,0.497759,16438.88,27623.934154336957,0.2962141606696282948670702243
2022-12-20 00:00:00+00:00,19336.630030706573,0.504120,16895.56,27854.019737906573,0.3057867333815619032049541798
2022-12-21 00:00:00+00:00,19497.812245874333,0.494568,16824.67,27818.755638434333,0.2991127101696742500159228321
2022-12-22 00:00:00+00:00,19473.115200519189,0.496034,16821.43,27817.116409139189,0.2999592440098721295459892005
2022-12-23 00:00:00+00:00,19473.115200519189,0.496034,16778.5,27795.821669519189,0.2994229337039765890891594099
2022-12-24 00:00:00+00:00,19457.070883386609,0.496989,16836.12,27824.437326066609,0.3007200592998604070880428915
2022-12-25 00:00:00+00:00,19476.944846463891,0.495807,16832.11,27822.422809233891,0.2999551124641901131131156231
2022-12-26 00:00:00+00:00,19476.944846463891,0.495807,16919.39,27865.696844193891,0.3010422471985617722256888147
2022-12-27 00:00:00+00:00,19505.957673323472,0.494090,16706.36,27760.403085723472,0.2973460214864484010839122944
2022-12-28 00:00:00+00:00,19432.087806214224,0.498506,16547.31,27681.021125074224,0.2979996034679476181149077843
2022-12-29 00:00:00+00:00,19376.648495961688,0.501852,16633.47,27724.188682401688,0.3010923162465243400290737543
2022-12-30 00:00:00+00:00,19406.898668418157,0.500031,16607.48,27711.153500298157,0.2996719292753602161159782260
2022-12-31 00:00:00+00:00,19397.802567279129,0.500578,16542.4,27678.564074479129,0.2991759791048998661399073427
2023-01-01 00:00:00+00:00,19374.746489452137,0.501970,16616.75,27715.856486952137,0.3009508294079515526374342056
2023-01-02 00:00:00+00:00,19401.216419900142,0.500375,16672.87,27743.903746150142,0.3007034411084873212328325923
2023-01-03 00:00:00+00:00,19420.681562096376,0.499206,16675.18,27745.031469176376,0.3000302924986054142554148412
2023-01-04 00:00:00+00:00,19420.681562096376,0.499206,16850.36,27832.482376256376,0.3022296286922659354786396660
2023-01-05 00:00:00+00:00,19482.660760137732,0.495523,16831.85,27823.229567687732,0.2997699741239330369557669719
2023-01-06 00:00:00+00:00,19476.256342203832,0.495903,16950.65,27882.134529153832,0.3014790054240908896102974272
2023-01-07 00:00:00+00:00,19517.324336376154,0.493477,16943.57,27878.586429266154,0.2999170031129190538756596202
2023-01-08 00:00:00+00:00,19517.324336376154,0.493477,17127.83,27969.514501286154,0.3021929524204409527906764412
2023-01-09 00:00:00+00:00,19578.596465982976,0.489895,17178.26,27994.140148682976,0.3006180449909593376128815741
2023-01-10 00:00:00+00:00,19596.147777497680,0.488872,17440.66,28122.398113017680,0.3031836154674608888564714450
2023-01-11 00:00:00+00:00,19685.571620938192,0.483738,17943.26,28365.408326818192,0.3060007670565987473174803526
2023-01-12 00:00:00+00:00,19855.578032538286,0.474251,18846.62,28793.606414158286,0.3104171201432074043255696033
2023-01-13 00:00:00+00:00,20155.150884813190,0.458335,19930.01,29289.772018163190,0.3118706805804235544472130647
2023-01-14 00:00:00+00:00,20502.397830632392,0.440889,20954.92,29741.191554512392,0.3106396630728896290460560724
2023-01-15 00:00:00+00:00,20817.766363832644,0.425818,20871.5,29705.226750832644,0.2991884378310925548605875486
2023-01-16 00:00:00+00:00,20817.766363832644,0.425818,21185.65,29838.997475532644,0.3023302347572910746539059940
2023-01-17 00:00:00+00:00,20887.228434547009,0.422535,21134.81,29817.425377897009,0.2994959098638259827844478123
2023-01-18 00:00:00+00:00,11914.896882963653,0.846563,20677.47,29419.677918573653,0.5950024702533752275843572864
2023-01-19 00:00:00+00:00,11914.896882963653,0.846563,21071.59,29753.325328133653,0.5995440256992933970561266045
2023-01-20 00:00:00+00:00,11914.896882963653,0.846563,22667.21,31104.118182193653,0.6169350690744018557776625303
2023-01-21 00:00:00+00:00,12440.562480156053,0.823341,22783.55,31199.193320706053,0.6012537134445847592786835104
2023-01-22 00:00:00+00:00,12479.562376195583,0.821627,22707.88,31136.969696955583,0.5992043381981461051967489749
2023-01-23 00:00:00+00:00,12454.144044906115,0.822745,22916.45,31308.538700156115,0.6022125413076524580533602431
2023-01-24 00:00:00+00:00,12523.792280171536,0.819702,22632.89,31076.017478951536,0.5969949402733418626928494411
2023-01-25 00:00:00+00:00,12523.792280171536,0.819702,23060.94,31426.890920051536,0.6014943917923205552980164469
2023-01-26 00:00:00+00:00,12570.544076323156,0.817672,23009.65,31384.890611123156,0.5994714707761952597982590718
2023-01-27 00:00:00+00:00,12553.955591290756,0.818392,23074.16,31437.663542010756,0.6006714820102752525838294844
2023-01-28 00:00:00+00:00,12575.041000977436,0.817477,23022.6,31395.486981177436,0.5994634194234170846834167973
2023-01-29 00:00:00+00:00,12557.798607768076,0.818225,23742.3,31984.342025268076,0.6073766783181833139361938989
2023-01-30 00:00:00+00:00,12793.785443784364,0.808273,22826.15,31243.546182734364,0.5905142979302907978115478546
2023-01-31 00:00:00+00:00,12497.443718008154,0.821238,23125.13,31488.679228948154,0.6031131179830809982403327310
2023-02-01 00:00:00+00:00,12595.366803491594,0.816998,23732.66,31984.902558171594,0.6062089987429493100996209812
2023-02-02 00:00:00+00:00,12793.313873654378,0.808646,23488.94,31787.551248894378,0.5975369800119677362978625726
2023-02-03 00:00:00+00:00,12793.313873654378,0.808646,23431.9,31741.426081054378,0.5969521394222936185462087121
2023-02-04 00:00:00+00:00,12696.461245506218,0.812774,23326.84,31655.910299666218,0.5989228827944938192999906162
2023-02-05 00:00:00+00:00,12662.592165867118,0.814224,22932.91,31335.117877707118,0.5958977331667955156969381867
2023-02-06 00:00:00+00:00,1552.331337263181,1.298063,22762.52,31099.516336023181,0.9500850328188195935824481480
2023-02-07 00:00:00+00:00,1552.331337263181,1.298063,23240.46,31719.912566243181,0.9510612983556834928510428900
2023-02-08 00:00:00+00:00,1552.331337263181,1.298063,22963.0,31359.752006263181,0.9504992470299781444536785385
2023-02-09 00:00:00+00:00,1552.331337263181,1.298063,21796.35,29845.366807313181,0.9479875269322270694894675815
2023-02-10 00:00:00+00:00,1552.331337263181,1.298063,21625.19,29623.190344233181,0.9475974289323844842903095534
2023-02-11 00:00:00+00:00,1552.331337263181,1.298063,21862.55,29931.298577913181,0.9481368530261940275461068617
2023-02-12 00:00:00+00:00,1552.331337263181,1.298063,21783.54,29828.738620283181,0.9479585323059013131968328120
2023-02-13 00:00:00+00:00,1552.331337263181,1.298063,21773.97,29816.316157373181,0.9479368501101934427794049870
2023-02-14 00:00:00+00:00,1552.331337263181,1.298063,22199.84,30369.122247183181,0.9488845504118195589405443273
2023-02-15 00:00:00+00:00,1552.331337263181,1.298063,24324.05,33126.480652413181,0.9531392618023219572847866318
2023-02-16 00:00:00+00:00,1552.331337263181,1.298063,23517.72,32079.813513623181,0.9516103378654629686605766685
2023-02-17 00:00:00+00:00,1552.331337263181,1.298063,24569.97,33445.700305373181,0.9535865201478889957070280169
2023-02-18 00:00:00+00:00,1552.331337263181,1.298063,24631.95,33526.154250113181,0.9536979002816005810731550925
2023-02-19 00:00:00+00:00,1552.331337263181,1.298063,24271.76,33058.604938143181,0.9530430476371344555191788551
2023-02-20 00:00:00+00:00,1552.331337263181,1.298063,24842.2,33799.071995863181,0.9540717763655411086976802619
2023-02-21 00:00:00+00:00,1552.331337263181,1.298063,24452.16,33292.775503343181,0.9533733275825171261350485126
2023-02-22 00:00:00+00:00,1552.331337263181,1.298063,24182.21,32942.363396493181,0.9528773537411577582429684784
2023-02-23 00:00:00+00:00,1552.331337263181,1.298063,23940.2,32628.219169863181,0.9524236572893631709770899329
2023-02-24 00:00:00+00:00,1552.331337263181,1.298063,23185.29,31648.298430533181,0.9509505592956130131462554512
2023-02-25 00:00:00+00:00,1552.331337263181,1.298063,23157.07,31611.667092673181,0.9508937212101991983695029637
2023-02-26 00:00:00+00:00,1552.331337263181,1.298063,23554.85,32128.010592813181,0.9516829299847645394884853376
2023-02-27 00:00:00+00:00,1552.331337263181,1.298063,23492.09,32046.544158933181,0.9515601017830667204218162866
2023-02-28 00:00:00+00:00,1552.331337263181,1.298063,23141.57,31591.547116173181,0.9508624464780178349356054498
2023-03-01 00:00:00+00:00,1552.331337263181,1.298063,23628.97,32224.223022373181,0.9518271911106932810314423466
2023-03-02 00:00:00+00:00,1552.331337263181,1.298063,23465.32,32011.795012423181,0.9515075197544920507965538855
2023-03-03 00:00:00+00:00,1552.331337263181,1.298063,22354.34,30569.672980683181,0.9492198906333053944856837584
2023-03-04 00:00:00+00:00,1552.331337263181,1.298063,22346.57,30559.587031173181,0.9492031310606494449574744866
2023-03-05 00:00:00+00:00,12209.973484830795,0.820517,22430.24,30614.366718910795,0.6011685102965538575497131154
2023-03-06 00:00:00+00:00,12245.703208528155,0.818922,22410.0,30597.745228528155,0.5997841305930368148794703939
2023-03-07 00:00:00+00:00,12238.904330231556,0.819225,22197.96,30424.028111231556,0.5977224223733427047636124325
2023-03-08 00:00:00+00:00,12169.732605017220,0.822337,21705.44,30018.919018297220,0.5945979068200460945104024631
2023-03-09 00:00:00+00:00,12007.020736023573,0.829824,20362.22,28904.079585303573,0.5845907945074783123815904511
2023-03-10 00:00:00+00:00,11561.059119288444,0.851697,20150.69,28723.341340218444,0.5975029860784114142936647459
2023-03-11 00:00:00+00:00,11489.249582381021,0.855256,20455.73,28984.135399261021,0.6036021284018031911776204344
2023-03-12 00:00:00+00:00,11593.519900441325,0.850152,21997.11,30294.406961161325,0.6173049396443147385832690414
2023-03-13 00:00:00+00:00,12117.403465590935,0.826306,24113.48,32042.516670470935,0.6218335909689067752566470893
2023-03-14 00:00:00+00:00,12815.702101163837,0.797308,24670.41,32485.617357443837,0.6054961197088897428866174003
2023-03-15 00:00:00+00:00,12994.034394987983,0.790070,24285.66,32181.405791187983,0.5962253955187361119302882175
2023-03-16 00:00:00+00:00,12872.423920966625,0.795071,24998.78,32748.228934346625,0.6069276312079913502974453708
2023-03-17 00:00:00+00:00,13099.017892641161,0.785995,27395.13,34631.453096991161,0.6217595070020545644759143778
2023-03-18 00:00:00+00:00,13851.623467874309,0.758487,26907.49,34260.604835504309,0.5956982214884935794689206423
2023-03-19 00:00:00+00:00,1697.255692709658,1.209610,27972.87,35533.518973409658,0.9522350799542329719828874554
2023-03-20 00:00:00+00:00,1697.255692709658,1.209610,27717.01,35224.028158809658,0.9518154004119722418299698481
2023-03-21 00:00:00+00:00,1697.255692709658,1.209610,28105.47,35693.913259409658,0.9524497165560230049870165380
2023-03-22 00:00:00+00:00,1697.255692709658,1.209610,27250.97,34660.301514409658,0.9510317100962309375859920059
2023-03-23 00:00:00+00:00,1697.255692709658,1.209610,28295.41,35923.666582809658,0.9527538290447825323902027597
2023-03-24 00:00:00+00:00,1697.255692709658,1.209610,27454.47,34906.457149409658,0.9513770278821217414037673976
2023-03-25 00:00:00+00:00,1697.255692709658,1.209610,27462.95,34916.714642209658,0.9513913118659250404380245497
2023-03-26 00:00:00+00:00,1697.255692709658,1.209610,27968.05,35527.688653209658,0.9522272414263480722306428594
2023-03-27 00:00:00+00:00,1697.255692709658,1.209610,27124.91,34507.818077809658,0.9508153286051695433212885498
2023-03-28 00:00:00+00:00,1697.255692709658,1.209610,27261.07,34672.518575409658,0.9510489643543408263459421752
2023-03-29 00:00:00+00:00,1697.255692709658,1.209610,28348.6,35988.005738709658,0.9528382954856527504786806823
2023-03-30 00:00:00+00:00,1697.255692709658,1.209610,28028.53,35600.845866009658,0.9523254110563105023606918069
2023-03-31 00:00:00+00:00,1697.255692709658,1.209610,28465.36,36129.239802309658,0.9530226569394588699931218399
2023-04-01 00:00:00+00:00,1697.255692709658,1.209610,28452.73,36113.962428009658,0.9530027840037491412741548359
2023-04-02 00:00:00+00:00,1697.255692709658,1.209610,28171.87,35774.231363409658,0.9525564735278803820981347405
2023-04-03 00:00:00+00:00,1697.255692709658,1.209610,27800.0,35324.413692709658,0.9519523322460708829760841832
2023-04-04 00:00:00+00:00,1697.255692709658,1.209610,28165.47,35766.489859409658,0.9525462045791688441495744725
2023-04-05 00:00:00+00:00,1697.255692709658,1.209610,28170.01,35771.981488809658,0.9525534895728211008275653397
2023-04-06 00:00:00+00:00,1697.255692709658,1.209610,28033.82,35607.244702909658,0.9523339784678434785177077035
2023-04-07 00:00:00+00:00,1697.255692709658,1.209610,27906.33,35453.031524009658,0.9521266413688703875166435386
2023-04-08 00:00:00+00:00,1697.255692709658,1.209610,27938.38,35491.799524509658,0.9521789338537883934692864607
2023-04-09 00:00:00+00:00,1697.255692709658,1.209610,28323.76,35957.959026309658,0.9527988868481714199697461142
2023-04-10 00:00:00+00:00,1697.255692709658,1.209610,29637.34,37546.878530109658,0.9547963570034565784471275716
2023-04-11 00:00:00+00:00,1697.255692709658,1.209610,30200.42,38227.985728909658,0.9556017493376293756028952428
2023-04-12 00:00:00+00:00,1697.255692709658,1.209610,29888.07,37850.164045409658,0.9551585644206607996173233214
2023-04-13 00:00:00+00:00,1697.255692709658,1.209610,30373.84,38437.756295109658,0.9558440487608379029424559194
2023-04-14 00:00:00+00:00,1697.255692709658,1.209610,30466.93,38550.358890009658,0.9559730248542640017047570868
2023-04-15 00:00:00+00:00,1697.255692709658,1.209610,30295.09,38342.499507609658,0.9557343492337318401341764022
2023-04-16 00:00:00+00:00,1697.255692709658,1.209610,30304.65,38354.063379209658,0.9557476954676547115079439377
2023-04-17 00:00:00+00:00,1697.255692709658,1.209610,29430.27,37296.404587409658,0.9544927798943223212298657303
2023-04-18 00:00:00+00:00,1697.255692709658,1.209610,30380.01,38445.219588809658,0.9558526206674683092944340642
2023-04-19 00:00:00+00:00,1697.255692709658,1.209610,28797.1,36530.515823709658,0.9535386880135955763709460005
2023-04-20 00:00:00+00:00,1697.255692709658,1.209610,28243.65,35861.057169209658,0.9526713424899552723968454115
2023-04-21 00:00:00+00:00,1697.255692709658,1.209610,27262.84,34674.659585109658,0.9510519868682860651427501963
2023-04-22 00:00:00+00:00,1697.255692709658,1.209610,27816.85,35344.795621209658,0.9519800394123322909027633796
2023-04-23 00:00:00+00:00,1697.255692709658,1.209610,27590.6,35071.121358709658,0.9516053200765946741292983090
2023-04-24 00:00:00+00:00,1697.255692709658,1.209610,27510.93,34974.751730009658,0.9514719731018605484661086465
2023-04-25 00:00:00+00:00,17466.874374946227,0.635651,28300.79,35456.299839236227,0.5073689455994152237428535398
2023-04-26 00:00:00+00:00,17466.874374946227,0.635651,28415.29,35529.081878736227,0.5083781102320022723171541805
2023-04-27 00:00:00+00:00,17466.874374946227,0.635651,29472.77,36201.270098216227,0.5175065867148433081275813080
2023-04-28 00:00:00+00:00,17466.874374946227,0.635651,29311.7,36098.885791646227,0.5161381302525326356963097823
2023-04-29 00:00:00+00:00,17466.874374946227,0.635651,29230.45,36047.239147896227,0.5154448776705935055398465242
2023-04-30 00:00:00+00:00,17466.874374946227,0.635651,29233.21,36048.993544656227,0.5154684595199897456314564478
2023-05-01 00:00:00+00:00,17466.874374946227,0.635651,28068.26,35308.491912206227,0.5053067002018319483284272876
2023-05-02 00:00:00+00:00,1745.021721411551,1.195053,28669.86,36007.023923991551,0.9515366300448718954501075450
2023-05-03 00:00:00+00:00,1745.021721411551,1.195053,29026.16,36432.821307891551,0.9521030307627158804602776873
2023-05-04 00:00:00+00:00,1745.021721411551,1.195053,28838.16,36208.151343891551,0.9518058322050749322204006354
2023-05-05 00:00:00+00:00,1745.021721411551,1.195053,29505.61,37005.789468741551,0.9528446292738720045165158572
2023-05-06 00:00:00+00:00,1745.021721411551,1.195053,28848.2,36220.149676011551,0.9518217970654253987247409649
2023-05-07 00:00:00+00:00,1745.021721411551,1.195053,28430.1,35720.498016711551,0.9511478893548696756272473670
2023-05-08 00:00:00+00:00,1745.021721411551,1.195053,27668.79,34810.692217281551,0.9498710996460666228303388264
2023-05-09 00:00:00+00:00,1745.021721411551,1.195053,27628.27,34762.268669721551,0.9498012705099569444750001410
2023-05-10 00:00:00+00:00,1745.021721411551,1.195053,27598.75,34726.990705161551,0.9497502753340448677748309870
2023-05-11 00:00:00+00:00,1745.021721411551,1.195053,26968.62,33973.951958271551,0.9486364811619539882703683616
2023-05-12 00:00:00+00:00,1745.021721411551,1.195053,26795.01,33766.478806941551,0.9483208855922277038936137513
2023-05-13 00:00:00+00:00,16863.584830389506,0.630088,26775.28,33734.367455029506,0.5001066834032102307933879378
2023-05-14 00:00:00+00:00,16863.584830389506,0.630088,26917.62,33824.054180949506,0.5014321837301375542248830448
2023-05-15 00:00:00+00:00,16863.584830389506,0.630088,27162.14,33978.123298709506,0.5036928707881289202218786357
2023-05-16 00:00:00+00:00,16863.584830389506,0.630088,27033.84,33897.283008309506,0.5025092475330366859364140324
2023-05-17 00:00:00+00:00,16863.584830389506,0.630088,27405.61,34131.530824069506,0.5059235720392203899410381145
2023-05-18 00:00:00+00:00,16863.584830389506,0.630088,26821.28,33763.351503029506,0.5005358153240096364325982526
2023-05-19 00:00:00+00:00,16863.584830389506,0.630088,26880.26,33800.514093269506,0.5010849603098950888103795745
2023-05-20 00:00:00+00:00,16863.584830389506,0.630088,27102.43,33940.500744229506,0.5031427215092983581160945930
2023-05-21 00:00:00+00:00,16863.584830389506,0.630088,26747.78,33717.040035029506,0.4998497847714541064473524292
2023-05-22 00:00:00+00:00,16863.584830389506,0.630088,26849.27,33780.987666149506,0.5007965724078639467819043101
2023-05-23 00:00:00+00:00,16863.584830389506,0.630088,27219.61,34014.334456069506,0.5042212320170687980915354593
2023-05-24 00:00:00+00:00,16863.584830389506,0.630088,26329.01,33453.178083269506,0.4959048498048899310475859441
2023-05-25 00:00:00+00:00,16863.584830389506,0.630088,26473.79,33544.402223909506,0.4972757386515709838184515822
2023-05-26 00:00:00+00:00,16863.584830389506,0.630088,26705.92,33690.664551349506,0.4994582310869251797052726272
2023-05-27 00:00:00+00:00,16863.584830389506,0.630088,26854.27,33784.138106149506,0.5008431241488461179060810761
2023-05-28 00:00:00+00:00,16863.584830389506,0.630088,28065.0,34547.004550389506,0.5118654989090979037423351053
2023-05-29 00:00:00+00:00,16863.584830389506,0.630088,27736.4,34339.957633589506,0.5089223752013470402374667575
2023-05-30 00:00:00+00:00,16863.584830389506,0.630088,27694.4,34313.493937589506,0.5085436399726142663072726675
2023-05-31 00:00:00+00:00,16863.584830389506,0.630088,27210.35,34008.499841189506,0.5041361745111403007302409592
2023-06-01 00:00:00+00:00,16863.584830389506,0.630088,26817.93,33761.240708229506,0.5005045882013777558941793436
2023-06-02 00:00:00+00:00,16863.584830389506,0.630088,27242.59,34028.813878309506,0.5044321882421350969412689952
2023-06-03 00:00:00+00:00,16863.584830389506,0.630088,27069.22,33919.575521749506,0.5028362067922566101499287367
2023-06-04 00:00:00+00:00,16863.584830389506,0.630088,27115.21,33948.553268869506,0.5032605749991340665007687695
2023-06-05 00:00:00+00:00,16863.584830389506,0.630088,25728.2,33074.614911989506,0.4901351119200339392258224469
2023-06-06 00:00:00+00:00,16863.584830389506,0.630088,27230.08,34020.931477429506,0.5043173688063976774633753324
2023-06-07 00:00:00+00:00,16863.584830389506,0.630088,26339.34,33459.686892309506,0.4960029098698621535020017080
2023-06-08 00:00:00+00:00,16863.584830389506,0.630088,26498.61,33560.041008069506,0.4975100052370418745221336044
2023-06-09 00:00:00+00:00,16863.584830389506,0.630088,26477.81,33546.935177669506,0.4973136967333236605477243001
2023-06-10 00:00:00+00:00,16863.584830389506,0.630088,25841.21,33145.821156869506,0.4912304404655091654544676138
2023-06-11 00:00:00+00:00,16863.584830389506,0.630088,25925.55,33198.962778789506,0.4920448285461651194599809603
2023-06-12 00:00:00+00:00,16863.584830389506,0.630088,25905.19,33186.134187109506,0.4918484709514665243446479380
2023-06-13 00:00:00+00:00,16863.584830389506,0.630088,25934.25,33204.444544389506,0.4921286875362318039031887169
2023-06-14 00:00:00+00:00,16863.584830389506,0.630088,25128.6,32696.814147189506,0.4842437934633140481689982433
2023-06-15 00:00:00+00:00,16863.584830389506,0.630088,25598.49,32992.886197509506,0.4888720941406312315054351698
2023-06-16 00:00:00+00:00,16863.584830389506,0.630088,26345.0,33463.253190389506,0.4960566226348653153511278247
2023-06-17 00:00:00+00:00,16863.584830389506,0.630088,26516.99,33571.622025509506,0.4976833464413588264473512292
2023-06-18 00:00:00+00:00,1658.863514806869,1.202739,26339.97,33338.972692636869,0.9502425125662843265051984544
2023-06-19 00:00:00+00:00,1658.863514806869,1.202739,26844.35,33945.610189456869,0.9511317220238953413644487591
2023-06-20 00:00:00+00:00,1658.863514806869,1.202739,28307.99,35705.987099416869,0.9535410263217744604019095347
2023-06-21 00:00:00+00:00,1658.863514806869,1.202739,29993.89,37733.684779516869,0.9560375954667603336971389039
2023-06-22 00:00:00+00:00,1658.863514806869,1.202739,29884.92,37602.622310686869,0.9558843662258253993896744680
2023-06-23 00:00:00+00:00,1658.863514806869,1.202739,30688.5,38569.119316306869,0.9569898523945422793896375730
2023-06-24 00:00:00+00:00,19261.680963568260,0.628396,30527.43,38444.995865848260,0.4989808028389219477988323636
2023-06-25 00:00:00+00:00,19261.680963568260,0.628396,30462.66,38404.294656928260,0.4984498182915230305349084871
2023-06-26 00:00:00+00:00,19261.680963568260,0.628396,30267.99,38281.964807608260,0.4968471169029406232135721773
2023-06-27 00:00:00+00:00,19261.680963568260,0.628396,30692.44,38548.687489808260,0.5003284880020679786908489764
2023-06-28 00:00:00+00:00,1904.915739947476,1.193168,30077.41,37792.318874827476,0.9495951612216022813602647904
2023-06-29 00:00:00+00:00,1904.915739947476,1.193168,30447.31,38233.671718027476,0.9501770127128728446859313776
2023-06-30 00:00:00+00:00,1904.915739947476,1.193168,30472.0,38263.131035947476,0.9502153721252491259979884565
2023-07-01 00:00:00+00:00,1904.915739947476,1.193168,30585.9,38399.032871147476,0.9503915698517812301086935547
2023-07-02 00:00:00+00:00,1904.915739947476,1.193168,30617.03,38436.176190987476,0.9504395096306655731038771909
2023-07-03 00:00:00+00:00,1904.915739947476,1.193168,31156.2,39079.496581547476,0.9512553664561037994450535042
2023-07-04 00:00:00+00:00,1904.915739947476,1.193168,30766.51,38614.530943627476,0.9506684221354799943802108391
2023-07-05 00:00:00+00:00,1904.915739947476,1.193168,30504.81,38302.278878027476,0.9502662558012898838764390388
2023-07-06 00:00:00+00:00,1904.915739947476,1.193168,29895.43,37575.186162187476,0.9493038908250460287836293613
2023-07-07 00:00:00+00:00,1904.915739947476,1.193168,30344.7,38111.240749547476,0.9500169581865398983103536397
2023-07-08 00:00:00+00:00,1904.915739947476,1.193168,30284.63,38039.567147787476,0.9499227808627082905911951944
2023-07-09 00:00:00+00:00,1904.915739947476,1.193168,30160.71,37891.709769227476,0.9497273743637060268276447224
2023-07-10 00:00:00+00:00,1904.915739947476,1.193168,30411.57,38191.027893707476,0.9501213807271906811164667504
2023-07-11 00:00:00+00:00,1904.915739947476,1.193168,30622.1,38442.225552747476,0.9504473085895171027730913438
2023-07-12 00:00:00+00:00,1904.915739947476,1.193168,30380.0,38153.359579947476,0.9500721362176279834931038252
2023-07-13 00:00:00+00:00,1904.915739947476,1.193168,31454.23,39435.096440587476,0.9516949136204750227035554275
2023-07-14 00:00:00+00:00,1904.915739947476,1.193168,30312.01,38072.236087627476,0.9499657510117582521918381163
2023-07-15 00:00:00+00:00,1904.915739947476,1.193168,30289.52,38045.401739307476,0.9499304606375238040086612721
2023-07-16 00:00:00+00:00,1904.915739947476,1.193168,30231.99,37976.758784267476,0.9498399599931993134377767919
2023-07-17 00:00:00+00:00,1904.915739947476,1.193168,30138.0,37864.612923947476,0.9496913980403398772900835270
2023-07-18 00:00:00+00:00,1904.915739947476,1.193168,29859.13,37531.874163787476,0.9492453872238165864557798051
2023-07-19 00:00:00+00:00,1904.915739947476,1.193168,29909.21,37591.628017227476,0.9493260643280867753483150278
2023-07-20 00:00:00+00:00,1904.915739947476,1.193168,29800.0,37461.322139947476,0.9491497995497564449835926535
2023-07-21 00:00:00+00:00,1904.915739947476,1.193168,29901.72,37582.691188907476,0.9493140145187444290733900671
2023-07-22 00:00:00+00:00,1904.915739947476,1.193168,29794.0,37454.163131947476,0.9491400800162951731536975751
2023-07-23 00:00:00+00:00,1904.915739947476,1.193168,30083.75,37799.883559947476,0.9496052484678573720471673786
2023-07-24 00:00:00+00:00,1904.915739947476,1.193168,29176.5,36717.381891947476,0.9481195106570154206565003602
2023-07-25 00:00:00+00:00,1904.915739947476,1.193168,29228.91,36779.915826827476,0.9482077188834124568235282778
2023-07-26 00:00:00+00:00,1904.915739947476,1.193168,29351.96,36926.735149227476,0.9484136430624214635231068913
2023-07-27 00:00:00+00:00,1904.915739947476,1.193168,29222.78,36772.601706987476,0.9481974173291767197193010570
2023-07-28 00:00:00+00:00,1904.915739947476,1.193168,29314.14,36881.609535467476,0.9483505258056701805923088092
2023-07-29 00:00:00+00:00,18419.320243439950,0.629075,29352.9,36884.495810939950,0.5006216070336855370578722106
2023-07-30 00:00:00+00:00,18419.320243439950,0.629075,29281.09,36839.321935189950,0.5000092489257979401288495698
2023-07-31 00:00:00+00:00,18419.320243439950,0.629075,29232.25,36808.597912189950,0.4995919081900155620640774203
2023-08-01 00:00:00+00:00,1818.896077136816,1.196218,29705.99,37353.736022956816,0.9513061805646706678313001778
2023-08-02 00:00:00+00:00,1818.896077136816,1.196218,29186.01,36731.726587316816,0.9504816068797357625075907689
2023-08-03 00:00:00+00:00,1818.896077136816,1.196218,29193.64,36740.853730656816,0.9504939082126141001128942372
2023-08-04 00:00:00+00:00,1818.896077136816,1.196218,29113.99,36645.574966956816,0.9503651920108523855011123545
2023-08-05 00:00:00+00:00,1818.896077136816,1.196218,29072.13,36595.501281476816,0.9502972766202421528117075833
2023-08-06 00:00:00+00:00,1818.896077136816,1.196218,29088.42,36614.987672696816,0.9503237282667956109250399026
2023-08-07 00:00:00+00:00,1818.896077136816,1.196218,29211.06,36761.691848216816,0.9505219704074897077752178897
2023-08-08 00:00:00+00:00,1818.896077136816,1.196218,29770.42,37430.808348696816,0.9514064441197102187474853303
2023-08-09 00:00:00+00:00,1818.896077136816,1.196218,29581.99,37205.404990956816,0.9511120473603521114444629335
2023-08-10 00:00:00+00:00,1818.896077136816,1.196218,29455.75,37054.394430636816,0.9509128106103134474460329922
2023-08-11 00:00:00+00:00,1818.896077136816,1.196218,29426.03,37018.842831676816,0.9508656689943750257517038667
2023-08-12 00:00:00+00:00,1818.896077136816,1.196218,29430.17,37023.795174196816,0.9508722412551464038348757289
2023-08-13 00:00:00+00:00,1818.896077136816,1.196218,29303.84,36872.676954256816,0.9506708970603548466979186474
2023-08-14 00:00:00+00:00,1818.896077136816,1.196218,29430.93,37024.704299876816,0.9508734475661195866664891872
2023-08-15 00:00:00+00:00,1818.896077136816,1.196218,29200.0,36748.461677136816,0.9505041573408650039369987371
2023-08-16 00:00:00+00:00,1818.896077136816,1.196218,28730.51,36186.849288316816,0.9497359921377830577686760040
2023-08-17 00:00:00+00:00,1818.896077136816,1.196218,26623.41,33666.298340516816,0.9459727927692066583501971572
2023-08-18 00:00:00+00:00,13451.389532501048,0.758722,26054.0,33219.132520501048,0.5950710174565943438683572318
2023-08-19 00:00:00+00:00,13451.389532501048,0.758722,26100.01,33254.041319721048,0.5954960961534679065892915712
2023-08-20 00:00:00+00:00,13451.389532501048,0.758722,26189.99,33322.311125281048,0.5963248322744421917265479758
2023-08-21 00:00:00+00:00,13451.389532501048,0.758722,26126.92,33274.458528741048,0.5957442997642676734994438485
2023-08-22 00:00:00+00:00,13451.389532501048,0.758722,26056.0,33220.649964501048,0.5950895136947968833347612768
2023-08-23 00:00:00+00:00,13451.389532501048,0.758722,26432.72,33506.475716341048,0.5985435876223523712632938602
2023-08-24 00:00:00+00:00,13451.389532501048,0.758722,26180.05,33314.769428601048,0.5962334495116480827663113474
2023-08-25 00:00:00+00:00,13451.389532501048,0.758722,26060.01,33223.692439721048,0.5951265935625188972381256420
2023-08-26 00:00:00+00:00,13451.389532501048,0.758722,26017.37,33191.340533641048,0.5947319597149923365130093642
2023-08-27 00:00:00+00:00,13451.389532501048,0.758722,26101.77,33255.376670441048,0.5955123387774681450933893521
2023-08-28 00:00:00+00:00,13451.389532501048,0.758722,26120.0,33269.208172501048,0.5956805024407100119669504928
2023-08-29 00:00:00+00:00,13307.516620545048,0.764223,27716.34,34488.981124365048,0.6141516453455380762720470216
2023-08-30 00:00:00+00:00,13794.966857773428,0.746613,27299.99,34177.494291643428,0.5963727843809085826259515460
2023-08-31 00:00:00+00:00,13670.863778632448,0.751153,25940.78,33156.358497972448,0.5876850052918676792522175467
2023-09-01 00:00:00+00:00,13262.025258796708,0.766893,25805.05,33051.737468446708,0.5987495280253426523384986980
2023-09-02 00:00:00+00:00,13220.657681726956,0.768494,25869.51,33101.220899666956,0.6005990920455754525964094162
2023-09-03 00:00:00+00:00,13240.473809068564,0.767727,25971.21,33179.272948738564,0.6009414121423070281944542491
2023-09-04 00:00:00+00:00,13271.676558323245,0.766524,25826.02,33067.940712803245,0.5986542774589916515543573729
2023-09-05 00:00:00+00:00,13227.146320512487,0.768246,25792.1,33041.823977112487,0.5996847410822505533417780934
2023-09-06 00:00:00+00:00,13216.738587696058,0.768649,25759.95,33017.098395246058,0.5997001786928962802768781380
2023-09-07 00:00:00+00:00,13206.833907529018,0.769033,26255.0,33397.795322529018,0.6045597088074811764057221478
2023-09-08 00:00:00+00:00,13358.941165697518,0.763232,25910.5,33134.663901697518,0.5968288314216723446451722000
2023-09-09 00:00:00+00:00,13253.737500996768,0.767287,25901.61,33127.706133066768,0.5999198541619695594870155575
2023-09-10 00:00:00+00:00,13253.737500996768,0.767287,25841.61,33081.668913066768,0.5993630933244199633401039089
2023-09-11 00:00:00+00:00,13232.649217821568,0.768102,25162.52,32560.031154861568,0.5935922433585942974332702823
2023-09-12 00:00:00+00:00,13023.755472294469,0.776393,25840.1,33085.828231594469,0.6063645322362592266486473259
2023-09-13 00:00:00+00:00,13234.078511434969,0.768243,26222.0,33378.946457434969,0.6035201851469115536616480642
2023-09-14 00:00:00+00:00,13351.426542418369,0.763762,26522.73,33608.479852678369,0.6027363748392103958387834935
2023-09-15 00:00:00+00:00,13443.287794982437,0.760294,26600.0,33667.108194982437,0.6006996586363793603540480953
2023-09-16 00:00:00+00:00,13466.824748253955,0.759408,26559.67,33636.450623613955,0.5996359753011580556854991776
2023-09-17 00:00:00+00:00,13466.824748253955,0.759408,26527.51,33612.028062333955,0.5993450700660029014921065789
2023-09-18 00:00:00+00:00,13466.824748253955,0.759408,26762.51,33790.488942333955,0.6014610865431359126630387024
2023-09-19 00:00:00+00:00,13516.137370897705,0.757563,27210.26,34129.623567277705,0.6039763713111530768558809354
2023-09-20 00:00:00+00:00,13651.685655752605,0.752575,27125.0,34065.282530752605,0.5992493048185208160945511800
2023-09-21 00:00:00+00:00,13651.685655752605,0.752575,26568.08,33646.158461752605,0.5942572263852585390739749835
2023-09-22 00:00:00+00:00,13651.685655752605,0.752575,26580.14,33655.234516252605,0.5943666460217353017413655141
2023-09-23 00:00:00+00:00,13651.685655752605,0.752575,26575.96,33652.088752752605,0.5943287278226986065508816508
2023-09-24 00:00:00+00:00,13651.685655752605,0.752575,26248.38,33405.560234252605,0.5913349286758926517077679775
2023-09-25 00:00:00+00:00,13651.685655752605,0.752575,26304.81,33448.028041502605,0.5918537966180405511861903228
2023-09-26 00:00:00+00:00,13651.685655752605,0.752575,26221.67,33385.458956002605,0.5910888727411646673510690576
2023-09-27 00:00:00+00:00,13651.685655752605,0.752575,26372.99,33499.338605002605,0.5924789496078606711446227827
2023-09-28 00:00:00+00:00,13651.685655752605,0.752575,27021.39,33987.308235002605,0.5983298953433121547886132758
2023-09-29 00:00:00+00:00,13651.685655752605,0.752575,26906.96,33901.191077752605,0.5973095569284756384345087001
2023-09-30 00:00:00+00:00,13651.685655752605,0.752575,26962.56,33943.034247752605,0.5978059723209190160471340830
2023-10-01 00:00:00+00:00,13651.685655752605,0.752575,27992.57,34718.194023502605,0.6067858355042590115300474626
2023-10-02 00:00:00+00:00,13886.992904002987,0.744158,27494.51,34347.252476582987,0.5956883912775626755734180422
2023-10-03 00:00:00+00:00,13886.992904002987,0.744158,27426.46,34296.612524682987,0.5950914133572628019834628246
2023-10-04 00:00:00+00:00,13886.992904002987,0.744158,27778.57,34558.637998062987,0.5981614522892553378169350120
2023-10-05 00:00:00+00:00,13886.992904002987,0.744158,27410.39,34284.653905622987,0.5949501796859207283401628173
2023-10-06 00:00:00+00:00,13886.992904002987,0.744158,27931.09,34672.136976222987,0.5994768677360085788008497009
2023-10-07 00:00:00+00:00,13886.992904002987,0.744158,27956.67,34691.172537862987,0.5996966407276575586537189343
2023-10-08 00:00:00+00:00,13886.992904002987,0.744158,27917.05,34661.688997902987,0.5993561391413112504531772393
2023-10-09 00:00:00+00:00,13886.992904002987,0.744158,27590.12,34418.401422962987,0.5965241751542250047890896008
2023-10-10 00:00:00+00:00,13886.992904002987,0.744158,27390.12,34269.569822962987,0.5947718930893104106321397475
2023-10-11 00:00:00+00:00,13886.992904002987,0.744158,26875.52,33886.626116162987,0.5901925185352319862678151474
2023-10-12 00:00:00+00:00,13886.992904002987,0.744158,26759.63,33800.385645542987,0.5891469094574024611568733896
2023-10-13 00:00:00+00:00,13886.992904002987,0.744158,26862.0,33876.565100002987,0.5900708096287553503614107237
2023-10-14 00:00:00+00:00,13886.992904002987,0.744158,26852.48,33869.480715842987,0.5899850658912781698152914562
2023-10-15 00:00:00+00:00,13886.992904002987,0.744158,27154.15,34093.970859702987,0.5926847898958999429232617972
2023-10-16 00:00:00+00:00,13886.992904002987,0.744158,28500.78,35096.076347242987,0.6043149448786204318570397671
2023-10-17 00:00:00+00:00,14038.249106763673,0.738844,28395.91,35018.396834803673,0.5991178815812749360642513538
2023-10-18 00:00:00+00:00,14038.249106763673,0.738844,28320.0,34962.311186763673,0.5984747967097097434024396602
2023-10-19 00:00:00+00:00,14038.249106763673,0.738844,28713.71,35253.201458003673,0.6017879646055092087519311043
2023-10-20 00:00:00+00:00,14101.222442024365,0.736648,29669.04,35956.861419944365,0.6078294410256070840053720031
2023-10-21 00:00:00+00:00,14382.386068974280,0.727159,29909.8,36131.566327174280,0.6019440192893770197696928472
2023-10-22 00:00:00+00:00,14452.552853618020,0.724810,29992.46,36191.387786218020,0.6006632036607982261345901728
2023-10-23 00:00:00+00:00,14476.545582929422,0.724009,33069.99,38419.515972839422,0.6231981268800060191955125131
2023-10-24 00:00:00+00:00,1904.672543519080,1.103675,33922.73,39344.341576269080,0.9515896704021118589804762257
2023-10-25 00:00:00+00:00,1904.672543519080,1.103675,34496.05,39977.100527269080,0.9523559107989867969526595636
2023-10-26 00:00:00+00:00,1904.672543519080,1.103675,34151.66,39597.005894019080,0.9518985716087495697472975470
2023-10-27 00:00:00+00:00,1904.672543519080,1.103675,33892.02,39310.447717019080,0.9515479305341396467078403338
2023-10-28 00:00:00+00:00,1904.672543519080,1.103675,34081.0,39519.020218519080,0.9518036496606631980122372918
2023-10-29 00:00:00+00:00,1904.672543519080,1.103675,34525.89,40010.034189269080,0.9523951283193373508884564654
2023-10-30 00:00:00+00:00,1904.672543519080,1.103675,34474.73,39953.570176269080,0.9523278511753529362943941992
2023-10-31 00:00:00+00:00,1904.672543519080,1.103675,34639.77,40135.720698269080,0.9525442047537165020906751269
2023-11-01 00:00:00+00:00,1904.672543519080,1.103675,35421.43,40998.419298769080,0.9535427810121385553028738742
2023-11-02 00:00:00+00:00,1904.672543519080,1.103675,34941.59,40468.831886769080,0.9529348277497034568761572400
2023-11-03 00:00:00+00:00,1904.672543519080,1.103675,34716.78,40220.714710019080,0.9526444878652387214919168015
2023-11-04 00:00:00+00:00,1904.672543519080,1.103675,35062.07,40601.802650769080,0.9530889660269061560498971346
2023-11-05 00:00:00+00:00,1904.672543519080,1.103675,35011.88,40546.409202519080,0.9530248773940567366407918449
2023-11-06 00:00:00+00:00,1904.672543519080,1.103675,35046.09,40584.165924269080,0.9530685798231448287763310247
2023-11-07 00:00:00+00:00,1904.672543519080,1.103675,35399.12,40973.796309519080,0.9535148627886212178959383253
2023-11-08 00:00:00+00:00,1904.672543519080,1.103675,35624.72,41222.785389519080,0.9537956369148372920684165236
2023-11-09 00:00:00+00:00,1904.672543519080,1.103675,36701.09,42410.748049269080,0.9550898620956555912953993884
2023-11-10 00:00:00+00:00,1904.672543519080,1.103675,37301.63,43073.549033769080,0.9557809238791574271962317874
2023-11-11 00:00:00+00:00,1904.672543519080,1.103675,37130.0,42884.125293519080,0.9555856035191902083533831622
2023-11-12 00:00:00+00:00,1904.672543519080,1.103675,37064.13,42811.426221269080,0.9555101824060974051266276619
2023-11-13 00:00:00+00:00,1904.672543519080,1.103675,36462.93,42147.896811269080,0.9548097844111208926251410431
2023-11-14 00:00:00+00:00,1904.672543519080,1.103675,35551.19,41141.632166769080,0.9537044972888187419322890283
2023-11-15 00:00:00+00:00,1904.672543519080,1.103675,37858.2,43687.821428519080,0.9564026659778524881253141788
2023-11-16 00:00:00+00:00,1904.672543519080,1.103675,36163.51,41817.434442769080,0.9544526686321276911971204098
2023-11-17 00:00:00+00:00,1904.672543519080,1.103675,36613.92,42314.540699519080,0.9549877533341457895189550620
2023-11-18 00:00:00+00:00,1904.672543519080,1.103675,36568.1,42263.970311019080,0.9549338945323247830655595229
2023-11-19 00:00:00+00:00,1904.672543519080,1.103675,37359.86,43137.816029019080,0.9558468017426335443705907078
2023-11-20 00:00:00+00:00,1904.672543519080,1.103675,37448.78,43235.954810019080,0.9559470225212255589090873836
2023-11-21 00:00:00+00:00,1904.672543519080,1.103675,35741.65,41351.838107269080,0.9539398336156606067351834064
2023-11-22 00:00:00+00:00,1904.672543519080,1.103675,37408.34,43191.322193019080,0.9559014994954952292675608934
2023-11-23 00:00:00+00:00,1904.672543519080,1.103675,37294.28,43065.437022519080,0.9557725945629410536628146924
2023-11-24 00:00:00+00:00,1904.672543519080,1.103675,37713.57,43528.196913269080,0.9562427879263139876943238508
2023-11-25 00:00:00+00:00,1904.672543519080,1.103675,37780.67,43602.253505769080,0.9563171077094198835446828439
2023-11-26 00:00:00+00:00,1904.672543519080,1.103675,37447.43,43234.464848769080,0.9559455043521070075235844062
2023-11-27 00:00:00+00:00,1904.672543519080,1.103675,37242.7,43008.509466019080,0.9557140536334104486785953320
2023-11-28 00:00:00+00:00,1904.672543519080,1.103675,37818.87,43644.413890769080,0.9563593052644493465898441304
2023-11-29 00:00:00+00:00,1904.672543519080,1.103675,37854.64,43683.892345519080,0.9563987446802126885795344801
2023-11-30 00:00:00+00:00,1904.672543519080,1.103675,37723.96,43539.664096519080,0.9562543124058838286062911803
2023-12-01 00:00:00+00:00,1904.672543519080,1.103675,38682.52,44597.602804519080,0.9572920420887268110840629408
2023-12-02 00:00:00+00:00,1904.672543519080,1.103675,39450.35,45445.037579769080,0.9580884372649965752747702538
2023-12-03 00:00:00+00:00,1904.672543519080,1.103675,39972.26,46021.056599019080,0.9586130201200187716614948126
2023-12-04 00:00:00+00:00,1904.672543519080,1.103675,41991.1,48249.199836019080,0.9605242667237519573316496816
2023-12-05 00:00:00+00:00,1904.672543519080,1.103675,44073.32,50547.293994519080,0.9623190008207836696061049209
2023-12-06 00:00:00+00:00,1904.672543519080,1.103675,43762.69,50204.459429269080,0.9620616860499714801444212095
2023-12-07 00:00:00+00:00,1904.672543519080,1.103675,43273.14,49664.155333019080,0.9616489492120132045022942138
2023-12-08 00:00:00+00:00,1904.672543519080,1.103675,44170.99,50655.089931769080,0.9623991874047678518364042570
2023-12-09 00:00:00+00:00,1904.672543519080,1.103675,43713.6,50150.280023519080,0.9620206997323675600881683764
2023-12-10 00:00:00+00:00,1904.672543519080,1.103675,43789.51,50234.059992769080,0.9620840413099548938705925629
2023-12-11 00:00:00+00:00,1904.672543519080,1.103675,41253.4,47435.018788519080,0.9598466999241480889661447816
2023-12-12 00:00:00+00:00,1904.672543519080,1.103675,41492.39,47698.786076769080,0.9600687417819482021333263265
2023-12-13 00:00:00+00:00,1904.672543519080,1.103675,42869.03,49218.149228769080,0.9613014188187767649314433333
2023-12-14 00:00:00+00:00,1904.672543519080,1.103675,43022.26,49387.265349019080,0.9614339338277026058169926600
2023-12-15 00:00:00+00:00,1904.672543519080,1.103675,41940.3,48193.133146019080,0.9604783416394994737917245425
2023-12-16 00:00:00+00:00,1904.672543519080,1.103675,42278.03,48565.877303769080,0.9607816712214264276995310467
2023-12-17 00:00:00+00:00,1904.672543519080,1.103675,41374.65,47568.839382269080,0.9599596591328853804096061265
2023-12-18 00:00:00+00:00,1904.672543519080,1.103675,42657.8,48985.019958519080,0.9611172447182429963033159989
2023-12-19 00:00:00+00:00,1904.672543519080,1.103675,42275.99,48563.625806769080,0.9607798529891976128505603102
2023-12-20 00:00:00+00:00,1904.672543519080,1.103675,43668.93,50100.978861269080,0.9619833267371248762005615146
2023-12-21 00:00:00+00:00,1904.672543519080,1.103675,43861.8,50313.844658519080,0.9621441661545420555929661771
2023-12-22 00:00:00+00:00,1904.672543519080,1.103675,43969.04,50432.202765519080,0.9622330090879686779757619659
2023-12-23 00:00:00+00:00,1904.672543519080,1.103675,43702.16,50137.653981519080,0.9620111354986583702990942785
2023-12-24 00:00:00+00:00,1904.672543519080,1.103675,42991.5,49353.316306019080,0.9614074050929220315870302490
2023-12-25 00:00:00+00:00,1904.672543519080,1.103675,43576.13,49998.557821269080,0.9619054503466329187627375268
2023-12-26 00:00:00+00:00,1904.672543519080,1.103675,42508.93,48820.715861269080,0.9609863864157282227267924299
2023-12-27 00:00:00+00:00,1904.672543519080,1.103675,43428.85,49836.008567269080,0.9617811980076988639393996513
2023-12-28 00:00:00+00:00,1904.672543519080,1.103675,42563.76,48881.230361519080,0.9610346848998608436594663365
2023-12-29 00:00:00+00:00,1904.672543519080,1.103675,42066.95,48332.913584769080,0.9605926396268548074193784052
2023-12-30 00:00:00+00:00,1904.672543519080,1.103675,42140.28,48413.846072519080,0.9606585161470941229260651908
2023-12-31 00:00:00+00:00,1904.672543519080,1.103675,42283.58,48572.002700019080,0.9607866170295191100149361718
2024-01-01 00:00:00+00:00,1904.672543519080,1.103675,44179.55,50664.537389769080,0.9624061988592498394751567665
2024-01-02 00:00:00+00:00,1904.672543519080,1.103675,44946.91,51511.453437769080,0.9630242903974722354472459778
2024-01-03 00:00:00+00:00,1904.672543519080,1.103675,42845.23,49191.881763769080,0.9612807545630036482180647161
2024-01-04 00:00:00+00:00,1904.672543519080,1.103675,44151.1,50633.137836019080,0.9623828854990664603167905040
2024-01-05 00:00:00+00:00,1904.672543519080,1.103675,44145.11,50626.526822769080,0.9623779733066250741803522093
2024-01-06 00:00:00+00:00,1904.672543519080,1.103675,43968.32,50431.408119519080,0.9622324139947642773163630244
2024-01-07 00:00:00+00:00,1904.672543519080,1.103675,43929.02,50388.033692019080,0.9621999033508473749522566671
2024-01-08 00:00:00+00:00,1904.672543519080,1.103675,46951.04,53723.361615519080,0.9645466611499441837213910348
2024-01-09 00:00:00+00:00,1904.672543519080,1.103675,46110.0,52795.126793519080,0.9639233266553516444284248140
2024-01-10 00:00:00+00:00,1904.672543519080,1.103675,46653.99,53395.514956769080,0.9643289788466096625943110502
2024-01-11 00:00:00+00:00,26665.543460984080,0.572250,46339.16,53183.127770984080,0.4986089653130103763623523481
2024-01-12 00:00:00+00:00,26665.543460984080,0.572250,42782.73,51147.960703484080,0.4786587169023205012671201804
2024-01-13 00:00:00+00:00,26665.543460984080,0.572250,42847.99,51185.305738484080,0.4790390899055355517970107070
2024-01-14 00:00:00+00:00,26665.543460984080,0.572250,41732.35,50546.880748484080,0.4724591692676547662909194098
2024-01-15 00:00:00+00:00,26665.543460984080,0.572250,42511.1,50992.520435984080,0.4770695146465655464913402015
2024-01-16 00:00:00+00:00,26665.543460984080,0.572250,43137.95,51351.235348484080,0.4807224542890911539269506408
2024-01-17 00:00:00+00:00,26665.543460984080,0.572250,42776.1,51144.166685984080,0.4786200423460668139875878509
2024-01-18 00:00:00+00:00,26665.543460984080,0.572250,41327.5,50315.205335984080,0.4700301174779544952043331364
2024-01-19 00:00:00+00:00,26665.543460984080,0.572250,41659.03,50504.923378484080,0.4720209104931731100991685334
2024-01-20 00:00:00+00:00,2493.878001775533,1.151723,41696.04,50516.166278695533,0.9506320810645662515403782051
2024-01-21 00:00:00+00:00,2493.878001775533,1.151723,41580.33,50382.900410365533,0.9505014998846224687849937597
2024-01-22 00:00:00+00:00,2493.878001775533,1.151723,39568.02,48065.276700235533,0.9481147686441319848720842100
2024-01-23 00:00:00+00:00,24004.650148419285,0.607375,39897.6,48237.454948419285,0.5023649117871650015717848009
2024-01-24 00:00:00+00:00,24004.650148419285,0.607375,40084.88,48351.204138419285,0.5035356290259278395261020179
2024-01-25 00:00:00+00:00,24004.650148419285,0.607375,39961.09,48276.017187169285,0.5027624160594756203950178959
2024-01-26 00:00:00+00:00,24004.650148419285,0.607375,41823.51,49407.204534669285,0.5141467651428224251674758008
2024-01-27 00:00:00+00:00,24004.650148419285,0.607375,42120.63,49587.667794669285,0.5159149196567013260691758649
2024-01-28 00:00:00+00:00,24004.650148419285,0.607375,42031.06,49533.265215919285,0.5153832471212793620730442836
2024-01-29 00:00:00+00:00,24004.650148419285,0.607375,43302.7,50305.627560919285,0.5228237612312847163029507077
2024-01-30 00:00:00+00:00,24004.650148419285,0.607375,42941.1,50086.000760919285,0.5207313464094852096994608677
2024-01-31 00:00:00+00:00,24004.650148419285,0.607375,42580.0,49866.677648419285,0.5186234319105434897199828742
2024-02-01 00:00:00+00:00,24004.650148419285,0.607375,43082.94,50172.150830919285,0.5215542935499172213035054441
2024-02-02 00:00:00+00:00,24004.650148419285,0.607375,43200.0,50243.250148419285,0.5222313429662849730531803813
2024-02-03 00:00:00+00:00,24004.650148419285,0.607375,43011.09,50128.510937169285,0.5211377776908924980003859408
2024-02-04 00:00:00+00:00,24004.650148419285,0.607375,42582.88,49868.426888419285,0.5186403172065214212938872696
2024-02-05 00:00:00+00:00,24004.650148419285,0.607375,42708.7,49944.846810919285,0.5193768390301434716229971466
2024-02-06 00:00:00+00:00,24004.650148419285,0.607375,43098.95,50181.874904669285,0.5216470051383887504691937782
2024-02-07 00:00:00+00:00,24004.650148419285,0.607375,44349.6,50941.488448419285,0.5287799614900308319677045889
2024-02-08 00:00:00+00:00,24004.650148419285,0.607375,45288.65,51511.843942169285,0.5339974593926681189060415518
2024-02-09 00:00:00+00:00,24004.650148419285,0.607375,47132.77,52631.916327169285,0.5439145707862480015886435426
2024-02-10 00:00:00+00:00,24004.650148419285,0.607375,47751.09,53007.468437169285,0.5471458861146626391692865997
2024-02-11 00:00:00+00:00,24004.650148419285,0.607375,48299.99,53340.856574669285,0.5499762904104035830040113416
2024-02-12 00:00:00+00:00,24004.650148419285,0.607375,49917.27,54323.152014669285,0.5581138196484414107108220293
2024-02-13 00:00:00+00:00,24004.650148419285,0.607375,49699.59,54190.938624669285,0.5570357192984350170573887515
2024-02-14 00:00:00+00:00,24004.650148419285,0.607375,51795.17,55463.741527169285,0.5672010310256395799726305147
2024-02-15 00:00:00+00:00,24004.650148419285,0.607375,51880.0,55515.265148419285,0.5676027109977194825541558303
2024-02-16 00:00:00+00:00,24004.650148419285,0.607375,52124.11,55663.531459669285,0.5687544516320936930448844337
2024-02-17 00:00:00+00:00,24004.650148419285,0.607375,51642.64,55371.098618419285,0.5664769031612802508988864110
2024-02-18 00:00:00+00:00,24004.650148419285,0.607375,52137.67,55671.767464669285,0.5688182495076477580876804973
2024-02-19 00:00:00+00:00,24004.650148419285,0.607375,51774.73,55451.326782169285,0.5671041336356603135811598450
2024-02-20 00:00:00+00:00,24004.650148419285,0.607375,52258.82,55745.350945919285,0.5693874064635969025210181556
2024-02-21 00:00:00+00:00,24004.650148419285,0.607375,51849.39,55496.673399669285,0.5674578550763669165175868124
2024-02-22 00:00:00+00:00,2747.270943401791,1.016826,51288.42,54898.669898321791,0.9499574224932948165296997442
2024-02-23 00:00:00+00:00,2747.270943401791,1.016826,50744.15,54345.242011301791,0.9494478110368804554086571884
2024-02-24 00:00:00+00:00,2747.270943401791,1.016826,51568.22,55183.177813121791,0.9502154270146340097459595482
2024-02-25 00:00:00+00:00,2747.270943401791,1.016826,51728.85,55346.510573501791,0.9503623459738562103560246922
2024-02-26 00:00:00+00:00,2747.270943401791,1.016826,54476.47,58140.362027621791,0.9527476120273108135245620661
2024-02-27 00:00:00+00:00,2747.270943401791,1.016826,57037.34,60744.321226241791,0.9547732053310860125851822846
2024-02-28 00:00:00+00:00,2747.270943401791,1.016826,62432.1,66229.853458001791,0.9585191450688636565548715164
2024-02-29 00:00:00+00:00,33075.458036037418,0.530415,61130.98,65500.246792737418,0.4950330776508649478730173892
2024-03-01 00:00:00+00:00,33075.458036037418,0.530415,62387.9,66166.936014537418,0.5001210570069245936322109322
2024-03-02 00:00:00+00:00,33075.458036037418,0.530415,61987.28,65954.441157237418,0.4985105255128383564427173446
2024-03-03 00:00:00+00:00,33075.458036037418,0.530415,63113.97,66552.054433587418,0.5030137188470483634739562382
2024-03-04 00:00:00+00:00,33075.458036037418,0.530415,68245.71,69274.006305687418,0.5225415736736174250707417528
2024-03-05 00:00:00+00:00,33075.458036037418,0.530415,63724.01,66875.628800187418,0.5054183619736712741224441164
2024-03-06 00:00:00+00:00,33075.458036037418,0.530415,66074.04,68122.119962637418,0.5144681631432177820042572387
2024-03-07 00:00:00+00:00,33075.458036037418,0.530415,66823.17,68519.469751587418,0.5172838004154119185096607909
2024-03-08 00:00:00+00:00,33075.458036037418,0.530415,68124.19,69209.550274887418,0.5220969085239266672023674078
2024-03-09 00:00:00+00:00,33075.458036037418,0.530415,68313.27,69309.841143087418,0.5227884310432273714457597592
2024-03-10 00:00:00+00:00,33075.458036037418,0.530415,68955.88,69650.691126237418,0.5251237640113251984932781813
2024-03-11 00:00:00+00:00,33075.458036037418,0.530415,72078.1,71306.763447537418,0.5361525830523488680410472252
2024-03-12 00:00:00+00:00,33075.458036037418,0.530415,71452.01,70974.675920187418,0.5339822604722915952513841933
2024-03-13 00:00:00+00:00,33075.458036037418,0.530415,73072.41,71834.160386187418,0.5395580896578933267126068271
2024-03-14 00:00:00+00:00,33075.458036037418,0.530415,71388.94,70941.222646137418,0.5337625036289348677978001906
2024-03-15 00:00:00+00:00,33075.458036037418,0.530415,69499.85,69939.220973787418,0.5270828359893542717492306638
2024-03-16 00:00:00+00:00,33075.458036037418,0.530415,65300.63,67711.891697487418,0.5115265988460820468375998203
2024-03-17 00:00:00+00:00,33075.458036037418,0.530415,68393.48,69352.385730237418,0.5230811789994900743934984321
2024-03-18 00:00:00+00:00,33075.458036037418,0.530415,67609.99,68936.810881887418,0.5202061480229030512487627912
2024-03-19 00:00:00+00:00,33075.458036037418,0.530415,61937.4,65927.984057037418,0.4983092762638961554847282555
2024-03-20 00:00:00+00:00,33075.458036037418,0.530415,67840.51,69059.082147687418,0.5210556380505700637892747235
2024-03-21 00:00:00+00:00,33075.458036037418,0.530415,65501.27,67818.314163087418,0.5122931254749482109971160974
2024-03-22 00:00:00+00:00,33075.458036037418,0.530415,63796.64,66914.152841637418,0.5057031041801343477123751146
2024-03-23 00:00:00+00:00,33075.458036037418,0.530415,63990.01,67016.719190187418,0.5064596053684417963475221171
2024-03-24 00:00:00+00:00,33075.458036037418,0.530415,67209.99,68724.644881887418,0.5187249334953704197805093839
2024-03-25 00:00:00+00:00,33075.458036037418,0.530415,69880.01,70140.863540187418,0.5284423891204770357510174793
2024-03-26 00:00:00+00:00,33075.458036037418,0.530415,69988.0,70198.143056037418,0.5288271655614293254691791521
2024-03-27 00:00:00+00:00,33075.458036037418,0.530415,69469.99,69923.382781887418,0.5269757165609397673222809171
2024-03-28 00:00:00+00:00,33075.458036037418,0.530415,70780.6,70618.549985037418,0.5316321555307293865558736616
2024-03-29 00:00:00+00:00,33075.458036037418,0.530415,69850.54,70125.232210137418,0.5283372761330268249273345504
2024-03-30 00:00:00+00:00,33075.458036037418,0.530415,69582.18,69982.890040737418,0.5273779345668060383841732385
2024-03-31 00:00:00+00:00,33075.458036037418,0.530415,71280.01,70883.444540187418,0.5333824668003363726606677480
2024-04-01 00:00:00+00:00,3505.834713501418,0.944714,69649.8,69304.975870701418,0.9494143866373741175902322166
2024-04-02 00:00:00+00:00,3505.834713501418,0.944714,65463.99,65350.582562361418,0.9463534282933753235093779741
2024-04-03 00:00:00+00:00,3505.834713501418,0.944714,65963.28,65822.268815421418,0.9467378627842126232145011285
2024-04-04 00:00:00+00:00,3505.834713501418,0.944714,68487.79,68207.208755561418,0.9486002318894839336988064336
2024-04-05 00:00:00+00:00,3505.834713501418,0.944714,67820.62,67576.923916181418,0.9481208301542423497729999525
2024-04-06 00:00:00+00:00,3505.834713501418,0.944714,68896.0,68592.850457501418,0.9488892108999967268942818566
2024-04-07 00:00:00+00:00,3505.834713501418,0.944714,69360.39,69031.566191961418,0.9492140348698960107738728723
2024-04-08 00:00:00+00:00,3505.834713501418,0.944714,71620.0,71166.251393501418,0.9507373980664442435674141657
2024-04-09 00:00:00+00:00,3505.834713501418,0.944714,69146.0,68829.028957501418,0.9490645913998568737749200579
2024-04-10 00:00:00+00:00,3505.834713501418,0.944714,70631.08,70232.004824621418,0.9500820925978697345093179421
2024-04-11 00:00:00+00:00,3505.834713501418,0.944714,70006.23,69641.700281721418,0.9496589730101466148465325700
2024-04-12 00:00:00+00:00,3505.834713501418,0.944714,67116.52,66911.750788781418,0.9476050966807280953815764743
2024-04-13 00:00:00+00:00,3505.834713501418,0.944714,63924.51,63896.214253641418,0.9451323563617601652379878206
2024-04-14 00:00:00+00:00,25529.847137918938,0.599734,65661.84,64909.485088478938,0.6066854158045025116056490381
2024-04-15 00:00:00+00:00,3216.558870670038,0.939114,63419.99,62775.159359530038,0.9487606418926322491264026197
2024-04-16 00:00:00+00:00,25081.629127117833,0.593899,63793.39,62968.459654727833,0.6016794874029503096481294859
2024-04-17 00:00:00+00:00,25081.629127117833,0.593899,61277.37,61474.197892747833,0.5919974560566533949831009000
2024-04-18 00:00:00+00:00,25081.629127117833,0.593899,63470.08,62776.446169037833,0.6004611497187870184758099082
2024-04-19 00:00:00+00:00,25081.629127117833,0.593899,63818.01,62983.081448107833,0.6017719592239584372188401361
2024-04-20 00:00:00+00:00,25081.629127117833,0.593899,64940.59,63649.780587527833,0.6059431957879745579261480640
2024-04-21 00:00:00+00:00,25081.629127117833,0.593899,64941.15,63650.113170967833,0.6059452548065838134346364991
2024-04-22 00:00:00+00:00,25081.629127117833,0.593899,66819.32,64765.556455797833,0.6127319751473776202587595334
2024-04-23 00:00:00+00:00,25081.629127117833,0.593899,66414.0,64524.837313117833,0.6112872163411287885727408339
2024-04-24 00:00:00+00:00,25081.629127117833,0.593899,64289.59,63263.152338527833,0.6035349456994590262051670550
2024-04-25 00:00:00+00:00,25081.629127117833,0.593899,64498.34,63387.128754777833,0.6043103762571467782735968718
2024-04-26 00:00:00+00:00,25081.629127117833,0.593899,63770.01,62954.574296107833,0.6015916332124494264472470533
2024-04-27 00:00:00+00:00,25081.629127117833,0.593899,63461.98,62771.635587137833,0.6004305305650317920985643916
2024-04-28 00:00:00+00:00,25081.629127117833,0.593899,63118.62,62567.714426497833,0.5991282507756811980551407061
2024-04-29 00:00:00+00:00,25081.629127117833,0.593899,63866.0,63011.582661117833,0.6019520845554828680360127764
2024-04-30 00:00:00+00:00,25081.629127117833,0.593899,60672.0,61114.669255117833,0.5895972369184103831861961854
2024-05-01 00:00:00+00:00,25081.629127117833,0.593899,58364.97,59744.526445147833,0.5801853220789091395279718436
2024-05-02 00:00:00+00:00,25081.629127117833,0.593899,59060.61,60157.666345507833,0.5830684491139547145324211302
2024-05-03 00:00:00+00:00,25081.629127117833,0.593899,62882.01,62427.191984107833,0.5982258959604831471889465023
2024-05-04 00:00:00+00:00,25081.629127117833,0.593899,63892.04,63027.047791077833,0.6020497547297715641062925014
2024-05-05 00:00:00+00:00,3122.883334517112,0.937138,64012.0,63110.960990517112,0.9505175759407886645027952203
2024-05-06 00:00:00+00:00,3122.883334517112,0.937138,63165.19,62317.383160737112,0.9498874443032666419517659753
2024-05-07 00:00:00+00:00,3122.883334517112,0.937138,62312.08,61517.901361557112,0.9492361854777344593206128503
2024-05-08 00:00:00+00:00,3122.883334517112,0.937138,61193.03,60469.197082657112,0.9483557995610831157528022418
2024-05-09 00:00:00+00:00,3122.883334517112,0.937138,63074.01,62231.934917897112,0.9498186367073891105892731267
2024-05-10 00:00:00+00:00,3122.883334517112,0.937138,60799.99,60100.864363137112,0.9480392941497770923880803315
2024-05-11 00:00:00+00:00,3122.883334517112,0.937138,60825.99,60125.229951137112,0.9480603510863071418166866755
2024-05-12 00:00:00+00:00,3122.883334517112,0.937138,61483.99,60741.866755137112,0.9485876298944500105179540291
2024-05-13 00:00:00+00:00,3122.883334517112,0.937138,62940.08,62106.424025557112,0.9497172251741296602086693765
2024-05-14 00:00:00+00:00,3122.883334517112,0.937138,61577.49,60829.489158137112,0.9486616873207891077638905192
2024-05-15 00:00:00+00:00,3122.883334517112,0.937138,66206.5,65167.510331517112,0.9520791370020041291380206624
2024-05-16 00:00:00+00:00,3122.883334517112,0.937138,65235.21,64257.277563497112,0.9514003167745291967735832077
2024-05-17 00:00:00+00:00,3122.883334517112,0.937138,67024.0,65933.620646517112,0.9526359495520579198931564803
2024-05-18 00:00:00+00:00,3122.883334517112,0.937138,66915.2,65831.660032117112,0.9525625917226823773642095178
2024-05-19 00:00:00+00:00,3122.883334517112,0.937138,66274.01,65230.776517897112,0.9521256146067753959254755273
2024-05-20 00:00:00+00:00,3122.883334517112,0.937138,71446.62,70078.225908077112,0.9554371804643933899077899256
2024-05-21 00:00:00+00:00,3122.883334517112,0.937138,70148.34,68861.558385437112,0.9546498306495262030399825710
2024-05-22 00:00:00+00:00,3122.883334517112,0.937138,69166.62,67941.551268077112,0.9540357369499094139560722664
2024-05-23 00:00:00+00:00,3122.883334517112,0.937138,67969.65,66819.825196217112,0.9532641199622008499393016977
2024-05-24 00:00:00+00:00,3122.883334517112,0.937138,68549.99,67363.683863137112,0.9536414406780086684046695612
2024-05-25 00:00:00+00:00,33642.125267437395,0.491347,69290.57,67687.838965227395,0.5029812477139352646368843885
2024-05-26 00:00:00+00:00,33642.125267437395,0.491347,68507.67,67303.163398927395,0.5001405050156446763152043097
2024-05-27 00:00:00+00:00,33642.125267437395,0.491347,69436.43,67759.506838647395,0.5035069344948474243814671054
2024-05-28 00:00:00+00:00,3348.647961147505,0.927057,68398.39,66757.854199377505,0.9498388915984850507796219572
2024-05-29 00:00:00+00:00,3348.647961147505,0.927057,67652.42,66066.297489087505,0.9493138243186608476327626035
2024-05-30 00:00:00+00:00,3348.647961147505,0.927057,68352.17,66715.005624837505,0.9498066749783675647505517217
2024-05-31 00:00:00+00:00,3348.647961147505,0.927057,67540.01,65962.087011717505,0.9492337475533081422495830685
2024-06-01 00:00:00+00:00,3348.647961147505,0.927057,67766.85,66172.380621597505,0.9493950810037116148583436845
2024-06-02 00:00:00+00:00,3348.647961147505,0.927057,67765.63,66171.249612057505,0.9493942160563743455878334516
2024-06-03 00:00:00+00:00,3348.647961147505,0.927057,68809.9,67139.347425447505,0.9501239125854493632427266399
2024-06-04 00:00:00+00:00,3348.647961147505,0.927057,70537.84,68741.246298027505,0.9512861907299520005179754309
2024-06-05 00:00:00+00:00,3348.647961147505,0.927057,71108.0,69269.817117147505,0.9516579067116006761677055713
2024-06-06 00:00:00+00:00,3348.647961147505,0.927057,70799.06,68983.412127567505,0.9514572002475751540113941494
2024-06-07 00:00:00+00:00,3348.647961147505,0.927057,69355.6,67645.242430347505,0.9504969183221492901137712947
2024-06-08 00:00:00+00:00,3348.647961147505,0.927057,69310.46,67603.395077367505,0.9504662752911269573677824711
2024-06-09 00:00:00+00:00,3348.647961147505,0.927057,69648.14,67916.443685127505,0.9506945920685655772501348036
2024-06-10 00:00:00+00:00,3348.647961147505,0.927057,69540.0,67816.191741147505,0.9506217044164142980682454127
2024-06-11 00:00:00+00:00,3348.647961147505,0.927057,67314.24,65752.785352827505,0.9490721504316697931229722651
2024-06-12 00:00:00+00:00,3348.647961147505,0.927057,68263.99,66633.257738577505,0.9497450961457525106822407662
2024-06-13 00:00:00+00:00,3348.647961147505,0.927057,66773.01,65251.034292717505,0.9486805382099324251801345291
2024-06-14 00:00:00+00:00,3348.647961147505,0.927057,66043.99,64575.191198577505,0.9481434294038718895440120779
2024-06-15 00:00:00+00:00,3348.647961147505,0.927057,66228.25,64746.010721397505,0.9482802426923759298978504104
2024-06-16 00:00:00+00:00,3348.647961147505,0.927057,66676.87,65161.907032737505,0.9486103443923896227807209934
2024-06-17 00:00:00+00:00,3348.647961147505,0.927057,66504.33,65001.952617957505,0.9484838866175474836989121150
2024-06-18 00:00:00+00:00,3348.647961147505,0.927057,65175.32,63769.884594387505,0.9474885679588915995972562777
2024-06-19 00:00:00+00:00,3348.647961147505,0.927057,64974.37,63583.592490237505,0.9473347159227964419834050844
2024-06-20 00:00:00+00:00,3348.647961147505,0.927057,64869.99,63486.826280577505,0.9472544438377138518131560484
2024-06-21 00:00:00+00:00,3348.647961147505,0.927057,64143.56,62813.384264067505,0.9466889421676471535222513159
2024-06-22 00:00:00+00:00,3348.647961147505,0.927057,64262.01,62923.194165717505,0.9467819775275815290807253096
2024-06-23 00:00:00+00:00,3348.647961147505,0.927057,63210.01,61947.930201717505,0.9459441509951423072880179637
2024-06-24 00:00:00+00:00,3348.647961147505,0.927057,60293.3,59243.973779247505,0.9434769859694911524308812535
2024-06-25 00:00:00+00:00,3348.647961147505,0.927057,61806.01,60646.342173717505,0.9447840077220894776245182695
2024-06-26 00:00:00+00:00,3348.647961147505,0.927057,60864.99,59773.962995577505,0.9439781504633503830176596247
2024-06-27 00:00:00+00:00,3348.647961147505,0.927057,61706.47,60554.062919937505,0.9446998632350240160888096660
2024-06-28 00:00:00+00:00,3348.647961147505,0.927057,60427.84,59368.700028027505,0.9435957337862100038122500608
2024-06-29 00:00:00+00:00,3348.647961147505,0.927057,60986.68,59886.776561907505,0.9440836833539393233554252928
2024-06-30 00:00:00+00:00,3348.647961147505,0.927057,62772.01,61541.879235717505,0.9455874925703596975339146721
2024-07-01 00:00:00+00:00,3348.647961147505,0.927057,62899.99,61660.523990577505,0.9456921909768522230044369261
2024-07-02 00:00:00+00:00,3348.647961147505,0.927057,62135.47,60951.770372937505,0.9450606940428706613455762240
2024-07-03 00:00:00+00:00,3348.647961147505,0.927057,60208.58,59165.433510207505,0.9434019534299570346823191352
2024-07-04 00:00:00+00:00,3348.647961147505,0.927057,57050.01,56237.259081717505,0.9404549934362619695173496156
2024-07-05 00:00:00+00:00,22470.029769696775,0.591452,56628.79,55963.240872776775,0.5984859093350456150790499906
2024-07-06 00:00:00+00:00,22470.029769696775,0.591452,58230.13,56910.356618456775,0.6051680027179894763940853567
2024-07-07 00:00:00+00:00,22763.767799824156,0.586401,55857.81,55518.843441634156,0.5899812318000599659135576043
2024-07-08 00:00:00+00:00,22206.868556575735,0.596358,56714.62,56029.085910535735,0.6036546340942545118991664549
2024-07-09 00:00:00+00:00,22411.398777892012,0.592747,58050.0,56820.362127892012,0.6055745169760068865455366785
2024-07-10 00:00:00+00:00,22727.765815387012,0.587290,57725.85,56629.580261887012,0.5986591157786964509034877747
2024-07-11 00:00:00+00:00,22651.757640296437,0.588605,57339.89,56402.303593746437,0.5983894948076565157228410242
2024-07-12 00:00:00+00:00,22560.813180234949,0.590189,57889.1,56726.323220134949,0.6022867004321018289340027543
2024-07-13 00:00:00+00:00,22690.373982639052,0.587948,59204.02,57499.259133599052,0.6053797157643691351544343931
2024-07-14 00:00:00+00:00,22999.312791651127,0.582723,60797.91,58427.653300581127,0.6063625442334447882704413003
2024-07-15 00:00:00+00:00,23370.608698315582,0.576608,64724.14,60691.065615435582,0.6149250559151209544023488932
2024-07-16 00:00:00+00:00,24275.244360829972,0.562613,65043.99,60869.838706699972,0.6011942059219226361078049670
2024-07-17 00:00:00+00:00,24347.869017880372,0.561495,64087.99,60332.954962930372,0.5964416290758486686679890606
2024-07-18 00:00:00+00:00,24132.959319488309,0.564844,63987.92,60276.152003968309,0.5996267426311569424766215372
2024-07-19 00:00:00+00:00,2986.355417697805,0.894893,66660.0,62639.922797697805,0.9523250463232122303959810688
2024-07-20 00:00:00+00:00,2986.355417697805,0.894893,67139.96,63069.435641977805,0.9526497203074678506815205196
2024-07-21 00:00:00+00:00,2986.355417697805,0.894893,68165.34,63987.041026317805,0.9533287464180517419281080020
2024-07-22 00:00:00+00:00,2986.355417697805,0.894893,67532.01,63420.278442627805,0.9529116634137870235172517384
2024-07-23 00:00:00+00:00,2986.355417697805,0.894893,65936.01,61992.029214627805,0.9518267839344556156395288715
2024-07-24 00:00:00+00:00,2986.355417697805,0.894893,65376.0,61490.880185697805,0.9514341735119218065645991599
2024-07-25 00:00:00+00:00,2986.355417697805,0.894893,65799.95,61870.270073047805,0.9517319802520349094045573599
2024-07-26 00:00:00+00:00,2986.355417697805,0.894893,67907.99,63756.740312767805,0.9531601615288389661262415921
2024-07-27 00:00:00+00:00,2986.355417697805,0.894893,67896.5,63746.457992197805,0.9531526062504787716789606447
2024-07-28 00:00:00+00:00,2986.355417697805,0.894893,68249.88,64062.695280537805,0.9533838624082203210085972373
2024-07-29 00:00:00+00:00,2986.355417697805,0.894893,66784.69,62751.507005867805,0.9524098215295681247492541097
2024-07-30 00:00:00+00:00,2986.355417697805,0.894893,66188.0,62217.533301697805,0.9520013851526911512623538098
2024-07-31 00:00:00+00:00,2986.355417697805,0.894893,64628.0,60821.500221697805,0.9508996751672949407725508881
2024-08-01 00:00:00+00:00,2986.355417697805,0.894893,65354.02,61471.210437557805,0.9514186332684739927999878969
2024-08-02 00:00:00+00:00,2986.355417697805,0.894893,61498.33,58020.780446387805,0.9485295545023347529639367525
2024-08-03 00:00:00+00:00,2986.355417697805,0.894893,60697.99,57304.561782767805,0.9478862532965771802590768751
2024-08-04 00:00:00+00:00,2986.355417697805,0.894893,58161.0,55034.227190697805,0.9457363976902981639381083765
2024-08-05 00:00:00+00:00,21988.990985202805,0.567743,54018.81,52657.792231032805,0.5824171494177449044941777646
2024-08-06 00:00:00+00:00,21061.958852100031,0.584882,56022.01,53828.224104920031,0.6087190465164367817374953863
2024-08-07 00:00:00+00:00,21530.701010089231,0.576504,55134.16,53315.764786729231,0.5961663291108146241804937267
2024-08-08 00:00:00+00:00,21530.701010089231,0.576504,61685.99,57092.920989049231,0.6228831764586199711061303968
2024-08-09 00:00:00+00:00,22835.512027765231,0.555324,60837.99,56620.307986525231,0.5966904306984742244456255665
2024-08-10 00:00:00+00:00,22835.512027765231,0.555324,60923.51,56667.799295005231,0.5970284303986023875162838174
2024-08-11 00:00:00+00:00,22835.512027765231,0.555324,58712.59,55440.022356925231,0.5881042060057402289510199230
2024-08-12 00:00:00+00:00,22835.512027765231,0.555324,59346.64,55792.125539125231,0.5907036735542291235999279954
2024-08-13 00:00:00+00:00,22835.512027765231,0.555324,60587.15,56481.010514365231,0.5956957600474002284572887514
2024-08-14 00:00:00+00:00,22835.512027765231,0.555324,58683.39,55423.806896125231,0.5879836967791958188419826463
2024-08-15 00:00:00+00:00,22835.512027765231,0.555324,57541.06,54789.443631205231,0.5832132886496532081121169402
2024-08-16 00:00:00+00:00,22835.512027765231,0.555324,58874.6,55529.990398165231,0.5887715473381436021847044728
2024-08-17 00:00:00+00:00,22835.512027765231,0.555324,59491.99,55872.841882525231,0.5912949608724438778208988011
2024-08-18 00:00:00+00:00,22835.512027765231,0.555324,58427.35,55281.621739165231,0.5869239846922397097494693767
2024-08-19 00:00:00+00:00,22111.709131438771,0.567696,59438.5,55854.707827438771,0.6041209417878946243807514616
2024-08-20 00:00:00+00:00,22341.615175035121,0.563823,59013.8,55614.952932435121,0.5982804264497489482935585196
2024-08-21 00:00:00+00:00,22245.888535972321,0.565443,61156.03,56826.137607262321,0.6085271765306583199279532406
2024-08-22 00:00:00+00:00,22729.858937196085,0.557519,60375.84,56390.536878156085,0.5969206857117028924835108723
2024-08-23 00:00:00+00:00,22555.992316962881,0.560395,64037.24,58442.141426762881,0.6140457593391053671119053898
2024-08-24 00:00:00+00:00,23375.818535129453,0.547576,64157.01,58506.657442889453,0.6004588271352287057019340808
2024-08-25 00:00:00+00:00,23402.665380180659,0.547157,64220.0,58541.087920180659,0.6002352157840042086145036162
2024-08-26 00:00:00+00:00,23416.454728543454,0.546942,62834.0,57783.008356543454,0.5947518934276510084809951453
2024-08-27 00:00:00+00:00,23416.454728543454,0.546942,59415.0,55913.013658543454,0.5811984867861716028835933631
2024-08-28 00:00:00+00:00,23416.454728543454,0.546942,59034.9,55705.121004343454,0.5796355109484885567599564784
2024-08-29 00:00:00+00:00,23416.454728543454,0.546942,59359.01,55882.390375963454,0.5809689855605118807873791241
2024-08-30 00:00:00+00:00,23416.454728543454,0.546942,59123.99,55753.848067123454,0.5800028959373028798780967236
2024-08-31 00:00:00+00:00,22300.104277710195,0.565799,58973.99,55667.528845720195,0.5994055288584152551157458088
2024-09-01 00:00:00+00:00,22266.976853971995,0.566360,57301.86,54720.458283571995,0.5930776614007833115476734822
2024-09-02 00:00:00+00:00,21887.719760162385,0.572970,59132.13,55768.656286262385,0.6075264993330306427005473996
2024-09-03 00:00:00+00:00,22306.952967446541,0.565871,57487.73,54837.592230276541,0.5932178627797121817397677457
2024-09-04 00:00:00+00:00,21934.581322739463,0.572340,57970.9,55113.646228739463,0.6020117915678477536598209591
2024-09-05 00:00:00+00:00,22045.335486608253,0.570427,56180.0,54091.924346608253,0.5924468254198730451115366566
2024-09-06 00:00:00+00:00,22045.335486608253,0.570427,53962.97,52827.270574798253,0.5826902422415670300471795561
2024-09-07 00:00:00+00:00,22045.335486608253,0.570427,54160.86,52940.152373828253,0.5835800522269238779359811273
2024-09-08 00:00:00+00:00,21174.977848533471,0.586476,54869.95,53354.886644733471,0.6031295504472109916512623621
2024-09-09 00:00:00+00:00,21341.784844967331,0.583432,57042.0,54621.912988967331,0.6092816293475844125849745463
2024-09-10 00:00:00+00:00,21848.115143646987,0.574544,57635.99,54962.527382206987,0.6024907116858699089846791726
2024-09-11 00:00:00+00:00,21984.880229841075,0.572168,57338.0,54791.849013841075,0.5987563729727859363708586818
2024-09-12 00:00:00+00:00,21916.674133033875,0.573356,58132.32,55247.188598953875,0.6032979290198872680011074730
2024-09-13 00:00:00+00:00,22098.682006654470,0.570221,60498.0,56595.912064654470,0.6095357208589693019134561351
2024-09-14 00:00:00+00:00,22637.682962105043,0.561300,59993.03,56311.770701105043,0.5979937643541227016797897848
2024-09-15 00:00:00+00:00,22524.569248531385,0.563183,59132.0,55826.706404531385,0.5965269904100397823856003420
2024-09-16 00:00:00+00:00,22330.482567426585,0.566461,58213.99,55306.437556816585,0.5962408075102221776556630189
2024-09-17 00:00:00+00:00,22122.330162330808,0.570032,60313.99,56503.234510010808,0.6084767473194593153799076428
2024-09-18 00:00:00+00:00,22600.721153089654,0.562090,61759.99,57315.393932189654,0.6056779932485718284824373657
2024-09-19 00:00:00+00:00,22925.773130066674,0.556820,62947.99,57976.472921866674,0.6045676465872092809069501378
2024-09-20 00:00:00+00:00,23190.251097159874,0.552613,63201.05,58115.972940809874,0.6009659664344129844468864917
2024-09-21 00:00:00+00:00,23246.363789156389,0.551724,63348.96,58197.505396196389,0.6005608207619892199712623864
2024-09-22 00:00:00+00:00,23279.009363187313,0.551208,63578.76,58324.130505267313,0.6008682999383083575064535114
2024-09-23 00:00:00+00:00,23329.615760954077,0.550411,63339.99,58192.642996844077,0.5990968177503246145112374035
2024-09-24 00:00:00+00:00,23277.038647736854,0.551240,64262.7,58701.209395736854,0.6034657737489930267006547335
2024-09-25 00:00:00+00:00,23480.229863516194,0.548074,63152.01,58092.204592256194,0.5958110037599407068428291566
2024-09-26 00:00:00+00:00,23236.588846883305,0.551927,65173.99,59207.873625613305,0.6075422503126144196192964025
2024-09-27 00:00:00+00:00,23682.580482529981,0.545075,65769.95,59532.135978779981,0.6021882955623908249052503171
2024-09-28 00:00:00+00:00,23812.701376127746,0.543094,65858.0,59579.786028127746,0.6003224757321934973803648318
2024-09-29 00:00:00+00:00,23831.906912430946,0.542802,65602.01,59440.809144450946,0.5990648974088577572000668462
2024-09-30 00:00:00+00:00,23831.906912430946,0.542802,63327.59,58206.249419610946,0.5905610282389804618728943402
2024-10-01 00:00:00+00:00,23831.906912430946,0.542802,60805.78,56837.405907990946,0.5807003058688091043510988837
2024-10-02 00:00:00+00:00,39765.161628648466,0.280422,60649.28,56772.554024808466,0.2995706761532713688740259326
2024-10-03 00:00:00+00:00,39740.809654914015,0.280823,60752.71,56801.567935244015,0.3003571714742086783700457893
2024-10-04 00:00:00+00:00,39761.074684562991,0.280489,62086.0,57175.514738562991,0.3045786318431609494796532351
2024-10-05 00:00:00+00:00,40022.550984902391,0.276272,62058.0,57167.438760902391,0.2999065227971281435975701343
2024-10-06 00:00:00+00:00,40017.207057956873,0.276358,62819.91,57377.991745736873,0.3025687055188697645182491543
2024-10-07 00:00:00+00:00,40164.453716899472,0.274011,62224.0,57214.514180899472,0.2980023637025306157710305211
2024-10-08 00:00:00+00:00,40050.061918272404,0.275847,62160.49,57196.846603302404,0.2997854899930792198377050950
2024-10-09 00:00:00+00:00,40037.800380468354,0.276044,60636.02,56776.009885348354,0.2948113039060089156006234229
2024-10-10 00:00:00+00:00,39742.847703230800,0.280902,60326.39,56688.651307010800,0.2989276197806504922660210745
2024-10-11 00:00:00+00:00,39682.020045140560,0.281909,62540.0,57312.608905140560,0.3076214675409524655021886710
2024-10-12 00:00:00+00:00,40118.293980911365,0.274924,63206.22,57495.200808191365,0.3022323008358691549967347998
2024-10-13 00:00:00+00:00,40246.498950632296,0.272893,62870.02,57403.287318492296,0.2988816349953705932918174245
2024-10-14 00:00:00+00:00,40182.225212834750,0.273914,66083.99,58283.555249694750,0.3105735392995746012400503853
2024-10-15 00:00:00+00:00,40797.723407635550,0.264588,67074.14,58544.735961955550,0.3031359226874409247295301133
2024-10-16 00:00:00+00:00,40981.133659261634,0.261850,67620.01,58687.433277761634,0.3017051288424540638289534773
2024-10-17 00:00:00+00:00,41081.081158381634,0.260370,67421.78,58635.690016981634,0.2993843656229842997953686336
2024-10-18 00:00:00+00:00,41044.963614233644,0.260905,68428.0,58898.170954233644,0.3031198940604232512118519950
2024-10-19 00:00:00+00:00,23536.554236177986,0.516439,68378.0,58849.620178177986,0.6000559703713165133770303271
2024-10-20 00:00:00+00:00,23536.554236177986,0.516439,69031.99,59187.366119787986,0.6023382052760570473625495055
2024-10-21 00:00:00+00:00,23674.783464269986,0.514434,67377.5,58336.060299269986,0.5941655411281476127269623580
2024-10-22 00:00:00+00:00,23334.017290891736,0.519485,67426.0,58360.812900891736,0.6001766231303608332500835428
2024-10-23 00:00:00+00:00,23344.320059388347,0.519332,66668.65,57967.483401188347,0.5972859491273036192254710876
2024-10-24 00:00:00+00:00,23186.844261289392,0.521691,68198.28,58765.273152769392,0.6054328854898434009982562568
2024-10-25 00:00:00+00:00,23505.733465839210,0.517009,66698.33,57989.370360809210,0.5946544458133137018579521687
2024-10-26 00:00:00+00:00,23195.383441578258,0.521656,67092.76,58194.724252138258,0.6014177618390212349774235442
2024-10-27 00:00:00+00:00,23277.800255055018,0.520426,68021.7,58678.061499255018,0.6032963656212372478094430670
2024-10-28 00:00:00+00:00,23471.002451622750,0.517582,69962.21,59682.183027842750,0.6067335130708417699625166243
2024-10-29 00:00:00+00:00,23872.412835307365,0.511837,72736.42,61101.603838847365,0.6092997346146634340066378949
2024-10-30 00:00:00+00:00,24439.963630194636,0.504024,72344.74,60903.448863954636,0.5987096940144010276416005446
2024-10-31 00:00:00+00:00,24439.963630194636,0.504024,70292.01,59868.823678434636,0.5917747814544390082627500602
2024-11-01 00:00:00+00:00,23946.927985955571,0.511029,69496.01,59461.404480245571,0.5972693851536708263070349175
2024-11-02 00:00:00+00:00,23784.374284502771,0.513365,69374.74,59398.937684602771,0.5995824974043586139239459021
2024-11-03 00:00:00+00:00,23759.575305505937,0.513722,68775.99,59091.314440285937,0.5979176376332615088879728448
2024-11-04 00:00:00+00:00,23759.575305505937,0.513722,67850.01,58615.618142725937,0.5946545296570510450542908366
2024-11-05 00:00:00+00:00,23759.575305505937,0.513722,69372.01,59397.503026725937,0.5999903346978187974376158672
2024-11-06 00:00:00+00:00,23759.575305505937,0.513722,75571.99,62582.569152285937,0.6203483553433172332719990840
2024-11-07 00:00:00+00:00,25031.383406311400,0.496871,75857.89,62722.969068501400,0.6009215797968050666368669093
2024-11-08 00:00:00+00:00,25089.187732940309,0.496108,76509.78,63046.301669180309,0.6020513960582566255846548284
2024-11-09 00:00:00+00:00,25218.397579470935,0.494417,76677.46,63129.037320290935,0.6005261817707896882484333645
2024-11-10 00:00:00+00:00,25251.632335688003,0.493983,80370.01,64953.050985518003,0.6112325448527717024541342213
2024-11-11 00:00:00+00:00,25251.632335688003,0.493983,88647.99,69042.232379858003,0.6342581711906700482261341616
2024-11-12 00:00:00+00:00,25251.632335688003,0.493983,87952.01,68698.430091518003,0.6324278109114206788091834061
2024-11-13 00:00:00+00:00,25251.632335688003,0.493983,90375.2,69895.444757288003,0.6387227748049344303092557896
2024-11-14 00:00:00+00:00,25251.632335688003,0.493983,87325.59,68388.989260658003,0.6307646507328269727307832368
2024-11-15 00:00:00+00:00,25251.632335688003,0.493983,91032.07,70219.927370498003,0.6403922179746208238533526257
2024-11-16 00:00:00+00:00,25251.632335688003,0.493983,90586.92,70000.030838048003,0.6392625541250095624652778552
2024-11-17 00:00:00+00:00,25251.632335688003,0.493983,89855.99,69638.963843858003,0.6373921876220572300229322358
2024-11-18 00:00:00+00:00,25251.632335688003,0.493983,90464.08,69939.349966328003,0.6389495706230427938659765223
2024-11-19 00:00:00+00:00,25251.632335688003,0.493983,92310.79,70851.593312258003,0.6435982430995065682636034550
2024-11-20 00:00:00+00:00,25251.632335688003,0.493983,94286.56,71827.590104168003,0.6484410475269070146428970750
2024-11-21 00:00:00+00:00,25251.632335688003,0.493983,98317.12,73818.618224648003,0.6579232591588053531796398240
2024-11-22 00:00:00+00:00,25251.632335688003,0.493983,98892.0,74102.599171688003,0.6592341885716774745620362389
2024-11-23 00:00:00+00:00,25251.632335688003,0.493983,97672.4,73500.137504888003,0.6564410191204242893996804933
2024-11-24 00:00:00+00:00,25251.632335688003,0.493983,97900.04,73612.587795008003,0.6569658384241665186306074134
2024-11-25 00:00:00+00:00,3652.684741846163,0.714319,93010.01,70091.502075036163,0.9478869102001010522025744980
2024-11-26 00:00:00+00:00,3652.684741846163,0.714319,91965.16,69345.145867886163,0.9473260212213681914159987226
2024-11-27 00:00:00+00:00,3652.684741846163,0.714319,95863.11,72129.525613936163,0.9493593682925813267500203126
2024-11-28 00:00:00+00:00,3652.684741846163,0.714319,95643.98,71972.996891466163,0.9492492337458958615791969988
2024-11-29 00:00:00+00:00,3652.684741846163,0.714319,97460.0,73270.214481846163,0.9501477542043885712350758139
2024-11-30 00:00:00+00:00,3652.684741846163,0.714319,96407.99,72518.743750656163,0.9496311635733056554336167612
2024-12-01 00:00:00+00:00,3652.684741846163,0.714319,97185.18,73073.905334266163,0.9500138288060905277752605154
2024-12-02 00:00:00+00:00,3652.684741846163,0.714319,95840.62,72113.460579626163,0.9493480868552557464958327513
2024-12-03 00:00:00+00:00,3652.684741846163,0.714319,95849.69,72119.939452956163,0.9493526371548216664523349224
2024-12-04 00:00:00+00:00,3652.684741846163,0.714319,98587.32,74075.480576926163,0.9506896922787708379339292046
2024-12-05 00:00:00+00:00,3652.684741846163,0.714319,96945.63,72902.790217816163,0.9498965028508125478039653819
2024-12-06 00:00:00+00:00,3652.684741846163,0.714319,99740.84,74899.461829806163,0.9512321630541732290146407288
2024-12-07 00:00:00+00:00,3652.684741846163,0.714319,99831.99,74964.572006656163,0.9512745201623796603021012981
2024-12-08 00:00:00+00:00,3652.684741846163,0.714319,101109.59,75877.185961056163,0.9518605665776680589015037106
2024-12-09 00:00:00+00:00,3652.684741846163,0.714319,97276.47,73139.115515776163,0.9500583960294368597432799321
2024-12-10 00:00:00+00:00,3652.684741846163,0.714319,96593.0,72650.899908846163,0.9497227873786955998604735245
2024-12-11 00:00:00+00:00,3652.684741846163,0.714319,101125.0,75888.193616846163,0.9518675492489873169275310313
2024-12-12 00:00:00+00:00,3652.684741846163,0.714319,100004.29,75087.649170356163,0.9513543867439626059018103902
2024-12-13 00:00:00+00:00,3652.684741846163,0.714319,101424.25,76101.953577596163,0.9520027467084434263565114713
2024-12-14 00:00:00+00:00,3652.684741846163,0.714319,101420.0,76098.917721846163,0.9520008319277638642365404679
2024-12-15 00:00:00+00:00,3652.684741846163,0.714319,104463.99,78273.297614656163,0.9533342167359738057853364279
2024-12-16 00:00:00+00:00,3652.684741846163,0.714319,106058.66,79412.400694386163,0.9540035975501697771247488864
2024-12-17 00:00:00+00:00,3652.684741846163,0.714319,106133.74,79466.031764906163,0.9540346402013336238538495813
2024-12-18 00:00:00+00:00,3652.684741846163,0.714319,100204.01,75230.312961036163,0.9514466363613562481573372950
2024-12-19 00:00:00+00:00,3652.684741846163,0.714319,97461.86,73271.543115186163,0.9501486581754668628333566189
2024-12-20 00:00:00+00:00,3652.684741846163,0.714319,97805.44,73516.968837206163,0.9503150796391706270347076179
2024-12-21 00:00:00+00:00,3652.684741846163,0.714319,97291.99,73150.201746656163,0.9500659648964927936902319449
2024-12-22 00:00:00+00:00,3652.684741846163,0.714319,95186.27,71646.045941976163,0.9490176367192077098451535333
2024-12-23 00:00:00+00:00,3652.684741846163,0.714319,94881.47,71428.321510776163,0.9488622346908278657286855651
2024-12-24 00:00:00+00:00,3652.684741846163,0.714319,98663.58,74129.954543866163,0.9507259276722650826448599710
2024-12-25 00:00:00+00:00,3652.684741846163,0.714319,99429.6,74677.137184246163,0.9510869741453247509266954122
2024-12-26 00:00:00+00:00,3652.684741846163,0.714319,95791.6,72078.444662246163,0.9493234800090047437515355215
2024-12-27 00:00:00+00:00,3652.684741846163,0.714319,94299.03,71012.273552416163,0.9485626278512261219582244729
2024-12-28 00:00:00+00:00,3652.684741846163,0.714319,95300.0,71727.285441846163,0.9490753801800066023647463226
2024-12-29 00:00:00+00:00,3652.684741846163,0.714319,93738.2,70611.662027646163,0.9482708006445727177082963658
2024-12-30 00:00:00+00:00,3652.684741846163,0.714319,92792.05,69935.809105796163,0.9477708946453951214525873366
2024-12-31 00:00:00+00:00,3652.684741846163,0.714319,93576.0,70495.799485846163,0.9481857817276115437245334339
2025-01-01 00:00:00+00:00,3652.684741846163,0.714319,94591.79,71221.397582856163,0.9487136609809323983770063668
2025-01-02 00:00:00+00:00,3652.684741846163,0.714319,96984.79,72930.762949856163,0.9499157201418888080813372166
2025-01-03 00:00:00+00:00,3652.684741846163,0.714319,98174.18,73780.366825266163,0.9504924562045509195173241552
2025-01-04 00:00:00+00:00,3652.684741846163,0.714319,98220.5,73813.454081346163,0.9505146482127672889091001409
2025-01-05 00:00:00+00:00,3652.684741846163,0.714319,98363.61,73915.680273436163,0.9505830869940749794853396989
2025-01-06 00:00:00+00:00,3652.684741846163,0.714319,102235.6,76681.516298246163,0.9523655123401660469390866727
2025-01-07 00:00:00+00:00,3652.684741846163,0.714319,96954.61,72909.204802436163,0.9499009109790192986305430039
2025-01-08 00:00:00+00:00,3652.684741846163,0.714319,95060.61,71556.284616436163,0.9489536836432231778589235194
2025-01-09 00:00:00+00:00,3652.684741846163,0.714319,92552.49,69764.686846156163,0.9476427845236229910481556104
2025-01-10 00:00:00+00:00,27874.350487996787,0.452271,94726.11,70716.222983806787,0.6058280644544647539941277203
2025-01-11 00:00:00+00:00,3504.259998842237,0.709206,94599.99,70595.140506782237,0.9503611725440850322014462506
2025-01-12 00:00:00+00:00,3504.259998842237,0.709206,94545.06,70556.183821202237,0.9503337651066496354796683909
2025-01-13 00:00:00+00:00,3504.259998842237,0.709206,94536.1,70549.829335442237,0.9503292916247807848089634478
2025-01-14 00:00:00+00:00,3504.259998842237,0.709206,96560.86,71985.801276002237,0.9513201223473712285150768811
2025-01-15 00:00:00+00:00,3504.259998842237,0.709206,100497.35,74777.583602942237,0.9531375603489766069928409416
2025-01-16 00:00:00+00:00,3504.259998842237,0.709206,99987.3,74415.853082642237,0.9529097651417018004153650060
2025-01-17 00:00:00+00:00,3504.259998842237,0.709206,104077.48,77316.633279722237,0.9546765055565178614850945961
2025-01-18 00:00:00+00:00,3504.259998842237,0.709206,104556.23,77656.165652222237,0.9548746713231268350038978340
2025-01-19 00:00:00+00:00,3504.259998842237,0.709206,101331.57,75369.217432262237,0.9535054214674356179772765467
2025-01-20 00:00:00+00:00,3504.259998842237,0.709206,102260.01,76027.672650902237,0.9539080985033855145759298863
2025-01-21 00:00:00+00:00,3504.259998842237,0.709206,106143.82,78782.094005762237,0.9555195880096062142718152518
2025-01-22 00:00:00+00:00,3504.259998842237,0.709206,103706.66,77053.645510802237,0.9545218143072676443346590796
2025-01-23 00:00:00+00:00,3504.259998842237,0.709206,103910.34,77198.096588882237,0.9546069119099640262992812880
2025-01-24 00:00:00+00:00,3504.259998842237,0.709206,104870.5,77879.047821842237,0.9550038155723390896975589237
2025-01-25 00:00:00+00:00,3504.259998842237,0.709206,104746.85,77791.354499942237,0.9549530918780333225261703193
2025-01-26 00:00:00+00:00,3504.259998842237,0.709206,102620.0,76282.979718842237,0.9540623608076406968785846023
2025-01-27 00:00:00+00:00,3504.259998842237,0.709206,102082.83,75902.015531822237,0.9538317925513709005434175925
2025-01-28 00:00:00+00:00,3504.259998842237,0.709206,101335.52,75372.018795962237,0.9535071495387627309863575423
2025-01-29 00:00:00+00:00,3504.259998842237,0.709206,103733.24,77072.496206282237,0.9545329375415168901984777490
2025-01-30 00:00:00+00:00,3504.259998842237,0.709206,104722.94,77774.397384482237,0.9549432703217393664730301753
2025-01-31 00:00:00+00:00,3504.259998842237,0.709206,102429.56,76147.918528202237,0.9539808826482316132395054819
2025-02-01 00:00:00+00:00,3504.259998842237,0.709206,100635.65,74875.666792742237,0.9531989476829352530605062099
2025-02-02 00:00:00+00:00,3504.259998842237,0.709206,97700.59,72794.104630382237,0.9518606621149419807912152202
2025-02-03 00:00:00+00:00,3504.259998842237,0.709206,101328.52,75367.054353962237,0.9535040870459864380603216694
2025-02-04 00:00:00+00:00,3504.259998842237,0.709206,97763.13,72838.458373622237,0.9518899757478767313168895976
2025-02-05 00:00:00+00:00,3504.259998842237,0.709206,96612.43,72022.375029422237,0.9513448425241365141669818200
2025-02-06 00:00:00+00:00,3504.259998842237,0.709206,96554.35,71981.184344942237,0.9513169999808642482245322475
2025-02-07 00:00:00+00:00,3504.259998842237,0.709206,96506.8,71947.461599642237,0.9512941816023755014630371708
2025-02-08 00:00:00+00:00,3504.259998842237,0.709206,96444.74,71903.448275282237,0.9512643679420466291758681386
2025-02-09 00:00:00+00:00,3504.259998842237,0.709206,96462.75,71916.221075342237,0.9512730237150386752879428365
2025-02-10 00:00:00+00:00,3504.259998842237,0.709206,97430.82,72602.782127762237,0.9517338055630479831026577623
2025-02-11 00:00:00+00:00,3504.259998842237,0.709206,95778.2,71430.734108042237,0.9509418453751030441429562099
2025-02-12 00:00:00+00:00,3504.259998842237,0.709206,97869.99,72914.244126782237,0.9519399804412827730877648938
2025-02-13 00:00:00+00:00,36414.348063911237,0.372505,96608.14,72401.363254611237,0.4970488616926420912130408837
2025-02-14 00:00:00+00:00,36414.348063911237,0.372505,97500.48,72733.764366311237,0.4993474023904968720936858670
2025-02-15 00:00:00+00:00,36414.348063911237,0.372505,97569.66,72759.534262211237,0.4995247230049467396092800469
2025-02-16 00:00:00+00:00,36414.348063911237,0.372505,96118.12,72218.828354511237,0.4957776400752620291758000412
2025-02-17 00:00:00+00:00,36414.348063911237,0.372505,95780.0,72092.876963911237,0.4948967277011321203824573671
2025-02-18 00:00:00+00:00,36414.348063911237,0.372505,95671.74,72052.549572611237,0.4946140243487909314643497939
2025-02-19 00:00:00+00:00,36414.348063911237,0.372505,96644.37,72414.859110761237,0.4971425959938121415431344395
2025-02-20 00:00:00+00:00,36414.348063911237,0.372505,98305.0,73033.452088911237,0.5014017957198537747952334969
2025-02-21 00:00:00+00:00,36414.348063911237,0.372505,96181.98,72242.616523811237,0.4959436712551928085978518864
2025-02-22 00:00:00+00:00,36414.348063911237,0.372505,96551.01,72380.082043961237,0.4969009838674349399420480903
2025-02-23 00:00:00+00:00,36414.348063911237,0.372505,96258.0,72270.934353911237,0.4961411750180240236377410108
2025-02-24 00:00:00+00:00,36414.348063911237,0.372505,91552.88,70518.253628311237,0.4836181245235513413099927633
2025-02-25 00:00:00+00:00,36414.348063911237,0.372505,88680.4,69448.240465911237,0.4756620496125417443417616513
2025-02-26 00:00:00+00:00,36414.348063911237,0.372505,84250.09,67797.927839361237,0.4628988049577192303367484101
2025-02-27 00:00:00+00:00,36414.348063911237,0.372505,84708.58,67968.717656811237,0.4642484172237122382051357405
2025-02-28 00:00:00+00:00,36414.348063911237,0.372505,84349.94,67835.122463611237,0.4631933025042452205789749377
2025-03-01 00:00:00+00:00,36414.348063911237,0.372505,86064.53,68473.815811561237,0.4682003970083557727871258480
2025-03-02 00:00:00+00:00,36414.348063911237,0.372505,94270.0,71530.394413911237,0.4909248248625709857983571049
2025-03-03 00:00:00+00:00,36414.348063911237,0.372505,86220.61,68531.956391961237,0.4686515608040832003284837536
2025-03-04 00:00:00+00:00,36414.348063911237,0.372505,87281.98,68927.322023811237,0.4716993639861455033952519540
2025-03-05 00:00:00+00:00,36414.348063911237,0.372505,90606.01,70165.539818961237,0.4810223343557776137280833454
2025-03-06 00:00:00+00:00,36414.348063911237,0.372505,89931.89,69914.426748361237,0.4791583117033170398177063354
2025-03-07 00:00:00+00:00,36414.348063911237,0.372505,86801.75,68748.433947661237,0.4703246899902652689143285244
2025-03-08 00:00:00+00:00,36414.348063911237,0.372505,86222.45,68532.641801161237,0.4686568749303018739973126360
2025-03-09 00:00:00+00:00,36414.348063911237,0.372505,80734.37,66488.304560761237,0.4523194973240219687565387588
2025-03-10 00:00:00+00:00,36414.348063911237,0.372505,78595.86,65691.698893211237,0.4456780890519122031850256600
2025-03-11 00:00:00+00:00,36414.348063911237,0.372505,82932.99,67307.301503861237,0.4589836875004973301956941802
2025-03-12 00:00:00+00:00,36414.348063911237,0.372505,83680.12,67585.611164511237,0.4612115295476950079721354260
2025-03-13 00:00:00+00:00,36414.348063911237,0.372505,81115.78,66630.381692811237,0.4534873260700533088889889195
2025-03-14 00:00:00+00:00,36414.348063911237,0.372505,83983.2,67698.509979911237,0.4621100512446022711485181883
2025-03-15 00:00:00+00:00,36414.348063911237,0.372505,84338.44,67830.838656111237,0.4631594008659588219985854532
2025-03-16 00:00:00+00:00,36414.348063911237,0.372505,82574.53,67173.773361561237,0.4579082543433748336139875961
2025-03-17 00:00:00+00:00,36414.348063911237,0.372505,84010.03,67708.504289061237,0.4621894480425818656466558062
2025-03-18 00:00:00+00:00,36414.348063911237,0.372505,82715.03,67226.110314061237,0.4583302842631564427831902523
2025-03-19 00:00:00+00:00,36414.348063911237,0.372505,86845.94,68764.894943611237,0.4704514840926926048458463192
2025-03-20 00:00:00+00:00,36414.348063911237,0.372505,84223.39,67787.981955861237,0.4628200012264460438694547842
2025-03-21 00:00:00+00:00,36414.348063911237,0.372505,84088.79,67737.842782861237,0.4624223835908064618535198013
2025-03-22 00:00:00+00:00,36414.348063911237,0.372505,83840.59,67645.387041861237,0.4616876381921384285623000679
2025-03-23 00:00:00+00:00,36414.348063911237,0.372505,86082.5,68480.509726411237,0.4682523799926225639088779623
2025-03-24 00:00:00+00:00,36414.348063911237,0.372505,87498.16,69007.850154711237,0.4723158599742989971236230943
2025-03-25 00:00:00+00:00,36414.348063911237,0.372505,87392.87,68968.629103261237,0.4720157767759754511953094359
2025-03-26 00:00:00+00:00,36414.348063911237,0.372505,86909.17,68788.448434761237,0.4706328040172835408740031232
2025-03-27 00:00:00+00:00,36414.348063911237,0.372505,87232.01,68908.707948961237,0.4715566559326241961062127346
2025-03-28 00:00:00+00:00,36414.348063911237,0.372505,84424.38,67862.851735811237,0.4634126457627865926210672864
2025-03-29 00:00:00+00:00,36414.348063911237,0.372505,82648.54,67201.342456611237,0.4581306454194381904965818092
2025-03-30 00:00:00+00:00,26868.198300175820,0.487858,82389.99,67062.814041595820,0.5993577262727034374422665429
2025-03-31 00:00:00+00:00,26825.134810321820,0.488380,82550.01,67140.908694121820,0.6004651213088160373196595752
2025-04-01 00:00:00+00:00,26856.380587936820,0.488001,85158.34,68413.735666276820,0.6074416880413806344056041159
2025-04-02 00:00:00+00:00,27364.880452279775,0.482022,82516.29,67139.547590659775,0.5924178604967739775336001925
2025-04-03 00:00:00+00:00,26855.175765149059,0.488191,83213.09,67479.057385339059,0.6020220672053461435576545960
2025-04-04 00:00:00+00:00,26991.467822441179,0.486551,83889.87,67808.167960811179,0.6019437092292401156312133202
2025-04-05 00:00:00+00:00,27123.171260742847,0.484979,83537.99,67637.342112952847,0.5989911724288669082574471618
2025-04-06 00:00:00+00:00,27123.171260742847,0.484979,78430.0,65160.074230742847,0.5837455438633309606955270681
2025-04-07 00:00:00+00:00,27123.171260742847,0.484979,79163.24,65515.680232702847,0.5860048897545594245254401799
2025-04-08 00:00:00+00:00,27123.171260742847,0.484979,76322.42,64137.942189922847,0.5771119194871151496156878711
2025-04-09 00:00:00+00:00,27123.171260742847,0.484979,82615.22,67189.818041122847,0.5963202155995959835892218238
2025-04-10 00:00:00+00:00,27123.171260742847,0.484979,79607.3,65731.040007442847,0.5873612944862634114935165764
2025-04-11 00:00:00+00:00,27123.171260742847,0.484979,83423.84,67581.981760102847,0.5986626826507910521959427976
2025-04-12 00:00:00+00:00,27123.171260742847,0.484979,85276.9,68480.676945842847,0.6039295685965123570216064743
2025-04-13 00:00:00+00:00,27391.955314596499,0.481823,83760.0,67749.449794596499,0.5956874129953273440725073504
2025-04-14 00:00:00+00:00,27391.955314596499,0.481823,84591.58,68150.124164936499,0.5980644841042011576620448976
2025-04-15 00:00:00+00:00,27391.955314596499,0.481823,83643.99,67693.553508366499,0.5953535618245978920333686362
2025-04-16 00:00:00+00:00,27391.955314596499,0.481823,84030.38,67879.725097336499,0.5964633728949600709294725627
2025-04-17 00:00:00+00:00,27391.955314596499,0.481823,84947.91,68321.812154526499,0.5990745202623887045581945647
2025-04-18 00:00:00+00:00,27391.955314596499,0.481823,84474.69,68093.803874466499,0.5977320437980729659024106872
2025-04-19 00:00:00+00:00,27391.955314596499,0.481823,85077.01,68384.015503826499,0.5994392094002763915592095025
2025-04-20 00:00:00+00:00,27391.955314596499,0.481823,85179.24,68433.272269116499,0.5997275242534571241745101724
2025-04-21 00:00:00+00:00,27391.955314596499,0.481823,87516.23,69559.287801886499,0.6062070762913474073376503060
2025-04-22 00:00:00+00:00,27823.198997538175,0.476889,93442.99,72385.133055648175,0.6156227415352226809484229253
2025-04-23 00:00:00+00:00,28952.669282847814,0.464786,93691.08,72498.971591727814,0.6006471726813938024576697344
2025-04-24 00:00:00+00:00,28999.547487923923,0.464285,93980.47,72633.270001873923,0.6007401637407245906750789294
2025-04-25 00:00:00+00:00,29053.328291181820,0.463712,94638.68,72938.419871341820,0.6016731875679535869750336630
2025-04-26 00:00:00+00:00,29175.253479315460,0.462422,94628.0,72933.322495315460,0.5999736131424781914975896619
2025-04-27 00:00:00+00:00,3613.513776956260,0.732200,93749.3,72256.751236956260,0.9499906414958205158733135528
2025-04-28 00:00:00+00:00,3613.513776956260,0.732200,95011.18,73180.699772956260,0.9506220384860049568299634064
2025-04-29 00:00:00+00:00,3613.513776956260,0.732200,94256.82,72628.357380956260,0.9502465165499701580347641002
2025-04-30 00:00:00+00:00,3613.513776956260,0.732200,94172.0,72566.252176956260,0.9502039354582549660140338389
2025-05-01 00:00:00+00:00,3613.513776956260,0.732200,96489.91,74263.425878956260,0.9513419461304409411236575507
2025-05-02 00:00:00+00:00,3613.513776956260,0.732200,96887.14,74554.277684956260,0.9515317713595741344037309316
2025-05-03 00:00:00+00:00,3613.513776956260,0.732200,95856.42,73799.584500956260,0.9510361230162557649224227714
2025-05-04 00:00:00+00:00,3613.513776956260,0.732200,94277.62,72643.587140956260,0.9502569473896620035700671184
2025-05-05 00:00:00+00:00,3613.513776956260,0.732200,94733.68,72977.514272956260,0.9504845593474078809095018519
2025-05-06 00:00:00+00:00,3613.513776956260,0.732200,96834.02,74515.383220956260,0.9515064726132950084356931865
2025-05-07 00:00:00+00:00,3613.513776956260,0.732200,97030.5,74659.245876956260,0.9515999159312218695573636198
2025-05-08 00:00:00+00:00,3613.513776956260,0.732200,103261.6,79221.657296956260,0.9543872988744569825740838130
2025-05-09 00:00:00+00:00,3613.513776956260,0.732200,102971.99,79009.604854956260,0.9542648797751886889352721944
2025-05-10 00:00:00+00:00,3613.513776956260,0.732200,104809.53,80355.051642956260,0.9550306582713395300131347137
2025-05-11 00:00:00+00:00,40130.042750884942,0.383338,104118.0,80042.428634884942,0.4986403656748236117934955742
2025-05-12 00:00:00+00:00,40130.042750884942,0.383338,102791.32,79533.861777044942,0.4954344997935549469064262366
2025-05-13 00:00:00+00:00,40130.042750884942,0.383338,104103.72,80036.954568244942,0.4986060755639153822662377470
2025-05-14 00:00:00+00:00,40130.042750884942,0.383338,103507.82,79808.523454044942,0.4971709660310595845050732333
2025-05-15 00:00:00+00:00,40130.042750884942,0.383338,103763.71,79906.615814864942,0.4977882326557046706174039234
2025-05-16 00:00:00+00:00,40130.042750884942,0.383338,103463.9,79791.687249084942,0.4970648681032226597524016980
2025-05-17 00:00:00+00:00,3942.602566518592,0.732643,103126.65,79497.620802468592,0.9504060306871955503339269062
2025-05-18 00:00:00+00:00,3942.602566518592,0.732643,106454.26,81935.570975698592,0.9518816733737300117476175213
2025-05-19 00:00:00+00:00,3942.602566518592,0.732643,105573.74,81290.464161338592,0.9514998148036940666412144343
2025-05-20 00:00:00+00:00,3942.602566518592,0.732643,106849.99,82225.499790088592,0.9520513395895000599755319166
2025-05-21 00:00:00+00:00,3942.602566518592,0.732643,109643.99,84272.504332088592,0.9532160270094482029227276265
2025-05-22 00:00:00+00:00,3942.602566518592,0.732643,111696.21,85776.048949548592,0.9540360903212324927617189684
2025-05-23 00:00:00+00:00,3942.602566518592,0.732643,107318.3,82568.603833418592,0.9522505845627139723142219748
2025-05-24 00:00:00+00:00,3942.602566518592,0.732643,107761.91,82893.611594648592,0.9524377996003118201726839162
2025-05-25 00:00:00+00:00,3942.602566518592,0.732643,109004.19,83803.759340688592,0.9529543471851820539124165396
2025-05-26 00:00:00+00:00,3942.602566518592,0.732643,109434.79,84119.235416488592,0.9531307845702817143126425694
2025-05-27 00:00:00+00:00,3942.602566518592,0.732643,108938.17,83755.390249828592,0.9529271781224055527787073417
2025-05-28 00:00:00+00:00,3942.602566518592,0.732643,107781.78,82908.169211058592,0.9524461509156963342407624633
2025-05-29 00:00:00+00:00,3942.602566518592,0.732643,105589.75,81302.193775768592,0.9515068120130646434865066422
2025-05-30 00:00:00+00:00,3942.602566518592,0.732643,103985.48,80126.836590158592,0.9507954795883850759582460490
2025-05-31 00:00:00+00:00,3942.602566518592,0.732643,104591.88,80571.111305358592,0.9510667967383940138297684836
2025-06-01 00:00:00+00:00,3942.602566518592,0.732643,105642.93,81341.155730508592,0.9515300399765546758098447307
2025-06-02 00:00:00+00:00,3942.602566518592,0.732643,105857.99,81498.717934088592,0.9516237473857301789266156948
2025-06-03 00:00:00+00:00,3942.602566518592,0.732643,105376.89,81146.243386788592,0.9514136156898116303142790082
2025-06-04 00:00:00+00:00,3942.602566518592,0.732643,104696.86,80648.024167498592,0.9511134636314193390465965260
2025-06-05 00:00:00+00:00,3942.602566518592,0.732643,101508.68,78312.226407758592,0.9496553380312529550506231690
2025-06-06 00:00:00+00:00,3942.602566518592,0.732643,104288.44,80348.798113438592,0.9509314058319538300229776793
2025-06-07 00:00:00+00:00,3942.602566518592,0.732643,105552.15,81274.646398968592,0.9514903756435337107214008847
2025-06-08 00:00:00+00:00,3942.602566518592,0.732643,105734.0,81407.877528518592,0.9515697658971955151003951327
2025-06-09 00:00:00+00:00,3942.602566518592,0.732643,110263.02,84726.032328378592,0.9534664558439610120149366982
2025-06-10 00:00:00+00:00,3942.602566518592,0.732643,110274.39,84734.362479288592,0.9534710305104110216098170434
2025-06-11 00:00:00+00:00,3942.602566518592,0.732643,108645.12,83540.689218678592,0.9528062001475913336416765125
2025-06-12 00:00:00+00:00,3942.602566518592,0.732643,105671.73,81362.255848908592,0.9515426099561437026803751642
2025-06-13 00:00:00+00:00,3942.602566518592,0.732643,106066.59,81651.547263888592,0.9517142944789944377130390960
2025-06-14 00:00:00+00:00,3942.602566518592,0.732643,105414.64,81173.900660038592,0.9514301698641973626561535363
2025-06-15 00:00:00+00:00,3942.602566518592,0.732643,105594.01,81305.314834948592,0.9515086735163358790022958257
2025-06-16 00:00:00+00:00,3942.602566518592,0.732643,106794.53,82184.867409308592,0.9520276336654156746316436957
2025-06-17 00:00:00+00:00,3942.602566518592,0.732643,104551.17,80541.285408828592,0.9510486758870821208479584792
2025-06-18 00:00:00+00:00,3942.602566518592,0.732643,104886.78,80787.167726058592,0.9511976632243430930761970365
2025-06-19 00:00:00+00:00,3942.602566518592,0.732643,104658.59,80619.985919888592,0.9510964617329960426096877892
2025-06-20 00:00:00+00:00,3942.602566518592,0.732643,103297.99,79623.151854088592,0.9504842187892347020539615239
2025-06-21 00:00:00+00:00,3942.602566518592,0.732643,102120.01,78760.113052948592,0.9499416339858721126805483855
2025-06-22 00:00:00+00:00,3942.602566518592,0.732643,100963.87,77913.075174928592,0.9493974206811019325295934981
2025-06-23 00:00:00+00:00,3942.602566518592,0.732643,105333.93,81114.769043508592,0.9513947630868079451957683875
2025-06-24 00:00:00+00:00,3942.602566518592,0.732643,106083.0,81663.569935518592,0.9517214031956763107685949565
2025-06-25 00:00:00+00:00,3942.602566518592,0.732643,107340.58,82584.927119458592,0.9522600224516074040973916629
2025-06-26 00:00:00+00:00,3942.602566518592,0.732643,106947.06,82296.617446098592,0.9520927750268611115222937532
2025-06-27 00:00:00+00:00,3942.602566518592,0.732643,107047.59,82370.270046888592,0.9521356119838590035096221561
2025-06-28 00:00:00+00:00,3942.602566518592,0.732643,107296.79,82552.844682488592,0.9522414693075390639271791687
2025-06-29 00:00:00+00:00,3942.602566518592,0.732643,108356.93,83329.548832508592,0.9526866205114925493264288190
2025-06-30 00:00:00+00:00,3942.602566518592,0.732643,107146.5,82442.735766018592,0.9521776839416376860035719290
2025-07-01 00:00:00+00:00,3942.602566518592,0.732643,105681.14,81369.150019538592,0.9515467156093939405139173806
2025-07-02 00:00:00+00:00,3942.602566518592,0.732643,108849.6,83690.500059318592,0.9528906797817657505382664508
2025-07-03 00:00:00+00:00,3942.602566518592,0.732643,109584.78,84229.124540058592,0.9531919322675195714233477357
2025-07-04 00:00:00+00:00,3942.602566518592,0.732643,107984.24,83056.500112838592,0.9525310775055261704747196752
2025-07-05 00:00:00+00:00,3942.602566518592,0.732643,108198.12,83213.197797678592,0.9526204656128648473816665337
2025-07-06 00:00:00+00:00,3942.602566518592,0.732643,109203.84,83950.031515638592,0.9530363182081218618525594135
2025-07-07 00:00:00+00:00,3942.602566518592,0.732643,108262.94,83260.687716938592,0.9526474897742586487294850994
2025-07-08 00:00:00+00:00,3942.602566518592,0.732643,108922.98,83744.261402658592,0.9529209225744818863327017540
2025-07-09 00:00:00+00:00,3942.602566518592,0.732643,111233.99,85437.406702088592,0.9538539064011383243672567335
2025-07-10 00:00:00+00:00,3942.602566518592,0.732643,116010.0,88936.516996518592,0.9556694741410558651923648530
2025-07-11 00:00:00+00:00,3942.602566518592,0.732643,117527.66,90048.419971898592,0.9562168601320382980961725046
2025-07-12 00:00:00+00:00,3942.602566518592,0.732643,117420.0,89969.543626518592,0.9561784754306955618575724343
2025-07-13 00:00:00+00:00,44931.529879554592,0.383109,119086.64,90554.693443314592,0.5038188726498111150280088373
2025-07-14 00:00:00+00:00,44931.529879554592,0.383109,119841.18,90843.764508174592,0.5053977548947630803655137924
2025-07-15 00:00:00+00:00,44931.529879554592,0.383109,117758.09,90045.713981364592,0.5010142305179189827903132797
2025-07-16 00:00:00+00:00,44931.529879554592,0.383109,118630.43,90379.915286424592,0.5028593494786835769007156489
2025-07-17 00:00:00+00:00,44931.529879554592,0.383109,119177.56,90589.525713594592,0.5040096575667157328026587386
2025-07-18 00:00:00+00:00,44931.529879554592,0.383109,117924.84,90109.597407114592,0.5013679877343783507505593812
2025-07-19 00:00:00+00:00,4453.043842291780,0.725920,117840.0,89995.456642291780,0.9505192372100354401018213999
2025-07-20 00:00:00+00:00,4453.043842291780,0.725920,117265.12,89578.139752691780,0.9502887216168387982730599812
2025-07-21 00:00:00+00:00,4453.043842291780,0.725920,117380.36,89661.794773491780,0.9503351025535314398169015147
2025-07-22 00:00:00+00:00,4453.043842291780,0.725920,119954.42,91530.356408691780,0.9513489948361119222481622405
2025-07-23 00:00:00+00:00,4453.043842291780,0.725920,118755.99,90660.392103091780,0.9508821466685459172702290034
2025-07-24 00:00:00+00:00,4453.043842291780,0.725920,118340.99,90359.135303091780,0.9507183880483702227526718033
2025-07-25 00:00:00+00:00,4453.043842291780,0.725920,117614.31,89831.623757491780,0.9504289953133524992248771637
2025-07-26 00:00:00+00:00,4453.043842291780,0.725920,117919.99,90053.522983091780,0.9505511423120240152677093010
2025-07-27 00:00:00+00:00,4453.043842291780,0.725920,119415.55,91139.179898291780,0.9511401809050594351444854358
2025-07-28 00:00:00+00:00,4453.043842291780,0.725920,118062.32,90156.843176691780,0.9506078109504723207894219832
2025-07-29 00:00:00+00:00,4453.043842291780,0.725920,117950.76,90075.859541491780,0.9505634043909337589941103196
2025-07-30 00:00:00+00:00,4453.043842291780,0.725920,117840.3,89995.674418291780,0.9505193569460412759238297470
2025-07-31 00:00:00+00:00,4453.043842291780,0.725920,115764.08,88488.504795891780,0.9496765839521957922801752414
2025-08-01 00:00:00+00:00,4453.043842291780,0.725920,113297.93,86698.277187891780,0.9486374587047308830519390825
2025-08-02 00:00:00+00:00,4453.043842291780,0.725920,112546.35,86152.690234291780,0.9483121904820180181984908483
2025-08-03 00:00:00+00:00,4453.043842291780,0.725920,114208.8,87359.495938291780,0.9490262186787652562464114463
2025-08-04 00:00:00+00:00,4453.043842291780,0.725920,115055.03,87973.791219891780,0.9493821537011934420606130967
2025-08-05 00:00:00+00:00,4453.043842291780,0.725920,114129.75,87302.111962291780,0.9489927134384197488456280226
2025-08-06 00:00:00+00:00,4453.043842291780,0.725920,114992.27,87928.232480691780,0.9493559267978049381683626276
2025-08-07 00:00:00+00:00,4453.043842291780,0.725920,117472.01,89728.325341491780,0.9503719274226482979862715637
2025-08-08 00:00:00+00:00,4453.043842291780,0.725920,116674.74,89149.571103091780,0.9500497446348640391892229761
2025-08-09 00:00:00+00:00,4453.043842291780,0.725920,116462.25,88995.320362291780,0.9499631685782595390560119599
2025-08-10 00:00:00+00:00,4453.043842291780,0.725920,119294.01,91050.951581491780,0.9510928357700221492781788713
2025-08-11 00:00:00+00:00,4453.043842291780,0.725920,118686.0,90609.584962291780,0.9508546050161805137278052689
2025-08-12 00:00:00+00:00,4453.043842291780,0.725920,120134.08,91660.775195891780,0.9514182175224352166464114609
2025-08-13 00:00:00+00:00,4453.043842291780,0.725920,123306.43,93963.647507891780,0.9526088656582027683224611790
2025-08-14 00:00:00+00:00,4453.043842291780,0.725920,118295.09,90325.815575091780,0.9507002088612222833486518123
2025-08-15 00:00:00+00:00,4453.043842291780,0.725920,117342.05,89633.984778291780,0.9503196934365206195256929562
2025-08-16 00:00:00+00:00,4453.043842291780,0.725920,117380.66,89662.012549491780,0.9503352231823506996121484480
2025-08-17 00:00:00+00:00,44778.560426618644,0.381928,117405.01,89618.821085898644,0.5003442370247328795628861395
2025-08-18 00:00:00+00:00,44778.560426618644,0.381928,116227.05,89168.925179018644,0.4978232569617762643997250535
2025-08-19 00:00:00+00:00,44778.560426618644,0.381928,112872.94,87887.896654938644,0.4905036742155050421536927442
2025-08-20 00:00:00+00:00,44778.560426618644,0.381928,114271.24,88421.946577338644,0.4935809246468818754577403125
2025-08-21 00:00:00+00:00,4368.696966564616,0.735100,112500.0,87067.446966564616,0.9498239914138946773681818358
2025-08-22 00:00:00+00:00,4368.696966564616,0.735100,116935.99,90328.343215564616,0.9516353692424213633282216624
2025-08-23 00:00:00+00:00,4368.696966564616,0.735100,115438.05,89227.207521564616,0.9510385106974374348272399933
2025-08-24 00:00:00+00:00,4368.696966564616,0.735100,113493.59,87797.834975564616,0.9502414043833713394960930631
2025-08-25 00:00:00+00:00,4368.696966564616,0.735100,110111.98,85312.013464564616,0.9487915383877417510339311103
2025-08-26 00:00:00+00:00,4368.696966564616,0.735100,111763.22,86525.839988564616,0.9495099155680893764952606085
2025-08-27 00:00:00+00:00,4368.696966564616,0.735100,111262.01,86157.400517564616,0.9492940021365432837237056340
2025-08-28 00:00:00+00:00,4368.696966564616,0.735100,112566.9,87116.625156564616,0.9498523162632475356745522989
2025-08-29 00:00:00+00:00,4368.696966564616,0.735100,108377.4,84036.923706564616,0.9480145539141938925013508098
2025-08-30 00:00:00+00:00,4368.696966564616,0.735100,108816.33,84359.581149564616,0.9482133871810106413427162581
2025-08-31 00:00:00+00:00,4368.696966564616,0.735100,108246.35,83940.588851564616,0.9479548925456080429657941448
2025-09-01 00:00:00+00:00,4368.696966564616,0.735100,109237.42,84669.124408564616,0.9484027147194319507462689387
2025-09-02 00:00:00+00:00,4368.696966564616,0.735100,111240.01,86141.228317564616,0.9492844825655473337263460667
2025-09-03 00:00:00+00:00,4368.696966564616,0.735100,111705.71,86483.564387564616,0.9494852345933976501840271473
2025-09-04 00:00:00+00:00,4368.696966564616,0.735100,110730.87,85766.959503564616,0.9490631708078325224567121009
2025-09-05 00:00:00+00:00,4368.696966564616,0.735100,110659.99,85714.855615564616,0.9490322076005303113065673100
2025-09-06 00:00:00+00:00,4368.696966564616,0.735100,110187.97,85367.873713564616,0.9488250465131305313613222322
2025-09-07 00:00:00+00:00,4368.696966564616,0.735100,111137.34,86065.755600564616,0.9492400091525373641522102777
2025-09-08 00:00:00+00:00,4368.696966564616,0.735100,112065.23,86747.847539564616,0.9496391312237216310705558841
2025-09-09 00:00:00+00:00,4368.696966564616,0.735100,111546.39,86366.448255564616,0.9494167346833885860011970672
2025-09-10 00:00:00+00:00,4368.696966564616,0.735100,113960.0,88140.692966564616,0.9504349600675156690324870979
2025-09-11 00:00:00+00:00,4368.696966564616,0.735100,115482.69,89260.022385564616,0.9510565105205358534064626779
2025-09-12 00:00:00+00:00,4368.696966564616,0.735100,116029.42,89661.923608564616,0.9512758951543694880972480565
2025-09-13 00:00:00+00:00,4368.696966564616,0.735100,115918.29,89580.231945564616,0.9512314617669292249004681173
2025-09-14 00:00:00+00:00,4368.696966564616,0.735100,115268.01,89102.211117564616,0.9509698254199281053409450586
2025-09-15 00:00:00+00:00,4368.696966564616,0.735100,115349.71,89162.268787564616,0.9510028510268918329455317121
2025-09-16 00:00:00+00:00,4368.696966564616,0.735100,116788.96,90220.261462564616,0.9515774295513726313128518496
2025-09-17 00:00:00+00:00,4368.696966564616,0.735100,116447.59,89969.320375564616,0.9514423700398303738414517409
2025-09-18 00:00:00+00:00,4368.696966564616,0.735100,117073.53,90429.448869564616,0.9516894438573210598493872682
2025-09-19 00:00:00+00:00,4368.696966564616,0.735100,115632.38,89370.059504564616,0.9511167723196885324128176575
2025-09-20 00:00:00+00:00,4368.696966564616,0.735100,115685.63,89409.203579564616,0.9511381737935184316811125903
2025-09-21 00:00:00+00:00,4368.696966564616,0.735100,115232.29,89075.953345564616,0.9509553723257215326017899765
2025-09-22 00:00:00+00:00,4368.696966564616,0.735100,112650.99,87178.439715564616,0.9498878738731929839770614581
2025-09-23 00:00:00+00:00,4368.696966564616,0.735100,111998.8,86699.014846564616,0.9496107657705672030592393085
2025-09-24 00:00:00+00:00,4368.696966564616,0.735100,113307.0,87660.672666564616,0.9501635473049373834766698809
2025-09-25 00:00:00+00:00,4368.696966564616,0.735100,108994.49,84490.546565564616,0.9482936595377033140290522880
2025-09-26 00:00:00+00:00,4368.696966564616,0.735100,109643.46,84967.604412564616,0.9485839691872189194427466072
2025-09-27 00:00:00+00:00,4368.696966564616,0.735100,109635.85,84962.010301564616,0.9485805838273089407025771752
2025-09-28 00:00:00+00:00,4368.696966564616,0.735100,112163.95,86820.416611564616,0.9496812254874310440112360294
2025-09-29 00:00:00+00:00,4368.696966564616,0.735100,114311.96,88399.418762564616,0.9505800261164763257515932897
2025-09-30 00:00:00+00:00,4368.696966564616,0.735100,114048.93,88206.065409564616,0.9504716943638787817933905391
2025-10-01 00:00:00+00:00,4368.696966564616,0.735100,118594.99,91547.874115564616,0.9522796459364001002660527320
2025-10-02 00:00:00+00:00,4368.696966564616,0.735100,120529.35,92969.822151564616,0.9530095157174494612449490105
2025-10-03 00:00:00+00:00,4368.696966564616,0.735100,122232.0,94221.440166564616,0.9536337275375791790918765248
2025-10-04 00:00:00+00:00,4368.696966564616,0.735100,122391.0,94338.321066564616,0.9536911732456836206604906201
2025-10-05 00:00:00+00:00,4368.696966564616,0.735100,123482.31,95140.543047564616,0.9540816477746976154103855956
2025-10-06 00:00:00+00:00,4368.696966564616,0.735100,124658.54,96005.189720564616,0.9544951999024191578693741443
2025-10-07 00:00:00+00:00,4368.696966564616,0.735100,121332.95,93560.548511564616,0.9533062061299841545466130649
2025-10-08 00:00:00+00:00,4368.696966564616,0.735100,123306.0,95010.937566564616,0.9540190100376189945515035685
2025-10-09 00:00:00+00:00,4368.696966564616,0.735100,121662.4,93802.727206564616,0.9534267595765714521704810926
2025-10-10 00:00:00+00:00,4368.696966564616,0.735100,112774.5,87269.231916564616,0.9499400089742809862900200636
2025-10-11 00:00:00+00:00,4368.696966564616,0.735100,110644.4,85703.395406564616,0.9490253922164910251134501440
2025-10-12 00:00:00+00:00,42801.676532046856,0.387292,114958.8,87324.300101646856,0.5098537694292993739172579037
2025-10-13 00:00:00+00:00,42801.676532046856,0.387292,115166.0,87404.547004046856,0.5103037771013775072573126868
2025-10-14 00:00:00+00:00,42801.676532046856,0.387292,113028.14,86576.570928926856,0.5056205613966397787861593654
2025-10-15 00:00:00+00:00,42801.676532046856,0.387292,110763.28,85699.408769806856,0.5005604222193128234131821882
2025-10-16 00:00:00+00:00,42801.676532046856,0.387292,108194.28,84704.455621806856,0.4946939187809652949244359971
2025-10-17 00:00:00+00:00,42801.676532046856,0.387292,106431.68,84021.814742606856,0.4905885255731993293361989088
2025-10-18 00:00:00+00:00,42801.676532046856,0.387292,107185.01,84313.573424966856,0.4923512929962892091861906399
2025-10-19 00:00:00+00:00,42801.676532046856,0.387292,108642.78,84878.156083806856,0.4957280116949594652918027127
2025-10-20 00:00:00+00:00,42801.676532046856,0.387292,110532.09,85609.870732326856,0.5000380661025264396595467180
2025-10-21 00:00:00+00:00,42801.676532046856,0.387292,108297.67,84744.497741686856,0.4949326779596666690042933815
2025-10-22 00:00:00+00:00,42801.676532046856,0.387292,107567.44,84461.685504526856,0.4932415061767523776010216069
2025-10-23 00:00:00+00:00,42801.676532046856,0.387292,110078.18,85434.075020606856,0.4990093060441865507139571431
2025-10-24 00:00:00+00:00,42801.676532046856,0.387292,111004.89,85792.982389926856,0.5011051563924615866889805905
2025-10-25 00:00:00+00:00,42801.676532046856,0.387292,111646.27,86041.383732886856,0.5025454650412933754078382018
2025-10-26 00:00:00+00:00,42801.676532046856,0.387292,114559.4,87169.615676846856,0.5089839940247044097883882349
2025-10-27 00:00:00+00:00,42801.676532046856,0.387292,114107.65,86994.656515846856,0.5079964879883151536593910234
2025-10-28 00:00:00+00:00,42801.676532046856,0.387292,112898.45,86526.343029446856,0.5053335778043862884905402831
2025-10-29 00:00:00+00:00,42801.676532046856,0.387292,110021.29,85412.041978726856,0.4988800695959563589317394079
2025-10-30 00:00:00+00:00,42801.676532046856,0.387292,108322.88,84754.261373006856,0.4949908613600561634931082282
2025-10-31 00:00:00+00:00,42801.676532046856,0.387292,109608.01,85251.981940966856,0.4979392202085684962705047030
2025-11-01 00:00:00+00:00,42801.676532046856,0.387292,110098.1,85441.789877246856,0.4990545423552165058993262068
2025-11-02 00:00:00+00:00,42801.676532046856,0.387292,110540.68,85613.197570606856,0.5000574940943247975612773790
2025-11-03 00:00:00+00:00,4230.600664086090,0.735770,106583.04,82651.204004886090,0.9488138047712409653057841388
2025-11-04 00:00:00+00:00,33023.090648109345,0.465277,101497.22,80247.412678049345,0.5884840452040843212042805154
2025-11-05 00:00:00+00:00,32097.858626172849,0.474381,103885.16,81379.004712132849,0.6055756796275076797665365533
2025-11-06 00:00:00+00:00,32551.039103560305,0.470013,101346.04,80184.995402080305,0.5940507455249438508271178585
2025-11-07 00:00:00+00:00,32551.039103560305,0.470013,103339.08,81121.750111600305,0.5987384510469831610872436787
2025-11-08 00:00:00+00:00,32551.039103560305,0.470013,102312.94,80639.450971780305,0.5963385326748875250754479977
2025-11-09 00:00:00+00:00,32551.039103560305,0.470013,104722.96,81772.191702040305,0.6019302109185350205186179253
2025-11-10 00:00:00+00:00,32708.756013289125,0.468505,106011.13,82375.500473939125,0.6029310192338425904419939460
2025-11-11 00:00:00+00:00,32949.935426068743,0.466227,103058.99,80998.819156798743,0.5932047433644216701335002329
2025-11-12 00:00:00+00:00,32949.935426068743,0.466227,101654.37,80343.947388058743,0.5898890147017349103515692448
2025-11-13 00:00:00+00:00,32949.935426068743,0.466227,99692.02,79429.046834608743,0.5851651664072112362710689483
2025-11-14 00:00:00+00:00,32949.935426068743,0.466227,94594.0,77052.212264068743,0.5723687294902748420901413151
2025-11-15 00:00:00+00:00,32949.935426068743,0.466227,95596.24,77519.483612548743,0.5749464019812581073845350176
2025-11-16 00:00:00+00:00,32949.935426068743,0.466227,94261.44,76897.163812948743,0.5715064926683252952901036840
2025-11-17 00:00:00+00:00,32949.935426068743,0.466227,92215.14,75943.123502848743,0.5661235157804282253058121260
2025-11-18 00:00:00+00:00,32949.935426068743,0.466227,92960.83,76290.784314478743,0.5681007120041445922423814368
2025-11-19 00:00:00+00:00,32949.935426068743,0.466227,91554.96,75635.329761988743,0.5643578797136672550844260673
2025-11-20 00:00:00+00:00,32949.935426068743,0.466227,86637.23,73342.551257278743,0.5507391703557804872372374048
2025-11-21 00:00:00+00:00,32949.935426068743,0.466227,85129.43,72639.574186678743,0.5463914017255985000663308004
2025-11-22 00:00:00+00:00,32949.935426068743,0.466227,84739.74,72457.890187048743,0.5452540042083881258080285116
2025-11-23 00:00:00+00:00,32949.935426068743,0.466227,86830.0,73432.425836068743,0.5512890245567197080740180032
2025-11-24 00:00:00+00:00,32949.935426068743,0.466227,88300.01,74117.784188338743,0.5554382016826011322858548736
2025-11-25 00:00:00+00:00,32949.935426068743,0.466227,87369.96,73684.169766988743,0.5528220575699470121153528460
2025-11-26 00:00:00+00:00,32949.935426068743,0.466227,90484.02,75136.028618608743,0.5614629089152029127071081343
2025-11-27 00:00:00+00:00,32949.935426068743,0.466227,91333.95,75532.288932718743,0.5637635785747301027422339835
2025-11-28 00:00:00+00:00,32949.935426068743,0.466227,90890.7,75325.633814968743,0.5625667683459847983952631338
2025-11-29 00:00:00+00:00,32949.935426068743,0.466227,90802.44,75284.484619948743,0.5623276749199166295578921659
2025-11-30 00:00:00+00:00,32949.935426068743,0.466227,90360.0,75078.207146068743,0.5611251696252835634070623034
2025-12-01 00:00:00+00:00,32949.935426068743,0.466227,86286.01,73178.803010338743,0.5497338837120148392958763286
2025-12-02 00:00:00+00:00,32949.935426068743,0.466227,91277.88,75506.147584828743,0.5636125470571711540985695484
2025-12-03 00:00:00+00:00,52828.479304877127,0.248163,93429.95,76014.335986727127,0.3050195253418840022806106988
2025-12-04 00:00:00+00:00,53209.551182386587,0.244079,92078.06,75683.871989126587,0.2969499341942872488714280831
2025-12-05 00:00:00+00:00,53209.551182386587,0.244079,89330.04,75013.138015546587,0.2906635745413179948646117790
2025-12-06 00:00:00+00:00,53209.551182386587,0.244079,89236.79,74990.377648796587,0.2904482834906690090549284821
2025-12-07 00:00:00+00:00,53209.551182386587,0.244079,90395.31,75273.148051876587,0.2931137788243459347803556774
2025-12-08 00:00:00+00:00,53209.551182386587,0.244079,90634.34,75331.490255246587,0.2936612430990541932037865474
2025-12-09 00:00:00+00:00,53209.551182386587,0.244079,92678.8,75830.500007586587,0.2983093718614126241744158509
2025-12-10 00:00:00+00:00,53209.551182386587,0.244079,92015.37,75668.570676616587,0.2968077669950012495379654786
2025-12-11 00:00:00+00:00,53209.551182386587,0.244079,92513.38,75790.124459406587,0.2979355613687403467720668830
2025-12-12 00:00:00+00:00,53209.551182386587,0.244079,90268.42,75242.176867566587,0.2928228103229857926004007149
2025-12-13 00:00:00+00:00,53209.551182386587,0.244079,90240.01,75235.242583176587,0.2927576311917838161984083420
2025-12-14 00:00:00+00:00,53209.551182386587,0.244079,88172.17,74730.526263816587,0.2879810454626777746130746306
2025-12-15 00:00:00+00:00,53209.551182386587,0.244079,86432.08,74305.806836706587,0.2839112655176578532486372515
2025-12-16 00:00:00+00:00,53209.551182386587,0.244079,87863.42,74655.166872566587,0.2872623100124712947350755997
2025-12-17 00:00:00+00:00,53209.551182386587,0.244079,86243.22,74259.710076766587,0.2834667530026608620477204086
2025-12-18 00:00:00+00:00,53209.551182386587,0.244079,85516.41,74082.311018776587,0.2817509274393408056425849099
2025-12-19 00:00:00+00:00,53209.551182386587,0.244079,88136.94,74721.927360646587,0.2878991072383635070618187579
2025-12-20 00:00:00+00:00,53209.551182386587,0.244079,88360.9,74776.591293486587,0.2884196743664430242151751675
2025-12-21 00:00:00+00:00,53209.551182386587,0.244079,88658.86,74849.317072326587,0.2891110665582904823554904697
2025-12-22 00:00:00+00:00,53209.551182386587,0.244079,88620.79,74840.024984796587,0.2890228030629884616070649174
2025-12-23 00:00:00+00:00,53209.551182386587,0.244079,87486.0,74563.046576386587,0.2863817450394046857693200015
2025-12-24 00:00:00+00:00,53209.551182386587,0.244079,87669.45,74607.822868936587,0.2868100269343109101659850695
2025-12-25 00:00:00+00:00,53209.551182386587,0.244079,87225.27,74499.407858716587,0.2857721596486359469532988421
2025-12-26 00:00:00+00:00,53209.551182386587,0.244079,87369.56,74534.626017626587,0.2861096375555284007474460436
2025-12-27 00:00:00+00:00,53209.551182386587,0.244079,87877.01,74658.483906176587,0.2872939765391553010002919223
2025-12-28 00:00:00+00:00,53209.551182386587,0.244079,87952.71,74676.960686476587,0.2874703162360701138135765299
2025-12-29 00:00:00+00:00,53209.551182386587,0.244079,87237.13,74502.302635656587,0.2857999108752291182646634978
2025-12-30 00:00:00+00:00,53209.551182386587,0.244079,88485.49,74807.001096096587,0.2887089389663683527286529441
2025-12-31 00:00:00+00:00,53209.551182386587,0.244079,87648.22,74602.641071766587,0.2867604897365520661012406929
2026-01-01 00:00:00+00:00,53209.551182386587,0.244079,88839.04,74893.295226546587,0.2895285082405348118133334009
2026-01-02 00:00:00+00:00,53209.551182386587,0.244079,89995.13,75175.472517656587,0.2921953211549262678865783500
2026-01-03 00:00:00+00:00,53209.551182386587,0.244079,90628.01,75329.945235176587,0.2936467560640215272325217247
2026-01-04 00:00:00+00:00,53209.551182386587,0.244079,91529.73,75550.036151056587,0.2957044907827957734100604816
2026-01-05 00:00:00+00:00,53209.551182386587,0.244079,93859.71,76118.735339476587,0.3009664316533760444224819739
2026-01-06 00:00:00+00:00,53283.041533210155,0.243295,93747.97,76091.453894360155,0.2997499875980230608894275888
2026-01-07 00:00:00+00:00,53283.041533210155,0.243295,91364.16,75511.484840410155,0.2943716886799237515831834869
2026-01-08 00:00:00+00:00,53283.041533210155,0.243295,91099.99,75447.213600260155,0.2937705848817930913420781005
2026-01-09 00:00:00+00:00,53283.041533210155,0.243295,90641.28,75335.611750810155,0.2927243796804085536636001182
2026-01-10 00:00:00+00:00,53283.041533210155,0.243295,90504.7,75302.382519710155,0.2924122750131645401204656423
2026-01-11 00:00:00+00:00,53283.041533210155,0.243295,91013.65,75426.207509960155,0.2935739010055087078590087857
2026-01-12 00:00:00+00:00,53283.041533210155,0.243295,91296.2,75494.950512210155,0.2942171473495775459473123170
2026-01-13 00:00:00+00:00,53283.041533210155,0.243295,95414.0,76496.790663210155,0.3034604318526563004098979558
2026-01-14 00:00:00+00:00,53547.471149491230,0.240520,96951.78,76866.313275091230,0.3033688117985560256896504281
2026-01-15 00:00:00+00:00,53806.092708205536,0.237849,95604.8,76545.598783405536,0.2970713723142203728282667333
2026-01-16 00:00:00+00:00,53806.092708205536,0.237849,95550.94,76532.788236265536,0.2969537116287998309277871193
2026-01-17 00:00:00+00:00,53806.092708205536,0.237849,95147.77,76436.894654935536,0.2960717078956938948212402103
2026-01-18 00:00:00+00:00,53806.092708205536,0.237849,93673.14,76086.155384065536,0.2928267641254224488150841105
2026-01-19 00:00:00+00:00,53806.092708205536,0.237849,92631.0,75838.283427205536,0.2905154194338788567310386820
2026-01-20 00:00:00+00:00,53806.092708205536,0.237849,88427.66,74838.523211545536,0.2810374871226116281123563250
2026-01-21 00:00:00+00:00,53806.092708205536,0.237849,89454.73,75082.810783975536,0.2833766857368498982596621791
2026-01-22 00:00:00+00:00,53806.092708205536,0.237849,89559.67,75107.770658035536,0.2836148345664018558738520286
2026-01-23 00:00:00+00:00,53806.092708205536,0.237849,89600.26,75117.424948945536,0.2837069062900452729008813860
2026-01-24 00:00:00+00:00,53806.092708205536,0.237849,89225.34,75028.250601865536,0.2828555607177161447594902965
2026-01-25 00:00:00+00:00,53806.092708205536,0.237849,86670.36,74420.551163845536,0.2769995402245122030897250109
2026-01-26 00:00:00+00:00,53806.092708205536,0.237849,88347.08,74819.357339125536,0.2808533162838524337740701948
2026-01-27 00:00:00+00:00,52371.770955663880,0.254063,89250.0,75046.893705663880,0.3021460533587505569374744140
2026-01-28 00:00:00+00:00,52532.657762512345,0.252258,89299.99,75059.294639932345,0.3001178866052864425854439478
2026-01-29 00:00:00+00:00,52541.576153512345,0.252158,84650.16,73886.791198792345,0.2888908111850563139975916180
2026-01-30 00:00:00+00:00,52541.576153512345,0.252158,84260.49,73788.532790932345,0.2879438827930046033999391591
2026-01-31 00:00:00+00:00,52541.576153512345,0.252158,78741.09,72396.771925732345,0.2742552636544112119117666063
2026-02-01 00:00:00+00:00,52541.576153512345,0.252158,76968.21,71949.726050692345,0.2697459874066225539763394541
2026-02-02 00:00:00+00:00,52541.576153512345,0.252158,78738.61,72396.146573892345,0.2742489947322693296298577447
2026-02-03 00:00:00+00:00,52541.576153512345,0.252158,75770.21,71647.640766692345,0.2666670445632042907431061458
2026-02-04 00:00:00+00:00,52541.576153512345,0.252158,73165.83,70990.925514652345,0.2598832065843697388819017859
2026-02-05 00:00:00+00:00,52541.576153512345,0.252158,62909.86,68404.800631392345,0.2319022105387154041423521111
2026-02-06 00:00:00+00:00,47877.359219640950,0.326203,70580.26,70900.851772420950,0.3247280106969841798630219213
2026-02-07 00:00:00+00:00,49628.364188790692,0.301362,69289.38,70509.550324350692,0.2961469196655565334455875809
2026-02-08 00:00:00+00:00,49628.364188790692,0.301362,70330.38,70823.268166350692,0.2992646982595763634254815284
2026-02-09 00:00:00+00:00,49628.364188790692,0.301362,70138.0,70765.292144790692,0.2986906054560246927564887200
2026-02-10 00:00:00+00:00,49628.364188790692,0.301362,68841.29,70374.513025770692,0.2947963395410337593520625518
2026-02-11 00:00:00+00:00,49628.364188790692,0.301362,67082.52,69844.486581030692,0.2894447848619531161825467000
2026-02-12 00:00:00+00:00,49628.364188790692,0.301362,66272.17,69600.277884330692,0.2869516373013840162551947939
2026-02-13 00:00:00+00:00,49628.364188790692,0.301362,68853.96,70378.331282310692,0.2948345991649765079565876587
2026-02-14 00:00:00+00:00,49628.364188790692,0.301362,69822.95,70670.348046690692,0.2977484113138642055909368247
2026-02-15 00:00:00+00:00,49628.364188790692,0.301362,68832.58,70371.888162750692,0.2947700355287607565229683901
2026-02-16 00:00:00+00:00,49628.364188790692,0.301362,68892.43,70389.924678450692,0.2949507416651062900905448518
2026-02-17 00:00:00+00:00,49628.364188790692,0.301362,67503.52,69971.359983030692,0.2907331771052262072384634502
2026-02-18 00:00:00+00:00,49628.364188790692,0.301362,66461.0,69657.184070790692,0.2875341596014742408790627291
2026-02-19 00:00:00+00:00,49628.364188790692,0.301362,67003.73,69820.742269050692,0.2892031425625596239720379924
2026-02-20 00:00:00+00:00,49628.364188790692,0.301362,68020.01,70127.010442410692,0.2923074308215916699354143398
2026-02-21 00:00:00+00:00,49628.364188790692,0.301362,67975.93,70113.726405450692,0.2921733484567360417311046887
2026-02-22 00:00:00+00:00,49628.364188790692,0.301362,67643.4,70013.514499590692,0.2911602203731563026661159234
2026-02-23 00:00:00+00:00,49628.364188790692,0.301362,64656.02,69113.231688030692,0.2819267312978864491491814101
2026-02-24 00:00:00+00:00,49628.364188790692,0.301362,64058.15,68933.056389090692,0.2800498514288298710136889439
2026-02-25 00:00:00+00:00,49628.364188790692,0.301362,67988.04,70117.375899270692,0.2922101896670253347145821941
2026-02-26 00:00:00+00:00,49628.364188790692,0.301362,67485.18,69965.833003950692,0.2906771482876738438271302115
2026-02-27 00:00:00+00:00,49628.364188790692,0.301362,65872.1,69479.711988990692,0.2857143075570825165755242193
2026-02-28 00:00:00+00:00,49628.364188790692,0.301362,66973.26,69811.559768910692,0.2891096495613355274291468432
2026-03-01 00:00:00+00:00,49628.364188790692,0.301362,65776.47,69450.892740930692,0.2854179085369430750944143353
2026-03-02 00:00:00+00:00,49628.364188790692,0.301362,68830.06,70371.128730510692,0.2947624248170769277888960379
2026-03-03 00:00:00+00:00,49628.364188790692,0.301362,68338.0,70222.840544790692,0.2932731885555681977796044859
2026-03-04 00:00:00+00:00,49628.364188790692,0.301362,72666.77,71527.367329530692,0.3061625774628336869183065395
2026-03-05 00:00:00+00:00,50068.587779995826,0.295296,70890.72,71002.333833115826,0.2948318023224808609744927556
2026-03-06 00:00:00+00:00,50068.587779995826,0.295296,68114.02,70182.385429915826,0.2865932459649102539757581784
2026-03-07 00:00:00+00:00,50068.587779995826,0.295296,67262.91,69931.056051355826,0.2840292910316332296036839965
2026-03-08 00:00:00+00:00,50068.587779995826,0.295296,65971.2,69549.619255195826,0.2801026329665296543943919304
2026-03-09 00:00:00+00:00,50068.587779995826,0.295296,68432.16,70276.330899355826,0.2875469288272878551109786144
2026-03-10 00:00:00+00:00,50068.587779995826,0.295296,69948.63,70724.138424475826,0.2920580031743679627830817389
2026-03-11 00:00:00+00:00,50068.587779995826,0.295296,70191.86,70795.963270555826,0.2927762337429845293085108393
2026-03-12 00:00:00+00:00,50068.587779995826,0.295296,70541.34,70899.163316635826,0.2938056609160618986766715997
2026-03-13 00:00:00+00:00,50068.587779995826,0.295296,70930.0,71013.933059995826,0.2949469826196559504953217760
2026-03-14 00:00:00+00:00,50068.587779995826,0.295296,71211.95,71097.191767195826,0.2957726383350991521494054691
2026-03-15 00:00:00+00:00,50068.587779995826,0.295296,72815.24,71570.636891035826,0.3004311550807663295946577420
2026-03-16 00:00:00+00:00,50099.421310230026,0.294872,74884.67,72180.813722470026,0.3059177539497039517980461546
2026-03-17 00:00:00+00:00,50526.082970424971,0.289167,73909.36,71898.230873544971,0.2972555463945901358788471593
2026-03-18 00:00:00+00:00,50526.082970424971,0.289167,71246.54,71128.231202604971,0.2896479763920443929342367750
2026-03-19 00:00:00+00:00,50526.082970424971,0.289167,69930.0,70747.531280424971,0.2858254972862218076903725570
2026-03-20 00:00:00+00:00,50526.082970424971,0.289167,70510.73,70915.459232334971,0.2875166639633514071460498586
2026-03-21 00:00:00+00:00,50526.082970424971,0.289167,68918.12,70454.928976464971,0.2828595003295952018230340227
2026-03-22 00:00:00+00:00,50526.082970424971,0.289167,67859.0,70148.666423424971,0.2797285316096524859832731930
2026-03-23 00:00:00+00:00,50526.082970424971,0.289167,70906.45,71029.888397574971,0.2886644747684837939655743777
2026-03-24 00:00:00+00:00,50526.082970424971,0.289167,70556.74,70928.763806004971,0.2876503091380914245608877509
2026-03-25 00:00:00+00:00,50526.082970424971,0.289167,71336.53,71154.253340934971,0.2899077623887121046345542814
2026-03-26 00:00:00+00:00,50526.082970424971,0.289167,68820.31,70426.645552194971,0.2825714958555166306819865398
2026-03-27 00:00:00+00:00,50526.082970424971,0.289167,66407.28,69728.876906184971,0.2753922734421197421456879828
2026-03-28 00:00:00+00:00,50526.082970424971,0.289167,66377.03,69720.129604434971,0.2753013619296118813236065365
2026-03-29 00:00:00+00:00,50526.082970424971,0.289167,66010.93,69614.265565734971,0.2741992957935542283756522693
2026-03-30 00:00:00+00:00,50526.082970424971,0.289167,66797.37,69841.678061214971,0.2765625859370135597569793084
2026-03-31 00:00:00+00:00,50526.082970424971,0.289167,68284.48,70271.701198584971,0.2809896144731103856238828457
2026-04-01 00:00:00+00:00,50526.082970424971,0.289167,68113.92,70222.380875064971,0.2804846212731287805922211769
2026-04-02 00:00:00+00:00,50526.082970424971,0.289167,66901.99,69871.930712754971,0.2768758147225271537059844420
2026-04-03 00:00:00+00:00,50526.082970424971,0.289167,66964.3,69889.948708524971,0.2770622399346252838122669499
2026-04-04 00:00:00+00:00,50526.082970424971,0.289167,67300.42,69987.143520564971,0.2780662214685412359974353300
2026-04-05 00:00:00+00:00,50526.082970424971,0.289167,69034.18,70488.489698484971,0.2832009426425412210375502851
2026-04-06 00:00:00+00:00,50526.082970424971,0.289167,68853.66,70436.289271644971,0.2826697219161303570026908252
2026-04-07 00:00:00+00:00,50526.082970424971,0.289167,71924.22,71324.193895164971,0.2915996632967189108102891793
2026-04-08 00:00:00+00:00,50526.082970424971,0.289167,71069.93,71077.161418734971,0.2891375800341544847210223103
2026-04-09 00:00:00+00:00,50526.082970424971,0.289167,71787.97,71284.794891414971,0.2912081314480997441085118181
2026-04-10 00:00:00+00:00,50526.082970424971,0.289167,72962.7,71624.488041324971,0.2945697155800529428730584986
2026-04-11 00:00:00+00:00,50526.082970424971,0.289167,73043.16,71647.754418144971,0.2947987919405173216343578728
2026-04-12 00:00:00+00:00,50526.082970424971,0.289167,70740.98,70982.039934084971,0.2881849687985259450942651525
2026-04-13 00:00:00+00:00,50526.082970424971,0.289167,74417.99,72045.309884754971,0.2986901846734028765328606405
2026-04-14 00:00:00+00:00,50526.082970424971,0.289167,74131.55,71962.480889274971,0.2978829753220028792661422158
2026-04-15 00:00:00+00:00,50373.544592739146,0.291222,74809.99,72159.859500519146,0.3019173687224718169759906981
2026-04-16 00:00:00+00:00,50511.763156213196,0.289372,75154.29,72259.310362093196,0.3009653302377576216686113235
2026-04-17 00:00:00+00:00,50581.490718509240,0.288443,77072.0,72812.369614509240,0.3053173384370954116078507321
2026-04-18 00:00:00+00:00,50968.197124037528,0.283419,75691.76,72420.680051477528,0.2962204015785450507171322190
2026-04-19 00:00:00+00:00,50968.197124037528,0.283419,73801.79,71885.026644047528,0.2909761670338342635494623066
2026-04-20 00:00:00+00:00,50968.197124037528,0.283419,75840.97,72462.969000467528,0.2966311230815192880695785933
2026-04-21 00:00:00+00:00,50723.823609463630,0.286637,76336.15,72604.588637013630,0.3013689002074345895297186885
2026-04-22 00:00:00+00:00,50823.084057193066,0.285335,78178.23,73130.069314243066,0.3050316438399083284432179834
2026-04-23 00:00:00+00:00,51190.590558387064,0.280628,78257.48,73151.830655827064,0.3002144977172984926259456198
2026-04-24 00:00:00+00:00,51206.299863187540,0.280427,77437.13,72921.761917697540,0.2977912420577406205270727703
2026-04-25 00:00:00+00:00,51045.098780586289,0.282506,77625.0,72974.627030586289,0.3005089459492344720324686978
2026-04-26 00:00:00+00:00,51082.232818498789,0.282027,78657.55,73265.785672348789,0.3027818872107214138596463489
2026-04-27 00:00:00+00:00,51285.848143618309,0.279435,77371.32,72906.102947818309,0.2965493138437867768252337374
2026-04-28 00:00:00+00:00,51033.986987888593,0.282686,76342.77,72615.019268108593,0.2971979143947987582166171218
2026-04-29 00:00:00+00:00,50830.268989627283,0.285351,75780.0,72454.167769627283,0.2984493431593139827439123455
2026-04-30 00:00:00+00:00,50717.817031879283,0.286833,76346.57,72616.532744689283,0.3015665287931491674131572575
2026-05-01 00:00:00+00:00,50831.501800083269,0.285342,78231.13,73154.128896543269,0.3051451426347967171822221437
2026-05-02 00:00:00+00:00,51207.460614986441,0.280530,78686.85,73281.482645486441,0.3012223720593565931134972402
2026-05-03 00:00:00+00:00,51296.968414142453,0.279391,78568.57,73248.319755012453,0.2996840257126559944914575371
2026-05-04 00:00:00+00:00,51296.968414142453,0.279391,79861.01,73609.415859052453,0.3031194743840101429734962939
2026-05-05 00:00:00+00:00,51526.350094558265,0.276515,80905.52,73897.939957358265,0.3027363127539035813898070330
2026-05-06 00:00:00+00:00,51728.350976585765,0.274015,81447.01,74046.053421735765,0.3014029973756680363297642389
2026-05-07 00:00:00+00:00,51832.142257045577,0.272739,80006.0,73652.898691045577,0.2962647339316854306999157448
2026-05-08 00:00:00+00:00,51556.724050229177,0.276177,80193.17,73704.233161319177,0.3004916835999762578942709146
2026-05-09 00:00:00+00:00,51592.924246076609,0.275725,80678.4,73837.976086076609,0.3012684396179526145051075536
2026-05-10 00:00:00+00:00,51686.470112162396,0.274564,82210.07,74258.395771642396,0.3039646281733938097777806425
2026-05-11 00:00:00+00:00,51980.563763490434,0.270982,81745.65,74132.163491790434,0.2988122656200789150881529146
2026-05-12 00:00:00+00:00,51892.409235571868,0.272059,80504.47,73794.374839301868,0.2967972240624676269651175847
2026-05-13 00:00:00+00:00,51655.821451316583,0.274994,79313.61,73466.588319656583,0.2968800834120719880953514179
2026-05-14 00:00:00+00:00,51426.386553901506,0.277883,81089.99,73959.916245071506,0.3046721904944230526061286751
2026-05-15 00:00:00+00:00,51771.542846647506,0.273621,79113.21,73418.578480057506,0.2948441127784832683735524232
2026-05-16 00:00:00+00:00,51392.573277034066,0.278405,78148.05,73149.381137284066,0.2974298281405501414042595536
2026-05-17 00:00:00+00:00,51204.382886905741,0.280810,77457.67,72955.271199605741,0.2981400515007275361696500052
2026-05-18 00:00:00+00:00,51068.578189841520,0.282561,77001.87,72826.303578911520,0.2987619077150365560447090179
2026-05-19 00:00:00+00:00,50978.368870382040,0.283731,76834.36,72778.658667542040,0.2995423410693131299043042517
2026-05-20 00:00:00+00:00,50945.056342440796,0.284164,77552.23,72982.608228160796,0.3019562114966545238802503809
2026-05-21 00:00:00+00:00,51087.644410504804,0.282323,77615.52,73000.290863464804,0.3001720430668426888031419987
2026-05-22 00:00:00+00:00,51100.201778916292,0.282161,75539.5,72414.502638416292,0.2943374611840894719425077304
2026-05-23 00:00:00+00:00,50689.640335988492,0.287589,76752.01,72762.674139878492,0.3033565501105270434703518982
2026-05-24 00:00:00+00:00,50933.624359887692,0.284406,77064.96,72851.361373647692,0.3008555585028262538574673268
2026-05-25 00:00:00+00:00,50995.888863309260,0.283597,77322.01,72924.178933279260,0.3006998555312212274468825134
2026-05-26 00:00:00+00:00,51046.932269116067,0.282936,75930.01,72530.265578476067,0.2961981889631374791761952485
2026-05-27 00:00:00+00:00,50770.871990379864,0.286567,74449.3,72105.584543479864,0.2958815560289246415269538037
2026-05-28 00:00:00+00:00,50473.582167097100,0.290555,73617.51,71863.517785147100,0.2976466540644482058482509015
2026-05-29 00:00:00+00:00,50304.262894380628,0.292852,73460.78,71817.399238940628,0.2995532638683357916074089043
2026-05-30 00:00:00+00:00,50272.192356730524,0.293288,73884.38,71941.594398170524,0.3012082540387936310703433064
2026-05-31 00:00:00+00:00,50359.041221500686,0.292111,73674.39,71880.140958790686,0.2994025811611607019452112089
2026-06-01 00:00:00+00:00,50316.106984477212,0.292693,71408.9,71216.992152177212,0.2934817174395510900976741137
2026-06-02 00:00:00+00:00,49851.345729272212,0.299193,66760.83,69825.718739462212,0.2860603996747895108056900712
2026-06-03 00:00:00+00:00,49851.345729272212,0.299193,64142.75,69042.407530022212,0.2779604954013953102581813199
2026-06-04 00:00:00+00:00,49851.345729272212,0.299193,63885.99,68965.586735342212,0.2771562153081007035275966067
2026-06-05 00:00:00+00:00,49851.345729272212,0.299193,61056.47,68119.014157982212,0.2681728244971875838902559235
2026-06-06 00:00:00+00:00,49851.345729272212,0.299193,60884.62,68067.597840932212,0.2676200231750461520761071694
2026-06-07 00:00:00+00:00,49851.345729272212,0.299193,63332.01,68799.839797202212,0.2754147992754563393683262681
2026-06-08 00:00:00+00:00,49851.345729272212,0.299193,63085.99,68726.232335342212,0.2746387509498852454991040485
2026-06-09 00:00:00+00:00,49851.345729272212,0.299193,61730.0,68320.529619272212,0.2703313922319202294159511341
2026-06-10 00:00:00+00:00,49851.345729272212,0.299193,61510.99,68255.003360342212,0.2696308948065038828272424056
2026-06-11 00:00:00+00:00,49851.345729272212,0.299193,63625.99,68887.796555342212,0.2763399582795007159914705084
2026-06-12 00:00:00+00:00,49851.345729272212,0.299193,63580.01,68874.039661202212,0.2761954144915035546842402322
2026-06-13 00:00:00+00:00,49851.345729272212,0.299193,64458.01,69136.731115202212,0.2789455774788491582979124910
2026-06-14 00:00:00+00:00,49851.345729272212,0.299193,65746.45,69522.223344122212,0.2829437360983519710278952124
2026-06-15 00:00:00+00:00,49851.345729272212,0.299193,66328.74,69696.440436092212,0.2847361297456339426075061599
2026-06-16 00:00:00+00:00,49851.345729272212,0.299193,65675.01,69500.848996202212,0.2827232120287296464819324021
2026-06-17 00:00:00+00:00,49851.345729272212,0.299193,64509.4,69152.106643472212,0.2791058993142321592638371621
2026-06-18 00:00:00+00:00,49851.345729272212,0.299193,62958.01,68687.941615202212,0.2742343916994162864780684203
2026-06-19 00:00:00+00:00,49851.345729272212,0.299193,63543.91,68863.238793902212,0.2760818892287344584082546265
2026-06-20 00:00:00+00:00,49851.345729272212,0.299193,64298.01,69088.860235202212,0.2784459671275353596675990499
2026-06-21 00:00:00+00:00,49851.345729272212,0.299193,63311.99,68793.849953342212,0.2753517100281100957706108161
2026-06-22 00:00:00+00:00,49851.345729272212,0.299193,64020.01,69005.684581202212,0.2775762456119132454610656158
2026-06-23 00:00:00+00:00,49851.345729272212,0.299193,62734.57,68621.089931282212,0.2735273400758599691077021550
2026-06-24 00:00:00+00:00,49851.345729272212,0.299193,61077.99,68125.452791342212,0.2682419905235827259947575459
2026-06-25 00:00:00+00:00,49851.345729272212,0.299193,59794.0,67741.291971272212,0.2640921913562969021278650822
2026-06-26 00:00:00+00:00,49851.345729272212,0.299193,60097.27,67832.028232382212,0.2650765865574727688572868976
2026-06-27 00:00:00+00:00,49851.345729272212,0.299193,60029.0,67811.602326272212,0.2648552162295930236397067322
2026-06-28 00:00:00+00:00,49851.345729272212,0.299193,59577.01,67676.370082202212,0.2633862355690630101151988767
2026-06-29 00:00:00+00:00,49851.345729272212,0.299193,60260.21,67880.778739802212,0.2656043926608396090067543345
2026-06-30 00:00:00+00:00,49851.345729272212,0.299193,58624.71,67391.448588302212,0.2602719369661183680354812235
2026-07-01 00:00:00+00:00,49851.345729272212,0.299193,60024.0,67810.106361272212,0.2648389981328303678022344222
2026-07-02 00:00:00+00:00,49851.345729272212,0.299193,61560.0,68269.666809272212,0.2697877687239345163082692780
2026-07-03 00:00:00+00:00,49851.345729272212,0.299193,62583.26,68575.819038452212,0.2730477531545151492770201508
2026-07-04 00:00:00+00:00,49851.345729272212,0.299193,63144.01,68743.591513202212,0.2748219196592564232610908747
2026-07-05 00:00:00+00:00,49851.345729272212,0.299193,63650.0,68894.980179272212,0.2764154137274790899159802117
2026-07-06 00:00:00+00:00,49851.345729272212,0.299193,64042.02,69012.269819132212,0.2776451801987830510634600302
2026-07-07 00:00:00+00:00,49851.345729272212,0.299193,63363.99,68809.407989342212,0.2755155554165846969695221238
2026-07-08 00:00:00+00:00,49851.345729272212,0.299193,62290.0,68488.077699272212,0.2721164412269384380827448902
2026-07-09 00:00:00+00:00,49851.345729272212,0.299193,63230.0,68769.319119272212,0.2750932193641327642089730706
2026-07-10 00:00:00+00:00,48136.344611528068,0.326281,64161.72,69071.094774848068,0.3030898848724096982779933786
2026-07-11 00:00:00+00:00,48349.533148112896,0.322954,63819.0,68960.134474112896,0.2988770466179566571032701836
2026-07-12 00:00:00+00:00,48272.020052786027,0.324167,63780.0,68947.391312786027,0.2998716973381099102048129058
2026-07-13 00:00:00+00:00,48263.206970654027,0.324305,62334.52,68478.603479254027,0.2952074879086044237679253176
2026-07-14 00:00:00+00:00,47934.651489786763,0.329569,65043.98,69371.130934406763,0.3090115319712614553210042060
2026-07-15 00:00:00+00:00,48559.041557985319,0.319957,64756.28,69278.266637945319,0.2990725098282351973632807410
2026-07-16 00:00:00+00:00,48494.719818526631,0.320949,63830.2,68980.958678326631,0.2969839685083507419644758462
2026-07-17 00:00:00+00:00,48286.426767318291,0.324208,63931.67,69013.585634678291,0.3003344729410047309586565244
2026-07-18 00:00:00+00:00,48309.539945614389,0.323846,64834.22,69305.842755734389,0.3029514103756101972341663072
2026-07-19 00:00:00+00:00,48513.825960652074,0.320691,64722.54,69269.762035792074,0.2996391999212483447412145731
2026-07-20 00:00:00+00:00,48488.810578576484,0.321077,65255.51,69440.853962846484,0.3017250248028364618991088637
2026-07-21 00:00:00+00:00,48608.463943085216,0.319241,66556.16,69855.919017645216,0.3041611272652931702265689570
2026-07-22 00:00:00+00:00,48898.803273843056,0.314873,66114.49,69716.471083613056,0.2986047269203104994535275699
2026-07-23 00:00:00+00:00,48801.422413584706,0.316344,65098.97,69395.090979264706,0.2967597314892691801469221259
2026-07-24 00:00:00+00:00,48576.278229224710,0.319798,64139.99,69088.118751244710,0.2968938927961539436576089897
2026-07-25 00:00:00+00:00,48361.451016434710,0.323143,64375.0,69163.781641434710,0.3007691327933075048307915771
2026-07-26 00:00:00+00:00,48414.619940131459,0.322316,65399.99,69494.083116971459,0.3033274522286932739015629012
2026-07-27 00:00:00+00:00,48645.573709411459,0.318780,63755.86,68969.666760211459,0.2946816188261612954843373345
2026-07-28 00:00:00+00:00,48278.309423130105,0.324533,63915.0,69020.836118130105,0.3005255783847486557569935968
2026-07-29 00:00:00+00:00,48314.565948294105,0.323965,63984.28,69043.233218494105,0.3002273547155894747121669140
2026-07-30 00:00:00+00:00,48330.285621458163,0.323719,64780.02,69300.808915838163,0.3026014215771635727765533521
2026-07-31 00:00:00+00:00,48510.398773093587,0.320935,62887.88,68693.320540893587,0.2938119981517704256549475854
2026-08-01 00:00:00+00:00,48084.787015238391,0.327694,62823.64,68671.716901398391,0.2997876100246560124118581817
2026-08-02 00:00:00+00:00,48070.192980825551,0.327926,63570.0,68916.448800825551,0.3024859258237096285415436364
2026-08-03 00:00:00+00:00,48241.354927614503,0.325230,63520.0,68899.964527614503,0.2998348365146140243303417302
2026-08-04 00:00:00+00:00,48241.354927614503,0.325230,64136.0,69100.306207614503,0.3018648168841464474761070773
