timestamp,cash,qty,price,equity,allocation_pct
2020-06-08 00:00:00+00:00,10000,0,9782.01,10000.00,0
2020-06-09 00:00:00+00:00,487.6552848614,0.971171,9772.43,9978.3559003914,0.9511286939722933944638359076
2020-06-10 00:00:00+00:00,487.6552848614,0.971171,9885.0,10087.6806198614,0.9516583342357938216649330264
2020-06-11 00:00:00+00:00,487.6552848614,0.971171,9280.4,9500.5106332614,0.9486706237500421203888082623
2020-06-12 00:00:00+00:00,487.6552848614,0.971171,9465.13,9679.9150520914,0.9496219458293655854441062285
2020-06-13 00:00:00+00:00,487.6552848614,0.971171,9473.34,9687.8883660014,0.9496634079132482926082595461
2020-06-14 00:00:00+00:00,487.6552848614,0.971171,9342.1,9560.4318839614,0.9489923372939363232034033016
2020-06-15 00:00:00+00:00,487.6552848614,0.971171,9426.02,9641.9325542814,0.9494234913886779122893277641
2020-06-16 00:00:00+00:00,487.6552848614,0.971171,9525.59,9738.6320507514,0.9499256895301045732482602034
2020-06-17 00:00:00+00:00,487.6552848614,0.971171,9465.14,9679.9247638014,0.9496219963728423590544806111
2020-06-18 00:00:00+00:00,487.6552848614,0.971171,9386.32,9603.3770655814,0.9492204376094778735602890299
2020-06-19 00:00:00+00:00,487.6552848614,0.971171,9310.23,9529.4806641914,0.9488266672606991687670317916
2020-06-20 00:00:00+00:00,487.6552848614,0.971171,9358.95,9576.7961153114,0.9490794960037067307811685332
2020-06-21 00:00:00+00:00,487.6552848614,0.971171,9294.69,9514.3886668514,0.9487454946463964525472390514
2020-06-22 00:00:00+00:00,487.6552848614,0.971171,9685.69,9894.1165278514,0.9507125994030212913893517228
2020-06-23 00:00:00+00:00,487.6552848614,0.971171,9624.89,9835.0693310514,0.9504166906763159433084465524
2020-06-24 00:00:00+00:00,487.6552848614,0.971171,9296.49,9516.1367746514,0.9487549100638831414493062142
2020-06-25 00:00:00+00:00,487.6552848614,0.971171,9249.49,9470.4917376514,0.9485079235196783677442198597
2020-06-26 00:00:00+00:00,487.6552848614,0.971171,9162.21,9385.7279327714,0.9480428914672997484370426959
2020-06-27 00:00:00+00:00,3750.048033807218,0.614637,9012.0,9289.156677807218,0.5962983332204438876700905629
2020-06-28 00:00:00+00:00,3750.048033807218,0.614637,9116.35,9353.294048757218,0.5990665946928621559466084161
2020-06-29 00:00:00+00:00,3750.048033807218,0.614637,9192.56,9400.135534527218,0.6010644718862739741493883026
2020-06-30 00:00:00+00:00,3750.048033807218,0.614637,9138.55,9366.938990157218,0.5996506395795072991872437744
2020-07-01 00:00:00+00:00,3750.048033807218,0.614637,9232.0,9424.376817807218,0.6020906096707043014070554025
2020-07-02 00:00:00+00:00,466.961225759885,0.969796,9086.54,9279.051371599885,0.9496757581072242732654063853
2020-07-03 00:00:00+00:00,3707.410294383215,0.612711,9058.26,9257.505837243215,0.5995238502072344744417197030
2020-07-04 00:00:00+00:00,3707.410294383215,0.612711,9135.46,9304.807126443215,0.6015596837201308502200523963
2020-07-05 00:00:00+00:00,3707.410294383215,0.612711,9069.41,9264.337564893215,0.5998191701873777404923887974
2020-07-06 00:00:00+00:00,3707.410294383215,0.612711,9344.2,9432.704420583215,0.6069621044953734059894066732
2020-07-07 00:00:00+00:00,467.383188362099,0.959067,9257.39,9345.840443492099,0.9499902452660041363275010312
2020-07-08 00:00:00+00:00,467.383188362099,0.959067,9436.06,9517.196944382099,0.9508906675890541103427742635
2020-07-09 00:00:00+00:00,467.383188362099,0.959067,9232.43,9321.902131172099,0.9498618219988400487848697868
2020-07-10 00:00:00+00:00,467.383188362099,0.959067,9288.34,9375.523567142099,0.9501485773018466817442521702
2020-07-11 00:00:00+00:00,467.383188362099,0.959067,9234.03,9323.436638372099,0.9498700740413134231801813546
2020-07-12 00:00:00+00:00,467.383188362099,0.959067,9302.75,9389.343722612099,0.9502219535070898635145592555
2020-07-13 00:00:00+00:00,467.383188362099,0.959067,9242.62,9331.675023902099,0.9499143307964597592376791932
2020-07-14 00:00:00+00:00,467.383188362099,0.959067,9255.85,9344.363480312099,0.9499823407611613435900700115
2020-07-15 00:00:00+00:00,4900.024724699474,0.479542,9197.6,9310.660223899474,0.4737188763347166328472845068
2020-07-16 00:00:00+00:00,4900.024724699474,0.479542,9133.72,9280.027080939474,0.4719816351868431751671651043
2020-07-17 00:00:00+00:00,458.238438400174,0.965217,9154.32,9294.143725840174,0.9506960025670627270979953175
2020-07-18 00:00:00+00:00,458.238438400174,0.965217,9170.28,9309.548589160174,0.9507775877625542033311708453
2020-07-19 00:00:00+00:00,458.238438400174,0.965217,9208.99,9346.912139230174,0.9509743505048165329552055565
2020-07-20 00:00:00+00:00,458.238438400174,0.965217,9160.78,9300.379027660174,0.9507290577042794532398722438
2020-07-21 00:00:00+00:00,458.238438400174,0.965217,9390.0,9521.626068400174,0.9518739304496582339171354304
2020-07-22 00:00:00+00:00,4992.954643687174,0.481658,9518.16,9577.452552967174,0.4786761285347933816692104606
2020-07-23 00:00:00+00:00,4992.954643687174,0.481658,9603.27,9618.446465347174,0.4808980159451399215343308555
2020-07-24 00:00:00+00:00,475.059819134581,0.951501,9537.8,9550.286056934581,0.9502570063030065805174799266
2020-07-25 00:00:00+00:00,475.059819134581,0.951501,9700.42,9705.019149554581,0.9510500894625865606662235018
2020-07-26 00:00:00+00:00,475.059819134581,0.951501,9931.54,9924.930060674581,0.9521346935212264887546983393
2020-07-27 00:00:00+00:00,475.059819134581,0.951501,11029.96,10970.077789094581,0.9566949452622076420703633662
2020-07-28 00:00:00+00:00,475.059819134581,0.951501,10906.27,10852.386630404581,0.9562253138122051413047144849
2020-07-29 00:00:00+00:00,475.059819134581,0.951501,11100.53,11037.225214664581,0.9569584012380762160596062718
2020-07-30 00:00:00+00:00,475.059819134581,0.951501,11099.61,11036.349833744581,0.9569549872656224541615412172
2020-07-31 00:00:00+00:00,475.059819134581,0.951501,11335.46,11260.761344594581,0.9578128152620319575515093855
2020-08-01 00:00:00+00:00,475.059819134581,0.951501,11801.17,11703.884875304581,0.9594100741594813337740073264
2020-08-02 00:00:00+00:00,475.059819134581,0.951501,11071.35,11009.460415484581,0.9568498544700320574858125230
2020-08-03 00:00:00+00:00,475.059819134581,0.951501,11219.81,11150.720253944581,0.9573964902431725874496847889
2020-08-04 00:00:00+00:00,475.059819134581,0.951501,11191.97,11124.230466104581,0.9572950398158251468431075914
2020-08-05 00:00:00+00:00,475.059819134581,0.951501,11744.91,11650.353429044581,0.9592235701665284521917662070
2020-08-06 00:00:00+00:00,475.059819134581,0.951501,11762.46,11667.052271594581,0.9592819327388122909653692636
2020-08-07 00:00:00+00:00,475.059819134581,0.951501,11594.23,11506.981258364581,0.9587155129161913283082799342
2020-08-08 00:00:00+00:00,475.059819134581,0.951501,11761.41,11666.053195544581,0.9592784456600958594192300301
2020-08-09 00:00:00+00:00,475.059819134581,0.951501,11681.68,11590.190020814581,0.9590119041809123957814462303
2020-08-10 00:00:00+00:00,475.059819134581,0.951501,11892.92,11791.185092054581,0.9597105960574991570963107767
2020-08-11 00:00:00+00:00,475.059819134581,0.951501,11392.08,11314.635331214581,0.9580136871204327871063236136
2020-08-12 00:00:00+00:00,5933.093866578454,0.471770,11564.33,11388.797830678454,0.4790412513429428878413390034
2020-08-13 00:00:00+00:00,5933.093866578454,0.471770,11780.0,11490.544466578454,0.4836542442496500119976832569
2020-08-14 00:00:00+00:00,567.557471328358,0.926666,11760.54,11465.650030968358,0.9504993201610546959392481472
2020-08-15 00:00:00+00:00,567.557471328358,0.926666,11852.4,11550.773569728358,0.9508641159051215502419981234
2020-08-16 00:00:00+00:00,567.557471328358,0.926666,11911.0,11605.076197328358,0.9510940331904914820827381594
2020-08-17 00:00:00+00:00,567.557471328358,0.926666,12281.13,11948.063083908358,0.9524979515639866383280996463
2020-08-18 00:00:00+00:00,567.557471328358,0.926666,11945.01,11636.592107988358,0.9512264874405335802088064984
2020-08-19 00:00:00+00:00,567.557471328358,0.926666,11754.59,11460.136368268358,0.9504755045585799869207689512
2020-08-20 00:00:00+00:00,567.557471328358,0.926666,11853.55,11551.839235628358,0.9508686487275646437459138459
2020-08-21 00:00:00+00:00,567.557471328358,0.926666,11531.34,11253.258183768358,0.9495650537773140234731403346
2020-08-22 00:00:00+00:00,567.557471328358,0.926666,11662.96,11375.225962688358,0.9501058288257313346793257512
2020-08-23 00:00:00+00:00,567.557471328358,0.926666,11648.13,11361.483505908358,0.9500454785650827373340959293
2020-08-24 00:00:00+00:00,567.557471328358,0.926666,11748.2,11454.214972528358,0.9504499022683282489503210472
2020-08-25 00:00:00+00:00,567.557471328358,0.926666,11318.42,11055.952459048358,0.9486649862659403516339009302
2020-08-26 00:00:00+00:00,567.557471328358,0.926666,11461.43,11188.474963708358,0.9492730266484643209537070053
2020-08-27 00:00:00+00:00,567.557471328358,0.926666,11330.38,11067.035384408358,0.9487163949861447438900000091
2020-08-28 00:00:00+00:00,567.557471328358,0.926666,11526.91,11249.153053388358,0.9495466486557044413805228306
2020-08-29 00:00:00+00:00,567.557471328358,0.926666,11465.84,11192.561560768358,0.9492915479403987521876637412
2020-08-30 00:00:00+00:00,567.557471328358,0.926666,11711.16,11419.891263888358,0.9503009741324708204642058935
2020-08-31 00:00:00+00:00,567.557471328358,0.926666,11649.51,11362.762304988358,0.9500511005955660087983450587
2020-09-01 00:00:00+00:00,567.557471328358,0.926666,11921.97,11615.241723348358,0.9511368351303887775653180030
2020-09-02 00:00:00+00:00,567.557471328358,0.926666,11388.54,11120.930278968358,0.9489649285544295379598179441
2020-09-03 00:00:00+00:00,567.557471328358,0.926666,10140.85,9964.738377428358,0.9430434147058028484919300259
2020-09-04 00:00:00+00:00,3980.509375076752,0.589588,10446.25,10139.493020076752,0.6074252068426769231628122232
2020-09-05 00:00:00+00:00,3980.509375076752,0.589588,10166.69,9974.667798796752,0.6009381509871514345870233382
2020-09-06 00:00:00+00:00,3980.509375076752,0.589588,10256.2,10027.441820676752,0.6030383974037251066773314100
2020-09-07 00:00:00+00:00,3980.509375076752,0.589588,10373.44,10096.565117796752,0.6057560835159186176272867601
2020-09-08 00:00:00+00:00,3980.509375076752,0.589588,10126.65,9951.060695276752,0.5999914484527170464271611653
2020-09-09 00:00:00+00:00,3980.509375076752,0.589588,10219.2,10005.627064676752,0.6021729223619280670049287434
2020-09-10 00:00:00+00:00,3980.509375076752,0.589588,10336.87,10075.003884636752,0.6049123731707358254512001558
2020-09-11 00:00:00+00:00,3980.509375076752,0.589588,10387.89,10105.084664396752,0.6060884686002402392049782716
2020-09-12 00:00:00+00:00,3980.509375076752,0.589588,10440.92,10136.350516036752,0.6073034995406704206937353389
2020-09-13 00:00:00+00:00,3980.509375076752,0.589588,10332.83,10072.621949116752,0.6048189443439009564886788819
2020-09-14 00:00:00+00:00,3980.509375076752,0.589588,10671.77,10272.456905836752,0.6125065880962665267464826411
2020-09-15 00:00:00+00:00,3980.509375076752,0.589588,10785.31,10339.398727356752,0.6150153911228103109004082396
2020-09-16 00:00:00+00:00,3980.509375076752,0.589588,10954.01,10438.862222956752,0.6186835988386774618974272406
2020-09-17 00:00:00+00:00,517.448894075197,0.905323,10939.99,10421.673460845197,0.9503487711432064068601200804
2020-09-18 00:00:00+00:00,517.448894075197,0.905323,10933.39,10415.698329045197,0.9503202879222951402308011322
2020-09-19 00:00:00+00:00,517.448894075197,0.905323,11080.65,10549.016194025197,0.9509481372899709627448036698
2020-09-20 00:00:00+00:00,517.448894075197,0.905323,10920.28,10403.829544515197,0.9502636128493674441779997353
2020-09-21 00:00:00+00:00,517.448894075197,0.905323,10417.22,9948.397756135197,0.9479867103467907461420609620
2020-09-22 00:00:00+00:00,3974.861460825361,0.572997,10529.61,10008.296401995361,0.6028433510389550301715244616
2020-09-23 00:00:00+00:00,3974.861460825361,0.572997,10241.46,9843.187316445361,0.5961814671367251694404837985
2020-09-24 00:00:00+00:00,3974.861460825361,0.572997,10736.32,10126.740611865361,0.6074885678252614507949663455
2020-09-25 00:00:00+00:00,3974.861460825361,0.572997,10686.67,10098.291310815361,0.6063827692742188419658299252
2020-09-26 00:00:00+00:00,3974.861460825361,0.572997,10728.6,10122.317075025361,0.6073170370613585854919573229
2020-09-27 00:00:00+00:00,3974.861460825361,0.572997,10774.25,10148.474388075361,0.6083291627068700748214616832
2020-09-28 00:00:00+00:00,3974.861460825361,0.572997,10696.12,10103.706132465361,0.6065937183135914805179201895
2020-09-29 00:00:00+00:00,3974.861460825361,0.572997,10840.48,10186.423979385361,0.6097883350556158268674625358
2020-09-30 00:00:00+00:00,3974.861460825361,0.572997,10776.59,10149.815201055361,0.6083809032885582509447545287
2020-10-01 00:00:00+00:00,7100.809897268479,0.282551,10619.13,10101.255697898479,0.2970369120795773250755730716
2020-10-02 00:00:00+00:00,496.492024370068,0.903670,10570.4,10048.645392370068,0.9505911488580287473960059330
2020-10-03 00:00:00+00:00,496.492024370068,0.903670,10542.06,10023.035384570068,0.9504649035626082723760113015
2020-10-04 00:00:00+00:00,496.492024370068,0.903670,10666.63,10135.605556470068,0.9510150605601327775775392956
2020-10-05 00:00:00+00:00,496.492024370068,0.903670,10792.21,10249.088435070068,0.9515574455703607432970477597
2020-10-06 00:00:00+00:00,496.492024370068,0.903670,10599.66,10075.086776570068,0.9507208190479633526609503842
2020-10-07 00:00:00+00:00,496.492024370068,0.903670,10666.39,10135.388675670068,0.9510140123622595995574333941
2020-10-08 00:00:00+00:00,496.492024370068,0.903670,10925.57,10369.601866270068,0.9521204352131355723067313086
2020-10-09 00:00:00+00:00,496.492024370068,0.903670,11050.64,10482.623873170068,0.9526366651730371579294526803
2020-10-10 00:00:00+00:00,496.492024370068,0.903670,11293.22,10701.836141770068,0.9536068373881915045428791848
2020-10-11 00:00:00+00:00,496.492024370068,0.903670,11369.02,10770.334327770068,0.9539018929904598751708390254
2020-10-12 00:00:00+00:00,496.492024370068,0.903670,11528.25,10914.225701870068,0.9545096429254713012828431553
2020-10-13 00:00:00+00:00,496.492024370068,0.903670,11420.56,10816.909479570068,0.9541003809537470849746083289
2020-10-14 00:00:00+00:00,496.492024370068,0.903670,11417.89,10814.496680670068,0.9540901403892885311616398048
2020-10-15 00:00:00+00:00,5670.875351034664,0.449898,11505.12,10847.005828794664,0.4771944036408044959727649310
2020-10-16 00:00:00+00:00,535.693037547893,0.895657,11319.32,10673.921230787893,0.9498129107414866182516467647
2020-10-17 00:00:00+00:00,535.693037547893,0.895657,11360.2,10710.535688947893,0.9499844776110806572351715152
2020-10-18 00:00:00+00:00,535.693037547893,0.895657,11503.14,10838.560900527893,0.9505752615624642542210567878
2020-10-19 00:00:00+00:00,535.693037547893,0.895657,11751.47,11060.979403337893,0.9515691135464698647641485585
2020-10-20 00:00:00+00:00,535.693037547893,0.895657,11909.99,11202.958950977893,0.9521828974030889410613971005
2020-10-21 00:00:00+00:00,535.693037547893,0.895657,12780.96,11983.049328267893,0.9552957663051425061510200318
2020-10-22 00:00:00+00:00,6283.523444790668,0.445346,12968.52,12059.001952710668,0.4789350338086450122662089661
2020-10-23 00:00:00+00:00,6283.523444790668,0.445346,12923.07,12038.760977010668,0.4780589583272112560884317082
2020-10-24 00:00:00+00:00,6283.523444790668,0.445346,13111.73,12122.779953370668,0.4816763589737871065168136588
2020-10-25 00:00:00+00:00,6283.523444790668,0.445346,13028.83,12085.860769970668,0.4800930141109082202582664007
2020-10-26 00:00:00+00:00,596.937353204892,0.881214,13052.19,12098.709911864892,0.9506610739861205390626541351
2020-10-27 00:00:00+00:00,596.937353204892,0.881214,13636.17,12613.321263584892,0.9526740546180908423949905073
2020-10-28 00:00:00+00:00,6614.160260122140,0.439370,13266.4,12443.018428122140,0.4684440677855423201468133244
2020-10-29 00:00:00+00:00,6614.160260122140,0.439370,13455.7,12526.191169122140,0.4719735495953098008041768264
2020-10-30 00:00:00+00:00,618.526727545155,0.884375,13560.1,12610.740165045155,0.9509523850741444362359500734
2020-10-31 00:00:00+00:00,618.526727545155,0.884375,13791.0,12814.942352545155,0.9517339438189270975705589969
2020-11-01 00:00:00+00:00,618.526727545155,0.884375,13761.5,12788.853290045155,0.9516354818123829536728356548
2020-11-02 00:00:00+00:00,618.526727545155,0.884375,13549.37,12601.250821295155,0.9509154498774128123031852650
2020-11-03 00:00:00+00:00,618.526727545155,0.884375,14023.53,13020.586071295155,0.9524962452413149883271333182
2020-11-04 00:00:00+00:00,618.526727545155,0.884375,14144.01,13127.135571295155,0.9528818206998886311883679083
2020-11-05 00:00:00+00:00,6883.593574149330,0.440850,15590.02,13756.453891149330,0.4996098828508328154141075902
2020-11-06 00:00:00+00:00,6883.593574149330,0.440850,15579.92,13752.001306149330,0.4994478679207753014362163284
2020-11-07 00:00:00+00:00,679.556435379120,0.838540,14818.3,13105.293717379120,0.9481464170102536230232490749
2020-11-08 00:00:00+00:00,679.556435379120,0.838540,15475.1,13656.046789379120,0.9502376898775977009442571528
2020-11-09 00:00:00+00:00,679.556435379120,0.838540,15328.41,13533.041356779120,0.9497853869308757330996525552
2020-11-10 00:00:00+00:00,679.556435379120,0.838540,15297.21,13506.878908779120,0.9496881226248777583177623051
2020-11-11 00:00:00+00:00,679.556435379120,0.838540,15684.24,13831.419044979120,0.9508686394961186093680873622
2020-11-12 00:00:00+00:00,679.556435379120,0.838540,16291.86,14340.932719779120,0.9526142093643692532827391914
2020-11-13 00:00:00+00:00,679.556435379120,0.838540,16320.7,14365.116213379120,0.9526939827506437352383691396
2020-11-14 00:00:00+00:00,679.556435379120,0.838540,16070.45,14155.271578379120,0.9519926953279313854042733544
2020-11-15 00:00:00+00:00,679.556435379120,0.838540,15957.0,14060.139215379120,0.9516678729158090826215306760
2020-11-16 00:00:00+00:00,679.556435379120,0.838540,16713.57,14694.553423179120,0.9537545364048157564372393246
2020-11-17 00:00:00+00:00,679.556435379120,0.838540,17659.38,15487.652940579120,0.9561226973521199154343550466
2020-11-18 00:00:00+00:00,679.556435379120,0.838540,17776.12,15585.544100179120,0.9563982860648855973530021125
2020-11-19 00:00:00+00:00,679.556435379120,0.838540,17802.82,15607.933118179120,0.9564608311533821076643984500
2020-11-20 00:00:00+00:00,679.556435379120,0.838540,18655.67,16323.081957179120,0.9583683744796587531318246094
2020-11-21 00:00:00+00:00,679.556435379120,0.838540,18703.8,16363.440887379120,0.9584710550759986042781240017
2020-11-22 00:00:00+00:00,679.556435379120,0.838540,18414.43,16120.792567579120,0.9578459661626196423767868530
2020-11-23 00:00:00+00:00,8453.058459948144,0.415836,18368.0,16091.134107948144,0.4746760294681284499666851741
2020-11-24 00:00:00+00:00,8453.058459948144,0.415836,19160.01,16420.480378308144,0.4852124745927140553250081488
2020-11-25 00:00:00+00:00,811.114871400144,0.814167,18719.11,16051.596502770144,0.9494682743077821671343372652
2020-11-26 00:00:00+00:00,811.114871400144,0.814167,17149.47,14773.647412890144,0.9450971822508476293262779465
2020-11-27 00:00:00+00:00,811.114871400144,0.814167,17139.52,14765.546451240144,0.9450670603977532274432070695
2020-11-28 00:00:00+00:00,811.114871400144,0.814167,17719.85,15238.031986350144,0.9467703656137012414525952940
2020-11-29 00:00:00+00:00,811.114871400144,0.814167,18184.99,15616.733624730144,0.9480611700954103963668821986
2020-11-30 00:00:00+00:00,811.114871400144,0.814167,19695.87,16846.842261690144,0.9518535961338804839985424487
2020-12-01 00:00:00+00:00,8834.163699311757,0.406290,18764.96,16458.179297711757,0.4632356629788324011734197348
2020-12-02 00:00:00+00:00,8834.163699311757,0.406290,19204.09,16636.593425411757,0.4689920301942396749185033627
2020-12-03 00:00:00+00:00,8834.163699311757,0.406290,19421.9,16725.087450311757,0.4718016437548081421211302712
2020-12-04 00:00:00+00:00,8834.163699311757,0.406290,18650.52,16411.683470111757,0.4617149596261619906356297167
2020-12-05 00:00:00+00:00,8834.163699311757,0.406290,19147.66,16613.666480711757,0.4682592364805142766186274494
2020-12-06 00:00:00+00:00,8834.163699311757,0.406290,19359.4,16699.694325311757,0.4709984789409109694707431969
2020-12-07 00:00:00+00:00,8834.163699311757,0.406290,19166.9,16621.483500311757,0.4685093121112768870711284376
2020-12-08 00:00:00+00:00,820.678098939167,0.823837,18324.11,15916.757909009167,0.9484393678894463391511119481
2020-12-09 00:00:00+00:00,820.678098939167,0.823837,18541.28,16095.670590299167,0.9490124941154183237526714720
2020-12-10 00:00:00+00:00,820.678098939167,0.823837,18254.63,15859.517714249167,0.9482532751798738951352235528
2020-12-11 00:00:00+00:00,8316.568436555687,0.412677,18036.53,15759.829527365687,0.4722932489774315627126891056
2020-12-12 00:00:00+00:00,8316.568436555687,0.412677,18808.69,16078.482199685687,0.4827516469982306612512812232
2020-12-13 00:00:00+00:00,794.159807142759,0.812101,19174.99,16366.188361132759,0.9514755794312639497275724181
2020-12-14 00:00:00+00:00,794.159807142759,0.812101,19273.14,16445.896074282759,0.9517107609366068536271552985
2020-12-15 00:00:00+00:00,794.159807142759,0.812101,19426.43,16570.383036572759,0.9520735395560889502396047116
2020-12-16 00:00:00+00:00,794.159807142759,0.812101,21335.52,18120.756934662759,0.9561740268352902049995937493
2020-12-17 00:00:00+00:00,794.159807142759,0.812101,22797.16,19307.756240302759,0.9588683533571321892867416901
2020-12-18 00:00:00+00:00,10124.423528533989,0.402295,23107.39,19420.410988583989,0.4786709954549629948354237999
2020-12-19 00:00:00+00:00,10124.423528533989,0.402295,23821.61,19707.738123483989,0.4862716631864719985657403595
2020-12-20 00:00:00+00:00,973.528900050469,0.785939,23455.52,19408.136833330469,0.9498391366254908148481988125
2020-12-21 00:00:00+00:00,973.528900050469,0.785939,22719.71,18829.835057740469,0.9482985965057470915553111187
2020-12-22 00:00:00+00:00,973.528900050469,0.785939,23810.79,19687.357381860469,0.9505505547967824902596340676
2020-12-23 00:00:00+00:00,973.528900050469,0.785939,23232.76,19233.061061690469,0.9493825295449406879105854438
2020-12-24 00:00:00+00:00,973.528900050469,0.785939,23729.2,19623.232618850469,0.9503889639918309023320589556
2020-12-25 00:00:00+00:00,973.528900050469,0.785939,24712.47,20396.022859380469,0.9522686895007706406088575023
2020-12-26 00:00:00+00:00,973.528900050469,0.785939,26493.39,21795.717343260469,0.9553339362628733428127181619
2020-12-27 00:00:00+00:00,973.528900050469,0.785939,26281.66,21629.310478790469,0.9549902942581038933611118361
2020-12-28 00:00:00+00:00,973.528900050469,0.785939,27079.41,22256.293316040469,0.9562582642928761617109131558
2020-12-29 00:00:00+00:00,973.528900050469,0.785939,27385.0,22496.468415050469,0.9567252565118548200815058108
2020-12-30 00:00:00+00:00,973.528900050469,0.785939,28875.54,23667.941932110469,0.9588671924731370386275242542
2020-12-31 00:00:00+00:00,973.528900050469,0.785939,28923.63,23705.737738620469,0.9589327735426502481849386156
2021-01-01 00:00:00+00:00,973.528900050469,0.785939,29331.69,24026.448006960469,0.9594809478384637881754205114
2021-01-02 00:00:00+00:00,973.528900050469,0.785939,32178.33,26263.733401920469,0.9629325775908431143169725868
2021-01-03 00:00:00+00:00,973.528900050469,0.785939,33000.05,26909.555197000469,0.9638221853567098174653290871
2021-01-04 00:00:00+00:00,973.528900050469,0.785939,31988.71,26114.703648740469,0.9627210435490650110709717896
2021-01-05 00:00:00+00:00,973.528900050469,0.785939,33949.53,27655.788558720469,0.9647983676913275265585286208
2021-01-06 00:00:00+00:00,973.528900050469,0.785939,36769.36,29872.002929090469,0.9674099891339254556917977764
2021-01-07 00:00:00+00:00,973.528900050469,0.785939,39432.28,31964.895610970469,0.9695438110638987876619763254
2021-01-08 00:00:00+00:00,973.528900050469,0.785939,40582.81,32869.142008640469,0.9703816759258713601649371381
2021-01-09 00:00:00+00:00,973.528900050469,0.785939,40088.22,32480.424438630469,0.9700272112548933900771749090
2021-01-10 00:00:00+00:00,973.528900050469,0.785939,38150.02,30957.117468830469,0.9685523401514796134192432001
2021-01-11 00:00:00+00:00,973.528900050469,0.785939,35404.47,28799.282647380469,0.9661960712018283747283336130
2021-01-12 00:00:00+00:00,973.528900050469,0.785939,34051.24,27735.726414410469,0.9648998232278257911164690642
2021-01-13 00:00:00+00:00,973.528900050469,0.785939,37371.38,30345.153925870469,0.9679181426323068902442879421
2021-01-14 00:00:00+00:00,973.528900050469,0.785939,39144.5,31738.718085550469,0.9693267731410462118705265104
2021-01-15 00:00:00+00:00,973.528900050469,0.785939,36742.22,29850.672544630469,0.9673867013014556980769234533
2021-01-16 00:00:00+00:00,973.528900050469,0.785939,35994.98,29263.387486270469,0.9667321870884831611285306359
2021-01-17 00:00:00+00:00,973.528900050469,0.785939,35828.61,29132.630814840469,0.9665828703820822414762380588
2021-01-18 00:00:00+00:00,973.528900050469,0.785939,36631.27,29763.472612580469,0.9672911520533065636843427480
2021-01-19 00:00:00+00:00,973.528900050469,0.785939,35891.49,29182.050659160469,0.9666394623386457994195198086
2021-01-20 00:00:00+00:00,973.528900050469,0.785939,35468.23,28849.394118020469,0.9662547887117544535855010880
2021-01-21 00:00:00+00:00,973.528900050469,0.785939,30850.13,25219.849222120469,0.9613983060930998181152912825
2021-01-22 00:00:00+00:00,973.528900050469,0.785939,32945.17,26866.422864680469,0.9637641041774004143358036486
2021-01-23 00:00:00+00:00,973.528900050469,0.785939,32078.0,26184.880142050469,0.9628209525967211658258120920
2021-01-24 00:00:00+00:00,973.528900050469,0.785939,32259.9,26327.842446150469,0.9630228378173535548442130262
2021-01-25 00:00:00+00:00,973.528900050469,0.785939,32254.2,26323.362593850469,0.9630165448437845131544760555
2021-01-26 00:00:00+00:00,973.528900050469,0.785939,32467.77,26491.215586080469,0.9632508785077420329539633873
2021-01-27 00:00:00+00:00,973.528900050469,0.785939,30366.15,24839.470464900469,0.9608071797896771347058443162
2021-01-28 00:00:00+00:00,973.528900050469,0.785939,33364.86,27196.273603590469,0.9642035922185330894910071693
2021-01-29 00:00:00+00:00,973.528900050469,0.785939,34252.2,27893.668715850469,0.9650985709349424882016825945
2021-01-30 00:00:00+00:00,973.528900050469,0.785939,34262.88,27902.062544370469,0.9651090703956977341868141809
2021-01-31 00:00:00+00:00,973.528900050469,0.785939,33092.98,26982.592508270469,0.9639201125780604139667691778
2021-02-01 00:00:00+00:00,973.528900050469,0.785939,33526.37,27323.210611480469,0.9643698936448771994414408350
2021-02-02 00:00:00+00:00,973.528900050469,0.785939,35466.24,28847.830099410469,0.9662529591759359423458317127
2021-02-03 00:00:00+00:00,973.528900050469,0.785939,37618.87,30539.665968980469,0.9681224771404083198373448888
2021-02-04 00:00:00+00:00,973.528900050469,0.785939,36936.66,30003.490523790469,0.9675528119210484800803248438
2021-02-05 00:00:00+00:00,973.528900050469,0.785939,38290.24,31067.321835410469,0.9686638936819831447896110566
2021-02-06 00:00:00+00:00,973.528900050469,0.785939,39186.94,31772.073336710469,0.9693589747910589582474949356
2021-02-07 00:00:00+00:00,973.528900050469,0.785939,38795.69,31464.574702960469,0.9690595245846793320334413725
2021-02-08 00:00:00+00:00,973.528900050469,0.785939,46374.87,37421.347852980469,0.9739846650132637833207438226
2021-02-09 00:00:00+00:00,973.528900050469,0.785939,46420.42,37457.147374430469,0.9740095290674742318414291063
2021-02-10 00:00:00+00:00,973.528900050469,0.785939,44807.58,36189.553517670469,0.9730991735066552070233479910
2021-02-11 00:00:00+00:00,973.528900050469,0.785939,47969.51,38674.637619940469,0.9748277175957681919413985624
2021-02-12 00:00:00+00:00,973.528900050469,0.785939,47287.6,38138.697956450469,0.9744739869944664892679114322
2021-02-13 00:00:00+00:00,973.528900050469,0.785939,47153.69,38033.452864960469,0.9744033521356310108688648411
2021-02-14 00:00:00+00:00,973.528900050469,0.785939,48577.79,39152.708594860469,0.9751350817098191000158581179
2021-02-15 00:00:00+00:00,973.528900050469,0.785939,47911.1,38628.730922950469,0.9747978026512885839846082943
2021-02-16 00:00:00+00:00,973.528900050469,0.785939,49133.45,39589.423459600469,0.9754093690946543094882381581
2021-02-17 00:00:00+00:00,973.528900050469,0.785939,52119.71,41936.441657740469,0.9767856102814870384686076079
2021-02-18 00:00:00+00:00,973.528900050469,0.785939,51552.6,41490.727791450469,0.9765362298549250025391891731
2021-02-19 00:00:00+00:00,973.528900050469,0.785939,55906.0,44912.234634050469,0.9783237483509141078189282092
2021-02-20 00:00:00+00:00,973.528900050469,0.785939,55841.19,44861.297927460469,0.9782991365603233447188890663
2021-02-21 00:00:00+00:00,973.528900050469,0.785939,57408.57,46093.162997280469,0.9788791040417879777244592154
2021-02-22 00:00:00+00:00,973.528900050469,0.785939,54087.67,43483.138172180469,0.9776113468122843343582799463
2021-02-23 00:00:00+00:00,973.528900050469,0.785939,48891.0,39398.872549050469,0.9752904375921302475062143124
2021-02-24 00:00:00+00:00,973.528900050469,0.785939,49676.2,40015.991851850469,0.9756715039413561387901257944
2021-02-25 00:00:00+00:00,973.528900050469,0.785939,47073.73,37970.609182520469,0.9743609881166029092041744794
2021-02-26 00:00:00+00:00,973.528900050469,0.785939,46276.87,37344.325830980469,0.9739310088376842666835719536
2021-02-27 00:00:00+00:00,973.528900050469,0.785939,46106.43,37210.370387820469,0.9738371617937691880922321438
2021-02-28 00:00:00+00:00,973.528900050469,0.785939,45135.66,36447.404384790469,0.9732894861380931864490026236
2021-03-01 00:00:00+00:00,973.528900050469,0.785939,49587.03,39945.909671220469,0.9756288213721201074354902767
2021-03-02 00:00:00+00:00,973.528900050469,0.785939,48440.65,39044.924920400469,0.9750664420014849939436919605
2021-03-03 00:00:00+00:00,973.528900050469,0.785939,50349.37,40545.062408480469,0.9759889653087118158031838179
2021-03-04 00:00:00+00:00,973.528900050469,0.785939,48374.09,38992.612820560469,0.9750329913891501111863453326
2021-03-05 00:00:00+00:00,973.528900050469,0.785939,48751.71,39289.399105740469,0.9752215884638401278906952824
2021-03-06 00:00:00+00:00,973.528900050469,0.785939,48882.2,39391.956285850469,0.9752860991978669740367602379
2021-03-07 00:00:00+00:00,20655.159462666589,0.382781,50971.75,40166.176899416589,0.4857573944766796116776808332
2021-03-08 00:00:00+00:00,20655.159462666589,0.382781,52375.17,40703.379410436589,0.4925443596614367836481264045
2021-03-09 00:00:00+00:00,2011.000907284515,0.738292,54884.5,42531.788181284515,0.9527176967327833576119650652
2021-03-10 00:00:00+00:00,2011.000907284515,0.738292,55851.59,43245.782991564515,0.9534983351399423361949061363
2021-03-11 00:00:00+00:00,2011.000907284515,0.738292,57773.16,44664.462750004515,0.9549753700488804891357218733
2021-03-12 00:00:00+00:00,2011.000907284515,0.738292,57221.72,44257.339009524515,0.9545611879907255076172680658
2021-03-13 00:00:00+00:00,2011.000907284515,0.738292,61188.39,47185.899737164515,0.9573813169085210361482948756
2021-03-14 00:00:00+00:00,2011.000907284515,0.738292,58968.31,45546.832433804515,0.9558476232083273190154876944
2021-03-15 00:00:00+00:00,2011.000907284515,0.738292,55605.2,43063.875225684515,0.9533019056751052191457023095
2021-03-16 00:00:00+00:00,2011.000907284515,0.738292,56900.75,44020.369426284515,0.9543165826753887137512300209
2021-03-17 00:00:00+00:00,23083.276094879523,0.367476,58912.97,44732.378658599523,0.4839694023192324469304631362
2021-03-18 00:00:00+00:00,23083.276094879523,0.367476,57648.16,44267.591339039523,0.4785513420396465952680454478
2021-03-19 00:00:00+00:00,2186.125840881823,0.729545,58030.01,44521.629486331823,0.9508974431954929808317874723
2021-03-20 00:00:00+00:00,2186.125840881823,0.729545,58102.28,44574.353703481823,0.9509555235410836968828022141
2021-03-21 00:00:00+00:00,2186.125840881823,0.729545,57351.56,44026.669681081823,0.9503454188854716586845199324
2021-03-22 00:00:00+00:00,2186.125840881823,0.729545,54083.25,41642.290462131823,0.9475022671274574476032686095
2021-03-23 00:00:00+00:00,2186.125840881823,0.729545,54340.89,41830.250435931823,0.9477381603480920155339720202
2021-03-24 00:00:00+00:00,21935.925628948903,0.365642,52303.65,41060.336822248903,0.4657636218643308925856600088
2021-03-25 00:00:00+00:00,2027.207674278509,0.745785,51293.78,40281.339391578509,0.9496737768679476721876192009
2021-03-26 00:00:00+00:00,2027.207674278509,0.745785,55025.59,43064.467312428509,0.9529262103819532911749729244
2021-03-27 00:00:00+00:00,2027.207674278509,0.745785,55817.14,43654.793429178509,0.9535627702014610869195348400
2021-03-28 00:00:00+00:00,22891.622690037857,0.371499,55777.63,43612.956457407857,0.4751187594357728567168115931
2021-03-29 00:00:00+00:00,22891.622690037857,0.371499,57635.47,44303.142159567857,0.4832957308628705370143496265
2021-03-30 00:00:00+00:00,2188.310229310847,0.730244,58746.57,45087.640492390847,0.9514654081381758236989763300
2021-03-31 00:00:00+00:00,2188.310229310847,0.730244,58740.55,45083.244423510847,0.9514606755282757252301492581
2021-04-01 00:00:00+00:00,2188.310229310847,0.730244,58720.44,45068.559216670847,0.9514448594020864177076090298
2021-04-02 00:00:00+00:00,2188.310229310847,0.730244,58950.01,45236.201331750847,0.9516248012678532875292290347
2021-04-03 00:00:00+00:00,2188.310229310847,0.730244,57051.94,43850.147102670847,0.9500957152050794308357442025
2021-04-04 00:00:00+00:00,2188.310229310847,0.730244,58202.01,44689.978819750847,0.9510335362176605493108004740
2021-04-05 00:00:00+00:00,2188.310229310847,0.730244,59129.99,45367.630646870847,0.9517649434605908415039641973
2021-04-06 00:00:00+00:00,2188.310229310847,0.730244,57991.15,44535.999569910847,0.9508642390326117115036265129
2021-04-07 00:00:00+00:00,2188.310229310847,0.730244,55953.45,43047.981371110847,0.9491657875790802042052905091
2021-04-08 00:00:00+00:00,2188.310229310847,0.730244,58077.52,44599.070744190847,0.9509337259096170631911434991
2021-04-09 00:00:00+00:00,2188.310229310847,0.730244,58142.54,44646.551209070847,0.9509859066366978944107608655
2021-04-10 00:00:00+00:00,2188.310229310847,0.730244,59769.13,45834.358797030847,0.9522561177521565788500169651
2021-04-11 00:00:00+00:00,2188.310229310847,0.730244,60002.43,46004.724722230847,0.9524329241719516122866993706
2021-04-12 00:00:00+00:00,2188.310229310847,0.730244,59860.0,45900.716069310847,0.9523251396338466256732208819
2021-04-13 00:00:00+00:00,2188.310229310847,0.730244,63575.0,48613.572529310847,0.9549856117241447920239185424
2021-04-14 00:00:00+00:00,25491.848540551970,0.363215,62959.53,48359.694229501970,0.4728699395911276301718371988
2021-04-15 00:00:00+00:00,25491.848540551970,0.363215,63159.98,48432.500676251970,0.4736623510119217883313146576
2021-04-16 00:00:00+00:00,2391.611626518782,0.728489,61334.8,47073.338743718782,0.9491939239844569971324118796
2021-04-17 00:00:00+00:00,2391.611626518782,0.728489,60006.66,46105.803363258782,0.9481277528627853486179945968
2021-04-18 00:00:00+00:00,2391.611626518782,0.728489,56150.01,43296.276261408782,0.9447617247248005408010288330
2021-04-19 00:00:00+00:00,2391.611626518782,0.728489,55633.14,42919.742151978782,0.9442771203505816362701152753
2021-04-20 00:00:00+00:00,2391.611626518782,0.728489,56425.0,43496.603451518782,0.9450161291516826818654675684
2021-04-21 00:00:00+00:00,22809.165955308782,0.366165,53787.63,42504.313494258782,0.4633682071258555414941283571
2021-04-22 00:00:00+00:00,22809.165955308782,0.366165,51690.96,41736.586323708782,0.4534970881805955557676139732
2021-04-23 00:00:00+00:00,22809.165955308782,0.366165,51125.14,41529.402843408782,0.4507706734596384348632475250
2021-04-24 00:00:00+00:00,22809.165955308782,0.366165,50047.84,41134.933288908782,0.4455037572296532517108313940
2021-04-25 00:00:00+00:00,22809.165955308782,0.366165,49066.77,40775.699792358782,0.4406186510235408189692626325
2021-04-26 00:00:00+00:00,22809.165955308782,0.366165,54001.39,42582.584924658782,0.4643545948263836203959022332
2021-04-27 00:00:00+00:00,22809.165955308782,0.366165,55011.97,42952.623950358782,0.4689692070577621204898100758
2021-04-28 00:00:00+00:00,2120.800281337280,0.741747,54846.22,42802.819427677280,0.9504518555157158144673990565
2021-04-29 00:00:00+00:00,22445.038021103330,0.370697,53555.0,42297.715856103330,0.4693557898620042558884780433
2021-04-30 00:00:00+00:00,22445.038021103330,0.370697,57694.27,43832.130827293330,0.4879318527876065501327723387
2021-05-01 00:00:00+00:00,2165.358392748430,0.721725,57800.37,43881.330430998430,0.9506542219326424899646278058
2021-05-02 00:00:00+00:00,2165.358392748430,0.721725,56578.21,42999.267004998430,0.9496419696527217798765905910
2021-05-03 00:00:00+00:00,2165.358392748430,0.721725,57169.39,43425.936390498430,0.9501367483874864889355866601
2021-05-04 00:00:00+00:00,2165.358392748430,0.721725,53200.01,40561.135609998430,0.9466149465446755568653092536
2021-05-05 00:00:00+00:00,2165.358392748430,0.721725,57436.11,43618.434882498430,0.9503568067359229383552509542
2021-05-06 00:00:00+00:00,2165.358392748430,0.721725,56393.68,42866.087090748430,0.9494855131478569614737081759
2021-05-07 00:00:00+00:00,2165.358392748430,0.721725,57314.75,43530.846336498430,0.9502569195184039953053221036
2021-05-08 00:00:00+00:00,2165.358392748430,0.721725,58862.05,44647.571428998430,0.9515010934874267796250480637
2021-05-09 00:00:00+00:00,2165.358392748430,0.721725,58240.84,44199.228641748430,0.9510091361480653001749905242
2021-05-10 00:00:00+00:00,2165.358392748430,0.721725,55816.14,42449.262034248430,0.9489894926559288543117170458
2021-05-11 00:00:00+00:00,2165.358392748430,0.721725,56670.02,43065.528577248430,0.9497194516290601988361563301
2021-05-12 00:00:00+00:00,2165.358392748430,0.721725,49631.32,37985.522819748430,0.9429951667896308632170951764
2021-05-13 00:00:00+00:00,19883.678106632245,0.363582,49670.97,37943.148721172245,0.4759613058803111567117283420
2021-05-14 00:00:00+00:00,19883.678106632245,0.363582,49841.45,38005.132180532245,0.4768159728485969202733923640
2021-05-15 00:00:00+00:00,1876.975454442517,0.724373,46762.99,35750.822809712517,0.9474983984443402991451310399
2021-05-16 00:00:00+00:00,1876.975454442517,0.724373,46431.5,35510.700403942517,0.9471433840197044130130642824
2021-05-17 00:00:00+00:00,1876.975454442517,0.724373,43538.04,33414.756103362517,0.9438279468915938753029509151
2021-05-18 00:00:00+00:00,1876.975454442517,0.724373,42849.78,32916.199142382517,0.9429771509668093746746608797
2021-05-19 00:00:00+00:00,1876.975454442517,0.724373,36690.09,28454.286018012517,0.9340354049560643127586124394
2021-05-20 00:00:00+00:00,14914.375912280101,0.368389,40526.64,29843.944295240101,0.5002545318830782379544828537
2021-05-21 00:00:00+00:00,11933.551247258888,0.441848,37252.01,28393.277361738888,0.5797050444292901400623108810
2021-05-22 00:00:00+00:00,11358.576527068338,0.457258,37449.73,28482.765167408338,0.6012122959162163067912135929
2021-05-23 00:00:00+00:00,11394.676997517543,0.456293,34655.25,27207.624985767543,0.5811954551902946076547032246
2021-05-24 00:00:00+00:00,10887.183548424135,0.470907,38796.29,29156.628083454135,0.6265966175079615273737146531
2021-05-25 00:00:00+00:00,11664.409810541211,0.450855,38324.72,28943.301446141211,0.5969910401463086188053068179
2021-05-26 00:00:00+00:00,11577.222850808219,0.453127,39241.91,29358.791803378219,0.6056641932562066029816053597
2021-05-27 00:00:00+00:00,11743.313908334171,0.448889,38529.98,29038.998100554171,0.5956019602442804204766784593
2021-05-28 00:00:00+00:00,11615.459526571253,0.452203,35663.49,27742.596695041253,0.5813131822426912545827549925
2021-05-29 00:00:00+00:00,11096.084480065038,0.466748,34605.15,27247.969032265038,0.5927738883244519240242750695
2021-05-30 00:00:00+00:00,10898.959852407183,0.472437,35641.27,27737.214527397183,0.6070636493927018556582279881
2021-05-31 00:00:00+00:00,11094.660757545459,0.466939,37253.81,28489.917545135459,0.6105758909281284127490010485
2021-06-01 00:00:00+00:00,11395.577952140451,0.458851,36693.09,28232.238991730451,0.5963629397059741719982817873
2021-06-02 00:00:00+00:00,11293.102970972806,0.461640,37568.68,28636.308406172806,0.6056369134319534296866895482
2021-06-03 00:00:00+00:00,11454.325726529458,0.457343,39246.79,29403.570405499458,0.6104443926854844369883281633
2021-06-04 00:00:00+00:00,11761.032542159908,0.449518,36829.0,28316.330964159908,0.5846554923713141591293447454
2021-06-05 00:00:00+00:00,11326.031121110488,0.461314,35513.2,27708.767465910488,0.5912473864077619069096464294
2021-06-06 00:00:00+00:00,11083.745573920105,0.468127,35796.31,27840.964785290105,0.6018907512940697282519059765
2021-06-07 00:00:00+00:00,11136.333492646492,0.466656,33552.79,26793.944262886492,0.5843712525717263343452865909
2021-06-08 00:00:00+00:00,11136.333492646492,0.466656,33380.81,26713.688764006492,0.5831225859136544055669244435
2021-06-09 00:00:00+00:00,11136.333492646492,0.466656,37388.05,28583.691353446492,0.6103955449650584278871415203
2021-06-10 00:00:00+00:00,11433.107405758672,0.458708,36675.72,28256.553575518672,0.5953820986978307377000841029
2021-06-11 00:00:00+00:00,11433.107405758672,0.458708,37331.98,28557.585287598672,0.5996472639189288319892089005
2021-06-12 00:00:00+00:00,11433.107405758672,0.458708,35546.11,27738.392431638672,0.5878237199961897622163824773
2021-06-13 00:00:00+00:00,11433.107405758672,0.458708,39020.57,29332.155029318672,0.6102193175260794844902811999
2021-06-14 00:00:00+00:00,11732.473664954176,0.451026,40516.29,30006.373878494176,0.6090006172534249495085949176
2021-06-15 00:00:00+00:00,12002.204081454952,0.444360,40144.04,29840.609695854952,0.5977895825928069597635315509
2021-06-16 00:00:00+00:00,12002.204081454952,0.444360,38349.01,29042.970165054952,0.5867432286283091764523188586
2021-06-17 00:00:00+00:00,12002.204081454952,0.444360,38092.97,28929.196230654952,0.5851179553776622788973176160
2021-06-18 00:00:00+00:00,12002.204081454952,0.444360,35819.84,27919.108183854952,0.5701078987760941229103865455
2021-06-19 00:00:00+00:00,12002.204081454952,0.444360,35483.72,27769.749900654952,0.5677957444920352358504119095
2021-06-20 00:00:00+00:00,12002.204081454952,0.444360,35600.16,27821.491179054952,0.5685995403980842215393477230
2021-06-21 00:00:00+00:00,12002.204081454952,0.444360,31608.93,26047.948216254952,0.5392265071394336928741607377
2021-06-22 00:00:00+00:00,12002.204081454952,0.444360,32509.56,26448.152163054952,0.5461987662706863747332522197
2021-06-23 00:00:00+00:00,12002.204081454952,0.444360,33678.07,26967.391266654952,0.5549364058697209281297196179
2021-06-24 00:00:00+00:00,12002.204081454952,0.444360,34663.09,27405.094753854952,0.5620447880492492849425368387
2021-06-25 00:00:00+00:00,12002.204081454952,0.444360,31584.45,26037.070283454952,0.5390340022593994932299995774
2021-06-26 00:00:00+00:00,12002.204081454952,0.444360,32283.65,26347.766795454952,0.5444697770922521324059079789
2021-06-27 00:00:00+00:00,12002.204081454952,0.444360,34700.34,27421.647163854952,0.5623091490552285707855066906
2021-06-28 00:00:00+00:00,12002.204081454952,0.444360,34494.89,27330.353401854952,0.5608470953529512559753747041
2021-06-29 00:00:00+00:00,12002.204081454952,0.444360,35911.73,27959.940424254952,0.5707357061804335191611310321
2021-06-30 00:00:00+00:00,12002.204081454952,0.444360,35045.0,27574.800281454952,0.5647401265304225160257192876
2021-07-01 00:00:00+00:00,12002.204081454952,0.444360,33504.69,26890.348129854952,0.5536612607804236507872119873
2021-07-02 00:00:00+00:00,12002.204081454952,0.444360,33786.55,27015.595439454952,0.5557305368910610181121145419
2021-07-03 00:00:00+00:00,12002.204081454952,0.444360,34669.13,27407.778688254952,0.5620876752555560705138398653
2021-07-04 00:00:00+00:00,12002.204081454952,0.444360,35286.51,27682.117665054952,0.5664275317850352643630867517
2021-07-05 00:00:00+00:00,12002.204081454952,0.444360,33690.14,26972.754691854952,0.5550249049986987236572407282
2021-07-06 00:00:00+00:00,12002.204081454952,0.444360,34220.01,27208.207725054952,0.5588756083186397632360649771
2021-07-07 00:00:00+00:00,12002.204081454952,0.444360,33862.12,27049.175724654952,0.5562820766284900911884074519
2021-07-08 00:00:00+00:00,12002.204081454952,0.444360,32875.71,26610.854577054952,0.5489733692429487141687355621
2021-07-09 00:00:00+00:00,12002.204081454952,0.444360,33815.81,27028.597413054952,0.5559442505271166788215402202
2021-07-10 00:00:00+00:00,12002.204081454952,0.444360,33502.87,26889.539394654952,0.5536478366066498804274312237
2021-07-11 00:00:00+00:00,12002.204081454952,0.444360,34258.99,27225.528877854952,0.5591562560528453913631977863
2021-07-12 00:00:00+00:00,12002.204081454952,0.444360,33086.63,26704.578988254952,0.5505563264362381627771509209
2021-07-13 00:00:00+00:00,12002.204081454952,0.444360,32729.77,26546.004678654952,0.5478715450123590321719096258
2021-07-14 00:00:00+00:00,12002.204081454952,0.444360,32820.02,26586.108168654952,0.5485535526555344959650113905
2021-07-15 00:00:00+00:00,12002.204081454952,0.444360,31880.0,26168.400881454952,0.5413474390037839202089817029
2021-07-16 00:00:00+00:00,12002.204081454952,0.444360,31383.87,25947.940554654952,0.5374506097632551115576421379
2021-07-17 00:00:00+00:00,12002.204081454952,0.444360,31520.07,26008.462386654952,0.5385269646846431103520701466
2021-07-18 00:00:00+00:00,12002.204081454952,0.444360,31778.56,26123.325003054952,0.5405560325857687437238575336
2021-07-19 00:00:00+00:00,12002.204081454952,0.444360,30839.65,25706.110955454952,0.5330991878836487134533166202
2021-07-20 00:00:00+00:00,12002.204081454952,0.444360,29790.35,25239.844007454952,0.5244739199691595598363474038
2021-07-21 00:00:00+00:00,12002.204081454952,0.444360,32144.51,26285.938545054952,0.5433983054901089199939277852
2021-07-22 00:00:00+00:00,12002.204081454952,0.444360,32287.83,26349.624220254952,0.5445018881055290493483826677
2021-07-23 00:00:00+00:00,19752.048571372300,0.204022,33634.09,26614.142881352300,0.2578363819782471935331706734
2021-07-24 00:00:00+00:00,19752.048571372300,0.204022,34258.14,26741.462810452300,0.2613699291105377784328958242
2021-07-25 00:00:00+00:00,10685.096790351252,0.468318,35381.02,27254.665314711252,0.6079534763325911474464232667
2021-07-26 00:00:00+00:00,10901.594486528850,0.462191,37237.6,28112.478068128850,0.6122151003511853085465873479
2021-07-27 00:00:00+00:00,11245.257032872890,0.452951,39457.87,29117.738707242890,0.6138004689878033255780583391
2021-07-28 00:00:00+00:00,11646.363748579743,0.442772,40019.56,29365.904368899743,0.6034052415932423347634723647
2021-07-29 00:00:00+00:00,11746.242642432684,0.440273,40016.48,29364.418341472684,0.5999838135447437382317879283
2021-07-30 00:00:00+00:00,11746.242642432684,0.440273,42206.37,30328.567781442684,0.6127003844335859027031119686
2021-07-31 00:00:00+00:00,12130.959307470648,0.431146,41461.83,30007.061464650648,0.5957298477306304745746749587
2021-08-01 00:00:00+00:00,12002.675669659368,0.434236,39845.44,29305.000153499368,0.5904222621808754786591132004
2021-08-02 00:00:00+00:00,11722.483296544646,0.441258,39147.82,28996.772054104646,0.5957314395315506620211051630
2021-08-03 00:00:00+00:00,11598.383217138258,0.444424,38207.05,28578.513206338258,0.5941572210773399590377844214
2021-08-04 00:00:00+00:00,11431.201398144018,0.448794,39723.18,29258.726243064018,0.6093062526652587004184328213
2021-08-05 00:00:00+00:00,11703.149735464563,0.441939,40862.46,29761.864445404563,0.6067736362104286789218927357
2021-08-06 00:00:00+00:00,11904.503013113631,0.437005,42836.87,30624.429387463631,0.6112742914326155600996375559
2021-08-07 00:00:00+00:00,12249.362121771840,0.428944,44572.54,31368.485719531840,0.6095010058408820121679264575
2021-08-08 00:00:00+00:00,12547.031223204366,0.422257,43794.37,31039.510516294366,0.5957722588241934022146342498
2021-08-09 00:00:00+00:00,12415.652750371038,0.425253,46253.4,32085.049860571038,0.6130393188003582941438782916
2021-08-10 00:00:00+00:00,12832.737130986108,0.416223,45584.99,31806.258423756108,0.5965342116002764048326093237
2021-08-11 00:00:00+00:00,12722.369309097108,0.418641,45511.0,31775.139860097108,0.5996124843159627506002437935
2021-08-12 00:00:00+00:00,12710.019884118067,0.418912,44399.0,31309.293772118067,0.5940496142574525760591296849
2021-08-13 00:00:00+00:00,12523.697327811169,0.423103,47800.0,32748.020727811169,0.6175739159351559666607754517
2021-08-14 00:00:00+00:00,1623.288671791867,0.650849,47068.51,32257.781336781867,0.9496776094163390114362971037
2021-08-15 00:00:00+00:00,1623.288671791867,0.650849,46973.82,32196.152444971867,0.9495812838330196498191563443
2021-08-16 00:00:00+00:00,1623.288671791867,0.650849,45901.29,31498.097367001867,0.9484639134587074571053589630
2021-08-17 00:00:00+00:00,1623.288671791867,0.650849,44695.95,30713.603033341867,0.9471475661767957285623434780
2021-08-18 00:00:00+00:00,1623.288671791867,0.650849,44705.29,30719.681963001867,0.9471580248211253806061305596
2021-08-19 00:00:00+00:00,1623.288671791867,0.650849,46760.62,32057.391438171867,0.9493630454953686622373097491
2021-08-20 00:00:00+00:00,1623.288671791867,0.650849,49322.47,33724.768948821867,0.9518665739636275676362636856
2021-08-21 00:00:00+00:00,1623.288671791867,0.650849,48821.87,33398.953939421867,0.9513970205553100629140453575
2021-08-22 00:00:00+00:00,1623.288671791867,0.650849,49239.22,33670.585769571867,0.9517891169788072365341414635
2021-08-23 00:00:00+00:00,1623.288671791867,0.650849,49488.85,33833.057205441867,0.9520206328995072409390499074
2021-08-24 00:00:00+00:00,1623.288671791867,0.650849,47674.01,32651.870406281867,0.9502849713785595632433075617
2021-08-25 00:00:00+00:00,1623.288671791867,0.650849,48973.32,33497.525020471867,0.9515400415165060351443758948
2021-08-26 00:00:00+00:00,1623.288671791867,0.650849,46843.87,32111.574617421867,0.9494484873092718016620299524
2021-08-27 00:00:00+00:00,1623.288671791867,0.650849,49069.9,33560.384016891867,0.9516308075922247780314298196
2021-08-28 00:00:00+00:00,1623.288671791867,0.650849,48895.35,33446.778323941867,0.9514665162644413860525217613
2021-08-29 00:00:00+00:00,1623.288671791867,0.650849,48767.83,33363.782059461867,0.9513457836135364852749941273
2021-08-30 00:00:00+00:00,17495.335690391947,0.324964,46982.91,32763.090055631947,0.4660047125993076515958990587
2021-08-31 00:00:00+00:00,17495.335690391947,0.324964,47100.89,32801.429308351947,0.4666288616289882367718761750
2021-09-01 00:00:00+00:00,1619.480980159136,0.661587,48810.52,33911.886475399136,0.9522444443975723990282947107
2021-09-02 00:00:00+00:00,1619.480980159136,0.661587,49246.64,34200.417797839136,0.9526473334410125635227965014
2021-09-03 00:00:00+00:00,1619.480980159136,0.661587,49999.14,34698.262015339136,0.9533267407040961150129978826
2021-09-04 00:00:00+00:00,1619.480980159136,0.661587,49915.64,34643.019500839136,0.9532523145068255861996671625
2021-09-05 00:00:00+00:00,1619.480980159136,0.661587,51756.88,35861.159948719136,0.9548402510550420860920134689
2021-09-06 00:00:00+00:00,1619.480980159136,0.661587,52663.9,36461.232589459136,0.9555834823689607116655077833
2021-09-07 00:00:00+00:00,1619.480980159136,0.661587,46863.73,32623.915519669136,0.9503590861378137730254857408
2021-09-08 00:00:00+00:00,17109.112300860275,0.330666,46048.31,32335.722775320275,0.4708912981552856379436013980
2021-09-09 00:00:00+00:00,17109.112300860275,0.330666,46395.14,32450.407664100275,0.4727612522480572392426640197
2021-09-10 00:00:00+00:00,1602.421228169721,0.664463,44850.91,31404.191439499721,0.9489742879941108876332657397
2021-09-11 00:00:00+00:00,12545.144529603021,0.420118,45173.69,31523.424825023021,0.6020373865074205336546966601
2021-09-12 00:00:00+00:00,12609.297994498173,0.418696,46025.24,31879.881881538173,0.6044747580510863940498479127
2021-09-13 00:00:00+00:00,12751.790725821273,0.415596,44940.73,31428.978350901273,0.5942664574250916968517086821
2021-09-14 00:00:00+00:00,12751.790725821273,0.415596,47111.52,32331.149991741273,0.6055880867498182614264901286
2021-09-15 00:00:00+00:00,1601.910895754617,0.652000,48121.41,32977.070215754617,0.9514234925882132267004835954
2021-09-16 00:00:00+00:00,17292.546161418457,0.325512,47737.82,32831.779425258457,0.4732985398861814106280849933
2021-09-17 00:00:00+00:00,1621.263459869101,0.653364,47299.98,32525.367592589101,0.9501538774234021084528253960
2021-09-18 00:00:00+00:00,17055.731498514211,0.326629,48292.74,32829.540871974211,0.4804760881357838746273446127
2021-09-19 00:00:00+00:00,17055.731498514211,0.326629,47241.75,32486.257059264211,0.4749862544213793049741524226
2021-09-20 00:00:00+00:00,1604.294797578286,0.653276,43015.62,29705.366968698286,0.9459930995207433541276175965
2021-09-21 00:00:00+00:00,15577.483250362126,0.328021,40734.38,28939.215312342126,0.4617171515456201308700606542
2021-09-22 00:00:00+00:00,20251.338928981996,0.213131,43543.61,29531.832071891996,0.3142538912017940678633206934
2021-09-23 00:00:00+00:00,20672.189333782759,0.203454,44865.26,29800.205941822759,0.3063071653216124001606662421
2021-09-24 00:00:00+00:00,20859.930392111539,0.199264,42810.57,29390.535812591539,0.2902500816887218768112173249
2021-09-25 00:00:00+00:00,20859.930392111539,0.199264,42670.64,29362.652801071539,0.2895760974515799852427785896
2021-09-26 00:00:00+00:00,20859.930392111539,0.199264,43160.9,29460.343969711539,0.2919318792218504759641546782
2021-09-27 00:00:00+00:00,20859.930392111539,0.199264,42147.35,29258.379942511539,0.2870442439705045810729383431
2021-09-28 00:00:00+00:00,20859.930392111539,0.199264,41026.54,29035.042858671539,0.2815601997335588484300327057
2021-09-29 00:00:00+00:00,20859.930392111539,0.199264,41524.28,29134.224522031539,0.2840059849083304437109251494
2021-09-30 00:00:00+00:00,20859.930392111539,0.199264,43824.1,29592.495854511539,0.2950939152051506427055651636
2021-10-01 00:00:00+00:00,20859.930392111539,0.199264,48141.61,30452.820167151539,0.3150082561281971650069078192
2021-10-02 00:00:00+00:00,21316.392569256019,0.189770,47634.9,30356.067542256019,0.2977880768125404045908065406
2021-10-03 00:00:00+00:00,21316.392569256019,0.189770,48200.01,30463.308466956019,0.3002600951115269990429139053
2021-10-04 00:00:00+00:00,21324.335232003874,0.189605,49224.94,30657.629980703874,0.3044362775131163357984312378
2021-10-05 00:00:00+00:00,21460.166902567807,0.186842,51471.99,31077.296458147807,0.3094583715971404235097875793
2021-10-06 00:00:00+00:00,21460.166902567807,0.186842,55315.0,31795.332132567807,0.3250529098708089784833258041
2021-10-07 00:00:00+00:00,21460.166902567807,0.186842,53785.22,31509.504977807807,0.3189303698143707532213498730
2021-10-08 00:00:00+00:00,21460.166902567807,0.186842,53951.43,31540.559986627807,0.3196009547177908588011931271
2021-10-09 00:00:00+00:00,21460.166902567807,0.186842,54949.72,31727.082486807807,0.3236009988787656990585711971
2021-10-10 00:00:00+00:00,21460.166902567807,0.186842,54659.0,31672.763780567807,0.3224409763781250843694343977
2021-10-11 00:00:00+00:00,21460.166902567807,0.186842,57471.35,32198.228879267807,0.3334985292813467722840194040
2021-10-12 00:00:00+00:00,21460.166902567807,0.186842,55996.93,31922.745297627807,0.3277468243258351192758467358
2021-10-13 00:00:00+00:00,21460.166902567807,0.186842,57367.0,32178.731916567807,0.3330946987529160935747920344
2021-10-14 00:00:00+00:00,21460.166902567807,0.186842,57347.94,32175.170708047807,0.3330208844175584185863598988
2021-10-15 00:00:00+00:00,21460.166902567807,0.186842,61672.42,32983.165200207807,0.3493599910043624481603529201
2021-10-16 00:00:00+00:00,13182.540420267237,0.320887,60875.57,32716.719450857237,0.5970702245966830672528633734
2021-10-17 00:00:00+00:00,13086.597709495903,0.322461,61528.33,32927.084529625903,0.6025582617944406035775592807
2021-10-18 00:00:00+00:00,13170.781925957983,0.321091,62009.84,33081.583461397983,0.6018696643911674607901444915
2021-10-19 00:00:00+00:00,13232.025743758063,0.320102,64280.59,33808.371163938063,0.6086168813163026212621855678
2021-10-20 00:00:00+00:00,13523.030859139252,0.315569,66001.41,34351.029811429252,0.6063282255765188709181906547
2021-10-21 00:00:00+00:00,13740.156839544172,0.312275,62193.15,33161.522755794172,0.5856596531851537859788079580
2021-10-22 00:00:00+00:00,13264.009827171802,0.319921,60688.22,32679.445857791802,0.5941176639012914228525264203
2021-10-23 00:00:00+00:00,13071.560343250069,0.323088,61286.75,32872.573827250069,0.6023566511115640021652625887
2021-10-24 00:00:00+00:00,13148.987295939694,0.321823,60852.22,32732.631292999694,0.5982911615556009763255617903
2021-10-25 00:00:00+00:00,13148.987295939694,0.321823,63078.78,33449.189511879694,0.6068966845588367125555163260
2021-10-26 00:00:00+00:00,13379.429508349282,0.318165,60328.81,32573.945341999282,0.5892597790081483427240573605
2021-10-27 00:00:00+00:00,13029.127938359335,0.323964,58413.44,31952.979614519335,0.5922405955393612304238603341
2021-10-28 00:00:00+00:00,12780.899020368167,0.328208,60575.89,32662.390725488167,0.6086967690826573542046569344
2021-10-29 00:00:00+00:00,13064.630660105867,0.323518,62253.71,33204.826411885867,0.6065442264914445086303722983
2021-10-30 00:00:00+00:00,13281.675800839157,0.320027,61859.19,33078.286798969157,0.5984775184531907607909984783
2021-10-31 00:00:00+00:00,13231.256960784299,0.320841,61299.8,32898.746092584299,0.5978188067244680040509338471
2021-11-01 00:00:00+00:00,13159.442946073289,0.322011,60911.11,32773.490388283289,0.5984729490155901913008754407
2021-11-02 00:00:00+00:00,13109.369906114913,0.322832,63219.99,33518.805717794913,0.6088950776920063433627202990
2021-11-03 00:00:00+00:00,13407.256798330875,0.318114,62896.48,33415.507637050875,0.5987714164346554800234916719
2021-11-04 00:00:00+00:00,13407.256798330875,0.318114,61395.01,32937.869009470875,0.5929531204803873351694461957
2021-11-05 00:00:00+00:00,13407.256798330875,0.318114,60937.12,32792.207790010875,0.5911450401819246125754078594
2021-11-06 00:00:00+00:00,1624.410226945475,0.511214,61470.61,33049.046647485475,0.9508484996777034814603972047
2021-11-07 00:00:00+00:00,1624.410226945475,0.511214,63273.59,33970.755265205475,0.9521820985649596031522723028
2021-11-08 00:00:00+00:00,1624.410226945475,0.511214,67525.83,36144.559884565475,0.9550579608070111256915548554
2021-11-09 00:00:00+00:00,18953.355507062549,0.254253,66947.66,35974.998905042549,0.4731520199044150006960253734
2021-11-10 00:00:00+00:00,18953.355507062549,0.254253,64882.43,35449.907981852549,0.4653482452827489560538399091
2021-11-11 00:00:00+00:00,1750.220533568895,0.519052,64774.26,35371.429735088895,0.9505188072216189038543548765
2021-11-12 00:00:00+00:00,1750.220533568895,0.519052,64122.23,35032.992259528895,0.9500407923878429494876917132
2021-11-13 00:00:00+00:00,1750.220533568895,0.519052,64380.0,35166.788293568895,0.9502308678586675054838663185
2021-11-14 00:00:00+00:00,18440.901200634225,0.259462,65519.1,35440.617924834225,0.4796676164127439349411632085
2021-11-15 00:00:00+00:00,18440.901200634225,0.259462,63606.74,34944.433174514225,0.4722792867024211352227168763
2021-11-16 00:00:00+00:00,1725.549560540426,0.521913,60058.87,33071.054578850426,0.9478229653540002907755431950
2021-11-17 00:00:00+00:00,17342.028986542328,0.261555,60344.87,33125.531459392328,0.4764754489206779594109650616
2021-11-18 00:00:00+00:00,1635.896338902998,0.521490,56891.62,31304.307252702998,0.9477421325539237068148508327
2021-11-19 00:00:00+00:00,16415.533561293854,0.261366,58052.24,31588.415321133854,0.4803305770672441334062463812
2021-11-20 00:00:00+00:00,16415.533561293854,0.261366,59707.51,32021.046619953854,0.4873517484883037634385025378
2021-11-21 00:00:00+00:00,1581.824035492062,0.509483,58622.02,31448.746651152062,0.9497015237828527250101930254
2021-11-22 00:00:00+00:00,21986.053020877632,0.160940,56247.18,31038.474170077632,0.2916516159781754665341650808
2021-11-23 00:00:00+00:00,12402.767104302139,0.331107,57541.27,31455.084390192139,0.6056991311659177390824641730
2021-11-24 00:00:00+00:00,22006.101559868683,0.163995,57138.29,31376.495428418683,0.2986437376324361034371170675
2021-11-25 00:00:00+00:00,22006.101559868683,0.163995,58960.36,31675.305798068683,0.3052600123213192104751952625
2021-11-26 00:00:00+00:00,1557.272357549270,0.510368,53726.53,28977.574020589270,0.9462593950603735780319395302
2021-11-27 00:00:00+00:00,15194.747094058970,0.256193,54721.03,29213.891932848970,0.4798793967956887007937592094
2021-11-28 00:00:00+00:00,15194.747094058970,0.256193,57274.88,29868.170425898970,0.4912729210596889240883247521
2021-11-29 00:00:00+00:00,15194.747094058970,0.256193,57776.25,29996.617910308970,0.4934513237628374466465641664
2021-11-30 00:00:00+00:00,15194.747094058970,0.256193,56950.56,29785.081912138970,0.4898537751589556555477758168
2021-12-01 00:00:00+00:00,15194.747094058970,0.256193,57184.07,29844.905539568970,0.4908763549640500029969320678
2021-12-02 00:00:00+00:00,15194.747094058970,0.256193,56480.34,29664.614839678970,0.4877820873057589539729135346
2021-12-03 00:00:00+00:00,15194.747094058970,0.256193,53601.05,28926.960896708970,0.4747202394224662069338407050
2021-12-04 00:00:00+00:00,15194.747094058970,0.256193,49152.47,27787.265840768970,0.4531758834737344327679704681
2021-12-05 00:00:00+00:00,15194.747094058970,0.256193,49396.33,27849.741065748970,0.4544025720674924381239883599
2021-12-06 00:00:00+00:00,15194.747094058970,0.256193,50441.92,28117.613904618970,0.4596004075735999598966599720
2021-12-07 00:00:00+00:00,15194.747094058970,0.256193,50588.95,28155.281961408970,0.4603233910111201795887488956
2021-12-08 00:00:00+00:00,15194.747094058970,0.256193,50471.19,28125.112673728970,0.4597444899037848579571035503
2021-12-09 00:00:00+00:00,15194.747094058970,0.256193,47545.59,27375.594432928970,0.4449527979643854843354447609
2021-12-10 00:00:00+00:00,15194.747094058970,0.256193,47140.54,27271.823458278970,0.4428408090385219264535224221
2021-12-11 00:00:00+00:00,15194.747094058970,0.256193,49389.99,27848.116802128970,0.4543707496624209183542061177
2021-12-12 00:00:00+00:00,15194.747094058970,0.256193,50053.9,28018.205896758970,0.4576830811348761126939454581
2021-12-13 00:00:00+00:00,1383.011441138440,0.531772,46702.75,26218.226214138440,0.9472499996818000873948844935
2021-12-14 00:00:00+00:00,1383.011441138440,0.531772,48343.28,27090.614133298440,0.9489486862743908454630924330
2021-12-15 00:00:00+00:00,1383.011441138440,0.531772,48864.98,27368.039585698440,0.9494661852995436186460553439
2021-12-16 00:00:00+00:00,1383.011441138440,0.531772,47632.38,26712.577418498440,0.9482262074725628832297269772
2021-12-17 00:00:00+00:00,1383.011441138440,0.531772,46131.2,25914.291927538440,0.9466313243284586939788310389
2021-12-18 00:00:00+00:00,1383.011441138440,0.531772,46834.48,26288.276539698440,0.9473905625174808473021629102
2021-12-19 00:00:00+00:00,1383.011441138440,0.531772,46681.23,26206.782480698440,0.9472269653034651661043377267
2021-12-20 00:00:00+00:00,1383.011441138440,0.531772,46914.16,26330.648132658440,0.9474752222516291690749725177
2021-12-21 00:00:00+00:00,1383.011441138440,0.531772,48889.88,27381.280708498440,0.9494906225949763888624080633
2021-12-22 00:00:00+00:00,1383.011441138440,0.531772,48588.16,27220.834460658440,0.9491929079860769786873626751
2021-12-23 00:00:00+00:00,1383.011441138440,0.531772,50838.81,28417.667112458440,0.9513326890745327498444190800
2021-12-24 00:00:00+00:00,1383.011441138440,0.531772,50820.0,28407.664481138440,0.9513155528129845161440595101
2021-12-25 00:00:00+00:00,1383.011441138440,0.531772,50399.66,28184.139438658440,0.9509294422791050774968758886
2021-12-26 00:00:00+00:00,1383.011441138440,0.531772,50775.49,28383.995309418440,0.9512749552675015384571442911
2021-12-27 00:00:00+00:00,1383.011441138440,0.531772,50701.44,28344.617592818440,0.9512072640736967303231883252
2021-12-28 00:00:00+00:00,1383.011441138440,0.531772,47543.74,26665.441148418440,0.9481346873865438335785066232
2021-12-29 00:00:00+00:00,1383.011441138440,0.531772,46464.66,26091.616618658440,0.9469940302530188453775556036
2021-12-30 00:00:00+00:00,13682.134648773946,0.266729,47120.87,26250.637183003946,0.4787884746038665594351722880
2021-12-31 00:00:00+00:00,13682.134648773946,0.266729,46216.93,26009.530170743946,0.4739568704642003797504828202
2022-01-01 00:00:00+00:00,10399.567355939549,0.337662,47722.65,26513.692800239549,0.6077661669276944410579667622
2022-01-02 00:00:00+00:00,10605.222933578279,0.333347,47286.18,26367.929178038279,0.5977984140517444192639477543
2022-01-03 00:00:00+00:00,10547.127364532561,0.334574,46446.1,26086.784825932561,0.5956907899954084127418370706
2022-01-04 00:00:00+00:00,10434.581683101961,0.336994,45832.01,25879.694061041961,0.5968042876206301338195386922
2022-01-05 00:00:00+00:00,10351.793251832109,0.338798,43451.13,25072.949193572109,0.5871330025075002721507104729
2022-01-06 00:00:00+00:00,10028.792632829741,0.346222,43082.31,24944.836165649741,0.5979611745600526820890497843
2022-01-07 00:00:00+00:00,9977.889430581541,0.347402,41566.48,24418.167715541541,0.5913743591731140068532792723
2022-01-08 00:00:00+00:00,9766.998273861133,0.352469,41679.74,24457.814551921133,0.6006594026164146133765381562
2022-01-09 00:00:00+00:00,9783.107364163939,0.352082,41864.62,24522.886503003939,0.6010621603225397603656025662
2022-01-10 00:00:00+00:00,9809.155116268201,0.351459,41822.49,24508.045629178201,0.5997577585464484189560288804
2022-01-11 00:00:00+00:00,9803.250479115784,0.351600,42729.29,24826.868843115784,0.6051354465573649301876163321
2022-01-12 00:00:00+00:00,9930.588925014016,0.348616,43902.66,25235.758643574016,0.6064874028448230680349444346
2022-01-13 00:00:00+00:00,10094.132925564166,0.344886,42560.11,24772.519023024166,0.5925269886287123345967527502
2022-01-14 00:00:00+00:00,9908.550367215641,0.349241,43059.96,24946.853857575641,0.6028136283723528673153164102
2022-01-15 00:00:00+00:00,9978.689861942453,0.347610,43084.29,24955.219908842453,0.6001361679683425326634699647
2022-01-16 00:00:00+00:00,9978.689861942453,0.347610,43071.66,24950.829594542453,0.6000658084681435743847127055
2022-01-17 00:00:00+00:00,9978.689861942453,0.347610,42201.62,24648.394990142453,0.5951586354432734553847394088
2022-01-18 00:00:00+00:00,9859.230758722040,0.350437,42352.12,24700.980635162040,0.6008567066893146924346011272
2022-01-19 00:00:00+00:00,9880.379289844040,0.349937,41660.01,24458.758209214040,0.5960392099496723786228575054
2022-01-20 00:00:00+00:00,9783.393872494040,0.352262,40680.91,24113.732590914040,0.5942812322559973774043053762
2022-01-21 00:00:00+00:00,9645.347006684796,0.355651,36445.31,22607.157953494796,0.5733498643869234870958221153
2022-01-22 00:00:00+00:00,9042.086366429303,0.372182,35071.42,22095.037604869303,0.5907639295243105368454084971
2022-01-23 00:00:00+00:00,8837.775585691275,0.378000,36244.55,22538.215485691275,0.6078759832914868650103412310
2022-01-24 00:00:00+00:00,9015.070608043605,0.373102,36660.35,22693.120513743605,0.6027399315760113494612727473
2022-01-25 00:00:00+00:00,9077.202345595470,0.371405,36958.32,22803.707185195470,0.6019418127115518140200708320
2022-01-26 00:00:00+00:00,9121.457764342086,0.370206,36809.34,22748.496288382086,0.5990302985872293674365084205
2022-01-27 00:00:00+00:00,9099.086725069002,0.370813,37160.1,22878.534886369002,0.6022871757190087940312759028
2022-01-28 00:00:00+00:00,9151.377253885515,0.369404,37716.56,23084.025384125515,0.6035623292903343081092118630
2022-01-29 00:00:00+00:00,9233.530155264594,0.367223,38166.84,23249.271640584594,0.6028464763108415196368508649
2022-01-30 00:00:00+00:00,9299.625402816408,0.365489,37881.76,23144.991983456408,0.5982013988398181289600456323
2022-01-31 00:00:00+00:00,9257.977168906458,0.366587,38466.9,23359.442639206458,0.6036730279956302888047721181
2022-02-01 00:00:00+00:00,9343.685257256388,0.364356,38694.59,23442.291291296388,0.6014175772687589306821427244
2022-02-02 00:00:00+00:00,9376.880699817735,0.363497,36896.36,22788.596870737735,0.5885275099206150754760670369
2022-02-03 00:00:00+00:00,9115.130084351850,0.370582,37311.61,22942.141141371850,0.6026905236009370573159177460
2022-02-04 00:00:00+00:00,9176.838398001306,0.368926,41574.25,24514.660153501306,0.6256591631073203280061527058
2022-02-05 00:00:00+00:00,9804.709921636476,0.353803,41382.59,24445.994411406476,0.5989236618224207572259953300
2022-02-06 00:00:00+00:00,9778.397809300176,0.354438,42380.87,24799.788610360176,0.6057064048838212693908347306
2022-02-07 00:00:00+00:00,9919.765897362636,0.351098,43839.99,25311.898706382636,0.6080987043907033065758334048
2022-02-08 00:00:00+00:00,10124.495196071424,0.346422,44042.99,25381.955877851424,0.6011144592325853534798639524
2022-02-09 00:00:00+00:00,10152.778029527724,0.345779,44372.72,25495.932778407724,0.6017883276611860094186772724
2022-02-10 00:00:00+00:00,10198.333875718080,0.344751,43495.44,25193.430311158080,0.5951986787920152948026450364
2022-02-11 00:00:00+00:00,10198.333875718080,0.344751,42373.73,24806.719666948080,0.5888882523509905022083492159
2022-02-12 00:00:00+00:00,10198.333875718080,0.344751,42217.87,24752.986776088080,0.5879958257978834758968532171
2022-02-13 00:00:00+00:00,9900.818238478302,0.351789,42053.66,24694.833236218302,0.5990732901991248377994493394
2022-02-14 00:00:00+00:00,9877.911312537022,0.352333,42535.94,24864.726660557022,0.6027339673833464099709589816
2022-02-15 00:00:00+00:00,9945.837861138544,0.350734,44544.86,25569.234788378544,0.6110232494850013974163578176
2022-02-16 00:00:00+00:00,10227.351228184504,0.344406,43873.56,25337.668533544504,0.5963578411074196512414233014
2022-02-17 00:00:00+00:00,10134.965185578820,0.346509,40515.7,24174.019876878820,0.5807496958636829058376620236
2022-02-18 00:00:00+00:00,10134.965185578820,0.346509,39974.44,23986.468415538820,0.5774715556287049510783991416
2022-02-19 00:00:00+00:00,10134.965185578820,0.346509,40079.17,24022.758303108820,0.5781098466004530606583832430
2022-02-20 00:00:00+00:00,10134.965185578820,0.346509,38386.89,23436.368052588820,0.5675539331505209497160661101
2022-02-21 00:00:00+00:00,10134.965185578820,0.346509,37008.16,22958.625699018820,0.5585552324235175463028393266
2022-02-22 00:00:00+00:00,10134.965185578820,0.346509,38230.33,23382.118603548820,0.5665506040141039180881867451
2022-02-23 00:00:00+00:00,10134.965185578820,0.346509,37250.01,23042.428900668820,0.5601607265766740980527008952
2022-02-24 00:00:00+00:00,10134.965185578820,0.346509,38327.21,23415.688395468820,0.5671720167091033932050426121
2022-02-25 00:00:00+00:00,10134.965185578820,0.346509,39219.17,23724.760563108820,0.5728106440265475460561355591
2022-02-26 00:00:00+00:00,10134.965185578820,0.346509,39116.72,23689.260716058820,0.5721704739097922692947504989
2022-02-27 00:00:00+00:00,10134.965185578820,0.346509,37699.07,23198.032232208820,0.5631109964789539034431006582
2022-02-28 00:00:00+00:00,10134.965185578820,0.346509,43160.0,25090.293625578820,0.5960603197068000979102654869
2022-03-01 00:00:00+00:00,18806.433762570820,0.145333,44421.2,25262.300022170820,0.2555533840518944008183965269
2022-03-02 00:00:00+00:00,18806.433762570820,0.145333,43892.98,25185.532224910820,0.2532842429285842852099732090
2022-03-03 00:00:00+00:00,10062.878788958379,0.344276,42454.0,24678.772092958379,0.5922455642827695143961558667
2022-03-04 00:00:00+00:00,9871.289868726979,0.348783,39148.66,23525.676949506979,0.5804035781876258040056799072
2022-03-05 00:00:00+00:00,9409.676047473859,0.360559,39397.96,23614.965107113859,0.6015375841212124613032375661
2022-03-06 00:00:00+00:00,9445.953753407017,0.359637,38420.81,23263.498599377017,0.5939581609766996025696559351
2022-03-07 00:00:00+00:00,9445.953753407017,0.359637,37988.0,23107.844109407017,0.5912230622344537369787965512
2022-03-08 00:00:00+00:00,16166.781276144067,0.182487,38730.63,23234.617752954067,0.3041942222574929121198249403
2022-03-09 00:00:00+00:00,16264.139541359644,0.179970,41941.71,23812.389090059644,0.3169883341042405899894812560
2022-03-10 00:00:00+00:00,16668.183239029984,0.170324,39422.0,23382.695967029984,0.2871573379505760168437334379
2022-03-11 00:00:00+00:00,16668.183239029984,0.170324,38729.57,23264.758519709984,0.2835436815340833464341407966
2022-03-12 00:00:00+00:00,16668.183239029984,0.170324,38807.36,23278.008023669984,0.2839514780611327677830781897
2022-03-13 00:00:00+00:00,16668.183239029984,0.170324,37777.34,23102.570897189984,0.2785139232682813054631353933
2022-03-14 00:00:00+00:00,16668.183239029984,0.170324,39671.37,23425.169662909984,0.2884498392589492810936544455
2022-03-15 00:00:00+00:00,16668.183239029984,0.170324,39280.33,23358.566165949984,0.2864209592056484290413200233
2022-03-16 00:00:00+00:00,16668.183239029984,0.170324,41114.0,23670.884175029984,0.2958360526045339264053369757
2022-03-17 00:00:00+00:00,16668.183239029984,0.170324,40917.9,23637.483638629984,0.2948410459483214665233264052
2022-03-18 00:00:00+00:00,16668.183239029984,0.170324,41757.51,23780.489372269984,0.2990815715312207478735023779
2022-03-19 00:00:00+00:00,16668.183239029984,0.170324,42201.13,23856.048505149984,0.3013015866633697382661270353
2022-03-20 00:00:00+00:00,16699.202892668800,0.169588,41262.11,23696.761603348800,0.2952959914020957523576834121
2022-03-21 00:00:00+00:00,16699.202892668800,0.169588,41002.25,23652.692465668800,0.2939830035456973573443296197
2022-03-22 00:00:00+00:00,16699.202892668800,0.169588,42364.13,23883.650971108800,0.3008102943361034029396607175
2022-03-23 00:00:00+00:00,16718.538131549167,0.169131,42882.76,23971.342213109167,0.3025614509642965011590684367
2022-03-24 00:00:00+00:00,16779.866413323151,0.167699,43991.46,24157.190263863151,0.3053883241370074298624907883
2022-03-25 00:00:00+00:00,16909.867921513969,0.164740,44313.16,24210.017899913969,0.3015342660455422998444856189
2022-03-26 00:00:00+00:00,16946.998330390357,0.163901,44511.27,24242.439994660357,0.3009367731085193954887170528
2022-03-27 00:00:00+00:00,16969.714020523696,0.163390,46827.76,24620.901726923696,0.3107598491420481278593316259
2022-03-28 00:00:00+00:00,17234.321049697792,0.157732,47122.21,24667.001477417792,0.3013207922545627933503521273
2022-03-29 00:00:00+00:00,17266.887227877676,0.157040,47434.8,24716.048219877676,0.3013896447252062848945747094
2022-03-30 00:00:00+00:00,17301.232743338101,0.156315,47067.99,24658.665600188101,0.2983710869088502542563113536
2022-03-31 00:00:00+00:00,17261.031554173990,0.157168,45510.34,24413.800671293990,0.2929805651084184951099364223
2022-04-01 00:00:00+00:00,17089.462336015915,0.160933,46283.49,24538.003232185915,0.3035512232062927651642100037
2022-04-02 00:00:00+00:00,17176.500850330744,0.159050,45811.0,24462.740400330744,0.2978505036950597625197331184
2022-04-03 00:00:00+00:00,17123.887336033555,0.160197,46407.35,24558.205583983555,0.3027223720611955550363042502
2022-04-04 00:00:00+00:00,17190.673406886067,0.158756,46580.51,24585.608852446067,0.3007830918461986514878212749
2022-04-05 00:00:00+00:00,17209.932664260967,0.158342,45497.55,24414.105726360967,0.2950824061649467843831462260
2022-04-06 00:00:00+00:00,17209.932664260967,0.158342,43170.47,24045.631225000967,0.2842802709887989268611081692
2022-04-07 00:00:00+00:00,17209.932664260967,0.158342,43444.19,24088.972597240967,0.2855680085653753269401017619
2022-04-08 00:00:00+00:00,17209.932664260967,0.158342,42252.01,23900.200431680967,0.2799251741232973007260041336
2022-04-09 00:00:00+00:00,17209.932664260967,0.158342,42753.97,23979.681782000967,0.2823118830051089709831385476
2022-04-10 00:00:00+00:00,17209.932664260967,0.158342,42158.85,23885.449290960967,0.2794804713690787974233609426
2022-04-11 00:00:00+00:00,17209.932664260967,0.158342,39530.45,23469.263178160967,0.2667033245306372764882664485
2022-04-12 00:00:00+00:00,17209.932664260967,0.158342,40074.94,23555.478813740967,0.2693872707770371622432343849
2022-04-13 00:00:00+00:00,17209.932664260967,0.158342,41147.79,23725.356028440967,0.2746185707969811829325509163
2022-04-14 00:00:00+00:00,17209.932664260967,0.158342,39942.38,23534.488998220967,0.2687356557619793486859732288
2022-04-15 00:00:00+00:00,17209.932664260967,0.158342,40551.9,23631.001614060967,0.2717222509087097855728176876
2022-04-16 00:00:00+00:00,17209.932664260967,0.158342,40378.71,23603.578363080967,0.2708761188862992219889508035
2022-04-17 00:00:00+00:00,17209.932664260967,0.158342,39678.12,23492.645541300967,0.2674331788642003347398471787
2022-04-18 00:00:00+00:00,17209.932664260967,0.158342,40801.13,23670.465190720967,0.2729364410207107481408404561
2022-04-19 00:00:00+00:00,17209.932664260967,0.158342,41493.18,23780.045771820967,0.2762868150298303999982408287
2022-04-20 00:00:00+00:00,17209.932664260967,0.158342,41358.19,23758.671185240967,0.2756357234763245824440699037
2022-04-21 00:00:00+00:00,17209.932664260967,0.158342,40480.01,23619.618407680967,0.2713712657328793365754597882
2022-04-22 00:00:00+00:00,17209.932664260967,0.158342,39709.18,23497.563643820967,0.2675865070468029504580968749
2022-04-23 00:00:00+00:00,17209.932664260967,0.158342,39441.6,23455.194491460967,0.2662634850234830789960205952
2022-04-24 00:00:00+00:00,17209.932664260967,0.158342,39450.13,23456.545148720967,0.2663057344913649324228676517
2022-04-25 00:00:00+00:00,17209.932664260967,0.158342,40426.08,23611.079023620967,0.2711077436552634012903249285
2022-04-26 00:00:00+00:00,17209.932664260967,0.158342,38112.65,23244.765890560967,0.2596211661030568930937366599
2022-04-27 00:00:00+00:00,17209.932664260967,0.158342,39235.72,23422.595040500967,0.2652422742013611816097114529
2022-04-28 00:00:00+00:00,17209.932664260967,0.158342,39742.07,23502.771512200967,0.2677487991011275303373269548
2022-04-29 00:00:00+00:00,17209.932664260967,0.158342,38596.11,23321.317913880967,0.2620514531892073057320044779
2022-04-30 00:00:00+00:00,17209.932664260967,0.158342,37630.8,23168.468797860967,0.2571829923499356551208623642
2022-05-01 00:00:00+00:00,17209.932664260967,0.158342,38468.35,23301.088139960967,0.2614107735704313612679538427
2022-05-02 00:00:00+00:00,17209.932664260967,0.158342,38525.16,23310.083548980967,0.2616957966667895814026264435
2022-05-03 00:00:00+00:00,17209.932664260967,0.158342,37728.95,23184.010065160967,0.2576809354425425570942798093
2022-05-04 00:00:00+00:00,17209.932664260967,0.158342,39690.0,23494.526644260967,0.2674918322534131349495735571
2022-05-05 00:00:00+00:00,17209.932664260967,0.158342,36552.97,22997.803040000967,0.2516705776492186461716655003
2022-05-06 00:00:00+00:00,17209.932664260967,0.158342,36013.77,22912.425033600967,0.2488820961106177500503026035
2022-05-07 00:00:00+00:00,16037.206285132546,0.190863,35472.39,22807.573057702546,0.2968473127518282756767343171
2022-05-08 00:00:00+00:00,16037.206285132546,0.190863,34038.4,22533.877424332546,0.2883068464810570237630183361
2022-05-09 00:00:00+00:00,16037.206285132546,0.190863,30076.31,21777.661040662546,0.2635937231648342816291731440
2022-05-10 00:00:00+00:00,16037.206285132546,0.190863,31017.1,21957.223042432546,0.2696159139003830462117161616
2022-05-11 00:00:00+00:00,16037.206285132546,0.190863,29103.94,21592.071585352546,0.2572641202240300262264760878
2022-05-12 00:00:00+00:00,16037.206285132546,0.190863,29029.75,21577.911459382546,0.2567767128287469490081484058
2022-05-13 00:00:00+00:00,16037.206285132546,0.190863,29287.05,21627.020509282546,0.2584643696874838861421028940
2022-05-14 00:00:00+00:00,16037.206285132546,0.190863,30086.74,21779.651741752546,0.2636610320821375040438813851
2022-05-15 00:00:00+00:00,16037.206285132546,0.190863,31328.89,22016.732217202546,0.2715900739982638867225473891
2022-05-16 00:00:00+00:00,16037.206285132546,0.190863,29874.01,21739.049455762546,0.2622857628726064757307736399
2022-05-17 00:00:00+00:00,16037.206285132546,0.190863,30444.93,21848.016959722546,0.2659651301673006889328887744
2022-05-18 00:00:00+00:00,15292.652651751130,0.215287,28715.32,21474.687748591130,0.2878754359185305996080217840
2022-05-19 00:00:00+00:00,15031.952284174887,0.224354,30319.23,21834.192811594887,0.3115407373249777456769641038
2022-05-20 00:00:00+00:00,15283.607743646241,0.216043,29201.01,21592.281547076241,0.2921726353778599358917555606
2022-05-21 00:00:00+00:00,15114.401816657910,0.221830,29445.06,21646.199476457910,0.3017526317681719423690594279
2022-05-22 00:00:00+00:00,15152.307170784111,0.220541,30293.94,21833.362992324111,0.3060021410301673850386635581
2022-05-23 00:00:00+00:00,15283.188344960577,0.216215,29109.15,21577.023212210577,0.2916915278511763447946594738
2022-05-24 00:00:00+00:00,15103.701230531221,0.222373,29654.58,21698.079148871221,0.3039152854543372421977666783
2022-05-25 00:00:00+00:00,15188.551153748011,0.219508,29542.15,21673.289415948011,0.2992041557581143558542562032
2022-05-26 00:00:00+00:00,15171.305696140105,0.220091,29201.35,21598.260018990105,0.2975681521196221152348570427
2022-05-27 00:00:00+00:00,15118.733413604615,0.221889,28629.8,21471.371105804615,0.2958654880909125896410577813
2022-05-28 00:00:00+00:00,15029.865624470315,0.224989,29031.33,21561.595529840315,0.3029335141887050293913580041
2022-05-29 00:00:00+00:00,15093.042655491824,0.222810,29468.1,21658.830016491824,0.3031459850786293519906947220
2022-05-30 00:00:00+00:00,15161.113763161934,0.220497,31734.22,22158.414070501934,0.3157852491192072324501245245
2022-05-31 00:00:00+00:00,15510.465432109457,0.209474,31801.04,22171.956485069457,0.3004466952407123973249429656
2022-06-01 00:00:00+00:00,15520.374461203577,0.209162,29805.83,21754.621475663577,0.2865711555328193993467311433
2022-06-02 00:00:00+00:00,15227.867658214385,0.218963,30452.62,21895.864691274385,0.3045322542442103784838009043
2022-06-03 00:00:00+00:00,15326.983760726864,0.215704,29700.21,21733.437858566864,0.2947740776001855852949543239
2022-06-04 00:00:00+00:00,15326.983760726864,0.215704,29864.04,21768.776644886864,0.2959189204448507070886641747
2022-06-05 00:00:00+00:00,15238.052675194078,0.218678,29919.21,21780.725679574078,0.3003882010467496023009566541
2022-06-06 00:00:00+00:00,15246.508801520398,0.218395,31373.1,22098.236976020398,0.3100576838747389602328031019
2022-06-07 00:00:00+00:00,15468.498253082848,0.211310,31125.33,22045.591735382848,0.2983405281766087702371506194
2022-06-08 00:00:00+00:00,15468.498253082848,0.211310,30204.77,21851.068201782848,0.2920941845844973595937016045
2022-06-09 00:00:00+00:00,15468.498253082848,0.211310,30109.93,21831.027561382848,0.2914443349224087912947152565
2022-06-10 00:00:00+00:00,15281.483553828321,0.217513,29091.88,21609.345648268321,0.2928298800638180061634134813
2022-06-11 00:00:00+00:00,15126.367957608246,0.222838,28424.7,21460.471256208246,0.2951521065394881817977155862
2022-06-12 00:00:00+00:00,15022.198274238066,0.226498,26574.53,21041.276170178066,0.2860604959156839179367264503
2022-06-13 00:00:00+00:00,14728.513892614173,0.237535,22487.41,20070.060826964173,0.2661450296739319980925002486
2022-06-14 00:00:00+00:00,14047.810473885039,0.267769,22136.41,19975.254843175039,0.2967393615664049747958841618
2022-06-15 00:00:00+00:00,13982.600463293107,0.270711,22583.72,20096.261888213107,0.3042188372607641465588702391
2022-06-16 00:00:00+00:00,14067.292089463927,0.266956,20401.31,19513.544201823927,0.2791011236108989326970004733
2022-06-17 00:00:00+00:00,13658.831382347047,0.286952,20468.81,19532.397349467047,0.3007089125841618062868492068
2022-06-18 00:00:00+00:00,13672.670752117366,0.286275,18970.79,19103.533659367366,0.2842857768665741628118349011
2022-06-19 00:00:00+00:00,13672.670752117366,0.286275,20574.0,19562.492602117366,0.3010772691289099440719326569
2022-06-20 00:00:00+00:00,13693.731687262366,0.285250,20573.89,19562.433809762366,0.2999985676409703266683049977
2022-06-21 00:00:00+00:00,13693.731687262366,0.285250,20723.52,19605.115767262366,0.3015225286183279868543978366
2022-06-22 00:00:00+00:00,13723.555443821083,0.283809,19987.99,19396.326897731083,0.2924662738373202866897521320
2022-06-23 00:00:00+00:00,13723.555443821083,0.283809,21110.13,19714.800328991083,0.3038957932716027478052680653
2022-06-24 00:00:00+00:00,13800.275304856399,0.280170,21237.69,19750.438912156399,0.3012674115124435609356277449
2022-06-25 00:00:00+00:00,13825.281978584263,0.278991,21491.19,19821.130567874263,0.3024978100395526927412823467
2022-06-26 00:00:00+00:00,13874.733286921927,0.276687,21038.07,19695.693761011927,0.2955448304955230074775064379
2022-06-27 00:00:00+00:00,13874.733286921927,0.276687,20742.56,19613.929985641927,0.2926081974862401293318499797
2022-06-28 00:00:00+00:00,13874.733286921927,0.276687,20281.29,19486.302573151927,0.2879750668534509782816023891
2022-06-29 00:00:00+00:00,13874.733286921927,0.276687,20123.01,19442.508554791927,0.2863712391937063042661858843
2022-06-30 00:00:00+00:00,13874.733286921927,0.276687,19942.21,19392.483545191927,0.2845303565895273236005131693
2022-07-01 00:00:00+00:00,13874.733286921927,0.276687,19279.8,19209.203309521927,0.2777038660398645507568047165
2022-07-02 00:00:00+00:00,13874.733286921927,0.276687,19252.81,19201.735527391927,0.2774229565275935931245372488
2022-07-03 00:00:00+00:00,13874.733286921927,0.276687,19315.83,19219.172342131927,0.2780785228453368918084174616
2022-07-04 00:00:00+00:00,13874.733286921927,0.276687,20236.71,19473.967866691927,0.2875240740921049196716216929
2022-07-05 00:00:00+00:00,13874.733286921927,0.276687,20175.83,19457.123162131927,0.2869072590378944113113749176
2022-07-06 00:00:00+00:00,13874.733286921927,0.276687,20564.51,19564.665865291927,0.2908269743805869875432190716
2022-07-07 00:00:00+00:00,13874.733286921927,0.276687,21624.98,19858.084128181927,0.3013055440110976845940519440
2022-07-08 00:00:00+00:00,13900.627943060014,0.275488,21594.75,19849.722431060014,0.2997066839932787271259363723
2022-07-09 00:00:00+00:00,13900.627943060014,0.275488,21591.83,19848.918006100014,0.2996783029287519932642359568
2022-07-10 00:00:00+00:00,13894.314838879874,0.275780,20862.47,19647.766815479874,0.2928298177921692004780035658
2022-07-11 00:00:00+00:00,13753.005966697979,0.282545,19963.61,19393.624154147979,0.2908491029121838492962349458
2022-07-12 00:00:00+00:00,13575.318743919902,0.291434,19328.75,19208.373671419902,0.2932603782006495608991420296
2022-07-13 00:00:00+00:00,13446.211484791022,0.298104,20234.87,19478.307171271022,0.3096827477583302951156156098
2022-07-14 00:00:00+00:00,13634.575516070771,0.288783,20588.84,19580.282497790771,0.3036578753340688411551983263
2022-07-15 00:00:00+00:00,13706.110973284103,0.285304,20830.04,19649.004705444103,0.3024526596257273310323753427
2022-07-16 00:00:00+00:00,13754.249024917775,0.282990,21195.6,19752.391868917775,0.3036666588940367984873114495
2022-07-17 00:00:00+00:00,13826.580237143015,0.279573,20798.16,19641.184222823015,0.2960414158186776908364355028
2022-07-18 00:00:00+00:00,13749.021906296319,0.283297,22432.58,20104.104522556319,0.3161087134783720916344341276
2022-07-19 00:00:00+00:00,14072.460046851621,0.268860,23396.62,20362.875300051621,0.3089158657856168993036204799
2022-07-20 00:00:00+00:00,14254.146728715021,0.261085,23223.3,20317.402009215021,0.2984267022796512896448210009
2022-07-21 00:00:00+00:00,14222.149926075981,0.262461,23152.19,20298.696865665981,0.2993565044989716513891725808
2022-07-22 00:00:00+00:00,14209.075115730273,0.263025,22684.83,20175.752526480273,0.2957350613276434096013152455
2022-07-23 00:00:00+00:00,14122.919698912026,0.266818,22451.07,20113.269294172026,0.2978307259574031421774316232
2022-07-24 00:00:00+00:00,14078.773372077570,0.268782,22579.68,20147.784921837570,0.3012247536542830252442211966
2022-07-25 00:00:00+00:00,14102.944591949202,0.267710,21310.9,19808.085630949202,0.2880208186340827153881246331
2022-07-26 00:00:00+00:00,13865.360573120422,0.278844,21254.67,19792.097774600422,0.2994496727419109317397694235
2022-07-27 00:00:00+00:00,13854.464034972070,0.279356,22952.45,20266.368657172070,0.3163815250114326503140588154
2022-07-28 00:00:00+00:00,14186.410351840630,0.264876,23842.93,20501.830278520630,0.3080417621687436845613948934
2022-07-29 00:00:00+00:00,14351.514555236905,0.257943,23773.75,20483.786951486905,0.2993720062981255654475202207
2022-07-30 00:00:00+00:00,14339.277145338409,0.258457,23643.51,20450.107809408409,0.2988165500652574399151617829
2022-07-31 00:00:00+00:00,14315.270312013961,0.259471,23293.32,20359.211345733961,0.2968651845635680016205725510
2022-08-01 00:00:00+00:00,14251.938470111341,0.262186,23268.01,20352.484939971341,0.2997445514812202769329699498
2022-08-02 00:00:00+00:00,14246.533532014301,0.262418,22987.79,20278.943408234301,0.2974716066208128601084134416
2022-08-03 00:00:00+00:00,14194.863034727596,0.264663,22818.37,20234.041294037596,0.2984662416938714221829974096
2022-08-04 00:00:00+00:00,14163.540384538903,0.266034,22622.98,20182.022245858903,0.2982100499148402605230600842
2022-08-05 00:00:00+00:00,14127.274822106970,0.267635,23312.42,20366.494348806970,0.3063472495483976828407253548
2022-08-06 00:00:00+00:00,14256.613289033430,0.262080,22954.21,20272.452645833430,0.2967494590762518019102803760
2022-08-07 00:00:00+00:00,14190.649064175920,0.264950,23174.39,20330.703694675920,0.3020089576195003939328882973
2022-08-08 00:00:00+00:00,14231.452400361479,0.263187,23810.0,20497.934870361479,0.3057128686197982449714059390
2022-08-09 00:00:00+00:00,14348.592807087755,0.258261,23149.95,20327.322044037755,0.2941228177522593193494132379
2022-08-10 00:00:00+00:00,14229.231692417071,0.263410,23954.05,20538.968002917071,0.3072080500638519085375754736
2022-08-11 00:00:00+00:00,14377.099197489106,0.257229,23934.39,20533.718402799106,0.2998297280862069681999500664
2022-08-12 00:00:00+00:00,14377.099197489106,0.257229,24403.68,20654.433400209106,0.3039218787118337563125833939
2022-08-13 00:00:00+00:00,14457.666344062846,0.253923,24441.38,20663.894877802846,0.3003416621329568476938590906
2022-08-14 00:00:00+00:00,14465.038551837490,0.253621,24305.24,20629.357825877490,0.2988129502658328446669053954
2022-08-15 00:00:00+00:00,14440.531347084715,0.254628,24094.82,20575.747174044715,0.2981770613268066691254714306
2022-08-16 00:00:00+00:00,14440.531347084715,0.254628,23854.74,20514.616083804715,0.2960857133229606237522350879
2022-08-17 00:00:00+00:00,14440.531347084715,0.254628,23342.66,20384.226177564715,0.2915830494964654982401200957
2022-08-18 00:00:00+00:00,14268.739756968415,0.261978,23191.2,20344.323950568415,0.2986378022863841486172060760
2022-08-19 00:00:00+00:00,14241.059611097495,0.263170,20834.39,19724.046027397495,0.2779848723068233997678857289
2022-08-20 00:00:00+00:00,13806.285616728908,0.284011,21140.07,19810.298037498908,0.3030753201897824278631652183
2022-08-21 00:00:00+00:00,13867.132095082646,0.281129,21515.61,19915.794018772646,0.3037118137488530778373610544
2022-08-22 00:00:00+00:00,13941.182252769986,0.277683,21399.83,19883.551246659986,0.2988585348851197640328856448
2022-08-23 00:00:00+00:00,13918.639396104286,0.278735,21529.12,19919.558659304286,0.3012576415892132601526522935
2022-08-24 00:00:00+00:00,13943.666702295034,0.277571,21368.08,19874.826035975034,0.2984257232211303113116687176
2022-08-25 00:00:00+00:00,13943.666702295034,0.277571,21559.04,19927.830994135034,0.3002918026352793343407330028
2022-08-26 00:00:00+00:00,13949.480075871994,0.277301,20241.05,19562.343481921994,0.2869218307733413728396830358
2022-08-27 00:00:00+00:00,13949.480075871994,0.277301,20037.6,19505.926593471994,0.2848593985511851491791488624
2022-08-28 00:00:00+00:00,13653.782018678554,0.292039,19555.61,19364.782807468554,0.2949168521832012267113960992
2022-08-29 00:00:00+00:00,13555.230683147885,0.297072,20285.73,19581.553065707885,0.3077550775639738459590169578
2022-08-30 00:00:00+00:00,13707.207143774525,0.289571,19811.66,19444.089341634525,0.2950450441294743351166000640
2022-08-31 00:00:00+00:00,13611.028704694253,0.294419,20050.02,19514.135543074253,0.3025041424637981033782571180
2022-09-01 00:00:00+00:00,13659.522901856069,0.291997,20131.46,19537.848827476069,0.3008686359244070206646861714
2022-09-02 00:00:00+00:00,13676.713931626709,0.291142,19951.86,19485.538355746709,0.2981095168154207736698827262
2022-09-03 00:00:00+00:00,13639.656751938439,0.292997,19831.9,19450.343956238439,0.2987447017581557678062835742
2022-09-04 00:00:00+00:00,13615.330417511814,0.294222,20000.3,19499.858684111814,0.3017728672769625476850093520
2022-09-05 00:00:00+00:00,13649.865981537504,0.292493,19796.84,19440.303103657504,0.2978573477607242429844501775
2022-09-06 00:00:00+00:00,13607.865125854406,0.294612,18790.61,19143.804319174406,0.2891765451120502479407519358
2022-09-07 00:00:00+00:00,13400.410519148788,0.305638,19292.84,19297.035551068788,0.3055715483507729142355896276
2022-09-08 00:00:00+00:00,13507.789797429823,0.300065,19319.77,19304.976582479823,0.3002949400265639535387877739
2022-09-09 00:00:00+00:00,13513.655606112415,0.299761,21360.11,19916.583539822415,0.3214872631597482966512952402
2022-09-10 00:00:00+00:00,13941.377962637221,0.279712,21648.34,19996.678440717221,0.3028153148550012137447953668
2022-09-11 00:00:00+00:00,13997.392969449778,0.277121,21826.87,20046.077010719778,0.3017390404135145481499495310
2022-09-12 00:00:00+00:00,14032.226964570040,0.275523,22395.74,20202.768436590040,0.3054304904492339840535374624
2022-09-13 00:00:00+00:00,14141.754862639456,0.270626,20173.57,19601.247417459456,0.2785278119573683827057890635
2022-09-14 00:00:00+00:00,13720.345681520884,0.291488,20226.71,19616.188926000884,0.3005600765123735281510595226
2022-09-15 00:00:00+00:00,13731.415760844976,0.290940,19701.88,19463.480728044976,0.2945035909707894055820341744
2022-09-16 00:00:00+00:00,13624.315204366500,0.296369,19803.3,19493.399422066500,0.3010805909540952174668651115
2022-09-17 00:00:00+00:00,13645.358523641940,0.295305,20113.62,19585.011077741940,0.3032754247890276968737416656
2022-09-18 00:00:00+00:00,13709.233477912200,0.292125,19416.18,19381.185060412200,0.2926524649973786821644476113
2022-09-19 00:00:00+00:00,13709.233477912200,0.292125,19537.02,19416.485445412200,0.2939384670591108906979758762
2022-09-20 00:00:00+00:00,13709.233477912200,0.292125,18875.0,19223.092852912200,0.2868351839732532206560658615
2022-09-21 00:00:00+00:00,13455.705450732955,0.305540,18461.36,19096.389385132955,0.2953796039994566650773314360
2022-09-22 00:00:00+00:00,13367.363916401683,0.310319,19401.63,19388.058336371683,0.3105362236648151049167335519
2022-09-23 00:00:00+00:00,13571.378114980732,0.299790,19289.91,19354.300233880732,0.2987926222605913305825271309
2022-09-24 00:00:00+00:00,13547.699586037866,0.301016,18920.5,19243.072814037866,0.2959700502637609984193407223
2022-09-25 00:00:00+00:00,13470.378558014319,0.305097,18807.38,19208.453773874319,0.2987265546415003311090509019
2022-09-26 00:00:00+00:00,13446.271573221999,0.306377,19227.82,19337.233381361999,0.3046434664132432321809537539
2022-09-27 00:00:00+00:00,13535.713023423927,0.301719,19079.13,19292.249047893927,0.2983859481690872422683302482
2022-09-28 00:00:00+00:00,13504.326956210137,0.303362,19412.82,19393.438857050137,0.3036651696611877037867568859
2022-09-29 00:00:00+00:00,13575.324286379245,0.299700,19591.51,19446.899833379245,0.3019286157334883148274893068
2022-09-30 00:00:00+00:00,13612.595749106935,0.297795,19422.61,19396.551894056935,0.2981950697495977458860300385
2022-10-01 00:00:00+00:00,13612.595749106935,0.297795,19310.95,19363.300104356935,0.2969898893399908808152215144
2022-10-02 00:00:00+00:00,13554.506361987287,0.300799,19056.8,19286.772745187287,0.2972123153486317493857783725
2022-10-03 00:00:00+00:00,13500.884494663067,0.303609,19629.08,19460.449844383067,0.3062398555725128188997378776
2022-10-04 00:00:00+00:00,13622.171733969719,0.297422,20337.82,19671.086834009719,0.3075028416621045443900095798
2022-10-05 00:00:00+00:00,13769.571424682057,0.290165,20158.26,19618.792937582057,0.2981438017878838329044723176
2022-10-06 00:00:00+00:00,13769.571424682057,0.290165,19960.67,19561.459235232057,0.2960866948064005721842719727
2022-10-07 00:00:00+00:00,13769.571424682057,0.290165,19530.09,19436.519989532057,0.2915618931733691668421568036
2022-10-08 00:00:00+00:00,13769.571424682057,0.290165,19417.96,19403.983788082057,0.2903739987074541242029645442
2022-10-09 00:00:00+00:00,13769.571424682057,0.290165,19439.02,19410.094662982057,0.2905974100712305315009327469
2022-10-10 00:00:00+00:00,13769.571424682057,0.290165,19131.87,19320.970483232057,0.2873250628568502951989437026
2022-10-11 00:00:00+00:00,13769.571424682057,0.290165,19060.0,19300.116324682057,0.2865550034497581276864053537
2022-10-12 00:00:00+00:00,13769.571424682057,0.290165,19155.53,19327.835787132057,0.2875782070825818986304126282
2022-10-13 00:00:00+00:00,13769.571424682057,0.290165,19375.13,19391.556021132057,0.2899192096974276192833110863
2022-10-14 00:00:00+00:00,13769.571424682057,0.290165,19176.93,19334.045318132057,0.2878070161670442955804614418
2022-10-15 00:00:00+00:00,13769.571424682057,0.290165,19069.39,19302.840974032057,0.2866557081827415503611134839
2022-10-16 00:00:00+00:00,13769.571424682057,0.290165,19262.98,19359.014016382057,0.2887255821484545161177028776
2022-10-17 00:00:00+00:00,13769.571424682057,0.290165,19549.86,19442.256551582057,0.2917709223643796516961904106
2022-10-18 00:00:00+00:00,13769.571424682057,0.290165,19327.44,19377.718052282057,0.2894121285317981508250456925
2022-10-19 00:00:00+00:00,13769.571424682057,0.290165,19123.97,19318.678179732057,0.2872404987247923646994474153
2022-10-20 00:00:00+00:00,13769.571424682057,0.290165,19041.92,19294.870141482057,0.2863610211566625575676261152
2022-10-21 00:00:00+00:00,13769.571424682057,0.290165,19164.37,19330.400845732057,0.2876727423000010300764194084
2022-10-22 00:00:00+00:00,13769.571424682057,0.290165,19204.35,19342.001642432057,0.2880999764535913065699754582
2022-10-23 00:00:00+00:00,13769.571424682057,0.290165,19570.4,19448.216540682057,0.2919879621928997488666689525
2022-10-24 00:00:00+00:00,13769.571424682057,0.290165,19329.72,19378.379628482057,0.2894363879401070407773289093
2022-10-25 00:00:00+00:00,13769.571424682057,0.290165,20080.07,19596.104936232057,0.2973312058957736442871151022
2022-10-26 00:00:00+00:00,13769.571424682057,0.290165,20771.59,19796.759837032057,0.3044532773022516988414542899
2022-10-27 00:00:00+00:00,13857.632281002272,0.285920,20295.11,19660.410132202272,0.2951503967709954657696831207
2022-10-28 00:00:00+00:00,13857.632281002272,0.285920,20591.84,19745.251173802272,0.2981789819220740966674262610
2022-10-29 00:00:00+00:00,13857.632281002272,0.285920,20809.67,19807.533127402272,0.3003857576877530379042557393
2022-10-30 00:00:00+00:00,13865.280287891360,0.285552,20627.48,19755.498456851360,0.2981558871736403431953906229
2022-10-31 00:00:00+00:00,13865.280287891360,0.285552,20490.74,19716.452076371360,0.2967659579834942000263379229
2022-11-01 00:00:00+00:00,13865.280287891360,0.285552,20483.62,19714.418946131360,0.2966934340911833004777711373
2022-11-02 00:00:00+00:00,13865.280287891360,0.285552,20151.84,19619.678503571360,0.2932972736853221039606325889
2022-11-03 00:00:00+00:00,13865.280287891360,0.285552,20207.82,19635.663704531360,0.2938725934335673861138123938
2022-11-04 00:00:00+00:00,13865.280287891360,0.285552,21148.52,19904.282470931360,0.3034021543785608951668973940
2022-11-05 00:00:00+00:00,13932.909816102008,0.282350,21299.37,19946.786935602008,0.3014960323642970208799913809
2022-11-06 00:00:00+00:00,13962.732712610246,0.280948,20905.58,19836.113602450246,0.2960953444587297365861715622
2022-11-07 00:00:00+00:00,13885.197779741430,0.284652,20591.13,19746.504116501430,0.2968275448747366398985871412
2022-11-08 00:00:00+00:00,13822.397063986364,0.287698,18547.23,19158.398040526364,0.2785202063999604107859161714
2022-11-09 00:00:00+00:00,13409.987282918618,0.309907,15922.81,18344.577561588618,0.2689944896306824800969624759
2022-11-10 00:00:00+00:00,12840.441937611686,0.345630,17601.15,18923.927412111686,0.3214705564029192778768825874
2022-11-11 00:00:00+00:00,13246.547510605001,0.322529,17070.31,18752.217524595001,0.2936010104815008066969400914
2022-11-12 00:00:00+00:00,13126.338272144859,0.329562,16812.08,18666.960981104859,0.2968143938677725754589136480
2022-11-13 00:00:00+00:00,13126.338272144859,0.329562,16329.85,18508.036297844859,0.2907762843714902316393586190
2022-11-14 00:00:00+00:00,13126.338272144859,0.329562,16619.46,18603.480748664859,0.2944149296853001793030028193
2022-11-15 00:00:00+00:00,13021.909880770923,0.335838,16900.57,18697.763508430923,0.3035578894289002429719697801
2022-11-16 00:00:00+00:00,13088.360926053606,0.331901,16662.76,18618.747632813606,0.2970332277888158650600937840
2022-11-17 00:00:00+00:00,13032.788953373823,0.335232,16692.56,18628.669227293823,0.3003907689617027243752544633
2022-11-18 00:00:00+00:00,13040.074119050487,0.334795,16700.45,18631.301276800487,0.3000985854225942357441820484
2022-11-19 00:00:00+00:00,13040.074119050487,0.334795,16700.68,18631.378279650487,0.3001014780912327312755361556
2022-11-20 00:00:00+00:00,13040.074119050487,0.334795,16280.23,18490.613721900487,0.2947733203898105733968212534
2022-11-21 00:00:00+00:00,12943.134074108037,0.340742,15781.29,18320.482391288037,0.2935156510800773178401974628
2022-11-22 00:00:00+00:00,12824.193882777258,0.348269,16226.94,18475.534049637258,0.3058823713391362769913707026
2022-11-23 00:00:00+00:00,12932.990558473134,0.341556,16603.11,18603.882397633134,0.3048230319861339948281382935
2022-11-24 00:00:00+00:00,13022.613706270719,0.336151,16598.95,18602.367347720719,0.2999485784336834470587370935
2022-11-25 00:00:00+00:00,13022.613706270719,0.336151,16522.14,18576.547589410719,0.2989755688675939070009867536
2022-11-26 00:00:00+00:00,13003.374397591654,0.337314,16458.57,18555.080478571654,0.2992014013300233944759550617
2022-11-27 00:00:00+00:00,12988.312587119452,0.338228,16428.78,18544.985988959452,0.2996321164733207544219924733
2022-11-28 00:00:00+00:00,12981.485784248037,0.338643,16212.91,18471.874265378037,0.2972296369199888660972150770
2022-11-29 00:00:00+00:00,12930.075063021759,0.341810,16442.53,18550.296242321759,0.3029720445368247083502223575
2022-11-30 00:00:00+00:00,12985.234996456662,0.338451,17163.64,18794.286118096662,0.3090860214183168543692627557
2022-12-01 00:00:00+00:00,13156.238564196387,0.328476,16977.37,18732.897152316387,0.2976933328986129106936873742
2022-12-02 00:00:00+00:00,13156.238564196387,0.328476,17092.74,18770.793428436387,0.2991112168830518203174408545
2022-12-03 00:00:00+00:00,13156.238564196387,0.328476,16885.2,18702.621519396387,0.2965564452794960546046751446
2022-12-04 00:00:00+00:00,13156.238564196387,0.328476,17105.7,18775.050477396387,0.2992701361823014186152009932
2022-12-05 00:00:00+00:00,13156.238564196387,0.328476,16966.35,18729.277346796387,0.2975575981607885896204467502
2022-12-06 00:00:00+00:00,13110.437820932907,0.331172,17088.96,18769.822882052907,0.3015151020168293424228591828
2022-12-07 00:00:00+00:00,13138.853950278987,0.329507,16836.64,18686.644686758987,0.2968853333210248578233535588
2022-12-08 00:00:00+00:00,13080.590878782795,0.332963,17224.1,18815.578887082795,0.3047999768020511866550829110
2022-12-09 00:00:00+00:00,13170.796639048275,0.327719,17128.56,18784.151193688275,0.2988346131139618328059838418
2022-12-10 00:00:00+00:00,13148.877881978691,0.328997,17127.49,18783.770709508691,0.2999873089739917542245543581
2022-12-11 00:00:00+00:00,13148.877881978691,0.328997,17085.05,18769.808076828691,0.2994665780194648135194108462
2022-12-12 00:00:00+00:00,13138.853027287601,0.329583,17209.83,18810.920428177601,0.3015305615983358340071531325
2022-12-13 00:00:00+00:00,13167.399900775052,0.327922,17774.7,18996.115074175052,0.3068372217498332222757437374
2022-12-14 00:00:00+00:00,13297.385253894800,0.320600,17803.15,19005.075143894800,0.3003245105207353627134272887
2022-12-15 00:00:00+00:00,13303.750803488546,0.320242,17356.34,18861.979837768546,0.2946789829109245085023118198
2022-12-16 00:00:00+00:00,13203.401431635394,0.326016,16632.12,18625.738665555394,0.2911206546641576287317384005
2022-12-17 00:00:00+00:00,13037.669571940994,0.335968,16776.52,18674.043443300994,0.3018293219930339424698760856
2022-12-18 00:00:00+00:00,13072.035572526092,0.333917,16738.21,18661.208441096092,0.2995075525902926020618523782
2022-12-19 00:00:00+00:00,13063.035044030192,0.334454,16438.88,18561.084215550192,0.2962137937456163597494626121
2022-12-20 00:00:00+00:00,12992.683933205136,0.338728,16895.56,18715.683180885136,0.3057862858848275048678745224
2022-12-21 00:00:00+00:00,13100.982452567226,0.332310,16824.67,18691.988540267226,0.2991124286030655453287645343
2022-12-22 00:00:00+00:00,13100.982452567226,0.332310,16821.43,18690.911855867226,0.2990720541836634186373417204
2022-12-23 00:00:00+00:00,13100.982452567226,0.332310,16778.5,18676.645787567226,0.2985366536592795878616542655
2022-12-24 00:00:00+00:00,13073.631511947498,0.333938,16836.12,18695.851752507498,0.3007201979875532926702099087
2022-12-25 00:00:00+00:00,13086.998517570543,0.333143,16832.11,18694.498139300543,0.2999545417023858819606443697
2022-12-26 00:00:00+00:00,13086.998517570543,0.333143,16919.39,18723.574860340543,0.3010416752577067627769622818
2022-12-27 00:00:00+00:00,13106.481213766872,0.331990,16706.36,18652.825670166872,0.2973460726259165894069479097
2022-12-28 00:00:00+00:00,13056.849896802846,0.334957,16547.31,18599.487212472846,0.2979994691441330981040959056
2022-12-29 00:00:00+00:00,13019.603163554878,0.337205,16633.47,18628.492414904878,0.3010919577615556856755010091
2022-12-30 00:00:00+00:00,13039.919451810925,0.335982,16607.48,18619.733797170925,0.2996720794261728268157410441
2022-12-31 00:00:00+00:00,13033.816583222217,0.336349,16542.4,18597.836280822217,0.2991756467572265722327464988
2023-01-01 00:00:00+00:00,13018.329921750782,0.337284,16616.75,18622.893828750782,0.3009502152854163818233193075
2023-01-02 00:00:00+00:00,13036.103774734991,0.336213,16672.87,18641.739416044991,0.3007034652831385254673836878
2023-01-03 00:00:00+00:00,13049.191543568387,0.335427,16675.18,18642.497145428387,0.3000298489106444818562269782
2023-01-04 00:00:00+00:00,13049.191543568387,0.335427,16850.36,18701.257247288387,0.3022291832566245556724826873
2023-01-05 00:00:00+00:00,13090.841968535087,0.332952,16831.85,18695.040089735087,0.2997692486509887324327144237
2023-01-06 00:00:00+00:00,13090.841968535087,0.332952,16950.65,18734.594787335087,0.3012476588292838546220685740
2023-01-07 00:00:00+00:00,13114.118346105962,0.331577,16943.57,18732.216455995962,0.2999163565661079537040672099
2023-01-08 00:00:00+00:00,13114.118346105962,0.331577,17127.83,18793.312834015962,0.3021923030850972746840486973
2023-01-09 00:00:00+00:00,13155.274332659288,0.329171,17178.26,18809.859355119288,0.3006181447561461505009923472
2023-01-10 00:00:00+00:00,13167.078147245912,0.328483,17440.66,18896.038466025912,0.3031831422803446741468562646
2023-01-11 00:00:00+00:00,13227.152716008344,0.325034,17943.26,19059.322286848344,0.3060008893844257218357663667
2023-01-12 00:00:00+00:00,13341.392293741094,0.318659,18846.62,19347.037376321094,0.3104167819477275523622411370
2023-01-13 00:00:00+00:00,13542.676038540530,0.307965,19930.01,19680.421568190530,0.3118706328715254524937515940
2023-01-14 00:00:00+00:00,13775.991910310144,0.296243,20954.92,19983.740275870144,0.3106399642841484287113981694
2023-01-15 00:00:00+00:00,13987.904665649468,0.286116,20871.5,19959.574759649468,0.2991882425307178765280857917
2023-01-16 00:00:00+00:00,13971.999670610461,0.286877,21185.65,20049.675385660461,0.3031308785875285071004256728
2023-01-17 00:00:00+00:00,14034.712304663881,0.283913,21134.81,20035.159616193881,0.2994958576062453588805710238
2023-01-18 00:00:00+00:00,8005.957561224949,0.568829,20677.47,19767.902143854949,0.5950021654820017738704428220
2023-01-19 00:00:00+00:00,7907.052877878502,0.573606,21071.59,19993.843331418502,0.6045256158702969693039378242
2023-01-20 00:00:00+00:00,7997.437703705737,0.569311,22667.21,20902.129696015737,0.6173864663546619392854319741
2023-01-21 00:00:00+00:00,8360.120254658137,0.553289,22783.55,20966.007850608137,0.6012535951418312305177941723
2023-01-22 00:00:00+00:00,8386.332553513177,0.552137,22707.88,20924.193293073177,0.5992040201478438926700485259
2023-01-23 00:00:00+00:00,8369.258164605851,0.552888,22916.45,21039.488372205851,0.6022118971456533704897009036
2023-01-24 00:00:00+00:00,8416.041271041119,0.550844,22632.89,20883.232930201119,0.5969952880777417495700505342
2023-01-25 00:00:00+00:00,8353.020024648437,0.553625,23060.94,21120.132932148437,0.6044996472567784444975360621
2023-01-26 00:00:00+00:00,8447.836352114555,0.549508,23009.65,21091.823104314555,0.5994733925875539453317530521
2023-01-27 00:00:00+00:00,8436.731282967865,0.549990,23074.16,21127.288541367865,0.6006713655446844511439242266
2023-01-28 00:00:00+00:00,8450.903443576945,0.549375,23022.6,21098.944318576945,0.5994632093447350790190659159
2023-01-29 00:00:00+00:00,8439.308625683485,0.549878,23742.3,21494.677065083485,0.6073768124019635345387601000
2023-01-30 00:00:00+00:00,8597.921562390976,0.543189,22826.15,20996.835154740976,0.5905134512403118000377552863
2023-01-31 00:00:00+00:00,8398.745179944860,0.551903,23125.13,21161.573802334860,0.6031133951380220434374327042
2023-02-01 00:00:00+00:00,8464.566121838210,0.549053,23732.66,21495.054292818210,0.6062086651873990999667403018
2023-02-02 00:00:00+00:00,8597.597360442581,0.543440,23488.94,21362.426914042581,0.5975364880105942207650434042
2023-02-03 00:00:00+00:00,8545.006939778137,0.545676,23431.9,21331.232404178137,0.5994133495022804639337477008
2023-02-04 00:00:00+00:00,8532.478038753157,0.546210,23326.84,21273.831315153157,0.5989214207656356511802959899
2023-02-05 00:00:00+00:00,8509.704002444107,0.547185,22932.91,21058.248360794107,0.5958968734414144843679704169
2023-02-06 00:00:00+00:00,1043.236913214959,0.872341,22762.52,20899.916372534959,0.9500841584904186682005027938
2023-02-07 00:00:00+00:00,1043.236913214959,0.872341,23240.46,21316.843030074959,0.9510604402470335899667936247
2023-02-08 00:00:00+00:00,1043.236913214959,0.872341,22963.0,21074.803296214959,0.9504983795790718168714936271
2023-02-09 00:00:00+00:00,1043.236913214959,0.872341,21796.35,20057.086668564959,0.9479866178745689023889200371
2023-02-10 00:00:00+00:00,1043.236913214959,0.872341,21625.19,19907.776783004959,0.9475965134336065892230213653
2023-02-11 00:00:00+00:00,1043.236913214959,0.872341,21862.55,20114.835642764959,0.9481359464356251126533838496
2023-02-12 00:00:00+00:00,1043.236913214959,0.872341,21783.54,20045.911980354959,0.9479576227693041037776436742
2023-02-13 00:00:00+00:00,1043.236913214959,0.872341,21773.97,20037.563676984959,0.9479359402154656421345520458
2023-02-14 00:00:00+00:00,1043.236913214959,0.872341,22199.84,20409.067538654959,0.9488836561866896257917426247
2023-02-15 00:00:00+00:00,1043.236913214959,0.872341,24324.05,22262.103014264959,0.9531384383341285976369630153
2023-02-16 00:00:00+00:00,1043.236913214959,0.872341,23517.72,21558.708295734959,0.9516094888940379366848298817
2023-02-17 00:00:00+00:00,11304.982806109235,0.435432,24569.97,22003.533983149235,0.4862196765861871783200754201
2023-02-18 00:00:00+00:00,11304.982806109235,0.435432,24631.95,22030.522058509235,0.4868490734770076328832105436
2023-02-19 00:00:00+00:00,11304.982806109235,0.435432,24271.76,21873.683806429235,0.4831696889215152925016993081
2023-02-20 00:00:00+00:00,11304.982806109235,0.435432,24842.2,22122.071636509235,0.4889726879171651007697922288
2023-02-21 00:00:00+00:00,1092.885124030766,0.845949,24452.16,21778.165423870766,0.9498173926609599207589868151
2023-02-22 00:00:00+00:00,1092.885124030766,0.845949,24182.21,21549.801491320766,0.9492856059731720455556380835
2023-02-23 00:00:00+00:00,1092.885124030766,0.845949,23940.2,21345.073373830766,0.9487991863560116840244773797
2023-02-24 00:00:00+00:00,1092.885124030766,0.845949,23185.29,20706.458014240766,0.9472200835469234013710994812
2023-02-25 00:00:00+00:00,1092.885124030766,0.845949,23157.07,20682.585333460766,0.9471591628217449628052877939
2023-02-26 00:00:00+00:00,1092.885124030766,0.845949,23554.85,21019.086926680766,0.9480051094587033420432716070
2023-02-27 00:00:00+00:00,1092.885124030766,0.845949,23492.09,20965.995167440766,0.9478734438645694844560673253
2023-02-28 00:00:00+00:00,1092.885124030766,0.845949,23141.57,20669.473123960766,0.9471256418837374292924752035
2023-03-01 00:00:00+00:00,1092.885124030766,0.845949,23628.97,21081.788666560766,0.9481597533626611038975222969
2023-03-02 00:00:00+00:00,1092.885124030766,0.845949,23465.32,20943.349112710766,0.9478170793912096367173152765
2023-03-03 00:00:00+00:00,1092.885124030766,0.845949,22354.34,20003.516692690766,0.9453653504620963253935979254
2023-03-04 00:00:00+00:00,10489.617531092324,0.425048,22346.57,19987.982416452324,0.4752037843270160861371285477
2023-03-05 00:00:00+00:00,10489.617531092324,0.425048,22430.24,20023.546182612324,0.4761358734647560230755816444
2023-03-06 00:00:00+00:00,8006.214370966548,0.535621,22410.0,20009.480980966548,0.5998789584506348446259127203
2023-03-07 00:00:00+00:00,8006.214370966548,0.535621,22197.96,19895.907904126548,0.5975949220539966346339954808
2023-03-08 00:00:00+00:00,8006.214370966548,0.535621,21705.44,19632.103849206548,0.5921876517941235562836201543
2023-03-09 00:00:00+00:00,8006.214370966548,0.535621,20362.22,18912.647009586548,0.5766740442568238382695893360
2023-03-10 00:00:00+00:00,8006.214370966548,0.535621,20150.69,18799.347099456548,0.5741227432734623083307744043
2023-03-11 00:00:00+00:00,8006.214370966548,0.535621,20455.73,18962.732929296548,0.5777921673622626427885528619
2023-03-12 00:00:00+00:00,8006.214370966548,0.535621,21997.11,19788.328426276548,0.5954072421632517995683602185
2023-03-13 00:00:00+00:00,8006.214370966548,0.535621,24113.48,20921.900642046548,0.6173285349192159972669743230
2023-03-14 00:00:00+00:00,8368.030254802773,0.520596,24670.41,21211.347019162773,0.6054927465359498359526651916
2023-03-15 00:00:00+00:00,8484.397127382414,0.515873,24285.66,21012.713408562414,0.5962255343983738024576056216
2023-03-16 00:00:00+00:00,8405.001366998544,0.519138,24998.78,21382.818018638544,0.6069273301735888249975768885
2023-03-17 00:00:00+00:00,8552.951551677180,0.513212,27395.13,22612.461009237180,0.6217593676255183725715177220
2023-03-18 00:00:00+00:00,9044.355824498271,0.495251,26907.49,22370.317154488271,0.5956983639508367143704985045
2023-03-19 00:00:00+00:00,1108.235823707025,0.789809,27972.87,23201.460305537025,0.9522342210743284685428147991
2023-03-20 00:00:00+00:00,12166.398577345833,0.393977,27717.01,23086.263026115833,0.4730026872004854493999693447
2023-03-21 00:00:00+00:00,12166.398577345833,0.393977,28105.47,23239.307331535833,0.4764732698880408768400258734
2023-03-22 00:00:00+00:00,12166.398577345833,0.393977,27250.97,22902.653985035833,0.4687777850857315078817064433
2023-03-23 00:00:00+00:00,12166.398577345833,0.393977,28295.41,23314.139322915833,0.4781536470708447244880098630
2023-03-24 00:00:00+00:00,12166.398577345833,0.393977,27454.47,22982.828304535833,0.4706309242651086908610729712
2023-03-25 00:00:00+00:00,12166.398577345833,0.393977,27462.95,22986.169229495833,0.4707078654178739539534893287
2023-03-26 00:00:00+00:00,12166.398577345833,0.393977,27968.05,23185.167012195833,0.4752507682629122747808468148
2023-03-27 00:00:00+00:00,12166.398577345833,0.393977,27124.91,22852.989244415833,0.4676233184541180626224631467
2023-03-28 00:00:00+00:00,1128.318469041243,0.800384,27261.07,22947.642719921243,0.9508307461985308692778165101
2023-03-29 00:00:00+00:00,1128.318469041243,0.800384,28348.6,23818.084331441243,0.9526276566435782729574389461
2023-03-30 00:00:00+00:00,1128.318469041243,0.800384,28028.53,23561.905424561243,0.9521125966380856087560302448
2023-03-31 00:00:00+00:00,1128.318469041243,0.800384,28465.36,23911.537167281243,0.9528128007351551824841676750
2023-04-01 00:00:00+00:00,1128.318469041243,0.800384,28452.73,23901.428317361243,0.9527928434209235904411785409
2023-04-02 00:00:00+00:00,1128.318469041243,0.800384,28171.87,23676.632467121243,0.9523446389342702330566903872
2023-04-03 00:00:00+00:00,1128.318469041243,0.800384,27800.0,23378.993669041243,0.9517379368413373375583873051
2023-04-04 00:00:00+00:00,1128.318469041243,0.800384,28165.47,23671.510009521243,0.9523343264292220251613038119
2023-04-05 00:00:00+00:00,1128.318469041243,0.800384,28170.01,23675.143752881243,0.9523416423224915924512524811
2023-04-06 00:00:00+00:00,1128.318469041243,0.800384,28033.82,23566.139455921243,0.9521212003709100943621952131
2023-04-07 00:00:00+00:00,1128.318469041243,0.800384,27906.33,23464.098499761243,0.9519129844663444405687365743
2023-04-08 00:00:00+00:00,1128.318469041243,0.800384,27938.38,23489.750806961243,0.9519654985566358940228139108
2023-04-09 00:00:00+00:00,1128.318469041243,0.800384,28323.76,23798.202792881243,0.9525880807529400105783011888
2023-04-10 00:00:00+00:00,1128.318469041243,0.800384,29637.34,24849.571207601243,0.9545940467296231930333984520
2023-04-11 00:00:00+00:00,1128.318469041243,0.800384,30200.42,25300.251430321243,0.9554028752580299362718026826
2023-04-12 00:00:00+00:00,1128.318469041243,0.800384,29888.07,25050.251487921243,0.9549577987436454758260370758
2023-04-13 00:00:00+00:00,1128.318469041243,0.800384,30373.84,25439.054023601243,0.9556462096430771987112725090
2023-04-14 00:00:00+00:00,1128.318469041243,0.800384,30466.93,25513.561770161243,0.9557757368725820147556549592
2023-04-15 00:00:00+00:00,1128.318469041243,0.800384,30295.09,25376.023783601243,0.9555360414750873361370302143
2023-04-16 00:00:00+00:00,1128.318469041243,0.800384,30304.65,25383.675454641243,0.9555494447186159098384563114
2023-04-17 00:00:00+00:00,1128.318469041243,0.800384,29430.27,24683.835692721243,0.9542891759981224887111270981
2023-04-18 00:00:00+00:00,1128.318469041243,0.800384,30380.01,25443.992392881243,0.9556548181740171572469111355
2023-04-19 00:00:00+00:00,1128.318469041243,0.800384,28797.1,24177.056555441243,0.9533310241280258013161882812
2023-04-20 00:00:00+00:00,1128.318469041243,0.800384,28243.65,23734.084030641243,0.9524599951873197145373929792
2023-04-21 00:00:00+00:00,1128.318469041243,0.800384,27262.84,22949.059399601243,0.9508337814899355581521385680
2023-04-22 00:00:00+00:00,1128.318469041243,0.800384,27816.85,23392.480139441243,0.9517657613765021574804872407
2023-04-23 00:00:00+00:00,1128.318469041243,0.800384,27590.6,23211.393259441243,0.9513894553235274218040717566
2023-04-24 00:00:00+00:00,1128.318469041243,0.800384,27510.93,23147.626666161243,0.9512555440212497119213466423
2023-04-25 00:00:00+00:00,1128.318469041243,0.800384,28300.79,23779.817972401243,0.9525514253157545325743518145
2023-04-26 00:00:00+00:00,1128.318469041243,0.800384,28415.29,23871.461940401243,0.9527335832276103287063701281
2023-04-27 00:00:00+00:00,12517.713885756186,0.399043,29472.77,24278.616444866186,0.4844140351167700725911408281
2023-04-28 00:00:00+00:00,12517.713885756186,0.399043,29311.7,24214.342588856186,0.4830454785290338200744110431
2023-04-29 00:00:00+00:00,1196.030388513436,0.784793,29230.45,24135.882935363436,0.9504459649677437300793729214
2023-04-30 00:00:00+00:00,1196.030388513436,0.784793,29233.21,24138.048964043436,0.9504504117008351030005542799
2023-05-01 00:00:00+00:00,1196.030388513436,0.784793,28068.26,23223.804358693436,0.9484998077816771490773296896
2023-05-02 00:00:00+00:00,12178.205606454748,0.393017,28669.86,23445.947974074748,0.4805837827533890152360170753
2023-05-03 00:00:00+00:00,12178.205606454748,0.393017,29026.16,23585.979931174748,0.4836676007530127858185877688
2023-05-04 00:00:00+00:00,1165.024250003308,0.771947,28838.16,23426.555347523308,0.9502690757253615528966958070
2023-05-05 00:00:00+00:00,1165.024250003308,0.771947,29505.61,23941.791372673308,0.9513393032347176881254480385
2023-05-06 00:00:00+00:00,1165.024250003308,0.771947,28848.2,23434.305695403308,0.9502855230640850546549153900
2023-05-07 00:00:00+00:00,1165.024250003308,0.771947,28430.1,23111.554654703308,0.9495912643087287860077660951
2023-05-08 00:00:00+00:00,1165.024250003308,0.771947,27668.79,22523.863684133308,0.9482760033384504664695766787
2023-05-09 00:00:00+00:00,8999.373839052268,0.488431,27628.27,22493.877383422268,0.5999189608064324096461706670
2023-05-10 00:00:00+00:00,8999.373839052268,0.488431,27598.75,22479.458900302268,0.5996623460126409564954186261
2023-05-11 00:00:00+00:00,8999.373839052268,0.488431,26968.62,22171.683874272268,0.5941050806026048519292761581
2023-05-12 00:00:00+00:00,8999.373839052268,0.488431,26795.01,22086.887368362268,0.5925467591262694426877671676
2023-05-13 00:00:00+00:00,8999.373839052268,0.488431,26775.28,22077.250624732268,0.5923689053486294836935475188
2023-05-14 00:00:00+00:00,8999.373839052268,0.488431,26917.62,22146.773893272268,0.5936485430148319841561330797
2023-05-15 00:00:00+00:00,15494.294779954789,0.246828,27162.14,22198.671471874789,0.3020170238752482337550422444
2023-05-16 00:00:00+00:00,15494.294779954789,0.246828,27033.84,22167.003439474789,0.3010198774831831284667685374
2023-05-17 00:00:00+00:00,1089.664965164064,0.778973,27405.61,22437.895203694064,0.9514364001047358954632918911
2023-05-18 00:00:00+00:00,1089.664965164064,0.778973,26821.28,21982.717910604064,0.9504308352772689038213233314
2023-05-19 00:00:00+00:00,1089.664965164064,0.778973,26880.26,22028.661738144064,0.9505342186412877696495164875
2023-05-20 00:00:00+00:00,1089.664965164064,0.778973,27102.43,22201.726169554064,0.9509198088093548167503233578
2023-05-21 00:00:00+00:00,1089.664965164064,0.778973,26747.78,21925.463395104064,0.9503013940673479588150695732
2023-05-22 00:00:00+00:00,1089.664965164064,0.778973,26849.27,22004.521364874064,0.9504799515019898567638012605
2023-05-23 00:00:00+00:00,11538.798237408288,0.389289,27219.61,22135.092994698288,0.4787101983184793306695147696
2023-05-24 00:00:00+00:00,1093.212194734066,0.772543,26329.01,21433.504567164066,0.9489951728935240419548721150
2023-05-25 00:00:00+00:00,11239.391918728966,0.386680,26473.79,21476.277035928966,0.4766601352773618167648082913
2023-05-26 00:00:00+00:00,11239.391918728966,0.386680,26705.92,21566.037064328966,0.4788383287479672519561749838
2023-05-27 00:00:00+00:00,11239.391918728966,0.386680,26854.27,21623.401042328966,0.4802209006470696179579156924
2023-05-28 00:00:00+00:00,11239.391918728966,0.386680,28065.0,22091.566118728966,0.4912360736072784029302379535
2023-05-29 00:00:00+00:00,1091.408321688919,0.747799,27736.4,21832.660505288919,0.9500102920839845659671877568
2023-05-30 00:00:00+00:00,1091.408321688919,0.747799,27694.4,21801.252947288919,0.9499382753675797156200517082
2023-05-31 00:00:00+00:00,1091.408321688919,0.747799,27210.35,21439.280841338919,0.9490930535512888630005073373
2023-06-01 00:00:00+00:00,8565.997067261647,0.472745,26817.93,21244.039385111647,0.5967811529635502591408455207
2023-06-02 00:00:00+00:00,8565.997067261647,0.472745,27242.59,21444.795276811647,0.6005558944867103523990547702
2023-06-03 00:00:00+00:00,8565.997067261647,0.472745,27069.22,21362.835476161647,0.5990234031985000933376645762
2023-06-04 00:00:00+00:00,14945.703742205479,0.236757,27115.21,21365.419516175479,0.3004722546687986797788920082
2023-06-05 00:00:00+00:00,14945.703742205479,0.236757,25728.2,21037.035189605479,0.2895527526811269569179491822
2023-06-06 00:00:00+00:00,8406.341592384419,0.490598,27230.08,21765.364380224419,0.6137743689684214406839384064
2023-06-07 00:00:00+00:00,15226.873835045255,0.239794,26339.34,21542.889531005255,0.2931833116848033157050818820
2023-06-08 00:00:00+00:00,15226.873835045255,0.239794,26498.61,21581.081521385255,0.2944341635540114304135202533
2023-06-09 00:00:00+00:00,15226.873835045255,0.239794,26477.81,21576.093806185255,0.2942710588938883117768649509
2023-06-10 00:00:00+00:00,15226.873835045255,0.239794,25841.21,21423.440945785255,0.2892423829776552719204128443
2023-06-11 00:00:00+00:00,15226.873835045255,0.239794,25925.55,21443.665171745255,0.2899127218648894979272655878
2023-06-12 00:00:00+00:00,15226.873835045255,0.239794,25905.19,21438.782965905255,0.2897510152856618297622464037
2023-06-13 00:00:00+00:00,15226.873835045255,0.239794,25934.25,21445.751379545255,0.2899817979999294281071479020
2023-06-14 00:00:00+00:00,8569.677080439911,0.496156,25128.6,21037.382742039911,0.5926452836115038693669160069
2023-06-15 00:00:00+00:00,8569.677080439911,0.496156,25598.49,21270.521484879911,0.5971101561129264603705810472
2023-06-16 00:00:00+00:00,8569.677080439911,0.496156,26345.0,21640.906900439911,0.6040056398807524686016933191
2023-06-17 00:00:00+00:00,8569.677080439911,0.496156,26516.99,21726.240770879911,0.6055609817264839337876889319
2023-06-18 00:00:00+00:00,8569.677080439911,0.496156,26339.97,21638.411235759911,0.6039599678983106347657148992
2023-06-19 00:00:00+00:00,8569.677080439911,0.496156,26844.35,21888.662399039911,0.6084878589558858790757857144
2023-06-20 00:00:00+00:00,1084.720502942681,0.774622,28307.99,23012.712332722681,0.9528642913855802106689792827
2023-06-21 00:00:00+00:00,1084.720502942681,0.774622,29993.89,24318.647562522681,0.9553955251765588670405515471
2023-06-22 00:00:00+00:00,12752.123296843238,0.385123,29884.92,24261.493342003238,0.4743883603089737595629540924
2023-06-23 00:00:00+00:00,12752.123296843238,0.385123,30688.5,24570.970482343238,0.4810085622785251280210562255
2023-06-24 00:00:00+00:00,12752.123296843238,0.385123,30527.43,24508.938720733238,0.4796950026214056075483910547
2023-06-25 00:00:00+00:00,12752.123296843238,0.385123,30462.66,24483.994304023238,0.4791649132695724207331298061
2023-06-26 00:00:00+00:00,12752.123296843238,0.385123,30267.99,24409.022409613238,0.4775651772182015897076340995
2023-06-27 00:00:00+00:00,12752.123296843238,0.385123,30692.44,24572.487866963238,0.4810406107072301851970559036
2023-06-28 00:00:00+00:00,1213.666179265838,0.760573,30077.41,24089.732135195838,0.9496189425247848869671057958
2023-06-29 00:00:00+00:00,1213.666179265838,0.760573,30447.31,24371.068087895838,0.9502005338917165142512497081
2023-06-30 00:00:00+00:00,1213.666179265838,0.760573,30472.0,24389.846635265838,0.9502388761431992660680313537
2023-07-01 00:00:00+00:00,12789.624816372017,0.380190,30585.9,24418.078137372017,0.4762231186082815221881973836
2023-07-02 00:00:00+00:00,1205.866423296227,0.758427,30617.03,24426.648635106227,0.9506331612940490103044058895
2023-07-03 00:00:00+00:00,1205.866423296227,0.758427,31156.2,24835.569720696227,0.9514459931115917887851817632
2023-07-04 00:00:00+00:00,1205.866423296227,0.758427,30766.51,24540.018303066227,0.9508612255947031480750130553
2023-07-05 00:00:00+00:00,1205.866423296227,0.758427,30504.81,24341.537957166227,0.9504605491477905548799670785
2023-07-06 00:00:00+00:00,1205.866423296227,0.758427,29895.43,23879.367711906227,0.9495017440225193525024530477
2023-07-07 00:00:00+00:00,12521.948978201537,0.379412,30344.7,24035.092294601537,0.4790139008114372342150819985
2023-07-08 00:00:00+00:00,12521.948978201537,0.379412,30284.63,24012.301015761537,0.4785194067831233110383611699
2023-07-09 00:00:00+00:00,1185.897727098748,0.753243,30160.71,23904.241409628748,0.9503896523308594739968841472
2023-07-10 00:00:00+00:00,12534.956416886500,0.376467,30411.57,23983.908940076500,0.4773597394734555717476085718
2023-07-11 00:00:00+00:00,12534.956416886500,0.376467,30622.1,24063.166537586500,0.4790811758998141571285572571
2023-07-12 00:00:00+00:00,12534.956416886500,0.376467,30380.0,23972.023876886500,0.4771006202370532921856936439
2023-07-13 00:00:00+00:00,12534.956416886500,0.376467,31454.23,24376.436022296500,0.4857756726446352828148827588
2023-07-14 00:00:00+00:00,1204.114390563765,0.736232,30312.01,23520.786136883765,0.9488063713705745901011785870
2023-07-15 00:00:00+00:00,12333.924539506965,0.368579,30289.52,23498.005531586965,0.4751075991140096079878672044
2023-07-16 00:00:00+00:00,12333.924539506965,0.368579,30231.99,23476.801181716965,0.4746335139937097200669733742
2023-07-17 00:00:00+00:00,12333.924539506965,0.368579,30138.0,23442.158441506965,0.4738571292279822118313843197
2023-07-18 00:00:00+00:00,1157.621377265937,0.738935,29859.13,23221.577603815937,0.9501488918188009624376097562
2023-07-19 00:00:00+00:00,1157.621377265937,0.738935,29909.21,23258.583468615937,0.9502282080579852141928125423
2023-07-20 00:00:00+00:00,1157.621377265937,0.738935,29800.0,23177.884377265937,0.9500549162113608746192900781
2023-07-21 00:00:00+00:00,1157.621377265937,0.738935,29901.72,23253.048845465937,0.9502163615206244598228368277
2023-07-22 00:00:00+00:00,1157.621377265937,0.738935,29794.0,23173.450767265937,0.9500453605769773695501791026
2023-07-23 00:00:00+00:00,1157.621377265937,0.738935,30083.75,23387.557183515937,0.9505026810546142064025894512
2023-07-24 00:00:00+00:00,1157.621377265937,0.738935,29176.5,22717.158404765937,0.9490419815436478932861519947
2023-07-25 00:00:00+00:00,11912.522074418187,0.369840,29228.91,22722.542148818187,0.4757399063714460138417460358
2023-07-26 00:00:00+00:00,11912.522074418187,0.369840,29351.96,22768.050960818187,0.4767877981774289924451488449
2023-07-27 00:00:00+00:00,1124.412861975877,0.736906,29222.78,22658.854780655877,0.9503764478452017311757815425
2023-07-28 00:00:00+00:00,1124.412861975877,0.736906,29314.14,22726.178512815877,0.9505234520030813079072271802
2023-07-29 00:00:00+00:00,1124.412861975877,0.736906,29352.9,22754.740989375877,0.9505855565439807851360165678
2023-07-30 00:00:00+00:00,1124.412861975877,0.736906,29281.09,22701.823769515877,0.9504703730681874008936018663
2023-07-31 00:00:00+00:00,1124.412861975877,0.736906,29232.25,22665.833280475877,0.9503917262576692894691440663
2023-08-01 00:00:00+00:00,11885.562354919387,0.368301,29705.99,22826.308177909387,0.4793042193997066954535386902
2023-08-02 00:00:00+00:00,11885.562354919387,0.368301,29186.01,22634.799023929387,0.4748987016693174603387181157
2023-08-03 00:00:00+00:00,1117.767207174987,0.736759,29193.64,22626.444219934987,0.9505990779501190796409976561
2023-08-04 00:00:00+00:00,1117.767207174987,0.736759,29113.99,22567.761365584987,0.9504706209416259946732745432
2023-08-05 00:00:00+00:00,1117.767207174987,0.736759,29072.13,22536.920633844987,0.9504028422811068588595412639
2023-08-06 00:00:00+00:00,1117.767207174987,0.736759,29088.42,22548.922437954987,0.9504292406765509346779976532
2023-08-07 00:00:00+00:00,1117.767207174987,0.736759,29211.06,22639.278561714987,0.9506270836268948187601594022
2023-08-08 00:00:00+00:00,1117.767207174987,0.736759,29770.42,23051.392075954987,0.9515097741823178171456680173
2023-08-09 00:00:00+00:00,1117.767207174987,0.736759,29581.99,22912.564577584987,0.9512159713335415260869121846
2023-08-10 00:00:00+00:00,12014.929050093450,0.367908,29455.75,22851.935121093450,0.4742270627662037760160722214
2023-08-11 00:00:00+00:00,12014.929050093450,0.367908,29426.03,22841.000895333450,0.4739753697681361135882401537
2023-08-12 00:00:00+00:00,1127.938799934102,0.737406,29430.17,22829.922738954102,0.9505938406874444024854074791
2023-08-13 00:00:00+00:00,1127.938799934102,0.737406,29303.84,22736.766238974102,0.9503914150289036288168005625
2023-08-14 00:00:00+00:00,11922.758858614827,0.368551,29430.93,22769.557541044827,0.4763728352155003184001393840
2023-08-15 00:00:00+00:00,1124.485036115331,0.734977,29200.0,22585.813436115331,0.9502127723096636939189828424
2023-08-16 00:00:00+00:00,1124.485036115331,0.734977,28730.51,22240.749084385331,0.9494403254202978449449005623
2023-08-17 00:00:00+00:00,1124.485036115331,0.734977,26623.41,20692.079047685331,0.9456562565064664790941616985
2023-08-18 00:00:00+00:00,10850.694506523498,0.369176,26054.0,20469.206010523498,0.4699015437655467458770191844
2023-08-19 00:00:00+00:00,10850.694506523498,0.369176,26100.01,20486.191798283498,0.4703410661500953720802697457
2023-08-20 00:00:00+00:00,10850.694506523498,0.369176,26189.99,20519.410254763498,0.4711985202399005006118182390
2023-08-21 00:00:00+00:00,10850.694506523498,0.369176,26126.92,20496.126324443498,0.4705977932238319483096105931
2023-08-22 00:00:00+00:00,10850.694506523498,0.369176,26056.0,20469.944362523498,0.4699206644455264236542870096
2023-08-23 00:00:00+00:00,10850.694506523498,0.369176,26432.72,20609.020345243498,0.4734978021879721829234204266
2023-08-24 00:00:00+00:00,10850.694506523498,0.369176,26180.05,20515.740645323498,0.4711039345783072419695129541
2023-08-25 00:00:00+00:00,10850.694506523498,0.369176,26060.01,20471.424758283498,0.4699589972538230679897329141
2023-08-26 00:00:00+00:00,10850.694506523498,0.369176,26017.37,20455.683093643498,0.4695511043630071945133753054
2023-08-27 00:00:00+00:00,10850.694506523498,0.369176,26101.77,20486.841548043498,0.4703578645308679171519424448
2023-08-28 00:00:00+00:00,10850.694506523498,0.369176,26120.0,20493.571626523498,0.4705317987382858523903501853
2023-08-29 00:00:00+00:00,10850.694506523498,0.369176,27716.34,21082.902042363498,0.4853320247506551868494986361
2023-08-30 00:00:00+00:00,10850.694506523498,0.369176,27299.99,20929.195614763498,0.4815522437532479467320479075
2023-08-31 00:00:00+00:00,10850.694506523498,0.369176,25940.78,20427.407903803498,0.4688168681204459612194663243
2023-09-01 00:00:00+00:00,10850.694506523498,0.369176,25805.05,20377.299645323498,0.4675106763219391835777858444
2023-09-02 00:00:00+00:00,10850.694506523498,0.369176,25869.51,20401.096730283498,0.4681318043839933094479644999
2023-09-03 00:00:00+00:00,10850.694506523498,0.369176,25971.21,20438.641929483498,0.4691088310094141195923394902
2023-09-04 00:00:00+00:00,10850.694506523498,0.369176,25826.02,20385.041266043498,0.4677128996251724057850187455
2023-09-05 00:00:00+00:00,10850.694506523498,0.369176,25792.1,20372.518816123498,0.4673857167855016204564944711
2023-09-06 00:00:00+00:00,10850.694506523498,0.369176,25759.95,20360.649807723498,0.4670752353685954243847916866
2023-09-07 00:00:00+00:00,10850.694506523498,0.369176,26255.0,20543.410386523498,0.4718163000997357922580707244
2023-09-08 00:00:00+00:00,10850.694506523498,0.369176,25910.5,20416.229254523498,0.4685260254843887717793636335
2023-09-09 00:00:00+00:00,10850.694506523498,0.369176,25901.61,20412.947279883498,0.4684405755940684653518519333
2023-09-10 00:00:00+00:00,10850.694506523498,0.369176,25841.61,20390.796719883498,0.4678631416131594387119276966
2023-09-11 00:00:00+00:00,10850.694506523498,0.369176,25162.52,20140.092990043498,0.4612391059024567602739482156
2023-09-12 00:00:00+00:00,10850.694506523498,0.369176,25840.1,20390.239264123498,0.4678485933406760456550380374
2023-09-13 00:00:00+00:00,10850.694506523498,0.369176,26222.0,20531.227578523498,0.4715028867599827635492455084
2023-09-14 00:00:00+00:00,10850.694506523498,0.369176,26522.73,20642.249877003498,0.4743453561904743693818451552
2023-09-15 00:00:00+00:00,10850.694506523498,0.369176,26600.0,20670.776106523498,0.4750707738013221843783902402
2023-09-16 00:00:00+00:00,10850.694506523498,0.369176,26559.67,20655.887238443498,0.4746924021579263652750079935
2023-09-17 00:00:00+00:00,10850.694506523498,0.369176,26527.51,20644.014538283498,0.4743902894274115290650599757
2023-09-18 00:00:00+00:00,10850.694506523498,0.369176,26762.51,20730.770898283498,0.4765899174824254869623984081
2023-09-19 00:00:00+00:00,10850.694506523498,0.369176,27210.26,20896.069452283498,0.4807303578646104274541869796
2023-09-20 00:00:00+00:00,8355.213374940098,0.460768,27125.0,20853.545374940098,0.5993384710026029122201479814
2023-09-21 00:00:00+00:00,8341.415956503494,0.461276,26568.08,20596.633626583494,0.5950107135110922334144042199
2023-09-22 00:00:00+00:00,14409.769564346174,0.232571,26580.14,20591.539304286174,0.3002092096462769585687835636
2023-09-23 00:00:00+00:00,14409.769564346174,0.232571,26575.96,20590.567157506174,0.3001761702764377442246135601
2023-09-24 00:00:00+00:00,8228.225887722157,0.464868,26248.38,20430.257801562157,0.5972529584480817031192636263
2023-09-25 00:00:00+00:00,8228.225887722157,0.464868,26304.81,20456.490302802157,0.5977694234970969690515115024
2023-09-26 00:00:00+00:00,8228.225887722157,0.464868,26221.67,20417.841177282157,0.5970080374179193275241271183
2023-09-27 00:00:00+00:00,8228.225887722157,0.464868,26372.99,20488.185003042157,0.5983916639516676860721331093
2023-09-28 00:00:00+00:00,8228.225887722157,0.464868,27021.39,20789.605414242157,0.6042144271730469336631276033
2023-09-29 00:00:00+00:00,8315.742336014056,0.461625,26906.96,20736.667746014056,0.5989836728896577598419830018
2023-09-30 00:00:00+00:00,8294.646797739472,0.462408,26962.56,20762.350242219472,0.6004957675324918542479574913
2023-10-01 00:00:00+00:00,8304.933109867210,0.462026,27992.57,21238.228256687210,0.6089629977843249025062476513
2023-10-02 00:00:00+00:00,8495.063155649656,0.455225,27494.51,21011.251470399656,0.5956898061204313878427505619
2023-10-03 00:00:00+00:00,8495.063155649656,0.455225,27426.46,20980.273409149656,0.5950928288691941129699484693
2023-10-04 00:00:00+00:00,8495.063155649656,0.455225,27778.57,21140.562683899656,0.5981628643158409347122233269
2023-10-05 00:00:00+00:00,8495.063155649656,0.455225,27410.39,20972.957943399656,0.5949515953555271011591038435
2023-10-06 00:00:00+00:00,8495.063155649656,0.455225,27931.09,21209.993600899656,0.5994782782353444826176610880
2023-10-07 00:00:00+00:00,8495.063155649656,0.455225,27956.67,21221.638256399656,0.5996980509698462497315690333
2023-10-08 00:00:00+00:00,8495.063155649656,0.455225,27917.05,21203.602241899656,0.5993575497816651570243736611
2023-10-09 00:00:00+00:00,8495.063155649656,0.455225,27590.12,21054.775532649656,0.5965255890533548895931280392
2023-10-10 00:00:00+00:00,8495.063155649656,0.455225,27390.12,20963.730532649656,0.5947733089576235519986231673
2023-10-11 00:00:00+00:00,8495.063155649656,0.455225,26875.52,20729.471747649656,0.5901939393794325117935922765
2023-10-12 00:00:00+00:00,8495.063155649656,0.455225,26759.63,20676.715722399656,0.5891483314031966906424310331
2023-10-13 00:00:00+00:00,15498.441752008111,0.193170,26862.0,20687.374292008111,0.2508260578049566209223950168
2023-10-14 00:00:00+00:00,15498.441752008111,0.193170,26852.48,20685.535313608111,0.2507594549988579460197018057
2023-10-15 00:00:00+00:00,8264.847035940719,0.462203,27154.15,20815.576628390719,0.6029489269748043608317248974
2023-10-16 00:00:00+00:00,8326.162732317017,0.459942,28500.78,21434.868487077017,0.6115598872306204270002041234
2023-10-17 00:00:00+00:00,8573.626305294323,0.451248,28395.91,21387.223900974323,0.5991239281455439280718171751
2023-10-18 00:00:00+00:00,8573.626305294323,0.451248,28320.0,21352.969665294323,0.5984808464731106206919015291
2023-10-19 00:00:00+00:00,8573.626305294323,0.451248,28713.71,21530.630515374323,0.6017939976642962081601774053
2023-10-20 00:00:00+00:00,8612.224715704565,0.449902,29669.04,21960.385149784565,0.6078290677980639904770101865
2023-10-21 00:00:00+00:00,8783.933348666390,0.444107,29909.8,22067.084897266390,0.6019440995691044089844009937
2023-10-22 00:00:00+00:00,16540.245595315250,0.184446,29992.46,22072.234872475250,0.2506311349585428402608270557
2023-10-23 00:00:00+00:00,16540.245595315250,0.184446,33069.99,22639.872970855250,0.2694196819651845783743934094
2023-10-24 00:00:00+00:00,16540.245595315250,0.184446,33922.73,22797.157452895250,0.2744601764719298007949515322
2023-10-25 00:00:00+00:00,16540.245595315250,0.184446,34496.05,22902.904033615250,0.2778101165232733578475915219
2023-10-26 00:00:00+00:00,16540.245595315250,0.184446,34151.66,22839.382675675250,0.2758015472576149655154501891
2023-10-27 00:00:00+00:00,16540.245595315250,0.184446,33892.02,22791.493116235250,0.2742798591140568108422220553
2023-10-28 00:00:00+00:00,16540.245595315250,0.184446,34081.0,22826.349721315250,0.2753880582198403230469017372
2023-10-29 00:00:00+00:00,16540.245595315250,0.184446,34525.89,22908.407902255250,0.2779836265405889436011106117
2023-10-30 00:00:00+00:00,16540.245595315250,0.184446,34474.73,22898.971644895250,0.2776860964844907391738355247
2023-10-31 00:00:00+00:00,1124.950512152396,0.631013,34639.77,22983.095699162396,0.9510531337084675633581749070
2023-11-01 00:00:00+00:00,1124.950512152396,0.631013,35421.43,23476.333320742396,0.9520815070742562832837687973
2023-11-02 00:00:00+00:00,1124.950512152396,0.631013,34941.59,23173.548042822396,0.9514554046677012896333115225
2023-11-03 00:00:00+00:00,1124.950512152396,0.631013,34716.78,23031.690010292396,0.9511564061669083601678095295
2023-11-04 00:00:00+00:00,1124.950512152396,0.631013,35062.07,23249.572489062396,0.9516141420371655713842596591
2023-11-05 00:00:00+00:00,1124.950512152396,0.631013,35011.88,23217.901946592396,0.9515481409672547631442030963
2023-11-06 00:00:00+00:00,1124.950512152396,0.631013,35046.09,23239.488901322396,0.9515931474685580123993247011
2023-11-07 00:00:00+00:00,1124.950512152396,0.631013,35399.12,23462.255420712396,0.9520527548617813753920630703
2023-11-08 00:00:00+00:00,1124.950512152396,0.631013,35624.72,23604.611953512396,0.9523419188433215507117198238
2023-11-09 00:00:00+00:00,1124.950512152396,0.631013,36701.09,24283.815416322396,0.9536748862208753593081558724
2023-11-10 00:00:00+00:00,1124.950512152396,0.631013,37301.63,24662.763963342396,0.9543866813215067470441671102
2023-11-11 00:00:00+00:00,1124.950512152396,0.631013,37130.0,24554.463202152396,0.9541854976469701423408291839
2023-11-12 00:00:00+00:00,1124.950512152396,0.631013,37064.13,24512.898375842396,0.9541078131641486640243852364
2023-11-13 00:00:00+00:00,12854.008441384211,0.314148,36462.93,24308.764975024211,0.4712191896794868457606069699
2023-11-14 00:00:00+00:00,12854.008441384211,0.314148,35551.19,24022.343677504211,0.4649144723784223382696550576
2023-11-15 00:00:00+00:00,12854.008441384211,0.314148,37858.2,24747.086254984211,0.4805849743706559831587065476
2023-11-16 00:00:00+00:00,12854.008441384211,0.314148,36163.51,24214.702780864211,0.4691651366647310270259627830
2023-11-17 00:00:00+00:00,1195.632386478168,0.636109,36613.92,24486.076423758168,0.9511709280904604746602408235
2023-11-18 00:00:00+00:00,1195.632386478168,0.636109,36568.1,24456.929909378168,0.9511127361075809017976307905
2023-11-19 00:00:00+00:00,1195.632386478168,0.636109,37359.86,24960.575571218168,0.9520991660201601378027659626
2023-11-20 00:00:00+00:00,1195.632386478168,0.636109,37448.78,25017.138383498168,0.9522074680105366354073193994
2023-11-21 00:00:00+00:00,1195.632386478168,0.636109,35741.65,23931.217626328168,0.9500387984787376178942792935
2023-11-22 00:00:00+00:00,1195.632386478168,0.636109,37408.34,24991.414135538168,0.9521582740378840465314701176
2023-11-23 00:00:00+00:00,1195.632386478168,0.636109,37294.28,24918.859542998168,0.9520189764537549606254411432
2023-11-24 00:00:00+00:00,1195.632386478168,0.636109,37713.57,25185.573685608168,0.9525270934304192524349325253
2023-11-25 00:00:00+00:00,1195.632386478168,0.636109,37780.67,25228.256599508168,0.9526074113856334729192749245
2023-11-26 00:00:00+00:00,1195.632386478168,0.636109,37447.43,25016.279636348168,0.9522058274108458003759908338
2023-11-27 00:00:00+00:00,1195.632386478168,0.636109,37242.7,24886.049040778168,0.9519557168548928698778479031
2023-11-28 00:00:00+00:00,13049.748407717088,0.317401,37818.87,25053.495564587088,0.4791246445401095595670162811
2023-11-29 00:00:00+00:00,13049.748407717088,0.317401,37854.64,25064.848998357088,0.4793605814831578379604703707
2023-11-30 00:00:00+00:00,1237.919805707918,0.629027,37723.96,24967.309192627918,0.9504183732352928997970347782
2023-12-01 00:00:00+00:00,1237.919805707918,0.629027,38682.52,25570.269313747918,0.9515875335328460001462785878
2023-12-02 00:00:00+00:00,1237.919805707918,0.629027,39450.35,26053.255115157918,0.9524850234553727652340602524
2023-12-03 00:00:00+00:00,1237.919805707918,0.629027,39972.26,26381.550596727918,0.9530763060658968175170382817
2023-12-04 00:00:00+00:00,1237.919805707918,0.629027,41991.1,27651.455465407918,0.9552312966940723733044606079
2023-12-05 00:00:00+00:00,13809.395625093098,0.329253,44073.32,28320.668455053098,0.5123916073164168197397413055
2023-12-06 00:00:00+00:00,13809.395625093098,0.329253,43762.69,28218.392595663098,0.5106243001518281926723588073
2023-12-07 00:00:00+00:00,13809.395625093098,0.329253,43273.14,28057.206789513098,0.5078128864112511718070211728
2023-12-08 00:00:00+00:00,13809.395625093098,0.329253,44170.99,28352.826595563098,0.5129446590254914895687868116
2023-12-09 00:00:00+00:00,13809.395625093098,0.329253,43713.6,28202.229565893098,0.5103438331771558623321612712
2023-12-10 00:00:00+00:00,13809.395625093098,0.329253,43789.51,28227.223161123098,0.5107773957690405324434535032
2023-12-11 00:00:00+00:00,21160.884988231748,0.161152,41253.4,27808.952905031748,0.2390621444648892023803270452
2023-12-12 00:00:00+00:00,13895.059366045914,0.337050,41492.39,27880.069415545914,0.5016131717987030824948425906
2023-12-13 00:00:00+00:00,13895.059366045914,0.337050,42869.03,28344.065927545914,0.5097718371963659883025780495
2023-12-14 00:00:00+00:00,13895.059366045914,0.337050,43022.26,28395.712099045914,0.5106634650478519558843408925
2023-12-15 00:00:00+00:00,13895.059366045914,0.337050,41940.3,28031.037481045914,0.5042973569764763603097043022
2023-12-16 00:00:00+00:00,13895.059366045914,0.337050,42278.03,28144.869377545914,0.5063022258283619436777866279
2023-12-17 00:00:00+00:00,21099.284289117516,0.166427,41374.65,27985.143164667516,0.2460540878791609014573506447
2023-12-18 00:00:00+00:00,21099.284289117516,0.166427,42657.8,28198.693969717516,0.2517637763019816636772021746
2023-12-19 00:00:00+00:00,21099.284289117516,0.166427,42275.99,28135.150476847516,0.2500738779954218286163763709
2023-12-20 00:00:00+00:00,21099.284289117516,0.166427,43668.93,28366.973302227516,0.2562024836304726549192114223
2023-12-21 00:00:00+00:00,21099.284289117516,0.166427,43861.8,28399.072077717516,0.2570431797427480223879183336
2023-12-22 00:00:00+00:00,21099.284289117516,0.166427,43969.04,28416.919709197516,0.2575098038409683600934351816
2023-12-23 00:00:00+00:00,21099.284289117516,0.166427,43702.16,28372.503671437516,0.2563474646631879849885391754
2023-12-24 00:00:00+00:00,21099.284289117516,0.166427,42991.5,28254.230659617516,0.2532345140342553623743184281
2023-12-25 00:00:00+00:00,21099.284289117516,0.166427,43576.13,28351.528876627516,0.2557973017634551039224387719
2023-12-26 00:00:00+00:00,1392.020596912644,0.618089,42508.93,27666.322631682644,0.9496853768589200320021208168
2023-12-27 00:00:00+00:00,1392.020596912644,0.618089,43428.85,28234.915064562644,0.9506986086648528666537791616
2023-12-28 00:00:00+00:00,14805.890257325748,0.308817,42563.76,27950.302929245748,0.4702780039699093209452493059
2023-12-29 00:00:00+00:00,14805.890257325748,0.308817,42066.95,27796.879555475748,0.4673542320541114838387736637
2023-12-30 00:00:00+00:00,14805.890257325748,0.308817,42140.28,27819.525106085748,0.4677878144624820084980738597
2023-12-31 00:00:00+00:00,14805.890257325748,0.308817,42283.58,27863.778582185748,0.4686330781141200909865333218
2024-01-01 00:00:00+00:00,14805.890257325748,0.308817,44179.55,28449.286349675748,0.4795690100853971407496557534
2024-01-02 00:00:00+00:00,14805.890257325748,0.308817,44946.91,28686.260162795748,0.4838682291347254645456387561
2024-01-03 00:00:00+00:00,14805.890257325748,0.308817,42845.23,28037.225650235748,0.4719202804860525041897636578
2024-01-04 00:00:00+00:00,14805.890257325748,0.308817,44151.1,28440.500506025748,0.4794082384665208956458708821
2024-01-05 00:00:00+00:00,14805.890257325748,0.308817,44145.11,28438.650692195748,0.4793743761764041229292026231
2024-01-06 00:00:00+00:00,14805.890257325748,0.308817,43968.32,28384.054934765748,0.4783729706219320289345447894
2024-01-07 00:00:00+00:00,14805.890257325748,0.308817,43929.02,28371.918426665748,0.4781498369384065668946573231
2024-01-08 00:00:00+00:00,14805.890257325748,0.308817,46951.04,29305.169577005748,0.4947686544375718310751030409
2024-01-09 00:00:00+00:00,14805.890257325748,0.308817,46110.0,29045.442127325748,0.4902508217151058475030094246
2024-01-10 00:00:00+00:00,14805.890257325748,0.308817,46653.99,29213.435487155748,0.4931821605221527591868125754
2024-01-11 00:00:00+00:00,14805.890257325748,0.308817,46339.16,29116.210631045748,0.4914897942955987446294609459
2024-01-12 00:00:00+00:00,14805.890257325748,0.308817,42782.73,28017.924587735748,0.4715564955226300984951043530
2024-01-13 00:00:00+00:00,14805.890257325748,0.308817,42847.99,28038.077985155748,0.4719363336829129965736327795
2024-01-14 00:00:00+00:00,14805.890257325748,0.308817,41732.35,27693.549387275748,0.4653668242277187027500778993
2024-01-15 00:00:00+00:00,14805.890257325748,0.308817,42511.1,27934.040626025748,0.4699696168003954710904351291
2024-01-16 00:00:00+00:00,14805.890257325748,0.308817,43137.95,28127.622562475748,0.4736174298258019072104482399
2024-01-17 00:00:00+00:00,14805.890257325748,0.308817,42776.1,28015.877131025748,0.4715178758073151744268232402
2024-01-18 00:00:00+00:00,14805.890257325748,0.308817,41327.5,27568.524824825748,0.4629422375188937448259762761
2024-01-19 00:00:00+00:00,14805.890257325748,0.308817,41659.03,27670.906924835748,0.4649293462789660832551484121
2024-01-20 00:00:00+00:00,14805.890257325748,0.308817,41696.04,27682.336242005748,0.4651502630453933750136844783
2024-01-21 00:00:00+00:00,14805.890257325748,0.308817,41580.33,27646.603026935748,0.4644589701345749502792644381
2024-01-22 00:00:00+00:00,14805.890257325748,0.308817,39568.02,27025.167489665748,0.4521443664322366854189183039
2024-01-23 00:00:00+00:00,14805.890257325748,0.308817,39897.6,27126.947396525748,0.4541999126955952646217206599
2024-01-24 00:00:00+00:00,14805.890257325748,0.308817,40084.88,27184.782644285748,0.4553610948058121791426683287
2024-01-25 00:00:00+00:00,14805.890257325748,0.308817,39961.09,27146.554187855748,0.4545941206803589664894077326
2024-01-26 00:00:00+00:00,14805.890257325748,0.308817,41823.51,27721.701144995748,0.4659097513574317500010251193
2024-01-27 00:00:00+00:00,14805.890257325748,0.308817,42120.63,27813.456852035748,0.4676716980528056251315052575
2024-01-28 00:00:00+00:00,1373.240432408343,0.627312,42031.06,27739.828743128343,0.9504957133973467850783639685
2024-01-29 00:00:00+00:00,1373.240432408343,0.627312,43302.7,28537.543774808343,0.9518795155166585240675772287
2024-01-30 00:00:00+00:00,1373.240432408343,0.627312,42941.1,28310.707755608343,0.9514939561291503046793583884
2024-01-31 00:00:00+00:00,14845.607181597273,0.313163,42580.0,28180.087721597273,0.4731880422707282302298705232
2024-02-01 00:00:00+00:00,14845.607181597273,0.313163,43082.94,28337.589920817273,0.4761160979786979417287246705
2024-02-02 00:00:00+00:00,14845.607181597273,0.313163,43200.0,28374.248781597273,0.4767929436346625105097084339
2024-02-03 00:00:00+00:00,14845.607181597273,0.313163,43011.09,28315.089159267273,0.4756997903805490994366400434
2024-02-04 00:00:00+00:00,14845.607181597273,0.313163,42582.88,28180.989631037273,0.4732049024549872534485513739
2024-02-05 00:00:00+00:00,14845.607181597273,0.313163,42708.7,28220.391799697273,0.4739404297796983302154550078
2024-02-06 00:00:00+00:00,14845.607181597273,0.313163,43098.95,28342.603660447273,0.4762087718033243200638685331
2024-02-07 00:00:00+00:00,1399.677903573969,0.624736,44349.6,29106.469609173969,0.9519117941004837876383255648
2024-02-08 00:00:00+00:00,1399.677903573969,0.624736,45288.65,29693.127949973969,0.9528618909421701376490756553
2024-02-09 00:00:00+00:00,1399.677903573969,0.624736,47132.77,30845.216102293969,0.9546225288572423232949851398
2024-02-10 00:00:00+00:00,1399.677903573969,0.624736,47751.09,31231.502865813969,0.9551837799933074086405360552
2024-02-11 00:00:00+00:00,1399.677903573969,0.624736,48299.99,31574.420456213969,0.9556705116562636089921909961
2024-02-12 00:00:00+00:00,1399.677903573969,0.624736,49917.27,32584.793494293969,0.9570450583392811364994762567
2024-02-13 00:00:00+00:00,1399.677903573969,0.624736,49699.59,32448.800961813969,0.9568650346981658236863739830
2024-02-14 00:00:00+00:00,1399.677903573969,0.624736,51795.17,33757.985228693969,0.9585378720296300152017315673
2024-02-15 00:00:00+00:00,1399.677903573969,0.624736,51880.0,33810.981583573969,0.9586028610227051293845797769
2024-02-16 00:00:00+00:00,1399.677903573969,0.624736,52124.11,33963.485888533969,0.9587887442364536987608285945
2024-02-17 00:00:00+00:00,1399.677903573969,0.624736,51642.64,33662.694246613969,0.9584205027286323504326969825
2024-02-18 00:00:00+00:00,1399.677903573969,0.624736,52137.67,33971.957308693969,0.9587990208849176622271385369
2024-02-19 00:00:00+00:00,1399.677903573969,0.624736,51774.73,33745.215624853969,0.9585221822514276482059479574
2024-02-20 00:00:00+00:00,1399.677903573969,0.624736,52258.82,34047.644075093969,0.9588906092742598669313981624
2024-02-21 00:00:00+00:00,1399.677903573969,0.624736,51849.39,33791.858414613969,0.9585794339452887228092197175
2024-02-22 00:00:00+00:00,1399.677903573969,0.624736,51288.42,33441.400260693969,0.9581453559760441928773068843
2024-02-23 00:00:00+00:00,1399.677903573969,0.624736,50744.15,33101.375197973969,0.9577154152900681032900274176
2024-02-24 00:00:00+00:00,1399.677903573969,0.624736,51568.22,33616.201393493969,0.9583629962472541398695189605
2024-02-25 00:00:00+00:00,1399.677903573969,0.624736,51728.85,33716.552737173969,0.9584869214096504265874197376
2024-02-26 00:00:00+00:00,1399.677903573969,0.624736,54476.47,35433.089865493969,0.9604980003469292068544422926
2024-02-27 00:00:00+00:00,1399.677903573969,0.624736,57037.34,37032.957545813969,0.9622045335741168208662770930
2024-02-28 00:00:00+00:00,1399.677903573969,0.624736,62432.1,40403.258329173969,0.9653573013302418735141434081
2024-02-29 00:00:00+00:00,21186.003121553835,0.307398,61130.98,39977.544111593835,0.4700524108630847563020057489
2024-03-01 00:00:00+00:00,21186.003121553835,0.307398,62387.9,40363.918805753835,0.4751252170655493414743873904
2024-03-02 00:00:00+00:00,21186.003121553835,0.307398,61987.28,40240.769018993835,0.4735189302283477626848097827
2024-03-03 00:00:00+00:00,21186.003121553835,0.307398,63113.97,40587.111271613835,0.4780115544618450058765433386
2024-03-04 00:00:00+00:00,21186.003121553835,0.307398,68245.71,42164.597884133835,0.4975404916756969603428314554
2024-03-05 00:00:00+00:00,21186.003121553835,0.307398,63724.01,40774.636347533835,0.4804122116263772829916498993
2024-03-06 00:00:00+00:00,21186.003121553835,0.307398,66074.04,41497.030869473835,0.4894573737530040143583108686
2024-03-07 00:00:00+00:00,21186.003121553835,0.307398,66823.17,41727.311933213835,0.4922749120417139139223344254
2024-03-08 00:00:00+00:00,21186.003121553835,0.307398,68124.19,42127.242879173835,0.4970949515419766879992094363
2024-03-09 00:00:00+00:00,21186.003121553835,0.307398,68313.27,42185.365693013835,0.4977878519360003573139693782
2024-03-10 00:00:00+00:00,21186.003121553835,0.307398,68955.88,42382.902721793835,0.5001285480463394722865101259
2024-03-11 00:00:00+00:00,31773.429586427919,0.153659,72078.1,42848.878354327919,0.2584769822050973840170987144
2024-03-12 00:00:00+00:00,31773.429586427919,0.153659,71452.01,42752.673991017919,0.2568083672823990741820794264
2024-03-13 00:00:00+00:00,2099.114281013919,0.568424,73072.41,43635.225862853919,0.9518940434131941377217443467
2024-03-14 00:00:00+00:00,2099.114281013919,0.568424,71388.94,42678.301111573919,0.9508154208030398692621506810
2024-03-15 00:00:00+00:00,2099.114281013919,0.568424,69499.85,41604.497017413919,0.9495459762406136837315934573
2024-03-16 00:00:00+00:00,2099.114281013919,0.568424,65300.63,39217.559588133919,0.9464751426896779856654384186
2024-03-17 00:00:00+00:00,20565.214520929791,0.285270,68393.48,40075.822560529791,0.4868423601320106079235844877
2024-03-18 00:00:00+00:00,20565.214520929791,0.285270,67609.99,39852.316368229791,0.4839643866391578109643546652
2024-03-19 00:00:00+00:00,20565.214520929791,0.285270,61937.4,38234.096618929791,0.4621236974447591627213568060
2024-03-20 00:00:00+00:00,20565.214520929791,0.285270,67840.51,39918.076808629791,0.4848144959607911828579884865
2024-03-21 00:00:00+00:00,20565.214520929791,0.285270,65501.27,39250.761813829791,0.4760556592895542151657870936
2024-03-22 00:00:00+00:00,20565.214520929791,0.285270,63796.64,38764.482013729791,0.4694830563285766531993750161
2024-03-23 00:00:00+00:00,20565.214520929791,0.285270,63990.01,38819.644673629791,0.4702369201514161685232826464
2024-03-24 00:00:00+00:00,20565.214520929791,0.285270,67209.99,39738.208368229791,0.4824825938209275897942338563
2024-03-25 00:00:00+00:00,20565.214520929791,0.285270,69880.01,40499.884973629791,0.4922154832212443360167616866
2024-03-26 00:00:00+00:00,20565.214520929791,0.285270,69988.0,40530.691280929791,0.4926014368127496595085075658
2024-03-27 00:00:00+00:00,20565.214520929791,0.285270,69469.99,40382.918568229791,0.4907447195481077067493028450
2024-03-28 00:00:00+00:00,20565.214520929791,0.285270,70780.6,40756.796282929791,0.4954163134371986939607049065
2024-03-29 00:00:00+00:00,20565.214520929791,0.285270,69850.54,40491.478066729791,0.4921100561693894898778053679
2024-03-30 00:00:00+00:00,20565.214520929791,0.285270,69582.18,40414.923009529791,0.4911479970880919960600166104
2024-03-31 00:00:00+00:00,20565.214520929791,0.285270,71280.01,40899.262973629791,0.4971739580199912448873319626
2024-04-01 00:00:00+00:00,20565.214520929791,0.285270,69649.8,40434.212966929791,0.4913907552064978975934742104
2024-04-02 00:00:00+00:00,20565.214520929791,0.285270,65463.99,39240.126948229791,0.4759136598089539729130960063
2024-04-03 00:00:00+00:00,20565.214520929791,0.285270,65963.28,39382.559406529791,0.4778090903477442987651308515
2024-04-04 00:00:00+00:00,20565.214520929791,0.285270,68487.79,40102.726374229791,0.4871866234474995971407660988
2024-04-05 00:00:00+00:00,20565.214520929791,0.285270,67820.62,39912.402788329791,0.4847412562457159750680322555
2024-04-06 00:00:00+00:00,20565.214520929791,0.285270,68896.0,40219.176440929791,0.4886714164539376558905957760
2024-04-07 00:00:00+00:00,20565.214520929791,0.285270,69360.39,40351.652976229791,0.4903501342796471107393116279
2024-04-08 00:00:00+00:00,20565.214520929791,0.285270,71620.0,40996.251920929791,0.4983635440480195503202978623
2024-04-09 00:00:00+00:00,20565.214520929791,0.285270,69146.0,40290.493940929791,0.4895765102537433962010807176
2024-04-10 00:00:00+00:00,20565.214520929791,0.285270,70631.08,40714.142712529791,0.4948876937889978125058705782
2024-04-11 00:00:00+00:00,20565.214520929791,0.285270,70006.23,40535.891753029791,0.4926665325083744672720791844
2024-04-12 00:00:00+00:00,20565.214520929791,0.285270,67116.52,39711.544181329791,0.4821351084454067449966704901
2024-04-13 00:00:00+00:00,20565.214520929791,0.285270,63924.51,38800.959488629791,0.4699818047809820617079576413
2024-04-14 00:00:00+00:00,20565.214520929791,0.285270,65661.84,39296.567617729791,0.4766663918084490538688189714
2024-04-15 00:00:00+00:00,20565.214520929791,0.285270,63419.99,38657.035068229791,0.4680084883739241421909679811
2024-04-16 00:00:00+00:00,20565.214520929791,0.285270,63793.39,38763.554886229791,0.4694703676871675430975280259
2024-04-17 00:00:00+00:00,20565.214520929791,0.285270,61277.37,38045.809860829791,0.4594617752610180014720912715
2024-04-18 00:00:00+00:00,20565.214520929791,0.285270,63470.08,38671.324242529791,0.4682050608881745149881281672
2024-04-19 00:00:00+00:00,20565.214520929791,0.285270,63818.01,38770.578233629791,0.4695664739121321028358572433
2024-04-20 00:00:00+00:00,20565.214520929791,0.285270,64940.59,39090.816630229791,0.4739118725643030731663580555
2024-04-21 00:00:00+00:00,20565.214520929791,0.285270,64941.15,39090.976381429791,0.4739140225031749896611603368
2024-04-22 00:00:00+00:00,20565.214520929791,0.285270,66819.32,39626.761937329791,0.4810271262271207154226488832
2024-04-23 00:00:00+00:00,20565.214520929791,0.285270,66414.0,39511.136300929791,0.4795084007633097963964625695
2024-04-24 00:00:00+00:00,20565.214520929791,0.285270,64289.59,38905.105860229791,0.4714006281126123731427722348
2024-04-25 00:00:00+00:00,20565.214520929791,0.285270,64498.34,38964.655972729791,0.4722084923495083410449201324
2024-04-26 00:00:00+00:00,20565.214520929791,0.285270,63770.01,38756.885273629791,0.4693790696611428722624905237
2024-04-27 00:00:00+00:00,20565.214520929791,0.285270,63461.98,38669.013555529791,0.4681732832052318953476706290
2024-04-28 00:00:00+00:00,20565.214520929791,0.285270,63118.62,38571.063248329791,0.4668227217765300133725418217
2024-04-29 00:00:00+00:00,20565.214520929791,0.285270,63866.0,38784.268340929791,0.4697537068340948682485580208
2024-04-30 00:00:00+00:00,20565.214520929791,0.285270,60672.0,37873.115960929791,0.4569970281255698475204652341
2024-05-01 00:00:00+00:00,20565.214520929791,0.285270,58364.97,37214.989512829791,0.4473943217466183715409655385
2024-05-02 00:00:00+00:00,20565.214520929791,0.285270,59060.61,37413.434735629791,0.4503254067356451471700611106
2024-05-03 00:00:00+00:00,20565.214520929791,0.285270,62882.01,38503.565513629791,0.4658880483769754588370247240
2024-05-04 00:00:00+00:00,20565.214520929791,0.285270,63892.04,38791.696771729791,0.4698552465506717927258603617
2024-05-05 00:00:00+00:00,1915.388314637428,0.576787,64012.0,38836.677758637428,0.9506809432428488763245925771
2024-05-06 00:00:00+00:00,1915.388314637428,0.576787,63165.19,38348.248759167428,0.9500527826794296445828359151
2024-05-07 00:00:00+00:00,15321.864428033014,0.364266,62312.08,38020.036561313014,0.5970055314564411712685699835
2024-05-08 00:00:00+00:00,15321.864428033014,0.364266,61193.03,37612.404694013014,0.5926379992802777484939438865
2024-05-09 00:00:00+00:00,15321.864428033014,0.364266,63074.01,38297.581754693014,0.5999260599226879018756317887
2024-05-10 00:00:00+00:00,15321.864428033014,0.364266,60799.99,37469.233585373014,0.5910814563868138521901749493
2024-05-11 00:00:00+00:00,15321.864428033014,0.364266,60825.99,37478.704501373014,0.5911847906196516212531345540
2024-05-12 00:00:00+00:00,15321.864428033014,0.364266,61483.99,37718.391529373014,0.5937826665778898185955334354
2024-05-13 00:00:00+00:00,15321.864428033014,0.364266,62940.08,38248.795609313014,0.5994157676352463386897391340
2024-05-14 00:00:00+00:00,15321.864428033014,0.364266,61577.49,37752.450400373014,0.5941491409023445548942553633
2024-05-15 00:00:00+00:00,15321.864428033014,0.364266,66206.5,39438.641357033014,0.6115012104670107614082037027
2024-05-16 00:00:00+00:00,1954.628906753694,0.565906,65235.21,38871.625657013694,0.9497157920792794022852581812
2024-05-17 00:00:00+00:00,1954.628906753694,0.565906,67024.0,39883.912650753694,0.9509920472479834046557986932
2024-05-18 00:00:00+00:00,1954.628906753694,0.565906,66915.2,39822.342077953694,0.9509162745142554327140210227
2024-05-19 00:00:00+00:00,1954.628906753694,0.565906,66274.01,39459.488809813694,0.9504649207146451453869876597
2024-05-20 00:00:00+00:00,1954.628906753694,0.565906,71446.62,42386.699844473694,0.9538857963954338096442972839
2024-05-21 00:00:00+00:00,1954.628906753694,0.565906,70148.34,41651.995402793694,0.9530723825389025036561720956
2024-05-22 00:00:00+00:00,1954.628906753694,0.565906,69166.62,41096.434164473694,0.9524379925778719646277050539
2024-05-23 00:00:00+00:00,1954.628906753694,0.565906,67969.65,40419.061659653694,0.9516409133093556075919182955
2024-05-24 00:00:00+00:00,1954.628906753694,0.565906,68549.99,40747.479547693694,0.9520306794812704941469620549
2024-05-25 00:00:00+00:00,1954.628906753694,0.565906,69290.57,41166.578213173694,0.9525190338475060751810873682
2024-05-26 00:00:00+00:00,1954.628906753694,0.565906,68507.67,40723.530405773694,0.9520024691553615659965596661
2024-05-27 00:00:00+00:00,1954.628906753694,0.565906,69436.43,41249.121262333694,0.9526140473557542717303975942
2024-05-28 00:00:00+00:00,1954.628906753694,0.565906,68398.39,40661.688198093694,0.9519294698923658772247591143
2024-05-29 00:00:00+00:00,1954.628906753694,0.565906,67652.42,40239.539299273694,0.9514251668684245052290531052
2024-05-30 00:00:00+00:00,1954.628906753694,0.565906,68352.17,40635.532022773694,0.9518985279764949110254755790
2024-05-31 00:00:00+00:00,1954.628906753694,0.565906,67540.01,40175.925805813694,0.9513482547682610554637994008
2024-06-01 00:00:00+00:00,1954.628906753694,0.565906,67766.85,40304.295922853694,0.9515032117049000912996719790
2024-06-02 00:00:00+00:00,1954.628906753694,0.565906,67765.63,40303.605517533694,0.9515023809494326360494278529
2024-06-03 00:00:00+00:00,1954.628906753694,0.565906,68809.9,40894.564176153694,0.9522032097387292640133310940
2024-06-04 00:00:00+00:00,1954.628906753694,0.565906,70537.84,41872.415789793694,0.9533194139892418066529345696
2024-06-05 00:00:00+00:00,1954.628906753694,0.565906,71108.0,42195.072754753694,0.9536763707432288846677278761
2024-06-06 00:00:00+00:00,1954.628906753694,0.565906,70799.06,42020.241755113694,0.9534836349075544396903677573
2024-06-07 00:00:00+00:00,1954.628906753694,0.565906,69355.6,41203.379080353694,0.9525614415521156507412271685
2024-06-08 00:00:00+00:00,1954.628906753694,0.565906,69310.46,41177.834083513694,0.9525320126651278687723202414
2024-06-09 00:00:00+00:00,1954.628906753694,0.565906,69648.14,41368.929221593694,0.9527512811297658721409656759
2024-06-10 00:00:00+00:00,1954.628906753694,0.565906,69540.0,41307.732146753694,0.9526812825306047445058490669
2024-06-11 00:00:00+00:00,1954.628906753694,0.565906,67314.24,40048.161208193694,0.9511930423823357781477894578
2024-06-12 00:00:00+00:00,1954.628906753694,0.565906,68263.99,40585.630431693694,0.9518393853695739017755566967
2024-06-13 00:00:00+00:00,1954.628906753694,0.565906,66773.01,39741.875903813694,0.9508168937096870990269668818
2024-06-14 00:00:00+00:00,1954.628906753694,0.565906,66043.99,39329.319111693694,0.9503009726356404481484259183
2024-06-15 00:00:00+00:00,1954.628906753694,0.565906,66228.25,39433.592951253694,0.9504323912566138260976275251
2024-06-16 00:00:00+00:00,20678.281940147244,0.282824,66676.87,39536.101021027244,0.4769772080168068132108385457
2024-06-17 00:00:00+00:00,1952.511027486522,0.563303,66504.33,39414.599629476522,0.9504622387175963829979264442
2024-06-18 00:00:00+00:00,1952.511027486522,0.563303,65175.32,38665.964309446522,0.9495031079049151763197548103
2024-06-19 00:00:00+00:00,1952.511027486522,0.563303,64974.37,38552.768571596522,0.9493548427304123468239509788
2024-06-20 00:00:00+00:00,1952.511027486522,0.563303,64869.99,38493.971004456522,0.9492774848492384432010067809
2024-06-21 00:00:00+00:00,1952.511027486522,0.563303,64143.56,38084.770806166522,0.9487324989449488868432679632
2024-06-22 00:00:00+00:00,1952.511027486522,0.563303,64262.01,38151.494046516522,0.9488221608017262202884889550
2024-06-23 00:00:00+00:00,1952.511027486522,0.563303,63210.01,37558.899290516522,0.9480146898772530443970638923
2024-06-24 00:00:00+00:00,1952.511027486522,0.563303,60293.3,35915.907797386522,0.9456365953910651379400592552
2024-06-25 00:00:00+00:00,18833.883917672442,0.282951,61806.01,36321.956253182442,0.4814738560227668733754172105
2024-06-26 00:00:00+00:00,18833.883917672442,0.282951,60864.99,36055.693703162442,0.4776446662563997887067356172
2024-06-27 00:00:00+00:00,18833.883917672442,0.282951,61706.47,36293.791310642442,0.4810714660127068296969238455
2024-06-28 00:00:00+00:00,18833.883917672442,0.282951,60427.84,35932.001673512442,0.4758465145136629600092245750
2024-06-29 00:00:00+00:00,18833.883917672442,0.282951,60986.68,36090.126010352442,0.4781430269245957203379861969
2024-06-30 00:00:00+00:00,18833.883917672442,0.282951,62772.01,36595.286919182442,0.4853467344233299183954497264
2024-07-01 00:00:00+00:00,18833.883917672442,0.282951,62899.99,36631.498988162442,0.4858554949182216813107526506
2024-07-02 00:00:00+00:00,18833.883917672442,0.282951,62135.47,36415.177289642442,0.4828012570728480847628588716
2024-07-03 00:00:00+00:00,18833.883917672442,0.282951,60208.58,35869.961837252442,0.4749399510619865510863328436
2024-07-04 00:00:00+00:00,1771.381564264340,0.565973,57050.01,34060.146873994340,0.9479925447527406818487491092
2024-07-05 00:00:00+00:00,17860.679298662252,0.283585,56628.79,33919.754710812252,0.4734431468937189391912699655
2024-07-06 00:00:00+00:00,17860.679298662252,0.283585,58230.13,34373.870714712252,0.4803995323396105350317006989
2024-07-07 00:00:00+00:00,17860.679298662252,0.283585,55857.81,33701.116347512252,0.4700270722640114830786799749
2024-07-08 00:00:00+00:00,17860.679298662252,0.283585,56714.62,33944.094811362252,0.4738207220454831381538937112
2024-07-09 00:00:00+00:00,17860.679298662252,0.283585,58050.0,34322.788548662252,0.4796262176268198060899641833
2024-07-10 00:00:00+00:00,17860.679298662252,0.283585,57725.85,34230.864470912252,0.4782287980533065054234160576
2024-07-11 00:00:00+00:00,17860.679298662252,0.283585,57339.89,34121.412004312252,0.4765550940153055313983580366
2024-07-12 00:00:00+00:00,13643.129963310746,0.357043,57889.1,34312.027894610746,0.6023805411555515126211680602
2024-07-13 00:00:00+00:00,13724.705283342959,0.355632,59204.02,34779.549323982959,0.6053800135391977594105848647
2024-07-14 00:00:00+00:00,13911.605871914666,0.352471,60797.91,35341.106007524666,0.6063618985508639497099741238
2024-07-15 00:00:00+00:00,14136.204982094849,0.348772,64724.14,36710.172738174849,0.6149240407306873715316561266
2024-07-16 00:00:00+00:00,14683.381894076579,0.340307,65043.99,36818.306999006579,0.6011934526355934345626132094
2024-07-17 00:00:00+00:00,14727.294477409379,0.339631,64087.99,36493.562609099379,0.5964413056855883538296142326
2024-07-18 00:00:00+00:00,14597.283414721317,0.341657,63987.92,36459.204198161317,0.5996269327387711838090235117
2024-07-19 00:00:00+00:00,1806.384437485061,0.541293,66660.0,37888.975817485061,0.9523242737891202638688515579
2024-07-20 00:00:00+00:00,1806.384437485061,0.541293,67139.96,38148.774805765061,0.9526489527728665266512911793
2024-07-21 00:00:00+00:00,1806.384437485061,0.541293,68165.34,38703.805822105061,0.9533279893510272481366210314
2024-07-22 00:00:00+00:00,1806.384437485061,0.541293,67532.01,38360.988726415061,0.9529108999153298791585021480
2024-07-23 00:00:00+00:00,1806.384437485061,0.541293,65936.01,37497.085098415061,0.9518260037348499431635423132
2024-07-24 00:00:00+00:00,1806.384437485061,0.541293,65376.0,37193.955605485061,0.9514333872781557504828201640
2024-07-25 00:00:00+00:00,19503.842185327346,0.270238,65799.95,37285.489073427346,0.4769052875525411626397086242
2024-07-26 00:00:00+00:00,19503.842185327346,0.270238,67907.99,37855.161586947346,0.4847772042782041409785110624
2024-07-27 00:00:00+00:00,1869.890815232546,0.529575,67896.5,37826.179802732546,0.9505662262225733422014879785
2024-07-28 00:00:00+00:00,1869.890815232546,0.529575,68249.88,38013.321016232546,0.9508095908159652659613367189
2024-07-29 00:00:00+00:00,1869.890815232546,0.529575,66784.69,37237.393021982546,0.9497845938321008797794874129
2024-07-30 00:00:00+00:00,19526.681875075394,0.264847,66188.0,37056.375111075394,0.4730547222564338886846335288
2024-07-31 00:00:00+00:00,19526.681875075394,0.264847,64628.0,36643.213791075394,0.4671132836107514678090875919
2024-08-01 00:00:00+00:00,1809.176163460124,0.538637,65354.02,37011.269434200124,0.9511182353073153014802739671
2024-08-02 00:00:00+00:00,1809.176163460124,0.538637,61498.33,34934.452139670124,0.9482122646083893179095940170
2024-08-03 00:00:00+00:00,18319.115577844262,0.269826,60697.99,34697.011427584262,0.4720261248990311511365616112
2024-08-04 00:00:00+00:00,18319.115577844262,0.269826,58161.0,34012.465563844262,0.4613999522187611057998113852
2024-08-05 00:00:00+00:00,18319.115577844262,0.269826,54018.81,32894.795004904262,0.4430998711159902999815305485
2024-08-06 00:00:00+00:00,18319.115577844262,0.269826,56022.01,33435.310448104262,0.4521027221721839376647765397
2024-08-07 00:00:00+00:00,18319.115577844262,0.269826,55134.16,33195.745434004262,0.4481486907934001235984968823
2024-08-08 00:00:00+00:00,18319.115577844262,0.269826,61685.99,34963.599515584262,0.4760517843799544799915489776
2024-08-09 00:00:00+00:00,18319.115577844262,0.269826,60837.99,34734.787067584262,0.4726003201862057233646368295
2024-08-10 00:00:00+00:00,18319.115577844262,0.269826,60923.51,34757.862587104262,0.4729504574127364547949737043
2024-08-11 00:00:00+00:00,18319.115577844262,0.269826,58712.59,34161.298887184262,0.4637465150742044482273493051
2024-08-12 00:00:00+00:00,18319.115577844262,0.269826,59346.64,34332.382062484262,0.4664187429668051888375087775
2024-08-13 00:00:00+00:00,18319.115577844262,0.269826,60587.15,34667.103913744262,0.4715706387408556960432546893
2024-08-14 00:00:00+00:00,18319.115577844262,0.269826,58683.39,34153.419967984262,0.4636228057097422828644397245
2024-08-15 00:00:00+00:00,18319.115577844262,0.269826,57541.06,33845.189633404262,0.4587379838532857915505094957
2024-08-16 00:00:00+00:00,18319.115577844262,0.269826,58874.6,34205.013397444262,0.4644318549159511845131796747
2024-08-17 00:00:00+00:00,18319.115577844262,0.269826,59491.99,34371.601271584262,0.4670275779968078849771790439
2024-08-18 00:00:00+00:00,18319.115577844262,0.269826,58427.35,34084.333718944262,0.4625356115539264360151535093
2024-08-19 00:00:00+00:00,18319.115577844262,0.269826,59438.5,34357.168278844262,0.4668036833197215622029886439
2024-08-20 00:00:00+00:00,18319.115577844262,0.269826,59013.8,34242.573176644262,0.4650193055485932075144075102
2024-08-21 00:00:00+00:00,18319.115577844262,0.269826,61156.03,34820.602528624262,0.4739000980013185996131049157
2024-08-22 00:00:00+00:00,18319.115577844262,0.269826,60375.84,34610.086981684262,0.4707001000159641236517606762
2024-08-23 00:00:00+00:00,18319.115577844262,0.269826,64037.24,35598.027898084262,0.4853895943255294569465181286
2024-08-24 00:00:00+00:00,14233.935140627330,0.333537,64157.01,35632.671784997330,0.6005369671263230376285472044
2024-08-25 00:00:00+00:00,14253.093151773656,0.333238,64220.0,35653.637511773656,0.6002345301494986345417960371
2024-08-26 00:00:00+00:00,14261.495033799359,0.333107,62834.0,35191.940271799359,0.5947511014268332995465076317
2024-08-27 00:00:00+00:00,14076.585837935559,0.336046,59415.0,34042.758927935559,0.5865027899843839244981591019
2024-08-28 00:00:00+00:00,14076.585837935559,0.336046,59034.9,33915.027843335559,0.5849454730522456166396390215
2024-08-29 00:00:00+00:00,14076.585837935559,0.336046,59359.01,34023.943712395559,0.5862741263351198314156500429
2024-08-30 00:00:00+00:00,14076.585837935559,0.336046,59123.99,33944.966181475559,0.5853115374256159678149897490
2024-08-31 00:00:00+00:00,14076.585837935559,0.336046,58973.99,33894.559281475559,0.5846948260622802907602924217
2024-09-01 00:00:00+00:00,14076.585837935559,0.336046,57301.86,33332.646683495559,0.5776937255658882920230992317
2024-09-02 00:00:00+00:00,23320.851368321223,0.174510,59132.13,33639.999374621223,0.3067523245581567649847545500
2024-09-03 00:00:00+00:00,23320.851368321223,0.174510,57487.73,33353.035130621223,0.3007877311018544099534162155
2024-09-04 00:00:00+00:00,13328.293683528333,0.348105,57970.9,33508.253828028333,0.6022384887039461033683903934
2024-09-05 00:00:00+00:00,13403.210509480353,0.346811,56180.0,32887.052489480353,0.5924471944158673189515933480
2024-09-06 00:00:00+00:00,13403.210509480353,0.346811,53962.97,32118.162098150353,0.5826906138489092420961968254
2024-09-07 00:00:00+00:00,13403.210509480353,0.346811,54160.86,32186.792526940353,0.5835804236081659079296726059
2024-09-08 00:00:00+00:00,13403.210509480353,0.346811,54869.95,32432.712738930353,0.5867379143591675535519987002
2024-09-09 00:00:00+00:00,13403.210509480353,0.346811,57042.0,33186.003571480353,0.5961185720778108770470700107
2024-09-10 00:00:00+00:00,13403.210509480353,0.346811,57635.99,33392.005837370353,0.5986102010535625109776243827
2024-09-11 00:00:00+00:00,13403.210509480353,0.346811,57338.0,33288.659627480353,0.5973640675392115984900342437
2024-09-12 00:00:00+00:00,13403.210509480353,0.346811,58132.32,33564.138541000353,0.6006687169072541686343449818
2024-09-13 00:00:00+00:00,23481.802169021556,0.173212,60498.0,33960.781745021556,0.3085612002302083242214787724
2024-09-14 00:00:00+00:00,13571.464292508356,0.336812,59993.03,33777.836712868356,0.5982139292141811495794553569
2024-09-15 00:00:00+00:00,13511.092926527726,0.337817,59132.0,33486.887770527726,0.5965258694951333719895227889
2024-09-16 00:00:00+00:00,23427.925363097726,0.169892,58213.99,33318.016552177726,0.2968391342741429096106775257
2024-09-17 00:00:00+00:00,23427.925363097726,0.169892,60313.99,33674.789752177726,0.3042888898338954639827436537
2024-09-18 00:00:00+00:00,13457.019637627652,0.334994,61759.99,34146.245727687652,0.6059004628225948376728589052
2024-09-19 00:00:00+00:00,13658.280472708490,0.331731,62947.99,34540.080143398490,0.6045672037816929165822124940
2024-09-20 00:00:00+00:00,13815.885954881690,0.329224,63201.05,34623.188440081690,0.6009643658673657156964107403
2024-09-21 00:00:00+00:00,13849.275846969605,0.328695,63348.96,34671.762254169605,0.6005603711330219586321112356
2024-09-22 00:00:00+00:00,13868.698698185678,0.328388,63578.76,34747.200537065678,0.6008686028276838546253296221
2024-09-23 00:00:00+00:00,13898.859349301378,0.327913,63339.99,34668.865490171378,0.5990967932526749663121423091
2024-09-24 00:00:00+00:00,13867.528717299800,0.328407,64262.7,34971.849236199800,0.6034659584730982139905126685
2024-09-25 00:00:00+00:00,13988.634789370430,0.326520,63152.01,34609.029094570430,0.5958096729282414433822124150
2024-09-26 00:00:00+00:00,13843.449278290982,0.328816,65173.99,35273.699974130982,0.6075418998164783490846345892
2024-09-27 00:00:00+00:00,14109.143653175648,0.324734,65769.95,35466.882596475648,0.6021882212287336260521506847
2024-09-28 00:00:00+00:00,14186.716987521413,0.323553,65858.0,35495.270461521413,0.6003209215464212565345612695
2024-09-29 00:00:00+00:00,14198.095610057213,0.323380,65602.01,35412.473603857213,0.5990651269130569349615923729
2024-09-30 00:00:00+00:00,14198.095610057213,0.323380,63327.59,34676.971664257213,0.5905612592840194664703227328
2024-10-01 00:00:00+00:00,14198.095610057213,0.323380,60805.78,33861.468746457213,0.5807005385275054945390768263
2024-10-02 00:00:00+00:00,23690.521268340077,0.167064,60649.28,33822.832582260077,0.2995701583915934806407867860
2024-10-03 00:00:00+00:00,23676.007249081888,0.167303,60752.71,33840.117890211888,0.3003568330969061523960536873
2024-10-04 00:00:00+00:00,23688.081323633224,0.167104,62086.0,34062.900267633224,0.3045782614658393126710426559
2024-10-05 00:00:00+00:00,23843.838607591624,0.164592,62058.0,34058.088943591624,0.2999067373661878682120178545
2024-10-06 00:00:00+00:00,23843.838607591624,0.164592,62819.91,34183.493234311624,0.3024750734468994821897722554
2024-10-07 00:00:00+00:00,23928.347022417223,0.163245,62224.0,34086.103902417223,0.2980028726392417234341163351
2024-10-08 00:00:00+00:00,23928.347022417223,0.163245,62160.49,34075.736212467223,0.2977892869806109883020436733
2024-10-09 00:00:00+00:00,23852.972797642073,0.164456,60636.02,33824.930102762073,0.2948108769131118126618677186
2024-10-10 00:00:00+00:00,23677.264059905251,0.167350,60326.39,33772.885426405251,0.2989268236644880271469625114
2024-10-11 00:00:00+00:00,23641.021165313251,0.167950,62540.0,34144.614165313251,0.3076207846176327551891006094
2024-10-12 00:00:00+00:00,23900.911766135344,0.163789,63206.22,34253.395333715344,0.3022323324949376023465562983
2024-10-13 00:00:00+00:00,23977.291881035554,0.162579,62870.02,34198.636862615554,0.2988816490739584088568263416
2024-10-14 00:00:00+00:00,23939.017216411746,0.163187,66083.99,34723.065292541746,0.3105730437469854553946344495
2024-10-15 00:00:00+00:00,24305.702608896546,0.157631,67074.14,34878.666371236546,0.3031355513942249090203868585
2024-10-16 00:00:00+00:00,24414.958313937504,0.156000,67620.01,34963.679873937504,0.3017051293809376377361860489
2024-10-17 00:00:00+00:00,24474.521620845504,0.155118,67421.78,34932.853290885504,0.2993838374138402484452392925
2024-10-18 00:00:00+00:00,24452.986113213338,0.155437,68428.0,35089.229149213338,0.3031198830493103862738841787
2024-10-19 00:00:00+00:00,14022.171746095619,0.307674,68378.0,35060.304518095619,0.6000556201998080797631283868
2024-10-20 00:00:00+00:00,14022.171746095619,0.307674,69031.99,35261.520237355619,0.6023378557785292691453589752
2024-10-21 00:00:00+00:00,14104.557744883619,0.306479,67377.5,34754.346567383619,0.5941642085677849055925090189
2024-10-22 00:00:00+00:00,13901.487821726119,0.309489,67426.0,34769.093135726119,0.6001768649110381858979613523
2024-10-23 00:00:00+00:00,13907.682950495323,0.309397,66668.65,34534.763254545323,0.5972845434617290688118124928
2024-10-24 00:00:00+00:00,13813.824971636853,0.310803,68198.28,35010.054990476853,0.6054326399831598102076020274
2024-10-25 00:00:00+00:00,14003.782680199314,0.308014,66698.33,34547.802096819314,0.5946548888709597673613922183
2024-10-26 00:00:00+00:00,13818.921723204626,0.310782,67092.76,34670.143861524626,0.6014172373094694059094629006
2024-10-27 00:00:00+00:00,13868.036783593622,0.310049,68021.7,34958.096846893622,0.6032954298304160585539927119
2024-10-28 00:00:00+00:00,13983.115729087904,0.308355,69962.21,35556.312993637904,0.6067332478598131130546613640
2024-10-29 00:00:00+00:00,14222.215177820498,0.304933,72736.42,36401.949937680498,0.6093007324561271639266874908
2024-10-30 00:00:00+00:00,14560.363001985383,0.300278,72344.74,36283.896839705383,0.5987100540410529444111222122
2024-10-31 00:00:00+00:00,14560.363001985383,0.300278,70292.01,35667.507180765383,0.5917751434606163963873822662
2024-11-01 00:00:00+00:00,14266.653117130334,0.304451,69496.01,35424.782857640334,0.5972691441902985229023629633
2024-11-02 00:00:00+00:00,14169.788925168734,0.305843,69374.74,35387.567530988734,0.5995828503114741226770082816
2024-11-03 00:00:00+00:00,14169.788925168734,0.305843,68775.99,35204.444034738734,0.5974999942851989548116412056
2024-11-04 00:00:00+00:00,14169.788925168734,0.305843,67850.01,34921.239533598734,0.5942357970559558609435657607
2024-11-05 00:00:00+00:00,13968.284179440176,0.308809,69372.01,35390.985215530176,0.6053151927143680792947223747
2024-11-06 00:00:00+00:00,14156.176492601720,0.306097,75571.99,37288.535915631720,0.6203611607430445676573140908
2024-11-07 00:00:00+00:00,14914.461222813131,0.296050,75857.89,37372.189557313131,0.6009208612211319318125700295
2024-11-08 00:00:00+00:00,14948.855933546453,0.295596,76509.78,37564.840862426453,0.6020519296675958096712211959
2024-11-09 00:00:00+00:00,15025.877533370741,0.294588,76677.46,37614.137119850741,0.6005257947166656651884299506
2024-11-10 00:00:00+00:00,15045.634600430657,0.294330,80370.01,38700.939643730657,0.6112333514654606463379895078
2024-11-11 00:00:00+00:00,1918.072304953006,0.457457,88647.99,42470.715866383006,0.9548377684287816662926499599
2024-11-12 00:00:00+00:00,1918.072304953006,0.457457,87952.01,42152.334943523006,0.9544966534470060026270582004
2024-11-13 00:00:00+00:00,22103.781988109806,0.227650,90375.2,42677.696268109806,0.4820764961339657169956574414
2024-11-14 00:00:00+00:00,22103.781988109806,0.227650,87325.59,41983.452551609806,0.4735120471348118668589607704
2024-11-15 00:00:00+00:00,2073.229920905446,0.456730,91032.07,43650.307252005446,0.9525036580169731874921566145
2024-11-16 00:00:00+00:00,2073.229920905446,0.456730,90586.92,43446.993892505446,0.9522813954393499325925875345
2024-11-17 00:00:00+00:00,2073.229920905446,0.456730,89855.99,43113.156233605446,0.9519118964598230033263448917
2024-11-18 00:00:00+00:00,2073.229920905446,0.456730,90464.08,43390.889179305446,0.9522196949608896675302901862
2024-11-19 00:00:00+00:00,2073.229920905446,0.456730,92310.79,44234.337037605446,0.9531307563365783647134949594
2024-11-20 00:00:00+00:00,2073.229920905446,0.456730,94286.56,45136.730469705446,0.9540677869369173314629188016
2024-11-21 00:00:00+00:00,2073.229920905446,0.456730,98317.12,46977.608138505446,0.9558676994624144756149423959
2024-11-22 00:00:00+00:00,2073.229920905446,0.456730,98892.0,47240.173080905446,0.9561129905820889366887436032
2024-11-23 00:00:00+00:00,2073.229920905446,0.456730,97672.4,46683.145172905446,0.9555893264426250913171834326
2024-11-24 00:00:00+00:00,2073.229920905446,0.456730,97900.04,46787.115190105446,0.9556880155469834711455445215
2024-11-25 00:00:00+00:00,2073.229920905446,0.456730,93010.01,44553.691788205446,0.9534667086453588697293980931
2024-11-26 00:00:00+00:00,2073.229920905446,0.456730,91965.16,44076.477447705446,0.9529628944743773942708246198
2024-11-27 00:00:00+00:00,2073.229920905446,0.456730,95863.11,45856.788151205446,0.9547890289640586915852586005
2024-11-28 00:00:00+00:00,2073.229920905446,0.456730,95643.98,45756.704906305446,0.9546901393981333843664209624
2024-11-29 00:00:00+00:00,2073.229920905446,0.456730,97460.0,46586.135720905446,0.9554968471021929440637174147
2024-11-30 00:00:00+00:00,2073.229920905446,0.456730,96407.99,46105.651193605446,0.9550330628191411488399580464
2024-12-01 00:00:00+00:00,2073.229920905446,0.456730,97185.18,46460.617182305446,0.9553766168716536795721428148
2024-12-02 00:00:00+00:00,2073.229920905446,0.456730,95840.62,45846.516293505446,0.9547788994995212563372064493
2024-12-03 00:00:00+00:00,22896.153748271089,0.239181,95849.69,45821.578452161089,0.5003194014327711411494829037
2024-12-04 00:00:00+00:00,22896.153748271089,0.239181,98587.32,46476.367533191089,0.5073592244075485208201369174
2024-12-05 00:00:00+00:00,22896.153748271089,0.239181,96945.63,46083.706477301089,0.5031616269939402766952056662
2024-12-06 00:00:00+00:00,22896.153748271089,0.239181,99740.84,46752.267600311089,0.5102664550089386834100368700
2024-12-07 00:00:00+00:00,22896.153748271089,0.239181,99831.99,46774.068948461089,0.5104947193390496325214994196
2024-12-08 00:00:00+00:00,22896.153748271089,0.239181,101109.59,47079.646594061089,0.5136719282179287187955371624
2024-12-09 00:00:00+00:00,22896.153748271089,0.239181,97276.47,46162.837119341089,0.5040132891078705844572526160
2024-12-10 00:00:00+00:00,22896.153748271089,0.239181,96593.0,45999.364081271089,0.5022506461650544349963697829
2024-12-11 00:00:00+00:00,22896.153748271089,0.239181,101125.0,47083.332373271089,0.5137099989704829992511772959
2024-12-12 00:00:00+00:00,22896.153748271089,0.239181,100004.29,46815.279834761089,0.5109256245164996086128566754
2024-12-13 00:00:00+00:00,22896.153748271089,0.239181,101424.25,47154.907287521089,0.5144481228928161277436445092
2024-12-14 00:00:00+00:00,22896.153748271089,0.239181,101420.0,47153.890768271089,0.5144376556159507115388906636
2024-12-15 00:00:00+00:00,22896.153748271089,0.239181,104463.99,47881.955340461089,0.5218208282124301851065625003
2024-12-16 00:00:00+00:00,22896.153748271089,0.239181,106058.66,48263.370105731089,0.5255997727031445100900342687
2024-12-17 00:00:00+00:00,22896.153748271089,0.239181,106133.74,48281.327815211089,0.5257762206561015729463099103
2024-12-18 00:00:00+00:00,22896.153748271089,0.239181,100204.01,46863.049064081089,0.5114241560133525059745573293
2024-12-19 00:00:00+00:00,22896.153748271089,0.239181,97461.86,46207.178884931089,0.5044892525187704901556298722
2024-12-20 00:00:00+00:00,22896.153748271089,0.239181,97805.44,46289.356692911089,0.5053689360997863124370460799
2024-12-21 00:00:00+00:00,22896.153748271089,0.239181,97291.99,46166.549208461089,0.5040531696470214254368496993
2024-12-22 00:00:00+00:00,22896.153748271089,0.239181,95186.27,45662.900993141089,0.4985830236298332553419661892
2024-12-23 00:00:00+00:00,22896.153748271089,0.239181,94881.47,45589.998624341089,0.4977812143199640975577849530
2024-12-24 00:00:00+00:00,22896.153748271089,0.239181,98663.58,46494.607476251089,0.5075524885339406054351803253
2024-12-25 00:00:00+00:00,22896.153748271089,0.239181,99429.6,46677.824905871089,0.5094854185163363463340885311
2024-12-26 00:00:00+00:00,22896.153748271089,0.239181,95791.6,45807.684427871089,0.5001678422683984775532444103
2024-12-27 00:00:00+00:00,22896.153748271089,0.239181,94299.03,45450.690042701089,0.4962418892483245231629960169
2024-12-28 00:00:00+00:00,22896.153748271089,0.239181,95300.0,45690.103048271089,0.4988815471901747394862597536
2024-12-29 00:00:00+00:00,22896.153748271089,0.239181,93738.2,45316.550162471089,0.4947507330945826549147014955
2024-12-30 00:00:00+00:00,22896.153748271089,0.239181,92792.05,45090.249059321089,0.4922149638572914583348127020
2024-12-31 00:00:00+00:00,22896.153748271089,0.239181,93576.0,45277.755004271089,0.4943178223807413725862879401
2025-01-01 00:00:00+00:00,22896.153748271089,0.239181,94591.79,45520.712672261089,0.4970167995145802004817860284
2025-01-02 00:00:00+00:00,22896.153748271089,0.239181,96984.79,46093.072805261089,0.5032625868749260461559156933
2025-01-03 00:00:00+00:00,22896.153748271089,0.239181,98174.18,46377.552294851089,0.5063095697093730173612861740
2025-01-04 00:00:00+00:00,22896.153748271089,0.239181,98220.5,46388.631158771089,0.5064274763808821621721399869
2025-01-05 00:00:00+00:00,22896.153748271089,0.239181,98363.61,46422.860351681089,0.5067914046049951884195777101
2025-01-06 00:00:00+00:00,22896.153748271089,0.239181,102235.6,47348.966791871089,0.5164381548405419439416993710
2025-01-07 00:00:00+00:00,22896.153748271089,0.239181,96954.61,46085.854322681089,0.5031847822987458685177616501
2025-01-08 00:00:00+00:00,34549.277169210049,0.118833,95060.61,45845.614637340049,0.2463995205973185890569261692
2025-01-09 00:00:00+00:00,34549.277169210049,0.118833,92552.49,45547.567213380049,0.2414682214012770228858252779
2025-01-10 00:00:00+00:00,18197.808865449058,0.295276,94726.11,46168.155721809058,0.6058363479992179966586118309
2025-01-11 00:00:00+00:00,2287.796688630858,0.463016,94599.99,46089.105658470858,0.9503614432099448466059243876
2025-01-12 00:00:00+00:00,2287.796688630858,0.463016,94545.06,46063.672189590858,0.9503340359141441165271106179
2025-01-13 00:00:00+00:00,2287.796688630858,0.463016,94536.1,46059.523566230858,0.9503295624553922642255468321
2025-01-14 00:00:00+00:00,24152.858287288431,0.231427,96560.86,46499.648434508431,0.4805797656447644519662964892
2025-01-15 00:00:00+00:00,24152.858287288431,0.231427,100497.35,47410.658505738431,0.4905605817652786229539522305
2025-01-16 00:00:00+00:00,2342.243173974956,0.448172,99987.3,47153.751389574956,0.9503275326999159253065931530
2025-01-17 00:00:00+00:00,2342.243173974956,0.448172,104077.48,48986.855540534956,0.9521862926670843472069076436
2025-01-18 00:00:00+00:00,2342.243173974956,0.448172,104556.23,49201.417885534956,0.9523948033484708320937835801
2025-01-19 00:00:00+00:00,2342.243173974956,0.448172,101331.57,47756.215564014956,0.9509541711730635475991574042
2025-01-20 00:00:00+00:00,2342.243173974956,0.448172,102260.01,48172.316375694956,0.9513778171739169201968458049
2025-01-21 00:00:00+00:00,2342.243173974956,0.448172,106143.82,49912.931271014956,0.9530734197665700913695786853
2025-01-22 00:00:00+00:00,2342.243173974956,0.448172,103706.66,48820.664399494956,0.9520235293233906454444647522
2025-01-23 00:00:00+00:00,2342.243173974956,0.448172,103910.34,48911.948072454956,0.9521130671281930871819238013
2025-01-24 00:00:00+00:00,2342.243173974956,0.448172,104870.5,49342.264899974956,0.9525306919185190296898675073
2025-01-25 00:00:00+00:00,2342.243173974956,0.448172,104746.85,49286.848432174956,0.9524773190317051022713987476
2025-01-26 00:00:00+00:00,2342.243173974956,0.448172,102620.0,48333.653813974956,0.9515401177202595166232715671
2025-01-27 00:00:00+00:00,2342.243173974956,0.448172,102082.83,48092.909260734956,0.9512975361653311253229448090
2025-01-28 00:00:00+00:00,2342.243173974956,0.448172,101335.52,47757.985843414956,0.9509559891898600039239040161
2025-01-29 00:00:00+00:00,25043.466331104044,0.223860,103733.24,48265.189437504044,0.4811277729774279686682951348
2025-01-30 00:00:00+00:00,25043.466331104044,0.223860,104722.94,48486.743679504044,0.4834986961252621301900449774
2025-01-31 00:00:00+00:00,2394.953680350264,0.439850,102429.56,47448.595646350264,0.9495252989529842210725043623
2025-02-01 00:00:00+00:00,2394.953680350264,0.439850,100635.65,46659.544332850264,0.9486717301980997532728936405
2025-02-02 00:00:00+00:00,2394.953680350264,0.439850,97700.59,45368.558191850264,0.9472111573344978123755015178
2025-02-03 00:00:00+00:00,2394.953680350264,0.439850,101328.52,46964.303202350264,0.9490048075443305664758937904
2025-02-04 00:00:00+00:00,2394.953680350264,0.439850,97763.13,45396.066410850264,0.9472431452832257246298909748
2025-02-05 00:00:00+00:00,2394.953680350264,0.439850,96612.43,44889.931015850264,0.9466483100741539204007865547
2025-02-06 00:00:00+00:00,2394.953680350264,0.439850,96554.35,44864.384527850264,0.9466179307806271302044901193
2025-02-07 00:00:00+00:00,2394.953680350264,0.439850,96506.8,44843.469660350264,0.9465930335344270623885104933
2025-02-08 00:00:00+00:00,23515.382494105704,0.220716,96444.74,44802.279727945704,0.4751297782858617315948250880
2025-02-09 00:00:00+00:00,23515.382494105704,0.220716,96462.75,44806.254823105704,0.4751763434158017612583887637
2025-02-10 00:00:00+00:00,2212.672487936304,0.441268,97430.82,45205.775567696304,0.9510533231617098376076890811
2025-02-11 00:00:00+00:00,2212.672487936304,0.441268,95778.2,44476.527245536304,0.9502507811430270921339751286
2025-02-12 00:00:00+00:00,2212.672487936304,0.441268,97869.99,45399.567235256304,0.9512622559490392833642445498
2025-02-13 00:00:00+00:00,2212.672487936304,0.441268,96608.14,44842.753209456304,0.9506570776865301320001144436
2025-02-14 00:00:00+00:00,2212.672487936304,0.441268,97500.48,45236.514296576304,0.9510865829884737898523561918
2025-02-15 00:00:00+00:00,2212.672487936304,0.441268,97569.66,45267.041216816304,0.9511195689301134218713251783
2025-02-16 00:00:00+00:00,2212.672487936304,0.441268,96118.12,44626.523064096304,0.9504179950394459201511438010
2025-02-17 00:00:00+00:00,2212.672487936304,0.441268,95780.0,44477.321527936304,0.9502516695717272561554021990
2025-02-18 00:00:00+00:00,2212.672487936304,0.441268,95671.74,44429.549854256304,0.9501981790228664153308376944
2025-02-19 00:00:00+00:00,2212.672487936304,0.441268,96644.37,44858.740349096304,0.9506746629370996345910012873
2025-02-20 00:00:00+00:00,2212.672487936304,0.441268,98305.0,45591.523227936304,0.9514674586134361887270225739
2025-02-21 00:00:00+00:00,2212.672487936304,0.441268,96181.98,44654.702438576304,0.9504492837908864776557214456
2025-02-22 00:00:00+00:00,2212.672487936304,0.441268,96551.01,44817.543568616304,0.9506293225431092494631697660
2025-02-23 00:00:00+00:00,2212.672487936304,0.441268,96258.0,44688.247631936304,0.9504864789919615209754410533
2025-02-24 00:00:00+00:00,2212.672487936304,0.441268,91552.88,42612.028739776304,0.9480739933447271104984062318
2025-02-25 00:00:00+00:00,2212.672487936304,0.441268,88680.4,41344.495235136304,0.9464820534063291415146116903
2025-02-26 00:00:00+00:00,2212.672487936304,0.441268,84250.09,39389.541202056304,0.9438258882837459160508977987
2025-02-27 00:00:00+00:00,2212.672487936304,0.441268,84708.58,39591.858167376304,0.9441129416411289732737508320
2025-02-28 00:00:00+00:00,2212.672487936304,0.441268,84349.94,39433.601811856304,0.9438886536793341859993903822
2025-03-01 00:00:00+00:00,2212.672487936304,0.441268,86064.53,40190.195511976304,0.9449449683001181667893957271
2025-03-02 00:00:00+00:00,2212.672487936304,0.441268,94270.0,43811.006847936304,0.9494950550756280815121087172
2025-03-03 00:00:00+00:00,2212.672487936304,0.441268,86220.61,40259.068621416304,0.9450391535695079193971400836
2025-03-04 00:00:00+00:00,2212.672487936304,0.441268,87281.98,40727.417238576304,0.9456711807926651691947503969
2025-03-05 00:00:00+00:00,2212.672487936304,0.441268,90606.01,42194.205308616304,0.9475598018317348588441838863
2025-03-06 00:00:00+00:00,2212.672487936304,0.441268,89931.89,41896.737724456304,0.9471874754906106962692963005
2025-03-07 00:00:00+00:00,2212.672487936304,0.441268,86801.75,40515.507106936304,0.9453870222555478817141783770
2025-03-08 00:00:00+00:00,2212.672487936304,0.441268,86222.45,40259.880554536304,0.9450402619814283100105372476
2025-03-09 00:00:00+00:00,2212.672487936304,0.441268,80734.37,37838.166469096304,0.9415227349944805697537693642
2025-03-10 00:00:00+00:00,15118.556805707568,0.281204,78595.86,37220.027021147568,0.5938058616368668986251881535
2025-03-11 00:00:00+00:00,14887.735470172974,0.284137,82932.99,38452.066449802974,0.6128235269329911960613887768
2025-03-12 00:00:00+00:00,15380.213973286872,0.278191,83680.12,38659.270236206872,0.6021597438514935864158187008
2025-03-13 00:00:00+00:00,15463.618166459184,0.277193,81115.78,37948.344571999184,0.5925087552338377530621382598
2025-03-14 00:00:00+00:00,15179.018974738128,0.280697,83983.2,38752.851265138128,0.6083122020909698101448736980
2025-03-15 00:00:00+00:00,15500.759684206236,0.276861,84338.44,38850.784521046236,0.6010181036161787454001462623
2025-03-16 00:00:00+00:00,15540.262991419368,0.276392,82574.53,38363.202487179368,0.5949174734144579821514262077
2025-03-17 00:00:00+00:00,15540.262991419368,0.276392,84010.03,38759.963203179368,0.5990640416772984695697680879
2025-03-18 00:00:00+00:00,15540.262991419368,0.276392,82715.03,38402.035563179368,0.5953271027559882833451784618
2025-03-19 00:00:00+00:00,15540.262991419368,0.276392,86845.94,39543.786039899368,0.6070112513824709323722893787
2025-03-20 00:00:00+00:00,15817.201557138531,0.273199,84223.39,38826.947481748531,0.5926230985690091169854703170
2025-03-21 00:00:00+00:00,15817.201557138531,0.273199,84088.79,38790.174896348531,0.5922369105217036471631318861
2025-03-22 00:00:00+00:00,15817.201557138531,0.273199,83840.59,38722.366904548531,0.5915228633588366706685888894
2025-03-23 00:00:00+00:00,15817.201557138531,0.273199,86082.5,39334.854474638531,0.5978833081145170877488252453
2025-03-24 00:00:00+00:00,15817.201557138531,0.273199,87498.16,39721.611370978531,0.6017985924736446919602439075
2025-03-25 00:00:00+00:00,15817.201557138531,0.273199,87392.87,39692.846248268531,0.6015100187523462354544329555
2025-03-26 00:00:00+00:00,15817.201557138531,0.273199,86909.17,39560.699891968531,0.6001789250359121788661593561
2025-03-27 00:00:00+00:00,15817.201557138531,0.273199,87232.01,39648.899457128531,0.6010683329497879859928650529
2025-03-28 00:00:00+00:00,15817.201557138531,0.273199,84424.38,38881.857748758531,0.5931984099282508546489195378
2025-03-29 00:00:00+00:00,27202.543075810935,0.138165,82648.54,38621.678604910935,0.2956664738970719197329834108
2025-03-30 00:00:00+00:00,27202.543075810935,0.138165,82389.99,38585.956044160935,0.2950144077114971031685486210
2025-03-31 00:00:00+00:00,15419.151294572935,0.280999,82550.01,38615.621554562935,0.6007017193084397498298805570
2025-04-01 00:00:00+00:00,15446.274937937935,0.280670,85158.34,39347.666225737935,0.6074411415070335069470059079
2025-04-02 00:00:00+00:00,15738.753786152590,0.277231,82516.29,38614.827379142590,0.5924168291205745670604179155
2025-04-03 00:00:00+00:00,15445.605426622718,0.280779,83213.09,38810.093623732718,0.6020209181567757754463174171
2025-04-04 00:00:00+00:00,15523.973359565687,0.279836,83889.87,38999.379020885687,0.6019430629587205887361146921
2025-04-05 00:00:00+00:00,15599.711214670463,0.278932,83537.99,38901.129841350463,0.5989907933705167956687931452
2025-04-06 00:00:00+00:00,15560.480964247960,0.279401,78430.0,37473.901394247960,0.5847648527293075180982646770
2025-04-07 00:00:00+00:00,14988.846834686960,0.286680,79163.24,37683.364477886960,0.6022423410870706350583965621
2025-04-08 00:00:00+00:00,15073.283264764544,0.285612,76322.42,36871.882285804544,0.5911984327806430251000930244
2025-04-09 00:00:00+00:00,14748.338455115752,0.289864,82615.22,38695.516585195752,0.6188618280196777106662702549
2025-04-10 00:00:00+00:00,15477.295046706442,0.281029,79607.3,37849.254958406442,0.5910805889385443586324090980
2025-04-11 00:00:00+00:00,15477.295046706442,0.281029,83423.84,38921.813378066442,0.6023490761756660186481801695
2025-04-12 00:00:00+00:00,15568.608702113458,0.279933,85276.9,39440.427149813458,0.6052626751993203732317344241
2025-04-13 00:00:00+00:00,27592.692307713586,0.138749,83760.0,39214.308547713586,0.2963616259065112438540092529
2025-04-14 00:00:00+00:00,27592.692307713586,0.138749,84591.58,39329.689441133586,0.2984258787750475713337569879
2025-04-15 00:00:00+00:00,15716.518711754138,0.278961,83643.99,39049.929806144138,0.5975276065853185714646302366
2025-04-16 00:00:00+00:00,15716.518711754138,0.278961,84030.38,39157.717546934138,0.5986354747843400222389434511
2025-04-17 00:00:00+00:00,15716.518711754138,0.278961,84947.91,39413.672633264138,0.6012419634680327748956944243
2025-04-18 00:00:00+00:00,15765.469942159346,0.278384,84474.69,39281.872043119346,0.5986578764664337760944433764
2025-04-19 00:00:00+00:00,27482.064877922546,0.139504,85077.01,39350.648080962546,0.3016108700070406988712091118
2025-04-20 00:00:00+00:00,27482.064877922546,0.139504,85179.24,39364.909574882546,0.3018638890648450097761013923
2025-04-21 00:00:00+00:00,15730.727106356174,0.277285,87516.23,39997.664941906174,0.6067088633998019420135116001
2025-04-22 00:00:00+00:00,15998.790417175412,0.274218,93442.99,41622.540248995412,0.6156219605659086709423263771
2025-04-23 00:00:00+00:00,16648.214833887779,0.267259,93691.08,41687.999183607779,0.6006473047419829964491299754
2025-04-24 00:00:00+00:00,16675.256353382780,0.266970,93980.47,41765.222429282780,0.6007382366604784170449736626
2025-04-25 00:00:00+00:00,16706.135732565761,0.266641,94638.68,41940.688006445761,0.6016723490564046979313701243
2025-04-26 00:00:00+00:00,16776.266344655033,0.265899,94628.0,41937.756916655033,0.5999722546440589982965634991
2025-04-27 00:00:00+00:00,2077.825423572233,0.421026,93749.3,41548.718205372233,0.9499906251427132838460871216
2025-04-28 00:00:00+00:00,2077.825423572233,0.421026,95011.18,42080.002494252233,0.9506220223286335092164926283
2025-04-29 00:00:00+00:00,2077.825423572233,0.421026,94256.82,41762.397320892233,0.9502465002761522195660942933
2025-04-30 00:00:00+00:00,21899.493786236345,0.210458,94172.0,41718.744562236345,0.4750682453167661549815121424
2025-05-01 00:00:00+00:00,21899.493786236345,0.210458,96489.91,42206.567265016345,0.4811353965668720640492276357
2025-05-02 00:00:00+00:00,2084.654347568045,0.415548,96887.14,42345.911600288045,0.9507708237044101140117163799
2025-05-03 00:00:00+00:00,2084.654347568045,0.415548,95856.42,41917.597965728045,0.9502678004290115882654360550
2025-05-04 00:00:00+00:00,2084.654347568045,0.415548,94277.62,41261.530783328045,0.9494770477975004895943603061
2025-05-05 00:00:00+00:00,2084.654347568045,0.415548,94733.68,41451.045604208045,0.9497080395154998414046520088
2025-05-06 00:00:00+00:00,2084.654347568045,0.415548,96834.02,42323.837690528045,0.9507451483296235979434001063
2025-05-07 00:00:00+00:00,2084.654347568045,0.415548,97030.5,42405.484561568045,0.9508399828672784329826056441
2025-05-08 00:00:00+00:00,2084.654347568045,0.415548,103261.6,44994.805704368045,0.9536689999004558629159679485
2025-05-09 00:00:00+00:00,23594.342398550663,0.206974,102971.99,44906.867056810663,0.4745938885315247339961610651
2025-05-10 00:00:00+00:00,23594.342398550663,0.206974,104809.53,45287.190060770663,0.4790062627668104784268733130
2025-05-11 00:00:00+00:00,2236.721278782884,0.410485,104118.0,44975.598508782884,0.9502681153126601611384956239
2025-05-12 00:00:00+00:00,2236.721278782884,0.410485,102791.32,44431.016268982884,0.9496585613697895485321113693
2025-05-13 00:00:00+00:00,2236.721278782884,0.410485,104103.72,44969.736782982884,0.9502616328492879334918798831
2025-05-14 00:00:00+00:00,23581.430752952084,0.205185,103507.82,44819.682799652084,0.4738599365291550758961970502
2025-05-15 00:00:00+00:00,23581.430752952084,0.205185,103763.71,44872.187589302084,0.4744755711759838471635534082
2025-05-16 00:00:00+00:00,2215.929865636010,0.410823,103463.9,44721.279655336010,0.9504502133500195618186467103
2025-05-17 00:00:00+00:00,2215.929865636010,0.410823,103126.65,44582.729598586010,0.9502962271357586270852220619
2025-05-18 00:00:00+00:00,2215.929865636010,0.410823,106454.26,45949.788321616010,0.9517749711897241255627985430
2025-05-19 00:00:00+00:00,24095.206276842965,0.205028,105573.74,45740.779041562965,0.4732226520464695950146674557
2025-05-20 00:00:00+00:00,24095.206276842965,0.205028,106849.99,46002.446026562965,0.4762190196814797814852397504
2025-05-21 00:00:00+00:00,24095.206276842965,0.205028,109643.99,46575.294258562965,0.4826612121207798689055450511
2025-05-22 00:00:00+00:00,24095.206276842965,0.205028,111696.21,46996.056820722965,0.4872930218643757312668901825
2025-05-23 00:00:00+00:00,24095.206276842965,0.205028,107318.3,46098.462689242965,0.4773099823464273611438652432
2025-05-24 00:00:00+00:00,24095.206276842965,0.205028,107761.91,46189.415160322965,0.4783392213733652559494574707
2025-05-25 00:00:00+00:00,24095.206276842965,0.205028,109004.19,46444.117344162965,0.4812000387844335138040059206
2025-05-26 00:00:00+00:00,24095.206276842965,0.205028,109434.79,46532.402400962965,0.4821843482479570697834721300
2025-05-27 00:00:00+00:00,24095.206276842965,0.205028,108938.17,46430.581395602965,0.4810487925717679765613661647
2025-05-28 00:00:00+00:00,24095.206276842965,0.205028,107781.78,46193.489066682965,0.4783852277956283968588535163
2025-05-29 00:00:00+00:00,24095.206276842965,0.205028,105589.75,45744.061539842965,0.4732604524883279189283047772
2025-05-30 00:00:00+00:00,24095.206276842965,0.205028,103985.48,45415.141270282965,0.4694455284539768502197817878
2025-05-31 00:00:00+00:00,24095.206276842965,0.205028,104591.88,45539.470249482965,0.4708940146901131043983829089
2025-06-01 00:00:00+00:00,24095.206276842965,0.205028,105642.93,45754.964928882965,0.4733859743025878591096341428
2025-06-02 00:00:00+00:00,24095.206276842965,0.205028,105857.99,45799.058250562965,0.4738929751563879556680859056
2025-06-03 00:00:00+00:00,2261.699438673965,0.411013,105376.89,45572.971128243965,0.9503719116247772792475822888
2025-06-04 00:00:00+00:00,2261.699438673965,0.411013,104696.86,45293.469957853965,0.9500656619866285502609231841
2025-06-05 00:00:00+00:00,2261.699438673965,0.411013,101508.68,43983.086531513965,0.9485779735568704788727789310
2025-06-06 00:00:00+00:00,2261.699438673965,0.411013,104288.44,45125.604028393965,0.9498799077071443331010065495
2025-06-07 00:00:00+00:00,2261.699438673965,0.411013,105552.15,45645.005266623965,0.9504502316198057314345572611
2025-06-08 00:00:00+00:00,2261.699438673965,0.411013,105734.0,45719.747980673965,0.9505312356570731739138598086
2025-06-09 00:00:00+00:00,2261.699438673965,0.411013,110263.02,47581.234077933965,0.9524665662313529733939972105
2025-06-10 00:00:00+00:00,2261.699438673965,0.411013,110274.39,47585.907295743965,0.9524712342959519636952844633
2025-06-11 00:00:00+00:00,2261.699438673965,0.411013,108645.12,46916.256145233965,0.9517928405951095479946072580
2025-06-12 00:00:00+00:00,2261.699438673965,0.411013,105671.73,45694.154201163965,0.9505035276784627991080254648
2025-06-13 00:00:00+00:00,2261.699438673965,0.411013,106066.59,45856.446794343965,0.9506787028481036175062624727
2025-06-14 00:00:00+00:00,2261.699438673965,0.411013,105414.64,45588.486868993965,0.9503888022172499097607937566
2025-06-15 00:00:00+00:00,2261.699438673965,0.411013,105594.01,45662.210270803965,0.9504689014118951511209092795
2025-06-16 00:00:00+00:00,2261.699438673965,0.411013,106794.53,46155.639597563965,0.9509984162630186025406369306
2025-06-17 00:00:00+00:00,2261.699438673965,0.411013,104551.17,45233.589473883965,0.9499995586249068675620496495
2025-06-18 00:00:00+00:00,2261.699438673965,0.411013,104886.78,45371.529546813965,0.9501515716735896588846003590
2025-06-19 00:00:00+00:00,2261.699438673965,0.411013,104658.59,45277.740490343965,0.9500483148191482695472561039
2025-06-20 00:00:00+00:00,2261.699438673965,0.411013,103297.99,44718.516202543965,0.9494236475014056810450273056
2025-06-21 00:00:00+00:00,2261.699438673965,0.411013,102120.01,44234.351108803965,0.9488700663176718590225128921
2025-06-22 00:00:00+00:00,2261.699438673965,0.411013,100963.87,43759.162538983965,0.9483148372261678357439856397
2025-06-23 00:00:00+00:00,2261.699438673965,0.411013,105333.93,45555.314009763965,0.9503526759097915499992043112
2025-06-24 00:00:00+00:00,2261.699438673965,0.411013,106083.0,45863.191517673965,0.9506859561266600839460959473
2025-06-25 00:00:00+00:00,2261.699438673965,0.411013,107340.58,46380.073246213965,0.9512355354277369760379400039
2025-06-26 00:00:00+00:00,2261.699438673965,0.411013,106947.06,46218.331410453965,0.9510648833557327644387890458
2025-06-27 00:00:00+00:00,2261.699438673965,0.411013,107047.59,46259.650547343965,0.9511085922199249667642992692
2025-06-28 00:00:00+00:00,2261.699438673965,0.411013,107296.79,46362.074986943965,0.9512166045348297564634002257
2025-06-29 00:00:00+00:00,2261.699438673965,0.411013,108356.93,46797.806308763965,0.9516708235477608319197271484
2025-06-30 00:00:00+00:00,2261.699438673965,0.411013,107146.5,46300.303843173965,0.9511515205961784108225184941
2025-07-01 00:00:00+00:00,2261.699438673965,0.411013,105681.14,45698.021833493965,0.9505077167910083976889356820
2025-07-02 00:00:00+00:00,2261.699438673965,0.411013,108849.6,47000.300083473965,0.9518790425878745904767894462
2025-07-03 00:00:00+00:00,2261.699438673965,0.411013,109584.78,47302.468620813965,0.9521864396379774727423110474
2025-07-04 00:00:00+00:00,2261.699438673965,0.411013,107984.24,46644.625873793965,0.9515121110673407648780096539
2025-07-05 00:00:00+00:00,2261.699438673965,0.411013,108198.12,46732.533334233965,0.9516033204855779824076633215
2025-07-06 00:00:00+00:00,2261.699438673965,0.411013,109203.84,47145.897328593965,0.9520276510401204023139163717
2025-07-07 00:00:00+00:00,2261.699438673965,0.411013,108262.94,46759.175196893965,0.9516308953451300156385844656
2025-07-08 00:00:00+00:00,2261.699438673965,0.411013,108922.98,47030.460217413965,0.9519099020460674608201336046
2025-07-09 00:00:00+00:00,2261.699438673965,0.411013,111233.99,47980.315370543965,0.9528619305394881663520438699
2025-07-10 00:00:00+00:00,2261.699438673965,0.411013,116010.0,49943.317568673965,0.9547146735784213357810896009
2025-07-11 00:00:00+00:00,2261.699438673965,0.411013,117527.66,50567.095558253965,0.9552732975128370337436644821
2025-07-12 00:00:00+00:00,26516.160785586887,0.204372,117420.0,50513.521025586887,0.4750680560922388944429001857
2025-07-13 00:00:00+00:00,26516.160785586887,0.204372,119086.64,50854.135575666887,0.4785839836735999530925044919
2025-07-14 00:00:00+00:00,2511.542699059292,0.405683,119841.18,51129.072124999292,0.9508783829888575984380854068
2025-07-15 00:00:00+00:00,2511.542699059292,0.405683,117758.09,50283.997924529292,0.9500528437927938975428238770
2025-07-16 00:00:00+00:00,2511.542699059292,0.405683,118630.43,50637.891432749292,0.9504019099532452161620510539
2025-07-17 00:00:00+00:00,2511.542699059292,0.405683,119177.56,50859.852772539292,0.9506183647386540083247286558
2025-07-18 00:00:00+00:00,2511.542699059292,0.405683,117924.84,50351.645564779292,0.9501199479999497226656960184
2025-07-19 00:00:00+00:00,2511.542699059292,0.405683,117840.0,50317.227419059292,0.9500858288923136643669551100
2025-07-20 00:00:00+00:00,2511.542699059292,0.405683,117265.12,50084.008376019292,0.9498534007062053971930590407
2025-07-21 00:00:00+00:00,2511.542699059292,0.405683,117380.36,50130.759284939292,0.9499001663871899310152456137
2025-07-22 00:00:00+00:00,2511.542699059292,0.405683,119954.42,51175.011667919292,0.9509224792100294993420202196
2025-07-23 00:00:00+00:00,2511.542699059292,0.405683,118755.99,50688.828990229292,0.9504517514195600480573166667
2025-07-24 00:00:00+00:00,2511.542699059292,0.405683,118340.99,50520.470545229292,0.9502866328845692044290643960
2025-07-25 00:00:00+00:00,2511.542699059292,0.405683,117614.31,50225.668822789292,0.9499948381390252435057075264
2025-07-26 00:00:00+00:00,2511.542699059292,0.405683,117919.99,50349.678002229292,0.9501179987894244238511858298
2025-07-27 00:00:00+00:00,2511.542699059292,0.405683,119415.55,50956.401269709292,0.9507119294832882448489327504
2025-07-28 00:00:00+00:00,2511.542699059292,0.405683,118062.32,50407.418863619292,0.9501751377936164122247751701
2025-07-29 00:00:00+00:00,2511.542699059292,0.405683,117950.76,50362.160868139292,0.9501303626420014484738067839
2025-07-30 00:00:00+00:00,2511.542699059292,0.405683,117840.3,50317.349123959292,0.9500859496220283454461342686
2025-07-31 00:00:00+00:00,2511.542699059292,0.405683,115764.08,49475.061965699292,0.9492361889147197701136107669
2025-08-01 00:00:00+00:00,2511.542699059292,0.405683,113297.93,48474.586835249292,0.9481884661009019242919509859
2025-08-02 00:00:00+00:00,25419.340892514908,0.203229,112546.35,48292.023056664908,0.4736327185405267776442323792
2025-08-03 00:00:00+00:00,2384.735751072398,0.407631,114208.8,48939.783103872398,0.9512720408668156939888731268
2025-08-04 00:00:00+00:00,2384.735751072398,0.407631,115055.03,49284.732685002398,0.9516130935250444086242836227
2025-08-05 00:00:00+00:00,2384.735751072398,0.407631,114129.75,48907.559873322398,0.9512399359679933739294896200
2025-08-06 00:00:00+00:00,2384.735751072398,0.407631,114992.27,49259.149763442398,0.9515879636062613090717246940
2025-08-07 00:00:00+00:00,2384.735751072398,0.407631,117472.01,50269.968659382398,0.9525614235562625441332669186
2025-08-08 00:00:00+00:00,2384.735751072398,0.407631,116674.74,49944.976692012398,0.9522527407355105622945349304
2025-08-09 00:00:00+00:00,26190.164442750122,0.203333,116462.25,49870.783122000122,0.4748395191894123805609859477
2025-08-10 00:00:00+00:00,26190.164442750122,0.203333,119294.01,50446.573378080122,0.4808336287489015949787625337
2025-08-11 00:00:00+00:00,2491.651795336824,0.401731,118686.0,50171.497261336824,0.9503373044189187166258686099
2025-08-12 00:00:00+00:00,2491.651795336824,0.401731,120134.08,50753.235887816824,0.9509065431641780652437331245
2025-08-13 00:00:00+00:00,2491.651795336824,0.401731,123306.43,52027.667225666824,0.9521091002498836483502354758
2025-08-14 00:00:00+00:00,2491.651795336824,0.401731,118295.09,50014.456596126824,0.9501813682500395229957015084
2025-08-15 00:00:00+00:00,26226.712812907056,0.200827,117342.05,49792.164688257056,0.4732763080876388807092753384
2025-08-16 00:00:00+00:00,26226.712812907056,0.200827,117380.66,49799.918618727056,0.4733583198458358973337984489
2025-08-17 00:00:00+00:00,26226.712812907056,0.200827,117405.01,49804.808756177056,0.4734100287122520020053849017
2025-08-18 00:00:00+00:00,2459.497650891281,0.403002,116227.05,49299.231254991281,0.9501108315833571919729232965
2025-08-19 00:00:00+00:00,2459.497650891281,0.403002,112872.94,47947.518216771281,0.9487043804901045378584274478
2025-08-20 00:00:00+00:00,2459.497650891281,0.403002,114271.24,48511.035913371281,0.9493002446848726162730697696
2025-08-21 00:00:00+00:00,2459.497650891281,0.403002,112500.0,47797.222650891281,0.9485430844202949011970425679
2025-08-22 00:00:00+00:00,2459.497650891281,0.403002,116935.99,49584.935492871281,0.9503982887858172637702622898
2025-08-23 00:00:00+00:00,2459.497650891281,0.403002,115438.05,48981.262676991281,0.9497869692108484880777494659
2025-08-24 00:00:00+00:00,2459.497650891281,0.403002,113493.59,48197.641408071281,0.9489705807371850312604091964
2025-08-25 00:00:00+00:00,2459.497650891281,0.403002,110111.98,46834.845814851281,0.9474857318712176298547755903
2025-08-26 00:00:00+00:00,2459.497650891281,0.403002,111763.22,47500.298837331281,0.9482214278416640071119219453
2025-08-27 00:00:00+00:00,2459.497650891281,0.403002,111262.01,47298.310204911281,0.9480003061370277898104493386
2025-08-28 00:00:00+00:00,2459.497650891281,0.403002,112566.9,47824.183484691281,0.9485720932030428418309994317
2025-08-29 00:00:00+00:00,2459.497650891281,0.403002,108377.4,46135.806605691281,0.9466900476692244699762342182
2025-08-30 00:00:00+00:00,2459.497650891281,0.403002,108816.33,46312.696273551281,0.9468936631034398318610429954
2025-08-31 00:00:00+00:00,2459.497650891281,0.403002,108246.35,46082.993193591281,0.9466289518009580798965307719
2025-09-01 00:00:00+00:00,2459.497650891281,0.403002,109237.42,46482.396385731281,0.9470875462082184313811450626
2025-09-02 00:00:00+00:00,2459.497650891281,0.403002,111240.01,47289.444160911281,0.9479905569935993558785850568
2025-09-03 00:00:00+00:00,2459.497650891281,0.403002,111705.71,47477.122192311281,0.9481961513815261061643288906
2025-09-04 00:00:00+00:00,2459.497650891281,0.403002,110730.87,47084.259722631281,0.9477639095234811272166082822
2025-09-05 00:00:00+00:00,2459.497650891281,0.403002,110659.99,47055.694940871281,0.9477322000242094170000734622
2025-09-06 00:00:00+00:00,2459.497650891281,0.403002,110187.97,46865.469936831281,0.9475200471859906154266367524
2025-09-07 00:00:00+00:00,2459.497650891281,0.403002,111137.34,47248.067945571281,0.9479450111330569672904515225
2025-09-08 00:00:00+00:00,2459.497650891281,0.403002,112065.23,47622.009471351281,0.9483537616704125102215314669
2025-09-09 00:00:00+00:00,2459.497650891281,0.403002,111546.39,47412.915913671281,0.9481259989288678835557074049
2025-09-10 00:00:00+00:00,2459.497650891281,0.403002,113960.0,48385.605570891281,0.9491688153558852703448926003
2025-09-11 00:00:00+00:00,2459.497650891281,0.403002,115482.69,48999.252686271281,0.9498054048571155353143696890
2025-09-12 00:00:00+00:00,2459.497650891281,0.403002,116029.42,49219.585969731281,0.9500301028049320492728971758
2025-09-13 00:00:00+00:00,2459.497650891281,0.403002,115918.29,49174.800357471281,0.9499845930636787661009915019
2025-09-14 00:00:00+00:00,2459.497650891281,0.403002,115268.01,48912.736216911281,0.9497166210456056095902328548
2025-09-15 00:00:00+00:00,2459.497650891281,0.403002,115349.71,48945.661480311281,0.9497504461783475876596357685
2025-09-16 00:00:00+00:00,2459.497650891281,0.403002,116788.96,49525.682108811281,0.9503389444392184659139234485
2025-09-17 00:00:00+00:00,2459.497650891281,0.403002,116447.59,49388.109316071281,0.9502006113424766995229612834
2025-09-18 00:00:00+00:00,2459.497650891281,0.403002,117073.53,49640.364387951281,0.9504536745204019744628180682
2025-09-19 00:00:00+00:00,2459.497650891281,0.403002,115632.38,49059.578055651281,0.9498671258831186371969239435
2025-09-20 00:00:00+00:00,2459.497650891281,0.403002,115685.63,49081.037912151281,0.9498890456372690376142131226
2025-09-21 00:00:00+00:00,2459.497650891281,0.403002,115232.29,48898.340985471281,0.9497018180714546296887513267
2025-09-22 00:00:00+00:00,2459.497650891281,0.403002,112650.99,47858.071922871281,0.9486085094515499739834367347
2025-09-23 00:00:00+00:00,2459.497650891281,0.403002,111998.8,47595.238048491281,0.9483247116363725280414962926
2025-09-24 00:00:00+00:00,2459.497650891281,0.403002,113307.0,48122.445264891281,0.9488908421558191669641112221
2025-09-25 00:00:00+00:00,2459.497650891281,0.403002,108994.49,46384.495109871281,0.9469758667187073708041955508
2025-09-26 00:00:00+00:00,2459.497650891281,0.403002,109643.46,46646.031317811281,0.9472731638382245714249723024
2025-09-27 00:00:00+00:00,2459.497650891281,0.403002,109635.85,46642.964472591281,0.9472696969692706590604010843
2025-09-28 00:00:00+00:00,2459.497650891281,0.403002,112163.95,47661.793828791281,0.9483968719321352768867226376
2025-09-29 00:00:00+00:00,2459.497650891281,0.403002,114311.96,48527.446154811281,0.9493173895233422927783052966
2025-09-30 00:00:00+00:00,2459.497650891281,0.403002,114048.93,48421.444538751281,0.9492064378847069421590815136
2025-10-01 00:00:00+00:00,2459.497650891281,0.403002,118594.99,50253.515810871281,0.9510581973976192744058120633
2025-10-02 00:00:00+00:00,26352.089802792719,0.201276,120529.35,50611.755253392719,0.4793286723438379961361700906
2025-10-03 00:00:00+00:00,26352.089802792719,0.201276,122232.0,50954.457834792719,0.4828305329391810924701239419
2025-10-04 00:00:00+00:00,26352.089802792719,0.201276,122391.0,50986.460718792719,0.4831551468509796188270390211
2025-10-05 00:00:00+00:00,26352.089802792719,0.201276,123482.31,51206.115230352719,0.4853722122006949988790388280
2025-10-06 00:00:00+00:00,26352.089802792719,0.201276,124658.54,51442.862099832719,0.4877405974875101230980752173
2025-10-07 00:00:00+00:00,26352.089802792719,0.201276,121332.95,50773.500646992719,0.4809873365634572230049276738
2025-10-08 00:00:00+00:00,26352.089802792719,0.201276,123306.0,51170.628258792719,0.4850153164131885875777330300
2025-10-09 00:00:00+00:00,26352.089802792719,0.201276,121662.4,50839.811025192719,0.4816642849098232685784548266
2025-10-10 00:00:00+00:00,26352.089802792719,0.201276,112774.5,49050.890064792719,0.4627602115275891558769342427
2025-10-11 00:00:00+00:00,26352.089802792719,0.201276,110644.4,48622.152057192719,0.4580229650922160183682137346
2025-10-12 00:00:00+00:00,26352.089802792719,0.201276,114958.8,49490.537231592719,0.4675327592530025904351112854
2025-10-13 00:00:00+00:00,26352.089802792719,0.201276,115166.0,49532.241618792719,0.4679810777472538837931111266
2025-10-14 00:00:00+00:00,26352.089802792719,0.201276,113028.14,49101.941709432719,0.4633187836290727400420736643
2025-10-15 00:00:00+00:00,26352.089802792719,0.201276,110763.28,48646.079748072719,0.4582895489366386762165383722
2025-10-16 00:00:00+00:00,26352.089802792719,0.201276,108194.28,48129.001704072719,0.4524696363988205954189868805
2025-10-17 00:00:00+00:00,26352.089802792719,0.201276,106431.68,47774.232626472719,0.4484037031253022108952609901
2025-10-18 00:00:00+00:00,26352.089802792719,0.201276,107185.01,47925.859875552719,0.4501488367403276389332748064
2025-10-19 00:00:00+00:00,26352.089802792719,0.201276,108642.78,48219.273990072719,0.4534946791563466739874577200
2025-10-20 00:00:00+00:00,2379.902408528354,0.421641,110532.09,48984.763368218354,0.9514154556461029923086889214
2025-10-21 00:00:00+00:00,2379.902408528354,0.421641,108297.67,48042.640284998354,0.9504627057461807536794843792
2025-10-22 00:00:00+00:00,25192.782698039162,0.210717,107567.44,47859.070952519162,0.4736048528181241815719991249
2025-10-23 00:00:00+00:00,25192.782698039162,0.210717,110078.18,48388.126553099162,0.4793602378799760530603022004
2025-10-24 00:00:00+00:00,25192.782698039162,0.210717,111004.89,48583.400104169162,0.4814528698275019452647208266
2025-10-25 00:00:00+00:00,25192.782698039162,0.210717,111646.27,48718.549773629162,0.4828913665308701368279274679
2025-10-26 00:00:00+00:00,25192.782698039162,0.210717,114559.4,49332.395787839162,0.4893257808442097099624327899
2025-10-27 00:00:00+00:00,25192.782698039162,0.210717,114107.65,49237.204383089162,0.4883384827857572874619934798
2025-10-28 00:00:00+00:00,25192.782698039162,0.210717,112898.45,48982.405386689162,0.4856768976705820679283278986
2025-10-29 00:00:00+00:00,25192.782698039162,0.210717,110021.29,48376.138862969162,0.4792312224545132882288595369
2025-10-30 00:00:00+00:00,25192.782698039162,0.210717,108322.88,48018.255002999162,0.4753498914846936580422379614
2025-10-31 00:00:00+00:00,25192.782698039162,0.210717,109608.01,48289.053741209162,0.4782920611148771583859620461
2025-11-01 00:00:00+00:00,25192.782698039162,0.210717,110098.1,48392.324035739162,0.4794053974462241746644572791
2025-11-02 00:00:00+00:00,2390.046230823842,0.417561,110540.68,48547.523112303842,0.9507689357231468980207199247
2025-11-03 00:00:00+00:00,2390.046230823842,0.417561,106583.04,46894.966996263842,0.9490340566608297471041148690
2025-11-04 00:00:00+00:00,18736.726872638792,0.263991,101497.22,45531.079477658792,0.5884848967432775997107665206
2025-11-05 00:00:00+00:00,18211.812176537957,0.269156,103885.16,46173.126301497957,0.6055755016972475164239441201
2025-11-06 00:00:00+00:00,18469.008697472825,0.266677,101346.04,45495.666606552825,0.5940490584038898438486563583
2025-11-07 00:00:00+00:00,18469.008697472825,0.266677,103339.08,46027.164534632825,0.5987367702484487006563324062
2025-11-08 00:00:00+00:00,18469.008697472825,0.266677,102312.94,45753.516597852825,0.5963368486010633677258151614
2025-11-09 00:00:00+00:00,18469.008697472825,0.266677,104722.96,46396.213501392825,0.6019285346008164844916626177
2025-11-10 00:00:00+00:00,18558.430420163900,0.265822,106011.13,46738.521019023900,0.6029307300372193224694667452
2025-11-11 00:00:00+00:00,35032.530063418562,0.110220,103058.99,46391.691941218562,0.2448533649557949490447650312
2025-11-12 00:00:00+00:00,35032.530063418562,0.110220,101654.37,46236.874724818562,0.2423248700973693878869908093
2025-11-13 00:00:00+00:00,23103.048053084681,0.227421,99692.02,45775.106933504681,0.4952923193244446325757099889
2025-11-14 00:00:00+00:00,23103.048053084681,0.227421,94594.0,44615.710127084681,0.4821768388920115861390598542
2025-11-15 00:00:00+00:00,23103.048053084681,0.227421,95596.24,44843.640550124681,0.4848088208346758223092016954
2025-11-16 00:00:00+00:00,23103.048053084681,0.227421,94261.44,44540.078999324681,0.4812975510565445871993616050
2025-11-17 00:00:00+00:00,23103.048053084681,0.227421,92215.14,44074.707407024681,0.4758207277536574451392208191
2025-11-18 00:00:00+00:00,23103.048053084681,0.227421,92960.83,44244.292972514681,0.4778298736192554032709917933
2025-11-19 00:00:00+00:00,23103.048053084681,0.227421,91554.96,43924.568611244681,0.4740290278645945494140270987
2025-11-20 00:00:00+00:00,23103.048053084681,0.227421,86637.23,42806.173536914681,0.4602870066589496017610637320
2025-11-21 00:00:00+00:00,23103.048053084681,0.227421,85129.43,42463.268153114681,0.4559286400241411406192240540
2025-11-22 00:00:00+00:00,23103.048053084681,0.227421,84739.74,42374.644463624681,0.4547907517450242838727547316
2025-11-23 00:00:00+00:00,23103.048053084681,0.227421,86830.0,42850.013483084681,0.4608391882489194986351993734
2025-11-24 00:00:00+00:00,23103.048053084681,0.227421,88300.01,43184.324627294681,0.4650130978664794454817677742
2025-11-25 00:00:00+00:00,23103.048053084681,0.227421,87369.96,42972.811726244681,0.4623798833490103571856344580
2025-11-26 00:00:00+00:00,23103.048053084681,0.227421,90484.02,43681.014365504681,0.4710963472650172423340412927
2025-11-27 00:00:00+00:00,23103.048053084681,0.227421,91333.95,43874.306296034681,0.4734264765988399685024862833
2025-11-28 00:00:00+00:00,23103.048053084681,0.227421,90890.7,43773.501937784681,0.4722138501525177337526499355
2025-11-29 00:00:00+00:00,23103.048053084681,0.227421,90802.44,43753.429760324681,0.4719717247392941235891794290
2025-11-30 00:00:00+00:00,23103.048053084681,0.227421,90360.0,43652.809613084681,0.4707546144713747369050004501
2025-12-01 00:00:00+00:00,23103.048053084681,0.227421,86286.01,42726.298733294681,0.4592780386314736926524226833
2025-12-02 00:00:00+00:00,23103.048053084681,0.227421,91277.88,43861.554800564681,0.4732733903726721404014380521
2025-12-03 00:00:00+00:00,30693.238084365509,0.144158,93429.95,44161.912816465509,0.3049839527575509360866037996
2025-12-04 00:00:00+00:00,30913.072889314649,0.141802,92078.06,43969.925953434649,0.2969496259317689904875328899
2025-12-05 00:00:00+00:00,30778.832948602681,0.143258,89330.04,43576.075818922681,0.2936758904931697591458388267
2025-12-06 00:00:00+00:00,30502.980963246313,0.146342,89236.79,43562.071285426313,0.2997812072941746799718272053
2025-12-07 00:00:00+00:00,30493.509565615273,0.146448,90395.31,43731.721924495273,0.3027141803777210407687258248
2025-12-08 00:00:00+00:00,30612.134602809649,0.145134,90634.34,43766.258904369649,0.3005540028061819216216346509
2025-12-09 00:00:00+00:00,30636.393031602109,0.144866,92678.8,44062.400072402109,0.3047043969175251244053451907
2025-12-10 00:00:00+00:00,30843.446010324748,0.142629,92015.37,43967.506218054748,0.2984945323631012858947720302
2025-12-11 00:00:00+00:00,30777.200945329062,0.143348,92513.38,44038.808941569062,0.3011345745938673241083935034
2025-12-12 00:00:00+00:00,30827.185619248908,0.142807,90268.42,43718.147874188908,0.2948652420509056809833015642
2025-12-13 00:00:00+00:00,30827.185619248908,0.142807,90240.01,43714.090727318908,0.2947997978147671145560343580
2025-12-14 00:00:00+00:00,30827.185619248908,0.142807,88172.17,43418.788700438908,0.2900035550983188787032860513
2025-12-15 00:00:00+00:00,30827.185619248908,0.142807,86432.08,43170.291667808908,0.2859166702773048401067529877
2025-12-16 00:00:00+00:00,30827.185619248908,0.142807,87863.42,43374.697039188908,0.2892818227318881619596726210
2025-12-17 00:00:00+00:00,30827.185619248908,0.142807,86243.22,43143.321137788908,0.2854702696439470498642185470
2025-12-18 00:00:00+00:00,30827.185619248908,0.142807,85516.41,43039.527582118908,0.2837471191933739612660545464
2025-12-19 00:00:00+00:00,30827.185619248908,0.142807,88136.94,43413.757609828908,0.2899212757324279724080675487
2025-12-20 00:00:00+00:00,30827.185619248908,0.142807,88360.9,43445.740665548908,0.2904440079279420189048419162
2025-12-21 00:00:00+00:00,30827.185619248908,0.142807,88658.86,43488.291439268908,0.2911382673587244718428014792
2025-12-22 00:00:00+00:00,30827.185619248908,0.142807,88620.79,43482.854776778908,0.2910496383574265788285945630
2025-12-23 00:00:00+00:00,30827.185619248908,0.142807,87486.0,43320.798821248908,0.2883975721119866913157896133
2025-12-24 00:00:00+00:00,30827.185619248908,0.142807,87669.45,43346.996765398908,0.2888276485199028145493304652
2025-12-25 00:00:00+00:00,30827.185619248908,0.142807,87225.27,43283.564752138908,0.2877854262748646054957218351
2025-12-26 00:00:00+00:00,30827.185619248908,0.142807,87369.56,43304.170374168908,0.2881243226024846300850150892
2025-12-27 00:00:00+00:00,30827.185619248908,0.142807,87877.01,43376.637786318908,0.2893136215142088830312493938
2025-12-28 00:00:00+00:00,30827.185619248908,0.142807,87952.71,43387.448276218908,0.2894906973327215674587990510
2025-12-29 00:00:00+00:00,30827.185619248908,0.142807,87237.13,43285.258443158908,0.2878132942250910188250687543
2025-12-30 00:00:00+00:00,30827.185619248908,0.142807,88485.49,43463.532989678908,0.2907344732751177233163266165
2025-12-31 00:00:00+00:00,30827.185619248908,0.142807,87648.22,43343.964972788908,0.2887779039457502817712909727
2026-01-01 00:00:00+00:00,30827.185619248908,0.142807,88839.04,43514.022404528908,0.2915574356086088515092708713
2026-01-02 00:00:00+00:00,30827.185619248908,0.142807,89995.13,43679.120149158908,0.2942351971839679758400503860
2026-01-03 00:00:00+00:00,30827.185619248908,0.142807,90628.01,43769.499843318908,0.2956925317949583334943006383
2026-01-04 00:00:00+00:00,30827.185619248908,0.142807,91529.73,43898.271771358908,0.2977585591567212968642445984
2026-01-05 00:00:00+00:00,30827.185619248908,0.142807,93859.71,44231.009225218908,0.3030413241922508230944333095
2026-01-06 00:00:00+00:00,30961.605470117526,0.141373,93747.97,44215.037232927526,0.2997494199312806002055753065
2026-01-07 00:00:00+00:00,30961.605470117526,0.141373,91364.16,43878.030861797526,0.2943711269168577326106025804
2026-01-08 00:00:00+00:00,30961.605470117526,0.141373,91099.99,43840.684356387526,0.2937700237882700007403467203
2026-01-09 00:00:00+00:00,30961.605470117526,0.141373,90641.28,43775.835147557526,0.2927238197568680838505221897
2026-01-10 00:00:00+00:00,30961.605470117526,0.141373,90504.7,43756.526423217526,0.2924117154398006189557091464
2026-01-11 00:00:00+00:00,30961.605470117526,0.141373,91013.65,43828.478211567526,0.2935733401314874481569879267
2026-01-12 00:00:00+00:00,30961.605470117526,0.141373,91296.2,43868.423152717526,0.2942165857584616368543930848
2026-01-13 00:00:00+00:00,30961.605470117526,0.141373,95414.0,44450.568892117526,0.3034598602042192188479142881
2026-01-14 00:00:00+00:00,31115.212872440082,0.139761,96951.78,44665.290597020082,0.3033692951162398935150820523
2026-01-15 00:00:00+00:00,31265.583250831440,0.138208,95604.8,44478.931449231440,0.2970698208764706280175896686
2026-01-16 00:00:00+00:00,31265.583250831440,0.138208,95550.94,44471.487566351440,0.2969521605459407341988649723
2026-01-17 00:00:00+00:00,31265.583250831440,0.138208,95147.77,44415.766246991440,0.2960701594797037828657128619
2026-01-18 00:00:00+00:00,31090.855389338206,0.140042,93673.14,44209.029261218206,0.2967306473609396087653660279
2026-01-19 00:00:00+00:00,31090.855389338206,0.140042,92631.0,44063.085891338206,0.2944013166483658276447886106
2026-01-20 00:00:00+00:00,31090.855389338206,0.140042,88427.66,43474.441751058206,0.2848475072464518226676656797
2026-01-21 00:00:00+00:00,31090.855389338206,0.140042,89454.73,43618.274687998206,0.2872057500730762339848473169
2026-01-22 00:00:00+00:00,31090.855389338206,0.140042,89559.67,43632.970695478206,0.2874458260858175034073463412
2026-01-23 00:00:00+00:00,31090.855389338206,0.140042,89600.26,43638.655000258206,0.2875386423079665447370967137
2026-01-24 00:00:00+00:00,31090.855389338206,0.140042,89225.34,43586.150453618206,0.2866804004078486186926361073
2026-01-25 00:00:00+00:00,31090.855389338206,0.140042,86670.36,43228.345944458206,0.2807761964965028656408062405
2026-01-26 00:00:00+00:00,30258.779683623022,0.149630,88347.08,43478.153264023022,0.3040463448418511523891170509
2026-01-27 00:00:00+00:00,30434.538283384654,0.147638,89250.0,43611.229783384654,0.3021398746480696253531081359
2026-01-28 00:00:00+00:00,30527.772410788252,0.146592,89299.99,43618.436544868252,0.3001176835078498090300313903
2026-01-29 00:00:00+00:00,30532.945077568252,0.146534,84650.16,42937.071623008252,0.2888908366725486427757956214
2026-01-30 00:00:00+00:00,30055.406081426380,0.152168,84260.49,42877.156323746380,0.2990345289111211986639032260
2026-01-31 00:00:00+00:00,30013.980392449230,0.152659,78741.09,42034.516450759230,0.2859682250036418426440703115
2026-02-01 00:00:00+00:00,30013.980392449230,0.152659,76968.21,41763.870362839230,0.2813410219960085167288186348
2026-02-02 00:00:00+00:00,30013.980392449230,0.152659,78738.61,42034.137856439230,0.2859617938410654529041279267
2026-02-03 00:00:00+00:00,30013.980392449230,0.152659,75770.21,41580.984880839230,0.2781801470440914403660028733
2026-02-04 00:00:00+00:00,30013.980392449230,0.152659,73165.83,41183.402834419230,0.2712117424312276754984125657
2026-02-05 00:00:00+00:00,30013.980392449230,0.152659,62909.86,39617.736710189230,0.2424105240537383705716820361
2026-02-06 00:00:00+00:00,27729.462119227353,0.188926,70580.26,41063.908319987353,0.3247242346454787425698100567
2026-02-07 00:00:00+00:00,28743.439273175223,0.174541,69289.38,40837.276947755223,0.2961470151413899307066320901
2026-02-08 00:00:00+00:00,28743.439273175223,0.174541,70330.38,41018.974128755223,0.2992647943131901512738000280
2026-02-09 00:00:00+00:00,28743.439273175223,0.174541,70138.0,40985.395931175223,0.2986907014039176519387105427
2026-02-10 00:00:00+00:00,28743.439273175223,0.174541,68841.29,40759.066871065223,0.2947964347638161731392842224
2026-02-11 00:00:00+00:00,28743.439273175223,0.174541,67082.52,40452.089396495223,0.2894448790656148345928689746
2026-02-12 00:00:00+00:00,28743.439273175223,0.174541,66272.17,40310.650097145223,0.2869517310213060345020288070
2026-02-13 00:00:00+00:00,28743.439273175223,0.174541,68853.96,40761.278305535223,0.2948346943949504208357248538
2026-02-14 00:00:00+00:00,28743.439273175223,0.174541,69822.95,40930.406789125223,0.2977485070875950496700295593
2026-02-15 00:00:00+00:00,28743.439273175223,0.174541,68832.58,40757.546618955223,0.2947701307465981389066013062
2026-02-16 00:00:00+00:00,28530.056537126991,0.177637,68892.43,40767.901125036991,0.3001833366494875180600556072
2026-02-17 00:00:00+00:00,28537.556049939660,0.177528,67503.52,40521.320948499660,0.2957397394273177108914654436
2026-02-18 00:00:00+00:00,28364.725160848828,0.180085,66461.0,40333.354345848828,0.2967427177608854161958114013
2026-02-19 00:00:00+00:00,28233.227499832028,0.182061,67003.73,40431.993587362028,0.3017107247302050347386293310
2026-02-20 00:00:00+00:00,28302.352373613011,0.181028,68020.01,40615.878743893011,0.3031702563404825365399365416
2026-02-21 00:00:00+00:00,28430.946843195011,0.179135,67975.93,40607.815063745011,0.2998651417574447982526299926
2026-02-22 00:00:00+00:00,28425.501699298291,0.179215,67643.4,40548.213630298291,0.2989703083230702572324393431
2026-02-23 00:00:00+00:00,28383.711470905172,0.179832,64656.02,40010.932859545172,0.2906011071887858382810138030
2026-02-24 00:00:00+00:00,28007.183265584764,0.185648,64058.15,39899.450696784764,0.2980559186534946487287803068
2026-02-25 00:00:00+00:00,27929.572140614814,0.186858,67988.04,40633.681318934814,0.3126497222490160068776052596
2026-02-26 00:00:00+00:00,28442.961436213242,0.179297,67485.18,40542.851754673242,0.2984469467435843408254111880
2026-02-27 00:00:00+00:00,28379.915901156291,0.180230,65872.1,40252.044484156291,0.2949447347369651881472671030
2026-02-28 00:00:00+00:00,28176.172492594478,0.183319,66973.26,40453.643542534478,0.3034948146767300819768816922
2026-03-01 00:00:00+00:00,28317.369249737060,0.181208,65776.47,40236.591825497060,0.2962284337463951370518945993
2026-03-02 00:00:00+00:00,28165.425640135892,0.183515,68830.06,40796.774101035892,0.3096163542151062109491496583
2026-03-03 00:00:00+00:00,28557.246951391292,0.177815,68338.0,40708.768421391292,0.2984988723858008796730042250
2026-03-04 00:00:00+00:00,28496.073348016070,0.178709,72666.77,41482.279147946070,0.3130542985262416955547632586
2026-03-05 00:00:00+00:00,29036.954723758217,0.171256,70890.72,41177.415868078217,0.2948330022266306205561825819
2026-03-06 00:00:00+00:00,28824.005188780217,0.174256,68114.02,40693.281857900217,0.2916765649565246810642494162
2026-03-07 00:00:00+00:00,28824.005188780217,0.174256,67262.91,40544.970833740217,0.2890855611420539100622643252
2026-03-08 00:00:00+00:00,28824.005188780217,0.174256,65971.2,40319.882615980217,0.2851168376825524552365396682
2026-03-09 00:00:00+00:00,28824.005188780217,0.174256,68432.16,40748.719661740217,0.2926402245751134971073731575
2026-03-10 00:00:00+00:00,28824.005188780217,0.174256,69948.63,41012.973658060217,0.2971978713590430101599821067
2026-03-11 00:00:00+00:00,28824.005188780217,0.174256,70191.86,41055.357944940217,0.2979234226276531068245920511
2026-03-12 00:00:00+00:00,28824.005188780217,0.174256,70541.34,41116.256931820217,0.2989632972530367424173980912
2026-03-13 00:00:00+00:00,28824.005188780217,0.174256,70930.0,41183.983268780217,0.3001161397948012658404355959
2026-03-14 00:00:00+00:00,28824.005188780217,0.174256,71211.95,41233.114747980217,0.3009500891466816455797085301
2026-03-15 00:00:00+00:00,28863.191964110432,0.173705,72815.24,41511.563228310432,0.3046951326461719265365937752
2026-03-16 00:00:00+00:00,29057.864984008907,0.171028,74884.67,41865.240324768907,0.3059190689318154715596191919
2026-03-17 00:00:00+00:00,29305.411012973897,0.167718,73909.36,41701.341053453897,0.2972549497770482856145438579
2026-03-18 00:00:00+00:00,29305.411012973897,0.167718,71246.54,41254.738208693897,0.2896473887501687123998540968
2026-03-19 00:00:00+00:00,29305.411012973897,0.167718,69930.0,41033.930752973897,0.2858249142790198364045434703
2026-03-20 00:00:00+00:00,29305.411012973897,0.167718,70510.73,41131.329627113897,0.2875160788953517965290272943
2026-03-21 00:00:00+00:00,29305.411012973897,0.167718,68918.12,40864.220263133897,0.2828589209761064770682533229
2026-03-22 00:00:00+00:00,29305.411012973897,0.167718,67859.0,40686.586774973897,0.2797279561676208396775707025
2026-03-23 00:00:00+00:00,29305.411012973897,0.167718,70906.45,41197.698994073897,0.2886638883111081503486911476
2026-03-24 00:00:00+00:00,29305.411012973897,0.167718,70556.74,41139.046332293897,0.2876497239079329226948748375
2026-03-25 00:00:00+00:00,29305.411012973897,0.167718,71336.53,41269.831151513897,0.2899071744348803907898847287
2026-03-26 00:00:00+00:00,29305.411012973897,0.167718,68820.31,40847.815765553897,0.2825709168594876719686527003
2026-03-27 00:00:00+00:00,29305.411012973897,0.167718,66407.28,40443.107200013897,0.2753917035097682326815958580
2026-03-28 00:00:00+00:00,29305.411012973897,0.167718,66377.03,40438.033730513897,0.2753007921139226901979002695
2026-03-29 00:00:00+00:00,29305.411012973897,0.167718,66010.93,40376.632170713897,0.2741987273958478432231334467
2026-03-30 00:00:00+00:00,29305.411012973897,0.167718,66797.37,40508.532314633897,0.2765620145070726239467084679
2026-03-31 00:00:00+00:00,29305.411012973897,0.167718,68284.48,40757.947429613897,0.2809890374488981156803590271
2026-04-01 00:00:00+00:00,29305.411012973897,0.167718,68113.92,40729.341447533897,0.2804840448814009131133191312
2026-04-02 00:00:00+00:00,29305.411012973897,0.167718,66901.99,40526.078971793897,0.2768752428930904373747217653
2026-04-03 00:00:00+00:00,29305.411012973897,0.167718,66964.3,40536.529480373897,0.2770616678676856347784530651
2026-04-04 00:00:00+00:00,29305.411012973897,0.167718,67300.42,40592.902854533897,0.2780656481259575401900252494
2026-04-05 00:00:00+00:00,29305.411012973897,0.167718,69034.18,40883.685614213897,0.2832003628658816222738424984
2026-04-06 00:00:00+00:00,29305.411012973897,0.167718,68853.66,40853.409160853897,0.2826691427981338551030266551
2026-04-07 00:00:00+00:00,29305.411012973897,0.167718,71924.22,41368.397342933897,0.2915990733206508684530480382
2026-04-08 00:00:00+00:00,29305.411012973897,0.167718,71069.93,41225.117532713897,0.2891369930062953050868159451
2026-04-09 00:00:00+00:00,29305.411012973897,0.167718,71787.97,41345.545765433897,0.2912075419385541135854320047
2026-04-10 00:00:00+00:00,29305.411012973897,0.167718,72962.7,41542.569131573897,0.2945691220935901357057996852
2026-04-11 00:00:00+00:00,29079.517032744781,0.170810,73043.16,41556.019192344781,0.3002333332712088052286560162
2026-04-12 00:00:00+00:00,29089.219143862417,0.170677,70740.98,41163.077387322417,0.2933176771467178787122150174
2026-04-13 00:00:00+00:00,28813.889235965581,0.174564,74417.99,41804.591242325581,0.3107482125840618519830920096
2026-04-14 00:00:00+00:00,29262.640983316381,0.168526,74131.55,41755.734578616381,0.2991946787998280125643604289
2026-04-15 00:00:00+00:00,29229.015735096586,0.168979,74809.99,41870.333035306586,0.3019158526766525115219035375
2026-04-16 00:00:00+00:00,29309.182501911535,0.167906,75154.29,41928.038718651535,0.3009646194379835817789103714
2026-04-17 00:00:00+00:00,29349.637998227539,0.167367,77072.0,42248.947422227539,0.3053167051734302149361022456
2026-04-18 00:00:00+00:00,29574.010842995644,0.164452,75691.76,42021.672158515644,0.2962200378072650212794254658
2026-04-19 00:00:00+00:00,29415.003088809420,0.166550,73801.79,41706.691213309420,0.2947174126481048243345916803
2026-04-20 00:00:00+00:00,29194.418327924520,0.169535,75840.97,42052.117176874520,0.3057562784501314169782858182
2026-04-21 00:00:00+00:00,29436.187994475408,0.166343,76336.15,42134.172193925408,0.3013702070852765216780161181
2026-04-22 00:00:00+00:00,29493.899330060034,0.165586,78178.23,42439.119722840034,0.3050303700294022822885242569
2026-04-23 00:00:00+00:00,29707.126492745568,0.162855,78257.48,42451.748398145568,0.3002142994411209457686599499
2026-04-24 00:00:00+00:00,29716.270714942860,0.162738,77437.13,42318.234376882860,0.2977903933729348172960922581
2026-04-25 00:00:00+00:00,29622.682592432177,0.163945,77625.0,42348.913217432177,0.3005090250996446700872019420
2026-04-26 00:00:00+00:00,29644.234288757177,0.163667,78657.55,42517.879524607177,0.3027819209186900226186913203
2026-04-27 00:00:00+00:00,29762.381452715417,0.162163,77371.32,42309.146817875417,0.2965497134501197318128996422
2026-04-28 00:00:00+00:00,29616.269444193041,0.164049,76342.77,42140.224519923041,0.2971971606323295402386504287
2026-04-29 00:00:00+00:00,29498.013630568183,0.165596,75780.0,42046.878510568183,0.2984493813695571318439186776
2026-04-30 00:00:00+00:00,29432.758108528183,0.166456,76346.57,42141.102764448183,0.3015664949955044091397529487
2026-05-01 00:00:00+00:00,29498.712048498973,0.165591,78231.13,42453.083096328973,0.3051455890361517158286818732
2026-05-02 00:00:00+00:00,29716.927545179056,0.162798,78686.85,42526.989351479056,0.3012219299237667737044892225
2026-05-03 00:00:00+00:00,29768.871930817444,0.162137,78568.57,42507.744164907444,0.2996835631801572341065138391
2026-05-04 00:00:00+00:00,29768.871930817444,0.162137,79861.01,42717.296509187444,0.3031190088442303712012329418
2026-05-05 00:00:00+00:00,29901.986682074047,0.160468,80905.52,42884.733665434047,0.3027358659761096689460031773
2026-05-06 00:00:00+00:00,30019.227994002808,0.159017,81447.01,42970.687183172808,0.3014021892170659190010789005
2026-05-07 00:00:00+00:00,30079.420429379188,0.158277,80006.0,42742.530091379188,0.2962648592614325293274875342
2026-05-08 00:00:00+00:00,30079.420429379188,0.158277,80193.17,42772.154797469188,0.2967522779292153928613994791
2026-05-09 00:00:00+00:00,30079.420429379188,0.158277,80678.4,42848.955546179188,0.2980127509301367485702198790
2026-05-10 00:00:00+00:00,30079.420429379188,0.158277,82210.07,43091.383678769188,0.3019620661612892198168584942
2026-05-11 00:00:00+00:00,30163.904618998549,0.157248,81745.65,43018.244590198549,0.2988113553598787445130533960
2026-05-12 00:00:00+00:00,30163.904618998549,0.157248,80504.47,42823.071517558549,0.2956155747345077628507096567
2026-05-13 00:00:00+00:00,30163.904618998549,0.157248,79313.61,42635.811164278549,0.2925218543919554904139216388
2026-05-14 00:00:00+00:00,30163.904618998549,0.157248,81089.99,42915.143366518549,0.2971267889895536508061879171
2026-05-15 00:00:00+00:00,30163.904618998549,0.157248,79113.21,42604.298665078549,0.2919985643673325752366896847
2026-05-16 00:00:00+00:00,30163.904618998549,0.157248,78148.05,42452.529185398549,0.2894674310859821400487451995
2026-05-17 00:00:00+00:00,30163.904618998549,0.157248,77457.67,42343.968311158549,0.2876457776148082582010165288
2026-05-18 00:00:00+00:00,30163.904618998549,0.157248,77001.87,42272.294672758549,0.2864379648063672725770521879
2026-05-19 00:00:00+00:00,30163.904618998549,0.157248,76834.36,42245.954060278549,0.2859930544837679284421065558
2026-05-20 00:00:00+00:00,30163.904618998549,0.157248,77552.23,42358.837682038549,0.2878958378079157489227053588
2026-05-21 00:00:00+00:00,30163.904618998549,0.157248,77615.52,42368.789907958549,0.2880631076666042718992796686
2026-05-22 00:00:00+00:00,29657.504425131733,0.163764,75539.5,42028.155103131733,0.2943419868810325078104392791
2026-05-23 00:00:00+00:00,29419.472578983283,0.166911,76752.01,42230.227320093283,0.3033550978546260434007729352
2026-05-24 00:00:00+00:00,29561.049233756083,0.165064,77064.96,42281.699791196083,0.3008547579747184222301419653
2026-05-25 00:00:00+00:00,29597.145713489971,0.164595,77322.01,42323.961949439971,0.3007000207389233023330982954
2026-05-26 00:00:00+00:00,29626.798766182579,0.164211,75930.01,42095.341638292579,0.2961976880778614855013109316
2026-05-27 00:00:00+00:00,29466.606255222188,0.166318,74449.3,41848.864932622188,0.2958803947809761056611305760
2026-05-28 00:00:00+00:00,29294.032047373743,0.168633,73617.51,41708.373611203743,0.2976462635429938643868392723
2026-05-29 00:00:00+00:00,29195.772321413335,0.169966,73460.78,41681.607254893335,0.2995526265848155039172725717
2026-05-30 00:00:00+00:00,29177.162582822793,0.170219,73884.38,41753.687862042793,0.3012075321531776992541375402
2026-05-31 00:00:00+00:00,29227.560012421791,0.169536,73674.39,41718.021395461791,0.2994020561195346888071776434
2026-06-01 00:00:00+00:00,29202.625696074825,0.169874,71408.9,41333.141174674825,0.2934815775877317621261600299
2026-06-02 00:00:00+00:00,28932.849662861215,0.173647,66760.83,40525.667509871215,0.2860611202563468986367403979
2026-06-03 00:00:00+00:00,28932.849662861215,0.173647,64142.75,40071.045772111215,0.2779612035232182595893286257
2026-06-04 00:00:00+00:00,28932.849662861215,0.173647,63885.99,40026.460168391215,0.2771569221674664492078462883
2026-06-05 00:00:00+00:00,28932.849662861215,0.173647,61056.47,39535.122508951215,0.2681735169453318676960262664
2026-06-06 00:00:00+00:00,28932.849662861215,0.173647,60884.62,39505.281272001215,0.2676207147177826791712917865
2026-06-07 00:00:00+00:00,28932.849662861215,0.173647,63332.01,39930.263203331215,0.2754155033857260360830508786
2026-06-08 00:00:00+00:00,28932.849662861215,0.173647,63085.99,39887.542568391215,0.2746394538281488278140098620
2026-06-09 00:00:00+00:00,28932.849662861215,0.173647,61730.0,39652.078972861215,0.2703320881948329725692468774
2026-06-10 00:00:00+00:00,28932.849662861215,0.173647,61510.99,39614.048543391215,0.2696315896324092631801659629
2026-06-11 00:00:00+00:00,28932.849662861215,0.173647,63625.99,39981.311948391215,0.2763406638529422423041987167
2026-06-12 00:00:00+00:00,28932.849662861215,0.173647,63580.01,39973.327659331215,0.2761961198367420537638826023
2026-06-13 00:00:00+00:00,28932.849662861215,0.173647,64458.01,40125.789725331215,0.2789462871407101958416268821
2026-06-14 00:00:00+00:00,28932.849662861215,0.173647,65746.45,40349.523466011215,0.2829444519404780119385484179
2026-06-15 00:00:00+00:00,28932.849662861215,0.173647,66328.74,40450.636377641215,0.2847368483217823977969440167
2026-06-16 00:00:00+00:00,28932.849662861215,0.173647,65675.01,40337.118124331215,0.2827239275329137441167929177
2026-06-17 00:00:00+00:00,28235.131845110355,0.184257,64509.4,40121.440360910355,0.2962582701138673627247237312
2026-06-18 00:00:00+00:00,28084.823323924415,0.186584,62958.01,39831.780661764415,0.2949141901937669732867339164
2026-06-19 00:00:00+00:00,27882.024109060794,0.189801,63543.91,39942.721770970794,0.3019498203218430531638374301
2026-06-20 00:00:00+00:00,27959.827654192974,0.188575,64298.01,40084.824889942974,0.3024834777011108809860484724
2026-06-21 00:00:00+00:00,28059.295794780237,0.187026,63311.99,39900.284036520237,0.2967645100195800551418646981
2026-06-22 00:00:00+00:00,27930.034805661837,0.189065,64020.01,40033.977996311837,0.3023417555898413511722841044
2026-06-23 00:00:00+00:00,28023.702194202792,0.187600,62734.57,39792.707526202792,0.2957578426713065142932290053
2026-06-24 00:00:00+00:00,27854.726818111502,0.190290,61077.99,39477.257535211502,0.2944107935241791746805557084
2026-06-25 00:00:00+00:00,27633.826284254702,0.193902,59794.0,39228.002472254702,0.2955586687392600054171520242
2026-06-26 00:00:00+00:00,27633.826284254702,0.193902,60097.27,39286.807131794702,0.2966130795116021410563116080
2026-06-27 00:00:00+00:00,27633.826284254702,0.193902,60029.0,39273.569442254702,0.2963759934047838472946870258
2026-06-28 00:00:00+00:00,27491.372581174892,0.196272,59577.01,39184.671487894892,0.2984151318030660892311002209
2026-06-29 00:00:00+00:00,27429.212633737146,0.197314,60260.21,39319.395709677146,0.3023999443870809944257189259
2026-06-30 00:00:00+00:00,27523.457429221986,0.195748,58624.71,38999.127162301986,0.2942545274237011974560823421
2026-07-01 00:00:00+00:00,27299.102504867880,0.199570,60024.0,39278.092184867880,0.3049789084362650750111171506
2026-07-02 00:00:00+00:00,27494.466417187080,0.196311,61560.0,39579.371577187080,0.3053334269452005913663041956
2026-07-03 00:00:00+00:00,27705.342721147080,0.192881,62583.26,39776.464493207080,0.3034739745188131144986084920
2026-07-04 00:00:00+00:00,27843.346920237576,0.190673,63144.01,39883.204738967576,0.3018778931515137311896731600
2026-07-05 00:00:00+00:00,27918.201422585745,0.189486,63650.0,39978.985322585745,0.3016780891931835900146144954
2026-07-06 00:00:00+00:00,27985.264887147030,0.188431,64042.02,40052.766757767030,0.3012900942300039934048434265
2026-07-07 00:00:00+00:00,28037.008263567549,0.187622,63363.99,39925.486795347549,0.2977666519814442126671257546
2026-07-08 00:00:00+00:00,28037.008263567549,0.187622,62290.0,39723.982643567549,0.2942044981960653438817716007
2026-07-09 00:00:00+00:00,28037.008263567549,0.187622,63230.0,39900.347323567549,0.2973242053207090060145448856
2026-07-10 00:00:00+00:00,27930.137254753605,0.189310,64161.72,40076.592467953605,0.3030810372142455633067460251
2026-07-11 00:00:00+00:00,28053.488001049305,0.187385,63819.0,40012.211316049305,0.2988768408859031098635048643
2026-07-12 00:00:00+00:00,28008.501010851353,0.188089,63780.0,40004.817430851353,0.2998717952090577319135982637
2026-07-13 00:00:00+00:00,28003.391977731353,0.188169,62334.52,39732.816271611353,0.2952074731803126864651138310
2026-07-14 00:00:00+00:00,27812.774873140049,0.191223,65043.98,40250.679860680049,0.3090110534925473266797001297
2026-07-15 00:00:00+00:00,28175.053629938150,0.185646,64756.28,40196.797986818150,0.2990721888052457494749315277
2026-07-16 00:00:00+00:00,28175.053629938150,0.185646,63830.2,40024.874939138150,0.2960614199849180224525144162
2026-07-17 00:00:00+00:00,28017.251990345210,0.188115,63931.67,40043.758092395210,0.3003341013673234074085870421
2026-07-18 00:00:00+00:00,28030.660187699300,0.187905,64834.22,40213.334296799300,0.3029511061973703485116359345
2026-07-19 00:00:00+00:00,28149.217301339237,0.186074,64722.54,40192.399209299237,0.2996382934307039947770109846
2026-07-20 00:00:00+00:00,28149.217301339237,0.186074,65255.51,40291.571069079237,0.3013621322167391746967260022
2026-07-21 00:00:00+00:00,28204.091012077991,0.185232,66556.16,40532.421641197991,0.3041597350943677633862333242
2026-07-22 00:00:00+00:00,28372.525046908661,0.182698,66114.49,40451.510140928661,0.2986040583389379009368895613
2026-07-23 00:00:00+00:00,28372.525046908661,0.182698,65098.97,40265.976667968661,0.2953722374383922064053057573
2026-07-24 00:00:00+00:00,28372.525046908661,0.182698,64139.99,40090.772939928661,0.2922928902014043304821869564
2026-07-25 00:00:00+00:00,28372.525046908661,0.182698,64375.0,40133.708796908661,0.2930500096444093630281221056
2026-07-26 00:00:00+00:00,28093.289969282345,0.187030,65399.99,40325.050098982345,0.3033290745994307977167642440
2026-07-27 00:00:00+00:00,28227.381623222345,0.184977,63755.86,40020.749338442345,0.2946813318133391015088301372
2026-07-28 00:00:00+00:00,28014.287900363461,0.188315,63915.0,40050.441125363461,0.3005248603211426159726927898
2026-07-29 00:00:00+00:00,28035.288598917961,0.187986,63984.28,40063.437458997961,0.3002275796326748779101778528
2026-07-30 00:00:00+00:00,28044.426457708450,0.187843,64780.02,40212.899754568450,0.3026012391826476370646718508
2026-07-31 00:00:00+00:00,28148.910200485465,0.186228,62887.88,39860.394317125465,0.2938125504596005326154883813
2026-08-01 00:00:00+00:00,27902.006264614741,0.190149,62823.64,39847.858586974741,0.2997865568180067158558114673
2026-08-02 00:00:00+00:00,27893.514046314166,0.190284,63570.0,39989.867926314166,0.3024854671260453752451055001
2026-08-03 00:00:00+00:00,27992.808291409834,0.188720,63520.0,39980.302691409834,0.2998350085672471033143046909
2026-08-04 00:00:00+00:00,27986.257226081834,0.188823,64136.0,40096.609154081834,0.3020293282522411603711093724
