timestamp,regime_id,regime_label,regime_probability,is_confirmed,consecutive_bars,is_flickering,trend_gate_raw_state,trend_gate_confirmed_state,trend_gate_cap,strategy_target_allocation_pct,final_allocation_pct
2020-06-08 00:00:00+00:00,5,STRONG_BEAR,0.9996347590520691,True,1,False,BULL_STRUCTURE,BULL_STRUCTURE,1.0,0.95,0.95
2020-06-09 00:00:00+00:00,5,STRONG_BEAR,0.9998460903712363,True,2,False,BULL_STRUCTURE,BULL_STRUCTURE,1.0,0.9511286939722933944638359076,0.9511286939722933944638359076
2020-06-10 00:00:00+00:00,5,STRONG_BEAR,0.999461084001012,True,3,False,BULL_STRUCTURE,BULL_STRUCTURE,1.0,0.9516583342357938216649330264,0.9516583342357938216649330264
2020-06-11 00:00:00+00:00,5,STRONG_BEAR,0.9998128376952992,True,4,False,BULL_STRUCTURE,BULL_STRUCTURE,1.0,0.9486706237500421203888082623,0.9486706237500421203888082623
2020-06-12 00:00:00+00:00,5,STRONG_BEAR,0.9979141907377708,True,5,False,BULL_STRUCTURE,BULL_STRUCTURE,1.0,0.9496219458293655854441062285,0.9496219458293655854441062285
2020-06-13 00:00:00+00:00,5,STRONG_BEAR,0.9942988214277823,True,6,False,BULL_STRUCTURE,BULL_STRUCTURE,1.0,0.9496634079132482926082595461,0.9496634079132482926082595461
2020-06-14 00:00:00+00:00,5,STRONG_BEAR,0.9878459212323275,True,7,False,BULL_STRUCTURE,BULL_STRUCTURE,1.0,0.9489923372939363232034033016,0.9489923372939363232034033016
2020-06-15 00:00:00+00:00,5,STRONG_BEAR,0.9944145756411957,True,8,False,BULL_STRUCTURE,BULL_STRUCTURE,1.0,0.9494234913886779122893277641,0.9494234913886779122893277641
2020-06-16 00:00:00+00:00,5,STRONG_BEAR,0.9834227943888582,True,9,False,BULL_STRUCTURE,BULL_STRUCTURE,1.0,0.9499256895301045732482602034,0.9499256895301045732482602034
2020-06-17 00:00:00+00:00,5,STRONG_BEAR,0.98724341548103,True,10,False,BULL_STRUCTURE,BULL_STRUCTURE,1.0,0.9496219963728423590544806111,0.9496219963728423590544806111
2020-06-18 00:00:00+00:00,5,STRONG_BEAR,0.9953840170059552,True,11,False,BULL_STRUCTURE,BULL_STRUCTURE,1.0,0.9492204376094778735602890299,0.9492204376094778735602890299
2020-06-19 00:00:00+00:00,5,STRONG_BEAR,0.9967770053490794,True,12,False,BULL_STRUCTURE,BULL_STRUCTURE,1.0,0.9488266672606991687670317916,0.9488266672606991687670317916
2020-06-20 00:00:00+00:00,5,STRONG_BEAR,0.9989585490529959,True,13,False,BULL_STRUCTURE,BULL_STRUCTURE,1.0,0.9490794960037067307811685332,0.9490794960037067307811685332
2020-06-21 00:00:00+00:00,5,STRONG_BEAR,0.9994892289083156,True,14,False,BULL_STRUCTURE,BULL_STRUCTURE,1.0,0.9487454946463964525472390514,0.9487454946463964525472390514
2020-06-22 00:00:00+00:00,5,STRONG_BEAR,0.9881074642991916,True,15,False,BULL_STRUCTURE,BULL_STRUCTURE,1.0,0.9507125994030212913893517228,0.9507125994030212913893517228
2020-06-23 00:00:00+00:00,5,STRONG_BEAR,0.9781045432952725,True,16,False,BULL_STRUCTURE,BULL_STRUCTURE,1.0,0.9504166906763159433084465524,0.9504166906763159433084465524
2020-06-24 00:00:00+00:00,5,STRONG_BEAR,0.990491404609181,True,17,False,BULL_STRUCTURE,BULL_STRUCTURE,1.0,0.9487549100638831414493062142,0.9487549100638831414493062142
2020-06-25 00:00:00+00:00,5,STRONG_BEAR,0.9755460812849358,True,18,False,BULL_STRUCTURE,BULL_STRUCTURE,1.0,0.9485079235196783677442198597,0.9485079235196783677442198597
2020-06-26 00:00:00+00:00,5,STRONG_BEAR,0.9475474273146931,True,19,False,BULL_STRUCTURE,BULL_STRUCTURE,1.0,0.60,0.60
2020-06-27 00:00:00+00:00,5,STRONG_BEAR,0.999799356717522,True,20,False,BULL_STRUCTURE,BULL_STRUCTURE,1.0,0.5962983332204438876700905629,0.5962983332204438876700905629
2020-06-28 00:00:00+00:00,5,STRONG_BEAR,0.9999622191273722,True,21,False,BULL_STRUCTURE,BULL_STRUCTURE,1.0,0.5990665946928621559466084161,0.5990665946928621559466084161
2020-06-29 00:00:00+00:00,5,STRONG_BEAR,0.9999614404081705,True,22,False,BULL_STRUCTURE,BULL_STRUCTURE,1.0,0.6010644718862739741493883026,0.6010644718862739741493883026
2020-06-30 00:00:00+00:00,5,STRONG_BEAR,0.9999816848207188,True,23,False,BULL_STRUCTURE,BULL_STRUCTURE,1.0,0.5996506395795072991872437744,0.5996506395795072991872437744
2020-07-01 00:00:00+00:00,5,STRONG_BEAR,0.9999738946859527,True,24,False,BULL_STRUCTURE,BULL_STRUCTURE,1.0,0.95,0.95
2020-07-02 00:00:00+00:00,5,STRONG_BEAR,0.9999819765208376,True,25,False,BULL_STRUCTURE,BULL_STRUCTURE,1.0,0.60,0.60
2020-07-03 00:00:00+00:00,5,STRONG_BEAR,0.9999944345827572,True,26,False,BULL_STRUCTURE,BULL_STRUCTURE,1.0,0.5995238502072344744417197030,0.5995238502072344744417197030
2020-07-04 00:00:00+00:00,5,STRONG_BEAR,0.9999804599355295,True,27,False,BULL_STRUCTURE,BULL_STRUCTURE,1.0,0.6015596837201308502200523963,0.6015596837201308502200523963
2020-07-05 00:00:00+00:00,5,STRONG_BEAR,0.9997775118990603,True,28,False,BULL_STRUCTURE,BULL_STRUCTURE,1.0,0.5998191701873777404923887974,0.5998191701873777404923887974
2020-07-06 00:00:00+00:00,5,STRONG_BEAR,0.9999880365318715,True,29,False,BULL_STRUCTURE,BULL_STRUCTURE,1.0,0.95,0.95
2020-07-07 00:00:00+00:00,5,STRONG_BEAR,0.9999673784305237,True,30,False,BULL_STRUCTURE,BULL_STRUCTURE,1.0,0.9499902452660041363275010312,0.9499902452660041363275010312
2020-07-08 00:00:00+00:00,5,STRONG_BEAR,0.999991310224244,True,31,False,BULL_STRUCTURE,BULL_STRUCTURE,1.0,0.9508906675890541103427742635,0.9508906675890541103427742635
2020-07-09 00:00:00+00:00,5,STRONG_BEAR,0.9999974603329482,True,32,False,BULL_STRUCTURE,BULL_STRUCTURE,1.0,0.9498618219988400487848697868,0.9498618219988400487848697868
2020-07-10 00:00:00+00:00,5,STRONG_BEAR,0.9999965987629911,True,33,False,BULL_STRUCTURE,BULL_STRUCTURE,1.0,0.9501485773018466817442521702,0.9501485773018466817442521702
2020-07-11 00:00:00+00:00,5,STRONG_BEAR,0.9999927823934186,True,34,False,BULL_STRUCTURE,BULL_STRUCTURE,1.0,0.9498700740413134231801813546,0.9498700740413134231801813546
2020-07-12 00:00:00+00:00,5,STRONG_BEAR,0.9999952656283516,True,35,False,BULL_STRUCTURE,BULL_STRUCTURE,1.0,0.9502219535070898635145592555,0.9502219535070898635145592555
2020-07-13 00:00:00+00:00,5,STRONG_BEAR,0.9990448819122468,True,36,False,BULL_STRUCTURE,BULL_STRUCTURE,1.0,0.9499143307964597592376791932,0.9499143307964597592376791932
2020-07-14 00:00:00+00:00,5,STRONG_BEAR,0.01664693013987804,False,36,False,BULL_STRUCTURE,BULL_STRUCTURE,1.0,0.475,0.475
2020-07-15 00:00:00+00:00,5,STRONG_BEAR,3.798400169963064e-07,False,36,False,BULL_STRUCTURE,BULL_STRUCTURE,1.0,0.4737188763347166328472845068,0.4737188763347166328472845068
2020-07-16 00:00:00+00:00,1,WEAK_BEAR,0.7294990302132831,True,3,False,BULL_STRUCTURE,BULL_STRUCTURE,1.0,0.95,0.95
2020-07-17 00:00:00+00:00,1,WEAK_BEAR,0.964492763041163,True,4,False,BULL_STRUCTURE,BULL_STRUCTURE,1.0,0.9506960025670627270979953175,0.9506960025670627270979953175
2020-07-18 00:00:00+00:00,1,WEAK_BEAR,0.9879572961235057,True,5,False,BULL_STRUCTURE,BULL_STRUCTURE,1.0,0.9507775877625542033311708453,0.9507775877625542033311708453
2020-07-19 00:00:00+00:00,1,WEAK_BEAR,0.9810338156848952,True,6,False,BULL_STRUCTURE,BULL_STRUCTURE,1.0,0.9509743505048165329552055565,0.9509743505048165329552055565
2020-07-20 00:00:00+00:00,1,WEAK_BEAR,0.7651978439365701,True,7,False,BULL_STRUCTURE,BULL_STRUCTURE,1.0,0.9507290577042794532398722438,0.9507290577042794532398722438
2020-07-21 00:00:00+00:00,1,WEAK_BEAR,0.00011551314720841843,False,7,False,BULL_STRUCTURE,BULL_STRUCTURE,1.0,0.475,0.475
2020-07-22 00:00:00+00:00,1,WEAK_BEAR,4.68976015450462e-05,False,7,False,BULL_STRUCTURE,BULL_STRUCTURE,1.0,0.4786761285347933816692104606,0.4786761285347933816692104606
2020-07-23 00:00:00+00:00,2,WEAK_BULL,0.999553697361333,True,3,False,BULL_STRUCTURE,BULL_STRUCTURE,1.0,0.95,0.95
2020-07-24 00:00:00+00:00,2,WEAK_BULL,0.9366165486176027,True,4,False,BULL_STRUCTURE,BULL_STRUCTURE,1.0,0.9502570063030065805174799266,0.9502570063030065805174799266
2020-07-25 00:00:00+00:00,2,WEAK_BULL,0.9862599088818309,True,5,False,BULL_STRUCTURE,BULL_STRUCTURE,1.0,0.9510500894625865606662235018,0.9510500894625865606662235018
2020-07-26 00:00:00+00:00,2,WEAK_BULL,0.9999922279450476,True,6,False,BULL_STRUCTURE,BULL_STRUCTURE,1.0,0.9521346935212264887546983393,0.9521346935212264887546983393
2020-07-27 00:00:00+00:00,2,WEAK_BULL,0.9999999998844942,True,7,False,BULL_STRUCTURE,BULL_STRUCTURE,1.0,0.9566949452622076420703633662,0.9566949452622076420703633662
2020-07-28 00:00:00+00:00,2,WEAK_BULL,0.9603015582903273,True,8,False,BULL_STRUCTURE,BULL_STRUCTURE,1.0,0.9562253138122051413047144849,0.9562253138122051413047144849
2020-07-29 00:00:00+00:00,2,WEAK_BULL,0.9999120807763083,True,9,False,BULL_STRUCTURE,BULL_STRUCTURE,1.0,0.9569584012380762160596062718,0.9569584012380762160596062718
2020-07-30 00:00:00+00:00,2,WEAK_BULL,0.9999937732621359,True,10,False,BULL_STRUCTURE,BULL_STRUCTURE,1.0,0.9569549872656224541615412172,0.9569549872656224541615412172
2020-07-31 00:00:00+00:00,2,WEAK_BULL,0.9999989082145069,True,11,False,BULL_STRUCTURE,BULL_STRUCTURE,1.0,0.9578128152620319575515093855,0.9578128152620319575515093855
2020-08-01 00:00:00+00:00,2,WEAK_BULL,1.0,True,12,False,BULL_STRUCTURE,BULL_STRUCTURE,1.0,0.9594100741594813337740073264,0.9594100741594813337740073264
2020-08-02 00:00:00+00:00,2,WEAK_BULL,0.9999998433732011,True,13,False,BULL_STRUCTURE,BULL_STRUCTURE,1.0,0.9568498544700320574858125230,0.9568498544700320574858125230
2020-08-03 00:00:00+00:00,2,WEAK_BULL,0.9999991263074841,True,14,False,BULL_STRUCTURE,BULL_STRUCTURE,1.0,0.9573964902431725874496847889,0.9573964902431725874496847889
2020-08-04 00:00:00+00:00,2,WEAK_BULL,0.9999936527230134,True,15,False,BULL_STRUCTURE,BULL_STRUCTURE,1.0,0.9572950398158251468431075914,0.9572950398158251468431075914
2020-08-05 00:00:00+00:00,2,WEAK_BULL,0.9998357040224407,True,16,False,BULL_STRUCTURE,BULL_STRUCTURE,1.0,0.9592235701665284521917662070,0.9592235701665284521917662070
2020-08-06 00:00:00+00:00,2,WEAK_BULL,0.998114940724867,True,17,False,BULL_STRUCTURE,BULL_STRUCTURE,1.0,0.9592819327388122909653692636,0.9592819327388122909653692636
2020-08-07 00:00:00+00:00,2,WEAK_BULL,0.9998806667794045,True,18,False,BULL_STRUCTURE,BULL_STRUCTURE,1.0,0.9587155129161913283082799342,0.9587155129161913283082799342
2020-08-08 00:00:00+00:00,2,WEAK_BULL,0.9998284468414854,True,19,False,BULL_STRUCTURE,BULL_STRUCTURE,1.0,0.9592784456600958594192300301,0.9592784456600958594192300301
2020-08-09 00:00:00+00:00,2,WEAK_BULL,0.9996889786668876,True,20,False,BULL_STRUCTURE,BULL_STRUCTURE,1.0,0.9590119041809123957814462303,0.9590119041809123957814462303
2020-08-10 00:00:00+00:00,2,WEAK_BULL,0.9998896188482986,True,21,False,BULL_STRUCTURE,BULL_STRUCTURE,1.0,0.9597105960574991570963107767,0.9597105960574991570963107767
2020-08-11 00:00:00+00:00,2,WEAK_BULL,0.07296325167939817,False,21,False,BULL_STRUCTURE,BULL_STRUCTURE,1.0,0.475,0.475
2020-08-12 00:00:00+00:00,2,WEAK_BULL,0.0003961817544491932,False,21,False,BULL_STRUCTURE,BULL_STRUCTURE,1.0,0.4790412513429428878413390034,0.4790412513429428878413390034
2020-08-13 00:00:00+00:00,5,STRONG_BEAR,0.9999966834666766,True,3,False,BULL_STRUCTURE,BULL_STRUCTURE,1.0,0.95,0.95
2020-08-14 00:00:00+00:00,5,STRONG_BEAR,0.9999999139822685,True,4,False,BULL_STRUCTURE,BULL_STRUCTURE,1.0,0.9504993201610546959392481472,0.9504993201610546959392481472
2020-08-15 00:00:00+00:00,5,STRONG_BEAR,0.9999999946644493,True,5,False,BULL_STRUCTURE,BULL_STRUCTURE,1.0,0.9508641159051215502419981234,0.9508641159051215502419981234
2020-08-16 00:00:00+00:00,5,STRONG_BEAR,0.9994995187367938,True,6,False,BULL_STRUCTURE,BULL_STRUCTURE,1.0,0.9510940331904914820827381594,0.9510940331904914820827381594
2020-08-17 00:00:00+00:00,5,STRONG_BEAR,0.9998079700304708,True,7,False,BULL_STRUCTURE,BULL_STRUCTURE,1.0,0.9524979515639866383280996463,0.9524979515639866383280996463
2020-08-18 00:00:00+00:00,5,STRONG_BEAR,0.9999995649273878,True,8,False,BULL_STRUCTURE,BULL_STRUCTURE,1.0,0.9512264874405335802088064984,0.9512264874405335802088064984
2020-08-19 00:00:00+00:00,5,STRONG_BEAR,0.9999999983756425,True,9,False,BULL_STRUCTURE,BULL_STRUCTURE,1.0,0.9504755045585799869207689512,0.9504755045585799869207689512
2020-08-20 00:00:00+00:00,5,STRONG_BEAR,0.9999999998790372,True,10,False,BULL_STRUCTURE,BULL_STRUCTURE,1.0,0.9508686487275646437459138459,0.9508686487275646437459138459
2020-08-21 00:00:00+00:00,5,STRONG_BEAR,0.9999999999408828,True,11,False,BULL_STRUCTURE,BULL_STRUCTURE,1.0,0.9495650537773140234731403346,0.9495650537773140234731403346
2020-08-22 00:00:00+00:00,5,STRONG_BEAR,0.999999999960437,True,12,False,BULL_STRUCTURE,BULL_STRUCTURE,1.0,0.9501058288257313346793257512,0.9501058288257313346793257512
2020-08-23 00:00:00+00:00,5,STRONG_BEAR,0.9999999972073965,True,13,False,BULL_STRUCTURE,BULL_STRUCTURE,1.0,0.9500454785650827373340959293,0.9500454785650827373340959293
2020-08-24 00:00:00+00:00,5,STRONG_BEAR,0.9999999354122359,True,14,False,BULL_STRUCTURE,BULL_STRUCTURE,1.0,0.9504499022683282489503210472,0.9504499022683282489503210472
2020-08-25 00:00:00+00:00,5,STRONG_BEAR,0.9999954393446703,True,15,False,BULL_STRUCTURE,BULL_STRUCTURE,1.0,0.9486649862659403516339009302,0.9486649862659403516339009302
2020-08-26 00:00:00+00:00,5,STRONG_BEAR,0.9999438645754232,True,16,False,BULL_STRUCTURE,BULL_STRUCTURE,1.0,0.9492730266484643209537070053,0.9492730266484643209537070053
2020-08-27 00:00:00+00:00,5,STRONG_BEAR,0.9999156681083247,True,17,False,BULL_STRUCTURE,BULL_STRUCTURE,1.0,0.9487163949861447438900000091,0.9487163949861447438900000091
2020-08-28 00:00:00+00:00,5,STRONG_BEAR,0.994611317484474,True,18,False,BULL_STRUCTURE,BULL_STRUCTURE,1.0,0.9495466486557044413805228306,0.9495466486557044413805228306
2020-08-29 00:00:00+00:00,5,STRONG_BEAR,0.9298163951370817,True,19,False,BULL_STRUCTURE,BULL_STRUCTURE,1.0,0.9492915479403987521876637412,0.9492915479403987521876637412
2020-08-30 00:00:00+00:00,5,STRONG_BEAR,0.9419862021516688,True,20,False,BULL_STRUCTURE,BULL_STRUCTURE,1.0,0.9503009741324708204642058935,0.9503009741324708204642058935
2020-08-31 00:00:00+00:00,5,STRONG_BEAR,0.884627238868856,True,21,False,BULL_STRUCTURE,BULL_STRUCTURE,1.0,0.9500511005955660087983450587,0.9500511005955660087983450587
2020-09-01 00:00:00+00:00,5,STRONG_BEAR,0.6529285324308296,True,22,False,BULL_STRUCTURE,BULL_STRUCTURE,1.0,0.9511368351303887775653180030,0.9511368351303887775653180030
2020-09-02 00:00:00+00:00,5,STRONG_BEAR,0.9501045114357426,True,23,False,BULL_STRUCTURE,BULL_STRUCTURE,1.0,0.9489649285544295379598179441,0.9489649285544295379598179441
2020-09-03 00:00:00+00:00,5,STRONG_BEAR,0.9996794833464211,True,24,False,BULL_STRUCTURE,BULL_STRUCTURE,1.0,0.60,0.60
2020-09-04 00:00:00+00:00,5,STRONG_BEAR,0.9830537777744116,True,25,False,BULL_STRUCTURE,BULL_STRUCTURE,1.0,0.6074252068426769231628122232,0.6074252068426769231628122232
2020-09-05 00:00:00+00:00,5,STRONG_BEAR,0.9996752270884792,True,26,False,BULL_STRUCTURE,BULL_STRUCTURE,1.0,0.6009381509871514345870233382,0.6009381509871514345870233382
2020-09-06 00:00:00+00:00,5,STRONG_BEAR,0.9999076068145587,True,27,False,BULL_STRUCTURE,BULL_STRUCTURE,1.0,0.6030383974037251066773314100,0.6030383974037251066773314100
2020-09-07 00:00:00+00:00,5,STRONG_BEAR,0.9999196156295679,True,28,False,BULL_STRUCTURE,BULL_STRUCTURE,1.0,0.6057560835159186176272867601,0.6057560835159186176272867601
2020-09-08 00:00:00+00:00,5,STRONG_BEAR,0.9998430543973513,True,29,False,BULL_STRUCTURE,BULL_STRUCTURE,1.0,0.5999914484527170464271611653,0.5999914484527170464271611653
2020-09-09 00:00:00+00:00,5,STRONG_BEAR,0.9999942757526823,True,30,False,BULL_STRUCTURE,BULL_STRUCTURE,1.0,0.6021729223619280670049287434,0.6021729223619280670049287434
2020-09-10 00:00:00+00:00,5,STRONG_BEAR,0.999699636680245,True,31,False,BULL_STRUCTURE,BULL_STRUCTURE,1.0,0.6049123731707358254512001558,0.6049123731707358254512001558
2020-09-11 00:00:00+00:00,5,STRONG_BEAR,0.9999983810629973,True,32,False,BULL_STRUCTURE,BULL_STRUCTURE,1.0,0.6060884686002402392049782716,0.6060884686002402392049782716
2020-09-12 00:00:00+00:00,5,STRONG_BEAR,0.9999996254365007,True,33,False,BULL_STRUCTURE,BULL_STRUCTURE,1.0,0.6073034995406704206937353389,0.6073034995406704206937353389
2020-09-13 00:00:00+00:00,5,STRONG_BEAR,0.9999980504863646,True,34,False,BULL_STRUCTURE,BULL_STRUCTURE,1.0,0.6048189443439009564886788819,0.6048189443439009564886788819
2020-09-14 00:00:00+00:00,5,STRONG_BEAR,0.9999805363306852,True,35,False,BULL_STRUCTURE,BULL_STRUCTURE,1.0,0.6125065880962665267464826411,0.6125065880962665267464826411
2020-09-15 00:00:00+00:00,5,STRONG_BEAR,0.9999336214836061,True,36,False,BULL_STRUCTURE,BULL_STRUCTURE,1.0,0.6150153911228103109004082396,0.6150153911228103109004082396
2020-09-16 00:00:00+00:00,5,STRONG_BEAR,0.9998142658881652,True,37,False,BULL_STRUCTURE,BULL_STRUCTURE,1.0,0.95,0.95
2020-09-17 00:00:00+00:00,5,STRONG_BEAR,0.9997627274894364,True,38,False,BULL_STRUCTURE,BULL_STRUCTURE,1.0,0.9503487711432064068601200804,0.9503487711432064068601200804
2020-09-18 00:00:00+00:00,5,STRONG_BEAR,0.9995910242722549,True,39,False,BULL_STRUCTURE,BULL_STRUCTURE,1.0,0.9503202879222951402308011322,0.9503202879222951402308011322
2020-09-19 00:00:00+00:00,5,STRONG_BEAR,0.9997804465434955,True,40,False,BULL_STRUCTURE,BULL_STRUCTURE,1.0,0.9509481372899709627448036698,0.9509481372899709627448036698
2020-09-20 00:00:00+00:00,5,STRONG_BEAR,0.9996640943966287,True,41,False,BULL_STRUCTURE,BULL_STRUCTURE,1.0,0.9502636128493674441779997353,0.9502636128493674441779997353
2020-09-21 00:00:00+00:00,5,STRONG_BEAR,0.9999673918783286,True,42,False,BULL_STRUCTURE,BULL_STRUCTURE,1.0,0.60,0.60
2020-09-22 00:00:00+00:00,5,STRONG_BEAR,0.999905955967278,True,43,False,BULL_STRUCTURE,BULL_STRUCTURE,1.0,0.6028433510389550301715244616,0.6028433510389550301715244616
2020-09-23 00:00:00+00:00,5,STRONG_BEAR,0.9998861041636863,True,44,False,BULL_STRUCTURE,BULL_STRUCTURE,1.0,0.5961814671367251694404837985,0.5961814671367251694404837985
2020-09-24 00:00:00+00:00,5,STRONG_BEAR,0.9964182607933367,True,45,False,BULL_STRUCTURE,BULL_STRUCTURE,1.0,0.6074885678252614507949663455,0.6074885678252614507949663455
2020-09-25 00:00:00+00:00,5,STRONG_BEAR,0.9924624944762923,True,46,False,BULL_STRUCTURE,BULL_STRUCTURE,1.0,0.6063827692742188419658299252,0.6063827692742188419658299252
2020-09-26 00:00:00+00:00,5,STRONG_BEAR,0.9951087390232969,True,47,False,BULL_STRUCTURE,BULL_STRUCTURE,1.0,0.6073170370613585854919573229,0.6073170370613585854919573229
2020-09-27 00:00:00+00:00,5,STRONG_BEAR,0.9954390181547524,True,48,False,BULL_STRUCTURE,BULL_STRUCTURE,1.0,0.6083291627068700748214616832,0.6083291627068700748214616832
2020-09-28 00:00:00+00:00,5,STRONG_BEAR,0.9993522479232676,True,49,False,BULL_STRUCTURE,BULL_STRUCTURE,1.0,0.6065937183135914805179201895,0.6065937183135914805179201895
2020-09-29 00:00:00+00:00,5,STRONG_BEAR,0.3437803753768566,False,49,False,BULL_STRUCTURE,BULL_STRUCTURE,1.0,0.6097883350556158268674625358,0.6097883350556158268674625358
2020-09-30 00:00:00+00:00,5,STRONG_BEAR,0.0014119666645498162,False,49,False,BULL_STRUCTURE,BULL_STRUCTURE,1.0,0.30,0.30
2020-10-01 00:00:00+00:00,1,WEAK_BEAR,0.9996551675368948,True,3,False,BULL_STRUCTURE,BULL_STRUCTURE,1.0,0.95,0.95
2020-10-02 00:00:00+00:00,1,WEAK_BEAR,0.9999503544245443,True,4,False,BULL_STRUCTURE,BULL_STRUCTURE,1.0,0.9505911488580287473960059330,0.9505911488580287473960059330
2020-10-03 00:00:00+00:00,1,WEAK_BEAR,0.999845702488783,True,5,False,BULL_STRUCTURE,BULL_STRUCTURE,1.0,0.9504649035626082723760113015,0.9504649035626082723760113015
2020-10-04 00:00:00+00:00,1,WEAK_BEAR,0.9999260069335353,True,6,False,BULL_STRUCTURE,BULL_STRUCTURE,1.0,0.9510150605601327775775392956,0.9510150605601327775775392956
2020-10-05 00:00:00+00:00,1,WEAK_BEAR,0.9999010164899277,True,7,False,BULL_STRUCTURE,BULL_STRUCTURE,1.0,0.9515574455703607432970477597,0.9515574455703607432970477597
2020-10-06 00:00:00+00:00,1,WEAK_BEAR,0.9999396021117152,True,8,False,BULL_STRUCTURE,BULL_STRUCTURE,1.0,0.9507208190479633526609503842,0.9507208190479633526609503842
2020-10-07 00:00:00+00:00,1,WEAK_BEAR,0.9999726340754171,True,9,False,BULL_STRUCTURE,BULL_STRUCTURE,1.0,0.9510140123622595995574333941,0.9510140123622595995574333941
2020-10-08 00:00:00+00:00,1,WEAK_BEAR,0.9994880278243063,True,10,False,BULL_STRUCTURE,BULL_STRUCTURE,1.0,0.9521204352131355723067313086,0.9521204352131355723067313086
2020-10-09 00:00:00+00:00,1,WEAK_BEAR,0.9995700827206533,True,11,False,BULL_STRUCTURE,BULL_STRUCTURE,1.0,0.9526366651730371579294526803,0.9526366651730371579294526803
2020-10-10 00:00:00+00:00,1,WEAK_BEAR,0.9962354815195199,True,12,False,BULL_STRUCTURE,BULL_STRUCTURE,1.0,0.9536068373881915045428791848,0.9536068373881915045428791848
2020-10-11 00:00:00+00:00,1,WEAK_BEAR,0.9990746905874601,True,13,False,BULL_STRUCTURE,BULL_STRUCTURE,1.0,0.9539018929904598751708390254,0.9539018929904598751708390254
2020-10-12 00:00:00+00:00,1,WEAK_BEAR,0.9568833521014045,True,14,False,BULL_STRUCTURE,BULL_STRUCTURE,1.0,0.9545096429254713012828431553,0.9545096429254713012828431553
2020-10-13 00:00:00+00:00,1,WEAK_BEAR,0.9016435716706008,True,15,False,BULL_STRUCTURE,BULL_STRUCTURE,1.0,0.9541003809537470849746083289,0.9541003809537470849746083289
2020-10-14 00:00:00+00:00,1,WEAK_BEAR,0.432673539866104,False,15,False,BULL_STRUCTURE,BULL_STRUCTURE,1.0,0.475,0.475
2020-10-15 00:00:00+00:00,1,WEAK_BEAR,0.61412407448922,True,16,False,BULL_STRUCTURE,BULL_STRUCTURE,1.0,0.95,0.95
2020-10-16 00:00:00+00:00,1,WEAK_BEAR,0.818811702071995,True,17,False,BULL_STRUCTURE,BULL_STRUCTURE,1.0,0.9498129107414866182516467647,0.9498129107414866182516467647
2020-10-17 00:00:00+00:00,1,WEAK_BEAR,0.988922354290929,True,18,False,BULL_STRUCTURE,BULL_STRUCTURE,1.0,0.9499844776110806572351715152,0.9499844776110806572351715152
2020-10-18 00:00:00+00:00,1,WEAK_BEAR,0.9988445674632478,True,19,False,BULL_STRUCTURE,BULL_STRUCTURE,1.0,0.9505752615624642542210567878,0.9505752615624642542210567878
2020-10-19 00:00:00+00:00,1,WEAK_BEAR,0.9992387905310147,True,20,False,BULL_STRUCTURE,BULL_STRUCTURE,1.0,0.9515691135464698647641485585,0.9515691135464698647641485585
2020-10-20 00:00:00+00:00,1,WEAK_BEAR,0.9994118139336028,True,21,False,BULL_STRUCTURE,BULL_STRUCTURE,1.0,0.9521828974030889410613971005,0.9521828974030889410613971005
2020-10-21 00:00:00+00:00,1,WEAK_BEAR,1.6498860441356827e-08,False,21,False,BULL_STRUCTURE,BULL_STRUCTURE,1.0,0.475,0.475
2020-10-22 00:00:00+00:00,1,WEAK_BEAR,2.678386245723339e-07,False,21,False,BULL_STRUCTURE,BULL_STRUCTURE,1.0,0.4789350338086450122662089661,0.4789350338086450122662089661
2020-10-23 00:00:00+00:00,1,WEAK_BEAR,0.0002503211389023841,False,21,False,BULL_STRUCTURE,BULL_STRUCTURE,1.0,0.4780589583272112560884317082,0.4780589583272112560884317082
2020-10-24 00:00:00+00:00,1,WEAK_BEAR,0.20629675152757623,False,21,False,BULL_STRUCTURE,BULL_STRUCTURE,1.0,0.4816763589737871065168136588,0.4816763589737871065168136588
2020-10-25 00:00:00+00:00,1,WEAK_BEAR,0.9923334856883996,True,22,False,BULL_STRUCTURE,BULL_STRUCTURE,1.0,0.95,0.95
2020-10-26 00:00:00+00:00,1,WEAK_BEAR,0.9999995778085559,True,23,False,BULL_STRUCTURE,BULL_STRUCTURE,1.0,0.9506610739861205390626541351,0.9506610739861205390626541351
2020-10-27 00:00:00+00:00,1,WEAK_BEAR,0.4444729813856938,False,23,False,BULL_STRUCTURE,BULL_STRUCTURE,1.0,0.475,0.475
2020-10-28 00:00:00+00:00,1,WEAK_BEAR,1.6116646767902323e-08,False,23,False,BULL_STRUCTURE,BULL_STRUCTURE,1.0,0.4684440677855423201468133244,0.4684440677855423201468133244
2020-10-29 00:00:00+00:00,5,STRONG_BEAR,0.9999999619076342,True,3,False,BULL_STRUCTURE,BULL_STRUCTURE,1.0,0.95,0.95
2020-10-30 00:00:00+00:00,5,STRONG_BEAR,0.9999998365342568,True,4,False,BULL_STRUCTURE,BULL_STRUCTURE,1.0,0.9509523850741444362359500734,0.9509523850741444362359500734
2020-10-31 00:00:00+00:00,5,STRONG_BEAR,0.9999978982145227,True,5,False,BULL_STRUCTURE,BULL_STRUCTURE,1.0,0.9517339438189270975705589969,0.9517339438189270975705589969
2020-11-01 00:00:00+00:00,5,STRONG_BEAR,0.6644661982340192,True,6,False,BULL_STRUCTURE,BULL_STRUCTURE,1.0,0.9516354818123829536728356548,0.9516354818123829536728356548
2020-11-02 00:00:00+00:00,5,STRONG_BEAR,0.9967728535516212,True,7,False,BULL_STRUCTURE,BULL_STRUCTURE,1.0,0.9509154498774128123031852650,0.9509154498774128123031852650
2020-11-03 00:00:00+00:00,5,STRONG_BEAR,0.9422945187380586,True,8,False,BULL_STRUCTURE,BULL_STRUCTURE,1.0,0.9524962452413149883271333182,0.9524962452413149883271333182
2020-11-04 00:00:00+00:00,5,STRONG_BEAR,0.03420161906117479,False,8,False,BULL_STRUCTURE,BULL_STRUCTURE,1.0,0.475,0.475
2020-11-05 00:00:00+00:00,5,STRONG_BEAR,1.7797753314142867e-12,False,8,False,BULL_STRUCTURE,BULL_STRUCTURE,1.0,0.4996098828508328154141075902,0.4996098828508328154141075902
2020-11-06 00:00:00+00:00,2,WEAK_BULL,1.0,True,3,False,BULL_STRUCTURE,BULL_STRUCTURE,1.0,0.95,0.95
2020-11-07 00:00:00+00:00,2,WEAK_BULL,1.0,True,4,False,BULL_STRUCTURE,BULL_STRUCTURE,1.0,0.9481464170102536230232490749,0.9481464170102536230232490749
2020-11-08 00:00:00+00:00,2,WEAK_BULL,1.0,True,5,False,BULL_STRUCTURE,BULL_STRUCTURE,1.0,0.9502376898775977009442571528,0.9502376898775977009442571528
2020-11-09 00:00:00+00:00,2,WEAK_BULL,1.0,True,6,False,BULL_STRUCTURE,BULL_STRUCTURE,1.0,0.9497853869308757330996525552,0.9497853869308757330996525552
2020-11-10 00:00:00+00:00,2,WEAK_BULL,0.9999999977826519,True,7,False,BULL_STRUCTURE,BULL_STRUCTURE,1.0,0.9496881226248777583177623051,0.9496881226248777583177623051
2020-11-11 00:00:00+00:00,2,WEAK_BULL,0.9999999203946605,True,8,False,BULL_STRUCTURE,BULL_STRUCTURE,1.0,0.9508686394961186093680873622,0.9508686394961186093680873622
2020-11-12 00:00:00+00:00,2,WEAK_BULL,0.9999999975716491,True,9,False,BULL_STRUCTURE,BULL_STRUCTURE,1.0,0.9526142093643692532827391914,0.9526142093643692532827391914
2020-11-13 00:00:00+00:00,2,WEAK_BULL,0.9999999419651447,True,10,False,BULL_STRUCTURE,BULL_STRUCTURE,1.0,0.9526939827506437352383691396,0.9526939827506437352383691396
2020-11-14 00:00:00+00:00,2,WEAK_BULL,0.9999962395538878,True,11,False,BULL_STRUCTURE,BULL_STRUCTURE,1.0,0.9519926953279313854042733544,0.9519926953279313854042733544
2020-11-15 00:00:00+00:00,2,WEAK_BULL,0.9999895020560755,True,12,False,BULL_STRUCTURE,BULL_STRUCTURE,1.0,0.9516678729158090826215306760,0.9516678729158090826215306760
2020-11-16 00:00:00+00:00,2,WEAK_BULL,0.9999748934656398,True,13,False,BULL_STRUCTURE,BULL_STRUCTURE,1.0,0.9537545364048157564372393246,0.9537545364048157564372393246
2020-11-17 00:00:00+00:00,2,WEAK_BULL,0.9999937049813392,True,14,False,BULL_STRUCTURE,BULL_STRUCTURE,1.0,0.9561226973521199154343550466,0.9561226973521199154343550466
2020-11-18 00:00:00+00:00,2,WEAK_BULL,0.9995036890833611,True,15,False,BULL_STRUCTURE,BULL_STRUCTURE,1.0,0.9563982860648855973530021125,0.9563982860648855973530021125
2020-11-19 00:00:00+00:00,2,WEAK_BULL,0.9993933199733516,True,16,False,BULL_STRUCTURE,BULL_STRUCTURE,1.0,0.9564608311533821076643984500,0.9564608311533821076643984500
2020-11-20 00:00:00+00:00,2,WEAK_BULL,0.9159954638365025,True,17,False,BULL_STRUCTURE,BULL_STRUCTURE,1.0,0.9583683744796587531318246094,0.9583683744796587531318246094
2020-11-21 00:00:00+00:00,2,WEAK_BULL,0.9789485611353234,True,18,False,BULL_STRUCTURE,BULL_STRUCTURE,1.0,0.9584710550759986042781240017,0.9584710550759986042781240017
2020-11-22 00:00:00+00:00,2,WEAK_BULL,0.04611637128719228,False,18,False,BULL_STRUCTURE,BULL_STRUCTURE,1.0,0.475,0.475
2020-11-23 00:00:00+00:00,2,WEAK_BULL,2.112459563362852e-08,False,18,False,BULL_STRUCTURE,BULL_STRUCTURE,1.0,0.4746760294681284499666851741,0.4746760294681284499666851741
2020-11-24 00:00:00+00:00,5,STRONG_BEAR,0.9999999671672418,True,3,False,BULL_STRUCTURE,BULL_STRUCTURE,1.0,0.95,0.95
2020-11-25 00:00:00+00:00,5,STRONG_BEAR,0.9999999999645297,True,4,False,BULL_STRUCTURE,BULL_STRUCTURE,1.0,0.9494682743077821671343372652,0.9494682743077821671343372652
2020-11-26 00:00:00+00:00,5,STRONG_BEAR,0.9999999515912362,True,5,False,BULL_STRUCTURE,BULL_STRUCTURE,1.0,0.9450971822508476293262779465,0.9450971822508476293262779465
2020-11-27 00:00:00+00:00,5,STRONG_BEAR,0.9999995960862086,True,6,False,BULL_STRUCTURE,BULL_STRUCTURE,1.0,0.9450670603977532274432070695,0.9450670603977532274432070695
2020-11-28 00:00:00+00:00,5,STRONG_BEAR,0.9983126791858069,True,7,False,BULL_STRUCTURE,BULL_STRUCTURE,1.0,0.9467703656137012414525952940,0.9467703656137012414525952940
2020-11-29 00:00:00+00:00,5,STRONG_BEAR,0.9982005078276914,True,8,False,BULL_STRUCTURE,BULL_STRUCTURE,1.0,0.9480611700954103963668821986,0.9480611700954103963668821986
2020-11-30 00:00:00+00:00,5,STRONG_BEAR,0.000999032388259748,False,8,False,BULL_STRUCTURE,BULL_STRUCTURE,1.0,0.475,0.475
2020-12-01 00:00:00+00:00,5,STRONG_BEAR,2.685373806164757e-06,False,8,False,BULL_STRUCTURE,BULL_STRUCTURE,1.0,0.4632356629788324011734197348,0.4632356629788324011734197348
2020-12-02 00:00:00+00:00,0,STRONG_BULL,0.9999974152721487,True,3,False,BULL_STRUCTURE,BULL_STRUCTURE,1.0,0.4689920301942396749185033627,0.4689920301942396749185033627
2020-12-03 00:00:00+00:00,0,STRONG_BULL,0.999989653333481,True,4,False,BULL_STRUCTURE,BULL_STRUCTURE,1.0,0.4718016437548081421211302712,0.4718016437548081421211302712
2020-12-04 00:00:00+00:00,0,STRONG_BULL,0.9999994431565669,True,5,False,BULL_STRUCTURE,BULL_STRUCTURE,1.0,0.4617149596261619906356297167,0.4617149596261619906356297167
2020-12-05 00:00:00+00:00,0,STRONG_BULL,0.9966792661063275,True,6,False,BULL_STRUCTURE,BULL_STRUCTURE,1.0,0.4682592364805142766186274494,0.4682592364805142766186274494
2020-12-06 00:00:00+00:00,0,STRONG_BULL,0.9986984989644797,True,7,False,BULL_STRUCTURE,BULL_STRUCTURE,1.0,0.4709984789409109694707431969,0.4709984789409109694707431969
2020-12-07 00:00:00+00:00,5,WEAK_BULL,0.9927129312684877,True,1,False,BULL_STRUCTURE,BULL_STRUCTURE,1.0,0.95,0.95
2020-12-08 00:00:00+00:00,5,WEAK_BULL,0.9655269806989396,True,2,False,BULL_STRUCTURE,BULL_STRUCTURE,1.0,0.9484393678894463391511119481,0.9484393678894463391511119481
2020-12-09 00:00:00+00:00,5,WEAK_BULL,0.7221911984090297,True,3,False,BULL_STRUCTURE,BULL_STRUCTURE,1.0,0.9490124941154183237526714720,0.9490124941154183237526714720
2020-12-10 00:00:00+00:00,5,WEAK_BULL,0.32700336442523403,False,3,False,BULL_STRUCTURE,BULL_STRUCTURE,1.0,0.475,0.475
2020-12-11 00:00:00+00:00,5,WEAK_BULL,0.19077210669304695,False,3,False,BULL_STRUCTURE,BULL_STRUCTURE,1.0,0.4722932489774315627126891056,0.4722932489774315627126891056
2020-12-12 00:00:00+00:00,3,WEAK_BEAR,0.9177671148716392,True,3,False,BULL_STRUCTURE,BULL_STRUCTURE,1.0,0.95,0.95
2020-12-13 00:00:00+00:00,3,WEAK_BEAR,0.9780892741185906,True,4,False,BULL_STRUCTURE,BULL_STRUCTURE,1.0,0.9514755794312639497275724181,0.9514755794312639497275724181
2020-12-14 00:00:00+00:00,3,WEAK_BEAR,0.9947299081879095,True,5,False,BULL_STRUCTURE,BULL_STRUCTURE,1.0,0.9517107609366068536271552985,0.9517107609366068536271552985
2020-12-15 00:00:00+00:00,3,WEAK_BEAR,0.9996779170323937,True,6,False,BULL_STRUCTURE,BULL_STRUCTURE,1.0,0.9520735395560889502396047116,0.9520735395560889502396047116
2020-12-16 00:00:00+00:00,3,WEAK_BEAR,0.9963361040712766,True,7,False,BULL_STRUCTURE,BULL_STRUCTURE,1.0,0.9561740268352902049995937493,0.9561740268352902049995937493
2020-12-17 00:00:00+00:00,3,WEAK_BEAR,3.733009862887027e-05,False,7,False,BULL_STRUCTURE,BULL_STRUCTURE,1.0,0.475,0.475
2020-12-18 00:00:00+00:00,3,WEAK_BEAR,4.526527714843889e-06,False,7,False,BULL_STRUCTURE,BULL_STRUCTURE,1.0,0.4786709954549629948354237999,0.4786709954549629948354237999
2020-12-19 00:00:00+00:00,5,WEAK_BULL,0.9999997981326691,True,3,False,BULL_STRUCTURE,BULL_STRUCTURE,1.0,0.95,0.95
2020-12-20 00:00:00+00:00,5,WEAK_BULL,0.9999999990850483,True,4,False,BULL_STRUCTURE,BULL_STRUCTURE,1.0,0.9498391366254908148481988125,0.9498391366254908148481988125
2020-12-21 00:00:00+00:00,5,WEAK_BULL,0.9999999976571416,True,5,False,BULL_STRUCTURE,BULL_STRUCTURE,1.0,0.9482985965057470915553111187,0.9482985965057470915553111187
2020-12-22 00:00:00+00:00,5,WEAK_BULL,1.0,True,6,False,BULL_STRUCTURE,BULL_STRUCTURE,1.0,0.9505505547967824902596340676,0.9505505547967824902596340676
2020-12-23 00:00:00+00:00,5,WEAK_BULL,1.0,True,7,False,BULL_STRUCTURE,BULL_STRUCTURE,1.0,0.9493825295449406879105854438,0.9493825295449406879105854438
2020-12-24 00:00:00+00:00,5,WEAK_BULL,1.0,True,8,False,BULL_STRUCTURE,BULL_STRUCTURE,1.0,0.9503889639918309023320589556,0.9503889639918309023320589556
2020-12-25 00:00:00+00:00,5,WEAK_BULL,1.0,True,9,False,BULL_STRUCTURE,BULL_STRUCTURE,1.0,0.9522686895007706406088575023,0.9522686895007706406088575023
2020-12-26 00:00:00+00:00,5,WEAK_BULL,1.0,True,10,False,BULL_STRUCTURE,BULL_STRUCTURE,1.0,0.9553339362628733428127181619,0.9553339362628733428127181619
2020-12-27 00:00:00+00:00,5,WEAK_BULL,1.0,True,11,False,BULL_STRUCTURE,BULL_STRUCTURE,1.0,0.9549902942581038933611118361,0.9549902942581038933611118361
2020-12-28 00:00:00+00:00,5,WEAK_BULL,0.999999999994543,True,12,False,BULL_STRUCTURE,BULL_STRUCTURE,1.0,0.9562582642928761617109131558,0.9562582642928761617109131558
2020-12-29 00:00:00+00:00,5,WEAK_BULL,0.9999999999517968,True,13,False,BULL_STRUCTURE,BULL_STRUCTURE,1.0,0.9567252565118548200815058108,0.9567252565118548200815058108
2020-12-30 00:00:00+00:00,5,WEAK_BULL,0.9999999999440661,True,14,False,BULL_STRUCTURE,BULL_STRUCTURE,1.0,0.9588671924731370386275242542,0.9588671924731370386275242542
2020-12-31 00:00:00+00:00,5,WEAK_BULL,0.9999999837045835,True,15,False,BULL_STRUCTURE,BULL_STRUCTURE,1.0,0.9589327735426502481849386156,0.9589327735426502481849386156
2021-01-01 00:00:00+00:00,5,WEAK_BULL,0.9999999962847141,True,16,False,BULL_STRUCTURE,BULL_STRUCTURE,1.0,0.9594809478384637881754205114,0.9594809478384637881754205114
2021-01-02 00:00:00+00:00,5,WEAK_BULL,1.0,True,17,False,BULL_STRUCTURE,BULL_STRUCTURE,1.0,0.9629325775908431143169725868,0.9629325775908431143169725868
2021-01-03 00:00:00+00:00,5,WEAK_BULL,1.0,True,18,False,BULL_STRUCTURE,BULL_STRUCTURE,1.0,0.9638221853567098174653290871,0.9638221853567098174653290871
2021-01-04 00:00:00+00:00,5,WEAK_BULL,0.999999999996362,True,19,False,BULL_STRUCTURE,BULL_STRUCTURE,1.0,0.9627210435490650110709717896,0.9627210435490650110709717896
2021-01-05 00:00:00+00:00,5,WEAK_BULL,0.9999999999990905,True,20,False,BULL_STRUCTURE,BULL_STRUCTURE,1.0,0.9647983676913275265585286208,0.9647983676913275265585286208
2021-01-06 00:00:00+00:00,5,WEAK_BULL,1.0,True,21,False,BULL_STRUCTURE,BULL_STRUCTURE,1.0,0.9674099891339254556917977764,0.9674099891339254556917977764
2021-01-07 00:00:00+00:00,5,WEAK_BULL,1.0,True,22,False,BULL_STRUCTURE,BULL_STRUCTURE,1.0,0.9695438110638987876619763254,0.9695438110638987876619763254
2021-01-08 00:00:00+00:00,5,WEAK_BULL,1.0,True,23,False,BULL_STRUCTURE,BULL_STRUCTURE,1.0,0.9703816759258713601649371381,0.9703816759258713601649371381
2021-01-09 00:00:00+00:00,5,WEAK_BULL,1.0,True,24,False,BULL_STRUCTURE,BULL_STRUCTURE,1.0,0.9700272112548933900771749090,0.9700272112548933900771749090
2021-01-10 00:00:00+00:00,5,WEAK_BULL,1.0,True,25,False,BULL_STRUCTURE,BULL_STRUCTURE,1.0,0.9685523401514796134192432001,0.9685523401514796134192432001
2021-01-11 00:00:00+00:00,5,WEAK_BULL,1.0,True,26,False,BULL_STRUCTURE,BULL_STRUCTURE,1.0,0.9661960712018283747283336130,0.9661960712018283747283336130
2021-01-12 00:00:00+00:00,5,WEAK_BULL,1.0,True,27,False,BULL_STRUCTURE,BULL_STRUCTURE,1.0,0.9648998232278257911164690642,0.9648998232278257911164690642
2021-01-13 00:00:00+00:00,5,WEAK_BULL,1.0,True,28,False,BULL_STRUCTURE,BULL_STRUCTURE,1.0,0.9679181426323068902442879421,0.9679181426323068902442879421
2021-01-14 00:00:00+00:00,5,WEAK_BULL,1.0,True,29,False,BULL_STRUCTURE,BULL_STRUCTURE,1.0,0.9693267731410462118705265104,0.9693267731410462118705265104
2021-01-15 00:00:00+00:00,5,WEAK_BULL,1.0,True,30,False,BULL_STRUCTURE,BULL_STRUCTURE,1.0,0.9673867013014556980769234533,0.9673867013014556980769234533
2021-01-16 00:00:00+00:00,5,WEAK_BULL,0.9999999999995453,True,31,False,BULL_STRUCTURE,BULL_STRUCTURE,1.0,0.9667321870884831611285306359,0.9667321870884831611285306359
2021-01-17 00:00:00+00:00,5,WEAK_BULL,0.9999999988508534,True,32,False,BULL_STRUCTURE,BULL_STRUCTURE,1.0,0.9665828703820822414762380588,0.9665828703820822414762380588
2021-01-18 00:00:00+00:00,5,WEAK_BULL,0.9999999338788279,True,33,False,BULL_STRUCTURE,BULL_STRUCTURE,1.0,0.9672911520533065636843427480,0.9672911520533065636843427480
2021-01-19 00:00:00+00:00,5,WEAK_BULL,0.9999999977485459,True,34,False,BULL_STRUCTURE,BULL_STRUCTURE,1.0,0.9666394623386457994195198086,0.9666394623386457994195198086
2021-01-20 00:00:00+00:00,5,WEAK_BULL,0.9999999756810215,True,35,False,BULL_STRUCTURE,BULL_STRUCTURE,1.0,0.9662547887117544535855010880,0.9662547887117544535855010880
2021-01-21 00:00:00+00:00,5,WEAK_BULL,0.9999999698816286,True,36,False,BULL_STRUCTURE,BULL_STRUCTURE,1.0,0.9613983060930998181152912825,0.9613983060930998181152912825
2021-01-22 00:00:00+00:00,5,WEAK_BULL,0.9999999126084769,True,37,False,BULL_STRUCTURE,BULL_STRUCTURE,1.0,0.9637641041774004143358036486,0.9637641041774004143358036486
2021-01-23 00:00:00+00:00,5,WEAK_BULL,0.9989852579756759,True,38,False,BULL_STRUCTURE,BULL_STRUCTURE,1.0,0.9628209525967211658258120920,0.9628209525967211658258120920
2021-01-24 00:00:00+00:00,5,WEAK_BULL,0.9971042415687048,True,39,False,BULL_STRUCTURE,BULL_STRUCTURE,1.0,0.9630228378173535548442130262,0.9630228378173535548442130262
2021-01-25 00:00:00+00:00,5,WEAK_BULL,0.9962082199957331,True,40,False,BULL_STRUCTURE,BULL_STRUCTURE,1.0,0.9630165448437845131544760555,0.9630165448437845131544760555
2021-01-26 00:00:00+00:00,5,WEAK_BULL,0.9772235912327742,True,41,False,BULL_STRUCTURE,BULL_STRUCTURE,1.0,0.9632508785077420329539633873,0.9632508785077420329539633873
2021-01-27 00:00:00+00:00,5,WEAK_BULL,0.9991698123757118,True,42,False,BULL_STRUCTURE,BULL_STRUCTURE,1.0,0.9608071797896771347058443162,0.9608071797896771347058443162
2021-01-28 00:00:00+00:00,5,WEAK_BULL,0.9999920523339149,True,43,False,BULL_STRUCTURE,BULL_STRUCTURE,1.0,0.9642035922185330894910071693,0.9642035922185330894910071693
2021-01-29 00:00:00+00:00,5,WEAK_BULL,0.9999999999372449,True,44,False,BULL_STRUCTURE,BULL_STRUCTURE,1.0,0.9650985709349424882016825945,0.9650985709349424882016825945
2021-01-30 00:00:00+00:00,5,WEAK_BULL,0.9999756523492624,True,45,False,BULL_STRUCTURE,BULL_STRUCTURE,1.0,0.9651090703956977341868141809,0.9651090703956977341868141809
2021-01-31 00:00:00+00:00,5,WEAK_BULL,0.9999913347917564,True,46,False,BULL_STRUCTURE,BULL_STRUCTURE,1.0,0.9639201125780604139667691778,0.9639201125780604139667691778
2021-02-01 00:00:00+00:00,5,WEAK_BULL,0.9999590990584734,True,47,False,BULL_STRUCTURE,BULL_STRUCTURE,1.0,0.9643698936448771994414408350,0.9643698936448771994414408350
2021-02-02 00:00:00+00:00,5,WEAK_BULL,0.9999992970636155,True,48,False,BULL_STRUCTURE,BULL_STRUCTURE,1.0,0.9662529591759359423458317127,0.9662529591759359423458317127
2021-02-03 00:00:00+00:00,5,WEAK_BULL,0.9999999279184547,True,49,False,BULL_STRUCTURE,BULL_STRUCTURE,1.0,0.9681224771404083198373448888,0.9681224771404083198373448888
2021-02-04 00:00:00+00:00,5,WEAK_BULL,0.9999993915823356,True,50,False,BULL_STRUCTURE,BULL_STRUCTURE,1.0,0.9675528119210484800803248438,0.9675528119210484800803248438
2021-02-05 00:00:00+00:00,5,WEAK_BULL,0.999999656302466,True,51,False,BULL_STRUCTURE,BULL_STRUCTURE,1.0,0.9686638936819831447896110566,0.9686638936819831447896110566
2021-02-06 00:00:00+00:00,5,WEAK_BULL,0.9999992707228488,True,52,False,BULL_STRUCTURE,BULL_STRUCTURE,1.0,0.9693589747910589582474949356,0.9693589747910589582474949356
2021-02-07 00:00:00+00:00,5,WEAK_BULL,0.9999728786932688,True,53,False,BULL_STRUCTURE,BULL_STRUCTURE,1.0,0.9690595245846793320334413725,0.9690595245846793320334413725
2021-02-08 00:00:00+00:00,5,WEAK_BULL,0.9999999999986358,True,54,False,BULL_STRUCTURE,BULL_STRUCTURE,1.0,0.9739846650132637833207438226,0.9739846650132637833207438226
2021-02-09 00:00:00+00:00,5,WEAK_BULL,0.9999998556090863,True,55,False,BULL_STRUCTURE,BULL_STRUCTURE,1.0,0.9740095290674742318414291063,0.9740095290674742318414291063
2021-02-10 00:00:00+00:00,5,WEAK_BULL,0.9999997997538431,True,56,False,BULL_STRUCTURE,BULL_STRUCTURE,1.0,0.9730991735066552070233479910,0.9730991735066552070233479910
2021-02-11 00:00:00+00:00,5,WEAK_BULL,0.9999999980263965,True,57,False,BULL_STRUCTURE,BULL_STRUCTURE,1.0,0.9748277175957681919413985624,0.9748277175957681919413985624
2021-02-12 00:00:00+00:00,5,WEAK_BULL,0.9999999998367457,True,58,False,BULL_STRUCTURE,BULL_STRUCTURE,1.0,0.9744739869944664892679114322,0.9744739869944664892679114322
2021-02-13 00:00:00+00:00,5,WEAK_BULL,0.9999898897505726,True,59,False,BULL_STRUCTURE,BULL_STRUCTURE,1.0,0.9744033521356310108688648411,0.9744033521356310108688648411
2021-02-14 00:00:00+00:00,5,WEAK_BULL,0.999992347385337,True,60,False,BULL_STRUCTURE,BULL_STRUCTURE,1.0,0.9751350817098191000158581179,0.9751350817098191000158581179
2021-02-15 00:00:00+00:00,5,WEAK_BULL,0.9999977283917696,True,61,False,BULL_STRUCTURE,BULL_STRUCTURE,1.0,0.9747978026512885839846082943,0.9747978026512885839846082943
2021-02-16 00:00:00+00:00,5,WEAK_BULL,0.9999957825109765,True,62,False,BULL_STRUCTURE,BULL_STRUCTURE,1.0,0.9754093690946543094882381581,0.9754093690946543094882381581
2021-02-17 00:00:00+00:00,5,WEAK_BULL,0.9999999285428228,True,63,False,BULL_STRUCTURE,BULL_STRUCTURE,1.0,0.9767856102814870384686076079,0.9767856102814870384686076079
2021-02-18 00:00:00+00:00,5,WEAK_BULL,0.9999994935302684,True,64,False,BULL_STRUCTURE,BULL_STRUCTURE,1.0,0.9765362298549250025391891731,0.9765362298549250025391891731
2021-02-19 00:00:00+00:00,5,WEAK_BULL,0.9999998699313521,True,65,False,BULL_STRUCTURE,BULL_STRUCTURE,1.0,0.9783237483509141078189282092,0.9783237483509141078189282092
2021-02-20 00:00:00+00:00,5,WEAK_BULL,0.9999994112651535,True,66,False,BULL_STRUCTURE,BULL_STRUCTURE,1.0,0.9782991365603233447188890663,0.9782991365603233447188890663
2021-02-21 00:00:00+00:00,5,WEAK_BULL,0.9999996897823192,True,67,False,BULL_STRUCTURE,BULL_STRUCTURE,1.0,0.9788791040417879777244592154,0.9788791040417879777244592154
2021-02-22 00:00:00+00:00,5,WEAK_BULL,0.9999929917075879,True,68,False,BULL_STRUCTURE,BULL_STRUCTURE,1.0,0.9776113468122843343582799463,0.9776113468122843343582799463
2021-02-23 00:00:00+00:00,5,WEAK_BULL,0.9999998057865203,True,69,False,BULL_STRUCTURE,BULL_STRUCTURE,1.0,0.9752904375921302475062143124,0.9752904375921302475062143124
2021-02-24 00:00:00+00:00,5,WEAK_BULL,0.9999803914250895,True,70,False,BULL_STRUCTURE,BULL_STRUCTURE,1.0,0.9756715039413561387901257944,0.9756715039413561387901257944
2021-02-25 00:00:00+00:00,5,WEAK_BULL,0.9999680848268155,True,71,False,BULL_STRUCTURE,BULL_STRUCTURE,1.0,0.9743609881166029092041744794,0.9743609881166029092041744794
2021-02-26 00:00:00+00:00,5,WEAK_BULL,0.9999999807005227,True,72,False,BULL_STRUCTURE,BULL_STRUCTURE,1.0,0.9739310088376842666835719536,0.9739310088376842666835719536
2021-02-27 00:00:00+00:00,5,WEAK_BULL,0.9999739853965902,True,73,False,BULL_STRUCTURE,BULL_STRUCTURE,1.0,0.9738371617937691880922321438,0.9738371617937691880922321438
2021-02-28 00:00:00+00:00,5,WEAK_BULL,0.9986831314848255,True,74,False,BULL_STRUCTURE,BULL_STRUCTURE,1.0,0.9732894861380931864490026236,0.9732894861380931864490026236
2021-03-01 00:00:00+00:00,5,WEAK_BULL,0.9999993925286643,True,75,False,BULL_STRUCTURE,BULL_STRUCTURE,1.0,0.9756288213721201074354902767,0.9756288213721201074354902767
2021-03-02 00:00:00+00:00,5,WEAK_BULL,0.9980442117580863,True,76,False,BULL_STRUCTURE,BULL_STRUCTURE,1.0,0.9750664420014849939436919605,0.9750664420014849939436919605
2021-03-03 00:00:00+00:00,5,WEAK_BULL,0.9997453390950933,True,77,False,BULL_STRUCTURE,BULL_STRUCTURE,1.0,0.9759889653087118158031838179,0.9759889653087118158031838179
2021-03-04 00:00:00+00:00,5,WEAK_BULL,0.9905238951236237,True,78,False,BULL_STRUCTURE,BULL_STRUCTURE,1.0,0.9750329913891501111863453326,0.9750329913891501111863453326
2021-03-05 00:00:00+00:00,5,WEAK_BULL,0.5997831944577398,True,79,False,BULL_STRUCTURE,BULL_STRUCTURE,1.0,0.9752215884638401278906952824,0.9752215884638401278906952824
2021-03-06 00:00:00+00:00,5,WEAK_BULL,0.09527424834577425,False,79,False,BULL_STRUCTURE,BULL_STRUCTURE,1.0,0.475,0.475
2021-03-07 00:00:00+00:00,5,WEAK_BULL,0.004085699044463268,False,79,False,BULL_STRUCTURE,BULL_STRUCTURE,1.0,0.4857573944766796116776808332,0.4857573944766796116776808332
2021-03-08 00:00:00+00:00,3,WEAK_BEAR,0.9999167998655731,True,3,False,BULL_STRUCTURE,BULL_STRUCTURE,1.0,0.95,0.95
2021-03-09 00:00:00+00:00,3,WEAK_BEAR,0.9999953796266128,True,4,False,BULL_STRUCTURE,BULL_STRUCTURE,1.0,0.9527176967327833576119650652,0.9527176967327833576119650652
2021-03-10 00:00:00+00:00,3,WEAK_BEAR,0.9999990395194865,True,5,False,BULL_STRUCTURE,BULL_STRUCTURE,1.0,0.9534983351399423361949061363,0.9534983351399423361949061363
2021-03-11 00:00:00+00:00,3,WEAK_BEAR,0.9999998048792994,True,6,False,BULL_STRUCTURE,BULL_STRUCTURE,1.0,0.9549753700488804891357218733,0.9549753700488804891357218733
2021-03-12 00:00:00+00:00,3,WEAK_BEAR,0.9999998949547317,True,7,False,BULL_STRUCTURE,BULL_STRUCTURE,1.0,0.9545611879907255076172680658,0.9545611879907255076172680658
2021-03-13 00:00:00+00:00,3,WEAK_BEAR,0.9999939900074944,True,8,False,BULL_STRUCTURE,BULL_STRUCTURE,1.0,0.9573813169085210361482948756,0.9573813169085210361482948756
2021-03-14 00:00:00+00:00,3,WEAK_BEAR,0.9998208135344183,True,9,False,BULL_STRUCTURE,BULL_STRUCTURE,1.0,0.9558476232083273190154876944,0.9558476232083273190154876944
2021-03-15 00:00:00+00:00,3,WEAK_BEAR,0.9937118332228387,True,10,False,BULL_STRUCTURE,BULL_STRUCTURE,1.0,0.9533019056751052191457023095,0.9533019056751052191457023095
2021-03-16 00:00:00+00:00,3,WEAK_BEAR,0.20626966822678233,False,10,False,BULL_STRUCTURE,BULL_STRUCTURE,1.0,0.475,0.475
2021-03-17 00:00:00+00:00,3,WEAK_BEAR,6.40060652257002e-05,False,10,False,BULL_STRUCTURE,BULL_STRUCTURE,1.0,0.4839694023192324469304631362,0.4839694023192324469304631362
2021-03-18 00:00:00+00:00,5,WEAK_BULL,0.9999998419525706,True,3,False,BULL_STRUCTURE,BULL_STRUCTURE,1.0,0.95,0.95
2021-03-19 00:00:00+00:00,5,WEAK_BULL,0.999996459307924,True,4,False,BULL_STRUCTURE,BULL_STRUCTURE,1.0,0.9508974431954929808317874723,0.9508974431954929808317874723
2021-03-20 00:00:00+00:00,5,WEAK_BULL,0.9988896575680436,True,5,False,BULL_STRUCTURE,BULL_STRUCTURE,1.0,0.9509555235410836968828022141,0.9509555235410836968828022141
2021-03-21 00:00:00+00:00,5,WEAK_BULL,0.7156179773138388,True,6,False,BULL_STRUCTURE,BULL_STRUCTURE,1.0,0.9503454188854716586845199324,0.9503454188854716586845199324
2021-03-22 00:00:00+00:00,5,WEAK_BULL,0.892007907182764,True,7,False,BULL_STRUCTURE,BULL_STRUCTURE,1.0,0.9475022671274574476032686095,0.9475022671274574476032686095
2021-03-23 00:00:00+00:00,5,WEAK_BULL,0.37654429297257613,False,7,False,BULL_STRUCTURE,BULL_STRUCTURE,1.0,0.475,0.475
2021-03-24 00:00:00+00:00,5,WEAK_BULL,0.9160114278994453,True,8,False,BULL_STRUCTURE,BULL_STRUCTURE,1.0,0.95,0.95
2021-03-25 00:00:00+00:00,5,WEAK_BULL,0.9967560410677834,True,9,False,BULL_STRUCTURE,BULL_STRUCTURE,1.0,0.9496737768679476721876192009,0.9496737768679476721876192009
2021-03-26 00:00:00+00:00,5,WEAK_BULL,0.9986397435311889,True,10,False,BULL_STRUCTURE,BULL_STRUCTURE,1.0,0.9529262103819532911749729244,0.9529262103819532911749729244
2021-03-27 00:00:00+00:00,5,WEAK_BULL,0.3722095287094493,False,10,False,BULL_STRUCTURE,BULL_STRUCTURE,1.0,0.475,0.475
2021-03-28 00:00:00+00:00,5,WEAK_BULL,0.008304652768178057,False,10,False,BULL_STRUCTURE,BULL_STRUCTURE,1.0,0.4751187594357728567168115931,0.4751187594357728567168115931
2021-03-29 00:00:00+00:00,3,WEAK_BEAR,0.9999579305176738,True,3,False,BULL_STRUCTURE,BULL_STRUCTURE,1.0,0.95,0.95
2021-03-30 00:00:00+00:00,3,WEAK_BEAR,0.9999928970685107,True,4,False,BULL_STRUCTURE,BULL_STRUCTURE,1.0,0.9514654081381758236989763300,0.9514654081381758236989763300
2021-03-31 00:00:00+00:00,3,WEAK_BEAR,0.999999933777874,True,5,False,BULL_STRUCTURE,BULL_STRUCTURE,1.0,0.9514606755282757252301492581,0.9514606755282757252301492581
2021-04-01 00:00:00+00:00,3,WEAK_BEAR,0.9999999985566319,True,6,False,BULL_STRUCTURE,BULL_STRUCTURE,1.0,0.9514448594020864177076090298,0.9514448594020864177076090298
2021-04-02 00:00:00+00:00,3,WEAK_BEAR,0.999999999998181,True,7,False,BULL_STRUCTURE,BULL_STRUCTURE,1.0,0.9516248012678532875292290347,0.9516248012678532875292290347
2021-04-03 00:00:00+00:00,3,WEAK_BEAR,1.0,True,8,False,BULL_STRUCTURE,BULL_STRUCTURE,1.0,0.9500957152050794308357442025,0.9500957152050794308357442025
2021-04-04 00:00:00+00:00,3,WEAK_BEAR,0.9999999999995453,True,9,False,BULL_STRUCTURE,BULL_STRUCTURE,1.0,0.9510335362176605493108004740,0.9510335362176605493108004740
2021-04-05 00:00:00+00:00,3,WEAK_BEAR,0.9999999999899956,True,10,False,BULL_STRUCTURE,BULL_STRUCTURE,1.0,0.9517649434605908415039641973,0.9517649434605908415039641973
2021-04-06 00:00:00+00:00,3,WEAK_BEAR,0.9999999999809006,True,11,False,BULL_STRUCTURE,BULL_STRUCTURE,1.0,0.9508642390326117115036265129,0.9508642390326117115036265129
2021-04-07 00:00:00+00:00,3,WEAK_BEAR,0.9999999996375664,True,12,False,BULL_STRUCTURE,BULL_STRUCTURE,1.0,0.9491657875790802042052905091,0.9491657875790802042052905091
2021-04-08 00:00:00+00:00,3,WEAK_BEAR,0.9999999999990905,True,13,False,BULL_STRUCTURE,BULL_STRUCTURE,1.0,0.9509337259096170631911434991,0.9509337259096170631911434991
2021-04-09 00:00:00+00:00,3,WEAK_BEAR,0.9999999999995453,True,14,False,BULL_STRUCTURE,BULL_STRUCTURE,1.0,0.9509859066366978944107608655,0.9509859066366978944107608655
2021-04-10 00:00:00+00:00,3,WEAK_BEAR,0.9999998634180067,True,15,False,BULL_STRUCTURE,BULL_STRUCTURE,1.0,0.9522561177521565788500169651,0.9522561177521565788500169651
2021-04-11 00:00:00+00:00,3,WEAK_BEAR,0.9999999916317392,True,16,False,BULL_STRUCTURE,BULL_STRUCTURE,1.0,0.9524329241719516122866993706,0.9524329241719516122866993706
2021-04-12 00:00:00+00:00,3,WEAK_BEAR,0.9999974717952809,True,17,False,BULL_STRUCTURE,BULL_STRUCTURE,1.0,0.9523251396338466256732208819,0.9523251396338466256732208819
2021-04-13 00:00:00+00:00,3,WEAK_BEAR,0.00018446666725751117,False,17,False,BULL_STRUCTURE,BULL_STRUCTURE,1.0,0.475,0.475
2021-04-14 00:00:00+00:00,3,WEAK_BEAR,6.138545871907369e-11,False,17,False,BULL_STRUCTURE,BULL_STRUCTURE,1.0,0.4728699395911276301718371988,0.4728699395911276301718371988
2021-04-15 00:00:00+00:00,0,STRONG_BULL,0.9999998436510518,True,3,False,BULL_STRUCTURE,BULL_STRUCTURE,1.0,0.95,0.95
2021-04-16 00:00:00+00:00,0,STRONG_BULL,0.9999999269716708,True,4,False,BULL_STRUCTURE,BULL_STRUCTURE,1.0,0.9491939239844569971324118796,0.9491939239844569971324118796
2021-04-17 00:00:00+00:00,0,STRONG_BULL,0.9999975901911898,True,5,False,BULL_STRUCTURE,BULL_STRUCTURE,1.0,0.9481277528627853486179945968,0.9481277528627853486179945968
2021-04-18 00:00:00+00:00,0,STRONG_BULL,0.8637971309717396,True,6,False,BULL_STRUCTURE,BULL_STRUCTURE,1.0,0.9447617247248005408010288330,0.9447617247248005408010288330
2021-04-19 00:00:00+00:00,0,STRONG_BULL,0.7275202028773108,True,7,False,BULL_STRUCTURE,BULL_STRUCTURE,1.0,0.9442771203505816362701152753,0.9442771203505816362701152753
2021-04-20 00:00:00+00:00,0,STRONG_BULL,0.5388941773874429,True,8,False,BULL_STRUCTURE,BULL_STRUCTURE,1.0,0.475,0.475
2021-04-21 00:00:00+00:00,0,STRONG_BULL,0.018234343157645334,False,8,False,BULL_STRUCTURE,BULL_STRUCTURE,1.0,0.4633682071258555414941283571,0.4633682071258555414941283571
2021-04-22 00:00:00+00:00,0,STRONG_BULL,6.71785434797088e-05,False,8,False,BULL_STRUCTURE,BULL_STRUCTURE,1.0,0.4534970881805955557676139732,0.4534970881805955557676139732
2021-04-23 00:00:00+00:00,5,WEAK_BULL,0.9986768176624559,True,3,False,BULL_STRUCTURE,BULL_STRUCTURE,1.0,0.4507706734596384348632475250,0.4507706734596384348632475250
2021-04-24 00:00:00+00:00,5,WEAK_BULL,0.9906198480924002,True,4,False,BULL_STRUCTURE,BULL_STRUCTURE,1.0,0.4455037572296532517108313940,0.4455037572296532517108313940
2021-04-25 00:00:00+00:00,5,WEAK_BULL,0.9821473179820014,True,5,False,BULL_STRUCTURE,BULL_STRUCTURE,1.0,0.4406186510235408189692626325,0.4406186510235408189692626325
2021-04-26 00:00:00+00:00,5,WEAK_BULL,0.9586184284344542,True,6,False,BULL_STRUCTURE,BULL_STRUCTURE,1.0,0.4643545948263836203959022332,0.4643545948263836203959022332
2021-04-27 00:00:00+00:00,5,WEAK_BULL,0.7394654131123726,True,7,False,BULL_STRUCTURE,BULL_STRUCTURE,1.0,0.95,0.95
2021-04-28 00:00:00+00:00,5,WEAK_BULL,0.05079569863160952,False,7,False,BULL_STRUCTURE,BULL_STRUCTURE,1.0,0.475,0.475
2021-04-29 00:00:00+00:00,5,WEAK_BULL,0.001391991809436004,False,7,False,BULL_STRUCTURE,BULL_STRUCTURE,1.0,0.4693557898620042558884780433,0.4693557898620042558884780433
2021-04-30 00:00:00+00:00,0,STRONG_BULL,0.9999933983258048,True,3,False,BULL_STRUCTURE,BULL_STRUCTURE,1.0,0.95,0.95
2021-05-01 00:00:00+00:00,0,STRONG_BULL,0.9999332755271163,True,4,False,BULL_STRUCTURE,BULL_STRUCTURE,1.0,0.9506542219326424899646278058,0.9506542219326424899646278058
2021-05-02 00:00:00+00:00,0,STRONG_BULL,0.9999213288890098,True,5,False,BULL_STRUCTURE,BULL_STRUCTURE,1.0,0.9496419696527217798765905910,0.9496419696527217798765905910
2021-05-03 00:00:00+00:00,0,STRONG_BULL,0.9999237768899757,True,6,False,BULL_STRUCTURE,BULL_STRUCTURE,1.0,0.9501367483874864889355866601,0.9501367483874864889355866601
2021-05-04 00:00:00+00:00,0,STRONG_BULL,0.9258855016522284,True,7,False,BULL_STRUCTURE,BULL_STRUCTURE,1.0,0.9466149465446755568653092536,0.9466149465446755568653092536
2021-05-05 00:00:00+00:00,0,STRONG_BULL,0.9999862185849585,True,8,False,BULL_STRUCTURE,BULL_STRUCTURE,1.0,0.9503568067359229383552509542,0.9503568067359229383552509542
2021-05-06 00:00:00+00:00,0,STRONG_BULL,0.9996837374376601,True,9,False,BULL_STRUCTURE,BULL_STRUCTURE,1.0,0.9494855131478569614737081759,0.9494855131478569614737081759
2021-05-07 00:00:00+00:00,0,STRONG_BULL,0.9999673008163262,True,10,False,BULL_STRUCTURE,BULL_STRUCTURE,1.0,0.9502569195184039953053221036,0.9502569195184039953053221036
2021-05-08 00:00:00+00:00,0,STRONG_BULL,0.9997141907442015,True,11,False,BULL_STRUCTURE,BULL_STRUCTURE,1.0,0.9515010934874267796250480637,0.9515010934874267796250480637
2021-05-09 00:00:00+00:00,0,STRONG_BULL,0.9996268837696289,True,12,False,BULL_STRUCTURE,BULL_STRUCTURE,1.0,0.9510091361480653001749905242,0.9510091361480653001749905242
2021-05-10 00:00:00+00:00,0,STRONG_BULL,0.9930012695813183,True,13,False,BULL_STRUCTURE,BULL_STRUCTURE,1.0,0.9489894926559288543117170458,0.9489894926559288543117170458
2021-05-11 00:00:00+00:00,0,STRONG_BULL,0.9992703577256744,True,14,False,BULL_STRUCTURE,BULL_STRUCTURE,1.0,0.9497194516290601988361563301,0.9497194516290601988361563301
2021-05-12 00:00:00+00:00,0,STRONG_BULL,0.03574405061785418,False,14,False,BULL_STRUCTURE,BULL_STRUCTURE,1.0,0.475,0.475
2021-05-13 00:00:00+00:00,0,STRONG_BULL,0.0006822646628583534,False,14,False,BULL_STRUCTURE,BULL_STRUCTURE,1.0,0.4759613058803111567117283420,0.4759613058803111567117283420
2021-05-14 00:00:00+00:00,0,STRONG_BULL,0.9875461430402014,True,15,False,BULL_STRUCTURE,BULL_STRUCTURE,1.0,0.95,0.95
2021-05-15 00:00:00+00:00,0,STRONG_BULL,0.9999999721994758,True,16,False,BULL_STRUCTURE,BULL_STRUCTURE,1.0,0.9474983984443402991451310399,0.9474983984443402991451310399
2021-05-16 00:00:00+00:00,0,STRONG_BULL,0.9999050078804769,True,17,False,BULL_STRUCTURE,BULL_STRUCTURE,1.0,0.9471433840197044130130642824,0.9471433840197044130130642824
2021-05-17 00:00:00+00:00,0,STRONG_BULL,0.9999944606168985,True,18,False,BULL_STRUCTURE,BULL_STRUCTURE,1.0,0.9438279468915938753029509151,0.9438279468915938753029509151
2021-05-18 00:00:00+00:00,0,STRONG_BULL,0.9999999950459824,True,19,False,BULL_STRUCTURE,BULL_STRUCTURE,1.0,0.9429771509668093746746608797,0.9429771509668093746746608797
2021-05-19 00:00:00+00:00,0,STRONG_BULL,0.457411763080034,False,19,False,TRANSITION,BULL_STRUCTURE,0.6,0.475,0.475
2021-05-20 00:00:00+00:00,0,STRONG_BULL,1.0,True,20,False,TRANSITION,BULL_STRUCTURE,0.6,0.95,0.6
2021-05-21 00:00:00+00:00,0,STRONG_BULL,1.0,True,21,False,TRANSITION,BULL_STRUCTURE,0.6,0.95,0.6
2021-05-22 00:00:00+00:00,0,STRONG_BULL,1.0,True,22,False,TRANSITION,BULL_STRUCTURE,0.6,0.95,0.6
2021-05-23 00:00:00+00:00,0,STRONG_BULL,1.0,True,23,False,TRANSITION,TRANSITION,0.6,0.95,0.6
2021-05-24 00:00:00+00:00,0,STRONG_BULL,1.0,True,24,False,TRANSITION,TRANSITION,0.6,0.95,0.6
2021-05-25 00:00:00+00:00,0,STRONG_BULL,1.0,True,25,False,TRANSITION,TRANSITION,0.6,0.95,0.6
2021-05-26 00:00:00+00:00,0,STRONG_BULL,1.0,True,26,False,TRANSITION,TRANSITION,0.6,0.95,0.6
2021-05-27 00:00:00+00:00,0,STRONG_BULL,1.0,True,27,False,TRANSITION,TRANSITION,0.6,0.95,0.6
2021-05-28 00:00:00+00:00,0,STRONG_BULL,1.0,True,28,False,TRANSITION,TRANSITION,0.6,0.95,0.6
2021-05-29 00:00:00+00:00,0,STRONG_BULL,1.0,True,29,False,TRANSITION,TRANSITION,0.6,0.95,0.6
2021-05-30 00:00:00+00:00,0,STRONG_BULL,1.0,True,30,False,TRANSITION,TRANSITION,0.6,0.95,0.6
2021-05-31 00:00:00+00:00,0,STRONG_BULL,1.0,True,31,False,TRANSITION,TRANSITION,0.6,0.95,0.6
2021-06-01 00:00:00+00:00,0,STRONG_BULL,1.0,True,32,False,TRANSITION,TRANSITION,0.6,0.95,0.6
2021-06-02 00:00:00+00:00,0,STRONG_BULL,1.0,True,33,False,TRANSITION,TRANSITION,0.6,0.95,0.6
2021-06-03 00:00:00+00:00,0,STRONG_BULL,1.0,True,34,False,TRANSITION,TRANSITION,0.6,0.95,0.6
2021-06-04 00:00:00+00:00,0,STRONG_BULL,1.0,True,35,False,TRANSITION,TRANSITION,0.6,0.95,0.6
2021-06-05 00:00:00+00:00,0,STRONG_BULL,1.0,True,36,False,TRANSITION,TRANSITION,0.6,0.95,0.6
2021-06-06 00:00:00+00:00,0,STRONG_BULL,1.0,True,37,False,TRANSITION,TRANSITION,0.6,0.95,0.6
2021-06-07 00:00:00+00:00,2,CRASH,1.0,True,1,False,TRANSITION,TRANSITION,0.6,0.5843712525717263343452865909,0.5843712525717263343452865909
2021-06-08 00:00:00+00:00,2,CRASH,1.0,True,2,False,TRANSITION,TRANSITION,0.6,0.5831225859136544055669244435,0.5831225859136544055669244435
2021-06-09 00:00:00+00:00,2,CRASH,1.0,True,3,False,TRANSITION,TRANSITION,0.6,0.6103955449650584278871415203,0.6
2021-06-10 00:00:00+00:00,2,CRASH,1.0,True,4,False,TRANSITION,TRANSITION,0.6,0.5953820986978307377000841029,0.5953820986978307377000841029
2021-06-11 00:00:00+00:00,2,CRASH,1.0,True,5,False,TRANSITION,TRANSITION,0.6,0.5996472639189288319892089005,0.5996472639189288319892089005
2021-06-12 00:00:00+00:00,2,CRASH,1.0,True,6,False,TRANSITION,TRANSITION,0.6,0.5878237199961897622163824773,0.5878237199961897622163824773
2021-06-13 00:00:00+00:00,2,CRASH,1.0,True,7,False,TRANSITION,TRANSITION,0.6,0.6102193175260794844902811999,0.6
2021-06-14 00:00:00+00:00,2,CRASH,1.0,True,8,False,TRANSITION,TRANSITION,0.6,0.6090006172534249495085949176,0.6
2021-06-15 00:00:00+00:00,2,CRASH,1.0,True,9,False,TRANSITION,TRANSITION,0.6,0.5977895825928069597635315509,0.5977895825928069597635315509
2021-06-16 00:00:00+00:00,2,CRASH,1.0,True,10,False,TRANSITION,TRANSITION,0.6,0.5867432286283091764523188586,0.5867432286283091764523188586
2021-06-17 00:00:00+00:00,2,CRASH,1.0,True,11,False,TRANSITION,TRANSITION,0.6,0.5851179553776622788973176160,0.5851179553776622788973176160
2021-06-18 00:00:00+00:00,2,CRASH,1.0,True,12,False,TRANSITION,TRANSITION,0.6,0.5701078987760941229103865455,0.5701078987760941229103865455
2021-06-19 00:00:00+00:00,2,CRASH,1.0,True,13,False,TRANSITION,TRANSITION,0.6,0.5677957444920352358504119095,0.5677957444920352358504119095
2021-06-20 00:00:00+00:00,2,CRASH,1.0,True,14,False,TRANSITION,TRANSITION,0.6,0.5685995403980842215393477230,0.5685995403980842215393477230
2021-06-21 00:00:00+00:00,2,CRASH,1.0,True,15,False,TRANSITION,TRANSITION,0.6,0.5392265071394336928741607377,0.5392265071394336928741607377
2021-06-22 00:00:00+00:00,2,CRASH,1.0,True,16,False,TRANSITION,TRANSITION,0.6,0.5461987662706863747332522197,0.5461987662706863747332522197
2021-06-23 00:00:00+00:00,2,CRASH,1.0,True,17,False,TRANSITION,TRANSITION,0.6,0.5549364058697209281297196179,0.5549364058697209281297196179
2021-06-24 00:00:00+00:00,2,CRASH,1.0,True,18,False,TRANSITION,TRANSITION,0.6,0.5620447880492492849425368387,0.5620447880492492849425368387
2021-06-25 00:00:00+00:00,2,CRASH,1.0,True,19,False,TRANSITION,TRANSITION,0.6,0.5390340022593994932299995774,0.5390340022593994932299995774
2021-06-26 00:00:00+00:00,2,CRASH,1.0,True,20,False,TRANSITION,TRANSITION,0.6,0.5444697770922521324059079789,0.5444697770922521324059079789
2021-06-27 00:00:00+00:00,2,CRASH,1.0,True,21,False,TRANSITION,TRANSITION,0.6,0.5623091490552285707855066906,0.5623091490552285707855066906
2021-06-28 00:00:00+00:00,2,CRASH,1.0,True,22,False,TRANSITION,TRANSITION,0.6,0.5608470953529512559753747041,0.5608470953529512559753747041
2021-06-29 00:00:00+00:00,2,CRASH,1.0,True,23,False,TRANSITION,TRANSITION,0.6,0.5707357061804335191611310321,0.5707357061804335191611310321
2021-06-30 00:00:00+00:00,2,CRASH,1.0,True,24,False,TRANSITION,TRANSITION,0.6,0.5647401265304225160257192876,0.5647401265304225160257192876
2021-07-01 00:00:00+00:00,2,CRASH,1.0,True,25,False,TRANSITION,TRANSITION,0.6,0.5536612607804236507872119873,0.5536612607804236507872119873
2021-07-02 00:00:00+00:00,2,CRASH,1.0,True,26,False,TRANSITION,TRANSITION,0.6,0.5557305368910610181121145419,0.5557305368910610181121145419
2021-07-03 00:00:00+00:00,2,CRASH,1.0,True,27,False,TRANSITION,TRANSITION,0.6,0.5620876752555560705138398653,0.5620876752555560705138398653
2021-07-04 00:00:00+00:00,2,CRASH,1.0,True,28,False,TRANSITION,TRANSITION,0.6,0.5664275317850352643630867517,0.5664275317850352643630867517
2021-07-05 00:00:00+00:00,2,CRASH,1.0,True,29,False,TRANSITION,TRANSITION,0.6,0.5550249049986987236572407282,0.5550249049986987236572407282
2021-07-06 00:00:00+00:00,2,CRASH,1.0,True,30,False,TRANSITION,TRANSITION,0.6,0.5588756083186397632360649771,0.5588756083186397632360649771
2021-07-07 00:00:00+00:00,2,CRASH,1.0,True,31,False,TRANSITION,TRANSITION,0.6,0.5562820766284900911884074519,0.5562820766284900911884074519
2021-07-08 00:00:00+00:00,2,CRASH,1.0,True,32,False,TRANSITION,TRANSITION,0.6,0.5489733692429487141687355621,0.5489733692429487141687355621
2021-07-09 00:00:00+00:00,2,CRASH,1.0,True,33,False,TRANSITION,TRANSITION,0.6,0.5559442505271166788215402202,0.5559442505271166788215402202
2021-07-10 00:00:00+00:00,2,CRASH,1.0,True,34,False,TRANSITION,TRANSITION,0.6,0.5536478366066498804274312237,0.5536478366066498804274312237
2021-07-11 00:00:00+00:00,2,CRASH,1.0,True,35,False,TRANSITION,TRANSITION,0.6,0.5591562560528453913631977863,0.5591562560528453913631977863
2021-07-12 00:00:00+00:00,2,CRASH,1.0,True,36,False,TRANSITION,TRANSITION,0.6,0.5505563264362381627771509209,0.5505563264362381627771509209
2021-07-13 00:00:00+00:00,2,CRASH,1.0,True,37,False,TRANSITION,TRANSITION,0.6,0.5478715450123590321719096258,0.5478715450123590321719096258
2021-07-14 00:00:00+00:00,2,CRASH,1.0,True,38,False,TRANSITION,TRANSITION,0.6,0.5485535526555344959650113905,0.5485535526555344959650113905
2021-07-15 00:00:00+00:00,2,CRASH,1.0,True,39,False,TRANSITION,TRANSITION,0.6,0.5413474390037839202089817029,0.5413474390037839202089817029
2021-07-16 00:00:00+00:00,2,CRASH,1.0,True,40,False,TRANSITION,TRANSITION,0.6,0.5374506097632551115576421379,0.5374506097632551115576421379
2021-07-17 00:00:00+00:00,2,CRASH,1.0,True,41,False,TRANSITION,TRANSITION,0.6,0.5385269646846431103520701466,0.5385269646846431103520701466
2021-07-18 00:00:00+00:00,2,CRASH,1.0,True,42,False,TRANSITION,TRANSITION,0.6,0.5405560325857687437238575336,0.5405560325857687437238575336
2021-07-19 00:00:00+00:00,2,CRASH,1.0,True,43,False,TRANSITION,TRANSITION,0.6,0.5330991878836487134533166202,0.5330991878836487134533166202
2021-07-20 00:00:00+00:00,2,CRASH,1.0,True,44,False,TRANSITION,TRANSITION,0.6,0.5244739199691595598363474038,0.5244739199691595598363474038
2021-07-21 00:00:00+00:00,2,CRASH,1.0,True,45,False,TRANSITION,TRANSITION,0.6,0.5433983054901089199939277852,0.5433983054901089199939277852
2021-07-22 00:00:00+00:00,2,CRASH,1.9720500586791174e-13,False,45,False,TRANSITION,TRANSITION,0.6,0.25,0.25
2021-07-23 00:00:00+00:00,2,CRASH,3.819952071341203e-40,False,45,False,TRANSITION,TRANSITION,0.6,0.2578363819782471935331706734,0.2578363819782471935331706734
2021-07-24 00:00:00+00:00,5,EUPHORIA,0.9999440273162845,True,3,False,TRANSITION,TRANSITION,0.6,0.95,0.6
2021-07-25 00:00:00+00:00,5,EUPHORIA,0.03929411581701152,False,3,False,TRANSITION,TRANSITION,0.6,0.6079534763325911474464232667,0.6
2021-07-26 00:00:00+00:00,5,EUPHORIA,0.999246200503734,True,4,False,TRANSITION,TRANSITION,0.6,0.95,0.6
2021-07-27 00:00:00+00:00,5,EUPHORIA,0.9231823571626121,True,5,False,TRANSITION,TRANSITION,0.6,0.95,0.6
2021-07-28 00:00:00+00:00,5,EUPHORIA,0.9999998335843113,True,6,False,TRANSITION,TRANSITION,0.6,0.95,0.6
2021-07-29 00:00:00+00:00,5,EUPHORIA,0.9999909020393762,True,7,False,TRANSITION,TRANSITION,0.6,0.95,0.6
2021-07-30 00:00:00+00:00,5,EUPHORIA,0.9999960262863905,True,8,False,TRANSITION,TRANSITION,0.6,0.95,0.6
2021-07-31 00:00:00+00:00,5,EUPHORIA,0.9999999974124876,True,9,False,TRANSITION,TRANSITION,0.6,0.95,0.6
2021-08-01 00:00:00+00:00,5,EUPHORIA,0.999999999992724,True,10,False,TRANSITION,TRANSITION,0.6,0.95,0.6
2021-08-02 00:00:00+00:00,5,EUPHORIA,0.9999999999381544,True,11,False,TRANSITION,TRANSITION,0.6,0.95,0.6
2021-08-03 00:00:00+00:00,5,EUPHORIA,0.9999999999636202,True,12,False,TRANSITION,TRANSITION,0.6,0.95,0.6
2021-08-04 00:00:00+00:00,5,EUPHORIA,0.9999999659166866,True,13,False,TRANSITION,TRANSITION,0.6,0.95,0.6
2021-08-05 00:00:00+00:00,5,EUPHORIA,0.976407342590663,True,14,False,TRANSITION,TRANSITION,0.6,0.95,0.6
2021-08-06 00:00:00+00:00,5,EUPHORIA,0.9993703696360524,True,15,False,TRANSITION,TRANSITION,0.6,0.95,0.6
2021-08-07 00:00:00+00:00,5,EUPHORIA,0.999998833033486,True,16,False,TRANSITION,TRANSITION,0.6,0.95,0.6
2021-08-08 00:00:00+00:00,5,EUPHORIA,0.999975589921249,True,17,False,TRANSITION,TRANSITION,0.6,0.95,0.6
2021-08-09 00:00:00+00:00,5,EUPHORIA,0.9999041171681827,True,18,False,BULL_STRUCTURE,TRANSITION,0.6,0.95,0.6
2021-08-10 00:00:00+00:00,5,EUPHORIA,0.9981543459053765,True,19,False,BULL_STRUCTURE,TRANSITION,0.6,0.95,0.6
2021-08-11 00:00:00+00:00,5,EUPHORIA,0.9984148074195927,True,20,False,BULL_STRUCTURE,TRANSITION,0.6,0.95,0.6
2021-08-12 00:00:00+00:00,5,EUPHORIA,0.9861899545542478,True,21,False,BULL_STRUCTURE,TRANSITION,0.6,0.95,0.6
2021-08-13 00:00:00+00:00,5,EUPHORIA,0.9283501326310436,True,22,False,BULL_STRUCTURE,BULL_STRUCTURE,1.0,0.95,0.95
2021-08-14 00:00:00+00:00,5,EUPHORIA,0.9900243463316653,True,23,False,BULL_STRUCTURE,BULL_STRUCTURE,1.0,0.9496776094163390114362971037,0.9496776094163390114362971037
2021-08-15 00:00:00+00:00,5,EUPHORIA,0.9505716117190682,True,24,False,BULL_STRUCTURE,BULL_STRUCTURE,1.0,0.9495812838330196498191563443,0.9495812838330196498191563443
2021-08-16 00:00:00+00:00,5,EUPHORIA,0.766231752622681,True,25,False,BULL_STRUCTURE,BULL_STRUCTURE,1.0,0.9484639134587074571053589630,0.9484639134587074571053589630
2021-08-17 00:00:00+00:00,5,EUPHORIA,0.7681211871726756,True,26,False,BULL_STRUCTURE,BULL_STRUCTURE,1.0,0.9471475661767957285623434780,0.9471475661767957285623434780
2021-08-18 00:00:00+00:00,5,EUPHORIA,0.9970832807057722,True,27,False,BULL_STRUCTURE,BULL_STRUCTURE,1.0,0.9471580248211253806061305596,0.9471580248211253806061305596
2021-08-19 00:00:00+00:00,5,EUPHORIA,0.991677875549113,True,28,False,BULL_STRUCTURE,BULL_STRUCTURE,1.0,0.9493630454953686622373097491,0.9493630454953686622373097491
2021-08-20 00:00:00+00:00,5,EUPHORIA,0.9996604715306321,True,29,False,BULL_STRUCTURE,BULL_STRUCTURE,1.0,0.9518665739636275676362636856,0.9518665739636275676362636856
2021-08-21 00:00:00+00:00,5,EUPHORIA,0.9999564834753039,True,30,False,BULL_STRUCTURE,BULL_STRUCTURE,1.0,0.9513970205553100629140453575,0.9513970205553100629140453575
2021-08-22 00:00:00+00:00,5,EUPHORIA,0.9998855311642393,True,31,False,BULL_STRUCTURE,BULL_STRUCTURE,1.0,0.9517891169788072365341414635,0.9517891169788072365341414635
2021-08-23 00:00:00+00:00,5,EUPHORIA,0.9999665898700836,True,32,False,BULL_STRUCTURE,BULL_STRUCTURE,1.0,0.9520206328995072409390499074,0.9520206328995072409390499074
2021-08-24 00:00:00+00:00,5,EUPHORIA,0.9999908927216878,True,33,False,BULL_STRUCTURE,BULL_STRUCTURE,1.0,0.9502849713785595632433075617,0.9502849713785595632433075617
2021-08-25 00:00:00+00:00,5,EUPHORIA,0.9999640911290935,True,34,False,BULL_STRUCTURE,BULL_STRUCTURE,1.0,0.9515400415165060351443758948,0.9515400415165060351443758948
2021-08-26 00:00:00+00:00,5,EUPHORIA,0.9998200420513086,True,35,False,BULL_STRUCTURE,BULL_STRUCTURE,1.0,0.9494484873092718016620299524,0.9494484873092718016620299524
2021-08-27 00:00:00+00:00,5,EUPHORIA,0.9993490917145607,True,36,False,BULL_STRUCTURE,BULL_STRUCTURE,1.0,0.9516308075922247780314298196,0.9516308075922247780314298196
2021-08-28 00:00:00+00:00,5,EUPHORIA,0.9978550084889397,True,37,False,BULL_STRUCTURE,BULL_STRUCTURE,1.0,0.9514665162644413860525217613,0.9514665162644413860525217613
2021-08-29 00:00:00+00:00,5,EUPHORIA,0.2116255215604605,False,37,False,BULL_STRUCTURE,BULL_STRUCTURE,1.0,0.475,0.475
2021-08-30 00:00:00+00:00,5,EUPHORIA,0.06259590774228421,False,37,False,BULL_STRUCTURE,BULL_STRUCTURE,1.0,0.4660047125993076515958990587,0.4660047125993076515958990587
2021-08-31 00:00:00+00:00,4,WEAK_BEAR,0.9999668306935349,True,3,False,BULL_STRUCTURE,BULL_STRUCTURE,1.0,0.95,0.95
2021-09-01 00:00:00+00:00,4,WEAK_BEAR,0.9999998921830469,True,4,False,BULL_STRUCTURE,BULL_STRUCTURE,1.0,0.9522444443975723990282947107,0.9522444443975723990282947107
2021-09-02 00:00:00+00:00,4,WEAK_BEAR,0.9999999996171027,True,5,False,BULL_STRUCTURE,BULL_STRUCTURE,1.0,0.9526473334410125635227965014,0.9526473334410125635227965014
2021-09-03 00:00:00+00:00,4,WEAK_BEAR,0.9999999964093149,True,6,False,BULL_STRUCTURE,BULL_STRUCTURE,1.0,0.9533267407040961150129978826,0.9533267407040961150129978826
2021-09-04 00:00:00+00:00,4,WEAK_BEAR,0.9999861741199215,True,7,False,BULL_STRUCTURE,BULL_STRUCTURE,1.0,0.9532523145068255861996671625,0.9532523145068255861996671625
2021-09-05 00:00:00+00:00,4,WEAK_BEAR,0.9999944668650925,True,8,False,BULL_STRUCTURE,BULL_STRUCTURE,1.0,0.9548402510550420860920134689,0.9548402510550420860920134689
2021-09-06 00:00:00+00:00,4,WEAK_BEAR,0.9997980961169657,True,9,False,BULL_STRUCTURE,BULL_STRUCTURE,1.0,0.9555834823689607116655077833,0.9555834823689607116655077833
2021-09-07 00:00:00+00:00,4,WEAK_BEAR,1.1455683453400106e-19,False,9,False,BULL_STRUCTURE,BULL_STRUCTURE,1.0,0.475,0.475
2021-09-08 00:00:00+00:00,4,WEAK_BEAR,1.8337686666466293e-17,False,9,False,BULL_STRUCTURE,BULL_STRUCTURE,1.0,0.4708912981552856379436013980,0.4708912981552856379436013980
2021-09-09 00:00:00+00:00,1,STRONG_BEAR,1.0,True,3,False,BULL_STRUCTURE,BULL_STRUCTURE,1.0,0.95,0.95
2021-09-10 00:00:00+00:00,1,STRONG_BEAR,0.9999999999990905,True,4,False,TRANSITION,BULL_STRUCTURE,0.6,0.60,0.60
2021-09-11 00:00:00+00:00,1,STRONG_BEAR,0.9999999999781721,True,5,False,TRANSITION,BULL_STRUCTURE,0.6,0.95,0.6
2021-09-12 00:00:00+00:00,1,STRONG_BEAR,0.9433732200105026,True,6,False,TRANSITION,BULL_STRUCTURE,0.6,0.95,0.6
2021-09-13 00:00:00+00:00,1,STRONG_BEAR,0.9968431364055238,True,7,False,TRANSITION,BULL_STRUCTURE,0.6,0.5942664574250916968517086821,0.5942664574250916968517086821
2021-09-14 00:00:00+00:00,1,STRONG_BEAR,0.9766482674308686,True,8,False,BULL_STRUCTURE,BULL_STRUCTURE,1.0,0.95,0.95
2021-09-15 00:00:00+00:00,1,STRONG_BEAR,0.24589501990503562,False,8,False,BULL_STRUCTURE,BULL_STRUCTURE,1.0,0.475,0.475
2021-09-16 00:00:00+00:00,1,STRONG_BEAR,0.9852468257015666,True,9,False,BULL_STRUCTURE,BULL_STRUCTURE,1.0,0.95,0.95
2021-09-17 00:00:00+00:00,1,STRONG_BEAR,0.26026335581000376,False,9,False,BULL_STRUCTURE,BULL_STRUCTURE,1.0,0.475,0.475
2021-09-18 00:00:00+00:00,1,STRONG_BEAR,0.00019240565556265832,False,9,False,BULL_STRUCTURE,BULL_STRUCTURE,1.0,0.4804760881357838746273446127,0.4804760881357838746273446127
2021-09-19 00:00:00+00:00,4,WEAK_BEAR,0.9999574552185717,True,3,False,BULL_STRUCTURE,BULL_STRUCTURE,1.0,0.95,0.95
2021-09-20 00:00:00+00:00,4,WEAK_BEAR,5.386359644696904e-06,False,3,False,TRANSITION,BULL_STRUCTURE,0.6,0.475,0.475
2021-09-21 00:00:00+00:00,4,WEAK_BEAR,2.017830390079161e-09,False,3,False,BEAR_STRUCTURE,BULL_STRUCTURE,0.3,0.4617171515456201308700606542,0.3
2021-09-22 00:00:00+00:00,4,WEAK_BEAR,1.217247368077065e-27,False,3,False,BEAR_STRUCTURE,BULL_STRUCTURE,0.3,0.3142538912017940678633206934,0.3
2021-09-23 00:00:00+00:00,0,STRONG_BULL,1.0,True,3,False,BEAR_STRUCTURE,BULL_STRUCTURE,0.3,0.3063071653216124001606662421,0.3
2021-09-24 00:00:00+00:00,0,STRONG_BULL,1.0,True,4,False,BEAR_STRUCTURE,BULL_STRUCTURE,0.3,0.2902500816887218768112173249,0.2902500816887218768112173249
2021-09-25 00:00:00+00:00,0,STRONG_BULL,1.0,True,5,False,BEAR_STRUCTURE,BEAR_STRUCTURE,0.3,0.2895760974515799852427785896,0.2895760974515799852427785896
2021-09-26 00:00:00+00:00,0,STRONG_BULL,0.9999999643496273,True,6,False,BEAR_STRUCTURE,BEAR_STRUCTURE,0.3,0.2919318792218504759641546782,0.2919318792218504759641546782
2021-09-27 00:00:00+00:00,0,STRONG_BULL,0.959163304229245,True,7,False,BEAR_STRUCTURE,BEAR_STRUCTURE,0.3,0.2870442439705045810729383431,0.2870442439705045810729383431
2021-09-28 00:00:00+00:00,0,STRONG_BULL,0.1951128599609786,False,7,False,BEAR_STRUCTURE,BEAR_STRUCTURE,0.3,0.2815601997335588484300327057,0.2815601997335588484300327057
2021-09-29 00:00:00+00:00,0,STRONG_BULL,0.11025248224026844,False,7,False,BEAR_STRUCTURE,BEAR_STRUCTURE,0.3,0.2840059849083304437109251494,0.2840059849083304437109251494
2021-09-30 00:00:00+00:00,0,STRONG_BULL,0.0010290063629193494,False,7,False,BEAR_STRUCTURE,BEAR_STRUCTURE,0.3,0.2950939152051506427055651636,0.2950939152051506427055651636
2021-10-01 00:00:00+00:00,0,STRONG_BULL,0.9997850168939396,True,8,False,TRANSITION,BEAR_STRUCTURE,0.3,0.3150082561281971650069078192,0.3
2021-10-02 00:00:00+00:00,0,STRONG_BULL,0.9999999237334152,True,9,False,TRANSITION,BEAR_STRUCTURE,0.3,0.2977880768125404045908065406,0.2977880768125404045908065406
2021-10-03 00:00:00+00:00,0,STRONG_BULL,0.9999999599876909,True,10,False,TRANSITION,BEAR_STRUCTURE,0.3,0.3002600951115269990429139053,0.3
2021-10-04 00:00:00+00:00,0,STRONG_BULL,0.9999890947405038,True,11,False,TRANSITION,BEAR_STRUCTURE,0.3,0.3044362775131163357984312378,0.3
2021-10-05 00:00:00+00:00,0,STRONG_BULL,0.9999998339162768,True,12,False,TRANSITION,TRANSITION,0.6,0.3094583715971404235097875793,0.3094583715971404235097875793
2021-10-06 00:00:00+00:00,0,STRONG_BULL,0.9999999999699867,True,13,False,TRANSITION,TRANSITION,0.6,0.3250529098708089784833258041,0.3250529098708089784833258041
2021-10-07 00:00:00+00:00,0,STRONG_BULL,0.9999999990759534,True,14,False,TRANSITION,TRANSITION,0.6,0.3189303698143707532213498730,0.3189303698143707532213498730
2021-10-08 00:00:00+00:00,0,STRONG_BULL,0.9999999998153726,True,15,False,TRANSITION,TRANSITION,0.6,0.3196009547177908588011931271,0.3196009547177908588011931271
2021-10-09 00:00:00+00:00,0,STRONG_BULL,0.9999999999708962,True,16,False,TRANSITION,TRANSITION,0.6,0.3236009988787656990585711971,0.3236009988787656990585711971
2021-10-10 00:00:00+00:00,0,STRONG_BULL,0.9999977351379312,True,17,False,TRANSITION,TRANSITION,0.6,0.3224409763781250843694343977,0.3224409763781250843694343977
2021-10-11 00:00:00+00:00,0,STRONG_BULL,0.9999672705070426,True,18,False,TRANSITION,TRANSITION,0.6,0.3334985292813467722840194040,0.3334985292813467722840194040
2021-10-12 00:00:00+00:00,0,STRONG_BULL,0.7696439881298361,True,19,False,TRANSITION,TRANSITION,0.6,0.3277468243258351192758467358,0.3277468243258351192758467358
2021-10-13 00:00:00+00:00,0,STRONG_BULL,1.2822583501429102e-05,False,19,False,TRANSITION,TRANSITION,0.6,0.3330946987529160935747920344,0.3330946987529160935747920344
2021-10-14 00:00:00+00:00,0,STRONG_BULL,6.780936174729909e-09,False,19,False,TRANSITION,TRANSITION,0.6,0.3330208844175584185863598988,0.3330208844175584185863598988
2021-10-15 00:00:00+00:00,5,EUPHORIA,0.9999997969298626,True,3,False,TRANSITION,TRANSITION,0.6,0.95,0.6
2021-10-16 00:00:00+00:00,5,EUPHORIA,0.999865968085033,True,4,False,TRANSITION,TRANSITION,0.6,0.95,0.6
2021-10-17 00:00:00+00:00,5,EUPHORIA,0.9989079311221313,True,5,False,TRANSITION,TRANSITION,0.6,0.95,0.6
2021-10-18 00:00:00+00:00,5,EUPHORIA,0.9617400527802105,True,6,False,TRANSITION,TRANSITION,0.6,0.95,0.6
2021-10-19 00:00:00+00:00,5,EUPHORIA,0.8275192654924536,True,7,False,TRANSITION,TRANSITION,0.6,0.95,0.6
2021-10-20 00:00:00+00:00,5,EUPHORIA,0.9995303986762253,True,8,False,TRANSITION,TRANSITION,0.6,0.95,0.6
2021-10-21 00:00:00+00:00,5,EUPHORIA,0.9752496615464844,True,9,False,TRANSITION,TRANSITION,0.6,0.95,0.6
2021-10-22 00:00:00+00:00,5,EUPHORIA,0.7892960046219225,True,10,False,TRANSITION,TRANSITION,0.6,0.95,0.6
2021-10-23 00:00:00+00:00,5,EUPHORIA,0.044442299573218665,False,10,False,TRANSITION,TRANSITION,0.6,0.6023566511115640021652625887,0.6
2021-10-24 00:00:00+00:00,5,EUPHORIA,0.028427770549614796,False,10,False,TRANSITION,TRANSITION,0.6,0.5982911615556009763255617903,0.5982911615556009763255617903
2021-10-25 00:00:00+00:00,5,EUPHORIA,0.9997860707695119,True,11,False,TRANSITION,TRANSITION,0.6,0.95,0.6
2021-10-26 00:00:00+00:00,5,EUPHORIA,0.9991775293581041,True,12,False,TRANSITION,TRANSITION,0.6,0.95,0.6
2021-10-27 00:00:00+00:00,5,EUPHORIA,0.9999415202257064,True,13,False,TRANSITION,TRANSITION,0.6,0.95,0.6
2021-10-28 00:00:00+00:00,5,EUPHORIA,0.999740698969923,True,14,False,TRANSITION,TRANSITION,0.6,0.95,0.6
2021-10-29 00:00:00+00:00,5,EUPHORIA,0.9953096774476968,True,15,False,TRANSITION,TRANSITION,0.6,0.95,0.6
2021-10-30 00:00:00+00:00,5,EUPHORIA,0.9797647416922144,True,16,False,BULL_STRUCTURE,TRANSITION,0.6,0.95,0.6
2021-10-31 00:00:00+00:00,5,EUPHORIA,0.9933824699149054,True,17,False,BULL_STRUCTURE,TRANSITION,0.6,0.95,0.6
2021-11-01 00:00:00+00:00,5,EUPHORIA,0.9441105295299843,True,18,False,BULL_STRUCTURE,TRANSITION,0.6,0.95,0.6
2021-11-02 00:00:00+00:00,5,EUPHORIA,0.8382029193268985,True,19,False,BULL_STRUCTURE,TRANSITION,0.6,0.95,0.6
2021-11-03 00:00:00+00:00,5,EUPHORIA,0.0311209438900228,False,19,False,BULL_STRUCTURE,BULL_STRUCTURE,1.0,0.5987714164346554800234916719,0.5987714164346554800234916719
2021-11-04 00:00:00+00:00,5,EUPHORIA,7.295195210987759e-13,False,19,False,BULL_STRUCTURE,BULL_STRUCTURE,1.0,0.5929531204803873351694461957,0.5929531204803873351694461957
2021-11-05 00:00:00+00:00,4,WEAK_BEAR,0.9998803513188486,True,3,False,BULL_STRUCTURE,BULL_STRUCTURE,1.0,0.95,0.95
2021-11-06 00:00:00+00:00,4,WEAK_BEAR,0.9998519615058334,True,4,False,BULL_STRUCTURE,BULL_STRUCTURE,1.0,0.9508484996777034814603972047,0.9508484996777034814603972047
2021-11-07 00:00:00+00:00,4,WEAK_BEAR,0.9998687022799644,True,5,False,BULL_STRUCTURE,BULL_STRUCTURE,1.0,0.9521820985649596031522723028,0.9521820985649596031522723028
2021-11-08 00:00:00+00:00,4,WEAK_BEAR,9.897986800964486e-05,False,5,False,BULL_STRUCTURE,BULL_STRUCTURE,1.0,0.475,0.475
2021-11-09 00:00:00+00:00,4,WEAK_BEAR,9.394696123210494e-07,False,5,False,BULL_STRUCTURE,BULL_STRUCTURE,1.0,0.4731520199044150006960253734,0.4731520199044150006960253734
2021-11-10 00:00:00+00:00,3,WEAK_BULL,0.9999999994106474,True,3,False,BULL_STRUCTURE,BULL_STRUCTURE,1.0,0.95,0.95
2021-11-11 00:00:00+00:00,3,WEAK_BULL,0.9999999391202455,True,4,False,BULL_STRUCTURE,BULL_STRUCTURE,1.0,0.9505188072216189038543548765,0.9505188072216189038543548765
2021-11-12 00:00:00+00:00,3,WEAK_BULL,0.9876243893019949,True,5,False,BULL_STRUCTURE,BULL_STRUCTURE,1.0,0.9500407923878429494876917132,0.9500407923878429494876917132
2021-11-13 00:00:00+00:00,3,WEAK_BULL,0.004160639781772794,False,5,False,BULL_STRUCTURE,BULL_STRUCTURE,1.0,0.475,0.475
2021-11-14 00:00:00+00:00,3,WEAK_BULL,6.725003741512786e-07,False,5,False,BULL_STRUCTURE,BULL_STRUCTURE,1.0,0.4796676164127439349411632085,0.4796676164127439349411632085
2021-11-15 00:00:00+00:00,4,WEAK_BEAR,0.9992468771896056,True,3,False,BULL_STRUCTURE,BULL_STRUCTURE,1.0,0.95,0.95
2021-11-16 00:00:00+00:00,4,WEAK_BEAR,0.020070316055797163,False,3,False,BULL_STRUCTURE,BULL_STRUCTURE,1.0,0.475,0.475
2021-11-17 00:00:00+00:00,4,WEAK_BEAR,0.9997434528751484,True,4,False,BULL_STRUCTURE,BULL_STRUCTURE,1.0,0.95,0.95
2021-11-18 00:00:00+00:00,4,WEAK_BEAR,0.0030803084297717463,False,4,False,BULL_STRUCTURE,BULL_STRUCTURE,1.0,0.475,0.475
2021-11-19 00:00:00+00:00,4,WEAK_BEAR,3.1926781246079534e-06,False,4,False,BULL_STRUCTURE,BULL_STRUCTURE,1.0,0.4803305770672441334062463812,0.4803305770672441334062463812
2021-11-20 00:00:00+00:00,1,STRONG_BEAR,0.9994288786687524,True,3,False,BULL_STRUCTURE,BULL_STRUCTURE,1.0,0.95,0.95
2021-11-21 00:00:00+00:00,1,STRONG_BEAR,0.4520375368138155,False,3,False,BULL_STRUCTURE,BULL_STRUCTURE,1.0,0.30,0.30
2021-11-22 00:00:00+00:00,1,STRONG_BEAR,0.8920274389732372,True,4,False,BULL_STRUCTURE,BULL_STRUCTURE,1.0,0.60,0.60
2021-11-23 00:00:00+00:00,1,STRONG_BEAR,0.009450747771023508,False,4,False,BULL_STRUCTURE,BULL_STRUCTURE,1.0,0.30,0.30
2021-11-24 00:00:00+00:00,1,STRONG_BEAR,1.3027882006434313e-05,False,4,False,BULL_STRUCTURE,BULL_STRUCTURE,1.0,0.2986437376324361034371170675,0.2986437376324361034371170675
2021-11-25 00:00:00+00:00,4,WEAK_BEAR,0.9812751916938177,True,3,False,BULL_STRUCTURE,BULL_STRUCTURE,1.0,0.95,0.95
2021-11-26 00:00:00+00:00,4,WEAK_BEAR,3.6140150443294115e-12,False,3,False,BULL_STRUCTURE,BULL_STRUCTURE,1.0,0.475,0.475
2021-11-27 00:00:00+00:00,4,WEAK_BEAR,7.039995931557138e-10,False,3,False,BULL_STRUCTURE,BULL_STRUCTURE,1.0,0.4798793967956887007937592094,0.4798793967956887007937592094
2021-11-28 00:00:00+00:00,1,STRONG_BEAR,0.9999999971732905,True,3,True,BULL_STRUCTURE,BULL_STRUCTURE,1.0,0.4912729210596889240883247521,0.4912729210596889240883247521
2021-11-29 00:00:00+00:00,1,STRONG_BEAR,0.9999985534351712,True,4,True,BULL_STRUCTURE,BULL_STRUCTURE,1.0,0.4934513237628374466465641664,0.4934513237628374466465641664
2021-11-30 00:00:00+00:00,1,STRONG_BEAR,0.9999999803931134,True,5,False,BULL_STRUCTURE,BULL_STRUCTURE,1.0,0.4898537751589556555477758168,0.4898537751589556555477758168
2021-12-01 00:00:00+00:00,1,STRONG_BEAR,7.996094658181091e-05,False,5,False,BULL_STRUCTURE,BULL_STRUCTURE,1.0,0.4908763549640500029969320678,0.4908763549640500029969320678
2021-12-02 00:00:00+00:00,1,STRONG_BEAR,1.0702279679203992e-05,False,5,False,BULL_STRUCTURE,BULL_STRUCTURE,1.0,0.4877820873057589539729135346,0.4877820873057589539729135346
2021-12-03 00:00:00+00:00,1,STRONG_BEAR,0.9559308885341123,True,6,False,BULL_STRUCTURE,BULL_STRUCTURE,1.0,0.4747202394224662069338407050,0.4747202394224662069338407050
2021-12-04 00:00:00+00:00,1,STRONG_BEAR,8.536305272422925e-07,False,6,False,BULL_STRUCTURE,BULL_STRUCTURE,1.0,0.4531758834737344327679704681,0.4531758834737344327679704681
2021-12-05 00:00:00+00:00,1,STRONG_BEAR,1.5105578379416587e-10,False,6,False,BULL_STRUCTURE,BULL_STRUCTURE,1.0,0.4544025720674924381239883599,0.4544025720674924381239883599
2021-12-06 00:00:00+00:00,3,CRASH,0.9858223630103307,True,1,False,BULL_STRUCTURE,BULL_STRUCTURE,1.0,0.4596004075735999598966599720,0.4596004075735999598966599720
2021-12-07 00:00:00+00:00,3,CRASH,0.7206145705105046,True,2,False,BULL_STRUCTURE,BULL_STRUCTURE,1.0,0.4603233910111201795887488956,0.4603233910111201795887488956
2021-12-08 00:00:00+00:00,3,CRASH,0.177412206588415,False,2,False,BULL_STRUCTURE,BULL_STRUCTURE,1.0,0.4597444899037848579571035503,0.4597444899037848579571035503
2021-12-09 00:00:00+00:00,3,CRASH,0.0024720975066637803,False,2,False,BULL_STRUCTURE,BULL_STRUCTURE,1.0,0.4449527979643854843354447609,0.4449527979643854843354447609
2021-12-10 00:00:00+00:00,3,CRASH,0.00021742414291760407,False,2,False,BULL_STRUCTURE,BULL_STRUCTURE,1.0,0.4428408090385219264535224221,0.4428408090385219264535224221
2021-12-11 00:00:00+00:00,3,CRASH,0.0006965246828349179,False,2,False,BULL_STRUCTURE,BULL_STRUCTURE,1.0,0.4543707496624209183542061177,0.4543707496624209183542061177
2021-12-12 00:00:00+00:00,0,BULL,0.99871792015986,True,3,False,BULL_STRUCTURE,BULL_STRUCTURE,1.0,0.95,0.95
2021-12-13 00:00:00+00:00,0,BULL,0.9961901024971174,True,4,False,BULL_STRUCTURE,BULL_STRUCTURE,1.0,0.9472499996818000873948844935,0.9472499996818000873948844935
2021-12-14 00:00:00+00:00,0,BULL,0.9999542225405913,True,5,False,BULL_STRUCTURE,BULL_STRUCTURE,1.0,0.9489486862743908454630924330,0.9489486862743908454630924330
2021-12-15 00:00:00+00:00,0,BULL,0.9999991067015241,True,6,False,BULL_STRUCTURE,BULL_STRUCTURE,1.0,0.9494661852995436186460553439,0.9494661852995436186460553439
2021-12-16 00:00:00+00:00,0,BULL,0.9999999885812941,True,7,False,BULL_STRUCTURE,BULL_STRUCTURE,1.0,0.9482262074725628832297269772,0.9482262074725628832297269772
2021-12-17 00:00:00+00:00,0,BULL,0.999999998932708,True,8,False,BULL_STRUCTURE,BULL_STRUCTURE,1.0,0.9466313243284586939788310389,0.9466313243284586939788310389
2021-12-18 00:00:00+00:00,0,BULL,0.9999999999972715,True,9,False,BULL_STRUCTURE,BULL_STRUCTURE,1.0,0.9473905625174808473021629102,0.9473905625174808473021629102
2021-12-19 00:00:00+00:00,0,BULL,0.9999999999995453,True,10,False,BULL_STRUCTURE,BULL_STRUCTURE,1.0,0.9472269653034651661043377267,0.9472269653034651661043377267
2021-12-20 00:00:00+00:00,0,BULL,1.0,True,11,False,BULL_STRUCTURE,BULL_STRUCTURE,1.0,0.9474752222516291690749725177,0.9474752222516291690749725177
2021-12-21 00:00:00+00:00,0,BULL,0.999999999992724,True,12,False,BULL_STRUCTURE,BULL_STRUCTURE,1.0,0.9494906225949763888624080633,0.9494906225949763888624080633
2021-12-22 00:00:00+00:00,0,BULL,0.9999999999645297,True,13,False,BULL_STRUCTURE,BULL_STRUCTURE,1.0,0.9491929079860769786873626751,0.9491929079860769786873626751
2021-12-23 00:00:00+00:00,0,BULL,0.9999999994643076,True,14,False,BULL_STRUCTURE,BULL_STRUCTURE,1.0,0.9513326890745327498444190800,0.9513326890745327498444190800
2021-12-24 00:00:00+00:00,0,BULL,0.9999999998080966,True,15,False,BULL_STRUCTURE,BULL_STRUCTURE,1.0,0.9513155528129845161440595101,0.9513155528129845161440595101
2021-12-25 00:00:00+00:00,0,BULL,0.9999999502351796,True,16,False,BULL_STRUCTURE,BULL_STRUCTURE,1.0,0.9509294422791050774968758886,0.9509294422791050774968758886
2021-12-26 00:00:00+00:00,0,BULL,0.9999999117940245,True,17,False,BULL_STRUCTURE,BULL_STRUCTURE,1.0,0.9512749552675015384571442911,0.9512749552675015384571442911
2021-12-27 00:00:00+00:00,0,BULL,0.9999990647834064,True,18,False,BULL_STRUCTURE,BULL_STRUCTURE,1.0,0.9512072640736967303231883252,0.9512072640736967303231883252
2021-12-28 00:00:00+00:00,0,BULL,0.8391258340039169,True,19,False,BULL_STRUCTURE,BULL_STRUCTURE,1.0,0.9481346873865438335785066232,0.9481346873865438335785066232
2021-12-29 00:00:00+00:00,0,BULL,1.246562619839471e-05,False,19,False,TRANSITION,BULL_STRUCTURE,0.6,0.475,0.475
2021-12-30 00:00:00+00:00,0,BULL,1.31774844069989e-07,False,19,False,TRANSITION,BULL_STRUCTURE,0.6,0.4787884746038665594351722880,0.4787884746038665594351722880
2021-12-31 00:00:00+00:00,1,NEUTRAL,0.9999999573860814,True,3,False,TRANSITION,BULL_STRUCTURE,0.6,0.95,0.6
2022-01-01 00:00:00+00:00,1,NEUTRAL,0.9999999966921678,True,4,False,TRANSITION,BULL_STRUCTURE,0.6,0.95,0.6
2022-01-02 00:00:00+00:00,1,NEUTRAL,0.999954453985965,True,5,False,TRANSITION,TRANSITION,0.6,0.95,0.6
2022-01-03 00:00:00+00:00,1,NEUTRAL,0.9983424447777025,True,6,False,TRANSITION,TRANSITION,0.6,0.95,0.6
2022-01-04 00:00:00+00:00,1,NEUTRAL,0.9977015411569896,True,7,False,TRANSITION,TRANSITION,0.6,0.95,0.6
2022-01-05 00:00:00+00:00,1,NEUTRAL,0.9924858627540175,True,8,False,TRANSITION,TRANSITION,0.6,0.95,0.6
2022-01-06 00:00:00+00:00,1,NEUTRAL,0.9907398496032399,True,9,False,TRANSITION,TRANSITION,0.6,0.95,0.6
2022-01-07 00:00:00+00:00,1,NEUTRAL,0.7537827552858976,True,10,False,TRANSITION,TRANSITION,0.6,0.95,0.6
2022-01-08 00:00:00+00:00,1,NEUTRAL,0.00020744042262992762,False,10,False,TRANSITION,TRANSITION,0.6,0.6006594026164146133765381562,0.6
2022-01-09 00:00:00+00:00,1,NEUTRAL,1.426240756325864e-10,False,10,False,TRANSITION,TRANSITION,0.6,0.6010621603225397603656025662,0.6
2022-01-10 00:00:00+00:00,0,BULL,1.0,True,3,False,TRANSITION,TRANSITION,0.6,0.95,0.6
2022-01-11 00:00:00+00:00,0,BULL,1.0,True,4,False,TRANSITION,TRANSITION,0.6,0.95,0.6
2022-01-12 00:00:00+00:00,0,BULL,1.0,True,5,False,TRANSITION,TRANSITION,0.6,0.95,0.6
2022-01-13 00:00:00+00:00,0,BULL,1.0,True,6,False,TRANSITION,TRANSITION,0.6,0.95,0.6
2022-01-14 00:00:00+00:00,0,BULL,1.0,True,7,False,TRANSITION,TRANSITION,0.6,0.95,0.6
2022-01-15 00:00:00+00:00,0,BULL,1.0,True,8,False,TRANSITION,TRANSITION,0.6,0.95,0.6
2022-01-16 00:00:00+00:00,0,BULL,1.0,True,9,False,TRANSITION,TRANSITION,0.6,0.95,0.6
2022-01-17 00:00:00+00:00,0,BULL,1.0,True,10,False,TRANSITION,TRANSITION,0.6,0.95,0.6
2022-01-18 00:00:00+00:00,0,BULL,1.0,True,11,False,TRANSITION,TRANSITION,0.6,0.95,0.6
2022-01-19 00:00:00+00:00,0,BULL,1.0,True,12,False,TRANSITION,TRANSITION,0.6,0.95,0.6
2022-01-20 00:00:00+00:00,0,BULL,1.0,True,13,False,TRANSITION,TRANSITION,0.6,0.95,0.6
2022-01-21 00:00:00+00:00,0,BULL,0.9999990556216202,True,14,False,TRANSITION,TRANSITION,0.6,0.95,0.6
2022-01-22 00:00:00+00:00,0,BULL,0.9999999902856871,True,15,False,TRANSITION,TRANSITION,0.6,0.95,0.6
2022-01-23 00:00:00+00:00,0,BULL,0.9999999996643965,True,16,False,TRANSITION,TRANSITION,0.6,0.95,0.6
2022-01-24 00:00:00+00:00,0,BULL,0.9999999999286047,True,17,False,TRANSITION,TRANSITION,0.6,0.95,0.6
2022-01-25 00:00:00+00:00,0,BULL,1.0,True,18,False,TRANSITION,TRANSITION,0.6,0.95,0.6
2022-01-26 00:00:00+00:00,0,BULL,1.0,True,19,False,TRANSITION,TRANSITION,0.6,0.95,0.6
2022-01-27 00:00:00+00:00,0,BULL,1.0,True,20,False,TRANSITION,TRANSITION,0.6,0.95,0.6
2022-01-28 00:00:00+00:00,0,BULL,0.9999999999995453,True,21,False,TRANSITION,TRANSITION,0.6,0.95,0.6
2022-01-29 00:00:00+00:00,0,BULL,0.9999999999995453,True,22,False,TRANSITION,TRANSITION,0.6,0.95,0.6
2022-01-30 00:00:00+00:00,0,BULL,0.9999999999995453,True,23,False,TRANSITION,TRANSITION,0.6,0.95,0.6
2022-01-31 00:00:00+00:00,0,BULL,1.0,True,24,False,TRANSITION,TRANSITION,0.6,0.95,0.6
2022-02-01 00:00:00+00:00,0,BULL,1.0,True,25,False,TRANSITION,TRANSITION,0.6,0.95,0.6
2022-02-02 00:00:00+00:00,0,BULL,1.0,True,26,False,TRANSITION,TRANSITION,0.6,0.95,0.6
2022-02-03 00:00:00+00:00,0,BULL,1.0,True,27,False,TRANSITION,TRANSITION,0.6,0.95,0.6
2022-02-04 00:00:00+00:00,0,BULL,0.9999993557555428,True,28,False,TRANSITION,TRANSITION,0.6,0.95,0.6
2022-02-05 00:00:00+00:00,0,BULL,0.9573930853331639,True,29,False,TRANSITION,TRANSITION,0.6,0.95,0.6
2022-02-06 00:00:00+00:00,0,BULL,1.5176859998158372e-05,False,29,False,TRANSITION,TRANSITION,0.6,0.6057064048838212693908347306,0.6
2022-02-07 00:00:00+00:00,0,BULL,0.0028416989324590194,False,29,False,TRANSITION,TRANSITION,0.6,0.6080987043907033065758334048,0.6
2022-02-08 00:00:00+00:00,1,NEUTRAL,0.9515414928713918,True,3,False,TRANSITION,TRANSITION,0.6,0.95,0.6
2022-02-09 00:00:00+00:00,1,NEUTRAL,0.9996494114344133,True,4,False,TRANSITION,TRANSITION,0.6,0.95,0.6
2022-02-10 00:00:00+00:00,1,NEUTRAL,0.03951961560519245,False,4,False,TRANSITION,TRANSITION,0.6,0.5951986787920152948026450364,0.5951986787920152948026450364
2022-02-11 00:00:00+00:00,1,NEUTRAL,0.26750652269162906,False,4,False,TRANSITION,TRANSITION,0.6,0.5888882523509905022083492159,0.5888882523509905022083492159
2022-02-12 00:00:00+00:00,1,NEUTRAL,0.9967318397458196,True,5,False,TRANSITION,TRANSITION,0.6,0.95,0.6
2022-02-13 00:00:00+00:00,1,NEUTRAL,0.9997143276104101,True,6,False,TRANSITION,TRANSITION,0.6,0.95,0.6
2022-02-14 00:00:00+00:00,1,NEUTRAL,0.9999145399081776,True,7,False,TRANSITION,TRANSITION,0.6,0.95,0.6
2022-02-15 00:00:00+00:00,1,NEUTRAL,0.9969875720036775,True,8,False,TRANSITION,TRANSITION,0.6,0.95,0.6
2022-02-16 00:00:00+00:00,1,NEUTRAL,0.7823335205760494,True,9,False,TRANSITION,TRANSITION,0.6,0.95,0.6
2022-02-17 00:00:00+00:00,1,NEUTRAL,0.0010887025580859557,False,9,False,TRANSITION,TRANSITION,0.6,0.5807496958636829058376620236,0.5807496958636829058376620236
2022-02-18 00:00:00+00:00,1,NEUTRAL,0.003917189592941705,False,9,False,TRANSITION,TRANSITION,0.6,0.5774715556287049510783991416,0.5774715556287049510783991416
2022-02-19 00:00:00+00:00,3,CRASH,0.9831518785960708,True,3,False,TRANSITION,TRANSITION,0.6,0.5781098466004530606583832430,0.5781098466004530606583832430
2022-02-20 00:00:00+00:00,3,CRASH,0.9993837476453429,True,4,False,TRANSITION,TRANSITION,0.6,0.5675539331505209497160661101,0.5675539331505209497160661101
2022-02-21 00:00:00+00:00,3,CRASH,0.9999999520568974,True,5,False,TRANSITION,TRANSITION,0.6,0.5585552324235175463028393266,0.5585552324235175463028393266
2022-02-22 00:00:00+00:00,3,CRASH,0.9997619490128793,True,6,False,TRANSITION,TRANSITION,0.6,0.5665506040141039180881867451,0.5665506040141039180881867451
2022-02-23 00:00:00+00:00,3,CRASH,0.999995156148906,True,7,False,TRANSITION,TRANSITION,0.6,0.5601607265766740980527008952,0.5601607265766740980527008952
2022-02-24 00:00:00+00:00,3,CRASH,0.9999999999363354,True,8,False,TRANSITION,TRANSITION,0.6,0.5671720167091033932050426121,0.5671720167091033932050426121
2022-02-25 00:00:00+00:00,3,CRASH,0.9564876684289325,True,9,False,TRANSITION,TRANSITION,0.6,0.5728106440265475460561355591,0.5728106440265475460561355591
2022-02-26 00:00:00+00:00,3,CRASH,0.5888864167070542,True,10,False,TRANSITION,TRANSITION,0.6,0.5721704739097922692947504989,0.5721704739097922692947504989
2022-02-27 00:00:00+00:00,3,CRASH,0.8486862739173849,True,11,False,TRANSITION,TRANSITION,0.6,0.5631109964789539034431006582,0.5631109964789539034431006582
2022-02-28 00:00:00+00:00,3,CRASH,0.045989355750201695,False,11,False,TRANSITION,TRANSITION,0.6,0.25,0.25
2022-03-01 00:00:00+00:00,3,CRASH,1.078569336738289e-10,False,11,False,TRANSITION,TRANSITION,0.6,0.2555533840518944008183965269,0.2555533840518944008183965269
2022-03-02 00:00:00+00:00,0,BULL,1.0,True,3,False,TRANSITION,TRANSITION,0.6,0.95,0.6
2022-03-03 00:00:00+00:00,0,BULL,0.9999999999922693,True,4,False,TRANSITION,TRANSITION,0.6,0.95,0.6
2022-03-04 00:00:00+00:00,0,BULL,0.9999999554929683,True,5,False,TRANSITION,TRANSITION,0.6,0.95,0.6
2022-03-05 00:00:00+00:00,0,BULL,0.9988089877251689,True,6,False,TRANSITION,TRANSITION,0.6,0.95,0.6
2022-03-06 00:00:00+00:00,0,BULL,5.610234549015451e-07,False,6,False,TRANSITION,TRANSITION,0.6,0.5939581609766996025696559351,0.5939581609766996025696559351
2022-03-07 00:00:00+00:00,0,BULL,3.6118587847619255e-16,False,6,False,BEAR_STRUCTURE,TRANSITION,0.3,0.5912230622344537369787965512,0.3
2022-03-08 00:00:00+00:00,3,CRASH,1.0,True,3,False,BEAR_STRUCTURE,TRANSITION,0.3,0.3041942222574929121198249403,0.3
2022-03-09 00:00:00+00:00,3,CRASH,1.0,True,4,False,BEAR_STRUCTURE,TRANSITION,0.3,0.3169883341042405899894812560,0.3
2022-03-10 00:00:00+00:00,3,CRASH,1.0,True,5,False,BEAR_STRUCTURE,TRANSITION,0.3,0.2871573379505760168437334379,0.2871573379505760168437334379
2022-03-11 00:00:00+00:00,3,CRASH,1.0,True,6,False,BEAR_STRUCTURE,BEAR_STRUCTURE,0.3,0.2835436815340833464341407966,0.2835436815340833464341407966
2022-03-12 00:00:00+00:00,3,CRASH,1.0,True,7,False,BEAR_STRUCTURE,BEAR_STRUCTURE,0.3,0.2839514780611327677830781897,0.2839514780611327677830781897
2022-03-13 00:00:00+00:00,3,CRASH,1.0,True,8,False,BEAR_STRUCTURE,BEAR_STRUCTURE,0.3,0.2785139232682813054631353933,0.2785139232682813054631353933
2022-03-14 00:00:00+00:00,3,CRASH,1.0,True,9,False,BEAR_STRUCTURE,BEAR_STRUCTURE,0.3,0.2884498392589492810936544455,0.2884498392589492810936544455
2022-03-15 00:00:00+00:00,3,CRASH,1.0,True,10,False,BEAR_STRUCTURE,BEAR_STRUCTURE,0.3,0.2864209592056484290413200233,0.2864209592056484290413200233
2022-03-16 00:00:00+00:00,3,CRASH,1.0,True,11,False,BEAR_STRUCTURE,BEAR_STRUCTURE,0.3,0.2958360526045339264053369757,0.2958360526045339264053369757
2022-03-17 00:00:00+00:00,3,CRASH,1.0,True,12,False,BEAR_STRUCTURE,BEAR_STRUCTURE,0.3,0.2948410459483214665233264052,0.2948410459483214665233264052
2022-03-18 00:00:00+00:00,3,CRASH,1.0,True,13,False,BEAR_STRUCTURE,BEAR_STRUCTURE,0.3,0.2990815715312207478735023779,0.2990815715312207478735023779
2022-03-19 00:00:00+00:00,3,CRASH,1.0,True,14,False,BEAR_STRUCTURE,BEAR_STRUCTURE,0.3,0.3013015866633697382661270353,0.3
2022-03-20 00:00:00+00:00,3,CRASH,0.9999999930059857,True,15,False,BEAR_STRUCTURE,BEAR_STRUCTURE,0.3,0.2952959914020957523576834121,0.2952959914020957523576834121
2022-03-21 00:00:00+00:00,3,CRASH,0.9999999995479811,True,16,False,BEAR_STRUCTURE,BEAR_STRUCTURE,0.3,0.2939830035456973573443296197,0.2939830035456973573443296197
2022-03-22 00:00:00+00:00,3,CRASH,0.9999999999345164,True,17,False,BEAR_STRUCTURE,BEAR_STRUCTURE,0.3,0.3008102943361034029396607175,0.3
2022-03-23 00:00:00+00:00,3,CRASH,0.9999999987567207,True,18,False,BEAR_STRUCTURE,BEAR_STRUCTURE,0.3,0.3025614509642965011590684367,0.3
2022-03-24 00:00:00+00:00,3,CRASH,0.9999973667552804,True,19,False,BEAR_STRUCTURE,BEAR_STRUCTURE,0.3,0.3053883241370074298624907883,0.3
2022-03-25 00:00:00+00:00,3,CRASH,0.9996655721711127,True,20,False,BEAR_STRUCTURE,BEAR_STRUCTURE,0.3,0.3015342660455422998444856189,0.3
2022-03-26 00:00:00+00:00,3,CRASH,0.8675645442202684,True,21,False,BEAR_STRUCTURE,BEAR_STRUCTURE,0.3,0.3009367731085193954887170528,0.3
2022-03-27 00:00:00+00:00,3,CRASH,0.3788783651748451,False,21,False,BEAR_STRUCTURE,BEAR_STRUCTURE,0.3,0.3107598491420481278593316259,0.3
2022-03-28 00:00:00+00:00,3,CRASH,0.0535121267405079,False,21,False,BEAR_STRUCTURE,BEAR_STRUCTURE,0.3,0.3013207922545627933503521273,0.3
2022-03-29 00:00:00+00:00,3,CRASH,0.00348361452817117,False,21,False,BEAR_STRUCTURE,BEAR_STRUCTURE,0.3,0.3013896447252062848945747094,0.3
2022-03-30 00:00:00+00:00,0,BULL,0.9871337726306392,True,3,False,BEAR_STRUCTURE,BEAR_STRUCTURE,0.3,0.95,0.3
2022-03-31 00:00:00+00:00,0,BULL,0.8746257837008078,True,4,False,BEAR_STRUCTURE,BEAR_STRUCTURE,0.3,0.95,0.3
2022-04-01 00:00:00+00:00,0,BULL,0.8592448699199757,True,5,False,BEAR_STRUCTURE,BEAR_STRUCTURE,0.3,0.95,0.3
2022-04-02 00:00:00+00:00,0,BULL,0.7925985792892454,True,6,False,BEAR_STRUCTURE,BEAR_STRUCTURE,0.3,0.95,0.3
2022-04-03 00:00:00+00:00,0,BULL,0.4579299019861104,False,6,False,BEAR_STRUCTURE,BEAR_STRUCTURE,0.3,0.3027223720611955550363042502,0.3
2022-04-04 00:00:00+00:00,0,BULL,0.08758067769447511,False,6,False,BEAR_STRUCTURE,BEAR_STRUCTURE,0.3,0.3007830918461986514878212749,0.3
2022-04-05 00:00:00+00:00,3,CRASH,0.985936884757542,True,3,False,BEAR_STRUCTURE,BEAR_STRUCTURE,0.3,0.2950824061649467843831462260,0.2950824061649467843831462260
2022-04-06 00:00:00+00:00,3,CRASH,0.9999979239668113,True,4,False,BEAR_STRUCTURE,BEAR_STRUCTURE,0.3,0.2842802709887989268611081692,0.2842802709887989268611081692
2022-04-07 00:00:00+00:00,3,CRASH,0.999999451379304,True,5,False,BEAR_STRUCTURE,BEAR_STRUCTURE,0.3,0.2855680085653753269401017619,0.2855680085653753269401017619
2022-04-08 00:00:00+00:00,3,CRASH,0.9999862850685619,True,6,False,BEAR_STRUCTURE,BEAR_STRUCTURE,0.3,0.2799251741232973007260041336,0.2799251741232973007260041336
2022-04-09 00:00:00+00:00,3,CRASH,0.9999939779763162,True,7,False,BEAR_STRUCTURE,BEAR_STRUCTURE,0.3,0.2823118830051089709831385476,0.2823118830051089709831385476
2022-04-10 00:00:00+00:00,3,CRASH,0.999989904295065,True,8,False,BEAR_STRUCTURE,BEAR_STRUCTURE,0.3,0.2794804713690787974233609426,0.2794804713690787974233609426
2022-04-11 00:00:00+00:00,3,CRASH,0.9999974556717998,True,9,False,BEAR_STRUCTURE,BEAR_STRUCTURE,0.3,0.2667033245306372764882664485,0.2667033245306372764882664485
2022-04-12 00:00:00+00:00,3,CRASH,0.999946066902499,True,10,False,BEAR_STRUCTURE,BEAR_STRUCTURE,0.3,0.2693872707770371622432343849,0.2693872707770371622432343849
2022-04-13 00:00:00+00:00,3,CRASH,0.9999821763537055,True,11,False,BEAR_STRUCTURE,BEAR_STRUCTURE,0.3,0.2746185707969811829325509163,0.2746185707969811829325509163
2022-04-14 00:00:00+00:00,3,CRASH,0.9997213469524537,True,12,False,BEAR_STRUCTURE,BEAR_STRUCTURE,0.3,0.2687356557619793486859732288,0.2687356557619793486859732288
2022-04-15 00:00:00+00:00,3,CRASH,0.9999884071957094,True,13,False,BEAR_STRUCTURE,BEAR_STRUCTURE,0.3,0.2717222509087097855728176876,0.2717222509087097855728176876
2022-04-16 00:00:00+00:00,3,CRASH,0.999999973786544,True,14,False,BEAR_STRUCTURE,BEAR_STRUCTURE,0.3,0.2708761188862992219889508035,0.2708761188862992219889508035
2022-04-17 00:00:00+00:00,3,CRASH,0.999999879445575,True,15,False,BEAR_STRUCTURE,BEAR_STRUCTURE,0.3,0.2674331788642003347398471787,0.2674331788642003347398471787
2022-04-18 00:00:00+00:00,3,CRASH,0.999999965413736,True,16,False,BEAR_STRUCTURE,BEAR_STRUCTURE,0.3,0.2729364410207107481408404561,0.2729364410207107481408404561
2022-04-19 00:00:00+00:00,3,CRASH,0.9999814252930073,True,17,False,BEAR_STRUCTURE,BEAR_STRUCTURE,0.3,0.2762868150298303999982408287,0.2762868150298303999982408287
2022-04-20 00:00:00+00:00,3,CRASH,0.9999904346807856,True,18,False,BEAR_STRUCTURE,BEAR_STRUCTURE,0.3,0.2756357234763245824440699037,0.2756357234763245824440699037
2022-04-21 00:00:00+00:00,3,CRASH,0.9999999977999323,True,19,False,BEAR_STRUCTURE,BEAR_STRUCTURE,0.3,0.2713712657328793365754597882,0.2713712657328793365754597882
2022-04-22 00:00:00+00:00,3,CRASH,0.9999979245188735,True,20,False,BEAR_STRUCTURE,BEAR_STRUCTURE,0.3,0.2675865070468029504580968749,0.2675865070468029504580968749
2022-04-23 00:00:00+00:00,3,CRASH,0.9997956955513498,True,21,False,BEAR_STRUCTURE,BEAR_STRUCTURE,0.3,0.2662634850234830789960205952,0.2662634850234830789960205952
2022-04-24 00:00:00+00:00,3,CRASH,0.9985949346313828,True,22,False,BEAR_STRUCTURE,BEAR_STRUCTURE,0.3,0.2663057344913649324228676517,0.2663057344913649324228676517
2022-04-25 00:00:00+00:00,3,CRASH,0.999938882971566,True,23,False,BEAR_STRUCTURE,BEAR_STRUCTURE,0.3,0.2711077436552634012903249285,0.2711077436552634012903249285
2022-04-26 00:00:00+00:00,3,CRASH,0.9999998758894512,True,24,False,BEAR_STRUCTURE,BEAR_STRUCTURE,0.3,0.2596211661030568930937366599,0.2596211661030568930937366599
2022-04-27 00:00:00+00:00,3,CRASH,0.9999652400049507,True,25,False,BEAR_STRUCTURE,BEAR_STRUCTURE,0.3,0.2652422742013611816097114529,0.2652422742013611816097114529
2022-04-28 00:00:00+00:00,3,CRASH,0.9999198959065213,True,26,False,BEAR_STRUCTURE,BEAR_STRUCTURE,0.3,0.2677487991011275303373269548,0.2677487991011275303373269548
2022-04-29 00:00:00+00:00,3,CRASH,0.9999249728505406,True,27,False,BEAR_STRUCTURE,BEAR_STRUCTURE,0.3,0.2620514531892073057320044779,0.2620514531892073057320044779
2022-04-30 00:00:00+00:00,3,CRASH,0.9998358309725053,True,28,False,BEAR_STRUCTURE,BEAR_STRUCTURE,0.3,0.2571829923499356551208623642,0.2571829923499356551208623642
2022-05-01 00:00:00+00:00,3,CRASH,0.9998476719745073,True,29,False,BEAR_STRUCTURE,BEAR_STRUCTURE,0.3,0.2614107735704313612679538427,0.2614107735704313612679538427
2022-05-02 00:00:00+00:00,3,CRASH,0.9966934022840847,True,30,False,BEAR_STRUCTURE,BEAR_STRUCTURE,0.3,0.2616957966667895814026264435,0.2616957966667895814026264435
2022-05-03 00:00:00+00:00,3,CRASH,0.9728276130821566,True,31,False,BEAR_STRUCTURE,BEAR_STRUCTURE,0.3,0.2576809354425425570942798093,0.2576809354425425570942798093
2022-05-04 00:00:00+00:00,3,CRASH,0.8476950307445689,True,32,False,BEAR_STRUCTURE,BEAR_STRUCTURE,0.3,0.2674918322534131349495735571,0.2674918322534131349495735571
2022-05-05 00:00:00+00:00,3,CRASH,0.9999993759285772,True,33,False,BEAR_STRUCTURE,BEAR_STRUCTURE,0.3,0.2516705776492186461716655003,0.2516705776492186461716655003
2022-05-06 00:00:00+00:00,3,CRASH,0.999685748628436,True,34,False,BEAR_STRUCTURE,BEAR_STRUCTURE,0.3,0.50,0.3
2022-05-07 00:00:00+00:00,3,CRASH,0.9984563232707625,True,35,False,BEAR_STRUCTURE,BEAR_STRUCTURE,0.3,0.2968473127518282756767343171,0.2968473127518282756767343171
2022-05-08 00:00:00+00:00,3,CRASH,0.9999986029407164,True,36,False,BEAR_STRUCTURE,BEAR_STRUCTURE,0.3,0.2883068464810570237630183361,0.2883068464810570237630183361
2022-05-09 00:00:00+00:00,3,CRASH,1.0,True,37,False,BEAR_STRUCTURE,BEAR_STRUCTURE,0.3,0.2635937231648342816291731440,0.2635937231648342816291731440
2022-05-10 00:00:00+00:00,3,CRASH,1.0,True,38,False,BEAR_STRUCTURE,BEAR_STRUCTURE,0.3,0.2696159139003830462117161616,0.2696159139003830462117161616
2022-05-11 00:00:00+00:00,3,CRASH,1.0,True,39,False,BEAR_STRUCTURE,BEAR_STRUCTURE,0.3,0.2572641202240300262264760878,0.2572641202240300262264760878
2022-05-12 00:00:00+00:00,3,CRASH,1.0,True,40,False,BEAR_STRUCTURE,BEAR_STRUCTURE,0.3,0.2567767128287469490081484058,0.2567767128287469490081484058
2022-05-13 00:00:00+00:00,3,CRASH,0.9999999961846697,True,41,False,BEAR_STRUCTURE,BEAR_STRUCTURE,0.3,0.2584643696874838861421028940,0.2584643696874838861421028940
2022-05-14 00:00:00+00:00,3,CRASH,0.012091205266704074,False,41,False,BEAR_STRUCTURE,BEAR_STRUCTURE,0.3,0.2636610320821375040438813851,0.2636610320821375040438813851
2022-05-15 00:00:00+00:00,3,CRASH,1.6157644551009288e-06,False,41,False,BEAR_STRUCTURE,BEAR_STRUCTURE,0.3,0.2715900739982638867225473891,0.2715900739982638867225473891
2022-05-16 00:00:00+00:00,3,CRASH,1.0069099026702343e-10,False,41,False,BEAR_STRUCTURE,BEAR_STRUCTURE,0.3,0.2622857628726064757307736399,0.2622857628726064757307736399
2022-05-17 00:00:00+00:00,0,BULL,0.9999999999772626,True,3,False,BEAR_STRUCTURE,BEAR_STRUCTURE,0.3,0.95,0.3
2022-05-18 00:00:00+00:00,0,BULL,0.9999999959936758,True,4,False,BEAR_STRUCTURE,BEAR_STRUCTURE,0.3,0.95,0.3
2022-05-19 00:00:00+00:00,0,BULL,0.9999981158852748,True,5,False,BEAR_STRUCTURE,BEAR_STRUCTURE,0.3,0.95,0.3
2022-05-20 00:00:00+00:00,0,BULL,0.9983756089286508,True,6,False,BEAR_STRUCTURE,BEAR_STRUCTURE,0.3,0.95,0.3
2022-05-21 00:00:00+00:00,0,BULL,0.9999892283447369,True,7,False,BEAR_STRUCTURE,BEAR_STRUCTURE,0.3,0.95,0.3
2022-05-22 00:00:00+00:00,0,BULL,0.9999781578838158,True,8,False,BEAR_STRUCTURE,BEAR_STRUCTURE,0.3,0.95,0.3
2022-05-23 00:00:00+00:00,0,BULL,0.9999941378017798,True,9,False,BEAR_STRUCTURE,BEAR_STRUCTURE,0.3,0.95,0.3
2022-05-24 00:00:00+00:00,0,BULL,0.9999992207461527,True,10,False,BEAR_STRUCTURE,BEAR_STRUCTURE,0.3,0.95,0.3
2022-05-25 00:00:00+00:00,0,BULL,0.9999999930314516,True,11,False,BEAR_STRUCTURE,BEAR_STRUCTURE,0.3,0.95,0.3
2022-05-26 00:00:00+00:00,0,BULL,0.9999999928450052,True,12,False,BEAR_STRUCTURE,BEAR_STRUCTURE,0.3,0.95,0.3
2022-05-27 00:00:00+00:00,0,BULL,0.9999997966270009,True,13,False,BEAR_STRUCTURE,BEAR_STRUCTURE,0.3,0.95,0.3
2022-05-28 00:00:00+00:00,0,BULL,0.9999999944038791,True,14,False,BEAR_STRUCTURE,BEAR_STRUCTURE,0.3,0.95,0.3
2022-05-29 00:00:00+00:00,0,BULL,1.0,True,15,False,BEAR_STRUCTURE,BEAR_STRUCTURE,0.3,0.95,0.3
2022-05-30 00:00:00+00:00,0,BULL,0.9999999997944542,True,16,False,BEAR_STRUCTURE,BEAR_STRUCTURE,0.3,0.95,0.3
2022-05-31 00:00:00+00:00,0,BULL,0.9999999964729795,True,17,False,BEAR_STRUCTURE,BEAR_STRUCTURE,0.3,0.95,0.3
2022-06-01 00:00:00+00:00,0,BULL,0.9967626338974787,True,18,False,BEAR_STRUCTURE,BEAR_STRUCTURE,0.3,0.95,0.3
2022-06-02 00:00:00+00:00,0,BULL,0.4356999914480209,False,18,False,BEAR_STRUCTURE,BEAR_STRUCTURE,0.3,0.3045322542442103784838009043,0.3
2022-06-03 00:00:00+00:00,0,BULL,2.3013025643607643e-06,False,18,False,BEAR_STRUCTURE,BEAR_STRUCTURE,0.3,0.2947740776001855852949543239,0.2947740776001855852949543239
2022-06-04 00:00:00+00:00,1,NEUTRAL,0.9999993466865222,True,3,False,BEAR_STRUCTURE,BEAR_STRUCTURE,0.3,0.95,0.3
2022-06-05 00:00:00+00:00,1,NEUTRAL,0.9999999918200047,True,4,False,BEAR_STRUCTURE,BEAR_STRUCTURE,0.3,0.95,0.3
2022-06-06 00:00:00+00:00,0,BULL,0.9987538442333215,True,1,False,BEAR_STRUCTURE,BEAR_STRUCTURE,0.3,0.3100576838747389602328031019,0.3
2022-06-07 00:00:00+00:00,0,BULL,0.014604716601698282,False,1,False,BEAR_STRUCTURE,BEAR_STRUCTURE,0.3,0.2983405281766087702371506194,0.2983405281766087702371506194
2022-06-08 00:00:00+00:00,0,BULL,0.004552737139496704,False,1,False,BEAR_STRUCTURE,BEAR_STRUCTURE,0.3,0.2920941845844973595937016045,0.2920941845844973595937016045
2022-06-09 00:00:00+00:00,2,EUPHORIA,0.9415817905516072,True,3,False,BEAR_STRUCTURE,BEAR_STRUCTURE,0.3,0.60,0.3
2022-06-10 00:00:00+00:00,2,EUPHORIA,0.9620121730040536,True,4,False,BEAR_STRUCTURE,BEAR_STRUCTURE,0.3,0.60,0.3
2022-06-11 00:00:00+00:00,2,EUPHORIA,0.9885125698057533,True,5,False,BEAR_STRUCTURE,BEAR_STRUCTURE,0.3,0.60,0.3
2022-06-12 00:00:00+00:00,2,EUPHORIA,0.995500575860281,True,6,False,BEAR_STRUCTURE,BEAR_STRUCTURE,0.3,0.60,0.3
2022-06-13 00:00:00+00:00,2,EUPHORIA,0.999999997089617,True,7,False,BEAR_STRUCTURE,BEAR_STRUCTURE,0.3,0.60,0.3
2022-06-14 00:00:00+00:00,2,EUPHORIA,0.9999923597630106,True,8,False,BEAR_STRUCTURE,BEAR_STRUCTURE,0.3,0.60,0.3
2022-06-15 00:00:00+00:00,2,EUPHORIA,0.9999999816832317,True,9,False,BEAR_STRUCTURE,BEAR_STRUCTURE,0.3,0.60,0.3
2022-06-16 00:00:00+00:00,2,EUPHORIA,0.999997163670671,True,10,False,BEAR_STRUCTURE,BEAR_STRUCTURE,0.3,0.60,0.3
2022-06-17 00:00:00+00:00,2,EUPHORIA,0.9977142996565028,True,11,False,BEAR_STRUCTURE,BEAR_STRUCTURE,0.3,0.60,0.3
2022-06-18 00:00:00+00:00,2,EUPHORIA,0.03430029885317115,False,11,False,BEAR_STRUCTURE,BEAR_STRUCTURE,0.3,0.2842857768665741628118349011,0.2842857768665741628118349011
2022-06-19 00:00:00+00:00,2,EUPHORIA,0.0008547673122608384,False,11,False,BEAR_STRUCTURE,BEAR_STRUCTURE,0.3,0.3010772691289099440719326569,0.3
2022-06-20 00:00:00+00:00,0,BULL,0.9994480357629517,True,3,False,BEAR_STRUCTURE,BEAR_STRUCTURE,0.3,0.2999985676409703266683049977,0.2999985676409703266683049977
2022-06-21 00:00:00+00:00,0,BULL,0.8920062070713948,True,4,False,BEAR_STRUCTURE,BEAR_STRUCTURE,0.3,0.3015225286183279868543978366,0.3
2022-06-22 00:00:00+00:00,0,BULL,0.9980829393315308,True,5,False,BEAR_STRUCTURE,BEAR_STRUCTURE,0.3,0.2924662738373202866897521320,0.2924662738373202866897521320
2022-06-23 00:00:00+00:00,0,BULL,1.0,True,6,False,BEAR_STRUCTURE,BEAR_STRUCTURE,0.3,0.3038957932716027478052680653,0.3
2022-06-24 00:00:00+00:00,0,BULL,1.0,True,7,False,BEAR_STRUCTURE,BEAR_STRUCTURE,0.3,0.3012674115124435609356277449,0.3
2022-06-25 00:00:00+00:00,0,BULL,1.0,True,8,False,BEAR_STRUCTURE,BEAR_STRUCTURE,0.3,0.3024978100395526927412823467,0.3
2022-06-26 00:00:00+00:00,0,BULL,1.0,True,9,False,BEAR_STRUCTURE,BEAR_STRUCTURE,0.3,0.2955448304955230074775064379,0.2955448304955230074775064379
2022-06-27 00:00:00+00:00,0,BULL,1.0,True,10,False,BEAR_STRUCTURE,BEAR_STRUCTURE,0.3,0.2926081974862401293318499797,0.2926081974862401293318499797
2022-06-28 00:00:00+00:00,0,BULL,1.0,True,11,False,BEAR_STRUCTURE,BEAR_STRUCTURE,0.3,0.2879750668534509782816023891,0.2879750668534509782816023891
2022-06-29 00:00:00+00:00,0,BULL,1.0,True,12,False,BEAR_STRUCTURE,BEAR_STRUCTURE,0.3,0.2863712391937063042661858843,0.2863712391937063042661858843
2022-06-30 00:00:00+00:00,0,BULL,1.0,True,13,False,BEAR_STRUCTURE,BEAR_STRUCTURE,0.3,0.2845303565895273236005131693,0.2845303565895273236005131693
2022-07-01 00:00:00+00:00,0,BULL,1.0,True,14,False,BEAR_STRUCTURE,BEAR_STRUCTURE,0.3,0.2777038660398645507568047165,0.2777038660398645507568047165
2022-07-02 00:00:00+00:00,0,BULL,1.0,True,15,False,BEAR_STRUCTURE,BEAR_STRUCTURE,0.3,0.2774229565275935931245372488,0.2774229565275935931245372488
2022-07-03 00:00:00+00:00,0,BULL,0.9999999853566807,True,16,False,BEAR_STRUCTURE,BEAR_STRUCTURE,0.3,0.2780785228453368918084174616,0.2780785228453368918084174616
2022-07-04 00:00:00+00:00,0,BULL,0.9999999999095053,True,17,False,BEAR_STRUCTURE,BEAR_STRUCTURE,0.3,0.2875240740921049196716216929,0.2875240740921049196716216929
2022-07-05 00:00:00+00:00,0,BULL,0.9999999282176785,True,18,False,BEAR_STRUCTURE,BEAR_STRUCTURE,0.3,0.2869072590378944113113749176,0.2869072590378944113113749176
2022-07-06 00:00:00+00:00,0,BULL,0.5492314442177859,True,19,False,BEAR_STRUCTURE,BEAR_STRUCTURE,0.3,0.2908269743805869875432190716,0.2908269743805869875432190716
2022-07-07 00:00:00+00:00,0,BULL,0.3162958623351485,False,19,False,BEAR_STRUCTURE,BEAR_STRUCTURE,0.3,0.3013055440110976845940519440,0.3
2022-07-08 00:00:00+00:00,0,BULL,1.6744763962509015e-40,False,19,False,BEAR_STRUCTURE,BEAR_STRUCTURE,0.3,0.2997066839932787271259363723,0.2997066839932787271259363723
2022-07-09 00:00:00+00:00,2,EUPHORIA,0.9999895066780791,True,3,False,BEAR_STRUCTURE,BEAR_STRUCTURE,0.3,0.60,0.3
2022-07-10 00:00:00+00:00,2,EUPHORIA,0.9984620402277513,True,4,False,BEAR_STRUCTURE,BEAR_STRUCTURE,0.3,0.60,0.3
2022-07-11 00:00:00+00:00,2,EUPHORIA,0.9997831904522777,True,5,False,BEAR_STRUCTURE,BEAR_STRUCTURE,0.3,0.60,0.3
2022-07-12 00:00:00+00:00,2,EUPHORIA,0.9999999999677129,True,6,False,BEAR_STRUCTURE,BEAR_STRUCTURE,0.3,0.60,0.3
2022-07-13 00:00:00+00:00,2,EUPHORIA,0.9999999861711332,True,7,False,BEAR_STRUCTURE,BEAR_STRUCTURE,0.3,0.60,0.3
2022-07-14 00:00:00+00:00,2,EUPHORIA,0.9999999999995453,True,8,False,BEAR_STRUCTURE,BEAR_STRUCTURE,0.3,0.60,0.3
2022-07-15 00:00:00+00:00,2,EUPHORIA,1.0,True,9,False,BEAR_STRUCTURE,BEAR_STRUCTURE,0.3,0.60,0.3
2022-07-16 00:00:00+00:00,2,EUPHORIA,1.0,True,10,False,BEAR_STRUCTURE,BEAR_STRUCTURE,0.3,0.60,0.3
2022-07-17 00:00:00+00:00,2,EUPHORIA,1.0,True,11,False,BEAR_STRUCTURE,BEAR_STRUCTURE,0.3,0.60,0.3
2022-07-18 00:00:00+00:00,2,EUPHORIA,0.9999999953565748,True,12,False,BEAR_STRUCTURE,BEAR_STRUCTURE,0.3,0.60,0.3
2022-07-19 00:00:00+00:00,2,EUPHORIA,0.9999999999977263,True,13,False,BEAR_STRUCTURE,BEAR_STRUCTURE,0.3,0.60,0.3
2022-07-20 00:00:00+00:00,2,EUPHORIA,1.0,True,14,False,BEAR_STRUCTURE,BEAR_STRUCTURE,0.3,0.60,0.3
2022-07-21 00:00:00+00:00,2,EUPHORIA,0.9999999999986358,True,15,False,BEAR_STRUCTURE,BEAR_STRUCTURE,0.3,0.60,0.3
2022-07-22 00:00:00+00:00,2,EUPHORIA,0.9999999998249223,True,16,False,BEAR_STRUCTURE,BEAR_STRUCTURE,0.3,0.60,0.3
2022-07-23 00:00:00+00:00,2,EUPHORIA,0.9999999952583494,True,17,False,BEAR_STRUCTURE,BEAR_STRUCTURE,0.3,0.60,0.3
2022-07-24 00:00:00+00:00,2,EUPHORIA,0.9999999998581188,True,18,False,BEAR_STRUCTURE,BEAR_STRUCTURE,0.3,0.60,0.3
2022-07-25 00:00:00+00:00,2,EUPHORIA,0.9999999975270839,True,19,False,BEAR_STRUCTURE,BEAR_STRUCTURE,0.3,0.60,0.3
2022-07-26 00:00:00+00:00,2,EUPHORIA,0.9999999903288881,True,20,False,BEAR_STRUCTURE,BEAR_STRUCTURE,0.3,0.60,0.3
2022-07-27 00:00:00+00:00,2,EUPHORIA,0.999999919578389,True,21,False,BEAR_STRUCTURE,BEAR_STRUCTURE,0.3,0.60,0.3
2022-07-28 00:00:00+00:00,2,EUPHORIA,0.9999999999840838,True,22,False,BEAR_STRUCTURE,BEAR_STRUCTURE,0.3,0.95,0.3
2022-07-29 00:00:00+00:00,2,EUPHORIA,0.9999999995256985,True,23,False,BEAR_STRUCTURE,BEAR_STRUCTURE,0.3,0.95,0.3
2022-07-30 00:00:00+00:00,2,EUPHORIA,0.9999998704602233,True,24,False,BEAR_STRUCTURE,BEAR_STRUCTURE,0.3,0.95,0.3
2022-07-31 00:00:00+00:00,2,EUPHORIA,0.9999918876885017,True,25,False,BEAR_STRUCTURE,BEAR_STRUCTURE,0.3,0.95,0.3
2022-08-01 00:00:00+00:00,2,EUPHORIA,0.9999999881183613,True,26,False,BEAR_STRUCTURE,BEAR_STRUCTURE,0.3,0.95,0.3
2022-08-02 00:00:00+00:00,2,EUPHORIA,0.9999999999831743,True,27,False,BEAR_STRUCTURE,BEAR_STRUCTURE,0.3,0.60,0.3
2022-08-03 00:00:00+00:00,2,EUPHORIA,0.9999999999504325,True,28,False,BEAR_STRUCTURE,BEAR_STRUCTURE,0.3,0.60,0.3
2022-08-04 00:00:00+00:00,2,EUPHORIA,0.9999999999563443,True,29,False,BEAR_STRUCTURE,BEAR_STRUCTURE,0.3,0.60,0.3
2022-08-05 00:00:00+00:00,2,EUPHORIA,0.9999999969804776,True,30,False,BEAR_STRUCTURE,BEAR_STRUCTURE,0.3,0.95,0.3
2022-08-06 00:00:00+00:00,2,EUPHORIA,0.9999978711621147,True,31,False,BEAR_STRUCTURE,BEAR_STRUCTURE,0.3,0.60,0.3
2022-08-07 00:00:00+00:00,2,EUPHORIA,0.995324736558631,True,32,False,BEAR_STRUCTURE,BEAR_STRUCTURE,0.3,0.95,0.3
2022-08-08 00:00:00+00:00,2,EUPHORIA,0.7234909432484793,True,33,False,BEAR_STRUCTURE,BEAR_STRUCTURE,0.3,0.95,0.3
2022-08-09 00:00:00+00:00,2,EUPHORIA,0.5839491343988759,True,34,False,BEAR_STRUCTURE,BEAR_STRUCTURE,0.3,0.60,0.3
2022-08-10 00:00:00+00:00,2,EUPHORIA,0.02319272655243818,False,34,False,BEAR_STRUCTURE,BEAR_STRUCTURE,0.3,0.3072080500638519085375754736,0.3
2022-08-11 00:00:00+00:00,2,EUPHORIA,3.608722962744966e-05,False,34,False,BEAR_STRUCTURE,BEAR_STRUCTURE,0.3,0.2998297280862069681999500664,0.2998297280862069681999500664
2022-08-12 00:00:00+00:00,1,BEAR,0.9997153250274825,True,3,False,BEAR_STRUCTURE,BEAR_STRUCTURE,0.3,0.95,0.3
2022-08-13 00:00:00+00:00,1,BEAR,0.9999114355704035,True,4,False,BEAR_STRUCTURE,BEAR_STRUCTURE,0.3,0.95,0.3
2022-08-14 00:00:00+00:00,1,BEAR,0.9912324652746692,True,5,False,BEAR_STRUCTURE,BEAR_STRUCTURE,0.3,0.95,0.3
2022-08-15 00:00:00+00:00,1,BEAR,0.06256679001074687,False,5,False,BEAR_STRUCTURE,BEAR_STRUCTURE,0.3,0.2981770613268066691254714306,0.2981770613268066691254714306
2022-08-16 00:00:00+00:00,1,BEAR,6.635812610926838e-27,False,5,False,BEAR_STRUCTURE,BEAR_STRUCTURE,0.3,0.2960857133229606237522350879,0.2960857133229606237522350879
2022-08-17 00:00:00+00:00,3,CRASH,1.0,True,3,False,BEAR_STRUCTURE,BEAR_STRUCTURE,0.3,0.95,0.3
2022-08-18 00:00:00+00:00,3,CRASH,1.0,True,4,False,BEAR_STRUCTURE,BEAR_STRUCTURE,0.3,0.95,0.3
2022-08-19 00:00:00+00:00,3,CRASH,0.9999998808994022,True,5,False,BEAR_STRUCTURE,BEAR_STRUCTURE,0.3,0.95,0.3
2022-08-20 00:00:00+00:00,3,CRASH,0.9999999902529453,True,6,False,BEAR_STRUCTURE,BEAR_STRUCTURE,0.3,0.95,0.3
2022-08-21 00:00:00+00:00,3,CRASH,0.9999999999608917,True,7,False,BEAR_STRUCTURE,BEAR_STRUCTURE,0.3,0.95,0.3
2022-08-22 00:00:00+00:00,3,CRASH,0.999999999996362,True,8,False,BEAR_STRUCTURE,BEAR_STRUCTURE,0.3,0.95,0.3
2022-08-23 00:00:00+00:00,3,CRASH,0.9999999999995453,True,9,False,BEAR_STRUCTURE,BEAR_STRUCTURE,0.3,0.95,0.3
2022-08-24 00:00:00+00:00,3,CRASH,0.015318425527427825,False,9,False,BEAR_STRUCTURE,BEAR_STRUCTURE,0.3,0.2984257232211303113116687176,0.2984257232211303113116687176
2022-08-25 00:00:00+00:00,3,CRASH,0.08274443105585574,False,9,False,BEAR_STRUCTURE,BEAR_STRUCTURE,0.3,0.3002918026352793343407330028,0.3
2022-08-26 00:00:00+00:00,3,CRASH,0.5200608543170983,True,10,False,BEAR_STRUCTURE,BEAR_STRUCTURE,0.3,0.2869218307733413728396830358,0.2869218307733413728396830358
2022-08-27 00:00:00+00:00,3,CRASH,0.9866196142216153,True,11,False,BEAR_STRUCTURE,BEAR_STRUCTURE,0.3,0.95,0.3
2022-08-28 00:00:00+00:00,3,CRASH,0.9999418389195283,True,12,False,BEAR_STRUCTURE,BEAR_STRUCTURE,0.3,0.95,0.3
2022-08-29 00:00:00+00:00,3,CRASH,0.999936502635285,True,13,False,BEAR_STRUCTURE,BEAR_STRUCTURE,0.3,0.95,0.3
2022-08-30 00:00:00+00:00,3,CRASH,0.9999990568553485,True,14,False,BEAR_STRUCTURE,BEAR_STRUCTURE,0.3,0.95,0.3
2022-08-31 00:00:00+00:00,3,CRASH,0.9997129752144488,True,15,False,BEAR_STRUCTURE,BEAR_STRUCTURE,0.3,0.95,0.3
2022-09-01 00:00:00+00:00,3,CRASH,0.9999007050675275,True,16,False,BEAR_STRUCTURE,BEAR_STRUCTURE,0.3,0.95,0.3
2022-09-02 00:00:00+00:00,3,CRASH,0.9994435435743344,True,17,False,BEAR_STRUCTURE,BEAR_STRUCTURE,0.3,0.95,0.3
2022-09-03 00:00:00+00:00,3,CRASH,0.9912872159083169,True,18,False,BEAR_STRUCTURE,BEAR_STRUCTURE,0.3,0.95,0.3
2022-09-04 00:00:00+00:00,3,CRASH,0.9590659556542704,True,19,False,BEAR_STRUCTURE,BEAR_STRUCTURE,0.3,0.95,0.3
2022-09-05 00:00:00+00:00,3,CRASH,0.9971003658544471,True,20,False,BEAR_STRUCTURE,BEAR_STRUCTURE,0.3,0.95,0.3
2022-09-06 00:00:00+00:00,3,CRASH,0.9958664790567726,True,21,False,BEAR_STRUCTURE,BEAR_STRUCTURE,0.3,0.95,0.3
2022-09-07 00:00:00+00:00,3,CRASH,0.9911127983628701,True,22,False,BEAR_STRUCTURE,BEAR_STRUCTURE,0.3,0.95,0.3
2022-09-08 00:00:00+00:00,3,CRASH,1.0,True,23,False,BEAR_STRUCTURE,BEAR_STRUCTURE,0.3,0.95,0.3
2022-09-09 00:00:00+00:00,3,CRASH,0.9997550268346944,True,24,False,BEAR_STRUCTURE,BEAR_STRUCTURE,0.3,0.95,0.3
2022-09-10 00:00:00+00:00,3,CRASH,0.9999999998744897,True,25,False,BEAR_STRUCTURE,BEAR_STRUCTURE,0.3,0.95,0.3
2022-09-11 00:00:00+00:00,3,CRASH,0.998745079350244,True,26,False,BEAR_STRUCTURE,BEAR_STRUCTURE,0.3,0.95,0.3
2022-09-12 00:00:00+00:00,3,CRASH,0.9987598918211507,True,27,False,BEAR_STRUCTURE,BEAR_STRUCTURE,0.3,0.95,0.3
2022-09-13 00:00:00+00:00,3,CRASH,0.9999693710249223,True,28,False,BEAR_STRUCTURE,BEAR_STRUCTURE,0.3,0.95,0.3
2022-09-14 00:00:00+00:00,3,CRASH,0.9998667711797568,True,29,False,BEAR_STRUCTURE,BEAR_STRUCTURE,0.3,0.95,0.3
2022-09-15 00:00:00+00:00,3,CRASH,0.9999958164304389,True,30,False,BEAR_STRUCTURE,BEAR_STRUCTURE,0.3,0.95,0.3
2022-09-16 00:00:00+00:00,3,CRASH,0.9999963786342139,True,31,False,BEAR_STRUCTURE,BEAR_STRUCTURE,0.3,0.95,0.3
2022-09-17 00:00:00+00:00,3,CRASH,0.9999603383456037,True,32,False,BEAR_STRUCTURE,BEAR_STRUCTURE,0.3,0.95,0.3
2022-09-18 00:00:00+00:00,3,CRASH,1.86515195309341e-05,False,32,False,BEAR_STRUCTURE,BEAR_STRUCTURE,0.3,0.2926524649973786821644476113,0.2926524649973786821644476113
2022-09-19 00:00:00+00:00,3,CRASH,2.4540872874715044e-09,False,32,False,BEAR_STRUCTURE,BEAR_STRUCTURE,0.3,0.2939384670591108906979758762,0.2939384670591108906979758762
2022-09-20 00:00:00+00:00,2,EUPHORIA,0.9999997865034175,True,3,False,BEAR_STRUCTURE,BEAR_STRUCTURE,0.3,0.60,0.3
2022-09-21 00:00:00+00:00,2,EUPHORIA,0.9999789264158132,True,4,False,BEAR_STRUCTURE,BEAR_STRUCTURE,0.3,0.60,0.3
2022-09-22 00:00:00+00:00,2,EUPHORIA,0.9999999999754436,True,5,False,BEAR_STRUCTURE,BEAR_STRUCTURE,0.3,0.60,0.3
2022-09-23 00:00:00+00:00,2,EUPHORIA,0.9999999999890861,True,6,False,BEAR_STRUCTURE,BEAR_STRUCTURE,0.3,0.60,0.3
2022-09-24 00:00:00+00:00,2,EUPHORIA,1.0,True,7,False,BEAR_STRUCTURE,BEAR_STRUCTURE,0.3,0.60,0.3
2022-09-25 00:00:00+00:00,2,EUPHORIA,1.0,True,8,False,BEAR_STRUCTURE,BEAR_STRUCTURE,0.3,0.60,0.3
2022-09-26 00:00:00+00:00,2,EUPHORIA,0.999999994936843,True,9,False,BEAR_STRUCTURE,BEAR_STRUCTURE,0.3,0.60,0.3
2022-09-27 00:00:00+00:00,2,EUPHORIA,0.9999999924875738,True,10,False,BEAR_STRUCTURE,BEAR_STRUCTURE,0.3,0.60,0.3
2022-09-28 00:00:00+00:00,2,EUPHORIA,0.9999999999045031,True,11,False,BEAR_STRUCTURE,BEAR_STRUCTURE,0.3,0.60,0.3
2022-09-29 00:00:00+00:00,2,EUPHORIA,0.09542659386008505,False,11,False,BEAR_STRUCTURE,BEAR_STRUCTURE,0.3,0.3019286157334883148274893068,0.3
2022-09-30 00:00:00+00:00,2,EUPHORIA,0.0005084180566739599,False,11,False,BEAR_STRUCTURE,BEAR_STRUCTURE,0.3,0.2981950697495977458860300385,0.2981950697495977458860300385
2022-10-01 00:00:00+00:00,1,BEAR,0.9996088037865243,True,3,False,BEAR_STRUCTURE,BEAR_STRUCTURE,0.3,0.60,0.3
2022-10-02 00:00:00+00:00,1,BEAR,0.9993024236997669,True,4,False,BEAR_STRUCTURE,BEAR_STRUCTURE,0.3,0.60,0.3
2022-10-03 00:00:00+00:00,1,BEAR,0.0053502071475596885,False,4,False,BEAR_STRUCTURE,BEAR_STRUCTURE,0.3,0.3062398555725128188997378776,0.3
2022-10-04 00:00:00+00:00,1,BEAR,0.024154129968740008,False,4,False,BEAR_STRUCTURE,BEAR_STRUCTURE,0.3,0.3075028416621045443900095798,0.3
2022-10-05 00:00:00+00:00,1,BEAR,1.789623730813722e-05,False,4,False,BEAR_STRUCTURE,BEAR_STRUCTURE,0.3,0.2981438017878838329044723176,0.2981438017878838329044723176
2022-10-06 00:00:00+00:00,0,BULL,0.99997731495288,True,3,False,BEAR_STRUCTURE,BEAR_STRUCTURE,0.3,0.2960866948064005721842719727,0.2960866948064005721842719727
2022-10-07 00:00:00+00:00,0,BULL,0.9998785924698862,True,4,False,BEAR_STRUCTURE,BEAR_STRUCTURE,0.3,0.2915618931733691668421568036,0.2915618931733691668421568036
2022-10-08 00:00:00+00:00,0,BULL,0.909526986330727,True,5,False,BEAR_STRUCTURE,BEAR_STRUCTURE,0.3,0.2903739987074541242029645442,0.2903739987074541242029645442
2022-10-09 00:00:00+00:00,0,BULL,0.9935571695314135,True,6,False,BEAR_STRUCTURE,BEAR_STRUCTURE,0.3,0.2905974100712305315009327469,0.2905974100712305315009327469
2022-10-10 00:00:00+00:00,0,BULL,0.9999971463371157,True,7,False,BEAR_STRUCTURE,BEAR_STRUCTURE,0.3,0.2873250628568502951989437026,0.2873250628568502951989437026
2022-10-11 00:00:00+00:00,0,BULL,0.9999985063279624,True,8,False,BEAR_STRUCTURE,BEAR_STRUCTURE,0.3,0.2865550034497581276864053537,0.2865550034497581276864053537
2022-10-12 00:00:00+00:00,0,BULL,0.9999999923729774,True,9,False,BEAR_STRUCTURE,BEAR_STRUCTURE,0.3,0.2875782070825818986304126282,0.2875782070825818986304126282
2022-10-13 00:00:00+00:00,0,BULL,0.9999579539743746,True,10,False,BEAR_STRUCTURE,BEAR_STRUCTURE,0.3,0.2899192096974276192833110863,0.2899192096974276192833110863
2022-10-14 00:00:00+00:00,0,BULL,0.9999998674075047,True,11,False,BEAR_STRUCTURE,BEAR_STRUCTURE,0.3,0.2878070161670442955804614418,0.2878070161670442955804614418
2022-10-15 00:00:00+00:00,0,BULL,0.9999998149169358,True,12,False,BEAR_STRUCTURE,BEAR_STRUCTURE,0.3,0.2866557081827415503611134839,0.2866557081827415503611134839
2022-10-16 00:00:00+00:00,0,BULL,0.9999999928968464,True,13,False,BEAR_STRUCTURE,BEAR_STRUCTURE,0.3,0.2887255821484545161177028776,0.2887255821484545161177028776
2022-10-17 00:00:00+00:00,0,BULL,0.9999999987403498,True,14,False,BEAR_STRUCTURE,BEAR_STRUCTURE,0.3,0.2917709223643796516961904106,0.2917709223643796516961904106
2022-10-18 00:00:00+00:00,0,BULL,0.9999999991714503,True,15,False,BEAR_STRUCTURE,BEAR_STRUCTURE,0.3,0.2894121285317981508250456925,0.2894121285317981508250456925
2022-10-19 00:00:00+00:00,0,BULL,0.9999999977890184,True,16,False,BEAR_STRUCTURE,BEAR_STRUCTURE,0.3,0.2872404987247923646994474153,0.2872404987247923646994474153
2022-10-20 00:00:00+00:00,0,BULL,0.9999999975798346,True,17,False,BEAR_STRUCTURE,BEAR_STRUCTURE,0.3,0.2863610211566625575676261152,0.2863610211566625575676261152
2022-10-21 00:00:00+00:00,0,BULL,0.9999999980009306,True,18,False,BEAR_STRUCTURE,BEAR_STRUCTURE,0.3,0.2876727423000010300764194084,0.2876727423000010300764194084
2022-10-22 00:00:00+00:00,0,BULL,0.9999997416507874,True,19,False,BEAR_STRUCTURE,BEAR_STRUCTURE,0.3,0.2880999764535913065699754582,0.2880999764535913065699754582
2022-10-23 00:00:00+00:00,0,BULL,0.9999999999763531,True,20,False,BEAR_STRUCTURE,BEAR_STRUCTURE,0.3,0.2919879621928997488666689525,0.2919879621928997488666689525
2022-10-24 00:00:00+00:00,0,BULL,1.0,True,21,False,BEAR_STRUCTURE,BEAR_STRUCTURE,0.3,0.2894363879401070407773289093,0.2894363879401070407773289093
2022-10-25 00:00:00+00:00,0,BULL,1.0,True,22,False,BEAR_STRUCTURE,BEAR_STRUCTURE,0.3,0.2973312058957736442871151022,0.2973312058957736442871151022
2022-10-26 00:00:00+00:00,0,BULL,0.9999999995216058,True,23,False,BEAR_STRUCTURE,BEAR_STRUCTURE,0.3,0.3044532773022516988414542899,0.3
2022-10-27 00:00:00+00:00,0,BULL,1.0,True,24,False,BEAR_STRUCTURE,BEAR_STRUCTURE,0.3,0.2951503967709954657696831207,0.2951503967709954657696831207
2022-10-28 00:00:00+00:00,0,BULL,1.0,True,25,False,BEAR_STRUCTURE,BEAR_STRUCTURE,0.3,0.2981789819220740966674262610,0.2981789819220740966674262610
2022-10-29 00:00:00+00:00,0,BULL,1.0,True,26,False,BEAR_STRUCTURE,BEAR_STRUCTURE,0.3,0.3003857576877530379042557393,0.3
2022-10-30 00:00:00+00:00,0,BULL,1.0,True,27,False,BEAR_STRUCTURE,BEAR_STRUCTURE,0.3,0.2981558871736403431953906229,0.2981558871736403431953906229
2022-10-31 00:00:00+00:00,0,BULL,0.9999999999763531,True,28,False,BEAR_STRUCTURE,BEAR_STRUCTURE,0.3,0.2967659579834942000263379229,0.2967659579834942000263379229
2022-11-01 00:00:00+00:00,0,BULL,0.9958550123229533,True,29,False,BEAR_STRUCTURE,BEAR_STRUCTURE,0.3,0.2966934340911833004777711373,0.2966934340911833004777711373
2022-11-02 00:00:00+00:00,0,BULL,1.402925800368778e-09,False,29,False,BEAR_STRUCTURE,BEAR_STRUCTURE,0.3,0.2932972736853221039606325889,0.2932972736853221039606325889
2022-11-03 00:00:00+00:00,0,BULL,5.046357558830467e-21,False,29,False,BEAR_STRUCTURE,BEAR_STRUCTURE,0.3,0.2938725934335673861138123938,0.2938725934335673861138123938
2022-11-04 00:00:00+00:00,3,CRASH,1.0,True,3,False,BEAR_STRUCTURE,BEAR_STRUCTURE,0.3,0.95,0.3
2022-11-05 00:00:00+00:00,3,CRASH,1.0,True,4,False,BEAR_STRUCTURE,BEAR_STRUCTURE,0.3,0.95,0.3
2022-11-06 00:00:00+00:00,3,CRASH,1.0,True,5,False,BEAR_STRUCTURE,BEAR_STRUCTURE,0.3,0.95,0.3
2022-11-07 00:00:00+00:00,3,CRASH,1.0,True,6,False,BEAR_STRUCTURE,BEAR_STRUCTURE,0.3,0.95,0.3
2022-11-08 00:00:00+00:00,3,CRASH,0.9999999999990905,True,7,False,BEAR_STRUCTURE,BEAR_STRUCTURE,0.3,0.95,0.3
2022-11-09 00:00:00+00:00,3,CRASH,0.9999999998981366,True,8,False,BEAR_STRUCTURE,BEAR_STRUCTURE,0.3,0.95,0.3
2022-11-10 00:00:00+00:00,3,CRASH,0.9999906300229368,True,9,False,BEAR_STRUCTURE,BEAR_STRUCTURE,0.3,0.95,0.3
2022-11-11 00:00:00+00:00,3,CRASH,0.998035056070326,True,10,False,BEAR_STRUCTURE,BEAR_STRUCTURE,0.3,0.95,0.3
2022-11-12 00:00:00+00:00,3,CRASH,0.3858512582833215,False,10,False,BEAR_STRUCTURE,BEAR_STRUCTURE,0.3,0.2968143938677725754589136480,0.2968143938677725754589136480
2022-11-13 00:00:00+00:00,3,CRASH,5.022530924987957e-06,False,10,False,BEAR_STRUCTURE,BEAR_STRUCTURE,0.3,0.2907762843714902316393586190,0.2907762843714902316393586190
2022-11-14 00:00:00+00:00,2,EUPHORIA,1.0,True,3,False,BEAR_STRUCTURE,BEAR_STRUCTURE,0.3,0.60,0.3
2022-11-15 00:00:00+00:00,2,EUPHORIA,1.0,True,4,False,BEAR_STRUCTURE,BEAR_STRUCTURE,0.3,0.60,0.3
2022-11-16 00:00:00+00:00,2,EUPHORIA,1.0,True,5,False,BEAR_STRUCTURE,BEAR_STRUCTURE,0.3,0.60,0.3
2022-11-17 00:00:00+00:00,2,EUPHORIA,1.0,True,6,False,BEAR_STRUCTURE,BEAR_STRUCTURE,0.3,0.60,0.3
2022-11-18 00:00:00+00:00,2,EUPHORIA,1.0,True,7,False,BEAR_STRUCTURE,BEAR_STRUCTURE,0.3,0.60,0.3
2022-11-19 00:00:00+00:00,2,EUPHORIA,1.0,True,8,False,BEAR_STRUCTURE,BEAR_STRUCTURE,0.3,0.60,0.3
2022-11-20 00:00:00+00:00,2,EUPHORIA,0.9999999998035491,True,9,False,BEAR_STRUCTURE,BEAR_STRUCTURE,0.3,0.60,0.3
2022-11-21 00:00:00+00:00,2,EUPHORIA,0.9999340927398553,True,10,False,BEAR_STRUCTURE,BEAR_STRUCTURE,0.3,0.60,0.3
2022-11-22 00:00:00+00:00,2,EUPHORIA,0.9999999888004824,True,11,False,BEAR_STRUCTURE,BEAR_STRUCTURE,0.3,0.60,0.3
2022-11-23 00:00:00+00:00,2,EUPHORIA,0.999999992272933,True,12,False,BEAR_STRUCTURE,BEAR_STRUCTURE,0.3,0.60,0.3
2022-11-24 00:00:00+00:00,2,EUPHORIA,0.9999999951342033,True,13,False,BEAR_STRUCTURE,BEAR_STRUCTURE,0.3,0.60,0.3
2022-11-25 00:00:00+00:00,2,EUPHORIA,0.9999999948868208,True,14,False,BEAR_STRUCTURE,BEAR_STRUCTURE,0.3,0.60,0.3
2022-11-26 00:00:00+00:00,2,EUPHORIA,0.9999999954670784,True,15,False,BEAR_STRUCTURE,BEAR_STRUCTURE,0.3,0.60,0.3
2022-11-27 00:00:00+00:00,2,EUPHORIA,0.999999999321517,True,16,False,BEAR_STRUCTURE,BEAR_STRUCTURE,0.3,0.60,0.3
2022-11-28 00:00:00+00:00,2,EUPHORIA,0.9998304110758788,True,17,False,BEAR_STRUCTURE,BEAR_STRUCTURE,0.3,0.60,0.3
2022-11-29 00:00:00+00:00,2,EUPHORIA,0.7893670392135633,True,18,False,BEAR_STRUCTURE,BEAR_STRUCTURE,0.3,0.60,0.3
2022-11-30 00:00:00+00:00,2,EUPHORIA,8.585768549417939e-08,False,18,False,BEAR_STRUCTURE,BEAR_STRUCTURE,0.3,0.3090860214183168543692627557,0.3
2022-12-01 00:00:00+00:00,2,EUPHORIA,2.193016766231145e-08,False,18,False,BEAR_STRUCTURE,BEAR_STRUCTURE,0.3,0.2976933328986129106936873742,0.2976933328986129106936873742
2022-12-02 00:00:00+00:00,0,BULL,0.9999997669092681,True,3,False,BEAR_STRUCTURE,BEAR_STRUCTURE,0.3,0.2991112168830518203174408545,0.2991112168830518203174408545
2022-12-03 00:00:00+00:00,0,BULL,0.9999985825034897,True,4,False,BEAR_STRUCTURE,BEAR_STRUCTURE,0.3,0.2965564452794960546046751446,0.2965564452794960546046751446
2022-12-04 00:00:00+00:00,0,BULL,0.9999998831253902,True,5,False,BEAR_STRUCTURE,BEAR_STRUCTURE,0.3,0.2992701361823014186152009932,0.2992701361823014186152009932
2022-12-05 00:00:00+00:00,0,WEAK_BEAR,0.9999999998922249,True,1,False,BEAR_STRUCTURE,BEAR_STRUCTURE,0.3,0.60,0.3
2022-12-06 00:00:00+00:00,0,WEAK_BEAR,0.9999999980950633,True,2,False,BEAR_STRUCTURE,BEAR_STRUCTURE,0.3,0.60,0.3
2022-12-07 00:00:00+00:00,0,WEAK_BEAR,0.9999994530004774,True,3,False,BEAR_STRUCTURE,BEAR_STRUCTURE,0.3,0.60,0.3
2022-12-08 00:00:00+00:00,0,WEAK_BEAR,0.9999998955968349,True,4,False,BEAR_STRUCTURE,BEAR_STRUCTURE,0.3,0.60,0.3
2022-12-09 00:00:00+00:00,0,WEAK_BEAR,0.999960133525992,True,5,False,BEAR_STRUCTURE,BEAR_STRUCTURE,0.3,0.60,0.3
2022-12-10 00:00:00+00:00,0,WEAK_BEAR,0.9999216938824202,True,6,False,BEAR_STRUCTURE,BEAR_STRUCTURE,0.3,0.60,0.3
2022-12-11 00:00:00+00:00,0,WEAK_BEAR,0.9989277199396855,True,7,False,BEAR_STRUCTURE,BEAR_STRUCTURE,0.3,0.60,0.3
2022-12-12 00:00:00+00:00,0,WEAK_BEAR,0.9977387407245535,True,8,False,BEAR_STRUCTURE,BEAR_STRUCTURE,0.3,0.60,0.3
2022-12-13 00:00:00+00:00,0,WEAK_BEAR,0.9982162956879586,True,9,False,BEAR_STRUCTURE,BEAR_STRUCTURE,0.3,0.95,0.3
2022-12-14 00:00:00+00:00,0,WEAK_BEAR,0.9685148141056623,True,10,False,BEAR_STRUCTURE,BEAR_STRUCTURE,0.3,0.95,0.3
2022-12-15 00:00:00+00:00,0,WEAK_BEAR,0.9280973614766208,True,11,False,BEAR_STRUCTURE,BEAR_STRUCTURE,0.3,0.60,0.3
2022-12-16 00:00:00+00:00,0,WEAK_BEAR,0.9990900059435376,True,12,False,BEAR_STRUCTURE,BEAR_STRUCTURE,0.3,0.60,0.3
2022-12-17 00:00:00+00:00,0,WEAK_BEAR,0.9997315258316136,True,13,False,BEAR_STRUCTURE,BEAR_STRUCTURE,0.3,0.60,0.3
2022-12-18 00:00:00+00:00,0,WEAK_BEAR,0.9972183293974174,True,14,False,BEAR_STRUCTURE,BEAR_STRUCTURE,0.3,0.60,0.3
2022-12-19 00:00:00+00:00,0,WEAK_BEAR,0.9977087270969135,True,15,False,BEAR_STRUCTURE,BEAR_STRUCTURE,0.3,0.60,0.3
2022-12-20 00:00:00+00:00,0,WEAK_BEAR,0.9998368337431806,True,16,False,BEAR_STRUCTURE,BEAR_STRUCTURE,0.3,0.60,0.3
2022-12-21 00:00:00+00:00,0,WEAK_BEAR,0.1525875952795831,False,16,False,BEAR_STRUCTURE,BEAR_STRUCTURE,0.3,0.2991124286030655453287645343,0.2991124286030655453287645343
2022-12-22 00:00:00+00:00,0,WEAK_BEAR,0.0032120979584922076,False,16,False,BEAR_STRUCTURE,BEAR_STRUCTURE,0.3,0.2990720541836634186373417204,0.2990720541836634186373417204
2022-12-23 00:00:00+00:00,5,STRONG_BULL,0.9995681471721248,True,3,False,BEAR_STRUCTURE,BEAR_STRUCTURE,0.3,0.95,0.3
2022-12-24 00:00:00+00:00,5,STRONG_BULL,0.9998737515066939,True,4,False,BEAR_STRUCTURE,BEAR_STRUCTURE,0.3,0.95,0.3
2022-12-25 00:00:00+00:00,5,STRONG_BULL,0.9999933751288411,True,5,False,BEAR_STRUCTURE,BEAR_STRUCTURE,0.3,0.95,0.3
2022-12-26 00:00:00+00:00,5,STRONG_BULL,0.9999925306685068,True,6,False,BEAR_STRUCTURE,BEAR_STRUCTURE,0.3,0.95,0.3
2022-12-27 00:00:00+00:00,5,STRONG_BULL,0.9999895049768871,True,7,False,BEAR_STRUCTURE,BEAR_STRUCTURE,0.3,0.95,0.3
2022-12-28 00:00:00+00:00,5,STRONG_BULL,0.9999877495170084,True,8,False,BEAR_STRUCTURE,BEAR_STRUCTURE,0.3,0.95,0.3
2022-12-29 00:00:00+00:00,5,STRONG_BULL,0.999975509710325,True,9,False,BEAR_STRUCTURE,BEAR_STRUCTURE,0.3,0.95,0.3
2022-12-30 00:00:00+00:00,5,STRONG_BULL,0.9999637888375981,True,10,False,BEAR_STRUCTURE,BEAR_STRUCTURE,0.3,0.95,0.3
2022-12-31 00:00:00+00:00,5,STRONG_BULL,0.9999497921970795,True,11,False,BEAR_STRUCTURE,BEAR_STRUCTURE,0.3,0.95,0.3
2023-01-01 00:00:00+00:00,5,STRONG_BULL,0.9998779588743213,True,12,False,BEAR_STRUCTURE,BEAR_STRUCTURE,0.3,0.95,0.3
2023-01-02 00:00:00+00:00,5,STRONG_BULL,0.9999170983828695,True,13,False,BEAR_STRUCTURE,BEAR_STRUCTURE,0.3,0.95,0.3
2023-01-03 00:00:00+00:00,5,STRONG_BULL,0.9999698117781175,True,14,False,BEAR_STRUCTURE,BEAR_STRUCTURE,0.3,0.95,0.3
2023-01-04 00:00:00+00:00,5,STRONG_BULL,0.9999740979977515,True,15,False,BEAR_STRUCTURE,BEAR_STRUCTURE,0.3,0.95,0.3
2023-01-05 00:00:00+00:00,5,STRONG_BULL,0.9999945257290846,True,16,False,BEAR_STRUCTURE,BEAR_STRUCTURE,0.3,0.95,0.3
2023-01-06 00:00:00+00:00,5,STRONG_BULL,0.9999954677198665,True,17,False,BEAR_STRUCTURE,BEAR_STRUCTURE,0.3,0.95,0.3
2023-01-07 00:00:00+00:00,5,STRONG_BULL,0.9999974945403219,True,18,False,BEAR_STRUCTURE,BEAR_STRUCTURE,0.3,0.95,0.3
2023-01-08 00:00:00+00:00,5,STRONG_BULL,0.9999949655443142,True,19,False,BEAR_STRUCTURE,BEAR_STRUCTURE,0.3,0.95,0.3
2023-01-09 00:00:00+00:00,5,STRONG_BULL,0.9999817223121329,True,20,False,BEAR_STRUCTURE,BEAR_STRUCTURE,0.3,0.95,0.3
2023-01-10 00:00:00+00:00,5,STRONG_BULL,0.9999694259803674,True,21,False,BEAR_STRUCTURE,BEAR_STRUCTURE,0.3,0.95,0.3
2023-01-11 00:00:00+00:00,5,STRONG_BULL,0.9991375061933611,True,22,False,BEAR_STRUCTURE,BEAR_STRUCTURE,0.3,0.95,0.3
2023-01-12 00:00:00+00:00,5,STRONG_BULL,0.8230094801792719,True,23,False,BEAR_STRUCTURE,BEAR_STRUCTURE,0.3,0.95,0.3
2023-01-13 00:00:00+00:00,5,STRONG_BULL,0.0006170829726290487,False,23,False,TRANSITION,BEAR_STRUCTURE,0.3,0.3118706328715254524937515940,0.3
2023-01-14 00:00:00+00:00,5,STRONG_BULL,2.4646001823483954e-12,False,23,False,TRANSITION,BEAR_STRUCTURE,0.3,0.3106399642841484287113981694,0.3
2023-01-15 00:00:00+00:00,0,WEAK_BEAR,0.9999999999895408,True,3,False,TRANSITION,BEAR_STRUCTURE,0.3,0.95,0.3
2023-01-16 00:00:00+00:00,0,WEAK_BEAR,0.9999999999977263,True,4,False,TRANSITION,BEAR_STRUCTURE,0.3,0.95,0.3
2023-01-17 00:00:00+00:00,0,WEAK_BEAR,0.9999999998390194,True,5,False,TRANSITION,TRANSITION,0.6,0.95,0.6
2023-01-18 00:00:00+00:00,0,WEAK_BEAR,0.9999847298924499,True,6,False,TRANSITION,TRANSITION,0.6,0.95,0.6
2023-01-19 00:00:00+00:00,0,WEAK_BEAR,0.9999999997694431,True,7,False,TRANSITION,TRANSITION,0.6,0.95,0.6
2023-01-20 00:00:00+00:00,0,WEAK_BEAR,0.3896994308048267,False,7,False,TRANSITION,TRANSITION,0.6,0.6173864663546619392854319741,0.6
2023-01-21 00:00:00+00:00,0,WEAK_BEAR,0.04246737445066294,False,7,False,TRANSITION,TRANSITION,0.6,0.6012535951418312305177941723,0.6
2023-01-22 00:00:00+00:00,0,WEAK_BEAR,0.646153977703525,True,8,False,TRANSITION,TRANSITION,0.6,0.95,0.6
2023-01-23 00:00:00+00:00,0,WEAK_BEAR,0.9998360340452653,True,9,False,TRANSITION,TRANSITION,0.6,0.95,0.6
2023-01-24 00:00:00+00:00,0,WEAK_BEAR,0.9999999665183174,True,10,False,TRANSITION,TRANSITION,0.6,0.95,0.6
2023-01-25 00:00:00+00:00,0,WEAK_BEAR,1.0,True,11,False,TRANSITION,TRANSITION,0.6,0.95,0.6
2023-01-26 00:00:00+00:00,0,WEAK_BEAR,1.0,True,12,False,TRANSITION,TRANSITION,0.6,0.95,0.6
2023-01-27 00:00:00+00:00,0,WEAK_BEAR,1.0,True,13,False,TRANSITION,TRANSITION,0.6,0.95,0.6
2023-01-28 00:00:00+00:00,0,WEAK_BEAR,1.0,True,14,False,TRANSITION,TRANSITION,0.6,0.95,0.6
2023-01-29 00:00:00+00:00,0,WEAK_BEAR,1.0,True,15,False,TRANSITION,TRANSITION,0.6,0.95,0.6
2023-01-30 00:00:00+00:00,0,WEAK_BEAR,1.0,True,16,False,TRANSITION,TRANSITION,0.6,0.95,0.6
2023-01-31 00:00:00+00:00,0,WEAK_BEAR,1.0,True,17,False,TRANSITION,TRANSITION,0.6,0.95,0.6
2023-02-01 00:00:00+00:00,0,WEAK_BEAR,1.0,True,18,False,BULL_STRUCTURE,TRANSITION,0.6,0.95,0.6
2023-02-02 00:00:00+00:00,0,WEAK_BEAR,1.0,True,19,False,BULL_STRUCTURE,TRANSITION,0.6,0.95,0.6
2023-02-03 00:00:00+00:00,0,WEAK_BEAR,0.9999999999995453,True,20,False,BULL_STRUCTURE,TRANSITION,0.6,0.95,0.6
2023-02-04 00:00:00+00:00,0,WEAK_BEAR,1.0,True,21,False,BULL_STRUCTURE,TRANSITION,0.6,0.95,0.6
2023-02-05 00:00:00+00:00,0,WEAK_BEAR,0.9999999999899956,True,22,False,BULL_STRUCTURE,BULL_STRUCTURE,1.0,0.95,0.95
2023-02-06 00:00:00+00:00,0,WEAK_BEAR,0.9999999978963388,True,23,False,BULL_STRUCTURE,BULL_STRUCTURE,1.0,0.9500841584904186682005027938,0.9500841584904186682005027938
2023-02-07 00:00:00+00:00,0,WEAK_BEAR,0.999999943312561,True,24,False,BULL_STRUCTURE,BULL_STRUCTURE,1.0,0.9510604402470335899667936247,0.9510604402470335899667936247
2023-02-08 00:00:00+00:00,0,WEAK_BEAR,0.9999986027124336,True,25,False,BULL_STRUCTURE,BULL_STRUCTURE,1.0,0.9504983795790718168714936271,0.9504983795790718168714936271
2023-02-09 00:00:00+00:00,0,WEAK_BEAR,0.9999999968395059,True,26,False,BULL_STRUCTURE,BULL_STRUCTURE,1.0,0.9479866178745689023889200371,0.9479866178745689023889200371
2023-02-10 00:00:00+00:00,0,WEAK_BEAR,0.9999960381011346,True,27,False,BULL_STRUCTURE,BULL_STRUCTURE,1.0,0.9475965134336065892230213653,0.9475965134336065892230213653
2023-02-11 00:00:00+00:00,0,WEAK_BEAR,0.9999941516269278,True,28,False,BULL_STRUCTURE,BULL_STRUCTURE,1.0,0.9481359464356251126533838496,0.9481359464356251126533838496
2023-02-12 00:00:00+00:00,0,WEAK_BEAR,0.9999909139472821,True,29,False,BULL_STRUCTURE,BULL_STRUCTURE,1.0,0.9479576227693041037776436742,0.9479576227693041037776436742
2023-02-13 00:00:00+00:00,0,WEAK_BEAR,0.99990043058522,True,30,False,BULL_STRUCTURE,BULL_STRUCTURE,1.0,0.9479359402154656421345520458,0.9479359402154656421345520458
2023-02-14 00:00:00+00:00,0,WEAK_BEAR,0.8753426209135412,True,31,False,BULL_STRUCTURE,BULL_STRUCTURE,1.0,0.9488836561866896257917426247,0.9488836561866896257917426247
2023-02-15 00:00:00+00:00,0,WEAK_BEAR,0.9702067519609517,True,32,False,BULL_STRUCTURE,BULL_STRUCTURE,1.0,0.9531384383341285976369630153,0.9531384383341285976369630153
2023-02-16 00:00:00+00:00,0,WEAK_BEAR,0.021597579154702232,False,32,False,BULL_STRUCTURE,BULL_STRUCTURE,1.0,0.475,0.475
2023-02-17 00:00:00+00:00,0,WEAK_BEAR,4.880952197016167e-05,False,32,False,BULL_STRUCTURE,BULL_STRUCTURE,1.0,0.4862196765861871783200754201,0.4862196765861871783200754201
2023-02-18 00:00:00+00:00,0,WEAK_BEAR,0.0001485660290783854,False,32,False,BULL_STRUCTURE,BULL_STRUCTURE,1.0,0.4868490734770076328832105436,0.4868490734770076328832105436
2023-02-19 00:00:00+00:00,0,WEAK_BEAR,0.0010550099468093698,False,32,False,BULL_STRUCTURE,BULL_STRUCTURE,1.0,0.4831696889215152925016993081,0.4831696889215152925016993081
2023-02-20 00:00:00+00:00,5,STRONG_BULL,0.9996700182209399,True,3,False,BULL_STRUCTURE,BULL_STRUCTURE,1.0,0.95,0.95
2023-02-21 00:00:00+00:00,5,STRONG_BULL,0.9997936821616374,True,4,False,BULL_STRUCTURE,BULL_STRUCTURE,1.0,0.9498173926609599207589868151,0.9498173926609599207589868151
2023-02-22 00:00:00+00:00,5,STRONG_BULL,0.9999689700119678,True,5,False,BULL_STRUCTURE,BULL_STRUCTURE,1.0,0.9492856059731720455556380835,0.9492856059731720455556380835
2023-02-23 00:00:00+00:00,5,STRONG_BULL,0.9999292772243729,True,6,False,BULL_STRUCTURE,BULL_STRUCTURE,1.0,0.9487991863560116840244773797,0.9487991863560116840244773797
2023-02-24 00:00:00+00:00,5,STRONG_BULL,0.9895889069195477,True,7,False,BULL_STRUCTURE,BULL_STRUCTURE,1.0,0.9472200835469234013710994812,0.9472200835469234013710994812
2023-02-25 00:00:00+00:00,5,STRONG_BULL,0.920045648805707,True,8,False,BULL_STRUCTURE,BULL_STRUCTURE,1.0,0.9471591628217449628052877939,0.9471591628217449628052877939
2023-02-26 00:00:00+00:00,5,STRONG_BULL,0.9844380245622183,True,9,False,BULL_STRUCTURE,BULL_STRUCTURE,1.0,0.9480051094587033420432716070,0.9480051094587033420432716070
2023-02-27 00:00:00+00:00,5,STRONG_BULL,0.9989756416248967,True,10,False,BULL_STRUCTURE,BULL_STRUCTURE,1.0,0.9478734438645694844560673253,0.9478734438645694844560673253
2023-02-28 00:00:00+00:00,5,STRONG_BULL,0.9740575848872011,True,11,False,BULL_STRUCTURE,BULL_STRUCTURE,1.0,0.9471256418837374292924752035,0.9471256418837374292924752035
2023-03-01 00:00:00+00:00,5,STRONG_BULL,0.9993216198753355,True,12,False,BULL_STRUCTURE,BULL_STRUCTURE,1.0,0.9481597533626611038975222969,0.9481597533626611038975222969
2023-03-02 00:00:00+00:00,5,STRONG_BULL,0.9971398080545422,True,13,False,BULL_STRUCTURE,BULL_STRUCTURE,1.0,0.9478170793912096367173152765,0.9478170793912096367173152765
2023-03-03 00:00:00+00:00,5,STRONG_BULL,0.0023882968345506008,False,13,False,BULL_STRUCTURE,BULL_STRUCTURE,1.0,0.475,0.475
2023-03-04 00:00:00+00:00,5,STRONG_BULL,3.096849169093738e-05,False,13,False,TRANSITION,BULL_STRUCTURE,0.6,0.4752037843270160861371285477,0.4752037843270160861371285477
2023-03-05 00:00:00+00:00,0,WEAK_BEAR,0.9990743742049372,True,3,False,TRANSITION,BULL_STRUCTURE,0.6,0.95,0.6
2023-03-06 00:00:00+00:00,0,WEAK_BEAR,0.99978926096683,True,4,False,TRANSITION,BULL_STRUCTURE,0.6,0.95,0.6
2023-03-07 00:00:00+00:00,0,WEAK_BEAR,0.9999511525818877,True,5,False,TRANSITION,BULL_STRUCTURE,0.6,0.5975949220539966346339954808,0.5975949220539966346339954808
2023-03-08 00:00:00+00:00,0,WEAK_BEAR,0.9856665697455157,True,6,False,TRANSITION,TRANSITION,0.6,0.5921876517941235562836201543,0.5921876517941235562836201543
2023-03-09 00:00:00+00:00,0,WEAK_BEAR,0.999999999996362,True,7,False,TRANSITION,TRANSITION,0.6,0.5766740442568238382695893360,0.5766740442568238382695893360
2023-03-10 00:00:00+00:00,0,WEAK_BEAR,0.9999999991514414,True,8,False,TRANSITION,TRANSITION,0.6,0.5741227432734623083307744043,0.5741227432734623083307744043
2023-03-11 00:00:00+00:00,0,WEAK_BEAR,0.9999999980609573,True,9,False,TRANSITION,TRANSITION,0.6,0.5777921673622626427885528619,0.5777921673622626427885528619
2023-03-12 00:00:00+00:00,0,WEAK_BEAR,0.9999999998872227,True,10,False,TRANSITION,TRANSITION,0.6,0.5954072421632517995683602185,0.5954072421632517995683602185
2023-03-13 00:00:00+00:00,0,WEAK_BEAR,0.9998257751016352,True,11,False,TRANSITION,TRANSITION,0.6,0.95,0.6
2023-03-14 00:00:00+00:00,0,WEAK_BEAR,0.9846438817456031,True,12,False,BULL_STRUCTURE,TRANSITION,0.6,0.95,0.6
2023-03-15 00:00:00+00:00,0,WEAK_BEAR,0.9988061720123648,True,13,False,BULL_STRUCTURE,TRANSITION,0.6,0.95,0.6
2023-03-16 00:00:00+00:00,0,WEAK_BEAR,0.9784949589227051,True,14,False,BULL_STRUCTURE,TRANSITION,0.6,0.95,0.6
2023-03-17 00:00:00+00:00,0,WEAK_BEAR,0.999899379054493,True,15,False,BULL_STRUCTURE,TRANSITION,0.6,0.95,0.6
2023-03-18 00:00:00+00:00,0,WEAK_BEAR,0.9332468226096461,True,16,False,BULL_STRUCTURE,BULL_STRUCTURE,1.0,0.95,0.95
2023-03-19 00:00:00+00:00,0,WEAK_BEAR,0.4436168566581536,False,16,False,BULL_STRUCTURE,BULL_STRUCTURE,1.0,0.475,0.475
2023-03-20 00:00:00+00:00,0,WEAK_BEAR,0.0037912550149798905,False,16,False,BULL_STRUCTURE,BULL_STRUCTURE,1.0,0.4730026872004854493999693447,0.4730026872004854493999693447
2023-03-21 00:00:00+00:00,4,EUPHORIA,0.9998257137032538,True,3,False,BULL_STRUCTURE,BULL_STRUCTURE,1.0,0.4764732698880408768400258734,0.4764732698880408768400258734
2023-03-22 00:00:00+00:00,4,EUPHORIA,0.9990878847020486,True,4,False,BULL_STRUCTURE,BULL_STRUCTURE,1.0,0.4687777850857315078817064433,0.4687777850857315078817064433
2023-03-23 00:00:00+00:00,4,EUPHORIA,0.9971479741449621,True,5,False,BULL_STRUCTURE,BULL_STRUCTURE,1.0,0.4781536470708447244880098630,0.4781536470708447244880098630
2023-03-24 00:00:00+00:00,4,EUPHORIA,0.8111523072973257,True,6,False,BULL_STRUCTURE,BULL_STRUCTURE,1.0,0.4706309242651086908610729712,0.4706309242651086908610729712
2023-03-25 00:00:00+00:00,4,EUPHORIA,0.2401598616217649,False,6,False,BULL_STRUCTURE,BULL_STRUCTURE,1.0,0.4707078654178739539534893287,0.4707078654178739539534893287
2023-03-26 00:00:00+00:00,4,EUPHORIA,0.027498071795147905,False,6,False,BULL_STRUCTURE,BULL_STRUCTURE,1.0,0.4752507682629122747808468148,0.4752507682629122747808468148
2023-03-27 00:00:00+00:00,0,WEAK_BEAR,0.9955116854345722,True,3,False,BULL_STRUCTURE,BULL_STRUCTURE,1.0,0.95,0.95
2023-03-28 00:00:00+00:00,0,WEAK_BEAR,0.9999193587202745,True,4,False,BULL_STRUCTURE,BULL_STRUCTURE,1.0,0.9508307461985308692778165101,0.9508307461985308692778165101
2023-03-29 00:00:00+00:00,0,WEAK_BEAR,0.9999995481094741,True,5,False,BULL_STRUCTURE,BULL_STRUCTURE,1.0,0.9526276566435782729574389461,0.9526276566435782729574389461
2023-03-30 00:00:00+00:00,0,WEAK_BEAR,0.9999980548064561,True,6,False,BULL_STRUCTURE,BULL_STRUCTURE,1.0,0.9521125966380856087560302448,0.9521125966380856087560302448
2023-03-31 00:00:00+00:00,0,WEAK_BEAR,0.9999998489611358,True,7,False,BULL_STRUCTURE,BULL_STRUCTURE,1.0,0.9528128007351551824841676750,0.9528128007351551824841676750
2023-04-01 00:00:00+00:00,0,WEAK_BEAR,0.9999999828223737,True,8,False,BULL_STRUCTURE,BULL_STRUCTURE,1.0,0.9527928434209235904411785409,0.9527928434209235904411785409
2023-04-02 00:00:00+00:00,0,WEAK_BEAR,0.9999999961855792,True,9,False,BULL_STRUCTURE,BULL_STRUCTURE,1.0,0.9523446389342702330566903872,0.9523446389342702330566903872
2023-04-03 00:00:00+00:00,0,WEAK_BEAR,0.9999985535552243,True,10,False,BULL_STRUCTURE,BULL_STRUCTURE,1.0,0.9517379368413373375583873051,0.9517379368413373375583873051
2023-04-04 00:00:00+00:00,0,WEAK_BEAR,0.9999967096764083,True,11,False,BULL_STRUCTURE,BULL_STRUCTURE,1.0,0.9523343264292220251613038119,0.9523343264292220251613038119
2023-04-05 00:00:00+00:00,0,WEAK_BEAR,0.9999441571966896,True,12,False,BULL_STRUCTURE,BULL_STRUCTURE,1.0,0.9523416423224915924512524811,0.9523416423224915924512524811
2023-04-06 00:00:00+00:00,0,WEAK_BEAR,0.9999919338850018,True,13,False,BULL_STRUCTURE,BULL_STRUCTURE,1.0,0.9521212003709100943621952131,0.9521212003709100943621952131
2023-04-07 00:00:00+00:00,0,WEAK_BEAR,0.9999648415492431,True,14,False,BULL_STRUCTURE,BULL_STRUCTURE,1.0,0.9519129844663444405687365743,0.9519129844663444405687365743
2023-04-08 00:00:00+00:00,0,WEAK_BEAR,0.9999545084708578,True,15,False,BULL_STRUCTURE,BULL_STRUCTURE,1.0,0.9519654985566358940228139108,0.9519654985566358940228139108
2023-04-09 00:00:00+00:00,0,WEAK_BEAR,0.999816938825763,True,16,False,BULL_STRUCTURE,BULL_STRUCTURE,1.0,0.9525880807529400105783011888,0.9525880807529400105783011888
2023-04-10 00:00:00+00:00,0,WEAK_BEAR,0.9999843056515721,True,17,False,BULL_STRUCTURE,BULL_STRUCTURE,1.0,0.9545940467296231930333984520,0.9545940467296231930333984520
2023-04-11 00:00:00+00:00,0,WEAK_BEAR,0.9998203459934333,True,18,False,BULL_STRUCTURE,BULL_STRUCTURE,1.0,0.9554028752580299362718026826,0.9554028752580299362718026826
2023-04-12 00:00:00+00:00,0,WEAK_BEAR,0.9997887575267844,True,19,False,BULL_STRUCTURE,BULL_STRUCTURE,1.0,0.9549577987436454758260370758,0.9549577987436454758260370758
2023-04-13 00:00:00+00:00,0,WEAK_BEAR,0.9999954243253434,True,20,False,BULL_STRUCTURE,BULL_STRUCTURE,1.0,0.9556462096430771987112725090,0.9556462096430771987112725090
2023-04-14 00:00:00+00:00,0,WEAK_BEAR,0.9999952320508763,True,21,False,BULL_STRUCTURE,BULL_STRUCTURE,1.0,0.9557757368725820147556549592,0.9557757368725820147556549592
2023-04-15 00:00:00+00:00,0,WEAK_BEAR,0.9999940667388304,True,22,False,BULL_STRUCTURE,BULL_STRUCTURE,1.0,0.9555360414750873361370302143,0.9555360414750873361370302143
2023-04-16 00:00:00+00:00,0,WEAK_BEAR,0.9999985500918736,True,23,False,BULL_STRUCTURE,BULL_STRUCTURE,1.0,0.9555494447186159098384563114,0.9555494447186159098384563114
2023-04-17 00:00:00+00:00,0,WEAK_BEAR,0.9999832006707515,True,24,False,BULL_STRUCTURE,BULL_STRUCTURE,1.0,0.9542891759981224887111270981,0.9542891759981224887111270981
2023-04-18 00:00:00+00:00,0,WEAK_BEAR,0.9999992499618287,True,25,False,BULL_STRUCTURE,BULL_STRUCTURE,1.0,0.9556548181740171572469111355,0.9556548181740171572469111355
2023-04-19 00:00:00+00:00,0,WEAK_BEAR,0.9999999013343817,True,26,False,BULL_STRUCTURE,BULL_STRUCTURE,1.0,0.9533310241280258013161882812,0.9533310241280258013161882812
2023-04-20 00:00:00+00:00,0,WEAK_BEAR,0.9999999406727529,True,27,False,BULL_STRUCTURE,BULL_STRUCTURE,1.0,0.9524599951873197145373929792,0.9524599951873197145373929792
2023-04-21 00:00:00+00:00,0,WEAK_BEAR,0.999999999832653,True,28,False,BULL_STRUCTURE,BULL_STRUCTURE,1.0,0.9508337814899355581521385680,0.9508337814899355581521385680
2023-04-22 00:00:00+00:00,0,WEAK_BEAR,0.999999990993274,True,29,False,BULL_STRUCTURE,BULL_STRUCTURE,1.0,0.9517657613765021574804872407,0.9517657613765021574804872407
2023-04-23 00:00:00+00:00,0,WEAK_BEAR,0.9999999925403245,True,30,False,BULL_STRUCTURE,BULL_STRUCTURE,1.0,0.9513894553235274218040717566,0.9513894553235274218040717566
2023-04-24 00:00:00+00:00,0,WEAK_BEAR,0.9971453443320024,True,31,False,BULL_STRUCTURE,BULL_STRUCTURE,1.0,0.9512555440212497119213466423,0.9512555440212497119213466423
2023-04-25 00:00:00+00:00,0,WEAK_BEAR,0.9944612414008608,True,32,False,BULL_STRUCTURE,BULL_STRUCTURE,1.0,0.9525514253157545325743518145,0.9525514253157545325743518145
2023-04-26 00:00:00+00:00,0,WEAK_BEAR,0.48500665897945533,False,32,False,BULL_STRUCTURE,BULL_STRUCTURE,1.0,0.475,0.475
2023-04-27 00:00:00+00:00,0,WEAK_BEAR,0.3974904527757821,False,32,False,BULL_STRUCTURE,BULL_STRUCTURE,1.0,0.4844140351167700725911408281,0.4844140351167700725911408281
2023-04-28 00:00:00+00:00,5,STRONG_BULL,0.9288685178741152,True,3,False,BULL_STRUCTURE,BULL_STRUCTURE,1.0,0.95,0.95
2023-04-29 00:00:00+00:00,5,STRONG_BULL,0.9932483667277189,True,4,False,BULL_STRUCTURE,BULL_STRUCTURE,1.0,0.9504459649677437300793729214,0.9504459649677437300793729214
2023-04-30 00:00:00+00:00,5,STRONG_BULL,0.9971022299162903,True,5,False,BULL_STRUCTURE,BULL_STRUCTURE,1.0,0.9504504117008351030005542799,0.9504504117008351030005542799
2023-05-01 00:00:00+00:00,5,STRONG_BULL,0.055940388500048364,False,5,False,BULL_STRUCTURE,BULL_STRUCTURE,1.0,0.475,0.475
2023-05-02 00:00:00+00:00,5,STRONG_BULL,0.0004901303833884583,False,5,False,BULL_STRUCTURE,BULL_STRUCTURE,1.0,0.4805837827533890152360170753,0.4805837827533890152360170753
2023-05-03 00:00:00+00:00,0,WEAK_BEAR,0.9988667527653611,True,3,False,BULL_STRUCTURE,BULL_STRUCTURE,1.0,0.95,0.95
2023-05-04 00:00:00+00:00,0,WEAK_BEAR,0.9995522561420922,True,4,False,BULL_STRUCTURE,BULL_STRUCTURE,1.0,0.9502690757253615528966958070,0.9502690757253615528966958070
2023-05-05 00:00:00+00:00,0,WEAK_BEAR,0.9989912965115644,True,5,False,BULL_STRUCTURE,BULL_STRUCTURE,1.0,0.9513393032347176881254480385,0.9513393032347176881254480385
2023-05-06 00:00:00+00:00,0,WEAK_BEAR,0.9810490717909482,True,6,False,BULL_STRUCTURE,BULL_STRUCTURE,1.0,0.9502855230640850546549153900,0.9502855230640850546549153900
2023-05-07 00:00:00+00:00,0,WEAK_BEAR,0.9923378317630539,True,7,False,BULL_STRUCTURE,BULL_STRUCTURE,1.0,0.9495912643087287860077660951,0.9495912643087287860077660951
2023-05-08 00:00:00+00:00,0,WEAK_BEAR,0.9999770147091598,True,8,False,BULL_STRUCTURE,BULL_STRUCTURE,1.0,0.60,0.60
2023-05-09 00:00:00+00:00,0,WEAK_BEAR,0.9999011285649663,True,9,False,BULL_STRUCTURE,BULL_STRUCTURE,1.0,0.5999189608064324096461706670,0.5999189608064324096461706670
2023-05-10 00:00:00+00:00,0,WEAK_BEAR,0.9996207234796647,True,10,False,BULL_STRUCTURE,BULL_STRUCTURE,1.0,0.5996623460126409564954186261,0.5996623460126409564954186261
2023-05-11 00:00:00+00:00,0,WEAK_BEAR,0.999712997112887,True,11,False,BULL_STRUCTURE,BULL_STRUCTURE,1.0,0.5941050806026048519292761581,0.5941050806026048519292761581
2023-05-12 00:00:00+00:00,0,WEAK_BEAR,0.9949201529733163,True,12,False,BULL_STRUCTURE,BULL_STRUCTURE,1.0,0.5925467591262694426877671676,0.5925467591262694426877671676
2023-05-13 00:00:00+00:00,0,WEAK_BEAR,0.7530049765426956,True,13,False,BULL_STRUCTURE,BULL_STRUCTURE,1.0,0.5923689053486294836935475188,0.5923689053486294836935475188
2023-05-14 00:00:00+00:00,0,WEAK_BEAR,0.3422340358214734,False,13,False,BULL_STRUCTURE,BULL_STRUCTURE,1.0,0.30,0.30
2023-05-15 00:00:00+00:00,0,WEAK_BEAR,0.054000726066052544,False,13,False,BULL_STRUCTURE,BULL_STRUCTURE,1.0,0.3020170238752482337550422444,0.3020170238752482337550422444
2023-05-16 00:00:00+00:00,5,STRONG_BULL,0.999233196165032,True,3,False,BULL_STRUCTURE,BULL_STRUCTURE,1.0,0.95,0.95
2023-05-17 00:00:00+00:00,5,STRONG_BULL,0.9995547303212793,True,4,False,BULL_STRUCTURE,BULL_STRUCTURE,1.0,0.9514364001047358954632918911,0.9514364001047358954632918911
2023-05-18 00:00:00+00:00,5,STRONG_BULL,0.9920378714470932,True,5,False,BULL_STRUCTURE,BULL_STRUCTURE,1.0,0.9504308352772689038213233314,0.9504308352772689038213233314
2023-05-19 00:00:00+00:00,5,STRONG_BULL,0.9927131854486465,True,6,False,BULL_STRUCTURE,BULL_STRUCTURE,1.0,0.9505342186412877696495164875,0.9505342186412877696495164875
2023-05-20 00:00:00+00:00,5,STRONG_BULL,0.9768936264674027,True,7,False,BULL_STRUCTURE,BULL_STRUCTURE,1.0,0.9509198088093548167503233578,0.9509198088093548167503233578
2023-05-21 00:00:00+00:00,5,STRONG_BULL,0.9048489417537273,True,8,False,BULL_STRUCTURE,BULL_STRUCTURE,1.0,0.9503013940673479588150695732,0.9503013940673479588150695732
2023-05-22 00:00:00+00:00,5,STRONG_BULL,0.5261550745511676,True,9,False,BULL_STRUCTURE,BULL_STRUCTURE,1.0,0.475,0.475
2023-05-23 00:00:00+00:00,5,STRONG_BULL,0.6343713042608807,True,10,False,BULL_STRUCTURE,BULL_STRUCTURE,1.0,0.95,0.95
2023-05-24 00:00:00+00:00,5,STRONG_BULL,0.010090480705359738,False,10,False,BULL_STRUCTURE,BULL_STRUCTURE,1.0,0.475,0.475
2023-05-25 00:00:00+00:00,5,STRONG_BULL,0.00014899835911656216,False,10,False,BULL_STRUCTURE,BULL_STRUCTURE,1.0,0.4766601352773618167648082913,0.4766601352773618167648082913
2023-05-26 00:00:00+00:00,0,WEAK_BEAR,0.9996179876045167,True,3,False,BULL_STRUCTURE,BULL_STRUCTURE,1.0,0.4788383287479672519561749838,0.4788383287479672519561749838
2023-05-27 00:00:00+00:00,0,WEAK_BEAR,0.9997986241604093,True,4,False,BULL_STRUCTURE,BULL_STRUCTURE,1.0,0.4802209006470696179579156924,0.4802209006470696179579156924
2023-05-28 00:00:00+00:00,0,WEAK_BEAR,0.999999173477932,True,5,False,BULL_STRUCTURE,BULL_STRUCTURE,1.0,0.95,0.95
2023-05-29 00:00:00+00:00,0,WEAK_BEAR,0.9860611409669617,True,6,False,BULL_STRUCTURE,BULL_STRUCTURE,1.0,0.9500102920839845659671877568,0.9500102920839845659671877568
2023-05-30 00:00:00+00:00,0,WEAK_BEAR,0.9203622693345013,True,7,False,BULL_STRUCTURE,BULL_STRUCTURE,1.0,0.9499382753675797156200517082,0.9499382753675797156200517082
2023-05-31 00:00:00+00:00,0,WEAK_BEAR,0.9611983911361957,True,8,False,BULL_STRUCTURE,BULL_STRUCTURE,1.0,0.60,0.60
2023-06-01 00:00:00+00:00,0,WEAK_BEAR,0.9965204121760707,True,9,False,BULL_STRUCTURE,BULL_STRUCTURE,1.0,0.5967811529635502591408455207,0.5967811529635502591408455207
2023-06-02 00:00:00+00:00,0,WEAK_BEAR,0.9597297505706676,True,10,False,BULL_STRUCTURE,BULL_STRUCTURE,1.0,0.6005558944867103523990547702,0.6005558944867103523990547702
2023-06-03 00:00:00+00:00,0,WEAK_BEAR,0.5347364008890751,True,11,False,BULL_STRUCTURE,BULL_STRUCTURE,1.0,0.30,0.30
2023-06-04 00:00:00+00:00,0,WEAK_BEAR,0.12194752406347568,False,11,False,BULL_STRUCTURE,BULL_STRUCTURE,1.0,0.3004722546687986797788920082,0.3004722546687986797788920082
2023-06-05 00:00:00+00:00,4,WEAK_BEAR,0.9958936004600716,True,1,False,BULL_STRUCTURE,BULL_STRUCTURE,1.0,0.60,0.60
2023-06-06 00:00:00+00:00,4,WEAK_BEAR,0.014043832087748672,False,1,False,BULL_STRUCTURE,BULL_STRUCTURE,1.0,0.30,0.30
2023-06-07 00:00:00+00:00,4,WEAK_BEAR,0.00012660913480135532,False,1,False,BULL_STRUCTURE,BULL_STRUCTURE,1.0,0.2931833116848033157050818820,0.2931833116848033157050818820
2023-06-08 00:00:00+00:00,1,WEAK_BULL,0.9998895962707663,True,3,False,BULL_STRUCTURE,BULL_STRUCTURE,1.0,0.2944341635540114304135202533,0.2944341635540114304135202533
2023-06-09 00:00:00+00:00,1,WEAK_BULL,0.9998226141097141,True,4,False,BULL_STRUCTURE,BULL_STRUCTURE,1.0,0.2942710588938883117768649509,0.2942710588938883117768649509
2023-06-10 00:00:00+00:00,1,WEAK_BULL,0.9996033311834641,True,5,False,BULL_STRUCTURE,BULL_STRUCTURE,1.0,0.2892423829776552719204128443,0.2892423829776552719204128443
2023-06-11 00:00:00+00:00,1,WEAK_BULL,0.05716216947161972,False,5,False,BULL_STRUCTURE,BULL_STRUCTURE,1.0,0.2899127218648894979272655878,0.2899127218648894979272655878
2023-06-12 00:00:00+00:00,1,WEAK_BULL,7.741728063510108e-06,False,5,False,BULL_STRUCTURE,BULL_STRUCTURE,1.0,0.2897510152856618297622464037,0.2897510152856618297622464037
2023-06-13 00:00:00+00:00,2,STRONG_BULL,0.9505844694232823,True,3,False,BULL_STRUCTURE,BULL_STRUCTURE,1.0,0.60,0.60
2023-06-14 00:00:00+00:00,2,STRONG_BULL,0.7130892681911042,True,4,False,BULL_STRUCTURE,BULL_STRUCTURE,1.0,0.5926452836115038693669160069,0.5926452836115038693669160069
2023-06-15 00:00:00+00:00,2,STRONG_BULL,0.9596303803168309,True,5,False,BULL_STRUCTURE,BULL_STRUCTURE,1.0,0.5971101561129264603705810472,0.5971101561129264603705810472
2023-06-16 00:00:00+00:00,2,STRONG_BULL,0.9977652074006437,True,6,False,BULL_STRUCTURE,BULL_STRUCTURE,1.0,0.6040056398807524686016933191,0.6040056398807524686016933191
2023-06-17 00:00:00+00:00,2,STRONG_BULL,0.9937026365637062,True,7,False,BULL_STRUCTURE,BULL_STRUCTURE,1.0,0.6055609817264839337876889319,0.6055609817264839337876889319
2023-06-18 00:00:00+00:00,2,STRONG_BULL,0.9899195550098946,True,8,False,BULL_STRUCTURE,BULL_STRUCTURE,1.0,0.6039599678983106347657148992,0.6039599678983106347657148992
2023-06-19 00:00:00+00:00,2,STRONG_BULL,0.97996624016954,True,9,False,BULL_STRUCTURE,BULL_STRUCTURE,1.0,0.95,0.95
2023-06-20 00:00:00+00:00,2,STRONG_BULL,0.9888102741737073,True,10,False,BULL_STRUCTURE,BULL_STRUCTURE,1.0,0.9528642913855802106689792827,0.9528642913855802106689792827
2023-06-21 00:00:00+00:00,2,STRONG_BULL,0.028810142845200577,False,10,False,BULL_STRUCTURE,BULL_STRUCTURE,1.0,0.475,0.475
2023-06-22 00:00:00+00:00,2,STRONG_BULL,5.404171352938644e-06,False,10,False,BULL_STRUCTURE,BULL_STRUCTURE,1.0,0.4743883603089737595629540924,0.4743883603089737595629540924
2023-06-23 00:00:00+00:00,2,STRONG_BULL,4.240261441392742e-05,False,10,False,BULL_STRUCTURE,BULL_STRUCTURE,1.0,0.4810085622785251280210562255,0.4810085622785251280210562255
2023-06-24 00:00:00+00:00,1,WEAK_BULL,0.9993454492845227,True,3,False,BULL_STRUCTURE,BULL_STRUCTURE,1.0,0.4796950026214056075483910547,0.4796950026214056075483910547
2023-06-25 00:00:00+00:00,1,WEAK_BULL,0.2716678851950227,False,3,False,BULL_STRUCTURE,BULL_STRUCTURE,1.0,0.4791649132695724207331298061,0.4791649132695724207331298061
2023-06-26 00:00:00+00:00,1,WEAK_BULL,2.3885728582854176e-09,False,3,False,BULL_STRUCTURE,BULL_STRUCTURE,1.0,0.4775651772182015897076340995,0.4775651772182015897076340995
2023-06-27 00:00:00+00:00,2,STRONG_BULL,0.9983243187068772,True,3,False,BULL_STRUCTURE,BULL_STRUCTURE,1.0,0.95,0.95
2023-06-28 00:00:00+00:00,2,STRONG_BULL,0.996393517694524,True,4,False,BULL_STRUCTURE,BULL_STRUCTURE,1.0,0.9496189425247848869671057958,0.9496189425247848869671057958
2023-06-29 00:00:00+00:00,2,STRONG_BULL,0.9987521839536637,True,5,False,BULL_STRUCTURE,BULL_STRUCTURE,1.0,0.9502005338917165142512497081,0.9502005338917165142512497081
2023-06-30 00:00:00+00:00,2,STRONG_BULL,0.21510175267407677,False,5,False,BULL_STRUCTURE,BULL_STRUCTURE,1.0,0.475,0.475
2023-07-01 00:00:00+00:00,2,STRONG_BULL,0.9357045046210405,True,6,False,BULL_STRUCTURE,BULL_STRUCTURE,1.0,0.95,0.95
2023-07-02 00:00:00+00:00,2,STRONG_BULL,0.9993882214386939,True,7,False,BULL_STRUCTURE,BULL_STRUCTURE,1.0,0.9506331612940490103044058895,0.9506331612940490103044058895
2023-07-03 00:00:00+00:00,2,STRONG_BULL,0.9999427683672109,True,8,False,BULL_STRUCTURE,BULL_STRUCTURE,1.0,0.9514459931115917887851817632,0.9514459931115917887851817632
2023-07-04 00:00:00+00:00,2,STRONG_BULL,0.9989300690494524,True,9,False,BULL_STRUCTURE,BULL_STRUCTURE,1.0,0.9508612255947031480750130553,0.9508612255947031480750130553
2023-07-05 00:00:00+00:00,2,STRONG_BULL,0.9973826009583565,True,10,False,BULL_STRUCTURE,BULL_STRUCTURE,1.0,0.9504605491477905548799670785,0.9504605491477905548799670785
2023-07-06 00:00:00+00:00,2,STRONG_BULL,0.03284077519421538,False,10,False,BULL_STRUCTURE,BULL_STRUCTURE,1.0,0.475,0.475
2023-07-07 00:00:00+00:00,2,STRONG_BULL,0.01407046829098488,False,10,False,BULL_STRUCTURE,BULL_STRUCTURE,1.0,0.4790139008114372342150819985,0.4790139008114372342150819985
2023-07-08 00:00:00+00:00,4,WEAK_BEAR,0.8522331344189171,True,3,False,BULL_STRUCTURE,BULL_STRUCTURE,1.0,0.95,0.95
2023-07-09 00:00:00+00:00,4,WEAK_BEAR,0.14755651938729325,False,3,False,BULL_STRUCTURE,BULL_STRUCTURE,1.0,0.475,0.475
2023-07-10 00:00:00+00:00,4,WEAK_BEAR,0.26424562724225303,False,3,False,BULL_STRUCTURE,BULL_STRUCTURE,1.0,0.4773597394734555717476085718,0.4773597394734555717476085718
2023-07-11 00:00:00+00:00,4,WEAK_BEAR,0.02340360018281875,False,3,False,BULL_STRUCTURE,BULL_STRUCTURE,1.0,0.4790811758998141571285572571,0.4790811758998141571285572571
2023-07-12 00:00:00+00:00,4,WEAK_BEAR,0.0005445895676804008,False,3,False,BULL_STRUCTURE,BULL_STRUCTURE,1.0,0.4771006202370532921856936439,0.4771006202370532921856936439
2023-07-13 00:00:00+00:00,3,STRONG_BEAR,0.8891964490809366,True,3,False,BULL_STRUCTURE,BULL_STRUCTURE,1.0,0.95,0.95
2023-07-14 00:00:00+00:00,3,STRONG_BEAR,0.5481575988399461,True,4,False,BULL_STRUCTURE,BULL_STRUCTURE,1.0,0.475,0.475
2023-07-15 00:00:00+00:00,3,STRONG_BEAR,0.09278012559099322,False,4,False,BULL_STRUCTURE,BULL_STRUCTURE,1.0,0.4751075991140096079878672044,0.4751075991140096079878672044
2023-07-16 00:00:00+00:00,3,STRONG_BEAR,0.48986438167802887,False,4,False,BULL_STRUCTURE,BULL_STRUCTURE,1.0,0.4746335139937097200669733742,0.4746335139937097200669733742
2023-07-17 00:00:00+00:00,3,STRONG_BEAR,0.9339349393311249,True,5,False,BULL_STRUCTURE,BULL_STRUCTURE,1.0,0.95,0.95
2023-07-18 00:00:00+00:00,3,STRONG_BEAR,0.914281656593706,True,6,False,BULL_STRUCTURE,BULL_STRUCTURE,1.0,0.9501488918188009624376097562,0.9501488918188009624376097562
2023-07-19 00:00:00+00:00,3,STRONG_BEAR,0.995070247170442,True,7,False,BULL_STRUCTURE,BULL_STRUCTURE,1.0,0.9502282080579852141928125423,0.9502282080579852141928125423
2023-07-20 00:00:00+00:00,3,STRONG_BEAR,0.996117773503114,True,8,False,BULL_STRUCTURE,BULL_STRUCTURE,1.0,0.9500549162113608746192900781,0.9500549162113608746192900781
2023-07-21 00:00:00+00:00,3,STRONG_BEAR,0.9947409938906332,True,9,False,BULL_STRUCTURE,BULL_STRUCTURE,1.0,0.9502163615206244598228368277,0.9502163615206244598228368277
2023-07-22 00:00:00+00:00,3,STRONG_BEAR,0.9977189550619441,True,10,False,BULL_STRUCTURE,BULL_STRUCTURE,1.0,0.9500453605769773695501791026,0.9500453605769773695501791026
2023-07-23 00:00:00+00:00,3,STRONG_BEAR,0.9990560072953041,True,11,False,BULL_STRUCTURE,BULL_STRUCTURE,1.0,0.9505026810546142064025894512,0.9505026810546142064025894512
2023-07-24 00:00:00+00:00,3,STRONG_BEAR,0.030057909073588393,False,11,False,BULL_STRUCTURE,BULL_STRUCTURE,1.0,0.475,0.475
2023-07-25 00:00:00+00:00,3,STRONG_BEAR,0.34901429629783515,False,11,False,BULL_STRUCTURE,BULL_STRUCTURE,1.0,0.4757399063714460138417460358,0.4757399063714460138417460358
2023-07-26 00:00:00+00:00,3,STRONG_BEAR,0.8903829924403445,True,12,False,BULL_STRUCTURE,BULL_STRUCTURE,1.0,0.95,0.95
2023-07-27 00:00:00+00:00,3,STRONG_BEAR,0.9968462364740369,True,13,False,BULL_STRUCTURE,BULL_STRUCTURE,1.0,0.9503764478452017311757815425,0.9503764478452017311757815425
2023-07-28 00:00:00+00:00,3,STRONG_BEAR,0.9972245695505342,True,14,False,BULL_STRUCTURE,BULL_STRUCTURE,1.0,0.9505234520030813079072271802,0.9505234520030813079072271802
2023-07-29 00:00:00+00:00,3,STRONG_BEAR,0.9836413747492722,True,15,False,BULL_STRUCTURE,BULL_STRUCTURE,1.0,0.9505855565439807851360165678,0.9505855565439807851360165678
2023-07-30 00:00:00+00:00,3,STRONG_BEAR,0.8483885605584914,True,16,False,BULL_STRUCTURE,BULL_STRUCTURE,1.0,0.9504703730681874008936018663,0.9504703730681874008936018663
2023-07-31 00:00:00+00:00,3,STRONG_BEAR,0.20899908104949713,False,16,False,BULL_STRUCTURE,BULL_STRUCTURE,1.0,0.475,0.475
2023-08-01 00:00:00+00:00,3,STRONG_BEAR,0.006403434829878831,False,16,False,BULL_STRUCTURE,BULL_STRUCTURE,1.0,0.4793042193997066954535386902,0.4793042193997066954535386902
2023-08-02 00:00:00+00:00,3,STRONG_BEAR,0.6804532366414445,True,17,False,BULL_STRUCTURE,BULL_STRUCTURE,1.0,0.95,0.95
2023-08-03 00:00:00+00:00,3,STRONG_BEAR,0.9413097323118761,True,18,False,BULL_STRUCTURE,BULL_STRUCTURE,1.0,0.9505990779501190796409976561,0.9505990779501190796409976561
2023-08-04 00:00:00+00:00,3,STRONG_BEAR,0.9207597979492274,True,19,False,BULL_STRUCTURE,BULL_STRUCTURE,1.0,0.9504706209416259946732745432,0.9504706209416259946732745432
2023-08-05 00:00:00+00:00,3,STRONG_BEAR,0.9973513561493604,True,20,False,BULL_STRUCTURE,BULL_STRUCTURE,1.0,0.9504028422811068588595412639,0.9504028422811068588595412639
2023-08-06 00:00:00+00:00,3,STRONG_BEAR,0.9999106806810055,True,21,False,BULL_STRUCTURE,BULL_STRUCTURE,1.0,0.9504292406765509346779976532,0.9504292406765509346779976532
2023-08-07 00:00:00+00:00,3,STRONG_BEAR,0.9996691775867989,True,22,False,BULL_STRUCTURE,BULL_STRUCTURE,1.0,0.9506270836268948187601594022,0.9506270836268948187601594022
2023-08-08 00:00:00+00:00,3,STRONG_BEAR,0.9882246616101203,True,23,False,BULL_STRUCTURE,BULL_STRUCTURE,1.0,0.9515097741823178171456680173,0.9515097741823178171456680173
2023-08-09 00:00:00+00:00,3,STRONG_BEAR,0.090339532101213,False,23,False,BULL_STRUCTURE,BULL_STRUCTURE,1.0,0.475,0.475
2023-08-10 00:00:00+00:00,3,STRONG_BEAR,9.68768574648151e-06,False,23,False,BULL_STRUCTURE,BULL_STRUCTURE,1.0,0.4742270627662037760160722214,0.4742270627662037760160722214
2023-08-11 00:00:00+00:00,0,EUPHORIA,0.9990612611700662,True,3,False,BULL_STRUCTURE,BULL_STRUCTURE,1.0,0.95,0.95
2023-08-12 00:00:00+00:00,0,EUPHORIA,0.848043166738676,True,4,False,BULL_STRUCTURE,BULL_STRUCTURE,1.0,0.9505938406874444024854074791,0.9505938406874444024854074791
2023-08-13 00:00:00+00:00,0,EUPHORIA,0.28507274695078955,False,4,False,BULL_STRUCTURE,BULL_STRUCTURE,1.0,0.475,0.475
2023-08-14 00:00:00+00:00,0,EUPHORIA,0.6561120050279808,True,5,False,BULL_STRUCTURE,BULL_STRUCTURE,1.0,0.95,0.95
2023-08-15 00:00:00+00:00,0,EUPHORIA,0.9099933754034918,True,6,False,BULL_STRUCTURE,BULL_STRUCTURE,1.0,0.9502127723096636939189828424,0.9502127723096636939189828424
2023-08-16 00:00:00+00:00,0,EUPHORIA,0.7941353645930187,True,7,False,BULL_STRUCTURE,BULL_STRUCTURE,1.0,0.9494403254202978449449005623,0.9494403254202978449449005623
2023-08-17 00:00:00+00:00,0,EUPHORIA,1.8969983349702393e-40,False,7,False,TRANSITION,BULL_STRUCTURE,0.6,0.475,0.475
2023-08-18 00:00:00+00:00,0,EUPHORIA,1.2080764949286888e-58,False,7,False,TRANSITION,BULL_STRUCTURE,0.6,0.4699015437655467458770191844,0.4699015437655467458770191844
2023-08-19 00:00:00+00:00,1,WEAK_BULL,0.9999526878970132,True,3,False,TRANSITION,BULL_STRUCTURE,0.6,0.4703410661500953720802697457,0.4703410661500953720802697457
2023-08-20 00:00:00+00:00,1,WEAK_BULL,0.9998929299575569,True,4,False,TRANSITION,BULL_STRUCTURE,0.6,0.4711985202399005006118182390,0.4711985202399005006118182390
2023-08-21 00:00:00+00:00,1,WEAK_BULL,0.9999606548981907,True,5,False,TRANSITION,TRANSITION,0.6,0.4705977932238319483096105931,0.4705977932238319483096105931
2023-08-22 00:00:00+00:00,1,WEAK_BULL,0.8329101475025611,True,6,False,TRANSITION,TRANSITION,0.6,0.4699206644455264236542870096,0.4699206644455264236542870096
2023-08-23 00:00:00+00:00,1,WEAK_BULL,0.9814913662894074,True,7,False,TRANSITION,TRANSITION,0.6,0.4734978021879721829234204266,0.4734978021879721829234204266
2023-08-24 00:00:00+00:00,1,WEAK_BULL,0.9898055335221975,True,8,False,TRANSITION,TRANSITION,0.6,0.4711039345783072419695129541,0.4711039345783072419695129541
2023-08-25 00:00:00+00:00,1,WEAK_BULL,0.8788774341706063,True,9,False,TRANSITION,TRANSITION,0.6,0.4699589972538230679897329141,0.4699589972538230679897329141
2023-08-26 00:00:00+00:00,1,WEAK_BULL,0.00544386125771098,False,9,False,TRANSITION,TRANSITION,0.6,0.4695511043630071945133753054,0.4695511043630071945133753054
2023-08-27 00:00:00+00:00,1,WEAK_BULL,1.4727777703849313e-14,False,9,False,TRANSITION,TRANSITION,0.6,0.4703578645308679171519424448,0.4703578645308679171519424448
2023-08-28 00:00:00+00:00,1,WEAK_BULL,1.5662974479940546e-25,False,9,False,TRANSITION,TRANSITION,0.6,0.4705317987382858523903501853,0.4705317987382858523903501853
2023-08-29 00:00:00+00:00,2,STRONG_BULL,0.9944491688920888,True,3,False,TRANSITION,TRANSITION,0.6,0.4853320247506551868494986361,0.4853320247506551868494986361
2023-08-30 00:00:00+00:00,2,STRONG_BULL,0.8767701689238843,True,4,False,TRANSITION,TRANSITION,0.6,0.4815522437532479467320479075,0.4815522437532479467320479075
2023-08-31 00:00:00+00:00,2,STRONG_BULL,9.810214657080828e-16,False,4,False,TRANSITION,TRANSITION,0.6,0.4688168681204459612194663243,0.4688168681204459612194663243
2023-09-01 00:00:00+00:00,2,STRONG_BULL,4.777395342709346e-11,False,4,False,TRANSITION,TRANSITION,0.6,0.4675106763219391835777858444,0.4675106763219391835777858444
2023-09-02 00:00:00+00:00,1,WEAK_BULL,0.9999973348352842,True,3,False,TRANSITION,TRANSITION,0.6,0.4681318043839933094479644999,0.4681318043839933094479644999
2023-09-03 00:00:00+00:00,1,WEAK_BULL,0.0001325550934996542,False,3,False,TRANSITION,TRANSITION,0.6,0.4691088310094141195923394902,0.4691088310094141195923394902
2023-09-04 00:00:00+00:00,1,WEAK_BULL,2.2643269318959604e-09,False,3,False,TRANSITION,TRANSITION,0.6,0.4677128996251724057850187455,0.4677128996251724057850187455
2023-09-05 00:00:00+00:00,2,STRONG_BULL,0.9999999944534466,True,3,False,TRANSITION,TRANSITION,0.6,0.4673857167855016204564944711,0.4673857167855016204564944711
2023-09-06 00:00:00+00:00,2,STRONG_BULL,0.9962540729398515,True,4,False,TRANSITION,TRANSITION,0.6,0.4670752353685954243847916866,0.4670752353685954243847916866
2023-09-07 00:00:00+00:00,2,STRONG_BULL,0.9982838311409594,True,5,False,TRANSITION,TRANSITION,0.6,0.4718163000997357922580707244,0.4718163000997357922580707244
2023-09-08 00:00:00+00:00,2,STRONG_BULL,0.9975567530669908,True,6,False,TRANSITION,TRANSITION,0.6,0.4685260254843887717793636335,0.4685260254843887717793636335
2023-09-09 00:00:00+00:00,2,STRONG_BULL,0.9989979631519946,True,7,False,TRANSITION,TRANSITION,0.6,0.4684405755940684653518519333,0.4684405755940684653518519333
2023-09-10 00:00:00+00:00,2,STRONG_BULL,0.9999128923383515,True,8,False,TRANSITION,TRANSITION,0.6,0.4678631416131594387119276966,0.4678631416131594387119276966
2023-09-11 00:00:00+00:00,2,STRONG_BULL,0.9896440917005698,True,9,False,TRANSITION,TRANSITION,0.6,0.4612391059024567602739482156,0.4612391059024567602739482156
2023-09-12 00:00:00+00:00,2,STRONG_BULL,0.9988977964330813,True,10,False,TRANSITION,TRANSITION,0.6,0.4678485933406760456550380374,0.4678485933406760456550380374
2023-09-13 00:00:00+00:00,2,STRONG_BULL,0.9998649467184922,True,11,False,TRANSITION,TRANSITION,0.6,0.4715028867599827635492455084,0.4715028867599827635492455084
2023-09-14 00:00:00+00:00,2,STRONG_BULL,0.9979133356776665,True,12,False,TRANSITION,TRANSITION,0.6,0.4743453561904743693818451552,0.4743453561904743693818451552
2023-09-15 00:00:00+00:00,2,STRONG_BULL,0.954055517045773,True,13,False,TRANSITION,TRANSITION,0.6,0.4750707738013221843783902402,0.4750707738013221843783902402
2023-09-16 00:00:00+00:00,2,STRONG_BULL,0.4165165733162,False,13,False,TRANSITION,TRANSITION,0.6,0.4746924021579263652750079935,0.4746924021579263652750079935
2023-09-17 00:00:00+00:00,2,STRONG_BULL,0.020757874725363664,False,13,False,TRANSITION,TRANSITION,0.6,0.4743902894274115290650599757,0.4743902894274115290650599757
2023-09-18 00:00:00+00:00,2,STRONG_BULL,0.8492786011342514,True,14,False,TRANSITION,TRANSITION,0.6,0.4765899174824254869623984081,0.4765899174824254869623984081
2023-09-19 00:00:00+00:00,2,STRONG_BULL,0.9317549687434863,True,15,False,TRANSITION,TRANSITION,0.6,0.95,0.6
2023-09-20 00:00:00+00:00,2,STRONG_BULL,0.83031846709203,True,16,False,TRANSITION,TRANSITION,0.6,0.95,0.6
2023-09-21 00:00:00+00:00,2,STRONG_BULL,0.0022009389116962597,False,16,False,TRANSITION,TRANSITION,0.6,0.30,0.30
2023-09-22 00:00:00+00:00,2,STRONG_BULL,0.002268959481707631,False,16,False,TRANSITION,TRANSITION,0.6,0.3002092096462769585687835636,0.3002092096462769585687835636
2023-09-23 00:00:00+00:00,4,WEAK_BEAR,0.9915140006955335,True,3,False,TRANSITION,TRANSITION,0.6,0.60,0.60
2023-09-24 00:00:00+00:00,4,WEAK_BEAR,0.9999548580456794,True,4,False,TRANSITION,TRANSITION,0.6,0.5972529584480817031192636263,0.5972529584480817031192636263
2023-09-25 00:00:00+00:00,4,WEAK_BEAR,0.9999612552203795,True,5,False,TRANSITION,TRANSITION,0.6,0.5977694234970969690515115024,0.5977694234970969690515115024
2023-09-26 00:00:00+00:00,4,WEAK_BEAR,0.9999985658288376,True,6,False,TRANSITION,TRANSITION,0.6,0.5970080374179193275241271183,0.5970080374179193275241271183
2023-09-27 00:00:00+00:00,4,WEAK_BEAR,0.9999779907155337,True,7,False,TRANSITION,TRANSITION,0.6,0.5983916639516676860721331093,0.5983916639516676860721331093
2023-09-28 00:00:00+00:00,4,WEAK_BEAR,0.9661529538112518,True,8,False,TRANSITION,TRANSITION,0.6,0.95,0.6
2023-09-29 00:00:00+00:00,4,WEAK_BEAR,0.9994381461740841,True,9,False,TRANSITION,TRANSITION,0.6,0.95,0.6
2023-09-30 00:00:00+00:00,4,WEAK_BEAR,0.999838461239776,True,10,False,TRANSITION,TRANSITION,0.6,0.95,0.6
2023-10-01 00:00:00+00:00,4,WEAK_BEAR,0.981651163577938,True,11,False,TRANSITION,TRANSITION,0.6,0.95,0.6
2023-10-02 00:00:00+00:00,4,WEAK_BEAR,0.12329682795100658,False,11,False,TRANSITION,TRANSITION,0.6,0.5956898061204313878427505619,0.5956898061204313878427505619
2023-10-03 00:00:00+00:00,4,WEAK_BEAR,0.0002912557672231854,False,11,False,TRANSITION,TRANSITION,0.6,0.5950928288691941129699484693,0.5950928288691941129699484693
2023-10-04 00:00:00+00:00,1,WEAK_BULL,0.9999904814893028,True,3,False,TRANSITION,TRANSITION,0.6,0.5981628643158409347122233269,0.5981628643158409347122233269
2023-10-05 00:00:00+00:00,1,WEAK_BULL,0.9999883861120479,True,4,False,TRANSITION,TRANSITION,0.6,0.5949515953555271011591038435,0.5949515953555271011591038435
2023-10-06 00:00:00+00:00,1,WEAK_BULL,0.9999997256495966,True,5,False,TRANSITION,TRANSITION,0.6,0.5994782782353444826176610880,0.5994782782353444826176610880
2023-10-07 00:00:00+00:00,1,WEAK_BULL,0.9846243675007984,True,6,False,TRANSITION,TRANSITION,0.6,0.5996980509698462497315690333,0.5996980509698462497315690333
2023-10-08 00:00:00+00:00,1,WEAK_BULL,0.8937793576464972,True,7,False,TRANSITION,TRANSITION,0.6,0.5993575497816651570243736611,0.5993575497816651570243736611
2023-10-09 00:00:00+00:00,1,WEAK_BULL,0.9851654065633879,True,8,False,TRANSITION,TRANSITION,0.6,0.5965255890533548895931280392,0.5965255890533548895931280392
2023-10-10 00:00:00+00:00,1,WEAK_BULL,0.9984833119346321,True,9,False,TRANSITION,TRANSITION,0.6,0.5947733089576235519986231673,0.5947733089576235519986231673
2023-10-11 00:00:00+00:00,1,WEAK_BULL,0.9998075631739376,True,10,False,TRANSITION,TRANSITION,0.6,0.5901939393794325117935922765,0.5901939393794325117935922765
2023-10-12 00:00:00+00:00,1,WEAK_BULL,0.13025688065092775,False,10,False,TRANSITION,TRANSITION,0.6,0.25,0.25
2023-10-13 00:00:00+00:00,1,WEAK_BULL,0.0002994625865501679,False,10,False,TRANSITION,TRANSITION,0.6,0.2508260578049566209223950168,0.2508260578049566209223950168
2023-10-14 00:00:00+00:00,4,WEAK_BEAR,0.9983606510910382,True,3,False,TRANSITION,TRANSITION,0.6,0.60,0.60
2023-10-15 00:00:00+00:00,4,WEAK_BEAR,0.9995242870270595,True,4,False,TRANSITION,TRANSITION,0.6,0.95,0.6
2023-10-16 00:00:00+00:00,4,WEAK_BEAR,0.019782869321403128,False,4,False,TRANSITION,TRANSITION,0.6,0.6115598872306204270002041234,0.6
2023-10-17 00:00:00+00:00,4,WEAK_BEAR,0.031674140794023066,False,4,False,TRANSITION,TRANSITION,0.6,0.5991239281455439280718171751,0.5991239281455439280718171751
2023-10-18 00:00:00+00:00,1,WEAK_BULL,0.9765648323612676,True,3,False,TRANSITION,TRANSITION,0.6,0.5984808464731106206919015291,0.5984808464731106206919015291
2023-10-19 00:00:00+00:00,1,WEAK_BULL,0.9604658729140176,True,4,False,BULL_STRUCTURE,TRANSITION,0.6,0.6017939976642962081601774053,0.6
2023-10-20 00:00:00+00:00,1,WEAK_BULL,0.9970678469268593,True,5,False,BULL_STRUCTURE,TRANSITION,0.6,0.6078290677980639904770101865,0.6
2023-10-21 00:00:00+00:00,1,WEAK_BULL,0.018225853386899686,False,5,False,BULL_STRUCTURE,TRANSITION,0.6,0.25,0.25
2023-10-22 00:00:00+00:00,1,WEAK_BULL,5.759339182081191e-06,False,5,False,BULL_STRUCTURE,TRANSITION,0.6,0.2506311349585428402608270557,0.2506311349585428402608270557
2023-10-23 00:00:00+00:00,1,WEAK_BULL,0.9999999876731637,True,6,False,BULL_STRUCTURE,BULL_STRUCTURE,1.0,0.2694196819651845783743934094,0.2694196819651845783743934094
2023-10-24 00:00:00+00:00,1,WEAK_BULL,0.9999999984256647,True,7,False,BULL_STRUCTURE,BULL_STRUCTURE,1.0,0.2744601764719298007949515322,0.2744601764719298007949515322
2023-10-25 00:00:00+00:00,1,WEAK_BULL,0.9999999990664037,True,8,False,BULL_STRUCTURE,BULL_STRUCTURE,1.0,0.2778101165232733578475915219,0.2778101165232733578475915219
2023-10-26 00:00:00+00:00,1,WEAK_BULL,0.9999996665592891,True,9,False,BULL_STRUCTURE,BULL_STRUCTURE,1.0,0.2758015472576149655154501891,0.2758015472576149655154501891
2023-10-27 00:00:00+00:00,1,WEAK_BULL,0.9999871535889971,True,10,False,BULL_STRUCTURE,BULL_STRUCTURE,1.0,0.2742798591140568108422220553,0.2742798591140568108422220553
2023-10-28 00:00:00+00:00,1,WEAK_BULL,1.7331263020715918e-09,False,10,False,BULL_STRUCTURE,BULL_STRUCTURE,1.0,0.2753880582198403230469017372,0.2753880582198403230469017372
2023-10-29 00:00:00+00:00,1,WEAK_BULL,3.0433126876668435e-24,False,10,False,BULL_STRUCTURE,BULL_STRUCTURE,1.0,0.2779836265405889436011106117,0.2779836265405889436011106117
2023-10-30 00:00:00+00:00,2,STRONG_BULL,0.9999999999972715,True,3,False,BULL_STRUCTURE,BULL_STRUCTURE,1.0,0.95,0.95
2023-10-31 00:00:00+00:00,2,STRONG_BULL,0.9999999999163265,True,4,False,BULL_STRUCTURE,BULL_STRUCTURE,1.0,0.9510531337084675633581749070,0.9510531337084675633581749070
2023-11-01 00:00:00+00:00,2,STRONG_BULL,0.9999999497404145,True,5,False,BULL_STRUCTURE,BULL_STRUCTURE,1.0,0.9520815070742562832837687973,0.9520815070742562832837687973
2023-11-02 00:00:00+00:00,2,STRONG_BULL,0.9999999965266397,True,6,False,BULL_STRUCTURE,BULL_STRUCTURE,1.0,0.9514554046677012896333115225,0.9514554046677012896333115225
2023-11-03 00:00:00+00:00,2,STRONG_BULL,1.0,True,7,False,BULL_STRUCTURE,BULL_STRUCTURE,1.0,0.9511564061669083601678095295,0.9511564061669083601678095295
2023-11-04 00:00:00+00:00,2,STRONG_BULL,1.0,True,8,False,BULL_STRUCTURE,BULL_STRUCTURE,1.0,0.9516141420371655713842596591,0.9516141420371655713842596591
2023-11-05 00:00:00+00:00,2,STRONG_BULL,1.0,True,9,False,BULL_STRUCTURE,BULL_STRUCTURE,1.0,0.9515481409672547631442030963,0.9515481409672547631442030963
2023-11-06 00:00:00+00:00,2,STRONG_BULL,1.0,True,10,False,BULL_STRUCTURE,BULL_STRUCTURE,1.0,0.9515931474685580123993247011,0.9515931474685580123993247011
2023-11-07 00:00:00+00:00,2,STRONG_BULL,1.0,True,11,False,BULL_STRUCTURE,BULL_STRUCTURE,1.0,0.9520527548617813753920630703,0.9520527548617813753920630703
2023-11-08 00:00:00+00:00,2,STRONG_BULL,1.0,True,12,False,BULL_STRUCTURE,BULL_STRUCTURE,1.0,0.9523419188433215507117198238,0.9523419188433215507117198238
2023-11-09 00:00:00+00:00,2,STRONG_BULL,0.9997451062273878,True,13,False,BULL_STRUCTURE,BULL_STRUCTURE,1.0,0.9536748862208753593081558724,0.9536748862208753593081558724
2023-11-10 00:00:00+00:00,2,STRONG_BULL,0.9999999876199582,True,14,False,BULL_STRUCTURE,BULL_STRUCTURE,1.0,0.9543866813215067470441671102,0.9543866813215067470441671102
2023-11-11 00:00:00+00:00,2,STRONG_BULL,0.9999999998799467,True,15,False,BULL_STRUCTURE,BULL_STRUCTURE,1.0,0.9541854976469701423408291839,0.9541854976469701423408291839
2023-11-12 00:00:00+00:00,2,STRONG_BULL,4.72770866149839e-13,False,15,False,BULL_STRUCTURE,BULL_STRUCTURE,1.0,0.475,0.475
2023-11-13 00:00:00+00:00,2,STRONG_BULL,8.485637619979335e-45,False,15,False,BULL_STRUCTURE,BULL_STRUCTURE,1.0,0.4712191896794868457606069699,0.4712191896794868457606069699
2023-11-14 00:00:00+00:00,2,STRONG_BULL,9.521185825108444e-73,False,15,False,BULL_STRUCTURE,BULL_STRUCTURE,1.0,0.4649144723784223382696550576,0.4649144723784223382696550576
2023-11-15 00:00:00+00:00,2,STRONG_BULL,1.8570598389049585e-75,False,15,False,BULL_STRUCTURE,BULL_STRUCTURE,1.0,0.4805849743706559831587065476,0.4805849743706559831587065476
2023-11-16 00:00:00+00:00,4,WEAK_BEAR,0.9999948172878855,True,3,False,BULL_STRUCTURE,BULL_STRUCTURE,1.0,0.95,0.95
2023-11-17 00:00:00+00:00,4,WEAK_BEAR,0.9999937376974772,True,4,False,BULL_STRUCTURE,BULL_STRUCTURE,1.0,0.9511709280904604746602408235,0.9511709280904604746602408235
2023-11-18 00:00:00+00:00,4,WEAK_BEAR,0.9999988580172766,True,5,False,BULL_STRUCTURE,BULL_STRUCTURE,1.0,0.9511127361075809017976307905,0.9511127361075809017976307905
2023-11-19 00:00:00+00:00,4,WEAK_BEAR,0.9992216215088677,True,6,False,BULL_STRUCTURE,BULL_STRUCTURE,1.0,0.9520991660201601378027659626,0.9520991660201601378027659626
2023-11-20 00:00:00+00:00,4,WEAK_BEAR,0.9342096935464417,True,7,False,BULL_STRUCTURE,BULL_STRUCTURE,1.0,0.9522074680105366354073193994,0.9522074680105366354073193994
2023-11-21 00:00:00+00:00,4,WEAK_BEAR,0.9992115096395856,True,8,False,BULL_STRUCTURE,BULL_STRUCTURE,1.0,0.9500387984787376178942792935,0.9500387984787376178942792935
2023-11-22 00:00:00+00:00,4,WEAK_BEAR,0.9999994934861579,True,9,False,BULL_STRUCTURE,BULL_STRUCTURE,1.0,0.9521582740378840465314701176,0.9521582740378840465314701176
2023-11-23 00:00:00+00:00,4,WEAK_BEAR,0.99999889257167,True,10,False,BULL_STRUCTURE,BULL_STRUCTURE,1.0,0.9520189764537549606254411432,0.9520189764537549606254411432
2023-11-24 00:00:00+00:00,4,WEAK_BEAR,0.9999840750855775,True,11,False,BULL_STRUCTURE,BULL_STRUCTURE,1.0,0.9525270934304192524349325253,0.9525270934304192524349325253
2023-11-25 00:00:00+00:00,4,WEAK_BEAR,0.9999998908288095,True,12,False,BULL_STRUCTURE,BULL_STRUCTURE,1.0,0.9526074113856334729192749245,0.9526074113856334729192749245
2023-11-26 00:00:00+00:00,4,WEAK_BEAR,0.9900826772310442,True,13,False,BULL_STRUCTURE,BULL_STRUCTURE,1.0,0.9522058274108458003759908338,0.9522058274108458003759908338
2023-11-27 00:00:00+00:00,4,WEAK_BEAR,1.176749207928099e-07,False,13,False,BULL_STRUCTURE,BULL_STRUCTURE,1.0,0.475,0.475
2023-11-28 00:00:00+00:00,4,WEAK_BEAR,9.467967969360005e-10,False,13,False,BULL_STRUCTURE,BULL_STRUCTURE,1.0,0.4791246445401095595670162811,0.4791246445401095595670162811
2023-11-29 00:00:00+00:00,2,STRONG_BULL,0.9999999756564651,True,3,False,BULL_STRUCTURE,BULL_STRUCTURE,1.0,0.95,0.95
2023-11-30 00:00:00+00:00,2,STRONG_BULL,0.9999999818837751,True,4,False,BULL_STRUCTURE,BULL_STRUCTURE,1.0,0.9504183732352928997970347782,0.9504183732352928997970347782
2023-12-01 00:00:00+00:00,2,STRONG_BULL,0.9999996913366452,True,5,False,BULL_STRUCTURE,BULL_STRUCTURE,1.0,0.9515875335328460001462785878,0.9515875335328460001462785878
2023-12-02 00:00:00+00:00,2,STRONG_BULL,0.9999999992687663,True,6,False,BULL_STRUCTURE,BULL_STRUCTURE,1.0,0.9524850234553727652340602524,0.9524850234553727652340602524
2023-12-03 00:00:00+00:00,2,STRONG_BULL,0.9999999948422555,True,7,False,BULL_STRUCTURE,BULL_STRUCTURE,1.0,0.9530763060658968175170382817,0.9530763060658968175170382817
2023-12-04 00:00:00+00:00,0,EUPHORIA,0.7760454765208935,True,1,False,BULL_STRUCTURE,BULL_STRUCTURE,1.0,0.50,0.50
2023-12-05 00:00:00+00:00,0,EUPHORIA,0.9999999994215614,True,2,False,BULL_STRUCTURE,BULL_STRUCTURE,1.0,0.5123916073164168197397413055,0.5123916073164168197397413055
2023-12-06 00:00:00+00:00,0,EUPHORIA,0.9999999999686224,True,3,False,BULL_STRUCTURE,BULL_STRUCTURE,1.0,0.5106243001518281926723588073,0.5106243001518281926723588073
2023-12-07 00:00:00+00:00,0,EUPHORIA,0.999999951336123,True,4,False,BULL_STRUCTURE,BULL_STRUCTURE,1.0,0.5078128864112511718070211728,0.5078128864112511718070211728
2023-12-08 00:00:00+00:00,0,EUPHORIA,0.9999989424660406,True,5,False,BULL_STRUCTURE,BULL_STRUCTURE,1.0,0.5129446590254914895687868116,0.5129446590254914895687868116
2023-12-09 00:00:00+00:00,0,EUPHORIA,0.9969340474063754,True,6,False,BULL_STRUCTURE,BULL_STRUCTURE,1.0,0.5103438331771558623321612712,0.5103438331771558623321612712
2023-12-10 00:00:00+00:00,0,EUPHORIA,0.056162057996094965,False,6,False,BULL_STRUCTURE,BULL_STRUCTURE,1.0,0.25,0.25
2023-12-11 00:00:00+00:00,0,EUPHORIA,0.9999959739447251,True,7,False,BULL_STRUCTURE,BULL_STRUCTURE,1.0,0.50,0.50
2023-12-12 00:00:00+00:00,0,EUPHORIA,0.9999999984424903,True,8,False,BULL_STRUCTURE,BULL_STRUCTURE,1.0,0.5016131717987030824948425906,0.5016131717987030824948425906
2023-12-13 00:00:00+00:00,0,EUPHORIA,0.9999999999995453,True,9,False,BULL_STRUCTURE,BULL_STRUCTURE,1.0,0.5097718371963659883025780495,0.5097718371963659883025780495
2023-12-14 00:00:00+00:00,0,EUPHORIA,0.9999999939614099,True,10,False,BULL_STRUCTURE,BULL_STRUCTURE,1.0,0.5106634650478519558843408925,0.5106634650478519558843408925
2023-12-15 00:00:00+00:00,0,EUPHORIA,0.9999999956839929,True,11,False,BULL_STRUCTURE,BULL_STRUCTURE,1.0,0.5042973569764763603097043022,0.5042973569764763603097043022
2023-12-16 00:00:00+00:00,0,EUPHORIA,0.3405962770845946,False,11,False,BULL_STRUCTURE,BULL_STRUCTURE,1.0,0.25,0.25
2023-12-17 00:00:00+00:00,0,EUPHORIA,0.1677083926102896,False,11,False,BULL_STRUCTURE,BULL_STRUCTURE,1.0,0.2460540878791609014573506447,0.2460540878791609014573506447
2023-12-18 00:00:00+00:00,0,EUPHORIA,0.9373970037040615,True,12,False,BULL_STRUCTURE,BULL_STRUCTURE,1.0,0.2517637763019816636772021746,0.2517637763019816636772021746
2023-12-19 00:00:00+00:00,0,EUPHORIA,0.9066619627112914,True,13,False,BULL_STRUCTURE,BULL_STRUCTURE,1.0,0.2500738779954218286163763709,0.2500738779954218286163763709
2023-12-20 00:00:00+00:00,0,EUPHORIA,0.9969853840155373,True,14,False,BULL_STRUCTURE,BULL_STRUCTURE,1.0,0.2562024836304726549192114223,0.2562024836304726549192114223
2023-12-21 00:00:00+00:00,0,EUPHORIA,0.9547602304121146,True,15,False,BULL_STRUCTURE,BULL_STRUCTURE,1.0,0.2570431797427480223879183336,0.2570431797427480223879183336
2023-12-22 00:00:00+00:00,0,EUPHORIA,0.9134545642533706,True,16,False,BULL_STRUCTURE,BULL_STRUCTURE,1.0,0.2575098038409683600934351816,0.2575098038409683600934351816
2023-12-23 00:00:00+00:00,0,EUPHORIA,0.01707416314387998,False,16,False,BULL_STRUCTURE,BULL_STRUCTURE,1.0,0.2563474646631879849885391754,0.2563474646631879849885391754
2023-12-24 00:00:00+00:00,0,EUPHORIA,0.010528758864148577,False,16,False,BULL_STRUCTURE,BULL_STRUCTURE,1.0,0.2532345140342553623743184281,0.2532345140342553623743184281
2023-12-25 00:00:00+00:00,2,BULL,0.995569132593621,True,3,False,BULL_STRUCTURE,BULL_STRUCTURE,1.0,0.95,0.95
2023-12-26 00:00:00+00:00,2,BULL,0.7041099355396649,True,4,False,BULL_STRUCTURE,BULL_STRUCTURE,1.0,0.9496853768589200320021208168,0.9496853768589200320021208168
2023-12-27 00:00:00+00:00,2,BULL,0.0019573711362234326,False,4,False,BULL_STRUCTURE,BULL_STRUCTURE,1.0,0.475,0.475
2023-12-28 00:00:00+00:00,2,BULL,0.00012181790635664801,False,4,False,BULL_STRUCTURE,BULL_STRUCTURE,1.0,0.4702780039699093209452493059,0.4702780039699093209452493059
2023-12-29 00:00:00+00:00,0,EUPHORIA,0.9998438244555298,True,3,False,BULL_STRUCTURE,BULL_STRUCTURE,1.0,0.4673542320541114838387736637,0.4673542320541114838387736637
2023-12-30 00:00:00+00:00,0,EUPHORIA,0.997101989483008,True,4,False,BULL_STRUCTURE,BULL_STRUCTURE,1.0,0.4677878144624820084980738597,0.4677878144624820084980738597
2023-12-31 00:00:00+00:00,0,EUPHORIA,0.9559391122724855,True,5,False,BULL_STRUCTURE,BULL_STRUCTURE,1.0,0.4686330781141200909865333218,0.4686330781141200909865333218
2024-01-01 00:00:00+00:00,0,EUPHORIA,0.9999999866695363,True,6,False,BULL_STRUCTURE,BULL_STRUCTURE,1.0,0.4795690100853971407496557534,0.4795690100853971407496557534
2024-01-02 00:00:00+00:00,0,EUPHORIA,0.9999999999445208,True,7,False,BULL_STRUCTURE,BULL_STRUCTURE,1.0,0.4838682291347254645456387561,0.4838682291347254645456387561
2024-01-03 00:00:00+00:00,0,EUPHORIA,1.0,True,8,False,BULL_STRUCTURE,BULL_STRUCTURE,1.0,0.4719202804860525041897636578,0.4719202804860525041897636578
2024-01-04 00:00:00+00:00,0,EUPHORIA,1.0,True,9,False,BULL_STRUCTURE,BULL_STRUCTURE,1.0,0.4794082384665208956458708821,0.4794082384665208956458708821
2024-01-05 00:00:00+00:00,0,EUPHORIA,1.0,True,10,False,BULL_STRUCTURE,BULL_STRUCTURE,1.0,0.4793743761764041229292026231,0.4793743761764041229292026231
2024-01-06 00:00:00+00:00,0,EUPHORIA,0.999999783075078,True,11,False,BULL_STRUCTURE,BULL_STRUCTURE,1.0,0.4783729706219320289345447894,0.4783729706219320289345447894
2024-01-07 00:00:00+00:00,0,EUPHORIA,0.9999701570055773,True,12,False,BULL_STRUCTURE,BULL_STRUCTURE,1.0,0.4781498369384065668946573231,0.4781498369384065668946573231
2024-01-08 00:00:00+00:00,0,EUPHORIA,1.0,True,13,False,BULL_STRUCTURE,BULL_STRUCTURE,1.0,0.4947686544375718310751030409,0.4947686544375718310751030409
2024-01-09 00:00:00+00:00,0,EUPHORIA,1.0,True,14,False,BULL_STRUCTURE,BULL_STRUCTURE,1.0,0.4902508217151058475030094246,0.4902508217151058475030094246
2024-01-10 00:00:00+00:00,0,EUPHORIA,1.0,True,15,False,BULL_STRUCTURE,BULL_STRUCTURE,1.0,0.4931821605221527591868125754,0.4931821605221527591868125754
2024-01-11 00:00:00+00:00,0,EUPHORIA,1.0,True,16,False,BULL_STRUCTURE,BULL_STRUCTURE,1.0,0.4914897942955987446294609459,0.4914897942955987446294609459
2024-01-12 00:00:00+00:00,0,EUPHORIA,1.0,True,17,False,BULL_STRUCTURE,BULL_STRUCTURE,1.0,0.4715564955226300984951043530,0.4715564955226300984951043530
2024-01-13 00:00:00+00:00,0,EUPHORIA,1.0,True,18,False,BULL_STRUCTURE,BULL_STRUCTURE,1.0,0.4719363336829129965736327795,0.4719363336829129965736327795
2024-01-14 00:00:00+00:00,0,EUPHORIA,0.9999999999990905,True,19,False,BULL_STRUCTURE,BULL_STRUCTURE,1.0,0.4653668242277187027500778993,0.4653668242277187027500778993
2024-01-15 00:00:00+00:00,0,EUPHORIA,1.0,True,20,False,BULL_STRUCTURE,BULL_STRUCTURE,1.0,0.4699696168003954710904351291,0.4699696168003954710904351291
2024-01-16 00:00:00+00:00,0,EUPHORIA,1.0,True,21,False,BULL_STRUCTURE,BULL_STRUCTURE,1.0,0.4736174298258019072104482399,0.4736174298258019072104482399
2024-01-17 00:00:00+00:00,0,EUPHORIA,0.8460459913139609,True,22,False,BULL_STRUCTURE,BULL_STRUCTURE,1.0,0.4715178758073151744268232402,0.4715178758073151744268232402
2024-01-18 00:00:00+00:00,0,EUPHORIA,0.9676929480970337,True,23,False,BULL_STRUCTURE,BULL_STRUCTURE,1.0,0.4629422375188937448259762761,0.4629422375188937448259762761
2024-01-19 00:00:00+00:00,0,EUPHORIA,0.2320695527004163,False,23,False,BULL_STRUCTURE,BULL_STRUCTURE,1.0,0.4649293462789660832551484121,0.4649293462789660832551484121
2024-01-20 00:00:00+00:00,0,EUPHORIA,7.853582939185468e-07,False,23,False,BULL_STRUCTURE,BULL_STRUCTURE,1.0,0.4651502630453933750136844783,0.4651502630453933750136844783
2024-01-21 00:00:00+00:00,2,BULL,0.9999999955916792,True,3,False,BULL_STRUCTURE,BULL_STRUCTURE,1.0,0.4644589701345749502792644381,0.4644589701345749502792644381
2024-01-22 00:00:00+00:00,2,BULL,0.9972260462120047,True,4,False,BULL_STRUCTURE,BULL_STRUCTURE,1.0,0.4521443664322366854189183039,0.4521443664322366854189183039
2024-01-23 00:00:00+00:00,2,BULL,0.9992609465190806,True,5,False,BULL_STRUCTURE,BULL_STRUCTURE,1.0,0.4541999126955952646217206599,0.4541999126955952646217206599
2024-01-24 00:00:00+00:00,2,BULL,0.9984972855950154,True,6,False,BULL_STRUCTURE,BULL_STRUCTURE,1.0,0.4553610948058121791426683287,0.4553610948058121791426683287
2024-01-25 00:00:00+00:00,2,BULL,0.9999215741195396,True,7,False,BULL_STRUCTURE,BULL_STRUCTURE,1.0,0.4545941206803589664894077326,0.4545941206803589664894077326
2024-01-26 00:00:00+00:00,2,BULL,0.36210913978305176,False,7,False,BULL_STRUCTURE,BULL_STRUCTURE,1.0,0.4659097513574317500010251193,0.4659097513574317500010251193
2024-01-27 00:00:00+00:00,2,BULL,0.9999999952046892,True,8,False,BULL_STRUCTURE,BULL_STRUCTURE,1.0,0.95,0.95
2024-01-28 00:00:00+00:00,2,BULL,0.9999930051120817,True,9,False,BULL_STRUCTURE,BULL_STRUCTURE,1.0,0.9504957133973467850783639685,0.9504957133973467850783639685
2024-01-29 00:00:00+00:00,2,BULL,0.9997512318851459,True,10,False,BULL_STRUCTURE,BULL_STRUCTURE,1.0,0.9518795155166585240675772287,0.9518795155166585240675772287
2024-01-30 00:00:00+00:00,2,BULL,0.27005206689227307,False,10,False,BULL_STRUCTURE,BULL_STRUCTURE,1.0,0.475,0.475
2024-01-31 00:00:00+00:00,2,BULL,0.5316854720788902,True,11,False,BULL_STRUCTURE,BULL_STRUCTURE,1.0,0.4731880422707282302298705232,0.4731880422707282302298705232
2024-02-01 00:00:00+00:00,2,BULL,1.2096650693088683e-06,False,11,False,BULL_STRUCTURE,BULL_STRUCTURE,1.0,0.4761160979786979417287246705,0.4761160979786979417287246705
2024-02-02 00:00:00+00:00,2,BULL,5.047034401691123e-06,False,11,False,BULL_STRUCTURE,BULL_STRUCTURE,1.0,0.4767929436346625105097084339,0.4767929436346625105097084339
2024-02-03 00:00:00+00:00,0,EUPHORIA,0.932043757156339,True,3,False,BULL_STRUCTURE,BULL_STRUCTURE,1.0,0.4756997903805490994366400434,0.4756997903805490994366400434
2024-02-04 00:00:00+00:00,0,EUPHORIA,0.44182312592121425,False,3,False,BULL_STRUCTURE,BULL_STRUCTURE,1.0,0.4732049024549872534485513739,0.4732049024549872534485513739
2024-02-05 00:00:00+00:00,0,EUPHORIA,3.500208232762364e-05,False,3,False,BULL_STRUCTURE,BULL_STRUCTURE,1.0,0.4739404297796983302154550078,0.4739404297796983302154550078
2024-02-06 00:00:00+00:00,3,BEAR,0.9999981924209317,True,3,False,BULL_STRUCTURE,BULL_STRUCTURE,1.0,0.95,0.95
2024-02-07 00:00:00+00:00,3,BEAR,0.9999921819795436,True,4,False,BULL_STRUCTURE,BULL_STRUCTURE,1.0,0.9519117941004837876383255648,0.9519117941004837876383255648
2024-02-08 00:00:00+00:00,3,BEAR,0.9999902167907004,True,5,False,BULL_STRUCTURE,BULL_STRUCTURE,1.0,0.9528618909421701376490756553,0.9528618909421701376490756553
2024-02-09 00:00:00+00:00,3,BEAR,0.9999337202640944,True,6,False,BULL_STRUCTURE,BULL_STRUCTURE,1.0,0.9546225288572423232949851398,0.9546225288572423232949851398
2024-02-10 00:00:00+00:00,3,BEAR,0.9999816733153669,True,7,False,BULL_STRUCTURE,BULL_STRUCTURE,1.0,0.9551837799933074086405360552,0.9551837799933074086405360552
2024-02-11 00:00:00+00:00,3,BEAR,0.9997835610665553,True,8,False,BULL_STRUCTURE,BULL_STRUCTURE,1.0,0.9556705116562636089921909961,0.9556705116562636089921909961
2024-02-12 00:00:00+00:00,3,BEAR,0.999847751738686,True,9,False,BULL_STRUCTURE,BULL_STRUCTURE,1.0,0.9570450583392811364994762567,0.9570450583392811364994762567
2024-02-13 00:00:00+00:00,3,BEAR,0.9997181296528649,True,10,False,BULL_STRUCTURE,BULL_STRUCTURE,1.0,0.9568650346981658236863739830,0.9568650346981658236863739830
2024-02-14 00:00:00+00:00,3,BEAR,0.9996540715037948,True,11,False,BULL_STRUCTURE,BULL_STRUCTURE,1.0,0.9585378720296300152017315673,0.9585378720296300152017315673
2024-02-15 00:00:00+00:00,3,BEAR,0.9995655033499228,True,12,False,BULL_STRUCTURE,BULL_STRUCTURE,1.0,0.9586028610227051293845797769,0.9586028610227051293845797769
2024-02-16 00:00:00+00:00,3,BEAR,0.9992336171272994,True,13,False,BULL_STRUCTURE,BULL_STRUCTURE,1.0,0.9587887442364536987608285945,0.9587887442364536987608285945
2024-02-17 00:00:00+00:00,3,BEAR,0.9999020452253965,True,14,False,BULL_STRUCTURE,BULL_STRUCTURE,1.0,0.9584205027286323504326969825,0.9584205027286323504326969825
2024-02-18 00:00:00+00:00,3,BEAR,0.9995136693101498,True,15,False,BULL_STRUCTURE,BULL_STRUCTURE,1.0,0.9587990208849176622271385369,0.9587990208849176622271385369
2024-02-19 00:00:00+00:00,3,BEAR,0.9999993032008815,True,16,False,BULL_STRUCTURE,BULL_STRUCTURE,1.0,0.9585221822514276482059479574,0.9585221822514276482059479574
2024-02-20 00:00:00+00:00,3,BEAR,0.9999984843459633,True,17,False,BULL_STRUCTURE,BULL_STRUCTURE,1.0,0.9588906092742598669313981624,0.9588906092742598669313981624
2024-02-21 00:00:00+00:00,3,BEAR,0.9999989089366449,True,18,False,BULL_STRUCTURE,BULL_STRUCTURE,1.0,0.9585794339452887228092197175,0.9585794339452887228092197175
2024-02-22 00:00:00+00:00,3,BEAR,0.999998721516839,True,19,False,BULL_STRUCTURE,BULL_STRUCTURE,1.0,0.9581453559760441928773068843,0.9581453559760441928773068843
2024-02-23 00:00:00+00:00,3,BEAR,0.9999966905993651,True,20,False,BULL_STRUCTURE,BULL_STRUCTURE,1.0,0.9577154152900681032900274176,0.9577154152900681032900274176
2024-02-24 00:00:00+00:00,3,BEAR,0.9974950798536022,True,21,False,BULL_STRUCTURE,BULL_STRUCTURE,1.0,0.9583629962472541398695189605,0.9583629962472541398695189605
2024-02-25 00:00:00+00:00,3,BEAR,0.9512369203138604,True,22,False,BULL_STRUCTURE,BULL_STRUCTURE,1.0,0.9584869214096504265874197376,0.9584869214096504265874197376
2024-02-26 00:00:00+00:00,3,BEAR,0.9998307845729937,True,23,False,BULL_STRUCTURE,BULL_STRUCTURE,1.0,0.9604980003469292068544422926,0.9604980003469292068544422926
2024-02-27 00:00:00+00:00,3,BEAR,0.9995376019552268,True,24,False,BULL_STRUCTURE,BULL_STRUCTURE,1.0,0.9622045335741168208662770930,0.9622045335741168208662770930
2024-02-28 00:00:00+00:00,3,BEAR,0.0022057923230983855,False,24,False,BULL_STRUCTURE,BULL_STRUCTURE,1.0,0.475,0.475
2024-02-29 00:00:00+00:00,3,BEAR,2.997970020544138e-08,False,24,False,BULL_STRUCTURE,BULL_STRUCTURE,1.0,0.4700524108630847563020057489,0.4700524108630847563020057489
2024-03-01 00:00:00+00:00,0,EUPHORIA,0.9999999999986358,True,3,False,BULL_STRUCTURE,BULL_STRUCTURE,1.0,0.4751252170655493414743873904,0.4751252170655493414743873904
2024-03-02 00:00:00+00:00,0,EUPHORIA,1.0,True,4,False,BULL_STRUCTURE,BULL_STRUCTURE,1.0,0.4735189302283477626848097827,0.4735189302283477626848097827
2024-03-03 00:00:00+00:00,0,EUPHORIA,0.9999999999949978,True,5,False,BULL_STRUCTURE,BULL_STRUCTURE,1.0,0.4780115544618450058765433386,0.4780115544618450058765433386
2024-03-04 00:00:00+00:00,0,EUPHORIA,1.0,True,6,False,BULL_STRUCTURE,BULL_STRUCTURE,1.0,0.4975404916756969603428314554,0.4975404916756969603428314554
2024-03-05 00:00:00+00:00,0,EUPHORIA,1.0,True,7,False,BULL_STRUCTURE,BULL_STRUCTURE,1.0,0.4804122116263772829916498993,0.4804122116263772829916498993
2024-03-06 00:00:00+00:00,0,EUPHORIA,0.999999999440206,True,8,False,BULL_STRUCTURE,BULL_STRUCTURE,1.0,0.4894573737530040143583108686,0.4894573737530040143583108686
2024-03-07 00:00:00+00:00,0,EUPHORIA,0.9999999103311024,True,9,False,BULL_STRUCTURE,BULL_STRUCTURE,1.0,0.4922749120417139139223344254,0.4922749120417139139223344254
2024-03-08 00:00:00+00:00,0,EUPHORIA,0.9999999745518838,True,10,False,BULL_STRUCTURE,BULL_STRUCTURE,1.0,0.4970949515419766879992094363,0.4970949515419766879992094363
2024-03-09 00:00:00+00:00,0,EUPHORIA,0.9880290466003327,True,11,False,BULL_STRUCTURE,BULL_STRUCTURE,1.0,0.4977878519360003573139693782,0.4977878519360003573139693782
2024-03-10 00:00:00+00:00,0,EUPHORIA,0.08983992378922917,False,11,False,BULL_STRUCTURE,BULL_STRUCTURE,1.0,0.25,0.25
2024-03-11 00:00:00+00:00,0,EUPHORIA,0.0017249966580742248,False,11,False,BULL_STRUCTURE,BULL_STRUCTURE,1.0,0.2584769822050973840170987144,0.2584769822050973840170987144
2024-03-12 00:00:00+00:00,2,BULL,0.9916799446984229,True,3,False,BULL_STRUCTURE,BULL_STRUCTURE,1.0,0.95,0.95
2024-03-13 00:00:00+00:00,2,BULL,0.9996543709473,True,4,False,BULL_STRUCTURE,BULL_STRUCTURE,1.0,0.9518940434131941377217443467,0.9518940434131941377217443467
2024-03-14 00:00:00+00:00,2,BULL,0.9777303354492255,True,5,False,BULL_STRUCTURE,BULL_STRUCTURE,1.0,0.9508154208030398692621506810,0.9508154208030398692621506810
2024-03-15 00:00:00+00:00,2,BULL,0.9967639208321781,True,6,False,BULL_STRUCTURE,BULL_STRUCTURE,1.0,0.9495459762406136837315934573,0.9495459762406136837315934573
2024-03-16 00:00:00+00:00,2,BULL,0.00041106228324802916,False,6,False,BULL_STRUCTURE,BULL_STRUCTURE,1.0,0.475,0.475
2024-03-17 00:00:00+00:00,2,BULL,7.5227766570689e-12,False,6,False,BULL_STRUCTURE,BULL_STRUCTURE,1.0,0.4868423601320106079235844877,0.4868423601320106079235844877
2024-03-18 00:00:00+00:00,0,EUPHORIA,0.9999996397246572,True,3,False,BULL_STRUCTURE,BULL_STRUCTURE,1.0,0.4839643866391578109643546652,0.4839643866391578109643546652
2024-03-19 00:00:00+00:00,0,EUPHORIA,1.0,True,4,False,BULL_STRUCTURE,BULL_STRUCTURE,1.0,0.4621236974447591627213568060,0.4621236974447591627213568060
2024-03-20 00:00:00+00:00,0,EUPHORIA,1.0,True,5,False,BULL_STRUCTURE,BULL_STRUCTURE,1.0,0.4848144959607911828579884865,0.4848144959607911828579884865
2024-03-21 00:00:00+00:00,0,EUPHORIA,0.999999842155388,True,6,False,BULL_STRUCTURE,BULL_STRUCTURE,1.0,0.4760556592895542151657870936,0.4760556592895542151657870936
2024-03-22 00:00:00+00:00,0,EUPHORIA,0.9999999999836291,True,7,False,BULL_STRUCTURE,BULL_STRUCTURE,1.0,0.4694830563285766531993750161,0.4694830563285766531993750161
2024-03-23 00:00:00+00:00,0,EUPHORIA,0.9999999999954525,True,8,False,BULL_STRUCTURE,BULL_STRUCTURE,1.0,0.4702369201514161685232826464,0.4702369201514161685232826464
2024-03-24 00:00:00+00:00,0,EUPHORIA,0.9999998749945085,True,9,False,BULL_STRUCTURE,BULL_STRUCTURE,1.0,0.4824825938209275897942338563,0.4824825938209275897942338563
2024-03-25 00:00:00+00:00,0,EUPHORIA,0.9997736761907603,True,10,False,BULL_STRUCTURE,BULL_STRUCTURE,1.0,0.4922154832212443360167616866,0.4922154832212443360167616866
2024-03-26 00:00:00+00:00,0,EUPHORIA,0.999935964835796,True,11,False,BULL_STRUCTURE,BULL_STRUCTURE,1.0,0.4926014368127496595085075658,0.4926014368127496595085075658
2024-03-27 00:00:00+00:00,0,EUPHORIA,0.9999999892479537,True,12,False,BULL_STRUCTURE,BULL_STRUCTURE,1.0,0.4907447195481077067493028450,0.4907447195481077067493028450
2024-03-28 00:00:00+00:00,0,EUPHORIA,0.999999989621756,True,13,False,BULL_STRUCTURE,BULL_STRUCTURE,1.0,0.4954163134371986939607049065,0.4954163134371986939607049065
2024-03-29 00:00:00+00:00,0,EUPHORIA,0.9986392038351584,True,14,False,BULL_STRUCTURE,BULL_STRUCTURE,1.0,0.4921100561693894898778053679,0.4921100561693894898778053679
2024-03-30 00:00:00+00:00,0,EUPHORIA,0.8084517080959416,True,15,False,BULL_STRUCTURE,BULL_STRUCTURE,1.0,0.4911479970880919960600166104,0.4911479970880919960600166104
2024-03-31 00:00:00+00:00,0,EUPHORIA,0.4468738531044369,False,15,False,BULL_STRUCTURE,BULL_STRUCTURE,1.0,0.4971739580199912448873319626,0.4971739580199912448873319626
2024-04-01 00:00:00+00:00,0,EUPHORIA,0.10135243540255674,False,15,False,BULL_STRUCTURE,BULL_STRUCTURE,1.0,0.4913907552064978975934742104,0.4913907552064978975934742104
2024-04-02 00:00:00+00:00,0,EUPHORIA,0.9973490287214627,True,16,False,BULL_STRUCTURE,BULL_STRUCTURE,1.0,0.4759136598089539729130960063,0.4759136598089539729130960063
2024-04-03 00:00:00+00:00,0,EUPHORIA,0.9997440585025086,True,17,False,BULL_STRUCTURE,BULL_STRUCTURE,1.0,0.4778090903477442987651308515,0.4778090903477442987651308515
2024-04-04 00:00:00+00:00,0,EUPHORIA,0.9999314069207005,True,18,False,BULL_STRUCTURE,BULL_STRUCTURE,1.0,0.4871866234474995971407660988,0.4871866234474995971407660988
2024-04-05 00:00:00+00:00,0,EUPHORIA,0.9836417816581212,True,19,False,BULL_STRUCTURE,BULL_STRUCTURE,1.0,0.4847412562457159750680322555,0.4847412562457159750680322555
2024-04-06 00:00:00+00:00,0,EUPHORIA,0.5207168097839101,True,20,False,BULL_STRUCTURE,BULL_STRUCTURE,1.0,0.4886714164539376558905957760,0.4886714164539376558905957760
2024-04-07 00:00:00+00:00,0,EUPHORIA,0.0383646088302133,False,20,False,BULL_STRUCTURE,BULL_STRUCTURE,1.0,0.4903501342796471107393116279,0.4903501342796471107393116279
2024-04-08 00:00:00+00:00,0,EUPHORIA,0.5365331774885064,True,21,False,BULL_STRUCTURE,BULL_STRUCTURE,1.0,0.4983635440480195503202978623,0.4983635440480195503202978623
2024-04-09 00:00:00+00:00,0,EUPHORIA,0.8568522484910778,True,22,False,BULL_STRUCTURE,BULL_STRUCTURE,1.0,0.4895765102537433962010807176,0.4895765102537433962010807176
2024-04-10 00:00:00+00:00,0,EUPHORIA,0.9826994412374143,True,23,False,BULL_STRUCTURE,BULL_STRUCTURE,1.0,0.4948876937889978125058705782,0.4948876937889978125058705782
2024-04-11 00:00:00+00:00,0,EUPHORIA,0.9893264521649437,True,24,False,BULL_STRUCTURE,BULL_STRUCTURE,1.0,0.4926665325083744672720791844,0.4926665325083744672720791844
2024-04-12 00:00:00+00:00,0,EUPHORIA,0.999988008979969,True,25,False,BULL_STRUCTURE,BULL_STRUCTURE,1.0,0.4821351084454067449966704901,0.4821351084454067449966704901
2024-04-13 00:00:00+00:00,0,EUPHORIA,0.9999999999936335,True,26,False,BULL_STRUCTURE,BULL_STRUCTURE,1.0,0.4699818047809820617079576413,0.4699818047809820617079576413
2024-04-14 00:00:00+00:00,0,EUPHORIA,1.0,True,27,False,BULL_STRUCTURE,BULL_STRUCTURE,1.0,0.4766663918084490538688189714,0.4766663918084490538688189714
2024-04-15 00:00:00+00:00,0,EUPHORIA,0.9999999999599822,True,28,False,BULL_STRUCTURE,BULL_STRUCTURE,1.0,0.4680084883739241421909679811,0.4680084883739241421909679811
2024-04-16 00:00:00+00:00,0,EUPHORIA,1.0,True,29,False,BULL_STRUCTURE,BULL_STRUCTURE,1.0,0.4694703676871675430975280259,0.4694703676871675430975280259
2024-04-17 00:00:00+00:00,0,EUPHORIA,0.9999999997226041,True,30,False,BULL_STRUCTURE,BULL_STRUCTURE,1.0,0.4594617752610180014720912715,0.4594617752610180014720912715
2024-04-18 00:00:00+00:00,0,EUPHORIA,0.9999999409637912,True,31,False,BULL_STRUCTURE,BULL_STRUCTURE,1.0,0.4682050608881745149881281672,0.4682050608881745149881281672
2024-04-19 00:00:00+00:00,0,EUPHORIA,0.9999913958642531,True,32,False,BULL_STRUCTURE,BULL_STRUCTURE,1.0,0.4695664739121321028358572433,0.4695664739121321028358572433
2024-04-20 00:00:00+00:00,0,EUPHORIA,0.9932614863826338,True,33,False,BULL_STRUCTURE,BULL_STRUCTURE,1.0,0.4739118725643030731663580555,0.4739118725643030731663580555
2024-04-21 00:00:00+00:00,0,EUPHORIA,0.9903263307378113,True,34,False,BULL_STRUCTURE,BULL_STRUCTURE,1.0,0.4739140225031749896611603368,0.4739140225031749896611603368
2024-04-22 00:00:00+00:00,0,EUPHORIA,0.9999680631260554,True,35,False,BULL_STRUCTURE,BULL_STRUCTURE,1.0,0.4810271262271207154226488832,0.4810271262271207154226488832
2024-04-23 00:00:00+00:00,0,EUPHORIA,0.8959484290540202,True,36,False,BULL_STRUCTURE,BULL_STRUCTURE,1.0,0.4795084007633097963964625695,0.4795084007633097963964625695
2024-04-24 00:00:00+00:00,0,EUPHORIA,0.9872019733310412,True,37,False,BULL_STRUCTURE,BULL_STRUCTURE,1.0,0.4714006281126123731427722348,0.4714006281126123731427722348
2024-04-25 00:00:00+00:00,0,EUPHORIA,0.44057247665947225,False,37,False,BULL_STRUCTURE,BULL_STRUCTURE,1.0,0.4722084923495083410449201324,0.4722084923495083410449201324
2024-04-26 00:00:00+00:00,0,EUPHORIA,0.001109906876052979,False,37,False,BULL_STRUCTURE,BULL_STRUCTURE,1.0,0.4693790696611428722624905237,0.4693790696611428722624905237
2024-04-27 00:00:00+00:00,2,BULL,0.9999996219094816,True,3,False,BULL_STRUCTURE,BULL_STRUCTURE,1.0,0.4681732832052318953476706290,0.4681732832052318953476706290
2024-04-28 00:00:00+00:00,2,BULL,0.9999998133262299,True,4,False,BULL_STRUCTURE,BULL_STRUCTURE,1.0,0.4668227217765300133725418217,0.4668227217765300133725418217
2024-04-29 00:00:00+00:00,2,BULL,0.999999999998181,True,5,False,BULL_STRUCTURE,BULL_STRUCTURE,1.0,0.4697537068340948682485580208,0.4697537068340948682485580208
2024-04-30 00:00:00+00:00,2,BULL,0.9995950766832664,True,6,False,BULL_STRUCTURE,BULL_STRUCTURE,1.0,0.4569970281255698475204652341,0.4569970281255698475204652341
2024-05-01 00:00:00+00:00,2,BULL,1.4534839485735276e-06,False,6,False,BULL_STRUCTURE,BULL_STRUCTURE,1.0,0.4473943217466183715409655385,0.4473943217466183715409655385
2024-05-02 00:00:00+00:00,2,BULL,5.444795549662082e-22,False,6,False,BULL_STRUCTURE,BULL_STRUCTURE,1.0,0.4503254067356451471700611106,0.4503254067356451471700611106
2024-05-03 00:00:00+00:00,3,BEAR,0.9999999990668584,True,3,False,BULL_STRUCTURE,BULL_STRUCTURE,1.0,0.4658880483769754588370247240,0.4658880483769754588370247240
2024-05-04 00:00:00+00:00,3,BEAR,0.9999999999954525,True,4,False,BULL_STRUCTURE,BULL_STRUCTURE,1.0,0.95,0.95
2024-05-05 00:00:00+00:00,3,BEAR,0.9999999999799911,True,5,False,BULL_STRUCTURE,BULL_STRUCTURE,1.0,0.9506809432428488763245925771,0.9506809432428488763245925771
2024-05-06 00:00:00+00:00,3,BEAR,0.9999999987239789,True,6,False,BULL_STRUCTURE,BULL_STRUCTURE,1.0,0.60,0.60
2024-05-07 00:00:00+00:00,3,BEAR,0.9999999907086021,True,7,False,BULL_STRUCTURE,BULL_STRUCTURE,1.0,0.5970055314564411712685699835,0.5970055314564411712685699835
2024-05-08 00:00:00+00:00,3,BEAR,0.9999999965248207,True,8,False,BULL_STRUCTURE,BULL_STRUCTURE,1.0,0.5926379992802777484939438865,0.5926379992802777484939438865
2024-05-09 00:00:00+00:00,3,BEAR,0.9999985351634493,True,9,False,BULL_STRUCTURE,BULL_STRUCTURE,1.0,0.5999260599226879018756317887,0.5999260599226879018756317887
2024-05-10 00:00:00+00:00,3,BEAR,0.9999999714200389,True,10,False,BULL_STRUCTURE,BULL_STRUCTURE,1.0,0.5910814563868138521901749493,0.5910814563868138521901749493
2024-05-11 00:00:00+00:00,3,BEAR,0.9999999997207851,True,11,False,BULL_STRUCTURE,BULL_STRUCTURE,1.0,0.5911847906196516212531345540,0.5911847906196516212531345540
2024-05-12 00:00:00+00:00,3,BEAR,0.9999999999427018,True,12,False,BULL_STRUCTURE,BULL_STRUCTURE,1.0,0.5937826665778898185955334354,0.5937826665778898185955334354
2024-05-13 00:00:00+00:00,3,BEAR,0.9999999999763531,True,13,False,BULL_STRUCTURE,BULL_STRUCTURE,1.0,0.5994157676352463386897391340,0.5994157676352463386897391340
2024-05-14 00:00:00+00:00,3,BEAR,0.9999999999827196,True,14,False,BULL_STRUCTURE,BULL_STRUCTURE,1.0,0.5941491409023445548942553633,0.5941491409023445548942553633
2024-05-15 00:00:00+00:00,3,BEAR,0.999985755589067,True,15,False,BULL_STRUCTURE,BULL_STRUCTURE,1.0,0.95,0.95
2024-05-16 00:00:00+00:00,3,BEAR,0.9999999597184804,True,16,False,BULL_STRUCTURE,BULL_STRUCTURE,1.0,0.9497157920792794022852581812,0.9497157920792794022852581812
2024-05-17 00:00:00+00:00,3,BEAR,0.9999999748688427,True,17,False,BULL_STRUCTURE,BULL_STRUCTURE,1.0,0.9509920472479834046557986932,0.9509920472479834046557986932
2024-05-18 00:00:00+00:00,3,BEAR,0.9999999999072315,True,18,False,BULL_STRUCTURE,BULL_STRUCTURE,1.0,0.9509162745142554327140210227,0.9509162745142554327140210227
2024-05-19 00:00:00+00:00,3,BEAR,0.9999999999936335,True,19,False,BULL_STRUCTURE,BULL_STRUCTURE,1.0,0.9504649207146451453869876597,0.9504649207146451453869876597
2024-05-20 00:00:00+00:00,3,BEAR,0.9999999973597369,True,20,False,BULL_STRUCTURE,BULL_STRUCTURE,1.0,0.9538857963954338096442972839,0.9538857963954338096442972839
2024-05-21 00:00:00+00:00,3,BEAR,0.9999998629764472,True,21,False,BULL_STRUCTURE,BULL_STRUCTURE,1.0,0.9530723825389025036561720956,0.9530723825389025036561720956
2024-05-22 00:00:00+00:00,3,BEAR,0.9999487538087148,True,22,False,BULL_STRUCTURE,BULL_STRUCTURE,1.0,0.9524379925778719646277050539,0.9524379925778719646277050539
2024-05-23 00:00:00+00:00,3,BEAR,0.9999970810910636,True,23,False,BULL_STRUCTURE,BULL_STRUCTURE,1.0,0.9516409133093556075919182955,0.9516409133093556075919182955
2024-05-24 00:00:00+00:00,3,BEAR,0.999965640935467,True,24,False,BULL_STRUCTURE,BULL_STRUCTURE,1.0,0.9520306794812704941469620549,0.9520306794812704941469620549
2024-05-25 00:00:00+00:00,3,BEAR,0.9999999861511243,True,25,False,BULL_STRUCTURE,BULL_STRUCTURE,1.0,0.9525190338475060751810873682,0.9525190338475060751810873682
2024-05-26 00:00:00+00:00,3,BEAR,0.9999999972960723,True,26,False,BULL_STRUCTURE,BULL_STRUCTURE,1.0,0.9520024691553615659965596661,0.9520024691553615659965596661
2024-05-27 00:00:00+00:00,3,BEAR,0.9999999966321411,True,27,False,BULL_STRUCTURE,BULL_STRUCTURE,1.0,0.9526140473557542717303975942,0.9526140473557542717303975942
2024-05-28 00:00:00+00:00,3,BEAR,0.9999995733661309,True,28,False,BULL_STRUCTURE,BULL_STRUCTURE,1.0,0.9519294698923658772247591143,0.9519294698923658772247591143
2024-05-29 00:00:00+00:00,3,BEAR,0.9999939485052277,True,29,False,BULL_STRUCTURE,BULL_STRUCTURE,1.0,0.9514251668684245052290531052,0.9514251668684245052290531052
2024-05-30 00:00:00+00:00,3,BEAR,0.9999999696428863,True,30,False,BULL_STRUCTURE,BULL_STRUCTURE,1.0,0.9518985279764949110254755790,0.9518985279764949110254755790
2024-05-31 00:00:00+00:00,3,BEAR,0.9999999998999556,True,31,False,BULL_STRUCTURE,BULL_STRUCTURE,1.0,0.9513482547682610554637994008,0.9513482547682610554637994008
2024-06-01 00:00:00+00:00,3,BEAR,0.9999999999899956,True,32,False,BULL_STRUCTURE,BULL_STRUCTURE,1.0,0.9515032117049000912996719790,0.9515032117049000912996719790
2024-06-02 00:00:00+00:00,3,BEAR,1.0,True,33,False,BULL_STRUCTURE,BULL_STRUCTURE,1.0,0.9515023809494326360494278529,0.9515023809494326360494278529
2024-06-03 00:00:00+00:00,3,BEAR,0.99287385049806,True,1,False,BULL_STRUCTURE,BULL_STRUCTURE,1.0,0.9522032097387292640133310940,0.9522032097387292640133310940
2024-06-04 00:00:00+00:00,3,BEAR,0.9955061862343666,True,2,False,BULL_STRUCTURE,BULL_STRUCTURE,1.0,0.9533194139892418066529345696,0.9533194139892418066529345696
2024-06-05 00:00:00+00:00,3,BEAR,0.9941829473501963,True,3,False,BULL_STRUCTURE,BULL_STRUCTURE,1.0,0.9536763707432288846677278761,0.9536763707432288846677278761
2024-06-06 00:00:00+00:00,3,BEAR,0.9803757494402433,True,4,False,BULL_STRUCTURE,BULL_STRUCTURE,1.0,0.9534836349075544396903677573,0.9534836349075544396903677573
2024-06-07 00:00:00+00:00,3,BEAR,0.7762184183236279,True,5,False,BULL_STRUCTURE,BULL_STRUCTURE,1.0,0.9525614415521156507412271685,0.9525614415521156507412271685
2024-06-08 00:00:00+00:00,3,BEAR,0.9463546866675041,True,6,False,BULL_STRUCTURE,BULL_STRUCTURE,1.0,0.9525320126651278687723202414,0.9525320126651278687723202414
2024-06-09 00:00:00+00:00,3,BEAR,0.8144480442997498,True,7,False,BULL_STRUCTURE,BULL_STRUCTURE,1.0,0.9527512811297658721409656759,0.9527512811297658721409656759
2024-06-10 00:00:00+00:00,3,BEAR,0.97239292344171,True,8,False,BULL_STRUCTURE,BULL_STRUCTURE,1.0,0.9526812825306047445058490669,0.9526812825306047445058490669
2024-06-11 00:00:00+00:00,3,BEAR,0.6303953823186942,True,9,False,BULL_STRUCTURE,BULL_STRUCTURE,1.0,0.9511930423823357781477894578,0.9511930423823357781477894578
2024-06-12 00:00:00+00:00,3,BEAR,0.9655878776192564,True,10,False,BULL_STRUCTURE,BULL_STRUCTURE,1.0,0.9518393853695739017755566967,0.9518393853695739017755566967
2024-06-13 00:00:00+00:00,3,BEAR,0.9736104318217507,True,11,False,BULL_STRUCTURE,BULL_STRUCTURE,1.0,0.9508168937096870990269668818,0.9508168937096870990269668818
2024-06-14 00:00:00+00:00,3,BEAR,0.9253538580336363,True,12,False,BULL_STRUCTURE,BULL_STRUCTURE,1.0,0.9503009726356404481484259183,0.9503009726356404481484259183
2024-06-15 00:00:00+00:00,3,BEAR,0.2389124896659282,False,12,False,BULL_STRUCTURE,BULL_STRUCTURE,1.0,0.475,0.475
2024-06-16 00:00:00+00:00,3,BEAR,0.9274790476627106,True,13,False,BULL_STRUCTURE,BULL_STRUCTURE,1.0,0.95,0.95
2024-06-17 00:00:00+00:00,3,BEAR,0.9998106075299443,True,14,False,BULL_STRUCTURE,BULL_STRUCTURE,1.0,0.9504622387175963829979264442,0.9504622387175963829979264442
2024-06-18 00:00:00+00:00,3,BEAR,0.9998266241424277,True,15,False,BULL_STRUCTURE,BULL_STRUCTURE,1.0,0.9495031079049151763197548103,0.9495031079049151763197548103
2024-06-19 00:00:00+00:00,3,BEAR,0.9999816856769924,True,16,False,BULL_STRUCTURE,BULL_STRUCTURE,1.0,0.9493548427304123468239509788,0.9493548427304123468239509788
2024-06-20 00:00:00+00:00,3,BEAR,0.9999934771402795,True,17,False,BULL_STRUCTURE,BULL_STRUCTURE,1.0,0.9492774848492384432010067809,0.9492774848492384432010067809
2024-06-21 00:00:00+00:00,3,BEAR,0.9999933702166928,True,18,False,BULL_STRUCTURE,BULL_STRUCTURE,1.0,0.9487324989449488868432679632,0.9487324989449488868432679632
2024-06-22 00:00:00+00:00,3,BEAR,0.9981651892791382,True,19,False,BULL_STRUCTURE,BULL_STRUCTURE,1.0,0.9488221608017262202884889550,0.9488221608017262202884889550
2024-06-23 00:00:00+00:00,3,BEAR,0.9989054948839238,True,20,False,BULL_STRUCTURE,BULL_STRUCTURE,1.0,0.9480146898772530443970638923,0.9480146898772530443970638923
2024-06-24 00:00:00+00:00,3,BEAR,0.00023125866891133415,False,20,False,BULL_STRUCTURE,BULL_STRUCTURE,1.0,0.475,0.475
2024-06-25 00:00:00+00:00,3,BEAR,4.0922270159591494e-06,False,20,False,BULL_STRUCTURE,BULL_STRUCTURE,1.0,0.4814738560227668733754172105,0.4814738560227668733754172105
2024-06-26 00:00:00+00:00,0,BULL,0.9987924802698943,True,3,False,BULL_STRUCTURE,BULL_STRUCTURE,1.0,0.4776446662563997887067356172,0.4776446662563997887067356172
2024-06-27 00:00:00+00:00,0,BULL,0.9998742045448477,True,4,False,BULL_STRUCTURE,BULL_STRUCTURE,1.0,0.4810714660127068296969238455,0.4810714660127068296969238455
2024-06-28 00:00:00+00:00,0,BULL,0.999449565320673,True,5,False,BULL_STRUCTURE,BULL_STRUCTURE,1.0,0.4758465145136629600092245750,0.4758465145136629600092245750
2024-06-29 00:00:00+00:00,0,BULL,0.7546886276946435,True,6,False,BULL_STRUCTURE,BULL_STRUCTURE,1.0,0.4781430269245957203379861969,0.4781430269245957203379861969
2024-06-30 00:00:00+00:00,0,BULL,0.8094937878858631,True,7,False,BULL_STRUCTURE,BULL_STRUCTURE,1.0,0.4853467344233299183954497264,0.4853467344233299183954497264
2024-07-01 00:00:00+00:00,0,BULL,0.39981122119510704,False,7,False,BULL_STRUCTURE,BULL_STRUCTURE,1.0,0.4858554949182216813107526506,0.4858554949182216813107526506
2024-07-02 00:00:00+00:00,0,BULL,0.021297266084970828,False,7,False,BULL_STRUCTURE,BULL_STRUCTURE,1.0,0.4828012570728480847628588716,0.4828012570728480847628588716
2024-07-03 00:00:00+00:00,3,BEAR,0.9596946120688403,True,3,False,BULL_STRUCTURE,BULL_STRUCTURE,1.0,0.95,0.95
2024-07-04 00:00:00+00:00,3,BEAR,1.3205776298309086e-05,False,3,False,TRANSITION,BULL_STRUCTURE,0.6,0.475,0.475
2024-07-05 00:00:00+00:00,3,BEAR,6.310166587908852e-08,False,3,False,TRANSITION,BULL_STRUCTURE,0.6,0.4734431468937189391912699655,0.4734431468937189391912699655
2024-07-06 00:00:00+00:00,0,BULL,0.9999995999729326,True,3,False,TRANSITION,BULL_STRUCTURE,0.6,0.4803995323396105350317006989,0.4803995323396105350317006989
2024-07-07 00:00:00+00:00,0,BULL,0.9998756619251306,True,4,False,TRANSITION,BULL_STRUCTURE,0.6,0.4700270722640114830786799749,0.4700270722640114830786799749
2024-07-08 00:00:00+00:00,0,BULL,0.998624703068265,True,5,False,TRANSITION,TRANSITION,0.6,0.4738207220454831381538937112,0.4738207220454831381538937112
2024-07-09 00:00:00+00:00,0,BULL,0.000698940757245004,False,5,False,TRANSITION,TRANSITION,0.6,0.4796262176268198060899641833,0.4796262176268198060899641833
2024-07-10 00:00:00+00:00,0,BULL,6.90858731612674e-08,False,5,False,TRANSITION,TRANSITION,0.6,0.4782287980533065054234160576,0.4782287980533065054234160576
2024-07-11 00:00:00+00:00,3,BEAR,0.9999999980427674,True,3,False,TRANSITION,TRANSITION,0.6,0.95,0.6
2024-07-12 00:00:00+00:00,3,BEAR,0.9999999999722604,True,4,False,TRANSITION,TRANSITION,0.6,0.95,0.6
2024-07-13 00:00:00+00:00,3,BEAR,0.9999999730116546,True,5,False,TRANSITION,TRANSITION,0.6,0.95,0.6
2024-07-14 00:00:00+00:00,3,BEAR,0.9999991452767987,True,6,False,BULL_STRUCTURE,TRANSITION,0.6,0.95,0.6
2024-07-15 00:00:00+00:00,3,BEAR,3.733793792184748e-07,False,6,False,BULL_STRUCTURE,TRANSITION,0.6,0.6149240407306873715316561266,0.6
2024-07-16 00:00:00+00:00,3,BEAR,5.4241966948982305e-09,False,6,False,BULL_STRUCTURE,TRANSITION,0.6,0.6011934526355934345626132094,0.6
2024-07-17 00:00:00+00:00,0,BULL,0.9999997815589506,True,3,False,BULL_STRUCTURE,TRANSITION,0.6,0.95,0.6
2024-07-18 00:00:00+00:00,0,BULL,0.999813305056364,True,4,False,BULL_STRUCTURE,BULL_STRUCTURE,1.0,0.95,0.95
2024-07-19 00:00:00+00:00,0,BULL,0.9999982907976174,True,5,False,BULL_STRUCTURE,BULL_STRUCTURE,1.0,0.9523242737891202638688515579,0.9523242737891202638688515579
2024-07-20 00:00:00+00:00,0,BULL,0.7674791855131966,True,6,False,BULL_STRUCTURE,BULL_STRUCTURE,1.0,0.9526489527728665266512911793,0.9526489527728665266512911793
2024-07-21 00:00:00+00:00,0,BULL,0.8008097116907854,True,7,False,BULL_STRUCTURE,BULL_STRUCTURE,1.0,0.9533279893510272481366210314,0.9533279893510272481366210314
2024-07-22 00:00:00+00:00,0,BULL,0.9897488908637728,True,8,False,BULL_STRUCTURE,BULL_STRUCTURE,1.0,0.9529108999153298791585021480,0.9529108999153298791585021480
2024-07-23 00:00:00+00:00,0,BULL,0.9981177711091777,True,9,False,BULL_STRUCTURE,BULL_STRUCTURE,1.0,0.9518260037348499431635423132,0.9518260037348499431635423132
2024-07-24 00:00:00+00:00,0,BULL,0.053296013529931074,False,9,False,BULL_STRUCTURE,BULL_STRUCTURE,1.0,0.475,0.475
2024-07-25 00:00:00+00:00,0,BULL,0.0004368632905815169,False,9,False,BULL_STRUCTURE,BULL_STRUCTURE,1.0,0.4769052875525411626397086242,0.4769052875525411626397086242
2024-07-26 00:00:00+00:00,3,BEAR,0.7931876661089952,True,3,False,BULL_STRUCTURE,BULL_STRUCTURE,1.0,0.95,0.95
2024-07-27 00:00:00+00:00,3,BEAR,0.8905010715860121,True,4,False,BULL_STRUCTURE,BULL_STRUCTURE,1.0,0.9505662262225733422014879785,0.9505662262225733422014879785
2024-07-28 00:00:00+00:00,3,BEAR,0.7459785265538623,True,5,False,BULL_STRUCTURE,BULL_STRUCTURE,1.0,0.9508095908159652659613367189,0.9508095908159652659613367189
2024-07-29 00:00:00+00:00,3,BEAR,0.159104092563554,False,5,False,BULL_STRUCTURE,BULL_STRUCTURE,1.0,0.475,0.475
2024-07-30 00:00:00+00:00,3,BEAR,0.47504494787745494,False,5,False,BULL_STRUCTURE,BULL_STRUCTURE,1.0,0.4730547222564338886846335288,0.4730547222564338886846335288
2024-07-31 00:00:00+00:00,3,BEAR,0.9668530242887245,True,6,False,BULL_STRUCTURE,BULL_STRUCTURE,1.0,0.95,0.95
2024-08-01 00:00:00+00:00,3,BEAR,0.9960856017673494,True,7,False,BULL_STRUCTURE,BULL_STRUCTURE,1.0,0.9511182353073153014802739671,0.9511182353073153014802739671
2024-08-02 00:00:00+00:00,3,BEAR,3.1250753525447763e-06,False,7,False,BULL_STRUCTURE,BULL_STRUCTURE,1.0,0.475,0.475
2024-08-03 00:00:00+00:00,3,BEAR,3.802825242875418e-05,False,7,False,BULL_STRUCTURE,BULL_STRUCTURE,1.0,0.4720261248990311511365616112,0.4720261248990311511365616112
2024-08-04 00:00:00+00:00,0,BULL,0.9999999913384272,True,3,False,TRANSITION,BULL_STRUCTURE,0.6,0.4613999522187611057998113852,0.4613999522187611057998113852
2024-08-05 00:00:00+00:00,0,BULL,1.0,True,4,False,TRANSITION,BULL_STRUCTURE,0.6,0.4430998711159902999815305485,0.4430998711159902999815305485
2024-08-06 00:00:00+00:00,0,BULL,1.0,True,5,False,TRANSITION,BULL_STRUCTURE,0.6,0.4521027221721839376647765397,0.4521027221721839376647765397
2024-08-07 00:00:00+00:00,0,BULL,0.9999994818005212,True,6,False,TRANSITION,BULL_STRUCTURE,0.6,0.4481486907934001235984968823,0.4481486907934001235984968823
2024-08-08 00:00:00+00:00,0,BULL,0.9999999995620783,True,7,False,TRANSITION,TRANSITION,0.6,0.4760517843799544799915489776,0.4760517843799544799915489776
2024-08-09 00:00:00+00:00,0,BULL,0.9999996691022354,True,8,False,TRANSITION,TRANSITION,0.6,0.4726003201862057233646368295,0.4726003201862057233646368295
2024-08-10 00:00:00+00:00,0,BULL,0.9999986020198544,True,9,False,TRANSITION,TRANSITION,0.6,0.4729504574127364547949737043,0.4729504574127364547949737043
2024-08-11 00:00:00+00:00,0,BULL,0.9999999994497557,True,10,False,TRANSITION,TRANSITION,0.6,0.4637465150742044482273493051,0.4637465150742044482273493051
2024-08-12 00:00:00+00:00,0,BULL,0.9999999994242899,True,11,False,TRANSITION,TRANSITION,0.6,0.4664187429668051888375087775,0.4664187429668051888375087775
2024-08-13 00:00:00+00:00,0,BULL,0.9999650844308428,True,12,False,TRANSITION,TRANSITION,0.6,0.4715706387408556960432546893,0.4715706387408556960432546893
2024-08-14 00:00:00+00:00,0,BULL,0.9999976281738715,True,13,False,TRANSITION,TRANSITION,0.6,0.4636228057097422828644397245,0.4636228057097422828644397245
2024-08-15 00:00:00+00:00,0,BULL,0.9999995422195891,True,14,False,TRANSITION,TRANSITION,0.6,0.4587379838532857915505094957,0.4587379838532857915505094957
2024-08-16 00:00:00+00:00,0,BULL,0.9999996203215044,True,15,False,TRANSITION,TRANSITION,0.6,0.4644318549159511845131796747,0.4644318549159511845131796747
2024-08-17 00:00:00+00:00,0,BULL,0.9999975697512554,True,16,False,TRANSITION,TRANSITION,0.6,0.4670275779968078849771790439,0.4670275779968078849771790439
2024-08-18 00:00:00+00:00,0,BULL,0.9999985908326304,True,17,False,TRANSITION,TRANSITION,0.6,0.4625356115539264360151535093,0.4625356115539264360151535093
2024-08-19 00:00:00+00:00,0,BULL,0.9999992618434586,True,18,False,TRANSITION,TRANSITION,0.6,0.4668036833197215622029886439,0.4668036833197215622029886439
2024-08-20 00:00:00+00:00,0,BULL,0.9999998493340285,True,19,False,TRANSITION,TRANSITION,0.6,0.4650193055485932075144075102,0.4650193055485932075144075102
2024-08-21 00:00:00+00:00,0,BULL,0.9999999914748514,True,20,False,TRANSITION,TRANSITION,0.6,0.4739000980013185996131049157,0.4739000980013185996131049157
2024-08-22 00:00:00+00:00,0,BULL,0.9999994079295836,True,21,False,TRANSITION,TRANSITION,0.6,0.4707001000159641236517606762,0.4707001000159641236517606762
2024-08-23 00:00:00+00:00,0,BULL,1.0,True,22,False,TRANSITION,TRANSITION,0.6,0.95,0.6
2024-08-24 00:00:00+00:00,0,BULL,0.9999999999727152,True,23,False,TRANSITION,TRANSITION,0.6,0.95,0.6
2024-08-25 00:00:00+00:00,0,BULL,0.999999986965122,True,24,False,TRANSITION,TRANSITION,0.6,0.95,0.6
2024-08-26 00:00:00+00:00,0,BULL,0.9999996629217662,True,25,False,TRANSITION,TRANSITION,0.6,0.95,0.6
2024-08-27 00:00:00+00:00,0,BULL,0.9999999999990905,True,26,False,TRANSITION,TRANSITION,0.6,0.5865027899843839244981591019,0.5865027899843839244981591019
2024-08-28 00:00:00+00:00,0,BULL,0.998943631758281,True,27,False,TRANSITION,TRANSITION,0.6,0.5849454730522456166396390215,0.5849454730522456166396390215
2024-08-29 00:00:00+00:00,0,BULL,0.9988570081131772,True,28,False,TRANSITION,TRANSITION,0.6,0.5862741263351198314156500429,0.5862741263351198314156500429
2024-08-30 00:00:00+00:00,0,BULL,0.9977229956308163,True,29,False,TRANSITION,TRANSITION,0.6,0.5853115374256159678149897490,0.5853115374256159678149897490
2024-08-31 00:00:00+00:00,0,BULL,0.9930497165749872,True,30,False,TRANSITION,TRANSITION,0.6,0.5846948260622802907602924217,0.5846948260622802907602924217
2024-09-01 00:00:00+00:00,0,BULL,0.029960324455045484,False,30,False,TRANSITION,TRANSITION,0.6,0.30,0.30
2024-09-02 00:00:00+00:00,0,BULL,0.04111102702168046,False,30,False,TRANSITION,TRANSITION,0.6,0.3067523245581567649847545500,0.3067523245581567649847545500
2024-09-03 00:00:00+00:00,3,BEAR,0.9261842325689712,True,3,False,TRANSITION,TRANSITION,0.6,0.95,0.6
2024-09-04 00:00:00+00:00,3,BEAR,0.9641959653512706,True,4,False,TRANSITION,TRANSITION,0.6,0.95,0.6
2024-09-05 00:00:00+00:00,3,BEAR,0.5394110279883176,True,5,False,TRANSITION,TRANSITION,0.6,0.5924471944158673189515933480,0.5924471944158673189515933480
2024-09-06 00:00:00+00:00,3,BEAR,0.0001128227298629295,False,5,False,TRANSITION,TRANSITION,0.6,0.5826906138489092420961968254,0.5826906138489092420961968254
2024-09-07 00:00:00+00:00,3,BEAR,0.003266347927680038,False,5,False,TRANSITION,TRANSITION,0.6,0.5835804236081659079296726059,0.5835804236081659079296726059
2024-09-08 00:00:00+00:00,0,BULL,0.943145945194043,True,3,False,TRANSITION,TRANSITION,0.6,0.5867379143591675535519987002,0.5867379143591675535519987002
2024-09-09 00:00:00+00:00,0,BULL,0.9999272012834413,True,4,False,TRANSITION,TRANSITION,0.6,0.5961185720778108770470700107,0.5961185720778108770470700107
2024-09-10 00:00:00+00:00,0,BULL,0.8286596174176974,True,5,False,TRANSITION,TRANSITION,0.6,0.5986102010535625109776243827,0.5986102010535625109776243827
2024-09-11 00:00:00+00:00,0,BULL,0.8947636433915054,True,6,False,TRANSITION,TRANSITION,0.6,0.5973640675392115984900342437,0.5973640675392115984900342437
2024-09-12 00:00:00+00:00,0,BULL,0.13628119091108645,False,6,False,TRANSITION,TRANSITION,0.6,0.30,0.30
2024-09-13 00:00:00+00:00,0,BULL,0.893040254145024,True,7,False,TRANSITION,TRANSITION,0.6,0.95,0.6
2024-09-14 00:00:00+00:00,0,BULL,0.7889257627335944,True,8,False,TRANSITION,TRANSITION,0.6,0.95,0.6
2024-09-15 00:00:00+00:00,0,BULL,0.4647656612917412,False,8,False,TRANSITION,TRANSITION,0.6,0.30,0.30
2024-09-16 00:00:00+00:00,0,BULL,0.12599230866977243,False,8,False,TRANSITION,TRANSITION,0.6,0.2968391342741429096106775257,0.2968391342741429096106775257
2024-09-17 00:00:00+00:00,3,BEAR,0.8496898087278151,True,3,False,TRANSITION,TRANSITION,0.6,0.95,0.6
2024-09-18 00:00:00+00:00,3,BEAR,0.9692722769925393,True,4,False,TRANSITION,TRANSITION,0.6,0.95,0.6
2024-09-19 00:00:00+00:00,3,BEAR,0.9926004215208954,True,5,False,TRANSITION,TRANSITION,0.6,0.95,0.6
2024-09-20 00:00:00+00:00,3,BEAR,0.9787818195002161,True,6,False,TRANSITION,TRANSITION,0.6,0.95,0.6
2024-09-21 00:00:00+00:00,3,BEAR,0.5164250094771137,True,7,False,TRANSITION,TRANSITION,0.6,0.6005603711330219586321112356,0.6
2024-09-22 00:00:00+00:00,3,BEAR,0.9837860365117983,True,8,False,TRANSITION,TRANSITION,0.6,0.95,0.6
2024-09-23 00:00:00+00:00,3,BEAR,0.9999330397259093,True,9,False,TRANSITION,TRANSITION,0.6,0.95,0.6
2024-09-24 00:00:00+00:00,3,BEAR,0.9999982489022712,True,10,False,TRANSITION,TRANSITION,0.6,0.95,0.6
2024-09-25 00:00:00+00:00,3,BEAR,0.999991068630019,True,11,False,TRANSITION,TRANSITION,0.6,0.95,0.6
2024-09-26 00:00:00+00:00,3,BEAR,0.9996180459008592,True,12,False,BULL_STRUCTURE,TRANSITION,0.6,0.95,0.6
2024-09-27 00:00:00+00:00,3,BEAR,0.9997868570189147,True,13,False,BULL_STRUCTURE,TRANSITION,0.6,0.95,0.6
2024-09-28 00:00:00+00:00,3,BEAR,0.9326127597573541,True,14,False,BULL_STRUCTURE,TRANSITION,0.6,0.95,0.6
2024-09-29 00:00:00+00:00,3,BEAR,0.5433331671290252,True,15,False,BULL_STRUCTURE,TRANSITION,0.6,0.5990651269130569349615923729,0.5990651269130569349615923729
2024-09-30 00:00:00+00:00,3,BEAR,0.032587910684873704,False,15,False,BULL_STRUCTURE,BULL_STRUCTURE,1.0,0.5905612592840194664703227328,0.5905612592840194664703227328
2024-10-01 00:00:00+00:00,3,BEAR,0.0010647797280963782,False,15,False,BEAR_STRUCTURE,BULL_STRUCTURE,0.3,0.5807005385275054945390768263,0.3
2024-10-02 00:00:00+00:00,0,BULL,0.9705949544972654,True,3,False,BEAR_STRUCTURE,BULL_STRUCTURE,0.3,0.60,0.3
2024-10-03 00:00:00+00:00,0,BULL,0.98330161051844,True,4,False,BEAR_STRUCTURE,BULL_STRUCTURE,0.3,0.60,0.3
2024-10-04 00:00:00+00:00,0,BULL,0.9988733652270316,True,5,False,BEAR_STRUCTURE,BULL_STRUCTURE,0.3,0.95,0.3
2024-10-05 00:00:00+00:00,0,BULL,0.8636947901709379,True,6,False,BEAR_STRUCTURE,BEAR_STRUCTURE,0.3,0.95,0.3
2024-10-06 00:00:00+00:00,0,BULL,0.022427479952501765,False,6,False,BEAR_STRUCTURE,BEAR_STRUCTURE,0.3,0.3024750734468994821897722554,0.3
2024-10-07 00:00:00+00:00,0,BULL,0.00036359141405014077,False,6,False,BEAR_STRUCTURE,BEAR_STRUCTURE,0.3,0.2980028726392417234341163351,0.2980028726392417234341163351
2024-10-08 00:00:00+00:00,3,BEAR,0.9999882203349307,True,3,False,BEAR_STRUCTURE,BEAR_STRUCTURE,0.3,0.95,0.3
2024-10-09 00:00:00+00:00,3,BEAR,0.9999739642559361,True,4,False,BEAR_STRUCTURE,BEAR_STRUCTURE,0.3,0.95,0.3
2024-10-10 00:00:00+00:00,3,BEAR,0.9999933634128081,True,5,False,BEAR_STRUCTURE,BEAR_STRUCTURE,0.3,0.95,0.3
2024-10-11 00:00:00+00:00,3,BEAR,0.9932309584395508,True,6,False,BEAR_STRUCTURE,BEAR_STRUCTURE,0.3,0.95,0.3
2024-10-12 00:00:00+00:00,3,BEAR,0.9997291598277026,True,7,False,BEAR_STRUCTURE,BEAR_STRUCTURE,0.3,0.95,0.3
2024-10-13 00:00:00+00:00,3,BEAR,0.9998310708880793,True,8,False,BEAR_STRUCTURE,BEAR_STRUCTURE,0.3,0.95,0.3
2024-10-14 00:00:00+00:00,3,BEAR,0.22271750925621037,False,8,False,TRANSITION,BEAR_STRUCTURE,0.3,0.3105730437469854553946344495,0.3
2024-10-15 00:00:00+00:00,3,BEAR,5.5596520943613836e-05,False,8,False,TRANSITION,BEAR_STRUCTURE,0.3,0.3031355513942249090203868585,0.3
2024-10-16 00:00:00+00:00,0,BULL,0.9568692993898078,True,3,False,TRANSITION,BEAR_STRUCTURE,0.3,0.95,0.3
2024-10-17 00:00:00+00:00,0,BULL,0.7640813731068691,True,4,False,TRANSITION,BEAR_STRUCTURE,0.3,0.95,0.3
2024-10-18 00:00:00+00:00,0,BULL,0.834264956827778,True,5,False,TRANSITION,TRANSITION,0.6,0.95,0.6
2024-10-19 00:00:00+00:00,0,BULL,0.02198439895704267,False,5,False,TRANSITION,TRANSITION,0.6,0.6000556201998080797631283868,0.6
2024-10-20 00:00:00+00:00,0,BULL,8.213855328170114e-05,False,5,False,TRANSITION,TRANSITION,0.6,0.6023378557785292691453589752,0.6
2024-10-21 00:00:00+00:00,3,BEAR,0.999509622503014,True,3,False,TRANSITION,TRANSITION,0.6,0.95,0.6
2024-10-22 00:00:00+00:00,3,BEAR,0.9999668609614245,True,4,False,TRANSITION,TRANSITION,0.6,0.95,0.6
2024-10-23 00:00:00+00:00,3,BEAR,0.9999839226457908,True,5,False,TRANSITION,TRANSITION,0.6,0.95,0.6
2024-10-24 00:00:00+00:00,3,BEAR,0.9993915010593154,True,6,False,TRANSITION,TRANSITION,0.6,0.95,0.6
2024-10-25 00:00:00+00:00,3,BEAR,0.9882943809371475,True,7,False,TRANSITION,TRANSITION,0.6,0.95,0.6
2024-10-26 00:00:00+00:00,3,BEAR,0.999807241550346,True,8,False,TRANSITION,TRANSITION,0.6,0.95,0.6
2024-10-27 00:00:00+00:00,3,BEAR,0.9996746140401124,True,9,False,TRANSITION,TRANSITION,0.6,0.95,0.6
2024-10-28 00:00:00+00:00,3,BEAR,0.9892655137154741,True,10,False,TRANSITION,TRANSITION,0.6,0.95,0.6
2024-10-29 00:00:00+00:00,3,BEAR,0.36304432018035176,False,10,False,TRANSITION,TRANSITION,0.6,0.6093007324561271639266874908,0.6
2024-10-30 00:00:00+00:00,3,BEAR,0.06822213888628542,False,10,False,TRANSITION,TRANSITION,0.6,0.5987100540410529444111222122,0.5987100540410529444111222122
2024-10-31 00:00:00+00:00,0,BULL,0.9954577804819226,True,3,False,TRANSITION,TRANSITION,0.6,0.95,0.6
2024-11-01 00:00:00+00:00,0,BULL,0.8516549611015326,True,4,False,TRANSITION,TRANSITION,0.6,0.95,0.6
2024-11-02 00:00:00+00:00,0,BULL,0.156231335039321,False,4,False,TRANSITION,TRANSITION,0.6,0.5995828503114741226770082816,0.5995828503114741226770082816
2024-11-03 00:00:00+00:00,0,BULL,0.0001591294907615281,False,4,False,TRANSITION,TRANSITION,0.6,0.5974999942851989548116412056,0.5974999942851989548116412056
2024-11-04 00:00:00+00:00,3,BEAR,0.9996792309793772,True,3,False,TRANSITION,TRANSITION,0.6,0.95,0.6
2024-11-05 00:00:00+00:00,3,BEAR,0.9990607136840745,True,4,False,TRANSITION,TRANSITION,0.6,0.95,0.6
2024-11-06 00:00:00+00:00,3,BEAR,8.750870278725342e-18,False,4,False,BULL_STRUCTURE,TRANSITION,0.6,0.6203611607430445676573140908,0.6
2024-11-07 00:00:00+00:00,3,BEAR,1.991190636570204e-09,False,4,False,BULL_STRUCTURE,TRANSITION,0.6,0.6009208612211319318125700295,0.6
2024-11-08 00:00:00+00:00,0,BULL,0.9999989482117673,True,3,False,BULL_STRUCTURE,TRANSITION,0.6,0.95,0.6
2024-11-09 00:00:00+00:00,0,BULL,0.9999929918067221,True,4,False,BULL_STRUCTURE,TRANSITION,0.6,0.95,0.6
2024-11-10 00:00:00+00:00,0,BULL,0.9999964645675132,True,5,False,BULL_STRUCTURE,BULL_STRUCTURE,1.0,0.95,0.95
2024-11-11 00:00:00+00:00,0,BULL,0.999855272817761,True,6,False,BULL_STRUCTURE,BULL_STRUCTURE,1.0,0.9548377684287816662926499599,0.9548377684287816662926499599
2024-11-12 00:00:00+00:00,0,BULL,0.12940992175617005,False,6,False,BULL_STRUCTURE,BULL_STRUCTURE,1.0,0.475,0.475
2024-11-13 00:00:00+00:00,0,BULL,5.157719028929835e-06,False,6,False,BULL_STRUCTURE,BULL_STRUCTURE,1.0,0.4820764961339657169956574414,0.4820764961339657169956574414
2024-11-14 00:00:00+00:00,2,EUPHORIA,1.0,True,3,False,BULL_STRUCTURE,BULL_STRUCTURE,1.0,0.95,0.95
2024-11-15 00:00:00+00:00,2,EUPHORIA,1.0,True,4,False,BULL_STRUCTURE,BULL_STRUCTURE,1.0,0.9525036580169731874921566145,0.9525036580169731874921566145
2024-11-16 00:00:00+00:00,2,EUPHORIA,1.0,True,5,False,BULL_STRUCTURE,BULL_STRUCTURE,1.0,0.9522813954393499325925875345,0.9522813954393499325925875345
2024-11-17 00:00:00+00:00,2,EUPHORIA,1.0,True,6,False,BULL_STRUCTURE,BULL_STRUCTURE,1.0,0.9519118964598230033263448917,0.9519118964598230033263448917
2024-11-18 00:00:00+00:00,2,EUPHORIA,1.0,True,7,False,BULL_STRUCTURE,BULL_STRUCTURE,1.0,0.9522196949608896675302901862,0.9522196949608896675302901862
2024-11-19 00:00:00+00:00,2,EUPHORIA,1.0,True,8,False,BULL_STRUCTURE,BULL_STRUCTURE,1.0,0.9531307563365783647134949594,0.9531307563365783647134949594
2024-11-20 00:00:00+00:00,2,EUPHORIA,1.0,True,9,False,BULL_STRUCTURE,BULL_STRUCTURE,1.0,0.9540677869369173314629188016,0.9540677869369173314629188016
2024-11-21 00:00:00+00:00,2,EUPHORIA,1.0,True,10,False,BULL_STRUCTURE,BULL_STRUCTURE,1.0,0.9558676994624144756149423959,0.9558676994624144756149423959
2024-11-22 00:00:00+00:00,2,EUPHORIA,0.999999999990905,True,11,False,BULL_STRUCTURE,BULL_STRUCTURE,1.0,0.9561129905820889366887436032,0.9561129905820889366887436032
2024-11-23 00:00:00+00:00,2,EUPHORIA,0.9999999999727152,True,12,False,BULL_STRUCTURE,BULL_STRUCTURE,1.0,0.9555893264426250913171834326,0.9555893264426250913171834326
2024-11-24 00:00:00+00:00,2,EUPHORIA,0.999999999996362,True,13,False,BULL_STRUCTURE,BULL_STRUCTURE,1.0,0.9556880155469834711455445215,0.9556880155469834711455445215
2024-11-25 00:00:00+00:00,2,EUPHORIA,0.9999999999881766,True,14,False,BULL_STRUCTURE,BULL_STRUCTURE,1.0,0.9534667086453588697293980931,0.9534667086453588697293980931
2024-11-26 00:00:00+00:00,2,EUPHORIA,0.9999937748255476,True,15,False,BULL_STRUCTURE,BULL_STRUCTURE,1.0,0.9529628944743773942708246198,0.9529628944743773942708246198
2024-11-27 00:00:00+00:00,2,EUPHORIA,0.9999798700107686,True,16,False,BULL_STRUCTURE,BULL_STRUCTURE,1.0,0.9547890289640586915852586005,0.9547890289640586915852586005
2024-11-28 00:00:00+00:00,2,EUPHORIA,0.9999993357425797,True,17,False,BULL_STRUCTURE,BULL_STRUCTURE,1.0,0.9546901393981333843664209624,0.9546901393981333843664209624
2024-11-29 00:00:00+00:00,2,EUPHORIA,0.9999999658193707,True,18,False,BULL_STRUCTURE,BULL_STRUCTURE,1.0,0.9554968471021929440637174147,0.9554968471021929440637174147
2024-11-30 00:00:00+00:00,2,EUPHORIA,0.9999999858355296,True,19,False,BULL_STRUCTURE,BULL_STRUCTURE,1.0,0.9550330628191411488399580464,0.9550330628191411488399580464
2024-12-01 00:00:00+00:00,2,EUPHORIA,1.0,True,20,False,BULL_STRUCTURE,BULL_STRUCTURE,1.0,0.9553766168716536795721428148,0.9553766168716536795721428148
2024-12-02 00:00:00+00:00,4,BEAR,1.0,True,1,False,BULL_STRUCTURE,BULL_STRUCTURE,1.0,0.50,0.50
2024-12-03 00:00:00+00:00,4,BEAR,1.0,True,2,False,BULL_STRUCTURE,BULL_STRUCTURE,1.0,0.5003194014327711411494829037,0.5003194014327711411494829037
2024-12-04 00:00:00+00:00,4,BEAR,1.0,True,3,False,BULL_STRUCTURE,BULL_STRUCTURE,1.0,0.5073592244075485208201369174,0.5073592244075485208201369174
2024-12-05 00:00:00+00:00,4,BEAR,1.0,True,4,False,BULL_STRUCTURE,BULL_STRUCTURE,1.0,0.5031616269939402766952056662,0.5031616269939402766952056662
2024-12-06 00:00:00+00:00,4,BEAR,1.0,True,5,False,BULL_STRUCTURE,BULL_STRUCTURE,1.0,0.5102664550089386834100368700,0.5102664550089386834100368700
2024-12-07 00:00:00+00:00,4,BEAR,1.0,True,6,False,BULL_STRUCTURE,BULL_STRUCTURE,1.0,0.5104947193390496325214994196,0.5104947193390496325214994196
2024-12-08 00:00:00+00:00,4,BEAR,1.0,True,7,False,BULL_STRUCTURE,BULL_STRUCTURE,1.0,0.5136719282179287187955371624,0.5136719282179287187955371624
2024-12-09 00:00:00+00:00,4,BEAR,1.0,True,8,False,BULL_STRUCTURE,BULL_STRUCTURE,1.0,0.5040132891078705844572526160,0.5040132891078705844572526160
2024-12-10 00:00:00+00:00,4,BEAR,0.9999999999977263,True,9,False,BULL_STRUCTURE,BULL_STRUCTURE,1.0,0.5022506461650544349963697829,0.5022506461650544349963697829
2024-12-11 00:00:00+00:00,4,BEAR,0.9999999999995453,True,10,False,BULL_STRUCTURE,BULL_STRUCTURE,1.0,0.5137099989704829992511772959,0.5137099989704829992511772959
2024-12-12 00:00:00+00:00,4,BEAR,1.0,True,11,False,BULL_STRUCTURE,BULL_STRUCTURE,1.0,0.5109256245164996086128566754,0.5109256245164996086128566754
2024-12-13 00:00:00+00:00,4,BEAR,1.0,True,12,False,BULL_STRUCTURE,BULL_STRUCTURE,1.0,0.5144481228928161277436445092,0.5144481228928161277436445092
2024-12-14 00:00:00+00:00,4,BEAR,1.0,True,13,False,BULL_STRUCTURE,BULL_STRUCTURE,1.0,0.5144376556159507115388906636,0.5144376556159507115388906636
2024-12-15 00:00:00+00:00,4,BEAR,0.9999999992082849,True,14,False,BULL_STRUCTURE,BULL_STRUCTURE,1.0,0.5218208282124301851065625003,0.5218208282124301851065625003
2024-12-16 00:00:00+00:00,4,BEAR,0.9999999999986358,True,15,False,BULL_STRUCTURE,BULL_STRUCTURE,1.0,0.5255997727031445100900342687,0.5255997727031445100900342687
2024-12-17 00:00:00+00:00,4,BEAR,1.0,True,16,False,BULL_STRUCTURE,BULL_STRUCTURE,1.0,0.5257762206561015729463099103,0.5257762206561015729463099103
2024-12-18 00:00:00+00:00,4,BEAR,1.0,True,17,False,BULL_STRUCTURE,BULL_STRUCTURE,1.0,0.5114241560133525059745573293,0.5114241560133525059745573293
2024-12-19 00:00:00+00:00,4,BEAR,0.9999999998967724,True,18,False,BULL_STRUCTURE,BULL_STRUCTURE,1.0,0.5044892525187704901556298722,0.5044892525187704901556298722
2024-12-20 00:00:00+00:00,4,BEAR,0.9999990309652423,True,19,False,BULL_STRUCTURE,BULL_STRUCTURE,1.0,0.5053689360997863124370460799,0.5053689360997863124370460799
2024-12-21 00:00:00+00:00,4,BEAR,0.9999848357801234,True,20,False,BULL_STRUCTURE,BULL_STRUCTURE,1.0,0.5040531696470214254368496993,0.5040531696470214254368496993
2024-12-22 00:00:00+00:00,4,BEAR,0.9999593071823877,True,21,False,BULL_STRUCTURE,BULL_STRUCTURE,1.0,0.4985830236298332553419661892,0.4985830236298332553419661892
2024-12-23 00:00:00+00:00,4,BEAR,0.9999995796802952,True,22,False,BULL_STRUCTURE,BULL_STRUCTURE,1.0,0.4977812143199640975577849530,0.4977812143199640975577849530
2024-12-24 00:00:00+00:00,4,BEAR,0.9999790989465204,True,23,False,BULL_STRUCTURE,BULL_STRUCTURE,1.0,0.5075524885339406054351803253,0.5075524885339406054351803253
2024-12-25 00:00:00+00:00,4,BEAR,0.9999826444787651,True,24,False,BULL_STRUCTURE,BULL_STRUCTURE,1.0,0.5094854185163363463340885311,0.5094854185163363463340885311
2024-12-26 00:00:00+00:00,4,BEAR,0.9992028435424135,True,25,False,BULL_STRUCTURE,BULL_STRUCTURE,1.0,0.5001678422683984775532444103,0.5001678422683984775532444103
2024-12-27 00:00:00+00:00,4,BEAR,0.9923867414921808,True,26,False,BULL_STRUCTURE,BULL_STRUCTURE,1.0,0.4962418892483245231629960169,0.4962418892483245231629960169
2024-12-28 00:00:00+00:00,4,BEAR,0.6985514147098195,True,27,False,BULL_STRUCTURE,BULL_STRUCTURE,1.0,0.4988815471901747394862597536,0.4988815471901747394862597536
2024-12-29 00:00:00+00:00,4,BEAR,0.8610709050869731,True,28,False,BULL_STRUCTURE,BULL_STRUCTURE,1.0,0.4947507330945826549147014955,0.4947507330945826549147014955
2024-12-30 00:00:00+00:00,4,BEAR,0.9859196708246503,True,29,False,BULL_STRUCTURE,BULL_STRUCTURE,1.0,0.4922149638572914583348127020,0.4922149638572914583348127020
2024-12-31 00:00:00+00:00,4,BEAR,0.999654214566473,True,30,False,BULL_STRUCTURE,BULL_STRUCTURE,1.0,0.4943178223807413725862879401,0.4943178223807413725862879401
2025-01-01 00:00:00+00:00,4,BEAR,0.999758654348332,True,31,False,BULL_STRUCTURE,BULL_STRUCTURE,1.0,0.4970167995145802004817860284,0.4970167995145802004817860284
2025-01-02 00:00:00+00:00,4,BEAR,0.9948094739938266,True,32,False,BULL_STRUCTURE,BULL_STRUCTURE,1.0,0.5032625868749260461559156933,0.5032625868749260461559156933
2025-01-03 00:00:00+00:00,4,BEAR,0.9972214493085615,True,33,False,BULL_STRUCTURE,BULL_STRUCTURE,1.0,0.5063095697093730173612861740,0.5063095697093730173612861740
2025-01-04 00:00:00+00:00,4,BEAR,0.9991889552143486,True,34,False,BULL_STRUCTURE,BULL_STRUCTURE,1.0,0.5064274763808821621721399869,0.5064274763808821621721399869
2025-01-05 00:00:00+00:00,4,BEAR,0.9990015671184265,True,35,False,BULL_STRUCTURE,BULL_STRUCTURE,1.0,0.5067914046049951884195777101,0.5067914046049951884195777101
2025-01-06 00:00:00+00:00,4,BEAR,0.7574483143186274,True,36,False,BULL_STRUCTURE,BULL_STRUCTURE,1.0,0.5164381548405419439416993710,0.5164381548405419439416993710
2025-01-07 00:00:00+00:00,4,BEAR,8.467772914658128e-07,False,36,False,BULL_STRUCTURE,BULL_STRUCTURE,1.0,0.25,0.25
2025-01-08 00:00:00+00:00,4,BEAR,1.5259893464215195e-10,False,36,False,BULL_STRUCTURE,BULL_STRUCTURE,1.0,0.2463995205973185890569261692,0.2463995205973185890569261692
2025-01-09 00:00:00+00:00,3,BULL,0.9999999794481484,True,3,False,BULL_STRUCTURE,BULL_STRUCTURE,1.0,0.60,0.60
2025-01-10 00:00:00+00:00,3,BULL,0.9999999868327906,True,4,False,BULL_STRUCTURE,BULL_STRUCTURE,1.0,0.95,0.95
2025-01-11 00:00:00+00:00,3,BULL,0.9999630798573789,True,5,False,BULL_STRUCTURE,BULL_STRUCTURE,1.0,0.9503614432099448466059243876,0.9503614432099448466059243876
2025-01-12 00:00:00+00:00,3,BULL,0.9899850105910386,True,6,False,BULL_STRUCTURE,BULL_STRUCTURE,1.0,0.9503340359141441165271106179,0.9503340359141441165271106179
2025-01-13 00:00:00+00:00,3,BULL,0.16873694038707968,False,6,False,BULL_STRUCTURE,BULL_STRUCTURE,1.0,0.475,0.475
2025-01-14 00:00:00+00:00,3,BULL,6.193741302227865e-05,False,6,False,BULL_STRUCTURE,BULL_STRUCTURE,1.0,0.4805797656447644519662964892,0.4805797656447644519662964892
2025-01-15 00:00:00+00:00,2,CRASH,0.9999751813217126,True,3,False,BULL_STRUCTURE,BULL_STRUCTURE,1.0,0.95,0.95
2025-01-16 00:00:00+00:00,2,CRASH,0.999998483159984,True,4,False,BULL_STRUCTURE,BULL_STRUCTURE,1.0,0.9503275326999159253065931530,0.9503275326999159253065931530
2025-01-17 00:00:00+00:00,2,CRASH,0.9999563334475053,True,5,False,BULL_STRUCTURE,BULL_STRUCTURE,1.0,0.9521862926670843472069076436,0.9521862926670843472069076436
2025-01-18 00:00:00+00:00,2,CRASH,0.9999942171683729,True,6,False,BULL_STRUCTURE,BULL_STRUCTURE,1.0,0.9523948033484708320937835801,0.9523948033484708320937835801
2025-01-19 00:00:00+00:00,2,CRASH,0.9998257078503114,True,7,False,BULL_STRUCTURE,BULL_STRUCTURE,1.0,0.9509541711730635475991574042,0.9509541711730635475991574042
2025-01-20 00:00:00+00:00,2,CRASH,0.9996249154915907,True,8,False,BULL_STRUCTURE,BULL_STRUCTURE,1.0,0.9513778171739169201968458049,0.9513778171739169201968458049
2025-01-21 00:00:00+00:00,2,CRASH,0.9980736828921475,True,9,False,BULL_STRUCTURE,BULL_STRUCTURE,1.0,0.9530734197665700913695786853,0.9530734197665700913695786853
2025-01-22 00:00:00+00:00,2,CRASH,0.9996644112036548,True,10,False,BULL_STRUCTURE,BULL_STRUCTURE,1.0,0.9520235293233906454444647522,0.9520235293233906454444647522
2025-01-23 00:00:00+00:00,2,CRASH,0.9998558648915021,True,11,False,BULL_STRUCTURE,BULL_STRUCTURE,1.0,0.9521130671281930871819238013,0.9521130671281930871819238013
2025-01-24 00:00:00+00:00,2,CRASH,0.9999305199535742,True,12,False,BULL_STRUCTURE,BULL_STRUCTURE,1.0,0.9525306919185190296898675073,0.9525306919185190296898675073
2025-01-25 00:00:00+00:00,2,CRASH,0.9999006022479986,True,13,False,BULL_STRUCTURE,BULL_STRUCTURE,1.0,0.9524773190317051022713987476,0.9524773190317051022713987476
2025-01-26 00:00:00+00:00,2,CRASH,0.9954475797959729,True,14,False,BULL_STRUCTURE,BULL_STRUCTURE,1.0,0.9515401177202595166232715671,0.9515401177202595166232715671
2025-01-27 00:00:00+00:00,2,CRASH,0.945914543421712,True,15,False,BULL_STRUCTURE,BULL_STRUCTURE,1.0,0.9512975361653311253229448090,0.9512975361653311253229448090
2025-01-28 00:00:00+00:00,2,CRASH,0.05650396991730515,False,15,False,BULL_STRUCTURE,BULL_STRUCTURE,1.0,0.475,0.475
2025-01-29 00:00:00+00:00,2,CRASH,9.695558534249626e-05,False,15,False,BULL_STRUCTURE,BULL_STRUCTURE,1.0,0.4811277729774279686682951348,0.4811277729774279686682951348
2025-01-30 00:00:00+00:00,1,NEUTRAL,0.9996724250178308,True,3,False,BULL_STRUCTURE,BULL_STRUCTURE,1.0,0.95,0.95
2025-01-31 00:00:00+00:00,1,NEUTRAL,0.997628142598876,True,4,False,BULL_STRUCTURE,BULL_STRUCTURE,1.0,0.9495252989529842210725043623,0.9495252989529842210725043623
2025-02-01 00:00:00+00:00,1,NEUTRAL,0.9987760625353126,True,5,False,BULL_STRUCTURE,BULL_STRUCTURE,1.0,0.9486717301980997532728936405,0.9486717301980997532728936405
2025-02-02 00:00:00+00:00,1,NEUTRAL,0.9594224711326927,True,6,False,BULL_STRUCTURE,BULL_STRUCTURE,1.0,0.9472111573344978123755015178,0.9472111573344978123755015178
2025-02-03 00:00:00+00:00,1,NEUTRAL,0.9596892899637847,True,7,False,BULL_STRUCTURE,BULL_STRUCTURE,1.0,0.9490048075443305664758937904,0.9490048075443305664758937904
2025-02-04 00:00:00+00:00,1,NEUTRAL,0.8644840604594078,True,8,False,BULL_STRUCTURE,BULL_STRUCTURE,1.0,0.9472431452832257246298909748,0.9472431452832257246298909748
2025-02-05 00:00:00+00:00,1,NEUTRAL,0.9267108012687009,True,9,False,BULL_STRUCTURE,BULL_STRUCTURE,1.0,0.9466483100741539204007865547,0.9466483100741539204007865547
2025-02-06 00:00:00+00:00,1,NEUTRAL,0.6059854519833369,True,10,False,BULL_STRUCTURE,BULL_STRUCTURE,1.0,0.9466179307806271302044901193,0.9466179307806271302044901193
2025-02-07 00:00:00+00:00,1,NEUTRAL,0.06793633194218929,False,10,False,BULL_STRUCTURE,BULL_STRUCTURE,1.0,0.475,0.475
2025-02-08 00:00:00+00:00,1,NEUTRAL,0.08606799029393557,False,10,False,BULL_STRUCTURE,BULL_STRUCTURE,1.0,0.4751297782858617315948250880,0.4751297782858617315948250880
2025-02-09 00:00:00+00:00,2,CRASH,0.9956811580585173,True,3,False,BULL_STRUCTURE,BULL_STRUCTURE,1.0,0.95,0.95
2025-02-10 00:00:00+00:00,2,CRASH,0.9999923502916052,True,4,False,BULL_STRUCTURE,BULL_STRUCTURE,1.0,0.9510533231617098376076890811,0.9510533231617098376076890811
2025-02-11 00:00:00+00:00,2,CRASH,0.9999999870647117,True,5,False,BULL_STRUCTURE,BULL_STRUCTURE,1.0,0.9502507811430270921339751286,0.9502507811430270921339751286
2025-02-12 00:00:00+00:00,2,CRASH,0.9999999494107228,True,6,False,BULL_STRUCTURE,BULL_STRUCTURE,1.0,0.9512622559490392833642445498,0.9512622559490392833642445498
2025-02-13 00:00:00+00:00,2,CRASH,0.9999865888002024,True,7,False,BULL_STRUCTURE,BULL_STRUCTURE,1.0,0.9506570776865301320001144436,0.9506570776865301320001144436
2025-02-14 00:00:00+00:00,2,CRASH,0.9998490292576994,True,8,False,BULL_STRUCTURE,BULL_STRUCTURE,1.0,0.9510865829884737898523561918,0.9510865829884737898523561918
2025-02-15 00:00:00+00:00,2,CRASH,0.9997415435258329,True,9,False,BULL_STRUCTURE,BULL_STRUCTURE,1.0,0.9511195689301134218713251783,0.9511195689301134218713251783
2025-02-16 00:00:00+00:00,2,CRASH,0.9988766105952345,True,10,False,BULL_STRUCTURE,BULL_STRUCTURE,1.0,0.9504179950394459201511438010,0.9504179950394459201511438010
2025-02-17 00:00:00+00:00,2,CRASH,0.9999601557117762,True,11,False,BULL_STRUCTURE,BULL_STRUCTURE,1.0,0.9502516695717272561554021990,0.9502516695717272561554021990
2025-02-18 00:00:00+00:00,2,CRASH,0.9999989379845102,True,12,False,BULL_STRUCTURE,BULL_STRUCTURE,1.0,0.9501981790228664153308376944,0.9501981790228664153308376944
2025-02-19 00:00:00+00:00,2,CRASH,0.999999544345532,True,13,False,BULL_STRUCTURE,BULL_STRUCTURE,1.0,0.9506746629370996345910012873,0.9506746629370996345910012873
2025-02-20 00:00:00+00:00,2,CRASH,0.9999884975484172,True,14,False,BULL_STRUCTURE,BULL_STRUCTURE,1.0,0.9514674586134361887270225739,0.9514674586134361887270225739
2025-02-21 00:00:00+00:00,2,CRASH,0.9996135794018981,True,15,False,BULL_STRUCTURE,BULL_STRUCTURE,1.0,0.9504492837908864776557214456,0.9504492837908864776557214456
2025-02-22 00:00:00+00:00,2,CRASH,0.9999066864572806,True,16,False,BULL_STRUCTURE,BULL_STRUCTURE,1.0,0.9506293225431092494631697660,0.9506293225431092494631697660
2025-02-23 00:00:00+00:00,2,CRASH,0.9999868309599528,True,17,False,BULL_STRUCTURE,BULL_STRUCTURE,1.0,0.9504864789919615209754410533,0.9504864789919615209754410533
2025-02-24 00:00:00+00:00,2,CRASH,0.9998020687839902,True,18,False,BULL_STRUCTURE,BULL_STRUCTURE,1.0,0.9480739933447271104984062318,0.9480739933447271104984062318
2025-02-25 00:00:00+00:00,2,CRASH,0.9999999987062438,True,19,False,BULL_STRUCTURE,BULL_STRUCTURE,1.0,0.9464820534063291415146116903,0.9464820534063291415146116903
2025-02-26 00:00:00+00:00,2,CRASH,0.9999999997348823,True,20,False,BULL_STRUCTURE,BULL_STRUCTURE,1.0,0.9438258882837459160508977987,0.9438258882837459160508977987
2025-02-27 00:00:00+00:00,2,CRASH,0.9999999999276952,True,21,False,BULL_STRUCTURE,BULL_STRUCTURE,1.0,0.9441129416411289732737508320,0.9441129416411289732737508320
2025-02-28 00:00:00+00:00,2,CRASH,1.0,True,22,False,BULL_STRUCTURE,BULL_STRUCTURE,1.0,0.9438886536793341859993903822,0.9438886536793341859993903822
2025-03-01 00:00:00+00:00,2,CRASH,0.9999999999108695,True,23,False,BULL_STRUCTURE,BULL_STRUCTURE,1.0,0.9449449683001181667893957271,0.9449449683001181667893957271
2025-03-02 00:00:00+00:00,2,CRASH,0.9916203462278192,True,24,False,BULL_STRUCTURE,BULL_STRUCTURE,1.0,0.9494950550756280815121087172,0.9494950550756280815121087172
2025-03-03 00:00:00+00:00,2,CRASH,0.9999999944520823,True,25,False,BULL_STRUCTURE,BULL_STRUCTURE,1.0,0.9450391535695079193971400836,0.9450391535695079193971400836
2025-03-04 00:00:00+00:00,2,CRASH,0.99999392010279,True,26,False,BULL_STRUCTURE,BULL_STRUCTURE,1.0,0.9456711807926651691947503969,0.9456711807926651691947503969
2025-03-05 00:00:00+00:00,2,CRASH,0.9982833000751539,True,27,False,BULL_STRUCTURE,BULL_STRUCTURE,1.0,0.9475598018317348588441838863,0.9475598018317348588441838863
2025-03-06 00:00:00+00:00,2,CRASH,0.999948300839096,True,28,False,BULL_STRUCTURE,BULL_STRUCTURE,1.0,0.9471874754906106962692963005,0.9471874754906106962692963005
2025-03-07 00:00:00+00:00,2,CRASH,0.9999977852441558,True,29,False,BULL_STRUCTURE,BULL_STRUCTURE,1.0,0.9453870222555478817141783770,0.9453870222555478817141783770
2025-03-08 00:00:00+00:00,2,CRASH,0.9999809767904931,True,30,False,BULL_STRUCTURE,BULL_STRUCTURE,1.0,0.9450402619814283100105372476,0.9450402619814283100105372476
2025-03-09 00:00:00+00:00,2,CRASH,0.9999270718272133,True,31,False,TRANSITION,BULL_STRUCTURE,0.6,0.9415227349944805697537693642,0.6
2025-03-10 00:00:00+00:00,2,CRASH,0.9993705372831041,True,32,False,TRANSITION,BULL_STRUCTURE,0.6,0.95,0.6
2025-03-11 00:00:00+00:00,2,CRASH,0.6412906755863207,True,33,False,TRANSITION,BULL_STRUCTURE,0.6,0.95,0.6
2025-03-12 00:00:00+00:00,2,CRASH,0.9934925668614439,True,34,False,TRANSITION,BULL_STRUCTURE,0.6,0.95,0.6
2025-03-13 00:00:00+00:00,2,CRASH,0.9993997240621709,True,35,False,TRANSITION,TRANSITION,0.6,0.95,0.6
2025-03-14 00:00:00+00:00,2,CRASH,0.14288408294382987,False,35,False,TRANSITION,TRANSITION,0.6,0.6083122020909698101448736980,0.6
2025-03-15 00:00:00+00:00,2,CRASH,0.00021740611924693642,False,35,False,TRANSITION,TRANSITION,0.6,0.6010181036161787454001462623,0.6
2025-03-16 00:00:00+00:00,3,BULL,0.9995603332442694,True,3,False,TRANSITION,TRANSITION,0.6,0.5949174734144579821514262077,0.5949174734144579821514262077
2025-03-17 00:00:00+00:00,3,BULL,0.9999631627506711,True,4,False,TRANSITION,TRANSITION,0.6,0.5990640416772984695697680879,0.5990640416772984695697680879
2025-03-18 00:00:00+00:00,3,BULL,0.9999952069607659,True,5,False,TRANSITION,TRANSITION,0.6,0.5953271027559882833451784618,0.5953271027559882833451784618
2025-03-19 00:00:00+00:00,3,BULL,0.9999917501567475,True,6,False,BULL_STRUCTURE,TRANSITION,0.6,0.6070112513824709323722893787,0.6
2025-03-20 00:00:00+00:00,3,BULL,0.8968771893647803,True,7,False,BULL_STRUCTURE,TRANSITION,0.6,0.5926230985690091169854703170,0.5926230985690091169854703170
2025-03-21 00:00:00+00:00,3,BULL,0.8181795228432192,True,8,False,BULL_STRUCTURE,TRANSITION,0.6,0.5922369105217036471631318861,0.5922369105217036471631318861
2025-03-22 00:00:00+00:00,3,BULL,0.9998995725227646,True,9,False,BULL_STRUCTURE,TRANSITION,0.6,0.5915228633588366706685888894,0.5915228633588366706685888894
2025-03-23 00:00:00+00:00,3,BULL,0.9999998625398897,True,10,False,BULL_STRUCTURE,BULL_STRUCTURE,1.0,0.5978833081145170877488252453,0.5978833081145170877488252453
2025-03-24 00:00:00+00:00,3,BULL,0.9999187904875977,True,11,False,BULL_STRUCTURE,BULL_STRUCTURE,1.0,0.6017985924736446919602439075,0.6017985924736446919602439075
2025-03-25 00:00:00+00:00,3,BULL,0.9977191318999895,True,12,False,BULL_STRUCTURE,BULL_STRUCTURE,1.0,0.6015100187523462354544329555,0.6015100187523462354544329555
2025-03-26 00:00:00+00:00,3,BULL,0.9663257312188855,True,13,False,BULL_STRUCTURE,BULL_STRUCTURE,1.0,0.6001789250359121788661593561,0.6001789250359121788661593561
2025-03-27 00:00:00+00:00,3,BULL,0.5795021362177358,True,14,False,BULL_STRUCTURE,BULL_STRUCTURE,1.0,0.6010683329497879859928650529,0.6010683329497879859928650529
2025-03-28 00:00:00+00:00,3,BULL,0.09172768863905766,False,14,False,BULL_STRUCTURE,BULL_STRUCTURE,1.0,0.30,0.30
2025-03-29 00:00:00+00:00,3,BULL,0.00012880664111763953,False,14,False,TRANSITION,BULL_STRUCTURE,0.6,0.2956664738970719197329834108,0.2956664738970719197329834108
2025-03-30 00:00:00+00:00,1,NEUTRAL,0.9999999611154643,True,3,False,TRANSITION,BULL_STRUCTURE,0.6,0.95,0.6
2025-03-31 00:00:00+00:00,1,NEUTRAL,0.9999999999763531,True,4,False,TRANSITION,BULL_STRUCTURE,0.6,0.95,0.6
2025-04-01 00:00:00+00:00,1,NEUTRAL,0.9999999994233804,True,5,False,TRANSITION,BULL_STRUCTURE,0.6,0.95,0.6
2025-04-02 00:00:00+00:00,1,NEUTRAL,0.9999999969213604,True,6,False,TRANSITION,TRANSITION,0.6,0.95,0.6
2025-04-03 00:00:00+00:00,1,NEUTRAL,0.9999999993660822,True,7,False,TRANSITION,TRANSITION,0.6,0.95,0.6
2025-04-04 00:00:00+00:00,1,NEUTRAL,0.9999999990332071,True,8,False,TRANSITION,TRANSITION,0.6,0.95,0.6
2025-04-05 00:00:00+00:00,1,NEUTRAL,0.9999999998299245,True,9,False,TRANSITION,TRANSITION,0.6,0.95,0.6
2025-04-06 00:00:00+00:00,1,NEUTRAL,0.9999999003275711,True,10,False,TRANSITION,TRANSITION,0.6,0.95,0.6
2025-04-07 00:00:00+00:00,1,NEUTRAL,0.9999948299188826,True,11,False,TRANSITION,TRANSITION,0.6,0.95,0.6
2025-04-08 00:00:00+00:00,1,NEUTRAL,0.9999999326501006,True,12,False,TRANSITION,TRANSITION,0.6,0.95,0.6
2025-04-09 00:00:00+00:00,1,NEUTRAL,0.6582124343985777,True,13,False,TRANSITION,TRANSITION,0.6,0.95,0.6
2025-04-10 00:00:00+00:00,1,NEUTRAL,0.00019108958406720888,False,13,False,TRANSITION,TRANSITION,0.6,0.5910805889385443586324090980,0.5910805889385443586324090980
2025-04-11 00:00:00+00:00,1,NEUTRAL,1.3174680766405207e-06,False,13,False,TRANSITION,TRANSITION,0.6,0.6023490761756660186481801695,0.6
2025-04-12 00:00:00+00:00,3,BULL,0.5068000485428087,True,3,False,TRANSITION,TRANSITION,0.6,0.30,0.30
2025-04-13 00:00:00+00:00,3,BULL,0.06543227849726206,False,3,False,TRANSITION,TRANSITION,0.6,0.2963616259065112438540092529,0.2963616259065112438540092529
2025-04-14 00:00:00+00:00,3,BULL,0.877190548158755,True,4,False,TRANSITION,TRANSITION,0.6,0.60,0.60
2025-04-15 00:00:00+00:00,3,BULL,0.9870170008239203,True,5,False,TRANSITION,TRANSITION,0.6,0.5975276065853185714646302366,0.5975276065853185714646302366
2025-04-16 00:00:00+00:00,3,BULL,0.9810206002206575,True,6,False,TRANSITION,TRANSITION,0.6,0.5986354747843400222389434511,0.5986354747843400222389434511
2025-04-17 00:00:00+00:00,3,BULL,0.7759272542227266,True,7,False,TRANSITION,TRANSITION,0.6,0.6012419634680327748956944243,0.6
2025-04-18 00:00:00+00:00,3,BULL,0.4188662719465964,False,7,False,TRANSITION,TRANSITION,0.6,0.30,0.30
2025-04-19 00:00:00+00:00,3,BULL,0.06981107642136002,False,7,False,TRANSITION,TRANSITION,0.6,0.3016108700070406988712091118,0.3016108700070406988712091118
2025-04-20 00:00:00+00:00,1,NEUTRAL,0.9930072302586244,True,3,False,TRANSITION,TRANSITION,0.6,0.95,0.6
2025-04-21 00:00:00+00:00,1,NEUTRAL,0.9999687321137543,True,4,False,TRANSITION,TRANSITION,0.6,0.95,0.6
2025-04-22 00:00:00+00:00,1,NEUTRAL,0.9999999229794442,True,5,False,BULL_STRUCTURE,TRANSITION,0.6,0.95,0.6
2025-04-23 00:00:00+00:00,1,NEUTRAL,0.9999999989495336,True,6,False,BULL_STRUCTURE,TRANSITION,0.6,0.95,0.6
2025-04-24 00:00:00+00:00,1,NEUTRAL,0.9999999991614459,True,7,False,BULL_STRUCTURE,TRANSITION,0.6,0.95,0.6
2025-04-25 00:00:00+00:00,1,NEUTRAL,0.9999999987430783,True,8,False,BULL_STRUCTURE,TRANSITION,0.6,0.95,0.6
2025-04-26 00:00:00+00:00,1,NEUTRAL,0.9999944024959633,True,9,False,BULL_STRUCTURE,BULL_STRUCTURE,1.0,0.95,0.95
2025-04-27 00:00:00+00:00,1,NEUTRAL,0.9999921320313958,True,10,False,BULL_STRUCTURE,BULL_STRUCTURE,1.0,0.9499906251427132838460871216,0.9499906251427132838460871216
2025-04-28 00:00:00+00:00,1,NEUTRAL,0.9782802014707289,True,11,False,BULL_STRUCTURE,BULL_STRUCTURE,1.0,0.9506220223286335092164926283,0.9506220223286335092164926283
2025-04-29 00:00:00+00:00,1,NEUTRAL,0.003876408231780449,False,11,False,BULL_STRUCTURE,BULL_STRUCTURE,1.0,0.475,0.475
2025-04-30 00:00:00+00:00,1,NEUTRAL,1.0576525573903408e-08,False,11,False,BULL_STRUCTURE,BULL_STRUCTURE,1.0,0.4750682453167661549815121424,0.4750682453167661549815121424
2025-05-01 00:00:00+00:00,2,CRASH,0.9999999877991287,True,3,False,BULL_STRUCTURE,BULL_STRUCTURE,1.0,0.95,0.95
2025-05-02 00:00:00+00:00,2,CRASH,0.9999999848778317,True,4,False,BULL_STRUCTURE,BULL_STRUCTURE,1.0,0.9507708237044101140117163799,0.9507708237044101140117163799
2025-05-03 00:00:00+00:00,2,CRASH,0.9999999854080671,True,5,False,BULL_STRUCTURE,BULL_STRUCTURE,1.0,0.9502678004290115882654360550,0.9502678004290115882654360550
2025-05-04 00:00:00+00:00,2,CRASH,0.9999998975708929,True,6,False,BULL_STRUCTURE,BULL_STRUCTURE,1.0,0.9494770477975004895943603061,0.9494770477975004895943603061
2025-05-05 00:00:00+00:00,2,CRASH,0.9999999211750068,True,7,False,BULL_STRUCTURE,BULL_STRUCTURE,1.0,0.9497080395154998414046520088,0.9497080395154998414046520088
2025-05-06 00:00:00+00:00,2,CRASH,0.9999999776919142,True,8,False,BULL_STRUCTURE,BULL_STRUCTURE,1.0,0.9507451483296235979434001063,0.9507451483296235979434001063
2025-05-07 00:00:00+00:00,2,CRASH,0.9999999552992459,True,9,False,BULL_STRUCTURE,BULL_STRUCTURE,1.0,0.9508399828672784329826056441,0.9508399828672784329826056441
2025-05-08 00:00:00+00:00,2,CRASH,0.001548852810866381,False,9,False,BULL_STRUCTURE,BULL_STRUCTURE,1.0,0.475,0.475
2025-05-09 00:00:00+00:00,2,CRASH,1.2232049750046136e-05,False,9,False,BULL_STRUCTURE,BULL_STRUCTURE,1.0,0.4745938885315247339961610651,0.4745938885315247339961610651
2025-05-10 00:00:00+00:00,3,BULL,0.9999827282081262,True,3,False,BULL_STRUCTURE,BULL_STRUCTURE,1.0,0.95,0.95
2025-05-11 00:00:00+00:00,3,BULL,0.999998754610581,True,4,False,BULL_STRUCTURE,BULL_STRUCTURE,1.0,0.9502681153126601611384956239,0.9502681153126601611384956239
2025-05-12 00:00:00+00:00,3,BULL,0.9999997764607792,True,5,False,BULL_STRUCTURE,BULL_STRUCTURE,1.0,0.9496585613697895485321113693,0.9496585613697895485321113693
2025-05-13 00:00:00+00:00,3,BULL,0.0496384928694838,False,5,False,BULL_STRUCTURE,BULL_STRUCTURE,1.0,0.475,0.475
2025-05-14 00:00:00+00:00,3,BULL,0.000598519275802104,False,5,False,BULL_STRUCTURE,BULL_STRUCTURE,1.0,0.4738599365291550758961970502,0.4738599365291550758961970502
2025-05-15 00:00:00+00:00,2,CRASH,0.9999467142861378,True,3,False,BULL_STRUCTURE,BULL_STRUCTURE,1.0,0.95,0.95
2025-05-16 00:00:00+00:00,2,CRASH,0.9996950889431935,True,4,False,BULL_STRUCTURE,BULL_STRUCTURE,1.0,0.9504502133500195618186467103,0.9504502133500195618186467103
2025-05-17 00:00:00+00:00,2,CRASH,0.9998310403696844,True,5,False,BULL_STRUCTURE,BULL_STRUCTURE,1.0,0.9502962271357586270852220619,0.9502962271357586270852220619
2025-05-18 00:00:00+00:00,2,CRASH,0.0027570160326280215,False,5,False,BULL_STRUCTURE,BULL_STRUCTURE,1.0,0.475,0.475
2025-05-19 00:00:00+00:00,2,CRASH,3.1190742897228366e-08,False,5,False,BULL_STRUCTURE,BULL_STRUCTURE,1.0,0.4732226520464695950146674557,0.4732226520464695950146674557
2025-05-20 00:00:00+00:00,2,CRASH,5.573585150886693e-11,False,5,False,BULL_STRUCTURE,BULL_STRUCTURE,1.0,0.4762190196814797814852397504,0.4762190196814797814852397504
2025-05-21 00:00:00+00:00,2,CRASH,2.679370294929889e-20,False,5,False,BULL_STRUCTURE,BULL_STRUCTURE,1.0,0.4826612121207798689055450511,0.4826612121207798689055450511
2025-05-22 00:00:00+00:00,4,BEAR,0.999999559846498,True,3,False,BULL_STRUCTURE,BULL_STRUCTURE,1.0,0.4872930218643757312668901825,0.4872930218643757312668901825
2025-05-23 00:00:00+00:00,4,BEAR,0.9999966402603655,True,4,False,BULL_STRUCTURE,BULL_STRUCTURE,1.0,0.4773099823464273611438652432,0.4773099823464273611438652432
2025-05-24 00:00:00+00:00,4,BEAR,0.9999932211405967,True,5,False,BULL_STRUCTURE,BULL_STRUCTURE,1.0,0.4783392213733652559494574707,0.4783392213733652559494574707
2025-05-25 00:00:00+00:00,4,BEAR,0.9999895935921225,True,6,False,BULL_STRUCTURE,BULL_STRUCTURE,1.0,0.4812000387844335138040059206,0.4812000387844335138040059206
2025-05-26 00:00:00+00:00,4,BEAR,0.9999989549429306,True,7,False,BULL_STRUCTURE,BULL_STRUCTURE,1.0,0.4821843482479570697834721300,0.4821843482479570697834721300
2025-05-27 00:00:00+00:00,4,BEAR,0.9999997750628862,True,8,False,BULL_STRUCTURE,BULL_STRUCTURE,1.0,0.4810487925717679765613661647,0.4810487925717679765613661647
2025-05-28 00:00:00+00:00,4,BEAR,0.9999999991805453,True,9,False,BULL_STRUCTURE,BULL_STRUCTURE,1.0,0.4783852277956283968588535163,0.4783852277956283968588535163
2025-05-29 00:00:00+00:00,4,BEAR,0.99999996277893,True,10,False,BULL_STRUCTURE,BULL_STRUCTURE,1.0,0.4732604524883279189283047772,0.4732604524883279189283047772
2025-05-30 00:00:00+00:00,4,BEAR,0.9999999627216318,True,11,False,BULL_STRUCTURE,BULL_STRUCTURE,1.0,0.4694455284539768502197817878,0.4694455284539768502197817878
2025-05-31 00:00:00+00:00,4,BEAR,0.9999997616314715,True,12,False,BULL_STRUCTURE,BULL_STRUCTURE,1.0,0.4708940146901131043983829089,0.4708940146901131043983829089
2025-06-01 00:00:00+00:00,4,BEAR,0.9999852295586054,True,13,False,BULL_STRUCTURE,BULL_STRUCTURE,1.0,0.4733859743025878591096341428,0.4733859743025878591096341428
2025-06-02 00:00:00+00:00,3,NEUTRAL,1.0,True,1,False,BULL_STRUCTURE,BULL_STRUCTURE,1.0,0.95,0.95
2025-06-03 00:00:00+00:00,3,NEUTRAL,1.0,True,2,False,BULL_STRUCTURE,BULL_STRUCTURE,1.0,0.9503719116247772792475822888,0.9503719116247772792475822888
2025-06-04 00:00:00+00:00,3,NEUTRAL,1.0,True,3,False,BULL_STRUCTURE,BULL_STRUCTURE,1.0,0.9500656619866285502609231841,0.9500656619866285502609231841
2025-06-05 00:00:00+00:00,3,NEUTRAL,1.0,True,4,False,BULL_STRUCTURE,BULL_STRUCTURE,1.0,0.9485779735568704788727789310,0.9485779735568704788727789310
2025-06-06 00:00:00+00:00,3,NEUTRAL,1.0,True,5,False,BULL_STRUCTURE,BULL_STRUCTURE,1.0,0.9498799077071443331010065495,0.9498799077071443331010065495
2025-06-07 00:00:00+00:00,3,NEUTRAL,1.0,True,6,False,BULL_STRUCTURE,BULL_STRUCTURE,1.0,0.9504502316198057314345572611,0.9504502316198057314345572611
2025-06-08 00:00:00+00:00,3,NEUTRAL,1.0,True,7,False,BULL_STRUCTURE,BULL_STRUCTURE,1.0,0.9505312356570731739138598086,0.9505312356570731739138598086
2025-06-09 00:00:00+00:00,3,NEUTRAL,1.0,True,8,False,BULL_STRUCTURE,BULL_STRUCTURE,1.0,0.9524665662313529733939972105,0.9524665662313529733939972105
2025-06-10 00:00:00+00:00,3,NEUTRAL,0.9999999999986358,True,9,False,BULL_STRUCTURE,BULL_STRUCTURE,1.0,0.9524712342959519636952844633,0.9524712342959519636952844633
2025-06-11 00:00:00+00:00,3,NEUTRAL,1.0,True,10,False,BULL_STRUCTURE,BULL_STRUCTURE,1.0,0.9517928405951095479946072580,0.9517928405951095479946072580
2025-06-12 00:00:00+00:00,3,NEUTRAL,1.0,True,11,False,BULL_STRUCTURE,BULL_STRUCTURE,1.0,0.9505035276784627991080254648,0.9505035276784627991080254648
2025-06-13 00:00:00+00:00,3,NEUTRAL,1.0,True,12,False,BULL_STRUCTURE,BULL_STRUCTURE,1.0,0.9506787028481036175062624727,0.9506787028481036175062624727
2025-06-14 00:00:00+00:00,3,NEUTRAL,1.0,True,13,False,BULL_STRUCTURE,BULL_STRUCTURE,1.0,0.9503888022172499097607937566,0.9503888022172499097607937566
2025-06-15 00:00:00+00:00,3,NEUTRAL,1.0,True,14,False,BULL_STRUCTURE,BULL_STRUCTURE,1.0,0.9504689014118951511209092795,0.9504689014118951511209092795
2025-06-16 00:00:00+00:00,3,NEUTRAL,1.0,True,15,False,BULL_STRUCTURE,BULL_STRUCTURE,1.0,0.9509984162630186025406369306,0.9509984162630186025406369306
2025-06-17 00:00:00+00:00,3,NEUTRAL,0.9999999999949978,True,16,False,BULL_STRUCTURE,BULL_STRUCTURE,1.0,0.9499995586249068675620496495,0.9499995586249068675620496495
2025-06-18 00:00:00+00:00,3,NEUTRAL,0.9999999998990461,True,17,False,BULL_STRUCTURE,BULL_STRUCTURE,1.0,0.9501515716735896588846003590,0.9501515716735896588846003590
2025-06-19 00:00:00+00:00,3,NEUTRAL,0.9999999996789484,True,18,False,BULL_STRUCTURE,BULL_STRUCTURE,1.0,0.9500483148191482695472561039,0.9500483148191482695472561039
2025-06-20 00:00:00+00:00,3,NEUTRAL,0.9999999996889528,True,19,False,BULL_STRUCTURE,BULL_STRUCTURE,1.0,0.9494236475014056810450273056,0.9494236475014056810450273056
2025-06-21 00:00:00+00:00,3,NEUTRAL,0.9999999997712621,True,20,False,BULL_STRUCTURE,BULL_STRUCTURE,1.0,0.9488700663176718590225128921,0.9488700663176718590225128921
2025-06-22 00:00:00+00:00,3,NEUTRAL,0.9999999651386139,True,21,False,BULL_STRUCTURE,BULL_STRUCTURE,1.0,0.9483148372261678357439856397,0.9483148372261678357439856397
2025-06-23 00:00:00+00:00,3,NEUTRAL,0.999999613656275,True,22,False,BULL_STRUCTURE,BULL_STRUCTURE,1.0,0.9503526759097915499992043112,0.9503526759097915499992043112
2025-06-24 00:00:00+00:00,3,NEUTRAL,0.9999993186218082,True,23,False,BULL_STRUCTURE,BULL_STRUCTURE,1.0,0.9506859561266600839460959473,0.9506859561266600839460959473
2025-06-25 00:00:00+00:00,3,NEUTRAL,0.9999799458974818,True,24,False,BULL_STRUCTURE,BULL_STRUCTURE,1.0,0.9512355354277369760379400039,0.9512355354277369760379400039
2025-06-26 00:00:00+00:00,3,NEUTRAL,0.9999762402829723,True,25,False,BULL_STRUCTURE,BULL_STRUCTURE,1.0,0.9510648833557327644387890458,0.9510648833557327644387890458
2025-06-27 00:00:00+00:00,3,NEUTRAL,0.9999496729460362,True,26,False,BULL_STRUCTURE,BULL_STRUCTURE,1.0,0.9511085922199249667642992692,0.9511085922199249667642992692
2025-06-28 00:00:00+00:00,3,NEUTRAL,0.9999892935757249,True,27,False,BULL_STRUCTURE,BULL_STRUCTURE,1.0,0.9512166045348297564634002257,0.9512166045348297564634002257
2025-06-29 00:00:00+00:00,3,NEUTRAL,0.9999992435612645,True,28,False,BULL_STRUCTURE,BULL_STRUCTURE,1.0,0.9516708235477608319197271484,0.9516708235477608319197271484
2025-06-30 00:00:00+00:00,3,NEUTRAL,0.9999996288871222,True,29,False,BULL_STRUCTURE,BULL_STRUCTURE,1.0,0.9511515205961784108225184941,0.9511515205961784108225184941
2025-07-01 00:00:00+00:00,3,NEUTRAL,0.9999995655553937,True,30,False,BULL_STRUCTURE,BULL_STRUCTURE,1.0,0.9505077167910083976889356820,0.9505077167910083976889356820
2025-07-02 00:00:00+00:00,3,NEUTRAL,0.9999996350448539,True,31,False,BULL_STRUCTURE,BULL_STRUCTURE,1.0,0.9518790425878745904767894462,0.9518790425878745904767894462
2025-07-03 00:00:00+00:00,3,NEUTRAL,0.9999992175224511,True,32,False,BULL_STRUCTURE,BULL_STRUCTURE,1.0,0.9521864396379774727423110474,0.9521864396379774727423110474
2025-07-04 00:00:00+00:00,3,NEUTRAL,0.9999998067778693,True,33,False,BULL_STRUCTURE,BULL_STRUCTURE,1.0,0.9515121110673407648780096539,0.9515121110673407648780096539
2025-07-05 00:00:00+00:00,3,NEUTRAL,0.9999998592093206,True,34,False,BULL_STRUCTURE,BULL_STRUCTURE,1.0,0.9516033204855779824076633215,0.9516033204855779824076633215
2025-07-06 00:00:00+00:00,3,NEUTRAL,0.9999992966743521,True,35,False,BULL_STRUCTURE,BULL_STRUCTURE,1.0,0.9520276510401204023139163717,0.9520276510401204023139163717
2025-07-07 00:00:00+00:00,3,NEUTRAL,0.9999998090747977,True,36,False,BULL_STRUCTURE,BULL_STRUCTURE,1.0,0.9516308953451300156385844656,0.9516308953451300156385844656
2025-07-08 00:00:00+00:00,3,NEUTRAL,0.9999991958915011,True,37,False,BULL_STRUCTURE,BULL_STRUCTURE,1.0,0.9519099020460674608201336046,0.9519099020460674608201336046
2025-07-09 00:00:00+00:00,3,NEUTRAL,0.9998937038140545,True,38,False,BULL_STRUCTURE,BULL_STRUCTURE,1.0,0.9528619305394881663520438699,0.9528619305394881663520438699
2025-07-10 00:00:00+00:00,3,NEUTRAL,0.7745915844312989,True,39,False,BULL_STRUCTURE,BULL_STRUCTURE,1.0,0.9547146735784213357810896009,0.9547146735784213357810896009
2025-07-11 00:00:00+00:00,3,NEUTRAL,0.027011725320719153,False,39,False,BULL_STRUCTURE,BULL_STRUCTURE,1.0,0.475,0.475
2025-07-12 00:00:00+00:00,3,NEUTRAL,0.0008877941183267873,False,39,False,BULL_STRUCTURE,BULL_STRUCTURE,1.0,0.4750680560922388944429001857,0.4750680560922388944429001857
2025-07-13 00:00:00+00:00,1,BEAR,0.987424165966669,True,3,False,BULL_STRUCTURE,BULL_STRUCTURE,1.0,0.95,0.95
2025-07-14 00:00:00+00:00,1,BEAR,0.8089139802612324,True,4,False,BULL_STRUCTURE,BULL_STRUCTURE,1.0,0.9508783829888575984380854068,0.9508783829888575984380854068
2025-07-15 00:00:00+00:00,1,BEAR,0.996778492901071,True,5,False,BULL_STRUCTURE,BULL_STRUCTURE,1.0,0.9500528437927938975428238770,0.9500528437927938975428238770
2025-07-16 00:00:00+00:00,1,BEAR,0.9996503234032063,True,6,False,BULL_STRUCTURE,BULL_STRUCTURE,1.0,0.9504019099532452161620510539,0.9504019099532452161620510539
2025-07-17 00:00:00+00:00,1,BEAR,0.999878929286784,True,7,False,BULL_STRUCTURE,BULL_STRUCTURE,1.0,0.9506183647386540083247286558,0.9506183647386540083247286558
2025-07-18 00:00:00+00:00,1,BEAR,0.9999672136336545,True,8,False,BULL_STRUCTURE,BULL_STRUCTURE,1.0,0.9501199479999497226656960184,0.9501199479999497226656960184
2025-07-19 00:00:00+00:00,1,BEAR,0.9999998522494133,True,9,False,BULL_STRUCTURE,BULL_STRUCTURE,1.0,0.9500858288923136643669551100,0.9500858288923136643669551100
2025-07-20 00:00:00+00:00,1,BEAR,0.9999999854690033,True,10,False,BULL_STRUCTURE,BULL_STRUCTURE,1.0,0.9498534007062053971930590407,0.9498534007062053971930590407
2025-07-21 00:00:00+00:00,1,BEAR,0.9999997972722873,True,11,False,BULL_STRUCTURE,BULL_STRUCTURE,1.0,0.9499001663871899310152456137,0.9499001663871899310152456137
2025-07-22 00:00:00+00:00,1,BEAR,0.9985509458133939,True,12,False,BULL_STRUCTURE,BULL_STRUCTURE,1.0,0.9509224792100294993420202196,0.9509224792100294993420202196
2025-07-23 00:00:00+00:00,1,BEAR,0.999847954374648,True,13,False,BULL_STRUCTURE,BULL_STRUCTURE,1.0,0.9504517514195600480573166667,0.9504517514195600480573166667
2025-07-24 00:00:00+00:00,1,BEAR,0.9994692821876906,True,14,False,BULL_STRUCTURE,BULL_STRUCTURE,1.0,0.9502866328845692044290643960,0.9502866328845692044290643960
2025-07-25 00:00:00+00:00,1,BEAR,0.9877861894123967,True,15,False,BULL_STRUCTURE,BULL_STRUCTURE,1.0,0.9499948381390252435057075264,0.9499948381390252435057075264
2025-07-26 00:00:00+00:00,1,BEAR,0.9999418311242478,True,16,False,BULL_STRUCTURE,BULL_STRUCTURE,1.0,0.9501179987894244238511858298,0.9501179987894244238511858298
2025-07-27 00:00:00+00:00,1,BEAR,0.999992765596537,True,17,False,BULL_STRUCTURE,BULL_STRUCTURE,1.0,0.9507119294832882448489327504,0.9507119294832882448489327504
2025-07-28 00:00:00+00:00,1,BEAR,0.9998819999008584,True,18,False,BULL_STRUCTURE,BULL_STRUCTURE,1.0,0.9501751377936164122247751701,0.9501751377936164122247751701
2025-07-29 00:00:00+00:00,1,BEAR,0.999900019687866,True,19,False,BULL_STRUCTURE,BULL_STRUCTURE,1.0,0.9501303626420014484738067839,0.9501303626420014484738067839
2025-07-30 00:00:00+00:00,1,BEAR,0.9870182267411426,True,20,False,BULL_STRUCTURE,BULL_STRUCTURE,1.0,0.9500859496220283454461342686,0.9500859496220283454461342686
2025-07-31 00:00:00+00:00,1,BEAR,0.956640997520726,True,21,False,BULL_STRUCTURE,BULL_STRUCTURE,1.0,0.9492361889147197701136107669,0.9492361889147197701136107669
2025-08-01 00:00:00+00:00,1,BEAR,0.42180751374647757,False,21,False,BULL_STRUCTURE,BULL_STRUCTURE,1.0,0.475,0.475
2025-08-02 00:00:00+00:00,1,BEAR,0.8288152699587605,True,22,False,BULL_STRUCTURE,BULL_STRUCTURE,1.0,0.95,0.95
2025-08-03 00:00:00+00:00,1,BEAR,0.9749735408188526,True,23,False,BULL_STRUCTURE,BULL_STRUCTURE,1.0,0.9512720408668156939888731268,0.9512720408668156939888731268
2025-08-04 00:00:00+00:00,1,BEAR,0.9665717034251041,True,24,False,BULL_STRUCTURE,BULL_STRUCTURE,1.0,0.9516130935250444086242836227,0.9516130935250444086242836227
2025-08-05 00:00:00+00:00,1,BEAR,0.9591027087920501,True,25,False,BULL_STRUCTURE,BULL_STRUCTURE,1.0,0.9512399359679933739294896200,0.9512399359679933739294896200
2025-08-06 00:00:00+00:00,1,BEAR,0.9522831654699642,True,26,False,BULL_STRUCTURE,BULL_STRUCTURE,1.0,0.9515879636062613090717246940,0.9515879636062613090717246940
2025-08-07 00:00:00+00:00,1,BEAR,0.8004239812339858,True,27,False,BULL_STRUCTURE,BULL_STRUCTURE,1.0,0.9525614235562625441332669186,0.9525614235562625441332669186
2025-08-08 00:00:00+00:00,1,BEAR,0.3366367696574661,False,27,False,BULL_STRUCTURE,BULL_STRUCTURE,1.0,0.475,0.475
2025-08-09 00:00:00+00:00,1,BEAR,0.04492639250097818,False,27,False,BULL_STRUCTURE,BULL_STRUCTURE,1.0,0.4748395191894123805609859477,0.4748395191894123805609859477
2025-08-10 00:00:00+00:00,3,NEUTRAL,0.9781008100480509,True,3,False,BULL_STRUCTURE,BULL_STRUCTURE,1.0,0.95,0.95
2025-08-11 00:00:00+00:00,3,NEUTRAL,0.9629104197191628,True,4,False,BULL_STRUCTURE,BULL_STRUCTURE,1.0,0.9503373044189187166258686099,0.9503373044189187166258686099
2025-08-12 00:00:00+00:00,3,NEUTRAL,0.9880482060473578,True,5,False,BULL_STRUCTURE,BULL_STRUCTURE,1.0,0.9509065431641780652437331245,0.9509065431641780652437331245
2025-08-13 00:00:00+00:00,3,NEUTRAL,0.8760141211765965,True,6,False,BULL_STRUCTURE,BULL_STRUCTURE,1.0,0.9521091002498836483502354758,0.9521091002498836483502354758
2025-08-14 00:00:00+00:00,3,NEUTRAL,0.5320256204040127,True,7,False,BULL_STRUCTURE,BULL_STRUCTURE,1.0,0.475,0.475
2025-08-15 00:00:00+00:00,3,NEUTRAL,0.275298644044609,False,7,False,BULL_STRUCTURE,BULL_STRUCTURE,1.0,0.4732763080876388807092753384,0.4732763080876388807092753384
2025-08-16 00:00:00+00:00,3,NEUTRAL,0.018091175596497925,False,7,False,BULL_STRUCTURE,BULL_STRUCTURE,1.0,0.4733583198458358973337984489,0.4733583198458358973337984489
2025-08-17 00:00:00+00:00,1,BEAR,0.9992699070700622,True,3,False,BULL_STRUCTURE,BULL_STRUCTURE,1.0,0.95,0.95
2025-08-18 00:00:00+00:00,1,BEAR,0.9982820554672439,True,4,False,BULL_STRUCTURE,BULL_STRUCTURE,1.0,0.9501108315833571919729232965,0.9501108315833571919729232965
2025-08-19 00:00:00+00:00,1,BEAR,0.9996335023547874,True,5,False,BULL_STRUCTURE,BULL_STRUCTURE,1.0,0.9487043804901045378584274478,0.9487043804901045378584274478
2025-08-20 00:00:00+00:00,1,BEAR,0.9999078163541668,True,6,False,BULL_STRUCTURE,BULL_STRUCTURE,1.0,0.9493002446848726162730697696,0.9493002446848726162730697696
2025-08-21 00:00:00+00:00,1,BEAR,0.9999715816966193,True,7,False,BULL_STRUCTURE,BULL_STRUCTURE,1.0,0.9485430844202949011970425679,0.9485430844202949011970425679
2025-08-22 00:00:00+00:00,1,BEAR,0.9962918919036321,True,8,False,BULL_STRUCTURE,BULL_STRUCTURE,1.0,0.9503982887858172637702622898,0.9503982887858172637702622898
2025-08-23 00:00:00+00:00,1,BEAR,0.9999753894112311,True,9,False,BULL_STRUCTURE,BULL_STRUCTURE,1.0,0.9497869692108484880777494659,0.9497869692108484880777494659
2025-08-24 00:00:00+00:00,1,BEAR,0.9996822290556436,True,10,False,BULL_STRUCTURE,BULL_STRUCTURE,1.0,0.9489705807371850312604091964,0.9489705807371850312604091964
2025-08-25 00:00:00+00:00,1,BEAR,0.9834788391170459,True,11,False,BULL_STRUCTURE,BULL_STRUCTURE,1.0,0.9474857318712176298547755903,0.9474857318712176298547755903
2025-08-26 00:00:00+00:00,1,BEAR,0.9960664112995354,True,12,False,BULL_STRUCTURE,BULL_STRUCTURE,1.0,0.9482214278416640071119219453,0.9482214278416640071119219453
2025-08-27 00:00:00+00:00,1,BEAR,0.9999575950879134,True,13,False,BULL_STRUCTURE,BULL_STRUCTURE,1.0,0.9480003061370277898104493386,0.9480003061370277898104493386
2025-08-28 00:00:00+00:00,1,BEAR,0.9999874323901456,True,14,False,BULL_STRUCTURE,BULL_STRUCTURE,1.0,0.9485720932030428418309994317,0.9485720932030428418309994317
2025-08-29 00:00:00+00:00,1,BEAR,0.9832835350452406,True,15,False,BULL_STRUCTURE,BULL_STRUCTURE,1.0,0.9466900476692244699762342182,0.9466900476692244699762342182
2025-08-30 00:00:00+00:00,1,BEAR,0.9998749854704764,True,16,False,BULL_STRUCTURE,BULL_STRUCTURE,1.0,0.9468936631034398318610429954,0.9468936631034398318610429954
2025-08-31 00:00:00+00:00,1,BEAR,0.9999634320217053,True,17,False,BULL_STRUCTURE,BULL_STRUCTURE,1.0,0.9466289518009580798965307719,0.9466289518009580798965307719
2025-09-01 00:00:00+00:00,1,BEAR,0.9988285794124602,True,18,False,BULL_STRUCTURE,BULL_STRUCTURE,1.0,0.9470875462082184313811450626,0.9470875462082184313811450626
2025-09-02 00:00:00+00:00,1,BEAR,0.9993558160611529,True,19,False,BULL_STRUCTURE,BULL_STRUCTURE,1.0,0.9479905569935993558785850568,0.9479905569935993558785850568
2025-09-03 00:00:00+00:00,1,BEAR,0.9999997690388494,True,20,False,BULL_STRUCTURE,BULL_STRUCTURE,1.0,0.9481961513815261061643288906,0.9481961513815261061643288906
2025-09-04 00:00:00+00:00,1,BEAR,0.9999972856403933,True,21,False,BULL_STRUCTURE,BULL_STRUCTURE,1.0,0.9477639095234811272166082822,0.9477639095234811272166082822
2025-09-05 00:00:00+00:00,1,BEAR,0.9999755952844084,True,22,False,BULL_STRUCTURE,BULL_STRUCTURE,1.0,0.9477322000242094170000734622,0.9477322000242094170000734622
2025-09-06 00:00:00+00:00,1,BEAR,0.9999987065283856,True,23,False,BULL_STRUCTURE,BULL_STRUCTURE,1.0,0.9475200471859906154266367524,0.9475200471859906154266367524
2025-09-07 00:00:00+00:00,1,BEAR,0.9999998946714241,True,24,False,BULL_STRUCTURE,BULL_STRUCTURE,1.0,0.9479450111330569672904515225,0.9479450111330569672904515225
2025-09-08 00:00:00+00:00,1,BEAR,0.9999958622383133,True,25,False,BULL_STRUCTURE,BULL_STRUCTURE,1.0,0.9483537616704125102215314669,0.9483537616704125102215314669
2025-09-09 00:00:00+00:00,1,BEAR,0.9999970692535699,True,26,False,BULL_STRUCTURE,BULL_STRUCTURE,1.0,0.9481259989288678835557074049,0.9481259989288678835557074049
2025-09-10 00:00:00+00:00,1,BEAR,0.9999382844912346,True,27,False,BULL_STRUCTURE,BULL_STRUCTURE,1.0,0.9491688153558852703448926003,0.9491688153558852703448926003
2025-09-11 00:00:00+00:00,1,BEAR,0.9999368620857574,True,28,False,BULL_STRUCTURE,BULL_STRUCTURE,1.0,0.9498054048571155353143696890,0.9498054048571155353143696890
2025-09-12 00:00:00+00:00,1,BEAR,0.9998361643367625,True,29,False,BULL_STRUCTURE,BULL_STRUCTURE,1.0,0.9500301028049320492728971758,0.9500301028049320492728971758
2025-09-13 00:00:00+00:00,1,BEAR,0.999886512296228,True,30,False,BULL_STRUCTURE,BULL_STRUCTURE,1.0,0.9499845930636787661009915019,0.9499845930636787661009915019
2025-09-14 00:00:00+00:00,1,BEAR,0.9992700425735459,True,31,False,BULL_STRUCTURE,BULL_STRUCTURE,1.0,0.9497166210456056095902328548,0.9497166210456056095902328548
2025-09-15 00:00:00+00:00,1,BEAR,0.99991314722799,True,32,False,BULL_STRUCTURE,BULL_STRUCTURE,1.0,0.9497504461783475876596357685,0.9497504461783475876596357685
2025-09-16 00:00:00+00:00,1,BEAR,0.9999954194336486,True,33,False,BULL_STRUCTURE,BULL_STRUCTURE,1.0,0.9503389444392184659139234485,0.9503389444392184659139234485
2025-09-17 00:00:00+00:00,1,BEAR,0.9999912997619627,True,34,False,BULL_STRUCTURE,BULL_STRUCTURE,1.0,0.9502006113424766995229612834,0.9502006113424766995229612834
2025-09-18 00:00:00+00:00,1,BEAR,0.9979038933937684,True,35,False,BULL_STRUCTURE,BULL_STRUCTURE,1.0,0.9504536745204019744628180682,0.9504536745204019744628180682
2025-09-19 00:00:00+00:00,1,BEAR,0.9929196960071472,True,36,False,BULL_STRUCTURE,BULL_STRUCTURE,1.0,0.9498671258831186371969239435,0.9498671258831186371969239435
2025-09-20 00:00:00+00:00,1,BEAR,0.9934796550886607,True,37,False,BULL_STRUCTURE,BULL_STRUCTURE,1.0,0.9498890456372690376142131226,0.9498890456372690376142131226
2025-09-21 00:00:00+00:00,1,BEAR,0.9999226760225229,True,38,False,BULL_STRUCTURE,BULL_STRUCTURE,1.0,0.9497018180714546296887513267,0.9497018180714546296887513267
2025-09-22 00:00:00+00:00,1,BEAR,0.9945475116310959,True,39,False,BULL_STRUCTURE,BULL_STRUCTURE,1.0,0.9486085094515499739834367347,0.9486085094515499739834367347
2025-09-23 00:00:00+00:00,1,BEAR,0.9996498935095646,True,40,False,BULL_STRUCTURE,BULL_STRUCTURE,1.0,0.9483247116363725280414962926,0.9483247116363725280414962926
2025-09-24 00:00:00+00:00,1,BEAR,0.991410551768116,True,41,False,BULL_STRUCTURE,BULL_STRUCTURE,1.0,0.9488908421558191669641112221,0.9488908421558191669641112221
2025-09-25 00:00:00+00:00,1,BEAR,0.9968827504223667,True,42,False,BULL_STRUCTURE,BULL_STRUCTURE,1.0,0.9469758667187073708041955508,0.9469758667187073708041955508
2025-09-26 00:00:00+00:00,1,BEAR,0.9954588181237333,True,43,False,BULL_STRUCTURE,BULL_STRUCTURE,1.0,0.9472731638382245714249723024,0.9472731638382245714249723024
2025-09-27 00:00:00+00:00,1,BEAR,0.996512968118777,True,44,False,BULL_STRUCTURE,BULL_STRUCTURE,1.0,0.9472696969692706590604010843,0.9472696969692706590604010843
2025-09-28 00:00:00+00:00,1,BEAR,0.9905857795880159,True,45,False,BULL_STRUCTURE,BULL_STRUCTURE,1.0,0.9483968719321352768867226376,0.9483968719321352768867226376
2025-09-29 00:00:00+00:00,1,BEAR,0.993704206885003,True,46,False,BULL_STRUCTURE,BULL_STRUCTURE,1.0,0.9493173895233422927783052966,0.9493173895233422927783052966
2025-09-30 00:00:00+00:00,1,BEAR,0.9861671440560049,True,47,False,BULL_STRUCTURE,BULL_STRUCTURE,1.0,0.9492064378847069421590815136,0.9492064378847069421590815136
2025-10-01 00:00:00+00:00,1,BEAR,0.1264410955198659,False,47,False,BULL_STRUCTURE,BULL_STRUCTURE,1.0,0.475,0.475
2025-10-02 00:00:00+00:00,1,BEAR,0.00018510819393920673,False,47,False,BULL_STRUCTURE,BULL_STRUCTURE,1.0,0.4793286723438379961361700906,0.4793286723438379961361700906
2025-10-03 00:00:00+00:00,1,BEAR,0.00020649988769341066,False,47,False,BULL_STRUCTURE,BULL_STRUCTURE,1.0,0.4828305329391810924701239419,0.4828305329391810924701239419
2025-10-04 00:00:00+00:00,2,CRASH,0.9996747693490029,True,3,False,BULL_STRUCTURE,BULL_STRUCTURE,1.0,0.4831551468509796188270390211,0.4831551468509796188270390211
2025-10-05 00:00:00+00:00,2,CRASH,0.9788324741452313,True,4,False,BULL_STRUCTURE,BULL_STRUCTURE,1.0,0.4853722122006949988790388280,0.4853722122006949988790388280
2025-10-06 00:00:00+00:00,2,CRASH,0.9996882772743066,True,5,False,BULL_STRUCTURE,BULL_STRUCTURE,1.0,0.4877405974875101230980752173,0.4877405974875101230980752173
2025-10-07 00:00:00+00:00,2,CRASH,0.998389246106341,True,6,False,BULL_STRUCTURE,BULL_STRUCTURE,1.0,0.4809873365634572230049276738,0.4809873365634572230049276738
2025-10-08 00:00:00+00:00,2,CRASH,0.9951086062272453,True,7,False,BULL_STRUCTURE,BULL_STRUCTURE,1.0,0.4850153164131885875777330300,0.4850153164131885875777330300
2025-10-09 00:00:00+00:00,2,CRASH,0.9819449728923416,True,8,False,BULL_STRUCTURE,BULL_STRUCTURE,1.0,0.4816642849098232685784548266,0.4816642849098232685784548266
2025-10-10 00:00:00+00:00,2,CRASH,0.6719442719318832,True,9,False,BULL_STRUCTURE,BULL_STRUCTURE,1.0,0.4627602115275891558769342427,0.4627602115275891558769342427
2025-10-11 00:00:00+00:00,2,CRASH,0.00029589499924886166,False,9,False,BULL_STRUCTURE,BULL_STRUCTURE,1.0,0.4580229650922160183682137346,0.4580229650922160183682137346
2025-10-12 00:00:00+00:00,2,CRASH,9.274294153849878e-12,False,9,False,BULL_STRUCTURE,BULL_STRUCTURE,1.0,0.4675327592530025904351112854,0.4675327592530025904351112854
2025-10-13 00:00:00+00:00,0,EUPHORIA,0.9999898060619935,True,3,False,BULL_STRUCTURE,BULL_STRUCTURE,1.0,0.4679810777472538837931111266,0.4679810777472538837931111266
2025-10-14 00:00:00+00:00,0,EUPHORIA,0.9997685925256037,True,4,False,BULL_STRUCTURE,BULL_STRUCTURE,1.0,0.4633187836290727400420736643,0.4633187836290727400420736643
2025-10-15 00:00:00+00:00,0,EUPHORIA,0.9976318373339622,True,5,False,BULL_STRUCTURE,BULL_STRUCTURE,1.0,0.4582895489366386762165383722,0.4582895489366386762165383722
2025-10-16 00:00:00+00:00,0,EUPHORIA,0.984797179587026,True,6,False,BULL_STRUCTURE,BULL_STRUCTURE,1.0,0.4524696363988205954189868805,0.4524696363988205954189868805
2025-10-17 00:00:00+00:00,0,EUPHORIA,0.4707696264577227,False,6,False,BULL_STRUCTURE,BULL_STRUCTURE,1.0,0.4484037031253022108952609901,0.4484037031253022108952609901
2025-10-18 00:00:00+00:00,0,EUPHORIA,0.006331455429330657,False,6,False,BULL_STRUCTURE,BULL_STRUCTURE,1.0,0.4501488367403276389332748064,0.4501488367403276389332748064
2025-10-19 00:00:00+00:00,3,NEUTRAL,0.9983037346958196,True,3,False,BULL_STRUCTURE,BULL_STRUCTURE,1.0,0.95,0.95
2025-10-20 00:00:00+00:00,3,NEUTRAL,0.86818679124817,True,4,False,BULL_STRUCTURE,BULL_STRUCTURE,1.0,0.9514154556461029923086889214,0.9514154556461029923086889214
2025-10-21 00:00:00+00:00,3,NEUTRAL,0.010119288456500656,False,4,False,BULL_STRUCTURE,BULL_STRUCTURE,1.0,0.475,0.475
2025-10-22 00:00:00+00:00,3,NEUTRAL,1.147471785315752e-05,False,4,False,BULL_STRUCTURE,BULL_STRUCTURE,1.0,0.4736048528181241815719991249,0.4736048528181241815719991249
2025-10-23 00:00:00+00:00,2,CRASH,0.9978624171353497,True,3,False,BULL_STRUCTURE,BULL_STRUCTURE,1.0,0.4793602378799760530603022004,0.4793602378799760530603022004
2025-10-24 00:00:00+00:00,2,CRASH,0.9991834726562392,True,4,False,BULL_STRUCTURE,BULL_STRUCTURE,1.0,0.4814528698275019452647208266,0.4814528698275019452647208266
2025-10-25 00:00:00+00:00,2,CRASH,0.9999862926591006,True,5,False,BULL_STRUCTURE,BULL_STRUCTURE,1.0,0.4828913665308701368279274679,0.4828913665308701368279274679
2025-10-26 00:00:00+00:00,2,CRASH,0.9996623557301813,True,6,False,BULL_STRUCTURE,BULL_STRUCTURE,1.0,0.4893257808442097099624327899,0.4893257808442097099624327899
2025-10-27 00:00:00+00:00,2,CRASH,0.9889970826154987,True,7,False,BULL_STRUCTURE,BULL_STRUCTURE,1.0,0.4883384827857572874619934798,0.4883384827857572874619934798
2025-10-28 00:00:00+00:00,2,CRASH,0.9991344666262013,True,8,False,BULL_STRUCTURE,BULL_STRUCTURE,1.0,0.4856768976705820679283278986,0.4856768976705820679283278986
2025-10-29 00:00:00+00:00,2,CRASH,0.9911490737221541,True,9,False,BULL_STRUCTURE,BULL_STRUCTURE,1.0,0.4792312224545132882288595369,0.4792312224545132882288595369
2025-10-30 00:00:00+00:00,2,CRASH,0.047377184440562235,False,9,False,BULL_STRUCTURE,BULL_STRUCTURE,1.0,0.4753498914846936580422379614,0.4753498914846936580422379614
2025-10-31 00:00:00+00:00,2,CRASH,3.9501917951726485e-07,False,9,False,BULL_STRUCTURE,BULL_STRUCTURE,1.0,0.4782920611148771583859620461,0.4782920611148771583859620461
2025-11-01 00:00:00+00:00,1,BEAR,0.999833089640005,True,3,False,BULL_STRUCTURE,BULL_STRUCTURE,1.0,0.95,0.95
2025-11-02 00:00:00+00:00,1,BEAR,0.9998308134472925,True,4,False,BULL_STRUCTURE,BULL_STRUCTURE,1.0,0.9507689357231468980207199247,0.9507689357231468980207199247
2025-11-03 00:00:00+00:00,1,BEAR,0.9927726436619374,True,5,False,TRANSITION,BULL_STRUCTURE,0.6,0.9490340566608297471041148690,0.6
2025-11-04 00:00:00+00:00,1,BEAR,0.7767033604169005,True,6,False,TRANSITION,BULL_STRUCTURE,0.6,0.95,0.6
2025-11-05 00:00:00+00:00,1,BEAR,0.037596283972790585,False,6,False,TRANSITION,BULL_STRUCTURE,0.6,0.6055755016972475164239441201,0.6
2025-11-06 00:00:00+00:00,1,BEAR,0.0001276441676437047,False,6,False,TRANSITION,BULL_STRUCTURE,0.6,0.5940490584038898438486563583,0.5940490584038898438486563583
2025-11-07 00:00:00+00:00,0,EUPHORIA,0.9999996727356655,True,3,False,TRANSITION,TRANSITION,0.6,0.5987367702484487006563324062,0.5987367702484487006563324062
2025-11-08 00:00:00+00:00,0,EUPHORIA,0.9880038699957647,True,4,False,TRANSITION,TRANSITION,0.6,0.5963368486010633677258151614,0.5963368486010633677258151614
2025-11-09 00:00:00+00:00,0,EUPHORIA,0.9219046558545955,True,5,False,TRANSITION,TRANSITION,0.6,0.6019285346008164844916626177,0.6
2025-11-10 00:00:00+00:00,0,EUPHORIA,0.40280828411277625,False,5,False,TRANSITION,TRANSITION,0.6,0.25,0.25
2025-11-11 00:00:00+00:00,0,EUPHORIA,0.1284007579255704,False,5,False,TRANSITION,TRANSITION,0.6,0.2448533649557949490447650312,0.2448533649557949490447650312
2025-11-12 00:00:00+00:00,2,CRASH,0.991625274544224,True,3,False,TRANSITION,TRANSITION,0.6,0.50,0.50
2025-11-13 00:00:00+00:00,2,CRASH,0.9984923387071767,True,4,False,TRANSITION,TRANSITION,0.6,0.4952923193244446325757099889,0.4952923193244446325757099889
2025-11-14 00:00:00+00:00,2,CRASH,0.9996140893977555,True,5,False,TRANSITION,TRANSITION,0.6,0.4821768388920115861390598542,0.4821768388920115861390598542
2025-11-15 00:00:00+00:00,2,CRASH,0.6032157432873864,True,6,False,TRANSITION,TRANSITION,0.6,0.4848088208346758223092016954,0.4848088208346758223092016954
2025-11-16 00:00:00+00:00,2,CRASH,0.9612046708778242,True,7,False,TRANSITION,TRANSITION,0.6,0.4812975510565445871993616050,0.4812975510565445871993616050
2025-11-17 00:00:00+00:00,2,CRASH,0.958031427845564,True,8,False,TRANSITION,TRANSITION,0.6,0.4758207277536574451392208191,0.4758207277536574451392208191
2025-11-18 00:00:00+00:00,2,CRASH,0.00024169301649900525,False,8,False,TRANSITION,TRANSITION,0.6,0.4778298736192554032709917933,0.4778298736192554032709917933
2025-11-19 00:00:00+00:00,2,CRASH,0.5673060321803259,True,9,False,TRANSITION,TRANSITION,0.6,0.4740290278645945494140270987,0.4740290278645945494140270987
2025-11-20 00:00:00+00:00,2,CRASH,0.02546862898988272,False,9,False,TRANSITION,TRANSITION,0.6,0.4602870066589496017610637320,0.4602870066589496017610637320
2025-11-21 00:00:00+00:00,2,CRASH,1.1111406670927274e-05,False,9,False,TRANSITION,TRANSITION,0.6,0.4559286400241411406192240540,0.4559286400241411406192240540
2025-11-22 00:00:00+00:00,0,EUPHORIA,0.9999649195183951,True,3,False,TRANSITION,TRANSITION,0.6,0.4547907517450242838727547316,0.4547907517450242838727547316
2025-11-23 00:00:00+00:00,0,EUPHORIA,0.9966971496664001,True,4,False,TRANSITION,TRANSITION,0.6,0.4608391882489194986351993734,0.4608391882489194986351993734
2025-11-24 00:00:00+00:00,0,EUPHORIA,0.7321882485754555,True,5,False,TRANSITION,TRANSITION,0.6,0.4650130978664794454817677742,0.4650130978664794454817677742
2025-11-25 00:00:00+00:00,0,EUPHORIA,4.825314723920879e-05,False,5,False,TRANSITION,TRANSITION,0.6,0.4623798833490103571856344580,0.4623798833490103571856344580
2025-11-26 00:00:00+00:00,0,EUPHORIA,2.6737775877813714e-09,False,5,False,TRANSITION,TRANSITION,0.6,0.4710963472650172423340412927,0.4710963472650172423340412927
2025-11-27 00:00:00+00:00,4,BULL,0.9999999993542588,True,3,False,TRANSITION,TRANSITION,0.6,0.4734264765988399685024862833,0.4734264765988399685024862833
2025-11-28 00:00:00+00:00,4,BULL,0.9999999999654392,True,4,False,TRANSITION,TRANSITION,0.6,0.4722138501525177337526499355,0.4722138501525177337526499355
2025-11-29 00:00:00+00:00,4,BULL,0.999999998277417,True,5,False,TRANSITION,TRANSITION,0.6,0.4719717247392941235891794290,0.4719717247392941235891794290
2025-11-30 00:00:00+00:00,4,BULL,0.9999999999108695,True,6,False,TRANSITION,TRANSITION,0.6,0.4707546144713747369050004501,0.4707546144713747369050004501
2025-12-01 00:00:00+00:00,4,CRASH,0.9594203534306188,True,1,False,TRANSITION,TRANSITION,0.6,0.4592780386314736926524226833,0.4592780386314736926524226833
2025-12-02 00:00:00+00:00,4,CRASH,0.004213333699942215,False,1,False,BEAR_STRUCTURE,TRANSITION,0.3,0.4732733903726721404014380521,0.3
2025-12-03 00:00:00+00:00,4,CRASH,3.459441188401738e-06,False,1,False,BEAR_STRUCTURE,TRANSITION,0.3,0.3049839527575509360866037996,0.3
2025-12-04 00:00:00+00:00,3,EUPHORIA,0.9998975196672747,True,3,False,BEAR_STRUCTURE,TRANSITION,0.3,0.60,0.3
2025-12-05 00:00:00+00:00,3,EUPHORIA,0.9984865016492493,True,4,False,BEAR_STRUCTURE,TRANSITION,0.3,0.60,0.3
2025-12-06 00:00:00+00:00,3,EUPHORIA,0.9999999933638719,True,5,False,BEAR_STRUCTURE,BEAR_STRUCTURE,0.3,0.60,0.3
2025-12-07 00:00:00+00:00,3,EUPHORIA,0.9999998551516106,True,6,False,BEAR_STRUCTURE,BEAR_STRUCTURE,0.3,0.60,0.3
2025-12-08 00:00:00+00:00,3,EUPHORIA,0.9999132379535788,True,7,False,BEAR_STRUCTURE,BEAR_STRUCTURE,0.3,0.60,0.3
2025-12-09 00:00:00+00:00,3,EUPHORIA,0.9998738545435317,True,8,False,BEAR_STRUCTURE,BEAR_STRUCTURE,0.3,0.60,0.3
2025-12-10 00:00:00+00:00,3,EUPHORIA,0.8987656445712137,True,9,False,BEAR_STRUCTURE,BEAR_STRUCTURE,0.3,0.60,0.3
2025-12-11 00:00:00+00:00,3,EUPHORIA,0.26692524978865,False,9,False,BEAR_STRUCTURE,BEAR_STRUCTURE,0.3,0.3011345745938673241083935034,0.3
2025-12-12 00:00:00+00:00,3,EUPHORIA,0.0005533696234234112,False,9,False,BEAR_STRUCTURE,BEAR_STRUCTURE,0.3,0.2948652420509056809833015642,0.2948652420509056809833015642
2025-12-13 00:00:00+00:00,4,CRASH,0.9999796688264253,True,3,False,BEAR_STRUCTURE,BEAR_STRUCTURE,0.3,0.2947997978147671145560343580,0.2947997978147671145560343580
2025-12-14 00:00:00+00:00,4,CRASH,0.9999718791216274,True,4,False,BEAR_STRUCTURE,BEAR_STRUCTURE,0.3,0.2900035550983188787032860513,0.2900035550983188787032860513
2025-12-15 00:00:00+00:00,4,CRASH,0.9999986942188456,True,5,False,BEAR_STRUCTURE,BEAR_STRUCTURE,0.3,0.2859166702773048401067529877,0.2859166702773048401067529877
2025-12-16 00:00:00+00:00,4,CRASH,0.9998085322982256,True,6,False,BEAR_STRUCTURE,BEAR_STRUCTURE,0.3,0.2892818227318881619596726210,0.2892818227318881619596726210
2025-12-17 00:00:00+00:00,4,CRASH,0.9999974935494299,True,7,False,BEAR_STRUCTURE,BEAR_STRUCTURE,0.3,0.2854702696439470498642185470,0.2854702696439470498642185470
2025-12-18 00:00:00+00:00,4,CRASH,0.9999995597942021,True,8,False,BEAR_STRUCTURE,BEAR_STRUCTURE,0.3,0.2837471191933739612660545464,0.2837471191933739612660545464
2025-12-19 00:00:00+00:00,4,CRASH,0.9984960143133529,True,9,False,BEAR_STRUCTURE,BEAR_STRUCTURE,0.3,0.2899212757324279724080675487,0.2899212757324279724080675487
2025-12-20 00:00:00+00:00,4,CRASH,0.9995842145642918,True,10,False,BEAR_STRUCTURE,BEAR_STRUCTURE,0.3,0.2904440079279420189048419162,0.2904440079279420189048419162
2025-12-21 00:00:00+00:00,4,CRASH,0.9972694116971635,True,11,False,BEAR_STRUCTURE,BEAR_STRUCTURE,0.3,0.2911382673587244718428014792,0.2911382673587244718428014792
2025-12-22 00:00:00+00:00,4,CRASH,0.9964310117323711,True,12,False,BEAR_STRUCTURE,BEAR_STRUCTURE,0.3,0.2910496383574265788285945630,0.2910496383574265788285945630
2025-12-23 00:00:00+00:00,4,CRASH,0.9999895497949524,True,13,False,BEAR_STRUCTURE,BEAR_STRUCTURE,0.3,0.2883975721119866913157896133,0.2883975721119866913157896133
2025-12-24 00:00:00+00:00,4,CRASH,0.9999991415888009,True,14,False,BEAR_STRUCTURE,BEAR_STRUCTURE,0.3,0.2888276485199028145493304652,0.2888276485199028145493304652
2025-12-25 00:00:00+00:00,4,CRASH,0.9999996393067445,True,15,False,BEAR_STRUCTURE,BEAR_STRUCTURE,0.3,0.2877854262748646054957218351,0.2877854262748646054957218351
2025-12-26 00:00:00+00:00,4,CRASH,0.9999711781608221,True,16,False,BEAR_STRUCTURE,BEAR_STRUCTURE,0.3,0.2881243226024846300850150892,0.2881243226024846300850150892
2025-12-27 00:00:00+00:00,4,CRASH,0.9999997631225878,True,17,False,BEAR_STRUCTURE,BEAR_STRUCTURE,0.3,0.2893136215142088830312493938,0.2893136215142088830312493938
2025-12-28 00:00:00+00:00,4,CRASH,0.9999928679826224,True,18,False,BEAR_STRUCTURE,BEAR_STRUCTURE,0.3,0.2894906973327215674587990510,0.2894906973327215674587990510
2025-12-29 00:00:00+00:00,4,CRASH,0.9999741641167605,True,19,False,BEAR_STRUCTURE,BEAR_STRUCTURE,0.3,0.2878132942250910188250687543,0.2878132942250910188250687543
2025-12-30 00:00:00+00:00,4,CRASH,0.9999008149704186,True,20,False,BEAR_STRUCTURE,BEAR_STRUCTURE,0.3,0.2907344732751177233163266165,0.2907344732751177233163266165
2025-12-31 00:00:00+00:00,4,CRASH,0.9999985273199784,True,21,False,BEAR_STRUCTURE,BEAR_STRUCTURE,0.3,0.2887779039457502817712909727,0.2887779039457502817712909727
2026-01-01 00:00:00+00:00,4,CRASH,0.9999996707743408,True,22,False,BEAR_STRUCTURE,BEAR_STRUCTURE,0.3,0.2915574356086088515092708713,0.2915574356086088515092708713
2026-01-02 00:00:00+00:00,4,CRASH,0.9999764347051467,True,23,False,BEAR_STRUCTURE,BEAR_STRUCTURE,0.3,0.2942351971839679758400503860,0.2942351971839679758400503860
2026-01-03 00:00:00+00:00,4,CRASH,0.9998102111340884,True,24,False,BEAR_STRUCTURE,BEAR_STRUCTURE,0.3,0.2956925317949583334943006383,0.2956925317949583334943006383
2026-01-04 00:00:00+00:00,4,CRASH,0.9994735714378167,True,25,False,BEAR_STRUCTURE,BEAR_STRUCTURE,0.3,0.2977585591567212968642445984,0.2977585591567212968642445984
2026-01-05 00:00:00+00:00,4,CRASH,0.8200632381577427,True,26,False,BEAR_STRUCTURE,BEAR_STRUCTURE,0.3,0.3030413241922508230944333095,0.3
2026-01-06 00:00:00+00:00,4,CRASH,0.5704853518895746,True,27,False,BEAR_STRUCTURE,BEAR_STRUCTURE,0.3,0.2997494199312806002055753065,0.2997494199312806002055753065
2026-01-07 00:00:00+00:00,4,CRASH,0.9065747166681225,True,28,False,BEAR_STRUCTURE,BEAR_STRUCTURE,0.3,0.2943711269168577326106025804,0.2943711269168577326106025804
2026-01-08 00:00:00+00:00,4,CRASH,0.9344533291947134,True,29,False,BEAR_STRUCTURE,BEAR_STRUCTURE,0.3,0.2937700237882700007403467203,0.2937700237882700007403467203
2026-01-09 00:00:00+00:00,4,CRASH,0.9108396377921636,True,30,False,BEAR_STRUCTURE,BEAR_STRUCTURE,0.3,0.2927238197568680838505221897,0.2927238197568680838505221897
2026-01-10 00:00:00+00:00,4,CRASH,0.8179842520175481,True,31,False,BEAR_STRUCTURE,BEAR_STRUCTURE,0.3,0.2924117154398006189557091464,0.2924117154398006189557091464
2026-01-11 00:00:00+00:00,4,CRASH,0.7347278044872063,True,32,False,BEAR_STRUCTURE,BEAR_STRUCTURE,0.3,0.2935733401314874481569879267,0.2935733401314874481569879267
2026-01-12 00:00:00+00:00,4,CRASH,0.02183648681958181,False,32,False,BEAR_STRUCTURE,BEAR_STRUCTURE,0.3,0.2942165857584616368543930848,0.2942165857584616368543930848
2026-01-13 00:00:00+00:00,4,CRASH,0.21781460572533726,False,32,False,BEAR_STRUCTURE,BEAR_STRUCTURE,0.3,0.3034598602042192188479142881,0.3
2026-01-14 00:00:00+00:00,2,NEUTRAL,0.4821424520854842,True,3,False,BEAR_STRUCTURE,BEAR_STRUCTURE,0.3,0.3033692951162398935150820523,0.3
2026-01-15 00:00:00+00:00,2,NEUTRAL,0.054838659687318284,False,3,False,BEAR_STRUCTURE,BEAR_STRUCTURE,0.3,0.2970698208764706280175896686,0.2970698208764706280175896686
2026-01-16 00:00:00+00:00,2,NEUTRAL,0.00249709213598183,False,3,False,BEAR_STRUCTURE,BEAR_STRUCTURE,0.3,0.2969521605459407341988649723,0.2969521605459407341988649723
2026-01-17 00:00:00+00:00,1,BULL,0.9987256227984077,True,3,False,BEAR_STRUCTURE,BEAR_STRUCTURE,0.3,0.95,0.3
2026-01-18 00:00:00+00:00,1,BULL,0.1661487220095467,False,3,False,BEAR_STRUCTURE,BEAR_STRUCTURE,0.3,0.2967306473609396087653660279,0.2967306473609396087653660279
2026-01-19 00:00:00+00:00,1,BULL,1.0951659061010098e-06,False,3,False,BEAR_STRUCTURE,BEAR_STRUCTURE,0.3,0.2944013166483658276447886106,0.2944013166483658276447886106
2026-01-20 00:00:00+00:00,1,BULL,2.4591137395062463e-21,False,3,False,BEAR_STRUCTURE,BEAR_STRUCTURE,0.3,0.2848475072464518226676656797,0.2848475072464518226676656797
2026-01-21 00:00:00+00:00,1,BULL,3.901051870002469e-17,False,3,False,BEAR_STRUCTURE,BEAR_STRUCTURE,0.3,0.2872057500730762339848473169,0.2872057500730762339848473169
2026-01-22 00:00:00+00:00,4,CRASH,0.9689603920991866,True,3,False,BEAR_STRUCTURE,BEAR_STRUCTURE,0.3,0.2874458260858175034073463412,0.2874458260858175034073463412
2026-01-23 00:00:00+00:00,4,CRASH,0.06598451956083815,False,3,False,BEAR_STRUCTURE,BEAR_STRUCTURE,0.3,0.2875386423079665447370967137,0.2875386423079665447370967137
2026-01-24 00:00:00+00:00,4,CRASH,6.052236639227396e-08,False,3,False,BEAR_STRUCTURE,BEAR_STRUCTURE,0.3,0.2866804004078486186926361073,0.2866804004078486186926361073
2026-01-25 00:00:00+00:00,2,NEUTRAL,0.9999995334243246,True,3,False,BEAR_STRUCTURE,BEAR_STRUCTURE,0.3,0.95,0.3
2026-01-26 00:00:00+00:00,2,NEUTRAL,0.9999980980087355,True,4,False,BEAR_STRUCTURE,BEAR_STRUCTURE,0.3,0.95,0.3
2026-01-27 00:00:00+00:00,2,NEUTRAL,0.9999996654301517,True,5,False,BEAR_STRUCTURE,BEAR_STRUCTURE,0.3,0.95,0.3
2026-01-28 00:00:00+00:00,2,NEUTRAL,0.9999998431485561,True,6,False,BEAR_STRUCTURE,BEAR_STRUCTURE,0.3,0.95,0.3
2026-01-29 00:00:00+00:00,2,NEUTRAL,0.9999460852355593,True,7,False,BEAR_STRUCTURE,BEAR_STRUCTURE,0.3,0.95,0.3
2026-01-30 00:00:00+00:00,2,NEUTRAL,0.999979317058369,True,8,False,BEAR_STRUCTURE,BEAR_STRUCTURE,0.3,0.95,0.3
2026-01-31 00:00:00+00:00,2,NEUTRAL,0.15721642893283824,False,8,False,BEAR_STRUCTURE,BEAR_STRUCTURE,0.3,0.2859682250036418426440703115,0.2859682250036418426440703115
2026-02-01 00:00:00+00:00,2,NEUTRAL,3.353790927763371e-08,False,8,False,BEAR_STRUCTURE,BEAR_STRUCTURE,0.3,0.2813410219960085167288186348,0.2813410219960085167288186348
2026-02-02 00:00:00+00:00,4,CRASH,0.9999870635128936,True,3,True,BEAR_STRUCTURE,BEAR_STRUCTURE,0.3,0.2859617938410654529041279267,0.2859617938410654529041279267
2026-02-03 00:00:00+00:00,4,CRASH,0.9999870606502961,True,4,False,BEAR_STRUCTURE,BEAR_STRUCTURE,0.3,0.2781801470440914403660028733,0.2781801470440914403660028733
2026-02-04 00:00:00+00:00,4,CRASH,0.9999993040426182,True,5,False,BEAR_STRUCTURE,BEAR_STRUCTURE,0.3,0.2712117424312276754984125657,0.2712117424312276754984125657
2026-02-05 00:00:00+00:00,4,CRASH,1.0,True,6,False,BEAR_STRUCTURE,BEAR_STRUCTURE,0.3,0.50,0.3
2026-02-06 00:00:00+00:00,4,CRASH,0.7142964240986605,True,7,False,BEAR_STRUCTURE,BEAR_STRUCTURE,0.3,0.3247242346454787425698100567,0.3
2026-02-07 00:00:00+00:00,4,CRASH,0.9989327304371216,True,8,False,BEAR_STRUCTURE,BEAR_STRUCTURE,0.3,0.2961470151413899307066320901,0.2961470151413899307066320901
2026-02-08 00:00:00+00:00,4,CRASH,0.9957687674386103,True,9,False,BEAR_STRUCTURE,BEAR_STRUCTURE,0.3,0.2992647943131901512738000280,0.2992647943131901512738000280
2026-02-09 00:00:00+00:00,4,CRASH,0.4331982627724197,False,9,False,BEAR_STRUCTURE,BEAR_STRUCTURE,0.3,0.2986907014039176519387105427,0.2986907014039176519387105427
2026-02-10 00:00:00+00:00,4,CRASH,0.9994886766499212,True,10,False,BEAR_STRUCTURE,BEAR_STRUCTURE,0.3,0.2947964347638161731392842224,0.2947964347638161731392842224
2026-02-11 00:00:00+00:00,4,CRASH,0.9998041962889066,True,11,False,BEAR_STRUCTURE,BEAR_STRUCTURE,0.3,0.2894448790656148345928689746,0.2894448790656148345928689746
2026-02-12 00:00:00+00:00,4,CRASH,0.9409306974986323,True,12,False,BEAR_STRUCTURE,BEAR_STRUCTURE,0.3,0.2869517310213060345020288070,0.2869517310213060345020288070
2026-02-13 00:00:00+00:00,4,CRASH,0.002443817043126881,False,12,False,BEAR_STRUCTURE,BEAR_STRUCTURE,0.3,0.2948346943949504208357248538,0.2948346943949504208357248538
2026-02-14 00:00:00+00:00,4,CRASH,2.249610370767076e-08,False,12,False,BEAR_STRUCTURE,BEAR_STRUCTURE,0.3,0.2977485070875950496700295593,0.2977485070875950496700295593
2026-02-15 00:00:00+00:00,3,EUPHORIA,0.9999999960823516,True,3,False,BEAR_STRUCTURE,BEAR_STRUCTURE,0.3,0.60,0.3
2026-02-16 00:00:00+00:00,3,EUPHORIA,0.9999999874162314,True,4,False,BEAR_STRUCTURE,BEAR_STRUCTURE,0.3,0.60,0.3
2026-02-17 00:00:00+00:00,3,EUPHORIA,0.9999999838114492,True,5,False,BEAR_STRUCTURE,BEAR_STRUCTURE,0.3,0.60,0.3
2026-02-18 00:00:00+00:00,3,EUPHORIA,0.9999999565779953,True,6,False,BEAR_STRUCTURE,BEAR_STRUCTURE,0.3,0.60,0.3
2026-02-19 00:00:00+00:00,3,EUPHORIA,0.9999999029282709,True,7,False,BEAR_STRUCTURE,BEAR_STRUCTURE,0.3,0.60,0.3
2026-02-20 00:00:00+00:00,3,EUPHORIA,0.9999999927149474,True,8,False,BEAR_STRUCTURE,BEAR_STRUCTURE,0.3,0.60,0.3
2026-02-21 00:00:00+00:00,3,EUPHORIA,0.9999999999863576,True,9,False,BEAR_STRUCTURE,BEAR_STRUCTURE,0.3,0.60,0.3
2026-02-22 00:00:00+00:00,3,EUPHORIA,0.999999999990905,True,10,False,BEAR_STRUCTURE,BEAR_STRUCTURE,0.3,0.60,0.3
2026-02-23 00:00:00+00:00,3,EUPHORIA,0.999993685872976,True,11,False,BEAR_STRUCTURE,BEAR_STRUCTURE,0.3,0.60,0.3
2026-02-24 00:00:00+00:00,3,EUPHORIA,0.9999999772708181,True,12,False,BEAR_STRUCTURE,BEAR_STRUCTURE,0.3,0.60,0.3
2026-02-25 00:00:00+00:00,3,EUPHORIA,0.9999999928413672,True,13,False,BEAR_STRUCTURE,BEAR_STRUCTURE,0.3,0.60,0.3
2026-02-26 00:00:00+00:00,3,EUPHORIA,0.9999996204579286,True,14,False,BEAR_STRUCTURE,BEAR_STRUCTURE,0.3,0.60,0.3
2026-02-27 00:00:00+00:00,3,EUPHORIA,0.999999672164503,True,15,False,BEAR_STRUCTURE,BEAR_STRUCTURE,0.3,0.60,0.3
2026-02-28 00:00:00+00:00,3,EUPHORIA,0.9999999989195203,True,16,False,BEAR_STRUCTURE,BEAR_STRUCTURE,0.3,0.60,0.3
2026-03-01 00:00:00+00:00,3,EUPHORIA,0.9999999922993084,True,17,False,BEAR_STRUCTURE,BEAR_STRUCTURE,0.3,0.60,0.3
2026-03-02 00:00:00+00:00,3,EUPHORIA,0.9999982443193354,True,18,False,BEAR_STRUCTURE,BEAR_STRUCTURE,0.3,0.60,0.3
2026-03-03 00:00:00+00:00,3,EUPHORIA,0.9999975564135481,True,19,False,BEAR_STRUCTURE,BEAR_STRUCTURE,0.3,0.60,0.3
2026-03-04 00:00:00+00:00,3,EUPHORIA,0.9999810044640718,True,20,False,BEAR_STRUCTURE,BEAR_STRUCTURE,0.3,0.60,0.3
2026-03-05 00:00:00+00:00,3,EUPHORIA,0.6475094042330907,True,21,False,BEAR_STRUCTURE,BEAR_STRUCTURE,0.3,0.60,0.3
2026-03-06 00:00:00+00:00,3,EUPHORIA,0.005726705466599461,False,21,False,BEAR_STRUCTURE,BEAR_STRUCTURE,0.3,0.2916765649565246810642494162,0.2916765649565246810642494162
2026-03-07 00:00:00+00:00,3,EUPHORIA,0.010549229992453649,False,21,False,BEAR_STRUCTURE,BEAR_STRUCTURE,0.3,0.2890855611420539100622643252,0.2890855611420539100622643252
2026-03-08 00:00:00+00:00,4,CRASH,0.9928739180710145,True,3,False,BEAR_STRUCTURE,BEAR_STRUCTURE,0.3,0.2851168376825524552365396682,0.2851168376825524552365396682
2026-03-09 00:00:00+00:00,4,CRASH,0.9305838597433392,True,4,False,BEAR_STRUCTURE,BEAR_STRUCTURE,0.3,0.2926402245751134971073731575,0.2926402245751134971073731575
2026-03-10 00:00:00+00:00,4,CRASH,0.9692554991468368,True,5,False,BEAR_STRUCTURE,BEAR_STRUCTURE,0.3,0.2971978713590430101599821067,0.2971978713590430101599821067
2026-03-11 00:00:00+00:00,4,CRASH,0.9987423608022215,True,6,False,BEAR_STRUCTURE,BEAR_STRUCTURE,0.3,0.2979234226276531068245920511,0.2979234226276531068245920511
2026-03-12 00:00:00+00:00,4,CRASH,0.9946611867567986,True,7,False,BEAR_STRUCTURE,BEAR_STRUCTURE,0.3,0.2989632972530367424173980912,0.2989632972530367424173980912
2026-03-13 00:00:00+00:00,4,CRASH,0.9098809270529298,True,8,False,BEAR_STRUCTURE,BEAR_STRUCTURE,0.3,0.3001161397948012658404355959,0.3
2026-03-14 00:00:00+00:00,4,CRASH,0.9608407538118536,True,9,False,BEAR_STRUCTURE,BEAR_STRUCTURE,0.3,0.3009500891466816455797085301,0.3
2026-03-15 00:00:00+00:00,4,CRASH,0.6772098311757231,True,10,False,BEAR_STRUCTURE,BEAR_STRUCTURE,0.3,0.3046951326461719265365937752,0.3
2026-03-16 00:00:00+00:00,4,CRASH,0.027557595928319873,False,10,False,BEAR_STRUCTURE,BEAR_STRUCTURE,0.3,0.3059190689318154715596191919,0.3
2026-03-17 00:00:00+00:00,4,CRASH,0.027192140282228217,False,10,False,BEAR_STRUCTURE,BEAR_STRUCTURE,0.3,0.2972549497770482856145438579,0.2972549497770482856145438579
2026-03-18 00:00:00+00:00,4,CRASH,0.9825996634887455,True,11,False,BEAR_STRUCTURE,BEAR_STRUCTURE,0.3,0.2896473887501687123998540968,0.2896473887501687123998540968
2026-03-19 00:00:00+00:00,4,CRASH,0.9999462891928672,True,12,False,BEAR_STRUCTURE,BEAR_STRUCTURE,0.3,0.2858249142790198364045434703,0.2858249142790198364045434703
2026-03-20 00:00:00+00:00,4,CRASH,0.9998848730102926,True,13,False,BEAR_STRUCTURE,BEAR_STRUCTURE,0.3,0.2875160788953517965290272943,0.2875160788953517965290272943
2026-03-21 00:00:00+00:00,4,CRASH,0.9999999954488885,True,14,False,BEAR_STRUCTURE,BEAR_STRUCTURE,0.3,0.2828589209761064770682533229,0.2828589209761064770682533229
2026-03-22 00:00:00+00:00,4,CRASH,0.9999999860674508,True,15,False,BEAR_STRUCTURE,BEAR_STRUCTURE,0.3,0.2797279561676208396775707025,0.2797279561676208396775707025
2026-03-23 00:00:00+00:00,4,CRASH,0.9999533694757969,True,16,False,BEAR_STRUCTURE,BEAR_STRUCTURE,0.3,0.2886638883111081503486911476,0.2886638883111081503486911476
2026-03-24 00:00:00+00:00,4,CRASH,0.9999999954907253,True,17,False,BEAR_STRUCTURE,BEAR_STRUCTURE,0.3,0.2876497239079329226948748375,0.2876497239079329226948748375
2026-03-25 00:00:00+00:00,4,CRASH,0.9999999999054126,True,18,False,BEAR_STRUCTURE,BEAR_STRUCTURE,0.3,0.2899071744348803907898847287,0.2899071744348803907898847287
2026-03-26 00:00:00+00:00,4,CRASH,1.0,True,19,False,BEAR_STRUCTURE,BEAR_STRUCTURE,0.3,0.2825709168594876719686527003,0.2825709168594876719686527003
2026-03-27 00:00:00+00:00,4,CRASH,0.9999999999899956,True,20,False,BEAR_STRUCTURE,BEAR_STRUCTURE,0.3,0.2753917035097682326815958580,0.2753917035097682326815958580
2026-03-28 00:00:00+00:00,4,CRASH,0.9999999999818101,True,21,False,BEAR_STRUCTURE,BEAR_STRUCTURE,0.3,0.2753007921139226901979002695,0.2753007921139226901979002695
2026-03-29 00:00:00+00:00,4,CRASH,0.9999999975716491,True,22,False,BEAR_STRUCTURE,BEAR_STRUCTURE,0.3,0.2741987273958478432231334467,0.2741987273958478432231334467
2026-03-30 00:00:00+00:00,4,CRASH,0.9999982891327901,True,23,False,BEAR_STRUCTURE,BEAR_STRUCTURE,0.3,0.2765620145070726239467084679,0.2765620145070726239467084679
2026-03-31 00:00:00+00:00,4,CRASH,0.9999315973658495,True,24,False,BEAR_STRUCTURE,BEAR_STRUCTURE,0.3,0.2809890374488981156803590271,0.2809890374488981156803590271
2026-04-01 00:00:00+00:00,4,CRASH,0.9999882549626247,True,25,False,BEAR_STRUCTURE,BEAR_STRUCTURE,0.3,0.2804840448814009131133191312,0.2804840448814009131133191312
2026-04-02 00:00:00+00:00,4,CRASH,0.9998204744628593,True,26,False,BEAR_STRUCTURE,BEAR_STRUCTURE,0.3,0.2768752428930904373747217653,0.2768752428930904373747217653
2026-04-03 00:00:00+00:00,4,CRASH,0.9999757378269538,True,27,False,BEAR_STRUCTURE,BEAR_STRUCTURE,0.3,0.2770616678676856347784530651,0.2770616678676856347784530651
2026-04-04 00:00:00+00:00,4,CRASH,0.9999876499194688,True,28,False,BEAR_STRUCTURE,BEAR_STRUCTURE,0.3,0.2780656481259575401900252494,0.2780656481259575401900252494
2026-04-05 00:00:00+00:00,4,CRASH,0.998374897071469,True,29,False,BEAR_STRUCTURE,BEAR_STRUCTURE,0.3,0.2832003628658816222738424984,0.2832003628658816222738424984
2026-04-06 00:00:00+00:00,4,CRASH,0.3720495169693226,False,29,False,BEAR_STRUCTURE,BEAR_STRUCTURE,0.3,0.2826691427981338551030266551,0.2826691427981338551030266551
2026-04-07 00:00:00+00:00,4,CRASH,0.002117980135919633,False,29,False,BEAR_STRUCTURE,BEAR_STRUCTURE,0.3,0.2915990733206508684530480382,0.2915990733206508684530480382
2026-04-08 00:00:00+00:00,4,CRASH,0.012728248089222833,False,29,False,BEAR_STRUCTURE,BEAR_STRUCTURE,0.3,0.2891369930062953050868159451,0.2891369930062953050868159451
2026-04-09 00:00:00+00:00,4,CRASH,7.635421496183686e-05,False,29,False,BEAR_STRUCTURE,BEAR_STRUCTURE,0.3,0.2912075419385541135854320047,0.2912075419385541135854320047
2026-04-10 00:00:00+00:00,2,NEUTRAL,0.9999913357908278,True,3,False,BEAR_STRUCTURE,BEAR_STRUCTURE,0.3,0.95,0.3
2026-04-11 00:00:00+00:00,2,NEUTRAL,0.9999996855986449,True,4,False,BEAR_STRUCTURE,BEAR_STRUCTURE,0.3,0.95,0.3
2026-04-12 00:00:00+00:00,2,NEUTRAL,0.9999999860247045,True,5,False,BEAR_STRUCTURE,BEAR_STRUCTURE,0.3,0.95,0.3
2026-04-13 00:00:00+00:00,2,NEUTRAL,0.9999995608687695,True,6,False,BEAR_STRUCTURE,BEAR_STRUCTURE,0.3,0.95,0.3
2026-04-14 00:00:00+00:00,2,NEUTRAL,0.9999999982665031,True,7,False,BEAR_STRUCTURE,BEAR_STRUCTURE,0.3,0.95,0.3
2026-04-15 00:00:00+00:00,2,NEUTRAL,0.9999999999299689,True,8,False,BEAR_STRUCTURE,BEAR_STRUCTURE,0.3,0.95,0.3
2026-04-16 00:00:00+00:00,2,NEUTRAL,0.9999999171259367,True,9,False,BEAR_STRUCTURE,BEAR_STRUCTURE,0.3,0.95,0.3
2026-04-17 00:00:00+00:00,2,NEUTRAL,0.9992246648431905,True,10,False,BEAR_STRUCTURE,BEAR_STRUCTURE,0.3,0.95,0.3
2026-04-18 00:00:00+00:00,2,NEUTRAL,0.9999999881920304,True,11,False,BEAR_STRUCTURE,BEAR_STRUCTURE,0.3,0.95,0.3
2026-04-19 00:00:00+00:00,2,NEUTRAL,0.999999999996362,True,12,False,BEAR_STRUCTURE,BEAR_STRUCTURE,0.3,0.95,0.3
2026-04-20 00:00:00+00:00,2,NEUTRAL,0.9999999390320246,True,13,False,BEAR_STRUCTURE,BEAR_STRUCTURE,0.3,0.95,0.3
2026-04-21 00:00:00+00:00,2,NEUTRAL,0.9999999155643344,True,14,False,BEAR_STRUCTURE,BEAR_STRUCTURE,0.3,0.95,0.3
2026-04-22 00:00:00+00:00,2,NEUTRAL,0.9999971801220194,True,15,False,BEAR_STRUCTURE,BEAR_STRUCTURE,0.3,0.95,0.3
2026-04-23 00:00:00+00:00,2,NEUTRAL,0.9998856541329522,True,16,False,BEAR_STRUCTURE,BEAR_STRUCTURE,0.3,0.95,0.3
2026-04-24 00:00:00+00:00,2,NEUTRAL,0.9998120995546087,True,17,False,BEAR_STRUCTURE,BEAR_STRUCTURE,0.3,0.95,0.3
2026-04-25 00:00:00+00:00,2,NEUTRAL,0.9997350019365144,True,18,False,BEAR_STRUCTURE,BEAR_STRUCTURE,0.3,0.95,0.3
2026-04-26 00:00:00+00:00,2,NEUTRAL,0.9968670505902605,True,19,False,BEAR_STRUCTURE,BEAR_STRUCTURE,0.3,0.95,0.3
2026-04-27 00:00:00+00:00,2,NEUTRAL,0.9985235845006603,True,20,False,BEAR_STRUCTURE,BEAR_STRUCTURE,0.3,0.95,0.3
2026-04-28 00:00:00+00:00,2,NEUTRAL,0.9761413401149936,True,21,False,BEAR_STRUCTURE,BEAR_STRUCTURE,0.3,0.95,0.3
2026-04-29 00:00:00+00:00,2,NEUTRAL,0.5778204552155163,True,22,False,BEAR_STRUCTURE,BEAR_STRUCTURE,0.3,0.95,0.3
2026-04-30 00:00:00+00:00,2,NEUTRAL,0.0024041137480897055,False,22,False,BEAR_STRUCTURE,BEAR_STRUCTURE,0.3,0.3015664949955044091397529487,0.3
2026-05-01 00:00:00+00:00,2,NEUTRAL,9.602790940673593e-06,False,22,False,BEAR_STRUCTURE,BEAR_STRUCTURE,0.3,0.3051455890361517158286818732,0.3
2026-05-02 00:00:00+00:00,0,BEAR,0.9999375785902662,True,3,False,BEAR_STRUCTURE,BEAR_STRUCTURE,0.3,0.3012219299237667737044892225,0.3
2026-05-03 00:00:00+00:00,0,BEAR,0.9993623995975448,True,4,False,BEAR_STRUCTURE,BEAR_STRUCTURE,0.3,0.2996835631801572341065138391,0.2996835631801572341065138391
2026-05-04 00:00:00+00:00,0,BEAR,0.9998962873076014,True,5,False,BEAR_STRUCTURE,BEAR_STRUCTURE,0.3,0.3031190088442303712012329418,0.3
2026-05-05 00:00:00+00:00,0,BEAR,0.9998785471198024,True,6,False,BEAR_STRUCTURE,BEAR_STRUCTURE,0.3,0.3027358659761096689460031773,0.3
2026-05-06 00:00:00+00:00,0,BEAR,0.9997048590563746,True,7,False,BEAR_STRUCTURE,BEAR_STRUCTURE,0.3,0.3014021892170659190010789005,0.3
2026-05-07 00:00:00+00:00,0,BEAR,0.998813037076577,True,8,False,BEAR_STRUCTURE,BEAR_STRUCTURE,0.3,0.2962648592614325293274875342,0.2962648592614325293274875342
2026-05-08 00:00:00+00:00,0,BEAR,0.9970899055982483,True,9,False,BEAR_STRUCTURE,BEAR_STRUCTURE,0.3,0.2967522779292153928613994791,0.2967522779292153928613994791
2026-05-09 00:00:00+00:00,0,BEAR,0.9813075897337888,True,10,False,BEAR_STRUCTURE,BEAR_STRUCTURE,0.3,0.2980127509301367485702198790,0.2980127509301367485702198790
2026-05-10 00:00:00+00:00,0,BEAR,0.932788177542201,True,11,False,BEAR_STRUCTURE,BEAR_STRUCTURE,0.3,0.3019620661612892198168584942,0.3
2026-05-11 00:00:00+00:00,0,BEAR,0.7688084351944997,True,12,False,BEAR_STRUCTURE,BEAR_STRUCTURE,0.3,0.2988113553598787445130533960,0.2988113553598787445130533960
2026-05-12 00:00:00+00:00,0,BEAR,0.6629570000064648,True,13,False,BEAR_STRUCTURE,BEAR_STRUCTURE,0.3,0.2956155747345077628507096567,0.2956155747345077628507096567
2026-05-13 00:00:00+00:00,0,BEAR,0.7475023091211069,True,14,False,BEAR_STRUCTURE,BEAR_STRUCTURE,0.3,0.2925218543919554904139216388,0.2925218543919554904139216388
2026-05-14 00:00:00+00:00,0,BEAR,0.8794822349400055,True,15,False,BEAR_STRUCTURE,BEAR_STRUCTURE,0.3,0.2971267889895536508061879171,0.2971267889895536508061879171
2026-05-15 00:00:00+00:00,0,BEAR,0.9996308466079344,True,16,False,BEAR_STRUCTURE,BEAR_STRUCTURE,0.3,0.2919985643673325752366896847,0.2919985643673325752366896847
2026-05-16 00:00:00+00:00,0,BEAR,0.9999070213552379,True,17,False,BEAR_STRUCTURE,BEAR_STRUCTURE,0.3,0.2894674310859821400487451995,0.2894674310859821400487451995
2026-05-17 00:00:00+00:00,0,BEAR,0.9993314972354647,True,18,False,BEAR_STRUCTURE,BEAR_STRUCTURE,0.3,0.2876457776148082582010165288,0.2876457776148082582010165288
2026-05-18 00:00:00+00:00,0,BEAR,0.9845868716665938,True,19,False,BEAR_STRUCTURE,BEAR_STRUCTURE,0.3,0.2864379648063672725770521879,0.2864379648063672725770521879
2026-05-19 00:00:00+00:00,0,BEAR,0.29186451655788326,False,19,False,BEAR_STRUCTURE,BEAR_STRUCTURE,0.3,0.2859930544837679284421065558,0.2859930544837679284421065558
2026-05-20 00:00:00+00:00,0,BEAR,0.0013459910568357843,False,19,False,BEAR_STRUCTURE,BEAR_STRUCTURE,0.3,0.2878958378079157489227053588,0.2878958378079157489227053588
2026-05-21 00:00:00+00:00,1,BULL,0.9999976507188277,True,3,False,BEAR_STRUCTURE,BEAR_STRUCTURE,0.3,0.95,0.3
2026-05-22 00:00:00+00:00,1,BULL,0.9981229536084806,True,4,False,BEAR_STRUCTURE,BEAR_STRUCTURE,0.3,0.95,0.3
2026-05-23 00:00:00+00:00,1,BULL,0.9967104223008378,True,5,False,BEAR_STRUCTURE,BEAR_STRUCTURE,0.3,0.95,0.3
2026-05-24 00:00:00+00:00,1,BULL,0.9987444993595265,True,6,False,BEAR_STRUCTURE,BEAR_STRUCTURE,0.3,0.95,0.3
2026-05-25 00:00:00+00:00,1,BULL,0.9997757826570116,True,7,False,BEAR_STRUCTURE,BEAR_STRUCTURE,0.3,0.95,0.3
2026-05-26 00:00:00+00:00,1,BULL,0.9973100343691658,True,8,False,BEAR_STRUCTURE,BEAR_STRUCTURE,0.3,0.95,0.3
2026-05-27 00:00:00+00:00,1,BULL,0.9960791596135687,True,9,False,BEAR_STRUCTURE,BEAR_STRUCTURE,0.3,0.95,0.3
2026-05-28 00:00:00+00:00,1,BULL,0.995783187100834,True,10,False,BEAR_STRUCTURE,BEAR_STRUCTURE,0.3,0.95,0.3
2026-05-29 00:00:00+00:00,1,BULL,0.9969187059420523,True,11,False,BEAR_STRUCTURE,BEAR_STRUCTURE,0.3,0.95,0.3
2026-05-30 00:00:00+00:00,1,BULL,0.9982320365406093,True,12,False,BEAR_STRUCTURE,BEAR_STRUCTURE,0.3,0.95,0.3
2026-05-31 00:00:00+00:00,1,BULL,0.9985854587627319,True,13,False,BEAR_STRUCTURE,BEAR_STRUCTURE,0.3,0.95,0.3
2026-06-01 00:00:00+00:00,2,NEUTRAL,0.9999837357799385,True,1,False,BEAR_STRUCTURE,BEAR_STRUCTURE,0.3,0.95,0.3
2026-06-02 00:00:00+00:00,2,NEUTRAL,0.24021083701527998,False,1,False,BEAR_STRUCTURE,BEAR_STRUCTURE,0.3,0.2860611202563468986367403979,0.2860611202563468986367403979
2026-06-03 00:00:00+00:00,2,NEUTRAL,0.0005152874635831853,False,1,False,BEAR_STRUCTURE,BEAR_STRUCTURE,0.3,0.2779612035232182595893286257,0.2779612035232182595893286257
2026-06-04 00:00:00+00:00,2,NEUTRAL,1.9598088870187082e-08,False,1,False,BEAR_STRUCTURE,BEAR_STRUCTURE,0.3,0.2771569221674664492078462883,0.2771569221674664492078462883
2026-06-05 00:00:00+00:00,2,NEUTRAL,4.8334959064511024e-09,False,1,False,BEAR_STRUCTURE,BEAR_STRUCTURE,0.3,0.2681735169453318676960262664,0.2681735169453318676960262664
2026-06-06 00:00:00+00:00,4,CRASH,0.999146646940857,True,3,False,BEAR_STRUCTURE,BEAR_STRUCTURE,0.3,0.2676207147177826791712917865,0.2676207147177826791712917865
2026-06-07 00:00:00+00:00,4,CRASH,0.9999904403718943,True,4,False,BEAR_STRUCTURE,BEAR_STRUCTURE,0.3,0.2754155033857260360830508786,0.2754155033857260360830508786
2026-06-08 00:00:00+00:00,4,CRASH,0.999873565536707,True,5,False,BEAR_STRUCTURE,BEAR_STRUCTURE,0.3,0.2746394538281488278140098620,0.2746394538281488278140098620
2026-06-09 00:00:00+00:00,4,CRASH,0.999636179972267,True,6,False,BEAR_STRUCTURE,BEAR_STRUCTURE,0.3,0.2703320881948329725692468774,0.2703320881948329725692468774
2026-06-10 00:00:00+00:00,4,CRASH,0.999986514955228,True,7,False,BEAR_STRUCTURE,BEAR_STRUCTURE,0.3,0.2696315896324092631801659629,0.2696315896324092631801659629
2026-06-11 00:00:00+00:00,4,CRASH,0.9999943790897936,True,8,False,BEAR_STRUCTURE,BEAR_STRUCTURE,0.3,0.2763406638529422423041987167,0.2763406638529422423041987167
2026-06-12 00:00:00+00:00,4,CRASH,0.9999998198686788,True,9,False,BEAR_STRUCTURE,BEAR_STRUCTURE,0.3,0.2761961198367420537638826023,0.2761961198367420537638826023
2026-06-13 00:00:00+00:00,4,CRASH,0.9999943457820116,True,10,False,BEAR_STRUCTURE,BEAR_STRUCTURE,0.3,0.2789462871407101958416268821,0.2789462871407101958416268821
2026-06-14 00:00:00+00:00,4,CRASH,0.10330272911664033,False,10,False,BEAR_STRUCTURE,BEAR_STRUCTURE,0.3,0.2829444519404780119385484179,0.2829444519404780119385484179
2026-06-15 00:00:00+00:00,4,CRASH,5.068425829708065e-10,False,10,False,BEAR_STRUCTURE,BEAR_STRUCTURE,0.3,0.2847368483217823977969440167,0.2847368483217823977969440167
2026-06-16 00:00:00+00:00,1,STRONG_BULL,0.9999983853903661,True,3,False,BEAR_STRUCTURE,BEAR_STRUCTURE,0.3,0.95,0.3
2026-06-17 00:00:00+00:00,1,STRONG_BULL,0.9999999536116786,True,4,False,BEAR_STRUCTURE,BEAR_STRUCTURE,0.3,0.95,0.3
2026-06-18 00:00:00+00:00,1,STRONG_BULL,0.999996197775952,True,5,False,BEAR_STRUCTURE,BEAR_STRUCTURE,0.3,0.95,0.3
2026-06-19 00:00:00+00:00,1,STRONG_BULL,0.9999569531339555,True,6,False,BEAR_STRUCTURE,BEAR_STRUCTURE,0.3,0.95,0.3
2026-06-20 00:00:00+00:00,1,STRONG_BULL,0.9994771398102608,True,7,False,BEAR_STRUCTURE,BEAR_STRUCTURE,0.3,0.95,0.3
2026-06-21 00:00:00+00:00,1,STRONG_BULL,0.9807287848033078,True,8,False,BEAR_STRUCTURE,BEAR_STRUCTURE,0.3,0.95,0.3
2026-06-22 00:00:00+00:00,1,STRONG_BULL,0.998618887591937,True,9,False,BEAR_STRUCTURE,BEAR_STRUCTURE,0.3,0.95,0.3
2026-06-23 00:00:00+00:00,1,STRONG_BULL,0.9996232832358891,True,10,False,BEAR_STRUCTURE,BEAR_STRUCTURE,0.3,0.95,0.3
2026-06-24 00:00:00+00:00,1,STRONG_BULL,0.783687496063791,True,11,False,BEAR_STRUCTURE,BEAR_STRUCTURE,0.3,0.95,0.3
2026-06-25 00:00:00+00:00,1,STRONG_BULL,0.0007951407657903819,False,11,False,BEAR_STRUCTURE,BEAR_STRUCTURE,0.3,0.2955586687392600054171520242,0.2955586687392600054171520242
2026-06-26 00:00:00+00:00,1,STRONG_BULL,2.6938959491455836e-05,False,11,False,BEAR_STRUCTURE,BEAR_STRUCTURE,0.3,0.2966130795116021410563116080,0.2966130795116021410563116080
2026-06-27 00:00:00+00:00,6,WEAK_BEAR,0.9965156127019732,True,3,False,BEAR_STRUCTURE,BEAR_STRUCTURE,0.3,0.60,0.3
2026-06-28 00:00:00+00:00,6,WEAK_BEAR,0.9971813008558037,True,4,False,BEAR_STRUCTURE,BEAR_STRUCTURE,0.3,0.60,0.3
2026-06-29 00:00:00+00:00,6,WEAK_BEAR,0.8941574706175807,True,5,False,BEAR_STRUCTURE,BEAR_STRUCTURE,0.3,0.60,0.3
2026-06-30 00:00:00+00:00,6,WEAK_BEAR,0.9954401561737064,True,6,False,BEAR_STRUCTURE,BEAR_STRUCTURE,0.3,0.60,0.3
2026-07-01 00:00:00+00:00,6,WEAK_BEAR,0.9873565412024573,True,7,False,BEAR_STRUCTURE,BEAR_STRUCTURE,0.3,0.60,0.3
2026-07-02 00:00:00+00:00,6,WEAK_BEAR,0.9990133313965956,True,8,False,BEAR_STRUCTURE,BEAR_STRUCTURE,0.3,0.60,0.3
2026-07-03 00:00:00+00:00,6,WEAK_BEAR,0.9999832681104719,True,9,False,BEAR_STRUCTURE,BEAR_STRUCTURE,0.3,0.60,0.3
2026-07-04 00:00:00+00:00,6,WEAK_BEAR,0.9999783333756409,True,10,False,BEAR_STRUCTURE,BEAR_STRUCTURE,0.3,0.60,0.3
2026-07-05 00:00:00+00:00,6,WEAK_BEAR,0.9997832011442526,True,11,False,BEAR_STRUCTURE,BEAR_STRUCTURE,0.3,0.60,0.3
2026-07-06 00:00:00+00:00,6,WEAK_BEAR,0.8922511143194027,True,12,False,BEAR_STRUCTURE,BEAR_STRUCTURE,0.3,0.60,0.3
2026-07-07 00:00:00+00:00,6,WEAK_BEAR,0.07613922822074794,False,12,False,BEAR_STRUCTURE,BEAR_STRUCTURE,0.3,0.2977666519814442126671257546,0.2977666519814442126671257546
2026-07-08 00:00:00+00:00,6,WEAK_BEAR,0.00046660660669235683,False,12,False,BEAR_STRUCTURE,BEAR_STRUCTURE,0.3,0.2942044981960653438817716007,0.2942044981960653438817716007
2026-07-09 00:00:00+00:00,1,STRONG_BULL,0.9990593652303358,True,3,False,BEAR_STRUCTURE,BEAR_STRUCTURE,0.3,0.95,0.3
2026-07-10 00:00:00+00:00,1,STRONG_BULL,0.9986990254684482,True,4,False,BEAR_STRUCTURE,BEAR_STRUCTURE,0.3,0.95,0.3
2026-07-11 00:00:00+00:00,1,STRONG_BULL,0.995506802775033,True,5,False,BEAR_STRUCTURE,BEAR_STRUCTURE,0.3,0.95,0.3
2026-07-12 00:00:00+00:00,1,STRONG_BULL,0.999147494853349,True,6,False,BEAR_STRUCTURE,BEAR_STRUCTURE,0.3,0.95,0.3
2026-07-13 00:00:00+00:00,1,STRONG_BULL,0.9955422511629033,True,7,False,BEAR_STRUCTURE,BEAR_STRUCTURE,0.3,0.95,0.3
2026-07-14 00:00:00+00:00,1,STRONG_BULL,0.0013250949312619451,False,7,False,BEAR_STRUCTURE,BEAR_STRUCTURE,0.3,0.3090110534925473266797001297,0.3
2026-07-15 00:00:00+00:00,1,STRONG_BULL,3.4491732041190184e-05,False,7,False,BEAR_STRUCTURE,BEAR_STRUCTURE,0.3,0.2990721888052457494749315277,0.2990721888052457494749315277
2026-07-16 00:00:00+00:00,5,WEAK_BULL,0.9131692283907348,True,3,False,BEAR_STRUCTURE,BEAR_STRUCTURE,0.3,0.60,0.3
2026-07-17 00:00:00+00:00,5,WEAK_BULL,0.9747343101612107,True,4,False,BEAR_STRUCTURE,BEAR_STRUCTURE,0.3,0.60,0.3
2026-07-18 00:00:00+00:00,5,WEAK_BULL,0.9669252718460193,True,5,False,BEAR_STRUCTURE,BEAR_STRUCTURE,0.3,0.60,0.3
2026-07-19 00:00:00+00:00,5,WEAK_BULL,0.4031678682810746,False,5,False,BEAR_STRUCTURE,BEAR_STRUCTURE,0.3,0.2996382934307039947770109846,0.2996382934307039947770109846
2026-07-20 00:00:00+00:00,5,WEAK_BULL,0.008260851497380286,False,5,False,BEAR_STRUCTURE,BEAR_STRUCTURE,0.3,0.3013621322167391746967260022,0.3
2026-07-21 00:00:00+00:00,1,STRONG_BULL,0.5494062169405525,True,3,False,BEAR_STRUCTURE,BEAR_STRUCTURE,0.3,0.3041597350943677633862333242,0.3
2026-07-22 00:00:00+00:00,1,STRONG_BULL,0.03505846162457532,False,3,False,BEAR_STRUCTURE,BEAR_STRUCTURE,0.3,0.2986040583389379009368895613,0.2986040583389379009368895613
2026-07-23 00:00:00+00:00,1,STRONG_BULL,0.1624851627654222,False,3,False,BEAR_STRUCTURE,BEAR_STRUCTURE,0.3,0.2953722374383922064053057573,0.2953722374383922064053057573
2026-07-24 00:00:00+00:00,1,STRONG_BULL,0.5468104473422469,True,4,False,BEAR_STRUCTURE,BEAR_STRUCTURE,0.3,0.2922928902014043304821869564,0.2922928902014043304821869564
2026-07-25 00:00:00+00:00,1,STRONG_BULL,0.5933130107820078,True,5,False,BEAR_STRUCTURE,BEAR_STRUCTURE,0.3,0.95,0.3
2026-07-26 00:00:00+00:00,1,STRONG_BULL,0.8635600585641714,True,6,False,BEAR_STRUCTURE,BEAR_STRUCTURE,0.3,0.95,0.3
2026-07-27 00:00:00+00:00,1,STRONG_BULL,0.7151126110325249,True,7,False,BEAR_STRUCTURE,BEAR_STRUCTURE,0.3,0.95,0.3
2026-07-28 00:00:00+00:00,1,STRONG_BULL,0.6666867993276266,True,8,False,BEAR_STRUCTURE,BEAR_STRUCTURE,0.3,0.95,0.3
2026-07-29 00:00:00+00:00,1,STRONG_BULL,0.06577271450436127,False,8,False,BEAR_STRUCTURE,BEAR_STRUCTURE,0.3,0.3002275796326748779101778528,0.3
2026-07-30 00:00:00+00:00,1,STRONG_BULL,0.0006717896604551552,False,8,False,BEAR_STRUCTURE,BEAR_STRUCTURE,0.3,0.3026012391826476370646718508,0.3
2026-07-31 00:00:00+00:00,5,WEAK_BULL,0.9981675246446112,True,3,False,BEAR_STRUCTURE,BEAR_STRUCTURE,0.3,0.60,0.3
2026-08-01 00:00:00+00:00,5,WEAK_BULL,0.9993547359931155,True,4,False,BEAR_STRUCTURE,BEAR_STRUCTURE,0.3,0.60,0.3
2026-08-02 00:00:00+00:00,5,WEAK_BULL,0.9985879392235895,True,5,False,BEAR_STRUCTURE,BEAR_STRUCTURE,0.3,0.60,0.3
2026-08-03 00:00:00+00:00,5,WEAK_BULL,0.9989103417392089,True,6,False,BEAR_STRUCTURE,BEAR_STRUCTURE,0.3,0.60,0.3
2026-08-04 00:00:00+00:00,5,WEAK_BULL,0.9997544091796681,True,7,False,BEAR_STRUCTURE,BEAR_STRUCTURE,0.3,0.60,0.3
