timestamp,cash,qty,price,equity,allocation_pct
2020-03-28 00:00:00+00:00,10000,0,6236.65,10000.00,0
2020-03-29 00:00:00+00:00,6996.102964298585,0.481027,5881.42,9825.224782638585,0.2879447423268247428398859630
2020-03-30 00:00:00+00:00,6877.197771236485,0.501221,6394.38,10082.195309216485,0.3178868728172921233714367152
2020-03-31 00:00:00+00:00,7057.331543659990,0.473014,6410.44,10089.559409819990,0.3005312465090186360956358594
2020-04-01 00:00:00+00:00,7063.248658757422,0.472090,6642.92,10199.304761557422,0.3074774385230869278133519476
2020-04-02 00:00:00+00:00,7139.561249972686,0.460588,6794.09,10268.837574892686,0.3047352051386110617105797301
2020-04-03 00:00:00+00:00,7188.053844960040,0.453441,6734.1,10241.570883060040,0.2981492851990739980427129166
2020-04-04 00:00:00+00:00,7168.718583794692,0.456309,6856.99,10297.624833704692,0.3038473726163452654593560898
2020-04-05 00:00:00+00:00,7208.426159932558,0.450511,6772.78,10259.638050512558,0.2973995647368442470441354982
2020-04-06 00:00:00+00:00,7181.713498138012,0.454450,7329.9,10512.786553138012,0.3168591922001585823661183311
2020-04-07 00:00:00+00:00,7358.727392432542,0.430269,7197.32,10455.511071512542,0.2961867342398600821929380399
2020-04-08 00:00:00+00:00,7318.809611210418,0.435808,7361.28,10526.914325450418,0.3047526193391655569214003011
2020-04-09 00:00:00+00:00,7368.470884078890,0.429052,7283.54,10493.488288158890,0.2978053930461185550330603488
2020-04-10 00:00:00+00:00,7345.417683887968,0.432213,6858.92,10309.932073847968,0.2875396626016330852098542624
2020-04-11 00:00:00+00:00,7216.789972281484,0.450942,6876.83,10317.841446141484,0.3005523480901798548129006589
2020-04-12 00:00:00+00:00,7222.490329371124,0.450112,6903.79,10329.969053851124,0.3008216876817746495424604670
2020-04-13 00:00:00+00:00,7230.970951910914,0.448882,6837.91,10300.385668530914,0.2979902709854332410876520295
2020-04-14 00:00:00+00:00,7210.286378036422,0.451903,6868.7,10314.272514136422,0.3009408692513963418375302012
2020-04-15 00:00:00+00:00,7219.937892725035,0.450496,6621.24,10202.780027765035,0.2923558213469986011505527605
2020-04-16 00:00:00+00:00,7141.851429617785,0.462274,7101.94,10424.893641177785,0.3149233291543766797386637378
2020-04-17 00:00:00+00:00,7297.239559021789,0.440366,7027.55,10391.933642321789,0.2977977140555120541821287769
2020-04-18 00:00:00+00:00,7274.091399283729,0.443656,7248.6,10489.976280883729,0.3065674121170727268276712858
2020-04-19 00:00:00+00:00,7342.899774957829,0.434151,7120.74,10434.376166697829,0.2962780277757956958205415215
2020-04-20 00:00:00+00:00,7304.215956284329,0.439576,6826.83,10305.126580364329,0.2912056053535545560476895008
2020-04-21 00:00:00+00:00,7304.215956284329,0.439576,6841.37,10311.518015404329,0.2916449406020922800871716879
2020-04-22 00:00:00+00:00,7217.950710583905,0.452169,7125.14,10439.718139243905,0.3086067445201481288744794981
2020-04-23 00:00:00+00:00,7307.681671691745,0.439559,7482.39,10596.633537701745,0.3103770508160203498858726079
2020-04-24 00:00:00+00:00,7417.986370605561,0.424801,7505.0,10606.117875605561,0.3005936330702879557582065205
2020-04-25 00:00:00+00:00,7424.274879902061,0.423962,7538.67,10620.384490442061,0.3009410453469341109092829990
2020-04-26 00:00:00+00:00,7434.364047111801,0.422622,7693.1,10685.637355311801,0.3042657354063958536270717720
2020-04-27 00:00:00+00:00,7479.894091608021,0.416696,7774.62,10719.547147128021,0.3022192086153534219530826081
2020-04-28 00:00:00+00:00,7503.331809603324,0.413677,7738.98,10704.769839063324,0.2990664981677110407856969774
2020-04-29 00:00:00+00:00,7493.212085562200,0.414983,8778.57,11136.169399872200,0.3271284032687044981497623801
2020-04-30 00:00:00+00:00,7794.934166982290,0.380568,8620.0,11075.430326982290,0.2961958193180050536161999432
2020-05-01 00:00:00+00:00,7794.934166982290,0.380568,8826.96,11154.192680262290,0.3011655446139385938331495674
2020-05-02 00:00:00+00:00,7807.582539144905,0.379133,8972.05,11209.182771794905,0.3034654980565820732184163105
2020-05-03 00:00:00+00:00,7846.526678542421,0.374787,8894.16,11179.942222462421,0.2981603551780971261622490654
2020-05-04 00:00:00+00:00,7846.526678542421,0.374787,8871.96,11171.621951062421,0.2976376471640076858546370512
2020-05-05 00:00:00+00:00,7846.526678542421,0.374787,9021.83,11227.791278752421,0.3011513588259106034159080596
2020-05-06 00:00:00+00:00,7846.526678542421,0.374787,9142.92,11273.174236582421,0.3039647472954186803287739903
2020-05-07 00:00:00+00:00,4505.011930397981,0.739769,9986.4,11892.641071997981,0.6211933158392097641626932441
2020-05-08 00:00:00+00:00,4756.708551968951,0.714532,9800.01,11759.129297288951,0.5954880304730042580215363157
2020-05-09 00:00:00+00:00,4703.592081948213,0.719945,9539.4,11571.435414948213,0.5935169740590680610505396800
2020-05-10 00:00:00+00:00,4703.592081948213,0.719945,8722.77,10983.506729598213,0.5717586197427244787194271642
2020-05-11 00:00:00+00:00,4703.592081948213,0.719945,8561.52,10867.415598348213,0.5671839326119879915605102844
2020-05-12 00:00:00+00:00,4703.592081948213,0.719945,8810.79,11046.876288498213,0.5742151935886618780026127871
2020-05-13 00:00:00+00:00,4703.592081948213,0.719945,9309.37,11405.826466598213,0.5876149706711205968605622072
2020-05-14 00:00:00+00:00,4703.592081948213,0.719945,9791.98,11753.279123048213,0.5998059747662713237971480923
2020-05-15 00:00:00+00:00,4703.592081948213,0.719945,9316.42,11410.902078848213,0.5877984010863599100301853805
2020-05-16 00:00:00+00:00,4703.592081948213,0.719945,9381.27,11457.590512098213,0.5894780777004003291224281958
2020-05-17 00:00:00+00:00,4703.592081948213,0.719945,9680.04,11672.688479748213,0.5970429528631031926564823534
2020-05-18 00:00:00+00:00,8749.830934954485,0.301449,9733.93,11684.114399524485,0.2511344346893264063480322519
2020-05-19 00:00:00+00:00,8749.830934954485,0.301449,9775.53,11696.654677924485,0.2519373123438145025949652262
2020-05-20 00:00:00+00:00,574.216523279158,1.136732,9511.43,11386.163370039158,0.9495689193437962044853687734
2020-05-21 00:00:00+00:00,574.216523279158,1.136732,9068.65,10882.841175079158,0.9472365245397435152030033171
2020-05-22 00:00:00+00:00,574.216523279158,1.136732,9170.0,10998.048963279158,0.9477892374187111583657228923
2020-05-23 00:00:00+00:00,574.216523279158,1.136732,9179.15,11008.450061079158,0.9478385676372984724268866107
2020-05-24 00:00:00+00:00,574.216523279158,1.136732,8720.34,10486.906052159158,0.9452444295368764105605787327
2020-05-25 00:00:00+00:00,574.216523279158,1.136732,8900.35,10691.529179479158,0.9462923859029180350474849132
2020-05-26 00:00:00+00:00,574.216523279158,1.136732,8841.18,10624.268747039158,0.9459523721631020971208153539
2020-05-27 00:00:00+00:00,574.216523279158,1.136732,9204.07,11036.777422519158,0.9479724469112205423622671445
2020-05-28 00:00:00+00:00,574.216523279158,1.136732,9575.89,11459.437114759158,0.9498913849320227925461937694
2020-05-29 00:00:00+00:00,574.216523279158,1.136732,9427.07,11290.268658519158,0.9491405793213008656397476565
2020-05-30 00:00:00+00:00,574.216523279158,1.136732,9697.72,11597.925174319158,0.9504897199586505628508753995
2020-05-31 00:00:00+00:00,574.216523279158,1.136732,9448.27,11314.367376919158,0.9492489059131546334666830615
2020-06-01 00:00:00+00:00,574.216523279158,1.136732,10200.77,12169.758206919158,0.9528161107627688761052706560
2020-06-02 00:00:00+00:00,574.216523279158,1.136732,9518.04,11393.677168559158,0.9496021771738707864551119568
2020-06-03 00:00:00+00:00,5974.640500072630,0.568604,9666.24,11470.903229032630,0.4791482082290666837222156775
2020-06-04 00:00:00+00:00,566.533790223982,1.127357,9789.06,11602.299104643982,0.9511705580838526261858422451
2020-06-05 00:00:00+00:00,566.533790223982,1.127357,9621.16,11413.015864343982,0.9503607287540955104556672960
2020-06-06 00:00:00+00:00,566.533790223982,1.127357,9666.3,11463.904759323982,0.9505810801713787022647329711
2020-06-07 00:00:00+00:00,566.533790223982,1.127357,9746.99,11554.871195653982,0.9509701336664776772567502078
2020-06-08 00:00:00+00:00,566.533790223982,1.127357,9782.01,11594.351237793982,0.9511370857579975756927031215
2020-06-09 00:00:00+00:00,566.533790223982,1.127357,9772.43,11583.551157733982,0.9510915277612664786257593171
2020-06-10 00:00:00+00:00,566.533790223982,1.127357,9885.0,11710.457735223982,0.9516215503242114644731504569
2020-06-11 00:00:00+00:00,566.533790223982,1.127357,9280.4,11028.857693023982,0.9486316891565000189390555786
2020-06-12 00:00:00+00:00,566.533790223982,1.127357,9465.13,11237.114351633982,0.9495836944881136086074378294
2020-06-13 00:00:00+00:00,566.533790223982,1.127357,9473.34,11246.369952603982,0.9496251863835577548211963728
2020-06-14 00:00:00+00:00,566.533790223982,1.127357,9342.1,11098.415619923982,0.9489536335973095912332394955
2020-06-15 00:00:00+00:00,566.533790223982,1.127357,9426.02,11193.023419363982,0.9493850973952331827493952852
2020-06-16 00:00:00+00:00,566.533790223982,1.127357,9525.59,11305.274355853982,0.9498876566466849834535971033
2020-06-17 00:00:00+00:00,566.533790223982,1.127357,9465.14,11237.125625203982,0.9495837450679298611573147320
2020-06-18 00:00:00+00:00,566.533790223982,1.127357,9386.32,11148.267346463982,0.9491818977229967736307181049
2020-06-19 00:00:00+00:00,566.533790223982,1.127357,9310.23,11062.486752333982,0.9487878446404056708850292355
2020-06-20 00:00:00+00:00,566.533790223982,1.127357,9358.95,11117.411585373982,0.9490408548902415942178538736
2020-06-21 00:00:00+00:00,566.533790223982,1.127357,9294.69,11044.967624553982,0.9487066137736316113884568878
2020-06-22 00:00:00+00:00,566.533790223982,1.127357,9685.69,11485.764211553982,0.9506751331657946298039799417
2020-06-23 00:00:00+00:00,566.533790223982,1.127357,9624.89,11417.220905953982,0.9503790112418215954714861104
2020-06-24 00:00:00+00:00,566.533790223982,1.127357,9296.49,11046.996867153982,0.9487160359474296578844809485
2020-06-25 00:00:00+00:00,566.533790223982,1.127357,9249.49,10994.011088153982,0.9484688722176730686337268742
2020-06-26 00:00:00+00:00,566.533790223982,1.127357,9162.21,10895.615369193982,0.9480035068211211911164359008
2020-06-27 00:00:00+00:00,566.533790223982,1.127357,9012.0,10726.275074223982,0.9471826159310976610628847354
2020-06-28 00:00:00+00:00,566.533790223982,1.127357,9116.35,10843.914777173982,0.9477556028551133996710920168
2020-06-29 00:00:00+00:00,566.533790223982,1.127357,9192.56,10929.830654143982,0.9481662792269170250937677550
2020-06-30 00:00:00+00:00,566.533790223982,1.127357,9138.55,10868.942102573982,0.9478759032040647715768947698
2020-07-01 00:00:00+00:00,566.533790223982,1.127357,9232.0,10974.293614223982,0.9483762864254253934538351390
2020-07-02 00:00:00+00:00,566.533790223982,1.127357,9086.54,10810.308265003982,0.9475931882481083608511136229
2020-07-03 00:00:00+00:00,566.533790223982,1.127357,9058.26,10778.426609043982,0.9474381734205423093452004325
2020-07-04 00:00:00+00:00,566.533790223982,1.127357,9135.46,10865.458569443982,0.9478591918966772860429770808
2020-07-05 00:00:00+00:00,566.533790223982,1.127357,9069.41,10790.996639593982,0.9474994007369741718025801164
2020-07-06 00:00:00+00:00,566.533790223982,1.127357,9344.2,11100.783069623982,0.9489645201900903141378869752
2020-07-07 00:00:00+00:00,566.533790223982,1.127357,9257.39,11002.917208453982,0.9485105831943649092320113575
2020-07-08 00:00:00+00:00,566.533790223982,1.127357,9436.06,11204.342083643982,0.9494362287410874438706529294
2020-07-09 00:00:00+00:00,566.533790223982,1.127357,9232.43,10974.778377733982,0.9483785666803636086646794032
2020-07-10 00:00:00+00:00,566.533790223982,1.127357,9288.34,11037.808907603982,0.9486733467696025202324515954
2020-07-11 00:00:00+00:00,566.533790223982,1.127357,9234.03,10976.582148933982,0.9483870495809114557412704344
2020-07-12 00:00:00+00:00,566.533790223982,1.127357,9302.75,11054.054121973982,0.9487487772384080738704916666
2020-07-13 00:00:00+00:00,566.533790223982,1.127357,9242.62,10986.266145563982,0.9484325445317255343689753995
2020-07-14 00:00:00+00:00,566.533790223982,1.127357,9255.85,11001.181078673982,0.9485024574932032053853096224
2020-07-15 00:00:00+00:00,566.533790223982,1.127357,9197.6,10935.512533423982,0.9481932110184691556428183201
2020-07-16 00:00:00+00:00,5734.422537751582,0.564752,9133.72,10892.709175191582,0.4735540584511451960594378672
2020-07-17 00:00:00+00:00,5734.422537751582,0.564752,9154.32,10904.343066391582,0.4741157259233964765109917316
2020-07-18 00:00:00+00:00,5734.422537751582,0.564752,9170.28,10913.356508311582,0.4745500586016536960766882278
2020-07-19 00:00:00+00:00,5734.422537751582,0.564752,9208.99,10935.218058231582,0.4756005314923789037546352977
2020-07-20 00:00:00+00:00,5734.422537751582,0.564752,9160.78,10907.991364311582,0.4742916137142093240124148700
2020-07-21 00:00:00+00:00,5734.422537751582,0.564752,9390.0,11037.443817751582,0.4804573746931442147528692861
2020-07-22 00:00:00+00:00,5734.422537751582,0.564752,9518.16,11109.822434071582,0.4838421071280792006119616290
2020-07-23 00:00:00+00:00,5734.422537751582,0.564752,9603.27,11157.888476791582,0.4860656162965613071360416246
2020-07-24 00:00:00+00:00,5734.422537751582,0.564752,9537.8,11120.914163351582,0.4843569104553395902969789693
2020-07-25 00:00:00+00:00,5734.422537751582,0.564752,9700.42,11212.754133591582,0.4885803729012314949542774987
2020-07-26 00:00:00+00:00,5734.422537751582,0.564752,9931.54,11343.279615831582,0.4944652047765651094797150016
2020-07-27 00:00:00+00:00,5734.422537751582,0.564752,11029.96,11963.614507671582,0.5206780915521454929071986209
2020-07-28 00:00:00+00:00,5734.422537751582,0.564752,10906.27,11893.760332791582,0.5178629485292767047390759620
2020-07-29 00:00:00+00:00,5734.422537751582,0.564752,11100.53,12003.469056311582,0.5222695613368247771271256620
2020-07-30 00:00:00+00:00,5734.422537751582,0.564752,11099.61,12002.949484471582,0.5222488818127326901459271269
2020-07-31 00:00:00+00:00,5734.422537751582,0.564752,11335.46,12136.146243671582,0.5274923008824314202513664405
2020-08-01 00:00:00+00:00,5734.422537751582,0.564752,11801.17,12399.156897591582,0.5375151242044982187785968892
2020-08-02 00:00:00+00:00,9294.744533830297,0.262667,11071.35,12202.822824280297,0.2383119326016694676405104096
2020-08-03 00:00:00+00:00,6097.269777203289,0.551098,11219.81,12280.484628583289,0.5034992541734334577217168902
2020-08-04 00:00:00+00:00,6097.269777203289,0.551098,11191.97,12265.142060263289,0.5028781772567253662603117077
2020-08-05 00:00:00+00:00,6097.269777203289,0.551098,11744.91,12569.866188383289,0.5149296193114441085205079750
2020-08-06 00:00:00+00:00,6097.269777203289,0.551098,11762.46,12579.537958283289,0.5153025653705826237118726630
2020-08-07 00:00:00+00:00,6097.269777203289,0.551098,11594.23,12486.826741743289,0.5117038216907262346132781813
2020-08-08 00:00:00+00:00,9360.926649589485,0.269245,11761.41,12527.627485039485,0.2527773785764048111945364614
2020-08-09 00:00:00+00:00,9360.926649589485,0.269245,11681.68,12506.160581189485,0.2514947662139206874001320836
2020-08-10 00:00:00+00:00,613.955841968097,1.017049,11892.92,12709.638235048097,0.9516936807630721984146497240
2020-08-11 00:00:00+00:00,613.955841968097,1.017049,11392.08,12200.259413888097,0.9496768207019267307906611786
2020-08-12 00:00:00+00:00,613.955841968097,1.017049,11564.33,12375.446104138097,0.9503891951205861841892784514
2020-08-13 00:00:00+00:00,613.955841968097,1.017049,11780.0,12594.793061968097,0.9512532013072901912583489559
2020-08-14 00:00:00+00:00,613.955841968097,1.017049,11760.54,12575.001288428097,0.9511764788021868394224708584
2020-08-15 00:00:00+00:00,613.955841968097,1.017049,11852.4,12668.427409568097,0.9515365386626919533067784806
2020-08-16 00:00:00+00:00,613.955841968097,1.017049,11911.0,12728.026480968097,0.9517634691532006178544023536
2020-08-17 00:00:00+00:00,613.955841968097,1.017049,12281.13,13104.466827338097,0.9531491170104469251434214742
2020-08-18 00:00:00+00:00,613.955841968097,1.017049,11945.01,12762.616317458097,0.9518942020431765771249132616
2020-08-19 00:00:00+00:00,613.955841968097,1.017049,11754.59,12568.949846878097,0.9511529722492613269137903104
2020-08-20 00:00:00+00:00,613.955841968097,1.017049,11853.55,12669.597015918097,0.9515410126149456736245889366
2020-08-21 00:00:00+00:00,613.955841968097,1.017049,11531.34,12341.893657628097,0.9502543240932373324370161449
2020-08-22 00:00:00+00:00,613.955841968097,1.017049,11662.96,12475.757647008097,0.9507880916462549065114858971
2020-08-23 00:00:00+00:00,613.955841968097,1.017049,11648.13,12460.674810338097,0.9507285238309305929377940214
2020-08-24 00:00:00+00:00,613.955841968097,1.017049,11748.2,12562.450903768097,0.9511277021760187384146234012
2020-08-25 00:00:00+00:00,613.955841968097,1.017049,11318.42,12125.343584548097,0.9493659014536717805481153826
2020-08-26 00:00:00+00:00,613.955841968097,1.017049,11461.43,12270.791762038097,0.9499660776684777663444032294
2020-08-27 00:00:00+00:00,6434.591465918175,0.508542,11330.38,12196.565571878175,0.4724259523718283414192345710
2020-08-28 00:00:00+00:00,6434.591465918175,0.508542,11526.91,12296.509331138175,0.4767139768987932829343216507
2020-08-29 00:00:00+00:00,6434.591465918175,0.508542,11465.84,12265.452671198175,0.4753889939155748087212835133
2020-08-30 00:00:00+00:00,605.713602149447,1.016251,11711.16,12507.191663309447,0.9515707747626238066439096154
2020-08-31 00:00:00+00:00,605.713602149447,1.016251,11649.51,12444.539789159447,0.9513269584563432641739622498
2020-09-01 00:00:00+00:00,605.713602149447,1.016251,11921.97,12721.427536619447,0.9523863496918202413948373590
2020-09-02 00:00:00+00:00,605.713602149447,1.016251,11388.54,12179.328765689447,0.9502670784406599614088274685
2020-09-03 00:00:00+00:00,6386.630465021009,0.507982,10140.85,11537.999729721009,0.4464698721937447190521996167
2020-09-04 00:00:00+00:00,6386.630465021009,0.507982,10446.25,11693.137432521009,0.4538137859169873248790852278
2020-09-05 00:00:00+00:00,6386.630465021009,0.507982,10166.69,11551.125984601009,0.4470988825214850628465489676
2020-09-06 00:00:00+00:00,6386.630465021009,0.507982,10256.2,11596.595453421009,0.4492667705212614220017332746
2020-09-07 00:00:00+00:00,6386.630465021009,0.507982,10373.44,11656.151263101009,0.4520806807613522458898598604
2020-09-08 00:00:00+00:00,6386.630465021009,0.507982,10126.65,11530.786385321009,0.4461235988942301708976253892
2020-09-09 00:00:00+00:00,6386.630465021009,0.507982,10219.2,11577.800119421009,0.4483727133699734112948906459
2020-09-10 00:00:00+00:00,6386.630465021009,0.507982,10336.87,11637.574361361009,0.4512060446010249607069839268
2020-09-11 00:00:00+00:00,6386.630465021009,0.507982,10387.89,11663.491603001009,0.4524255100953017338628176008
2020-09-12 00:00:00+00:00,6386.630465021009,0.507982,10440.92,11690.429888461009,0.4536872872977146481963630479
2020-09-13 00:00:00+00:00,6386.630465021009,0.507982,10332.83,11635.522114081009,0.4511092495546827758624828568
2020-09-14 00:00:00+00:00,6386.630465021009,0.507982,10671.77,11807.697533161009,0.4591129687151411790842782790
2020-09-15 00:00:00+00:00,582.851533802471,1.051120,10785.31,11919.506581002471,0.9511010351106789517986542829
2020-09-16 00:00:00+00:00,582.851533802471,1.051120,10954.01,12096.830525002471,0.9518178309105184440979692165
2020-09-17 00:00:00+00:00,582.851533802471,1.051120,10939.99,12082.093822602471,0.9517590624307099314543220369
2020-09-18 00:00:00+00:00,582.851533802471,1.051120,10933.39,12075.156430602471,0.9517313471546148295776911976
2020-09-19 00:00:00+00:00,582.851533802471,1.051120,11080.65,12229.944361802471,0.9523422579400378153469017171
2020-09-20 00:00:00+00:00,582.851533802471,1.051120,10920.28,12061.376247402471,0.9516761999752728489873260117
2020-09-21 00:00:00+00:00,582.851533802471,1.051120,10417.22,11532.599820202471,0.9494605255632430136580152856
2020-09-22 00:00:00+00:00,582.851533802471,1.051120,10529.61,11650.735197002471,0.9499729824816181183317205833
2020-09-23 00:00:00+00:00,582.851533802471,1.051120,10241.46,11347.854969002471,0.9486377350261724089678705805
2020-09-24 00:00:00+00:00,582.851533802471,1.051120,10736.32,11868.012212202471,0.9508888663593391135903356155
2020-09-25 00:00:00+00:00,6223.377174732563,0.525068,10686.67,11834.605618292563,0.4741373413311562163970484195
2020-09-26 00:00:00+00:00,6223.377174732563,0.525068,10728.6,11856.621719532563,0.4751137953165706434582440091
2020-09-27 00:00:00+00:00,585.521788896291,1.049884,10774.25,11897.234475896291,0.9507850509223337733640632934
2020-09-28 00:00:00+00:00,585.521788896291,1.049884,10696.12,11815.207038976291,0.9504433746302745649220027332
2020-09-29 00:00:00+00:00,585.521788896291,1.049884,10840.48,11966.768293216291,0.9510710181270735412590709160
2020-09-30 00:00:00+00:00,585.521788896291,1.049884,10776.59,11899.691204456291,0.9507952115028816761343027046
2020-10-01 00:00:00+00:00,585.521788896291,1.049884,10619.13,11734.376469816291,0.9501020109247050849328142142
2020-10-02 00:00:00+00:00,585.521788896291,1.049884,10570.4,11683.215622496291,0.9498835074336164951601766334
2020-10-03 00:00:00+00:00,585.521788896291,1.049884,10542.06,11653.461909936291,0.9497555496022132685127219337
2020-10-04 00:00:00+00:00,585.521788896291,1.049884,10666.63,11784.245959816291,0.9503131731217345604963103413
2020-10-05 00:00:00+00:00,585.521788896291,1.049884,10792.21,11916.090392536291,0.9508629282249288907004898004
2020-10-06 00:00:00+00:00,585.521788896291,1.049884,10599.66,11713.935228336291,0.9500149371254930868377455573
2020-10-07 00:00:00+00:00,585.521788896291,1.049884,10666.39,11783.993987656291,0.9503121106893279268068919022
2020-10-08 00:00:00+00:00,585.521788896291,1.049884,10925.57,12056.102922776291,0.9514335774464791581123576649
2020-10-09 00:00:00+00:00,585.521788896291,1.049884,11050.64,12187.411914656291,0.9519568393194164171553429683
2020-10-10 00:00:00+00:00,585.521788896291,1.049884,11293.22,12442.092775376291,0.9529402489221848099258223186
2020-10-11 00:00:00+00:00,585.521788896291,1.049884,11369.02,12521.673982576291,0.9532393360735125989622542587
2020-10-12 00:00:00+00:00,585.521788896291,1.049884,11528.25,12688.847011896291,0.9538553984970154189390526929
2020-10-13 00:00:00+00:00,585.521788896291,1.049884,11420.56,12575.785003936291,0.9534405376115272798290193155
2020-10-14 00:00:00+00:00,585.521788896291,1.049884,11417.89,12572.981813656291,0.9534301570165066434445084040
2020-10-15 00:00:00+00:00,585.521788896291,1.049884,11505.12,12664.563194976291,0.9537669179835154085516386550
2020-10-16 00:00:00+00:00,585.521788896291,1.049884,11319.32,12469.494747776291,0.9530436636977044937893380774
2020-10-17 00:00:00+00:00,585.521788896291,1.049884,11360.2,12512.414005696291,0.9532047302279375086250480220
2020-10-18 00:00:00+00:00,585.521788896291,1.049884,11503.14,12662.484424656291,0.9537593280070562191329192720
2020-10-19 00:00:00+00:00,585.521788896291,1.049884,11751.47,12923.202118376291,0.9546922052651562433288694535
2020-10-20 00:00:00+00:00,585.521788896291,1.049884,11909.99,13089.629730056291,0.9552682695407478874377053720
2020-10-21 00:00:00+00:00,6863.899853142291,0.522046,12780.96,13536.148897302291,0.4929207778949415087192328952
2020-10-22 00:00:00+00:00,6863.899853142291,0.522046,12968.52,13634.063845062291,0.4965624386724491408696828257
2020-10-23 00:00:00+00:00,673.681833803351,0.998741,12923.07,13580.481688673351,0.9503933771093533592731309463
2020-10-24 00:00:00+00:00,673.681833803351,0.998741,13111.73,13768.904165733351,0.9510722258144593769221532236
2020-10-25 00:00:00+00:00,673.681833803351,0.998741,13028.83,13686.108536833351,0.9507762318273105412431371159
2020-10-26 00:00:00+00:00,673.681833803351,0.998741,13052.19,13709.439126593351,0.9508600003557728527842402867
2020-10-27 00:00:00+00:00,673.681833803351,0.998741,13636.17,14292.683895773351,0.9528652673832258355283463657
2020-10-28 00:00:00+00:00,673.681833803351,0.998741,13266.4,13923.379436203351,0.9516150632186569482842486324
2020-10-29 00:00:00+00:00,673.681833803351,0.998741,13455.7,14112.441107503351,0.9522632669520820507553316338
2020-10-30 00:00:00+00:00,673.681833803351,0.998741,13560.1,14216.709667903351,0.9526133789364565316000958083
2020-10-31 00:00:00+00:00,673.681833803351,0.998741,13791.0,14447.318964803351,0.9533697680902194444992080621
2020-11-01 00:00:00+00:00,673.681833803351,0.998741,13761.5,14417.856105303351,0.9532744793065628416762365000
2020-11-02 00:00:00+00:00,673.681833803351,0.998741,13549.37,14205.993176973351,0.9525776321717985041180444781
2020-11-03 00:00:00+00:00,673.681833803351,0.998741,14023.53,14679.556209533351,0.9541074795322598721270368389
2020-11-04 00:00:00+00:00,673.681833803351,0.998741,14144.01,14799.884525213351,0.9544806020171539554008133848
2020-11-05 00:00:00+00:00,673.681833803351,0.998741,15590.02,16244.073998623351,0.9585275323259150363910518143
2020-11-06 00:00:00+00:00,673.681833803351,0.998741,15579.92,16233.986714523351,0.9585017626507814292409153495
2020-11-07 00:00:00+00:00,673.681833803351,0.998741,14818.3,15473.325594103351,0.9564617295935347667825194080
2020-11-08 00:00:00+00:00,673.681833803351,0.998741,15475.1,16129.298682903351,0.9582324162353421652980824513
2020-11-09 00:00:00+00:00,673.681833803351,0.998741,15328.41,15982.793365613351,0.9578495561825404364705607668
2020-11-10 00:00:00+00:00,673.681833803351,0.998741,15297.21,15951.632646413351,0.9577672173917053457528526139
2020-11-11 00:00:00+00:00,673.681833803351,0.998741,15684.24,16338.175375643351,0.9587663972068959799368383426
2020-11-12 00:00:00+00:00,673.681833803351,0.998741,16291.86,16945.030382063351,0.9602431026316449385995077091
2020-11-13 00:00:00+00:00,673.681833803351,0.998741,16320.7,16973.834072503351,0.9603105679644484458764141800
2020-11-14 00:00:00+00:00,673.681833803351,0.998741,16070.45,16723.899137253351,0.9597174182722323501874461025
2020-11-15 00:00:00+00:00,673.681833803351,0.998741,15957.0,16610.591970803351,0.9594426354588993494710145329
2020-11-16 00:00:00+00:00,673.681833803351,0.998741,16713.57,17366.209449173351,0.9612073183975436314080624569
2020-11-17 00:00:00+00:00,673.681833803351,0.998741,17659.38,18310.828674383351,0.9632085556703490696958074773
2020-11-18 00:00:00+00:00,673.681833803351,0.998741,17776.12,18427.421698723351,0.9634413405837440852626114430
2020-11-19 00:00:00+00:00,673.681833803351,0.998741,17802.82,18454.088083423351,0.9634941682971322024526634956
2020-11-20 00:00:00+00:00,673.681833803351,0.998741,18655.67,19305.864345273351,0.9651048084791765191229726637
2020-11-21 00:00:00+00:00,673.681833803351,0.998741,18703.8,19353.933749603351,0.9651914777368111138880398612
2020-11-22 00:00:00+00:00,673.681833803351,0.998741,18414.43,19064.928066433351,0.9646638145470127246847928122
2020-11-23 00:00:00+00:00,673.681833803351,0.998741,18368.0,19018.556521803351,0.9645776569304286988966949462
2020-11-24 00:00:00+00:00,673.681833803351,0.998741,19160.01,19809.569381213351,0.9659921010477771687029765472
2020-11-25 00:00:00+00:00,673.681833803351,0.998741,18719.11,19369.224474313351,0.9652189567684158212248751356
2020-11-26 00:00:00+00:00,673.681833803351,0.998741,17149.47,17801.560651073351,0.9621560240133928296600894255
2020-11-27 00:00:00+00:00,673.681833803351,0.998741,17139.52,17791.623178123351,0.9621348863418087226102362290
2020-11-28 00:00:00+00:00,673.681833803351,0.998741,17719.85,18371.222542653351,0.9633295044878351735397190423
2020-11-29 00:00:00+00:00,673.681833803351,0.998741,18184.99,18835.776931393351,0.9642339237581151210892847698
2020-11-30 00:00:00+00:00,9876.823630911851,0.491998,19695.87,19567.152279171851,0.4952344883917941250021884080
2020-12-01 00:00:00+00:00,9876.823630911851,0.491998,18764.96,19109.146420991851,0.4831363257512158804300653204
2020-12-02 00:00:00+00:00,943.876003117003,0.967424,19204.09,19522.373567277003,0.9516515755697294745150011311
2020-12-03 00:00:00+00:00,943.876003117003,0.967424,19421.9,19733.088188717003,0.9521678515754724601505861126
2020-12-04 00:00:00+00:00,943.876003117003,0.967424,18650.52,18986.836663597003,0.9502878747081301148040334936
2020-12-05 00:00:00+00:00,943.876003117003,0.967424,19147.66,19467.781830957003,0.9515159964646776780133720077
2020-12-06 00:00:00+00:00,943.876003117003,0.967424,19359.4,19672.624188717003,0.9520208390064020167907602757
2020-12-07 00:00:00+00:00,943.876003117003,0.967424,19166.9,19486.395068717003,0.9515623079698163784810481369
2020-12-08 00:00:00+00:00,943.876003117003,0.967424,18324.11,18671.059795757003,0.9494471115489920527147065660
2020-12-09 00:00:00+00:00,943.876003117003,0.967424,18541.28,18881.155265837003,0.9500096265388578219796815164
2020-12-10 00:00:00+00:00,943.876003117003,0.967424,18254.63,18603.843176237003,0.9492644614246893109183756086
2020-12-11 00:00:00+00:00,9755.649142534489,0.484086,18036.53,18486.880804114489,0.4722933930334399099707093291
2020-12-12 00:00:00+00:00,9755.649142534489,0.484086,18808.69,18860.672649874489,0.4827517913259891428146448543
2020-12-13 00:00:00+00:00,931.587952379406,0.952625,19174.99,19198.162801129406,0.9514751509282647741528013396
2020-12-14 00:00:00+00:00,931.587952379406,0.952625,19273.14,19291.662944879406,0.9517103344050141736533039080
2020-12-15 00:00:00+00:00,931.587952379406,0.952625,19426.43,19437.690831129406,0.9520731160674975562554861284
2020-12-16 00:00:00+00:00,931.587952379406,0.952625,21335.52,21256.337692379406,0.9561736379116055861319588492
2020-12-17 00:00:00+00:00,11146.283824199118,0.473237,22797.16,21934.743431119118,0.4918434373667788625718593679
2020-12-18 00:00:00+00:00,11146.283824199118,0.473237,23107.39,22081.555745629118,0.4952219874088607579549559649
2020-12-19 00:00:00+00:00,1091.034566152202,0.907825,23821.61,22716.887664402202,0.9519725332858041967367006028
2020-12-20 00:00:00+00:00,1091.034566152202,0.907825,23455.52,22384.542010152202,0.9512594644260589188170495421
2020-12-21 00:00:00+00:00,1091.034566152202,0.907825,22719.71,21716.555296902202,0.9497602381576679136697313753
2020-12-22 00:00:00+00:00,11387.890053800846,0.454026,23810.79,22198.607794340846,0.4869998083076185936842081148
2020-12-23 00:00:00+00:00,11387.890053800846,0.454026,23232.76,21936.167145560846,0.4808623594890241373172222320
2020-12-24 00:00:00+00:00,1083.422466307805,0.896989,23729.2,22368.253845107805,0.9515642806179633022994236529
2020-12-25 00:00:00+00:00,1083.422466307805,0.896989,24712.47,23250.236219137805,0.9534016576822555027892681033
2020-12-26 00:00:00+00:00,1083.422466307805,0.896989,26493.39,24847.701869017805,0.9563974780436855274031472314
2020-12-27 00:00:00+00:00,1083.422466307805,0.896989,26281.66,24657.782388047805,0.9560616421518520326880309847
2020-12-28 00:00:00+00:00,1083.422466307805,0.896989,27079.41,25373.355362797805,0.9573007806489673145616014422
2020-12-29 00:00:00+00:00,1083.422466307805,0.896989,27385.0,25647.466231307805,0.9577571345045666302729061138
2020-12-30 00:00:00+00:00,1083.422466307805,0.896989,28875.54,26984.464215367805,0.9598501397818827257874285952
2020-12-31 00:00:00+00:00,1083.422466307805,0.896989,28923.63,27027.600416377805,0.9599142191827252300762174512
2021-01-01 00:00:00+00:00,1083.422466307805,0.896989,29331.69,27393.625747717805,0.9604498332464052812426912820
2021-01-02 00:00:00+00:00,1083.422466307805,0.896989,32178.33,29947.030514677805,0.9638220401927065202457816735
2021-01-03 00:00:00+00:00,1083.422466307805,0.896989,33000.05,30684.104315757805,0.9646910838537524465198066880
2021-01-04 00:00:00+00:00,1083.422466307805,0.896989,31988.71,29776.943460497805,0.9636153902852696433416622186
2021-01-05 00:00:00+00:00,1083.422466307805,0.896989,33949.53,31535.777431477805,0.9656446564965170575915675027
2021-01-06 00:00:00+00:00,1083.422466307805,0.896989,36769.36,34065.133923347805,0.9681955612226364633402577721
2021-01-07 00:00:00+00:00,1083.422466307805,0.896989,39432.28,36453.743871227805,0.9702795282115610569758525128
2021-01-08 00:00:00+00:00,1083.422466307805,0.896989,40582.81,37485.756625397805,0.9710977564856260242814622803
2021-01-09 00:00:00+00:00,1083.422466307805,0.896989,40088.22,37042.114835887805,0.9707516033815071420924145259
2021-01-10 00:00:00+00:00,1083.422466307805,0.896989,38150.02,35303.570756087805,0.9693112497375077031631921232
2021-01-11 00:00:00+00:00,1083.422466307805,0.896989,35404.47,32840.842607137805,0.9670099065584776394841149877
2021-01-12 00:00:00+00:00,1083.422466307805,0.896989,34051.24,31627.010182667805,0.9657437595254722863474648999
2021-01-13 00:00:00+00:00,1083.422466307805,0.896989,37371.38,34605.139241127805,0.9686918622474383800311513429
2021-01-14 00:00:00+00:00,18145.501886233499,0.439840,39144.5,35362.818766233499,0.4868762581912759640951466808
2021-01-15 00:00:00+00:00,18145.501886233499,0.439840,36742.22,34306.199931033499,0.4710722282645178801988299680
2021-01-16 00:00:00+00:00,1693.878036325634,0.887075,35994.98,33624.124919825634,0.9496231339740568031228489853
2021-01-17 00:00:00+00:00,1693.878036325634,0.887075,35828.61,33476.542252075634,0.9494010455568896429321809938
2021-01-18 00:00:00+00:00,1693.878036325634,0.887075,36631.27,34188.561871575634,0.9504548321544368912348513472
2021-01-19 00:00:00+00:00,17923.785205459124,0.443330,35891.49,33835.559467159124,0.4702678044128103349824422742
2021-01-20 00:00:00+00:00,17923.785205459124,0.443330,35468.23,33647.915611359124,0.4673136543587777619498517440
2021-01-21 00:00:00+00:00,1661.307828783937,0.901243,30850.13,29464.771540373937,0.9436171488210068312045469594
2021-01-22 00:00:00+00:00,15451.936099782412,0.453668,32945.17,30398.105483342412,0.4916809500430945834195638217
2021-01-23 00:00:00+00:00,15451.936099782412,0.453668,32078.0,30004.698203782412,0.4850161133153963612539347261
2021-01-24 00:00:00+00:00,1482.114369880412,0.888598,32259.9,30148.196990080412,0.9508390378911193763990693398
2021-01-25 00:00:00+00:00,1482.114369880412,0.888598,32254.2,30143.131981480412,0.9508307772798458452473520588
2021-01-26 00:00:00+00:00,1482.114369880412,0.888598,32467.77,30332.909856340412,0.9511384045612554591777472069
2021-01-27 00:00:00+00:00,15904.274261134835,0.443769,30366.15,29379.830280484835,0.4586669116431540607216023510
2021-01-28 00:00:00+00:00,15904.274261134835,0.443769,33364.86,30710.564818474835,0.4821236810477951399659493620
2021-01-29 00:00:00+00:00,1516.922997748095,0.874379,34252.2,31466.327381548095,0.9517921815484058973362725044
2021-01-30 00:00:00+00:00,16497.635823514455,0.436369,34262.88,31448.894506234455,0.4754144435746716007834129357
2021-01-31 00:00:00+00:00,1553.044090711199,0.871977,33092.98,30409.361512171199,0.9489287504412218369517081514
2021-02-01 00:00:00+00:00,1553.044090711199,0.871977,33526.37,30787.267624201199,0.9495556374255705321862314232
2021-02-02 00:00:00+00:00,1553.044090711199,0.871977,35466.24,32478.789647191199,0.9521828212325175750648921302
2021-02-03 00:00:00+00:00,1553.044090711199,0.871977,37618.87,34355.833496701199,0.9547953307300688772929255797
2021-02-04 00:00:00+00:00,1553.044090711199,0.871977,36936.66,33760.962067531199,0.9539988200690287153592728811
2021-02-05 00:00:00+00:00,1553.044090711199,0.871977,38290.24,34941.252695191199,0.9555527071608128924853236358
2021-02-06 00:00:00+00:00,1553.044090711199,0.871977,39186.94,35723.154471091199,0.9565255612583711525764490153
2021-02-07 00:00:00+00:00,1553.044090711199,0.871977,38795.69,35381.993469841199,0.9561063711111987452367485125
2021-02-08 00:00:00+00:00,1553.044090711199,0.871977,46374.87,41990.864108701199,0.9630147146605305825990493479
2021-02-09 00:00:00+00:00,22018.573782006041,0.430096,46420.42,41983.810742326041,0.4755460880589387942202146548
2021-02-10 00:00:00+00:00,22018.573782006041,0.430096,44807.58,41290.134709686041,0.4667352398624939174767828876
2021-02-11 00:00:00+00:00,2038.608370613783,0.875423,47969.51,44032.220723343783,0.9537018951775691366001460746
2021-02-12 00:00:00+00:00,2038.608370613783,0.875423,47287.6,43435.261025413783,0.9530655895121476977741932423
2021-02-13 00:00:00+00:00,2038.608370613783,0.875423,47153.69,43318.033131483783,0.9529385749249978918071449809
2021-02-14 00:00:00+00:00,22716.489431267501,0.436360,48577.79,43913.893875667501,0.4827038227221610671988976465
2021-02-15 00:00:00+00:00,22716.489431267501,0.436360,47911.1,43622.977027267501,0.4792540312627434900485840437
2021-02-16 00:00:00+00:00,2154.473210571911,0.864973,49133.45,44653.580857421911,0.9517513899400116281993303647
2021-02-17 00:00:00+00:00,2154.473210571911,0.864973,52119.71,47236.615128401911,0.9543897630108450952840370979
2021-02-18 00:00:00+00:00,2154.473210571911,0.864973,51552.6,46746.080290371911,0.9539111472622088792315845448
2021-02-19 00:00:00+00:00,2154.473210571911,0.864973,55906.0,50511.653748571911,0.9573470070630418971378392544
2021-02-20 00:00:00+00:00,2154.473210571911,0.864973,55841.19,50455.594848441911,0.9572996172764685580430269294
2021-02-21 00:00:00+00:00,2154.473210571911,0.864973,57408.57,51811.336229181911,0.9584169533663090851915380225
2021-02-22 00:00:00+00:00,2154.473210571911,0.864973,54087.67,48938.847393481911,0.9559762167414906886957931564
2021-02-23 00:00:00+00:00,2154.473210571911,0.864973,48891.0,44443.868153571911,0.9515237241923381491895732134
2021-02-24 00:00:00+00:00,23305.544406177911,0.431793,49676.2,44755.379832777911,0.4792683138148809959301420170
2021-02-25 00:00:00+00:00,23305.544406177911,0.431793,47073.73,43631.651504067911,0.4658569271895411862065195108
2021-02-26 00:00:00+00:00,2154.123510845953,0.880535,46276.87,42902.527236295953,0.9497902886004453445134532773
2021-02-27 00:00:00+00:00,2154.123510845953,0.880535,46106.43,42752.448850895953,0.9496140322076355272687840974
2021-02-28 00:00:00+00:00,2154.123510845953,0.880535,45135.66,41897.651888945953,0.9485860564082283296425308059
2021-03-01 00:00:00+00:00,21969.780855455380,0.440924,49587.03,43833.892471175380,0.4987946628307665492888857656
2021-03-02 00:00:00+00:00,2166.222886096252,0.839705,48440.65,42842.078894346252,0.9494370268203272855536282519
2021-03-03 00:00:00+00:00,2166.222886096252,0.839705,50349.37,44444.840621946252,0.9512604195271520248276332174
2021-03-04 00:00:00+00:00,2166.222886096252,0.839705,48374.09,42786.188129546252,0.9493709773925769718306038546
2021-03-05 00:00:00+00:00,22436.396171390977,0.420130,48751.71,42918.452093690977,0.4772319345904571253553128395
2021-03-06 00:00:00+00:00,22436.396171390977,0.420130,48882.2,42973.274857390977,0.4778988511848977826405054103
2021-03-07 00:00:00+00:00,2122.296014844597,0.835163,50971.75,44692.015660094597,0.9525128597692766301381092315
2021-03-08 00:00:00+00:00,2122.296014844597,0.835163,52375.17,45864.100117554597,0.9537264219857159480992153332
2021-03-09 00:00:00+00:00,2122.296014844597,0.835163,54884.5,47959.799688344597,0.9557484387208488116332207576
2021-03-10 00:00:00+00:00,2122.296014844597,0.835163,55851.59,48767.477474014597,0.9564813247522296531671248054
2021-03-11 00:00:00+00:00,2122.296014844597,0.835163,57773.16,50372.301639924597,0.9578677974650559585891548635
2021-03-12 00:00:00+00:00,2122.296014844597,0.835163,57221.72,49911.759355204597,0.9574790381613087231400663320
2021-03-13 00:00:00+00:00,2122.296014844597,0.835163,61188.39,53224.575372414597,0.9601256374523459822613231634
2021-03-14 00:00:00+00:00,2122.296014844597,0.835163,58968.31,51370.446699374597,0.9586864403328142633387586065
2021-03-15 00:00:00+00:00,2122.296014844597,0.835163,55605.2,48561.701662444597,0.9562969183082419896896674472
2021-03-16 00:00:00+00:00,25464.556502840277,0.414831,56900.75,49068.751526090277,0.4810433175724767848543102448
2021-03-17 00:00:00+00:00,25464.556502840277,0.414831,58912.97,49903.482760910277,0.4897238610611195672974081471
2021-03-18 00:00:00+00:00,2465.354136532431,0.804717,57648.16,48855.808507252431,0.9495381570409082480784991769
2021-03-19 00:00:00+00:00,2465.354136532431,0.804717,58030.01,49163.089693702431,0.9498535557489945207252635238
2021-03-20 00:00:00+00:00,2465.354136532431,0.804717,58102.28,49221.246591292431,0.9499128058051140724365894329
2021-03-21 00:00:00+00:00,25809.824967362085,0.402396,57351.56,48887.863305122085,0.4720606869996313591399993382
2021-03-22 00:00:00+00:00,25809.824967362085,0.402396,54083.25,47572.708434362085,0.4574657231682971393721301012
2021-03-23 00:00:00+00:00,25809.824967362085,0.402396,54340.89,47676.381739802085,0.4586454754846665261909732283
2021-03-24 00:00:00+00:00,25809.824967362085,0.402396,52303.65,46856.604512762085,0.4491742362523857275474788595
2021-03-25 00:00:00+00:00,2312.339370399741,0.851064,51293.78,45966.628952319741,0.9496952588627222569148292918
2021-03-26 00:00:00+00:00,24104.141987791797,0.425668,55025.59,47526.774831911797,0.4928302609836024630906420746
2021-03-27 00:00:00+00:00,24104.141987791797,0.425668,55817.14,47863.712337311797,0.4964004919233647828577490774
2021-03-28 00:00:00+00:00,2365.003939673667,0.814633,55777.63,47803.301999463667,0.9505263477468522707420109288
2021-03-29 00:00:00+00:00,25067.243425565532,0.407090,57635.47,48530.066907865532,0.4834698358616367894394052084
2021-03-30 00:00:00+00:00,25067.243425565532,0.407090,58746.57,48982.384606865532,0.4882396268218427082944953355
2021-03-31 00:00:00+00:00,2419.764264934581,0.792101,58740.55,48948.212660484581,0.9505648085310368583847944251
2021-04-01 00:00:00+00:00,25667.128997155353,0.395815,58720.44,48909.559955755353,0.4752124324902044983749685949
2021-04-02 00:00:00+00:00,25667.128997155353,0.395815,58950.01,49000.427205305353,0.4761856077373886090820371895
2021-04-03 00:00:00+00:00,2419.898045300394,0.789658,57051.94,47471.418881820394,0.9490241054027749804783046089
2021-04-04 00:00:00+00:00,24893.245938493089,0.395235,58202.01,47896.717360843089,0.4802724004872196866174886947
2021-04-05 00:00:00+00:00,24893.245938493089,0.395235,59129.99,48263.487536143089,0.4842219820966879321624447770
2021-04-06 00:00:00+00:00,24893.245938493089,0.395235,57991.15,47813.378108743089,0.4793665094761178554759124667
2021-04-07 00:00:00+00:00,2361.425379845451,0.783277,55953.45,46188.475835495451,0.9488741436661411617382603917
2021-04-08 00:00:00+00:00,2361.425379845451,0.783277,58077.52,47852.211012885451,0.9506516975942955725197710618
2021-04-09 00:00:00+00:00,2361.425379845451,0.783277,58142.54,47903.139683425451,0.9507041627030867191618816434
2021-04-10 00:00:00+00:00,2361.425379845451,0.783277,59769.13,49177.210218855451,0.9519813065983959195903709288
2021-04-11 00:00:00+00:00,2361.425379845451,0.783277,60002.43,49359.948742955451,0.9521590795780056658158941106
2021-04-12 00:00:00+00:00,2361.425379845451,0.783277,59860.0,49248.386599845451,0.9520507057615393736477194595
2021-04-13 00:00:00+00:00,25824.919437479172,0.390794,63575.0,50669.647987479172,0.4903276327504644980623455861
2021-04-14 00:00:00+00:00,25824.919437479172,0.390794,62959.53,50429.126004299172,0.4878967476993840417420627855
2021-04-15 00:00:00+00:00,25824.919437479172,0.390794,63159.98,50507.460661599172,0.4886909953658814381494734336
2021-04-16 00:00:00+00:00,2495.118251151924,0.759698,61334.8,49091.043141551924,0.9491736558956924748543392503
2021-04-17 00:00:00+00:00,2495.118251151924,0.759698,60006.66,48082.057839831924,0.9481070826988413698483186730
2021-04-18 00:00:00+00:00,2495.118251151924,0.759698,56150.01,45152.168548131924,0.9447397914345543815663289247
2021-04-19 00:00:00+00:00,2495.118251151924,0.759698,55633.14,44759.503442871924,0.9442550059936091951016248787
2021-04-20 00:00:00+00:00,17883.797712930384,0.482728,56425.0,45121.725112930384,0.6036543889186213083860324687
2021-04-21 00:00:00+00:00,2235.788011120384,0.759692,53787.63,43097.820221080384,0.9481229445096901733912992524
2021-04-22 00:00:00+00:00,17219.641006492462,0.480755,51690.96,42070.328481292462,0.5906939254313269518771576823
2021-04-23 00:00:00+00:00,17219.641006492462,0.480755,51125.14,41798.307687192462,0.5880301868831694103168988773
2021-04-24 00:00:00+00:00,17219.641006492462,0.480755,50047.84,41280.390325692462,0.5828614780375478577840982063
2021-04-25 00:00:00+00:00,17219.641006492462,0.480755,49066.77,40808.736017842462,0.5780403245284621771949331066
2021-04-26 00:00:00+00:00,17219.641006492462,0.480755,54001.39,43181.079255942462,0.6012225422984826829877781250
2021-04-27 00:00:00+00:00,17219.641006492462,0.480755,55011.97,43666.920643842462,0.6056593697792466294385189887
2021-04-28 00:00:00+00:00,2163.837148561015,0.754082,54846.22,43522.384418601015,0.9502822012748866424665100481
2021-04-29 00:00:00+00:00,2163.837148561015,0.754082,53555.0,42548.698658561015,0.9491444576031553919520996359
2021-04-30 00:00:00+00:00,17000.199776054515,0.476691,57694.27,44502.539036624515,0.6179948348101271008958382766
2021-05-01 00:00:00+00:00,2205.995895253365,0.732769,57800.37,44560.315219783365,0.9504941586617418525088630746
2021-05-02 00:00:00+00:00,2205.995895253365,0.732769,56578.21,43664.754258743365,0.9494787974259207084474571338
2021-05-03 00:00:00+00:00,2205.995895253365,0.732769,57169.39,44097.952636163365,0.9499750949107715241598796344
2021-05-04 00:00:00+00:00,2205.995895253365,0.732769,53200.01,41189.314022943365,0.9464425191926096130332360560
2021-05-05 00:00:00+00:00,16458.687044906850,0.464538,57436.11,43139.942712086850,0.6184814811936342026952836550
2021-05-06 00:00:00+00:00,2138.446075322907,0.713539,56393.68,42377.536108842907,0.9495382159587924193481008634
2021-05-07 00:00:00+00:00,2138.446075322907,0.713539,57314.75,43034.755475572907,0.9503088596254086512189851360
2021-05-08 00:00:00+00:00,2138.446075322907,0.713539,58862.05,44138.814370272907,0.9515518007034839810701832927
2021-05-09 00:00:00+00:00,2138.446075322907,0.713539,58240.84,43695.556808082907,0.9510603312662826118509478614
2021-05-10 00:00:00+00:00,2138.446075322907,0.713539,55816.14,41965.438794782907,0.9490426852015007156237802278
2021-05-11 00:00:00+00:00,2138.446075322907,0.713539,56670.02,42574.715476102907,0.9497719232786602644327478654
2021-05-12 00:00:00+00:00,2138.446075322907,0.713539,49631.32,37552.328516802907,0.9430542349892882779164770853
2021-05-13 00:00:00+00:00,14977.367234045982,0.454024,49670.97,37529.179717325982,0.6009140794747659639220314601
2021-05-14 00:00:00+00:00,14977.367234045982,0.454024,49841.45,37606.581728845982,0.6017354796552101725614812036
2021-05-15 00:00:00+00:00,14977.367234045982,0.454024,46762.99,36208.887005805982,0.5863621206682103231153871946
2021-05-16 00:00:00+00:00,14977.367234045982,0.454024,46431.5,36058.382590045982,0.5846356337075272372689875684
2021-05-17 00:00:00+00:00,25226.073795366459,0.232987,43538.04,35369.871120846459,0.2867920352557180112402252991
2021-05-18 00:00:00+00:00,14133.553666279037,0.487434,42849.78,35019.993330799037,0.5964147242184366963157463570
2021-05-19 00:00:00+00:00,14133.553666279037,0.487434,36690.09,32017.550995339037,0.5585685592150213920941212447
2021-05-20 00:00:00+00:00,22395.132368354018,0.261853,40526.64,33007.154632274018,0.3215067273185579618365458441
2021-05-21 00:00:00+00:00,13190.808068176208,0.488683,37252.01,31395.232071006208,0.5798467729640373235906264136
2021-05-22 00:00:00+00:00,13190.808068176208,0.488683,37449.73,31491.854473766208,0.5811358750192179907662205404
2021-05-23 00:00:00+00:00,13190.808068176208,0.488683,34655.25,30126.239603926208,0.5621488695038755056360544898
2021-05-24 00:00:00+00:00,13196.419157544944,0.488521,38796.29,32149.221544634944,0.5895260126524848957450818900
2021-05-25 00:00:00+00:00,13196.419157544944,0.488521,38324.72,31918.849696664944,0.5865634481519621287336018945
2021-05-26 00:00:00+00:00,13196.419157544944,0.488521,39241.91,32366.916272654944,0.5922867953690761571694096847
2021-05-27 00:00:00+00:00,13196.419157544944,0.488521,38529.98,32019.123517124944,0.5878582013499826508973870788
2021-05-28 00:00:00+00:00,13196.419157544944,0.488521,35663.49,30618.782955834944,0.5690090237557879226839193422
2021-05-29 00:00:00+00:00,13196.419157544944,0.488521,34605.15,30101.761640694944,0.5616064164263216520022589059
2021-05-30 00:00:00+00:00,13196.419157544944,0.488521,35641.27,30607.928019214944,0.5688561751301643303270871417
2021-05-31 00:00:00+00:00,13196.419157544944,0.488521,37253.81,31395.687672554944,0.5796741483996602968050604997
2021-06-01 00:00:00+00:00,13196.419157544944,0.488521,36693.09,31121.764177434944,0.5759745790017552613470103848
2021-06-02 00:00:00+00:00,13196.419157544944,0.488521,37568.68,31549.508279824944,0.5817234601407814455496294865
2021-06-03 00:00:00+00:00,13196.419157544944,0.488521,39246.79,32369.300255134944,0.5923168232389727449363066271
2021-06-04 00:00:00+00:00,13196.419157544944,0.488521,36829.0,31188.159066544944,0.5768772652022113486161750403
2021-06-05 00:00:00+00:00,13196.419157544944,0.488521,35513.2,30545.363134744944,0.5679730799293005341406116394
2021-06-06 00:00:00+00:00,13196.419157544944,0.488521,35796.31,30683.668315054944,0.5699204207904268076233795252
2021-06-07 00:00:00+00:00,13196.419157544944,0.488521,33552.79,29587.661681134944,0.5539891154710963755122527816
2021-06-08 00:00:00+00:00,13196.419157544944,0.488521,33380.81,29503.645839554944,0.5527190358334368795152228578
2021-06-09 00:00:00+00:00,20642.861953840304,0.265155,37388.05,30556.490351590304,0.3244360947111862269495364902
2021-06-10 00:00:00+00:00,12211.678128468724,0.490367,36675.72,30196.240917708724,0.5955894589082070362899118433
2021-06-11 00:00:00+00:00,12211.678128468724,0.490367,37331.98,30518.049165128724,0.5998539073584582583075208116
2021-06-12 00:00:00+00:00,12211.678128468724,0.490367,35546.11,29642.317450838724,0.5880322734981303973398528623
2021-06-13 00:00:00+00:00,12211.678128468724,0.490367,39020.57,31346.077977658724,0.6104240493125695713106350039
2021-06-14 00:00:00+00:00,12538.011512288452,0.481993,40516.29,32066.579678258452,0.6090006593129299994063200511
2021-06-15 00:00:00+00:00,12826.274261636116,0.474869,40144.04,31889.434392396116,0.5977892205985791924199824235
2021-06-16 00:00:00+00:00,12826.274261636116,0.474869,38349.01,31037.030291326116,0.5867428635651181980639320926
2021-06-17 00:00:00+00:00,12826.274261636116,0.474869,38092.97,30915.444832566116,0.5851175898939352376348043795
2021-06-18 00:00:00+00:00,12826.274261636116,0.474869,35819.84,29836.005862596116,0.5701075297844821753298190723
2021-06-19 00:00:00+00:00,12826.274261636116,0.474869,35483.72,29676.392894316116,0.5677953750203678913872402846
2021-06-20 00:00:00+00:00,20763.160679454868,0.250901,35600.16,29695.276423614868,0.3007924767811497913998228617
2021-06-21 00:00:00+00:00,20763.160679454868,0.250901,31608.93,28693.872825384868,0.2763904403630682141631868288
2021-06-22 00:00:00+00:00,20763.160679454868,0.250901,32509.56,28919.841793014868,0.2820444583320686688997724561
2021-06-23 00:00:00+00:00,20763.160679454868,0.250901,33678.07,29213.022120524868,0.2892498217475824108457214941
2021-06-24 00:00:00+00:00,20763.160679454868,0.250901,34663.09,29460.164623544868,0.2952123335094762021644443246
2021-06-25 00:00:00+00:00,20763.160679454868,0.250901,31584.45,28687.730768904868,0.2762355152203108308888472408
2021-06-26 00:00:00+00:00,20763.160679454868,0.250901,32283.65,28863.160748104868,0.2806345479395162746375831814
2021-06-27 00:00:00+00:00,20763.160679454868,0.250901,34700.34,29469.510685794868,0.2954358523006187978364633555
2021-06-28 00:00:00+00:00,11776.353306666321,0.509532,34494.89,29352.603598146321,0.5987969766535455608062709531
2021-06-29 00:00:00+00:00,11776.353306666321,0.509532,35911.73,30074.528917026321,0.6084276718296563293513672966
2021-06-30 00:00:00+00:00,12029.488722030633,0.502474,35045.0,29638.690052030633,0.5941288666633747639970596917
2021-07-01 00:00:00+00:00,12029.488722030633,0.502474,33504.69,28864.724325090633,0.5832460207640364728617616230
2021-07-02 00:00:00+00:00,12029.488722030633,0.502474,33786.55,29006.351646730633,0.5852808768045635268424357478
2021-07-03 00:00:00+00:00,12029.488722030633,0.502474,34669.13,29449.825149650633,0.5915259713461035490742556806
2021-07-04 00:00:00+00:00,12029.488722030633,0.502474,35286.51,29760.042547770633,0.5957838869779512777195398972
2021-07-05 00:00:00+00:00,12029.488722030633,0.502474,33690.14,28957.908128390633,0.5845870955631357333208431954
2021-07-06 00:00:00+00:00,12029.488722030633,0.502474,34220.01,29224.154026770633,0.5883717040701645988709550762
2021-07-07 00:00:00+00:00,12029.488722030633,0.502474,33862.12,29044.323606910633,0.5858230721830819893912148659
2021-07-08 00:00:00+00:00,12029.488722030633,0.502474,32875.71,28548.678228570633,0.5786323757016570648762939402
2021-07-09 00:00:00+00:00,12029.488722030633,0.502474,33815.81,29021.054035970633,0.5854909781319285957293408744
2021-07-10 00:00:00+00:00,12029.488722030633,0.502474,33502.87,28863.809822410633,0.5832328165947581664613991812
2021-07-11 00:00:00+00:00,12029.488722030633,0.502474,34258.99,29243.740463290633,0.5886473983336322307683072896
2021-07-12 00:00:00+00:00,20459.658763444233,0.256082,33086.63,28932.549147104233,0.2928497707056699047193028141
2021-07-13 00:00:00+00:00,20459.658763444233,0.256082,32729.77,28841.163724584233,0.2906091113790806538757564030
2021-07-14 00:00:00+00:00,11524.824010852249,0.528721,32820.02,28877.457805272249,0.6009058661407471487377712309
2021-07-15 00:00:00+00:00,11550.980347293127,0.527923,31880.0,28381.165587293127,0.5930054277804307184309796291
2021-07-16 00:00:00+00:00,11351.058981586159,0.534187,31383.87,28115.914345276159,0.5962763706636030055722489810
2021-07-17 00:00:00+00:00,11246.257743761129,0.537522,31520.07,28188.988810301129,0.6010407532017821677594649603
2021-07-18 00:00:00+00:00,11275.564780190408,0.536591,31778.56,28327.654069150408,0.6019591049556833154273797901
2021-07-19 00:00:00+00:00,11331.009769670081,0.534844,30839.65,27825.411534270081,0.5927819520040274872299324553
2021-07-20 00:00:00+00:00,11129.920892729041,0.541356,29790.35,27257.105607329041,0.5916690108968735682891938037
2021-07-21 00:00:00+00:00,10902.563740686117,0.548978,32144.51,28549.192551466117,0.6181130614803946156663386365
2021-07-22 00:00:00+00:00,11419.032334426173,0.532890,32287.83,28624.894063126173,0.6010803635030437837290846241
2021-07-23 00:00:00+00:00,11449.891379507895,0.531933,33634.09,29340.973775477895,0.6097644383882960143410041024
2021-07-24 00:00:00+00:00,11736.047789840625,0.523414,34258.14,29667.237879800625,0.6044105003172106679282386863
2021-07-25 00:00:00+00:00,11867.440954782705,0.519574,35381.02,30250.499040262705,0.6076943742651180953677477630
2021-07-26 00:00:00+00:00,12099.910082112951,0.512995,37237.6,31202.612694112951,0.6122148423681244736133402321
2021-07-27 00:00:00+00:00,12481.323438472056,0.502740,39457.87,32318.373002272056,0.6138009968015843422071704998
2021-07-28 00:00:00+00:00,12926.524703238342,0.491442,40019.56,32593.817308758342,0.6034056219685310440172618836
2021-07-29 00:00:00+00:00,13037.394671845008,0.488668,40016.48,32592.167920485008,0.5999838150180039649797480527
2021-07-30 00:00:00+00:00,13037.394671845008,0.488668,42206.37,33662.297087005008,0.6127003858902438542448914386
2021-07-31 00:00:00+00:00,13464.389283090168,0.478538,41461.83,33305.450487630168,0.5957301556965602955378217699
2021-08-01 00:00:00+00:00,13322.031809286000,0.481967,39845.44,32526.218989766000,0.5904217513422748645711584542
2021-08-02 00:00:00+00:00,13011.035034000306,0.489761,39147.82,32184.110505020306,0.5957310974317356882420868128
2021-08-03 00:00:00+00:00,12873.294137274454,0.493275,38207.05,31719.876726024454,0.5941568673653574427818048245
2021-08-04 00:00:00+00:00,12687.710841178102,0.498126,39723.18,32474.859601858102,0.6093066760956172400675561786
2021-08-05 00:00:00+00:00,12989.571512027413,0.490517,40862.46,33033.302803847413,0.6067734555893542658080982364
2021-08-06 00:00:00+00:00,13213.043451307165,0.485041,42836.87,33990.681712977165,0.6112745380372112236746441543
2021-08-07 00:00:00+00:00,13595.806687278508,0.476094,44572.54,34816.525546038508,0.6095013366770175799243503701
2021-08-08 00:00:00+00:00,13926.194016549064,0.468672,43794.37,34451.388993189064,0.5957726401306423181509702401
2021-08-09 00:00:00+00:00,13926.194016549064,0.468672,46253.4,35603.867501349064,0.6088572676543808781186232174
2021-08-10 00:00:00+00:00,14240.323681284733,0.461871,45584.99,35294.708597574733,0.5965309178876956856255993583
2021-08-11 00:00:00+00:00,14117.768841842233,0.464556,45511.0,35260.176957842233,0.5996115147487286444788398464
2021-08-12 00:00:00+00:00,14104.006752013191,0.464858,44399.0,34743.237094013191,0.5940502977932492556740288539
2021-08-13 00:00:00+00:00,13897.233616870413,0.469509,47800.0,36339.763816870413,0.6175750154320280538306722099
2021-08-14 00:00:00+00:00,1801.324678035825,0.722233,47068.51,35795.755860865825,0.9496777024338478462091682645
2021-08-15 00:00:00+00:00,1801.324678035825,0.722233,46973.82,35727.367618095825,0.9495813770191269725173610790
2021-08-16 00:00:00+00:00,1801.324678035825,0.722233,45901.29,34952.751058605825,0.9484640085979064793301276202
2021-08-17 00:00:00+00:00,1801.324678035825,0.722233,44695.95,34082.214734385825,0.9471476636106498733465617573
2021-08-18 00:00:00+00:00,1801.324678035825,0.722233,44705.29,34088.960390605825,0.9471581222367746114358961834
2021-08-19 00:00:00+00:00,1801.324678035825,0.722233,46760.62,35573.387542495825,0.9493631390633245197948690517
2021-08-20 00:00:00+00:00,1801.324678035825,0.722233,49322.47,37423.640153545825,0.9518666631400592758524426790
2021-08-21 00:00:00+00:00,1801.324678035825,0.722233,48821.87,37062.090313745825,0.9513971105572602258964937133
2021-08-22 00:00:00+00:00,1801.324678035825,0.722233,49239.22,37363.514256295825,0.9517892062914746227410869625
2021-08-23 00:00:00+00:00,1801.324678035825,0.722233,49488.85,37543.805280085825,0.9520207218049020528467617889
2021-08-24 00:00:00+00:00,1801.324678035825,0.722233,47674.01,36233.067942365825,0.9502850633321720269443505510
2021-08-25 00:00:00+00:00,1801.324678035825,0.722233,48973.32,37171.472501595825,0.9515401312671029771559540826
2021-08-26 00:00:00+00:00,1801.324678035825,0.722233,46843.87,35633.513439745825,0.9494485807277534093479634357
2021-08-27 00:00:00+00:00,1801.324678035825,0.722233,49069.9,37241.225764735825,0.9516308971832629229319726309
2021-08-28 00:00:00+00:00,1801.324678035825,0.722233,48895.35,37115.159994585825,0.9514666061442657585827766892
2021-08-29 00:00:00+00:00,1801.324678035825,0.722233,48767.83,37023.060842425825,0.9513458737055140089254252345
2021-08-30 00:00:00+00:00,1801.324678035825,0.722233,46982.91,35733.932716065825,0.9495906400129880738235491186
2021-08-31 00:00:00+00:00,1801.324678035825,0.722233,47100.89,35819.141765405825,0.9497105572815385883406360728
2021-09-01 00:00:00+00:00,1801.324678035825,0.722233,48810.52,37053.892969195825,0.9513863582557080270167975282
2021-09-02 00:00:00+00:00,1801.324678035825,0.722233,49246.64,37368.873225155825,0.9517961200707754647475050116
2021-09-03 00:00:00+00:00,19595.494386862863,0.360435,49999.14,37616.934412762863,0.4790778490387987343908367522
2021-09-04 00:00:00+00:00,19595.494386862863,0.360435,49915.64,37586.838090262863,0.4786607391713745986479490794
2021-09-05 00:00:00+00:00,1856.379108403449,0.715342,51756.88,38880.249161363449,0.9522539297343754556267765317
2021-09-06 00:00:00+00:00,1856.379108403449,0.715342,52663.9,39529.078662203449,0.9530376327698610261793256401
2021-09-07 00:00:00+00:00,20729.077218882729,0.356530,46863.73,37437.402875782729,0.4463003406603340077621577649
2021-09-08 00:00:00+00:00,20729.077218882729,0.356530,46048.31,37146.681183182729,0.4419669117501855678007637192
2021-09-09 00:00:00+00:00,20729.077218882729,0.356530,46395.14,37270.336483082729,0.4438183505992277615164582276
2021-09-10 00:00:00+00:00,20729.077218882729,0.356530,44850.91,36719.772161182729,0.4354791438276981451646297579
2021-09-11 00:00:00+00:00,20729.077218882729,0.356530,45173.69,36834.852914582729,0.4372428399007888031646356866
2021-09-12 00:00:00+00:00,20729.077218882729,0.356530,46025.24,37138.456036082729,0.4418433227611047460979941036
2021-09-13 00:00:00+00:00,20729.077218882729,0.356530,44940.73,36751.795685782729,0.4359710367321811809421974522
2021-09-14 00:00:00+00:00,20729.077218882729,0.356530,47111.52,37525.747444482729,0.4476038818533793633159751016
2021-09-15 00:00:00+00:00,20729.077218882729,0.356530,48121.41,37885.803526182729,0.4528537000790561111943368250
2021-09-16 00:00:00+00:00,20729.077218882729,0.356530,47737.82,37749.042183482729,0.4508714388532794546426808676
2021-09-17 00:00:00+00:00,20729.077218882729,0.356530,47299.98,37592.939088282729,0.4485912056462822489123820397
2021-09-18 00:00:00+00:00,20729.077218882729,0.356530,48292.74,37946.887811082729,0.4537344584862472953219412897
2021-09-19 00:00:00+00:00,20729.077218882729,0.356530,47241.75,37572.178346382729,0.4482865212717051268092636975
2021-09-20 00:00:00+00:00,20729.077218882729,0.356530,43015.62,36065.436217482729,0.4252370304387361391756804809
2021-09-21 00:00:00+00:00,20729.077218882729,0.356530,40734.38,35252.105720282729,0.4119761984329917180729832069
2021-09-22 00:00:00+00:00,24671.282672243844,0.259625,43543.61,35976.292418493844,0.3142349860498295035163844992
2021-09-23 00:00:00+00:00,25183.244123655912,0.247853,44865.26,36303.233410435912,0.3063085086956301627502185201
2021-09-24 00:00:00+00:00,25411.983527657922,0.242748,42810.57,35804.163774017922,0.2902506063806275485346975944
2021-09-25 00:00:00+00:00,25411.983527657922,0.242748,42670.64,35770.196046377922,0.2895766214222040616902823501
2021-09-26 00:00:00+00:00,25038.685576065319,0.251485,43160.9,35893.004512565319,0.3024076441608601331515812535
2021-09-27 00:00:00+00:00,25125.024472097809,0.249482,42147.35,35640.029644797809,0.2950335697668203533982981673
2021-09-28 00:00:00+00:00,25125.024472097809,0.249482,41026.54,35360.407724377809,0.2894588583949960293214815009
2021-09-29 00:00:00+00:00,24751.540181969613,0.258574,41524.28,35488.639358689613,0.3025503195036119301228509970
2021-09-30 00:00:00+00:00,24841.945454331753,0.256394,43824.1,36078.181749731753,0.3114413130169328225054704476
2021-10-01 00:00:00+00:00,25253.493119985501,0.246990,48141.61,37143.989373885501,0.3201189870644252059681813547
2021-10-02 00:00:00+00:00,25999.823684111661,0.231467,47634.9,37025.731082411661,0.2977904034834207113715354658
2021-10-03 00:00:00+00:00,25917.928252143692,0.233184,48200.01,37157.399383983692,0.3024827172561666510022679354
2021-10-04 00:00:00+00:00,26010.063140018810,0.231270,49224.94,37394.315013818810,0.3044380374287650035573323881
2021-10-05 00:00:00+00:00,26175.833821575662,0.227898,51471.99,37906.197398595662,0.3094576713583669346712172797
2021-10-06 00:00:00+00:00,15148.209237776033,0.441865,55315.0,39589.971712776033,0.6173725672835585206313884782
2021-10-07 00:00:00+00:00,15835.101825053033,0.429431,53785.22,38932.142634873033,0.5932640550107068351254268031
2021-10-08 00:00:00+00:00,15572.558013721283,0.434306,53951.43,39003.987771301283,0.6007444647703585678939472576
2021-10-09 00:00:00+00:00,15602.302824972491,0.433754,54949.72,39436.963673852491,0.6043736289130916257979496404
2021-10-10 00:00:00+00:00,15774.565762730087,0.430615,54659.0,39311.551047730087,0.5987294995413075637088684161
2021-10-11 00:00:00+00:00,15724.597211821118,0.431528,57471.35,40525.093934621118,0.6119787596991258580887068388
2021-10-12 00:00:00+00:00,16209.426606629633,0.423081,55996.93,39900.663747959633,0.5937554645952845597970757309
2021-10-13 00:00:00+00:00,15959.972484711266,0.427530,57367.0,40486.085994711266,0.6057911726316015920036483846
2021-10-14 00:00:00+00:00,16194.829804939445,0.423431,57347.94,40477.725387079445,0.5999076121478688448653591475
2021-10-15 00:00:00+00:00,16194.829804939445,0.423431,61672.42,42308.844277959445,0.6172235360875586311969367792
2021-10-16 00:00:00+00:00,16922.603781950309,0.411615,60875.57,41979.901527500309,0.5968879590900278002473368518
2021-10-17 00:00:00+00:00,16791.794978065123,0.413761,61528.33,42249.818327195123,0.6025593566338088649612654537
2021-10-18 00:00:00+00:00,16899.821147802595,0.412003,62009.84,42448.061257322595,0.6018706002765378442759391129
2021-10-19 00:00:00+00:00,16978.465888556995,0.410733,64280.59,43380.625461026995,0.6086163878893265273063585078
2021-10-20 00:00:00+00:00,17351.771590286890,0.404918,66001.41,44076.930524666890,0.6063298559191577131335469877
2021-10-21 00:00:00+00:00,17630.462739391930,0.400690,62193.15,42550.636012891930,0.5856592429299933856756813311
2021-10-22 00:00:00+00:00,17019.492514648885,0.410501,60688.22,41932.067512868885,0.5941174970820213015626675766
2021-10-23 00:00:00+00:00,16772.534919872149,0.414565,61286.75,42179.876433622149,0.6023569451118037188052574215
2021-10-24 00:00:00+00:00,16871.874006208324,0.412942,60852.22,42000.311437448324,0.5982916928762337423684507948
2021-10-25 00:00:00+00:00,16871.874006208324,0.412942,63078.78,42919.751576968324,0.6068972119758927018471393138
2021-10-26 00:00:00+00:00,17167.517883419422,0.408249,60328.81,41796.694237109422,0.5892613471766590573886307614
2021-10-27 00:00:00+00:00,16718.148444006555,0.415688,58413.44,40999.914490726555,0.5922394314313045651402388696
2021-10-28 00:00:00+00:00,16399.556804916571,0.421135,60575.89,41910.184240066571,0.6086975731011360114665314169
2021-10-29 00:00:00+00:00,16763.628661620511,0.415117,62253.71,42606.201995690511,0.6065448719574652172401357160
2021-10-30 00:00:00+00:00,17042.162672071711,0.410637,61859.19,42443.834876101711,0.5984773119153892420804114393
2021-10-31 00:00:00+00:00,16977.497722419043,0.411681,61299.8,42213.460686219043,0.5978179129018555674003343866
2021-11-01 00:00:00+00:00,16885.305713790037,0.413183,60911.11,42052.740876920037,0.5984731229954796486340351589
2021-11-02 00:00:00+00:00,16821.021932893413,0.414237,63219.99,43009.080930523413,0.6088960384885698578866744964
2021-11-03 00:00:00+00:00,17203.261705143399,0.408183,62896.48,42876.535600983399,0.5987721147706525081542888249
2021-11-04 00:00:00+00:00,2124.252049351615,0.647615,61395.01,41884.581450501615,0.9492831974013632004178834930
2021-11-05 00:00:00+00:00,2124.252049351615,0.647615,60937.12,41588.045018151615,0.9489215699265387684729563506
2021-11-06 00:00:00+00:00,2124.252049351615,0.647615,61470.61,41933.541144501615,0.9493424120316595317678935468
2021-11-07 00:00:00+00:00,2124.252049351615,0.647615,63273.59,43101.178037201615,0.9507147566240968088912013215
2021-11-08 00:00:00+00:00,2124.252049351615,0.647615,67525.83,45854.992444801615,0.9536745742154749302871842834
2021-11-09 00:00:00+00:00,24045.390420441919,0.322559,66947.66,45639.960682381919,0.4731505009879643444039279343
2021-11-10 00:00:00+00:00,24045.390420441919,0.322559,64882.43,44973.802158811919,0.4653467292906966798353172682
2021-11-11 00:00:00+00:00,2220.389698647533,0.658500,64774.26,44874.239908647533,0.9505197257230946279417334564
2021-11-12 00:00:00+00:00,23531.295410660258,0.329069,64122.23,44631.933514530258,0.4727699752689524482440022801
2021-11-13 00:00:00+00:00,23531.295410660258,0.329069,64380.0,44716.757630660258,0.4737700884975185869465465842
2021-11-14 00:00:00+00:00,2208.184788352157,0.659846,65519.1,45440.700846952157,0.9514051335654021603080397035
2021-11-15 00:00:00+00:00,2208.184788352157,0.659846,63606.74,44178.837750392157,0.9500171371454298643143562477
2021-11-16 00:00:00+00:00,2208.184788352157,0.659846,60058.87,41837.789922372157,0.9472203289789128676343420243
2021-11-17 00:00:00+00:00,21939.166703947052,0.330891,60344.87,41906.741083117052,0.4764764298795433364987184941
2021-11-18 00:00:00+00:00,21939.166703947052,0.330891,56891.62,40764.091737367052,0.4618016551111779963877999526
2021-11-19 00:00:00+00:00,21939.166703947052,0.330891,58052.24,41148.130449787052,0.4668247022615193781348864667
2021-11-20 00:00:00+00:00,21939.166703947052,0.330891,59707.51,41695.844395357052,0.4738284588765867731289819089
2021-11-21 00:00:00+00:00,2058.993529653100,0.663418,58622.02,40949.896794013100,0.9497192010028673352965340428
2021-11-22 00:00:00+00:00,2058.993529653100,0.663418,56247.18,39374.385190893100,0.9477072843253099344297105379
2021-11-23 00:00:00+00:00,2058.993529653100,0.663418,57541.27,40232.907790513100,0.9488231489413099376250232962
2021-11-24 00:00:00+00:00,2058.993529653100,0.663418,57138.29,39965.563604873100,0.9484808083776893908908789123
2021-11-25 00:00:00+00:00,2058.993529653100,0.663418,58960.36,41174.357640133100,0.9499933053564829309394674049
2021-11-26 00:00:00+00:00,2058.993529653100,0.663418,53726.53,37702.140609193100,0.9453878878922051075216182613
2021-11-27 00:00:00+00:00,19769.602502897860,0.333328,54721.03,38009.653990737860,0.4798794404254432455591970109
2021-11-28 00:00:00+00:00,1877.177209296302,0.659906,57274.88,39673.214170576302,0.9526840149319559478693652797
2021-11-29 00:00:00+00:00,1877.177209296302,0.659906,57776.25,40004.071241796302,0.9530753458079280445300628666
2021-11-30 00:00:00+00:00,1877.177209296302,0.659906,56950.56,39459.193456656302,0.9524273801653276246717295587
2021-12-01 00:00:00+00:00,1877.177209296302,0.659906,57184.07,39613.288106716302,0.9526124364067108882116941675
2021-12-02 00:00:00+00:00,1877.177209296302,0.659906,56480.34,39148.892457336302,0.9520503112229288978946479565
2021-12-03 00:00:00+00:00,1877.177209296302,0.659906,53601.05,37248.831710596302,0.9496044003774138503536477055
2021-12-04 00:00:00+00:00,19532.679087017462,0.330090,49152.47,35757.417909317462,0.4537446988886815289423699585
2021-12-05 00:00:00+00:00,19532.679087017462,0.330090,49396.33,35837.913656717462,0.4549716461143308005082359249
2021-12-06 00:00:00+00:00,19532.679087017462,0.330090,50441.92,36183.052459817462,0.4601705008523208106053908348
2021-12-07 00:00:00+00:00,19532.679087017462,0.330090,50588.95,36231.585592517462,0.4608936162304929320399955149
2021-12-08 00:00:00+00:00,19532.679087017462,0.330090,50471.19,36192.714194117462,0.4603146096682579883254153680
2021-12-09 00:00:00+00:00,19532.679087017462,0.330090,47545.59,35227.002890117462,0.4455197012375658383707939975
2021-12-10 00:00:00+00:00,19532.679087017462,0.330090,47140.54,35093.299935617462,0.4434071710881472828732306107
2021-12-11 00:00:00+00:00,19532.679087017462,0.330090,49389.99,35835.820886117462,0.4549398170872016859093669239
2021-12-12 00:00:00+00:00,19532.679087017462,0.330090,50053.9,36054.970938017462,0.4582528128896199192210626504
2021-12-13 00:00:00+00:00,19532.679087017462,0.330090,46702.75,34948.789834517462,0.4411057098255845878563828657
2021-12-14 00:00:00+00:00,19532.679087017462,0.330090,48343.28,35490.312382217462,0.4496334978216654063909192953
2021-12-15 00:00:00+00:00,19532.679087017462,0.330090,48864.98,35662.520335217462,0.4522911195446681507952255437
2021-12-16 00:00:00+00:00,19532.679087017462,0.330090,47632.38,35255.651401217462,0.4459702682917113295834618033
2021-12-17 00:00:00+00:00,1739.699664923540,0.703153,46131.2,34176.991338523540,0.9490973430723672431709322995
2021-12-18 00:00:00+00:00,1739.699664923540,0.703153,46834.48,34671.504780363540,0.9498233585203711258200401731
2021-12-19 00:00:00+00:00,1739.699664923540,0.703153,46681.23,34563.746583113540,0.9496669245407126244404234263
2021-12-20 00:00:00+00:00,1739.699664923540,0.703153,46914.16,34727.532011403540,0.9499043103796644172817429592
2021-12-21 00:00:00+00:00,1739.699664923540,0.703153,48889.88,36116.765456563540,0.9518312439408279723771503456
2021-12-22 00:00:00+00:00,1739.699664923540,0.703153,48588.16,35904.610133403540,0.9515466214934603722957107593
2021-12-23 00:00:00+00:00,1739.699664923540,0.703153,50838.81,37487.161432853540,0.9535921206507015791416351317
2021-12-24 00:00:00+00:00,1739.699664923540,0.703153,50820.0,37473.935124923540,0.9535757411351634878822242344
2021-12-25 00:00:00+00:00,1739.699664923540,0.703153,50399.66,37178.371792903540,0.9532066741756666448480848029
2021-12-26 00:00:00+00:00,1739.699664923540,0.703153,50775.49,37442.637784893540,0.9535369362885690598050177159
2021-12-27 00:00:00+00:00,1739.699664923540,0.703153,50701.44,37390.569305243540,0.9534722338480262241668655356
2021-12-28 00:00:00+00:00,1739.699664923540,0.703153,47543.74,35170.223077143540,0.9505348697644702239428450795
2021-12-29 00:00:00+00:00,1739.699664923540,0.703153,46464.66,34411.464737903540,0.9494441844259161795529415245
2021-12-30 00:00:00+00:00,13748.981889945314,0.444356,47120.87,34687.423199665314,0.6036320769402677107852401801
2021-12-31 00:00:00+00:00,13874.819321462258,0.441682,46216.93,34288.005397722258,0.5953448105096262577985891571
2022-01-01 00:00:00+00:00,13715.024798995181,0.445135,47722.65,34958.046606745181,0.6076718772853613393575729462
2022-01-02 00:00:00+00:00,13982.877486441221,0.439515,47286.18,34765.862889141221,0.5977986356608270255573733977
2022-01-03 00:00:00+00:00,13906.268985450209,0.441133,46446.1,34395.176416750209,0.5956913022641758042442510068
2022-01-04 00:00:00+00:00,13757.913314473509,0.444323,45832.01,34122.129493703509,0.5968037892531815661680363312
2022-01-05 00:00:00+00:00,13648.737218026182,0.446702,43451.13,33058.443891286182,0.5871331009133243256841360869
2022-01-06 00:00:00+00:00,13222.841062393884,0.456491,43082.31,32889.527836603884,0.5979619674661996669485614649
2022-01-07 00:00:00+00:00,13155.760995024434,0.458046,41566.48,32195.120893104434,0.5913740768762840389827357482
2022-01-08 00:00:00+00:00,12877.694324795690,0.464727,41679.74,32247.394855775690,0.6006593902425199338659190959
2022-01-09 00:00:00+00:00,12898.964984084408,0.464216,41864.62,32333.191422004408,0.6010611876900590887264955314
2022-01-10 00:00:00+00:00,12933.249344799488,0.463396,41822.49,32313.623920839488,0.5997586226638398604404249811
2022-01-11 00:00:00+00:00,12925.460248981406,0.463582,42729.29,32733.989965761406,0.6051364266164625951658156098
2022-01-12 00:00:00+00:00,13093.381423448411,0.459647,43902.66,33273.107384468411,0.6064875675074374217340239306
2022-01-13 00:00:00+00:00,13308.970123369346,0.454730,42560.11,32662.328943669346,0.5925284401390211502257206555
2022-01-14 00:00:00+00:00,13308.970123369346,0.454730,43059.96,32889.625734169346,0.5953444338059909891923457498
2022-01-15 00:00:00+00:00,13308.970123369346,0.454730,43084.29,32900.689315069346,0.5954805081462684791375499139
2022-01-16 00:00:00+00:00,13308.970123369346,0.454730,43071.66,32894.946075169346,0.5954098817199283011188294530
2022-01-17 00:00:00+00:00,23013.863766593492,0.229117,42201.62,32682.972336133492,0.2958454472896906900086789160
2022-01-18 00:00:00+00:00,23013.863766593492,0.229117,42352.12,32717.454444633492,0.2965875812392745495950775836
2022-01-19 00:00:00+00:00,13074.087779542408,0.463506,41660.01,32383.752374602408,0.5962763169534356561238419607
2022-01-20 00:00:00+00:00,12953.367006290408,0.466400,40680.91,31926.943430290408,0.5942810173929454680122177136
2022-01-21 00:00:00+00:00,12770.553688570760,0.470888,36445.31,29932.212823850760,0.5733508323048253519999484865
2022-01-22 00:00:00+00:00,12770.553688570760,0.470888,35071.42,29285.264509530760,0.5639256157507254304781032828
2022-01-23 00:00:00+00:00,12770.553688570760,0.470888,36244.55,29837.677348970760,0.5719990688547587073371202552
2022-01-24 00:00:00+00:00,12770.553688570760,0.470888,36660.35,30033.472579370760,0.5747893070033288978912599216
2022-01-25 00:00:00+00:00,12770.553688570760,0.470888,36958.32,30173.783076730760,0.5767665706320040378368416666
2022-01-26 00:00:00+00:00,12770.553688570760,0.470888,36809.34,30103.630182490760,0.5757802759615840297917825724
2022-01-27 00:00:00+00:00,12770.553688570760,0.470888,37160.1,30268.798857370760,0.5780951286257928120504243720
2022-01-28 00:00:00+00:00,12770.553688570760,0.470888,37716.56,30530.829193850760,0.5817161202047244768251397490
2022-01-29 00:00:00+00:00,12770.553688570760,0.470888,38166.84,30742.860642490760,0.5846009960790655694494312564
2022-01-30 00:00:00+00:00,21508.657976068163,0.241645,37881.76,30662.595871268163,0.2985376037185923246770241179
2022-01-31 00:00:00+00:00,21508.657976068163,0.241645,38466.9,30803.992026568163,0.3017574489203496387942178656
2022-02-01 00:00:00+00:00,12309.665084423063,0.480475,38694.59,30901.448214673063,0.6016476315638173358575252700
2022-02-02 00:00:00+00:00,12360.520966158491,0.479159,36896.36,30039.743927398491,0.5885277518998831307054125432
2022-02-03 00:00:00+00:00,12360.520966158491,0.479159,37311.61,30238.714702148491,0.5912352397279549850894173841
2022-02-04 00:00:00+00:00,12360.520966158491,0.479159,41574.25,32281.197021908491,0.6170984317040754270325585772
2022-02-05 00:00:00+00:00,12911.294201134631,0.465893,41382.59,32191.153204004631,0.5989179350204687501211061059
2022-02-06 00:00:00+00:00,12911.294201134631,0.465893,42380.87,32656.244868044631,0.6046301632871200073701729491
2022-02-07 00:00:00+00:00,22846.465661909870,0.231162,43839.99,32980.605430289870,0.3072757348193692629476968771
2022-02-08 00:00:00+00:00,22846.465661909870,0.231162,44042.99,33027.531316289870,0.3082599652054068370710892136
2022-02-09 00:00:00+00:00,22846.465661909870,0.231162,44372.72,33103.752362549870,0.3098526894565591150626709077
2022-02-10 00:00:00+00:00,22846.465661909870,0.231162,43495.44,32900.958563189870,0.3055987831469789131153796503
2022-02-11 00:00:00+00:00,22846.465661909870,0.231162,42373.73,32641.661836169870,0.3000826435682894610739038437
2022-02-12 00:00:00+00:00,22846.465661909870,0.231162,42217.87,32605.632926849870,0.2993092416526466435137915224
2022-02-13 00:00:00+00:00,22846.465661909870,0.231162,42053.66,32567.673814829870,0.2984925545555358092530850689
2022-02-14 00:00:00+00:00,13014.341434731350,0.464658,42535.94,32779.006243251350,0.6029671754490487163134856359
2022-02-15 00:00:00+00:00,13111.494665908136,0.462371,44544.86,33707.746128968136,0.6110242845741550612057438662
2022-02-16 00:00:00+00:00,13482.649220469521,0.454028,43873.56,33402.473920149521,0.5963577652152188849186669841
2022-02-17 00:00:00+00:00,13360.873609388705,0.456800,40515.7,31868.445369388705,0.5807491248938513575286457993
2022-02-18 00:00:00+00:00,13360.873609388705,0.456800,39974.44,31621.197801388705,0.5774709834425710198093250096
2022-02-19 00:00:00+00:00,13360.873609388705,0.456800,40079.17,31669.038465388705,0.5781092746471955770633865957
2022-02-20 00:00:00+00:00,22156.901654133113,0.237048,38386.89,31256.437154853113,0.2911251674539347382144651257
2022-02-21 00:00:00+00:00,12490.048225447613,0.488548,37008.16,30570.310777127613,0.5914320820450233520278611473
2022-02-22 00:00:00+00:00,12490.048225447613,0.488548,38230.33,31167.399486287613,0.5992592121475285171058949631
2022-02-23 00:00:00+00:00,12490.048225447613,0.488548,37250.01,30688.466110927613,0.5930051316250006191931480117
2022-02-24 00:00:00+00:00,12490.048225447613,0.488548,38327.21,31214.730016527613,0.5998668507196965291635098009
2022-02-25 00:00:00+00:00,12490.048225447613,0.488548,39219.17,31650.495290607613,0.6053758997839735143495304367
2022-02-26 00:00:00+00:00,12659.998937171801,0.484209,39116.72,31600.666811651801,0.5993755760715845104684163035
2022-02-27 00:00:00+00:00,12659.998937171801,0.484209,37699.07,30914.227922801801,0.5904798603159031421441057377
2022-02-28 00:00:00+00:00,12659.998937171801,0.484209,43160.0,33558.459377171801,0.6227479100013814465018506164
2022-03-01 00:00:00+00:00,13422.420578867801,0.466521,44421.2,34145.843224067801,0.6069090901990972884218327367
2022-03-02 00:00:00+00:00,13658.034874776641,0.461210,43892.98,33901.916180576641,0.5971308877637508762122431432
2022-03-03 00:00:00+00:00,13658.034874776641,0.461210,42454.0,33238.244214776641,0.5890867524011775730894928266
2022-03-04 00:00:00+00:00,13658.034874776641,0.461210,39148.66,31713.788353376641,0.5693344887532984315499341355
2022-03-05 00:00:00+00:00,13658.034874776641,0.461210,39397.96,31828.768006376641,0.5708902439440834739178769223
2022-03-06 00:00:00+00:00,13658.034874776641,0.461210,38420.81,31378.096654876641,0.5647271080524901318722847541
2022-03-07 00:00:00+00:00,13658.034874776641,0.461210,37988.0,31178.480354776641,0.5619403280928607795112820306
2022-03-08 00:00:00+00:00,21814.346173849010,0.246223,38730.63,31350.718084339010,0.3041835241169105829623626857
2022-03-09 00:00:00+00:00,21945.356282822057,0.242836,41941.71,32130.313372382057,0.3169890368487530890786070713
2022-03-10 00:00:00+00:00,22490.517875728907,0.229821,39422.0,31550.521337728907,0.2871585976351465221455195713
2022-03-11 00:00:00+00:00,22490.517875728907,0.229821,38729.57,31391.386382698907,0.2835449316719454363613253311
2022-03-12 00:00:00+00:00,21973.310103481290,0.243158,38807.36,31409.630146361290,0.3004276076766592853475269879
2022-03-13 00:00:00+00:00,21986.758747935705,0.242811,37777.34,31159.512450675705,0.2943805272069038938336680876
2022-03-14 00:00:00+00:00,21811.433103263280,0.247446,39671.37,31627.954924283280,0.3103748517575848879755445093
2022-03-15 00:00:00+00:00,22139.168065858848,0.239174,39280.33,31534.001713278848,0.2979270989087271894993918827
2022-03-16 00:00:00+00:00,22073.720625528992,0.240838,41114.0,31975.534157528992,0.3096684322212803081869216665
2022-03-17 00:00:00+00:00,22382.496050167232,0.233318,40917.9,31929.378642367232,0.2989999492045297675809911279
2022-03-18 00:00:00+00:00,22350.538605226772,0.234098,41757.51,32125.888181206772,0.3042826246808159141282512681
2022-03-19 00:00:00+00:00,22487.950732382687,0.230803,42201.13,32228.098139772687,0.3022253241611451709793956334
2022-03-20 00:00:00+00:00,22559.599388885387,0.229103,41262.11,32012.872576215387,0.2952959989711607778671338998
2022-03-21 00:00:00+00:00,22559.599388885387,0.229103,41002.25,31953.337870635387,0.2939830110951475072462996965
2022-03-22 00:00:00+00:00,22559.599388885387,0.229103,42364.13,32265.348664275387,0.3008103019861778721414945015
2022-03-23 00:00:00+00:00,22585.746385883345,0.228485,42882.76,32383.813804483345,0.3025606396379266567139939433
2022-03-24 00:00:00+00:00,22668.573827888153,0.226551,43991.46,32634.883082348153,0.3053882322578525293205685605
2022-03-25 00:00:00+00:00,22844.223043753949,0.222553,44313.16,32706.249741233949,0.3015334003594605696348432515
2022-03-26 00:00:00+00:00,22894.320329627693,0.221421,44511.27,32750.050244297693,0.3009378563132445894375386131
2022-03-27 00:00:00+00:00,22925.037632723852,0.220730,46827.76,33261.329097523852,0.3107600250877974631086254311
2022-03-28 00:00:00+00:00,23282.476926463268,0.213087,47122.21,33323.607288733268,0.3013218309551052810276177763
2022-03-29 00:00:00+00:00,23326.478915767013,0.212152,47434.8,33389.866605367013,0.3013904730000458706035263050
2022-03-30 00:00:00+00:00,23372.857204919780,0.211173,47067.99,33312.345857189780,0.2983725221538178527186767749
2022-03-31 00:00:00+00:00,23318.611520596343,0.212324,45510.34,32981.548950756343,0.2929800975869087116980545786
2022-04-01 00:00:00+00:00,23086.799405650758,0.217411,46283.49,33149.339250040758,0.3035517470948573383070345152
2022-04-02 00:00:00+00:00,23204.391535452630,0.214867,45811.0,33047.663672452630,0.2978507719807438436423928974
2022-04-03 00:00:00+00:00,23133.292191807780,0.216417,46407.35,33176.631656757780,0.3027233014146046537598524702
2022-04-04 00:00:00+00:00,23223.529860058884,0.214470,46580.51,33213.651839758884,0.3007836063284429171647356210
2022-04-05 00:00:00+00:00,23249.534509509534,0.213911,45497.55,32981.960927559534,0.2950833165870874979930437713
2022-04-06 00:00:00+00:00,23087.170477747206,0.217475,43170.47,32475.668440997206,0.2890932939627497451042637316
2022-04-07 00:00:00+00:00,23087.170477747206,0.217475,43444.19,32535.195697997206,0.2903939877279299517555252246
2022-04-08 00:00:00+00:00,23087.170477747206,0.217475,42252.01,32275.926352497206,0.2846937923452988965440666748
2022-04-09 00:00:00+00:00,23087.170477747206,0.217475,42753.97,32385.090103497206,0.2871049484820156437217694818
2022-04-10 00:00:00+00:00,23087.170477747206,0.217475,42158.85,32255.666381497206,0.2842445043705349553714415880
2022-04-11 00:00:00+00:00,23087.170477747206,0.217475,39530.45,31684.055091497206,0.2713315763693731393480643112
2022-04-12 00:00:00+00:00,23087.170477747206,0.217475,40074.94,31802.468054247206,0.2740446924318528082928230522
2022-04-13 00:00:00+00:00,23087.170477747206,0.217475,41147.79,32035.786107997206,0.2793318571950424402305727540
2022-04-14 00:00:00+00:00,23087.170477747206,0.217475,39942.38,31773.639568247206,0.2733860271764639202180873389
2022-04-15 00:00:00+00:00,23087.170477747206,0.217475,40551.9,31906.194930247206,0.2764047694117084453784727505
2022-04-16 00:00:00+00:00,23087.170477747206,0.217475,40378.71,31868.530434997206,0.2755495731176400536621509478
2022-04-17 00:00:00+00:00,23087.170477747206,0.217475,39678.12,31716.169624747206,0.2720693970644879697121218865
2022-04-18 00:00:00+00:00,23087.170477747206,0.217475,40801.13,31960.396224497206,0.2776319068268870204521726899
2022-04-19 00:00:00+00:00,23087.170477747206,0.217475,41493.18,32110.899798247206,0.2810176412743365738857249183
2022-04-20 00:00:00+00:00,23087.170477747206,0.217475,41358.19,32081.542847997206,0.2803597200067796229778661717
2022-04-21 00:00:00+00:00,23087.170477747206,0.217475,40480.01,31890.560652497206,0.2760500284293573939630954133
2022-04-22 00:00:00+00:00,22322.400739189922,0.236343,39709.18,31707.387467929922,0.2959873858491917238908337946
2022-04-23 00:00:00+00:00,22195.046858523681,0.239546,39441.6,31643.124372123681,0.2985823208381842351650196439
2022-04-24 00:00:00+00:00,22150.143449309940,0.240683,39450.13,31645.119088099940,0.3000455018783784408345872254
2022-04-25 00:00:00+00:00,22150.143449309940,0.240683,40426.08,31880.013661949940,0.3052028244345762555900373594
2022-04-26 00:00:00+00:00,22315.796026881828,0.236580,38112.65,31332.486763881828,0.2877745007904667470174826318
2022-04-27 00:00:00+00:00,21932.266053240228,0.246630,39235.72,31608.971676840228,0.3061379447117567889775070713
2022-04-28 00:00:00+00:00,22126.034461814208,0.241685,39742.07,31731.096649764208,0.3027018666882846193262647292
2022-04-29 00:00:00+00:00,22211.686334919084,0.239527,38596.11,31456.496774889084,0.2938919265590278788101387726
2022-04-30 00:00:00+00:00,22019.305128472830,0.244505,37630.8,31220.223882472830,0.2947102105557108436094764339
2022-05-01 00:00:00+00:00,21853.966516937310,0.248893,38468.35,31428.469553487310,0.3046442659339614901790799023
2022-05-02 00:00:00+00:00,21999.764121582585,0.245098,38525.16,31442.203787262585,0.3003110001311417566008972621
2022-05-03 00:00:00+00:00,22009.536791214753,0.244844,37728.95,31247.243825014753,0.2956326991760092789812336780
2022-05-04 00:00:00+00:00,21872.893773768958,0.248461,39690.0,31734.310863768958,0.3107493694233257623706595588
2022-05-05 00:00:00+00:00,22213.585847553958,0.239866,36552.97,30981.400549573958,0.2830025288233966221835306133
2022-05-06 00:00:00+00:00,22213.585847553958,0.239866,36013.77,30852.064802373958,0.2799967849852078423065572571
2022-05-07 00:00:00+00:00,22213.585847553958,0.239866,35472.39,30722.206147293958,0.2769534277241169937096273601
2022-05-08 00:00:00+00:00,22213.585847553958,0.239866,34038.4,30378.240701953958,0.2687665469012773164164794434
2022-05-09 00:00:00+00:00,22213.585847553958,0.239866,30076.31,29427.870022013958,0.2451514217326380366073867743
2022-05-10 00:00:00+00:00,20597.072367761139,0.293547,31017.1,29702.049021461139,0.3065437218530352089761441646
2022-05-11 00:00:00+00:00,20791.203896634258,0.287280,29103.94,29152.183779834258,0.2868045819944242806577463155
2022-05-12 00:00:00+00:00,20791.203896634258,0.287280,29029.75,29130.870476634258,0.2862827798671244504491557913
2022-05-13 00:00:00+00:00,20791.203896634258,0.287280,29287.05,29204.787620634258,0.2880891939120109624015048993
2022-05-14 00:00:00+00:00,20791.203896634258,0.287280,30086.74,29434.522563834258,0.2936456213432832024573374169
2022-05-15 00:00:00+00:00,20791.203896634258,0.287280,31328.89,29791.367415834258,0.3021064254478083780740335070
2022-05-16 00:00:00+00:00,20853.905374170030,0.285276,29874.01,29376.243450930030,0.2901098668723821840642009793
2022-05-17 00:00:00+00:00,20853.905374170030,0.285276,30444.93,29539.113224850030,0.2940239872662627900323612856
2022-05-18 00:00:00+00:00,20677.156194414648,0.291074,28715.32,29035.439248094648,0.2878648737586597355487160348
2022-05-19 00:00:00+00:00,20324.361057085818,0.303344,30319.23,29521.517562205818,0.3115407765112464546161195166
2022-05-20 00:00:00+00:00,20664.645505833150,0.292106,29201.01,29194.435732893150,0.2921717790712272559953354805
2022-05-21 00:00:00+00:00,20435.821316337612,0.299932,29445.06,29267.337052257612,0.3017533067716783653739545690
2022-05-22 00:00:00+00:00,20487.077353763499,0.298189,30293.94,29520.397028423499,0.3060026484725911384979664822
2022-05-23 00:00:00+00:00,20664.066458925849,0.292339,29109.15,29173.806260775849,0.2916911055686050801735770256
2022-05-24 00:00:00+00:00,20421.359540794435,0.300666,29654.58,29337.483491074435,0.3039157722233612838505663125
2022-05-25 00:00:00+00:00,20536.092037318639,0.296792,29542.15,29303.965820118639,0.2992043410308790312458956295
2022-05-26 00:00:00+00:00,20512.752987485641,0.297581,29201.35,29202.519921835641,0.2975690782031583663317667612
2022-05-27 00:00:00+00:00,20441.672220609236,0.300012,28629.8,29030.955778209236,0.2958663718556298544136212087
2022-05-28 00:00:00+00:00,20321.528703105413,0.304203,29031.33,29152.946383095413,0.3029339663969942190890545909
2022-05-29 00:00:00+00:00,20406.972810687050,0.301256,29468.1,29284.414744287050,0.3031456155473230259567020741
2022-05-30 00:00:00+00:00,20498.999768613740,0.298129,31734.22,29959.891042993740,0.3157852363616146551411082749
2022-05-31 00:00:00+00:00,20971.320182505143,0.283226,31801.04,29978.201537545143,0.3004476884231913837169929951
2022-06-01 00:00:00+00:00,20984.754539257748,0.282803,29805.83,29413.932680747748,0.2865709333389185263389162809
2022-06-02 00:00:00+00:00,20589.254064488564,0.296055,30452.62,29604.904478588564,0.3045323257374626694863628001
2022-06-03 00:00:00+00:00,20723.284338736031,0.291648,29700.21,29385.291184816031,0.2947735583629619628272700320
2022-06-04 00:00:00+00:00,20569.504899104348,0.296819,29864.04,29433.719387864348,0.3011584900960479575901333281
2022-06-05 00:00:00+00:00,20603.565285225410,0.295677,29919.21,29449.987540395410,0.3003879795546841711500527967
2022-06-06 00:00:00+00:00,20614.979561750690,0.295295,31373.1,29879.299126250690,0.3100581283836326732918931696
2022-06-07 00:00:00+00:00,20915.143139163290,0.285715,31125.33,29808.116800113290,0.2983406741386695379906331462
2022-06-08 00:00:00+00:00,20915.143139163290,0.285715,30204.77,29545.098999713290,0.2920943287627415418374318403
2022-06-09 00:00:00+00:00,20915.143139163290,0.285715,30109.93,29518.001789113290,0.2914444789119455749547202416
2022-06-10 00:00:00+00:00,20662.282864675507,0.294102,29091.88,29218.262956435507,0.2928298682408665000096053264
2022-06-11 00:00:00+00:00,20452.519971082876,0.301303,28424.7,29016.967355182876,0.2951530833414353401760186000
2022-06-12 00:00:00+00:00,20311.720128560395,0.306250,26574.53,28450.169941060395,0.2860597961052693670661762272
2022-06-13 00:00:00+00:00,20311.720128560395,0.306250,22487.41,27198.489441060395,0.2532041100085264010076402481
2022-06-14 00:00:00+00:00,20311.720128560395,0.306250,22136.41,27090.995691060395,0.2502409154617028320987853520
2022-06-15 00:00:00+00:00,20311.720128560395,0.306250,22583.72,27227.984378560395,0.2540130827842673569229381646
2022-06-16 00:00:00+00:00,20311.720128560395,0.306250,20401.31,26559.621316060395,0.2352405974900682444697920229
2022-06-17 00:00:00+00:00,18589.366585753135,0.390567,20468.81,26583.808301023135,0.3007259766826680257037054563
2022-06-18 00:00:00+00:00,18608.643580868956,0.389624,18970.79,26000.118663828956,0.2842862057103965781257685522
2022-06-19 00:00:00+00:00,18608.643580868956,0.389624,20574.0,26624.767756868956,0.3010777126471614175581308009
2022-06-20 00:00:00+00:00,18637.306999919956,0.388229,20573.89,26624.687740729956,0.2999990391846381106647652388
2022-06-21 00:00:00+00:00,18637.306999919956,0.388229,20723.52,26682.778445999956,0.3015230015255815787472609863
2022-06-22 00:00:00+00:00,18677.892972585913,0.386268,19987.99,26398.613893905913,0.2924669057378925023100366685
2022-06-23 00:00:00+00:00,18478.793855774713,0.396216,21110.13,26842.965123854713,0.3115963988883984106764620010
2022-06-24 00:00:00+00:00,18789.679008516337,0.381470,21237.69,26891.220612816337,0.3012708765045351239442249722
2022-06-25 00:00:00+00:00,18823.827222852097,0.379860,21491.19,26987.470656252097,0.3024975381125150403622341338
2022-06-26 00:00:00+00:00,18891.157411330939,0.376723,21038.07,26816.682255940939,0.2955445706880532446835807828
2022-06-27 00:00:00+00:00,18771.526837177723,0.382402,20742.56,26703.523266297723,0.2970393213666640569707642517
2022-06-28 00:00:00+00:00,18692.374137993172,0.386213,20281.29,26525.271992763172,0.2952994358326290198124178709
2022-06-29 00:00:00+00:00,18567.543040096564,0.392360,20123.01,26463.007243696564,0.2983585399380746480184370394
2022-06-30 00:00:00+00:00,18524.061153032364,0.394518,19942.21,26391.621957812364,0.2981082715324008220486822707
2022-07-01 00:00:00+00:00,18474.080911445245,0.397021,19279.8,26128.566387245245,0.2929546674071090639279834874
2022-07-02 00:00:00+00:00,18289.758072455725,0.406569,19252.81,26117.353781345725,0.2997086065618503344190850088
2022-07-03 00:00:00+00:00,18282.143322232655,0.406964,19315.83,26142.990762352655,0.3006866165993545310813721745
2022-07-04 00:00:00+00:00,18300.083691294185,0.406034,20236.71,26516.875999434185,0.3098702995147440921592700033
2022-07-05 00:00:00+00:00,18561.485034344903,0.393100,20175.83,26492.603807344903,0.2993710558114770370006860132
2022-07-06 00:00:00+00:00,18544.818327756503,0.393925,20564.51,26645.692929506503,0.3040219154060495998963363892
2022-07-07 00:00:00+00:00,18651.861216982547,0.388713,21624.98,27057.772067722547,0.3106652990386996639849950390
2022-07-08 00:00:00+00:00,18940.071547393532,0.375368,21594.75,27046.049665393532,0.2997102430219934460304138052
2022-07-09 00:00:00+00:00,18940.071547393532,0.375368,21591.83,27044.953590833532,0.2996818617646666694982327704
2022-07-10 00:00:00+00:00,18931.553180794302,0.375762,20862.47,26770.876632934302,0.2928302856730451231058178594
2022-07-11 00:00:00+00:00,18739.026370018171,0.384979,19963.61,26424.596984208171,0.2908491137550002926901974141
2022-07-12 00:00:00+00:00,18496.912786680555,0.397091,19328.75,26172.185452930555,0.2932606709536586855582364357
2022-07-13 00:00:00+00:00,18321.021082976787,0.406178,20234.87,26539.980109836787,0.3096821848714845988043745228
2022-07-14 00:00:00+00:00,18577.669854273087,0.393478,20588.84,26678.925439793087,0.3036574918957017289306767271
2022-07-15 00:00:00+00:00,18675.134087441007,0.388738,20830.04,26772.562176961007,0.3024524898288666893451023845
2022-07-16 00:00:00+00:00,18740.725823310051,0.385585,21195.6,26913.431249310051,0.3036664240353787793444875429
2022-07-17 00:00:00+00:00,18839.284244182371,0.380929,20798.16,26761.906534822371,0.2960410268353321364574346912
2022-07-18 00:00:00+00:00,18733.589150453321,0.386004,22432.58,27392.654760773321,0.3161090330945180081705346269
2022-07-19 00:00:00+00:00,19174.286778967787,0.366333,23396.62,27745.240773427787,0.3089161872643969529771550280
2022-07-20 00:00:00+00:00,19421.824659479555,0.355740,23223.3,27683.281401479555,0.2984276546622995304092137509
2022-07-21 00:00:00+00:00,19378.247618676095,0.357614,23152.19,27657.794893336095,0.2993567385466035423809005135
2022-07-22 00:00:00+00:00,19360.443621609599,0.358382,22684.83,27490.278366669599,0.2957349007755760972047908517
2022-07-23 00:00:00+00:00,19243.056014407727,0.363550,22451.07,27405.142512907727,0.2978304708561791127306484084
2022-07-24 00:00:00+00:00,19182.905520207623,0.366226,22579.68,27452.171407887623,0.3012244738244660279259091248
2022-07-25 00:00:00+00:00,19215.825278614883,0.364766,21310.9,26989.317028014883,0.2880210618642599829531438197
2022-07-26 00:00:00+00:00,19215.825278614883,0.364766,21254.67,26968.806235834883,0.2874795750847215128843667355
2022-07-27 00:00:00+00:00,19215.825278614883,0.364766,22952.45,27588.098655314883,0.3034740987881406851287517225
2022-07-28 00:00:00+00:00,19312.039276674092,0.360569,23842.93,27909.060703844092,0.3080369317476126201181846406
2022-07-29 00:00:00+00:00,19536.655293756692,0.351137,23773.75,27884.498547506692,0.2993721848548869480558103300
2022-07-30 00:00:00+00:00,19536.655293756692,0.351137,23643.51,27838.766464626692,0.2982212297882907783805717289
2022-07-31 00:00:00+00:00,19487.363156694068,0.353219,23293.32,27715.006353774068,0.2968660043608327555968220315
2022-08-01 00:00:00+00:00,19401.147875783540,0.356915,23268.01,27705.849664933540,0.2997454288384813944380653404
2022-08-02 00:00:00+00:00,19393.809274487990,0.357230,22987.79,27605.737496187990,0.2974717926964988871779636651
2022-08-03 00:00:00+00:00,19323.472953905286,0.360286,22818.37,27544.612207725286,0.2984663277094263195716713262
2022-08-04 00:00:00+00:00,19280.818404013025,0.362153,22622.98,27473.798479953025,0.2982106781455146076548598732
2022-08-05 00:00:00+00:00,19231.460090122218,0.364332,23312.42,27724.920693562218,0.3063475166373405904224127062
2022-08-06 00:00:00+00:00,19407.528044559282,0.356770,22954.21,27596.901546259282,0.2967497451832616010945779516
2022-08-07 00:00:00+00:00,19317.729359361271,0.360677,23174.39,27676.198821391271,0.3020093010594228422913806674
2022-08-08 00:00:00+00:00,19373.275591264471,0.358277,23810.0,27903.850961264471,0.3057131928435957548323955652
2022-08-09 00:00:00+00:00,19532.744443783027,0.351571,23149.95,27671.595515233027,0.2941229415907592783881414052
2022-08-10 00:00:00+00:00,19370.265894020583,0.358580,23954.05,27959.709143020583,0.3072078899341530514290259235
2022-08-11 00:00:00+00:00,19571.553256530873,0.350166,23934.39,27952.562865270873,0.2998297383011281967220488890
2022-08-12 00:00:00+00:00,19566.472845491269,0.350378,24403.68,28116.985436531269,0.3041048838731716481602399892
2022-08-13 00:00:00+00:00,19681.255440882169,0.345668,24441.38,28129.858382722169,0.3003428892848345686345538995
2022-08-14 00:00:00+00:00,19691.312889899233,0.345256,24305.24,28082.842831339233,0.2988134068846981908155195479
2022-08-15 00:00:00+00:00,19657.971409748983,0.346626,24094.82,28009.862487068983,0.2981767968755908469527050383
2022-08-16 00:00:00+00:00,19606.417650394559,0.348763,23854.74,27926.068337014559,0.2979170066554887492002237572
2022-08-17 00:00:00+00:00,19548.539054457674,0.351186,23342.66,27746.154449217674,0.2954505068355928009768093096
2022-08-18 00:00:00+00:00,19548.539054457674,0.351186,23191.2,27692.963817657674,0.2940972593914605293844406639
2022-08-19 00:00:00+00:00,19548.539054457674,0.351186,20834.39,26865.285140997674,0.2723494669101540761815222983
2022-08-20 00:00:00+00:00,19548.539054457674,0.351186,21140.07,26972.635677477674,0.2752455010994409013500659262
2022-08-21 00:00:00+00:00,19548.539054457674,0.351186,21515.61,27104.520067917674,0.2787719905951647482569894118
2022-08-22 00:00:00+00:00,19548.539054457674,0.351186,21399.83,27063.859752837674,0.2776884290346653442448276452
2022-08-23 00:00:00+00:00,19548.539054457674,0.351186,21529.12,27109.264590777674,0.2788982161800173019238077836
2022-08-24 00:00:00+00:00,19548.539054457674,0.351186,21368.08,27052.709597337674,0.2773907181415389355699471519
2022-08-25 00:00:00+00:00,19548.539054457674,0.351186,21559.04,27119.772075897674,0.2791776051897143210942317031
2022-08-26 00:00:00+00:00,19548.539054457674,0.351186,20241.05,26656.912439757674,0.2666615423434469976789974457
2022-08-27 00:00:00+00:00,18658.217000858768,0.395119,20037.6,26575.453475258768,0.2979153857814992197965529922
2022-08-28 00:00:00+00:00,18602.761075354448,0.397883,19555.61,26383.605848984448,0.2949121063347563077475429477
2022-08-29 00:00:00+00:00,18468.356869695296,0.404747,20285.73,26678.945230005296,0.3077553587491798350837599566
2022-08-30 00:00:00+00:00,18675.422517956096,0.394527,19811.66,26491.657302776096,0.2950451417775559991896729655
2022-08-31 00:00:00+00:00,18544.387330224001,0.401132,20050.02,26587.091952864001,0.3025041112769622750260458165
2022-09-01 00:00:00+00:00,18610.441152039373,0.397833,20131.46,26619.400278219373,0.3008692548469291028915067213
2022-09-02 00:00:00+00:00,18633.885293223661,0.396667,19951.86,26548.129743843661,0.2981093028767972601747299795
2022-09-03 00:00:00+00:00,18583.383648882989,0.399195,19831.9,26500.178969382989,0.2987449756338128208558583362
2022-09-04 00:00:00+00:00,18550.240259366224,0.400864,20000.3,26567.640518566224,0.3017731384011016076215780512
2022-09-05 00:00:00+00:00,18597.299709247384,0.398508,19796.84,26486.498823967384,0.2978573788537554017437202551
2022-09-06 00:00:00+00:00,18540.056447702888,0.401396,18790.61,26082.532139262888,0.2891772796938708590810044157
2022-09-07 00:00:00+00:00,18257.416949976442,0.416418,19292.84,26291.302797096442,0.3055719950099713586915579710
2022-09-08 00:00:00+00:00,18403.736390002672,0.408824,19319.77,26302.122040482672,0.3002946164694723694955316553
2022-09-09 00:00:00+00:00,18411.705399824746,0.408411,21360.11,27135.409285034746,0.3214878314004700513147303084
2022-09-10 00:00:00+00:00,18994.460843529250,0.381095,21648.34,27244.534975829250,0.3028157441343478113146466754
2022-09-11 00:00:00+00:00,19070.776155782560,0.377565,21826.87,27311.838327332560,0.3017395633637258785318438489
2022-09-12 00:00:00+00:00,19118.231479547773,0.375388,22395.74,27525.323526667773,0.3054311800903931473222204297
2022-09-13 00:00:00+00:00,19267.459606139389,0.368716,20173.57,26705.777642259389,0.2785284194214797615970759750
2022-09-14 00:00:00+00:00,18693.319391637751,0.397139,20226.71,26726.134774327751,0.3005603111156222689738780588
2022-09-15 00:00:00+00:00,18708.409445022964,0.396392,19701.88,26518.077061982964,0.2945035418181264640575020893
2022-09-16 00:00:00+00:00,18562.465455922252,0.403790,19803.3,26558.839962922252,0.3010814673443351732855609952
2022-09-17 00:00:00+00:00,18591.162689257462,0.402339,20113.62,26683.656446437462,0.3032752941271071476333969981
2022-09-18 00:00:00+00:00,18678.177249602986,0.398007,19416.18,26405.952802862986,0.2926527821568377256897893034
2022-09-19 00:00:00+00:00,18484.275275455481,0.407980,19537.02,26454.988695055481,0.3012933973050516149927282527
2022-09-20 00:00:00+00:00,18518.459636978729,0.406228,18875.0,26186.013136978729,0.2928110308312730601467433308
2022-09-21 00:00:00+00:00,18329.773552494377,0.416212,18461.36,26013.613120814377,0.2953776368024747208308490076
2022-09-22 00:00:00+00:00,18209.378404325393,0.422725,19401.63,26410.932446075393,0.3105363303054729162230382042
2022-09-23 00:00:00+00:00,18487.294222562576,0.408382,19289.91,26364.946248182576,0.2987926450319629581685405578
2022-09-24 00:00:00+00:00,18455.040435177106,0.410052,18920.5,26213.429301177106,0.2959700074668067916009286479
2022-09-25 00:00:00+00:00,18349.697402633386,0.415612,18807.38,26166.270219193386,0.2987270539928314408399231818
2022-09-26 00:00:00+00:00,18316.870469435719,0.417355,19227.82,26341.697285535719,0.3046434984470969972903710576
2022-09-27 00:00:00+00:00,18438.705162765739,0.411010,19079.13,26280.418384065739,0.2983861636713730178180259069
2022-09-28 00:00:00+00:00,18395.952869141599,0.413248,19412.82,26418.261908501599,0.3036652852918518274749966725
2022-09-29 00:00:00+00:00,18492.658134811591,0.408260,19591.51,26491.088007411591,0.3019290815976386147746244330
2022-09-30 00:00:00+00:00,18543.429497424901,0.405665,19422.61,26422.502583074901,0.2981955649688152347256512243
2022-10-01 00:00:00+00:00,18543.429497424901,0.405665,19310.95,26377.206029174901,0.2969903834047220530565364341
2022-10-02 00:00:00+00:00,18543.429497424901,0.405665,19056.8,26274.106269424901,0.2942317692075473361568119769
2022-10-03 00:00:00+00:00,18391.952492862745,0.413603,19629.08,26510.598868102745,0.3062415306282750252783010003
2022-10-04 00:00:00+00:00,18557.210522175025,0.405173,20337.82,26797.546065035025,0.3075033632878738628152384228
2022-10-05 00:00:00+00:00,18758.029144480783,0.395286,20158.26,26726.307106840783,0.2981436204600247293274053059
2022-10-06 00:00:00+00:00,18708.355174299565,0.397747,19960.67,26647.651784789565,0.2979360686115591320422334709
2022-10-07 00:00:00+00:00,18653.292039309960,0.400502,19530.09,26475.132144489960,0.2954410222578583748554278684
2022-10-08 00:00:00+00:00,18532.439178366900,0.406682,19417.96,26429.373987086900,0.2987938652114255547960257905
2022-10-09 00:00:00+00:00,18500.126970793788,0.408344,19439.02,26437.934153673788,0.3002430952713818798701085541
2022-10-10 00:00:00+00:00,18506.825038171728,0.407999,19131.87,26312.608866301728,0.2966556401834704597930126745
2022-10-11 00:00:00+00:00,18418.723184330559,0.412598,19060.0,26282.841064330559,0.2992111035771050187412363276
2022-10-12 00:00:00+00:00,18397.978030644559,0.413685,19155.53,26322.333458694559,0.3010506435717422088001668649
2022-10-13 00:00:00+00:00,18425.487255900619,0.412247,19375.13,26412.826473010619,0.3024038046542156894742863093
2022-10-14 00:00:00+00:00,18489.033942394483,0.408963,19176.93,26331.688765984483,0.2978409358127160235705562006
2022-10-15 00:00:00+00:00,18432.119629327807,0.411927,19069.39,26287.316243857807,0.2988207902876131361016758564
2022-10-16 00:00:00+00:00,18400.806799499007,0.413567,19262.98,26367.339649159007,0.3021363912955129923441020095
2022-10-17 00:00:00+00:00,18457.077768517557,0.410642,19549.86,26485.071378637557,0.3031139125641644930456539311
2022-10-18 00:00:00+00:00,18539.055126749781,0.406443,19327.44,26394.557822669781,0.2976182722475107708207391537
2022-10-19 00:00:00+00:00,18476.120583184437,0.409695,19123.97,26311.115472334437,0.2977826955831015954060981916
2022-10-20 00:00:00+00:00,18417.527059498137,0.412755,19041.92,26277.174749098137,0.2991055075230168034077267193
2022-10-21 00:00:00+00:00,18393.998783170073,0.413989,19164.37,26327.837155100073,0.3013478974817004185414756602
2022-10-22 00:00:00+00:00,18429.445056272861,0.412137,19204.35,26344.268252222861,0.3004381492084969091981612111
2022-10-23 00:00:00+00:00,18440.971830251084,0.411536,19570.4,26494.895964651084,0.3039802135907750321375998225
2022-10-24 00:00:00+00:00,18546.299611499804,0.406147,19329.72,26397.007400339804,0.2974090081415418033105325238
2022-10-25 00:00:00+00:00,18478.070664025304,0.409672,20080.07,26704.313101065304,0.3080492056061098964972436869
2022-10-26 00:00:00+00:00,18692.456402601638,0.398981,20771.59,26979.926152391638,0.3071716988022725367104064707
2022-10-27 00:00:00+00:00,18885.713160547250,0.389665,20295.11,26794.007198697250,0.2951515978742630458101353419
2022-10-28 00:00:00+00:00,18755.655601232050,0.396065,20591.84,26911.362710832050,0.3030581244522879268030003758
2022-10-29 00:00:00+00:00,18837.854188452226,0.392068,20809.67,26996.659886012226,0.3022153752356349967619979196
2022-10-30 00:00:00+00:00,18897.604242273226,0.389193,20627.48,26925.675065913226,0.2981567148822649411220965693
2022-10-31 00:00:00+00:00,18847.910006761282,0.391599,20490.74,26872.063300021282,0.2986057752124171675307094613
2022-11-01 00:00:00+00:00,18810.404239846746,0.393427,20483.62,26869.213405586746,0.2999272455093301190893713321
2022-11-02 00:00:00+00:00,18810.404239846746,0.393427,20151.84,26738.682195526746,0.2965096745495693534110502764
2022-11-03 00:00:00+00:00,18716.959748684394,0.398058,20207.82,26760.844162244394,0.3005841058223692012411057477
2022-11-04 00:00:00+00:00,18732.377918652810,0.397294,21148.52,27134.558023532810,0.3096486811243837625934165041
2022-11-05 00:00:00+00:00,18993.856231971930,0.384914,21299.37,27192.281936151930,0.3014982605516551367252044453
2022-11-06 00:00:00+00:00,19034.548957378677,0.383001,20905.58,27041.407002958677,0.2960962070022446303387697195
2022-11-07 00:00:00+00:00,18928.859466003231,0.388050,20591.13,26919.247462503231,0.2968280598345140662766651323
2022-11-08 00:00:00+00:00,18843.255863962839,0.392202,18547.23,26117.516564422839,0.2785203823846316416576759768
2022-11-09 00:00:00+00:00,18843.255863962839,0.392202,15922.81,25088.213791582839,0.2489199900598423484597413899
2022-11-10 00:00:00+00:00,18843.255863962839,0.392202,17601.15,25746.462096262839,0.2681225174352019812221368027
2022-11-11 00:00:00+00:00,18843.255863962839,0.392202,17070.31,25538.265586582839,0.2621560066372474937440159687
2022-11-12 00:00:00+00:00,18843.255863962839,0.392202,16812.08,25436.987264122839,0.2592182529988531698869302809
2022-11-13 00:00:00+00:00,18843.255863962839,0.392202,16329.85,25247.855693662839,0.2536690603514318119366366615
2022-11-14 00:00:00+00:00,18843.255863962839,0.392202,16619.46,25361.441314882839,0.2570116331320230306851304815
2022-11-15 00:00:00+00:00,18843.255863962839,0.392202,16900.57,25471.693219102839,0.2602275906090496658949006299
2022-11-16 00:00:00+00:00,18843.255863962839,0.392202,16662.76,25378.423661482839,0.2575088147589918469597962133
2022-11-17 00:00:00+00:00,18843.255863962839,0.392202,16692.56,25390.111281082839,0.2578505995756624078335307435
2022-11-18 00:00:00+00:00,18843.255863962839,0.392202,16700.45,25393.205754862839,0.2579410395887362214196744159
2022-11-19 00:00:00+00:00,18843.255863962839,0.392202,16700.68,25393.295961322839,0.2579436756589821609764338641
2022-11-20 00:00:00+00:00,18843.255863962839,0.392202,16280.23,25228.394630422839,0.2530933442257234210475381062
2022-11-21 00:00:00+00:00,17658.148736427789,0.464905,15781.29,24994.949363877789,0.2935313258947025709553230802
2022-11-22 00:00:00+00:00,17496.259237266924,0.475150,16226.94,25206.489778266924,0.3058827551485480205471840597
2022-11-23 00:00:00+00:00,17644.697901455592,0.465991,16603.11,25381.597733465592,0.3048231995974355534812395802
2022-11-24 00:00:00+00:00,17766.970073862510,0.458617,16598.95,25379.530726012510,0.2999488341345719979205960872
2022-11-25 00:00:00+00:00,17766.970073862510,0.458617,16522.14,25344.304354242510,0.2989758240932579424507310356
2022-11-26 00:00:00+00:00,17740.733149043080,0.460203,16458.57,25315.016438753080,0.2992011997319911659504264744
2022-11-27 00:00:00+00:00,17720.183829941509,0.461450,16428.78,25301.244360941509,0.2996319241397933301781314965
2022-11-28 00:00:00+00:00,17710.856607705142,0.462017,16212.91,25201.496647175142,0.2972299678999275803987559455
2022-11-29 00:00:00+00:00,17640.728942502262,0.466337,16442.53,25308.489055112262,0.3029718643381884724119760885
2022-11-30 00:00:00+00:00,17715.972412284556,0.461755,17163.64,25641.369000484556,0.3090863279589412860627498963
2022-12-01 00:00:00+00:00,17949.274422647455,0.448146,16977.37,25557.614878667455,0.2976936812038185867843291658
2022-12-02 00:00:00+00:00,17949.274422647455,0.448146,17092.74,25609.317482687455,0.2991115661406588617143206910
2022-12-03 00:00:00+00:00,17926.306965257457,0.449488,16885.2,25516.001742857457,0.2974484346758809198998103429
2022-12-04 00:00:00+00:00,17861.129899077657,0.453343,17105.7,25615.879254177657,0.3027321169869774839895271057
2022-12-05 00:00:00+00:00,17931.329745335352,0.449234,16966.35,25553.191021235352,0.2982743434886875507426376550
2022-12-06 00:00:00+00:00,17931.329745335352,0.449234,17088.96,25608.271601975352,0.2997836783349260366105202970
2022-12-07 00:00:00+00:00,17931.329745335352,0.449234,16836.64,25494.920879095352,0.2966705082015685934501136065
2022-12-08 00:00:00+00:00,17846.345907542440,0.454275,17224.1,25670.823935042440,0.3048004242987717047732056026
2022-12-09 00:00:00+00:00,17969.424133076290,0.447120,17128.56,25627.945880276290,0.2988347869539607025544604513
2022-12-10 00:00:00+00:00,17939.530241392186,0.448863,17127.49,25627.426785262186,0.2999870649631961319594326746
2022-12-11 00:00:00+00:00,17939.530241392186,0.448863,17085.05,25608.377039542186,0.2994663342510322505134750265
2022-12-12 00:00:00+00:00,17925.861540200751,0.449662,17209.83,25664.468117660751,0.3015299807493284495910249094
2022-12-13 00:00:00+00:00,17964.806281514757,0.447396,17774.7,25917.135962714757,0.3068367466467160051964168188
2022-12-14 00:00:00+00:00,18142.120363317549,0.437408,17803.15,25929.360598517549,0.3003251933503218503277469163
2022-12-15 00:00:00+00:00,18150.815206198392,0.436919,17356.34,25734.129922658392,0.2946792737602152812971433766
2022-12-16 00:00:00+00:00,18013.916695272296,0.444796,16632.12,25411.817142792296,0.2911204817014949385641157061
2022-12-17 00:00:00+00:00,17787.800619013196,0.458374,16776.52,25477.721197493196,0.3018292145859821514351526227
2022-12-18 00:00:00+00:00,17834.683149309200,0.455576,16738.21,25460.209908269200,0.2995076154687676642510974126
2022-12-19 00:00:00+00:00,17822.397511716100,0.456309,16438.88,25323.606405636100,0.2962140847462590398246597856
2022-12-20 00:00:00+00:00,17726.401330543492,0.462141,16895.56,25534.532324503492,0.3057871158449668511527732788
2022-12-21 00:00:00+00:00,17874.185442817282,0.453383,16824.67,25502.204801427282,0.2991121519886422765095724851
2022-12-22 00:00:00+00:00,17851.526830264302,0.454728,16821.43,25500.702051304302,0.2999593974177962821235023007
2022-12-23 00:00:00+00:00,17851.526830264302,0.454728,16778.5,25481.180578264302,0.2994230869549337047703424941
2022-12-24 00:00:00+00:00,17836.826539697802,0.455603,16836.12,25507.413320057802,0.3007198999017364018762009002
2022-12-25 00:00:00+00:00,17855.052746107086,0.454519,16832.11,25505.566551197086,0.2999546702769058256256181815
2022-12-26 00:00:00+00:00,17855.052746107086,0.454519,16919.39,25545.236969517086,0.3010418040978297216314333271
2022-12-27 00:00:00+00:00,17881.632348116475,0.452946,16706.36,25448.711284676475,0.2973462527006777249626448721
2022-12-28 00:00:00+00:00,17813.918303266331,0.456994,16547.31,25375.939689406331,0.2979996594686465839341333944
2022-12-29 00:00:00+00:00,17763.101697006759,0.460061,16633.47,25415.512538676759,0.3010921314305478670109200005
2022-12-30 00:00:00+00:00,17790.826868796900,0.458392,16607.48,25403.562840956900,0.2996719798644292794981716676
2022-12-31 00:00:00+00:00,17782.495704865176,0.458893,16542.4,25373.687268065176,0.2991757359898623986710327862
2023-01-01 00:00:00+00:00,17761.360966857100,0.460169,16616.75,25407.874197607100,0.3009505309763437244023072540
2023-01-02 00:00:00+00:00,17785.623686803798,0.458707,16672.87,25433.585865893798,0.3007032598319470995982078104
2023-01-03 00:00:00+00:00,17803.473671777590,0.457635,16675.18,25434.619671077590,0.3000298843853988242822872956
2023-01-04 00:00:00+00:00,17803.473671777590,0.457635,16850.36,25514.788170377590,0.3022292188791423256109056950
2023-01-05 00:00:00+00:00,17860.286534277622,0.454259,16831.85,25506.305883427622,0.2997697661156764326676008997
2023-01-06 00:00:00+00:00,17854.421435748682,0.454607,16950.65,25560.305580298682,0.3014785609797061659561528373
2023-01-07 00:00:00+00:00,17892.069918452410,0.452383,16943.57,25557.052945762410,0.2999165452909124779646910661
2023-01-08 00:00:00+00:00,17892.069918452410,0.452383,17127.83,25640.409037342410,0.3021924926238658689694702193
2023-01-09 00:00:00+00:00,17948.227484476753,0.449100,17178.26,25662.984050476753,0.3006180633875536947319964380
2023-01-10 00:00:00+00:00,17964.320475875377,0.448162,17440.66,25780.561542795377,0.3031835072306376068606045553
2023-01-11 00:00:00+00:00,18046.289429367985,0.443456,17943.26,26003.335735927985,0.3060009833879120846351203104
2023-01-12 00:00:00+00:00,18202.139093296099,0.434759,18846.62,26395.876757876099,0.3104173329698215973907258484
2023-01-13 00:00:00+00:00,18476.772637373953,0.420168,19930.01,26850.725079053953,0.3118706261013583127495680920
2023-01-14 00:00:00+00:00,18795.098924459044,0.404175,20954.92,27264.553715459044,0.3106397735092141293026565980
2023-01-15 00:00:00+00:00,19084.205928287236,0.390359,20871.5,27231.583796787236,0.2991885425871271644081307168
2023-01-16 00:00:00+00:00,19084.205928287236,0.390359,21185.65,27354.215076637236,0.3023303401388136480181012578
2023-01-17 00:00:00+00:00,19147.870677230131,0.387350,21134.81,27334.439330730131,0.2994964906522312900786904750
2023-01-18 00:00:00+00:00,10922.711480816622,0.776067,20677.47,26969.813591306622,0.5950023368223271748856213441
2023-01-19 00:00:00+00:00,10787.760522882324,0.782585,21071.59,27278.070783032324,0.6045262654867589025492707259
2023-01-20 00:00:00+00:00,10911.079516909704,0.776725,22667.21,28517.268204159704,0.6173869306556457997264965073
2023-01-21 00:00:00+00:00,11405.891517987504,0.754866,22783.55,28604.418772287504,0.6012542114983386738531063776
2023-01-22 00:00:00+00:00,11441.683137865089,0.753293,22707.88,28547.370186705089,0.5992036021870189136355481813
2023-01-23 00:00:00+00:00,11418.379211593439,0.754318,22916.45,28704.669942693439,0.6022117922139737821556357763
2023-01-24 00:00:00+00:00,11482.213890579722,0.751529,22632.89,28491.487079389722,0.5969949248845712713416117832
2023-01-25 00:00:00+00:00,11396.214023603732,0.755324,23060.94,28814.695468163732,0.6044999317728352129871265501
2023-01-26 00:00:00+00:00,11525.552982809396,0.749708,23009.65,28776.071665009396,0.5994744134299599972313111799
2023-01-27 00:00:00+00:00,11525.552982809396,0.749708,23074.16,28824.435328089396,0.6001464434039493184185599511
2023-01-28 00:00:00+00:00,11525.552982809396,0.749708,23022.6,28785.780383609396,0.5996095006209371999279038394
2023-01-29 00:00:00+00:00,11525.552982809396,0.749708,23742.3,29325.345231209396,0.6069763921979896561709231105
2023-01-30 00:00:00+00:00,11730.215601544985,0.741077,22826.15,28646.150365094985,0.5905133690899660292848912991
2023-01-31 00:00:00+00:00,11730.215601544985,0.741077,23125.13,28867.717566554985,0.5936562849314018284000051366
2023-02-01 00:00:00+00:00,11730.215601544985,0.741077,23732.66,29317.944076364985,0.5998963784434857389252427864
2023-02-02 00:00:00+00:00,11730.215601544985,0.741077,23488.94,29137.328789924985,0.5974162324172618563046657682
2023-02-03 00:00:00+00:00,11730.215601544985,0.741077,23431.9,29095.057757844985,0.5968313347519603095251080109
2023-02-04 00:00:00+00:00,11730.215601544985,0.741077,23326.84,29017.200208224985,0.5957495720686370253591537579
2023-02-05 00:00:00+00:00,11730.215601544985,0.741077,22932.91,28725.267745614985,0.5916412092160343945629697067
2023-02-06 00:00:00+00:00,11730.215601544985,0.741077,22762.52,28598.995635584985,0.5898381974313327490416826245
2023-02-07 00:00:00+00:00,11730.215601544985,0.741077,23240.46,28953.185976964985,0.5948557920058439196187768343
2023-02-08 00:00:00+00:00,11730.215601544985,0.741077,22963.0,28747.566752544985,0.5919579663031298415935682313
2023-02-09 00:00:00+00:00,11730.215601544985,0.741077,21796.35,27882.989270494985,0.5793056659833249071477064023
2023-02-10 00:00:00+00:00,20901.136920218939,0.319803,21625.19,27816.937557788939,0.2486183327407127522562556695
2023-02-11 00:00:00+00:00,20901.136920218939,0.319803,21862.55,27892.845997868939,0.2506631656799803969991855512
2023-02-12 00:00:00+00:00,1369.281819467309,1.212058,21783.54,27772.195744787309,0.9506959466925003294008712377
2023-02-13 00:00:00+00:00,1369.281819467309,1.212058,21773.97,27760.596349727309,0.9506753456511837725950352992
2023-02-14 00:00:00+00:00,1369.281819467309,1.212058,22199.84,28276.775490187309,0.9515757438487821476491635314
2023-02-15 00:00:00+00:00,1369.281819467309,1.212058,24324.05,30851.441214367309,0.9556169253179120963829603421
2023-02-16 00:00:00+00:00,1369.281819467309,1.212058,23517.72,29874.122487227309,0.9541649526257132440599008028
2023-02-17 00:00:00+00:00,1369.281819467309,1.212058,24569.97,31149.510517727309,0.9560416264426355807802767329
2023-02-18 00:00:00+00:00,1369.281819467309,1.212058,24631.95,31224.633872567309,0.9561473859051297247713504514
2023-02-19 00:00:00+00:00,1369.281819467309,1.212058,24271.76,30788.062701547309,0.9555255609051850703123765885
2023-02-20 00:00:00+00:00,1369.281819467309,1.212058,24842.2,31479.469067067309,0.9565023852038278972335221548
2023-02-21 00:00:00+00:00,1369.281819467309,1.212058,24452.16,31006.717964747309,0.9558391887518022244972189418
2023-02-22 00:00:00+00:00,1369.281819467309,1.212058,24182.21,30679.522907647309,0.9553682166574371349966994135
2023-02-23 00:00:00+00:00,1369.281819467309,1.212058,23940.2,30386.192751067309,0.9549373680775057530896023626
2023-02-24 00:00:00+00:00,15933.807342798929,0.602895,23185.29,29912.102757348929,0.4673123627564349224923919955
2023-02-25 00:00:00+00:00,15933.807342798929,0.602895,23157.07,29895.089060448929,0.4670092030640816570786173428
2023-02-26 00:00:00+00:00,1476.001368181463,1.226421,23554.85,30364.164060031463,0.9513900213006577469980847352
2023-02-27 00:00:00+00:00,1476.001368181463,1.226421,23492.09,30287.193878071463,0.9512664866172987504348311545
2023-02-28 00:00:00+00:00,1476.001368181463,1.226421,23141.57,29857.308789151463,0.9505648222147281286347850630
2023-03-01 00:00:00+00:00,1476.001368181463,1.226421,23628.97,30455.066384551463,0.9515351124327158055782787633
2023-03-02 00:00:00+00:00,1476.001368181463,1.226421,23465.32,30254.362587901463,0.9512136022071836000672145197
2023-03-03 00:00:00+00:00,1476.001368181463,1.226421,22354.34,28891.833385321463,0.9489128519988161224770230888
2023-03-04 00:00:00+00:00,11543.630745230279,0.775469,22346.57,28872.703036560279,0.6001887758616479690810273236
2023-03-05 00:00:00+00:00,11549.076219978275,0.775225,22430.24,28937.559023978275,0.6008966682224832593093818046
2023-03-06 00:00:00+00:00,11574.994270334291,0.774068,22410.0,28921.858150334291,0.5997838655397560495885652288
2023-03-07 00:00:00+00:00,11568.554408713420,0.774355,22197.96,28757.655724513420,0.5977226196900248158975681692
2023-03-08 00:00:00+00:00,20119.563608656924,0.388648,21705.44,28555.339453776924,0.2954185103901549570990364949
2023-03-09 00:00:00+00:00,20119.563608656924,0.388648,20362.22,28033.299687216924,0.2822977019065876493339546048
2023-03-10 00:00:00+00:00,11201.758481615454,0.826038,20150.69,27846.994147835454,0.5977390442161540676447443223
2023-03-11 00:00:00+00:00,11201.758481615454,0.826038,20455.73,28098.968779355454,0.6013462782361792900732927330
2023-03-12 00:00:00+00:00,11239.552386084804,0.824188,21997.11,29369.306482764804,0.6173027649569912093557835648
2023-03-13 00:00:00+00:00,11747.376281431329,0.801073,24113.48,31064.034045471329,0.6218335241251797252499310144
2023-03-14 00:00:00+00:00,12424.363299220866,0.772960,24670.41,31493.603412820866,0.6054956577575058085702939135
2023-03-15 00:00:00+00:00,12597.225881905338,0.765944,24285.66,31198.681444945338,0.5962256961360692174278581861
2023-03-16 00:00:00+00:00,12597.225881905338,0.765944,24998.78,31744.891430225338,0.6031731307195112424131521680
2023-03-17 00:00:00+00:00,12697.839996696918,0.761914,27395.13,33570.573075516918,0.6217568294668917475197326000
2023-03-18 00:00:00+00:00,13427.299421114040,0.735252,26907.49,33211.085258594040,0.5956982641017593753693705585
2023-03-19 00:00:00+00:00,13427.299421114040,0.735252,27972.87,33994.408034354040,0.6050144656866890826638562374
2023-03-20 00:00:00+00:00,13427.299421114040,0.735252,27717.01,33806.286457634040,0.6028164927863017258853541180
2023-03-21 00:00:00+00:00,13427.299421114040,0.735252,28105.47,34091.902449554040,0.6061440266942426379653261165
2023-03-22 00:00:00+00:00,13427.299421114040,0.735252,27250.97,33463.629615554040,0.5987494609708155188904402823
2023-03-23 00:00:00+00:00,13427.299421114040,0.735252,28295.41,34231.556214434040,0.6077508326819129587522509735
2023-03-24 00:00:00+00:00,25657.778355185010,0.302447,27454.47,33961.300443275010,0.2444995326948458156695089443
2023-03-25 00:00:00+00:00,25657.778355185010,0.302447,27462.95,33963.865193835010,0.2445565836292887210172041512
2023-03-26 00:00:00+00:00,1667.065801810674,1.174879,27968.05,34526.140417760674,0.9517158367069284490197754706
2023-03-27 00:00:00+00:00,1667.065801810674,1.174879,27124.91,33535.552937700674,0.9502895984775441600727928151
2023-03-28 00:00:00+00:00,1667.065801810674,1.174879,27261.07,33695.524462340674,0.9505256015921685237962564876
2023-03-29 00:00:00+00:00,1667.065801810674,1.174879,28348.6,34973.240621210674,0.9523331046194321774834137051
2023-03-30 00:00:00+00:00,1667.065801810674,1.174879,28028.53,34597.197099680674,0.9518150040592143598241434617
2023-03-31 00:00:00+00:00,1667.065801810674,1.174879,28465.36,35110.419493250674,0.9525193425236307291628243432
2023-04-01 00:00:00+00:00,18411.196345528482,0.585885,28452.73,35081.224061578482,0.4751837531891391762029212733
2023-04-02 00:00:00+00:00,18411.196345528482,0.585885,28171.87,34916.672400478482,0.4727104537809226218433689169
2023-04-03 00:00:00+00:00,1724.179971486122,1.177445,27800.0,34457.150971486122,0.9499616212346484993076466677
2023-04-04 00:00:00+00:00,1724.179971486122,1.177445,28165.47,34887.471795636122,0.9505788214868069060353121933
2023-04-05 00:00:00+00:00,18294.353938353131,0.588364,28170.01,34868.573701993131,0.4753340330262088409833763675
2023-04-06 00:00:00+00:00,18294.353938353131,0.588364,28033.82,34788.444408833131,0.4741255537799208657060392681
2023-04-07 00:00:00+00:00,1717.902764438345,1.178898,27906.33,34616.619388778345,0.9503734681557253155921122606
2023-04-08 00:00:00+00:00,1717.902764438345,1.178898,27938.38,34654.403069678345,0.9504275759422483620907368842
2023-04-09 00:00:00+00:00,1717.902764438345,1.178898,28323.76,35108.726780918345,0.9510690668118438238003992147
2023-04-10 00:00:00+00:00,1717.902764438345,1.178898,29637.34,36657.303615758345,0.9531361394595360222411044391
2023-04-11 00:00:00+00:00,1717.902764438345,1.178898,30200.42,37321.117501598345,0.9539696858122007553104619116
2023-04-12 00:00:00+00:00,1717.902764438345,1.178898,29888.07,36952.888711298345,0.9535110021341011896748734692
2023-04-13 00:00:00+00:00,1717.902764438345,1.178898,30373.84,37525.561992758345,0.9542204653785101314195005204
2023-04-14 00:00:00+00:00,1717.902764438345,1.178898,30466.93,37635.305607578345,0.9543539573625137896845344185
2023-04-15 00:00:00+00:00,1717.902764438345,1.178898,30295.09,37432.723775258345,0.9541069259412584983930335316
2023-04-16 00:00:00+00:00,1717.902764438345,1.178898,30304.65,37443.994040138345,0.9541207392940820521058484876
2023-04-17 00:00:00+00:00,1717.902764438345,1.178898,29430.27,36413.189206898345,0.9528219636385792148973214702
2023-04-18 00:00:00+00:00,1717.902764438345,1.178898,30380.01,37532.835793418345,0.9542293373755789667639413003
2023-04-19 00:00:00+00:00,1717.902764438345,1.178898,28797.1,35666.746360238345,0.9518346095523453566844005853
2023-04-20 00:00:00+00:00,1717.902764438345,1.178898,28243.65,35014.285262138345,0.9509370889173640219151798625
2023-04-21 00:00:00+00:00,18360.839592885995,0.588868,27262.84,34415.053658005995,0.4664881311723684717915490995
2023-04-22 00:00:00+00:00,18360.839592885995,0.588868,27816.85,34741.292418685995,0.4714980844232953507497241292
2023-04-23 00:00:00+00:00,1715.461883279420,1.186483,27590.6,34451.239743079420,0.9502060913896713186337374560
2023-04-24 00:00:00+00:00,1715.461883279420,1.186483,27510.93,34356.712642469420,0.9500690912680952115865978359
2023-04-25 00:00:00+00:00,1715.461883279420,1.186483,28300.79,35293.868104849420,0.9513949029847563387241100648
2023-04-26 00:00:00+00:00,1715.461883279420,1.186483,28415.29,35429.720408349420,0.9515812751693306693291231032
2023-04-27 00:00:00+00:00,1715.461883279420,1.186483,29472.77,36684.402451189420,0.9532372951811894784281974753
2023-04-28 00:00:00+00:00,19236.527500721963,0.591226,29311.7,36566.366644921963,0.4739283865001289615958591656
2023-04-29 00:00:00+00:00,19236.527500721963,0.591226,29230.45,36518.329532421963,0.4732363789082068398770578331
2023-04-30 00:00:00+00:00,1803.302337509243,1.186858,29233.21,36498.971491689243,0.9505930643026515956293374422
2023-05-01 00:00:00+00:00,1803.302337509243,1.186858,28068.26,35116.341264589243,0.9486477727300234366595043465
2023-05-02 00:00:00+00:00,1803.302337509243,1.186858,28669.86,35830.355037389243,0.9496711005060518226264240316
2023-05-03 00:00:00+00:00,1803.302337509243,1.186858,29026.16,36253.232542789243,0.9502581642787073537771968696
2023-05-04 00:00:00+00:00,1803.302337509243,1.186858,28838.16,36030.103238789243,0.9499501201659659401420517391
2023-05-05 00:00:00+00:00,1803.302337509243,1.186858,29505.61,36822.271610889243,0.9510268579688613628076813758
2023-05-06 00:00:00+00:00,1803.302337509243,1.186858,28848.2,36042.019293109243,0.9499666674376923565826110822
2023-05-07 00:00:00+00:00,1803.302337509243,1.186858,28430.1,35545.793963309243,0.9492681936048289881886935605
2023-05-08 00:00:00+00:00,1803.302337509243,1.186858,27668.79,34642.227099329243,0.9479449651912200737526129549
2023-05-09 00:00:00+00:00,13841.241009837083,0.751219,27628.27,34596.122370967083,0.5999192955377972392087310227
2023-05-10 00:00:00+00:00,13841.241009837083,0.751219,27598.75,34573.946386087083,0.5996626808154320822971657896
2023-05-11 00:00:00+00:00,13841.241009837083,0.751219,26968.62,34100.580757617083,0.5941054169071490000553331566
2023-05-12 00:00:00+00:00,13841.241009837083,0.751219,26795.01,33970.161627027083,0.5925470958364584423825373634
2023-05-13 00:00:00+00:00,13841.241009837083,0.751219,26775.28,33955.340076157083,0.5923692421046847553988983292
2023-05-14 00:00:00+00:00,13841.241009837083,0.751219,26917.62,34062.268588617083,0.5936488794389184025692350611
2023-05-15 00:00:00+00:00,23830.606465861427,0.379627,27162.14,34142.088187641427,0.3020167268360725447901766471
2023-05-16 00:00:00+00:00,23830.606465861427,0.379627,27033.84,34093.382043541427,0.3010195810017667912277222714
2023-05-17 00:00:00+00:00,1675.907115487162,1.198080,27405.61,34510.020344287162,0.9514370870034971145777050940
2023-05-18 00:00:00+00:00,1675.907115487162,1.198080,26821.28,33809.946257887162,0.9504315356580548396570179367
2023-05-19 00:00:00+00:00,1675.907115487162,1.198080,26880.26,33880.609016287162,0.9505349176373566310388256391
2023-05-20 00:00:00+00:00,1675.907115487162,1.198080,27102.43,34146.786449887162,0.9509205026380249602573266294
2023-05-21 00:00:00+00:00,1675.907115487162,1.198080,26747.78,33721.887377887162,0.9503020961814218116368005882
2023-05-22 00:00:00+00:00,1675.907115487162,1.198080,26849.27,33843.480517087162,0.9504806512249525616803430468
2023-05-23 00:00:00+00:00,1675.907115487162,1.198080,27219.61,34287.177464287162,0.9511214617408285263922178240
2023-05-24 00:00:00+00:00,1675.907115487162,1.198080,26329.01,33220.167416287162,0.9495515150635424145037464321
2023-05-25 00:00:00+00:00,1675.907115487162,1.198080,26473.79,33393.625438687162,0.9498135619157544020472895134
2023-05-26 00:00:00+00:00,1675.907115487162,1.198080,26705.92,33671.735749087162,0.9502280747278495821314593429
2023-05-27 00:00:00+00:00,1675.907115487162,1.198080,26854.27,33849.470917087162,0.9504894147506108696922386007
2023-05-28 00:00:00+00:00,17750.069367584326,0.598731,28065.0,34553.454882584326,0.4863011693649558218700399079
2023-05-29 00:00:00+00:00,17750.069367584326,0.598731,27736.4,34356.711875984326,0.4833594835368457882440506607
2023-05-30 00:00:00+00:00,17750.069367584326,0.598731,27694.4,34331.565173984326,0.4829810619576726392906960497
2023-05-31 00:00:00+00:00,1695.752622615625,1.177674,27210.35,33740.674348515625,0.9497415906659190015164804647
2023-06-01 00:00:00+00:00,23589.987071771257,0.371998,26817.93,33566.203395911257,0.2972101493419186013051069186
2023-06-02 00:00:00+00:00,23589.987071771257,0.371998,27242.59,33724.176066591257,0.3005021968456451235691290499
2023-06-03 00:00:00+00:00,1657.734250558348,1.176025,27069.22,33491.813701058348,0.9505033001391034470403846820
2023-06-04 00:00:00+00:00,1657.734250558348,1.176025,27115.21,33545.899090808348,0.9505831026895156039207871903
2023-06-05 00:00:00+00:00,1657.734250558348,1.176025,25728.2,31914.740655558348,0.9480574111991214625325863526
2023-06-06 00:00:00+00:00,1657.734250558348,1.176025,27230.08,33680.989082558348,0.9507813073275569775506473714
2023-06-07 00:00:00+00:00,17661.689301821212,0.587529,26339.34,33136.815392681212,0.4670070405823586030095601509
2023-06-08 00:00:00+00:00,17661.689301821212,0.587529,26498.61,33230.391136511212,0.4685079321135106221160907616
2023-06-09 00:00:00+00:00,17661.689301821212,0.587529,26477.81,33218.170533311212,0.4683124019695770510829969188
2023-06-10 00:00:00+00:00,17661.689301821212,0.587529,25841.21,32844.149571911212,0.4622576765718500404893802626
2023-06-11 00:00:00+00:00,17661.689301821212,0.587529,25925.55,32893.701767771212,0.4630677499749849481392451608
2023-06-12 00:00:00+00:00,17661.689301821212,0.587529,25905.19,32881.739677331212,0.4628724186999983072841336685
2023-06-13 00:00:00+00:00,17661.689301821212,0.587529,25934.25,32898.813270071212,0.4631511733619751348144159677
2023-06-14 00:00:00+00:00,17661.689301821212,0.587529,25128.6,32425.470531221212,0.4553143250514910780070403647
2023-06-15 00:00:00+00:00,17661.689301821212,0.587529,25598.49,32701.544533031212,0.4599126874884617917076935312
2023-06-16 00:00:00+00:00,17661.689301821212,0.587529,26345.0,33140.140806821212,0.4670605232254801148656579134
2023-06-17 00:00:00+00:00,17661.689301821212,0.587529,26516.99,33241.189919531212,0.4686805934271354097793235662
2023-06-18 00:00:00+00:00,17661.689301821212,0.587529,26339.97,33137.185535951212,0.4670129941283129444212534626
2023-06-19 00:00:00+00:00,17661.689301821212,0.587529,26844.35,33433.523412971212,0.4717371219400405098508368178
2023-06-20 00:00:00+00:00,1650.904160634532,1.183185,28307.99,35144.493308784532,0.9530252393702349747049706651
2023-06-21 00:00:00+00:00,1650.904160634532,1.183185,29993.89,37139.224900284532,0.9555482333013933187949296151
2023-06-22 00:00:00+00:00,19474.907173861936,0.588157,29884.92,37051.932066301936,0.4743888891134502307434043132
2023-06-23 00:00:00+00:00,19474.907173861936,0.588157,30688.5,37524.563268361936,0.4810090917092217413780862533
2023-06-24 00:00:00+00:00,19474.907173861936,0.588157,30527.43,37429.828820371936,0.4796955319426326984369944806
2023-06-25 00:00:00+00:00,19474.907173861936,0.588157,30462.66,37391.733891481936,0.4791654425445502516849800831
2023-06-26 00:00:00+00:00,19474.907173861936,0.588157,30267.99,37277.237368291936,0.4775657063463797341654994739
2023-06-27 00:00:00+00:00,19474.907173861936,0.588157,30692.44,37526.880606941936,0.4810411401405061946922807911
2023-06-28 00:00:00+00:00,19474.907173861936,0.588157,30077.41,37165.146407231936,0.4759900321535574672410689125
2023-06-29 00:00:00+00:00,1835.371595721736,1.173867,30447.31,37576.464043491736,0.9511563516567859886715232485
2023-06-30 00:00:00+00:00,1835.371595721736,1.173867,30472.0,37605.446819721736,0.9511939957921415556802338901
2023-07-01 00:00:00+00:00,1835.371595721736,1.173867,30585.9,37739.150271021736,0.9513669072424495312215658052
2023-07-02 00:00:00+00:00,1835.371595721736,1.173867,30617.03,37775.692750731736,0.9514139526749993528556906921
2023-07-03 00:00:00+00:00,1835.371595721736,1.173867,31156.2,38408.606621121736,0.9522145748783184218421484254
2023-07-04 00:00:00+00:00,1835.371595721736,1.173867,30766.51,37951.162389891736,0.9516385933883652041856364856
2023-07-05 00:00:00+00:00,1835.371595721736,1.173867,30504.81,37643.961395991736,0.9512439305626011188634513320
2023-07-06 00:00:00+00:00,1835.371595721736,1.173867,29895.43,36928.630323531736,0.9502994944669746707412999103
2023-07-07 00:00:00+00:00,1835.371595721736,1.173867,30344.7,37456.013550621736,0.9509992809768387514651191219
2023-07-08 00:00:00+00:00,1835.371595721736,1.173867,30284.63,37385.499359931736,0.9509068588852710915298295522
2023-07-09 00:00:00+00:00,19604.280362999350,0.586373,30160.71,37289.706367829350,0.4742709913127019435764175065
2023-07-10 00:00:00+00:00,19604.280362999350,0.586373,30411.57,37436.803898609350,0.4763366975425062295031410598
2023-07-11 00:00:00+00:00,19604.280362999350,0.586373,30622.1,37560.253006299350,0.4780578192667804041735769687
2023-07-12 00:00:00+00:00,19604.280362999350,0.586373,30380.0,37418.292102999350,0.4760776277806671076555109823
2023-07-13 00:00:00+00:00,1847.874164307350,1.170091,31454.23,38652.185599237350,0.9521922464238655993811423978
2023-07-14 00:00:00+00:00,1847.874164307350,1.170091,30312.01,37315.684257217350,0.9504799603413423527998260616
2023-07-15 00:00:00+00:00,1847.874164307350,1.170091,30289.52,37289.368910627350,0.9504450137320314955320923945
2023-07-16 00:00:00+00:00,1847.874164307350,1.170091,30231.99,37222.053575397350,0.9503553945360838754845913166
2023-07-17 00:00:00+00:00,1847.874164307350,1.170091,30138.0,37112.076722307350,0.9502082791503653942409290322
2023-07-18 00:00:00+00:00,1847.874164307350,1.170091,29859.13,36785.773445137350,0.9497666083584381613195130283
2023-07-19 00:00:00+00:00,1847.874164307350,1.170091,29909.21,36844.371602417350,0.9498465007288627107827531445
2023-07-20 00:00:00+00:00,1847.874164307350,1.170091,29800.0,36716.585964307350,0.9496719502705482621893027971
2023-07-21 00:00:00+00:00,1847.874164307350,1.170091,29901.72,36835.607620827350,0.9498345681350309260910050427
2023-07-22 00:00:00+00:00,1847.874164307350,1.170091,29794.0,36709.565418307350,0.9496623252481817567327479098
2023-07-23 00:00:00+00:00,1847.874164307350,1.170091,30083.75,37048.599285557350,0.9501229682109005801693335074
2023-07-24 00:00:00+00:00,1847.874164307350,1.170091,29176.5,35987.034225807350,0.9486516684672451936531585521
2023-07-25 00:00:00+00:00,14378.508489347150,0.740055,29228.91,36009.509479397150,0.6007024617323982908932248057
2023-07-26 00:00:00+00:00,14378.508489347150,0.740055,29351.96,36100.573247147150,0.6017096905661072152290966451
2023-07-27 00:00:00+00:00,14378.508489347150,0.740055,29222.78,36004.972942247150,0.6006521512344801256321521342
2023-07-28 00:00:00+00:00,25189.430392033130,0.369625,29314.14,36024.669389533130,0.3007727532580257157861338104
2023-07-29 00:00:00+00:00,25189.430392033130,0.369625,29352.9,36038.996054533130,0.3010507186738154975784395291
2023-07-30 00:00:00+00:00,1771.575277977770,1.166393,29281.09,35924.833686347770,0.9506866115666665501927930171
2023-07-31 00:00:00+00:00,1771.575277977770,1.166393,29232.25,35867.867052227770,0.9506082902727906528575968157
2023-08-01 00:00:00+00:00,1771.575277977770,1.166393,29705.99,36420.434072047770,0.9513576561313575341608741563
2023-08-02 00:00:00+00:00,1771.575277977770,1.166393,29186.01,35813.933039907770,0.9505339088001396381236054514
2023-08-03 00:00:00+00:00,1771.575277977770,1.166393,29193.64,35822.832618497770,0.9505461978162222453179489396
2023-08-04 00:00:00+00:00,1771.575277977770,1.166393,29113.99,35729.929416047770,0.9504176104758246956719252494
2023-08-05 00:00:00+00:00,1771.575277977770,1.166393,29072.13,35681.104205067770,0.9503497630623731084321487291
2023-08-06 00:00:00+00:00,1771.575277977770,1.166393,29088.42,35700.104747037770,0.9503761882344402044387196317
2023-08-07 00:00:00+00:00,1771.575277977770,1.166393,29211.06,35843.151184557770,0.9505742319123711957910714014
2023-08-08 00:00:00+00:00,1771.575277977770,1.166393,29770.42,36495.584773037770,0.9514578191034611001483640284
2023-08-09 00:00:00+00:00,1771.575277977770,1.166393,29581.99,36275.801340047770,0.9511637176151919821162390972
2023-08-10 00:00:00+00:00,1771.575277977770,1.166393,29455.75,36128.555887727770,0.9509646805844364590838444956
2023-08-11 00:00:00+00:00,1771.575277977770,1.166393,29426.03,36093.890687767770,0.9509175862113929054919697709
2023-08-12 00:00:00+00:00,1771.575277977770,1.166393,29430.17,36098.719554787770,0.9509241518860796787825230299
2023-08-13 00:00:00+00:00,1771.575277977770,1.166393,29303.84,35951.369127097770,0.9507230094154474511278729166
2023-08-14 00:00:00+00:00,1771.575277977770,1.166393,29430.93,36099.606013467770,0.9509253569881941649145729810
2023-08-15 00:00:00+00:00,1771.575277977770,1.166393,29200.0,35830.250877977770,0.9505564366822051049772570174
2023-08-16 00:00:00+00:00,1771.575277977770,1.166393,28730.51,35282.641028407770,0.9497890399828236044928480012
2023-08-17 00:00:00+00:00,1771.575277977770,1.166393,26623.41,32824.934338107770,0.9460295865414396915604404048
2023-08-18 00:00:00+00:00,17212.994037713453,0.585644,26054.0,32471.362813713453,0.4699023217330446197448483456
2023-08-19 00:00:00+00:00,17212.994037713453,0.585644,26100.01,32498.308294153453,0.4703418441996217907188653934
2023-08-20 00:00:00+00:00,17212.994037713453,0.585644,26189.99,32551.004541273453,0.4711992984459812262308777851
2023-08-21 00:00:00+00:00,17212.994037713453,0.585644,26126.92,32514.067974193453,0.4705985713207133647171077307
2023-08-22 00:00:00+00:00,17212.994037713453,0.585644,26056.0,32472.534101713453,0.4699214424166179163309253029
2023-08-23 00:00:00+00:00,17212.994037713453,0.585644,26432.72,32693.157909393453,0.4734985807911879120056271326
2023-08-24 00:00:00+00:00,17212.994037713453,0.585644,26180.05,32545.183239913453,0.4711047127673438381161769519
2023-08-25 00:00:00+00:00,17212.994037713453,0.585644,26060.01,32474.882534153453,0.4699597752321121070944443004
2023-08-26 00:00:00+00:00,17212.994037713453,0.585644,26017.37,32449.910673993453,0.4695518822642375744671420898
2023-08-27 00:00:00+00:00,17212.994037713453,0.585644,26101.77,32499.339027593453,0.4703586425835054953803288903
2023-08-28 00:00:00+00:00,17212.994037713453,0.585644,26120.0,32510.015317713453,0.4705325768230334642591296293
2023-08-29 00:00:00+00:00,17212.994037713453,0.585644,27716.34,33444.902260673453,0.4853328048755120256870552385
2023-08-30 00:00:00+00:00,17212.994037713453,0.585644,27299.99,33201.069381273453,0.4815530234871839799029140518
2023-08-31 00:00:00+00:00,17212.994037713453,0.585644,25940.78,32405.056200033453,0.4688176458803461863242306236
2023-09-01 00:00:00+00:00,17212.994037713453,0.585644,25805.05,32325.566739913453,0.4675114538220919592079498555
2023-09-02 00:00:00+00:00,17212.994037713453,0.585644,25869.51,32363.317352153453,0.4681325820089916859797745928
2023-09-03 00:00:00+00:00,17212.994037713453,0.585644,25971.21,32422.877346953453,0.4691096088259163855930809018
2023-09-04 00:00:00+00:00,17212.994037713453,0.585644,25826.02,32337.847694593453,0.4677136771662362668045493699
2023-09-05 00:00:00+00:00,17212.994037713453,0.585644,25792.1,32317.982650113453,0.4673864942602465813275845745
2023-09-06 00:00:00+00:00,17212.994037713453,0.585644,25759.95,32299.154195513453,0.4670760127797884714860156192
2023-09-07 00:00:00+00:00,17212.994037713453,0.585644,26255.0,32589.077257713453,0.4718170784157646298820162227
2023-09-08 00:00:00+00:00,17212.994037713453,0.585644,25910.5,32387.322899713453,0.4685268031873747413026512503
2023-09-09 00:00:00+00:00,17212.994037713453,0.585644,25901.61,32382.116524553453,0.4684413532802325397407984282
2023-09-10 00:00:00+00:00,17212.994037713453,0.585644,25841.61,32346.977884553453,0.4678639191844528393265094620
2023-09-11 00:00:00+00:00,17212.994037713453,0.585644,25162.52,31949.272900593453,0.4612398820070260756482907113
2023-09-12 00:00:00+00:00,17212.994037713453,0.585644,25840.1,32346.093562113453,0.4678493709090484168965026297
2023-09-13 00:00:00+00:00,17212.994037713453,0.585644,26222.0,32569.751005713453,0.4715036650205304293108490561
2023-09-14 00:00:00+00:00,17212.994037713453,0.585644,26522.73,32745.871725833453,0.4743461349317508447182047789
2023-09-15 00:00:00+00:00,17212.994037713453,0.585644,26600.0,32791.124437713453,0.4750715526572004748707441328
2023-09-16 00:00:00+00:00,17212.994037713453,0.585644,26559.67,32767.505415193453,0.4746931809544394388273520890
2023-09-17 00:00:00+00:00,17212.994037713453,0.585644,26527.51,32748.671104153453,0.4743910681758820740274764331
2023-09-18 00:00:00+00:00,17212.994037713453,0.585644,26762.51,32886.297444153453,0.4765906965676493298045475316
2023-09-19 00:00:00+00:00,17212.994037713453,0.585644,27210.26,33148.519545153453,0.4807311375017315381816381746
2023-09-20 00:00:00+00:00,13254.286705460928,0.730941,27125.0,33081.061330460928,0.5993391332563920436946391565
2023-09-21 00:00:00+00:00,13254.286705460928,0.730941,26568.08,32673.985668740928,0.5943474163257269430689588006
2023-09-22 00:00:00+00:00,22859.296059305448,0.368946,26580.14,32665.932391745448,0.3002099010931063531952911050
2023-09-23 00:00:00+00:00,13053.644281831188,0.737376,26575.96,32650.119362791188,0.6001961237327844115357787453
2023-09-24 00:00:00+00:00,13060.067305771026,0.737134,26248.38,32408.640648691026,0.5970189725838279586286487341
2023-09-25 00:00:00+00:00,12963.347658273266,0.740814,26304.81,32450.319173613266,0.6005170984939243660940932397
2023-09-26 00:00:00+00:00,12980.108303472146,0.740176,26221.67,32388.759117392146,0.5992403334618004748241089829
2023-09-27 00:00:00+00:00,12955.480392915554,0.741114,26372.99,32500.872503775554,0.6013805355099145511749999966
2023-09-28 00:00:00+00:00,13000.308886015754,0.739412,27021.39,32980.248908695754,0.6058153192837783287341050802
2023-09-29 00:00:00+00:00,13191.857375061668,0.732314,26906.96,32896.200880501668,0.5989853836623187656236397554
2023-09-30 00:00:00+00:00,13191.857375061668,0.732314,26962.56,32936.917538901668,0.5994811184294700485735519954
2023-10-01 00:00:00+00:00,13174.767880752815,0.732947,27992.57,33691.838084542815,0.6089626262689077795468917232
2023-10-02 00:00:00+00:00,13476.359254653863,0.722159,27494.51,33331.767101743863,0.5956902250781416823539654641
2023-10-03 00:00:00+00:00,13476.359254653863,0.722159,27426.46,33282.624181793863,0.5950932480250265002036291324
2023-10-04 00:00:00+00:00,13476.359254653863,0.722159,27778.57,33536.903587283863,0.5981632824395966671136450845
2023-10-05 00:00:00+00:00,13476.359254653863,0.722159,27410.39,33271.019086663863,0.5949520145580500590849695386
2023-10-06 00:00:00+00:00,13476.359254653863,0.722159,27931.09,33647.047277963863,0.5994786959068528628835954032
2023-10-07 00:00:00+00:00,13476.359254653863,0.722159,27956.67,33665.520105183863,0.5996984685652085112936708354
2023-10-08 00:00:00+00:00,25233.859954732724,0.301050,27917.05,33638.287857232724,0.2498470771809191545563075883
2023-10-09 00:00:00+00:00,25233.859954732724,0.301050,27590.12,33539.865580732724,0.2476457636959481220867090341
2023-10-10 00:00:00+00:00,13400.599868305996,0.729388,27390.12,33378.624714865996,0.5985275012742598876509989223
2023-10-11 00:00:00+00:00,13351.398113788132,0.731182,26875.52,33002.294578428132,0.5954403084894818112621290588
2023-10-12 00:00:00+00:00,13200.726458460708,0.736781,26759.63,32916.713409490708,0.5989658416306346700794679730
2023-10-13 00:00:00+00:00,13166.643959376540,0.738053,26862.0,32992.223645376540,0.6009167462944958103732650224
2023-10-14 00:00:00+00:00,13196.851250780940,0.736927,26852.48,32985.168779740940,0.5999156063471085303017291984
2023-10-15 00:00:00+00:00,13196.851250780940,0.736927,27154.15,33207.477547830940,0.6025939870990611424401035110
2023-10-16 00:00:00+00:00,13282.899328888854,0.733754,28500.78,34195.460657008854,0.6115595732977402729754962344
2023-10-17 00:00:00+00:00,13677.691111404984,0.719884,28395.91,34119.452385844984,0.5991233693692165141371134569
2023-10-18 00:00:00+00:00,13677.691111404984,0.719884,28320.0,34064.805991404984,0.5984802874011361651640512427
2023-10-19 00:00:00+00:00,13677.691111404984,0.719884,28713.71,34348.231521044984,0.6017934401360741580256136774
2023-10-20 00:00:00+00:00,13739.230627556826,0.717738,29669.04,35033.828059076826,0.6078295924616446974761794382
2023-10-21 00:00:00+00:00,14013.194047809636,0.708492,29909.8,35204.048069409636,0.6019436736314900127603359726
2023-10-22 00:00:00+00:00,14081.538706500516,0.706204,29992.46,35262.333928340516,0.6006634519678485555061333171
2023-10-23 00:00:00+00:00,14104.932366415878,0.705423,33069.99,37433.263922185878,0.6231979023860595647340004887
2023-10-24 00:00:00+00:00,14104.932366415878,0.705423,33922.73,38034.806331205878,0.6291572449826462181892439399
2023-10-25 00:00:00+00:00,14104.932366415878,0.705423,34496.05,38439.239445565878,0.6330590154784412860653333512
2023-10-26 00:00:00+00:00,14104.932366415878,0.705423,34151.66,38196.298818595878,0.6307251539369335959288695049
2023-10-27 00:00:00+00:00,14104.932366415878,0.705423,33892.02,38013.142790875878,0.6289459031574358316884188206
2023-10-28 00:00:00+00:00,14104.932366415878,0.705423,34081.0,38146.453629415878,0.6302426300635417307482477008
2023-10-29 00:00:00+00:00,14104.932366415878,0.705423,34525.89,38460.289267885878,0.6332598471069374922172917111
2023-10-30 00:00:00+00:00,28826.076545664738,0.278488,34474.73,38426.875153904738,0.2498459364647145157662044131
2023-10-31 00:00:00+00:00,28826.076545664738,0.278488,34639.77,38472.836813424738,0.2507421096744769512824924218
2023-11-01 00:00:00+00:00,28826.076545664738,0.278488,35421.43,38690.519743504738,0.2549576294977535576395775290
2023-11-02 00:00:00+00:00,28826.076545664738,0.278488,34941.59,38556.890061584738,0.2523754768700878722150717642
2023-11-03 00:00:00+00:00,28826.076545664738,0.278488,34716.78,38494.283174304738,0.2511595445189017131825393614
2023-11-04 00:00:00+00:00,28826.076545664738,0.278488,35062.07,38590.442295824738,0.2530254946369569786659037662
2023-11-05 00:00:00+00:00,28826.076545664738,0.278488,35011.88,38576.464983104738,0.2527548452588996771067169549
2023-11-06 00:00:00+00:00,28826.076545664738,0.278488,35046.09,38585.992057584738,0.2529393438259810491820182747
2023-11-07 00:00:00+00:00,28826.076545664738,0.278488,35399.12,38684.306676224738,0.2548379686127046312378355003
2023-11-08 00:00:00+00:00,28826.076545664738,0.278488,35624.72,38747.133569024738,0.2560462183786183011583318018
2023-11-09 00:00:00+00:00,28826.076545664738,0.278488,36701.09,39046.889697584738,0.2617574211692516126980554097
2023-11-10 00:00:00+00:00,28826.076545664738,0.278488,37301.63,39214.132881104738,0.2649059298833933148245220063
2023-11-11 00:00:00+00:00,28826.076545664738,0.278488,37130.0,39166.335985664738,0.2640088530054135285504390901
2023-11-12 00:00:00+00:00,28826.076545664738,0.278488,37064.13,39147.991981104738,0.2636639815503691737588326812
2023-11-13 00:00:00+00:00,28826.076545664738,0.278488,36462.93,38980.564995504738,0.2605013152326299442636417032
2023-11-14 00:00:00+00:00,28826.076545664738,0.278488,35551.19,38726.656346384738,0.2556528431519043861125655935
2023-11-15 00:00:00+00:00,28826.076545664738,0.278488,37858.2,39369.130947264738,0.2678000288023249657834244114
2023-11-16 00:00:00+00:00,28826.076545664738,0.278488,36163.51,38897.180118544738,0.2589160330437030833298165943
2023-11-17 00:00:00+00:00,28826.076545664738,0.278488,36613.92,39022.613898624738,0.2612981636609267078121758877
2023-11-18 00:00:00+00:00,28826.076545664738,0.278488,36568.1,39009.853578464738,0.2610565305587796613108624024
2023-11-19 00:00:00+00:00,28826.076545664738,0.278488,37359.86,39230.349237344738,0.2652097902247530814490337256
2023-11-20 00:00:00+00:00,28826.076545664738,0.278488,37448.78,39255.112390304738,0.2656733151327258050755279828
2023-11-21 00:00:00+00:00,28826.076545664738,0.278488,35741.65,38779.697170864738,0.2566709219348462204690265494
2023-11-22 00:00:00+00:00,28826.076545664738,0.278488,37408.34,39243.850335584738,0.2654625807823342862475652496
2023-11-23 00:00:00+00:00,28826.076545664738,0.278488,37294.28,39212.085994304738,0.2648675576746539354284101315
2023-11-24 00:00:00+00:00,28826.076545664738,0.278488,37713.57,39328.853227824738,0.2670501634339391103728766733
2023-11-25 00:00:00+00:00,28826.076545664738,0.278488,37780.67,39347.539772624738,0.2673982487281224407649882747
2023-11-26 00:00:00+00:00,28826.076545664738,0.278488,37447.43,39254.736431504738,0.2656662821832183640490230739
2023-11-27 00:00:00+00:00,28826.076545664738,0.278488,37242.7,39197.721583264738,0.2645981607774906882682035879
2023-11-28 00:00:00+00:00,28826.076545664738,0.278488,37818.87,39358.178014224738,0.2675962658828747923249335219
2023-11-29 00:00:00+00:00,28826.076545664738,0.278488,37854.64,39368.139529984738,0.2677815896352084200871306085
2023-11-30 00:00:00+00:00,1933.514557403508,0.987982,37723.96,39204.108006123508,0.9506808175025560690878761453
2023-12-01 00:00:00+00:00,1933.514557403508,0.987982,38682.52,40151.148032043508,0.9518441027922682528883888924
2023-12-02 00:00:00+00:00,1933.514557403508,0.987982,39450.35,40909.750251103508,0.9527370725674045643562756417
2023-12-03 00:00:00+00:00,1933.514557403508,0.987982,39972.26,41425.387936723508,0.9533253723451687476432590444
2023-12-04 00:00:00+00:00,1933.514557403508,0.987982,41991.1,43419.965517603508,0.9554694589377411121119799791
2023-12-05 00:00:00+00:00,22768.370299099338,0.491163,44073.32,44415.554370259338,0.4873784505919610397824779420
2023-12-06 00:00:00+00:00,22768.370299099338,0.491163,43762.69,44262.984407569338,0.4856114967429589416584084794
2023-12-07 00:00:00+00:00,22768.370299099338,0.491163,43273.14,44022.535560919338,0.4828019329420048025187616701
2023-12-08 00:00:00+00:00,22768.370299099338,0.491163,44170.99,44463.526260469338,0.4879315201920513444265026002
2023-12-09 00:00:00+00:00,22768.370299099338,0.491163,43713.6,44238.873215899338,0.4853311433141013209740311137
2023-12-10 00:00:00+00:00,22768.370299099338,0.491163,43789.51,44276.157399229338,0.4857645370215519260402236995
2023-12-11 00:00:00+00:00,22768.370299099338,0.491163,41253.4,43030.514003299338,0.4708784957262284314258392763
2023-12-12 00:00:00+00:00,22768.370299099338,0.491163,41492.39,43147.897048669338,0.4723179608633671652472427942
2023-12-13 00:00:00+00:00,22768.370299099338,0.491163,42869.03,43824.051680989338,0.4804594868398225467821204349
2023-12-14 00:00:00+00:00,22768.370299099338,0.491163,43022.26,43899.312587479338,0.4813501862078547212865836699
2023-12-15 00:00:00+00:00,22768.370299099338,0.491163,41940.3,43367.893867999338,0.4749947883473342401269936150
2023-12-16 00:00:00+00:00,22768.370299099338,0.491163,42278.03,43533.774347989338,0.4769952608037321773152929881
2023-12-17 00:00:00+00:00,22768.370299099338,0.491163,41374.65,43090.067517049338,0.4716097789800251641300922940
2023-12-18 00:00:00+00:00,22768.370299099338,0.491163,42657.8,43720.303320499338,0.4792266162429886806169225479
2023-12-19 00:00:00+00:00,22768.370299099338,0.491163,42275.99,43532.772375469338,0.4769832230595705001445056094
2023-12-20 00:00:00+00:00,22768.370299099338,0.491163,43668.93,44216.932964689338,0.4850757668497348390857817229
2023-12-21 00:00:00+00:00,22768.370299099338,0.491163,43861.8,44311.663572499338,0.4861765850463393104851435033
2023-12-22 00:00:00+00:00,22768.370299099338,0.491163,43969.04,44364.335892619338,0.4867866307249920445106895251
2023-12-23 00:00:00+00:00,22768.370299099338,0.491163,43702.16,44233.254311179338,0.4852657654595187672659959451
2023-12-24 00:00:00+00:00,2184.941861661648,0.961545,42991.5,43523.203729161648,0.9497982300370576429932316324
2023-12-25 00:00:00+00:00,2184.941861661648,0.961545,43576.13,44085.351782511648,0.9504383707213968695489072265
2023-12-26 00:00:00+00:00,2184.941861661648,0.961545,42508.93,43059.190958511648,0.9492572476857059119047487966
2023-12-27 00:00:00+00:00,2184.941861661648,0.961545,43428.85,43943.735434911648,0.9502786497315885048464834794
2023-12-28 00:00:00+00:00,2184.941861661648,0.961545,42563.76,43111.912470861648,0.9493193009440627332712746676
2023-12-29 00:00:00+00:00,2184.941861661648,0.961545,42066.95,42634.207299411648,0.9487514369314472936247483808
2023-12-30 00:00:00+00:00,2184.941861661648,0.961545,42140.28,42704.717394261648,0.9488360538371050142392057893
2023-12-31 00:00:00+00:00,2184.941861661648,0.961545,42283.58,42842.506792761648,0.9490006065184122334828867256
2024-01-01 00:00:00+00:00,2184.941861661648,0.961545,44179.55,44665.567266411648,0.9510821871212477196490983578
2024-01-02 00:00:00+00:00,23421.799016353848,0.480225,44946.91,45006.428871103848,0.4795899251764074837665269076
2024-01-03 00:00:00+00:00,23421.799016353848,0.480225,42845.23,43997.149593103848,0.4676518994306621759324735852
2024-01-04 00:00:00+00:00,23421.799016353848,0.480225,44151.1,44624.261013853848,0.4751330669860858583226946527
2024-01-05 00:00:00+00:00,23421.799016353848,0.480225,44145.11,44621.384466103848,0.4750992310840116525722500552
2024-01-06 00:00:00+00:00,23421.799016353848,0.480225,43968.32,44536.485488353848,0.4740986236446839666761936900
2024-01-07 00:00:00+00:00,23421.799016353848,0.480225,43929.02,44517.612645853848,0.4738756724742012994531110524
2024-01-08 00:00:00+00:00,23421.799016353848,0.480225,46951.04,45968.862200353848,0.4904855614161022820587461710
2024-01-09 00:00:00+00:00,23421.799016353848,0.480225,46110.0,45564.973766353848,0.4859692197683430739873941474
2024-01-10 00:00:00+00:00,23421.799016353848,0.480225,46653.99,45826.211364103848,0.4888995114551322297596516499
2024-01-11 00:00:00+00:00,23421.799016353848,0.480225,46339.16,45675.022127353848,0.4872077138562127647169690626
2024-01-12 00:00:00+00:00,23421.799016353848,0.480225,42782.73,43967.135530603848,0.4672884932417117321796328280
2024-01-13 00:00:00+00:00,23421.799016353848,0.480225,42847.99,43998.475014103848,0.4676679360171933803601097351
2024-01-14 00:00:00+00:00,23421.799016353848,0.480225,41732.35,43462.716795103848,0.4611059606151368078140417424
2024-01-15 00:00:00+00:00,23421.799016353848,0.480225,42511.1,43836.692013853848,0.4657033197452083518335390080
2024-01-16 00:00:00+00:00,23421.799016353848,0.480225,43137.95,44137.721055103848,0.4693473415378006361655362199
2024-01-17 00:00:00+00:00,23421.799016353848,0.480225,42776.1,43963.951638853848,0.4672499140033068106485324600
2024-01-18 00:00:00+00:00,23421.799016353848,0.480225,41327.5,43268.297703853848,0.4586845274879464359215969942
2024-01-19 00:00:00+00:00,23421.799016353848,0.480225,41659.03,43427.506698103848,0.4606690368117195757749688102
2024-01-20 00:00:00+00:00,23421.799016353848,0.480225,41696.04,43445.279825353848,0.4608896729286267201758908522
2024-01-21 00:00:00+00:00,23421.799016353848,0.480225,41580.33,43389.712990603848,0.4601992637880343258513939999
2024-01-22 00:00:00+00:00,23421.799016353848,0.480225,39568.02,42423.351420853848,0.4479031422104830679082134491
2024-01-23 00:00:00+00:00,23421.799016353848,0.480225,39897.6,42581.623976353848,0.4499552429151060576545300606
2024-01-24 00:00:00+00:00,23421.799016353848,0.480225,40084.88,42671.560514353848,0.4511145424720235020879311503
2024-01-25 00:00:00+00:00,23421.799016353848,0.480225,39961.09,42612.113461603848,0.4503488066261172713771872855
2024-01-26 00:00:00+00:00,23421.799016353848,0.480225,41823.51,43506.494106103848,0.4616482091332698191826564412
2024-01-27 00:00:00+00:00,23421.799016353848,0.480225,42120.63,43649.178558103848,0.4634080230129465247295605597
2024-01-28 00:00:00+00:00,23421.799016353848,0.480225,42031.06,43606.164804853848,0.4628787209062984838851593965
2024-01-29 00:00:00+00:00,23421.799016353848,0.480225,43302.7,44216.838123853848,0.4702968369029899208834493229
2024-01-30 00:00:00+00:00,23421.799016353848,0.480225,42941.1,44043.188763853848,0.4682083728783945592453361882
2024-01-31 00:00:00+00:00,23421.799016353848,0.480225,42580.0,43869.779516353848,0.4661062974428072623382467956
2024-02-01 00:00:00+00:00,23421.799016353848,0.480225,43082.94,44111.303877853848,0.4690295466846809675324523966
2024-02-02 00:00:00+00:00,23421.799016353848,0.480225,43200.0,44167.519016353848,0.4697053504933910843677761751
2024-02-03 00:00:00+00:00,2180.823309087511,0.971276,43011.09,43956.462759927511,0.9503867424228767170384456092
2024-02-04 00:00:00+00:00,2180.823309087511,0.971276,42582.88,43540.552663967511,0.9499128243520832337625647836
2024-02-05 00:00:00+00:00,2180.823309087511,0.971276,42708.7,43662.758610287511,0.9500530113419429984260462334
2024-02-06 00:00:00+00:00,2180.823309087511,0.971276,43098.95,44041.799069287511,0.9504828741065597117190905122
2024-02-07 00:00:00+00:00,2180.823309087511,0.971276,44349.6,45256.525398687511,0.9518119588307864820314698777
2024-02-08 00:00:00+00:00,2180.823309087511,0.971276,45288.65,46168.602126487511,0.9527639302764086703071391521
2024-02-09 00:00:00+00:00,2180.823309087511,0.971276,47132.77,47959.751623607511,0.9545280524761093320875680204
2024-02-10 00:00:00+00:00,2180.823309087511,0.971276,47751.09,48560.310999927511,0.9550904171702943490055131127
2024-02-11 00:00:00+00:00,2180.823309087511,0.971276,48299.99,49093.444396327511,0.9555781156546707918172167664
2024-02-12 00:00:00+00:00,2180.823309087511,0.971276,49917.27,50664.269645607511,0.9569553982650456713012112313
2024-02-13 00:00:00+00:00,2180.823309087511,0.971276,49699.59,50452.842285927511,0.9567750158310546933399893514
2024-02-14 00:00:00+00:00,26456.155567637551,0.482199,51795.17,51431.734746467551,0.4856063926668423296021449971
2024-02-15 00:00:00+00:00,26456.155567637551,0.482199,51880.0,51472.639687637551,0.4860151776130560066548781763
2024-02-16 00:00:00+00:00,26456.155567637551,0.482199,52124.11,51590.349285527551,0.4871878959141065939058143974
2024-02-17 00:00:00+00:00,26456.155567637551,0.482199,51642.64,51358.184932997551,0.4848697320173495128602408331
2024-02-18 00:00:00+00:00,26456.155567637551,0.482199,52137.67,51596.887903967551,0.4872528820560280214215346885
2024-02-19 00:00:00+00:00,26456.155567637551,0.482199,51774.73,51421.878598907551,0.4855077976828406363992859174
2024-02-20 00:00:00+00:00,26456.155567637551,0.482199,52258.82,51655.306312817551,0.4878327618962774148708050062
2024-02-21 00:00:00+00:00,26456.155567637551,0.482199,51849.39,51457.879576247551,0.4858677468737081206580199153
2024-02-22 00:00:00+00:00,2541.883014707913,0.942826,51288.42,50897.938889627913,0.9500592151635062934705123492
2024-02-23 00:00:00+00:00,2541.883014707913,0.942826,50744.15,50384.786982607913,0.9495505852672289036345149845
2024-02-24 00:00:00+00:00,2541.883014707913,0.942826,51568.22,51161.741604427913,0.9503167223203379032569990861
2024-02-25 00:00:00+00:00,2541.883014707913,0.942826,51728.85,51313.187744807913,0.9504633579315073529941145825
2024-02-26 00:00:00+00:00,2541.883014707913,0.942826,54476.47,53903.715318927913,0.9528440108502994312166544918
2024-02-27 00:00:00+00:00,28266.021853912809,0.470005,57037.34,55073.856840612809,0.4867615330497653984839988613
2024-02-28 00:00:00+00:00,28266.021853912809,0.470005,62432.1,57609.421014412809,0.5093507041697021323437112756
2024-02-29 00:00:00+00:00,28266.021853912809,0.470005,61130.98,56997.888108812809,0.5040865058026173061819836441
2024-03-01 00:00:00+00:00,28266.021853912809,0.470005,62387.9,57588.646793412809,0.5091737099621174720795674357
2024-03-02 00:00:00+00:00,28266.021853912809,0.470005,61987.28,57400.353390312809,0.5075636266259793758652807837
2024-03-03 00:00:00+00:00,28266.021853912809,0.470005,63113.97,57929.903323762809,0.5120650953629659337498506552
2024-03-04 00:00:00+00:00,28266.021853912809,0.470005,68245.71,60341.846782462809,0.5315684991244288250509502316
2024-03-05 00:00:00+00:00,28266.021853912809,0.470005,63724.01,58216.625173962809,0.5144682164339080791429834296
2024-03-06 00:00:00+00:00,28266.021853912809,0.470005,66074.04,59321.151024112809,0.5235085401086829647403586021
2024-03-07 00:00:00+00:00,28266.021853912809,0.470005,66823.17,59673.245869762809,0.5263200209419886609578064038
2024-03-08 00:00:00+00:00,28266.021853912809,0.470005,68124.19,60284.731774862809,0.5311246973864945180534337804
2024-03-09 00:00:00+00:00,28266.021853912809,0.470005,68313.27,60373.600320262809,0.5318148710037081695373436768
2024-03-10 00:00:00+00:00,28266.021853912809,0.470005,68955.88,60675.630233312809,0.5341453933774900706706760893
2024-03-11 00:00:00+00:00,45484.371715084065,0.219979,72078.1,61340.040074984065,0.2584880665307279554681668041
2024-03-12 00:00:00+00:00,45484.371715084065,0.219979,71452.01,61202.313422874065,0.2568194048350384127888541068
2024-03-13 00:00:00+00:00,3005.023971909665,0.813723,73072.41,62465.724654339665,0.9518932344331508887217185313
2024-03-14 00:00:00+00:00,3005.023971909665,0.813723,71388.94,61095.846395529665,0.9508145946214513816907704852
2024-03-15 00:00:00+00:00,3005.023971909665,0.813723,69499.85,59558.650413459665,0.9495451298669695955637217508
2024-03-16 00:00:00+00:00,3005.023971909665,0.813723,65300.63,56141.648517399665,0.9464742477061688909755765876
2024-03-17 00:00:00+00:00,29439.967034161793,0.408377,68393.48,57370.291216121793,0.4868429912050231683727586852
2024-03-18 00:00:00+00:00,29439.967034161793,0.408377,67609.99,57050.331920391793,0.4839650174999435111770098994
2024-03-19 00:00:00+00:00,29439.967034161793,0.408377,61937.4,54733.776633961793,0.4621243253312330237200552979
2024-03-20 00:00:00+00:00,29439.967034161793,0.408377,67840.51,57144.470986431793,0.4848151268886201081178275948
2024-03-21 00:00:00+00:00,29439.967034161793,0.408377,65501.27,56189.179172951793,0.4760562893516420873084245190
2024-03-22 00:00:00+00:00,29439.967034161793,0.408377,63796.64,55493.047487441793,0.4694836854864723964828569931
2024-03-23 00:00:00+00:00,29439.967034161793,0.408377,63990.01,55572.015347931793,0.4702375494241014347409621623
2024-03-24 00:00:00+00:00,29439.967034161793,0.408377,67209.99,56886.981120391793,0.4824832245561243530091104678
2024-03-25 00:00:00+00:00,29439.967034161793,0.408377,69880.01,57977.355877931793,0.4922161145784905845499906278
2024-03-26 00:00:00+00:00,29439.967034161793,0.408377,69988.0,58021.456510161793,0.4926020681847978040974238378
2024-03-27 00:00:00+00:00,29439.967034161793,0.408377,69469.99,57809.913140391793,0.4907453508420498797303251017
2024-03-28 00:00:00+00:00,29439.967034161793,0.408377,70780.6,58345.136120361793,0.4954169448944420701996950816
2024-03-29 00:00:00+00:00,2882.793441644533,0.783094,69850.54,57582.332212404533,0.9499361465421243518567555099
2024-03-30 00:00:00+00:00,30195.190463611564,0.391573,69582.18,57441.693432751564,0.4743332123562507201117553359
2024-03-31 00:00:00+00:00,30195.190463611564,0.391573,71280.01,58106.517819341564,0.4803476168114022800243381108
2024-04-01 00:00:00+00:00,2869.880560555564,0.774427,69649.8,56808.566225155564,0.9494815526732173718355438676
2024-04-02 00:00:00+00:00,2869.880560555564,0.774427,65463.99,53566.961944285564,0.9464244292304555799001023552
2024-04-03 00:00:00+00:00,2869.880560555564,0.774427,65963.28,53953.625601115564,0.9468083835223072507002072690
2024-04-04 00:00:00+00:00,2869.880560555564,0.774427,68487.79,55908.674306885564,0.9486684204886947726454351086
2024-04-05 00:00:00+00:00,2869.880560555564,0.774427,67820.62,55391.999845295564,0.9481896200070252091320254011
2024-04-06 00:00:00+00:00,2869.880560555564,0.774427,68896.0,56224.803152555564,0.9489570367588717748905511395
2024-04-07 00:00:00+00:00,2869.880560555564,0.774427,69360.39,56584.439307085564,0.9492814527156374157580523607
2024-04-08 00:00:00+00:00,2869.880560555564,0.774427,71620.0,58334.342300555564,0.9508028984749823456655590837
2024-04-09 00:00:00+00:00,2869.880560555564,0.774427,69146.0,56418.409902555564,0.9491321969989521439190467129
2024-04-10 00:00:00+00:00,2869.880560555564,0.774427,70631.08,57568.495951715564,0.9501484186253081982481338696
2024-04-11 00:00:00+00:00,2869.880560555564,0.774427,70006.23,57084.595240765564,0.9497258314883152720334936968
2024-04-12 00:00:00+00:00,2869.880560555564,0.774427,67116.52,54846.725794595564,0.9476745326365798550633683786
2024-04-13 00:00:00+00:00,2869.880560555564,0.774427,63924.51,52374.747066325564,0.9452048798074146926422577111
2024-04-14 00:00:00+00:00,20926.404214238980,0.491593,65661.84,53205.305125358980,0.6066857587803789885005949311
2024-04-15 00:00:00+00:00,2636.582234934460,0.769777,63419.99,51455.831877164460,0.9487602835529213046399911876
2024-04-16 00:00:00+00:00,20559.017051661031,0.486810,63793.39,51614.277237561031,0.6016796485004403407707869025
2024-04-17 00:00:00+00:00,20559.017051661031,0.486810,61277.37,50389.453541361031,0.5919976184146225787669363127
2024-04-18 00:00:00+00:00,20559.017051661031,0.486810,63470.08,51456.886696461031,0.6004613109818207086606353713
2024-04-19 00:00:00+00:00,20559.017051661031,0.486810,63818.01,51626.262499761031,0.6017721203088022279710462124
2024-04-20 00:00:00+00:00,20559.017051661031,0.486810,64940.59,52172.745669561031,0.6059433562904144996509141353
2024-04-21 00:00:00+00:00,2585.325990422383,0.763222,64941.15,52149.840375722383,0.9504250449896689468960858344
2024-04-22 00:00:00+00:00,2585.325990422383,0.763222,66819.32,53583.301039462383,0.9517512743659004265197240317
2024-04-23 00:00:00+00:00,2585.325990422383,0.763222,66414.0,53273.951898422383,0.9514711055160346944539492687
2024-04-24 00:00:00+00:00,2585.325990422383,0.763222,64289.59,51652.555449402383,0.9499477621595139284009709579
2024-04-25 00:00:00+00:00,20637.550153419289,0.482061,64498.34,51729.684432159289,0.6010501440331743975330636071
2024-04-26 00:00:00+00:00,20637.550153419289,0.482061,63770.01,51378.584944029289,0.5983238896925365600157505828
2024-04-27 00:00:00+00:00,20637.550153419289,0.482061,63461.98,51230.095694199289,0.5971596407586634763382811243
2024-04-28 00:00:00+00:00,20637.550153419289,0.482061,63118.62,51064.575229239289,0.5958538759840237801162197725
2024-04-29 00:00:00+00:00,20637.550153419289,0.482061,63866.0,51424.857979419289,0.5986853252627624107231158954
2024-04-30 00:00:00+00:00,20637.550153419289,0.482061,60672.0,49885.155145419289,0.5862987677745182920380509523
2024-05-01 00:00:00+00:00,20637.550153419289,0.482061,58364.97,48773.025956589289,0.5768654958626545198726318735
2024-05-02 00:00:00+00:00,20637.550153419289,0.482061,59060.61,49108.366870629289,0.5797549080019969846270379816
2024-05-03 00:00:00+00:00,20637.550153419289,0.482061,62882.01,50950.514776029289,0.5949491336026962722914552605
2024-05-04 00:00:00+00:00,20637.550153419289,0.482061,63892.04,51437.410847859289,0.5987832627411848416776589085
2024-05-05 00:00:00+00:00,2548.401632723122,0.764814,64012.0,51505.675400723122,0.9505219257315603841983818077
2024-05-06 00:00:00+00:00,2548.401632723122,0.764814,63165.19,50858.023257383122,0.9498918465661528166059189625
2024-05-07 00:00:00+00:00,20320.099696395376,0.483095,62312.08,50422.753983995376,0.5970053578817778632020633215
2024-05-08 00:00:00+00:00,20320.099696395376,0.483095,61193.03,49882.146524245376,0.5926378251080529002181775960
2024-05-09 00:00:00+00:00,20320.099696395376,0.483095,63074.01,50790.838557345376,0.5999258867629646329119841219
2024-05-10 00:00:00+00:00,20320.099696395376,0.483095,60799.99,49692.270865445376,0.5910812820082768938868111370
2024-05-11 00:00:00+00:00,20320.099696395376,0.483095,60825.99,49704.831335445376,0.5911846162547027695361345803
2024-05-12 00:00:00+00:00,20320.099696395376,0.483095,61483.99,50022.707845445376,0.5937824925596157224301852184
2024-05-13 00:00:00+00:00,20320.099696395376,0.483095,62940.08,50726.137643995376,0.5994155944021349172071515872
2024-05-14 00:00:00+00:00,20320.099696395376,0.483095,61577.49,50067.877227945376,0.5941489669337585520606923229
2024-05-15 00:00:00+00:00,20320.099696395376,0.483095,66206.5,52304.128813895376,0.6115010390729032301115646956
2024-05-16 00:00:00+00:00,2592.204656398379,0.750514,65235.21,51552.143054338379,0.9497168400222261643747749974
2024-05-17 00:00:00+00:00,2592.204656398379,0.750514,67024.0,52894.654992398379,0.9509930699657477469416540736
2024-05-18 00:00:00+00:00,2592.204656398379,0.750514,66915.2,52812.999069198379,0.9509172987316638535279942228
2024-05-19 00:00:00+00:00,2592.204656398379,0.750514,66274.01,52331.776997538379,0.9504659538597301397161832048
2024-05-20 00:00:00+00:00,2592.204656398379,0.750514,71446.62,56213.893219078379,0.9538867616534587723252131358
2024-05-21 00:00:00+00:00,2592.204656398379,0.750514,70148.34,55239.515903158379,0.9530733639856143833752981754
2024-05-22 00:00:00+00:00,2592.204656398379,0.750514,69166.62,54502.721299078379,0.9524389866301554335654258511
2024-05-23 00:00:00+00:00,2592.204656398379,0.750514,67969.65,53604.378556498379,0.9516419231748722532465735828
2024-05-24 00:00:00+00:00,2592.204656398379,0.750514,68549.99,54039.931851258379,0.9520316816177106878516092511
2024-05-25 00:00:00+00:00,2592.204656398379,0.750514,69290.57,54595.747509378379,0.9525200262904524970256735179
2024-05-26 00:00:00+00:00,2592.204656398379,0.750514,68507.67,54008.170098778379,0.9520034718514372963968765289
2024-05-27 00:00:00+00:00,2592.204656398379,0.750514,69436.43,54705.217481418379,0.9526150379115325077241988589
2024-05-28 00:00:00+00:00,2592.204656398379,0.750514,68398.39,53926.153928858379,0.9519304740364365128329104758
2024-05-29 00:00:00+00:00,2592.204656398379,0.750514,67652.42,53366.293000278379,0.9514261810093337929834624764
2024-05-30 00:00:00+00:00,2592.204656398379,0.750514,68352.17,53891.465171778379,0.9518995327342509856811821297
2024-05-31 00:00:00+00:00,2592.204656398379,0.750514,67540.01,53281.927721538379,0.9513492704328240521231055521
2024-06-01 00:00:00+00:00,2592.204656398379,0.750514,67766.85,53452.174317298379,0.9515042242994504211958146130
2024-06-02 00:00:00+00:00,2592.204656398379,0.750514,67765.63,53451.258690218379,0.9515033935604447342232954934
2024-06-03 00:00:00+00:00,2592.204656398379,0.750514,68809.9,54234.997944998379,0.9522042084517597841133632646
2024-06-04 00:00:00+00:00,2592.204656398379,0.750514,70537.84,55531.841106158379,0.9533203905225661917903533967
2024-06-05 00:00:00+00:00,29119.751909008244,0.373949,71108.0,55710.517401008244,0.4773024328709387051191248365
2024-06-06 00:00:00+00:00,29119.751909008244,0.373949,70799.06,55594.989596948244,0.4762162540164104250590974949
2024-06-07 00:00:00+00:00,2745.569301838680,0.745987,69355.6,54483.945279038680,0.9496077369621952037482205160
2024-06-08 00:00:00+00:00,2745.569301838680,0.745987,69310.46,54450.271425858680,0.9495765727159479919624710994
2024-06-09 00:00:00+00:00,2745.569301838680,0.745987,69648.14,54702.176316018680,0.9498087738597946274095055519
2024-06-10 00:00:00+00:00,2745.569301838680,0.745987,69540.0,54621.505281838680,0.9497346459481122139662154150
2024-06-11 00:00:00+00:00,2745.569301838680,0.745987,67314.24,52961.117256718680,0.9481587730007645300385958789
2024-06-12 00:00:00+00:00,27772.060915015950,0.373717,68263.99,53283.474465845950,0.4787865995334538752685048782
2024-06-13 00:00:00+00:00,27772.060915015950,0.373717,66773.01,52726.269893185950,0.4732784820303577598702645812
2024-06-14 00:00:00+00:00,27772.060915015950,0.373717,66043.99,52453.822725845950,0.4705426702612539556923683147
2024-06-15 00:00:00+00:00,27772.060915015950,0.373717,66228.25,52522.683820265950,0.4712368276904375935920276840
2024-06-16 00:00:00+00:00,27772.060915015950,0.373717,66676.87,52690.340740805950,0.4729193145356161664945425849
2024-06-17 00:00:00+00:00,27772.060915015950,0.373717,66504.33,52625.859609625950,0.4722734959385617131424529145
2024-06-18 00:00:00+00:00,27772.060915015950,0.373717,65175.32,52129.185979455950,0.4672454519822947921687644101
2024-06-19 00:00:00+00:00,2573.785953642114,0.759838,64974.37,51943.781305702114,0.9504505469385306885618307311
2024-06-20 00:00:00+00:00,2573.785953642114,0.759838,64869.99,51864.469415262114,0.9503747752042995322363715775
2024-06-21 00:00:00+00:00,2573.785953642114,0.759838,64143.56,51312.500296922114,0.9498409561266984719723154760
2024-06-22 00:00:00+00:00,2573.785953642114,0.759838,64262.01,51402.503108022114,0.9499287817125692274160994005
2024-06-23 00:00:00+00:00,2573.785953642114,0.759838,63210.01,50603.153532022114,0.9491378348186659958202705322
2024-06-24 00:00:00+00:00,2573.785953642114,0.759838,60293.3,48386.926439042114,0.9468082363759026632299806786
2024-06-25 00:00:00+00:00,25373.502559077804,0.381199,61806.01,48933.891765067804,0.4814738488224829658028823321
2024-06-26 00:00:00+00:00,25373.502559077804,0.381199,60864.99,48575.175882087804,0.4776446590606306945240972948
2024-06-27 00:00:00+00:00,25373.502559077804,0.381199,61706.47,48895.947216607804,0.4810714588128575920509417687
2024-06-28 00:00:00+00:00,25373.502559077804,0.381199,60427.84,48408.534739237804,0.4758465073203058140010438128
2024-06-29 00:00:00+00:00,25373.502559077804,0.381199,60986.68,48621.563988397804,0.4781430197281911587812835587
2024-06-30 00:00:00+00:00,25373.502559077804,0.381199,62772.01,49302.129999067804,0.4853467272193399814110862929
2024-07-01 00:00:00+00:00,25373.502559077804,0.381199,62899.99,49350.915847087804,0.4858554877138091938348131847
2024-07-02 00:00:00+00:00,25373.502559077804,0.381199,62135.47,49059.481587607804,0.4828012498711965133657026239
2024-07-03 00:00:00+00:00,25373.502559077804,0.381199,60208.58,48324.953046497804,0.4749399438699161399735999294
2024-07-04 00:00:00+00:00,25373.502559077804,0.381199,57050.01,47120.909321067804,0.4615234950966176169250939940
2024-07-05 00:00:00+00:00,25373.502559077804,0.381199,56628.79,46960.340678287804,0.4596823150644371820414159117
2024-07-06 00:00:00+00:00,25373.502559077804,0.381199,58230.13,47570.769884947804,0.4666156839495168803539204899
2024-07-07 00:00:00+00:00,25373.502559077804,0.381199,55857.81,46666.443873267804,0.4562794922196193487285483837
2024-07-08 00:00:00+00:00,25373.502559077804,0.381199,56714.62,46993.058988457804,0.4600585042716645755657317345
2024-07-09 00:00:00+00:00,25373.502559077804,0.381199,58050.0,47502.104509077804,0.4658446647510354712588447780
2024-07-10 00:00:00+00:00,25373.502559077804,0.381199,57725.85,47378.538853227804,0.4644515602796146887911723472
2024-07-11 00:00:00+00:00,25373.502559077804,0.381199,57339.89,47231.411287187804,0.4627833073884724346526007148
2024-07-12 00:00:00+00:00,25373.502559077804,0.381199,57889.1,47440.769589977804,0.4651540694137867707327955345
2024-07-13 00:00:00+00:00,25373.502559077804,0.381199,59204.02,47942.015779057804,0.4707460221111198136410318591
2024-07-14 00:00:00+00:00,25373.502559077804,0.381199,60797.91,48549.605053167804,0.4773695371715034553235765750
2024-07-15 00:00:00+00:00,19412.127496390029,0.479124,64724.14,50423.016349750029,0.6150145528434602624241624253
2024-07-16 00:00:00+00:00,20168.220625681263,0.467427,65043.99,50571.537739411263,0.6011942383558603114825298593
2024-07-17 00:00:00+00:00,20228.567948042463,0.466498,64087.99,50125.487107062463,0.5964414688911353081752038647
2024-07-18 00:00:00+00:00,20049.979207933442,0.469281,63987.92,50078.294293453442,0.5996273537105175574930158594
2024-07-19 00:00:00+00:00,2481.105770031578,0.743490,66660.0,52042.149170031578,0.9523250709357652663388265371
2024-07-20 00:00:00+00:00,2481.105770031578,0.743490,67139.96,52398.994630431578,0.9526497447607394548297967905
2024-07-21 00:00:00+00:00,2481.105770031578,0.743490,68165.34,53161.354406631578,0.9533287705378312539481550547
2024-07-22 00:00:00+00:00,2481.105770031578,0.743490,67532.01,52690.479884931578,0.9529116877384689646672866229
2024-07-23 00:00:00+00:00,2481.105770031578,0.743490,65936.01,51503.869844931578,0.9518268087912283340368695634
2024-07-24 00:00:00+00:00,2481.105770031578,0.743490,65376.0,51087.508010031578,0.9514341985609400565255295300
2024-07-25 00:00:00+00:00,26789.344704078800,0.371184,65799.95,51213.233344878800,0.4769058121428361258730384843
2024-07-26 00:00:00+00:00,26789.344704078800,0.371184,67907.99,51995.704064238800,0.4847777295027770061545278521
2024-07-27 00:00:00+00:00,26789.344704078800,0.371184,67896.5,51991.439160078800,0.4847354653600591510406196523
2024-07-28 00:00:00+00:00,26789.344704078800,0.371184,68249.88,52122.608161998800,0.4860321528650940581184694499
2024-07-29 00:00:00+00:00,26789.344704078800,0.371184,66784.69,51578.753077038800,0.4806127890671216395172607108
2024-07-30 00:00:00+00:00,26789.344704078800,0.371184,66188.0,51357.271296078800,0.4783728958332682250418045743
2024-07-31 00:00:00+00:00,26789.344704078800,0.371184,64628.0,50778.224256078800,0.4724245462193023748451011405
2024-08-01 00:00:00+00:00,26789.344704078800,0.371184,65354.02,51047.711263758800,0.4752096804955517971042786357
2024-08-02 00:00:00+00:00,26789.344704078800,0.371184,61498.33,49616.540826798800,0.4600723013400929073001219423
2024-08-03 00:00:00+00:00,26789.344704078800,0.371184,60697.99,49319.467424238800,0.4568200732250249241157309389
2024-08-04 00:00:00+00:00,26789.344704078800,0.371184,58161.0,48377.777328078800,0.4462468888885873402099259693
2024-08-05 00:00:00+00:00,26789.344704078800,0.371184,54018.81,46840.262675118800,0.4280701436307465213619591922
2024-08-06 00:00:00+00:00,26789.344704078800,0.371184,56022.01,47583.818463918800,0.4370072522785817634815071498
2024-08-07 00:00:00+00:00,26789.344704078800,0.371184,55134.16,47254.262749518800,0.4330808874094305602730288705
2024-08-08 00:00:00+00:00,26789.344704078800,0.371184,61685.99,49686.197216238800,0.4608292402115387919857320830
2024-08-09 00:00:00+00:00,26789.344704078800,0.371184,60837.99,49371.433184238800,0.4573917956947023277886804860
2024-08-10 00:00:00+00:00,26789.344704078800,0.371184,60923.51,49403.176839918800,0.4577404446907460966453283773
2024-08-11 00:00:00+00:00,26789.344704078800,0.371184,58712.59,48582.518710638800,0.4485805714677292146293996575
2024-08-12 00:00:00+00:00,26789.344704078800,0.371184,59346.64,48817.867925838800,0.4512389450359532630675378354
2024-08-13 00:00:00+00:00,26789.344704078800,0.371184,60587.15,49278.325389678800,0.4563665771465166451464811261
2024-08-14 00:00:00+00:00,26789.344704078800,0.371184,58683.39,48571.680137838800,0.4484575244658029735982588431
2024-08-15 00:00:00+00:00,26789.344704078800,0.371184,57541.06,48147.665519118800,0.4436003404268664658610878115
2024-08-16 00:00:00+00:00,26789.344704078800,0.371184,58874.6,48642.654230478800,0.4492622755093620067550766436
2024-08-17 00:00:00+00:00,26789.344704078800,0.371184,59491.99,48871.819520238800,0.4518447447411939426591621790
2024-08-18 00:00:00+00:00,26789.344704078800,0.371184,58427.35,48476.642186478800,0.4473762311955068434430610611
2024-08-19 00:00:00+00:00,26789.344704078800,0.371184,59438.5,48851.964888078800,0.4516219610520492231438103158
2024-08-20 00:00:00+00:00,26789.344704078800,0.371184,59013.8,48694.323043278800,0.4498466550142031256286550234
2024-08-21 00:00:00+00:00,26789.344704078800,0.371184,61156.03,49489.484543598800,0.4586861239082382323248790954
2024-08-22 00:00:00+00:00,26789.344704078800,0.371184,60375.84,49199.890498638800,0.4554999120410649385544932787
2024-08-23 00:00:00+00:00,26789.344704078800,0.371184,64037.24,50558.943596238800,0.4701363834257066432325688036
2024-08-24 00:00:00+00:00,20215.071027196440,0.473714,64157.01,50607.144862336440,0.6005490710415243356302582940
2024-08-25 00:00:00+00:00,20242.878976485756,0.473280,64220.0,50636.920576485756,0.6002347941773155022301094665
2024-08-26 00:00:00+00:00,20254.808366232174,0.473094,62834.0,49981.196762232174,0.5947514329721386070079537143
2024-08-27 00:00:00+00:00,19992.198300381374,0.477268,59415.0,48349.076520381374,0.5865029957303582229104037986
2024-08-28 00:00:00+00:00,19992.198300381374,0.477268,59034.9,48167.666953581374,0.5849456790247361306696724838
2024-08-29 00:00:00+00:00,19992.198300381374,0.477268,59359.01,48322.354285061374,0.5862743321146116628853899357
2024-08-30 00:00:00+00:00,19992.198300381374,0.477268,59123.99,48210.186759701374,0.5853117433452313243987983474
2024-08-31 00:00:00+00:00,19992.198300381374,0.477268,58973.99,48138.596559701374,0.5846950320708436776796466657
2024-09-01 00:00:00+00:00,19992.198300381374,0.477268,57301.86,47340.542418861374,0.5776939325389710507594796260
2024-09-02 00:00:00+00:00,33121.280350085954,0.247848,59132.13,47777.060506325954,0.3067534921764282990819946886
2024-09-03 00:00:00+00:00,19092.657097369850,0.484782,57487.73,46961.673822229850,0.5934417250619350681689702194
2024-09-04 00:00:00+00:00,19092.657097369850,0.484782,57970.9,47195.905941169850,0.5954594637685516530273506992
2024-09-05 00:00:00+00:00,19092.657097369850,0.484782,56180.0,46327.709857369850,0.5878782448743778237294534989
2024-09-06 00:00:00+00:00,19092.657097369850,0.484782,53962.97,45252.933619909850,0.5780901795730279735550216130
2024-09-07 00:00:00+00:00,19092.657097369850,0.484782,54160.86,45348.867129889850,0.5789827110193518729608622443
2024-09-08 00:00:00+00:00,19092.657097369850,0.484782,54869.95,45692.621198269850,0.5821501022118469972858949725
2024-09-09 00:00:00+00:00,19092.657097369850,0.484782,57042.0,46745.591941369850,0.5915624061127173788867522917
2024-09-10 00:00:00+00:00,19092.657097369850,0.484782,57635.99,47033.547601549850,0.5940630024527278366654323937
2024-09-11 00:00:00+00:00,19092.657097369850,0.484782,57338.0,46889.087413369850,0.5928123546306040441393196857
2024-09-12 00:00:00+00:00,19092.657097369850,0.484782,58132.32,47274.159451609850,0.5961291048037940642989393675
2024-09-13 00:00:00+00:00,19092.657097369850,0.484782,60498.0,48420.998533369850,0.6056946846271263742773806484
2024-09-14 00:00:00+00:00,19368.048460999904,0.480224,59993.03,48178.141299719904,0.5979909573408033255775961130
2024-09-15 00:00:00+00:00,19271.153920376266,0.481837,59132.0,47763.139404376266,0.5965266487778112991638845845
2024-09-16 00:00:00+00:00,19271.153920376266,0.481837,58213.99,47320.808220006266,0.5927551822280833773136294676
2024-09-17 00:00:00+00:00,19271.153920376266,0.481837,60313.99,48332.665920006266,0.6012809648805366863875664022
2024-09-18 00:00:00+00:00,19333.015862898217,0.480810,61759.99,49027.836654798217,0.6056726712414273145868852517
2024-09-19 00:00:00+00:00,19610.821195783321,0.476306,62947.99,49593.326520723321,0.6045673365429793667642925361
2024-09-20 00:00:00+00:00,19837.076532975721,0.472707,63201.05,49712.655275325721,0.6009652587834789115465083446
2024-09-21 00:00:00+00:00,19885.046888338321,0.471947,63348.96,49782.398513458321,0.6005606904825500010310711965
2024-09-22 00:00:00+00:00,19912.947466143820,0.471506,63578.76,49890.714278703820,0.6008686635572224552309937504
2024-09-23 00:00:00+00:00,19956.251811535204,0.470824,63339.99,49778.239263295204,0.5990968723104219654951131813
2024-09-24 00:00:00+00:00,19911.285378156421,0.471533,64262.7,50213.269097256421,0.6034656628392206338102524798
2024-09-25 00:00:00+00:00,20085.082539347341,0.468825,63152.01,49692.323627597341,0.5958111621048687726847544461
2024-09-26 00:00:00+00:00,19876.662920654893,0.472121,65173.99,50646.672253444893,0.6075425682226749035723207813
2024-09-27 00:00:00+00:00,20258.216185126699,0.466259,65769.95,50924.047302176699,0.6021876253292070679176660867
2024-09-28 00:00:00+00:00,20369.485641842809,0.464565,65858.0,50964.807411842809,0.6003225230061498284331799860
2024-09-29 00:00:00+00:00,20385.928737992809,0.464315,65602.01,50845.926011142809,0.5990646579329627498180023563
2024-09-30 00:00:00+00:00,20338.371138140997,0.465039,63327.59,49788.170264150997,0.5915019364994570747677153778
2024-10-01 00:00:00+00:00,2466.220118937117,0.746890,60805.78,47881.449143137117,0.9484932022093863020237840837
2024-10-02 00:00:00+00:00,33476.251830061341,0.236234,60649.28,47803.673841581341,0.2997138265774355019272345442
2024-10-03 00:00:00+00:00,33462.588004399866,0.236459,60752.71,47828.113058289866,0.3003573449862471180628824651
2024-10-04 00:00:00+00:00,33479.697999492714,0.236177,62086.0,48142.983221492714,0.3045778271474833713748279745
2024-10-05 00:00:00+00:00,33699.816772602714,0.232627,62058.0,48136.183138602714,0.2999067525655723501692107433
2024-10-06 00:00:00+00:00,33699.816772602714,0.232627,62819.91,48313.423976172714,0.3024750887202107730309455208
2024-10-07 00:00:00+00:00,33819.270389401482,0.230723,62224.0,48175.778341401482,0.2980026155521861091814109154
2024-10-08 00:00:00+00:00,33722.947012126184,0.232269,62160.49,48160.901863936184,0.2997858074294372838260044957
2024-10-09 00:00:00+00:00,33712.677196198934,0.232434,60636.02,47806.549868878934,0.2948104958700401197423419587
2024-10-10 00:00:00+00:00,33464.292798796951,0.236525,60326.39,47732.992193546951,0.2989274030191426629048676220
2024-10-11 00:00:00+00:00,33413.069507773591,0.237373,62540.0,48258.376927773591,0.3076213574737166561161363954
2024-10-12 00:00:00+00:00,33780.389051978044,0.231492,63206.22,48412.123332218044,0.3022328555976111991789155030
2024-10-13 00:00:00+00:00,33888.394321890655,0.229781,62870.02,48334.730387510655,0.2988810726738392820453934148
2024-10-14 00:00:00+00:00,33834.255816008295,0.230641,66083.99,49075.933353598295,0.3105733604243813211155514542
2024-10-15 00:00:00+00:00,34352.538823060695,0.222788,67074.14,49295.852325380695,0.3031353105264439284235285900
2024-10-16 00:00:00+00:00,34506.943728100185,0.220483,67620.01,49416.006392930185,0.3017051306469597563073173754
2024-10-17 00:00:00+00:00,34591.156249318185,0.219236,67421.78,49372.437609398185,0.2993832606973883892267598896
2024-10-18 00:00:00+00:00,34560.709497148571,0.219687,68428.0,49593.451533148571,0.3031194960478203833781281915
2024-10-19 00:00:00+00:00,19818.260727789716,0.434852,68378.0,49552.570783789716,0.6000558515064384059924736415
2024-10-20 00:00:00+00:00,19818.260727789716,0.434852,69031.99,49836.959643269716,0.6023380866399603168228890681
2024-10-21 00:00:00+00:00,19934.635259968916,0.433164,67377.5,49120.142669968916,0.5941657703662054336782744351
2024-10-22 00:00:00+00:00,19647.706229009166,0.437417,67426.0,49140.984871009166,0.6001767917231879847711297463
2024-10-23 00:00:00+00:00,19656.392876957289,0.437288,66668.65,48809.793498157289,0.5972858832582568755842965364
2024-10-24 00:00:00+00:00,19523.750057617474,0.439275,68198.28,49481.549504617474,0.6054337373611233710256422795
2024-10-25 00:00:00+00:00,19792.306258715281,0.435332,66698.33,48828.223654275281,0.5946543867978225212081131797
2024-10-26 00:00:00+00:00,19530.976444871273,0.439245,67092.76,49001.135811071273,0.6014178830430607779860523839
2024-10-27 00:00:00+00:00,19600.394183702105,0.438209,68021.7,49408.115319002105,0.6032960565859937787723508791
2024-10-28 00:00:00+00:00,19763.094345720290,0.435814,69962.21,50253.604934660290,0.6067328031209650611814008571
2024-10-29 00:00:00+00:00,20101.061626117589,0.430977,72736.42,51448.785708457589,0.6092995908586972633379174481
2024-10-30 00:00:00+00:00,20578.899732961115,0.424399,72344.74,51281.935044221115,0.5987105456294570809390681345
2024-10-31 00:00:00+00:00,20512.690671429165,0.425313,70292.01,50408.796320559165,0.5930731902228919206533637905
2024-11-01 00:00:00+00:00,20163.096375221394,0.430280,69496.01,50065.839558021394,0.5972683859250109180033001758
2024-11-02 00:00:00+00:00,20026.220034999794,0.432247,69374.74,50013.243275779794,0.5995816563110593395504717704
2024-11-03 00:00:00+00:00,20005.311091924032,0.432548,68775.99,49754.228014444032,0.5979173652113276170928005784
2024-11-04 00:00:00+00:00,19901.599801350810,0.434054,67850.01,49352.168041890810,0.5967431504841275881592071738
2024-11-05 00:00:00+00:00,19740.722108200026,0.436422,69372.01,50016.193456420026,0.6053133846461054971072374143
2024-11-06 00:00:00+00:00,20006.140785088623,0.432591,75571.99,52697.903511178623,0.6203617325906562880199254992
2024-11-07 00:00:00+00:00,21077.792510406810,0.418392,75857.89,52816.126823286810,0.6009212757889406692681853099
2024-11-08 00:00:00+00:00,21126.429964791816,0.417750,76509.78,53088.390559791816,0.6020517905699595491743235936
2024-11-09 00:00:00+00:00,21235.238256607080,0.416326,76677.46,53158.058468567080,0.6005264513344914563175960083
2024-11-10 00:00:00+00:00,21263.189146052310,0.415961,80370.01,54693.978875662310,0.6112334559825928182623588464
2024-11-11 00:00:00+00:00,2710.680462406303,0.646500,88647.99,60021.605997406303,0.9548382550356376854956391596
2024-11-12 00:00:00+00:00,31473.911013555103,0.321612,87952.01,59760.332853675103,0.4733310624186133460016725264
2024-11-13 00:00:00+00:00,31473.911013555103,0.321612,90375.2,60539.659835955103,0.4801108711406661088755841103
2024-11-14 00:00:00+00:00,31473.911013555103,0.321612,87325.59,59558.868664635103,0.4715495488878602764127996814
2024-11-15 00:00:00+00:00,31473.911013555103,0.321612,91032.07,60750.917110395103,0.4819187510147135695762311040
2024-11-16 00:00:00+00:00,31473.911013555103,0.321612,90586.92,60607.751528595103,0.4806949570022322671538243271
2024-11-17 00:00:00+00:00,31473.911013555103,0.321612,89855.99,60372.675669435103,0.4786729151133281367406516625
2024-11-18 00:00:00+00:00,31473.911013555103,0.321612,90464.08,60568.244710515103,0.4803562301667461854496330927
2024-11-19 00:00:00+00:00,31473.911013555103,0.321612,92310.79,61162.168807035103,0.4854023062384462857565474006
2024-11-20 00:00:00+00:00,31473.911013555103,0.321612,94286.56,61797.600148275103,0.4906936363542006571151040345
2024-11-21 00:00:00+00:00,31473.911013555103,0.321612,98317.12,63093.876610995103,0.5011574386591062997502826502
2024-11-22 00:00:00+00:00,31473.911013555103,0.321612,98892.0,63278.764917555103,0.5026149600966143794972054617
2024-11-23 00:00:00+00:00,31473.911013555103,0.321612,97672.4,62886.526922355103,0.4995126531249628159953000104
2024-11-24 00:00:00+00:00,31473.911013555103,0.321612,97900.04,62959.738678035103,0.5000946370742248203388386924
2024-11-25 00:00:00+00:00,47199.391619960698,0.160775,93010.01,62153.075977710698,0.2405944375643239616715246918
2024-11-26 00:00:00+00:00,31055.611770272213,0.334120,91965.16,61783.011029472213,0.4973438287839706734889189089
2024-11-27 00:00:00+00:00,31055.611770272213,0.334120,95863.11,63085.394083472213,0.5077210466628678050005387838
2024-11-28 00:00:00+00:00,31055.611770272213,0.334120,95643.98,63012.178367872213,0.5071490531724511329952081814
2024-11-29 00:00:00+00:00,31055.611770272213,0.334120,97460.0,63618.946970272213,0.5118496415103531518502834823
2024-11-30 00:00:00+00:00,31055.611770272213,0.334120,96407.99,63267.449389072213,0.5091376044055246408374072197
2024-12-01 00:00:00+00:00,47429.344581399380,0.164061,97185.18,63373.642397379380,0.2515919428459319055529133681
2024-12-02 00:00:00+00:00,47429.344581399380,0.164061,95840.62,63153.052539219380,0.2489777979940913406981633066
2024-12-03 00:00:00+00:00,31555.932317814836,0.329469,95849.69,63135.433832424836,0.5001866558552343345822641193
2024-12-04 00:00:00+00:00,31555.932317814836,0.329469,98587.32,64037.398050894836,0.5072265070367910655818600367
2024-12-05 00:00:00+00:00,31555.932317814836,0.329469,96945.63,63496.512088284836,0.5030288864695461894784629377
2024-12-06 00:00:00+00:00,31555.932317814836,0.329469,99740.84,64417.447131774836,0.5101337646420108332799408169
2024-12-07 00:00:00+00:00,31555.932317814836,0.329469,99831.99,64447.478231124836,0.5103620314723977123715413689
2024-12-08 00:00:00+00:00,31555.932317814836,0.329469,101109.59,64868.407825524836,0.5135392808978732799346410315
2024-12-09 00:00:00+00:00,31555.932317814836,0.329469,97276.47,63605.513612244836,0.5038805517680791949459293451
2024-12-10 00:00:00+00:00,31555.932317814836,0.329469,96593.0,63380.331434814836,0.5021179030868691158558182922
2024-12-11 00:00:00+00:00,31555.932317814836,0.329469,101125.0,64873.484942814836,0.5135773522012730642159205905
2024-12-12 00:00:00+00:00,31555.932317814836,0.329469,100004.29,64504.245739824836,0.5107929415205572254910689990
2024-12-13 00:00:00+00:00,31555.932317814836,0.329469,101424.25,64972.078541064836,0.5143154871077384244319751487
2024-12-14 00:00:00+00:00,31555.932317814836,0.329469,101420.0,64970.678297814836,0.5143050196710635359644151950
2024-12-15 00:00:00+00:00,48705.738688632836,0.160152,104463.99,65435.855615112836,0.2556720129845153395988475336
2024-12-16 00:00:00+00:00,48705.738688632836,0.160152,106058.66,65691.245204952836,0.2585657565681121570900321076
2024-12-17 00:00:00+00:00,48705.738688632836,0.160152,106133.74,65703.269417112836,0.2587014448333203431365980341
2024-12-18 00:00:00+00:00,48705.738688632836,0.160152,100204.01,64753.611298152836,0.2478297702290124200330940229
2024-12-19 00:00:00+00:00,32355.666537023208,0.323108,97461.86,63846.373197903208,0.4932262411095606733155611405
2024-12-20 00:00:00+00:00,32355.666537023208,0.323108,97805.44,63957.386644543208,0.4941058690085835918556732786
2024-12-21 00:00:00+00:00,32355.666537023208,0.323108,97291.99,63791.486841943208,0.4927902116909242135846179086
2024-12-22 00:00:00+00:00,32355.666537023208,0.323108,95186.27,63111.111864183208,0.4873221912703191902044945307
2024-12-23 00:00:00+00:00,32355.666537023208,0.323108,94881.47,63012.628545783208,0.4865209199531410045120399181
2024-12-24 00:00:00+00:00,32355.666537023208,0.323108,98663.58,64234.658543663208,0.4962895846168529819247151122
2024-12-25 00:00:00+00:00,32355.666537023208,0.323108,99429.6,64482.165733823208,0.4982230176544535513869340373
2024-12-26 00:00:00+00:00,32355.666537023208,0.323108,95791.6,63306.698829823208,0.4889061168076458156111163840
2024-12-27 00:00:00+00:00,32355.666537023208,0.323108,94299.03,62824.437522263208,0.4849827899285644582396788563
2024-12-28 00:00:00+00:00,32355.666537023208,0.323108,95300.0,63147.858937023208,0.4876205293153133924876280276
2024-12-29 00:00:00+00:00,32355.666537023208,0.323108,93738.2,62643.228862623208,0.4834929947819375111971848519
2024-12-30 00:00:00+00:00,32355.666537023208,0.323108,92792.05,62337.520228423208,0.4809599993958305370237110316
2024-12-31 00:00:00+00:00,32355.666537023208,0.323108,93576.0,62590.820745023208,0.4830605166717532093535911653
2025-01-01 00:00:00+00:00,3091.548375563208,0.635433,94591.79,63198.293270633208,0.9510817742763350959062067469
2025-01-02 00:00:00+00:00,3091.548375563208,0.635433,96984.79,64718.884439633208,0.9522311238469065113319813974
2025-01-03 00:00:00+00:00,3091.548375563208,0.635433,98174.18,65474.662095503208,0.9527825226336596065536451153
2025-01-04 00:00:00+00:00,3091.548375563208,0.635433,98220.5,65504.095352063208,0.9528037390800202494988000713
2025-01-05 00:00:00+00:00,3091.548375563208,0.635433,98363.61,65595.032168693208,0.9528691690002901908340694883
2025-01-06 00:00:00+00:00,3091.548375563208,0.635433,102235.6,68055.422390363208,0.9545730778389676441113961947
2025-01-07 00:00:00+00:00,3091.548375563208,0.635433,96954.61,64699.707071693208,0.9522169648753202402611339793
2025-01-08 00:00:00+00:00,33927.280795395348,0.316976,95060.61,64059.212710755348,0.4703762447317892153391457514
2025-01-09 00:00:00+00:00,33927.280795395348,0.316976,92552.49,63264.198865635348,0.4637206918963388660283328934
2025-01-10 00:00:00+00:00,3123.302701457733,0.649371,94726.11,64635.691478267733,0.9516783586587315800356729622
2025-01-11 00:00:00+00:00,3123.302701457733,0.649371,94599.99,64553.792807747733,0.9516170535361188746597619761
2025-01-12 00:00:00+00:00,3123.302701457733,0.649371,94545.06,64518.122858717733,0.9515903041956573261125727199
2025-01-13 00:00:00+00:00,3123.302701457733,0.649371,94536.1,64512.304494557733,0.9515859381256297354673658661
2025-01-14 00:00:00+00:00,3123.302701457733,0.649371,96560.86,65827.124920517733,0.9525529528256181342892338833
2025-01-15 00:00:00+00:00,3123.302701457733,0.649371,100497.35,68383.367368307733,0.9543265735272166865157869221
2025-01-16 00:00:00+00:00,3123.302701457733,0.649371,99987.3,68052.155689757733,0.9541042797277939981380303791
2025-01-17 00:00:00+00:00,3123.302701457733,0.649371,104077.48,70708.199966537733,0.9558282815439253320431576775
2025-01-18 00:00:00+00:00,3123.302701457733,0.649371,104556.23,71019.086332787733,0.9560216434379023771351569019
2025-01-19 00:00:00+00:00,3123.302701457733,0.649371,101331.57,68925.085643927733,0.9546855448596327646265052943
2025-01-20 00:00:00+00:00,3123.302701457733,0.649371,102260.01,69527.987655167733,0.9550784826831444963796300186
2025-01-21 00:00:00+00:00,3123.302701457733,0.649371,106143.82,72050.021238677733,0.9566509121335124804417620897
2025-01-22 00:00:00+00:00,3123.302701457733,0.649371,103706.66,70467.400212317733,0.9556773388538920683190924857
2025-01-23 00:00:00+00:00,3123.302701457733,0.649371,103910.34,70599.664097597733,0.9557603744808184095527858496
2025-01-24 00:00:00+00:00,3123.302701457733,0.649371,104870.5,71223.164156957733,0.9561476559146576458520053172
2025-01-25 00:00:00+00:00,3123.302701457733,0.649371,104746.85,71142.869432807733,0.9560981623828429215247964914
2025-01-26 00:00:00+00:00,3123.302701457733,0.649371,102620.0,69761.754721457733,0.9552290117424891967658004173
2025-01-27 00:00:00+00:00,3123.302701457733,0.649371,102082.83,69412.932101387733,0.9550040229262222651771905886
2025-01-28 00:00:00+00:00,3123.302701457733,0.649371,101335.52,68927.650659377733,0.9546872311535428496101338274
2025-01-29 00:00:00+00:00,3123.302701457733,0.649371,103733.24,70484.660493497733,0.9556881925855930000108171911
2025-01-30 00:00:00+00:00,3123.302701457733,0.649371,104722.94,71127.342972197733,0.9560885790057057234538794040
2025-01-31 00:00:00+00:00,3123.302701457733,0.649371,102429.56,69638.088508217733,0.9551495055598896340790113944
2025-02-01 00:00:00+00:00,3123.302701457733,0.649371,100635.65,68473.175377607733,0.9543864778545216530633985468
2025-02-02 00:00:00+00:00,3123.302701457733,0.649371,97700.59,66567.232530347733,0.9530804784466016085705572877
2025-02-03 00:00:00+00:00,3123.302701457733,0.649371,101328.52,68923.105062377733,0.9546842426987141860430171720
2025-02-04 00:00:00+00:00,3123.302701457733,0.649371,97763.13,66607.844192687733,0.9531090858845028963737789961
2025-02-05 00:00:00+00:00,3123.302701457733,0.649371,96612.43,65860.612982987733,0.9525770781656024913074085690
2025-02-06 00:00:00+00:00,3123.302701457733,0.649371,96554.35,65822.897515307733,0.9525499055897474032658155046
2025-02-07 00:00:00+00:00,3123.302701457733,0.649371,96506.8,65792.019924257733,0.9525276362535548011749088636
2025-02-08 00:00:00+00:00,3123.302701457733,0.649371,96444.74,65751.719959997733,0.9524985399110791460760744245
2025-02-09 00:00:00+00:00,3123.302701457733,0.649371,96462.75,65763.415131707733,0.9525069874305868090770212666
2025-02-10 00:00:00+00:00,3123.302701457733,0.649371,97430.82,66392.051715677733,0.9529566774825215960280666285
2025-02-11 00:00:00+00:00,3123.302701457733,0.649371,95778.2,65318.888213657733,0.9521837742975442782216840870
2025-02-12 00:00:00+00:00,3123.302701457733,0.649371,97869.99,66677.235977747733,0.9531578858112823358219012880
2025-02-13 00:00:00+00:00,3123.302701457733,0.649371,96608.14,65857.827181397733,0.9525750721648474887728267021
2025-02-14 00:00:00+00:00,3123.302701457733,0.649371,97500.48,66437.286899537733,0.9529887078895832399054512561
2025-02-15 00:00:00+00:00,3123.302701457733,0.649371,97569.66,66482.210385317733,0.9530204744493949777327604476
2025-02-16 00:00:00+00:00,3123.302701457733,0.649371,96118.12,65539.622403977733,0.9523448169687933172188106908
2025-02-17 00:00:00+00:00,3123.302701457733,0.649371,95780.0,65320.057081457733,0.9521846299435592753287668362
2025-02-18 00:00:00+00:00,3123.302701457733,0.649371,95671.74,65249.756176997733,0.9521331130650449861184822808
2025-02-19 00:00:00+00:00,3123.302701457733,0.649371,96644.37,65881.353892727733,0.9525920079520026898520233165
2025-02-20 00:00:00+00:00,3123.302701457733,0.649371,98305.0,66959.718856457733,0.9533554985773881387213343648
2025-02-21 00:00:00+00:00,3123.302701457733,0.649371,96181.98,65581.091236037733,0.9523749507275439450112811719
2025-02-22 00:00:00+00:00,3123.302701457733,0.649371,96551.01,65820.728616167733,0.9525483420326260675337438372
2025-02-23 00:00:00+00:00,3123.302701457733,0.649371,96258.0,65630.456419457733,0.9524107728049906640057561841
2025-02-24 00:00:00+00:00,3123.302701457733,0.649371,91552.88,62575.087939937733,0.9500871224590908513368708533
2025-02-25 00:00:00+00:00,3123.302701457733,0.649371,88680.4,60709.782729857733,0.9485535516515420062372674205
2025-02-26 00:00:00+00:00,3123.302701457733,0.649371,84250.09,57832.867894847733,0.9459943313353134848691465568
2025-02-27 00:00:00+00:00,3123.302701457733,0.649371,84708.58,58130.598004637733,0.9462709346081636397345659066
2025-02-28 00:00:00+00:00,3123.302701457733,0.649371,84349.94,57897.707589197733,0.9460548123318018325036933930
2025-03-01 00:00:00+00:00,3123.302701457733,0.649371,86064.53,59011.112612087733,0.9470726349121917565332423101
2025-03-02 00:00:00+00:00,3123.302701457733,0.649371,94270.0,64339.506871457733,0.9514559117200307401025721357
2025-03-03 00:00:00+00:00,33738.449362022112,0.324188,86220.61,61690.136476702112,0.4530981565462451214420782755
2025-03-04 00:00:00+00:00,33738.449362022112,0.324188,87281.98,62034.219894262112,0.4561316412210937188005618653
2025-03-05 00:00:00+00:00,33738.449362022112,0.324188,90606.01,63111.830531902112,0.4654179877579716726443318548
2025-03-06 00:00:00+00:00,33738.449362022112,0.324188,89931.89,62893.288917342112,0.4635604220608803818153154589
2025-03-07 00:00:00+00:00,33738.449362022112,0.324188,86801.75,61878.535091022112,0.4547632824145963632553837836
2025-03-08 00:00:00+00:00,33738.449362022112,0.324188,86222.45,61690.732982622112,0.4531034447017185046973044976
2025-03-09 00:00:00+00:00,33738.449362022112,0.324188,80734.37,59911.563303582112,0.4368624769301439623599140527
2025-03-10 00:00:00+00:00,33738.449362022112,0.324188,78595.86,59218.284023702112,0.4302697229707246977291491677
2025-03-11 00:00:00+00:00,33738.449362022112,0.324188,82932.99,60624.329524142112,0.4434833403215350287350128190
2025-03-12 00:00:00+00:00,33738.449362022112,0.324188,83680.12,60866.540104582112,0.4456979269061124468408609164
2025-03-13 00:00:00+00:00,33738.449362022112,0.324188,81115.78,60035.211848662112,0.4380223151861173085744632733
2025-03-14 00:00:00+00:00,33738.449362022112,0.324188,83983.2,60964.795003622112,0.4465912768177502504050592642
2025-03-15 00:00:00+00:00,33738.449362022112,0.324188,84338.44,61079.959548742112,0.4476347133940280144530938399
2025-03-16 00:00:00+00:00,33738.449362022112,0.324188,82574.53,60508.121093662112,0.4424145263113115194273342846
2025-03-17 00:00:00+00:00,33738.449362022112,0.324188,84010.03,60973.492967662112,0.4466702214367868279050047456
2025-03-18 00:00:00+00:00,33738.449362022112,0.324188,82715.03,60553.669507662112,0.4428339415870900564029114410
2025-03-19 00:00:00+00:00,33738.449362022112,0.324188,86845.94,61892.860958742112,0.4548894841924948240992078536
2025-03-20 00:00:00+00:00,33738.449362022112,0.324188,84223.39,61042.661719342112,0.4472972112988370433684779581
2025-03-21 00:00:00+00:00,33738.449362022112,0.324188,84088.79,60999.026014542112,0.4469018348919391510283445012
2025-03-22 00:00:00+00:00,33738.449362022112,0.324188,83840.59,60918.562552942112,0.4461712826414567806522410846
2025-03-23 00:00:00+00:00,33738.449362022112,0.324188,86082.5,61645.362872022112,0.4527009366127945383877019071
2025-03-24 00:00:00+00:00,33738.449362022112,0.324188,87498.16,62104.302856102112,0.4567453813917643635100355688
2025-03-25 00:00:00+00:00,33738.449362022112,0.324188,87392.87,62070.169101582112,0.4564466336992442687491376796
2025-03-26 00:00:00+00:00,33738.449362022112,0.324188,86909.17,61913.359365982112,0.4550699605461970611471124672
2025-03-27 00:00:00+00:00,33738.449362022112,0.324188,87232.01,62018.020219902112,0.4559895778292652487995617464
2025-03-28 00:00:00+00:00,33738.449362022112,0.324188,84424.38,61107.820265462112,0.4478865517464555279011528647
2025-03-29 00:00:00+00:00,33738.449362022112,0.324188,82648.54,60532.114247542112,0.4426355368317231472606666856
2025-03-30 00:00:00+00:00,33738.449362022112,0.324188,82389.99,60448.295440142112,0.4418626841937828844462756802
2025-03-31 00:00:00+00:00,33738.449362022112,0.324188,82550.01,60500.172003902112,0.4423412654125005601659892242
2025-04-01 00:00:00+00:00,33738.449362022112,0.324188,85158.34,61345.761289942112,0.4500280271596585678696729124
2025-04-02 00:00:00+00:00,33738.449362022112,0.324188,82516.29,60489.240384542112,0.4422404852906055651293618869
2025-04-03 00:00:00+00:00,24183.366164110168,0.439834,83213.09,60783.312391170168,0.6021380669668271973299341568
2025-04-04 00:00:00+00:00,24313.176038189614,0.438272,83889.87,61079.757142829614,0.6019437997872944947486848255
2025-04-05 00:00:00+00:00,24431.809669636918,0.436856,83537.99,60925.881829076918,0.5989912835701161663763885807
2025-04-06 00:00:00+00:00,24370.329426437473,0.437591,78430.0,58690.591556437473,0.5847659943416532951968083228
2025-04-07 00:00:00+00:00,24370.329426437473,0.437591,79163.24,59011.450781277473,0.5870237199087904384420382107
2025-04-08 00:00:00+00:00,24370.329426437473,0.437591,76322.42,57768.333516657473,0.5781368797940086074064618129
2025-04-09 00:00:00+00:00,24370.329426437473,0.437591,82615.22,60522.006161457473,0.5973311036414825619254115202
2025-04-10 00:00:00+00:00,24370.329426437473,0.437591,79607.3,59205.767440737473,0.5883791312927213409482689904
2025-04-11 00:00:00+00:00,24370.329426437473,0.437591,83423.84,60875.850995877473,0.5996716427325535463693034168
2025-04-12 00:00:00+00:00,24370.329426437473,0.437591,85276.9,61686.733374337473,0.6049340256267182364022593659
2025-04-13 00:00:00+00:00,24674.372224998163,0.434021,83760.0,61027.971184998163,0.5956874897544751843927560669
2025-04-14 00:00:00+00:00,24674.372224998163,0.434021,84591.58,61388.894368178163,0.5980645607165636292449516897
2025-04-15 00:00:00+00:00,24674.372224998163,0.434021,83643.99,60977.620408788163,0.5953536386040727686596362498
2025-04-16 00:00:00+00:00,24674.372224998163,0.434021,84030.38,61145.321782978163,0.5964634496065879502111158112
2025-04-17 00:00:00+00:00,24674.372224998163,0.434021,84947.91,61543.549071108163,0.5990745968112905858058895626
2025-04-18 00:00:00+00:00,24674.372224998163,0.434021,84474.69,61338.161653488163,0.5977321204311804302925406043
2025-04-19 00:00:00+00:00,24674.372224998163,0.434021,85077.01,61599.581182208163,0.5994392859261050636265308787
2025-04-20 00:00:00+00:00,46171.721063697163,0.181011,85179.24,61590.100475337163,0.2503385981293220984510648076
2025-04-21 00:00:00+00:00,46171.721063697163,0.181011,87516.23,62013.121372227163,0.2554523939126314918473900052
2025-04-22 00:00:00+00:00,24777.472149987865,0.425154,93442.99,64505.133120447865,0.6158837141887316399719238918
2025-04-23 00:00:00+00:00,25800.742552236910,0.414189,93691.08,64606.557286356910,0.6006482370221373482167320473
2025-04-24 00:00:00+00:00,25842.568016646133,0.413742,93980.47,64726.235635386133,0.6007404453084263516761169268
2025-04-25 00:00:00+00:00,25890.435747294523,0.413232,94638.68,64998.166761054523,0.6016743696407218568560033810
2025-04-26 00:00:00+00:00,25999.128744467923,0.412082,94628.0,64993.624240467923,0.5999741659539627834784725320
2025-04-27 00:00:00+00:00,25999.128744467923,0.412082,93749.3,64631.527787067923,0.5977330316231504833836531562
2025-04-28 00:00:00+00:00,25999.128744467923,0.412082,95011.18,65151.525821227923,0.6009436706700000881894907167
2025-04-29 00:00:00+00:00,25999.128744467923,0.412082,94256.82,64840.667643707923,0.5990305206706048801983539962
2025-04-30 00:00:00+00:00,48601.147382385859,0.171978,94172.0,64796.659598385859,0.2499436285200640845764062313
2025-05-01 00:00:00+00:00,48601.147382385859,0.171978,96489.91,65195.289124365859,0.2545297668720386668105600103
2025-05-02 00:00:00+00:00,3200.827664477899,0.641886,96887.14,65391.326410517899,0.9510511891992596077416820310
2025-05-03 00:00:00+00:00,3200.827664477899,0.641886,95856.42,64729.721672597899,0.9505508817005633946051383981
2025-05-04 00:00:00+00:00,3200.827664477899,0.641886,94277.62,63716.312055797899,0.9497643921751959274041477375
2025-05-05 00:00:00+00:00,3200.827664477899,0.641886,94733.68,64009.050584957899,0.9499941393408185903224858432
2025-05-06 00:00:00+00:00,3200.827664477899,0.641886,96834.02,65357.229426197899,0.9510256525164930875873973057
2025-05-07 00:00:00+00:00,3200.827664477899,0.641886,97030.5,65483.347187477899,0.9511199747423726743589771723
2025-05-08 00:00:00+00:00,3200.827664477899,0.641886,103261.6,69483.003042077899,0.9539336596816415061279881146
2025-05-09 00:00:00+00:00,3200.827664477899,0.641886,102971.99,69297.106437617899,0.9538100819929714795480505110
2025-05-10 00:00:00+00:00,3200.827664477899,0.641886,104809.53,70476.597638057899,0.9545831130935664279965108777
2025-05-11 00:00:00+00:00,36956.284921583623,0.319402,104118.0,70211.782357583623,0.4736455381040195286167234168
2025-05-12 00:00:00+00:00,36956.284921583623,0.319402,102791.32,69788.038112223623,0.4704495795947787461663137345
2025-05-13 00:00:00+00:00,3445.980118628343,0.644982,104103.72,70591.005651668343,0.9511838641932295387048402937
2025-05-14 00:00:00+00:00,3445.980118628343,0.644982,103507.82,70206.660877868343,0.9509166213641327086619762201
2025-05-15 00:00:00+00:00,3445.980118628343,0.644982,103763.71,70371.705321848343,0.9510317377862595634578112230
2025-05-16 00:00:00+00:00,36901.611084868200,0.322141,103463.9,70231.575294768200,0.4745723568069085822761316351
2025-05-17 00:00:00+00:00,36901.611084868200,0.322141,103126.65,70122.933242518200,0.4737583073251512179682716907
2025-05-18 00:00:00+00:00,36901.611084868200,0.322141,106454.26,71194.892855528200,0.4816817666998871936265535600
2025-05-19 00:00:00+00:00,36901.611084868200,0.322141,105573.74,70911.241262208200,0.4796084453180382620628337300
2025-05-20 00:00:00+00:00,36901.611084868200,0.322141,106849.99,71322.373713458200,0.4826082032389643010320809141
2025-05-21 00:00:00+00:00,36901.611084868200,0.322141,109643.99,72222.435667458200,0.4890561257892437243598586004
2025-05-22 00:00:00+00:00,3567.896340769699,0.625764,111696.21,73463.363495209699,0.9514329841295334969968900000
2025-05-23 00:00:00+00:00,38522.853068131255,0.312410,107318.3,72050.163171131255,0.4653328823609600973255471405
2025-05-24 00:00:00+00:00,38522.853068131255,0.312410,107761.91,72188.751371231255,0.4663593380355456996353231726
2025-05-25 00:00:00+00:00,3564.118783717835,0.636396,109004.19,72933.949282957835,0.9511322392554073930864200430
2025-05-26 00:00:00+00:00,3564.118783717835,0.636396,109434.79,73207.981400557835,0.9513151610585088896759408079
2025-05-27 00:00:00+00:00,3564.118783717835,0.636396,108938.17,72891.934419037835,0.9511040719096767119292616805
2025-05-28 00:00:00+00:00,3564.118783717835,0.636396,107781.78,72156.012448597835,0.9506053804420411204869389174
2025-05-29 00:00:00+00:00,3564.118783717835,0.636396,105589.75,70761.013324717835,0.9496316033892516730909934040
2025-05-30 00:00:00+00:00,3564.118783717835,0.636396,103985.48,69740.062313797835,0.9488942414808728070722810546
2025-05-31 00:00:00+00:00,3564.118783717835,0.636396,104591.88,70125.972848197835,0.9491754817942689094850506395
2025-06-01 00:00:00+00:00,3564.118783717835,0.636396,105642.93,70794.856863997835,0.9496556820424854980967000148
2025-06-02 00:00:00+00:00,37123.654700773688,0.318313,105857.99,70819.629071643688,0.4757999274012285273457692439
2025-06-03 00:00:00+00:00,37123.654700773688,0.318313,105376.89,70666.488687343688,0.4746639405698601652327690657
2025-06-04 00:00:00+00:00,3489.730592266578,0.637076,104696.86,70189.587373626578,0.9502813633354136430495699360
2025-06-05 00:00:00+00:00,3489.730592266578,0.637076,101508.68,68158.474411946578,0.9487997549479348340744787939
2025-06-06 00:00:00+00:00,3489.730592266578,0.637076,104288.44,69929.392793706578,0.9500963693112369966516206296
2025-06-07 00:00:00+00:00,3489.730592266578,0.637076,105552.15,70734.472105666578,0.9506643580084481363299126675
2025-06-08 00:00:00+00:00,3489.730592266578,0.637076,105734.0,70850.324376266578,0.9507450301323452093401235676
2025-06-09 00:00:00+00:00,3489.730592266578,0.637076,110263.02,73735.654321786578,0.9526724130359351563378529878
2025-06-10 00:00:00+00:00,3489.730592266578,0.637076,110274.39,73742.897875906578,0.9526770618895524918315571862
2025-06-11 00:00:00+00:00,38669.327081182740,0.317642,108645.12,73179.580288222740,0.4715830983331556051664748367
2025-06-12 00:00:00+00:00,38669.327081182740,0.317642,105671.73,72235.106741842740,0.4646740508132559387092888893
2025-06-13 00:00:00+00:00,3566.201474494882,0.649401,106066.59,72445.951087084882,0.9507743162870749099215966306
2025-06-14 00:00:00+00:00,3566.201474494882,0.649401,105414.64,72022.574105134882,0.9504849483817514923738835812
2025-06-15 00:00:00+00:00,3566.201474494882,0.649401,105594.01,72139.057162504882,0.9505649004191801817431488469
2025-06-16 00:00:00+00:00,3566.201474494882,0.649401,106794.53,72918.676051024882,0.9510934417953580144737952889
2025-06-17 00:00:00+00:00,3566.201474494882,0.649401,104551.17,71461.835823664882,0.9500964195309138747759181944
2025-06-18 00:00:00+00:00,3566.201474494882,0.649401,104886.78,71679.781293274882,0.9502481535217871955437472081
2025-06-19 00:00:00+00:00,3566.201474494882,0.649401,104658.59,71531.594479084882,0.9501450862312652152000762022
2025-06-20 00:00:00+00:00,3566.201474494882,0.649401,103297.99,70648.019478484882,0.9495215647824220820491430113
2025-06-21 00:00:00+00:00,3566.201474494882,0.649401,102120.01,69883.038088504882,0.9489689977419357589060697276
2025-06-22 00:00:00+00:00,3566.201474494882,0.649401,100963.87,69132.239616364882,0.9484147845594937729115384022
2025-06-23 00:00:00+00:00,3566.201474494882,0.649401,105333.93,71970.160950424882,0.9504488884365371337325501317
2025-06-24 00:00:00+00:00,3566.201474494882,0.649401,106083.0,72456.607757494882,0.9507815562325163425589838692
2025-06-25 00:00:00+00:00,3566.201474494882,0.649401,107340.58,73273.281467074882,0.9513301246635536121239801848
2025-06-26 00:00:00+00:00,3566.201474494882,0.649401,106947.06,73017.729185554882,0.9511597866124767867263673746
2025-06-27 00:00:00+00:00,3566.201474494882,0.649401,107047.59,73083.013468084882,0.9512034150582442694920734588
2025-06-28 00:00:00+00:00,3566.201474494882,0.649401,107296.79,73244.844197284882,0.9513112286116777928842352754
2025-06-29 00:00:00+00:00,3566.201474494882,0.649401,108356.93,73933.300173424882,0.9517646112627237604704004940
2025-06-30 00:00:00+00:00,3566.201474494882,0.649401,107146.5,73147.245720994882,0.9512462644444956445577692940
2025-07-01 00:00:00+00:00,3566.201474494882,0.649401,105681.14,72195.639471634882,0.9506036444777801926228838729
2025-07-02 00:00:00+00:00,3566.201474494882,0.649401,108849.6,74253.240564094882,0.9519724466245138266571744835
2025-07-03 00:00:00+00:00,3566.201474494882,0.649401,109584.78,74730.667191274882,0.9522792769216537793750101294
2025-07-04 00:00:00+00:00,3566.201474494882,0.649401,107984.24,73691.274914734882,0.9516061911179961830651796495
2025-07-05 00:00:00+00:00,3566.201474494882,0.649401,108198.12,73830.168800614882,0.9516972325483132107136158691
2025-07-06 00:00:00+00:00,3566.201474494882,0.649401,109203.84,74483.284374334882,0.9521207811329583661328118092
2025-07-07 00:00:00+00:00,3566.201474494882,0.649401,108262.94,73872.262973434882,0.9517247566143016420517698721
2025-07-08 00:00:00+00:00,3566.201474494882,0.649401,108922.98,74300.893609474882,0.9520032492039891368167287964
2025-07-09 00:00:00+00:00,3566.201474494882,0.649401,111233.99,75801.665814484882,0.9529535210581952764419001236
2025-07-10 00:00:00+00:00,3566.201474494882,0.649401,116010.0,78903.211484494882,0.9548028349239540221025151573
2025-07-11 00:00:00+00:00,3566.201474494882,0.649401,117527.66,79888.781406154882,0.9553604221803772479875327692
2025-07-12 00:00:00+00:00,41891.797471310848,0.322878,117420.0,79804.132231310848,0.4750673141850822548732964689
2025-07-13 00:00:00+00:00,41891.797471310848,0.322878,119086.64,80342.253621230848,0.4785832412816370382346635949
2025-07-14 00:00:00+00:00,41891.797471310848,0.322878,119841.18,80585.877987350848,0.4801595699200995413138511310
2025-07-15 00:00:00+00:00,3980.076813449629,0.638817,117758.09,79205.946592979629,0.9497502777928746994794332973
2025-07-16 00:00:00+00:00,3980.076813449629,0.638817,118630.43,79763.212214759629,0.9501013474390498104764081290
2025-07-17 00:00:00+00:00,3980.076813449629,0.638817,119177.56,80112.728159969629,0.9503190453643997103858803625
2025-07-18 00:00:00+00:00,3980.076813449629,0.638817,117924.84,79312.469327729629,0.9498177670272321946572708504
2025-07-19 00:00:00+00:00,3980.076813449629,0.638817,117840.0,79258.272093449629,0.9497834521454503672079604404
2025-07-20 00:00:00+00:00,3980.076813449629,0.638817,117265.12,78891.028976489629,0.9495496906925154381129479864
2025-07-21 00:00:00+00:00,3980.076813449629,0.638817,117380.36,78964.646247569629,0.9495967245775874332003147009
2025-07-22 00:00:00+00:00,3980.076813449629,0.638817,119954.42,80608.999534589629,0.9506249074367712147773617104
2025-07-23 00:00:00+00:00,3980.076813449629,0.638817,118755.99,79843.422077279629,0.9501514751008874157523043406
2025-07-24 00:00:00+00:00,3980.076813449629,0.638817,118340.99,79578.313022279629,0.9499854085580411530200874973
2025-07-25 00:00:00+00:00,3980.076813449629,0.638817,117614.31,79114.097484719629,0.9496919393636721340237296410
2025-07-26 00:00:00+00:00,3980.076813449629,0.638817,117919.99,79309.371065279629,0.9498158066318086991856206818
2025-07-27 00:00:00+00:00,3980.076813449629,0.638817,119415.55,80264.760217799629,0.9504131476547163293589934532
2025-07-28 00:00:00+00:00,3980.076813449629,0.638817,118062.32,79400.293888889629,0.9498732735294503043633780845
2025-07-29 00:00:00+00:00,3980.076813449629,0.638817,117950.76,79329.027464369629,0.9498282414310793439194363999
2025-07-30 00:00:00+00:00,3980.076813449629,0.638817,117840.3,79258.463738549629,0.9497835735678812508784973013
2025-07-31 00:00:00+00:00,41561.803819987957,0.319481,115764.08,78546.227862467957,0.4708618739430567626264250682
2025-08-01 00:00:00+00:00,41561.803819987957,0.319481,113297.93,77758.339794317957,0.4655003703792424992207817455
2025-08-02 00:00:00+00:00,3839.003489922037,0.652001,112546.35,77219.336236272037,0.9502844277477905602121494814
2025-08-03 00:00:00+00:00,3839.003489922037,0.652001,114208.8,78303.255298722037,0.9509726195255040414873616592
2025-08-04 00:00:00+00:00,3839.003489922037,0.652001,115055.03,78854.998104952037,0.9513156606152914186672668771
2025-08-05 00:00:00+00:00,3839.003489922037,0.652001,114129.75,78251.714619672037,0.9509403275240574305851008642
2025-08-06 00:00:00+00:00,3839.003489922037,0.652001,114992.27,78814.078522192037,0.9512903841305323210450403718
2025-08-07 00:00:00+00:00,3839.003489922037,0.652001,117472.01,80430.871481932037,0.9522695276180809577704372490
2025-08-08 00:00:00+00:00,3839.003489922037,0.652001,116674.74,79911.050644662037,0.9519590412220605954397977152
2025-08-09 00:00:00+00:00,3839.003489922037,0.652001,116462.25,79772.506952172037,0.9518756068149678598335743748
2025-08-10 00:00:00+00:00,3839.003489922037,0.652001,119294.01,81618.817303932037,0.9529642352494969241280867453
2025-08-11 00:00:00+00:00,3839.003489922037,0.652001,118686.0,81222.394175922037,0.9527346672198922950012950929
2025-08-12 00:00:00+00:00,3839.003489922037,0.652001,120134.08,82166.543784002037,0.9532777781183794008268854954
2025-08-13 00:00:00+00:00,3839.003489922037,0.652001,123306.43,84234.919156352037,0.9544250350285693467513968814
2025-08-14 00:00:00+00:00,44170.842626791573,0.324489,118295.09,82556.298085801573,0.4649609581465925035475209730
2025-08-15 00:00:00+00:00,44170.842626791573,0.324489,117342.05,82247.047089241573,0.4629491976913856296741301588
2025-08-16 00:00:00+00:00,4060.306329122509,0.665871,117380.66,82220.683783982509,0.9506169720043911723527600675
2025-08-17 00:00:00+00:00,4060.306329122509,0.665871,117405.01,82236.897742832509,0.9506267084415110780016523018
2025-08-18 00:00:00+00:00,4060.306329122509,0.665871,116227.05,81452.528339672509,0.9501512548242792334737445921
2025-08-19 00:00:00+00:00,4060.306329122509,0.665871,112872.94,79219.123759862509,0.9487458818475379210637345711
2025-08-20 00:00:00+00:00,4060.306329122509,0.665871,114271.24,80150.211179162509,0.9493412896935933536244835780
2025-08-21 00:00:00+00:00,4060.306329122509,0.665871,112500.0,78970.793829122509,0.9485847092039086641287729729
2025-08-22 00:00:00+00:00,4060.306329122509,0.665871,116935.99,81924.590926412509,0.9504384912611938938057888420
2025-08-23 00:00:00+00:00,4060.306329122509,0.665871,115438.05,80927.156120672509,0.9498276410075737178020291665
2025-08-24 00:00:00+00:00,4060.306329122509,0.665871,113493.59,79632.396596012509,0.9490118782972077010627507729
2025-08-25 00:00:00+00:00,4060.306329122509,0.665871,110111.98,77380.680563702509,0.9475281646588786275026917384
2025-08-26 00:00:00+00:00,4060.306329122509,0.665871,111763.22,78480.193393742509,0.9482632986293551750702426575
2025-08-27 00:00:00+00:00,4060.306329122509,0.665871,111262.01,78146.452189832509,0.9480423459370969629243683047
2025-08-28 00:00:00+00:00,4060.306329122509,0.665871,112566.9,79015.340599022509,0.9486136957919695577457700425
2025-08-29 00:00:00+00:00,4060.306329122509,0.665871,108377.4,76225.674044522509,0.9467330872436636979109715424
2025-08-30 00:00:00+00:00,4060.306329122509,0.665871,108816.33,76517.944802552509,0.9469365475039906709578422482
2025-08-31 00:00:00+00:00,4060.306329122509,0.665871,108246.35,76138.411649972509,0.9466720379223464528497886418
2025-09-01 00:00:00+00:00,4060.306329122509,0.665871,109237.42,76798.336421942509,0.9471302827861462015444444171
2025-09-02 00:00:00+00:00,40272.022248576616,0.333944,111240.01,77419.956148016616,0.4798237527856268974920488613
2025-09-03 00:00:00+00:00,40272.022248576616,0.333944,111705.71,77575.473868816616,0.4808665646480188210384879871
2025-09-04 00:00:00+00:00,3831.546086614996,0.659739,110730.87,76885.019529544996,0.9501652453226908738392409385
2025-09-05 00:00:00+00:00,3831.546086614996,0.659739,110659.99,76838.257229224996,0.9501349168398669882363567537
2025-09-06 00:00:00+00:00,3831.546086614996,0.659739,110187.97,76526.847226444996,0.9499320013108948780142792841
2025-09-07 00:00:00+00:00,3831.546086614996,0.659739,111137.34,77153.183640874996,0.9503384577822517662058509039
2025-09-08 00:00:00+00:00,3831.546086614996,0.659739,112065.23,77765.348861584996,0.9507293911400720708855899335
2025-09-09 00:00:00+00:00,3831.546086614996,0.659739,111546.39,77423.049878824996,0.9505115583458445758027351009
2025-09-10 00:00:00+00:00,3831.546086614996,0.659739,113960.0,79015.402526614996,0.9515088708771127908592394575
2025-09-11 00:00:00+00:00,3831.546086614996,0.659739,115482.69,80019.980504524996,0.9521176328404837779217822012
2025-09-12 00:00:00+00:00,3831.546086614996,0.659739,116029.42,80380.679607994996,0.9523324994849397301680428290
2025-09-13 00:00:00+00:00,3831.546086614996,0.659739,115918.29,80307.362812924996,0.9522889813286418704996153745
2025-09-14 00:00:00+00:00,3831.546086614996,0.659739,115268.01,79878.347736004996,0.9520327323334464175510880162
2025-09-15 00:00:00+00:00,41886.617235075934,0.329165,115349.71,79855.704527225934,0.4754711954135330759591513687
2025-09-16 00:00:00+00:00,41886.617235075934,0.329165,116788.96,80329.455253475934,0.4785646547346222772425643388
2025-09-17 00:00:00+00:00,3967.281140069806,0.653426,116447.59,80057.164083409806,0.9504443957578064760831914911
2025-09-18 00:00:00+00:00,3967.281140069806,0.653426,117073.53,80466.169553849806,0.9506962843880022090623470316
2025-09-19 00:00:00+00:00,3967.281140069806,0.653426,115632.38,79524.484673949806,0.9501124571088307074500505257
2025-09-20 00:00:00+00:00,3967.281140069806,0.653426,115685.63,79559.279608449806,0.9501342752272929039993314502
2025-09-21 00:00:00+00:00,3967.281140069806,0.653426,115232.29,79263.055465609806,0.9499479156239301563160480120
2025-09-22 00:00:00+00:00,3967.281140069806,0.653426,112650.99,77576.366931809806,0.9488596682600891178292883888
2025-09-23 00:00:00+00:00,30995.372721680926,0.413186,111998.8,77271.708898480926,0.5988781254675958148709528882
2025-09-24 00:00:00+00:00,30995.372721680926,0.413186,113307.0,77812.238823680926,0.6016645557273443490614214572
2025-09-25 00:00:00+00:00,30995.372721680926,0.413186,108994.49,76030.370066820926,0.5923290562121429103554087437
2025-09-26 00:00:00+00:00,30995.372721680926,0.413186,109643.46,76298.515385240926,0.5937617846798022248079189669
2025-09-27 00:00:00+00:00,30995.372721680926,0.413186,109635.85,76295.371039780926,0.5937450424676520991388517457
2025-09-28 00:00:00+00:00,30995.372721680926,0.413186,112163.95,77339.946566380926,0.5992320385807665691899720844
2025-09-29 00:00:00+00:00,30995.372721680926,0.413186,114311.96,78227.474226240926,0.6037789404776190703415091640
2025-09-30 00:00:00+00:00,3876.228554013196,0.650116,114048.93,78021.262729893196,0.9503183053133533640808415995
2025-10-01 00:00:00+00:00,3876.228554013196,0.650116,118594.99,80976.729072853196,0.9521315741152519486579042134
2025-10-02 00:00:00+00:00,3876.228554013196,0.650116,120529.35,82234.287458613196,0.9528635965142396218568795703
2025-10-03 00:00:00+00:00,3876.228554013196,0.650116,122232.0,83341.207466013196,0.9534896520956462734452571874
2025-10-04 00:00:00+00:00,3876.228554013196,0.650116,122391.0,83444.575910013196,0.9535472676115781458976869958
2025-10-05 00:00:00+00:00,3876.228554013196,0.650116,123482.31,84154.054001973196,0.9539388969434281987687344837
2025-10-06 00:00:00+00:00,44128.585105783780,0.323715,124658.54,84482.424381883780,0.4776595791532870122160978282
2025-10-07 00:00:00+00:00,44128.585105783780,0.323715,121332.95,83405.881015033780,0.4709175831638338387263509406
2025-10-08 00:00:00+00:00,4118.419702230484,0.653042,123306.0,84642.416554230484,0.9513433114283568661000773274
2025-10-09 00:00:00+00:00,4118.419702230484,0.653042,121662.4,83569.076723030484,0.9507183773744444830197806209
2025-10-10 00:00:00+00:00,4118.419702230484,0.653042,112774.5,77764.904731230484,0.9470401241219997091599325786
2025-10-11 00:00:00+00:00,40778.908299670147,0.327541,110644.4,77019.485720070147,0.4705377747147984096759699973
2025-10-12 00:00:00+00:00,40778.908299670147,0.327541,114958.8,78432.628610470147,0.4800772456295506672194268008
2025-10-13 00:00:00+00:00,40778.908299670147,0.327541,115166.0,78500.495105670147,0.4805267375093962020233336038
2025-10-14 00:00:00+00:00,40778.908299670147,0.327541,113028.14,77800.258303410147,0.4758512479401019841394383268
2025-10-15 00:00:00+00:00,40778.908299670147,0.327541,110763.28,77058.423794150147,0.4708053150865790468565899955
2025-10-16 00:00:00+00:00,40778.908299670147,0.327541,108194.28,76216.970965150147,0.4649628844694430086209549293
2025-10-17 00:00:00+00:00,40778.908299670147,0.327541,106431.68,75639.647198550147,0.4608791842639399178469809955
2025-10-18 00:00:00+00:00,40778.908299670147,0.327541,107185.01,75886.393660080147,0.4626321487573629074887513061
2025-10-19 00:00:00+00:00,40778.908299670147,0.327541,108642.78,76363.873103650147,0.4659921420653958446303114706
2025-10-20 00:00:00+00:00,40778.908299670147,0.327541,110532.09,76982.699590360147,0.4702847715569522072975939182
2025-10-21 00:00:00+00:00,40778.908299670147,0.327541,108297.67,76250.835429140147,0.4652005047529484366413234585
2025-10-22 00:00:00+00:00,40778.908299670147,0.327541,107567.44,76011.655164710147,0.4635176906580172874096406119
2025-10-23 00:00:00+00:00,40778.908299670147,0.327541,110078.18,76834.025455050147,0.4692597705488326614487191935
2025-10-24 00:00:00+00:00,40778.908299670147,0.327541,111004.89,77137.560975160147,0.4713482279689685896934136708
2025-10-25 00:00:00+00:00,40778.908299670147,0.327541,111646.27,77347.639221740147,0.4727840602508215277356556102
2025-10-26 00:00:00+00:00,40778.908299670147,0.327541,114559.4,78301.808735070147,0.4792086037546931380482678392
2025-10-27 00:00:00+00:00,3867.256586474776,0.649328,114107.65,77960.548745674776,0.9503946977196035957359724811
2025-10-28 00:00:00+00:00,3867.256586474776,0.649328,112898.45,77175.381328074776,0.9498900229590708919605846838
2025-10-29 00:00:00+00:00,3867.256586474776,0.649328,110021.29,75307.160779594776,0.9486468943133672405741338842
2025-10-30 00:00:00+00:00,3867.256586474776,0.649328,108322.88,74204.335611114776,0.9478836842264575868767456581
2025-10-31 00:00:00+00:00,38911.749950614636,0.325388,109608.01,74576.881108494636,0.4782330747513331461487819502
2025-11-01 00:00:00+00:00,38911.749950614636,0.325388,110098.1,74736.350513414636,0.4793463999338547113961219577
2025-11-02 00:00:00+00:00,38911.749950614636,0.325388,110540.68,74880.360734454636,0.4803477231018438997329399551
2025-11-03 00:00:00+00:00,38911.749950614636,0.325388,106583.04,73592.592170134636,0.4712545270771721503215048098
2025-11-04 00:00:00+00:00,38911.749950614636,0.325388,101497.22,71937.727371974636,0.4590911977325850013667747492
2025-11-05 00:00:00+00:00,38911.749950614636,0.325388,103885.16,72714.734392694636,0.4648711808466160496516144658
2025-11-06 00:00:00+00:00,38911.749950614636,0.325388,101346.04,71888.535214134636,0.4587210626185654253580252512
2025-11-07 00:00:00+00:00,38911.749950614636,0.325388,103339.08,72537.046513654636,0.4635603209555858130136068272
2025-11-08 00:00:00+00:00,38911.749950614636,0.325388,102312.94,72203.152871334636,0.4610796287531235411077616867
2025-11-09 00:00:00+00:00,38911.749950614636,0.325388,104722.96,72987.344459094636,0.4668699041047791972764687610
2025-11-10 00:00:00+00:00,38911.749950614636,0.325388,106011.13,73406.499519054636,0.4699141056233849942140456629
2025-11-11 00:00:00+00:00,38911.749950614636,0.325388,103058.99,72445.908588734636,0.4628854726426134344822211568
2025-11-12 00:00:00+00:00,38911.749950614636,0.325388,101654.37,71988.862096174636,0.4594754130350069903926047260
2025-11-13 00:00:00+00:00,38911.749950614636,0.325388,99692.02,71350.336954374636,0.4546381753530194572000037117
2025-11-14 00:00:00+00:00,38911.749950614636,0.325388,94594.0,69691.502422614636,0.4416571806035865231090732015
2025-11-15 00:00:00+00:00,38911.749950614636,0.325388,95596.24,70017.619291734636,0.4442577404912130729211670704
2025-11-16 00:00:00+00:00,38911.749950614636,0.325388,94261.44,69583.291389334636,0.4407888851808636046728901384
2025-11-17 00:00:00+00:00,38911.749950614636,0.325388,92215.14,68917.449924934636,0.4353861033309040936232540269
2025-11-18 00:00:00+00:00,38911.749950614636,0.325388,92960.83,69160.088502654636,0.4373669728730747631793460227
2025-11-19 00:00:00+00:00,38911.749950614636,0.325388,91554.96,68702.635275094636,0.4336207076365159687204168992
2025-11-20 00:00:00+00:00,38911.749950614636,0.325388,86637.23,67102.464945854636,0.4201144476285222858579826531
2025-11-21 00:00:00+00:00,38911.749950614636,0.325388,85129.43,66611.844919454636,0.4158433834453055111533647880
2025-11-22 00:00:00+00:00,38911.749950614636,0.325388,84739.74,66485.044469734636,0.4147292784269992114249164496
2025-11-23 00:00:00+00:00,38911.749950614636,0.325388,86830.0,67165.189990614636,0.4206559982030574120600126304
2025-11-24 00:00:00+00:00,38911.749950614636,0.325388,88300.01,67643.513604494636,0.4247526794937348038001828127
2025-11-25 00:00:00+00:00,38911.749950614636,0.325388,87369.96,67340.886495094636,0.4221675422486587767702619984
2025-11-26 00:00:00+00:00,38911.749950614636,0.325388,90484.02,68354.164250374636,0.4307332936134704009904389095
2025-11-27 00:00:00+00:00,38911.749950614636,0.325388,91333.95,68630.721273214636,0.4330272328669055100584062729
2025-11-28 00:00:00+00:00,38911.749950614636,0.325388,90890.7,68486.493042214636,0.4318332240106135619425787848
2025-11-29 00:00:00+00:00,38911.749950614636,0.325388,90802.44,68457.774297334636,0.4315948721673581700838246277
2025-11-30 00:00:00+00:00,38911.749950614636,0.325388,90360.0,68313.809630614636,0.4303970140002783870641372236
2025-12-01 00:00:00+00:00,38911.749950614636,0.325388,86286.01,66988.182172494636,0.4191251547860062687884885542
2025-12-02 00:00:00+00:00,38911.749950614636,0.325388,91277.88,68612.476768054636,0.4328764711095285287329748854
2025-12-03 00:00:00+00:00,48016.915038401428,0.225506,93429.95,69085.929343101428,0.3049682403498541829164345499
2025-12-04 00:00:00+00:00,48359.730434574238,0.221832,92078.06,68785.590640494238,0.2969496956517408800187119378
2025-12-05 00:00:00+00:00,48359.730434574238,0.221832,89330.04,68175.991867854238,0.2906633389608753828246337164
2025-12-06 00:00:00+00:00,48359.730434574238,0.221832,89236.79,68155.306033854238,0.2904480480132699082287640726
2025-12-07 00:00:00+00:00,48359.730434574238,0.221832,90395.31,68412.302842494238,0.2931135420786385717436676874
2025-12-08 00:00:00+00:00,48359.730434574238,0.221832,90634.34,68465.327345454238,0.2936610060948596785229243707
2025-12-09 00:00:00+00:00,48359.730434574238,0.221832,92678.8,68918.853996174238,0.2983091326901816989600415427
2025-12-10 00:00:00+00:00,48359.730434574238,0.221832,92015.37,68771.683992414238,0.2968075285184453425795002923
2025-12-11 00:00:00+00:00,48359.730434574238,0.221832,92513.38,68882.158546734238,0.2979353223699605716588503624
2025-12-12 00:00:00+00:00,48359.730434574238,0.221832,90268.42,68384.154580014238,0.2928225737149389614080894981
2025-12-13 00:00:00+00:00,48359.730434574238,0.221832,90240.01,68377.852332894238,0.2927573946146005025268600429
2025-12-14 00:00:00+00:00,48359.730434574238,0.221832,88172.17,67919.139250014238,0.2879808111737208113869097445
2025-12-15 00:00:00+00:00,48359.730434574238,0.221832,86432.08,67533.131605134238,0.2839110332194684302871176619
2025-12-16 00:00:00+00:00,48359.730434574238,0.221832,87863.42,67850.648620014238,0.2872620760723379207478073192
2025-12-17 00:00:00+00:00,47494.382244987514,0.231668,86243.22,67474.176535947514,0.2961102353033619190726855802
2025-12-18 00:00:00+00:00,47231.602926503957,0.234711,85516.41,67303.245034013957,0.2982269591513176078684813250
2025-12-19 00:00:00+00:00,47231.602926503957,0.234711,88136.94,67918.312250843957,0.3045822052812118533728358995
2025-12-20 00:00:00+00:00,47542.497944284337,0.231179,88360.9,67969.682445384337,0.3005337639691615563021244060
2025-12-21 00:00:00+00:00,47578.767067060124,0.230768,88658.86,68038.394871540124,0.3007070910933274606811279135
2025-12-22 00:00:00+00:00,47626.846249173791,0.230225,88620.79,68029.567626923791,0.2999096141495289502582027259
2025-12-23 00:00:00+00:00,47626.846249173791,0.230225,87486.0,67768.310599173791,0.2972106604387679412293104149
2025-12-24 00:00:00+00:00,47437.630828485791,0.232385,87669.45,67810.695966735791,0.3004402896593762816893964846
2025-12-25 00:00:00+00:00,47467.487243663039,0.232044,87225.27,67707.587795543039,0.2989340074113870175804175214
2025-12-26 00:00:00+00:00,47467.487243663039,0.232044,87369.56,67741.069424303039,0.2992805155415301719292622521
2025-12-27 00:00:00+00:00,47418.759134444643,0.232601,87877.01,67859.039537454643,0.3012167655530702520567662346
2025-12-28 00:00:00+00:00,47501.256128750643,0.231661,87952.71,67876.468880060643,0.3001808003199679136833465192
2025-12-29 00:00:00+00:00,47513.553500757423,0.231521,87237.13,67710.781075487423,0.2982867315060670076086420083
2025-12-30 00:00:00+00:00,47513.553500757423,0.231521,88485.49,67999.802631047423,0.3012692439924283889741301545
2025-12-31 00:00:00+00:00,47599.803078355023,0.230545,87648.22,67806.661958255023,0.2980069848054206639244626891
2026-01-01 00:00:00+00:00,47599.803078355023,0.230545,88839.04,68081.199555155023,0.3008377732858141798038110850
2026-01-02 00:00:00+00:00,47656.852326943128,0.229902,89995.13,68346.912704203128,0.3027212138579541719349621010
2026-01-03 00:00:00+00:00,47842.630455382434,0.227835,90628.01,68490.863113732434,0.3014742656120802271622072562
2026-01-04 00:00:00+00:00,47943.549321231939,0.226720,91529.73,68695.169706831939,0.3020826715205885809932616204
2026-01-05 00:00:00+00:00,48086.515736324571,0.225156,93859.71,69219.592601084571,0.3053048431901472246012094968
2026-01-06 00:00:00+00:00,48453.311326595772,0.221243,93747.97,69194.393453305772,0.2997509059849861556669256467
2026-01-07 00:00:00+00:00,48453.311326595772,0.221243,91364.16,68666.992177475772,0.2943725975157903523754153236
2026-01-08 00:00:00+00:00,48453.311326595772,0.221243,91099.99,68608.546414165772,0.2937714926344584384787458843
2026-01-09 00:00:00+00:00,48453.311326595772,0.221243,90641.28,68507.060037635772,0.2927252855402502733991539542
2026-01-10 00:00:00+00:00,47954.317774722574,0.226741,90504.7,68475.443957422574,0.2996859165376109855472029937
2026-01-11 00:00:00+00:00,47954.317774722574,0.226741,91013.65,68590.843789372574,0.3008641514605104115324991281
2026-01-12 00:00:00+00:00,48013.581537864358,0.226089,91296.2,68654.648099664358,0.3006506789144974292741618429
2026-01-13 00:00:00+00:00,48058.258520184958,0.225599,95414.0,69583.561506184958,0.3093446572734957851681540338
2026-01-14 00:00:00+00:00,48707.659541790553,0.218784,96951.78,69919.157777310553,0.3033717640460957835167230209
2026-01-15 00:00:00+00:00,48943.139748002905,0.216352,95604.8,69627.429437602905,0.2970709942428129857862016139
2026-01-16 00:00:00+00:00,48738.949585695256,0.218485,95550.94,69615.396711595256,0.2998826137899862649659508300
2026-01-17 00:00:00+00:00,48730.817197416386,0.218570,95147.77,69527.265286316386,0.2991121253404588439332512824
2026-01-18 00:00:00+00:00,48669.081289974938,0.219218,93673.14,69203.919694494938,0.2967294120791472135460450561
2026-01-19 00:00:00+00:00,48669.081289974938,0.219218,92631.0,68975.463847974938,0.2944000870042163323413291165
2026-01-20 00:00:00+00:00,48669.081289974938,0.219218,88427.66,68054.016059854938,0.2848463013972686386404760046
2026-01-21 00:00:00+00:00,48669.081289974938,0.219218,89454.73,68279.168291114938,0.2872045382499457031176541011
2026-01-22 00:00:00+00:00,48669.081289974938,0.219218,89559.67,68302.173028034938,0.2874446136582141841615787562
2026-01-23 00:00:00+00:00,48669.081289974938,0.219218,89600.26,68311.071086654938,0.2875374296468498036178186750
2026-01-24 00:00:00+00:00,48669.081289974938,0.219218,89225.34,68228.881874094938,0.2866791899098443556455861025
2026-01-25 00:00:00+00:00,48669.081289974938,0.219218,86670.36,67668.784268454938,0.2807750011157960882451948643
2026-01-26 00:00:00+00:00,48669.081289974938,0.219218,88347.08,68036.351473414938,0.2846606227996767331959007169
2026-01-27 00:00:00+00:00,48669.081289974938,0.219218,89250.0,68234.287789974938,0.2867357033200329410252441453
2026-01-28 00:00:00+00:00,47762.909898006758,0.229358,89299.99,68244.577004426758,0.3001215335409205423080790971
2026-01-29 00:00:00+00:00,47771.204001636758,0.229265,84650.16,67178.522934036758,0.2888917184359089635683672958
2026-01-30 00:00:00+00:00,47771.204001636758,0.229265,84260.49,67089.185241486758,0.2879447882742225382028651008
2026-01-31 00:00:00+00:00,47771.204001636758,0.229265,78741.09,65823.780000486758,0.2742561426693590618543412141
2026-02-01 00:00:00+00:00,47771.204001636758,0.229265,76968.21,65417.320667286758,0.2697468573407087616005967387
2026-02-02 00:00:00+00:00,47771.204001636758,0.229265,78738.61,65823.211423286758,0.2742498737347173790248872633
2026-02-03 00:00:00+00:00,47771.204001636758,0.229265,75770.21,65142.661197286758,0.2666679081936789921711585522
2026-02-04 00:00:00+00:00,47771.204001636758,0.229265,73165.83,64545.568016586758,0.2598840560306071836653738650
2026-02-05 00:00:00+00:00,47771.204001636758,0.229265,62909.86,62194.233054536758,0.2319029971838829874002609216
2026-02-06 00:00:00+00:00,43530.479949748176,0.296587,70580.26,64463.667522368176,0.3247284614291673154113233467
2026-02-07 00:00:00+00:00,45122.533338630108,0.274001,69289.38,64107.892748010108,0.2961469890143799887146314386
2026-02-08 00:00:00+00:00,45122.533338630108,0.274001,70330.38,64393.127789010108,0.2992647680280703413825092376
2026-02-09 00:00:00+00:00,45122.533338630108,0.274001,70138.0,64340.415476630108,0.2986906751477283950646774520
2026-02-10 00:00:00+00:00,45122.533338630108,0.274001,68841.29,63985.115639920108,0.2947964087060537486384129327
2026-02-11 00:00:00+00:00,45122.533338630108,0.274001,67082.52,63503.210901150108,0.2894448532867352563849035150
2026-02-12 00:00:00+00:00,45122.533338630108,0.274001,66272.17,63281.174190800108,0.2869517053748020481368374856
2026-02-13 00:00:00+00:00,45122.533338630108,0.274001,68853.96,63988.587232590108,0.2948346683352200393136824673
2026-02-14 00:00:00+00:00,45122.533338630108,0.274001,69822.95,64254.091461580108,0.2977484808790653351395958223
2026-02-15 00:00:00+00:00,45122.533338630108,0.274001,68832.58,63982.729091210108,0.2947701046901889245148727816
2026-02-16 00:00:00+00:00,45122.533338630108,0.274001,68892.43,63999.128051060108,0.2949508108512006560972224898
2026-02-17 00:00:00+00:00,45122.533338630108,0.274001,67503.52,63618.565322150108,0.2907332457099630193693441000
2026-02-18 00:00:00+00:00,45122.533338630108,0.274001,66461.0,63332.913799630108,0.2875342277573585539115622511
2026-02-19 00:00:00+00:00,45122.533338630108,0.274001,67003.73,63481.622362360108,0.2892032109534676547009885423
2026-02-20 00:00:00+00:00,45122.533338630108,0.274001,68020.01,63760.084098640108,0.2923074996447112062436386531
2026-02-21 00:00:00+00:00,45122.533338630108,0.274001,67975.93,63748.006134560108,0.2921734172613197253352168150
2026-02-22 00:00:00+00:00,45122.533338630108,0.274001,67643.4,63656.892582030108,0.2911602890372961583847244837
2026-02-23 00:00:00+00:00,45122.533338630108,0.274001,64656.02,62838.347474650108,0.2819267986505662628651652640
2026-02-24 00:00:00+00:00,45122.533338630108,0.274001,64058.15,62674.530496780108,0.2800499185079931391301692965
2026-02-25 00:00:00+00:00,45122.533338630108,0.274001,67988.04,63751.324286670108,0.2922102584767032233522800480
2026-02-26 00:00:00+00:00,45122.533338630108,0.274001,67485.18,63613.540143810108,0.2906772168846078688072557957
2026-02-27 00:00:00+00:00,45122.533338630108,0.274001,65872.1,63171.554610730108,0.2857143754545855975217641303
2026-02-28 00:00:00+00:00,45122.533338630108,0.274001,66973.26,63473.273551890108,0.2891097179391270171734432706
2026-03-01 00:00:00+00:00,45122.533338630108,0.274001,65776.47,63145.351895100108,0.2854179763921549585850056676
2026-03-02 00:00:00+00:00,45122.533338630108,0.274001,68830.06,63982.038608690108,0.2947624939774657647902215003
2026-03-03 00:00:00+00:00,45122.533338630108,0.274001,68338.0,63847.213676630108,0.2932732575118429068509211617
2026-03-04 00:00:00+00:00,45122.533338630108,0.274001,72666.77,65033.300985400108,0.3061626481368359511265129554
2026-03-05 00:00:00+00:00,45522.842163075792,0.268485,70890.72,64555.937122275792,0.2948310536202007169750396487
2026-03-06 00:00:00+00:00,45522.842163075792,0.268485,68114.02,63810.434822775792,0.2865925096810753687380585137
2026-03-07 00:00:00+00:00,45522.842163075792,0.268485,67262.91,63581.924554425792,0.2840285587123353075206562947
2026-03-08 00:00:00+00:00,45522.842163075792,0.268485,65971.2,63235.119795075792,0.2801019068106403753556612985
2026-03-09 00:00:00+00:00,45522.842163075792,0.268485,68432.16,63895.850640675792,0.2875461910808936150417460150
2026-03-10 00:00:00+00:00,45522.842163075792,0.268485,69948.63,64303.000088625792,0.2920572585986065058760818052
2026-03-11 00:00:00+00:00,45522.842163075792,0.268485,70191.86,64368.303695175792,0.2927754880934109477218387198
2026-03-12 00:00:00+00:00,45522.842163075792,0.268485,70541.34,64462.133832975792,0.2938049137338911712558491414
2026-03-13 00:00:00+00:00,45522.842163075792,0.268485,70930.0,64566.483213075792,0.2949462337472229615928335396
2026-03-14 00:00:00+00:00,45522.842163075792,0.268485,71211.95,64642.182558825792,0.2957718882457439369812215464
2026-03-15 00:00:00+00:00,45249.175394072462,0.272323,72815.24,65078.439996592462,0.3046979092239806255989120897
2026-03-16 00:00:00+00:00,45554.529152217287,0.268124,74884.67,65632.906411297287,0.3059193681482912525594035732
2026-03-17 00:00:00+00:00,45942.600555328868,0.262935,73909.36,65375.958126928868,0.2972554151155950426379592341
2026-03-18 00:00:00+00:00,45762.989322885581,0.265362,71246.54,64669.113670365581,0.2923516849766826528806288398
2026-03-19 00:00:00+00:00,45267.752801170451,0.272304,69930.0,64309.971521170451,0.2961005621613658708850516243
2026-03-20 00:00:00+00:00,45016.657785589833,0.275890,70510.73,64469.863085289833,0.3017410673567672193734857547
2026-03-21 00:00:00+00:00,45128.764938743025,0.274298,68918.12,64032.867418503025,0.2952249874460165854865601250
2026-03-22 00:00:00+00:00,44822.646721408609,0.278734,67859.0,63737.257227408609,0.2967590908173915916888658250
2026-03-23 00:00:00+00:00,44615.815393773809,0.281778,70906.45,64595.693061873809,0.3093066537572716989504770626
2026-03-24 00:00:00+00:00,45216.249602797394,0.273299,70556.74,64499.336088057394,0.2989656584826526465097813370
2026-03-25 00:00:00+00:00,45149.486804542304,0.274244,71336.53,64713.102137862304,0.3023130507890415497151367277
2026-03-26 00:00:00+00:00,45299.027525022893,0.272145,68820.31,64028.130789972893,0.2925136660069899436766683014
2026-03-27 00:00:00+00:00,44819.070932375998,0.279110,66407.28,63354.006853175998,0.2925613839035474617316189697
2026-03-28 00:00:00+00:00,44347.232279619454,0.286206,66377.03,63344.736527799454,0.2999065950782313287517753235
2026-03-29 00:00:00+00:00,44341.317043235926,0.286295,66010.93,63239.916247585926,0.2988397253779004049709178662
2026-03-30 00:00:00+00:00,44267.883560419727,0.287406,66797.37,63465.848482639727,0.3024928427053387355234168028
2026-03-31 00:00:00+00:00,44425.920837748541,0.285037,68284.48,63889.524163508541,0.3046446750166426919162772715
2026-04-01 00:00:00+00:00,44722.299437576939,0.280691,68113.92,63841.263756296939,0.2994765954462205354847392335
2026-04-02 00:00:00+00:00,44688.880228209899,0.281181,66901.99,63500.448678399899,0.2962430792491215960861711303
2026-04-03 00:00:00+00:00,44450.064576587244,0.284746,66964.3,63517.881144387244,0.3001960428191160961059427717
2026-04-04 00:00:00+00:00,44462.503742561922,0.284560,67300.42,63613.511257761922,0.3010525144194623255475818142
2026-04-05 00:00:00+00:00,44529.380607368652,0.283565,69034.18,64105.057859068652,0.3053686854902466585886015804
2026-04-06 00:00:00+00:00,44873.137563100728,0.278579,68853.66,64054.321312240728,0.2994518301995417692049642165
2026-04-07 00:00:00+00:00,44838.045489693906,0.279088,71924.22,64911.232201053906,0.3092405740995021429205451148
2026-04-08 00:00:00+00:00,45437.113682100666,0.270748,71069.93,64679.155089740666,0.2974998881933779422226639584
2026-04-09 00:00:00+00:00,45275.219402032691,0.273023,71787.97,64874.986335342691,0.3021159315856751091720900231
2026-04-10 00:00:00+00:00,45412.371278245229,0.271110,72962.7,65193.288875245229,0.3034195380885452027303337080
2026-04-11 00:00:00+00:00,45635.055453750941,0.268054,73043.16,65214.566664390941,0.3002321752960598179335252184
2026-04-12 00:00:00+00:00,45650.228680160477,0.267846,70740.98,64597.917209240477,0.2933173289117997750009357755
2026-04-13 00:00:00+00:00,45218.144183589677,0.273946,74417.99,65604.654872129677,0.3107479298271660472657169928
2026-04-14 00:00:00+00:00,45922.412411131277,0.264470,74131.55,65527.983439631277,0.2991938710667321530766358447
2026-04-15 00:00:00+00:00,45869.562131368597,0.265182,74809.99,65707.824899548597,0.3019162907691422596367523820
2026-04-16 00:00:00+00:00,45995.378380498489,0.263498,75154.29,65798.383486918489,0.3009649182393223366735414675
2026-04-17 00:00:00+00:00,46058.801190121909,0.262653,77072.0,66301.993206121909,0.3053180008188784131896188737
2026-04-18 00:00:00+00:00,46410.947250092434,0.258078,75691.76,65945.325287372434,0.2962208155339943087479066295
2026-04-19 00:00:00+00:00,46161.446045716338,0.261370,73801.79,65451.019898016338,0.2947176970252929595114924509
2026-04-20 00:00:00+00:00,45815.309020595778,0.266054,75840.97,65993.102452975778,0.3057560969611626090977498127
2026-04-21 00:00:00+00:00,46194.702585681429,0.261045,76336.15,66121.872862431429,0.3013703244342319957304246227
2026-04-22 00:00:00+00:00,46285.195789563795,0.259858,78178.23,66600.434280903795,0.3050316219509239203903711349
2026-04-23 00:00:00+00:00,46619.910123665913,0.255571,78257.48,66620.252544745913,0.3002141489578809958632566920
2026-04-24 00:00:00+00:00,46634.212625051421,0.255388,77437.13,66410.726381491421,0.2977909568830086979888050170
2026-04-25 00:00:00+00:00,46487.356035129935,0.257282,77625.0,66458.871285129935,0.3005093957180791640594497855
2026-04-26 00:00:00+00:00,46521.234061367435,0.256845,78657.55,66724.032491117435,0.3027814368449550136761999184
2026-04-27 00:00:00+00:00,46706.624558004035,0.254485,77371.32,66396.464928204035,0.2965495285252168104245153374
2026-04-28 00:00:00+00:00,46477.230254061959,0.257446,76342.77,66131.371019481959,0.2971984470067918604099408170
2026-04-29 00:00:00+00:00,46291.781899922395,0.259872,75780.0,65984.882059922395,0.2984486680163532159972676185
2026-04-30 00:00:00+00:00,46189.345906022395,0.261222,76346.57,66132.749614562395,0.3015662258831662656293079486
2026-05-01 00:00:00+00:00,46292.813532080617,0.259865,78231.13,66622.346129530617,0.3051458523829867754257828548
2026-05-02 00:00:00+00:00,46635.254821714990,0.255482,78686.85,66738.328633414990,0.3012223144232991680850785126
2026-05-03 00:00:00+00:00,46716.746997065986,0.254445,78568.57,66708.126790715986,0.2996843226668489430169330272
2026-05-04 00:00:00+00:00,46695.663244332714,0.254713,79861.01,67037.300684462714,0.3034375971651346148295539253
2026-05-05 00:00:00+00:00,46925.842496655396,0.251827,80905.52,67300.036881695396,0.3027367491767523281986161493
2026-05-06 00:00:00+00:00,47109.824900006043,0.249550,81447.01,67434.926245506043,0.3014031819580212403566248915
2026-05-07 00:00:00+00:00,47204.343291772737,0.248388,80006.0,67076.873619772737,0.2962650054420847361182034844
2026-05-08 00:00:00+00:00,46953.518857350937,0.251519,80193.17,67123.624782580937,0.3004919056526322671947427008
2026-05-09 00:00:00+00:00,46986.515496043729,0.251107,80678.4,67245.426484843729,0.3012682355931834713300856891
2026-05-10 00:00:00+00:00,47071.762288738615,0.250049,82210.07,67628.308082168615,0.3039636267175829651429281893
2026-05-11 00:00:00+00:00,47339.500813858864,0.246788,81745.65,67513.346286058864,0.2988127027020994888368840408
2026-05-12 00:00:00+00:00,47259.285923088024,0.247768,80504.47,67205.717446048024,0.2967966458950872076652145488
2026-05-13 00:00:00+00:00,47043.737120669410,0.250442,79313.61,66907.196236289410,0.2968807577210412601619445545
2026-05-14 00:00:00+00:00,46834.791736419127,0.253073,81089.99,67356.478775689127,0.3046728007800321914440346834
2026-05-15 00:00:00+00:00,47149.173887625127,0.249191,79113.21,66863.473800735127,0.2948440873990793483207056615
2026-05-16 00:00:00+00:00,46804.029570149007,0.253548,78148.05,66618.311351549007,0.2974299615137164371790327982
2026-05-17 00:00:00+00:00,46632.662853150657,0.255738,77457.67,66441.532463610657,0.2981398663751338646425549090
2026-05-18 00:00:00+00:00,46508.957261021912,0.257333,77001.87,66324.079473731912,0.2987621143020599254536592355
2026-05-19 00:00:00+00:00,46426.766547736608,0.258399,76834.36,66280.688337376608,0.2995430839308905543276321809
2026-05-20 00:00:00+00:00,46396.454455337416,0.258793,77552.23,66466.428713727416,0.3019565613316142660252696414
2026-05-21 00:00:00+00:00,46526.340490178992,0.257116,77615.52,66482.532530498992,0.3001719591708552591407939945
2026-05-22 00:00:00+00:00,46537.812653912944,0.256968,75539.5,65949.046889912944,0.2943368426294723633749235424
2026-05-23 00:00:00+00:00,46163.859858438544,0.261912,76752.01,66266.132301558544,0.3033566581438646193719356194
2026-05-24 00:00:00+00:00,46386.074651176144,0.259013,77064.96,66346.901135656144,0.3008554452854868140889938422
2026-05-25 00:00:00+00:00,46442.797690757968,0.258276,77322.01,66413.217145517968,0.3006994738863925772694174611
2026-05-26 00:00:00+00:00,46489.207807081555,0.257675,75930.01,66054.473133831555,0.2961989460896801713255199723
2026-05-27 00:00:00+00:00,46237.856862024577,0.260981,74449.3,65667.709625324577,0.2958813833185211187156068620
2026-05-28 00:00:00+00:00,46237.856862024577,0.260981,73617.51,65450.628239334577,0.2935460192536928393090982812
2026-05-29 00:00:00+00:00,45814.964102958665,0.266718,73460.78,65408.276422998665,0.2995540226947588146909317544
2026-05-30 00:00:00+00:00,45785.762260190107,0.267115,73884.38,65521.388423890107,0.3012089126686467902592914627
2026-05-31 00:00:00+00:00,45864.937138608445,0.266042,73674.39,65465.419202988445,0.2994020706352591931316986486
2026-06-01 00:00:00+00:00,45825.765180087028,0.266573,71408.9,64861.449879787028,0.2934822569489330617354205862
2026-06-02 00:00:00+00:00,45825.765180087028,0.266573,66760.83,63622.399915677028,0.2797227825290629771740812451
2026-06-03 00:00:00+00:00,45825.765180087028,0.266573,64142.75,62924.490475837028,0.2717340286182516126205266995
2026-06-04 00:00:00+00:00,45825.765180087028,0.266573,63885.99,62856.045192357028,0.2709410043242872446849775132
2026-06-05 00:00:00+00:00,45825.765180087028,0.266573,61056.47,62101.771557397028,0.2620860237822207882518006353
2026-06-06 00:00:00+00:00,45825.765180087028,0.266573,60884.62,62055.960987347028,0.2615412854627982404753153880
2026-06-07 00:00:00+00:00,45825.765180087028,0.266573,63332.01,62708.369081817028,0.2692240947887336170136322246
2026-06-08 00:00:00+00:00,45825.765180087028,0.266573,63085.99,62642.786792357028,0.2684590273420247138354056961
2026-06-09 00:00:00+00:00,45825.765180087028,0.266573,61730.0,62281.316470087028,0.2642132861450256053993999769
2026-06-10 00:00:00+00:00,45825.765180087028,0.266573,61510.99,62222.934317357028,0.2635229167052641771043102660
2026-06-11 00:00:00+00:00,45825.765180087028,0.266573,63625.99,62786.736212357028,0.2701362111721284100563280500
2026-06-12 00:00:00+00:00,43948.333093114828,0.296042,63580.01,62770.686413534828,0.2998589691439388247374570810
2026-06-13 00:00:00+00:00,43939.483984208828,0.296181,64458.01,63030.721844018828,0.3028878188489542761160752524
2026-06-14 00:00:00+00:00,44121.276766202516,0.293357,65746.45,63408.458098852516,0.3041736372548544021759101780
2026-06-15 00:00:00+00:00,44385.627870132506,0.289331,66328.74,63576.588543072506,0.3018557791904533402210551666
2026-06-16 00:00:00+00:00,44503.473300115508,0.287552,65675.01,63388.453775635508,0.2979246116708210639089105916
2026-06-17 00:00:00+00:00,44371.755223870930,0.289555,64509.4,63050.774540870930,0.2962536059710390965635176941
2026-06-18 00:00:00+00:00,44135.279290883510,0.293216,62958.01,62595.575151043510,0.2949137509419027129388811934
2026-06-19 00:00:00+00:00,43816.549781915382,0.298272,63543.91,62769.918905435382,0.3019498743032275462810893396
2026-06-20 00:00:00+00:00,43938.839693391492,0.296345,64298.01,62993.233466841492,0.3024831831101334248387618338
2026-06-21 00:00:00+00:00,44095.073383545663,0.293912,63311.99,62703.226988425663,0.2967654855836185869686331009
2026-06-22 00:00:00+00:00,43892.021422708863,0.297115,64020.01,62913.326693858863,0.3023414317877220146011537458
2026-06-23 00:00:00+00:00,44039.139962662950,0.294814,62734.57,62534.169482642950,0.2957587775290355441517512500
2026-06-24 00:00:00+00:00,43773.616202537343,0.299041,61077.99,62038.439410127343,0.2944113904420425325187421406
2026-06-25 00:00:00+00:00,43773.616202537343,0.299041,59794.0,61654.473756537343,0.2900171952583417860848783278
2026-06-26 00:00:00+00:00,43773.616202537343,0.299041,60097.27,61745.163920607343,0.2910600049775238614897653304
2026-06-27 00:00:00+00:00,43773.616202537343,0.299041,60029.0,61724.748391537343,0.2908255222869593202256032574
2026-06-28 00:00:00+00:00,43773.616202537343,0.299041,59577.01,61589.584849947343,0.2892691790473277081548812410
2026-06-29 00:00:00+00:00,43773.616202537343,0.299041,60260.21,61793.889661147343,0.2916190186024197422295692387
2026-06-30 00:00:00+00:00,43773.616202537343,0.299041,58624.71,61304.808105647343,0.2859676499255699096457392263
2026-07-01 00:00:00+00:00,43773.616202537343,0.299041,60024.0,61723.253186537343,0.2908083430041087493198214264
2026-07-02 00:00:00+00:00,43773.616202537343,0.299041,61560.0,62182.580162537343,0.2960469622180571047044945961
2026-07-03 00:00:00+00:00,43773.616202537343,0.299041,62583.26,62488.576856197343,0.2994941090869783871467474155
2026-07-04 00:00:00+00:00,43773.616202537343,0.299041,63144.01,62656.264096947343,0.3013688761460959146038442582
2026-07-05 00:00:00+00:00,43859.317355604876,0.297682,63650.0,62806.776655604876,0.3016785816584193221440967763
2026-07-06 00:00:00+00:00,43964.648313688335,0.296025,64042.02,62922.687284188335,0.3012909935787804831721614679
2026-07-07 00:00:00+00:00,44046.005019259287,0.294753,63363.99,62722.731163729287,0.2977664683592445686561834643
2026-07-08 00:00:00+00:00,44046.005019259287,0.294753,62290.0,62406.169389259287,0.2942043158502204770784820696
2026-07-09 00:00:00+00:00,43683.879068661809,0.300559,63230.0,62688.224638661809,0.3031565446228863143571941625
2026-07-10 00:00:00+00:00,43881.531717051119,0.297429,64161.72,62965.087934931119,0.3030815463578987942216184952
2026-07-11 00:00:00+00:00,44075.368604087219,0.294404,63819.0,62863.937480087219,0.2988767428376796653267230314
2026-07-12 00:00:00+00:00,44004.693020054641,0.295510,63780.0,62852.320820054641,0.2998716285109106447526488542
2026-07-13 00:00:00+00:00,43996.646292890641,0.295636,62334.52,62424.974447610641,0.2952076203120553617537154200
2026-07-14 00:00:00+00:00,43697.114045040717,0.300435,65043.98,63238.602176340717,0.3090120189059302579856319840
2026-07-15 00:00:00+00:00,44266.288595348223,0.291673,64756.28,63153.947051788223,0.2990732858066895800083631374
2026-07-16 00:00:00+00:00,44207.737657111131,0.292576,63830.2,62882.922252311131,0.2969834086314847182189613984
2026-07-17 00:00:00+00:00,44017.851601529671,0.295547,63931.67,62912.664875019671,0.3003340155917070764454610226
2026-07-18 00:00:00+00:00,44038.857777384412,0.295218,64834.22,63179.086537344412,0.3029519704854617801094524416
2026-07-19 00:00:00+00:00,44225.143313125591,0.292341,64722.54,63146.195379265591,0.2996388294258633045308868273
2026-07-20 00:00:00+00:00,44202.331358486711,0.292693,65255.51,63302.162346916711,0.3017247796964127670792808679
2026-07-21 00:00:00+00:00,44311.427073185849,0.291019,66556.16,63680.534200225849,0.3041605628831440556764896736
2026-07-22 00:00:00+00:00,44576.042658292754,0.287038,66114.49,63553.413638912754,0.2986050613810058930229676508
2026-07-23 00:00:00+00:00,44487.334056833754,0.288378,65098.97,63260.444827493754,0.2967590699346612740533184942
2026-07-24 00:00:00+00:00,44282.070873119328,0.291527,64139.99,62980.609737849328,0.2968935826845889903773965967
2026-07-25 00:00:00+00:00,44086.189558019328,0.294577,64375.0,63049.583933019328,0.3007695402898414988074252538
2026-07-26 00:00:00+00:00,44134.665215174526,0.293823,65399.99,63350.686476944526,0.3033277511327894620324358756
2026-07-27 00:00:00+00:00,44345.240710694526,0.290599,63755.86,62872.629870834526,0.2946813136050241822353478339
2026-07-28 00:00:00+00:00,44010.406505663116,0.295844,63915.0,62919.275765663116,0.3005258568204804652987669410
2026-07-29 00:00:00+00:00,44043.471435302116,0.295326,63984.28,62939.692910582116,0.3002274177302660248473800261
2026-07-30 00:00:00+00:00,44057.785284036868,0.295102,64780.02,63174.498746076868,0.3026017434483743582212135524
2026-07-31 00:00:00+00:00,44221.983264945886,0.292564,62887.88,62620.712989265886,0.2938122043975100330875212809
2026-08-01 00:00:00+00:00,43834.027348368602,0.298725,62823.64,62601.019207368602,0.2997873213027654116001005968
2026-08-02 00:00:00+00:00,43820.754325691407,0.298936,63570.0,62824.115845691407,0.3024851406850843147959681073
2026-08-03 00:00:00+00:00,43976.742791292466,0.296479,63520.0,62809.088871292466,0.2998347280373862523822411172
2026-08-04 00:00:00+00:00,43966.375571404466,0.296642,64136.0,62991.806883404466,0.3020302520804868881675196221
