timestamp,regime_id,regime_label,regime_probability,is_confirmed,consecutive_bars,is_flickering,trend_gate_raw_state,trend_gate_confirmed_state,trend_gate_cap,strategy_target_allocation_pct,final_allocation_pct
2020-03-28 00:00:00+00:00,2,BULL,0.999999975077117,True,1,False,BEAR_STRUCTURE,BEAR_STRUCTURE,0.3,0.60,0.3
2020-03-29 00:00:00+00:00,2,BULL,0.999999698349302,True,2,False,BEAR_STRUCTURE,BEAR_STRUCTURE,0.3,0.60,0.3
2020-03-30 00:00:00+00:00,2,BULL,0.9999999424235301,True,3,False,BEAR_STRUCTURE,BEAR_STRUCTURE,0.3,0.60,0.3
2020-03-31 00:00:00+00:00,2,BULL,0.99999728499238,True,4,False,BEAR_STRUCTURE,BEAR_STRUCTURE,0.3,0.60,0.3
2020-04-01 00:00:00+00:00,2,BULL,0.03552697211180466,False,4,False,BEAR_STRUCTURE,BEAR_STRUCTURE,0.3,0.3074774385230869278133519476,0.3
2020-04-02 00:00:00+00:00,2,BULL,6.123171296204289e-07,False,4,False,BEAR_STRUCTURE,BEAR_STRUCTURE,0.3,0.3047352051386110617105797301,0.3
2020-04-03 00:00:00+00:00,3,BEAR,0.999999485260692,True,3,False,BEAR_STRUCTURE,BEAR_STRUCTURE,0.3,0.95,0.3
2020-04-04 00:00:00+00:00,3,BEAR,0.999999763893839,True,4,False,BEAR_STRUCTURE,BEAR_STRUCTURE,0.3,0.95,0.3
2020-04-05 00:00:00+00:00,3,BEAR,0.9999999575352385,True,5,False,BEAR_STRUCTURE,BEAR_STRUCTURE,0.3,0.95,0.3
2020-04-06 00:00:00+00:00,3,BEAR,0.9999981503154967,True,6,False,BEAR_STRUCTURE,BEAR_STRUCTURE,0.3,0.95,0.3
2020-04-07 00:00:00+00:00,3,BEAR,0.9999991710627708,True,7,False,BEAR_STRUCTURE,BEAR_STRUCTURE,0.3,0.95,0.3
2020-04-08 00:00:00+00:00,3,BEAR,0.9999963097061361,True,8,False,BEAR_STRUCTURE,BEAR_STRUCTURE,0.3,0.95,0.3
2020-04-09 00:00:00+00:00,3,BEAR,0.9999934373787955,True,9,False,BEAR_STRUCTURE,BEAR_STRUCTURE,0.3,0.95,0.3
2020-04-10 00:00:00+00:00,3,BEAR,0.9989514865625,True,10,False,BEAR_STRUCTURE,BEAR_STRUCTURE,0.3,0.95,0.3
2020-04-11 00:00:00+00:00,3,BEAR,0.9999977803169792,True,11,False,BEAR_STRUCTURE,BEAR_STRUCTURE,0.3,0.95,0.3
2020-04-12 00:00:00+00:00,3,BEAR,0.9999755610823312,True,12,False,BEAR_STRUCTURE,BEAR_STRUCTURE,0.3,0.95,0.3
2020-04-13 00:00:00+00:00,3,BEAR,0.9999350696619719,True,13,False,BEAR_STRUCTURE,BEAR_STRUCTURE,0.3,0.95,0.3
2020-04-14 00:00:00+00:00,3,BEAR,0.999966081019017,True,14,False,BEAR_STRUCTURE,BEAR_STRUCTURE,0.3,0.95,0.3
2020-04-15 00:00:00+00:00,3,BEAR,0.9999967610640554,True,15,False,BEAR_STRUCTURE,BEAR_STRUCTURE,0.3,0.95,0.3
2020-04-16 00:00:00+00:00,3,BEAR,0.9667050479728351,True,16,False,BEAR_STRUCTURE,BEAR_STRUCTURE,0.3,0.95,0.3
2020-04-17 00:00:00+00:00,3,BEAR,0.9996175365162028,True,17,False,BEAR_STRUCTURE,BEAR_STRUCTURE,0.3,0.95,0.3
2020-04-18 00:00:00+00:00,3,BEAR,0.99780782291976,True,18,False,BEAR_STRUCTURE,BEAR_STRUCTURE,0.3,0.95,0.3
2020-04-19 00:00:00+00:00,3,BEAR,0.91795304228899,True,19,False,BEAR_STRUCTURE,BEAR_STRUCTURE,0.3,0.95,0.3
2020-04-20 00:00:00+00:00,3,BEAR,0.5328707534877029,True,20,False,BEAR_STRUCTURE,BEAR_STRUCTURE,0.3,0.2912056053535545560476895008,0.2912056053535545560476895008
2020-04-21 00:00:00+00:00,3,BEAR,0.9970078320036924,True,21,False,BEAR_STRUCTURE,BEAR_STRUCTURE,0.3,0.95,0.3
2020-04-22 00:00:00+00:00,3,BEAR,0.9972131109937178,True,22,False,BEAR_STRUCTURE,BEAR_STRUCTURE,0.3,0.95,0.3
2020-04-23 00:00:00+00:00,3,BEAR,0.9753191219624342,True,23,False,BEAR_STRUCTURE,BEAR_STRUCTURE,0.3,0.95,0.3
2020-04-24 00:00:00+00:00,3,BEAR,0.9994132449349575,True,24,False,BEAR_STRUCTURE,BEAR_STRUCTURE,0.3,0.95,0.3
2020-04-25 00:00:00+00:00,3,BEAR,0.9999909208939396,True,25,False,BEAR_STRUCTURE,BEAR_STRUCTURE,0.3,0.95,0.3
2020-04-26 00:00:00+00:00,3,BEAR,0.9999733723628205,True,26,False,BEAR_STRUCTURE,BEAR_STRUCTURE,0.3,0.95,0.3
2020-04-27 00:00:00+00:00,3,BEAR,0.9999882833344338,True,27,False,BEAR_STRUCTURE,BEAR_STRUCTURE,0.3,0.95,0.3
2020-04-28 00:00:00+00:00,3,BEAR,0.9999986205194056,True,28,False,BEAR_STRUCTURE,BEAR_STRUCTURE,0.3,0.95,0.3
2020-04-29 00:00:00+00:00,3,BEAR,0.0049212473932970765,False,28,False,TRANSITION,BEAR_STRUCTURE,0.3,0.3271284032687044981497623801,0.3
2020-04-30 00:00:00+00:00,3,BEAR,2.8717340515553813e-05,False,28,False,TRANSITION,BEAR_STRUCTURE,0.3,0.2961958193180050536161999432,0.2961958193180050536161999432
2020-05-01 00:00:00+00:00,0,EUPHORIA,0.9495134645244351,True,3,False,TRANSITION,BEAR_STRUCTURE,0.3,0.3011655446139385938331495674,0.3
2020-05-02 00:00:00+00:00,0,EUPHORIA,0.9874820047180415,True,4,False,TRANSITION,BEAR_STRUCTURE,0.3,0.3034654980565820732184163105,0.3
2020-05-03 00:00:00+00:00,0,EUPHORIA,0.9952927081613933,True,5,False,TRANSITION,TRANSITION,0.6,0.2981603551780971261622490654,0.2981603551780971261622490654
2020-05-04 00:00:00+00:00,0,EUPHORIA,0.033265853893419184,False,5,False,TRANSITION,TRANSITION,0.6,0.2976376471640076858546370512,0.2976376471640076858546370512
2020-05-05 00:00:00+00:00,0,EUPHORIA,0.0001906356161286935,False,5,False,TRANSITION,TRANSITION,0.6,0.3011513588259106034159080596,0.3011513588259106034159080596
2020-05-06 00:00:00+00:00,1,NEUTRAL,0.999878236840221,True,3,False,TRANSITION,TRANSITION,0.6,0.95,0.6
2020-05-07 00:00:00+00:00,1,NEUTRAL,0.7444940329199932,True,4,False,TRANSITION,TRANSITION,0.6,0.95,0.6
2020-05-08 00:00:00+00:00,1,NEUTRAL,0.6258519229778656,True,5,False,TRANSITION,TRANSITION,0.6,0.95,0.6
2020-05-09 00:00:00+00:00,1,NEUTRAL,0.5452399319920856,True,6,False,TRANSITION,TRANSITION,0.6,0.5935169740590680610505396800,0.5935169740590680610505396800
2020-05-10 00:00:00+00:00,1,NEUTRAL,8.75796318156154e-07,False,6,False,TRANSITION,TRANSITION,0.6,0.5717586197427244787194271642,0.5717586197427244787194271642
2020-05-11 00:00:00+00:00,1,NEUTRAL,5.561617758918178e-06,False,6,False,TRANSITION,TRANSITION,0.6,0.5671839326119879915605102844,0.5671839326119879915605102844
2020-05-12 00:00:00+00:00,0,EUPHORIA,0.9958999240215223,True,3,False,TRANSITION,TRANSITION,0.6,0.5742151935886618780026127871,0.5742151935886618780026127871
2020-05-13 00:00:00+00:00,0,EUPHORIA,0.9973299905528836,True,4,False,TRANSITION,TRANSITION,0.6,0.5876149706711205968605622072,0.5876149706711205968605622072
2020-05-14 00:00:00+00:00,0,EUPHORIA,0.9997880706416716,True,5,False,BULL_STRUCTURE,TRANSITION,0.6,0.5998059747662713237971480923,0.5998059747662713237971480923
2020-05-15 00:00:00+00:00,0,EUPHORIA,0.9734638484888958,True,6,False,BULL_STRUCTURE,TRANSITION,0.6,0.5877984010863599100301853805,0.5877984010863599100301853805
2020-05-16 00:00:00+00:00,0,EUPHORIA,0.5689071936077612,True,7,False,BULL_STRUCTURE,TRANSITION,0.6,0.5894780777004003291224281958,0.5894780777004003291224281958
2020-05-17 00:00:00+00:00,0,EUPHORIA,0.01996941182671267,False,7,False,BULL_STRUCTURE,TRANSITION,0.6,0.25,0.25
2020-05-18 00:00:00+00:00,0,EUPHORIA,0.0002680457454642546,False,7,False,BULL_STRUCTURE,BULL_STRUCTURE,1.0,0.2511344346893264063480322519,0.2511344346893264063480322519
2020-05-19 00:00:00+00:00,3,BEAR,0.9627574257346176,True,3,False,BULL_STRUCTURE,BULL_STRUCTURE,1.0,0.95,0.95
2020-05-20 00:00:00+00:00,3,BEAR,0.9049559591702144,True,4,False,BULL_STRUCTURE,BULL_STRUCTURE,1.0,0.9495689193437962044853687734,0.9495689193437962044853687734
2020-05-21 00:00:00+00:00,3,BEAR,0.8854746282860821,True,5,False,BULL_STRUCTURE,BULL_STRUCTURE,1.0,0.9472365245397435152030033171,0.9472365245397435152030033171
2020-05-22 00:00:00+00:00,3,BEAR,0.9980230986166102,True,6,False,BULL_STRUCTURE,BULL_STRUCTURE,1.0,0.9477892374187111583657228923,0.9477892374187111583657228923
2020-05-23 00:00:00+00:00,3,BEAR,0.9999886063786715,True,7,False,BULL_STRUCTURE,BULL_STRUCTURE,1.0,0.9478385676372984724268866107,0.9478385676372984724268866107
2020-05-24 00:00:00+00:00,3,BEAR,0.999935011231188,True,8,False,BULL_STRUCTURE,BULL_STRUCTURE,1.0,0.9452444295368764105605787327,0.9452444295368764105605787327
2020-05-25 00:00:00+00:00,3,BEAR,0.9999731560120936,True,9,False,BULL_STRUCTURE,BULL_STRUCTURE,1.0,0.9462923859029180350474849132,0.9462923859029180350474849132
2020-05-26 00:00:00+00:00,3,BEAR,0.9999979597271599,True,10,False,BULL_STRUCTURE,BULL_STRUCTURE,1.0,0.9459523721631020971208153539,0.9459523721631020971208153539
2020-05-27 00:00:00+00:00,3,BEAR,0.9999340573014569,True,11,False,BULL_STRUCTURE,BULL_STRUCTURE,1.0,0.9479724469112205423622671445,0.9479724469112205423622671445
2020-05-28 00:00:00+00:00,3,BEAR,0.9998758124828171,True,12,False,BULL_STRUCTURE,BULL_STRUCTURE,1.0,0.9498913849320227925461937694,0.9498913849320227925461937694
2020-05-29 00:00:00+00:00,3,BEAR,0.9999947895302516,True,13,False,BULL_STRUCTURE,BULL_STRUCTURE,1.0,0.9491405793213008656397476565,0.9491405793213008656397476565
2020-05-30 00:00:00+00:00,3,BEAR,0.9999639596663639,True,14,False,BULL_STRUCTURE,BULL_STRUCTURE,1.0,0.9504897199586505628508753995,0.9504897199586505628508753995
2020-05-31 00:00:00+00:00,3,BEAR,0.9997010598902539,True,15,False,BULL_STRUCTURE,BULL_STRUCTURE,1.0,0.9492489059131546334666830615,0.9492489059131546334666830615
2020-06-01 00:00:00+00:00,3,BEAR,0.9957763334032644,True,16,False,BULL_STRUCTURE,BULL_STRUCTURE,1.0,0.9528161107627688761052706560,0.9528161107627688761052706560
2020-06-02 00:00:00+00:00,3,BEAR,0.4754573235614045,False,16,False,BULL_STRUCTURE,BULL_STRUCTURE,1.0,0.475,0.475
2020-06-03 00:00:00+00:00,3,BEAR,0.7727739440038871,True,17,False,BULL_STRUCTURE,BULL_STRUCTURE,1.0,0.95,0.95
2020-06-04 00:00:00+00:00,3,BEAR,0.8884294559363897,True,18,False,BULL_STRUCTURE,BULL_STRUCTURE,1.0,0.9511705580838526261858422451,0.9511705580838526261858422451
2020-06-05 00:00:00+00:00,3,BEAR,0.9342041974059581,True,19,False,BULL_STRUCTURE,BULL_STRUCTURE,1.0,0.9503607287540955104556672960,0.9503607287540955104556672960
2020-06-06 00:00:00+00:00,3,BEAR,0.9991041975434292,True,20,False,BULL_STRUCTURE,BULL_STRUCTURE,1.0,0.9505810801713787022647329711,0.9505810801713787022647329711
2020-06-07 00:00:00+00:00,3,BEAR,0.9999927007650427,True,21,False,BULL_STRUCTURE,BULL_STRUCTURE,1.0,0.9509701336664776772567502078,0.9509701336664776772567502078
2020-06-08 00:00:00+00:00,3,BEAR,0.9999925954786173,True,22,False,BULL_STRUCTURE,BULL_STRUCTURE,1.0,0.9511370857579975756927031215,0.9511370857579975756927031215
2020-06-09 00:00:00+00:00,3,BEAR,0.9999939147868258,True,23,False,BULL_STRUCTURE,BULL_STRUCTURE,1.0,0.9510915277612664786257593171,0.9510915277612664786257593171
2020-06-10 00:00:00+00:00,3,BEAR,0.9999890687256013,True,24,False,BULL_STRUCTURE,BULL_STRUCTURE,1.0,0.9516215503242114644731504569,0.9516215503242114644731504569
2020-06-11 00:00:00+00:00,3,BEAR,0.9962949586508384,True,25,False,BULL_STRUCTURE,BULL_STRUCTURE,1.0,0.9486316891565000189390555786,0.9486316891565000189390555786
2020-06-12 00:00:00+00:00,3,BEAR,0.9999321106078446,True,26,False,BULL_STRUCTURE,BULL_STRUCTURE,1.0,0.9495836944881136086074378294,0.9495836944881136086074378294
2020-06-13 00:00:00+00:00,3,BEAR,0.9997497904456454,True,27,False,BULL_STRUCTURE,BULL_STRUCTURE,1.0,0.9496251863835577548211963728,0.9496251863835577548211963728
2020-06-14 00:00:00+00:00,3,BEAR,0.9997458326150327,True,28,False,BULL_STRUCTURE,BULL_STRUCTURE,1.0,0.9489536335973095912332394955,0.9489536335973095912332394955
2020-06-15 00:00:00+00:00,3,BEAR,0.9986053015603963,True,29,False,BULL_STRUCTURE,BULL_STRUCTURE,1.0,0.9493850973952331827493952852,0.9493850973952331827493952852
2020-06-16 00:00:00+00:00,3,BEAR,0.9999981853136982,True,30,False,BULL_STRUCTURE,BULL_STRUCTURE,1.0,0.9498876566466849834535971033,0.9498876566466849834535971033
2020-06-17 00:00:00+00:00,3,BEAR,0.9999983643410549,True,31,False,BULL_STRUCTURE,BULL_STRUCTURE,1.0,0.9495837450679298611573147320,0.9495837450679298611573147320
2020-06-18 00:00:00+00:00,3,BEAR,0.9999976973976252,True,32,False,BULL_STRUCTURE,BULL_STRUCTURE,1.0,0.9491818977229967736307181049,0.9491818977229967736307181049
2020-06-19 00:00:00+00:00,3,BEAR,0.9999976484000764,True,33,False,BULL_STRUCTURE,BULL_STRUCTURE,1.0,0.9487878446404056708850292355,0.9487878446404056708850292355
2020-06-20 00:00:00+00:00,3,BEAR,0.9999964664292423,True,34,False,BULL_STRUCTURE,BULL_STRUCTURE,1.0,0.9490408548902415942178538736,0.9490408548902415942178538736
2020-06-21 00:00:00+00:00,3,BEAR,0.9999914463098535,True,35,False,BULL_STRUCTURE,BULL_STRUCTURE,1.0,0.9487066137736316113884568878,0.9487066137736316113884568878
2020-06-22 00:00:00+00:00,3,BEAR,0.9940155696507659,True,36,False,BULL_STRUCTURE,BULL_STRUCTURE,1.0,0.9506751331657946298039799417,0.9506751331657946298039799417
2020-06-23 00:00:00+00:00,3,BEAR,0.995694187075308,True,37,False,BULL_STRUCTURE,BULL_STRUCTURE,1.0,0.9503790112418215954714861104,0.9503790112418215954714861104
2020-06-24 00:00:00+00:00,3,BEAR,0.962735578433721,True,38,False,BULL_STRUCTURE,BULL_STRUCTURE,1.0,0.9487160359474296578844809485,0.9487160359474296578844809485
2020-06-25 00:00:00+00:00,3,BEAR,0.9411267517891253,True,39,False,BULL_STRUCTURE,BULL_STRUCTURE,1.0,0.9484688722176730686337268742,0.9484688722176730686337268742
2020-06-26 00:00:00+00:00,3,BEAR,0.9252527594253214,True,40,False,BULL_STRUCTURE,BULL_STRUCTURE,1.0,0.9480035068211211911164359008,0.9480035068211211911164359008
2020-06-27 00:00:00+00:00,3,BEAR,0.9998718738190631,True,41,False,BULL_STRUCTURE,BULL_STRUCTURE,1.0,0.9471826159310976610628847354,0.9471826159310976610628847354
2020-06-28 00:00:00+00:00,3,BEAR,0.9996684154235476,True,42,False,BULL_STRUCTURE,BULL_STRUCTURE,1.0,0.9477556028551133996710920168,0.9477556028551133996710920168
2020-06-29 00:00:00+00:00,3,BEAR,0.9999643586687615,True,43,False,BULL_STRUCTURE,BULL_STRUCTURE,1.0,0.9481662792269170250937677550,0.9481662792269170250937677550
2020-06-30 00:00:00+00:00,3,BEAR,0.9998624777691797,True,44,False,BULL_STRUCTURE,BULL_STRUCTURE,1.0,0.9478759032040647715768947698,0.9478759032040647715768947698
2020-07-01 00:00:00+00:00,3,BEAR,0.9992542678317842,True,45,False,BULL_STRUCTURE,BULL_STRUCTURE,1.0,0.9483762864254253934538351390,0.9483762864254253934538351390
2020-07-02 00:00:00+00:00,3,BEAR,0.9996370730401847,True,46,False,BULL_STRUCTURE,BULL_STRUCTURE,1.0,0.9475931882481083608511136229,0.9475931882481083608511136229
2020-07-03 00:00:00+00:00,3,BEAR,0.9994322753896697,True,47,False,BULL_STRUCTURE,BULL_STRUCTURE,1.0,0.9474381734205423093452004325,0.9474381734205423093452004325
2020-07-04 00:00:00+00:00,3,BEAR,0.9994313255486397,True,48,False,BULL_STRUCTURE,BULL_STRUCTURE,1.0,0.9478591918966772860429770808,0.9478591918966772860429770808
2020-07-05 00:00:00+00:00,3,BEAR,0.999693849712486,True,49,False,BULL_STRUCTURE,BULL_STRUCTURE,1.0,0.9474994007369741718025801164,0.9474994007369741718025801164
2020-07-06 00:00:00+00:00,3,BEAR,0.9966311043642616,True,50,False,BULL_STRUCTURE,BULL_STRUCTURE,1.0,0.9489645201900903141378869752,0.9489645201900903141378869752
2020-07-07 00:00:00+00:00,3,BEAR,0.9988988443390174,True,51,False,BULL_STRUCTURE,BULL_STRUCTURE,1.0,0.9485105831943649092320113575,0.9485105831943649092320113575
2020-07-08 00:00:00+00:00,3,BEAR,0.9891784157987736,True,52,False,BULL_STRUCTURE,BULL_STRUCTURE,1.0,0.9494362287410874438706529294,0.9494362287410874438706529294
2020-07-09 00:00:00+00:00,3,BEAR,0.9839078257448781,True,53,False,BULL_STRUCTURE,BULL_STRUCTURE,1.0,0.9483785666803636086646794032,0.9483785666803636086646794032
2020-07-10 00:00:00+00:00,3,BEAR,0.9927899972895747,True,54,False,BULL_STRUCTURE,BULL_STRUCTURE,1.0,0.9486733467696025202324515954,0.9486733467696025202324515954
2020-07-11 00:00:00+00:00,3,BEAR,0.9994013373970648,True,55,False,BULL_STRUCTURE,BULL_STRUCTURE,1.0,0.9483870495809114557412704344,0.9483870495809114557412704344
2020-07-12 00:00:00+00:00,3,BEAR,0.9969681843240298,True,56,False,BULL_STRUCTURE,BULL_STRUCTURE,1.0,0.9487487772384080738704916666,0.9487487772384080738704916666
2020-07-13 00:00:00+00:00,3,BEAR,0.9369483548370092,True,57,False,BULL_STRUCTURE,BULL_STRUCTURE,1.0,0.9484325445317255343689753995,0.9484325445317255343689753995
2020-07-14 00:00:00+00:00,3,BEAR,0.7970281081690894,True,58,False,BULL_STRUCTURE,BULL_STRUCTURE,1.0,0.9485024574932032053853096224,0.9485024574932032053853096224
2020-07-15 00:00:00+00:00,3,BEAR,0.5318311000532265,True,59,False,BULL_STRUCTURE,BULL_STRUCTURE,1.0,0.475,0.475
2020-07-16 00:00:00+00:00,3,BEAR,0.0038831347107665575,False,59,False,BULL_STRUCTURE,BULL_STRUCTURE,1.0,0.4735540584511451960594378672,0.4735540584511451960594378672
2020-07-17 00:00:00+00:00,3,BEAR,0.010718909862453607,False,59,False,BULL_STRUCTURE,BULL_STRUCTURE,1.0,0.4741157259233964765109917316,0.4741157259233964765109917316
2020-07-18 00:00:00+00:00,0,EUPHORIA,0.6520072690146419,True,3,False,BULL_STRUCTURE,BULL_STRUCTURE,1.0,0.4745500586016536960766882278,0.4745500586016536960766882278
2020-07-19 00:00:00+00:00,0,EUPHORIA,0.05619616687392908,False,3,False,BULL_STRUCTURE,BULL_STRUCTURE,1.0,0.4756005314923789037546352977,0.4756005314923789037546352977
2020-07-20 00:00:00+00:00,0,EUPHORIA,0.009717576173868306,False,3,False,BULL_STRUCTURE,BULL_STRUCTURE,1.0,0.4742916137142093240124148700,0.4742916137142093240124148700
2020-07-21 00:00:00+00:00,0,EUPHORIA,0.9989823017854266,True,4,False,BULL_STRUCTURE,BULL_STRUCTURE,1.0,0.4804573746931442147528692861,0.4804573746931442147528692861
2020-07-22 00:00:00+00:00,0,EUPHORIA,0.999022816231927,True,5,False,BULL_STRUCTURE,BULL_STRUCTURE,1.0,0.4838421071280792006119616290,0.4838421071280792006119616290
2020-07-23 00:00:00+00:00,0,EUPHORIA,0.9999103685298837,True,6,False,BULL_STRUCTURE,BULL_STRUCTURE,1.0,0.4860656162965613071360416246,0.4860656162965613071360416246
2020-07-24 00:00:00+00:00,0,EUPHORIA,0.9971923002082563,True,7,False,BULL_STRUCTURE,BULL_STRUCTURE,1.0,0.4843569104553395902969789693,0.4843569104553395902969789693
2020-07-25 00:00:00+00:00,0,EUPHORIA,0.991853102368405,True,8,False,BULL_STRUCTURE,BULL_STRUCTURE,1.0,0.4885803729012314949542774987,0.4885803729012314949542774987
2020-07-26 00:00:00+00:00,0,EUPHORIA,0.9999898053344052,True,9,False,BULL_STRUCTURE,BULL_STRUCTURE,1.0,0.4944652047765651094797150016,0.4944652047765651094797150016
2020-07-27 00:00:00+00:00,0,EUPHORIA,1.0,True,10,False,BULL_STRUCTURE,BULL_STRUCTURE,1.0,0.5206780915521454929071986209,0.5206780915521454929071986209
2020-07-28 00:00:00+00:00,0,EUPHORIA,0.9999999814599507,True,11,False,BULL_STRUCTURE,BULL_STRUCTURE,1.0,0.5178629485292767047390759620,0.5178629485292767047390759620
2020-07-29 00:00:00+00:00,0,EUPHORIA,0.9999998687021703,True,12,False,BULL_STRUCTURE,BULL_STRUCTURE,1.0,0.5222695613368247771271256620,0.5222695613368247771271256620
2020-07-30 00:00:00+00:00,0,EUPHORIA,0.9999999966307769,True,13,False,BULL_STRUCTURE,BULL_STRUCTURE,1.0,0.5222488818127326901459271269,0.5222488818127326901459271269
2020-07-31 00:00:00+00:00,0,EUPHORIA,0.9999994620417593,True,14,False,BULL_STRUCTURE,BULL_STRUCTURE,1.0,0.5274923008824314202513664405,0.5274923008824314202513664405
2020-08-01 00:00:00+00:00,0,EUPHORIA,0.19861294656462844,False,14,False,BULL_STRUCTURE,BULL_STRUCTURE,1.0,0.25,0.25
2020-08-02 00:00:00+00:00,0,EUPHORIA,0.9965266475132928,True,15,False,BULL_STRUCTURE,BULL_STRUCTURE,1.0,0.50,0.50
2020-08-03 00:00:00+00:00,0,EUPHORIA,0.9973006700249165,True,16,False,BULL_STRUCTURE,BULL_STRUCTURE,1.0,0.5034992541734334577217168902,0.5034992541734334577217168902
2020-08-04 00:00:00+00:00,0,EUPHORIA,0.998324983062434,True,17,False,BULL_STRUCTURE,BULL_STRUCTURE,1.0,0.5028781772567253662603117077,0.5028781772567253662603117077
2020-08-05 00:00:00+00:00,0,EUPHORIA,0.9998645836963977,True,18,False,BULL_STRUCTURE,BULL_STRUCTURE,1.0,0.5149296193114441085205079750,0.5149296193114441085205079750
2020-08-06 00:00:00+00:00,0,EUPHORIA,0.9597786503326621,True,19,False,BULL_STRUCTURE,BULL_STRUCTURE,1.0,0.5153025653705826237118726630,0.5153025653705826237118726630
2020-08-07 00:00:00+00:00,0,EUPHORIA,0.023647201839077172,False,19,False,BULL_STRUCTURE,BULL_STRUCTURE,1.0,0.25,0.25
2020-08-08 00:00:00+00:00,0,EUPHORIA,3.3901417081123856e-05,False,19,False,BULL_STRUCTURE,BULL_STRUCTURE,1.0,0.2527773785764048111945364614,0.2527773785764048111945364614
2020-08-09 00:00:00+00:00,1,NEUTRAL,0.9999070100030713,True,3,False,BULL_STRUCTURE,BULL_STRUCTURE,1.0,0.95,0.95
2020-08-10 00:00:00+00:00,1,NEUTRAL,0.9845165125925964,True,4,False,BULL_STRUCTURE,BULL_STRUCTURE,1.0,0.9516936807630721984146497240,0.9516936807630721984146497240
2020-08-11 00:00:00+00:00,1,NEUTRAL,0.9856429335830627,True,5,False,BULL_STRUCTURE,BULL_STRUCTURE,1.0,0.9496768207019267307906611786,0.9496768207019267307906611786
2020-08-12 00:00:00+00:00,1,NEUTRAL,0.9991852379605022,True,6,False,BULL_STRUCTURE,BULL_STRUCTURE,1.0,0.9503891951205861841892784514,0.9503891951205861841892784514
2020-08-13 00:00:00+00:00,1,NEUTRAL,0.998375034724537,True,7,False,BULL_STRUCTURE,BULL_STRUCTURE,1.0,0.9512532013072901912583489559,0.9512532013072901912583489559
2020-08-14 00:00:00+00:00,1,NEUTRAL,0.9999142511833347,True,8,False,BULL_STRUCTURE,BULL_STRUCTURE,1.0,0.9511764788021868394224708584,0.9511764788021868394224708584
2020-08-15 00:00:00+00:00,1,NEUTRAL,0.9999275185130664,True,9,False,BULL_STRUCTURE,BULL_STRUCTURE,1.0,0.9515365386626919533067784806,0.9515365386626919533067784806
2020-08-16 00:00:00+00:00,1,NEUTRAL,0.9999785887298777,True,10,False,BULL_STRUCTURE,BULL_STRUCTURE,1.0,0.9517634691532006178544023536,0.9517634691532006178544023536
2020-08-17 00:00:00+00:00,1,NEUTRAL,0.9997117170718092,True,11,False,BULL_STRUCTURE,BULL_STRUCTURE,1.0,0.9531491170104469251434214742,0.9531491170104469251434214742
2020-08-18 00:00:00+00:00,1,NEUTRAL,0.9998135421824113,True,12,False,BULL_STRUCTURE,BULL_STRUCTURE,1.0,0.9518942020431765771249132616,0.9518942020431765771249132616
2020-08-19 00:00:00+00:00,1,NEUTRAL,0.9997939319505904,True,13,False,BULL_STRUCTURE,BULL_STRUCTURE,1.0,0.9511529722492613269137903104,0.9511529722492613269137903104
2020-08-20 00:00:00+00:00,1,NEUTRAL,0.9999322635112741,True,14,False,BULL_STRUCTURE,BULL_STRUCTURE,1.0,0.9515410126149456736245889366,0.9515410126149456736245889366
2020-08-21 00:00:00+00:00,1,NEUTRAL,0.9994514369217017,True,15,False,BULL_STRUCTURE,BULL_STRUCTURE,1.0,0.9502543240932373324370161449,0.9502543240932373324370161449
2020-08-22 00:00:00+00:00,1,NEUTRAL,0.9988287891501849,True,16,False,BULL_STRUCTURE,BULL_STRUCTURE,1.0,0.9507880916462549065114858971,0.9507880916462549065114858971
2020-08-23 00:00:00+00:00,1,NEUTRAL,0.9991272027746819,True,17,False,BULL_STRUCTURE,BULL_STRUCTURE,1.0,0.9507285238309305929377940214,0.9507285238309305929377940214
2020-08-24 00:00:00+00:00,1,NEUTRAL,0.9985254370142147,True,18,False,BULL_STRUCTURE,BULL_STRUCTURE,1.0,0.9511277021760187384146234012,0.9511277021760187384146234012
2020-08-25 00:00:00+00:00,1,NEUTRAL,0.9771708972480987,True,19,False,BULL_STRUCTURE,BULL_STRUCTURE,1.0,0.9493659014536717805481153826,0.9493659014536717805481153826
2020-08-26 00:00:00+00:00,1,NEUTRAL,0.5041706523546989,True,20,False,BULL_STRUCTURE,BULL_STRUCTURE,1.0,0.475,0.475
2020-08-27 00:00:00+00:00,1,NEUTRAL,0.04652976548684763,False,20,False,BULL_STRUCTURE,BULL_STRUCTURE,1.0,0.4724259523718283414192345710,0.4724259523718283414192345710
2020-08-28 00:00:00+00:00,1,NEUTRAL,1.3605659455443158e-05,False,20,False,BULL_STRUCTURE,BULL_STRUCTURE,1.0,0.4767139768987932829343216507,0.4767139768987932829343216507
2020-08-29 00:00:00+00:00,3,BEAR,0.9978957167132897,True,3,False,BULL_STRUCTURE,BULL_STRUCTURE,1.0,0.95,0.95
2020-08-30 00:00:00+00:00,3,BEAR,0.9999491136023607,True,4,False,BULL_STRUCTURE,BULL_STRUCTURE,1.0,0.9515707747626238066439096154,0.9515707747626238066439096154
2020-08-31 00:00:00+00:00,3,BEAR,0.9997397447113789,True,5,False,BULL_STRUCTURE,BULL_STRUCTURE,1.0,0.9513269584563432641739622498,0.9513269584563432641739622498
2020-09-01 00:00:00+00:00,3,BEAR,0.9609894940201436,True,6,False,BULL_STRUCTURE,BULL_STRUCTURE,1.0,0.9523863496918202413948373590,0.9523863496918202413948373590
2020-09-02 00:00:00+00:00,3,BEAR,0.026840470233264253,False,6,False,BULL_STRUCTURE,BULL_STRUCTURE,1.0,0.475,0.475
2020-09-03 00:00:00+00:00,3,BEAR,1.4268992746107127e-10,False,6,False,BULL_STRUCTURE,BULL_STRUCTURE,1.0,0.4464698721937447190521996167,0.4464698721937447190521996167
2020-09-04 00:00:00+00:00,0,EUPHORIA,0.999994838451263,True,3,False,BULL_STRUCTURE,BULL_STRUCTURE,1.0,0.4538137859169873248790852278,0.4538137859169873248790852278
2020-09-05 00:00:00+00:00,0,EUPHORIA,0.9999928676361074,True,4,False,BULL_STRUCTURE,BULL_STRUCTURE,1.0,0.4470988825214850628465489676,0.4470988825214850628465489676
2020-09-06 00:00:00+00:00,0,EUPHORIA,0.9997115897869943,True,5,False,BULL_STRUCTURE,BULL_STRUCTURE,1.0,0.4492667705212614220017332746,0.4492667705212614220017332746
2020-09-07 00:00:00+00:00,0,EUPHORIA,0.9976752039356526,True,6,False,BULL_STRUCTURE,BULL_STRUCTURE,1.0,0.4520806807613522458898598604,0.4520806807613522458898598604
2020-09-08 00:00:00+00:00,0,EUPHORIA,0.9817016852761691,True,7,False,BULL_STRUCTURE,BULL_STRUCTURE,1.0,0.4461235988942301708976253892,0.4461235988942301708976253892
2020-09-09 00:00:00+00:00,0,EUPHORIA,0.9925871587867843,True,8,False,BULL_STRUCTURE,BULL_STRUCTURE,1.0,0.4483727133699734112948906459,0.4483727133699734112948906459
2020-09-10 00:00:00+00:00,0,EUPHORIA,0.9689490437867343,True,9,False,BULL_STRUCTURE,BULL_STRUCTURE,1.0,0.4512060446010249607069839268,0.4512060446010249607069839268
2020-09-11 00:00:00+00:00,0,EUPHORIA,0.9779816670001202,True,10,False,BULL_STRUCTURE,BULL_STRUCTURE,1.0,0.4524255100953017338628176008,0.4524255100953017338628176008
2020-09-12 00:00:00+00:00,0,EUPHORIA,0.3922698842113718,False,10,False,BULL_STRUCTURE,BULL_STRUCTURE,1.0,0.4536872872977146481963630479,0.4536872872977146481963630479
2020-09-13 00:00:00+00:00,0,EUPHORIA,0.00021438332223541428,False,10,False,BULL_STRUCTURE,BULL_STRUCTURE,1.0,0.4511092495546827758624828568,0.4511092495546827758624828568
2020-09-14 00:00:00+00:00,3,BEAR,0.9999887254006204,True,3,False,BULL_STRUCTURE,BULL_STRUCTURE,1.0,0.95,0.95
2020-09-15 00:00:00+00:00,3,BEAR,0.9999974090321216,True,4,False,BULL_STRUCTURE,BULL_STRUCTURE,1.0,0.9511010351106789517986542829,0.9511010351106789517986542829
2020-09-16 00:00:00+00:00,3,BEAR,0.9999991822490917,True,5,False,BULL_STRUCTURE,BULL_STRUCTURE,1.0,0.9518178309105184440979692165,0.9518178309105184440979692165
2020-09-17 00:00:00+00:00,3,BEAR,0.9999993190060695,True,6,False,BULL_STRUCTURE,BULL_STRUCTURE,1.0,0.9517590624307099314543220369,0.9517590624307099314543220369
2020-09-18 00:00:00+00:00,3,BEAR,0.9999996136403588,True,7,False,BULL_STRUCTURE,BULL_STRUCTURE,1.0,0.9517313471546148295776911976,0.9517313471546148295776911976
2020-09-19 00:00:00+00:00,3,BEAR,0.9999999138576677,True,8,False,BULL_STRUCTURE,BULL_STRUCTURE,1.0,0.9523422579400378153469017171,0.9523422579400378153469017171
2020-09-20 00:00:00+00:00,3,BEAR,0.9999997229875064,True,9,False,BULL_STRUCTURE,BULL_STRUCTURE,1.0,0.9516761999752728489873260117,0.9516761999752728489873260117
2020-09-21 00:00:00+00:00,3,BEAR,0.9998552965894214,True,10,False,BULL_STRUCTURE,BULL_STRUCTURE,1.0,0.9494605255632430136580152856,0.9494605255632430136580152856
2020-09-22 00:00:00+00:00,3,BEAR,0.9999888415349699,True,11,False,BULL_STRUCTURE,BULL_STRUCTURE,1.0,0.9499729824816181183317205833,0.9499729824816181183317205833
2020-09-23 00:00:00+00:00,3,BEAR,0.9739213633930379,True,12,False,BULL_STRUCTURE,BULL_STRUCTURE,1.0,0.9486377350261724089678705805,0.9486377350261724089678705805
2020-09-24 00:00:00+00:00,3,BEAR,0.05181732772167073,False,12,False,BULL_STRUCTURE,BULL_STRUCTURE,1.0,0.475,0.475
2020-09-25 00:00:00+00:00,3,BEAR,0.0021881494323141865,False,12,False,BULL_STRUCTURE,BULL_STRUCTURE,1.0,0.4741373413311562163970484195,0.4741373413311562163970484195
2020-09-26 00:00:00+00:00,1,BEAR,0.9235830172742348,True,1,False,BULL_STRUCTURE,BULL_STRUCTURE,1.0,0.95,0.95
2020-09-27 00:00:00+00:00,1,BEAR,0.9766516409595385,True,2,False,BULL_STRUCTURE,BULL_STRUCTURE,1.0,0.9507850509223337733640632934,0.9507850509223337733640632934
2020-09-28 00:00:00+00:00,1,BEAR,0.998590670459518,True,3,False,BULL_STRUCTURE,BULL_STRUCTURE,1.0,0.9504433746302745649220027332,0.9504433746302745649220027332
2020-09-29 00:00:00+00:00,1,BEAR,0.9993059569657111,True,4,False,BULL_STRUCTURE,BULL_STRUCTURE,1.0,0.9510710181270735412590709160,0.9510710181270735412590709160
2020-09-30 00:00:00+00:00,1,BEAR,0.9990352627482333,True,5,False,BULL_STRUCTURE,BULL_STRUCTURE,1.0,0.9507952115028816761343027046,0.9507952115028816761343027046
2020-10-01 00:00:00+00:00,1,BEAR,0.9905899187585898,True,6,False,BULL_STRUCTURE,BULL_STRUCTURE,1.0,0.9501020109247050849328142142,0.9501020109247050849328142142
2020-10-02 00:00:00+00:00,1,BEAR,0.9878552774850866,True,7,False,BULL_STRUCTURE,BULL_STRUCTURE,1.0,0.9498835074336164951601766334,0.9498835074336164951601766334
2020-10-03 00:00:00+00:00,1,BEAR,0.9990115547505761,True,8,False,BULL_STRUCTURE,BULL_STRUCTURE,1.0,0.9497555496022132685127219337,0.9497555496022132685127219337
2020-10-04 00:00:00+00:00,1,BEAR,0.9983266360382342,True,9,False,BULL_STRUCTURE,BULL_STRUCTURE,1.0,0.9503131731217345604963103413,0.9503131731217345604963103413
2020-10-05 00:00:00+00:00,1,BEAR,0.9981825960525643,True,10,False,BULL_STRUCTURE,BULL_STRUCTURE,1.0,0.9508629282249288907004898004,0.9508629282249288907004898004
2020-10-06 00:00:00+00:00,1,BEAR,0.985909096617341,True,11,False,BULL_STRUCTURE,BULL_STRUCTURE,1.0,0.9500149371254930868377455573,0.9500149371254930868377455573
2020-10-07 00:00:00+00:00,1,BEAR,0.9993727274712678,True,12,False,BULL_STRUCTURE,BULL_STRUCTURE,1.0,0.9503121106893279268068919022,0.9503121106893279268068919022
2020-10-08 00:00:00+00:00,1,BEAR,0.9988891737018611,True,13,False,BULL_STRUCTURE,BULL_STRUCTURE,1.0,0.9514335774464791581123576649,0.9514335774464791581123576649
2020-10-09 00:00:00+00:00,1,BEAR,0.999326093524174,True,14,False,BULL_STRUCTURE,BULL_STRUCTURE,1.0,0.9519568393194164171553429683,0.9519568393194164171553429683
2020-10-10 00:00:00+00:00,1,BEAR,0.9988265699965748,True,15,False,BULL_STRUCTURE,BULL_STRUCTURE,1.0,0.9529402489221848099258223186,0.9529402489221848099258223186
2020-10-11 00:00:00+00:00,1,BEAR,0.9991805310887186,True,16,False,BULL_STRUCTURE,BULL_STRUCTURE,1.0,0.9532393360735125989622542587,0.9532393360735125989622542587
2020-10-12 00:00:00+00:00,1,BEAR,0.9914294540487154,True,17,False,BULL_STRUCTURE,BULL_STRUCTURE,1.0,0.9538553984970154189390526929,0.9538553984970154189390526929
2020-10-13 00:00:00+00:00,1,BEAR,0.9984641839675872,True,18,False,BULL_STRUCTURE,BULL_STRUCTURE,1.0,0.9534405376115272798290193155,0.9534405376115272798290193155
2020-10-14 00:00:00+00:00,1,BEAR,0.9843041504467072,True,19,False,BULL_STRUCTURE,BULL_STRUCTURE,1.0,0.9534301570165066434445084040,0.9534301570165066434445084040
2020-10-15 00:00:00+00:00,1,BEAR,0.8885408503543679,True,20,False,BULL_STRUCTURE,BULL_STRUCTURE,1.0,0.9537669179835154085516386550,0.9537669179835154085516386550
2020-10-16 00:00:00+00:00,1,BEAR,0.9368784685908458,True,21,False,BULL_STRUCTURE,BULL_STRUCTURE,1.0,0.9530436636977044937893380774,0.9530436636977044937893380774
2020-10-17 00:00:00+00:00,1,BEAR,0.9476034051764799,True,22,False,BULL_STRUCTURE,BULL_STRUCTURE,1.0,0.9532047302279375086250480220,0.9532047302279375086250480220
2020-10-18 00:00:00+00:00,1,BEAR,0.9648261269102629,True,23,False,BULL_STRUCTURE,BULL_STRUCTURE,1.0,0.9537593280070562191329192720,0.9537593280070562191329192720
2020-10-19 00:00:00+00:00,1,BEAR,0.8030333001622186,True,24,False,BULL_STRUCTURE,BULL_STRUCTURE,1.0,0.9546922052651562433288694535,0.9546922052651562433288694535
2020-10-20 00:00:00+00:00,1,BEAR,0.002499748521855792,False,24,False,BULL_STRUCTURE,BULL_STRUCTURE,1.0,0.475,0.475
2020-10-21 00:00:00+00:00,1,BEAR,2.807469003222025e-17,False,24,False,BULL_STRUCTURE,BULL_STRUCTURE,1.0,0.4929207778949415087192328952,0.4929207778949415087192328952
2020-10-22 00:00:00+00:00,2,NEUTRAL,0.9999998589487504,True,3,False,BULL_STRUCTURE,BULL_STRUCTURE,1.0,0.95,0.95
2020-10-23 00:00:00+00:00,2,NEUTRAL,0.999999985863724,True,4,False,BULL_STRUCTURE,BULL_STRUCTURE,1.0,0.9503933771093533592731309463,0.9503933771093533592731309463
2020-10-24 00:00:00+00:00,2,NEUTRAL,0.9999999991214281,True,5,False,BULL_STRUCTURE,BULL_STRUCTURE,1.0,0.9510722258144593769221532236,0.9510722258144593769221532236
2020-10-25 00:00:00+00:00,2,NEUTRAL,0.9999999999977263,True,6,False,BULL_STRUCTURE,BULL_STRUCTURE,1.0,0.9507762318273105412431371159,0.9507762318273105412431371159
2020-10-26 00:00:00+00:00,2,NEUTRAL,1.0,True,7,False,BULL_STRUCTURE,BULL_STRUCTURE,1.0,0.9508600003557728527842402867,0.9508600003557728527842402867
2020-10-27 00:00:00+00:00,2,NEUTRAL,1.0,True,8,False,BULL_STRUCTURE,BULL_STRUCTURE,1.0,0.9528652673832258355283463657,0.9528652673832258355283463657
2020-10-28 00:00:00+00:00,2,NEUTRAL,1.0,True,9,False,BULL_STRUCTURE,BULL_STRUCTURE,1.0,0.9516150632186569482842486324,0.9516150632186569482842486324
2020-10-29 00:00:00+00:00,2,NEUTRAL,1.0,True,10,False,BULL_STRUCTURE,BULL_STRUCTURE,1.0,0.9522632669520820507553316338,0.9522632669520820507553316338
2020-10-30 00:00:00+00:00,2,NEUTRAL,1.0,True,11,False,BULL_STRUCTURE,BULL_STRUCTURE,1.0,0.9526133789364565316000958083,0.9526133789364565316000958083
2020-10-31 00:00:00+00:00,2,NEUTRAL,1.0,True,12,False,BULL_STRUCTURE,BULL_STRUCTURE,1.0,0.9533697680902194444992080621,0.9533697680902194444992080621
2020-11-01 00:00:00+00:00,2,NEUTRAL,1.0,True,13,False,BULL_STRUCTURE,BULL_STRUCTURE,1.0,0.9532744793065628416762365000,0.9532744793065628416762365000
2020-11-02 00:00:00+00:00,2,NEUTRAL,1.0,True,14,False,BULL_STRUCTURE,BULL_STRUCTURE,1.0,0.9525776321717985041180444781,0.9525776321717985041180444781
2020-11-03 00:00:00+00:00,2,NEUTRAL,1.0,True,15,False,BULL_STRUCTURE,BULL_STRUCTURE,1.0,0.9541074795322598721270368389,0.9541074795322598721270368389
2020-11-04 00:00:00+00:00,2,NEUTRAL,1.0,True,16,False,BULL_STRUCTURE,BULL_STRUCTURE,1.0,0.9544806020171539554008133848,0.9544806020171539554008133848
2020-11-05 00:00:00+00:00,2,NEUTRAL,0.9999999999940883,True,17,False,BULL_STRUCTURE,BULL_STRUCTURE,1.0,0.9585275323259150363910518143,0.9585275323259150363910518143
2020-11-06 00:00:00+00:00,2,NEUTRAL,1.0,True,18,False,BULL_STRUCTURE,BULL_STRUCTURE,1.0,0.9585017626507814292409153495,0.9585017626507814292409153495
2020-11-07 00:00:00+00:00,2,NEUTRAL,1.0,True,19,False,BULL_STRUCTURE,BULL_STRUCTURE,1.0,0.9564617295935347667825194080,0.9564617295935347667825194080
2020-11-08 00:00:00+00:00,2,NEUTRAL,0.9999999999372449,True,20,False,BULL_STRUCTURE,BULL_STRUCTURE,1.0,0.9582324162353421652980824513,0.9582324162353421652980824513
2020-11-09 00:00:00+00:00,2,NEUTRAL,0.9999999999972715,True,21,False,BULL_STRUCTURE,BULL_STRUCTURE,1.0,0.9578495561825404364705607668,0.9578495561825404364705607668
2020-11-10 00:00:00+00:00,2,NEUTRAL,1.0,True,22,False,BULL_STRUCTURE,BULL_STRUCTURE,1.0,0.9577672173917053457528526139,0.9577672173917053457528526139
2020-11-11 00:00:00+00:00,2,NEUTRAL,0.9999999999931788,True,23,False,BULL_STRUCTURE,BULL_STRUCTURE,1.0,0.9587663972068959799368383426,0.9587663972068959799368383426
2020-11-12 00:00:00+00:00,2,NEUTRAL,0.9999999999995453,True,24,False,BULL_STRUCTURE,BULL_STRUCTURE,1.0,0.9602431026316449385995077091,0.9602431026316449385995077091
2020-11-13 00:00:00+00:00,2,NEUTRAL,1.0,True,25,False,BULL_STRUCTURE,BULL_STRUCTURE,1.0,0.9603105679644484458764141800,0.9603105679644484458764141800
2020-11-14 00:00:00+00:00,2,NEUTRAL,1.0,True,26,False,BULL_STRUCTURE,BULL_STRUCTURE,1.0,0.9597174182722323501874461025,0.9597174182722323501874461025
2020-11-15 00:00:00+00:00,2,NEUTRAL,1.0,True,27,False,BULL_STRUCTURE,BULL_STRUCTURE,1.0,0.9594426354588993494710145329,0.9594426354588993494710145329
2020-11-16 00:00:00+00:00,2,NEUTRAL,1.0,True,28,False,BULL_STRUCTURE,BULL_STRUCTURE,1.0,0.9612073183975436314080624569,0.9612073183975436314080624569
2020-11-17 00:00:00+00:00,2,NEUTRAL,1.0,True,29,False,BULL_STRUCTURE,BULL_STRUCTURE,1.0,0.9632085556703490696958074773,0.9632085556703490696958074773
2020-11-18 00:00:00+00:00,2,NEUTRAL,1.0,True,30,False,BULL_STRUCTURE,BULL_STRUCTURE,1.0,0.9634413405837440852626114430,0.9634413405837440852626114430
2020-11-19 00:00:00+00:00,2,NEUTRAL,1.0,True,31,False,BULL_STRUCTURE,BULL_STRUCTURE,1.0,0.9634941682971322024526634956,0.9634941682971322024526634956
2020-11-20 00:00:00+00:00,2,NEUTRAL,1.0,True,32,False,BULL_STRUCTURE,BULL_STRUCTURE,1.0,0.9651048084791765191229726637,0.9651048084791765191229726637
2020-11-21 00:00:00+00:00,2,NEUTRAL,1.0,True,33,False,BULL_STRUCTURE,BULL_STRUCTURE,1.0,0.9651914777368111138880398612,0.9651914777368111138880398612
2020-11-22 00:00:00+00:00,2,NEUTRAL,1.0,True,34,False,BULL_STRUCTURE,BULL_STRUCTURE,1.0,0.9646638145470127246847928122,0.9646638145470127246847928122
2020-11-23 00:00:00+00:00,2,NEUTRAL,1.0,True,35,False,BULL_STRUCTURE,BULL_STRUCTURE,1.0,0.9645776569304286988966949462,0.9645776569304286988966949462
2020-11-24 00:00:00+00:00,2,NEUTRAL,1.0,True,36,False,BULL_STRUCTURE,BULL_STRUCTURE,1.0,0.9659921010477771687029765472,0.9659921010477771687029765472
2020-11-25 00:00:00+00:00,2,NEUTRAL,1.0,True,37,False,BULL_STRUCTURE,BULL_STRUCTURE,1.0,0.9652189567684158212248751356,0.9652189567684158212248751356
2020-11-26 00:00:00+00:00,2,NEUTRAL,0.9999984891399025,True,38,False,BULL_STRUCTURE,BULL_STRUCTURE,1.0,0.9621560240133928296600894255,0.9621560240133928296600894255
2020-11-27 00:00:00+00:00,2,NEUTRAL,0.9992821599591416,True,39,False,BULL_STRUCTURE,BULL_STRUCTURE,1.0,0.9621348863418087226102362290,0.9621348863418087226102362290
2020-11-28 00:00:00+00:00,2,NEUTRAL,0.7817351438178796,True,40,False,BULL_STRUCTURE,BULL_STRUCTURE,1.0,0.9633295044878351735397190423,0.9633295044878351735397190423
2020-11-29 00:00:00+00:00,2,NEUTRAL,0.22213422505850847,False,40,False,BULL_STRUCTURE,BULL_STRUCTURE,1.0,0.475,0.475
2020-11-30 00:00:00+00:00,2,NEUTRAL,0.0006665143837315271,False,40,False,BULL_STRUCTURE,BULL_STRUCTURE,1.0,0.4952344883917941250021884080,0.4952344883917941250021884080
2020-12-01 00:00:00+00:00,2,NEUTRAL,0.9669062221671567,True,41,False,BULL_STRUCTURE,BULL_STRUCTURE,1.0,0.95,0.95
2020-12-02 00:00:00+00:00,2,NEUTRAL,0.9997458561763244,True,42,False,BULL_STRUCTURE,BULL_STRUCTURE,1.0,0.9516515755697294745150011311,0.9516515755697294745150011311
2020-12-03 00:00:00+00:00,2,NEUTRAL,0.9998798677639353,True,43,False,BULL_STRUCTURE,BULL_STRUCTURE,1.0,0.9521678515754724601505861126,0.9521678515754724601505861126
2020-12-04 00:00:00+00:00,2,NEUTRAL,0.9987222703323964,True,44,False,BULL_STRUCTURE,BULL_STRUCTURE,1.0,0.9502878747081301148040334936,0.9502878747081301148040334936
2020-12-05 00:00:00+00:00,2,NEUTRAL,0.9999236048044282,True,45,False,BULL_STRUCTURE,BULL_STRUCTURE,1.0,0.9515159964646776780133720077,0.9515159964646776780133720077
2020-12-06 00:00:00+00:00,2,NEUTRAL,0.9998565902060927,True,46,False,BULL_STRUCTURE,BULL_STRUCTURE,1.0,0.9520208390064020167907602757,0.9520208390064020167907602757
2020-12-07 00:00:00+00:00,2,NEUTRAL,0.9992038547863966,True,47,False,BULL_STRUCTURE,BULL_STRUCTURE,1.0,0.9515623079698163784810481369,0.9515623079698163784810481369
2020-12-08 00:00:00+00:00,2,NEUTRAL,0.9496165514910537,True,48,False,BULL_STRUCTURE,BULL_STRUCTURE,1.0,0.9494471115489920527147065660,0.9494471115489920527147065660
2020-12-09 00:00:00+00:00,2,NEUTRAL,0.7445655692225103,True,49,False,BULL_STRUCTURE,BULL_STRUCTURE,1.0,0.9500096265388578219796815164,0.9500096265388578219796815164
2020-12-10 00:00:00+00:00,2,NEUTRAL,0.1781853708073679,False,49,False,BULL_STRUCTURE,BULL_STRUCTURE,1.0,0.475,0.475
2020-12-11 00:00:00+00:00,2,NEUTRAL,0.006486136302143561,False,49,False,BULL_STRUCTURE,BULL_STRUCTURE,1.0,0.4722933930334399099707093291,0.4722933930334399099707093291
2020-12-12 00:00:00+00:00,1,BEAR,0.9997451208446979,True,3,False,BULL_STRUCTURE,BULL_STRUCTURE,1.0,0.95,0.95
2020-12-13 00:00:00+00:00,1,BEAR,0.9999960143379514,True,4,False,BULL_STRUCTURE,BULL_STRUCTURE,1.0,0.9514751509282647741528013396,0.9514751509282647741528013396
2020-12-14 00:00:00+00:00,1,BEAR,0.9999963651000723,True,5,False,BULL_STRUCTURE,BULL_STRUCTURE,1.0,0.9517103344050141736533039080,0.9517103344050141736533039080
2020-12-15 00:00:00+00:00,1,BEAR,0.9999990640931006,True,6,False,BULL_STRUCTURE,BULL_STRUCTURE,1.0,0.9520731160674975562554861284,0.9520731160674975562554861284
2020-12-16 00:00:00+00:00,1,BEAR,0.3221665555394832,False,6,False,BULL_STRUCTURE,BULL_STRUCTURE,1.0,0.475,0.475
2020-12-17 00:00:00+00:00,1,BEAR,7.686490890574228e-13,False,6,False,BULL_STRUCTURE,BULL_STRUCTURE,1.0,0.4918434373667788625718593679,0.4918434373667788625718593679
2020-12-18 00:00:00+00:00,4,BULL,0.973059475640701,True,3,False,BULL_STRUCTURE,BULL_STRUCTURE,1.0,0.95,0.95
2020-12-19 00:00:00+00:00,4,BULL,0.9393463744607714,True,4,False,BULL_STRUCTURE,BULL_STRUCTURE,1.0,0.9519725332858041967367006028,0.9519725332858041967367006028
2020-12-20 00:00:00+00:00,4,BULL,0.9570556320653301,True,5,False,BULL_STRUCTURE,BULL_STRUCTURE,1.0,0.9512594644260589188170495421,0.9512594644260589188170495421
2020-12-21 00:00:00+00:00,4,BULL,0.34081629484947074,False,5,False,BULL_STRUCTURE,BULL_STRUCTURE,1.0,0.475,0.475
2020-12-22 00:00:00+00:00,4,BULL,0.023995500862263288,False,5,False,BULL_STRUCTURE,BULL_STRUCTURE,1.0,0.4869998083076185936842081148,0.4869998083076185936842081148
2020-12-23 00:00:00+00:00,2,NEUTRAL,0.9989949007038054,True,3,False,BULL_STRUCTURE,BULL_STRUCTURE,1.0,0.95,0.95
2020-12-24 00:00:00+00:00,2,NEUTRAL,0.9994188003394592,True,4,False,BULL_STRUCTURE,BULL_STRUCTURE,1.0,0.9515642806179633022994236529,0.9515642806179633022994236529
2020-12-25 00:00:00+00:00,2,NEUTRAL,0.9992901655112908,True,5,False,BULL_STRUCTURE,BULL_STRUCTURE,1.0,0.9534016576822555027892681033,0.9534016576822555027892681033
2020-12-26 00:00:00+00:00,2,NEUTRAL,0.9941764443498778,True,6,False,BULL_STRUCTURE,BULL_STRUCTURE,1.0,0.9563974780436855274031472314,0.9563974780436855274031472314
2020-12-27 00:00:00+00:00,2,NEUTRAL,0.9998979364060537,True,7,False,BULL_STRUCTURE,BULL_STRUCTURE,1.0,0.9560616421518520326880309847,0.9560616421518520326880309847
2020-12-28 00:00:00+00:00,2,NEUTRAL,0.9999886617126098,True,8,False,BULL_STRUCTURE,BULL_STRUCTURE,1.0,0.9573007806489673145616014422,0.9573007806489673145616014422
2020-12-29 00:00:00+00:00,2,NEUTRAL,0.9999988159709308,True,9,False,BULL_STRUCTURE,BULL_STRUCTURE,1.0,0.9577571345045666302729061138,0.9577571345045666302729061138
2020-12-30 00:00:00+00:00,2,NEUTRAL,0.9999997126351858,True,10,False,BULL_STRUCTURE,BULL_STRUCTURE,1.0,0.9598501397818827257874285952,0.9598501397818827257874285952
2020-12-31 00:00:00+00:00,2,NEUTRAL,0.9999999997494342,True,11,False,BULL_STRUCTURE,BULL_STRUCTURE,1.0,0.9599142191827252300762174512,0.9599142191827252300762174512
2021-01-01 00:00:00+00:00,2,NEUTRAL,0.9999999999859028,True,12,False,BULL_STRUCTURE,BULL_STRUCTURE,1.0,0.9604498332464052812426912820,0.9604498332464052812426912820
2021-01-02 00:00:00+00:00,2,NEUTRAL,0.9999999945143827,True,13,False,BULL_STRUCTURE,BULL_STRUCTURE,1.0,0.9638220401927065202457816735,0.9638220401927065202457816735
2021-01-03 00:00:00+00:00,2,NEUTRAL,0.999999999990905,True,14,False,BULL_STRUCTURE,BULL_STRUCTURE,1.0,0.9646910838537524465198066880,0.9646910838537524465198066880
2021-01-04 00:00:00+00:00,2,NEUTRAL,0.999999999737156,True,15,False,BULL_STRUCTURE,BULL_STRUCTURE,1.0,0.9636153902852696433416622186,0.9636153902852696433416622186
2021-01-05 00:00:00+00:00,2,NEUTRAL,0.9999999470041999,True,16,False,BULL_STRUCTURE,BULL_STRUCTURE,1.0,0.9656446564965170575915675027,0.9656446564965170575915675027
2021-01-06 00:00:00+00:00,2,NEUTRAL,0.9999930922947283,True,17,False,BULL_STRUCTURE,BULL_STRUCTURE,1.0,0.9681955612226364633402577721,0.9681955612226364633402577721
2021-01-07 00:00:00+00:00,2,NEUTRAL,0.9999987037225981,True,18,False,BULL_STRUCTURE,BULL_STRUCTURE,1.0,0.9702795282115610569758525128,0.9702795282115610569758525128
2021-01-08 00:00:00+00:00,2,NEUTRAL,0.9999995407207425,True,19,False,BULL_STRUCTURE,BULL_STRUCTURE,1.0,0.9710977564856260242814622803,0.9710977564856260242814622803
2021-01-09 00:00:00+00:00,2,NEUTRAL,0.9999984490940027,True,20,False,BULL_STRUCTURE,BULL_STRUCTURE,1.0,0.9707516033815071420924145259,0.9707516033815071420924145259
2021-01-10 00:00:00+00:00,2,NEUTRAL,0.9999946594395441,True,21,False,BULL_STRUCTURE,BULL_STRUCTURE,1.0,0.9693112497375077031631921232,0.9693112497375077031631921232
2021-01-11 00:00:00+00:00,2,NEUTRAL,0.9712281939380744,True,22,False,BULL_STRUCTURE,BULL_STRUCTURE,1.0,0.9670099065584776394841149877,0.9670099065584776394841149877
2021-01-12 00:00:00+00:00,2,NEUTRAL,0.9952862448230544,True,23,False,BULL_STRUCTURE,BULL_STRUCTURE,1.0,0.9657437595254722863474648999,0.9657437595254722863474648999
2021-01-13 00:00:00+00:00,2,NEUTRAL,3.674535398932618e-07,False,23,False,BULL_STRUCTURE,BULL_STRUCTURE,1.0,0.475,0.475
2021-01-14 00:00:00+00:00,2,NEUTRAL,8.349586272086973e-06,False,23,False,BULL_STRUCTURE,BULL_STRUCTURE,1.0,0.4868762581912759640951466808,0.4868762581912759640951466808
2021-01-15 00:00:00+00:00,4,BULL,0.9997516777468476,True,3,False,BULL_STRUCTURE,BULL_STRUCTURE,1.0,0.95,0.95
2021-01-16 00:00:00+00:00,4,BULL,0.9451181329817254,True,4,False,BULL_STRUCTURE,BULL_STRUCTURE,1.0,0.9496231339740568031228489853,0.9496231339740568031228489853
2021-01-17 00:00:00+00:00,4,BULL,0.816493554490763,True,5,False,BULL_STRUCTURE,BULL_STRUCTURE,1.0,0.9494010455568896429321809938,0.9494010455568896429321809938
2021-01-18 00:00:00+00:00,4,BULL,0.142693490656543,False,5,False,BULL_STRUCTURE,BULL_STRUCTURE,1.0,0.475,0.475
2021-01-19 00:00:00+00:00,4,BULL,0.004288501859662344,False,5,False,BULL_STRUCTURE,BULL_STRUCTURE,1.0,0.4702678044128103349824422742,0.4702678044128103349824422742
2021-01-20 00:00:00+00:00,2,NEUTRAL,0.9544872207401842,True,3,False,BULL_STRUCTURE,BULL_STRUCTURE,1.0,0.95,0.95
2021-01-21 00:00:00+00:00,2,NEUTRAL,5.425368736384087e-07,False,3,False,BULL_STRUCTURE,BULL_STRUCTURE,1.0,0.475,0.475
2021-01-22 00:00:00+00:00,2,NEUTRAL,5.367857176198073e-12,False,3,False,BULL_STRUCTURE,BULL_STRUCTURE,1.0,0.4916809500430945834195638217,0.4916809500430945834195638217
2021-01-23 00:00:00+00:00,4,BULL,0.9565921748592087,True,3,False,BULL_STRUCTURE,BULL_STRUCTURE,1.0,0.95,0.95
2021-01-24 00:00:00+00:00,4,BULL,0.9440643481373605,True,4,False,BULL_STRUCTURE,BULL_STRUCTURE,1.0,0.9508390378911193763990693398,0.9508390378911193763990693398
2021-01-25 00:00:00+00:00,4,BULL,0.5747533933163259,True,5,False,BULL_STRUCTURE,BULL_STRUCTURE,1.0,0.9508307772798458452473520588,0.9508307772798458452473520588
2021-01-26 00:00:00+00:00,4,BULL,1.0704547016430798e-06,False,5,False,BULL_STRUCTURE,BULL_STRUCTURE,1.0,0.475,0.475
2021-01-27 00:00:00+00:00,4,BULL,5.4412753692733865e-06,False,5,False,BULL_STRUCTURE,BULL_STRUCTURE,1.0,0.4586669116431540607216023510,0.4586669116431540607216023510
2021-01-28 00:00:00+00:00,1,BEAR,0.9994350703184188,True,3,False,BULL_STRUCTURE,BULL_STRUCTURE,1.0,0.95,0.95
2021-01-29 00:00:00+00:00,1,BEAR,0.00015895510833489592,False,3,False,BULL_STRUCTURE,BULL_STRUCTURE,1.0,0.475,0.475
2021-01-30 00:00:00+00:00,1,BEAR,0.9925551785938795,True,4,False,BULL_STRUCTURE,BULL_STRUCTURE,1.0,0.95,0.95
2021-01-31 00:00:00+00:00,1,BEAR,0.9975239071848007,True,5,False,BULL_STRUCTURE,BULL_STRUCTURE,1.0,0.9489287504412218369517081514,0.9489287504412218369517081514
2021-02-01 00:00:00+00:00,1,BEAR,0.9999973151675138,True,6,False,BULL_STRUCTURE,BULL_STRUCTURE,1.0,0.9495556374255705321862314232,0.9495556374255705321862314232
2021-02-02 00:00:00+00:00,1,BEAR,0.9999993637481771,True,7,False,BULL_STRUCTURE,BULL_STRUCTURE,1.0,0.9521828212325175750648921302,0.9521828212325175750648921302
2021-02-03 00:00:00+00:00,1,BEAR,0.9999939478208371,True,8,False,BULL_STRUCTURE,BULL_STRUCTURE,1.0,0.9547953307300688772929255797,0.9547953307300688772929255797
2021-02-04 00:00:00+00:00,1,BEAR,0.9998496136022931,True,9,False,BULL_STRUCTURE,BULL_STRUCTURE,1.0,0.9539988200690287153592728811,0.9539988200690287153592728811
2021-02-05 00:00:00+00:00,1,BEAR,0.9999393310454981,True,10,False,BULL_STRUCTURE,BULL_STRUCTURE,1.0,0.9555527071608128924853236358,0.9555527071608128924853236358
2021-02-06 00:00:00+00:00,1,BEAR,0.9996983667331633,True,11,False,BULL_STRUCTURE,BULL_STRUCTURE,1.0,0.9565255612583711525764490153,0.9565255612583711525764490153
2021-02-07 00:00:00+00:00,1,BEAR,0.9999543754264846,True,12,False,BULL_STRUCTURE,BULL_STRUCTURE,1.0,0.9561063711111987452367485125,0.9561063711111987452367485125
2021-02-08 00:00:00+00:00,1,BEAR,0.0006589494304267875,False,12,False,BULL_STRUCTURE,BULL_STRUCTURE,1.0,0.475,0.475
2021-02-09 00:00:00+00:00,1,BEAR,0.0009105275880966993,False,12,False,BULL_STRUCTURE,BULL_STRUCTURE,1.0,0.4755460880589387942202146548,0.4755460880589387942202146548
2021-02-10 00:00:00+00:00,4,BULL,0.9999812328698038,True,3,False,BULL_STRUCTURE,BULL_STRUCTURE,1.0,0.95,0.95
2021-02-11 00:00:00+00:00,4,BULL,0.9999818063720121,True,4,False,BULL_STRUCTURE,BULL_STRUCTURE,1.0,0.9537018951775691366001460746,0.9537018951775691366001460746
2021-02-12 00:00:00+00:00,4,BULL,0.9999504011538821,True,5,False,BULL_STRUCTURE,BULL_STRUCTURE,1.0,0.9530655895121476977741932423,0.9530655895121476977741932423
2021-02-13 00:00:00+00:00,4,BULL,0.01024564413045538,False,5,False,BULL_STRUCTURE,BULL_STRUCTURE,1.0,0.475,0.475
2021-02-14 00:00:00+00:00,4,BULL,6.816048935157399e-05,False,5,False,BULL_STRUCTURE,BULL_STRUCTURE,1.0,0.4827038227221610671988976465,0.4827038227221610671988976465
2021-02-15 00:00:00+00:00,2,NEUTRAL,0.9999922670980362,True,3,False,BULL_STRUCTURE,BULL_STRUCTURE,1.0,0.95,0.95
2021-02-16 00:00:00+00:00,2,NEUTRAL,0.9999985838236194,True,4,False,BULL_STRUCTURE,BULL_STRUCTURE,1.0,0.9517513899400116281993303647,0.9517513899400116281993303647
2021-02-17 00:00:00+00:00,2,NEUTRAL,0.9999755772109162,True,5,False,BULL_STRUCTURE,BULL_STRUCTURE,1.0,0.9543897630108450952840370979,0.9543897630108450952840370979
2021-02-18 00:00:00+00:00,2,NEUTRAL,0.9999936530113215,True,6,False,BULL_STRUCTURE,BULL_STRUCTURE,1.0,0.9539111472622088792315845448,0.9539111472622088792315845448
2021-02-19 00:00:00+00:00,2,NEUTRAL,0.9996750272728548,True,7,False,BULL_STRUCTURE,BULL_STRUCTURE,1.0,0.9573470070630418971378392544,0.9573470070630418971378392544
2021-02-20 00:00:00+00:00,2,NEUTRAL,0.9999921034916771,True,8,False,BULL_STRUCTURE,BULL_STRUCTURE,1.0,0.9572996172764685580430269294,0.9572996172764685580430269294
2021-02-21 00:00:00+00:00,2,NEUTRAL,0.9999982366727721,True,9,False,BULL_STRUCTURE,BULL_STRUCTURE,1.0,0.9584169533663090851915380225,0.9584169533663090851915380225
2021-02-22 00:00:00+00:00,2,NEUTRAL,0.9995534402346922,True,10,False,BULL_STRUCTURE,BULL_STRUCTURE,1.0,0.9559762167414906886957931564,0.9559762167414906886957931564
2021-02-23 00:00:00+00:00,2,NEUTRAL,0.004335518102393706,False,10,False,BULL_STRUCTURE,BULL_STRUCTURE,1.0,0.475,0.475
2021-02-24 00:00:00+00:00,2,NEUTRAL,0.0002403815719124011,False,10,False,BULL_STRUCTURE,BULL_STRUCTURE,1.0,0.4792683138148809959301420170,0.4792683138148809959301420170
2021-02-25 00:00:00+00:00,4,BULL,0.9997147877015521,True,3,False,BULL_STRUCTURE,BULL_STRUCTURE,1.0,0.95,0.95
2021-02-26 00:00:00+00:00,4,BULL,0.999627191756508,True,4,False,BULL_STRUCTURE,BULL_STRUCTURE,1.0,0.9497902886004453445134532773,0.9497902886004453445134532773
2021-02-27 00:00:00+00:00,4,BULL,0.9867577455964964,True,5,False,BULL_STRUCTURE,BULL_STRUCTURE,1.0,0.9496140322076355272687840974,0.9496140322076355272687840974
2021-02-28 00:00:00+00:00,4,BULL,0.29928217677280655,False,5,False,BULL_STRUCTURE,BULL_STRUCTURE,1.0,0.475,0.475
2021-03-01 00:00:00+00:00,4,BULL,0.9929436816101,True,6,False,BULL_STRUCTURE,BULL_STRUCTURE,1.0,0.95,0.95
2021-03-02 00:00:00+00:00,4,BULL,0.9344014901442783,True,7,False,BULL_STRUCTURE,BULL_STRUCTURE,1.0,0.9494370268203272855536282519,0.9494370268203272855536282519
2021-03-03 00:00:00+00:00,4,BULL,0.7954538855279368,True,8,False,BULL_STRUCTURE,BULL_STRUCTURE,1.0,0.9512604195271520248276332174,0.9512604195271520248276332174
2021-03-04 00:00:00+00:00,4,BULL,0.48113943702877765,False,8,False,BULL_STRUCTURE,BULL_STRUCTURE,1.0,0.475,0.475
2021-03-05 00:00:00+00:00,4,BULL,0.0014821468982895956,False,8,False,BULL_STRUCTURE,BULL_STRUCTURE,1.0,0.4772319345904571253553128395,0.4772319345904571253553128395
2021-03-06 00:00:00+00:00,1,BEAR,0.9999956490254658,True,3,False,BULL_STRUCTURE,BULL_STRUCTURE,1.0,0.95,0.95
2021-03-07 00:00:00+00:00,1,BEAR,0.999999255150492,True,4,False,BULL_STRUCTURE,BULL_STRUCTURE,1.0,0.9525128597692766301381092315,0.9525128597692766301381092315
2021-03-08 00:00:00+00:00,1,BEAR,0.9999994681476487,True,5,False,BULL_STRUCTURE,BULL_STRUCTURE,1.0,0.9537264219857159480992153332,0.9537264219857159480992153332
2021-03-09 00:00:00+00:00,1,BEAR,0.999999182411891,True,6,False,BULL_STRUCTURE,BULL_STRUCTURE,1.0,0.9557484387208488116332207576,0.9557484387208488116332207576
2021-03-10 00:00:00+00:00,1,BEAR,0.9999566925981652,True,7,False,BULL_STRUCTURE,BULL_STRUCTURE,1.0,0.9564813247522296531671248054,0.9564813247522296531671248054
2021-03-11 00:00:00+00:00,1,BEAR,0.9999107413811733,True,8,False,BULL_STRUCTURE,BULL_STRUCTURE,1.0,0.9578677974650559585891548635,0.9578677974650559585891548635
2021-03-12 00:00:00+00:00,1,BEAR,0.9998255899712502,True,9,False,BULL_STRUCTURE,BULL_STRUCTURE,1.0,0.9574790381613087231400663320,0.9574790381613087231400663320
2021-03-13 00:00:00+00:00,1,BEAR,0.9941773957458799,True,10,False,BULL_STRUCTURE,BULL_STRUCTURE,1.0,0.9601256374523459822613231634,0.9601256374523459822613231634
2021-03-14 00:00:00+00:00,1,BEAR,0.65726147612033,True,11,False,BULL_STRUCTURE,BULL_STRUCTURE,1.0,0.9586864403328142633387586065,0.9586864403328142633387586065
2021-03-15 00:00:00+00:00,1,BEAR,0.0025963801152291545,False,11,False,BULL_STRUCTURE,BULL_STRUCTURE,1.0,0.475,0.475
2021-03-16 00:00:00+00:00,1,BEAR,9.745014558388717e-05,False,11,False,BULL_STRUCTURE,BULL_STRUCTURE,1.0,0.4810433175724767848543102448,0.4810433175724767848543102448
2021-03-17 00:00:00+00:00,4,BULL,0.9999673719778694,True,3,False,BULL_STRUCTURE,BULL_STRUCTURE,1.0,0.95,0.95
2021-03-18 00:00:00+00:00,4,BULL,0.9997841380007506,True,4,False,BULL_STRUCTURE,BULL_STRUCTURE,1.0,0.9495381570409082480784991769,0.9495381570409082480784991769
2021-03-19 00:00:00+00:00,4,BULL,0.9959242114803217,True,5,False,BULL_STRUCTURE,BULL_STRUCTURE,1.0,0.9498535557489945207252635238,0.9498535557489945207252635238
2021-03-20 00:00:00+00:00,4,BULL,0.2633068658143391,False,5,False,BULL_STRUCTURE,BULL_STRUCTURE,1.0,0.475,0.475
2021-03-21 00:00:00+00:00,4,BULL,0.1434227163975101,False,5,False,BULL_STRUCTURE,BULL_STRUCTURE,1.0,0.4720606869996313591399993382,0.4720606869996313591399993382
2021-03-22 00:00:00+00:00,4,BULL,0.26204788501584914,False,5,False,BULL_STRUCTURE,BULL_STRUCTURE,1.0,0.4574657231682971393721301012,0.4574657231682971393721301012
2021-03-23 00:00:00+00:00,4,BULL,0.017402714853167113,False,5,False,BULL_STRUCTURE,BULL_STRUCTURE,1.0,0.4586454754846665261909732283,0.4586454754846665261909732283
2021-03-24 00:00:00+00:00,1,BEAR,0.6612526081178914,True,3,False,BULL_STRUCTURE,BULL_STRUCTURE,1.0,0.95,0.95
2021-03-25 00:00:00+00:00,1,BEAR,0.5042280777839396,True,4,False,BULL_STRUCTURE,BULL_STRUCTURE,1.0,0.475,0.475
2021-03-26 00:00:00+00:00,1,BEAR,0.10204731725264288,False,4,False,BULL_STRUCTURE,BULL_STRUCTURE,1.0,0.4928302609836024630906420746,0.4928302609836024630906420746
2021-03-27 00:00:00+00:00,2,STRONG_BULL,0.6622940305281869,True,1,False,BULL_STRUCTURE,BULL_STRUCTURE,1.0,0.95,0.95
2021-03-28 00:00:00+00:00,2,STRONG_BULL,0.03432563212835181,False,1,False,BULL_STRUCTURE,BULL_STRUCTURE,1.0,0.475,0.475
2021-03-29 00:00:00+00:00,2,STRONG_BULL,0.016371393671128227,False,1,False,BULL_STRUCTURE,BULL_STRUCTURE,1.0,0.4834698358616367894394052084,0.4834698358616367894394052084
2021-03-30 00:00:00+00:00,1,WEAK_BEAR,0.9299875175711003,True,3,False,BULL_STRUCTURE,BULL_STRUCTURE,1.0,0.95,0.95
2021-03-31 00:00:00+00:00,1,WEAK_BEAR,0.27059158208569833,False,3,False,BULL_STRUCTURE,BULL_STRUCTURE,1.0,0.475,0.475
2021-04-01 00:00:00+00:00,1,WEAK_BEAR,0.04248144718586025,False,3,False,BULL_STRUCTURE,BULL_STRUCTURE,1.0,0.4752124324902044983749685949,0.4752124324902044983749685949
2021-04-02 00:00:00+00:00,4,WEAK_BULL,0.9876470588744953,True,3,False,BULL_STRUCTURE,BULL_STRUCTURE,1.0,0.95,0.95
2021-04-03 00:00:00+00:00,4,WEAK_BULL,0.014541341542135567,False,3,False,BULL_STRUCTURE,BULL_STRUCTURE,1.0,0.475,0.475
2021-04-04 00:00:00+00:00,4,WEAK_BULL,0.05565356930801114,False,3,False,BULL_STRUCTURE,BULL_STRUCTURE,1.0,0.4802724004872196866174886947,0.4802724004872196866174886947
2021-04-05 00:00:00+00:00,4,WEAK_BULL,0.0810022307874348,False,3,False,BULL_STRUCTURE,BULL_STRUCTURE,1.0,0.4842219820966879321624447770,0.4842219820966879321624447770
2021-04-06 00:00:00+00:00,1,WEAK_BEAR,0.988790323957755,True,3,False,BULL_STRUCTURE,BULL_STRUCTURE,1.0,0.95,0.95
2021-04-07 00:00:00+00:00,1,WEAK_BEAR,0.9155742886682274,True,4,False,BULL_STRUCTURE,BULL_STRUCTURE,1.0,0.9488741436661411617382603917,0.9488741436661411617382603917
2021-04-08 00:00:00+00:00,1,WEAK_BEAR,0.982132792803848,True,5,False,BULL_STRUCTURE,BULL_STRUCTURE,1.0,0.9506516975942955725197710618,0.9506516975942955725197710618
2021-04-09 00:00:00+00:00,1,WEAK_BEAR,0.9944636359431809,True,6,False,BULL_STRUCTURE,BULL_STRUCTURE,1.0,0.9507041627030867191618816434,0.9507041627030867191618816434
2021-04-10 00:00:00+00:00,1,WEAK_BEAR,0.8291022284862879,True,7,False,BULL_STRUCTURE,BULL_STRUCTURE,1.0,0.9519813065983959195903709288,0.9519813065983959195903709288
2021-04-11 00:00:00+00:00,1,WEAK_BEAR,0.9895968641691141,True,8,False,BULL_STRUCTURE,BULL_STRUCTURE,1.0,0.9521590795780056658158941106,0.9521590795780056658158941106
2021-04-12 00:00:00+00:00,1,WEAK_BEAR,0.07972982897612424,False,8,False,BULL_STRUCTURE,BULL_STRUCTURE,1.0,0.475,0.475
2021-04-13 00:00:00+00:00,1,WEAK_BEAR,4.805636775563652e-05,False,8,False,BULL_STRUCTURE,BULL_STRUCTURE,1.0,0.4903276327504644980623455861,0.4903276327504644980623455861
2021-04-14 00:00:00+00:00,1,WEAK_BEAR,9.68708388970862e-07,False,8,False,BULL_STRUCTURE,BULL_STRUCTURE,1.0,0.4878967476993840417420627855,0.4878967476993840417420627855
2021-04-15 00:00:00+00:00,2,STRONG_BULL,0.9939571491723522,True,3,False,BULL_STRUCTURE,BULL_STRUCTURE,1.0,0.95,0.95
2021-04-16 00:00:00+00:00,2,STRONG_BULL,0.9999809191810131,True,4,False,BULL_STRUCTURE,BULL_STRUCTURE,1.0,0.9491736558956924748543392503,0.9491736558956924748543392503
2021-04-17 00:00:00+00:00,2,STRONG_BULL,0.9993906905153522,True,5,False,BULL_STRUCTURE,BULL_STRUCTURE,1.0,0.9481070826988413698483186730,0.9481070826988413698483186730
2021-04-18 00:00:00+00:00,2,STRONG_BULL,0.999999999998181,True,6,False,BULL_STRUCTURE,BULL_STRUCTURE,1.0,0.9447397914345543815663289247,0.9447397914345543815663289247
2021-04-19 00:00:00+00:00,2,STRONG_BULL,0.9999997331624756,True,7,False,BULL_STRUCTURE,BULL_STRUCTURE,1.0,0.60,0.60
2021-04-20 00:00:00+00:00,2,STRONG_BULL,0.9999996732254283,True,8,False,BULL_STRUCTURE,BULL_STRUCTURE,1.0,0.95,0.95
2021-04-21 00:00:00+00:00,2,STRONG_BULL,0.9999968166481004,True,9,False,BULL_STRUCTURE,BULL_STRUCTURE,1.0,0.60,0.60
2021-04-22 00:00:00+00:00,2,STRONG_BULL,0.9999983907982128,True,10,False,BULL_STRUCTURE,BULL_STRUCTURE,1.0,0.5906939254313269518771576823,0.5906939254313269518771576823
2021-04-23 00:00:00+00:00,2,STRONG_BULL,0.9999994390174588,True,11,False,BULL_STRUCTURE,BULL_STRUCTURE,1.0,0.5880301868831694103168988773,0.5880301868831694103168988773
2021-04-24 00:00:00+00:00,2,STRONG_BULL,0.9992449372543958,True,12,False,BULL_STRUCTURE,BULL_STRUCTURE,1.0,0.5828614780375478577840982063,0.5828614780375478577840982063
2021-04-25 00:00:00+00:00,2,STRONG_BULL,0.9997974402888463,True,13,False,BULL_STRUCTURE,BULL_STRUCTURE,1.0,0.5780403245284621771949331066,0.5780403245284621771949331066
2021-04-26 00:00:00+00:00,2,STRONG_BULL,0.7939875420646374,True,14,False,BULL_STRUCTURE,BULL_STRUCTURE,1.0,0.6012225422984826829877781250,0.6012225422984826829877781250
2021-04-27 00:00:00+00:00,2,STRONG_BULL,0.9766672607909759,True,15,False,BULL_STRUCTURE,BULL_STRUCTURE,1.0,0.95,0.95
2021-04-28 00:00:00+00:00,2,STRONG_BULL,0.9794497618171477,True,16,False,BULL_STRUCTURE,BULL_STRUCTURE,1.0,0.9502822012748866424665100481,0.9502822012748866424665100481
2021-04-29 00:00:00+00:00,2,STRONG_BULL,0.9791195896684751,True,17,False,BULL_STRUCTURE,BULL_STRUCTURE,1.0,0.60,0.60
2021-04-30 00:00:00+00:00,2,STRONG_BULL,0.9998342969657511,True,18,False,BULL_STRUCTURE,BULL_STRUCTURE,1.0,0.95,0.95
2021-05-01 00:00:00+00:00,2,STRONG_BULL,0.9993362387800304,True,19,False,BULL_STRUCTURE,BULL_STRUCTURE,1.0,0.9504941586617418525088630746,0.9504941586617418525088630746
2021-05-02 00:00:00+00:00,2,STRONG_BULL,0.9991512174586461,True,20,False,BULL_STRUCTURE,BULL_STRUCTURE,1.0,0.9494787974259207084474571338,0.9494787974259207084474571338
2021-05-03 00:00:00+00:00,2,STRONG_BULL,0.9943633819774839,True,21,False,BULL_STRUCTURE,BULL_STRUCTURE,1.0,0.9499750949107715241598796344,0.9499750949107715241598796344
2021-05-04 00:00:00+00:00,2,STRONG_BULL,0.9875284273821385,True,22,False,BULL_STRUCTURE,BULL_STRUCTURE,1.0,0.60,0.60
2021-05-05 00:00:00+00:00,2,STRONG_BULL,0.999999996090537,True,23,False,BULL_STRUCTURE,BULL_STRUCTURE,1.0,0.95,0.95
2021-05-06 00:00:00+00:00,2,STRONG_BULL,0.9999997117247819,True,24,False,BULL_STRUCTURE,BULL_STRUCTURE,1.0,0.9495382159587924193481008634,0.9495382159587924193481008634
2021-05-07 00:00:00+00:00,2,STRONG_BULL,0.999998774051461,True,25,False,BULL_STRUCTURE,BULL_STRUCTURE,1.0,0.9503088596254086512189851360,0.9503088596254086512189851360
2021-05-08 00:00:00+00:00,2,STRONG_BULL,0.9999859737296519,True,26,False,BULL_STRUCTURE,BULL_STRUCTURE,1.0,0.9515518007034839810701832927,0.9515518007034839810701832927
2021-05-09 00:00:00+00:00,2,STRONG_BULL,0.995321465666853,True,27,False,BULL_STRUCTURE,BULL_STRUCTURE,1.0,0.9510603312662826118509478614,0.9510603312662826118509478614
2021-05-10 00:00:00+00:00,2,STRONG_BULL,0.9992954844076377,True,28,False,BULL_STRUCTURE,BULL_STRUCTURE,1.0,0.9490426852015007156237802278,0.9490426852015007156237802278
2021-05-11 00:00:00+00:00,2,STRONG_BULL,0.9944075892360532,True,29,False,BULL_STRUCTURE,BULL_STRUCTURE,1.0,0.9497719232786602644327478654,0.9497719232786602644327478654
2021-05-12 00:00:00+00:00,2,STRONG_BULL,0.9999842841109832,True,30,False,BULL_STRUCTURE,BULL_STRUCTURE,1.0,0.60,0.60
2021-05-13 00:00:00+00:00,2,STRONG_BULL,0.8612127549238374,True,31,False,BULL_STRUCTURE,BULL_STRUCTURE,1.0,0.6009140794747659639220314601,0.6009140794747659639220314601
2021-05-14 00:00:00+00:00,2,STRONG_BULL,0.9999996064071504,True,32,False,BULL_STRUCTURE,BULL_STRUCTURE,1.0,0.6017354796552101725614812036,0.6017354796552101725614812036
2021-05-15 00:00:00+00:00,2,STRONG_BULL,0.9998864192463862,True,33,False,BULL_STRUCTURE,BULL_STRUCTURE,1.0,0.5863621206682103231153871946,0.5863621206682103231153871946
2021-05-16 00:00:00+00:00,2,STRONG_BULL,0.00561450805573539,False,33,False,BULL_STRUCTURE,BULL_STRUCTURE,1.0,0.30,0.30
2021-05-17 00:00:00+00:00,2,STRONG_BULL,0.9972784763411816,True,34,False,BULL_STRUCTURE,BULL_STRUCTURE,1.0,0.60,0.60
2021-05-18 00:00:00+00:00,2,STRONG_BULL,0.990919673997359,True,35,False,BULL_STRUCTURE,BULL_STRUCTURE,1.0,0.5964147242184366963157463570,0.5964147242184366963157463570
2021-05-19 00:00:00+00:00,2,STRONG_BULL,2.560320139125926e-12,False,35,False,TRANSITION,BULL_STRUCTURE,0.6,0.30,0.30
2021-05-20 00:00:00+00:00,2,STRONG_BULL,0.9920015014717075,True,36,False,TRANSITION,BULL_STRUCTURE,0.6,0.60,0.60
2021-05-21 00:00:00+00:00,2,STRONG_BULL,0.9999873893761353,True,37,False,TRANSITION,BULL_STRUCTURE,0.6,0.5798467729640373235906264136,0.5798467729640373235906264136
2021-05-22 00:00:00+00:00,2,STRONG_BULL,0.9999999706828935,True,38,False,TRANSITION,BULL_STRUCTURE,0.6,0.5811358750192179907662205404,0.5811358750192179907662205404
2021-05-23 00:00:00+00:00,2,STRONG_BULL,0.9999999999899956,True,39,False,TRANSITION,TRANSITION,0.6,0.5621488695038755056360544898,0.5621488695038755056360544898
2021-05-24 00:00:00+00:00,2,STRONG_BULL,1.0,True,40,False,TRANSITION,TRANSITION,0.6,0.5895260126524848957450818900,0.5895260126524848957450818900
2021-05-25 00:00:00+00:00,2,STRONG_BULL,0.9999995672415961,True,41,False,TRANSITION,TRANSITION,0.6,0.5865634481519621287336018945,0.5865634481519621287336018945
2021-05-26 00:00:00+00:00,2,STRONG_BULL,1.0,True,42,False,TRANSITION,TRANSITION,0.6,0.5922867953690761571694096847,0.5922867953690761571694096847
2021-05-27 00:00:00+00:00,2,STRONG_BULL,0.9999999957176442,True,43,False,TRANSITION,TRANSITION,0.6,0.5878582013499826508973870788,0.5878582013499826508973870788
2021-05-28 00:00:00+00:00,2,STRONG_BULL,0.9999999610290623,True,44,False,TRANSITION,TRANSITION,0.6,0.5690090237557879226839193422,0.5690090237557879226839193422
2021-05-29 00:00:00+00:00,2,STRONG_BULL,0.7871225122051093,True,45,False,TRANSITION,TRANSITION,0.6,0.5616064164263216520022589059,0.5616064164263216520022589059
2021-05-30 00:00:00+00:00,2,STRONG_BULL,0.9999997467657843,True,46,False,TRANSITION,TRANSITION,0.6,0.5688561751301643303270871417,0.5688561751301643303270871417
2021-05-31 00:00:00+00:00,2,STRONG_BULL,0.9999999999990905,True,47,False,TRANSITION,TRANSITION,0.6,0.5796741483996602968050604997,0.5796741483996602968050604997
2021-06-01 00:00:00+00:00,2,STRONG_BULL,1.0,True,48,False,TRANSITION,TRANSITION,0.6,0.5759745790017552613470103848,0.5759745790017552613470103848
2021-06-02 00:00:00+00:00,2,STRONG_BULL,0.9999970100088056,True,49,False,TRANSITION,TRANSITION,0.6,0.5817234601407814455496294865,0.5817234601407814455496294865
2021-06-03 00:00:00+00:00,2,STRONG_BULL,0.9965119786616894,True,50,False,TRANSITION,TRANSITION,0.6,0.5923168232389727449363066271,0.5923168232389727449363066271
2021-06-04 00:00:00+00:00,2,STRONG_BULL,0.9999999999899956,True,51,False,TRANSITION,TRANSITION,0.6,0.5768772652022113486161750403,0.5768772652022113486161750403
2021-06-05 00:00:00+00:00,2,STRONG_BULL,0.9999999999954525,True,52,False,TRANSITION,TRANSITION,0.6,0.5679730799293005341406116394,0.5679730799293005341406116394
2021-06-06 00:00:00+00:00,2,STRONG_BULL,0.99999999995498,True,53,False,TRANSITION,TRANSITION,0.6,0.5699204207904268076233795252,0.5699204207904268076233795252
2021-06-07 00:00:00+00:00,2,STRONG_BULL,0.9999999999149622,True,54,False,TRANSITION,TRANSITION,0.6,0.5539891154710963755122527816,0.5539891154710963755122527816
2021-06-08 00:00:00+00:00,2,STRONG_BULL,0.0031550670590580294,False,54,False,TRANSITION,TRANSITION,0.6,0.30,0.30
2021-06-09 00:00:00+00:00,2,STRONG_BULL,0.9956037360250264,True,55,False,TRANSITION,TRANSITION,0.6,0.60,0.60
2021-06-10 00:00:00+00:00,2,STRONG_BULL,0.9492976198185269,True,56,False,TRANSITION,TRANSITION,0.6,0.5955894589082070362899118433,0.5955894589082070362899118433
2021-06-11 00:00:00+00:00,2,STRONG_BULL,0.9979078613405108,True,57,False,TRANSITION,TRANSITION,0.6,0.5998539073584582583075208116,0.5998539073584582583075208116
2021-06-12 00:00:00+00:00,2,STRONG_BULL,0.9988566257876266,True,58,False,TRANSITION,TRANSITION,0.6,0.5880322734981303973398528623,0.5880322734981303973398528623
2021-06-13 00:00:00+00:00,2,STRONG_BULL,0.9946712331764158,True,59,False,TRANSITION,TRANSITION,0.6,0.6104240493125695713106350039,0.6
2021-06-14 00:00:00+00:00,2,STRONG_BULL,0.9850456420052046,True,60,False,TRANSITION,TRANSITION,0.6,0.6090006593129299994063200511,0.6
2021-06-15 00:00:00+00:00,2,STRONG_BULL,0.9999080635129718,True,61,False,TRANSITION,TRANSITION,0.6,0.5977892205985791924199824235,0.5977892205985791924199824235
2021-06-16 00:00:00+00:00,2,STRONG_BULL,0.9999458589718692,True,62,False,TRANSITION,TRANSITION,0.6,0.5867428635651181980639320926,0.5867428635651181980639320926
2021-06-17 00:00:00+00:00,2,STRONG_BULL,0.9998481202990164,True,63,False,TRANSITION,TRANSITION,0.6,0.5851175898939352376348043795,0.5851175898939352376348043795
2021-06-18 00:00:00+00:00,2,STRONG_BULL,0.9881803274912424,True,64,False,TRANSITION,TRANSITION,0.6,0.5701075297844821753298190723,0.5701075297844821753298190723
2021-06-19 00:00:00+00:00,2,STRONG_BULL,0.08960812427981363,False,64,False,TRANSITION,TRANSITION,0.6,0.30,0.30
2021-06-20 00:00:00+00:00,2,STRONG_BULL,0.0007155102292666903,False,64,False,TRANSITION,TRANSITION,0.6,0.3007924767811497913998228617,0.3007924767811497913998228617
2021-06-21 00:00:00+00:00,0,CRASH,0.9999808560942093,True,3,False,TRANSITION,TRANSITION,0.6,0.2763904403630682141631868288,0.2763904403630682141631868288
2021-06-22 00:00:00+00:00,0,CRASH,0.9999950483083736,True,4,False,TRANSITION,TRANSITION,0.6,0.2820444583320686688997724561,0.2820444583320686688997724561
2021-06-23 00:00:00+00:00,0,CRASH,0.9965657735611796,True,5,False,TRANSITION,TRANSITION,0.6,0.2892498217475824108457214941,0.2892498217475824108457214941
2021-06-24 00:00:00+00:00,0,CRASH,0.8819568971506536,True,6,False,TRANSITION,TRANSITION,0.6,0.2952123335094762021644443246,0.2952123335094762021644443246
2021-06-25 00:00:00+00:00,0,CRASH,0.10648096532620761,False,6,False,TRANSITION,TRANSITION,0.6,0.2762355152203108308888472408,0.2762355152203108308888472408
2021-06-26 00:00:00+00:00,0,CRASH,3.227726717689524e-05,False,6,False,TRANSITION,TRANSITION,0.6,0.2806345479395162746375831814,0.2806345479395162746375831814
2021-06-27 00:00:00+00:00,2,STRONG_BULL,0.9999999983469934,True,3,False,TRANSITION,TRANSITION,0.6,0.60,0.60
2021-06-28 00:00:00+00:00,2,STRONG_BULL,0.9999999607534854,True,4,False,TRANSITION,TRANSITION,0.6,0.5987969766535455608062709531,0.5987969766535455608062709531
2021-06-29 00:00:00+00:00,2,STRONG_BULL,0.9999990061578892,True,5,False,TRANSITION,TRANSITION,0.6,0.6084276718296563293513672966,0.6
2021-06-30 00:00:00+00:00,2,STRONG_BULL,0.9999933895164973,True,6,False,TRANSITION,TRANSITION,0.6,0.5941288666633747639970596917,0.5941288666633747639970596917
2021-07-01 00:00:00+00:00,2,STRONG_BULL,0.9999993988623815,True,7,False,TRANSITION,TRANSITION,0.6,0.5832460207640364728617616230,0.5832460207640364728617616230
2021-07-02 00:00:00+00:00,2,STRONG_BULL,0.9999954783249815,True,8,False,TRANSITION,TRANSITION,0.6,0.5852808768045635268424357478,0.5852808768045635268424357478
2021-07-03 00:00:00+00:00,2,STRONG_BULL,0.9991925391800534,True,9,False,TRANSITION,TRANSITION,0.6,0.5915259713461035490742556806,0.5915259713461035490742556806
2021-07-04 00:00:00+00:00,2,STRONG_BULL,0.9989562053220757,True,10,False,TRANSITION,TRANSITION,0.6,0.5957838869779512777195398972,0.5957838869779512777195398972
2021-07-05 00:00:00+00:00,2,STRONG_BULL,0.9997581333587837,True,11,False,TRANSITION,TRANSITION,0.6,0.5845870955631357333208431954,0.5845870955631357333208431954
2021-07-06 00:00:00+00:00,2,STRONG_BULL,0.9982544608674897,True,12,False,TRANSITION,TRANSITION,0.6,0.5883717040701645988709550762,0.5883717040701645988709550762
2021-07-07 00:00:00+00:00,2,STRONG_BULL,0.9979225922904048,True,13,False,TRANSITION,TRANSITION,0.6,0.5858230721830819893912148659,0.5858230721830819893912148659
2021-07-08 00:00:00+00:00,2,STRONG_BULL,0.9805615269949283,True,14,False,TRANSITION,TRANSITION,0.6,0.5786323757016570648762939402,0.5786323757016570648762939402
2021-07-09 00:00:00+00:00,2,STRONG_BULL,0.954488245851339,True,15,False,TRANSITION,TRANSITION,0.6,0.5854909781319285957293408744,0.5854909781319285957293408744
2021-07-10 00:00:00+00:00,2,STRONG_BULL,0.9866575656404039,True,16,False,TRANSITION,TRANSITION,0.6,0.5832328165947581664613991812,0.5832328165947581664613991812
2021-07-11 00:00:00+00:00,2,STRONG_BULL,0.4006223323220149,False,16,False,TRANSITION,TRANSITION,0.6,0.30,0.30
2021-07-12 00:00:00+00:00,2,STRONG_BULL,0.01732539467293272,False,16,False,TRANSITION,TRANSITION,0.6,0.2928497707056699047193028141,0.2928497707056699047193028141
2021-07-13 00:00:00+00:00,1,WEAK_BEAR,0.9705632207988804,True,3,False,TRANSITION,TRANSITION,0.6,0.95,0.6
2021-07-14 00:00:00+00:00,1,WEAK_BEAR,0.9900702868200978,True,4,False,TRANSITION,TRANSITION,0.6,0.95,0.6
2021-07-15 00:00:00+00:00,1,WEAK_BEAR,0.9942336429630516,True,5,False,TRANSITION,TRANSITION,0.6,0.95,0.6
2021-07-16 00:00:00+00:00,1,WEAK_BEAR,0.9935158848724134,True,6,False,TRANSITION,TRANSITION,0.6,0.95,0.6
2021-07-17 00:00:00+00:00,1,WEAK_BEAR,0.034081118244115305,False,6,False,TRANSITION,TRANSITION,0.6,0.6010407532017821677594649603,0.6
2021-07-18 00:00:00+00:00,1,WEAK_BEAR,9.082546896984601e-05,False,6,False,TRANSITION,TRANSITION,0.6,0.6019591049556833154273797901,0.6
2021-07-19 00:00:00+00:00,4,WEAK_BULL,0.9969024888370928,True,3,False,TRANSITION,TRANSITION,0.6,0.95,0.6
2021-07-20 00:00:00+00:00,4,WEAK_BULL,0.9463211739165495,True,4,False,TRANSITION,TRANSITION,0.6,0.95,0.6
2021-07-21 00:00:00+00:00,4,WEAK_BULL,7.386481245840621e-10,False,4,False,TRANSITION,TRANSITION,0.6,0.6181130614803946156663386365,0.6
2021-07-22 00:00:00+00:00,4,WEAK_BULL,4.176939131115676e-06,False,4,False,TRANSITION,TRANSITION,0.6,0.6010803635030437837290846241,0.6
2021-07-23 00:00:00+00:00,1,WEAK_BEAR,0.9999998644534663,True,3,False,TRANSITION,TRANSITION,0.6,0.95,0.6
2021-07-24 00:00:00+00:00,1,WEAK_BEAR,0.9999951541225616,True,4,False,TRANSITION,TRANSITION,0.6,0.95,0.6
2021-07-25 00:00:00+00:00,1,WEAK_BEAR,0.9999536890319185,True,5,False,TRANSITION,TRANSITION,0.6,0.95,0.6
2021-07-26 00:00:00+00:00,1,WEAK_BEAR,0.0015908223818065722,False,5,False,TRANSITION,TRANSITION,0.6,0.6122148423681244736133402321,0.6
2021-07-27 00:00:00+00:00,1,WEAK_BEAR,6.344421981970522e-10,False,5,False,TRANSITION,TRANSITION,0.6,0.6138009968015843422071704998,0.6
2021-07-28 00:00:00+00:00,1,WEAK_BEAR,1.9431190501929488e-18,False,5,False,TRANSITION,TRANSITION,0.6,0.6034056219685310440172618836,0.6
2021-07-29 00:00:00+00:00,1,WEAK_BEAR,5.205886199953103e-30,False,5,False,TRANSITION,TRANSITION,0.6,0.5999838150180039649797480527,0.5999838150180039649797480527
2021-07-30 00:00:00+00:00,3,EUPHORIA,1.0,True,3,False,TRANSITION,TRANSITION,0.6,0.95,0.6
2021-07-31 00:00:00+00:00,3,EUPHORIA,1.0,True,4,False,TRANSITION,TRANSITION,0.6,0.95,0.6
2021-08-01 00:00:00+00:00,3,EUPHORIA,1.0,True,5,False,TRANSITION,TRANSITION,0.6,0.95,0.6
2021-08-02 00:00:00+00:00,3,EUPHORIA,1.0,True,6,False,TRANSITION,TRANSITION,0.6,0.95,0.6
2021-08-03 00:00:00+00:00,3,EUPHORIA,1.0,True,7,False,TRANSITION,TRANSITION,0.6,0.95,0.6
2021-08-04 00:00:00+00:00,3,EUPHORIA,1.0,True,8,False,TRANSITION,TRANSITION,0.6,0.95,0.6
2021-08-05 00:00:00+00:00,3,EUPHORIA,0.9999965028320945,True,9,False,TRANSITION,TRANSITION,0.6,0.95,0.6
2021-08-06 00:00:00+00:00,3,EUPHORIA,0.9911751500268404,True,10,False,TRANSITION,TRANSITION,0.6,0.95,0.6
2021-08-07 00:00:00+00:00,3,EUPHORIA,0.06242673907122337,False,10,False,TRANSITION,TRANSITION,0.6,0.6095013366770175799243503701,0.6
2021-08-08 00:00:00+00:00,3,EUPHORIA,0.0010277040656624195,False,10,False,TRANSITION,TRANSITION,0.6,0.5957726401306423181509702401,0.5957726401306423181509702401
2021-08-09 00:00:00+00:00,1,WEAK_BEAR,0.9997446693148503,True,3,False,BULL_STRUCTURE,TRANSITION,0.6,0.95,0.6
2021-08-10 00:00:00+00:00,1,WEAK_BEAR,0.999972671187243,True,4,False,BULL_STRUCTURE,TRANSITION,0.6,0.95,0.6
2021-08-11 00:00:00+00:00,1,WEAK_BEAR,0.9975446184362479,True,5,False,BULL_STRUCTURE,TRANSITION,0.6,0.95,0.6
2021-08-12 00:00:00+00:00,1,WEAK_BEAR,0.9999873351054532,True,6,False,BULL_STRUCTURE,TRANSITION,0.6,0.95,0.6
2021-08-13 00:00:00+00:00,1,WEAK_BEAR,0.9999993398944202,True,7,False,BULL_STRUCTURE,BULL_STRUCTURE,1.0,0.95,0.95
2021-08-14 00:00:00+00:00,1,WEAK_BEAR,0.9999999145584334,True,8,False,BULL_STRUCTURE,BULL_STRUCTURE,1.0,0.9496777024338478462091682645,0.9496777024338478462091682645
2021-08-15 00:00:00+00:00,1,WEAK_BEAR,0.9999988588903905,True,9,False,BULL_STRUCTURE,BULL_STRUCTURE,1.0,0.9495813770191269725173610790,0.9495813770191269725173610790
2021-08-16 00:00:00+00:00,1,WEAK_BEAR,0.9999999861693142,True,10,False,BULL_STRUCTURE,BULL_STRUCTURE,1.0,0.9484640085979064793301276202,0.9484640085979064793301276202
2021-08-17 00:00:00+00:00,1,WEAK_BEAR,0.9999999970596036,True,11,False,BULL_STRUCTURE,BULL_STRUCTURE,1.0,0.9471476636106498733465617573,0.9471476636106498733465617573
2021-08-18 00:00:00+00:00,1,WEAK_BEAR,0.9984892255902337,True,12,False,BULL_STRUCTURE,BULL_STRUCTURE,1.0,0.9471581222367746114358961834,0.9471581222367746114358961834
2021-08-19 00:00:00+00:00,1,WEAK_BEAR,0.9999941502990733,True,13,False,BULL_STRUCTURE,BULL_STRUCTURE,1.0,0.9493631390633245197948690517,0.9493631390633245197948690517
2021-08-20 00:00:00+00:00,1,WEAK_BEAR,0.999999443221141,True,14,False,BULL_STRUCTURE,BULL_STRUCTURE,1.0,0.9518666631400592758524426790,0.9518666631400592758524426790
2021-08-21 00:00:00+00:00,1,WEAK_BEAR,0.9999318844837315,True,15,False,BULL_STRUCTURE,BULL_STRUCTURE,1.0,0.9513971105572602258964937133,0.9513971105572602258964937133
2021-08-22 00:00:00+00:00,1,WEAK_BEAR,0.9908968752775889,True,16,False,BULL_STRUCTURE,BULL_STRUCTURE,1.0,0.9517892062914746227410869625,0.9517892062914746227410869625
2021-08-23 00:00:00+00:00,1,WEAK_BEAR,0.9995634801518768,True,17,False,BULL_STRUCTURE,BULL_STRUCTURE,1.0,0.9520207218049020528467617889,0.9520207218049020528467617889
2021-08-24 00:00:00+00:00,1,WEAK_BEAR,0.9999992386331712,True,18,False,BULL_STRUCTURE,BULL_STRUCTURE,1.0,0.9502850633321720269443505510,0.9502850633321720269443505510
2021-08-25 00:00:00+00:00,1,WEAK_BEAR,0.9997297710137355,True,19,False,BULL_STRUCTURE,BULL_STRUCTURE,1.0,0.9515401312671029771559540826,0.9515401312671029771559540826
2021-08-26 00:00:00+00:00,1,WEAK_BEAR,0.9999999552801465,True,20,False,BULL_STRUCTURE,BULL_STRUCTURE,1.0,0.9494485807277534093479634357,0.9494485807277534093479634357
2021-08-27 00:00:00+00:00,1,WEAK_BEAR,0.9999999823257896,True,21,False,BULL_STRUCTURE,BULL_STRUCTURE,1.0,0.9516308971832629229319726309,0.9516308971832629229319726309
2021-08-28 00:00:00+00:00,1,WEAK_BEAR,0.9999963308267991,True,22,False,BULL_STRUCTURE,BULL_STRUCTURE,1.0,0.9514666061442657585827766892,0.9514666061442657585827766892
2021-08-29 00:00:00+00:00,1,WEAK_BEAR,0.9763968102568457,True,23,False,BULL_STRUCTURE,BULL_STRUCTURE,1.0,0.9513458737055140089254252345,0.9513458737055140089254252345
2021-08-30 00:00:00+00:00,1,WEAK_BEAR,0.9999984407180242,True,24,False,BULL_STRUCTURE,BULL_STRUCTURE,1.0,0.9495906400129880738235491186,0.9495906400129880738235491186
2021-08-31 00:00:00+00:00,1,WEAK_BEAR,0.7797807814521714,True,25,False,BULL_STRUCTURE,BULL_STRUCTURE,1.0,0.9497105572815385883406360728,0.9497105572815385883406360728
2021-09-01 00:00:00+00:00,1,WEAK_BEAR,0.984956918834522,True,26,False,BULL_STRUCTURE,BULL_STRUCTURE,1.0,0.9513863582557080270167975282,0.9513863582557080270167975282
2021-09-02 00:00:00+00:00,1,WEAK_BEAR,0.12072674160207482,False,26,False,BULL_STRUCTURE,BULL_STRUCTURE,1.0,0.475,0.475
2021-09-03 00:00:00+00:00,1,WEAK_BEAR,0.0016693529006506776,False,26,False,BULL_STRUCTURE,BULL_STRUCTURE,1.0,0.4790778490387987343908367522,0.4790778490387987343908367522
2021-09-04 00:00:00+00:00,4,WEAK_BULL,0.9868364898229555,True,3,False,BULL_STRUCTURE,BULL_STRUCTURE,1.0,0.95,0.95
2021-09-05 00:00:00+00:00,4,WEAK_BULL,0.7221810919405245,True,4,False,BULL_STRUCTURE,BULL_STRUCTURE,1.0,0.9522539297343754556267765317,0.9522539297343754556267765317
2021-09-06 00:00:00+00:00,4,WEAK_BULL,0.0068276825283773105,False,4,False,BULL_STRUCTURE,BULL_STRUCTURE,1.0,0.475,0.475
2021-09-07 00:00:00+00:00,4,WEAK_BULL,5.157305390658023e-54,False,4,False,BULL_STRUCTURE,BULL_STRUCTURE,1.0,0.4463003406603340077621577649,0.4463003406603340077621577649
2021-09-08 00:00:00+00:00,4,WEAK_BULL,2.545491980443072e-41,False,4,False,BULL_STRUCTURE,BULL_STRUCTURE,1.0,0.4419669117501855678007637192,0.4419669117501855678007637192
2021-09-09 00:00:00+00:00,0,CRASH,0.998514875317328,True,3,False,BULL_STRUCTURE,BULL_STRUCTURE,1.0,0.4438183505992277615164582276,0.4438183505992277615164582276
2021-09-10 00:00:00+00:00,0,CRASH,0.9895604124577184,True,4,False,TRANSITION,BULL_STRUCTURE,0.6,0.4354791438276981451646297579,0.4354791438276981451646297579
2021-09-11 00:00:00+00:00,0,CRASH,0.9938831563419809,True,5,False,TRANSITION,BULL_STRUCTURE,0.6,0.4372428399007888031646356866,0.4372428399007888031646356866
2021-09-12 00:00:00+00:00,0,CRASH,1.2883329902919884e-40,False,5,False,TRANSITION,BULL_STRUCTURE,0.6,0.4418433227611047460979941036,0.4418433227611047460979941036
2021-09-13 00:00:00+00:00,0,CRASH,4.226395213215512e-42,False,5,False,TRANSITION,BULL_STRUCTURE,0.6,0.4359710367321811809421974522,0.4359710367321811809421974522
2021-09-14 00:00:00+00:00,2,STRONG_BULL,0.5092746404816276,True,3,False,BULL_STRUCTURE,BULL_STRUCTURE,1.0,0.4476038818533793633159751016,0.4476038818533793633159751016
2021-09-15 00:00:00+00:00,2,STRONG_BULL,0.022084317920520926,False,3,False,BULL_STRUCTURE,BULL_STRUCTURE,1.0,0.4528537000790561111943368250,0.4528537000790561111943368250
2021-09-16 00:00:00+00:00,2,STRONG_BULL,0.03872375922218157,False,3,False,BULL_STRUCTURE,BULL_STRUCTURE,1.0,0.4508714388532794546426808676,0.4508714388532794546426808676
2021-09-17 00:00:00+00:00,2,STRONG_BULL,0.01074978642596164,False,3,False,BULL_STRUCTURE,BULL_STRUCTURE,1.0,0.4485912056462822489123820397,0.4485912056462822489123820397
2021-09-18 00:00:00+00:00,2,STRONG_BULL,2.7969303855585942e-05,False,3,False,BULL_STRUCTURE,BULL_STRUCTURE,1.0,0.4537344584862472953219412897,0.4537344584862472953219412897
2021-09-19 00:00:00+00:00,2,STRONG_BULL,0.00030862153320585975,False,3,False,BULL_STRUCTURE,BULL_STRUCTURE,1.0,0.4482865212717051268092636975,0.4482865212717051268092636975
2021-09-20 00:00:00+00:00,2,STRONG_BULL,0.3271809466876836,False,3,False,TRANSITION,BULL_STRUCTURE,0.6,0.4252370304387361391756804809,0.4252370304387361391756804809
2021-09-21 00:00:00+00:00,2,STRONG_BULL,0.08764332888108899,False,3,False,BEAR_STRUCTURE,BULL_STRUCTURE,0.3,0.4119761984329917180729832069,0.3
2021-09-22 00:00:00+00:00,2,STRONG_BULL,0.0004616252251468915,False,3,False,BEAR_STRUCTURE,BULL_STRUCTURE,0.3,0.3142349860498295035163844992,0.3
2021-09-23 00:00:00+00:00,0,CRASH,0.9947280833246187,True,3,False,BEAR_STRUCTURE,BULL_STRUCTURE,0.3,0.3063085086956301627502185201,0.3
2021-09-24 00:00:00+00:00,0,CRASH,0.9997768123065929,True,4,False,BEAR_STRUCTURE,BULL_STRUCTURE,0.3,0.2902506063806275485346975944,0.2902506063806275485346975944
2021-09-25 00:00:00+00:00,3,BULL,0.8333655983879656,True,1,False,BEAR_STRUCTURE,BEAR_STRUCTURE,0.3,0.60,0.3
2021-09-26 00:00:00+00:00,3,BULL,0.4641178219253672,False,1,False,BEAR_STRUCTURE,BEAR_STRUCTURE,0.3,0.3024076441608601331515812535,0.3
2021-09-27 00:00:00+00:00,3,BULL,0.11228676576455733,False,1,False,BEAR_STRUCTURE,BEAR_STRUCTURE,0.3,0.2950335697668203533982981673,0.2950335697668203533982981673
2021-09-28 00:00:00+00:00,3,BULL,0.8061551962315715,True,2,False,BEAR_STRUCTURE,BEAR_STRUCTURE,0.3,0.60,0.3
2021-09-29 00:00:00+00:00,3,BULL,0.9910573718445745,True,3,False,BEAR_STRUCTURE,BEAR_STRUCTURE,0.3,0.60,0.3
2021-09-30 00:00:00+00:00,3,BULL,0.9858911978392231,True,4,False,BEAR_STRUCTURE,BEAR_STRUCTURE,0.3,0.60,0.3
2021-10-01 00:00:00+00:00,3,BULL,0.9997295799078137,True,5,False,TRANSITION,BEAR_STRUCTURE,0.3,0.95,0.3
2021-10-02 00:00:00+00:00,3,BULL,0.9986467588568093,True,6,False,TRANSITION,BEAR_STRUCTURE,0.3,0.95,0.3
2021-10-03 00:00:00+00:00,3,BULL,0.999187259218843,True,7,False,TRANSITION,BEAR_STRUCTURE,0.3,0.95,0.3
2021-10-04 00:00:00+00:00,3,BULL,0.9987326708612825,True,8,False,TRANSITION,BEAR_STRUCTURE,0.3,0.95,0.3
2021-10-05 00:00:00+00:00,3,BULL,0.9996556194272683,True,9,False,TRANSITION,TRANSITION,0.6,0.95,0.6
2021-10-06 00:00:00+00:00,3,BULL,0.9999763889045287,True,10,False,TRANSITION,TRANSITION,0.6,0.95,0.6
2021-10-07 00:00:00+00:00,3,BULL,0.9996126507993184,True,11,False,TRANSITION,TRANSITION,0.6,0.95,0.6
2021-10-08 00:00:00+00:00,3,BULL,0.9992866135276055,True,12,False,TRANSITION,TRANSITION,0.6,0.95,0.6
2021-10-09 00:00:00+00:00,3,BULL,0.9990639831930243,True,13,False,TRANSITION,TRANSITION,0.6,0.95,0.6
2021-10-10 00:00:00+00:00,3,BULL,0.9996031964034584,True,14,False,TRANSITION,TRANSITION,0.6,0.95,0.6
2021-10-11 00:00:00+00:00,3,BULL,0.9997340677942622,True,15,False,TRANSITION,TRANSITION,0.6,0.95,0.6
2021-10-12 00:00:00+00:00,3,BULL,0.9999493866988455,True,16,False,TRANSITION,TRANSITION,0.6,0.95,0.6
2021-10-13 00:00:00+00:00,3,BULL,0.9999767373396987,True,17,False,TRANSITION,TRANSITION,0.6,0.95,0.6
2021-10-14 00:00:00+00:00,3,BULL,0.9999977554660014,True,18,False,TRANSITION,TRANSITION,0.6,0.95,0.6
2021-10-15 00:00:00+00:00,3,BULL,0.9999699957292533,True,19,False,TRANSITION,TRANSITION,0.6,0.95,0.6
2021-10-16 00:00:00+00:00,3,BULL,0.9745494736436284,True,20,False,TRANSITION,TRANSITION,0.6,0.95,0.6
2021-10-17 00:00:00+00:00,3,BULL,0.5279346250895515,True,21,False,TRANSITION,TRANSITION,0.6,0.6025593566338088649612654537,0.6
2021-10-18 00:00:00+00:00,3,BULL,0.0037016354496591445,False,21,False,TRANSITION,TRANSITION,0.6,0.6018706002765378442759391129,0.6
2021-10-19 00:00:00+00:00,3,BULL,1.1433058352105095e-06,False,21,False,TRANSITION,TRANSITION,0.6,0.6086163878893265273063585078,0.6
2021-10-20 00:00:00+00:00,2,EUPHORIA,0.9999802190637768,True,3,False,TRANSITION,TRANSITION,0.6,0.95,0.6
2021-10-21 00:00:00+00:00,2,EUPHORIA,0.999999550990752,True,4,False,TRANSITION,TRANSITION,0.6,0.95,0.6
2021-10-22 00:00:00+00:00,2,EUPHORIA,0.9960518184123628,True,5,False,TRANSITION,TRANSITION,0.6,0.95,0.6
2021-10-23 00:00:00+00:00,2,EUPHORIA,0.8827386981136722,True,6,False,TRANSITION,TRANSITION,0.6,0.95,0.6
2021-10-24 00:00:00+00:00,2,EUPHORIA,0.3859532371512422,False,6,False,TRANSITION,TRANSITION,0.6,0.5982916928762337423684507948,0.5982916928762337423684507948
2021-10-25 00:00:00+00:00,2,EUPHORIA,0.029979625822953642,False,6,False,TRANSITION,TRANSITION,0.6,0.6068972119758927018471393138,0.6
2021-10-26 00:00:00+00:00,1,BEAR,0.992442614351754,True,3,False,TRANSITION,TRANSITION,0.6,0.95,0.6
2021-10-27 00:00:00+00:00,1,BEAR,0.8031028654975272,True,4,False,TRANSITION,TRANSITION,0.6,0.95,0.6
2021-10-28 00:00:00+00:00,1,BEAR,0.40162510717145716,False,4,False,TRANSITION,TRANSITION,0.6,0.6086975731011360114665314169,0.6
2021-10-29 00:00:00+00:00,1,BEAR,0.88916811209481,True,5,False,TRANSITION,TRANSITION,0.6,0.95,0.6
2021-10-30 00:00:00+00:00,1,BEAR,0.9980568821040784,True,6,False,BULL_STRUCTURE,TRANSITION,0.6,0.95,0.6
2021-10-31 00:00:00+00:00,1,BEAR,0.9989279923524714,True,7,False,BULL_STRUCTURE,TRANSITION,0.6,0.95,0.6
2021-11-01 00:00:00+00:00,1,BEAR,0.9994913061021089,True,8,False,BULL_STRUCTURE,TRANSITION,0.6,0.95,0.6
2021-11-02 00:00:00+00:00,1,BEAR,0.9794895385279832,True,9,False,BULL_STRUCTURE,TRANSITION,0.6,0.95,0.6
2021-11-03 00:00:00+00:00,1,BEAR,0.9972645397512153,True,10,False,BULL_STRUCTURE,BULL_STRUCTURE,1.0,0.95,0.95
2021-11-04 00:00:00+00:00,1,BEAR,0.9999473487974306,True,11,False,BULL_STRUCTURE,BULL_STRUCTURE,1.0,0.9492831974013632004178834930,0.9492831974013632004178834930
2021-11-05 00:00:00+00:00,1,BEAR,0.9999780402268821,True,12,False,BULL_STRUCTURE,BULL_STRUCTURE,1.0,0.9489215699265387684729563506,0.9489215699265387684729563506
2021-11-06 00:00:00+00:00,1,BEAR,0.9999891814426014,True,13,False,BULL_STRUCTURE,BULL_STRUCTURE,1.0,0.9493424120316595317678935468,0.9493424120316595317678935468
2021-11-07 00:00:00+00:00,1,BEAR,0.9999673488274374,True,14,False,BULL_STRUCTURE,BULL_STRUCTURE,1.0,0.9507147566240968088912013215,0.9507147566240968088912013215
2021-11-08 00:00:00+00:00,1,BEAR,0.029890938651868697,False,14,False,BULL_STRUCTURE,BULL_STRUCTURE,1.0,0.475,0.475
2021-11-09 00:00:00+00:00,1,BEAR,0.026290880566558757,False,14,False,BULL_STRUCTURE,BULL_STRUCTURE,1.0,0.4731505009879643444039279343,0.4731505009879643444039279343
2021-11-10 00:00:00+00:00,2,EUPHORIA,0.909748894056679,True,3,False,BULL_STRUCTURE,BULL_STRUCTURE,1.0,0.95,0.95
2021-11-11 00:00:00+00:00,2,EUPHORIA,0.03833490922450584,False,3,False,BULL_STRUCTURE,BULL_STRUCTURE,1.0,0.475,0.475
2021-11-12 00:00:00+00:00,2,EUPHORIA,4.164001059354496e-05,False,3,False,BULL_STRUCTURE,BULL_STRUCTURE,1.0,0.4727699752689524482440022801,0.4727699752689524482440022801
2021-11-13 00:00:00+00:00,1,BEAR,0.9999365844023099,True,3,False,BULL_STRUCTURE,BULL_STRUCTURE,1.0,0.95,0.95
2021-11-14 00:00:00+00:00,1,BEAR,0.9999941069528104,True,4,False,BULL_STRUCTURE,BULL_STRUCTURE,1.0,0.9514051335654021603080397035,0.9514051335654021603080397035
2021-11-15 00:00:00+00:00,1,BEAR,0.9999992623018436,True,5,False,BULL_STRUCTURE,BULL_STRUCTURE,1.0,0.9500171371454298643143562477,0.9500171371454298643143562477
2021-11-16 00:00:00+00:00,1,BEAR,0.00026923776960491064,False,5,False,BULL_STRUCTURE,BULL_STRUCTURE,1.0,0.475,0.475
2021-11-17 00:00:00+00:00,1,BEAR,0.5146378756801814,True,6,False,BULL_STRUCTURE,BULL_STRUCTURE,1.0,0.4764764298795433364987184941,0.4764764298795433364987184941
2021-11-18 00:00:00+00:00,1,BEAR,0.0025948307180361273,False,6,False,BULL_STRUCTURE,BULL_STRUCTURE,1.0,0.4618016551111779963877999526,0.4618016551111779963877999526
2021-11-19 00:00:00+00:00,1,BEAR,0.0587968796873364,False,6,False,BULL_STRUCTURE,BULL_STRUCTURE,1.0,0.4668247022615193781348864667,0.4668247022615193781348864667
2021-11-20 00:00:00+00:00,1,BEAR,0.9924399226782132,True,7,False,BULL_STRUCTURE,BULL_STRUCTURE,1.0,0.95,0.95
2021-11-21 00:00:00+00:00,1,BEAR,0.9999867389830597,True,8,False,BULL_STRUCTURE,BULL_STRUCTURE,1.0,0.9497192010028673352965340428,0.9497192010028673352965340428
2021-11-22 00:00:00+00:00,1,BEAR,0.9982575028100142,True,9,False,BULL_STRUCTURE,BULL_STRUCTURE,1.0,0.9477072843253099344297105379,0.9477072843253099344297105379
2021-11-23 00:00:00+00:00,1,BEAR,0.9998823356690159,True,10,False,BULL_STRUCTURE,BULL_STRUCTURE,1.0,0.9488231489413099376250232962,0.9488231489413099376250232962
2021-11-24 00:00:00+00:00,1,BEAR,0.9995265095071412,True,11,False,BULL_STRUCTURE,BULL_STRUCTURE,1.0,0.9484808083776893908908789123,0.9484808083776893908908789123
2021-11-25 00:00:00+00:00,1,BEAR,0.9817683566366073,True,12,False,BULL_STRUCTURE,BULL_STRUCTURE,1.0,0.9499933053564829309394674049,0.9499933053564829309394674049
2021-11-26 00:00:00+00:00,1,BEAR,5.911228529580908e-09,False,12,False,BULL_STRUCTURE,BULL_STRUCTURE,1.0,0.475,0.475
2021-11-27 00:00:00+00:00,1,BEAR,0.6089291042217592,True,13,False,BULL_STRUCTURE,BULL_STRUCTURE,1.0,0.95,0.95
2021-11-28 00:00:00+00:00,1,BEAR,0.9946977183309067,True,14,False,BULL_STRUCTURE,BULL_STRUCTURE,1.0,0.9526840149319559478693652797,0.9526840149319559478693652797
2021-11-29 00:00:00+00:00,1,BEAR,0.9995178305524732,True,15,False,BULL_STRUCTURE,BULL_STRUCTURE,1.0,0.9530753458079280445300628666,0.9530753458079280445300628666
2021-11-30 00:00:00+00:00,1,BEAR,0.9822104843428535,True,16,False,BULL_STRUCTURE,BULL_STRUCTURE,1.0,0.9524273801653276246717295587,0.9524273801653276246717295587
2021-12-01 00:00:00+00:00,1,BEAR,0.9828933493797202,True,17,False,BULL_STRUCTURE,BULL_STRUCTURE,1.0,0.9526124364067108882116941675,0.9526124364067108882116941675
2021-12-02 00:00:00+00:00,1,BEAR,0.9981073409323783,True,18,False,BULL_STRUCTURE,BULL_STRUCTURE,1.0,0.9520503112229288978946479565,0.9520503112229288978946479565
2021-12-03 00:00:00+00:00,1,BEAR,0.005487053624479473,False,18,False,BULL_STRUCTURE,BULL_STRUCTURE,1.0,0.475,0.475
2021-12-04 00:00:00+00:00,1,BEAR,1.628246849519996e-30,False,18,False,BULL_STRUCTURE,BULL_STRUCTURE,1.0,0.4537446988886815289423699585,0.4537446988886815289423699585
2021-12-05 00:00:00+00:00,3,BULL,0.9992688291365582,True,3,False,BULL_STRUCTURE,BULL_STRUCTURE,1.0,0.4549716461143308005082359249,0.4549716461143308005082359249
2021-12-06 00:00:00+00:00,3,BULL,0.9988482669059706,True,4,False,BULL_STRUCTURE,BULL_STRUCTURE,1.0,0.4601705008523208106053908348,0.4601705008523208106053908348
2021-12-07 00:00:00+00:00,3,BULL,0.9991886010508834,True,5,False,BULL_STRUCTURE,BULL_STRUCTURE,1.0,0.4608936162304929320399955149,0.4608936162304929320399955149
2021-12-08 00:00:00+00:00,3,BULL,0.9948603899242116,True,6,False,BULL_STRUCTURE,BULL_STRUCTURE,1.0,0.4603146096682579883254153680,0.4603146096682579883254153680
2021-12-09 00:00:00+00:00,3,BULL,0.9862152668614905,True,7,False,BULL_STRUCTURE,BULL_STRUCTURE,1.0,0.4455197012375658383707939975,0.4455197012375658383707939975
2021-12-10 00:00:00+00:00,3,BULL,0.7947271169857435,True,8,False,BULL_STRUCTURE,BULL_STRUCTURE,1.0,0.4434071710881472828732306107,0.4434071710881472828732306107
2021-12-11 00:00:00+00:00,3,BULL,0.616564457569437,True,9,False,BULL_STRUCTURE,BULL_STRUCTURE,1.0,0.4549398170872016859093669239,0.4549398170872016859093669239
2021-12-12 00:00:00+00:00,3,BULL,0.15510887025447107,False,9,False,BULL_STRUCTURE,BULL_STRUCTURE,1.0,0.4582528128896199192210626504,0.4582528128896199192210626504
2021-12-13 00:00:00+00:00,3,BULL,0.10246876476117683,False,9,False,BULL_STRUCTURE,BULL_STRUCTURE,1.0,0.4411057098255845878563828657,0.4411057098255845878563828657
2021-12-14 00:00:00+00:00,3,BULL,0.000785887835951916,False,9,False,BULL_STRUCTURE,BULL_STRUCTURE,1.0,0.4496334978216654063909192953,0.4496334978216654063909192953
2021-12-15 00:00:00+00:00,3,BULL,5.708594033867949e-05,False,9,False,BULL_STRUCTURE,BULL_STRUCTURE,1.0,0.4522911195446681507952255437,0.4522911195446681507952255437
2021-12-16 00:00:00+00:00,1,BEAR,0.9998982473597042,True,3,False,BULL_STRUCTURE,BULL_STRUCTURE,1.0,0.95,0.95
2021-12-17 00:00:00+00:00,1,BEAR,0.9999662503903035,True,4,False,BULL_STRUCTURE,BULL_STRUCTURE,1.0,0.9490973430723672431709322995,0.9490973430723672431709322995
2021-12-18 00:00:00+00:00,1,BEAR,0.9991026646010344,True,5,False,BULL_STRUCTURE,BULL_STRUCTURE,1.0,0.9498233585203711258200401731,0.9498233585203711258200401731
2021-12-19 00:00:00+00:00,1,BEAR,0.9997449341589503,True,6,False,BULL_STRUCTURE,BULL_STRUCTURE,1.0,0.9496669245407126244404234263,0.9496669245407126244404234263
2021-12-20 00:00:00+00:00,1,BEAR,0.9996920052126195,True,7,False,BULL_STRUCTURE,BULL_STRUCTURE,1.0,0.9499043103796644172817429592,0.9499043103796644172817429592
2021-12-21 00:00:00+00:00,1,BEAR,0.9964601356846784,True,8,False,BULL_STRUCTURE,BULL_STRUCTURE,1.0,0.9518312439408279723771503456,0.9518312439408279723771503456
2021-12-22 00:00:00+00:00,1,BEAR,0.9877954204013228,True,9,False,BULL_STRUCTURE,BULL_STRUCTURE,1.0,0.9515466214934603722957107593,0.9515466214934603722957107593
2021-12-23 00:00:00+00:00,1,BEAR,0.9600658776550619,True,10,False,BULL_STRUCTURE,BULL_STRUCTURE,1.0,0.9535921206507015791416351317,0.9535921206507015791416351317
2021-12-24 00:00:00+00:00,1,BEAR,0.9624535073640672,True,11,False,BULL_STRUCTURE,BULL_STRUCTURE,1.0,0.9535757411351634878822242344,0.9535757411351634878822242344
2021-12-25 00:00:00+00:00,1,BEAR,0.9855822516455032,True,12,False,BULL_STRUCTURE,BULL_STRUCTURE,1.0,0.9532066741756666448480848029,0.9532066741756666448480848029
2021-12-26 00:00:00+00:00,1,BEAR,0.9994008544146651,True,13,False,BULL_STRUCTURE,BULL_STRUCTURE,1.0,0.9535369362885690598050177159,0.9535369362885690598050177159
2021-12-27 00:00:00+00:00,1,BEAR,0.9998815903283252,True,14,False,BULL_STRUCTURE,BULL_STRUCTURE,1.0,0.9534722338480262241668655356,0.9534722338480262241668655356
2021-12-28 00:00:00+00:00,1,BEAR,0.9878723675695023,True,15,False,BULL_STRUCTURE,BULL_STRUCTURE,1.0,0.9505348697644702239428450795,0.9505348697644702239428450795
2021-12-29 00:00:00+00:00,1,BEAR,0.9995679690858901,True,16,False,TRANSITION,BULL_STRUCTURE,0.6,0.9494441844259161795529415245,0.6
2021-12-30 00:00:00+00:00,1,BEAR,0.9997210592403714,True,17,False,TRANSITION,BULL_STRUCTURE,0.6,0.95,0.6
2021-12-31 00:00:00+00:00,1,BEAR,0.9999227240705969,True,18,False,TRANSITION,BULL_STRUCTURE,0.6,0.95,0.6
2022-01-01 00:00:00+00:00,1,BEAR,0.999800655037532,True,19,False,TRANSITION,BULL_STRUCTURE,0.6,0.95,0.6
2022-01-02 00:00:00+00:00,1,BEAR,0.9999918892037075,True,20,False,TRANSITION,TRANSITION,0.6,0.95,0.6
2022-01-03 00:00:00+00:00,1,BEAR,0.9999949377966805,True,21,False,TRANSITION,TRANSITION,0.6,0.95,0.6
2022-01-04 00:00:00+00:00,1,BEAR,0.9999970392071367,True,22,False,TRANSITION,TRANSITION,0.6,0.95,0.6
2022-01-05 00:00:00+00:00,1,BEAR,0.9877515046611014,True,23,False,TRANSITION,TRANSITION,0.6,0.95,0.6
2022-01-06 00:00:00+00:00,1,BEAR,0.9898398239053021,True,24,False,TRANSITION,TRANSITION,0.6,0.95,0.6
2022-01-07 00:00:00+00:00,1,BEAR,0.9367523122462483,True,25,False,TRANSITION,TRANSITION,0.6,0.95,0.6
2022-01-08 00:00:00+00:00,1,BEAR,0.9655170514282224,True,26,False,TRANSITION,TRANSITION,0.6,0.95,0.6
2022-01-09 00:00:00+00:00,1,BEAR,0.9813702900134906,True,27,False,TRANSITION,TRANSITION,0.6,0.95,0.6
2022-01-10 00:00:00+00:00,1,BEAR,0.9691752860464918,True,28,False,TRANSITION,TRANSITION,0.6,0.95,0.6
2022-01-11 00:00:00+00:00,1,BEAR,0.7492824404829928,True,29,False,TRANSITION,TRANSITION,0.6,0.95,0.6
2022-01-12 00:00:00+00:00,1,BEAR,0.019696514499817998,False,29,False,TRANSITION,TRANSITION,0.6,0.6064875675074374217340239306,0.6
2022-01-13 00:00:00+00:00,1,BEAR,0.0039675430274407186,False,29,False,TRANSITION,TRANSITION,0.6,0.5925284401390211502257206555,0.5925284401390211502257206555
2022-01-14 00:00:00+00:00,2,EUPHORIA,0.9922912326974842,True,3,False,TRANSITION,TRANSITION,0.6,0.5953444338059909891923457498,0.5953444338059909891923457498
2022-01-15 00:00:00+00:00,2,EUPHORIA,0.8604056579162158,True,4,False,TRANSITION,TRANSITION,0.6,0.5954805081462684791375499139,0.5954805081462684791375499139
2022-01-16 00:00:00+00:00,2,EUPHORIA,0.2647781549333984,False,4,False,TRANSITION,TRANSITION,0.6,0.30,0.30
2022-01-17 00:00:00+00:00,2,EUPHORIA,0.0005310828702536839,False,4,False,TRANSITION,TRANSITION,0.6,0.2958454472896906900086789160,0.2958454472896906900086789160
2022-01-18 00:00:00+00:00,1,BEAR,0.9999109024978875,True,3,False,TRANSITION,TRANSITION,0.6,0.95,0.6
2022-01-19 00:00:00+00:00,1,BEAR,0.9999550241560373,True,4,False,TRANSITION,TRANSITION,0.6,0.95,0.6
2022-01-20 00:00:00+00:00,1,BEAR,0.9999711898938752,True,5,False,TRANSITION,TRANSITION,0.6,0.95,0.6
2022-01-21 00:00:00+00:00,1,BEAR,3.031817471087707e-12,False,5,False,TRANSITION,TRANSITION,0.6,0.5733508323048253519999484865,0.5733508323048253519999484865
2022-01-22 00:00:00+00:00,1,BEAR,2.0255990873562208e-10,False,5,False,TRANSITION,TRANSITION,0.6,0.5639256157507254304781032828,0.5639256157507254304781032828
2022-01-23 00:00:00+00:00,1,BEAR,0.00011024094842353311,False,5,False,TRANSITION,TRANSITION,0.6,0.5719990688547587073371202552,0.5719990688547587073371202552
2022-01-24 00:00:00+00:00,1,BEAR,1.836172479365392e-15,False,5,False,TRANSITION,TRANSITION,0.6,0.5747893070033288978912599216,0.5747893070033288978912599216
2022-01-25 00:00:00+00:00,2,EUPHORIA,0.9999999199258159,True,3,False,TRANSITION,TRANSITION,0.6,0.5767665706320040378368416666,0.5767665706320040378368416666
2022-01-26 00:00:00+00:00,2,EUPHORIA,0.9999999996625775,True,4,False,TRANSITION,TRANSITION,0.6,0.5757802759615840297917825724,0.5757802759615840297917825724
2022-01-27 00:00:00+00:00,2,EUPHORIA,0.9999998421130964,True,5,False,TRANSITION,TRANSITION,0.6,0.5780951286257928120504243720,0.5780951286257928120504243720
2022-01-28 00:00:00+00:00,2,EUPHORIA,0.9807412569083545,True,6,False,TRANSITION,TRANSITION,0.6,0.5817161202047244768251397490,0.5817161202047244768251397490
2022-01-29 00:00:00+00:00,2,EUPHORIA,0.00045596532475202043,False,6,False,TRANSITION,TRANSITION,0.6,0.30,0.30
2022-01-30 00:00:00+00:00,2,EUPHORIA,4.112055034725445e-07,False,6,False,TRANSITION,TRANSITION,0.6,0.2985376037185923246770241179,0.2985376037185923246770241179
2022-01-31 00:00:00+00:00,2,EUPHORIA,0.9811033744253794,True,7,False,TRANSITION,TRANSITION,0.6,0.60,0.60
2022-02-01 00:00:00+00:00,2,EUPHORIA,0.9999981553472669,True,8,False,TRANSITION,TRANSITION,0.6,0.6016476315638173358575252700,0.6
2022-02-02 00:00:00+00:00,2,EUPHORIA,0.9998889422518852,True,9,False,TRANSITION,TRANSITION,0.6,0.5885277518998831307054125432,0.5885277518998831307054125432
2022-02-03 00:00:00+00:00,2,EUPHORIA,0.963341887239785,True,10,False,TRANSITION,TRANSITION,0.6,0.5912352397279549850894173841,0.5912352397279549850894173841
2022-02-04 00:00:00+00:00,2,EUPHORIA,0.9933775873699845,True,11,False,TRANSITION,TRANSITION,0.6,0.6170984317040754270325585772,0.6
2022-02-05 00:00:00+00:00,2,EUPHORIA,0.8533673437275293,True,12,False,TRANSITION,TRANSITION,0.6,0.5989179350204687501211061059,0.5989179350204687501211061059
2022-02-06 00:00:00+00:00,2,EUPHORIA,0.10964537054804348,False,12,False,TRANSITION,TRANSITION,0.6,0.30,0.30
2022-02-07 00:00:00+00:00,2,EUPHORIA,0.017187081045490684,False,12,False,TRANSITION,TRANSITION,0.6,0.3072757348193692629476968771,0.3072757348193692629476968771
2022-02-08 00:00:00+00:00,2,EUPHORIA,0.0017909822971348861,False,12,False,TRANSITION,TRANSITION,0.6,0.3082599652054068370710892136,0.3082599652054068370710892136
2022-02-09 00:00:00+00:00,3,BULL,0.5263267758792672,True,3,False,TRANSITION,TRANSITION,0.6,0.3098526894565591150626709077,0.3098526894565591150626709077
2022-02-10 00:00:00+00:00,3,BULL,0.47033060638598156,False,3,False,TRANSITION,TRANSITION,0.6,0.3055987831469789131153796503,0.3055987831469789131153796503
2022-02-11 00:00:00+00:00,3,BULL,0.26089346746298514,False,3,False,TRANSITION,TRANSITION,0.6,0.3000826435682894610739038437,0.3000826435682894610739038437
2022-02-12 00:00:00+00:00,3,BULL,0.22052946468699508,False,3,False,TRANSITION,TRANSITION,0.6,0.2993092416526466435137915224,0.2993092416526466435137915224
2022-02-13 00:00:00+00:00,3,BULL,0.9865356543191486,True,4,False,TRANSITION,TRANSITION,0.6,0.60,0.60
2022-02-14 00:00:00+00:00,3,BULL,0.989534673403135,True,5,False,TRANSITION,TRANSITION,0.6,0.6029671754490487163134856359,0.6
2022-02-15 00:00:00+00:00,3,BULL,0.9946463320544592,True,6,False,TRANSITION,TRANSITION,0.6,0.95,0.6
2022-02-16 00:00:00+00:00,3,BULL,0.9993187164901307,True,7,False,TRANSITION,TRANSITION,0.6,0.95,0.6
2022-02-17 00:00:00+00:00,3,BULL,0.9958282920922036,True,8,False,TRANSITION,TRANSITION,0.6,0.5807491248938513575286457993,0.5807491248938513575286457993
2022-02-18 00:00:00+00:00,3,BULL,0.9851358251467194,True,9,False,TRANSITION,TRANSITION,0.6,0.5774709834425710198093250096,0.5774709834425710198093250096
2022-02-19 00:00:00+00:00,3,BULL,0.5108191140900815,True,10,False,TRANSITION,TRANSITION,0.6,0.30,0.30
2022-02-20 00:00:00+00:00,3,BULL,0.8950129722854366,True,11,False,TRANSITION,TRANSITION,0.6,0.60,0.60
2022-02-21 00:00:00+00:00,3,BULL,0.9994745053484807,True,12,False,TRANSITION,TRANSITION,0.6,0.5914320820450233520278611473,0.5914320820450233520278611473
2022-02-22 00:00:00+00:00,3,BULL,0.9990147003511498,True,13,False,TRANSITION,TRANSITION,0.6,0.5992592121475285171058949631,0.5992592121475285171058949631
2022-02-23 00:00:00+00:00,3,BULL,0.9877845986756338,True,14,False,TRANSITION,TRANSITION,0.6,0.5930051316250006191931480117,0.5930051316250006191931480117
2022-02-24 00:00:00+00:00,3,BULL,0.9999156952562712,True,15,False,TRANSITION,TRANSITION,0.6,0.5998668507196965291635098009,0.5998668507196965291635098009
2022-02-25 00:00:00+00:00,3,BULL,0.9878680119570844,True,16,False,TRANSITION,TRANSITION,0.6,0.6053758997839735143495304367,0.6
2022-02-26 00:00:00+00:00,3,BULL,0.9040008246893014,True,17,False,TRANSITION,TRANSITION,0.6,0.5993755760715845104684163035,0.5993755760715845104684163035
2022-02-27 00:00:00+00:00,3,BULL,0.9980256165396273,True,18,False,TRANSITION,TRANSITION,0.6,0.5904798603159031421441057377,0.5904798603159031421441057377
2022-02-28 00:00:00+00:00,3,BULL,0.9993796900534992,True,19,False,TRANSITION,TRANSITION,0.6,0.95,0.6
2022-03-01 00:00:00+00:00,3,BULL,0.4767465039569037,False,19,False,TRANSITION,TRANSITION,0.6,0.6069090901990972884218327367,0.6
2022-03-02 00:00:00+00:00,3,BULL,2.043662897310085e-07,False,19,False,TRANSITION,TRANSITION,0.6,0.5971308877637508762122431432,0.5971308877637508762122431432
2022-03-03 00:00:00+00:00,0,CRASH,0.9999999989522621,True,3,False,TRANSITION,TRANSITION,0.6,0.5890867524011775730894928266,0.5890867524011775730894928266
2022-03-04 00:00:00+00:00,0,CRASH,0.9999999999727152,True,4,False,TRANSITION,TRANSITION,0.6,0.5693344887532984315499341355,0.5693344887532984315499341355
2022-03-05 00:00:00+00:00,0,CRASH,0.9999992932182746,True,5,False,TRANSITION,TRANSITION,0.6,0.5708902439440834739178769223,0.5708902439440834739178769223
2022-03-06 00:00:00+00:00,0,CRASH,0.998830793958429,True,6,False,TRANSITION,TRANSITION,0.6,0.5647271080524901318722847541,0.5647271080524901318722847541
2022-03-07 00:00:00+00:00,0,CRASH,0.9966295119276696,True,7,False,BEAR_STRUCTURE,TRANSITION,0.3,0.5619403280928607795112820306,0.3
2022-03-08 00:00:00+00:00,0,CRASH,0.98651140346886,True,8,False,BEAR_STRUCTURE,TRANSITION,0.3,0.3041835241169105829623626857,0.3
2022-03-09 00:00:00+00:00,0,CRASH,0.05008090213385141,False,8,False,BEAR_STRUCTURE,TRANSITION,0.3,0.3169890368487530890786070713,0.3
2022-03-10 00:00:00+00:00,0,CRASH,0.0023044723762280827,False,8,False,BEAR_STRUCTURE,TRANSITION,0.3,0.2871585976351465221455195713,0.2871585976351465221455195713
2022-03-11 00:00:00+00:00,3,BULL,0.9999916769730438,True,3,False,BEAR_STRUCTURE,BEAR_STRUCTURE,0.3,0.60,0.3
2022-03-12 00:00:00+00:00,3,BULL,0.966301598354119,True,4,False,BEAR_STRUCTURE,BEAR_STRUCTURE,0.3,0.60,0.3
2022-03-13 00:00:00+00:00,3,BULL,0.9943812223726042,True,5,False,BEAR_STRUCTURE,BEAR_STRUCTURE,0.3,0.60,0.3
2022-03-14 00:00:00+00:00,3,BULL,0.9999958417543038,True,6,False,BEAR_STRUCTURE,BEAR_STRUCTURE,0.3,0.60,0.3
2022-03-15 00:00:00+00:00,3,BULL,0.9972713803878778,True,7,False,BEAR_STRUCTURE,BEAR_STRUCTURE,0.3,0.60,0.3
2022-03-16 00:00:00+00:00,3,BULL,0.9999994464825872,True,8,False,BEAR_STRUCTURE,BEAR_STRUCTURE,0.3,0.95,0.3
2022-03-17 00:00:00+00:00,3,BULL,0.9976778886312544,True,9,False,BEAR_STRUCTURE,BEAR_STRUCTURE,0.3,0.95,0.3
2022-03-18 00:00:00+00:00,3,BULL,0.9994948802997905,True,10,False,BEAR_STRUCTURE,BEAR_STRUCTURE,0.3,0.95,0.3
2022-03-19 00:00:00+00:00,3,BULL,0.9377645192587647,True,11,False,BEAR_STRUCTURE,BEAR_STRUCTURE,0.3,0.95,0.3
2022-03-20 00:00:00+00:00,3,BULL,0.0048003621020829374,False,11,False,BEAR_STRUCTURE,BEAR_STRUCTURE,0.3,0.2952959989711607778671338998,0.2952959989711607778671338998
2022-03-21 00:00:00+00:00,3,BULL,3.121398725656695e-05,False,11,False,BEAR_STRUCTURE,BEAR_STRUCTURE,0.3,0.2939830110951475072462996965,0.2939830110951475072462996965
2022-03-22 00:00:00+00:00,1,BEAR,0.9273196853635062,True,3,False,BEAR_STRUCTURE,BEAR_STRUCTURE,0.3,0.95,0.3
2022-03-23 00:00:00+00:00,1,BEAR,0.9993573489652294,True,4,False,BEAR_STRUCTURE,BEAR_STRUCTURE,0.3,0.95,0.3
2022-03-24 00:00:00+00:00,1,BEAR,0.9998584172583518,True,5,False,BEAR_STRUCTURE,BEAR_STRUCTURE,0.3,0.95,0.3
2022-03-25 00:00:00+00:00,1,BEAR,0.9997883059981425,True,6,False,BEAR_STRUCTURE,BEAR_STRUCTURE,0.3,0.95,0.3
2022-03-26 00:00:00+00:00,0,BULL,0.9999999939291229,True,1,False,BEAR_STRUCTURE,BEAR_STRUCTURE,0.3,0.95,0.3
2022-03-27 00:00:00+00:00,0,BULL,0.9999999940500857,True,2,False,BEAR_STRUCTURE,BEAR_STRUCTURE,0.3,0.95,0.3
2022-03-28 00:00:00+00:00,0,BULL,0.9999999873316484,True,3,False,BEAR_STRUCTURE,BEAR_STRUCTURE,0.3,0.95,0.3
2022-03-29 00:00:00+00:00,0,BULL,0.9999999972219484,True,4,False,BEAR_STRUCTURE,BEAR_STRUCTURE,0.3,0.95,0.3
2022-03-30 00:00:00+00:00,0,BULL,0.9999968775494926,True,5,False,BEAR_STRUCTURE,BEAR_STRUCTURE,0.3,0.95,0.3
2022-03-31 00:00:00+00:00,0,BULL,0.9994690783722185,True,6,False,BEAR_STRUCTURE,BEAR_STRUCTURE,0.3,0.95,0.3
2022-04-01 00:00:00+00:00,0,BULL,0.999296883087583,True,7,False,BEAR_STRUCTURE,BEAR_STRUCTURE,0.3,0.95,0.3
2022-04-02 00:00:00+00:00,0,BULL,0.998802759212176,True,8,False,BEAR_STRUCTURE,BEAR_STRUCTURE,0.3,0.95,0.3
2022-04-03 00:00:00+00:00,0,BULL,0.9292493956295153,True,9,False,BEAR_STRUCTURE,BEAR_STRUCTURE,0.3,0.95,0.3
2022-04-04 00:00:00+00:00,0,BULL,0.794004164994696,True,10,False,BEAR_STRUCTURE,BEAR_STRUCTURE,0.3,0.95,0.3
2022-04-05 00:00:00+00:00,0,BULL,0.9954001347753298,True,11,False,BEAR_STRUCTURE,BEAR_STRUCTURE,0.3,0.95,0.3
2022-04-06 00:00:00+00:00,0,BULL,0.5042157304702899,True,12,False,BEAR_STRUCTURE,BEAR_STRUCTURE,0.3,0.2890932939627497451042637316,0.2890932939627497451042637316
2022-04-07 00:00:00+00:00,0,BULL,0.045633968760482604,False,12,False,BEAR_STRUCTURE,BEAR_STRUCTURE,0.3,0.2903939877279299517555252246,0.2903939877279299517555252246
2022-04-08 00:00:00+00:00,0,BULL,0.0036999438988325173,False,12,False,BEAR_STRUCTURE,BEAR_STRUCTURE,0.3,0.2846937923452988965440666748,0.2846937923452988965440666748
2022-04-09 00:00:00+00:00,3,CRASH,0.9997776525975126,True,3,False,BEAR_STRUCTURE,BEAR_STRUCTURE,0.3,0.2871049484820156437217694818,0.2871049484820156437217694818
2022-04-10 00:00:00+00:00,3,CRASH,0.9997785187939943,True,4,False,BEAR_STRUCTURE,BEAR_STRUCTURE,0.3,0.2842445043705349553714415880,0.2842445043705349553714415880
2022-04-11 00:00:00+00:00,3,CRASH,0.9997813049370026,True,5,False,BEAR_STRUCTURE,BEAR_STRUCTURE,0.3,0.2713315763693731393480643112,0.2713315763693731393480643112
2022-04-12 00:00:00+00:00,3,CRASH,0.9976897705611314,True,6,False,BEAR_STRUCTURE,BEAR_STRUCTURE,0.3,0.2740446924318528082928230522,0.2740446924318528082928230522
2022-04-13 00:00:00+00:00,3,CRASH,0.9891394079586215,True,7,False,BEAR_STRUCTURE,BEAR_STRUCTURE,0.3,0.2793318571950424402305727540,0.2793318571950424402305727540
2022-04-14 00:00:00+00:00,3,CRASH,0.9912988722633601,True,8,False,BEAR_STRUCTURE,BEAR_STRUCTURE,0.3,0.2733860271764639202180873389,0.2733860271764639202180873389
2022-04-15 00:00:00+00:00,3,CRASH,0.9967357440336279,True,9,False,BEAR_STRUCTURE,BEAR_STRUCTURE,0.3,0.2764047694117084453784727505,0.2764047694117084453784727505
2022-04-16 00:00:00+00:00,3,CRASH,0.9936033129755978,True,10,False,BEAR_STRUCTURE,BEAR_STRUCTURE,0.3,0.2755495731176400536621509478,0.2755495731176400536621509478
2022-04-17 00:00:00+00:00,3,CRASH,0.9984716044280365,True,11,False,BEAR_STRUCTURE,BEAR_STRUCTURE,0.3,0.2720693970644879697121218865,0.2720693970644879697121218865
2022-04-18 00:00:00+00:00,3,CRASH,0.9985861479939867,True,12,False,BEAR_STRUCTURE,BEAR_STRUCTURE,0.3,0.2776319068268870204521726899,0.2776319068268870204521726899
2022-04-19 00:00:00+00:00,3,CRASH,0.03925651850621126,False,12,False,BEAR_STRUCTURE,BEAR_STRUCTURE,0.3,0.2810176412743365738857249183,0.2810176412743365738857249183
2022-04-20 00:00:00+00:00,3,CRASH,0.001755764995591815,False,12,False,BEAR_STRUCTURE,BEAR_STRUCTURE,0.3,0.2803597200067796229778661717,0.2803597200067796229778661717
2022-04-21 00:00:00+00:00,0,BULL,0.559703877793771,True,3,False,BEAR_STRUCTURE,BEAR_STRUCTURE,0.3,0.95,0.3
2022-04-22 00:00:00+00:00,0,BULL,0.8931041823769238,True,4,False,BEAR_STRUCTURE,BEAR_STRUCTURE,0.3,0.95,0.3
2022-04-23 00:00:00+00:00,0,BULL,0.9966587080833056,True,5,False,BEAR_STRUCTURE,BEAR_STRUCTURE,0.3,0.95,0.3
2022-04-24 00:00:00+00:00,0,BULL,0.9999038563683348,True,6,False,BEAR_STRUCTURE,BEAR_STRUCTURE,0.3,0.95,0.3
2022-04-25 00:00:00+00:00,0,BULL,0.9980013037946351,True,7,False,BEAR_STRUCTURE,BEAR_STRUCTURE,0.3,0.95,0.3
2022-04-26 00:00:00+00:00,0,BULL,0.9372366133668456,True,8,False,BEAR_STRUCTURE,BEAR_STRUCTURE,0.3,0.95,0.3
2022-04-27 00:00:00+00:00,0,BULL,0.9934043889673955,True,9,False,BEAR_STRUCTURE,BEAR_STRUCTURE,0.3,0.95,0.3
2022-04-28 00:00:00+00:00,0,BULL,0.999896965235801,True,10,False,BEAR_STRUCTURE,BEAR_STRUCTURE,0.3,0.95,0.3
2022-04-29 00:00:00+00:00,0,BULL,0.9993752245523004,True,11,False,BEAR_STRUCTURE,BEAR_STRUCTURE,0.3,0.95,0.3
2022-04-30 00:00:00+00:00,0,BULL,0.9766088947964289,True,12,False,BEAR_STRUCTURE,BEAR_STRUCTURE,0.3,0.95,0.3
2022-05-01 00:00:00+00:00,0,BULL,0.9999839388313532,True,13,False,BEAR_STRUCTURE,BEAR_STRUCTURE,0.3,0.95,0.3
2022-05-02 00:00:00+00:00,0,BULL,0.9999916031686205,True,14,False,BEAR_STRUCTURE,BEAR_STRUCTURE,0.3,0.95,0.3
2022-05-03 00:00:00+00:00,0,BULL,0.9999206289767358,True,15,False,BEAR_STRUCTURE,BEAR_STRUCTURE,0.3,0.95,0.3
2022-05-04 00:00:00+00:00,0,BULL,0.9999511718640527,True,16,False,BEAR_STRUCTURE,BEAR_STRUCTURE,0.3,0.95,0.3
2022-05-05 00:00:00+00:00,0,BULL,0.033384506805130054,False,16,False,BEAR_STRUCTURE,BEAR_STRUCTURE,0.3,0.2830025288233966221835306133,0.2830025288233966221835306133
2022-05-06 00:00:00+00:00,0,BULL,0.07751653493887244,False,16,False,BEAR_STRUCTURE,BEAR_STRUCTURE,0.3,0.2799967849852078423065572571,0.2799967849852078423065572571
2022-05-07 00:00:00+00:00,3,CRASH,0.8876734773920011,True,3,False,BEAR_STRUCTURE,BEAR_STRUCTURE,0.3,0.2769534277241169937096273601,0.2769534277241169937096273601
2022-05-08 00:00:00+00:00,3,CRASH,0.9929895838687463,True,4,False,BEAR_STRUCTURE,BEAR_STRUCTURE,0.3,0.2687665469012773164164794434,0.2687665469012773164164794434
2022-05-09 00:00:00+00:00,3,CRASH,1.0,True,5,False,BEAR_STRUCTURE,BEAR_STRUCTURE,0.3,0.50,0.3
2022-05-10 00:00:00+00:00,3,CRASH,0.9999999998808562,True,6,False,BEAR_STRUCTURE,BEAR_STRUCTURE,0.3,0.3065437218530352089761441646,0.3
2022-05-11 00:00:00+00:00,3,CRASH,1.0,True,7,False,BEAR_STRUCTURE,BEAR_STRUCTURE,0.3,0.2868045819944242806577463155,0.2868045819944242806577463155
2022-05-12 00:00:00+00:00,3,CRASH,1.0,True,8,False,BEAR_STRUCTURE,BEAR_STRUCTURE,0.3,0.2862827798671244504491557913,0.2862827798671244504491557913
2022-05-13 00:00:00+00:00,3,CRASH,0.9999999987730916,True,9,False,BEAR_STRUCTURE,BEAR_STRUCTURE,0.3,0.2880891939120109624015048993,0.2880891939120109624015048993
2022-05-14 00:00:00+00:00,3,CRASH,0.00027113475998846384,False,9,False,BEAR_STRUCTURE,BEAR_STRUCTURE,0.3,0.2936456213432832024573374169,0.2936456213432832024573374169
2022-05-15 00:00:00+00:00,3,CRASH,5.9103734204485856e-08,False,9,False,BEAR_STRUCTURE,BEAR_STRUCTURE,0.3,0.3021064254478083780740335070,0.3
2022-05-16 00:00:00+00:00,3,CRASH,4.422126404558311e-13,False,9,False,BEAR_STRUCTURE,BEAR_STRUCTURE,0.3,0.2901098668723821840642009793,0.2901098668723821840642009793
2022-05-17 00:00:00+00:00,1,BEAR,0.9783572075921504,True,3,False,BEAR_STRUCTURE,BEAR_STRUCTURE,0.3,0.60,0.3
2022-05-18 00:00:00+00:00,1,BEAR,0.9999997252094013,True,4,False,BEAR_STRUCTURE,BEAR_STRUCTURE,0.3,0.60,0.3
2022-05-19 00:00:00+00:00,1,BEAR,0.9999999999986358,True,5,False,BEAR_STRUCTURE,BEAR_STRUCTURE,0.3,0.60,0.3
2022-05-20 00:00:00+00:00,1,BEAR,1.0,True,6,False,BEAR_STRUCTURE,BEAR_STRUCTURE,0.3,0.60,0.3
2022-05-21 00:00:00+00:00,1,BEAR,1.0,True,7,False,BEAR_STRUCTURE,BEAR_STRUCTURE,0.3,0.60,0.3
2022-05-22 00:00:00+00:00,1,BEAR,1.0,True,8,False,BEAR_STRUCTURE,BEAR_STRUCTURE,0.3,0.60,0.3
2022-05-23 00:00:00+00:00,1,BEAR,1.0,True,9,False,BEAR_STRUCTURE,BEAR_STRUCTURE,0.3,0.60,0.3
2022-05-24 00:00:00+00:00,1,BEAR,1.0,True,10,False,BEAR_STRUCTURE,BEAR_STRUCTURE,0.3,0.60,0.3
2022-05-25 00:00:00+00:00,1,BEAR,0.9999999999986358,True,11,False,BEAR_STRUCTURE,BEAR_STRUCTURE,0.3,0.60,0.3
2022-05-26 00:00:00+00:00,1,BEAR,0.9999999995252438,True,12,False,BEAR_STRUCTURE,BEAR_STRUCTURE,0.3,0.60,0.3
2022-05-27 00:00:00+00:00,1,BEAR,0.9999999999781721,True,13,False,BEAR_STRUCTURE,BEAR_STRUCTURE,0.3,0.60,0.3
2022-05-28 00:00:00+00:00,1,BEAR,1.0,True,14,False,BEAR_STRUCTURE,BEAR_STRUCTURE,0.3,0.60,0.3
2022-05-29 00:00:00+00:00,1,BEAR,0.0010248186793822647,False,14,False,BEAR_STRUCTURE,BEAR_STRUCTURE,0.3,0.3031456155473230259567020741,0.3
2022-05-30 00:00:00+00:00,1,BEAR,1.0119174526203504e-06,False,14,False,BEAR_STRUCTURE,BEAR_STRUCTURE,0.3,0.3157852363616146551411082749,0.3
2022-05-31 00:00:00+00:00,1,BEAR,6.552499789315486e-13,False,14,False,BEAR_STRUCTURE,BEAR_STRUCTURE,0.3,0.3004476884231913837169929951,0.3
2022-06-01 00:00:00+00:00,2,EUPHORIA,0.9999993863222763,True,3,False,BEAR_STRUCTURE,BEAR_STRUCTURE,0.3,0.60,0.3
2022-06-02 00:00:00+00:00,2,EUPHORIA,0.9999751571693163,True,4,False,BEAR_STRUCTURE,BEAR_STRUCTURE,0.3,0.60,0.3
2022-06-03 00:00:00+00:00,2,EUPHORIA,0.9999385325770134,True,5,False,BEAR_STRUCTURE,BEAR_STRUCTURE,0.3,0.60,0.3
2022-06-04 00:00:00+00:00,2,EUPHORIA,0.999733228164176,True,6,False,BEAR_STRUCTURE,BEAR_STRUCTURE,0.3,0.60,0.3
2022-06-05 00:00:00+00:00,2,EUPHORIA,0.9897835096306117,True,7,False,BEAR_STRUCTURE,BEAR_STRUCTURE,0.3,0.60,0.3
2022-06-06 00:00:00+00:00,2,EUPHORIA,0.9988575129182156,True,8,False,BEAR_STRUCTURE,BEAR_STRUCTURE,0.3,0.60,0.3
2022-06-07 00:00:00+00:00,2,EUPHORIA,0.395501526736667,False,8,False,BEAR_STRUCTURE,BEAR_STRUCTURE,0.3,0.2983406741386695379906331462,0.2983406741386695379906331462
2022-06-08 00:00:00+00:00,2,EUPHORIA,0.0012800221467199494,False,8,False,BEAR_STRUCTURE,BEAR_STRUCTURE,0.3,0.2920943287627415418374318403,0.2920943287627415418374318403
2022-06-09 00:00:00+00:00,0,BULL,0.9999952912955352,True,3,False,BEAR_STRUCTURE,BEAR_STRUCTURE,0.3,0.95,0.3
2022-06-10 00:00:00+00:00,0,BULL,0.9993933078062416,True,4,False,BEAR_STRUCTURE,BEAR_STRUCTURE,0.3,0.95,0.3
2022-06-11 00:00:00+00:00,0,BULL,0.9964286211630218,True,5,False,BEAR_STRUCTURE,BEAR_STRUCTURE,0.3,0.95,0.3
2022-06-12 00:00:00+00:00,0,BULL,0.028625079116563548,False,5,False,BEAR_STRUCTURE,BEAR_STRUCTURE,0.3,0.2860597961052693670661762272,0.2860597961052693670661762272
2022-06-13 00:00:00+00:00,0,BULL,2.045718385772341e-35,False,5,False,BEAR_STRUCTURE,BEAR_STRUCTURE,0.3,0.2532041100085264010076402481,0.2532041100085264010076402481
2022-06-14 00:00:00+00:00,3,CRASH,0.9999999940487214,True,3,False,BEAR_STRUCTURE,BEAR_STRUCTURE,0.3,0.2502409154617028320987853520,0.2502409154617028320987853520
2022-06-15 00:00:00+00:00,3,CRASH,0.9999999820101949,True,4,False,BEAR_STRUCTURE,BEAR_STRUCTURE,0.3,0.2540130827842673569229381646,0.2540130827842673569229381646
2022-06-16 00:00:00+00:00,3,CRASH,0.9999734944160406,True,5,False,BEAR_STRUCTURE,BEAR_STRUCTURE,0.3,0.50,0.3
2022-06-17 00:00:00+00:00,3,CRASH,0.9999994569663269,True,6,False,BEAR_STRUCTURE,BEAR_STRUCTURE,0.3,0.3007259766826680257037054563,0.3
2022-06-18 00:00:00+00:00,3,CRASH,0.9992565223148772,True,7,False,BEAR_STRUCTURE,BEAR_STRUCTURE,0.3,0.2842862057103965781257685522,0.2842862057103965781257685522
2022-06-19 00:00:00+00:00,3,CRASH,2.2197206649306615e-05,False,7,False,BEAR_STRUCTURE,BEAR_STRUCTURE,0.3,0.3010777126471614175581308009,0.3
2022-06-20 00:00:00+00:00,3,CRASH,1.7349520452625332e-13,False,7,False,BEAR_STRUCTURE,BEAR_STRUCTURE,0.3,0.2999990391846381106647652388,0.2999990391846381106647652388
2022-06-21 00:00:00+00:00,1,BEAR,1.0,True,3,False,BEAR_STRUCTURE,BEAR_STRUCTURE,0.3,0.60,0.3
2022-06-22 00:00:00+00:00,1,BEAR,1.0,True,4,False,BEAR_STRUCTURE,BEAR_STRUCTURE,0.3,0.60,0.3
2022-06-23 00:00:00+00:00,1,BEAR,1.0,True,5,False,BEAR_STRUCTURE,BEAR_STRUCTURE,0.3,0.60,0.3
2022-06-24 00:00:00+00:00,1,BEAR,1.0,True,6,False,BEAR_STRUCTURE,BEAR_STRUCTURE,0.3,0.60,0.3
2022-06-25 00:00:00+00:00,1,BEAR,1.0,True,7,False,BEAR_STRUCTURE,BEAR_STRUCTURE,0.3,0.60,0.3
2022-06-26 00:00:00+00:00,1,BEAR,1.0,True,8,False,BEAR_STRUCTURE,BEAR_STRUCTURE,0.3,0.60,0.3
2022-06-27 00:00:00+00:00,1,BEAR,1.0,True,9,False,BEAR_STRUCTURE,BEAR_STRUCTURE,0.3,0.60,0.3
2022-06-28 00:00:00+00:00,1,BEAR,1.0,True,10,False,BEAR_STRUCTURE,BEAR_STRUCTURE,0.3,0.60,0.3
2022-06-29 00:00:00+00:00,1,BEAR,1.0,True,11,False,BEAR_STRUCTURE,BEAR_STRUCTURE,0.3,0.60,0.3
2022-06-30 00:00:00+00:00,1,BEAR,1.0,True,12,False,BEAR_STRUCTURE,BEAR_STRUCTURE,0.3,0.60,0.3
2022-07-01 00:00:00+00:00,1,BEAR,1.0,True,13,False,BEAR_STRUCTURE,BEAR_STRUCTURE,0.3,0.60,0.3
2022-07-02 00:00:00+00:00,1,BEAR,1.0,True,14,False,BEAR_STRUCTURE,BEAR_STRUCTURE,0.3,0.60,0.3
2022-07-03 00:00:00+00:00,1,BEAR,0.9999999999527063,True,15,False,BEAR_STRUCTURE,BEAR_STRUCTURE,0.3,0.60,0.3
2022-07-04 00:00:00+00:00,1,BEAR,1.0,True,16,False,BEAR_STRUCTURE,BEAR_STRUCTURE,0.3,0.60,0.3
2022-07-05 00:00:00+00:00,1,BEAR,0.9999999996198312,True,17,False,BEAR_STRUCTURE,BEAR_STRUCTURE,0.3,0.60,0.3
2022-07-06 00:00:00+00:00,1,BEAR,2.3273942722795906e-09,False,17,False,BEAR_STRUCTURE,BEAR_STRUCTURE,0.3,0.3040219154060495998963363892,0.3
2022-07-07 00:00:00+00:00,1,BEAR,1.5375778445424038e-20,False,17,False,BEAR_STRUCTURE,BEAR_STRUCTURE,0.3,0.3106652990386996639849950390,0.3
2022-07-08 00:00:00+00:00,1,BEAR,6.545742300041792e-95,False,17,False,BEAR_STRUCTURE,BEAR_STRUCTURE,0.3,0.2997102430219934460304138052,0.2997102430219934460304138052
2022-07-09 00:00:00+00:00,2,EUPHORIA,0.9205226218090412,True,3,False,BEAR_STRUCTURE,BEAR_STRUCTURE,0.3,0.60,0.3
2022-07-10 00:00:00+00:00,2,EUPHORIA,0.9979578400115311,True,4,False,BEAR_STRUCTURE,BEAR_STRUCTURE,0.3,0.60,0.3
2022-07-11 00:00:00+00:00,2,EUPHORIA,0.9999975158178973,True,5,False,BEAR_STRUCTURE,BEAR_STRUCTURE,0.3,0.60,0.3
2022-07-12 00:00:00+00:00,2,EUPHORIA,0.9999990392711947,True,6,False,BEAR_STRUCTURE,BEAR_STRUCTURE,0.3,0.60,0.3
2022-07-13 00:00:00+00:00,2,EUPHORIA,0.9999999855717762,True,7,False,BEAR_STRUCTURE,BEAR_STRUCTURE,0.3,0.60,0.3
2022-07-14 00:00:00+00:00,2,EUPHORIA,1.0,True,8,False,BEAR_STRUCTURE,BEAR_STRUCTURE,0.3,0.60,0.3
2022-07-15 00:00:00+00:00,2,EUPHORIA,1.0,True,9,False,BEAR_STRUCTURE,BEAR_STRUCTURE,0.3,0.60,0.3
2022-07-16 00:00:00+00:00,2,EUPHORIA,1.0,True,10,False,BEAR_STRUCTURE,BEAR_STRUCTURE,0.3,0.60,0.3
2022-07-17 00:00:00+00:00,2,EUPHORIA,1.0,True,11,False,BEAR_STRUCTURE,BEAR_STRUCTURE,0.3,0.60,0.3
2022-07-18 00:00:00+00:00,2,EUPHORIA,1.0,True,12,False,BEAR_STRUCTURE,BEAR_STRUCTURE,0.3,0.60,0.3
2022-07-19 00:00:00+00:00,2,EUPHORIA,1.0,True,13,False,BEAR_STRUCTURE,BEAR_STRUCTURE,0.3,0.60,0.3
2022-07-20 00:00:00+00:00,2,EUPHORIA,0.999999999920874,True,14,False,BEAR_STRUCTURE,BEAR_STRUCTURE,0.3,0.60,0.3
2022-07-21 00:00:00+00:00,2,EUPHORIA,0.9999998512894419,True,15,False,BEAR_STRUCTURE,BEAR_STRUCTURE,0.3,0.60,0.3
2022-07-22 00:00:00+00:00,2,EUPHORIA,0.9999736665442791,True,16,False,BEAR_STRUCTURE,BEAR_STRUCTURE,0.3,0.60,0.3
2022-07-23 00:00:00+00:00,2,EUPHORIA,0.9853279886071078,True,17,False,BEAR_STRUCTURE,BEAR_STRUCTURE,0.3,0.60,0.3
2022-07-24 00:00:00+00:00,2,EUPHORIA,0.08027009416313143,False,17,False,BEAR_STRUCTURE,BEAR_STRUCTURE,0.3,0.3012244738244660279259091248,0.3
2022-07-25 00:00:00+00:00,2,EUPHORIA,0.0002521114557416321,False,17,False,BEAR_STRUCTURE,BEAR_STRUCTURE,0.3,0.2880210618642599829531438197,0.2880210618642599829531438197
2022-07-26 00:00:00+00:00,2,EUPHORIA,4.205034369096333e-06,False,17,False,BEAR_STRUCTURE,BEAR_STRUCTURE,0.3,0.2874795750847215128843667355,0.2874795750847215128843667355
2022-07-27 00:00:00+00:00,3,CRASH,0.8992703778228537,True,3,False,BEAR_STRUCTURE,BEAR_STRUCTURE,0.3,0.3034740987881406851287517225,0.3
2022-07-28 00:00:00+00:00,3,CRASH,0.0002011330650738828,False,3,False,BEAR_STRUCTURE,BEAR_STRUCTURE,0.3,0.3080369317476126201181846406,0.3
2022-07-29 00:00:00+00:00,3,CRASH,1.6443130065320483e-06,False,3,False,BEAR_STRUCTURE,BEAR_STRUCTURE,0.3,0.2993721848548869480558103300,0.2993721848548869480558103300
2022-07-30 00:00:00+00:00,0,BULL,0.9986610035478147,True,3,False,BEAR_STRUCTURE,BEAR_STRUCTURE,0.3,0.95,0.3
2022-07-31 00:00:00+00:00,0,BULL,0.9999824526796842,True,4,False,BEAR_STRUCTURE,BEAR_STRUCTURE,0.3,0.95,0.3
2022-08-01 00:00:00+00:00,0,BULL,0.9999962751450109,True,5,False,BEAR_STRUCTURE,BEAR_STRUCTURE,0.3,0.95,0.3
2022-08-02 00:00:00+00:00,0,BULL,0.999932384693696,True,6,False,BEAR_STRUCTURE,BEAR_STRUCTURE,0.3,0.95,0.3
2022-08-03 00:00:00+00:00,0,BULL,0.99987684254779,True,7,False,BEAR_STRUCTURE,BEAR_STRUCTURE,0.3,0.95,0.3
2022-08-04 00:00:00+00:00,0,BULL,0.9996905109904892,True,8,False,BEAR_STRUCTURE,BEAR_STRUCTURE,0.3,0.95,0.3
2022-08-05 00:00:00+00:00,0,BULL,0.9998185443533051,True,9,False,BEAR_STRUCTURE,BEAR_STRUCTURE,0.3,0.95,0.3
2022-08-06 00:00:00+00:00,0,BULL,0.9999639115931171,True,10,False,BEAR_STRUCTURE,BEAR_STRUCTURE,0.3,0.95,0.3
2022-08-07 00:00:00+00:00,0,BULL,0.9994703169497838,True,11,False,BEAR_STRUCTURE,BEAR_STRUCTURE,0.3,0.95,0.3
2022-08-08 00:00:00+00:00,0,BULL,0.9991268016878169,True,12,False,BEAR_STRUCTURE,BEAR_STRUCTURE,0.3,0.95,0.3
2022-08-09 00:00:00+00:00,0,BULL,0.9987745948602537,True,13,False,BEAR_STRUCTURE,BEAR_STRUCTURE,0.3,0.95,0.3
2022-08-10 00:00:00+00:00,0,BULL,0.9987104572836523,True,14,False,BEAR_STRUCTURE,BEAR_STRUCTURE,0.3,0.95,0.3
2022-08-11 00:00:00+00:00,0,BULL,0.9999560378132899,True,15,False,BEAR_STRUCTURE,BEAR_STRUCTURE,0.3,0.95,0.3
2022-08-12 00:00:00+00:00,0,BULL,0.9999983161902116,True,16,False,BEAR_STRUCTURE,BEAR_STRUCTURE,0.3,0.95,0.3
2022-08-13 00:00:00+00:00,0,BULL,0.9999962220361764,True,17,False,BEAR_STRUCTURE,BEAR_STRUCTURE,0.3,0.95,0.3
2022-08-14 00:00:00+00:00,0,BULL,0.9999994737446761,True,18,False,BEAR_STRUCTURE,BEAR_STRUCTURE,0.3,0.95,0.3
2022-08-15 00:00:00+00:00,0,BULL,0.9999854158285717,True,19,False,BEAR_STRUCTURE,BEAR_STRUCTURE,0.3,0.95,0.3
2022-08-16 00:00:00+00:00,0,BULL,0.7410028551367813,True,20,False,BEAR_STRUCTURE,BEAR_STRUCTURE,0.3,0.95,0.3
2022-08-17 00:00:00+00:00,0,BULL,0.006220865664544266,False,20,False,BEAR_STRUCTURE,BEAR_STRUCTURE,0.3,0.2954505068355928009768093096,0.2954505068355928009768093096
2022-08-18 00:00:00+00:00,0,BULL,0.0003678923265104142,False,20,False,BEAR_STRUCTURE,BEAR_STRUCTURE,0.3,0.2940972593914605293844406639,0.2940972593914605293844406639
2022-08-19 00:00:00+00:00,3,CRASH,0.9999976724575192,True,3,False,BEAR_STRUCTURE,BEAR_STRUCTURE,0.3,0.2723494669101540761815222983,0.2723494669101540761815222983
2022-08-20 00:00:00+00:00,3,CRASH,0.9972471536428676,True,4,False,BEAR_STRUCTURE,BEAR_STRUCTURE,0.3,0.2752455010994409013500659262,0.2752455010994409013500659262
2022-08-21 00:00:00+00:00,3,CRASH,0.9699218363882541,True,5,False,BEAR_STRUCTURE,BEAR_STRUCTURE,0.3,0.2787719905951647482569894118,0.2787719905951647482569894118
2022-08-22 00:00:00+00:00,3,CRASH,0.8386903558480377,True,6,False,BEAR_STRUCTURE,BEAR_STRUCTURE,0.3,0.2776884290346653442448276452,0.2776884290346653442448276452
2022-08-23 00:00:00+00:00,3,CRASH,0.5845363431104106,True,7,False,BEAR_STRUCTURE,BEAR_STRUCTURE,0.3,0.2788982161800173019238077836,0.2788982161800173019238077836
2022-08-24 00:00:00+00:00,3,CRASH,4.634997265804671e-08,False,7,False,BEAR_STRUCTURE,BEAR_STRUCTURE,0.3,0.2773907181415389355699471519,0.2773907181415389355699471519
2022-08-25 00:00:00+00:00,3,CRASH,2.561165312490624e-08,False,7,False,BEAR_STRUCTURE,BEAR_STRUCTURE,0.3,0.2791776051897143210942317031,0.2791776051897143210942317031
2022-08-26 00:00:00+00:00,0,BULL,0.7783551364428392,True,3,False,BEAR_STRUCTURE,BEAR_STRUCTURE,0.3,0.95,0.3
2022-08-27 00:00:00+00:00,0,BULL,0.9820018752605194,True,4,False,BEAR_STRUCTURE,BEAR_STRUCTURE,0.3,0.95,0.3
2022-08-28 00:00:00+00:00,0,BULL,0.9910834544715339,True,5,False,BEAR_STRUCTURE,BEAR_STRUCTURE,0.3,0.95,0.3
2022-08-29 00:00:00+00:00,0,BULL,0.8967485205849766,True,6,False,BEAR_STRUCTURE,BEAR_STRUCTURE,0.3,0.95,0.3
2022-08-30 00:00:00+00:00,0,BULL,0.7875131358502708,True,7,False,BEAR_STRUCTURE,BEAR_STRUCTURE,0.3,0.95,0.3
2022-08-31 00:00:00+00:00,0,BULL,0.9998794141071072,True,8,False,BEAR_STRUCTURE,BEAR_STRUCTURE,0.3,0.95,0.3
2022-09-01 00:00:00+00:00,0,BULL,0.999994538096326,True,9,False,BEAR_STRUCTURE,BEAR_STRUCTURE,0.3,0.95,0.3
2022-09-02 00:00:00+00:00,0,BULL,0.9999943882469896,True,10,False,BEAR_STRUCTURE,BEAR_STRUCTURE,0.3,0.95,0.3
2022-09-03 00:00:00+00:00,0,BULL,0.9999872060143281,True,11,False,BEAR_STRUCTURE,BEAR_STRUCTURE,0.3,0.95,0.3
2022-09-04 00:00:00+00:00,0,BULL,0.9999568119523593,True,12,False,BEAR_STRUCTURE,BEAR_STRUCTURE,0.3,0.95,0.3
2022-09-05 00:00:00+00:00,0,BULL,0.999971968960356,True,13,False,BEAR_STRUCTURE,BEAR_STRUCTURE,0.3,0.95,0.3
2022-09-06 00:00:00+00:00,0,BULL,0.9926001368945342,True,14,False,BEAR_STRUCTURE,BEAR_STRUCTURE,0.3,0.95,0.3
2022-09-07 00:00:00+00:00,0,BULL,0.9437156638202026,True,15,False,BEAR_STRUCTURE,BEAR_STRUCTURE,0.3,0.95,0.3
2022-09-08 00:00:00+00:00,0,BULL,0.9992041169222228,True,16,False,BEAR_STRUCTURE,BEAR_STRUCTURE,0.3,0.95,0.3
2022-09-09 00:00:00+00:00,0,BULL,0.12833163691904217,False,16,False,BEAR_STRUCTURE,BEAR_STRUCTURE,0.3,0.3214878314004700513147303084,0.3
2022-09-10 00:00:00+00:00,0,BULL,0.32878239861013336,False,16,False,BEAR_STRUCTURE,BEAR_STRUCTURE,0.3,0.3028157441343478113146466754,0.3
2022-09-11 00:00:00+00:00,2,EUPHORIA,0.7198100555131693,True,3,False,BEAR_STRUCTURE,BEAR_STRUCTURE,0.3,0.95,0.3
2022-09-12 00:00:00+00:00,2,EUPHORIA,0.9406079751521131,True,4,False,BEAR_STRUCTURE,BEAR_STRUCTURE,0.3,0.95,0.3
2022-09-13 00:00:00+00:00,2,EUPHORIA,0.9999999716865209,True,5,False,BEAR_STRUCTURE,BEAR_STRUCTURE,0.3,0.60,0.3
2022-09-14 00:00:00+00:00,2,EUPHORIA,0.9978294329361319,True,6,False,BEAR_STRUCTURE,BEAR_STRUCTURE,0.3,0.60,0.3
2022-09-15 00:00:00+00:00,2,EUPHORIA,0.9627439939815495,True,7,False,BEAR_STRUCTURE,BEAR_STRUCTURE,0.3,0.60,0.3
2022-09-16 00:00:00+00:00,2,EUPHORIA,0.8816738375860921,True,8,False,BEAR_STRUCTURE,BEAR_STRUCTURE,0.3,0.60,0.3
2022-09-17 00:00:00+00:00,2,EUPHORIA,0.3516449198373996,False,8,False,BEAR_STRUCTURE,BEAR_STRUCTURE,0.3,0.3032752941271071476333969981,0.3
2022-09-18 00:00:00+00:00,2,EUPHORIA,0.984691595415014,True,9,False,BEAR_STRUCTURE,BEAR_STRUCTURE,0.3,0.60,0.3
2022-09-19 00:00:00+00:00,2,EUPHORIA,0.999821873390213,True,10,False,BEAR_STRUCTURE,BEAR_STRUCTURE,0.3,0.60,0.3
2022-09-20 00:00:00+00:00,2,EUPHORIA,0.999941371209178,True,11,False,BEAR_STRUCTURE,BEAR_STRUCTURE,0.3,0.60,0.3
2022-09-21 00:00:00+00:00,2,EUPHORIA,0.999037659260981,True,12,False,BEAR_STRUCTURE,BEAR_STRUCTURE,0.3,0.60,0.3
2022-09-22 00:00:00+00:00,2,EUPHORIA,0.9994534259718992,True,13,False,BEAR_STRUCTURE,BEAR_STRUCTURE,0.3,0.60,0.3
2022-09-23 00:00:00+00:00,2,EUPHORIA,0.9999955762484738,True,14,False,BEAR_STRUCTURE,BEAR_STRUCTURE,0.3,0.60,0.3
2022-09-24 00:00:00+00:00,1,EUPHORIA,0.9998544635076875,True,1,False,BEAR_STRUCTURE,BEAR_STRUCTURE,0.3,0.60,0.3
2022-09-25 00:00:00+00:00,1,EUPHORIA,0.9994544312292097,True,2,False,BEAR_STRUCTURE,BEAR_STRUCTURE,0.3,0.60,0.3
2022-09-26 00:00:00+00:00,1,EUPHORIA,0.9995788223790428,True,3,False,BEAR_STRUCTURE,BEAR_STRUCTURE,0.3,0.60,0.3
2022-09-27 00:00:00+00:00,1,EUPHORIA,0.9736142820880533,True,4,False,BEAR_STRUCTURE,BEAR_STRUCTURE,0.3,0.60,0.3
2022-09-28 00:00:00+00:00,1,EUPHORIA,0.9982748695512615,True,5,False,BEAR_STRUCTURE,BEAR_STRUCTURE,0.3,0.60,0.3
2022-09-29 00:00:00+00:00,1,EUPHORIA,0.5254713255502589,True,6,False,BEAR_STRUCTURE,BEAR_STRUCTURE,0.3,0.3019290815976386147746244330,0.3
2022-09-30 00:00:00+00:00,1,EUPHORIA,0.004503984345365833,False,6,False,BEAR_STRUCTURE,BEAR_STRUCTURE,0.3,0.2981955649688152347256512243,0.2981955649688152347256512243
2022-10-01 00:00:00+00:00,1,EUPHORIA,3.3519113798072558e-06,False,6,False,BEAR_STRUCTURE,BEAR_STRUCTURE,0.3,0.2969903834047220530565364341,0.2969903834047220530565364341
2022-10-02 00:00:00+00:00,0,BEAR,0.9999999999463398,True,3,False,BEAR_STRUCTURE,BEAR_STRUCTURE,0.3,0.60,0.3
2022-10-03 00:00:00+00:00,0,BEAR,1.0,True,4,False,BEAR_STRUCTURE,BEAR_STRUCTURE,0.3,0.60,0.3
2022-10-04 00:00:00+00:00,0,BEAR,1.0,True,5,False,BEAR_STRUCTURE,BEAR_STRUCTURE,0.3,0.95,0.3
2022-10-05 00:00:00+00:00,0,BEAR,1.0,True,6,False,BEAR_STRUCTURE,BEAR_STRUCTURE,0.3,0.60,0.3
2022-10-06 00:00:00+00:00,0,BEAR,0.9999999999990905,True,7,False,BEAR_STRUCTURE,BEAR_STRUCTURE,0.3,0.60,0.3
2022-10-07 00:00:00+00:00,0,BEAR,1.0,True,8,False,BEAR_STRUCTURE,BEAR_STRUCTURE,0.3,0.60,0.3
2022-10-08 00:00:00+00:00,0,BEAR,1.0,True,9,False,BEAR_STRUCTURE,BEAR_STRUCTURE,0.3,0.60,0.3
2022-10-09 00:00:00+00:00,0,BEAR,1.0,True,10,False,BEAR_STRUCTURE,BEAR_STRUCTURE,0.3,0.60,0.3
2022-10-10 00:00:00+00:00,0,BEAR,1.0,True,11,False,BEAR_STRUCTURE,BEAR_STRUCTURE,0.3,0.60,0.3
2022-10-11 00:00:00+00:00,0,BEAR,1.0,True,12,False,BEAR_STRUCTURE,BEAR_STRUCTURE,0.3,0.60,0.3
2022-10-12 00:00:00+00:00,0,BEAR,1.0,True,13,False,BEAR_STRUCTURE,BEAR_STRUCTURE,0.3,0.60,0.3
2022-10-13 00:00:00+00:00,0,BEAR,0.9999999999376996,True,14,False,BEAR_STRUCTURE,BEAR_STRUCTURE,0.3,0.60,0.3
2022-10-14 00:00:00+00:00,0,BEAR,0.9999999999968168,True,15,False,BEAR_STRUCTURE,BEAR_STRUCTURE,0.3,0.60,0.3
2022-10-15 00:00:00+00:00,0,BEAR,1.0,True,16,False,BEAR_STRUCTURE,BEAR_STRUCTURE,0.3,0.60,0.3
2022-10-16 00:00:00+00:00,0,BEAR,1.0,True,17,False,BEAR_STRUCTURE,BEAR_STRUCTURE,0.3,0.60,0.3
2022-10-17 00:00:00+00:00,0,BEAR,1.0,True,18,False,BEAR_STRUCTURE,BEAR_STRUCTURE,0.3,0.60,0.3
2022-10-18 00:00:00+00:00,0,BEAR,0.9999999999995453,True,19,False,BEAR_STRUCTURE,BEAR_STRUCTURE,0.3,0.60,0.3
2022-10-19 00:00:00+00:00,0,BEAR,1.0,True,20,False,BEAR_STRUCTURE,BEAR_STRUCTURE,0.3,0.60,0.3
2022-10-20 00:00:00+00:00,0,BEAR,0.9999999999986358,True,21,False,BEAR_STRUCTURE,BEAR_STRUCTURE,0.3,0.60,0.3
2022-10-21 00:00:00+00:00,0,BEAR,0.9999999999990905,True,22,False,BEAR_STRUCTURE,BEAR_STRUCTURE,0.3,0.60,0.3
2022-10-22 00:00:00+00:00,0,BEAR,1.0,True,23,False,BEAR_STRUCTURE,BEAR_STRUCTURE,0.3,0.60,0.3
2022-10-23 00:00:00+00:00,0,BEAR,1.0,True,24,False,BEAR_STRUCTURE,BEAR_STRUCTURE,0.3,0.60,0.3
2022-10-24 00:00:00+00:00,0,BEAR,0.9999999999818101,True,25,False,BEAR_STRUCTURE,BEAR_STRUCTURE,0.3,0.60,0.3
2022-10-25 00:00:00+00:00,0,BEAR,0.9999998139401387,True,26,False,BEAR_STRUCTURE,BEAR_STRUCTURE,0.3,0.95,0.3
2022-10-26 00:00:00+00:00,0,BEAR,0.9997139112945742,True,27,False,BEAR_STRUCTURE,BEAR_STRUCTURE,0.3,0.95,0.3
2022-10-27 00:00:00+00:00,0,BEAR,0.999953725761526,True,28,False,BEAR_STRUCTURE,BEAR_STRUCTURE,0.3,0.95,0.3
2022-10-28 00:00:00+00:00,0,BEAR,0.9999999792380552,True,29,False,BEAR_STRUCTURE,BEAR_STRUCTURE,0.3,0.95,0.3
2022-10-29 00:00:00+00:00,0,BEAR,0.9999999589699664,True,30,False,BEAR_STRUCTURE,BEAR_STRUCTURE,0.3,0.95,0.3
2022-10-30 00:00:00+00:00,0,BEAR,0.9999999999836291,True,31,False,BEAR_STRUCTURE,BEAR_STRUCTURE,0.3,0.95,0.3
2022-10-31 00:00:00+00:00,0,BEAR,0.9999999998403837,True,32,False,BEAR_STRUCTURE,BEAR_STRUCTURE,0.3,0.95,0.3
2022-11-01 00:00:00+00:00,0,BEAR,0.9999999999799911,True,33,False,BEAR_STRUCTURE,BEAR_STRUCTURE,0.3,0.95,0.3
2022-11-02 00:00:00+00:00,0,BEAR,0.9999999807882889,True,34,False,BEAR_STRUCTURE,BEAR_STRUCTURE,0.3,0.95,0.3
2022-11-03 00:00:00+00:00,0,BEAR,0.9999999995502549,True,35,False,BEAR_STRUCTURE,BEAR_STRUCTURE,0.3,0.95,0.3
2022-11-04 00:00:00+00:00,0,BEAR,0.9998404961862267,True,36,False,BEAR_STRUCTURE,BEAR_STRUCTURE,0.3,0.95,0.3
2022-11-05 00:00:00+00:00,0,BEAR,0.9999999993810889,True,37,False,BEAR_STRUCTURE,BEAR_STRUCTURE,0.3,0.95,0.3
2022-11-06 00:00:00+00:00,0,BEAR,0.9999999998317435,True,38,False,BEAR_STRUCTURE,BEAR_STRUCTURE,0.3,0.95,0.3
2022-11-07 00:00:00+00:00,0,BEAR,0.9999983276411855,True,39,False,BEAR_STRUCTURE,BEAR_STRUCTURE,0.3,0.95,0.3
2022-11-08 00:00:00+00:00,0,BEAR,0.22932173678256418,False,39,False,BEAR_STRUCTURE,BEAR_STRUCTURE,0.3,0.2785203823846316416576759768,0.2785203823846316416576759768
2022-11-09 00:00:00+00:00,0,BEAR,5.7066256160498615e-12,False,39,False,BEAR_STRUCTURE,BEAR_STRUCTURE,0.3,0.2489199900598423484597413899,0.2489199900598423484597413899
2022-11-10 00:00:00+00:00,3,CRASH,1.0,True,3,False,BEAR_STRUCTURE,BEAR_STRUCTURE,0.3,0.2681225174352019812221368027,0.2681225174352019812221368027
2022-11-11 00:00:00+00:00,3,CRASH,1.0,True,4,False,BEAR_STRUCTURE,BEAR_STRUCTURE,0.3,0.2621560066372474937440159687,0.2621560066372474937440159687
2022-11-12 00:00:00+00:00,3,CRASH,1.0,True,5,False,BEAR_STRUCTURE,BEAR_STRUCTURE,0.3,0.2592182529988531698869302809,0.2592182529988531698869302809
2022-11-13 00:00:00+00:00,3,CRASH,1.0,True,6,False,BEAR_STRUCTURE,BEAR_STRUCTURE,0.3,0.2536690603514318119366366615,0.2536690603514318119366366615
2022-11-14 00:00:00+00:00,3,CRASH,1.0,True,7,False,BEAR_STRUCTURE,BEAR_STRUCTURE,0.3,0.2570116331320230306851304815,0.2570116331320230306851304815
2022-11-15 00:00:00+00:00,3,CRASH,0.9999999998112798,True,8,False,BEAR_STRUCTURE,BEAR_STRUCTURE,0.3,0.2602275906090496658949006299,0.2602275906090496658949006299
2022-11-16 00:00:00+00:00,3,CRASH,0.999694668627086,True,9,False,BEAR_STRUCTURE,BEAR_STRUCTURE,0.3,0.2575088147589918469597962133,0.2575088147589918469597962133
2022-11-17 00:00:00+00:00,3,CRASH,0.6918350870359029,True,10,False,BEAR_STRUCTURE,BEAR_STRUCTURE,0.3,0.2578505995756624078335307435,0.2578505995756624078335307435
2022-11-18 00:00:00+00:00,3,CRASH,0.0001113141269632774,False,10,False,BEAR_STRUCTURE,BEAR_STRUCTURE,0.3,0.2579410395887362214196744159,0.2579410395887362214196744159
2022-11-19 00:00:00+00:00,3,CRASH,1.4847367934121455e-08,False,10,False,BEAR_STRUCTURE,BEAR_STRUCTURE,0.3,0.2579436756589821609764338641,0.2579436756589821609764338641
2022-11-20 00:00:00+00:00,2,BULL,0.9999999918754838,True,3,False,BEAR_STRUCTURE,BEAR_STRUCTURE,0.3,0.95,0.3
2022-11-21 00:00:00+00:00,2,BULL,0.9999997683226225,True,4,False,BEAR_STRUCTURE,BEAR_STRUCTURE,0.3,0.95,0.3
2022-11-22 00:00:00+00:00,2,BULL,0.9999997434447652,True,5,False,BEAR_STRUCTURE,BEAR_STRUCTURE,0.3,0.95,0.3
2022-11-23 00:00:00+00:00,2,BULL,0.999999695974612,True,6,False,BEAR_STRUCTURE,BEAR_STRUCTURE,0.3,0.95,0.3
2022-11-24 00:00:00+00:00,2,BULL,0.9999998735465931,True,7,False,BEAR_STRUCTURE,BEAR_STRUCTURE,0.3,0.95,0.3
2022-11-25 00:00:00+00:00,2,BULL,0.9999996309448532,True,8,False,BEAR_STRUCTURE,BEAR_STRUCTURE,0.3,0.95,0.3
2022-11-26 00:00:00+00:00,2,BULL,0.9999975188465072,True,9,False,BEAR_STRUCTURE,BEAR_STRUCTURE,0.3,0.95,0.3
2022-11-27 00:00:00+00:00,2,BULL,0.9999999586225394,True,10,False,BEAR_STRUCTURE,BEAR_STRUCTURE,0.3,0.95,0.3
2022-11-28 00:00:00+00:00,2,BULL,0.9999999909150574,True,11,False,BEAR_STRUCTURE,BEAR_STRUCTURE,0.3,0.95,0.3
2022-11-29 00:00:00+00:00,2,BULL,0.9998594336103394,True,12,False,BEAR_STRUCTURE,BEAR_STRUCTURE,0.3,0.95,0.3
2022-11-30 00:00:00+00:00,2,BULL,1.9651894251458096e-05,False,12,False,BEAR_STRUCTURE,BEAR_STRUCTURE,0.3,0.3090863279589412860627498963,0.3
2022-12-01 00:00:00+00:00,2,BULL,7.778042783346786e-10,False,12,False,BEAR_STRUCTURE,BEAR_STRUCTURE,0.3,0.2976936812038185867843291658,0.2976936812038185867843291658
2022-12-02 00:00:00+00:00,1,EUPHORIA,0.9988523032172866,True,3,False,BEAR_STRUCTURE,BEAR_STRUCTURE,0.3,0.60,0.3
2022-12-03 00:00:00+00:00,1,EUPHORIA,0.9858369788184654,True,4,False,BEAR_STRUCTURE,BEAR_STRUCTURE,0.3,0.60,0.3
2022-12-04 00:00:00+00:00,1,EUPHORIA,0.6026446129932923,True,5,False,BEAR_STRUCTURE,BEAR_STRUCTURE,0.3,0.60,0.3
2022-12-05 00:00:00+00:00,1,EUPHORIA,0.002564060994486707,False,5,False,BEAR_STRUCTURE,BEAR_STRUCTURE,0.3,0.2982743434886875507426376550,0.2982743434886875507426376550
2022-12-06 00:00:00+00:00,1,EUPHORIA,2.789016472386856e-07,False,5,False,BEAR_STRUCTURE,BEAR_STRUCTURE,0.3,0.2997836783349260366105202970,0.2997836783349260366105202970
2022-12-07 00:00:00+00:00,2,BULL,0.9989075280714402,True,3,False,BEAR_STRUCTURE,BEAR_STRUCTURE,0.3,0.95,0.3
2022-12-08 00:00:00+00:00,2,BULL,0.995220314179768,True,4,False,BEAR_STRUCTURE,BEAR_STRUCTURE,0.3,0.95,0.3
2022-12-09 00:00:00+00:00,2,BULL,0.981765660188683,True,5,False,BEAR_STRUCTURE,BEAR_STRUCTURE,0.3,0.95,0.3
2022-12-10 00:00:00+00:00,2,BULL,0.9523033819071057,True,6,False,BEAR_STRUCTURE,BEAR_STRUCTURE,0.3,0.95,0.3
2022-12-11 00:00:00+00:00,2,BULL,0.7856687993892156,True,7,False,BEAR_STRUCTURE,BEAR_STRUCTURE,0.3,0.95,0.3
2022-12-12 00:00:00+00:00,2,BULL,0.23424518015827137,False,7,False,BEAR_STRUCTURE,BEAR_STRUCTURE,0.3,0.3015299807493284495910249094,0.3
2022-12-13 00:00:00+00:00,2,BULL,1.0347452821968625e-05,False,7,False,BEAR_STRUCTURE,BEAR_STRUCTURE,0.3,0.3068367466467160051964168188,0.3
2022-12-14 00:00:00+00:00,0,BEAR,0.9999942438659811,True,3,False,BEAR_STRUCTURE,BEAR_STRUCTURE,0.3,0.95,0.3
2022-12-15 00:00:00+00:00,0,BEAR,0.9999997063178374,True,4,False,BEAR_STRUCTURE,BEAR_STRUCTURE,0.3,0.60,0.3
2022-12-16 00:00:00+00:00,0,BEAR,0.9999999999577085,True,5,False,BEAR_STRUCTURE,BEAR_STRUCTURE,0.3,0.60,0.3
2022-12-17 00:00:00+00:00,0,BEAR,1.0,True,6,False,BEAR_STRUCTURE,BEAR_STRUCTURE,0.3,0.60,0.3
2022-12-18 00:00:00+00:00,0,BEAR,1.0,True,7,False,BEAR_STRUCTURE,BEAR_STRUCTURE,0.3,0.60,0.3
2022-12-19 00:00:00+00:00,0,BEAR,1.0,True,8,False,BEAR_STRUCTURE,BEAR_STRUCTURE,0.3,0.60,0.3
2022-12-20 00:00:00+00:00,0,BEAR,0.999999999998181,True,9,False,BEAR_STRUCTURE,BEAR_STRUCTURE,0.3,0.60,0.3
2022-12-21 00:00:00+00:00,0,BEAR,0.999999999996362,True,10,False,BEAR_STRUCTURE,BEAR_STRUCTURE,0.3,0.60,0.3
2022-12-22 00:00:00+00:00,0,BEAR,0.9999999999972715,True,11,False,BEAR_STRUCTURE,BEAR_STRUCTURE,0.3,0.60,0.3
2022-12-23 00:00:00+00:00,0,BEAR,0.9999999999995453,True,12,False,BEAR_STRUCTURE,BEAR_STRUCTURE,0.3,0.60,0.3
2022-12-24 00:00:00+00:00,0,BEAR,1.0,True,13,False,BEAR_STRUCTURE,BEAR_STRUCTURE,0.3,0.60,0.3
2022-12-25 00:00:00+00:00,0,BEAR,1.0,True,14,False,BEAR_STRUCTURE,BEAR_STRUCTURE,0.3,0.60,0.3
2022-12-26 00:00:00+00:00,0,BEAR,1.0,True,15,False,BEAR_STRUCTURE,BEAR_STRUCTURE,0.3,0.60,0.3
2022-12-27 00:00:00+00:00,0,BEAR,1.0,True,16,False,BEAR_STRUCTURE,BEAR_STRUCTURE,0.3,0.60,0.3
2022-12-28 00:00:00+00:00,0,BEAR,1.0,True,17,False,BEAR_STRUCTURE,BEAR_STRUCTURE,0.3,0.60,0.3
2022-12-29 00:00:00+00:00,0,BEAR,1.0,True,18,False,BEAR_STRUCTURE,BEAR_STRUCTURE,0.3,0.60,0.3
2022-12-30 00:00:00+00:00,0,BEAR,1.0,True,19,False,BEAR_STRUCTURE,BEAR_STRUCTURE,0.3,0.60,0.3
2022-12-31 00:00:00+00:00,0,BEAR,1.0,True,20,False,BEAR_STRUCTURE,BEAR_STRUCTURE,0.3,0.60,0.3
2023-01-01 00:00:00+00:00,0,BEAR,1.0,True,21,False,BEAR_STRUCTURE,BEAR_STRUCTURE,0.3,0.60,0.3
2023-01-02 00:00:00+00:00,0,BEAR,1.0,True,22,False,BEAR_STRUCTURE,BEAR_STRUCTURE,0.3,0.60,0.3
2023-01-03 00:00:00+00:00,0,BEAR,1.0,True,23,False,BEAR_STRUCTURE,BEAR_STRUCTURE,0.3,0.60,0.3
2023-01-04 00:00:00+00:00,0,BEAR,0.9999999996925908,True,24,False,BEAR_STRUCTURE,BEAR_STRUCTURE,0.3,0.60,0.3
2023-01-05 00:00:00+00:00,0,BEAR,1.0,True,25,False,BEAR_STRUCTURE,BEAR_STRUCTURE,0.3,0.60,0.3
2023-01-06 00:00:00+00:00,0,BEAR,0.9999999999959073,True,26,False,BEAR_STRUCTURE,BEAR_STRUCTURE,0.3,0.60,0.3
2023-01-07 00:00:00+00:00,0,BEAR,1.0,True,27,False,BEAR_STRUCTURE,BEAR_STRUCTURE,0.3,0.60,0.3
2023-01-08 00:00:00+00:00,0,BEAR,1.0,True,28,False,BEAR_STRUCTURE,BEAR_STRUCTURE,0.3,0.95,0.3
2023-01-09 00:00:00+00:00,0,BEAR,0.9999999741125979,True,29,False,BEAR_STRUCTURE,BEAR_STRUCTURE,0.3,0.95,0.3
2023-01-10 00:00:00+00:00,0,BEAR,0.9999999994738573,True,30,False,BEAR_STRUCTURE,BEAR_STRUCTURE,0.3,0.95,0.3
2023-01-11 00:00:00+00:00,0,BEAR,0.9999999684750951,True,31,False,BEAR_STRUCTURE,BEAR_STRUCTURE,0.3,0.95,0.3
2023-01-12 00:00:00+00:00,0,BEAR,0.4518027237936203,False,31,False,BEAR_STRUCTURE,BEAR_STRUCTURE,0.3,0.3104173329698215973907258484,0.3
2023-01-13 00:00:00+00:00,0,BEAR,0.08485695663325561,False,31,False,TRANSITION,BEAR_STRUCTURE,0.3,0.3118706261013583127495680920,0.3
2023-01-14 00:00:00+00:00,3,CRASH,0.9998226427582623,True,3,False,TRANSITION,BEAR_STRUCTURE,0.3,0.3106397735092141293026565980,0.3
2023-01-15 00:00:00+00:00,3,CRASH,0.3748104753381325,False,3,False,TRANSITION,BEAR_STRUCTURE,0.3,0.2991885425871271644081307168,0.2991885425871271644081307168
2023-01-16 00:00:00+00:00,3,CRASH,0.0035489983848460754,False,3,False,TRANSITION,BEAR_STRUCTURE,0.3,0.3023303401388136480181012578,0.3
2023-01-17 00:00:00+00:00,1,EUPHORIA,0.9999596790192362,True,3,False,TRANSITION,TRANSITION,0.6,0.95,0.6
2023-01-18 00:00:00+00:00,1,EUPHORIA,0.9998210708998837,True,4,False,TRANSITION,TRANSITION,0.6,0.95,0.6
2023-01-19 00:00:00+00:00,1,EUPHORIA,0.9980660746060415,True,5,False,TRANSITION,TRANSITION,0.6,0.95,0.6
2023-01-20 00:00:00+00:00,1,EUPHORIA,0.9999262154543479,True,6,False,TRANSITION,TRANSITION,0.6,0.95,0.6
2023-01-21 00:00:00+00:00,1,EUPHORIA,0.9995408414880389,True,7,False,TRANSITION,TRANSITION,0.6,0.95,0.6
2023-01-22 00:00:00+00:00,1,EUPHORIA,0.9995548146539008,True,8,False,TRANSITION,TRANSITION,0.6,0.95,0.6
2023-01-23 00:00:00+00:00,1,EUPHORIA,0.9998388043544858,True,9,False,TRANSITION,TRANSITION,0.6,0.95,0.6
2023-01-24 00:00:00+00:00,1,EUPHORIA,0.9964929067618963,True,10,False,TRANSITION,TRANSITION,0.6,0.95,0.6
2023-01-25 00:00:00+00:00,1,EUPHORIA,7.6078485878837455e-06,False,10,False,TRANSITION,TRANSITION,0.6,0.6044999317728352129871265501,0.6
2023-01-26 00:00:00+00:00,1,EUPHORIA,1.1225194152826656e-11,False,10,False,TRANSITION,TRANSITION,0.6,0.5994744134299599972313111799,0.5994744134299599972313111799
2023-01-27 00:00:00+00:00,3,CRASH,0.9999999999790816,True,3,False,TRANSITION,TRANSITION,0.6,0.6001464434039493184185599511,0.6
2023-01-28 00:00:00+00:00,3,CRASH,0.9999999979850145,True,4,False,TRANSITION,TRANSITION,0.6,0.5996095006209371999279038394,0.5996095006209371999279038394
2023-01-29 00:00:00+00:00,3,CRASH,0.9999999998281055,True,5,False,TRANSITION,TRANSITION,0.6,0.6069763921979896561709231105,0.6
2023-01-30 00:00:00+00:00,3,CRASH,0.9999999999990905,True,6,False,TRANSITION,TRANSITION,0.6,0.5905133690899660292848912991,0.5905133690899660292848912991
2023-01-31 00:00:00+00:00,3,CRASH,0.9999999957044565,True,7,False,TRANSITION,TRANSITION,0.6,0.5936562849314018284000051366,0.5936562849314018284000051366
2023-02-01 00:00:00+00:00,3,CRASH,0.999999298056783,True,8,False,BULL_STRUCTURE,TRANSITION,0.6,0.5998963784434857389252427864,0.5998963784434857389252427864
2023-02-02 00:00:00+00:00,3,CRASH,0.9999653332194648,True,9,False,BULL_STRUCTURE,TRANSITION,0.6,0.5974162324172618563046657682,0.5974162324172618563046657682
2023-02-03 00:00:00+00:00,3,CRASH,0.9935531400821016,True,10,False,BULL_STRUCTURE,TRANSITION,0.6,0.5968313347519603095251080109,0.5968313347519603095251080109
2023-02-04 00:00:00+00:00,3,CRASH,0.9984755573463175,True,11,False,BULL_STRUCTURE,TRANSITION,0.6,0.5957495720686370253591537579,0.5957495720686370253591537579
2023-02-05 00:00:00+00:00,3,CRASH,0.9963479785214138,True,12,False,BULL_STRUCTURE,BULL_STRUCTURE,1.0,0.5916412092160343945629697067,0.5916412092160343945629697067
2023-02-06 00:00:00+00:00,3,CRASH,0.9999649543762857,True,13,False,BULL_STRUCTURE,BULL_STRUCTURE,1.0,0.5898381974313327490416826245,0.5898381974313327490416826245
2023-02-07 00:00:00+00:00,3,CRASH,0.9989927396813305,True,14,False,BULL_STRUCTURE,BULL_STRUCTURE,1.0,0.5948557920058439196187768343,0.5948557920058439196187768343
2023-02-08 00:00:00+00:00,3,CRASH,0.994096192751802,True,15,False,BULL_STRUCTURE,BULL_STRUCTURE,1.0,0.5919579663031298415935682313,0.5919579663031298415935682313
2023-02-09 00:00:00+00:00,3,CRASH,0.013893333267082128,False,15,False,BULL_STRUCTURE,BULL_STRUCTURE,1.0,0.25,0.25
2023-02-10 00:00:00+00:00,3,CRASH,1.555698276403947e-10,False,15,False,BULL_STRUCTURE,BULL_STRUCTURE,1.0,0.2486183327407127522562556695,0.2486183327407127522562556695
2023-02-11 00:00:00+00:00,1,EUPHORIA,0.9992914356678112,True,3,False,BULL_STRUCTURE,BULL_STRUCTURE,1.0,0.95,0.95
2023-02-12 00:00:00+00:00,1,EUPHORIA,0.9986757030884096,True,4,False,BULL_STRUCTURE,BULL_STRUCTURE,1.0,0.9506959466925003294008712377,0.9506959466925003294008712377
2023-02-13 00:00:00+00:00,1,EUPHORIA,0.9882958548574383,True,5,False,BULL_STRUCTURE,BULL_STRUCTURE,1.0,0.9506753456511837725950352992,0.9506753456511837725950352992
2023-02-14 00:00:00+00:00,1,EUPHORIA,0.8900709936316159,True,6,False,BULL_STRUCTURE,BULL_STRUCTURE,1.0,0.9515757438487821476491635314,0.9515757438487821476491635314
2023-02-15 00:00:00+00:00,1,EUPHORIA,0.9999439964652231,True,7,False,BULL_STRUCTURE,BULL_STRUCTURE,1.0,0.9556169253179120963829603421,0.9556169253179120963829603421
2023-02-16 00:00:00+00:00,1,EUPHORIA,0.9990716127391415,True,8,False,BULL_STRUCTURE,BULL_STRUCTURE,1.0,0.9541649526257132440599008028,0.9541649526257132440599008028
2023-02-17 00:00:00+00:00,1,EUPHORIA,0.9999018387485112,True,9,False,BULL_STRUCTURE,BULL_STRUCTURE,1.0,0.9560416264426355807802767329,0.9560416264426355807802767329
2023-02-18 00:00:00+00:00,1,EUPHORIA,0.9996557075815093,True,10,False,BULL_STRUCTURE,BULL_STRUCTURE,1.0,0.9561473859051297247713504514,0.9561473859051297247713504514
2023-02-19 00:00:00+00:00,1,EUPHORIA,0.9999243544270943,True,11,False,BULL_STRUCTURE,BULL_STRUCTURE,1.0,0.9555255609051850703123765885,0.9555255609051850703123765885
2023-02-20 00:00:00+00:00,1,EUPHORIA,0.99718039863933,True,12,False,BULL_STRUCTURE,BULL_STRUCTURE,1.0,0.9565023852038278972335221548,0.9565023852038278972335221548
2023-02-21 00:00:00+00:00,1,EUPHORIA,0.9906123150453631,True,13,False,BULL_STRUCTURE,BULL_STRUCTURE,1.0,0.9558391887518022244972189418,0.9558391887518022244972189418
2023-02-22 00:00:00+00:00,1,EUPHORIA,0.8519632030894485,True,14,False,BULL_STRUCTURE,BULL_STRUCTURE,1.0,0.9553682166574371349966994135,0.9553682166574371349966994135
2023-02-23 00:00:00+00:00,1,EUPHORIA,0.2778011774386839,False,14,False,BULL_STRUCTURE,BULL_STRUCTURE,1.0,0.475,0.475
2023-02-24 00:00:00+00:00,1,EUPHORIA,0.011374367461304795,False,14,False,BULL_STRUCTURE,BULL_STRUCTURE,1.0,0.4673123627564349224923919955,0.4673123627564349224923919955
2023-02-25 00:00:00+00:00,1,EUPHORIA,0.9599799926135028,True,15,False,BULL_STRUCTURE,BULL_STRUCTURE,1.0,0.95,0.95
2023-02-26 00:00:00+00:00,1,EUPHORIA,0.9982420279678031,True,16,False,BULL_STRUCTURE,BULL_STRUCTURE,1.0,0.9513900213006577469980847352,0.9513900213006577469980847352
2023-02-27 00:00:00+00:00,1,EUPHORIA,0.9862476326808608,True,17,False,BULL_STRUCTURE,BULL_STRUCTURE,1.0,0.9512664866172987504348311545,0.9512664866172987504348311545
2023-02-28 00:00:00+00:00,1,EUPHORIA,0.9982777017673223,True,18,False,BULL_STRUCTURE,BULL_STRUCTURE,1.0,0.9505648222147281286347850630,0.9505648222147281286347850630
2023-03-01 00:00:00+00:00,1,EUPHORIA,0.9997473221625774,True,19,False,BULL_STRUCTURE,BULL_STRUCTURE,1.0,0.9515351124327158055782787633,0.9515351124327158055782787633
2023-03-02 00:00:00+00:00,1,EUPHORIA,0.9996796267955107,True,20,False,BULL_STRUCTURE,BULL_STRUCTURE,1.0,0.9512136022071836000672145197,0.9512136022071836000672145197
2023-03-03 00:00:00+00:00,1,EUPHORIA,0.99872159101837,True,21,False,BULL_STRUCTURE,BULL_STRUCTURE,1.0,0.60,0.60
2023-03-04 00:00:00+00:00,1,EUPHORIA,0.9989536155118414,True,22,False,TRANSITION,BULL_STRUCTURE,0.6,0.6001887758616479690810273236,0.6
2023-03-05 00:00:00+00:00,1,EUPHORIA,0.9957299585067501,True,23,False,TRANSITION,BULL_STRUCTURE,0.6,0.95,0.6
2023-03-06 00:00:00+00:00,1,EUPHORIA,0.9815044451797664,True,24,False,TRANSITION,BULL_STRUCTURE,0.6,0.95,0.6
2023-03-07 00:00:00+00:00,1,EUPHORIA,5.634414647524356e-06,False,24,False,TRANSITION,BULL_STRUCTURE,0.6,0.30,0.30
2023-03-08 00:00:00+00:00,1,EUPHORIA,1.941433575721183e-12,False,24,False,TRANSITION,TRANSITION,0.6,0.2954185103901549570990364949,0.2954185103901549570990364949
2023-03-09 00:00:00+00:00,0,BEAR,0.9999999425426739,True,3,False,TRANSITION,TRANSITION,0.6,0.60,0.60
2023-03-10 00:00:00+00:00,0,BEAR,0.9999998782077529,True,4,False,TRANSITION,TRANSITION,0.6,0.5977390442161540676447443223,0.5977390442161540676447443223
2023-03-11 00:00:00+00:00,0,BEAR,0.9999999994606696,True,5,False,TRANSITION,TRANSITION,0.6,0.6013462782361792900732927330,0.6
2023-03-12 00:00:00+00:00,0,BEAR,0.999999992109224,True,6,False,TRANSITION,TRANSITION,0.6,0.6173027649569912093557835648,0.6
2023-03-13 00:00:00+00:00,0,BEAR,0.8149999644611222,True,7,False,TRANSITION,TRANSITION,0.6,0.95,0.6
2023-03-14 00:00:00+00:00,0,BEAR,0.0047318292894975265,False,7,False,BULL_STRUCTURE,TRANSITION,0.6,0.6054956577575058085702939135,0.6
2023-03-15 00:00:00+00:00,0,BEAR,6.152695100649389e-07,False,7,False,BULL_STRUCTURE,TRANSITION,0.6,0.5962256961360692174278581861,0.5962256961360692174278581861
2023-03-16 00:00:00+00:00,3,CRASH,0.959916451484792,True,3,False,BULL_STRUCTURE,TRANSITION,0.6,0.6031731307195112424131521680,0.6
2023-03-17 00:00:00+00:00,3,CRASH,0.9999446261115378,True,4,False,BULL_STRUCTURE,TRANSITION,0.6,0.6217568294668917475197326000,0.6
2023-03-18 00:00:00+00:00,3,CRASH,0.9999979637352949,True,5,False,BULL_STRUCTURE,BULL_STRUCTURE,1.0,0.5956982641017593753693705585,0.5956982641017593753693705585
2023-03-19 00:00:00+00:00,3,CRASH,0.999999900840526,True,6,False,BULL_STRUCTURE,BULL_STRUCTURE,1.0,0.6050144656866890826638562374,0.6050144656866890826638562374
2023-03-20 00:00:00+00:00,3,CRASH,0.9999999841038517,True,7,False,BULL_STRUCTURE,BULL_STRUCTURE,1.0,0.6028164927863017258853541180,0.6028164927863017258853541180
2023-03-21 00:00:00+00:00,3,CRASH,0.9999999923347787,True,8,False,BULL_STRUCTURE,BULL_STRUCTURE,1.0,0.6061440266942426379653261165,0.6061440266942426379653261165
2023-03-22 00:00:00+00:00,3,CRASH,0.9985565804414767,True,9,False,BULL_STRUCTURE,BULL_STRUCTURE,1.0,0.5987494609708155188904402823,0.5987494609708155188904402823
2023-03-23 00:00:00+00:00,3,CRASH,0.5479095538662927,True,10,False,BULL_STRUCTURE,BULL_STRUCTURE,1.0,0.25,0.25
2023-03-24 00:00:00+00:00,3,CRASH,0.00045657855763853714,False,10,False,BULL_STRUCTURE,BULL_STRUCTURE,1.0,0.2444995326948458156695089443,0.2444995326948458156695089443
2023-03-25 00:00:00+00:00,4,STRONG_BEAR,0.9997480415532155,True,1,False,BULL_STRUCTURE,BULL_STRUCTURE,1.0,0.95,0.95
2023-03-26 00:00:00+00:00,4,STRONG_BEAR,0.9998555068060008,True,2,False,BULL_STRUCTURE,BULL_STRUCTURE,1.0,0.9517158367069284490197754706,0.9517158367069284490197754706
2023-03-27 00:00:00+00:00,4,STRONG_BEAR,0.9975686006093734,True,3,False,BULL_STRUCTURE,BULL_STRUCTURE,1.0,0.9502895984775441600727928151,0.9502895984775441600727928151
2023-03-28 00:00:00+00:00,4,STRONG_BEAR,0.9998310151691167,True,4,False,BULL_STRUCTURE,BULL_STRUCTURE,1.0,0.9505256015921685237962564876,0.9505256015921685237962564876
2023-03-29 00:00:00+00:00,4,STRONG_BEAR,0.9986182926318087,True,5,False,BULL_STRUCTURE,BULL_STRUCTURE,1.0,0.9523331046194321774834137051,0.9523331046194321774834137051
2023-03-30 00:00:00+00:00,4,STRONG_BEAR,0.9720196274167148,True,6,False,BULL_STRUCTURE,BULL_STRUCTURE,1.0,0.9518150040592143598241434617,0.9518150040592143598241434617
2023-03-31 00:00:00+00:00,4,STRONG_BEAR,0.1537152510325432,False,6,False,BULL_STRUCTURE,BULL_STRUCTURE,1.0,0.475,0.475
2023-04-01 00:00:00+00:00,4,STRONG_BEAR,0.000954841600411794,False,6,False,BULL_STRUCTURE,BULL_STRUCTURE,1.0,0.4751837531891391762029212733,0.4751837531891391762029212733
2023-04-02 00:00:00+00:00,1,WEAK_BEAR,0.984663548551059,True,3,False,BULL_STRUCTURE,BULL_STRUCTURE,1.0,0.95,0.95
2023-04-03 00:00:00+00:00,1,WEAK_BEAR,0.9154976354069737,True,4,False,BULL_STRUCTURE,BULL_STRUCTURE,1.0,0.9499616212346484993076466677,0.9499616212346484993076466677
2023-04-04 00:00:00+00:00,1,WEAK_BEAR,0.21831440612357444,False,4,False,BULL_STRUCTURE,BULL_STRUCTURE,1.0,0.475,0.475
2023-04-05 00:00:00+00:00,1,WEAK_BEAR,0.02025952321292594,False,4,False,BULL_STRUCTURE,BULL_STRUCTURE,1.0,0.4753340330262088409833763675,0.4753340330262088409833763675
2023-04-06 00:00:00+00:00,2,STRONG_BULL,0.9999957880429547,True,3,False,BULL_STRUCTURE,BULL_STRUCTURE,1.0,0.95,0.95
2023-04-07 00:00:00+00:00,2,STRONG_BULL,0.9999998747257529,True,4,False,BULL_STRUCTURE,BULL_STRUCTURE,1.0,0.9503734681557253155921122606,0.9503734681557253155921122606
2023-04-08 00:00:00+00:00,2,STRONG_BULL,0.9999999101064572,True,5,False,BULL_STRUCTURE,BULL_STRUCTURE,1.0,0.9504275759422483620907368842,0.9504275759422483620907368842
2023-04-09 00:00:00+00:00,2,STRONG_BULL,0.9999998100861556,True,6,False,BULL_STRUCTURE,BULL_STRUCTURE,1.0,0.9510690668118438238003992147,0.9510690668118438238003992147
2023-04-10 00:00:00+00:00,2,STRONG_BULL,0.9999905855513372,True,7,False,BULL_STRUCTURE,BULL_STRUCTURE,1.0,0.9531361394595360222411044391,0.9531361394595360222411044391
2023-04-11 00:00:00+00:00,2,STRONG_BULL,0.9999694256779696,True,8,False,BULL_STRUCTURE,BULL_STRUCTURE,1.0,0.9539696858122007553104619116,0.9539696858122007553104619116
2023-04-12 00:00:00+00:00,2,STRONG_BULL,0.9999052982195793,True,9,False,BULL_STRUCTURE,BULL_STRUCTURE,1.0,0.9535110021341011896748734692,0.9535110021341011896748734692
2023-04-13 00:00:00+00:00,2,STRONG_BULL,0.9999929356662829,True,10,False,BULL_STRUCTURE,BULL_STRUCTURE,1.0,0.9542204653785101314195005204,0.9542204653785101314195005204
2023-04-14 00:00:00+00:00,2,STRONG_BULL,0.9999958618663315,True,11,False,BULL_STRUCTURE,BULL_STRUCTURE,1.0,0.9543539573625137896845344185,0.9543539573625137896845344185
2023-04-15 00:00:00+00:00,2,STRONG_BULL,0.9999999870128705,True,12,False,BULL_STRUCTURE,BULL_STRUCTURE,1.0,0.9541069259412584983930335316,0.9541069259412584983930335316
2023-04-16 00:00:00+00:00,2,STRONG_BULL,0.9999999997185114,True,13,False,BULL_STRUCTURE,BULL_STRUCTURE,1.0,0.9541207392940820521058484876,0.9541207392940820521058484876
2023-04-17 00:00:00+00:00,2,STRONG_BULL,0.9999999360552485,True,14,False,BULL_STRUCTURE,BULL_STRUCTURE,1.0,0.9528219636385792148973214702,0.9528219636385792148973214702
2023-04-18 00:00:00+00:00,2,STRONG_BULL,0.999999512767436,True,15,False,BULL_STRUCTURE,BULL_STRUCTURE,1.0,0.9542293373755789667639413003,0.9542293373755789667639413003
2023-04-19 00:00:00+00:00,2,STRONG_BULL,0.9013281246557444,True,16,False,BULL_STRUCTURE,BULL_STRUCTURE,1.0,0.9518346095523453566844005853,0.9518346095523453566844005853
2023-04-20 00:00:00+00:00,2,STRONG_BULL,0.04557430382323239,False,16,False,BULL_STRUCTURE,BULL_STRUCTURE,1.0,0.475,0.475
2023-04-21 00:00:00+00:00,2,STRONG_BULL,5.7490463926648267e-08,False,16,False,BULL_STRUCTURE,BULL_STRUCTURE,1.0,0.4664881311723684717915490995,0.4664881311723684717915490995
2023-04-22 00:00:00+00:00,4,STRONG_BEAR,0.9946615695996783,True,3,False,BULL_STRUCTURE,BULL_STRUCTURE,1.0,0.95,0.95
2023-04-23 00:00:00+00:00,4,STRONG_BEAR,0.9723691684001028,True,4,False,BULL_STRUCTURE,BULL_STRUCTURE,1.0,0.9502060913896713186337374560,0.9502060913896713186337374560
2023-04-24 00:00:00+00:00,4,STRONG_BEAR,0.9349269589647436,True,5,False,BULL_STRUCTURE,BULL_STRUCTURE,1.0,0.9500690912680952115865978359,0.9500690912680952115865978359
2023-04-25 00:00:00+00:00,4,STRONG_BEAR,0.9421505032284918,True,6,False,BULL_STRUCTURE,BULL_STRUCTURE,1.0,0.9513949029847563387241100648,0.9513949029847563387241100648
2023-04-26 00:00:00+00:00,4,STRONG_BEAR,0.8163488090227681,True,7,False,BULL_STRUCTURE,BULL_STRUCTURE,1.0,0.9515812751693306693291231032,0.9515812751693306693291231032
2023-04-27 00:00:00+00:00,4,STRONG_BEAR,0.03779880856846745,False,7,False,BULL_STRUCTURE,BULL_STRUCTURE,1.0,0.475,0.475
2023-04-28 00:00:00+00:00,4,STRONG_BEAR,0.059482678147743696,False,7,False,BULL_STRUCTURE,BULL_STRUCTURE,1.0,0.4739283865001289615958591656,0.4739283865001289615958591656
2023-04-29 00:00:00+00:00,4,STRONG_BEAR,0.87570001804763,True,8,False,BULL_STRUCTURE,BULL_STRUCTURE,1.0,0.95,0.95
2023-04-30 00:00:00+00:00,4,STRONG_BEAR,0.9983714469531934,True,9,False,BULL_STRUCTURE,BULL_STRUCTURE,1.0,0.9505930643026515956293374422,0.9505930643026515956293374422
2023-05-01 00:00:00+00:00,4,STRONG_BEAR,0.995271798905907,True,10,False,BULL_STRUCTURE,BULL_STRUCTURE,1.0,0.9486477727300234366595043465,0.9486477727300234366595043465
2023-05-02 00:00:00+00:00,4,STRONG_BEAR,0.9992159176453957,True,11,False,BULL_STRUCTURE,BULL_STRUCTURE,1.0,0.9496711005060518226264240316,0.9496711005060518226264240316
2023-05-03 00:00:00+00:00,4,STRONG_BEAR,0.9996482108093369,True,12,False,BULL_STRUCTURE,BULL_STRUCTURE,1.0,0.9502581642787073537771968696,0.9502581642787073537771968696
2023-05-04 00:00:00+00:00,4,STRONG_BEAR,0.9997700371865332,True,13,False,BULL_STRUCTURE,BULL_STRUCTURE,1.0,0.9499501201659659401420517391,0.9499501201659659401420517391
2023-05-05 00:00:00+00:00,4,STRONG_BEAR,0.9997205323839913,True,14,False,BULL_STRUCTURE,BULL_STRUCTURE,1.0,0.9510268579688613628076813758,0.9510268579688613628076813758
2023-05-06 00:00:00+00:00,4,STRONG_BEAR,0.9998524153548122,True,15,False,BULL_STRUCTURE,BULL_STRUCTURE,1.0,0.9499666674376923565826110822,0.9499666674376923565826110822
2023-05-07 00:00:00+00:00,4,STRONG_BEAR,0.9998784886977776,True,16,False,BULL_STRUCTURE,BULL_STRUCTURE,1.0,0.9492681936048289881886935605,0.9492681936048289881886935605
2023-05-08 00:00:00+00:00,4,STRONG_BEAR,0.998018348691368,True,17,False,BULL_STRUCTURE,BULL_STRUCTURE,1.0,0.60,0.60
2023-05-09 00:00:00+00:00,4,STRONG_BEAR,0.9818850992598032,True,18,False,BULL_STRUCTURE,BULL_STRUCTURE,1.0,0.5999192955377972392087310227,0.5999192955377972392087310227
2023-05-10 00:00:00+00:00,4,STRONG_BEAR,0.9946884883242691,True,19,False,BULL_STRUCTURE,BULL_STRUCTURE,1.0,0.5996626808154320822971657896,0.5996626808154320822971657896
2023-05-11 00:00:00+00:00,4,STRONG_BEAR,0.9778782092977668,True,20,False,BULL_STRUCTURE,BULL_STRUCTURE,1.0,0.5941054169071490000553331566,0.5941054169071490000553331566
2023-05-12 00:00:00+00:00,4,STRONG_BEAR,0.9183271827310183,True,21,False,BULL_STRUCTURE,BULL_STRUCTURE,1.0,0.5925470958364584423825373634,0.5925470958364584423825373634
2023-05-13 00:00:00+00:00,4,STRONG_BEAR,0.6833451291667642,True,22,False,BULL_STRUCTURE,BULL_STRUCTURE,1.0,0.5923692421046847553988983292,0.5923692421046847553988983292
2023-05-14 00:00:00+00:00,4,STRONG_BEAR,0.4106944170211756,False,22,False,BULL_STRUCTURE,BULL_STRUCTURE,1.0,0.30,0.30
2023-05-15 00:00:00+00:00,4,STRONG_BEAR,0.13701553396850324,False,22,False,BULL_STRUCTURE,BULL_STRUCTURE,1.0,0.3020167268360725447901766471,0.3020167268360725447901766471
2023-05-16 00:00:00+00:00,5,WEAK_BULL,0.8286285789390817,True,3,False,BULL_STRUCTURE,BULL_STRUCTURE,1.0,0.95,0.95
2023-05-17 00:00:00+00:00,5,WEAK_BULL,0.9432133173608221,True,4,False,BULL_STRUCTURE,BULL_STRUCTURE,1.0,0.9514370870034971145777050940,0.9514370870034971145777050940
2023-05-18 00:00:00+00:00,5,WEAK_BULL,0.9788816747477684,True,5,False,BULL_STRUCTURE,BULL_STRUCTURE,1.0,0.9504315356580548396570179367,0.9504315356580548396570179367
2023-05-19 00:00:00+00:00,5,WEAK_BULL,0.9947559993365921,True,6,False,BULL_STRUCTURE,BULL_STRUCTURE,1.0,0.9505349176373566310388256391,0.9505349176373566310388256391
2023-05-20 00:00:00+00:00,5,WEAK_BULL,0.9984590410161347,True,7,False,BULL_STRUCTURE,BULL_STRUCTURE,1.0,0.9509205026380249602573266294,0.9509205026380249602573266294
2023-05-21 00:00:00+00:00,5,WEAK_BULL,0.9994688364982891,True,8,False,BULL_STRUCTURE,BULL_STRUCTURE,1.0,0.9503020961814218116368005882,0.9503020961814218116368005882
2023-05-22 00:00:00+00:00,5,WEAK_BULL,0.9997170796877096,True,9,False,BULL_STRUCTURE,BULL_STRUCTURE,1.0,0.9504806512249525616803430468,0.9504806512249525616803430468
2023-05-23 00:00:00+00:00,5,WEAK_BULL,0.9998408787624218,True,10,False,BULL_STRUCTURE,BULL_STRUCTURE,1.0,0.9511214617408285263922178240,0.9511214617408285263922178240
2023-05-24 00:00:00+00:00,5,WEAK_BULL,0.9997444671821845,True,11,False,BULL_STRUCTURE,BULL_STRUCTURE,1.0,0.9495515150635424145037464321,0.9495515150635424145037464321
2023-05-25 00:00:00+00:00,5,WEAK_BULL,0.9978441390793049,True,12,False,BULL_STRUCTURE,BULL_STRUCTURE,1.0,0.9498135619157544020472895134,0.9498135619157544020472895134
2023-05-26 00:00:00+00:00,5,WEAK_BULL,0.9698868334967191,True,13,False,BULL_STRUCTURE,BULL_STRUCTURE,1.0,0.9502280747278495821314593429,0.9502280747278495821314593429
2023-05-27 00:00:00+00:00,5,WEAK_BULL,0.5229410627276956,True,14,False,BULL_STRUCTURE,BULL_STRUCTURE,1.0,0.475,0.475
2023-05-28 00:00:00+00:00,5,WEAK_BULL,0.05562206841806835,False,14,False,BULL_STRUCTURE,BULL_STRUCTURE,1.0,0.4863011693649558218700399079,0.4863011693649558218700399079
2023-05-29 00:00:00+00:00,5,WEAK_BULL,0.07677672145817893,False,14,False,BULL_STRUCTURE,BULL_STRUCTURE,1.0,0.4833594835368457882440506607,0.4833594835368457882440506607
2023-05-30 00:00:00+00:00,4,STRONG_BEAR,0.801369234001643,True,3,False,BULL_STRUCTURE,BULL_STRUCTURE,1.0,0.95,0.95
2023-05-31 00:00:00+00:00,4,STRONG_BEAR,0.24600571827987264,False,3,False,BULL_STRUCTURE,BULL_STRUCTURE,1.0,0.30,0.30
2023-06-01 00:00:00+00:00,4,STRONG_BEAR,0.01987685669228968,False,3,False,BULL_STRUCTURE,BULL_STRUCTURE,1.0,0.2972101493419186013051069186,0.2972101493419186013051069186
2023-06-02 00:00:00+00:00,5,WEAK_BULL,0.9958719455021419,True,3,False,BULL_STRUCTURE,BULL_STRUCTURE,1.0,0.95,0.95
2023-06-03 00:00:00+00:00,5,WEAK_BULL,0.9993878173866186,True,4,False,BULL_STRUCTURE,BULL_STRUCTURE,1.0,0.9505033001391034470403846820,0.9505033001391034470403846820
2023-06-04 00:00:00+00:00,5,WEAK_BULL,0.9999123075561783,True,5,False,BULL_STRUCTURE,BULL_STRUCTURE,1.0,0.9505831026895156039207871903,0.9505831026895156039207871903
2023-06-05 00:00:00+00:00,5,WEAK_BULL,0.9933842894894159,True,6,False,BULL_STRUCTURE,BULL_STRUCTURE,1.0,0.9480574111991214625325863526,0.9480574111991214625325863526
2023-06-06 00:00:00+00:00,5,WEAK_BULL,0.0067986781394878916,False,6,False,BULL_STRUCTURE,BULL_STRUCTURE,1.0,0.475,0.475
2023-06-07 00:00:00+00:00,5,WEAK_BULL,0.000734264419682828,False,6,False,BULL_STRUCTURE,BULL_STRUCTURE,1.0,0.4670070405823586030095601509,0.4670070405823586030095601509
2023-06-08 00:00:00+00:00,5,WEAK_BULL,0.0041891379560305,False,6,False,BULL_STRUCTURE,BULL_STRUCTURE,1.0,0.4685079321135106221160907616,0.4685079321135106221160907616
2023-06-09 00:00:00+00:00,5,WEAK_BULL,0.007226567485892371,False,6,False,BULL_STRUCTURE,BULL_STRUCTURE,1.0,0.4683124019695770510829969188,0.4683124019695770510829969188
2023-06-10 00:00:00+00:00,4,STRONG_BEAR,0.6704678541009237,True,3,False,BULL_STRUCTURE,BULL_STRUCTURE,1.0,0.4622576765718500404893802626,0.4622576765718500404893802626
2023-06-11 00:00:00+00:00,4,STRONG_BEAR,0.9900478080116277,True,4,False,BULL_STRUCTURE,BULL_STRUCTURE,1.0,0.4630677499749849481392451608,0.4630677499749849481392451608
2023-06-12 00:00:00+00:00,4,STRONG_BEAR,0.9921933491841469,True,5,False,BULL_STRUCTURE,BULL_STRUCTURE,1.0,0.4628724186999983072841336685,0.4628724186999983072841336685
2023-06-13 00:00:00+00:00,4,STRONG_BEAR,0.1571878395881923,False,5,False,BULL_STRUCTURE,BULL_STRUCTURE,1.0,0.4631511733619751348144159677,0.4631511733619751348144159677
2023-06-14 00:00:00+00:00,4,STRONG_BEAR,0.0002962995653442948,False,5,False,BULL_STRUCTURE,BULL_STRUCTURE,1.0,0.4553143250514910780070403647,0.4553143250514910780070403647
2023-06-15 00:00:00+00:00,4,STRONG_BEAR,0.0011962169284957715,False,5,False,BULL_STRUCTURE,BULL_STRUCTURE,1.0,0.4599126874884617917076935312,0.4599126874884617917076935312
2023-06-16 00:00:00+00:00,4,STRONG_BEAR,0.06842354646858402,False,5,False,BULL_STRUCTURE,BULL_STRUCTURE,1.0,0.4670605232254801148656579134,0.4670605232254801148656579134
2023-06-17 00:00:00+00:00,4,STRONG_BEAR,0.9542114615336985,True,6,False,BULL_STRUCTURE,BULL_STRUCTURE,1.0,0.4686805934271354097793235662,0.4686805934271354097793235662
2023-06-18 00:00:00+00:00,4,STRONG_BEAR,0.9991541511248294,True,7,False,BULL_STRUCTURE,BULL_STRUCTURE,1.0,0.4670129941283129444212534626,0.4670129941283129444212534626
2023-06-19 00:00:00+00:00,4,STRONG_BEAR,0.9990511733604335,True,8,False,BULL_STRUCTURE,BULL_STRUCTURE,1.0,0.95,0.95
2023-06-20 00:00:00+00:00,4,STRONG_BEAR,0.8409878565091139,True,9,False,BULL_STRUCTURE,BULL_STRUCTURE,1.0,0.9530252393702349747049706651,0.9530252393702349747049706651
2023-06-21 00:00:00+00:00,4,STRONG_BEAR,0.0006616737396314635,False,9,False,BULL_STRUCTURE,BULL_STRUCTURE,1.0,0.475,0.475
2023-06-22 00:00:00+00:00,4,STRONG_BEAR,7.543895654871558e-05,False,9,False,BULL_STRUCTURE,BULL_STRUCTURE,1.0,0.4743888891134502307434043132,0.4743888891134502307434043132
2023-06-23 00:00:00+00:00,4,STRONG_BEAR,4.304212615261754e-06,False,9,False,BULL_STRUCTURE,BULL_STRUCTURE,1.0,0.4810090917092217413780862533,0.4810090917092217413780862533
2023-06-24 00:00:00+00:00,4,STRONG_BEAR,1.9585053883828517e-05,False,9,False,BULL_STRUCTURE,BULL_STRUCTURE,1.0,0.4796955319426326984369944806,0.4796955319426326984369944806
2023-06-25 00:00:00+00:00,4,STRONG_BEAR,0.010989526083229628,False,9,False,BULL_STRUCTURE,BULL_STRUCTURE,1.0,0.4791654425445502516849800831,0.4791654425445502516849800831
2023-06-26 00:00:00+00:00,4,STRONG_BEAR,0.0016953647018608327,False,9,False,BULL_STRUCTURE,BULL_STRUCTURE,1.0,0.4775657063463797341654994739,0.4775657063463797341654994739
2023-06-27 00:00:00+00:00,4,STRONG_BEAR,1.8064731765657283e-06,False,9,False,BULL_STRUCTURE,BULL_STRUCTURE,1.0,0.4810411401405061946922807911,0.4810411401405061946922807911
2023-06-28 00:00:00+00:00,1,WEAK_BEAR,0.9998539898255051,True,3,False,BULL_STRUCTURE,BULL_STRUCTURE,1.0,0.95,0.95
2023-06-29 00:00:00+00:00,1,WEAK_BEAR,0.9999045443501685,True,4,False,BULL_STRUCTURE,BULL_STRUCTURE,1.0,0.9511563516567859886715232485,0.9511563516567859886715232485
2023-06-30 00:00:00+00:00,1,WEAK_BEAR,0.9999631017872151,True,5,False,BULL_STRUCTURE,BULL_STRUCTURE,1.0,0.9511939957921415556802338901,0.9511939957921415556802338901
2023-07-01 00:00:00+00:00,1,WEAK_BEAR,0.9947661775683152,True,6,False,BULL_STRUCTURE,BULL_STRUCTURE,1.0,0.9513669072424495312215658052,0.9513669072424495312215658052
2023-07-02 00:00:00+00:00,1,WEAK_BEAR,0.9813020075041473,True,7,False,BULL_STRUCTURE,BULL_STRUCTURE,1.0,0.9514139526749993528556906921,0.9514139526749993528556906921
2023-07-03 00:00:00+00:00,1,WEAK_BEAR,0.857640316266119,True,8,False,BULL_STRUCTURE,BULL_STRUCTURE,1.0,0.9522145748783184218421484254,0.9522145748783184218421484254
2023-07-04 00:00:00+00:00,1,WEAK_BEAR,0.8406726911005009,True,9,False,BULL_STRUCTURE,BULL_STRUCTURE,1.0,0.9516385933883652041856364856,0.9516385933883652041856364856
2023-07-05 00:00:00+00:00,1,WEAK_BEAR,0.9180079100342214,True,10,False,BULL_STRUCTURE,BULL_STRUCTURE,1.0,0.9512439305626011188634513320,0.9512439305626011188634513320
2023-07-06 00:00:00+00:00,1,WEAK_BEAR,0.9994855622182702,True,11,False,BULL_STRUCTURE,BULL_STRUCTURE,1.0,0.9502994944669746707412999103,0.9502994944669746707412999103
2023-07-07 00:00:00+00:00,1,WEAK_BEAR,0.977481016802079,True,12,False,BULL_STRUCTURE,BULL_STRUCTURE,1.0,0.9509992809768387514651191219,0.9509992809768387514651191219
2023-07-08 00:00:00+00:00,1,WEAK_BEAR,0.21311567749452973,False,12,False,BULL_STRUCTURE,BULL_STRUCTURE,1.0,0.475,0.475
2023-07-09 00:00:00+00:00,1,WEAK_BEAR,0.005056469517118527,False,12,False,BULL_STRUCTURE,BULL_STRUCTURE,1.0,0.4742709913127019435764175065,0.4742709913127019435764175065
2023-07-10 00:00:00+00:00,1,WEAK_BEAR,0.008782416039610153,False,12,False,BULL_STRUCTURE,BULL_STRUCTURE,1.0,0.4763366975425062295031410598,0.4763366975425062295031410598
2023-07-11 00:00:00+00:00,1,WEAK_BEAR,8.500379027112513e-06,False,12,False,BULL_STRUCTURE,BULL_STRUCTURE,1.0,0.4780578192667804041735769687,0.4780578192667804041735769687
2023-07-12 00:00:00+00:00,2,STRONG_BULL,0.99999998530393,True,3,False,BULL_STRUCTURE,BULL_STRUCTURE,1.0,0.95,0.95
2023-07-13 00:00:00+00:00,2,STRONG_BULL,0.9994300064786369,True,4,False,BULL_STRUCTURE,BULL_STRUCTURE,1.0,0.9521922464238655993811423978,0.9521922464238655993811423978
2023-07-14 00:00:00+00:00,2,STRONG_BULL,0.9983852039806829,True,5,False,BULL_STRUCTURE,BULL_STRUCTURE,1.0,0.9504799603413423527998260616,0.9504799603413423527998260616
2023-07-15 00:00:00+00:00,2,STRONG_BULL,0.9999846453252895,True,6,False,BULL_STRUCTURE,BULL_STRUCTURE,1.0,0.9504450137320314955320923945,0.9504450137320314955320923945
2023-07-16 00:00:00+00:00,2,STRONG_BULL,0.9999988590163554,True,7,False,BULL_STRUCTURE,BULL_STRUCTURE,1.0,0.9503553945360838754845913166,0.9503553945360838754845913166
2023-07-17 00:00:00+00:00,2,STRONG_BULL,0.9999979227198966,True,8,False,BULL_STRUCTURE,BULL_STRUCTURE,1.0,0.9502082791503653942409290322,0.9502082791503653942409290322
2023-07-18 00:00:00+00:00,2,STRONG_BULL,0.9999994870787711,True,9,False,BULL_STRUCTURE,BULL_STRUCTURE,1.0,0.9497666083584381613195130283,0.9497666083584381613195130283
2023-07-19 00:00:00+00:00,2,STRONG_BULL,0.9999402950486749,True,10,False,BULL_STRUCTURE,BULL_STRUCTURE,1.0,0.9498465007288627107827531445,0.9498465007288627107827531445
2023-07-20 00:00:00+00:00,2,STRONG_BULL,0.9981003927754617,True,11,False,BULL_STRUCTURE,BULL_STRUCTURE,1.0,0.9496719502705482621893027971,0.9496719502705482621893027971
2023-07-21 00:00:00+00:00,2,STRONG_BULL,0.998200247198468,True,12,False,BULL_STRUCTURE,BULL_STRUCTURE,1.0,0.9498345681350309260910050427,0.9498345681350309260910050427
2023-07-22 00:00:00+00:00,2,STRONG_BULL,0.9979619358892197,True,13,False,BULL_STRUCTURE,BULL_STRUCTURE,1.0,0.9496623252481817567327479098,0.9496623252481817567327479098
2023-07-23 00:00:00+00:00,2,STRONG_BULL,0.9999934802880202,True,14,False,BULL_STRUCTURE,BULL_STRUCTURE,1.0,0.9501229682109005801693335074,0.9501229682109005801693335074
2023-07-24 00:00:00+00:00,2,STRONG_BULL,0.9991890989120236,True,15,False,BULL_STRUCTURE,BULL_STRUCTURE,1.0,0.60,0.60
2023-07-25 00:00:00+00:00,2,STRONG_BULL,0.9957326751853391,True,16,False,BULL_STRUCTURE,BULL_STRUCTURE,1.0,0.6007024617323982908932248057,0.6007024617323982908932248057
2023-07-26 00:00:00+00:00,2,STRONG_BULL,0.8231805400641693,True,17,False,BULL_STRUCTURE,BULL_STRUCTURE,1.0,0.6017096905661072152290966451,0.6017096905661072152290966451
2023-07-27 00:00:00+00:00,2,STRONG_BULL,0.19033464951443466,False,17,False,BULL_STRUCTURE,BULL_STRUCTURE,1.0,0.30,0.30
2023-07-28 00:00:00+00:00,2,STRONG_BULL,0.011132869112618925,False,17,False,BULL_STRUCTURE,BULL_STRUCTURE,1.0,0.3007727532580257157861338104,0.3007727532580257157861338104
2023-07-29 00:00:00+00:00,5,WEAK_BULL,0.9995147898369302,True,3,False,BULL_STRUCTURE,BULL_STRUCTURE,1.0,0.95,0.95
2023-07-30 00:00:00+00:00,5,WEAK_BULL,0.9999914784643094,True,4,False,BULL_STRUCTURE,BULL_STRUCTURE,1.0,0.9506866115666665501927930171,0.9506866115666665501927930171
2023-07-31 00:00:00+00:00,5,WEAK_BULL,0.9999999589354056,True,5,False,BULL_STRUCTURE,BULL_STRUCTURE,1.0,0.9506082902727906528575968157,0.9506082902727906528575968157
2023-08-01 00:00:00+00:00,5,WEAK_BULL,0.999999393588225,True,6,False,BULL_STRUCTURE,BULL_STRUCTURE,1.0,0.9513576561313575341608741563,0.9513576561313575341608741563
2023-08-02 00:00:00+00:00,5,WEAK_BULL,0.9999982080887687,True,7,False,BULL_STRUCTURE,BULL_STRUCTURE,1.0,0.9505339088001396381236054514,0.9505339088001396381236054514
2023-08-03 00:00:00+00:00,5,WEAK_BULL,0.9999999784799913,True,8,False,BULL_STRUCTURE,BULL_STRUCTURE,1.0,0.9505461978162222453179489396,0.9505461978162222453179489396
2023-08-04 00:00:00+00:00,5,WEAK_BULL,0.9999999893952918,True,9,False,BULL_STRUCTURE,BULL_STRUCTURE,1.0,0.9504176104758246956719252494,0.9504176104758246956719252494
2023-08-05 00:00:00+00:00,5,WEAK_BULL,0.9999999967913027,True,10,False,BULL_STRUCTURE,BULL_STRUCTURE,1.0,0.9503497630623731084321487291,0.9503497630623731084321487291
2023-08-06 00:00:00+00:00,5,WEAK_BULL,0.9999999998162821,True,11,False,BULL_STRUCTURE,BULL_STRUCTURE,1.0,0.9503761882344402044387196317,0.9503761882344402044387196317
2023-08-07 00:00:00+00:00,5,WEAK_BULL,0.9999999995457074,True,12,False,BULL_STRUCTURE,BULL_STRUCTURE,1.0,0.9505742319123711957910714014,0.9505742319123711957910714014
2023-08-08 00:00:00+00:00,5,WEAK_BULL,0.9999970755472548,True,13,False,BULL_STRUCTURE,BULL_STRUCTURE,1.0,0.9514578191034611001483640284,0.9514578191034611001483640284
2023-08-09 00:00:00+00:00,5,WEAK_BULL,0.9999925788490847,True,14,False,BULL_STRUCTURE,BULL_STRUCTURE,1.0,0.9511637176151919821162390972,0.9511637176151919821162390972
2023-08-10 00:00:00+00:00,5,WEAK_BULL,0.9999986657657961,True,15,False,BULL_STRUCTURE,BULL_STRUCTURE,1.0,0.9509646805844364590838444956,0.9509646805844364590838444956
2023-08-11 00:00:00+00:00,5,WEAK_BULL,0.9999999085139322,True,16,False,BULL_STRUCTURE,BULL_STRUCTURE,1.0,0.9509175862113929054919697709,0.9509175862113929054919697709
2023-08-12 00:00:00+00:00,5,WEAK_BULL,0.9999999929896148,True,17,False,BULL_STRUCTURE,BULL_STRUCTURE,1.0,0.9509241518860796787825230299,0.9509241518860796787825230299
2023-08-13 00:00:00+00:00,5,WEAK_BULL,0.9999999999972715,True,18,False,BULL_STRUCTURE,BULL_STRUCTURE,1.0,0.9507230094154474511278729166,0.9507230094154474511278729166
2023-08-14 00:00:00+00:00,5,WEAK_BULL,0.9999999998358362,True,19,False,BULL_STRUCTURE,BULL_STRUCTURE,1.0,0.9509253569881941649145729810,0.9509253569881941649145729810
2023-08-15 00:00:00+00:00,5,WEAK_BULL,0.9999999988917807,True,20,False,BULL_STRUCTURE,BULL_STRUCTURE,1.0,0.9505564366822051049772570174,0.9505564366822051049772570174
2023-08-16 00:00:00+00:00,5,WEAK_BULL,0.9999998157109246,True,21,False,BULL_STRUCTURE,BULL_STRUCTURE,1.0,0.9497890399828236044928480012,0.9497890399828236044928480012
2023-08-17 00:00:00+00:00,5,WEAK_BULL,1.6924330017782957e-09,False,21,False,TRANSITION,BULL_STRUCTURE,0.6,0.475,0.475
2023-08-18 00:00:00+00:00,5,WEAK_BULL,6.983066616634102e-12,False,21,False,TRANSITION,BULL_STRUCTURE,0.6,0.4699023217330446197448483456,0.4699023217330446197448483456
2023-08-19 00:00:00+00:00,5,WEAK_BULL,0.00037611297772731215,False,21,False,TRANSITION,BULL_STRUCTURE,0.6,0.4703418441996217907188653934,0.4703418441996217907188653934
2023-08-20 00:00:00+00:00,4,STRONG_BEAR,0.9986293436076316,True,3,False,TRANSITION,BULL_STRUCTURE,0.6,0.4711992984459812262308777851,0.4711992984459812262308777851
2023-08-21 00:00:00+00:00,4,STRONG_BEAR,0.9122739669279643,True,4,False,TRANSITION,TRANSITION,0.6,0.4705985713207133647171077307,0.4705985713207133647171077307
2023-08-22 00:00:00+00:00,4,STRONG_BEAR,2.5454265259813155e-10,False,4,False,TRANSITION,TRANSITION,0.6,0.4699214424166179163309253029,0.4699214424166179163309253029
2023-08-23 00:00:00+00:00,4,STRONG_BEAR,9.28487786927447e-23,False,4,False,TRANSITION,TRANSITION,0.6,0.4734985807911879120056271326,0.4734985807911879120056271326
2023-08-24 00:00:00+00:00,0,CRASH,0.9724085868312414,True,3,False,TRANSITION,TRANSITION,0.6,0.4711047127673438381161769519,0.4711047127673438381161769519
2023-08-25 00:00:00+00:00,0,CRASH,0.9417877199148706,True,4,False,TRANSITION,TRANSITION,0.6,0.4699597752321121070944443004,0.4699597752321121070944443004
2023-08-26 00:00:00+00:00,0,CRASH,0.9529876483478238,True,5,False,TRANSITION,TRANSITION,0.6,0.4695518822642375744671420898,0.4695518822642375744671420898
2023-08-27 00:00:00+00:00,0,CRASH,0.0003913097631680608,False,5,False,TRANSITION,TRANSITION,0.6,0.4703586425835054953803288903,0.4703586425835054953803288903
2023-08-28 00:00:00+00:00,0,CRASH,3.955339381382876e-10,False,5,False,TRANSITION,TRANSITION,0.6,0.4705325768230334642591296293,0.4705325768230334642591296293
2023-08-29 00:00:00+00:00,0,CRASH,0.7198349295448402,True,6,False,TRANSITION,TRANSITION,0.6,0.4853328048755120256870552385,0.4853328048755120256870552385
2023-08-30 00:00:00+00:00,0,CRASH,0.9337824262172405,True,7,False,TRANSITION,TRANSITION,0.6,0.4815530234871839799029140518,0.4815530234871839799029140518
2023-08-31 00:00:00+00:00,0,CRASH,0.9992589643463767,True,8,False,TRANSITION,TRANSITION,0.6,0.4688176458803461863242306236,0.4688176458803461863242306236
2023-09-01 00:00:00+00:00,0,CRASH,0.6974309145769492,True,9,False,TRANSITION,TRANSITION,0.6,0.4675114538220919592079498555,0.4675114538220919592079498555
2023-09-02 00:00:00+00:00,0,CRASH,0.08005793329592785,False,9,False,TRANSITION,TRANSITION,0.6,0.4681325820089916859797745928,0.4681325820089916859797745928
2023-09-03 00:00:00+00:00,0,CRASH,4.4388614354488264e-05,False,9,False,TRANSITION,TRANSITION,0.6,0.4691096088259163855930809018,0.4691096088259163855930809018
2023-09-04 00:00:00+00:00,4,STRONG_BEAR,0.9997678906084291,True,3,False,TRANSITION,TRANSITION,0.6,0.4677136771662362668045493699,0.4677136771662362668045493699
2023-09-05 00:00:00+00:00,4,STRONG_BEAR,0.9999997011314454,True,4,False,TRANSITION,TRANSITION,0.6,0.4673864942602465813275845745,0.4673864942602465813275845745
2023-09-06 00:00:00+00:00,4,STRONG_BEAR,0.9420208535991701,True,5,False,TRANSITION,TRANSITION,0.6,0.4670760127797884714860156192,0.4670760127797884714860156192
2023-09-07 00:00:00+00:00,4,STRONG_BEAR,4.447027161345039e-06,False,5,False,TRANSITION,TRANSITION,0.6,0.4718170784157646298820162227,0.4718170784157646298820162227
2023-09-08 00:00:00+00:00,4,STRONG_BEAR,0.40066352909537006,True,6,False,TRANSITION,TRANSITION,0.6,0.4685268031873747413026512503,0.4685268031873747413026512503
2023-09-09 00:00:00+00:00,4,STRONG_BEAR,0.9975173614297228,True,7,False,TRANSITION,TRANSITION,0.6,0.4684413532802325397407984282,0.4684413532802325397407984282
2023-09-10 00:00:00+00:00,4,STRONG_BEAR,0.9998002737747724,True,8,False,TRANSITION,TRANSITION,0.6,0.4678639191844528393265094620,0.4678639191844528393265094620
2023-09-11 00:00:00+00:00,4,STRONG_BEAR,0.9992202936918505,True,9,False,TRANSITION,TRANSITION,0.6,0.4612398820070260756482907113,0.4612398820070260756482907113
2023-09-12 00:00:00+00:00,4,STRONG_BEAR,0.9976119391996038,True,10,False,TRANSITION,TRANSITION,0.6,0.4678493709090484168965026297,0.4678493709090484168965026297
2023-09-13 00:00:00+00:00,4,STRONG_BEAR,0.9992767318192629,True,11,False,TRANSITION,TRANSITION,0.6,0.4715036650205304293108490561,0.4715036650205304293108490561
2023-09-14 00:00:00+00:00,4,STRONG_BEAR,0.9978856048470106,True,12,False,TRANSITION,TRANSITION,0.6,0.4743461349317508447182047789,0.4743461349317508447182047789
2023-09-15 00:00:00+00:00,4,STRONG_BEAR,0.9989655920695076,True,13,False,TRANSITION,TRANSITION,0.6,0.4750715526572004748707441328,0.4750715526572004748707441328
2023-09-16 00:00:00+00:00,4,STRONG_BEAR,0.9998949187837416,True,14,False,TRANSITION,TRANSITION,0.6,0.4746931809544394388273520890,0.4746931809544394388273520890
2023-09-17 00:00:00+00:00,4,STRONG_BEAR,0.9999991347125721,True,15,False,TRANSITION,TRANSITION,0.6,0.4743910681758820740274764331,0.4743910681758820740274764331
2023-09-18 00:00:00+00:00,4,STRONG_BEAR,0.9999954767365562,True,16,False,TRANSITION,TRANSITION,0.6,0.4765906965676493298045475316,0.4765906965676493298045475316
2023-09-19 00:00:00+00:00,4,STRONG_BEAR,0.9983520033518855,True,17,False,TRANSITION,TRANSITION,0.6,0.95,0.6
2023-09-20 00:00:00+00:00,4,STRONG_BEAR,0.061459637271218615,False,17,False,TRANSITION,TRANSITION,0.6,0.5993391332563920436946391565,0.5993391332563920436946391565
2023-09-21 00:00:00+00:00,4,STRONG_BEAR,0.0033790365485998814,False,17,False,TRANSITION,TRANSITION,0.6,0.30,0.30
2023-09-22 00:00:00+00:00,5,WEAK_BULL,0.9975030441647784,True,3,False,TRANSITION,TRANSITION,0.6,0.95,0.6
2023-09-23 00:00:00+00:00,0,BEAR,0.9750873289815022,True,1,False,TRANSITION,TRANSITION,0.6,0.95,0.6
2023-09-24 00:00:00+00:00,0,BEAR,0.9521981648601604,True,2,False,TRANSITION,TRANSITION,0.6,0.95,0.6
2023-09-25 00:00:00+00:00,0,BEAR,0.04465379186121158,False,2,False,TRANSITION,TRANSITION,0.6,0.6005170984939243660940932397,0.6
2023-09-26 00:00:00+00:00,0,BEAR,0.6835525460239245,True,3,False,TRANSITION,TRANSITION,0.6,0.95,0.6
2023-09-27 00:00:00+00:00,0,BEAR,0.9150139199858905,True,4,False,TRANSITION,TRANSITION,0.6,0.95,0.6
2023-09-28 00:00:00+00:00,0,BEAR,1.6900558993719975e-06,False,4,False,TRANSITION,TRANSITION,0.6,0.6058153192837783287341050802,0.6
2023-09-29 00:00:00+00:00,0,BEAR,3.9627026060384524e-06,False,4,False,TRANSITION,TRANSITION,0.6,0.5989853836623187656236397554,0.5989853836623187656236397554
2023-09-30 00:00:00+00:00,2,BULL,0.9998683238421461,True,3,False,TRANSITION,TRANSITION,0.6,0.95,0.6
2023-10-01 00:00:00+00:00,2,BULL,0.9619105702334226,True,4,False,TRANSITION,TRANSITION,0.6,0.95,0.6
2023-10-02 00:00:00+00:00,2,BULL,0.2492350480201582,False,4,False,TRANSITION,TRANSITION,0.6,0.5956902250781416823539654641,0.5956902250781416823539654641
2023-10-03 00:00:00+00:00,2,BULL,0.0060463415909711195,False,4,False,TRANSITION,TRANSITION,0.6,0.5950932480250265002036291324,0.5950932480250265002036291324
2023-10-04 00:00:00+00:00,4,EUPHORIA,0.9999648219080316,True,3,False,TRANSITION,TRANSITION,0.6,0.5981632824395966671136450845,0.5981632824395966671136450845
2023-10-05 00:00:00+00:00,4,EUPHORIA,0.999999460783474,True,4,False,TRANSITION,TRANSITION,0.6,0.5949520145580500590849695386,0.5949520145580500590849695386
2023-10-06 00:00:00+00:00,4,EUPHORIA,0.9800656934291568,True,5,False,TRANSITION,TRANSITION,0.6,0.5994786959068528628835954032,0.5994786959068528628835954032
2023-10-07 00:00:00+00:00,4,EUPHORIA,0.021749545925041098,False,5,False,TRANSITION,TRANSITION,0.6,0.25,0.25
2023-10-08 00:00:00+00:00,4,EUPHORIA,0.0012598446506556652,False,5,False,TRANSITION,TRANSITION,0.6,0.2498470771809191545563075883,0.2498470771809191545563075883
2023-10-09 00:00:00+00:00,1,CRASH,0.998788996059998,True,3,False,TRANSITION,TRANSITION,0.6,0.95,0.6
2023-10-10 00:00:00+00:00,1,CRASH,0.9999953880339431,True,4,False,TRANSITION,TRANSITION,0.6,0.95,0.6
2023-10-11 00:00:00+00:00,1,CRASH,0.9999999753836167,True,5,False,TRANSITION,TRANSITION,0.6,0.95,0.6
2023-10-12 00:00:00+00:00,1,CRASH,0.9999996322208738,True,6,False,TRANSITION,TRANSITION,0.6,0.95,0.6
2023-10-13 00:00:00+00:00,1,CRASH,0.988781377168616,True,7,False,TRANSITION,TRANSITION,0.6,0.95,0.6
2023-10-14 00:00:00+00:00,1,CRASH,0.6268329472148589,True,8,False,TRANSITION,TRANSITION,0.6,0.95,0.6
2023-10-15 00:00:00+00:00,1,CRASH,0.0023415006408332908,False,8,False,TRANSITION,TRANSITION,0.6,0.6025939870990611424401035110,0.6
2023-10-16 00:00:00+00:00,1,CRASH,1.1346819415116653e-25,False,8,False,TRANSITION,TRANSITION,0.6,0.6115595732977402729754962344,0.6
2023-10-17 00:00:00+00:00,1,CRASH,1.1776454258530674e-13,False,8,False,TRANSITION,TRANSITION,0.6,0.5991233693692165141371134569,0.5991233693692165141371134569
2023-10-18 00:00:00+00:00,4,EUPHORIA,0.9794201293756887,True,3,False,TRANSITION,TRANSITION,0.6,0.5984802874011361651640512427,0.5984802874011361651640512427
2023-10-19 00:00:00+00:00,4,EUPHORIA,0.995419856683399,True,4,False,BULL_STRUCTURE,TRANSITION,0.6,0.6017934401360741580256136774,0.6
2023-10-20 00:00:00+00:00,4,EUPHORIA,0.9999966845157753,True,5,False,BULL_STRUCTURE,TRANSITION,0.6,0.6078295924616446974761794382,0.6
2023-10-21 00:00:00+00:00,4,EUPHORIA,0.9948533107501938,True,6,False,BULL_STRUCTURE,TRANSITION,0.6,0.6019436736314900127603359726,0.6
2023-10-22 00:00:00+00:00,4,EUPHORIA,0.9822128316136142,True,7,False,BULL_STRUCTURE,TRANSITION,0.6,0.6006634519678485555061333171,0.6
2023-10-23 00:00:00+00:00,4,EUPHORIA,1.0,True,8,False,BULL_STRUCTURE,BULL_STRUCTURE,1.0,0.6231979023860595647340004887,0.6231979023860595647340004887
2023-10-24 00:00:00+00:00,4,EUPHORIA,1.0,True,9,False,BULL_STRUCTURE,BULL_STRUCTURE,1.0,0.6291572449826462181892439399,0.6291572449826462181892439399
2023-10-25 00:00:00+00:00,4,EUPHORIA,1.0,True,10,False,BULL_STRUCTURE,BULL_STRUCTURE,1.0,0.6330590154784412860653333512,0.6330590154784412860653333512
2023-10-26 00:00:00+00:00,4,EUPHORIA,1.0,True,11,False,BULL_STRUCTURE,BULL_STRUCTURE,1.0,0.6307251539369335959288695049,0.6307251539369335959288695049
2023-10-27 00:00:00+00:00,4,EUPHORIA,1.0,True,12,False,BULL_STRUCTURE,BULL_STRUCTURE,1.0,0.6289459031574358316884188206,0.6289459031574358316884188206
2023-10-28 00:00:00+00:00,4,EUPHORIA,0.7049957692631832,True,13,False,BULL_STRUCTURE,BULL_STRUCTURE,1.0,0.6302426300635417307482477008,0.6302426300635417307482477008
2023-10-29 00:00:00+00:00,4,EUPHORIA,0.050051827958619115,False,13,False,BULL_STRUCTURE,BULL_STRUCTURE,1.0,0.25,0.25
2023-10-30 00:00:00+00:00,4,EUPHORIA,2.231115393468914e-05,False,13,False,BULL_STRUCTURE,BULL_STRUCTURE,1.0,0.2498459364647145157662044131,0.2498459364647145157662044131
2023-10-31 00:00:00+00:00,4,EUPHORIA,1.016407604034921e-06,False,13,False,BULL_STRUCTURE,BULL_STRUCTURE,1.0,0.2507421096744769512824924218,0.2507421096744769512824924218
2023-11-01 00:00:00+00:00,4,EUPHORIA,4.059446294517895e-08,False,13,False,BULL_STRUCTURE,BULL_STRUCTURE,1.0,0.2549576294977535576395775290,0.2549576294977535576395775290
2023-11-02 00:00:00+00:00,3,NEUTRAL,0.9999997455211411,True,3,False,BULL_STRUCTURE,BULL_STRUCTURE,1.0,0.2523754768700878722150717642,0.2523754768700878722150717642
2023-11-03 00:00:00+00:00,3,NEUTRAL,0.9999999347137439,True,4,False,BULL_STRUCTURE,BULL_STRUCTURE,1.0,0.2511595445189017131825393614,0.2511595445189017131825393614
2023-11-04 00:00:00+00:00,3,NEUTRAL,0.9999996118695733,True,5,False,BULL_STRUCTURE,BULL_STRUCTURE,1.0,0.2530254946369569786659037662,0.2530254946369569786659037662
2023-11-05 00:00:00+00:00,3,NEUTRAL,0.9999999811143427,True,6,False,BULL_STRUCTURE,BULL_STRUCTURE,1.0,0.2527548452588996771067169549,0.2527548452588996771067169549
2023-11-06 00:00:00+00:00,3,NEUTRAL,0.9999999999017746,True,7,False,BULL_STRUCTURE,BULL_STRUCTURE,1.0,0.2529393438259810491820182747,0.2529393438259810491820182747
2023-11-07 00:00:00+00:00,3,NEUTRAL,0.9999999999822649,True,8,False,BULL_STRUCTURE,BULL_STRUCTURE,1.0,0.2548379686127046312378355003,0.2548379686127046312378355003
2023-11-08 00:00:00+00:00,3,NEUTRAL,0.9999999999868123,True,9,False,BULL_STRUCTURE,BULL_STRUCTURE,1.0,0.2560462183786183011583318018,0.2560462183786183011583318018
2023-11-09 00:00:00+00:00,3,NEUTRAL,0.9999999997203304,True,10,False,BULL_STRUCTURE,BULL_STRUCTURE,1.0,0.2617574211692516126980554097,0.2617574211692516126980554097
2023-11-10 00:00:00+00:00,3,NEUTRAL,0.9999999985170689,True,11,False,BULL_STRUCTURE,BULL_STRUCTURE,1.0,0.2649059298833933148245220063,0.2649059298833933148245220063
2023-11-11 00:00:00+00:00,3,NEUTRAL,0.9999997607106084,True,12,False,BULL_STRUCTURE,BULL_STRUCTURE,1.0,0.2640088530054135285504390901,0.2640088530054135285504390901
2023-11-12 00:00:00+00:00,3,NEUTRAL,0.9999999975011633,True,13,False,BULL_STRUCTURE,BULL_STRUCTURE,1.0,0.2636639815503691737588326812,0.2636639815503691737588326812
2023-11-13 00:00:00+00:00,3,NEUTRAL,0.9999999992951416,True,14,False,BULL_STRUCTURE,BULL_STRUCTURE,1.0,0.2605013152326299442636417032,0.2605013152326299442636417032
2023-11-14 00:00:00+00:00,3,NEUTRAL,0.9999999990122888,True,15,False,BULL_STRUCTURE,BULL_STRUCTURE,1.0,0.2556528431519043861125655935,0.2556528431519043861125655935
2023-11-15 00:00:00+00:00,3,NEUTRAL,0.9995141796182004,True,16,False,BULL_STRUCTURE,BULL_STRUCTURE,1.0,0.2678000288023249657834244114,0.2678000288023249657834244114
2023-11-16 00:00:00+00:00,3,NEUTRAL,0.992670920324624,True,17,False,BULL_STRUCTURE,BULL_STRUCTURE,1.0,0.2589160330437030833298165943,0.2589160330437030833298165943
2023-11-17 00:00:00+00:00,3,NEUTRAL,0.9981341597734035,True,18,False,BULL_STRUCTURE,BULL_STRUCTURE,1.0,0.2612981636609267078121758877,0.2612981636609267078121758877
2023-11-18 00:00:00+00:00,3,NEUTRAL,0.7364228044909532,True,19,False,BULL_STRUCTURE,BULL_STRUCTURE,1.0,0.2610565305587796613108624024,0.2610565305587796613108624024
2023-11-19 00:00:00+00:00,3,NEUTRAL,0.5863836637367376,True,20,False,BULL_STRUCTURE,BULL_STRUCTURE,1.0,0.2652097902247530814490337256,0.2652097902247530814490337256
2023-11-20 00:00:00+00:00,3,NEUTRAL,0.9963334709081603,True,21,False,BULL_STRUCTURE,BULL_STRUCTURE,1.0,0.2656733151327258050755279828,0.2656733151327258050755279828
2023-11-21 00:00:00+00:00,3,NEUTRAL,0.008553908422620429,False,21,False,BULL_STRUCTURE,BULL_STRUCTURE,1.0,0.2566709219348462204690265494,0.2566709219348462204690265494
2023-11-22 00:00:00+00:00,3,NEUTRAL,2.4818586345529075e-10,False,21,False,BULL_STRUCTURE,BULL_STRUCTURE,1.0,0.2654625807823342862475652496,0.2654625807823342862475652496
2023-11-23 00:00:00+00:00,4,EUPHORIA,0.9999999980923349,True,3,False,BULL_STRUCTURE,BULL_STRUCTURE,1.0,0.2648675576746539354284101315,0.2648675576746539354284101315
2023-11-24 00:00:00+00:00,4,EUPHORIA,0.999999913321066,True,4,False,BULL_STRUCTURE,BULL_STRUCTURE,1.0,0.2670501634339391103728766733,0.2670501634339391103728766733
2023-11-25 00:00:00+00:00,4,EUPHORIA,0.9999999091287505,True,5,False,BULL_STRUCTURE,BULL_STRUCTURE,1.0,0.2673982487281224407649882747,0.2673982487281224407649882747
2023-11-26 00:00:00+00:00,4,EUPHORIA,0.9145027014125218,True,6,False,BULL_STRUCTURE,BULL_STRUCTURE,1.0,0.2656662821832183640490230739,0.2656662821832183640490230739
2023-11-27 00:00:00+00:00,4,EUPHORIA,1.5020517560440376e-07,False,6,False,BULL_STRUCTURE,BULL_STRUCTURE,1.0,0.2645981607774906882682035879,0.2645981607774906882682035879
2023-11-28 00:00:00+00:00,4,EUPHORIA,6.688018494542122e-09,False,6,False,BULL_STRUCTURE,BULL_STRUCTURE,1.0,0.2675962658828747923249335219,0.2675962658828747923249335219
2023-11-29 00:00:00+00:00,1,CRASH,0.9999998885773556,True,3,False,BULL_STRUCTURE,BULL_STRUCTURE,1.0,0.95,0.95
2023-11-30 00:00:00+00:00,1,CRASH,0.9999993708881607,True,4,False,BULL_STRUCTURE,BULL_STRUCTURE,1.0,0.9506808175025560690878761453,0.9506808175025560690878761453
2023-12-01 00:00:00+00:00,1,CRASH,0.9999968737478167,True,5,False,BULL_STRUCTURE,BULL_STRUCTURE,1.0,0.9518441027922682528883888924,0.9518441027922682528883888924
2023-12-02 00:00:00+00:00,1,CRASH,0.9999944259698904,True,6,False,BULL_STRUCTURE,BULL_STRUCTURE,1.0,0.9527370725674045643562756417,0.9527370725674045643562756417
2023-12-03 00:00:00+00:00,1,CRASH,0.9999933511747287,True,7,False,BULL_STRUCTURE,BULL_STRUCTURE,1.0,0.9533253723451687476432590444,0.9533253723451687476432590444
2023-12-04 00:00:00+00:00,1,CRASH,2.0222464176249682e-08,False,7,False,BULL_STRUCTURE,BULL_STRUCTURE,1.0,0.475,0.475
2023-12-05 00:00:00+00:00,1,CRASH,5.010869840849138e-21,False,7,False,BULL_STRUCTURE,BULL_STRUCTURE,1.0,0.4873784505919610397824779420,0.4873784505919610397824779420
2023-12-06 00:00:00+00:00,4,EUPHORIA,0.9999999999986358,True,3,False,BULL_STRUCTURE,BULL_STRUCTURE,1.0,0.4856114967429589416584084794,0.4856114967429589416584084794
2023-12-07 00:00:00+00:00,4,EUPHORIA,0.9999999999977263,True,4,False,BULL_STRUCTURE,BULL_STRUCTURE,1.0,0.4828019329420048025187616701,0.4828019329420048025187616701
2023-12-08 00:00:00+00:00,4,EUPHORIA,0.9999999998999556,True,5,False,BULL_STRUCTURE,BULL_STRUCTURE,1.0,0.4879315201920513444265026002,0.4879315201920513444265026002
2023-12-09 00:00:00+00:00,4,EUPHORIA,0.9999998684888938,True,6,False,BULL_STRUCTURE,BULL_STRUCTURE,1.0,0.4853311433141013209740311137,0.4853311433141013209740311137
2023-12-10 00:00:00+00:00,4,EUPHORIA,0.02475681422764878,False,6,False,BULL_STRUCTURE,BULL_STRUCTURE,1.0,0.4857645370215519260402236995,0.4857645370215519260402236995
2023-12-11 00:00:00+00:00,4,EUPHORIA,0.9999999068168152,True,7,False,BULL_STRUCTURE,BULL_STRUCTURE,1.0,0.4708784957262284314258392763,0.4708784957262284314258392763
2023-12-12 00:00:00+00:00,4,EUPHORIA,0.999999995365215,True,8,False,BULL_STRUCTURE,BULL_STRUCTURE,1.0,0.4723179608633671652472427942,0.4723179608633671652472427942
2023-12-13 00:00:00+00:00,4,EUPHORIA,0.9999999979486347,True,9,False,BULL_STRUCTURE,BULL_STRUCTURE,1.0,0.4804594868398225467821204349,0.4804594868398225467821204349
2023-12-14 00:00:00+00:00,4,EUPHORIA,0.9999996760157571,True,10,False,BULL_STRUCTURE,BULL_STRUCTURE,1.0,0.4813501862078547212865836699,0.4813501862078547212865836699
2023-12-15 00:00:00+00:00,4,EUPHORIA,0.9999995489371138,True,11,False,BULL_STRUCTURE,BULL_STRUCTURE,1.0,0.4749947883473342401269936150,0.4749947883473342401269936150
2023-12-16 00:00:00+00:00,4,EUPHORIA,0.15323163356653058,False,11,False,BULL_STRUCTURE,BULL_STRUCTURE,1.0,0.4769952608037321773152929881,0.4769952608037321773152929881
2023-12-17 00:00:00+00:00,4,EUPHORIA,0.12021026324438015,False,11,False,BULL_STRUCTURE,BULL_STRUCTURE,1.0,0.4716097789800251641300922940,0.4716097789800251641300922940
2023-12-18 00:00:00+00:00,4,EUPHORIA,0.7642280094739858,True,12,False,BULL_STRUCTURE,BULL_STRUCTURE,1.0,0.4792266162429886806169225479,0.4792266162429886806169225479
2023-12-19 00:00:00+00:00,4,EUPHORIA,0.45519525570292724,True,13,False,BULL_STRUCTURE,BULL_STRUCTURE,1.0,0.4769832230595705001445056094,0.4769832230595705001445056094
2023-12-20 00:00:00+00:00,4,EUPHORIA,0.79094139911777,True,14,False,BULL_STRUCTURE,BULL_STRUCTURE,1.0,0.4850757668497348390857817229,0.4850757668497348390857817229
2023-12-21 00:00:00+00:00,4,EUPHORIA,0.4878243914660313,False,14,False,BULL_STRUCTURE,BULL_STRUCTURE,1.0,0.4861765850463393104851435033,0.4861765850463393104851435033
2023-12-22 00:00:00+00:00,4,EUPHORIA,0.08181030274702861,False,14,False,BULL_STRUCTURE,BULL_STRUCTURE,1.0,0.4867866307249920445106895251,0.4867866307249920445106895251
2023-12-23 00:00:00+00:00,2,BULL,0.9965955035839006,True,3,False,BULL_STRUCTURE,BULL_STRUCTURE,1.0,0.95,0.95
2023-12-24 00:00:00+00:00,2,BULL,0.9995140122538577,True,4,False,BULL_STRUCTURE,BULL_STRUCTURE,1.0,0.9497982300370576429932316324,0.9497982300370576429932316324
2023-12-25 00:00:00+00:00,2,BULL,0.9996618059664014,True,5,False,BULL_STRUCTURE,BULL_STRUCTURE,1.0,0.9504383707213968695489072265,0.9504383707213968695489072265
2023-12-26 00:00:00+00:00,2,BULL,0.9989405953402568,True,6,False,BULL_STRUCTURE,BULL_STRUCTURE,1.0,0.9492572476857059119047487966,0.9492572476857059119047487966
2023-12-27 00:00:00+00:00,2,BULL,0.9993401321327052,True,7,False,BULL_STRUCTURE,BULL_STRUCTURE,1.0,0.9502786497315885048464834794,0.9502786497315885048464834794
2023-12-28 00:00:00+00:00,2,BULL,0.996525841981929,True,8,False,BULL_STRUCTURE,BULL_STRUCTURE,1.0,0.9493193009440627332712746676,0.9493193009440627332712746676
2023-12-29 00:00:00+00:00,2,BULL,0.9990212270055013,True,9,False,BULL_STRUCTURE,BULL_STRUCTURE,1.0,0.9487514369314472936247483808,0.9487514369314472936247483808
2023-12-30 00:00:00+00:00,2,BULL,0.9999815076798769,True,10,False,BULL_STRUCTURE,BULL_STRUCTURE,1.0,0.9488360538371050142392057893,0.9488360538371050142392057893
2023-12-31 00:00:00+00:00,2,BULL,0.9997862719999251,True,11,False,BULL_STRUCTURE,BULL_STRUCTURE,1.0,0.9490006065184122334828867256,0.9490006065184122334828867256
2024-01-01 00:00:00+00:00,2,BULL,0.03737835244101812,False,11,False,BULL_STRUCTURE,BULL_STRUCTURE,1.0,0.475,0.475
2024-01-02 00:00:00+00:00,2,BULL,0.015004049447713228,False,11,False,BULL_STRUCTURE,BULL_STRUCTURE,1.0,0.4795899251764074837665269076,0.4795899251764074837665269076
2024-01-03 00:00:00+00:00,4,EUPHORIA,0.999999999362899,True,3,False,BULL_STRUCTURE,BULL_STRUCTURE,1.0,0.4676518994306621759324735852,0.4676518994306621759324735852
2024-01-04 00:00:00+00:00,4,EUPHORIA,0.9999877144309522,True,4,False,BULL_STRUCTURE,BULL_STRUCTURE,1.0,0.4751330669860858583226946527,0.4751330669860858583226946527
2024-01-05 00:00:00+00:00,4,EUPHORIA,0.9999759790927932,True,5,False,BULL_STRUCTURE,BULL_STRUCTURE,1.0,0.4750992310840116525722500552,0.4750992310840116525722500552
2024-01-06 00:00:00+00:00,4,EUPHORIA,0.99981552839278,True,6,False,BULL_STRUCTURE,BULL_STRUCTURE,1.0,0.4740986236446839666761936900,0.4740986236446839666761936900
2024-01-07 00:00:00+00:00,4,EUPHORIA,0.999880689584991,True,7,False,BULL_STRUCTURE,BULL_STRUCTURE,1.0,0.4738756724742012994531110524,0.4738756724742012994531110524
2024-01-08 00:00:00+00:00,4,EUPHORIA,0.9999999994047357,True,8,False,BULL_STRUCTURE,BULL_STRUCTURE,1.0,0.4904855614161022820587461710,0.4904855614161022820587461710
2024-01-09 00:00:00+00:00,4,EUPHORIA,0.9999999999968168,True,9,False,BULL_STRUCTURE,BULL_STRUCTURE,1.0,0.4859692197683430739873941474,0.4859692197683430739873941474
2024-01-10 00:00:00+00:00,4,EUPHORIA,1.0,True,10,False,BULL_STRUCTURE,BULL_STRUCTURE,1.0,0.4888995114551322297596516499,0.4888995114551322297596516499
2024-01-11 00:00:00+00:00,4,EUPHORIA,1.0,True,11,False,BULL_STRUCTURE,BULL_STRUCTURE,1.0,0.4872077138562127647169690626,0.4872077138562127647169690626
2024-01-12 00:00:00+00:00,4,EUPHORIA,1.0,True,12,False,BULL_STRUCTURE,BULL_STRUCTURE,1.0,0.4672884932417117321796328280,0.4672884932417117321796328280
2024-01-13 00:00:00+00:00,4,EUPHORIA,1.0,True,13,False,BULL_STRUCTURE,BULL_STRUCTURE,1.0,0.4676679360171933803601097351,0.4676679360171933803601097351
2024-01-14 00:00:00+00:00,4,EUPHORIA,1.0,True,14,False,BULL_STRUCTURE,BULL_STRUCTURE,1.0,0.4611059606151368078140417424,0.4611059606151368078140417424
2024-01-15 00:00:00+00:00,4,EUPHORIA,1.0,True,15,False,BULL_STRUCTURE,BULL_STRUCTURE,1.0,0.4657033197452083518335390080,0.4657033197452083518335390080
2024-01-16 00:00:00+00:00,4,EUPHORIA,1.0,True,16,False,BULL_STRUCTURE,BULL_STRUCTURE,1.0,0.4693473415378006361655362199,0.4693473415378006361655362199
2024-01-17 00:00:00+00:00,4,EUPHORIA,0.9999991233830064,True,17,False,BULL_STRUCTURE,BULL_STRUCTURE,1.0,0.4672499140033068106485324600,0.4672499140033068106485324600
2024-01-18 00:00:00+00:00,4,EUPHORIA,0.9999999974970706,True,18,False,BULL_STRUCTURE,BULL_STRUCTURE,1.0,0.4586845274879464359215969942,0.4586845274879464359215969942
2024-01-19 00:00:00+00:00,4,EUPHORIA,0.9999981249206329,True,19,False,BULL_STRUCTURE,BULL_STRUCTURE,1.0,0.4606690368117195757749688102,0.4606690368117195757749688102
2024-01-20 00:00:00+00:00,4,EUPHORIA,0.9569229130275763,True,20,False,BULL_STRUCTURE,BULL_STRUCTURE,1.0,0.4608896729286267201758908522,0.4608896729286267201758908522
2024-01-21 00:00:00+00:00,4,EUPHORIA,0.006025171658899712,False,20,False,BULL_STRUCTURE,BULL_STRUCTURE,1.0,0.4601992637880343258513939999,0.4601992637880343258513939999
2024-01-22 00:00:00+00:00,4,EUPHORIA,0.9978019391430412,True,21,False,BULL_STRUCTURE,BULL_STRUCTURE,1.0,0.4479031422104830679082134491,0.4479031422104830679082134491
2024-01-23 00:00:00+00:00,4,EUPHORIA,0.9973756472901278,True,22,False,BULL_STRUCTURE,BULL_STRUCTURE,1.0,0.4499552429151060576545300606,0.4499552429151060576545300606
2024-01-24 00:00:00+00:00,4,EUPHORIA,0.8690723537563617,True,23,False,BULL_STRUCTURE,BULL_STRUCTURE,1.0,0.4511145424720235020879311503,0.4511145424720235020879311503
2024-01-25 00:00:00+00:00,4,EUPHORIA,0.09342622782982339,False,23,False,BULL_STRUCTURE,BULL_STRUCTURE,1.0,0.4503488066261172713771872855,0.4503488066261172713771872855
2024-01-26 00:00:00+00:00,4,EUPHORIA,0.999999970037607,True,24,False,BULL_STRUCTURE,BULL_STRUCTURE,1.0,0.4616482091332698191826564412,0.4616482091332698191826564412
2024-01-27 00:00:00+00:00,4,EUPHORIA,0.9780454939619643,True,25,False,BULL_STRUCTURE,BULL_STRUCTURE,1.0,0.4634080230129465247295605597,0.4634080230129465247295605597
2024-01-28 00:00:00+00:00,4,EUPHORIA,0.7799093606835572,True,26,False,BULL_STRUCTURE,BULL_STRUCTURE,1.0,0.4628787209062984838851593965,0.4628787209062984838851593965
2024-01-29 00:00:00+00:00,4,EUPHORIA,0.9998862545688033,True,27,False,BULL_STRUCTURE,BULL_STRUCTURE,1.0,0.4702968369029899208834493229,0.4702968369029899208834493229
2024-01-30 00:00:00+00:00,4,EUPHORIA,0.977248578277493,True,28,False,BULL_STRUCTURE,BULL_STRUCTURE,1.0,0.4682083728783945592453361882,0.4682083728783945592453361882
2024-01-31 00:00:00+00:00,4,EUPHORIA,0.07135498037273788,False,28,False,BULL_STRUCTURE,BULL_STRUCTURE,1.0,0.4661062974428072623382467956,0.4661062974428072623382467956
2024-02-01 00:00:00+00:00,4,EUPHORIA,3.057428531270143e-05,False,28,False,BULL_STRUCTURE,BULL_STRUCTURE,1.0,0.4690295466846809675324523966,0.4690295466846809675324523966
2024-02-02 00:00:00+00:00,2,BULL,0.9999961833073107,True,3,False,BULL_STRUCTURE,BULL_STRUCTURE,1.0,0.95,0.95
2024-02-03 00:00:00+00:00,2,BULL,0.9999974425278159,True,4,False,BULL_STRUCTURE,BULL_STRUCTURE,1.0,0.9503867424228767170384456092,0.9503867424228767170384456092
2024-02-04 00:00:00+00:00,2,BULL,0.9999996937618121,True,5,False,BULL_STRUCTURE,BULL_STRUCTURE,1.0,0.9499128243520832337625647836,0.9499128243520832337625647836
2024-02-05 00:00:00+00:00,2,BULL,0.9999999793344616,True,6,False,BULL_STRUCTURE,BULL_STRUCTURE,1.0,0.9500530113419429984260462334,0.9500530113419429984260462334
2024-02-06 00:00:00+00:00,2,BULL,0.9999999844853847,True,7,False,BULL_STRUCTURE,BULL_STRUCTURE,1.0,0.9504828741065597117190905122,0.9504828741065597117190905122
2024-02-07 00:00:00+00:00,2,BULL,0.9998877257339441,True,8,False,BULL_STRUCTURE,BULL_STRUCTURE,1.0,0.9518119588307864820314698777,0.9518119588307864820314698777
2024-02-08 00:00:00+00:00,2,BULL,0.9999040658439531,True,9,False,BULL_STRUCTURE,BULL_STRUCTURE,1.0,0.9527639302764086703071391521,0.9527639302764086703071391521
2024-02-09 00:00:00+00:00,2,BULL,0.8960795072798411,True,10,False,BULL_STRUCTURE,BULL_STRUCTURE,1.0,0.9545280524761093320875680204,0.9545280524761093320875680204
2024-02-10 00:00:00+00:00,2,BULL,0.9959588898857821,True,11,False,BULL_STRUCTURE,BULL_STRUCTURE,1.0,0.9550904171702943490055131127,0.9550904171702943490055131127
2024-02-11 00:00:00+00:00,2,BULL,0.989523244523024,True,12,False,BULL_STRUCTURE,BULL_STRUCTURE,1.0,0.9555781156546707918172167664,0.9555781156546707918172167664
2024-02-12 00:00:00+00:00,2,BULL,0.9562701739466176,True,13,False,BULL_STRUCTURE,BULL_STRUCTURE,1.0,0.9569553982650456713012112313,0.9569553982650456713012112313
2024-02-13 00:00:00+00:00,2,BULL,0.358301136666428,False,13,False,BULL_STRUCTURE,BULL_STRUCTURE,1.0,0.475,0.475
2024-02-14 00:00:00+00:00,2,BULL,0.016864139084040136,False,13,False,BULL_STRUCTURE,BULL_STRUCTURE,1.0,0.4856063926668423296021449971,0.4856063926668423296021449971
2024-02-15 00:00:00+00:00,4,EUPHORIA,0.9999990553869708,True,3,False,BULL_STRUCTURE,BULL_STRUCTURE,1.0,0.4860151776130560066548781763,0.4860151776130560066548781763
2024-02-16 00:00:00+00:00,4,EUPHORIA,0.9999996043712472,True,4,False,BULL_STRUCTURE,BULL_STRUCTURE,1.0,0.4871878959141065939058143974,0.4871878959141065939058143974
2024-02-17 00:00:00+00:00,4,EUPHORIA,0.999932290716056,True,5,False,BULL_STRUCTURE,BULL_STRUCTURE,1.0,0.4848697320173495128602408331,0.4848697320173495128602408331
2024-02-18 00:00:00+00:00,4,EUPHORIA,0.9998860417808219,True,6,False,BULL_STRUCTURE,BULL_STRUCTURE,1.0,0.4872528820560280214215346885,0.4872528820560280214215346885
2024-02-19 00:00:00+00:00,4,EUPHORIA,2.4555904388471987e-05,False,6,False,BULL_STRUCTURE,BULL_STRUCTURE,1.0,0.4855077976828406363992859174,0.4855077976828406363992859174
2024-02-20 00:00:00+00:00,4,EUPHORIA,1.2665105906891467e-07,False,6,False,BULL_STRUCTURE,BULL_STRUCTURE,1.0,0.4878327618962774148708050062,0.4878327618962774148708050062
2024-02-21 00:00:00+00:00,1,CRASH,0.9999882119399388,True,3,False,BULL_STRUCTURE,BULL_STRUCTURE,1.0,0.95,0.95
2024-02-22 00:00:00+00:00,1,CRASH,0.9999233533261054,True,4,False,BULL_STRUCTURE,BULL_STRUCTURE,1.0,0.9500592151635062934705123492,0.9500592151635062934705123492
2024-02-23 00:00:00+00:00,1,CRASH,0.9994312430507546,True,5,False,BULL_STRUCTURE,BULL_STRUCTURE,1.0,0.9495505852672289036345149845,0.9495505852672289036345149845
2024-02-24 00:00:00+00:00,1,CRASH,0.9466587773328398,True,6,False,BULL_STRUCTURE,BULL_STRUCTURE,1.0,0.9503167223203379032569990861,0.9503167223203379032569990861
2024-02-25 00:00:00+00:00,1,CRASH,0.909908838744897,True,7,False,BULL_STRUCTURE,BULL_STRUCTURE,1.0,0.9504633579315073529941145825,0.9504633579315073529941145825
2024-02-26 00:00:00+00:00,1,CRASH,5.70382931728916e-10,False,7,False,BULL_STRUCTURE,BULL_STRUCTURE,1.0,0.475,0.475
2024-02-27 00:00:00+00:00,1,CRASH,2.563360217944201e-21,False,7,False,BULL_STRUCTURE,BULL_STRUCTURE,1.0,0.4867615330497653984839988613,0.4867615330497653984839988613
2024-02-28 00:00:00+00:00,4,EUPHORIA,1.0,True,3,False,BULL_STRUCTURE,BULL_STRUCTURE,1.0,0.5093507041697021323437112756,0.5093507041697021323437112756
2024-02-29 00:00:00+00:00,4,EUPHORIA,1.0,True,4,False,BULL_STRUCTURE,BULL_STRUCTURE,1.0,0.5040865058026173061819836441,0.5040865058026173061819836441
2024-03-01 00:00:00+00:00,4,EUPHORIA,1.0,True,5,False,BULL_STRUCTURE,BULL_STRUCTURE,1.0,0.5091737099621174720795674357,0.5091737099621174720795674357
2024-03-02 00:00:00+00:00,4,EUPHORIA,1.0,True,6,False,BULL_STRUCTURE,BULL_STRUCTURE,1.0,0.5075636266259793758652807837,0.5075636266259793758652807837
2024-03-03 00:00:00+00:00,4,EUPHORIA,0.9999999999995453,True,7,False,BULL_STRUCTURE,BULL_STRUCTURE,1.0,0.5120650953629659337498506552,0.5120650953629659337498506552
2024-03-04 00:00:00+00:00,4,EUPHORIA,1.0,True,8,False,BULL_STRUCTURE,BULL_STRUCTURE,1.0,0.5315684991244288250509502316,0.5315684991244288250509502316
2024-03-05 00:00:00+00:00,4,EUPHORIA,1.0,True,9,False,BULL_STRUCTURE,BULL_STRUCTURE,1.0,0.5144682164339080791429834296,0.5144682164339080791429834296
2024-03-06 00:00:00+00:00,4,EUPHORIA,0.9999999999990905,True,10,False,BULL_STRUCTURE,BULL_STRUCTURE,1.0,0.5235085401086829647403586021,0.5235085401086829647403586021
2024-03-07 00:00:00+00:00,4,EUPHORIA,1.0,True,11,False,BULL_STRUCTURE,BULL_STRUCTURE,1.0,0.5263200209419886609578064038,0.5263200209419886609578064038
2024-03-08 00:00:00+00:00,4,EUPHORIA,1.0,True,12,False,BULL_STRUCTURE,BULL_STRUCTURE,1.0,0.5311246973864945180534337804,0.5311246973864945180534337804
2024-03-09 00:00:00+00:00,4,EUPHORIA,0.9997554206908965,True,13,False,BULL_STRUCTURE,BULL_STRUCTURE,1.0,0.5318148710037081695373436768,0.5318148710037081695373436768
2024-03-10 00:00:00+00:00,4,EUPHORIA,0.005259025312775473,False,13,False,BULL_STRUCTURE,BULL_STRUCTURE,1.0,0.25,0.25
2024-03-11 00:00:00+00:00,4,EUPHORIA,0.001581144504819131,False,13,False,BULL_STRUCTURE,BULL_STRUCTURE,1.0,0.2584880665307279554681668041,0.2584880665307279554681668041
2024-03-12 00:00:00+00:00,1,CRASH,0.9990927408357001,True,3,False,BULL_STRUCTURE,BULL_STRUCTURE,1.0,0.95,0.95
2024-03-13 00:00:00+00:00,1,CRASH,0.9999738779444114,True,4,False,BULL_STRUCTURE,BULL_STRUCTURE,1.0,0.9518932344331508887217185313,0.9518932344331508887217185313
2024-03-14 00:00:00+00:00,1,CRASH,0.9577919581625974,True,5,False,BULL_STRUCTURE,BULL_STRUCTURE,1.0,0.9508145946214513816907704852,0.9508145946214513816907704852
2024-03-15 00:00:00+00:00,1,CRASH,0.8050479562281825,True,6,False,BULL_STRUCTURE,BULL_STRUCTURE,1.0,0.9495451298669695955637217508,0.9495451298669695955637217508
2024-03-16 00:00:00+00:00,1,CRASH,1.9492729064214034e-06,False,6,False,BULL_STRUCTURE,BULL_STRUCTURE,1.0,0.475,0.475
2024-03-17 00:00:00+00:00,1,CRASH,4.230991810612073e-12,False,6,False,BULL_STRUCTURE,BULL_STRUCTURE,1.0,0.4868429912050231683727586852,0.4868429912050231683727586852
2024-03-18 00:00:00+00:00,4,EUPHORIA,0.9999902125379448,True,3,False,BULL_STRUCTURE,BULL_STRUCTURE,1.0,0.4839650174999435111770098994,0.4839650174999435111770098994
2024-03-19 00:00:00+00:00,4,EUPHORIA,1.0,True,4,False,BULL_STRUCTURE,BULL_STRUCTURE,1.0,0.4621243253312330237200552979,0.4621243253312330237200552979
2024-03-20 00:00:00+00:00,4,EUPHORIA,1.0,True,5,False,BULL_STRUCTURE,BULL_STRUCTURE,1.0,0.4848151268886201081178275948,0.4848151268886201081178275948
2024-03-21 00:00:00+00:00,4,EUPHORIA,1.0,True,6,False,BULL_STRUCTURE,BULL_STRUCTURE,1.0,0.4760562893516420873084245190,0.4760562893516420873084245190
2024-03-22 00:00:00+00:00,4,EUPHORIA,1.0,True,7,False,BULL_STRUCTURE,BULL_STRUCTURE,1.0,0.4694836854864723964828569931,0.4694836854864723964828569931
2024-03-23 00:00:00+00:00,2,CRASH,1.0,True,1,False,BULL_STRUCTURE,BULL_STRUCTURE,1.0,0.4702375494241014347409621623,0.4702375494241014347409621623
2024-03-24 00:00:00+00:00,2,CRASH,0.9999994802234583,True,2,False,BULL_STRUCTURE,BULL_STRUCTURE,1.0,0.4824832245561243530091104678,0.4824832245561243530091104678
2024-03-25 00:00:00+00:00,2,CRASH,0.911266114728458,True,3,False,BULL_STRUCTURE,BULL_STRUCTURE,1.0,0.4922161145784905845499906278,0.4922161145784905845499906278
2024-03-26 00:00:00+00:00,2,CRASH,1.996245869403738e-05,False,3,False,BULL_STRUCTURE,BULL_STRUCTURE,1.0,0.4926020681847978040974238378,0.4926020681847978040974238378
2024-03-27 00:00:00+00:00,2,CRASH,1.4503359611735987e-12,False,3,False,BULL_STRUCTURE,BULL_STRUCTURE,1.0,0.4907453508420498797303251017,0.4907453508420498797303251017
2024-03-28 00:00:00+00:00,0,EUPHORIA,0.9983928964628999,True,3,False,BULL_STRUCTURE,BULL_STRUCTURE,1.0,0.95,0.95
2024-03-29 00:00:00+00:00,0,EUPHORIA,0.06272316515951984,False,3,False,BULL_STRUCTURE,BULL_STRUCTURE,1.0,0.475,0.475
2024-03-30 00:00:00+00:00,0,EUPHORIA,1.7028999640868992e-08,False,3,False,BULL_STRUCTURE,BULL_STRUCTURE,1.0,0.4743332123562507201117553359,0.4743332123562507201117553359
2024-03-31 00:00:00+00:00,3,BEAR,0.9999986825559556,True,3,False,BULL_STRUCTURE,BULL_STRUCTURE,1.0,0.95,0.95
2024-04-01 00:00:00+00:00,3,BEAR,0.9999999818769539,True,4,False,BULL_STRUCTURE,BULL_STRUCTURE,1.0,0.9494815526732173718355438676,0.9494815526732173718355438676
2024-04-02 00:00:00+00:00,3,BEAR,1.0,True,5,False,BULL_STRUCTURE,BULL_STRUCTURE,1.0,0.9464244292304555799001023552,0.9464244292304555799001023552
2024-04-03 00:00:00+00:00,3,BEAR,1.0,True,6,False,BULL_STRUCTURE,BULL_STRUCTURE,1.0,0.9468083835223072507002072690,0.9468083835223072507002072690
2024-04-04 00:00:00+00:00,3,BEAR,0.9999999999995453,True,7,False,BULL_STRUCTURE,BULL_STRUCTURE,1.0,0.9486684204886947726454351086,0.9486684204886947726454351086
2024-04-05 00:00:00+00:00,3,BEAR,0.9999999999899956,True,8,False,BULL_STRUCTURE,BULL_STRUCTURE,1.0,0.9481896200070252091320254011,0.9481896200070252091320254011
2024-04-06 00:00:00+00:00,3,BEAR,0.9999999889669199,True,9,False,BULL_STRUCTURE,BULL_STRUCTURE,1.0,0.9489570367588717748905511395,0.9489570367588717748905511395
2024-04-07 00:00:00+00:00,3,BEAR,0.9999997154464332,True,10,False,BULL_STRUCTURE,BULL_STRUCTURE,1.0,0.9492814527156374157580523607,0.9492814527156374157580523607
2024-04-08 00:00:00+00:00,3,BEAR,0.9999997033169605,True,11,False,BULL_STRUCTURE,BULL_STRUCTURE,1.0,0.9508028984749823456655590837,0.9508028984749823456655590837
2024-04-09 00:00:00+00:00,3,BEAR,0.9999691092494768,True,12,False,BULL_STRUCTURE,BULL_STRUCTURE,1.0,0.9491321969989521439190467129,0.9491321969989521439190467129
2024-04-10 00:00:00+00:00,3,BEAR,0.9989290313111753,True,13,False,BULL_STRUCTURE,BULL_STRUCTURE,1.0,0.9501484186253081982481338696,0.9501484186253081982481338696
2024-04-11 00:00:00+00:00,3,BEAR,0.993974180749394,True,14,False,BULL_STRUCTURE,BULL_STRUCTURE,1.0,0.9497258314883152720334936968,0.9497258314883152720334936968
2024-04-12 00:00:00+00:00,3,BEAR,0.9999998874468538,True,15,False,BULL_STRUCTURE,BULL_STRUCTURE,1.0,0.9476745326365798550633683786,0.9476745326365798550633683786
2024-04-13 00:00:00+00:00,3,BEAR,0.999999999996362,True,16,False,BULL_STRUCTURE,BULL_STRUCTURE,1.0,0.60,0.60
2024-04-14 00:00:00+00:00,3,BEAR,0.9999999996462066,True,17,False,BULL_STRUCTURE,BULL_STRUCTURE,1.0,0.95,0.95
2024-04-15 00:00:00+00:00,3,BEAR,0.9999999999845386,True,18,False,BULL_STRUCTURE,BULL_STRUCTURE,1.0,0.60,0.60
2024-04-16 00:00:00+00:00,3,BEAR,0.9999999999836291,True,19,False,BULL_STRUCTURE,BULL_STRUCTURE,1.0,0.6016796485004403407707869025,0.6016796485004403407707869025
2024-04-17 00:00:00+00:00,3,BEAR,0.9999999997535269,True,20,False,BULL_STRUCTURE,BULL_STRUCTURE,1.0,0.5919976184146225787669363127,0.5919976184146225787669363127
2024-04-18 00:00:00+00:00,3,BEAR,0.9999998080211483,True,21,False,BULL_STRUCTURE,BULL_STRUCTURE,1.0,0.6004613109818207086606353713,0.6004613109818207086606353713
2024-04-19 00:00:00+00:00,3,BEAR,0.9999913408021002,True,22,False,BULL_STRUCTURE,BULL_STRUCTURE,1.0,0.6017721203088022279710462124,0.6017721203088022279710462124
2024-04-20 00:00:00+00:00,3,BEAR,0.9996461431726198,True,23,False,BULL_STRUCTURE,BULL_STRUCTURE,1.0,0.95,0.95
2024-04-21 00:00:00+00:00,3,BEAR,0.99912287706336,True,24,False,BULL_STRUCTURE,BULL_STRUCTURE,1.0,0.9504250449896689468960858344,0.9504250449896689468960858344
2024-04-22 00:00:00+00:00,3,BEAR,0.999867555556566,True,25,False,BULL_STRUCTURE,BULL_STRUCTURE,1.0,0.9517512743659004265197240317,0.9517512743659004265197240317
2024-04-23 00:00:00+00:00,3,BEAR,0.9929813134472396,True,26,False,BULL_STRUCTURE,BULL_STRUCTURE,1.0,0.9514711055160346944539492687,0.9514711055160346944539492687
2024-04-24 00:00:00+00:00,3,BEAR,0.9992926063289873,True,27,False,BULL_STRUCTURE,BULL_STRUCTURE,1.0,0.60,0.60
2024-04-25 00:00:00+00:00,3,BEAR,0.9833221112597246,True,28,False,BULL_STRUCTURE,BULL_STRUCTURE,1.0,0.6010501440331743975330636071,0.6010501440331743975330636071
2024-04-26 00:00:00+00:00,3,BEAR,0.9864979554146484,True,29,False,BULL_STRUCTURE,BULL_STRUCTURE,1.0,0.5983238896925365600157505828,0.5983238896925365600157505828
2024-04-27 00:00:00+00:00,3,BEAR,0.9968664014242766,True,30,False,BULL_STRUCTURE,BULL_STRUCTURE,1.0,0.5971596407586634763382811243,0.5971596407586634763382811243
2024-04-28 00:00:00+00:00,3,BEAR,0.9918286726515961,True,31,False,BULL_STRUCTURE,BULL_STRUCTURE,1.0,0.5958538759840237801162197725,0.5958538759840237801162197725
2024-04-29 00:00:00+00:00,3,BEAR,0.5717086097142783,True,32,False,BULL_STRUCTURE,BULL_STRUCTURE,1.0,0.5986853252627624107231158954,0.5986853252627624107231158954
2024-04-30 00:00:00+00:00,3,BEAR,0.9959631125391335,True,33,False,BULL_STRUCTURE,BULL_STRUCTURE,1.0,0.5862987677745182920380509523,0.5862987677745182920380509523
2024-05-01 00:00:00+00:00,3,BEAR,0.9988582318166498,True,34,False,BULL_STRUCTURE,BULL_STRUCTURE,1.0,0.5768654958626545198726318735,0.5768654958626545198726318735
2024-05-02 00:00:00+00:00,3,BEAR,0.9999134876569058,True,35,False,BULL_STRUCTURE,BULL_STRUCTURE,1.0,0.5797549080019969846270379816,0.5797549080019969846270379816
2024-05-03 00:00:00+00:00,3,BEAR,0.9999983393595504,True,36,False,BULL_STRUCTURE,BULL_STRUCTURE,1.0,0.5949491336026962722914552605,0.5949491336026962722914552605
2024-05-04 00:00:00+00:00,3,BEAR,0.9982790748876749,True,37,False,BULL_STRUCTURE,BULL_STRUCTURE,1.0,0.95,0.95
2024-05-05 00:00:00+00:00,3,BEAR,0.6704282621129516,True,38,False,BULL_STRUCTURE,BULL_STRUCTURE,1.0,0.9505219257315603841983818077,0.9505219257315603841983818077
2024-05-06 00:00:00+00:00,3,BEAR,0.9911825709955382,True,39,False,BULL_STRUCTURE,BULL_STRUCTURE,1.0,0.60,0.60
2024-05-07 00:00:00+00:00,3,BEAR,0.9840586455188537,True,40,False,BULL_STRUCTURE,BULL_STRUCTURE,1.0,0.5970053578817778632020633215,0.5970053578817778632020633215
2024-05-08 00:00:00+00:00,3,BEAR,0.7567438099526125,True,41,False,BULL_STRUCTURE,BULL_STRUCTURE,1.0,0.5926378251080529002181775960,0.5926378251080529002181775960
2024-05-09 00:00:00+00:00,3,BEAR,0.9960643956500164,True,42,False,BULL_STRUCTURE,BULL_STRUCTURE,1.0,0.5999258867629646329119841219,0.5999258867629646329119841219
2024-05-10 00:00:00+00:00,3,BEAR,0.9999575907970993,True,43,False,BULL_STRUCTURE,BULL_STRUCTURE,1.0,0.5910812820082768938868111370,0.5910812820082768938868111370
2024-05-11 00:00:00+00:00,3,BEAR,0.9995181600890258,True,44,False,BULL_STRUCTURE,BULL_STRUCTURE,1.0,0.5911846162547027695361345803,0.5911846162547027695361345803
2024-05-12 00:00:00+00:00,3,BEAR,0.9944480376936669,True,45,False,BULL_STRUCTURE,BULL_STRUCTURE,1.0,0.5937824925596157224301852184,0.5937824925596157224301852184
2024-05-13 00:00:00+00:00,3,BEAR,0.9947755188387125,True,46,False,BULL_STRUCTURE,BULL_STRUCTURE,1.0,0.5994155944021349172071515872,0.5994155944021349172071515872
2024-05-14 00:00:00+00:00,3,BEAR,0.9952155848531622,True,47,False,BULL_STRUCTURE,BULL_STRUCTURE,1.0,0.5941489669337585520606923229,0.5941489669337585520606923229
2024-05-15 00:00:00+00:00,3,BEAR,0.9999999583756116,True,48,False,BULL_STRUCTURE,BULL_STRUCTURE,1.0,0.95,0.95
2024-05-16 00:00:00+00:00,3,BEAR,0.9998981137467104,True,49,False,BULL_STRUCTURE,BULL_STRUCTURE,1.0,0.9497168400222261643747749974,0.9497168400222261643747749974
2024-05-17 00:00:00+00:00,3,BEAR,0.9997277659450068,True,50,False,BULL_STRUCTURE,BULL_STRUCTURE,1.0,0.9509930699657477469416540736,0.9509930699657477469416540736
2024-05-18 00:00:00+00:00,3,BEAR,0.9908738713288151,True,51,False,BULL_STRUCTURE,BULL_STRUCTURE,1.0,0.9509172987316638535279942228,0.9509172987316638535279942228
2024-05-19 00:00:00+00:00,3,BEAR,0.9982307930465819,True,52,False,BULL_STRUCTURE,BULL_STRUCTURE,1.0,0.9504659538597301397161832048,0.9504659538597301397161832048
2024-05-20 00:00:00+00:00,3,BEAR,0.999998946442802,True,53,False,BULL_STRUCTURE,BULL_STRUCTURE,1.0,0.9538867616534587723252131358,0.9538867616534587723252131358
2024-05-21 00:00:00+00:00,3,BEAR,0.999999270355868,True,54,False,BULL_STRUCTURE,BULL_STRUCTURE,1.0,0.9530733639856143833752981754,0.9530733639856143833752981754
2024-05-22 00:00:00+00:00,3,BEAR,0.9994980595467177,True,55,False,BULL_STRUCTURE,BULL_STRUCTURE,1.0,0.9524389866301554335654258511,0.9524389866301554335654258511
2024-05-23 00:00:00+00:00,3,BEAR,0.9999271717070083,True,56,False,BULL_STRUCTURE,BULL_STRUCTURE,1.0,0.9516419231748722532465735828,0.9516419231748722532465735828
2024-05-24 00:00:00+00:00,3,BEAR,0.9985955404939132,True,57,False,BULL_STRUCTURE,BULL_STRUCTURE,1.0,0.9520316816177106878516092511,0.9520316816177106878516092511
2024-05-25 00:00:00+00:00,3,BEAR,0.998046382770036,True,58,False,BULL_STRUCTURE,BULL_STRUCTURE,1.0,0.9525200262904524970256735179,0.9525200262904524970256735179
2024-05-26 00:00:00+00:00,3,BEAR,0.9885946312060897,True,59,False,BULL_STRUCTURE,BULL_STRUCTURE,1.0,0.9520034718514372963968765289,0.9520034718514372963968765289
2024-05-27 00:00:00+00:00,3,BEAR,0.9506701945296971,True,60,False,BULL_STRUCTURE,BULL_STRUCTURE,1.0,0.9526150379115325077241988589,0.9526150379115325077241988589
2024-05-28 00:00:00+00:00,3,BEAR,0.9519065870120544,True,61,False,BULL_STRUCTURE,BULL_STRUCTURE,1.0,0.9519304740364365128329104758,0.9519304740364365128329104758
2024-05-29 00:00:00+00:00,3,BEAR,0.9226599106863717,True,62,False,BULL_STRUCTURE,BULL_STRUCTURE,1.0,0.9514261810093337929834624764,0.9514261810093337929834624764
2024-05-30 00:00:00+00:00,3,BEAR,0.8058645048133776,True,63,False,BULL_STRUCTURE,BULL_STRUCTURE,1.0,0.9518995327342509856811821297,0.9518995327342509856811821297
2024-05-31 00:00:00+00:00,3,BEAR,0.8087610072420661,True,64,False,BULL_STRUCTURE,BULL_STRUCTURE,1.0,0.9513492704328240521231055521,0.9513492704328240521231055521
2024-06-01 00:00:00+00:00,3,BEAR,0.8490008175220174,True,65,False,BULL_STRUCTURE,BULL_STRUCTURE,1.0,0.9515042242994504211958146130,0.9515042242994504211958146130
2024-06-02 00:00:00+00:00,3,BEAR,0.6246014728682231,True,66,False,BULL_STRUCTURE,BULL_STRUCTURE,1.0,0.9515033935604447342232954934,0.9515033935604447342232954934
2024-06-03 00:00:00+00:00,3,BEAR,0.6545845350504977,True,67,False,BULL_STRUCTURE,BULL_STRUCTURE,1.0,0.9522042084517597841133632646,0.9522042084517597841133632646
2024-06-04 00:00:00+00:00,3,BEAR,0.42380834377535836,False,67,False,BULL_STRUCTURE,BULL_STRUCTURE,1.0,0.475,0.475
2024-06-05 00:00:00+00:00,3,BEAR,0.1023385253498945,False,67,False,BULL_STRUCTURE,BULL_STRUCTURE,1.0,0.4773024328709387051191248365,0.4773024328709387051191248365
2024-06-06 00:00:00+00:00,1,BULL,0.9818455386326732,True,3,False,BULL_STRUCTURE,BULL_STRUCTURE,1.0,0.95,0.95
2024-06-07 00:00:00+00:00,1,BULL,0.5723990100481374,True,4,False,BULL_STRUCTURE,BULL_STRUCTURE,1.0,0.9496077369621952037482205160,0.9496077369621952037482205160
2024-06-08 00:00:00+00:00,1,BULL,0.9757361130237056,True,5,False,BULL_STRUCTURE,BULL_STRUCTURE,1.0,0.9495765727159479919624710994,0.9495765727159479919624710994
2024-06-09 00:00:00+00:00,1,BULL,0.9998869013749038,True,6,False,BULL_STRUCTURE,BULL_STRUCTURE,1.0,0.9498087738597946274095055519,0.9498087738597946274095055519
2024-06-10 00:00:00+00:00,1,BULL,0.9999587031380509,True,7,False,BULL_STRUCTURE,BULL_STRUCTURE,1.0,0.9497346459481122139662154150,0.9497346459481122139662154150
2024-06-11 00:00:00+00:00,1,BULL,0.4109144804414183,False,7,False,BULL_STRUCTURE,BULL_STRUCTURE,1.0,0.475,0.475
2024-06-12 00:00:00+00:00,1,BULL,0.29527005957510327,False,7,False,BULL_STRUCTURE,BULL_STRUCTURE,1.0,0.4787865995334538752685048782,0.4787865995334538752685048782
2024-06-13 00:00:00+00:00,3,BEAR,0.718618020620913,True,3,False,BULL_STRUCTURE,BULL_STRUCTURE,1.0,0.4732784820303577598702645812,0.4732784820303577598702645812
2024-06-14 00:00:00+00:00,3,BEAR,0.9270969052153588,True,4,False,BULL_STRUCTURE,BULL_STRUCTURE,1.0,0.4705426702612539556923683147,0.4705426702612539556923683147
2024-06-15 00:00:00+00:00,3,BEAR,0.8805510534388223,True,5,False,BULL_STRUCTURE,BULL_STRUCTURE,1.0,0.4712368276904375935920276840,0.4712368276904375935920276840
2024-06-16 00:00:00+00:00,3,BEAR,0.010868693849798229,False,5,False,BULL_STRUCTURE,BULL_STRUCTURE,1.0,0.4729193145356161664945425849,0.4729193145356161664945425849
2024-06-17 00:00:00+00:00,3,BEAR,5.644366223472673e-05,False,5,False,BULL_STRUCTURE,BULL_STRUCTURE,1.0,0.4722734959385617131424529145,0.4722734959385617131424529145
2024-06-18 00:00:00+00:00,1,BULL,0.999574261897709,True,3,False,BULL_STRUCTURE,BULL_STRUCTURE,1.0,0.95,0.95
2024-06-19 00:00:00+00:00,1,BULL,0.9999948674635399,True,4,False,BULL_STRUCTURE,BULL_STRUCTURE,1.0,0.9504505469385306885618307311,0.9504505469385306885618307311
2024-06-20 00:00:00+00:00,1,BULL,0.9999985958002835,True,5,False,BULL_STRUCTURE,BULL_STRUCTURE,1.0,0.9503747752042995322363715775,0.9503747752042995322363715775
2024-06-21 00:00:00+00:00,1,BULL,0.9999995088843503,True,6,False,BULL_STRUCTURE,BULL_STRUCTURE,1.0,0.9498409561266984719723154760,0.9498409561266984719723154760
2024-06-22 00:00:00+00:00,1,BULL,0.999947942358075,True,7,False,BULL_STRUCTURE,BULL_STRUCTURE,1.0,0.9499287817125692274160994005,0.9499287817125692274160994005
2024-06-23 00:00:00+00:00,1,BULL,0.9999824941892044,True,8,False,BULL_STRUCTURE,BULL_STRUCTURE,1.0,0.9491378348186659958202705322,0.9491378348186659958202705322
2024-06-24 00:00:00+00:00,1,BULL,9.190860416930929e-07,False,8,False,BULL_STRUCTURE,BULL_STRUCTURE,1.0,0.475,0.475
2024-06-25 00:00:00+00:00,1,BULL,4.1923093730135867e-08,False,8,False,BULL_STRUCTURE,BULL_STRUCTURE,1.0,0.4814738488224829658028823321,0.4814738488224829658028823321
2024-06-26 00:00:00+00:00,3,BEAR,0.9999792156217996,True,3,False,BULL_STRUCTURE,BULL_STRUCTURE,1.0,0.4776446590606306945240972948,0.4776446590606306945240972948
2024-06-27 00:00:00+00:00,3,BEAR,0.9999987562203846,True,4,False,BULL_STRUCTURE,BULL_STRUCTURE,1.0,0.4810714588128575920509417687,0.4810714588128575920509417687
2024-06-28 00:00:00+00:00,3,BEAR,0.9999982648229482,True,5,False,BULL_STRUCTURE,BULL_STRUCTURE,1.0,0.4758465073203058140010438128,0.4758465073203058140010438128
2024-06-29 00:00:00+00:00,3,BEAR,0.5612524691474837,True,6,False,BULL_STRUCTURE,BULL_STRUCTURE,1.0,0.4781430197281911587812835587,0.4781430197281911587812835587
2024-06-30 00:00:00+00:00,3,BEAR,0.7739039666337296,True,7,False,BULL_STRUCTURE,BULL_STRUCTURE,1.0,0.4853467272193399814110862929,0.4853467272193399814110862929
2024-07-01 00:00:00+00:00,3,BEAR,0.6842575242286786,True,8,False,BULL_STRUCTURE,BULL_STRUCTURE,1.0,0.4858554877138091938348131847,0.4858554877138091938348131847
2024-07-02 00:00:00+00:00,3,BEAR,0.4236847246766052,False,8,False,BULL_STRUCTURE,BULL_STRUCTURE,1.0,0.4828012498711965133657026239,0.4828012498711965133657026239
2024-07-03 00:00:00+00:00,3,BEAR,0.9724662593684166,True,9,False,BULL_STRUCTURE,BULL_STRUCTURE,1.0,0.4749399438699161399735999294,0.4749399438699161399735999294
2024-07-04 00:00:00+00:00,3,BEAR,0.9939421863679971,True,10,False,TRANSITION,BULL_STRUCTURE,0.6,0.4615234950966176169250939940,0.4615234950966176169250939940
2024-07-05 00:00:00+00:00,3,BEAR,0.10940688351989404,False,10,False,TRANSITION,BULL_STRUCTURE,0.6,0.4596823150644371820414159117,0.4596823150644371820414159117
2024-07-06 00:00:00+00:00,3,BEAR,0.02235940392688964,False,10,False,TRANSITION,BULL_STRUCTURE,0.6,0.4666156839495168803539204899,0.4666156839495168803539204899
2024-07-07 00:00:00+00:00,0,EUPHORIA,0.9936471173737134,True,3,False,TRANSITION,BULL_STRUCTURE,0.6,0.4562794922196193487285483837,0.4562794922196193487285483837
2024-07-08 00:00:00+00:00,0,EUPHORIA,0.9999971734295217,True,4,False,TRANSITION,TRANSITION,0.6,0.4600585042716645755657317345,0.4600585042716645755657317345
2024-07-09 00:00:00+00:00,0,EUPHORIA,0.9993911493695468,True,5,False,TRANSITION,TRANSITION,0.6,0.4658446647510354712588447780,0.4658446647510354712588447780
2024-07-10 00:00:00+00:00,0,EUPHORIA,0.9917198614447803,True,6,False,TRANSITION,TRANSITION,0.6,0.4644515602796146887911723472,0.4644515602796146887911723472
2024-07-11 00:00:00+00:00,0,EUPHORIA,0.9625986936816381,True,7,False,TRANSITION,TRANSITION,0.6,0.4627833073884724346526007148,0.4627833073884724346526007148
2024-07-12 00:00:00+00:00,0,EUPHORIA,0.128167972417914,False,7,False,TRANSITION,TRANSITION,0.6,0.4651540694137867707327955345,0.4651540694137867707327955345
2024-07-13 00:00:00+00:00,0,EUPHORIA,0.043490098242743844,False,7,False,TRANSITION,TRANSITION,0.6,0.4707460221111198136410318591,0.4707460221111198136410318591
2024-07-14 00:00:00+00:00,1,BULL,0.955170855109033,True,3,False,BULL_STRUCTURE,TRANSITION,0.6,0.95,0.6
2024-07-15 00:00:00+00:00,1,BULL,5.714126273758713e-13,False,3,False,BULL_STRUCTURE,TRANSITION,0.6,0.6150145528434602624241624253,0.6
2024-07-16 00:00:00+00:00,1,BULL,4.660213318265092e-12,False,3,False,BULL_STRUCTURE,TRANSITION,0.6,0.6011942383558603114825298593,0.6
2024-07-17 00:00:00+00:00,0,EUPHORIA,0.9999999829437912,True,3,False,BULL_STRUCTURE,TRANSITION,0.6,0.95,0.6
2024-07-18 00:00:00+00:00,0,EUPHORIA,0.9999603879301989,True,4,False,BULL_STRUCTURE,BULL_STRUCTURE,1.0,0.95,0.95
2024-07-19 00:00:00+00:00,0,EUPHORIA,0.9999999911451596,True,5,False,BULL_STRUCTURE,BULL_STRUCTURE,1.0,0.9523250709357652663388265371,0.9523250709357652663388265371
2024-07-20 00:00:00+00:00,0,EUPHORIA,0.691442355386444,True,6,False,BULL_STRUCTURE,BULL_STRUCTURE,1.0,0.9526497447607394548297967905,0.9526497447607394548297967905
2024-07-21 00:00:00+00:00,0,EUPHORIA,0.6874313344584547,True,7,False,BULL_STRUCTURE,BULL_STRUCTURE,1.0,0.9533287705378312539481550547,0.9533287705378312539481550547
2024-07-22 00:00:00+00:00,0,EUPHORIA,0.9678968220895378,True,8,False,BULL_STRUCTURE,BULL_STRUCTURE,1.0,0.9529116877384689646672866229,0.9529116877384689646672866229
2024-07-23 00:00:00+00:00,0,EUPHORIA,0.9972405899506201,True,9,False,BULL_STRUCTURE,BULL_STRUCTURE,1.0,0.9518268087912283340368695634,0.9518268087912283340368695634
2024-07-24 00:00:00+00:00,0,EUPHORIA,0.5309077572156984,True,10,False,BULL_STRUCTURE,BULL_STRUCTURE,1.0,0.475,0.475
2024-07-25 00:00:00+00:00,0,EUPHORIA,0.24502044454908264,False,10,False,BULL_STRUCTURE,BULL_STRUCTURE,1.0,0.4769058121428361258730384843,0.4769058121428361258730384843
2024-07-26 00:00:00+00:00,0,EUPHORIA,0.43392349323082907,True,11,False,BULL_STRUCTURE,BULL_STRUCTURE,1.0,0.4847777295027770061545278521,0.4847777295027770061545278521
2024-07-27 00:00:00+00:00,0,EUPHORIA,0.21377147609091107,False,11,False,BULL_STRUCTURE,BULL_STRUCTURE,1.0,0.4847354653600591510406196523,0.4847354653600591510406196523
2024-07-28 00:00:00+00:00,0,EUPHORIA,0.0023237861769226935,False,11,False,BULL_STRUCTURE,BULL_STRUCTURE,1.0,0.4860321528650940581184694499,0.4860321528650940581184694499
2024-07-29 00:00:00+00:00,0,EUPHORIA,0.11336440652292261,False,11,False,BULL_STRUCTURE,BULL_STRUCTURE,1.0,0.4806127890671216395172607108,0.4806127890671216395172607108
2024-07-30 00:00:00+00:00,0,EUPHORIA,0.023792114743073585,False,11,False,BULL_STRUCTURE,BULL_STRUCTURE,1.0,0.4783728958332682250418045743,0.4783728958332682250418045743
2024-07-31 00:00:00+00:00,0,EUPHORIA,0.014964808667139692,False,11,False,BULL_STRUCTURE,BULL_STRUCTURE,1.0,0.4724245462193023748451011405,0.4724245462193023748451011405
2024-08-01 00:00:00+00:00,0,EUPHORIA,0.2832224420099873,False,11,False,BULL_STRUCTURE,BULL_STRUCTURE,1.0,0.4752096804955517971042786357,0.4752096804955517971042786357
2024-08-02 00:00:00+00:00,0,EUPHORIA,0.01573375111031814,False,11,False,BULL_STRUCTURE,BULL_STRUCTURE,1.0,0.4600723013400929073001219423,0.4600723013400929073001219423
2024-08-03 00:00:00+00:00,3,BEAR,0.9997766084634158,True,3,False,BULL_STRUCTURE,BULL_STRUCTURE,1.0,0.4568200732250249241157309389,0.4568200732250249241157309389
2024-08-04 00:00:00+00:00,3,BEAR,0.9999916489499266,True,4,False,TRANSITION,BULL_STRUCTURE,0.6,0.4462468888885873402099259693,0.4462468888885873402099259693
2024-08-05 00:00:00+00:00,3,BEAR,0.9999999879382814,True,5,False,TRANSITION,BULL_STRUCTURE,0.6,0.4280701436307465213619591922,0.4280701436307465213619591922
2024-08-06 00:00:00+00:00,3,BEAR,0.9999999999386091,True,6,False,TRANSITION,BULL_STRUCTURE,0.6,0.4370072522785817634815071498,0.4370072522785817634815071498
2024-08-07 00:00:00+00:00,3,BEAR,0.9999999999913598,True,7,False,TRANSITION,BULL_STRUCTURE,0.6,0.4330808874094305602730288705,0.4330808874094305602730288705
2024-08-08 00:00:00+00:00,3,BEAR,1.0,True,8,False,TRANSITION,TRANSITION,0.6,0.4608292402115387919857320830,0.4608292402115387919857320830
2024-08-09 00:00:00+00:00,3,BEAR,0.9999997421182676,True,9,False,TRANSITION,TRANSITION,0.6,0.4573917956947023277886804860,0.4573917956947023277886804860
2024-08-10 00:00:00+00:00,3,BEAR,0.9999998748171571,True,10,False,TRANSITION,TRANSITION,0.6,0.4577404446907460966453283773,0.4577404446907460966453283773
2024-08-11 00:00:00+00:00,3,BEAR,0.9999998987086707,True,11,False,TRANSITION,TRANSITION,0.6,0.4485805714677292146293996575,0.4485805714677292146293996575
2024-08-12 00:00:00+00:00,3,BEAR,0.9999834350372598,True,12,False,TRANSITION,TRANSITION,0.6,0.4512389450359532630675378354,0.4512389450359532630675378354
2024-08-13 00:00:00+00:00,3,BEAR,0.9999695675016115,True,13,False,TRANSITION,TRANSITION,0.6,0.4563665771465166451464811261,0.4563665771465166451464811261
2024-08-14 00:00:00+00:00,3,BEAR,0.9999988205806992,True,14,False,TRANSITION,TRANSITION,0.6,0.4484575244658029735982588431,0.4484575244658029735982588431
2024-08-15 00:00:00+00:00,3,BEAR,0.9999998112252975,True,15,False,TRANSITION,TRANSITION,0.6,0.4436003404268664658610878115,0.4436003404268664658610878115
2024-08-16 00:00:00+00:00,3,BEAR,0.9999715810772709,True,16,False,TRANSITION,TRANSITION,0.6,0.4492622755093620067550766436,0.4492622755093620067550766436
2024-08-17 00:00:00+00:00,3,BEAR,0.9994008263285716,True,17,False,TRANSITION,TRANSITION,0.6,0.4518447447411939426591621790,0.4518447447411939426591621790
2024-08-18 00:00:00+00:00,3,BEAR,0.9999845771979088,True,18,False,TRANSITION,TRANSITION,0.6,0.4473762311955068434430610611,0.4473762311955068434430610611
2024-08-19 00:00:00+00:00,3,BEAR,0.9997329646002213,True,19,False,TRANSITION,TRANSITION,0.6,0.4516219610520492231438103158,0.4516219610520492231438103158
2024-08-20 00:00:00+00:00,3,BEAR,0.9998135580255829,True,20,False,TRANSITION,TRANSITION,0.6,0.4498466550142031256286550234,0.4498466550142031256286550234
2024-08-21 00:00:00+00:00,3,BEAR,0.9999916683229116,True,21,False,TRANSITION,TRANSITION,0.6,0.4586861239082382323248790954,0.4586861239082382323248790954
2024-08-22 00:00:00+00:00,3,BEAR,0.9998921658435693,True,22,False,TRANSITION,TRANSITION,0.6,0.4554999120410649385544932787,0.4554999120410649385544932787
2024-08-23 00:00:00+00:00,3,BEAR,0.9999999853234841,True,23,False,TRANSITION,TRANSITION,0.6,0.95,0.6
2024-08-24 00:00:00+00:00,3,BEAR,0.9999774631398675,True,24,False,TRANSITION,TRANSITION,0.6,0.95,0.6
2024-08-25 00:00:00+00:00,3,BEAR,0.9998473256808291,True,25,False,TRANSITION,TRANSITION,0.6,0.95,0.6
2024-08-26 00:00:00+00:00,3,BEAR,0.9999756805847478,True,26,False,TRANSITION,TRANSITION,0.6,0.95,0.6
2024-08-27 00:00:00+00:00,3,BEAR,0.9999999998399289,True,27,False,TRANSITION,TRANSITION,0.6,0.5865029957303582229104037986,0.5865029957303582229104037986
2024-08-28 00:00:00+00:00,3,BEAR,0.9999791928094184,True,28,False,TRANSITION,TRANSITION,0.6,0.5849456790247361306696724838,0.5849456790247361306696724838
2024-08-29 00:00:00+00:00,3,BEAR,0.9999545281168687,True,29,False,TRANSITION,TRANSITION,0.6,0.5862743321146116628853899357,0.5862743321146116628853899357
2024-08-30 00:00:00+00:00,3,BEAR,0.9999090751264609,True,30,False,TRANSITION,TRANSITION,0.6,0.5853117433452313243987983474,0.5853117433452313243987983474
2024-08-31 00:00:00+00:00,3,BEAR,0.9994542264545914,True,31,False,TRANSITION,TRANSITION,0.6,0.5846950320708436776796466657,0.5846950320708436776796466657
2024-09-01 00:00:00+00:00,3,BEAR,0.3016768551980549,False,31,False,TRANSITION,TRANSITION,0.6,0.30,0.30
2024-09-02 00:00:00+00:00,3,BEAR,0.8291920468279015,True,32,False,TRANSITION,TRANSITION,0.6,0.60,0.60
2024-09-03 00:00:00+00:00,3,BEAR,0.9766746256785238,True,33,False,TRANSITION,TRANSITION,0.6,0.5934417250619350681689702194,0.5934417250619350681689702194
2024-09-04 00:00:00+00:00,3,BEAR,0.9843983618424226,True,34,False,TRANSITION,TRANSITION,0.6,0.5954594637685516530273506992,0.5954594637685516530273506992
2024-09-05 00:00:00+00:00,3,BEAR,0.9996557013845279,True,35,False,TRANSITION,TRANSITION,0.6,0.5878782448743778237294534989,0.5878782448743778237294534989
2024-09-06 00:00:00+00:00,3,BEAR,0.9999998806060901,True,36,False,TRANSITION,TRANSITION,0.6,0.5780901795730279735550216130,0.5780901795730279735550216130
2024-09-07 00:00:00+00:00,3,BEAR,0.9999498457699953,True,37,False,TRANSITION,TRANSITION,0.6,0.5789827110193518729608622443,0.5789827110193518729608622443
2024-09-08 00:00:00+00:00,3,BEAR,0.9982242640198647,True,38,False,TRANSITION,TRANSITION,0.6,0.5821501022118469972858949725,0.5821501022118469972858949725
2024-09-09 00:00:00+00:00,3,BEAR,0.999989746140093,True,39,False,TRANSITION,TRANSITION,0.6,0.5915624061127173788867522917,0.5915624061127173788867522917
2024-09-10 00:00:00+00:00,3,BEAR,0.9834630482183914,True,40,False,TRANSITION,TRANSITION,0.6,0.5940630024527278366654323937,0.5940630024527278366654323937
2024-09-11 00:00:00+00:00,3,BEAR,0.9970129130598478,True,41,False,TRANSITION,TRANSITION,0.6,0.5928123546306040441393196857,0.5928123546306040441393196857
2024-09-12 00:00:00+00:00,3,BEAR,0.9713534199884601,True,42,False,TRANSITION,TRANSITION,0.6,0.5961291048037940642989393675,0.5961291048037940642989393675
2024-09-13 00:00:00+00:00,3,BEAR,0.9999288707845584,True,43,False,TRANSITION,TRANSITION,0.6,0.95,0.6
2024-09-14 00:00:00+00:00,3,BEAR,0.960513874511771,True,44,False,TRANSITION,TRANSITION,0.6,0.95,0.6
2024-09-15 00:00:00+00:00,3,BEAR,0.8207944280352961,True,45,False,TRANSITION,TRANSITION,0.6,0.5965266487778112991638845845,0.5965266487778112991638845845
2024-09-16 00:00:00+00:00,3,BEAR,0.881345338664515,True,46,False,TRANSITION,TRANSITION,0.6,0.5927551822280833773136294676,0.5927551822280833773136294676
2024-09-17 00:00:00+00:00,3,BEAR,0.9997853570628191,True,47,False,TRANSITION,TRANSITION,0.6,0.95,0.6
2024-09-18 00:00:00+00:00,3,BEAR,0.9998202191480893,True,48,False,TRANSITION,TRANSITION,0.6,0.95,0.6
2024-09-19 00:00:00+00:00,3,BEAR,0.9983373278436805,True,49,False,TRANSITION,TRANSITION,0.6,0.95,0.6
2024-09-20 00:00:00+00:00,3,BEAR,0.9977349712878055,True,50,False,TRANSITION,TRANSITION,0.6,0.95,0.6
2024-09-21 00:00:00+00:00,2,BEAR,0.9955831584176679,True,1,False,TRANSITION,TRANSITION,0.6,0.95,0.6
2024-09-22 00:00:00+00:00,2,BEAR,0.9973173026920927,True,2,False,TRANSITION,TRANSITION,0.6,0.95,0.6
2024-09-23 00:00:00+00:00,2,BEAR,0.9993236625700982,True,3,False,TRANSITION,TRANSITION,0.6,0.95,0.6
2024-09-24 00:00:00+00:00,2,BEAR,0.9997556437717772,True,4,False,TRANSITION,TRANSITION,0.6,0.95,0.6
2024-09-25 00:00:00+00:00,2,BEAR,0.999850897710628,True,5,False,TRANSITION,TRANSITION,0.6,0.95,0.6
2024-09-26 00:00:00+00:00,2,BEAR,0.9999906275641408,True,6,False,BULL_STRUCTURE,TRANSITION,0.6,0.95,0.6
2024-09-27 00:00:00+00:00,2,BEAR,0.9999911213265823,True,7,False,BULL_STRUCTURE,TRANSITION,0.6,0.95,0.6
2024-09-28 00:00:00+00:00,2,BEAR,0.9999938850442567,True,8,False,BULL_STRUCTURE,TRANSITION,0.6,0.95,0.6
2024-09-29 00:00:00+00:00,2,BEAR,0.9999966615797594,True,9,False,BULL_STRUCTURE,TRANSITION,0.6,0.95,0.6
2024-09-30 00:00:00+00:00,2,BEAR,0.9999021147389998,True,10,False,BULL_STRUCTURE,BULL_STRUCTURE,1.0,0.95,0.95
2024-10-01 00:00:00+00:00,2,BEAR,0.994827013586773,True,11,False,BEAR_STRUCTURE,BULL_STRUCTURE,0.3,0.9484932022093863020237840837,0.3
2024-10-02 00:00:00+00:00,2,BEAR,0.997660841914109,True,12,False,BEAR_STRUCTURE,BULL_STRUCTURE,0.3,0.95,0.3
2024-10-03 00:00:00+00:00,2,BEAR,0.9998802680059191,True,13,False,BEAR_STRUCTURE,BULL_STRUCTURE,0.3,0.95,0.3
2024-10-04 00:00:00+00:00,2,BEAR,0.9999952629562688,True,14,False,BEAR_STRUCTURE,BULL_STRUCTURE,0.3,0.95,0.3
2024-10-05 00:00:00+00:00,2,BEAR,0.999999482360315,True,15,False,BEAR_STRUCTURE,BEAR_STRUCTURE,0.3,0.95,0.3
2024-10-06 00:00:00+00:00,2,BEAR,0.9999896850922532,True,16,False,BEAR_STRUCTURE,BEAR_STRUCTURE,0.3,0.95,0.3
2024-10-07 00:00:00+00:00,2,BEAR,0.9999967689252475,True,17,False,BEAR_STRUCTURE,BEAR_STRUCTURE,0.3,0.95,0.3
2024-10-08 00:00:00+00:00,2,BEAR,0.9999998868211215,True,18,False,BEAR_STRUCTURE,BEAR_STRUCTURE,0.3,0.95,0.3
2024-10-09 00:00:00+00:00,2,BEAR,0.999999992021003,True,19,False,BEAR_STRUCTURE,BEAR_STRUCTURE,0.3,0.95,0.3
2024-10-10 00:00:00+00:00,2,BEAR,0.9999999899869181,True,20,False,BEAR_STRUCTURE,BEAR_STRUCTURE,0.3,0.95,0.3
2024-10-11 00:00:00+00:00,2,BEAR,0.9999998665662222,True,21,False,BEAR_STRUCTURE,BEAR_STRUCTURE,0.3,0.95,0.3
2024-10-12 00:00:00+00:00,2,BEAR,0.9999998152507203,True,22,False,BEAR_STRUCTURE,BEAR_STRUCTURE,0.3,0.95,0.3
2024-10-13 00:00:00+00:00,2,BEAR,0.9999998508228711,True,23,False,BEAR_STRUCTURE,BEAR_STRUCTURE,0.3,0.95,0.3
2024-10-14 00:00:00+00:00,2,BEAR,0.9999976984817405,True,24,False,TRANSITION,BEAR_STRUCTURE,0.3,0.95,0.3
2024-10-15 00:00:00+00:00,2,BEAR,0.9999990455125961,True,25,False,TRANSITION,BEAR_STRUCTURE,0.3,0.95,0.3
2024-10-16 00:00:00+00:00,2,BEAR,0.9999950232914818,True,26,False,TRANSITION,BEAR_STRUCTURE,0.3,0.95,0.3
2024-10-17 00:00:00+00:00,2,BEAR,0.9999915781463579,True,27,False,TRANSITION,BEAR_STRUCTURE,0.3,0.95,0.3
2024-10-18 00:00:00+00:00,2,BEAR,0.9999446539855524,True,28,False,TRANSITION,TRANSITION,0.6,0.95,0.6
2024-10-19 00:00:00+00:00,2,BEAR,0.9993852318328679,True,29,False,TRANSITION,TRANSITION,0.6,0.95,0.6
2024-10-20 00:00:00+00:00,2,BEAR,0.9996673673298988,True,30,False,TRANSITION,TRANSITION,0.6,0.95,0.6
2024-10-21 00:00:00+00:00,2,BEAR,0.9999841765881224,True,31,False,TRANSITION,TRANSITION,0.6,0.95,0.6
2024-10-22 00:00:00+00:00,2,BEAR,0.9999932874823307,True,32,False,TRANSITION,TRANSITION,0.6,0.95,0.6
2024-10-23 00:00:00+00:00,2,BEAR,0.9999972180633037,True,33,False,TRANSITION,TRANSITION,0.6,0.95,0.6
2024-10-24 00:00:00+00:00,2,BEAR,0.9999959799009819,True,34,False,TRANSITION,TRANSITION,0.6,0.95,0.6
2024-10-25 00:00:00+00:00,2,BEAR,0.9999731556501243,True,35,False,TRANSITION,TRANSITION,0.6,0.95,0.6
2024-10-26 00:00:00+00:00,2,BEAR,0.9999946296046397,True,36,False,TRANSITION,TRANSITION,0.6,0.95,0.6
2024-10-27 00:00:00+00:00,2,BEAR,0.9999978174047273,True,37,False,TRANSITION,TRANSITION,0.6,0.95,0.6
2024-10-28 00:00:00+00:00,2,BEAR,0.9999764503367187,True,38,False,TRANSITION,TRANSITION,0.6,0.95,0.6
2024-10-29 00:00:00+00:00,2,BEAR,0.9999849566878871,True,39,False,TRANSITION,TRANSITION,0.6,0.95,0.6
2024-10-30 00:00:00+00:00,2,BEAR,0.9996083780527728,True,40,False,TRANSITION,TRANSITION,0.6,0.95,0.6
2024-10-31 00:00:00+00:00,2,BEAR,0.9999453086602061,True,41,False,TRANSITION,TRANSITION,0.6,0.95,0.6
2024-11-01 00:00:00+00:00,2,BEAR,0.9999801367988832,True,42,False,TRANSITION,TRANSITION,0.6,0.95,0.6
2024-11-02 00:00:00+00:00,2,BEAR,0.9999875035503931,True,43,False,TRANSITION,TRANSITION,0.6,0.95,0.6
2024-11-03 00:00:00+00:00,2,BEAR,0.9999679444917244,True,44,False,TRANSITION,TRANSITION,0.6,0.95,0.6
2024-11-04 00:00:00+00:00,2,BEAR,0.9999598236421721,True,45,False,TRANSITION,TRANSITION,0.6,0.95,0.6
2024-11-05 00:00:00+00:00,2,BEAR,0.9999658517072822,True,46,False,TRANSITION,TRANSITION,0.6,0.95,0.6
2024-11-06 00:00:00+00:00,2,BEAR,0.9943462144140875,True,47,False,BULL_STRUCTURE,TRANSITION,0.6,0.95,0.6
2024-11-07 00:00:00+00:00,2,BEAR,0.9966274171559869,True,48,False,BULL_STRUCTURE,TRANSITION,0.6,0.95,0.6
2024-11-08 00:00:00+00:00,2,BEAR,0.9967194535622131,True,49,False,BULL_STRUCTURE,TRANSITION,0.6,0.95,0.6
2024-11-09 00:00:00+00:00,2,BEAR,0.9546599271929948,True,50,False,BULL_STRUCTURE,TRANSITION,0.6,0.95,0.6
2024-11-10 00:00:00+00:00,2,BEAR,0.971081374481517,True,51,False,BULL_STRUCTURE,BULL_STRUCTURE,1.0,0.95,0.95
2024-11-11 00:00:00+00:00,2,BEAR,0.007319050722162044,False,51,False,BULL_STRUCTURE,BULL_STRUCTURE,1.0,0.475,0.475
2024-11-12 00:00:00+00:00,2,BEAR,7.878075921053605e-06,False,51,False,BULL_STRUCTURE,BULL_STRUCTURE,1.0,0.4733310624186133460016725264,0.4733310624186133460016725264
2024-11-13 00:00:00+00:00,3,EUPHORIA,0.9999999964597919,True,3,False,BULL_STRUCTURE,BULL_STRUCTURE,1.0,0.4801108711406661088755841103,0.4801108711406661088755841103
2024-11-14 00:00:00+00:00,3,EUPHORIA,1.0,True,4,False,BULL_STRUCTURE,BULL_STRUCTURE,1.0,0.4715495488878602764127996814,0.4715495488878602764127996814
2024-11-15 00:00:00+00:00,3,EUPHORIA,1.0,True,5,False,BULL_STRUCTURE,BULL_STRUCTURE,1.0,0.4819187510147135695762311040,0.4819187510147135695762311040
2024-11-16 00:00:00+00:00,3,EUPHORIA,0.9999998346097664,True,6,False,BULL_STRUCTURE,BULL_STRUCTURE,1.0,0.4806949570022322671538243271,0.4806949570022322671538243271
2024-11-17 00:00:00+00:00,3,EUPHORIA,0.9999999587830652,True,7,False,BULL_STRUCTURE,BULL_STRUCTURE,1.0,0.4786729151133281367406516625,0.4786729151133281367406516625
2024-11-18 00:00:00+00:00,3,EUPHORIA,0.9999999988599484,True,8,False,BULL_STRUCTURE,BULL_STRUCTURE,1.0,0.4803562301667461854496330927,0.4803562301667461854496330927
2024-11-19 00:00:00+00:00,3,EUPHORIA,0.9997842351761089,True,9,False,BULL_STRUCTURE,BULL_STRUCTURE,1.0,0.4854023062384462857565474006,0.4854023062384462857565474006
2024-11-20 00:00:00+00:00,3,EUPHORIA,0.6456876183493507,True,10,False,BULL_STRUCTURE,BULL_STRUCTURE,1.0,0.4906936363542006571151040345,0.4906936363542006571151040345
2024-11-21 00:00:00+00:00,3,EUPHORIA,0.9940788728845957,True,11,False,BULL_STRUCTURE,BULL_STRUCTURE,1.0,0.5011574386591062997502826502,0.5011574386591062997502826502
2024-11-22 00:00:00+00:00,3,EUPHORIA,0.9707241385701252,True,12,False,BULL_STRUCTURE,BULL_STRUCTURE,1.0,0.5026149600966143794972054617,0.5026149600966143794972054617
2024-11-23 00:00:00+00:00,3,EUPHORIA,0.6077767582747813,True,13,False,BULL_STRUCTURE,BULL_STRUCTURE,1.0,0.4995126531249628159953000104,0.4995126531249628159953000104
2024-11-24 00:00:00+00:00,3,EUPHORIA,0.0024708166506240835,False,13,False,BULL_STRUCTURE,BULL_STRUCTURE,1.0,0.25,0.25
2024-11-25 00:00:00+00:00,3,EUPHORIA,0.9999999999849933,True,14,False,BULL_STRUCTURE,BULL_STRUCTURE,1.0,0.50,0.50
2024-11-26 00:00:00+00:00,3,EUPHORIA,0.9999998948505946,True,15,False,BULL_STRUCTURE,BULL_STRUCTURE,1.0,0.4973438287839706734889189089,0.4973438287839706734889189089
2024-11-27 00:00:00+00:00,3,EUPHORIA,1.0,True,16,False,BULL_STRUCTURE,BULL_STRUCTURE,1.0,0.5077210466628678050005387838,0.5077210466628678050005387838
2024-11-28 00:00:00+00:00,3,EUPHORIA,0.9999999724805096,True,17,False,BULL_STRUCTURE,BULL_STRUCTURE,1.0,0.5071490531724511329952081814,0.5071490531724511329952081814
2024-11-29 00:00:00+00:00,3,EUPHORIA,0.9999999999795364,True,18,False,BULL_STRUCTURE,BULL_STRUCTURE,1.0,0.5118496415103531518502834823,0.5118496415103531518502834823
2024-11-30 00:00:00+00:00,3,EUPHORIA,0.03296085114159247,False,18,False,BULL_STRUCTURE,BULL_STRUCTURE,1.0,0.25,0.25
2024-12-01 00:00:00+00:00,3,EUPHORIA,0.022113168020779818,False,18,False,BULL_STRUCTURE,BULL_STRUCTURE,1.0,0.2515919428459319055529133681,0.2515919428459319055529133681
2024-12-02 00:00:00+00:00,3,EUPHORIA,0.9180404386623988,True,19,False,BULL_STRUCTURE,BULL_STRUCTURE,1.0,0.50,0.50
2024-12-03 00:00:00+00:00,3,EUPHORIA,0.9314038745108393,True,20,False,BULL_STRUCTURE,BULL_STRUCTURE,1.0,0.5001866558552343345822641193,0.5001866558552343345822641193
2024-12-04 00:00:00+00:00,3,EUPHORIA,0.9261858794420997,True,21,False,BULL_STRUCTURE,BULL_STRUCTURE,1.0,0.5072265070367910655818600367,0.5072265070367910655818600367
2024-12-05 00:00:00+00:00,3,EUPHORIA,0.9999959306092969,True,22,False,BULL_STRUCTURE,BULL_STRUCTURE,1.0,0.5030288864695461894784629377,0.5030288864695461894784629377
2024-12-06 00:00:00+00:00,3,EUPHORIA,0.9886313389378463,True,23,False,BULL_STRUCTURE,BULL_STRUCTURE,1.0,0.5101337646420108332799408169,0.5101337646420108332799408169
2024-12-07 00:00:00+00:00,3,EUPHORIA,0.9958500864594734,True,24,False,BULL_STRUCTURE,BULL_STRUCTURE,1.0,0.5103620314723977123715413689,0.5103620314723977123715413689
2024-12-08 00:00:00+00:00,3,EUPHORIA,0.9972653274787824,True,25,False,BULL_STRUCTURE,BULL_STRUCTURE,1.0,0.5135392808978732799346410315,0.5135392808978732799346410315
2024-12-09 00:00:00+00:00,3,EUPHORIA,0.9992732713265398,True,26,False,BULL_STRUCTURE,BULL_STRUCTURE,1.0,0.5038805517680791949459293451,0.5038805517680791949459293451
2024-12-10 00:00:00+00:00,3,EUPHORIA,0.9992953858101675,True,27,False,BULL_STRUCTURE,BULL_STRUCTURE,1.0,0.5021179030868691158558182922,0.5021179030868691158558182922
2024-12-11 00:00:00+00:00,3,EUPHORIA,0.9999909466351348,True,28,False,BULL_STRUCTURE,BULL_STRUCTURE,1.0,0.5135773522012730642159205905,0.5135773522012730642159205905
2024-12-12 00:00:00+00:00,3,EUPHORIA,0.9770539521987938,True,29,False,BULL_STRUCTURE,BULL_STRUCTURE,1.0,0.5107929415205572254910689990,0.5107929415205572254910689990
2024-12-13 00:00:00+00:00,3,EUPHORIA,0.9997551891010977,True,30,False,BULL_STRUCTURE,BULL_STRUCTURE,1.0,0.5143154871077384244319751487,0.5143154871077384244319751487
2024-12-14 00:00:00+00:00,3,EUPHORIA,0.48231033427786063,False,30,False,BULL_STRUCTURE,BULL_STRUCTURE,1.0,0.25,0.25
2024-12-15 00:00:00+00:00,3,EUPHORIA,0.9987347762101283,True,31,False,BULL_STRUCTURE,BULL_STRUCTURE,1.0,0.2556720129845153395988475336,0.2556720129845153395988475336
2024-12-16 00:00:00+00:00,3,EUPHORIA,0.9989017911292032,True,32,False,BULL_STRUCTURE,BULL_STRUCTURE,1.0,0.2585657565681121570900321076,0.2585657565681121570900321076
2024-12-17 00:00:00+00:00,3,EUPHORIA,0.9968672977481468,True,33,False,BULL_STRUCTURE,BULL_STRUCTURE,1.0,0.2587014448333203431365980341,0.2587014448333203431365980341
2024-12-18 00:00:00+00:00,3,EUPHORIA,0.9999510595369439,True,34,False,BULL_STRUCTURE,BULL_STRUCTURE,1.0,0.50,0.50
2024-12-19 00:00:00+00:00,3,EUPHORIA,0.9998870093579154,True,35,False,BULL_STRUCTURE,BULL_STRUCTURE,1.0,0.4932262411095606733155611405,0.4932262411095606733155611405
2024-12-20 00:00:00+00:00,3,EUPHORIA,0.9984385296937378,True,36,False,BULL_STRUCTURE,BULL_STRUCTURE,1.0,0.4941058690085835918556732786,0.4941058690085835918556732786
2024-12-21 00:00:00+00:00,3,EUPHORIA,0.9996066595469734,True,37,False,BULL_STRUCTURE,BULL_STRUCTURE,1.0,0.4927902116909242135846179086,0.4927902116909242135846179086
2024-12-22 00:00:00+00:00,3,EUPHORIA,0.9974158690444269,True,38,False,BULL_STRUCTURE,BULL_STRUCTURE,1.0,0.4873221912703191902044945307,0.4873221912703191902044945307
2024-12-23 00:00:00+00:00,3,EUPHORIA,0.5794520155053166,True,39,False,BULL_STRUCTURE,BULL_STRUCTURE,1.0,0.4865209199531410045120399181,0.4865209199531410045120399181
2024-12-24 00:00:00+00:00,3,EUPHORIA,0.3017196972445324,False,39,False,BULL_STRUCTURE,BULL_STRUCTURE,1.0,0.4962895846168529819247151122,0.4962895846168529819247151122
2024-12-25 00:00:00+00:00,3,EUPHORIA,0.009441491421636396,False,39,False,BULL_STRUCTURE,BULL_STRUCTURE,1.0,0.4982230176544535513869340373,0.4982230176544535513869340373
2024-12-26 00:00:00+00:00,3,EUPHORIA,0.0007000492434821686,False,39,False,BULL_STRUCTURE,BULL_STRUCTURE,1.0,0.4889061168076458156111163840,0.4889061168076458156111163840
2024-12-27 00:00:00+00:00,3,EUPHORIA,6.791247496685505e-05,False,39,False,BULL_STRUCTURE,BULL_STRUCTURE,1.0,0.4849827899285644582396788563,0.4849827899285644582396788563
2024-12-28 00:00:00+00:00,3,EUPHORIA,0.0007113088161341462,False,39,False,BULL_STRUCTURE,BULL_STRUCTURE,1.0,0.4876205293153133924876280276,0.4876205293153133924876280276
2024-12-29 00:00:00+00:00,3,EUPHORIA,4.399810014983035e-06,False,39,False,BULL_STRUCTURE,BULL_STRUCTURE,1.0,0.4834929947819375111971848519,0.4834929947819375111971848519
2024-12-30 00:00:00+00:00,4,CRASH,0.999449446614688,True,3,False,BULL_STRUCTURE,BULL_STRUCTURE,1.0,0.4809599993958305370237110316,0.4809599993958305370237110316
2024-12-31 00:00:00+00:00,4,CRASH,0.9964902749806664,True,4,False,BULL_STRUCTURE,BULL_STRUCTURE,1.0,0.95,0.95
2025-01-01 00:00:00+00:00,4,CRASH,0.9954537236094163,True,5,False,BULL_STRUCTURE,BULL_STRUCTURE,1.0,0.9510817742763350959062067469,0.9510817742763350959062067469
2025-01-02 00:00:00+00:00,4,CRASH,0.9947733638330907,True,6,False,BULL_STRUCTURE,BULL_STRUCTURE,1.0,0.9522311238469065113319813974,0.9522311238469065113319813974
2025-01-03 00:00:00+00:00,4,CRASH,0.9980080392533015,True,7,False,BULL_STRUCTURE,BULL_STRUCTURE,1.0,0.9527825226336596065536451153,0.9527825226336596065536451153
2025-01-04 00:00:00+00:00,4,CRASH,0.9964750867812695,True,8,False,BULL_STRUCTURE,BULL_STRUCTURE,1.0,0.9528037390800202494988000713,0.9528037390800202494988000713
2025-01-05 00:00:00+00:00,4,CRASH,0.9813828132098213,True,9,False,BULL_STRUCTURE,BULL_STRUCTURE,1.0,0.9528691690002901908340694883,0.9528691690002901908340694883
2025-01-06 00:00:00+00:00,4,CRASH,0.9225010621178495,True,10,False,BULL_STRUCTURE,BULL_STRUCTURE,1.0,0.9545730778389676441113961947,0.9545730778389676441113961947
2025-01-07 00:00:00+00:00,4,CRASH,0.0116608307593212,False,10,False,BULL_STRUCTURE,BULL_STRUCTURE,1.0,0.475,0.475
2025-01-08 00:00:00+00:00,4,CRASH,7.025175731143532e-07,False,10,False,BULL_STRUCTURE,BULL_STRUCTURE,1.0,0.4703762447317892153391457514,0.4703762447317892153391457514
2025-01-09 00:00:00+00:00,2,BEAR,0.9999906398362927,True,3,False,BULL_STRUCTURE,BULL_STRUCTURE,1.0,0.95,0.95
2025-01-10 00:00:00+00:00,2,BEAR,0.9999485272984152,True,4,False,BULL_STRUCTURE,BULL_STRUCTURE,1.0,0.9516783586587315800356729622,0.9516783586587315800356729622
2025-01-11 00:00:00+00:00,2,BEAR,0.99998718106357,True,5,False,BULL_STRUCTURE,BULL_STRUCTURE,1.0,0.9516170535361188746597619761,0.9516170535361188746597619761
2025-01-12 00:00:00+00:00,2,BEAR,0.9999054173916684,True,6,False,BULL_STRUCTURE,BULL_STRUCTURE,1.0,0.9515903041956573261125727199,0.9515903041956573261125727199
2025-01-13 00:00:00+00:00,2,BEAR,0.9999582931703159,True,7,False,BULL_STRUCTURE,BULL_STRUCTURE,1.0,0.9515859381256297354673658661,0.9515859381256297354673658661
2025-01-14 00:00:00+00:00,2,BEAR,0.9998007011847334,True,8,False,BULL_STRUCTURE,BULL_STRUCTURE,1.0,0.9525529528256181342892338833,0.9525529528256181342892338833
2025-01-15 00:00:00+00:00,2,BEAR,0.999953370946836,True,9,False,BULL_STRUCTURE,BULL_STRUCTURE,1.0,0.9543265735272166865157869221,0.9543265735272166865157869221
2025-01-16 00:00:00+00:00,2,BEAR,0.9999932283164613,True,10,False,BULL_STRUCTURE,BULL_STRUCTURE,1.0,0.9541042797277939981380303791,0.9541042797277939981380303791
2025-01-17 00:00:00+00:00,2,BEAR,0.999951158737502,True,11,False,BULL_STRUCTURE,BULL_STRUCTURE,1.0,0.9558282815439253320431576775,0.9558282815439253320431576775
2025-01-18 00:00:00+00:00,2,BEAR,0.9999501175870847,True,12,False,BULL_STRUCTURE,BULL_STRUCTURE,1.0,0.9560216434379023771351569019,0.9560216434379023771351569019
2025-01-19 00:00:00+00:00,2,BEAR,0.9999430360521415,True,13,False,BULL_STRUCTURE,BULL_STRUCTURE,1.0,0.9546855448596327646265052943,0.9546855448596327646265052943
2025-01-20 00:00:00+00:00,2,BEAR,0.9999897522340997,True,14,False,BULL_STRUCTURE,BULL_STRUCTURE,1.0,0.9550784826831444963796300186,0.9550784826831444963796300186
2025-01-21 00:00:00+00:00,2,BEAR,0.9999278857709412,True,15,False,BULL_STRUCTURE,BULL_STRUCTURE,1.0,0.9566509121335124804417620897,0.9566509121335124804417620897
2025-01-22 00:00:00+00:00,2,BEAR,0.9975146772563604,True,16,False,BULL_STRUCTURE,BULL_STRUCTURE,1.0,0.9556773388538920683190924857,0.9556773388538920683190924857
2025-01-23 00:00:00+00:00,2,BEAR,0.999104627957511,True,17,False,BULL_STRUCTURE,BULL_STRUCTURE,1.0,0.9557603744808184095527858496,0.9557603744808184095527858496
2025-01-24 00:00:00+00:00,2,BEAR,0.9994898028183075,True,18,False,BULL_STRUCTURE,BULL_STRUCTURE,1.0,0.9561476559146576458520053172,0.9561476559146576458520053172
2025-01-25 00:00:00+00:00,2,BEAR,0.9997982819665262,True,19,False,BULL_STRUCTURE,BULL_STRUCTURE,1.0,0.9560981623828429215247964914,0.9560981623828429215247964914
2025-01-26 00:00:00+00:00,2,BEAR,0.9999859515119177,True,20,False,BULL_STRUCTURE,BULL_STRUCTURE,1.0,0.9552290117424891967658004173,0.9552290117424891967658004173
2025-01-27 00:00:00+00:00,2,BEAR,0.9999998218536507,True,21,False,BULL_STRUCTURE,BULL_STRUCTURE,1.0,0.9550040229262222651771905886,0.9550040229262222651771905886
2025-01-28 00:00:00+00:00,2,BEAR,0.9999999351721293,True,22,False,BULL_STRUCTURE,BULL_STRUCTURE,1.0,0.9546872311535428496101338274,0.9546872311535428496101338274
2025-01-29 00:00:00+00:00,2,BEAR,0.9999999653200581,True,23,False,BULL_STRUCTURE,BULL_STRUCTURE,1.0,0.9556881925855930000108171911,0.9556881925855930000108171911
2025-01-30 00:00:00+00:00,2,BEAR,0.9999999969818418,True,24,False,BULL_STRUCTURE,BULL_STRUCTURE,1.0,0.9560885790057057234538794040,0.9560885790057057234538794040
2025-01-31 00:00:00+00:00,2,BEAR,0.9999999767496777,True,25,False,BULL_STRUCTURE,BULL_STRUCTURE,1.0,0.9551495055598896340790113944,0.9551495055598896340790113944
2025-02-01 00:00:00+00:00,2,BEAR,0.9999999510919236,True,26,False,BULL_STRUCTURE,BULL_STRUCTURE,1.0,0.9543864778545216530633985468,0.9543864778545216530633985468
2025-02-02 00:00:00+00:00,2,BEAR,0.9999939899238214,True,27,False,BULL_STRUCTURE,BULL_STRUCTURE,1.0,0.9530804784466016085705572877,0.9530804784466016085705572877
2025-02-03 00:00:00+00:00,2,BEAR,0.9999973677739118,True,28,False,BULL_STRUCTURE,BULL_STRUCTURE,1.0,0.9546842426987141860430171720,0.9546842426987141860430171720
2025-02-04 00:00:00+00:00,2,BEAR,0.9996357279574886,True,29,False,BULL_STRUCTURE,BULL_STRUCTURE,1.0,0.9531090858845028963737789961,0.9531090858845028963737789961
2025-02-05 00:00:00+00:00,2,BEAR,0.9996016067997091,True,30,False,BULL_STRUCTURE,BULL_STRUCTURE,1.0,0.9525770781656024913074085690,0.9525770781656024913074085690
2025-02-06 00:00:00+00:00,2,BEAR,0.9999853267489616,True,31,False,BULL_STRUCTURE,BULL_STRUCTURE,1.0,0.9525499055897474032658155046,0.9525499055897474032658155046
2025-02-07 00:00:00+00:00,2,BEAR,0.9999085267602658,True,32,False,BULL_STRUCTURE,BULL_STRUCTURE,1.0,0.9525276362535548011749088636,0.9525276362535548011749088636
2025-02-08 00:00:00+00:00,2,BEAR,0.9992856626466922,True,33,False,BULL_STRUCTURE,BULL_STRUCTURE,1.0,0.9524985399110791460760744245,0.9524985399110791460760744245
2025-02-09 00:00:00+00:00,2,BEAR,0.9991039593534476,True,34,False,BULL_STRUCTURE,BULL_STRUCTURE,1.0,0.9525069874305868090770212666,0.9525069874305868090770212666
2025-02-10 00:00:00+00:00,2,BEAR,0.9994164739847684,True,35,False,BULL_STRUCTURE,BULL_STRUCTURE,1.0,0.9529566774825215960280666285,0.9529566774825215960280666285
2025-02-11 00:00:00+00:00,2,BEAR,0.9999028770381398,True,36,False,BULL_STRUCTURE,BULL_STRUCTURE,1.0,0.9521837742975442782216840870,0.9521837742975442782216840870
2025-02-12 00:00:00+00:00,2,BEAR,0.9989630719063082,True,37,False,BULL_STRUCTURE,BULL_STRUCTURE,1.0,0.9531578858112823358219012880,0.9531578858112823358219012880
2025-02-13 00:00:00+00:00,2,BEAR,0.9987193814528226,True,38,False,BULL_STRUCTURE,BULL_STRUCTURE,1.0,0.9525750721648474887728267021,0.9525750721648474887728267021
2025-02-14 00:00:00+00:00,2,BEAR,0.9955195045514817,True,39,False,BULL_STRUCTURE,BULL_STRUCTURE,1.0,0.9529887078895832399054512561,0.9529887078895832399054512561
2025-02-15 00:00:00+00:00,2,BEAR,0.9960502614891723,True,40,False,BULL_STRUCTURE,BULL_STRUCTURE,1.0,0.9530204744493949777327604476,0.9530204744493949777327604476
2025-02-16 00:00:00+00:00,2,BEAR,0.9961055379708628,True,41,False,BULL_STRUCTURE,BULL_STRUCTURE,1.0,0.9523448169687933172188106908,0.9523448169687933172188106908
2025-02-17 00:00:00+00:00,2,BEAR,0.9516303414585963,True,42,False,BULL_STRUCTURE,BULL_STRUCTURE,1.0,0.9521846299435592753287668362,0.9521846299435592753287668362
2025-02-18 00:00:00+00:00,2,BEAR,0.9351892417034304,True,43,False,BULL_STRUCTURE,BULL_STRUCTURE,1.0,0.9521331130650449861184822808,0.9521331130650449861184822808
2025-02-19 00:00:00+00:00,2,BEAR,0.978824082240612,True,44,False,BULL_STRUCTURE,BULL_STRUCTURE,1.0,0.9525920079520026898520233165,0.9525920079520026898520233165
2025-02-20 00:00:00+00:00,2,BEAR,0.9941277226745503,True,45,False,BULL_STRUCTURE,BULL_STRUCTURE,1.0,0.9533554985773881387213343648,0.9533554985773881387213343648
2025-02-21 00:00:00+00:00,2,BEAR,0.9981053949741574,True,46,False,BULL_STRUCTURE,BULL_STRUCTURE,1.0,0.9523749507275439450112811719,0.9523749507275439450112811719
2025-02-22 00:00:00+00:00,2,BEAR,0.998379063622296,True,47,False,BULL_STRUCTURE,BULL_STRUCTURE,1.0,0.9525483420326260675337438372,0.9525483420326260675337438372
2025-02-23 00:00:00+00:00,2,BEAR,0.9914592733730238,True,48,False,BULL_STRUCTURE,BULL_STRUCTURE,1.0,0.9524107728049906640057561841,0.9524107728049906640057561841
2025-02-24 00:00:00+00:00,2,BEAR,0.926458864997249,True,49,False,BULL_STRUCTURE,BULL_STRUCTURE,1.0,0.9500871224590908513368708533,0.9500871224590908513368708533
2025-02-25 00:00:00+00:00,2,BEAR,0.9999020447943383,True,50,False,BULL_STRUCTURE,BULL_STRUCTURE,1.0,0.9485535516515420062372674205,0.9485535516515420062372674205
2025-02-26 00:00:00+00:00,2,BEAR,0.9999852168777081,True,51,False,BULL_STRUCTURE,BULL_STRUCTURE,1.0,0.9459943313353134848691465568,0.9459943313353134848691465568
2025-02-27 00:00:00+00:00,2,BEAR,0.9998278310102442,True,52,False,BULL_STRUCTURE,BULL_STRUCTURE,1.0,0.9462709346081636397345659066,0.9462709346081636397345659066
2025-02-28 00:00:00+00:00,2,BEAR,0.9999568870942975,True,53,False,BULL_STRUCTURE,BULL_STRUCTURE,1.0,0.9460548123318018325036933930,0.9460548123318018325036933930
2025-03-01 00:00:00+00:00,2,BEAR,0.9833170217467191,True,54,False,BULL_STRUCTURE,BULL_STRUCTURE,1.0,0.9470726349121917565332423101,0.9470726349121917565332423101
2025-03-02 00:00:00+00:00,2,BEAR,0.00014713754312277788,False,54,False,BULL_STRUCTURE,BULL_STRUCTURE,1.0,0.475,0.475
2025-03-03 00:00:00+00:00,2,BEAR,1.2237816614889598e-14,False,54,False,BULL_STRUCTURE,BULL_STRUCTURE,1.0,0.4530981565462451214420782755,0.4530981565462451214420782755
2025-03-04 00:00:00+00:00,3,EUPHORIA,1.0,True,3,False,BULL_STRUCTURE,BULL_STRUCTURE,1.0,0.4561316412210937188005618653,0.4561316412210937188005618653
2025-03-05 00:00:00+00:00,3,EUPHORIA,1.0,True,4,False,BULL_STRUCTURE,BULL_STRUCTURE,1.0,0.4654179877579716726443318548,0.4654179877579716726443318548
2025-03-06 00:00:00+00:00,3,EUPHORIA,1.0,True,5,False,BULL_STRUCTURE,BULL_STRUCTURE,1.0,0.4635604220608803818153154589,0.4635604220608803818153154589
2025-03-07 00:00:00+00:00,3,EUPHORIA,1.0,True,6,False,BULL_STRUCTURE,BULL_STRUCTURE,1.0,0.4547632824145963632553837836,0.4547632824145963632553837836
2025-03-08 00:00:00+00:00,3,EUPHORIA,0.9999995156905506,True,7,False,BULL_STRUCTURE,BULL_STRUCTURE,1.0,0.4531034447017185046973044976,0.4531034447017185046973044976
2025-03-09 00:00:00+00:00,3,EUPHORIA,0.9999999998590283,True,8,False,TRANSITION,BULL_STRUCTURE,0.6,0.4368624769301439623599140527,0.4368624769301439623599140527
2025-03-10 00:00:00+00:00,3,EUPHORIA,0.9999955040049033,True,9,False,TRANSITION,BULL_STRUCTURE,0.6,0.4302697229707246977291491677,0.4302697229707246977291491677
2025-03-11 00:00:00+00:00,3,EUPHORIA,0.9999999948267941,True,10,False,TRANSITION,BULL_STRUCTURE,0.6,0.4434833403215350287350128190,0.4434833403215350287350128190
2025-03-12 00:00:00+00:00,3,EUPHORIA,0.9999970005237138,True,11,False,TRANSITION,BULL_STRUCTURE,0.6,0.4456979269061124468408609164,0.4456979269061124468408609164
2025-03-13 00:00:00+00:00,3,EUPHORIA,0.999999462130435,True,12,False,TRANSITION,TRANSITION,0.6,0.4380223151861173085744632733,0.4380223151861173085744632733
2025-03-14 00:00:00+00:00,3,EUPHORIA,0.9999985535443104,True,13,False,TRANSITION,TRANSITION,0.6,0.4465912768177502504050592642,0.4465912768177502504050592642
2025-03-15 00:00:00+00:00,3,EUPHORIA,0.9999997349505416,True,14,False,TRANSITION,TRANSITION,0.6,0.4476347133940280144530938399,0.4476347133940280144530938399
2025-03-16 00:00:00+00:00,3,EUPHORIA,0.9999980850207212,True,15,False,TRANSITION,TRANSITION,0.6,0.4424145263113115194273342846,0.4424145263113115194273342846
2025-03-17 00:00:00+00:00,3,EUPHORIA,0.9999999734563975,True,16,False,TRANSITION,TRANSITION,0.6,0.4466702214367868279050047456,0.4466702214367868279050047456
2025-03-18 00:00:00+00:00,3,EUPHORIA,0.9996871710913052,True,17,False,TRANSITION,TRANSITION,0.6,0.4428339415870900564029114410,0.4428339415870900564029114410
2025-03-19 00:00:00+00:00,3,EUPHORIA,0.9999999473593575,True,18,False,BULL_STRUCTURE,TRANSITION,0.6,0.4548894841924948240992078536,0.4548894841924948240992078536
2025-03-20 00:00:00+00:00,3,EUPHORIA,0.9999999940391717,True,19,False,BULL_STRUCTURE,TRANSITION,0.6,0.4472972112988370433684779581,0.4472972112988370433684779581
2025-03-21 00:00:00+00:00,3,EUPHORIA,0.9999999905812729,True,20,False,BULL_STRUCTURE,TRANSITION,0.6,0.4469018348919391510283445012,0.4469018348919391510283445012
2025-03-22 00:00:00+00:00,0,NEUTRAL,1.0,True,1,False,BULL_STRUCTURE,TRANSITION,0.6,0.4461712826414567806522410846,0.4461712826414567806522410846
2025-03-23 00:00:00+00:00,0,NEUTRAL,0.9973904077365527,True,2,False,BULL_STRUCTURE,BULL_STRUCTURE,1.0,0.4527009366127945383877019071,0.4527009366127945383877019071
2025-03-24 00:00:00+00:00,0,NEUTRAL,0.9999793400276376,True,3,False,BULL_STRUCTURE,BULL_STRUCTURE,1.0,0.4567453813917643635100355688,0.4567453813917643635100355688
2025-03-25 00:00:00+00:00,0,NEUTRAL,0.9989676210332705,True,4,False,BULL_STRUCTURE,BULL_STRUCTURE,1.0,0.4564466336992442687491376796,0.4564466336992442687491376796
2025-03-26 00:00:00+00:00,0,NEUTRAL,0.9887763850171306,True,5,False,BULL_STRUCTURE,BULL_STRUCTURE,1.0,0.4550699605461970611471124672,0.4550699605461970611471124672
2025-03-27 00:00:00+00:00,0,NEUTRAL,0.7996521145879523,True,6,False,BULL_STRUCTURE,BULL_STRUCTURE,1.0,0.4559895778292652487995617464,0.4559895778292652487995617464
2025-03-28 00:00:00+00:00,0,NEUTRAL,0.10847252365453194,False,6,False,BULL_STRUCTURE,BULL_STRUCTURE,1.0,0.4478865517464555279011528647,0.4478865517464555279011528647
2025-03-29 00:00:00+00:00,0,NEUTRAL,0.0001115479391981325,False,6,False,TRANSITION,BULL_STRUCTURE,0.6,0.4426355368317231472606666856,0.4426355368317231472606666856
2025-03-30 00:00:00+00:00,1,BEAR,0.5674160018616662,True,3,False,TRANSITION,BULL_STRUCTURE,0.6,0.4418626841937828844462756802,0.4418626841937828844462756802
2025-03-31 00:00:00+00:00,1,BEAR,0.01618384136345557,False,3,False,TRANSITION,BULL_STRUCTURE,0.6,0.4423412654125005601659892242,0.4423412654125005601659892242
2025-04-01 00:00:00+00:00,1,BEAR,0.00509847635181739,False,3,False,TRANSITION,BULL_STRUCTURE,0.6,0.4500280271596585678696729124,0.4500280271596585678696729124
2025-04-02 00:00:00+00:00,4,BULL,0.977856777651924,True,3,False,TRANSITION,TRANSITION,0.6,0.95,0.6
2025-04-03 00:00:00+00:00,4,BULL,0.9938938415698806,True,4,False,TRANSITION,TRANSITION,0.6,0.95,0.6
2025-04-04 00:00:00+00:00,4,BULL,0.9989824824816677,True,5,False,TRANSITION,TRANSITION,0.6,0.95,0.6
2025-04-05 00:00:00+00:00,4,BULL,0.9598892488634168,True,6,False,TRANSITION,TRANSITION,0.6,0.95,0.6
2025-04-06 00:00:00+00:00,4,BULL,0.02580955066215435,False,6,False,TRANSITION,TRANSITION,0.6,0.5847659943416532951968083228,0.5847659943416532951968083228
2025-04-07 00:00:00+00:00,4,BULL,0.14585975715360328,False,6,False,TRANSITION,TRANSITION,0.6,0.5870237199087904384420382107,0.5870237199087904384420382107
2025-04-08 00:00:00+00:00,4,BULL,0.00033959326844353277,False,6,False,TRANSITION,TRANSITION,0.6,0.5781368797940086074064618129,0.5781368797940086074064618129
2025-04-09 00:00:00+00:00,4,BULL,4.389079755683009e-12,False,6,False,TRANSITION,TRANSITION,0.6,0.5973311036414825619254115202,0.5973311036414825619254115202
2025-04-10 00:00:00+00:00,1,BEAR,0.9999768657332704,True,3,False,TRANSITION,TRANSITION,0.6,0.5883791312927213409482689904,0.5883791312927213409482689904
2025-04-11 00:00:00+00:00,1,BEAR,0.9999996191509851,True,4,False,TRANSITION,TRANSITION,0.6,0.5996716427325535463693034168,0.5996716427325535463693034168
2025-04-12 00:00:00+00:00,1,BEAR,0.9999956628710982,True,5,False,TRANSITION,TRANSITION,0.6,0.6049340256267182364022593659,0.6
2025-04-13 00:00:00+00:00,1,BEAR,0.9999962181417349,True,6,False,TRANSITION,TRANSITION,0.6,0.5956874897544751843927560669,0.5956874897544751843927560669
2025-04-14 00:00:00+00:00,1,BEAR,0.9984267193927211,True,7,False,TRANSITION,TRANSITION,0.6,0.5980645607165636292449516897,0.5980645607165636292449516897
2025-04-15 00:00:00+00:00,1,BEAR,0.9998176106403972,True,8,False,TRANSITION,TRANSITION,0.6,0.5953536386040727686596362498,0.5953536386040727686596362498
2025-04-16 00:00:00+00:00,1,BEAR,0.9973124875212079,True,9,False,TRANSITION,TRANSITION,0.6,0.5964634496065879502111158112,0.5964634496065879502111158112
2025-04-17 00:00:00+00:00,1,BEAR,0.9403352156573802,True,10,False,TRANSITION,TRANSITION,0.6,0.5990745968112905858058895626,0.5990745968112905858058895626
2025-04-18 00:00:00+00:00,1,BEAR,0.7324840594118056,True,11,False,TRANSITION,TRANSITION,0.6,0.5977321204311804302925406043,0.5977321204311804302925406043
2025-04-19 00:00:00+00:00,1,BEAR,0.21000315601003985,False,11,False,TRANSITION,TRANSITION,0.6,0.25,0.25
2025-04-20 00:00:00+00:00,1,BEAR,0.0164439111513875,False,11,False,TRANSITION,TRANSITION,0.6,0.2503385981293220984510648076,0.2503385981293220984510648076
2025-04-21 00:00:00+00:00,4,BULL,0.9948027479216225,True,3,False,TRANSITION,TRANSITION,0.6,0.95,0.6
2025-04-22 00:00:00+00:00,4,BULL,0.03777304734958102,False,3,False,BULL_STRUCTURE,TRANSITION,0.6,0.6158837141887316399719238918,0.6
2025-04-23 00:00:00+00:00,4,BULL,1.2344404153015163e-08,False,3,False,BULL_STRUCTURE,TRANSITION,0.6,0.6006482370221373482167320473,0.6
2025-04-24 00:00:00+00:00,4,BULL,1.3195978941421592e-10,False,3,False,BULL_STRUCTURE,TRANSITION,0.6,0.6007404453084263516761169268,0.6
2025-04-25 00:00:00+00:00,1,BEAR,0.978262432170289,True,3,False,BULL_STRUCTURE,TRANSITION,0.6,0.6016743696407218568560033810,0.6
2025-04-26 00:00:00+00:00,1,BEAR,0.999213022405512,True,4,False,BULL_STRUCTURE,BULL_STRUCTURE,1.0,0.5999741659539627834784725320,0.5999741659539627834784725320
2025-04-27 00:00:00+00:00,1,BEAR,0.9947547578181068,True,5,False,BULL_STRUCTURE,BULL_STRUCTURE,1.0,0.5977330316231504833836531562,0.5977330316231504833836531562
2025-04-28 00:00:00+00:00,1,BEAR,0.5922200122565948,True,6,False,BULL_STRUCTURE,BULL_STRUCTURE,1.0,0.6009436706700000881894907167,0.6009436706700000881894907167
2025-04-29 00:00:00+00:00,1,BEAR,0.011964822587909582,False,6,False,BULL_STRUCTURE,BULL_STRUCTURE,1.0,0.25,0.25
2025-04-30 00:00:00+00:00,1,BEAR,4.321983701839517e-06,False,6,False,BULL_STRUCTURE,BULL_STRUCTURE,1.0,0.2499436285200640845764062313,0.2499436285200640845764062313
2025-05-01 00:00:00+00:00,4,BULL,0.9998933567869186,True,3,False,BULL_STRUCTURE,BULL_STRUCTURE,1.0,0.95,0.95
2025-05-02 00:00:00+00:00,4,BULL,0.9999905673497913,True,4,False,BULL_STRUCTURE,BULL_STRUCTURE,1.0,0.9510511891992596077416820310,0.9510511891992596077416820310
2025-05-03 00:00:00+00:00,4,BULL,0.9999052548494307,True,5,False,BULL_STRUCTURE,BULL_STRUCTURE,1.0,0.9505508817005633946051383981,0.9505508817005633946051383981
2025-05-04 00:00:00+00:00,4,BULL,0.999807944487671,True,6,False,BULL_STRUCTURE,BULL_STRUCTURE,1.0,0.9497643921751959274041477375,0.9497643921751959274041477375
2025-05-05 00:00:00+00:00,4,BULL,0.999695209276758,True,7,False,BULL_STRUCTURE,BULL_STRUCTURE,1.0,0.9499941393408185903224858432,0.9499941393408185903224858432
2025-05-06 00:00:00+00:00,4,BULL,0.9995095958124354,True,8,False,BULL_STRUCTURE,BULL_STRUCTURE,1.0,0.9510256525164930875873973057,0.9510256525164930875873973057
2025-05-07 00:00:00+00:00,4,BULL,0.9994431844948113,True,9,False,BULL_STRUCTURE,BULL_STRUCTURE,1.0,0.9511199747423726743589771723,0.9511199747423726743589771723
2025-05-08 00:00:00+00:00,4,BULL,0.9990084703777155,True,10,False,BULL_STRUCTURE,BULL_STRUCTURE,1.0,0.9539336596816415061279881146,0.9539336596816415061279881146
2025-05-09 00:00:00+00:00,4,BULL,0.9778513646043004,True,11,False,BULL_STRUCTURE,BULL_STRUCTURE,1.0,0.9538100819929714795480505110,0.9538100819929714795480505110
2025-05-10 00:00:00+00:00,4,BULL,0.0005477579750285623,False,11,False,BULL_STRUCTURE,BULL_STRUCTURE,1.0,0.475,0.475
2025-05-11 00:00:00+00:00,4,BULL,4.793601790251018e-07,False,11,False,BULL_STRUCTURE,BULL_STRUCTURE,1.0,0.4736455381040195286167234168,0.4736455381040195286167234168
2025-05-12 00:00:00+00:00,4,BULL,0.9999992911168886,True,12,False,BULL_STRUCTURE,BULL_STRUCTURE,1.0,0.95,0.95
2025-05-13 00:00:00+00:00,4,BULL,0.999851012727282,True,13,False,BULL_STRUCTURE,BULL_STRUCTURE,1.0,0.9511838641932295387048402937,0.9511838641932295387048402937
2025-05-14 00:00:00+00:00,4,BULL,0.9905095353920605,True,14,False,BULL_STRUCTURE,BULL_STRUCTURE,1.0,0.9509166213641327086619762201,0.9509166213641327086619762201
2025-05-15 00:00:00+00:00,4,BULL,0.10678312788629328,False,14,False,BULL_STRUCTURE,BULL_STRUCTURE,1.0,0.475,0.475
2025-05-16 00:00:00+00:00,4,BULL,0.005852637215417768,False,14,False,BULL_STRUCTURE,BULL_STRUCTURE,1.0,0.4745723568069085822761316351,0.4745723568069085822761316351
2025-05-17 00:00:00+00:00,3,EUPHORIA,0.9271865661800114,True,3,False,BULL_STRUCTURE,BULL_STRUCTURE,1.0,0.4737583073251512179682716907,0.4737583073251512179682716907
2025-05-18 00:00:00+00:00,3,EUPHORIA,0.8959324204665083,True,4,False,BULL_STRUCTURE,BULL_STRUCTURE,1.0,0.4816817666998871936265535600,0.4816817666998871936265535600
2025-05-19 00:00:00+00:00,3,EUPHORIA,0.16602609040313293,False,4,False,BULL_STRUCTURE,BULL_STRUCTURE,1.0,0.4796084453180382620628337300,0.4796084453180382620628337300
2025-05-20 00:00:00+00:00,3,EUPHORIA,0.000981610101561737,False,4,False,BULL_STRUCTURE,BULL_STRUCTURE,1.0,0.4826082032389643010320809141,0.4826082032389643010320809141
2025-05-21 00:00:00+00:00,4,BULL,0.9869640500029133,True,3,False,BULL_STRUCTURE,BULL_STRUCTURE,1.0,0.95,0.95
2025-05-22 00:00:00+00:00,4,BULL,0.012371475157510596,False,3,False,BULL_STRUCTURE,BULL_STRUCTURE,1.0,0.475,0.475
2025-05-23 00:00:00+00:00,4,BULL,0.004007415355253681,False,3,False,BULL_STRUCTURE,BULL_STRUCTURE,1.0,0.4653328823609600973255471405,0.4653328823609600973255471405
2025-05-24 00:00:00+00:00,4,BULL,0.6020943525384861,True,4,False,BULL_STRUCTURE,BULL_STRUCTURE,1.0,0.95,0.95
2025-05-25 00:00:00+00:00,4,BULL,0.9956508304985615,True,5,False,BULL_STRUCTURE,BULL_STRUCTURE,1.0,0.9511322392554073930864200430,0.9511322392554073930864200430
2025-05-26 00:00:00+00:00,4,BULL,0.9999341441465659,True,6,False,BULL_STRUCTURE,BULL_STRUCTURE,1.0,0.9513151610585088896759408079,0.9513151610585088896759408079
2025-05-27 00:00:00+00:00,4,BULL,0.9997466244906883,True,7,False,BULL_STRUCTURE,BULL_STRUCTURE,1.0,0.9511040719096767119292616805,0.9511040719096767119292616805
2025-05-28 00:00:00+00:00,4,BULL,0.9993858773586661,True,8,False,BULL_STRUCTURE,BULL_STRUCTURE,1.0,0.9506053804420411204869389174,0.9506053804420411204869389174
2025-05-29 00:00:00+00:00,4,BULL,0.9754735672735318,True,9,False,BULL_STRUCTURE,BULL_STRUCTURE,1.0,0.9496316033892516730909934040,0.9496316033892516730909934040
2025-05-30 00:00:00+00:00,4,BULL,0.7332333060006264,True,10,False,BULL_STRUCTURE,BULL_STRUCTURE,1.0,0.9488942414808728070722810546,0.9488942414808728070722810546
2025-05-31 00:00:00+00:00,4,BULL,0.7753737436257071,True,11,False,BULL_STRUCTURE,BULL_STRUCTURE,1.0,0.9491754817942689094850506395,0.9491754817942689094850506395
2025-06-01 00:00:00+00:00,4,BULL,0.08010387198951811,False,11,False,BULL_STRUCTURE,BULL_STRUCTURE,1.0,0.475,0.475
2025-06-02 00:00:00+00:00,4,BULL,0.005867622348512454,False,11,False,BULL_STRUCTURE,BULL_STRUCTURE,1.0,0.4757999274012285273457692439,0.4757999274012285273457692439
2025-06-03 00:00:00+00:00,2,CRASH,0.9846141210630995,True,3,False,BULL_STRUCTURE,BULL_STRUCTURE,1.0,0.95,0.95
2025-06-04 00:00:00+00:00,2,CRASH,0.9615301899608304,True,4,False,BULL_STRUCTURE,BULL_STRUCTURE,1.0,0.9502813633354136430495699360,0.9502813633354136430495699360
2025-06-05 00:00:00+00:00,2,CRASH,0.9999363903821242,True,5,False,BULL_STRUCTURE,BULL_STRUCTURE,1.0,0.9487997549479348340744787939,0.9487997549479348340744787939
2025-06-06 00:00:00+00:00,2,CRASH,0.9998553211131256,True,6,False,BULL_STRUCTURE,BULL_STRUCTURE,1.0,0.9500963693112369966516206296,0.9500963693112369966516206296
2025-06-07 00:00:00+00:00,2,CRASH,0.9999995924009375,True,7,False,BULL_STRUCTURE,BULL_STRUCTURE,1.0,0.9506643580084481363299126675,0.9506643580084481363299126675
2025-06-08 00:00:00+00:00,2,CRASH,0.9999996059123853,True,8,False,BULL_STRUCTURE,BULL_STRUCTURE,1.0,0.9507450301323452093401235676,0.9507450301323452093401235676
2025-06-09 00:00:00+00:00,2,CRASH,0.9860139883076414,True,9,False,BULL_STRUCTURE,BULL_STRUCTURE,1.0,0.9526724130359351563378529878,0.9526724130359351563378529878
2025-06-10 00:00:00+00:00,2,CRASH,0.017968230104305198,False,9,False,BULL_STRUCTURE,BULL_STRUCTURE,1.0,0.475,0.475
2025-06-11 00:00:00+00:00,2,CRASH,0.5452929018517078,True,10,False,BULL_STRUCTURE,BULL_STRUCTURE,1.0,0.4715830983331556051664748367,0.4715830983331556051664748367
2025-06-12 00:00:00+00:00,2,CRASH,0.9999960716936436,True,11,False,BULL_STRUCTURE,BULL_STRUCTURE,1.0,0.95,0.95
2025-06-13 00:00:00+00:00,2,CRASH,0.9999770307049851,True,12,False,BULL_STRUCTURE,BULL_STRUCTURE,1.0,0.9507743162870749099215966306,0.9507743162870749099215966306
2025-06-14 00:00:00+00:00,2,CRASH,0.9999996667434616,True,13,False,BULL_STRUCTURE,BULL_STRUCTURE,1.0,0.9504849483817514923738835812,0.9504849483817514923738835812
2025-06-15 00:00:00+00:00,2,CRASH,0.9999996470938354,True,14,False,BULL_STRUCTURE,BULL_STRUCTURE,1.0,0.9505649004191801817431488469,0.9505649004191801817431488469
2025-06-16 00:00:00+00:00,2,CRASH,0.9999970524770799,True,15,False,BULL_STRUCTURE,BULL_STRUCTURE,1.0,0.9510934417953580144737952889,0.9510934417953580144737952889
2025-06-17 00:00:00+00:00,2,CRASH,0.9999369520131931,True,16,False,BULL_STRUCTURE,BULL_STRUCTURE,1.0,0.9500964195309138747759181944,0.9500964195309138747759181944
2025-06-18 00:00:00+00:00,2,CRASH,0.9999752106890227,True,17,False,BULL_STRUCTURE,BULL_STRUCTURE,1.0,0.9502481535217871955437472081,0.9502481535217871955437472081
2025-06-19 00:00:00+00:00,2,CRASH,0.999997439458279,True,18,False,BULL_STRUCTURE,BULL_STRUCTURE,1.0,0.9501450862312652152000762022,0.9501450862312652152000762022
2025-06-20 00:00:00+00:00,2,CRASH,0.9999968482761332,True,19,False,BULL_STRUCTURE,BULL_STRUCTURE,1.0,0.9495215647824220820491430113,0.9495215647824220820491430113
2025-06-21 00:00:00+00:00,2,CRASH,0.9999990544679271,True,20,False,BULL_STRUCTURE,BULL_STRUCTURE,1.0,0.9489689977419357589060697276,0.9489689977419357589060697276
2025-06-22 00:00:00+00:00,2,CRASH,0.9999485918596681,True,21,False,BULL_STRUCTURE,BULL_STRUCTURE,1.0,0.9484147845594937729115384022,0.9484147845594937729115384022
2025-06-23 00:00:00+00:00,2,CRASH,0.9861969192087112,True,22,False,BULL_STRUCTURE,BULL_STRUCTURE,1.0,0.9504488884365371337325501317,0.9504488884365371337325501317
2025-06-24 00:00:00+00:00,2,CRASH,0.9907153975903595,True,23,False,BULL_STRUCTURE,BULL_STRUCTURE,1.0,0.9507815562325163425589838692,0.9507815562325163425589838692
2025-06-25 00:00:00+00:00,2,CRASH,0.8801411212874621,True,24,False,BULL_STRUCTURE,BULL_STRUCTURE,1.0,0.9513301246635536121239801848,0.9513301246635536121239801848
2025-06-26 00:00:00+00:00,2,CRASH,0.8135088085661256,True,25,False,BULL_STRUCTURE,BULL_STRUCTURE,1.0,0.9511597866124767867263673746,0.9511597866124767867263673746
2025-06-27 00:00:00+00:00,2,CRASH,0.9029144562365825,True,26,False,BULL_STRUCTURE,BULL_STRUCTURE,1.0,0.9512034150582442694920734588,0.9512034150582442694920734588
2025-06-28 00:00:00+00:00,2,CRASH,0.9996469463739873,True,27,False,BULL_STRUCTURE,BULL_STRUCTURE,1.0,0.9513112286116777928842352754,0.9513112286116777928842352754
2025-06-29 00:00:00+00:00,2,CRASH,0.9999995581571123,True,28,False,BULL_STRUCTURE,BULL_STRUCTURE,1.0,0.9517646112627237604704004940,0.9517646112627237604704004940
2025-06-30 00:00:00+00:00,2,CRASH,0.9999999707865759,True,29,False,BULL_STRUCTURE,BULL_STRUCTURE,1.0,0.9512462644444956445577692940,0.9512462644444956445577692940
2025-07-01 00:00:00+00:00,2,CRASH,0.9999999962997208,True,30,False,BULL_STRUCTURE,BULL_STRUCTURE,1.0,0.9506036444777801926228838729,0.9506036444777801926228838729
2025-07-02 00:00:00+00:00,2,CRASH,0.9999999999449756,True,31,False,BULL_STRUCTURE,BULL_STRUCTURE,1.0,0.9519724466245138266571744835,0.9519724466245138266571744835
2025-07-03 00:00:00+00:00,2,CRASH,0.9999999997958184,True,32,False,BULL_STRUCTURE,BULL_STRUCTURE,1.0,0.9522792769216537793750101294,0.9522792769216537793750101294
2025-07-04 00:00:00+00:00,2,CRASH,0.9999999999995453,True,33,False,BULL_STRUCTURE,BULL_STRUCTURE,1.0,0.9516061911179961830651796495,0.9516061911179961830651796495
2025-07-05 00:00:00+00:00,2,CRASH,1.0,True,34,False,BULL_STRUCTURE,BULL_STRUCTURE,1.0,0.9516972325483132107136158691,0.9516972325483132107136158691
2025-07-06 00:00:00+00:00,2,CRASH,0.9999999999931788,True,35,False,BULL_STRUCTURE,BULL_STRUCTURE,1.0,0.9521207811329583661328118092,0.9521207811329583661328118092
2025-07-07 00:00:00+00:00,2,CRASH,0.9999999999854481,True,36,False,BULL_STRUCTURE,BULL_STRUCTURE,1.0,0.9517247566143016420517698721,0.9517247566143016420517698721
2025-07-08 00:00:00+00:00,2,CRASH,0.9999999999863576,True,37,False,BULL_STRUCTURE,BULL_STRUCTURE,1.0,0.9520032492039891368167287964,0.9520032492039891368167287964
2025-07-09 00:00:00+00:00,2,CRASH,0.9999999185588455,True,38,False,BULL_STRUCTURE,BULL_STRUCTURE,1.0,0.9529535210581952764419001236,0.9529535210581952764419001236
2025-07-10 00:00:00+00:00,2,CRASH,0.9922709358111301,True,39,False,BULL_STRUCTURE,BULL_STRUCTURE,1.0,0.9548028349239540221025151573,0.9548028349239540221025151573
2025-07-11 00:00:00+00:00,2,CRASH,0.5216227937102232,True,40,False,BULL_STRUCTURE,BULL_STRUCTURE,1.0,0.475,0.475
2025-07-12 00:00:00+00:00,2,CRASH,0.09633514181088822,False,40,False,BULL_STRUCTURE,BULL_STRUCTURE,1.0,0.4750673141850822548732964689,0.4750673141850822548732964689
2025-07-13 00:00:00+00:00,2,CRASH,0.014869083227512694,False,40,False,BULL_STRUCTURE,BULL_STRUCTURE,1.0,0.4785832412816370382346635949,0.4785832412816370382346635949
2025-07-14 00:00:00+00:00,4,BULL,0.9999456187668893,True,3,False,BULL_STRUCTURE,BULL_STRUCTURE,1.0,0.95,0.95
2025-07-15 00:00:00+00:00,4,BULL,0.9679379557270585,True,4,False,BULL_STRUCTURE,BULL_STRUCTURE,1.0,0.9497502777928746994794332973,0.9497502777928746994794332973
2025-07-16 00:00:00+00:00,4,BULL,0.8598029109967094,True,5,False,BULL_STRUCTURE,BULL_STRUCTURE,1.0,0.9501013474390498104764081290,0.9501013474390498104764081290
2025-07-17 00:00:00+00:00,4,BULL,0.9278459209949554,True,6,False,BULL_STRUCTURE,BULL_STRUCTURE,1.0,0.9503190453643997103858803625,0.9503190453643997103858803625
2025-07-18 00:00:00+00:00,4,BULL,0.8075020816507167,True,7,False,BULL_STRUCTURE,BULL_STRUCTURE,1.0,0.9498177670272321946572708504,0.9498177670272321946572708504
2025-07-19 00:00:00+00:00,4,BULL,0.794122108082564,True,8,False,BULL_STRUCTURE,BULL_STRUCTURE,1.0,0.9497834521454503672079604404,0.9497834521454503672079604404
2025-07-20 00:00:00+00:00,4,BULL,0.9939094388376086,True,9,False,BULL_STRUCTURE,BULL_STRUCTURE,1.0,0.9495496906925154381129479864,0.9495496906925154381129479864
2025-07-21 00:00:00+00:00,4,BULL,0.9994938491470404,True,10,False,BULL_STRUCTURE,BULL_STRUCTURE,1.0,0.9495967245775874332003147009,0.9495967245775874332003147009
2025-07-22 00:00:00+00:00,4,BULL,0.9919841555675015,True,11,False,BULL_STRUCTURE,BULL_STRUCTURE,1.0,0.9506249074367712147773617104,0.9506249074367712147773617104
2025-07-23 00:00:00+00:00,4,BULL,0.99670069919554,True,12,False,BULL_STRUCTURE,BULL_STRUCTURE,1.0,0.9501514751008874157523043406,0.9501514751008874157523043406
2025-07-24 00:00:00+00:00,4,BULL,0.9973843977286769,True,13,False,BULL_STRUCTURE,BULL_STRUCTURE,1.0,0.9499854085580411530200874973,0.9499854085580411530200874973
2025-07-25 00:00:00+00:00,4,BULL,0.9978230496936346,True,14,False,BULL_STRUCTURE,BULL_STRUCTURE,1.0,0.9496919393636721340237296410,0.9496919393636721340237296410
2025-07-26 00:00:00+00:00,4,BULL,0.9876603803165735,True,15,False,BULL_STRUCTURE,BULL_STRUCTURE,1.0,0.9498158066318086991856206818,0.9498158066318086991856206818
2025-07-27 00:00:00+00:00,4,BULL,0.9994738123547889,True,16,False,BULL_STRUCTURE,BULL_STRUCTURE,1.0,0.9504131476547163293589934532,0.9504131476547163293589934532
2025-07-28 00:00:00+00:00,4,BULL,0.9994823205420634,True,17,False,BULL_STRUCTURE,BULL_STRUCTURE,1.0,0.9498732735294503043633780845,0.9498732735294503043633780845
2025-07-29 00:00:00+00:00,4,BULL,0.9975271939268723,True,18,False,BULL_STRUCTURE,BULL_STRUCTURE,1.0,0.9498282414310793439194363999,0.9498282414310793439194363999
2025-07-30 00:00:00+00:00,4,BULL,0.13430098847205602,False,18,False,BULL_STRUCTURE,BULL_STRUCTURE,1.0,0.475,0.475
2025-07-31 00:00:00+00:00,4,BULL,7.361376059523589e-06,False,18,False,BULL_STRUCTURE,BULL_STRUCTURE,1.0,0.4708618739430567626264250682,0.4708618739430567626264250682
2025-08-01 00:00:00+00:00,2,CRASH,0.9999902517454237,True,3,False,BULL_STRUCTURE,BULL_STRUCTURE,1.0,0.95,0.95
2025-08-02 00:00:00+00:00,2,CRASH,0.9999970064172218,True,4,False,BULL_STRUCTURE,BULL_STRUCTURE,1.0,0.9502844277477905602121494814,0.9502844277477905602121494814
2025-08-03 00:00:00+00:00,2,CRASH,0.9999999976685103,True,5,False,BULL_STRUCTURE,BULL_STRUCTURE,1.0,0.9509726195255040414873616592,0.9509726195255040414873616592
2025-08-04 00:00:00+00:00,2,CRASH,0.9999999994238351,True,6,False,BULL_STRUCTURE,BULL_STRUCTURE,1.0,0.9513156606152914186672668771,0.9513156606152914186672668771
2025-08-05 00:00:00+00:00,2,CRASH,0.9999997909208324,True,7,False,BULL_STRUCTURE,BULL_STRUCTURE,1.0,0.9509403275240574305851008642,0.9509403275240574305851008642
2025-08-06 00:00:00+00:00,2,CRASH,0.999938643187968,True,8,False,BULL_STRUCTURE,BULL_STRUCTURE,1.0,0.9512903841305323210450403718,0.9512903841305323210450403718
2025-08-07 00:00:00+00:00,2,CRASH,0.9949673525424352,True,9,False,BULL_STRUCTURE,BULL_STRUCTURE,1.0,0.9522695276180809577704372490,0.9522695276180809577704372490
2025-08-08 00:00:00+00:00,2,CRASH,0.9998933317803007,True,10,False,BULL_STRUCTURE,BULL_STRUCTURE,1.0,0.9519590412220605954397977152,0.9519590412220605954397977152
2025-08-09 00:00:00+00:00,2,CRASH,0.9999990588198552,True,11,False,BULL_STRUCTURE,BULL_STRUCTURE,1.0,0.9518756068149678598335743748,0.9518756068149678598335743748
2025-08-10 00:00:00+00:00,2,CRASH,0.996609060522301,True,12,False,BULL_STRUCTURE,BULL_STRUCTURE,1.0,0.9529642352494969241280867453,0.9529642352494969241280867453
2025-08-11 00:00:00+00:00,2,CRASH,0.9941706914216952,True,13,False,BULL_STRUCTURE,BULL_STRUCTURE,1.0,0.9527346672198922950012950929,0.9527346672198922950012950929
2025-08-12 00:00:00+00:00,2,CRASH,0.9990681633802915,True,14,False,BULL_STRUCTURE,BULL_STRUCTURE,1.0,0.9532777781183794008268854954,0.9532777781183794008268854954
2025-08-13 00:00:00+00:00,2,CRASH,0.02042321783709654,False,14,False,BULL_STRUCTURE,BULL_STRUCTURE,1.0,0.475,0.475
2025-08-14 00:00:00+00:00,2,CRASH,8.576961509623234e-05,False,14,False,BULL_STRUCTURE,BULL_STRUCTURE,1.0,0.4649609581465925035475209730,0.4649609581465925035475209730
2025-08-15 00:00:00+00:00,2,CRASH,0.7881267948518991,True,15,False,BULL_STRUCTURE,BULL_STRUCTURE,1.0,0.95,0.95
2025-08-16 00:00:00+00:00,2,CRASH,0.9997739062581452,True,16,False,BULL_STRUCTURE,BULL_STRUCTURE,1.0,0.9506169720043911723527600675,0.9506169720043911723527600675
2025-08-17 00:00:00+00:00,2,CRASH,0.9999937030232094,True,17,False,BULL_STRUCTURE,BULL_STRUCTURE,1.0,0.9506267084415110780016523018,0.9506267084415110780016523018
2025-08-18 00:00:00+00:00,2,CRASH,0.9999850381773898,True,18,False,BULL_STRUCTURE,BULL_STRUCTURE,1.0,0.9501512548242792334737445921,0.9501512548242792334737445921
2025-08-19 00:00:00+00:00,2,CRASH,0.9996607856971426,True,19,False,BULL_STRUCTURE,BULL_STRUCTURE,1.0,0.9487458818475379210637345711,0.9487458818475379210637345711
2025-08-20 00:00:00+00:00,2,CRASH,0.9981221152080352,True,20,False,BULL_STRUCTURE,BULL_STRUCTURE,1.0,0.9493412896935933536244835780,0.9493412896935933536244835780
2025-08-21 00:00:00+00:00,2,CRASH,0.9999374970009551,True,21,False,BULL_STRUCTURE,BULL_STRUCTURE,1.0,0.9485847092039086641287729729,0.9485847092039086641287729729
2025-08-22 00:00:00+00:00,2,CRASH,0.9880698374392397,True,22,False,BULL_STRUCTURE,BULL_STRUCTURE,1.0,0.9504384912611938938057888420,0.9504384912611938938057888420
2025-08-23 00:00:00+00:00,2,CRASH,0.999603199417237,True,23,False,BULL_STRUCTURE,BULL_STRUCTURE,1.0,0.9498276410075737178020291665,0.9498276410075737178020291665
2025-08-24 00:00:00+00:00,2,CRASH,0.9860019247274145,True,24,False,BULL_STRUCTURE,BULL_STRUCTURE,1.0,0.9490118782972077010627507729,0.9490118782972077010627507729
2025-08-25 00:00:00+00:00,2,CRASH,0.9999877260850742,True,25,False,BULL_STRUCTURE,BULL_STRUCTURE,1.0,0.9475281646588786275026917384,0.9475281646588786275026917384
2025-08-26 00:00:00+00:00,2,CRASH,0.8436089542626356,True,26,False,BULL_STRUCTURE,BULL_STRUCTURE,1.0,0.9482632986293551750702426575,0.9482632986293551750702426575
2025-08-27 00:00:00+00:00,2,CRASH,0.9963111605225023,True,27,False,BULL_STRUCTURE,BULL_STRUCTURE,1.0,0.9480423459370969629243683047,0.9480423459370969629243683047
2025-08-28 00:00:00+00:00,2,CRASH,0.9883903824003947,True,28,False,BULL_STRUCTURE,BULL_STRUCTURE,1.0,0.9486136957919695577457700425,0.9486136957919695577457700425
2025-08-29 00:00:00+00:00,2,CRASH,0.9988765597461858,True,29,False,BULL_STRUCTURE,BULL_STRUCTURE,1.0,0.9467330872436636979109715424,0.9467330872436636979109715424
2025-08-30 00:00:00+00:00,2,CRASH,0.7287411762556258,True,30,False,BULL_STRUCTURE,BULL_STRUCTURE,1.0,0.9469365475039906709578422482,0.9469365475039906709578422482
2025-08-31 00:00:00+00:00,2,CRASH,0.5814287680784324,True,31,False,BULL_STRUCTURE,BULL_STRUCTURE,1.0,0.9466720379223464528497886418,0.9466720379223464528497886418
2025-09-01 00:00:00+00:00,2,CRASH,0.03953670857690234,False,31,False,BULL_STRUCTURE,BULL_STRUCTURE,1.0,0.475,0.475
2025-09-02 00:00:00+00:00,2,CRASH,0.014426347074300664,False,31,False,BULL_STRUCTURE,BULL_STRUCTURE,1.0,0.4798237527856268974920488613,0.4798237527856268974920488613
2025-09-03 00:00:00+00:00,4,BULL,0.9999734981266806,True,3,False,BULL_STRUCTURE,BULL_STRUCTURE,1.0,0.95,0.95
2025-09-04 00:00:00+00:00,4,BULL,0.9997792487812596,True,4,False,BULL_STRUCTURE,BULL_STRUCTURE,1.0,0.9501652453226908738392409385,0.9501652453226908738392409385
2025-09-05 00:00:00+00:00,4,BULL,0.999904643735269,True,5,False,BULL_STRUCTURE,BULL_STRUCTURE,1.0,0.9501349168398669882363567537,0.9501349168398669882363567537
2025-09-06 00:00:00+00:00,4,BULL,0.997038103931927,True,6,False,BULL_STRUCTURE,BULL_STRUCTURE,1.0,0.9499320013108948780142792841,0.9499320013108948780142792841
2025-09-07 00:00:00+00:00,4,BULL,0.9994342075232096,True,7,False,BULL_STRUCTURE,BULL_STRUCTURE,1.0,0.9503384577822517662058509039,0.9503384577822517662058509039
2025-09-08 00:00:00+00:00,4,BULL,0.9944477689423279,True,8,False,BULL_STRUCTURE,BULL_STRUCTURE,1.0,0.9507293911400720708855899335,0.9507293911400720708855899335
2025-09-09 00:00:00+00:00,4,BULL,0.9761126849076404,True,9,False,BULL_STRUCTURE,BULL_STRUCTURE,1.0,0.9505115583458445758027351009,0.9505115583458445758027351009
2025-09-10 00:00:00+00:00,4,BULL,0.9969642481725668,True,10,False,BULL_STRUCTURE,BULL_STRUCTURE,1.0,0.9515088708771127908592394575,0.9515088708771127908592394575
2025-09-11 00:00:00+00:00,4,BULL,0.9921458303531506,True,11,False,BULL_STRUCTURE,BULL_STRUCTURE,1.0,0.9521176328404837779217822012,0.9521176328404837779217822012
2025-09-12 00:00:00+00:00,4,BULL,0.9902765677543122,True,12,False,BULL_STRUCTURE,BULL_STRUCTURE,1.0,0.9523324994849397301680428290,0.9523324994849397301680428290
2025-09-13 00:00:00+00:00,4,BULL,0.6514836529841658,True,13,False,BULL_STRUCTURE,BULL_STRUCTURE,1.0,0.9522889813286418704996153745,0.9522889813286418704996153745
2025-09-14 00:00:00+00:00,4,BULL,0.013372955736421808,False,13,False,BULL_STRUCTURE,BULL_STRUCTURE,1.0,0.475,0.475
2025-09-15 00:00:00+00:00,4,BULL,0.009540749423037004,False,13,False,BULL_STRUCTURE,BULL_STRUCTURE,1.0,0.4754711954135330759591513687,0.4754711954135330759591513687
2025-09-16 00:00:00+00:00,2,CRASH,0.993243122694973,True,3,False,BULL_STRUCTURE,BULL_STRUCTURE,1.0,0.95,0.95
2025-09-17 00:00:00+00:00,2,CRASH,0.9976467294044351,True,4,False,BULL_STRUCTURE,BULL_STRUCTURE,1.0,0.9504443957578064760831914911,0.9504443957578064760831914911
2025-09-18 00:00:00+00:00,2,CRASH,0.9999956583054547,True,5,False,BULL_STRUCTURE,BULL_STRUCTURE,1.0,0.9506962843880022090623470316,0.9506962843880022090623470316
2025-09-19 00:00:00+00:00,2,CRASH,0.9999986378334325,True,6,False,BULL_STRUCTURE,BULL_STRUCTURE,1.0,0.9501124571088307074500505257,0.9501124571088307074500505257
2025-09-20 00:00:00+00:00,0,BEAR,0.9985940181520446,True,1,False,BULL_STRUCTURE,BULL_STRUCTURE,1.0,0.9501342752272929039993314502,0.9501342752272929039993314502
2025-09-21 00:00:00+00:00,0,BEAR,0.9950187361107865,True,2,False,BULL_STRUCTURE,BULL_STRUCTURE,1.0,0.9499479156239301563160480120,0.9499479156239301563160480120
2025-09-22 00:00:00+00:00,0,BEAR,0.9999935035763899,True,3,False,BULL_STRUCTURE,BULL_STRUCTURE,1.0,0.60,0.60
2025-09-23 00:00:00+00:00,0,BEAR,0.9997058196098411,True,4,False,BULL_STRUCTURE,BULL_STRUCTURE,1.0,0.5988781254675958148709528882,0.5988781254675958148709528882
2025-09-24 00:00:00+00:00,0,BEAR,0.9998265730522381,True,5,False,BULL_STRUCTURE,BULL_STRUCTURE,1.0,0.6016645557273443490614214572,0.6016645557273443490614214572
2025-09-25 00:00:00+00:00,0,BEAR,0.9999999999936335,True,6,False,BULL_STRUCTURE,BULL_STRUCTURE,1.0,0.5923290562121429103554087437,0.5923290562121429103554087437
2025-09-26 00:00:00+00:00,0,BEAR,0.9999999904239303,True,7,False,BULL_STRUCTURE,BULL_STRUCTURE,1.0,0.5937617846798022248079189669,0.5937617846798022248079189669
2025-09-27 00:00:00+00:00,0,BEAR,0.9996775282332444,True,8,False,BULL_STRUCTURE,BULL_STRUCTURE,1.0,0.5937450424676520991388517457,0.5937450424676520991388517457
2025-09-28 00:00:00+00:00,0,BEAR,0.9998879735416366,True,9,False,BULL_STRUCTURE,BULL_STRUCTURE,1.0,0.5992320385807665691899720844,0.5992320385807665691899720844
2025-09-29 00:00:00+00:00,0,BEAR,0.9999848195236071,True,10,False,BULL_STRUCTURE,BULL_STRUCTURE,1.0,0.95,0.95
2025-09-30 00:00:00+00:00,0,BEAR,0.999999693814108,True,11,False,BULL_STRUCTURE,BULL_STRUCTURE,1.0,0.9503183053133533640808415995,0.9503183053133533640808415995
2025-10-01 00:00:00+00:00,0,BEAR,0.9999999992110133,True,12,False,BULL_STRUCTURE,BULL_STRUCTURE,1.0,0.9521315741152519486579042134,0.9521315741152519486579042134
2025-10-02 00:00:00+00:00,0,BEAR,0.9999999951305654,True,13,False,BULL_STRUCTURE,BULL_STRUCTURE,1.0,0.9528635965142396218568795703,0.9528635965142396218568795703
2025-10-03 00:00:00+00:00,0,BEAR,0.9999911657613714,True,14,False,BULL_STRUCTURE,BULL_STRUCTURE,1.0,0.9534896520956462734452571874,0.9534896520956462734452571874
2025-10-04 00:00:00+00:00,0,BEAR,0.9844978628873805,True,15,False,BULL_STRUCTURE,BULL_STRUCTURE,1.0,0.9535472676115781458976869958,0.9535472676115781458976869958
2025-10-05 00:00:00+00:00,0,BEAR,0.002695092598491006,False,15,False,BULL_STRUCTURE,BULL_STRUCTURE,1.0,0.475,0.475
2025-10-06 00:00:00+00:00,0,BEAR,6.61587423936383e-10,False,15,False,BULL_STRUCTURE,BULL_STRUCTURE,1.0,0.4776595791532870122160978282,0.4776595791532870122160978282
2025-10-07 00:00:00+00:00,1,NEUTRAL,0.9999999999395186,True,3,False,BULL_STRUCTURE,BULL_STRUCTURE,1.0,0.95,0.95
2025-10-08 00:00:00+00:00,1,NEUTRAL,0.9999999999854481,True,4,False,BULL_STRUCTURE,BULL_STRUCTURE,1.0,0.9513433114283568661000773274,0.9513433114283568661000773274
2025-10-09 00:00:00+00:00,1,NEUTRAL,0.9999999997189661,True,5,False,BULL_STRUCTURE,BULL_STRUCTURE,1.0,0.9507183773744444830197806209,0.9507183773744444830197806209
2025-10-10 00:00:00+00:00,1,NEUTRAL,6.656627179794998e-17,False,5,False,BULL_STRUCTURE,BULL_STRUCTURE,1.0,0.475,0.475
2025-10-11 00:00:00+00:00,1,NEUTRAL,1.9127952431709867e-36,False,5,False,BULL_STRUCTURE,BULL_STRUCTURE,1.0,0.4705377747147984096759699973,0.4705377747147984096759699973
2025-10-12 00:00:00+00:00,2,CRASH,1.0,True,3,False,BULL_STRUCTURE,BULL_STRUCTURE,1.0,0.4800772456295506672194268008,0.4800772456295506672194268008
2025-10-13 00:00:00+00:00,2,CRASH,1.0,True,4,False,BULL_STRUCTURE,BULL_STRUCTURE,1.0,0.4805267375093962020233336038,0.4805267375093962020233336038
2025-10-14 00:00:00+00:00,2,CRASH,1.0,True,5,False,BULL_STRUCTURE,BULL_STRUCTURE,1.0,0.4758512479401019841394383268,0.4758512479401019841394383268
2025-10-15 00:00:00+00:00,2,CRASH,1.0,True,6,False,BULL_STRUCTURE,BULL_STRUCTURE,1.0,0.4708053150865790468565899955,0.4708053150865790468565899955
2025-10-16 00:00:00+00:00,2,CRASH,1.0,True,7,False,BULL_STRUCTURE,BULL_STRUCTURE,1.0,0.4649628844694430086209549293,0.4649628844694430086209549293
2025-10-17 00:00:00+00:00,2,CRASH,1.0,True,8,False,BULL_STRUCTURE,BULL_STRUCTURE,1.0,0.4608791842639399178469809955,0.4608791842639399178469809955
2025-10-18 00:00:00+00:00,2,CRASH,0.9999912045364266,True,9,False,BULL_STRUCTURE,BULL_STRUCTURE,1.0,0.4626321487573629074887513061,0.4626321487573629074887513061
2025-10-19 00:00:00+00:00,2,CRASH,0.9999998288149219,True,10,False,BULL_STRUCTURE,BULL_STRUCTURE,1.0,0.4659921420653958446303114706,0.4659921420653958446303114706
2025-10-20 00:00:00+00:00,2,CRASH,0.9999580028581153,True,11,False,BULL_STRUCTURE,BULL_STRUCTURE,1.0,0.4702847715569522072975939182,0.4702847715569522072975939182
2025-10-21 00:00:00+00:00,2,CRASH,0.9999873855995062,True,12,False,BULL_STRUCTURE,BULL_STRUCTURE,1.0,0.4652005047529484366413234585,0.4652005047529484366413234585
2025-10-22 00:00:00+00:00,2,CRASH,0.9992289997523375,True,13,False,BULL_STRUCTURE,BULL_STRUCTURE,1.0,0.4635176906580172874096406119,0.4635176906580172874096406119
2025-10-23 00:00:00+00:00,2,CRASH,0.9513213109969372,True,14,False,BULL_STRUCTURE,BULL_STRUCTURE,1.0,0.4692597705488326614487191935,0.4692597705488326614487191935
2025-10-24 00:00:00+00:00,2,CRASH,0.13819331959400907,False,14,False,BULL_STRUCTURE,BULL_STRUCTURE,1.0,0.4713482279689685896934136708,0.4713482279689685896934136708
2025-10-25 00:00:00+00:00,2,CRASH,0.00020688085260355262,False,14,False,BULL_STRUCTURE,BULL_STRUCTURE,1.0,0.4727840602508215277356556102,0.4727840602508215277356556102
2025-10-26 00:00:00+00:00,3,BULL,0.9999988581400583,True,3,False,BULL_STRUCTURE,BULL_STRUCTURE,1.0,0.95,0.95
2025-10-27 00:00:00+00:00,3,BULL,0.9999998233038397,True,4,False,BULL_STRUCTURE,BULL_STRUCTURE,1.0,0.9503946977196035957359724811,0.9503946977196035957359724811
2025-10-28 00:00:00+00:00,3,BULL,0.9999990437077056,True,5,False,BULL_STRUCTURE,BULL_STRUCTURE,1.0,0.9498900229590708919605846838,0.9498900229590708919605846838
2025-10-29 00:00:00+00:00,3,BULL,0.9993675829080907,True,6,False,BULL_STRUCTURE,BULL_STRUCTURE,1.0,0.9486468943133672405741338842,0.9486468943133672405741338842
2025-10-30 00:00:00+00:00,3,BULL,0.00015033615281392288,False,6,False,BULL_STRUCTURE,BULL_STRUCTURE,1.0,0.475,0.475
2025-10-31 00:00:00+00:00,3,BULL,5.239971588321772e-05,False,6,False,BULL_STRUCTURE,BULL_STRUCTURE,1.0,0.4782330747513331461487819502,0.4782330747513331461487819502
2025-11-01 00:00:00+00:00,0,BEAR,0.9714444296381215,True,3,False,BULL_STRUCTURE,BULL_STRUCTURE,1.0,0.4793463999338547113961219577,0.4793463999338547113961219577
2025-11-02 00:00:00+00:00,0,BEAR,0.9408782681494274,True,4,False,BULL_STRUCTURE,BULL_STRUCTURE,1.0,0.4803477231018438997329399551,0.4803477231018438997329399551
2025-11-03 00:00:00+00:00,0,BEAR,0.9999999130332109,True,5,False,TRANSITION,BULL_STRUCTURE,0.6,0.4712545270771721503215048098,0.4712545270771721503215048098
2025-11-04 00:00:00+00:00,0,BEAR,0.9999999999949978,True,6,False,TRANSITION,BULL_STRUCTURE,0.6,0.4590911977325850013667747492,0.4590911977325850013667747492
2025-11-05 00:00:00+00:00,0,BEAR,0.9999999805390873,True,7,False,TRANSITION,BULL_STRUCTURE,0.6,0.4648711808466160496516144658,0.4648711808466160496516144658
2025-11-06 00:00:00+00:00,0,BEAR,0.9999976559556859,True,8,False,TRANSITION,BULL_STRUCTURE,0.6,0.4587210626185654253580252512,0.4587210626185654253580252512
2025-11-07 00:00:00+00:00,0,BEAR,0.9999588392496898,True,9,False,TRANSITION,TRANSITION,0.6,0.4635603209555858130136068272,0.4635603209555858130136068272
2025-11-08 00:00:00+00:00,0,BEAR,0.26022596463474174,False,9,False,TRANSITION,TRANSITION,0.6,0.4610796287531235411077616867,0.4610796287531235411077616867
2025-11-09 00:00:00+00:00,0,BEAR,1.6661267875678664e-06,False,9,False,TRANSITION,TRANSITION,0.6,0.4668699041047791972764687610,0.4668699041047791972764687610
2025-11-10 00:00:00+00:00,0,BEAR,2.3153863815922594e-07,False,9,False,TRANSITION,TRANSITION,0.6,0.4699141056233849942140456629,0.4699141056233849942140456629
2025-11-11 00:00:00+00:00,2,CRASH,0.9996436506455716,True,3,False,TRANSITION,TRANSITION,0.6,0.4628854726426134344822211568,0.4628854726426134344822211568
2025-11-12 00:00:00+00:00,2,CRASH,0.9999886442200419,True,4,False,TRANSITION,TRANSITION,0.6,0.4594754130350069903926047260,0.4594754130350069903926047260
2025-11-13 00:00:00+00:00,2,CRASH,0.9999999957285581,True,5,False,TRANSITION,TRANSITION,0.6,0.4546381753530194572000037117,0.4546381753530194572000037117
2025-11-14 00:00:00+00:00,2,CRASH,1.0,True,6,False,TRANSITION,TRANSITION,0.6,0.4416571806035865231090732015,0.4416571806035865231090732015
2025-11-15 00:00:00+00:00,2,CRASH,0.9998412317389558,True,7,False,TRANSITION,TRANSITION,0.6,0.4442577404912130729211670704,0.4442577404912130729211670704
2025-11-16 00:00:00+00:00,2,CRASH,0.9998548547895545,True,8,False,TRANSITION,TRANSITION,0.6,0.4407888851808636046728901384,0.4407888851808636046728901384
2025-11-17 00:00:00+00:00,2,CRASH,0.9999999998444764,True,9,False,TRANSITION,TRANSITION,0.6,0.4353861033309040936232540269,0.4353861033309040936232540269
2025-11-18 00:00:00+00:00,2,CRASH,0.999999999998181,True,10,False,TRANSITION,TRANSITION,0.6,0.4373669728730747631793460227,0.4373669728730747631793460227
2025-11-19 00:00:00+00:00,2,CRASH,0.9999999312476598,True,11,False,TRANSITION,TRANSITION,0.6,0.4336207076365159687204168992,0.4336207076365159687204168992
2025-11-20 00:00:00+00:00,2,CRASH,0.9999999999636202,True,12,False,TRANSITION,TRANSITION,0.6,0.4201144476285222858579826531,0.4201144476285222858579826531
2025-11-21 00:00:00+00:00,2,CRASH,1.0,True,13,False,TRANSITION,TRANSITION,0.6,0.4158433834453055111533647880,0.4158433834453055111533647880
2025-11-22 00:00:00+00:00,2,CRASH,0.9999918752221589,True,14,False,TRANSITION,TRANSITION,0.6,0.4147292784269992114249164496,0.4147292784269992114249164496
2025-11-23 00:00:00+00:00,2,CRASH,0.9999999510037026,True,15,False,TRANSITION,TRANSITION,0.6,0.4206559982030574120600126304,0.4206559982030574120600126304
2025-11-24 00:00:00+00:00,2,CRASH,0.9999999543874775,True,16,False,TRANSITION,TRANSITION,0.6,0.4247526794937348038001828127,0.4247526794937348038001828127
2025-11-25 00:00:00+00:00,2,CRASH,0.9999999954325176,True,17,False,TRANSITION,TRANSITION,0.6,0.4221675422486587767702619984,0.4221675422486587767702619984
2025-11-26 00:00:00+00:00,2,CRASH,0.9999999999990905,True,18,False,TRANSITION,TRANSITION,0.6,0.4307332936134704009904389095,0.4307332936134704009904389095
2025-11-27 00:00:00+00:00,2,CRASH,0.9999999999859028,True,19,False,TRANSITION,TRANSITION,0.6,0.4330272328669055100584062729,0.4330272328669055100584062729
2025-11-28 00:00:00+00:00,2,CRASH,0.9999999024430556,True,20,False,TRANSITION,TRANSITION,0.6,0.4318332240106135619425787848,0.4318332240106135619425787848
2025-11-29 00:00:00+00:00,2,CRASH,0.9999989785338345,True,21,False,TRANSITION,TRANSITION,0.6,0.4315948721673581700838246277,0.4315948721673581700838246277
2025-11-30 00:00:00+00:00,2,CRASH,0.9999855779691166,True,22,False,TRANSITION,TRANSITION,0.6,0.4303970140002783870641372236,0.4303970140002783870641372236
2025-12-01 00:00:00+00:00,2,CRASH,0.9999999859846868,True,23,False,TRANSITION,TRANSITION,0.6,0.4191251547860062687884885542,0.4191251547860062687884885542
2025-12-02 00:00:00+00:00,2,CRASH,0.9999999283263631,True,24,False,BEAR_STRUCTURE,TRANSITION,0.3,0.4328764711095285287329748854,0.3
2025-12-03 00:00:00+00:00,2,CRASH,0.9997702249290119,True,25,False,BEAR_STRUCTURE,TRANSITION,0.3,0.3049682403498541829164345499,0.3
2025-12-04 00:00:00+00:00,2,CRASH,0.9991863343996813,True,26,False,BEAR_STRUCTURE,TRANSITION,0.3,0.2969496956517408800187119378,0.2969496956517408800187119378
2025-12-05 00:00:00+00:00,2,CRASH,0.9999281282711533,True,27,False,BEAR_STRUCTURE,TRANSITION,0.3,0.2906633389608753828246337164,0.2906633389608753828246337164
2025-12-06 00:00:00+00:00,2,CRASH,0.999518070191981,True,28,False,BEAR_STRUCTURE,BEAR_STRUCTURE,0.3,0.2904480480132699082287640726,0.2904480480132699082287640726
2025-12-07 00:00:00+00:00,2,CRASH,0.9967120834124883,True,29,False,BEAR_STRUCTURE,BEAR_STRUCTURE,0.3,0.2931135420786385717436676874,0.2931135420786385717436676874
2025-12-08 00:00:00+00:00,2,CRASH,0.9946869320312575,True,30,False,BEAR_STRUCTURE,BEAR_STRUCTURE,0.3,0.2936610060948596785229243707,0.2936610060948596785229243707
2025-12-09 00:00:00+00:00,2,CRASH,0.9991214492147573,True,31,False,BEAR_STRUCTURE,BEAR_STRUCTURE,0.3,0.2983091326901816989600415427,0.2983091326901816989600415427
2025-12-10 00:00:00+00:00,2,CRASH,0.9941271667452846,True,32,False,BEAR_STRUCTURE,BEAR_STRUCTURE,0.3,0.2968075285184453425795002923,0.2968075285184453425795002923
2025-12-11 00:00:00+00:00,2,CRASH,0.9924833233950792,True,33,False,BEAR_STRUCTURE,BEAR_STRUCTURE,0.3,0.2979353223699605716588503624,0.2979353223699605716588503624
2025-12-12 00:00:00+00:00,2,CRASH,0.9562782374046219,True,34,False,BEAR_STRUCTURE,BEAR_STRUCTURE,0.3,0.2928225737149389614080894981,0.2928225737149389614080894981
2025-12-13 00:00:00+00:00,2,CRASH,0.7044007152449409,True,35,False,BEAR_STRUCTURE,BEAR_STRUCTURE,0.3,0.2927573946146005025268600429,0.2927573946146005025268600429
2025-12-14 00:00:00+00:00,2,CRASH,0.0009046795141951565,False,35,False,BEAR_STRUCTURE,BEAR_STRUCTURE,0.3,0.2879808111737208113869097445,0.2879808111737208113869097445
2025-12-15 00:00:00+00:00,2,CRASH,0.020766081199845722,False,35,False,BEAR_STRUCTURE,BEAR_STRUCTURE,0.3,0.2839110332194684302871176619,0.2839110332194684302871176619
2025-12-16 00:00:00+00:00,3,BULL,0.6701554462844701,True,3,False,BEAR_STRUCTURE,BEAR_STRUCTURE,0.3,0.95,0.3
2025-12-17 00:00:00+00:00,3,BULL,0.6881090747194383,True,4,False,BEAR_STRUCTURE,BEAR_STRUCTURE,0.3,0.95,0.3
2025-12-18 00:00:00+00:00,3,BULL,0.2518894589763833,False,4,False,BEAR_STRUCTURE,BEAR_STRUCTURE,0.3,0.2982269591513176078684813250,0.2982269591513176078684813250
2025-12-19 00:00:00+00:00,3,BULL,0.048869745236195146,False,4,False,BEAR_STRUCTURE,BEAR_STRUCTURE,0.3,0.3045822052812118533728358995,0.3
2025-12-20 00:00:00+00:00,2,CRASH,0.9572611598038484,True,3,False,BEAR_STRUCTURE,BEAR_STRUCTURE,0.3,0.3005337639691615563021244060,0.3
2025-12-21 00:00:00+00:00,2,CRASH,0.26730984123983476,False,3,False,BEAR_STRUCTURE,BEAR_STRUCTURE,0.3,0.3007070910933274606811279135,0.3
2025-12-22 00:00:00+00:00,2,CRASH,0.00022195198465301008,False,3,False,BEAR_STRUCTURE,BEAR_STRUCTURE,0.3,0.2999096141495289502582027259,0.2999096141495289502582027259
2025-12-23 00:00:00+00:00,3,BULL,0.8437559149967482,True,3,False,BEAR_STRUCTURE,BEAR_STRUCTURE,0.3,0.95,0.3
2025-12-24 00:00:00+00:00,3,BULL,0.13206613417175392,False,3,False,BEAR_STRUCTURE,BEAR_STRUCTURE,0.3,0.3004402896593762816893964846,0.3
2025-12-25 00:00:00+00:00,3,BULL,0.009383249074702412,False,3,False,BEAR_STRUCTURE,BEAR_STRUCTURE,0.3,0.2989340074113870175804175214,0.2989340074113870175804175214
2025-12-26 00:00:00+00:00,1,NEUTRAL,0.9744134792984142,True,3,False,BEAR_STRUCTURE,BEAR_STRUCTURE,0.3,0.95,0.3
2025-12-27 00:00:00+00:00,1,NEUTRAL,0.7669621326698046,True,4,False,BEAR_STRUCTURE,BEAR_STRUCTURE,0.3,0.95,0.3
2025-12-28 00:00:00+00:00,1,NEUTRAL,0.009743104322128118,False,4,False,BEAR_STRUCTURE,BEAR_STRUCTURE,0.3,0.3001808003199679136833465192,0.3
2025-12-29 00:00:00+00:00,1,NEUTRAL,0.0002555617869970653,False,4,False,BEAR_STRUCTURE,BEAR_STRUCTURE,0.3,0.2982867315060670076086420083,0.2982867315060670076086420083
2025-12-30 00:00:00+00:00,3,BULL,0.7787261815733914,True,3,True,BEAR_STRUCTURE,BEAR_STRUCTURE,0.3,0.3012692439924283889741301545,0.3
2025-12-31 00:00:00+00:00,3,BULL,0.6884425330339129,True,4,True,BEAR_STRUCTURE,BEAR_STRUCTURE,0.3,0.2980069848054206639244626891,0.2980069848054206639244626891
2026-01-01 00:00:00+00:00,3,BULL,0.5248423609722493,True,5,True,BEAR_STRUCTURE,BEAR_STRUCTURE,0.3,0.3008377732858141798038110850,0.3
2026-01-02 00:00:00+00:00,3,BULL,0.09050561884609755,False,5,True,BEAR_STRUCTURE,BEAR_STRUCTURE,0.3,0.3027212138579541719349621010,0.3
2026-01-03 00:00:00+00:00,3,BULL,0.06271891045163985,False,5,True,BEAR_STRUCTURE,BEAR_STRUCTURE,0.3,0.3014742656120802271622072562,0.3
2026-01-04 00:00:00+00:00,0,BEAR,0.9440844007377506,True,3,True,BEAR_STRUCTURE,BEAR_STRUCTURE,0.3,0.3020826715205885809932616204,0.3
2026-01-05 00:00:00+00:00,0,BEAR,0.9975419964678904,True,4,True,BEAR_STRUCTURE,BEAR_STRUCTURE,0.3,0.3053048431901472246012094968,0.3
2026-01-06 00:00:00+00:00,0,BEAR,0.9980833663050819,True,5,True,BEAR_STRUCTURE,BEAR_STRUCTURE,0.3,0.2997509059849861556669256467,0.2997509059849861556669256467
2026-01-07 00:00:00+00:00,0,BEAR,0.9917357171738788,True,6,True,BEAR_STRUCTURE,BEAR_STRUCTURE,0.3,0.2943725975157903523754153236,0.2943725975157903523754153236
2026-01-08 00:00:00+00:00,0,BEAR,0.999446513483592,True,7,True,BEAR_STRUCTURE,BEAR_STRUCTURE,0.3,0.2937714926344584384787458843,0.2937714926344584384787458843
2026-01-09 00:00:00+00:00,0,BEAR,0.9987106331157068,True,8,False,BEAR_STRUCTURE,BEAR_STRUCTURE,0.3,0.60,0.3
2026-01-10 00:00:00+00:00,0,BEAR,0.37050517510943776,False,8,False,BEAR_STRUCTURE,BEAR_STRUCTURE,0.3,0.2996859165376109855472029937,0.2996859165376109855472029937
2026-01-11 00:00:00+00:00,0,BEAR,0.006425864649443519,False,8,False,BEAR_STRUCTURE,BEAR_STRUCTURE,0.3,0.3008641514605104115324991281,0.3
2026-01-12 00:00:00+00:00,1,NEUTRAL,0.9999987403883754,True,3,False,BEAR_STRUCTURE,BEAR_STRUCTURE,0.3,0.95,0.3
2026-01-13 00:00:00+00:00,1,NEUTRAL,0.9999999879933058,True,4,False,BEAR_STRUCTURE,BEAR_STRUCTURE,0.3,0.95,0.3
2026-01-14 00:00:00+00:00,1,NEUTRAL,0.9999999998835847,True,5,False,BEAR_STRUCTURE,BEAR_STRUCTURE,0.3,0.95,0.3
2026-01-15 00:00:00+00:00,1,NEUTRAL,0.9999999973219929,True,6,False,BEAR_STRUCTURE,BEAR_STRUCTURE,0.3,0.95,0.3
2026-01-16 00:00:00+00:00,1,NEUTRAL,0.9999995276103825,True,7,False,BEAR_STRUCTURE,BEAR_STRUCTURE,0.3,0.95,0.3
2026-01-17 00:00:00+00:00,1,NEUTRAL,0.999981582304359,True,8,False,BEAR_STRUCTURE,BEAR_STRUCTURE,0.3,0.95,0.3
2026-01-18 00:00:00+00:00,1,NEUTRAL,0.3877477064484698,False,8,False,BEAR_STRUCTURE,BEAR_STRUCTURE,0.3,0.2967294120791472135460450561,0.2967294120791472135460450561
2026-01-19 00:00:00+00:00,1,NEUTRAL,2.832081519323703e-05,False,8,False,BEAR_STRUCTURE,BEAR_STRUCTURE,0.3,0.2944000870042163323413291165,0.2944000870042163323413291165
2026-01-20 00:00:00+00:00,1,NEUTRAL,1.9989953058917524e-10,False,8,False,BEAR_STRUCTURE,BEAR_STRUCTURE,0.3,0.2848463013972686386404760046,0.2848463013972686386404760046
2026-01-21 00:00:00+00:00,1,NEUTRAL,2.0231770503277954e-15,False,8,False,BEAR_STRUCTURE,BEAR_STRUCTURE,0.3,0.2872045382499457031176541011,0.2872045382499457031176541011
2026-01-22 00:00:00+00:00,2,CRASH,0.9990488819836943,True,3,False,BEAR_STRUCTURE,BEAR_STRUCTURE,0.3,0.2874446136582141841615787562,0.2874446136582141841615787562
2026-01-23 00:00:00+00:00,2,CRASH,0.998718233638662,True,4,False,BEAR_STRUCTURE,BEAR_STRUCTURE,0.3,0.2875374296468498036178186750,0.2875374296468498036178186750
2026-01-24 00:00:00+00:00,2,CRASH,0.6789636707149808,True,5,False,BEAR_STRUCTURE,BEAR_STRUCTURE,0.3,0.2866791899098443556455861025,0.2866791899098443556455861025
2026-01-25 00:00:00+00:00,2,CRASH,0.0233121938198563,False,5,False,BEAR_STRUCTURE,BEAR_STRUCTURE,0.3,0.2807750011157960882451948643,0.2807750011157960882451948643
2026-01-26 00:00:00+00:00,2,CRASH,0.008283394594763053,False,5,False,BEAR_STRUCTURE,BEAR_STRUCTURE,0.3,0.2846606227996767331959007169,0.2846606227996767331959007169
2026-01-27 00:00:00+00:00,3,BULL,0.9736987599921347,True,3,False,BEAR_STRUCTURE,BEAR_STRUCTURE,0.3,0.95,0.3
2026-01-28 00:00:00+00:00,3,BULL,0.5358474695666162,True,4,False,BEAR_STRUCTURE,BEAR_STRUCTURE,0.3,0.3001215335409205423080790971,0.3
2026-01-29 00:00:00+00:00,3,BULL,2.827042278961868e-05,False,4,False,BEAR_STRUCTURE,BEAR_STRUCTURE,0.3,0.2888917184359089635683672958,0.2888917184359089635683672958
2026-01-30 00:00:00+00:00,3,BULL,6.426641649320716e-13,False,4,False,BEAR_STRUCTURE,BEAR_STRUCTURE,0.3,0.2879447882742225382028651008,0.2879447882742225382028651008
2026-01-31 00:00:00+00:00,3,BULL,2.8905269250885266e-15,False,4,False,BEAR_STRUCTURE,BEAR_STRUCTURE,0.3,0.2742561426693590618543412141,0.2742561426693590618543412141
2026-02-01 00:00:00+00:00,3,BULL,1.0381759380081322e-16,False,4,False,BEAR_STRUCTURE,BEAR_STRUCTURE,0.3,0.2697468573407087616005967387,0.2697468573407087616005967387
2026-02-02 00:00:00+00:00,2,CRASH,1.0,True,3,False,BEAR_STRUCTURE,BEAR_STRUCTURE,0.3,0.2742498737347173790248872633,0.2742498737347173790248872633
2026-02-03 00:00:00+00:00,2,CRASH,1.0,True,4,False,BEAR_STRUCTURE,BEAR_STRUCTURE,0.3,0.2666679081936789921711585522,0.2666679081936789921711585522
2026-02-04 00:00:00+00:00,2,CRASH,1.0,True,5,False,BEAR_STRUCTURE,BEAR_STRUCTURE,0.3,0.2598840560306071836653738650,0.2598840560306071836653738650
2026-02-05 00:00:00+00:00,2,CRASH,1.0,True,6,False,BEAR_STRUCTURE,BEAR_STRUCTURE,0.3,0.50,0.3
2026-02-06 00:00:00+00:00,2,CRASH,1.0,True,7,False,BEAR_STRUCTURE,BEAR_STRUCTURE,0.3,0.3247284614291673154113233467,0.3
2026-02-07 00:00:00+00:00,2,CRASH,1.0,True,8,False,BEAR_STRUCTURE,BEAR_STRUCTURE,0.3,0.2961469890143799887146314386,0.2961469890143799887146314386
2026-02-08 00:00:00+00:00,2,CRASH,1.0,True,9,False,BEAR_STRUCTURE,BEAR_STRUCTURE,0.3,0.2992647680280703413825092376,0.2992647680280703413825092376
2026-02-09 00:00:00+00:00,2,CRASH,0.9999999999236024,True,10,False,BEAR_STRUCTURE,BEAR_STRUCTURE,0.3,0.2986906751477283950646774520,0.2986906751477283950646774520
2026-02-10 00:00:00+00:00,2,CRASH,1.0,True,11,False,BEAR_STRUCTURE,BEAR_STRUCTURE,0.3,0.2947964087060537486384129327,0.2947964087060537486384129327
2026-02-11 00:00:00+00:00,2,CRASH,0.9999999999995453,True,12,False,BEAR_STRUCTURE,BEAR_STRUCTURE,0.3,0.2894448532867352563849035150,0.2894448532867352563849035150
2026-02-12 00:00:00+00:00,2,CRASH,0.9999999999781721,True,13,False,BEAR_STRUCTURE,BEAR_STRUCTURE,0.3,0.2869517053748020481368374856,0.2869517053748020481368374856
2026-02-13 00:00:00+00:00,2,CRASH,0.9999999999972715,True,14,False,BEAR_STRUCTURE,BEAR_STRUCTURE,0.3,0.2948346683352200393136824673,0.2948346683352200393136824673
2026-02-14 00:00:00+00:00,2,CRASH,0.9999999878991731,True,15,False,BEAR_STRUCTURE,BEAR_STRUCTURE,0.3,0.2977484808790653351395958223,0.2977484808790653351395958223
2026-02-15 00:00:00+00:00,2,CRASH,0.9999991597300215,True,16,False,BEAR_STRUCTURE,BEAR_STRUCTURE,0.3,0.2947701046901889245148727816,0.2947701046901889245148727816
2026-02-16 00:00:00+00:00,2,CRASH,0.9999995777926397,True,17,False,BEAR_STRUCTURE,BEAR_STRUCTURE,0.3,0.2949508108512006560972224898,0.2949508108512006560972224898
2026-02-17 00:00:00+00:00,2,CRASH,0.9999994754481588,True,18,False,BEAR_STRUCTURE,BEAR_STRUCTURE,0.3,0.2907332457099630193693441000,0.2907332457099630193693441000
2026-02-18 00:00:00+00:00,2,CRASH,0.9999278867735868,True,19,False,BEAR_STRUCTURE,BEAR_STRUCTURE,0.3,0.2875342277573585539115622511,0.2875342277573585539115622511
2026-02-19 00:00:00+00:00,2,CRASH,0.9999570523787521,True,20,False,BEAR_STRUCTURE,BEAR_STRUCTURE,0.3,0.2892032109534676547009885423,0.2892032109534676547009885423
2026-02-20 00:00:00+00:00,2,CRASH,0.9999974085073445,True,21,False,BEAR_STRUCTURE,BEAR_STRUCTURE,0.3,0.2923074996447112062436386531,0.2923074996447112062436386531
2026-02-21 00:00:00+00:00,2,CRASH,0.9999639532546573,True,22,False,BEAR_STRUCTURE,BEAR_STRUCTURE,0.3,0.2921734172613197253352168150,0.2921734172613197253352168150
2026-02-22 00:00:00+00:00,2,CRASH,0.9999897966201705,True,23,False,BEAR_STRUCTURE,BEAR_STRUCTURE,0.3,0.2911602890372961583847244837,0.2911602890372961583847244837
2026-02-23 00:00:00+00:00,2,CRASH,0.9999999750671126,True,24,False,BEAR_STRUCTURE,BEAR_STRUCTURE,0.3,0.2819267986505662628651652640,0.2819267986505662628651652640
2026-02-24 00:00:00+00:00,2,CRASH,0.9999991139406408,True,25,False,BEAR_STRUCTURE,BEAR_STRUCTURE,0.3,0.2800499185079931391301692965,0.2800499185079931391301692965
2026-02-25 00:00:00+00:00,2,CRASH,0.99999999863212,True,26,False,BEAR_STRUCTURE,BEAR_STRUCTURE,0.3,0.2922102584767032233522800480,0.2922102584767032233522800480
2026-02-26 00:00:00+00:00,2,CRASH,0.999854510914566,True,27,False,BEAR_STRUCTURE,BEAR_STRUCTURE,0.3,0.2906772168846078688072557957,0.2906772168846078688072557957
2026-02-27 00:00:00+00:00,2,CRASH,0.9994372550109536,True,28,False,BEAR_STRUCTURE,BEAR_STRUCTURE,0.3,0.2857143754545855975217641303,0.2857143754545855975217641303
2026-02-28 00:00:00+00:00,2,CRASH,0.9999955264856926,True,29,False,BEAR_STRUCTURE,BEAR_STRUCTURE,0.3,0.2891097179391270171734432706,0.2891097179391270171734432706
2026-03-01 00:00:00+00:00,2,CRASH,0.999993849461859,True,30,False,BEAR_STRUCTURE,BEAR_STRUCTURE,0.3,0.2854179763921549585850056676,0.2854179763921549585850056676
2026-03-02 00:00:00+00:00,2,CRASH,0.9999999990877768,True,31,False,BEAR_STRUCTURE,BEAR_STRUCTURE,0.3,0.2947624939774657647902215003,0.2947624939774657647902215003
2026-03-03 00:00:00+00:00,2,CRASH,0.9999999754572858,True,32,False,BEAR_STRUCTURE,BEAR_STRUCTURE,0.3,0.2932732575118429068509211617,0.2932732575118429068509211617
2026-03-04 00:00:00+00:00,2,CRASH,0.9947700131078895,True,33,False,BEAR_STRUCTURE,BEAR_STRUCTURE,0.3,0.3061626481368359511265129554,0.3
2026-03-05 00:00:00+00:00,2,CRASH,0.9920368086592716,True,34,False,BEAR_STRUCTURE,BEAR_STRUCTURE,0.3,0.2948310536202007169750396487,0.2948310536202007169750396487
2026-03-06 00:00:00+00:00,2,CRASH,0.9981049146151465,True,35,False,BEAR_STRUCTURE,BEAR_STRUCTURE,0.3,0.2865925096810753687380585137,0.2865925096810753687380585137
2026-03-07 00:00:00+00:00,2,CRASH,0.9999669489284787,True,36,False,BEAR_STRUCTURE,BEAR_STRUCTURE,0.3,0.2840285587123353075206562947,0.2840285587123353075206562947
2026-03-08 00:00:00+00:00,2,CRASH,0.9998712319305945,True,37,False,BEAR_STRUCTURE,BEAR_STRUCTURE,0.3,0.2801019068106403753556612985,0.2801019068106403753556612985
2026-03-09 00:00:00+00:00,2,CRASH,0.99999585851895,True,38,False,BEAR_STRUCTURE,BEAR_STRUCTURE,0.3,0.2875461910808936150417460150,0.2875461910808936150417460150
2026-03-10 00:00:00+00:00,2,CRASH,0.9989584093960798,True,39,False,BEAR_STRUCTURE,BEAR_STRUCTURE,0.3,0.2920572585986065058760818052,0.2920572585986065058760818052
2026-03-11 00:00:00+00:00,2,CRASH,0.8170303278788424,True,40,False,BEAR_STRUCTURE,BEAR_STRUCTURE,0.3,0.2927754880934109477218387198,0.2927754880934109477218387198
2026-03-12 00:00:00+00:00,2,CRASH,0.013402433219027277,False,40,False,BEAR_STRUCTURE,BEAR_STRUCTURE,0.3,0.2938049137338911712558491414,0.2938049137338911712558491414
2026-03-13 00:00:00+00:00,2,CRASH,1.939326957333555e-06,False,40,False,BEAR_STRUCTURE,BEAR_STRUCTURE,0.3,0.2949462337472229615928335396,0.2949462337472229615928335396
2026-03-14 00:00:00+00:00,3,BULL,0.9999988004526958,True,3,False,BEAR_STRUCTURE,BEAR_STRUCTURE,0.3,0.95,0.3
2026-03-15 00:00:00+00:00,3,BULL,0.9999997526820458,True,4,False,BEAR_STRUCTURE,BEAR_STRUCTURE,0.3,0.95,0.3
2026-03-16 00:00:00+00:00,3,BULL,0.9999998917655889,True,5,False,BEAR_STRUCTURE,BEAR_STRUCTURE,0.3,0.95,0.3
2026-03-17 00:00:00+00:00,3,BULL,0.9999966407214778,True,6,False,BEAR_STRUCTURE,BEAR_STRUCTURE,0.3,0.95,0.3
2026-03-18 00:00:00+00:00,3,BULL,0.999402378361486,True,7,False,BEAR_STRUCTURE,BEAR_STRUCTURE,0.3,0.95,0.3
2026-03-19 00:00:00+00:00,3,BULL,0.9998805984654083,True,8,False,BEAR_STRUCTURE,BEAR_STRUCTURE,0.3,0.95,0.3
2026-03-20 00:00:00+00:00,3,BULL,0.9999721611803294,True,9,False,BEAR_STRUCTURE,BEAR_STRUCTURE,0.3,0.95,0.3
2026-03-21 00:00:00+00:00,1,EUPHORIA,0.9859843317318162,True,1,False,BEAR_STRUCTURE,BEAR_STRUCTURE,0.3,0.60,0.3
2026-03-22 00:00:00+00:00,1,EUPHORIA,0.9590826197998348,True,2,False,BEAR_STRUCTURE,BEAR_STRUCTURE,0.3,0.60,0.3
2026-03-23 00:00:00+00:00,1,EUPHORIA,0.9999915682447725,True,3,False,BEAR_STRUCTURE,BEAR_STRUCTURE,0.3,0.60,0.3
2026-03-24 00:00:00+00:00,1,EUPHORIA,0.997716064569226,True,4,False,BEAR_STRUCTURE,BEAR_STRUCTURE,0.3,0.60,0.3
2026-03-25 00:00:00+00:00,1,EUPHORIA,0.999791374133396,True,5,False,BEAR_STRUCTURE,BEAR_STRUCTURE,0.3,0.60,0.3
2026-03-26 00:00:00+00:00,1,EUPHORIA,0.9999908054587435,True,6,False,BEAR_STRUCTURE,BEAR_STRUCTURE,0.3,0.60,0.3
2026-03-27 00:00:00+00:00,1,EUPHORIA,0.9999843577643472,True,7,False,BEAR_STRUCTURE,BEAR_STRUCTURE,0.3,0.60,0.3
2026-03-28 00:00:00+00:00,1,EUPHORIA,0.9933613170886815,True,8,False,BEAR_STRUCTURE,BEAR_STRUCTURE,0.3,0.60,0.3
2026-03-29 00:00:00+00:00,1,EUPHORIA,0.9171554592701167,True,9,False,BEAR_STRUCTURE,BEAR_STRUCTURE,0.3,0.60,0.3
2026-03-30 00:00:00+00:00,1,EUPHORIA,0.8947728231754207,True,10,False,BEAR_STRUCTURE,BEAR_STRUCTURE,0.3,0.60,0.3
2026-03-31 00:00:00+00:00,1,EUPHORIA,0.9817404737037797,True,11,False,BEAR_STRUCTURE,BEAR_STRUCTURE,0.3,0.60,0.3
2026-04-01 00:00:00+00:00,1,EUPHORIA,0.995407304181484,True,12,False,BEAR_STRUCTURE,BEAR_STRUCTURE,0.3,0.60,0.3
2026-04-02 00:00:00+00:00,1,EUPHORIA,0.9840839336701824,True,13,False,BEAR_STRUCTURE,BEAR_STRUCTURE,0.3,0.60,0.3
2026-04-03 00:00:00+00:00,1,EUPHORIA,0.9856025838538055,True,14,False,BEAR_STRUCTURE,BEAR_STRUCTURE,0.3,0.60,0.3
2026-04-04 00:00:00+00:00,1,EUPHORIA,0.9420366907380074,True,15,False,BEAR_STRUCTURE,BEAR_STRUCTURE,0.3,0.60,0.3
2026-04-05 00:00:00+00:00,1,EUPHORIA,0.9869828190117983,True,16,False,BEAR_STRUCTURE,BEAR_STRUCTURE,0.3,0.60,0.3
2026-04-06 00:00:00+00:00,1,EUPHORIA,0.9012579875248129,True,17,False,BEAR_STRUCTURE,BEAR_STRUCTURE,0.3,0.60,0.3
2026-04-07 00:00:00+00:00,1,EUPHORIA,0.9999846922531324,True,18,False,BEAR_STRUCTURE,BEAR_STRUCTURE,0.3,0.95,0.3
2026-04-08 00:00:00+00:00,1,EUPHORIA,0.9999824892229955,True,19,False,BEAR_STRUCTURE,BEAR_STRUCTURE,0.3,0.95,0.3
2026-04-09 00:00:00+00:00,1,EUPHORIA,0.9999688394607915,True,20,False,BEAR_STRUCTURE,BEAR_STRUCTURE,0.3,0.95,0.3
2026-04-10 00:00:00+00:00,1,EUPHORIA,0.9991901809375365,True,21,False,BEAR_STRUCTURE,BEAR_STRUCTURE,0.3,0.95,0.3
2026-04-11 00:00:00+00:00,1,EUPHORIA,0.998117824299352,True,22,False,BEAR_STRUCTURE,BEAR_STRUCTURE,0.3,0.95,0.3
2026-04-12 00:00:00+00:00,1,EUPHORIA,0.9838969541464998,True,23,False,BEAR_STRUCTURE,BEAR_STRUCTURE,0.3,0.95,0.3
2026-04-13 00:00:00+00:00,1,EUPHORIA,0.9999991354247058,True,24,False,BEAR_STRUCTURE,BEAR_STRUCTURE,0.3,0.95,0.3
2026-04-14 00:00:00+00:00,1,EUPHORIA,0.999974438191857,True,25,False,BEAR_STRUCTURE,BEAR_STRUCTURE,0.3,0.95,0.3
2026-04-15 00:00:00+00:00,1,EUPHORIA,0.9999759261332808,True,26,False,BEAR_STRUCTURE,BEAR_STRUCTURE,0.3,0.95,0.3
2026-04-16 00:00:00+00:00,1,EUPHORIA,0.9996345474213321,True,27,False,BEAR_STRUCTURE,BEAR_STRUCTURE,0.3,0.95,0.3
2026-04-17 00:00:00+00:00,1,EUPHORIA,0.9970242578529455,True,28,False,BEAR_STRUCTURE,BEAR_STRUCTURE,0.3,0.95,0.3
2026-04-18 00:00:00+00:00,1,EUPHORIA,0.8904626823836655,True,29,False,BEAR_STRUCTURE,BEAR_STRUCTURE,0.3,0.95,0.3
2026-04-19 00:00:00+00:00,1,EUPHORIA,0.7992350457561146,True,30,False,BEAR_STRUCTURE,BEAR_STRUCTURE,0.3,0.95,0.3
2026-04-20 00:00:00+00:00,1,EUPHORIA,0.9094663823561137,True,31,False,BEAR_STRUCTURE,BEAR_STRUCTURE,0.3,0.95,0.3
2026-04-21 00:00:00+00:00,1,EUPHORIA,0.9432320359431814,True,32,False,BEAR_STRUCTURE,BEAR_STRUCTURE,0.3,0.95,0.3
2026-04-22 00:00:00+00:00,1,EUPHORIA,0.9928534680530118,True,33,False,BEAR_STRUCTURE,BEAR_STRUCTURE,0.3,0.95,0.3
2026-04-23 00:00:00+00:00,1,EUPHORIA,0.964213545596159,True,34,False,BEAR_STRUCTURE,BEAR_STRUCTURE,0.3,0.95,0.3
2026-04-24 00:00:00+00:00,1,EUPHORIA,0.9512146773661837,True,35,False,BEAR_STRUCTURE,BEAR_STRUCTURE,0.3,0.95,0.3
2026-04-25 00:00:00+00:00,1,EUPHORIA,0.26269443756202304,False,35,False,BEAR_STRUCTURE,BEAR_STRUCTURE,0.3,0.3005093957180791640594497855,0.3
2026-04-26 00:00:00+00:00,1,EUPHORIA,0.014088371400734873,False,35,False,BEAR_STRUCTURE,BEAR_STRUCTURE,0.3,0.3027814368449550136761999184,0.3
2026-04-27 00:00:00+00:00,3,BULL,0.9998921106959406,True,3,False,BEAR_STRUCTURE,BEAR_STRUCTURE,0.3,0.95,0.3
2026-04-28 00:00:00+00:00,3,BULL,0.9998571512999195,True,4,False,BEAR_STRUCTURE,BEAR_STRUCTURE,0.3,0.95,0.3
2026-04-29 00:00:00+00:00,3,BULL,0.9999076488416095,True,5,False,BEAR_STRUCTURE,BEAR_STRUCTURE,0.3,0.95,0.3
2026-04-30 00:00:00+00:00,3,BULL,0.9999218851919454,True,6,False,BEAR_STRUCTURE,BEAR_STRUCTURE,0.3,0.95,0.3
2026-05-01 00:00:00+00:00,3,BULL,0.9998894057226707,True,7,False,BEAR_STRUCTURE,BEAR_STRUCTURE,0.3,0.95,0.3
2026-05-02 00:00:00+00:00,3,BULL,0.9999331632752273,True,8,False,BEAR_STRUCTURE,BEAR_STRUCTURE,0.3,0.95,0.3
2026-05-03 00:00:00+00:00,3,BULL,0.9976781696409275,True,9,False,BEAR_STRUCTURE,BEAR_STRUCTURE,0.3,0.95,0.3
2026-05-04 00:00:00+00:00,3,BULL,0.9989233886751773,True,10,False,BEAR_STRUCTURE,BEAR_STRUCTURE,0.3,0.95,0.3
2026-05-05 00:00:00+00:00,3,BULL,0.9971622114881745,True,11,False,BEAR_STRUCTURE,BEAR_STRUCTURE,0.3,0.95,0.3
2026-05-06 00:00:00+00:00,3,BULL,0.9907687713408885,True,12,False,BEAR_STRUCTURE,BEAR_STRUCTURE,0.3,0.95,0.3
2026-05-07 00:00:00+00:00,3,BULL,0.8149460205809433,True,13,False,BEAR_STRUCTURE,BEAR_STRUCTURE,0.3,0.95,0.3
2026-05-08 00:00:00+00:00,3,BULL,0.35367572944231157,False,13,False,BEAR_STRUCTURE,BEAR_STRUCTURE,0.3,0.3004919056526322671947427008,0.3
2026-05-09 00:00:00+00:00,3,BULL,0.0044784315202821235,False,13,False,BEAR_STRUCTURE,BEAR_STRUCTURE,0.3,0.3012682355931834713300856891,0.3
2026-05-10 00:00:00+00:00,2,BEAR,0.9986939796342997,True,3,False,BEAR_STRUCTURE,BEAR_STRUCTURE,0.3,0.95,0.3
2026-05-11 00:00:00+00:00,2,BEAR,0.9998585406093015,True,4,False,BEAR_STRUCTURE,BEAR_STRUCTURE,0.3,0.95,0.3
2026-05-12 00:00:00+00:00,2,BEAR,0.9999855086861761,True,5,False,BEAR_STRUCTURE,BEAR_STRUCTURE,0.3,0.95,0.3
2026-05-13 00:00:00+00:00,2,BEAR,0.9999847501588658,True,6,False,BEAR_STRUCTURE,BEAR_STRUCTURE,0.3,0.95,0.3
2026-05-14 00:00:00+00:00,2,BEAR,0.9997384989264022,True,7,False,BEAR_STRUCTURE,BEAR_STRUCTURE,0.3,0.95,0.3
2026-05-15 00:00:00+00:00,2,BEAR,0.9949241402777851,True,8,False,BEAR_STRUCTURE,BEAR_STRUCTURE,0.3,0.95,0.3
2026-05-16 00:00:00+00:00,2,BEAR,0.9864855249844041,True,9,False,BEAR_STRUCTURE,BEAR_STRUCTURE,0.3,0.95,0.3
2026-05-17 00:00:00+00:00,2,BEAR,0.9759912735933778,True,10,False,BEAR_STRUCTURE,BEAR_STRUCTURE,0.3,0.95,0.3
2026-05-18 00:00:00+00:00,2,BEAR,0.9347110116782563,True,11,False,BEAR_STRUCTURE,BEAR_STRUCTURE,0.3,0.95,0.3
2026-05-19 00:00:00+00:00,2,BEAR,0.6680846700988875,True,12,False,BEAR_STRUCTURE,BEAR_STRUCTURE,0.3,0.95,0.3
2026-05-20 00:00:00+00:00,2,BEAR,0.20801245667030996,False,12,False,BEAR_STRUCTURE,BEAR_STRUCTURE,0.3,0.3019565613316142660252696414,0.3
2026-05-21 00:00:00+00:00,2,BEAR,0.05011584872441684,False,12,False,BEAR_STRUCTURE,BEAR_STRUCTURE,0.3,0.3001719591708552591407939945,0.3
2026-05-22 00:00:00+00:00,3,BULL,0.9330186847247106,True,3,False,BEAR_STRUCTURE,BEAR_STRUCTURE,0.3,0.95,0.3
2026-05-23 00:00:00+00:00,3,BULL,0.8886985590714207,True,4,False,BEAR_STRUCTURE,BEAR_STRUCTURE,0.3,0.95,0.3
2026-05-24 00:00:00+00:00,3,BULL,0.9041862433162795,True,5,False,BEAR_STRUCTURE,BEAR_STRUCTURE,0.3,0.95,0.3
2026-05-25 00:00:00+00:00,3,BULL,0.9649068153274479,True,6,False,BEAR_STRUCTURE,BEAR_STRUCTURE,0.3,0.95,0.3
2026-05-26 00:00:00+00:00,3,BULL,0.8033514734103389,True,7,False,BEAR_STRUCTURE,BEAR_STRUCTURE,0.3,0.95,0.3
2026-05-27 00:00:00+00:00,3,BULL,0.4453751700812241,False,7,False,BEAR_STRUCTURE,BEAR_STRUCTURE,0.3,0.2958813833185211187156068620,0.2958813833185211187156068620
2026-05-28 00:00:00+00:00,3,BULL,0.5963424305137143,True,8,False,BEAR_STRUCTURE,BEAR_STRUCTURE,0.3,0.95,0.3
2026-05-29 00:00:00+00:00,3,BULL,0.8932376092348888,True,9,False,BEAR_STRUCTURE,BEAR_STRUCTURE,0.3,0.95,0.3
2026-05-30 00:00:00+00:00,3,BULL,0.9210288722032859,True,10,False,BEAR_STRUCTURE,BEAR_STRUCTURE,0.3,0.95,0.3
2026-05-31 00:00:00+00:00,3,BULL,0.938058306126896,True,11,False,BEAR_STRUCTURE,BEAR_STRUCTURE,0.3,0.95,0.3
2026-06-01 00:00:00+00:00,3,BULL,0.10490652033891802,False,11,False,BEAR_STRUCTURE,BEAR_STRUCTURE,0.3,0.2934822569489330617354205862,0.2934822569489330617354205862
2026-06-02 00:00:00+00:00,3,BULL,1.2168461072820488e-11,False,11,False,BEAR_STRUCTURE,BEAR_STRUCTURE,0.3,0.2797227825290629771740812451,0.2797227825290629771740812451
2026-06-03 00:00:00+00:00,0,CRASH,0.999999999920874,True,3,False,BEAR_STRUCTURE,BEAR_STRUCTURE,0.3,0.2717340286182516126205266995,0.2717340286182516126205266995
2026-06-04 00:00:00+00:00,0,CRASH,0.9999999999890861,True,4,False,BEAR_STRUCTURE,BEAR_STRUCTURE,0.3,0.2709410043242872446849775132,0.2709410043242872446849775132
2026-06-05 00:00:00+00:00,0,CRASH,1.0,True,5,False,BEAR_STRUCTURE,BEAR_STRUCTURE,0.3,0.2620860237822207882518006353,0.2620860237822207882518006353
2026-06-06 00:00:00+00:00,0,CRASH,0.9957831678125504,True,6,False,BEAR_STRUCTURE,BEAR_STRUCTURE,0.3,0.2615412854627982404753153880,0.2615412854627982404753153880
2026-06-07 00:00:00+00:00,0,CRASH,0.9207455622240948,True,7,False,BEAR_STRUCTURE,BEAR_STRUCTURE,0.3,0.2692240947887336170136322246,0.2692240947887336170136322246
2026-06-08 00:00:00+00:00,0,CRASH,0.8193251957284768,True,8,False,BEAR_STRUCTURE,BEAR_STRUCTURE,0.3,0.2684590273420247138354056961,0.2684590273420247138354056961
2026-06-09 00:00:00+00:00,0,CRASH,0.23583565950907906,False,8,False,BEAR_STRUCTURE,BEAR_STRUCTURE,0.3,0.2642132861450256053993999769,0.2642132861450256053993999769
2026-06-10 00:00:00+00:00,0,CRASH,0.10779071618204208,False,8,False,BEAR_STRUCTURE,BEAR_STRUCTURE,0.3,0.2635229167052641771043102660,0.2635229167052641771043102660
2026-06-11 00:00:00+00:00,1,EUPHORIA,0.9992626778638655,True,3,False,BEAR_STRUCTURE,BEAR_STRUCTURE,0.3,0.60,0.3
2026-06-12 00:00:00+00:00,1,EUPHORIA,0.999014984170582,True,4,False,BEAR_STRUCTURE,BEAR_STRUCTURE,0.3,0.60,0.3
2026-06-13 00:00:00+00:00,1,EUPHORIA,0.99997978007629,True,5,False,BEAR_STRUCTURE,BEAR_STRUCTURE,0.3,0.60,0.3
2026-06-14 00:00:00+00:00,1,EUPHORIA,0.9999060533181703,True,6,False,BEAR_STRUCTURE,BEAR_STRUCTURE,0.3,0.60,0.3
2026-06-15 00:00:00+00:00,1,EUPHORIA,0.9998399074689003,True,7,False,BEAR_STRUCTURE,BEAR_STRUCTURE,0.3,0.60,0.3
2026-06-16 00:00:00+00:00,1,EUPHORIA,0.9975869423552781,True,8,False,BEAR_STRUCTURE,BEAR_STRUCTURE,0.3,0.60,0.3
2026-06-17 00:00:00+00:00,1,EUPHORIA,0.9919710955785621,True,9,False,BEAR_STRUCTURE,BEAR_STRUCTURE,0.3,0.60,0.3
2026-06-18 00:00:00+00:00,1,EUPHORIA,0.9940684363024634,True,10,False,BEAR_STRUCTURE,BEAR_STRUCTURE,0.3,0.60,0.3
2026-06-19 00:00:00+00:00,1,EUPHORIA,0.9938694537158623,True,11,False,BEAR_STRUCTURE,BEAR_STRUCTURE,0.3,0.60,0.3
2026-06-20 00:00:00+00:00,1,EUPHORIA,0.9961539465182314,True,12,False,BEAR_STRUCTURE,BEAR_STRUCTURE,0.3,0.60,0.3
2026-06-21 00:00:00+00:00,1,EUPHORIA,0.9956911932573733,True,13,False,BEAR_STRUCTURE,BEAR_STRUCTURE,0.3,0.60,0.3
2026-06-22 00:00:00+00:00,1,EUPHORIA,0.9903445267496728,True,14,False,BEAR_STRUCTURE,BEAR_STRUCTURE,0.3,0.60,0.3
2026-06-23 00:00:00+00:00,1,EUPHORIA,0.981184134184938,True,15,False,BEAR_STRUCTURE,BEAR_STRUCTURE,0.3,0.60,0.3
2026-06-24 00:00:00+00:00,1,EUPHORIA,0.44937927988302434,False,15,False,BEAR_STRUCTURE,BEAR_STRUCTURE,0.3,0.2944113904420425325187421406,0.2944113904420425325187421406
2026-06-25 00:00:00+00:00,1,EUPHORIA,0.0003715718526568174,False,15,False,BEAR_STRUCTURE,BEAR_STRUCTURE,0.3,0.2900171952583417860848783278,0.2900171952583417860848783278
2026-06-26 00:00:00+00:00,1,EUPHORIA,9.994217959596162e-06,False,15,False,BEAR_STRUCTURE,BEAR_STRUCTURE,0.3,0.2910600049775238614897653304,0.2910600049775238614897653304
2026-06-27 00:00:00+00:00,0,CRASH,0.9991483517642528,True,3,False,BEAR_STRUCTURE,BEAR_STRUCTURE,0.3,0.2908255222869593202256032574,0.2908255222869593202256032574
2026-06-28 00:00:00+00:00,0,CRASH,0.998839611063175,True,4,False,BEAR_STRUCTURE,BEAR_STRUCTURE,0.3,0.2892691790473277081548812410,0.2892691790473277081548812410
2026-06-29 00:00:00+00:00,0,CRASH,0.9986201761653465,True,5,False,BEAR_STRUCTURE,BEAR_STRUCTURE,0.3,0.2916190186024197422295692387,0.2916190186024197422295692387
2026-06-30 00:00:00+00:00,0,CRASH,0.9985730362435817,True,6,False,BEAR_STRUCTURE,BEAR_STRUCTURE,0.3,0.2859676499255699096457392263,0.2859676499255699096457392263
2026-07-01 00:00:00+00:00,0,CRASH,0.9662482988326352,True,7,False,BEAR_STRUCTURE,BEAR_STRUCTURE,0.3,0.2908083430041087493198214264,0.2908083430041087493198214264
2026-07-02 00:00:00+00:00,0,CRASH,0.6522290741382266,True,8,False,BEAR_STRUCTURE,BEAR_STRUCTURE,0.3,0.2960469622180571047044945961,0.2960469622180571047044945961
2026-07-03 00:00:00+00:00,0,CRASH,0.02209917138278905,False,8,False,BEAR_STRUCTURE,BEAR_STRUCTURE,0.3,0.2994941090869783871467474155,0.2994941090869783871467474155
2026-07-04 00:00:00+00:00,0,CRASH,0.0005259488463852516,False,8,False,BEAR_STRUCTURE,BEAR_STRUCTURE,0.3,0.3013688761460959146038442582,0.3
2026-07-05 00:00:00+00:00,0,CRASH,0.0057083376909478995,False,8,False,BEAR_STRUCTURE,BEAR_STRUCTURE,0.3,0.3016785816584193221440967763,0.3
2026-07-06 00:00:00+00:00,0,CRASH,0.00025206522645561044,False,8,False,BEAR_STRUCTURE,BEAR_STRUCTURE,0.3,0.3012909935787804831721614679,0.3
2026-07-07 00:00:00+00:00,0,CRASH,0.000839110099074407,False,8,False,BEAR_STRUCTURE,BEAR_STRUCTURE,0.3,0.2977664683592445686561834643,0.2977664683592445686561834643
2026-07-08 00:00:00+00:00,3,BULL,0.9933853278081466,True,3,False,BEAR_STRUCTURE,BEAR_STRUCTURE,0.3,0.95,0.3
2026-07-09 00:00:00+00:00,3,BULL,0.9961049013132528,True,4,False,BEAR_STRUCTURE,BEAR_STRUCTURE,0.3,0.95,0.3
2026-07-10 00:00:00+00:00,3,BULL,0.9984269973420118,True,5,False,BEAR_STRUCTURE,BEAR_STRUCTURE,0.3,0.95,0.3
2026-07-11 00:00:00+00:00,3,BULL,0.998965500703059,True,6,False,BEAR_STRUCTURE,BEAR_STRUCTURE,0.3,0.95,0.3
2026-07-12 00:00:00+00:00,3,BULL,0.9996407370485121,True,7,False,BEAR_STRUCTURE,BEAR_STRUCTURE,0.3,0.95,0.3
2026-07-13 00:00:00+00:00,3,BULL,0.996432145884719,True,8,False,BEAR_STRUCTURE,BEAR_STRUCTURE,0.3,0.95,0.3
2026-07-14 00:00:00+00:00,3,BULL,0.986755478086091,True,9,False,BEAR_STRUCTURE,BEAR_STRUCTURE,0.3,0.95,0.3
2026-07-15 00:00:00+00:00,3,BULL,0.9849244403564261,True,10,False,BEAR_STRUCTURE,BEAR_STRUCTURE,0.3,0.95,0.3
2026-07-16 00:00:00+00:00,3,BULL,0.9473313789097566,True,11,False,BEAR_STRUCTURE,BEAR_STRUCTURE,0.3,0.95,0.3
2026-07-17 00:00:00+00:00,3,BULL,0.9752422123034176,True,12,False,BEAR_STRUCTURE,BEAR_STRUCTURE,0.3,0.95,0.3
2026-07-18 00:00:00+00:00,3,BULL,0.9982955618024534,True,13,False,BEAR_STRUCTURE,BEAR_STRUCTURE,0.3,0.95,0.3
2026-07-19 00:00:00+00:00,3,BULL,0.9999362280085541,True,14,False,BEAR_STRUCTURE,BEAR_STRUCTURE,0.3,0.95,0.3
2026-07-20 00:00:00+00:00,3,BULL,0.9995969570207672,True,15,False,BEAR_STRUCTURE,BEAR_STRUCTURE,0.3,0.95,0.3
2026-07-21 00:00:00+00:00,3,BULL,0.9987758858156046,True,16,False,BEAR_STRUCTURE,BEAR_STRUCTURE,0.3,0.95,0.3
2026-07-22 00:00:00+00:00,3,BULL,0.9937617227729495,True,17,False,BEAR_STRUCTURE,BEAR_STRUCTURE,0.3,0.95,0.3
2026-07-23 00:00:00+00:00,3,BULL,0.9897542715677106,True,18,False,BEAR_STRUCTURE,BEAR_STRUCTURE,0.3,0.95,0.3
2026-07-24 00:00:00+00:00,3,BULL,0.9906762480463808,True,19,False,BEAR_STRUCTURE,BEAR_STRUCTURE,0.3,0.95,0.3
2026-07-25 00:00:00+00:00,3,BULL,0.99475397820899,True,20,False,BEAR_STRUCTURE,BEAR_STRUCTURE,0.3,0.95,0.3
2026-07-26 00:00:00+00:00,3,BULL,0.9967651147802628,True,21,False,BEAR_STRUCTURE,BEAR_STRUCTURE,0.3,0.95,0.3
2026-07-27 00:00:00+00:00,3,BULL,0.9871096857388652,True,22,False,BEAR_STRUCTURE,BEAR_STRUCTURE,0.3,0.95,0.3
2026-07-28 00:00:00+00:00,3,BULL,0.9921493460638148,True,23,False,BEAR_STRUCTURE,BEAR_STRUCTURE,0.3,0.95,0.3
2026-07-29 00:00:00+00:00,3,BULL,0.9820291687812758,True,24,False,BEAR_STRUCTURE,BEAR_STRUCTURE,0.3,0.95,0.3
2026-07-30 00:00:00+00:00,3,BULL,0.9746807070760687,True,25,False,BEAR_STRUCTURE,BEAR_STRUCTURE,0.3,0.95,0.3
2026-07-31 00:00:00+00:00,3,BULL,0.8630587150476093,True,26,False,BEAR_STRUCTURE,BEAR_STRUCTURE,0.3,0.95,0.3
2026-08-01 00:00:00+00:00,3,BULL,0.9899543913685456,True,27,False,BEAR_STRUCTURE,BEAR_STRUCTURE,0.3,0.95,0.3
2026-08-02 00:00:00+00:00,3,BULL,0.9962673158698567,True,28,False,BEAR_STRUCTURE,BEAR_STRUCTURE,0.3,0.95,0.3
2026-08-03 00:00:00+00:00,3,BULL,0.98830525579784,True,29,False,BEAR_STRUCTURE,BEAR_STRUCTURE,0.3,0.95,0.3
2026-08-04 00:00:00+00:00,3,BULL,0.9827238484065328,True,30,False,BEAR_STRUCTURE,BEAR_STRUCTURE,0.3,0.95,0.3
