timestamp,cash,qty,price,equity,allocation_pct
2022-10-22 00:00:00+00:00,10000,0,19204.35,10000.00,0
2022-10-23 00:00:00+00:00,6996.101840038945,0.156215,19570.4,10053.291876038945,0.3040984061436153699087863725
2022-10-24 00:00:00+00:00,7037.263522597825,0.154109,19329.72,10016.147342077825,0.2974081468396248569255727903
2022-10-25 00:00:00+00:00,7011.365556152185,0.155447,20080.07,10132.752197442185,0.3080492427395918133493848822
2022-10-26 00:00:00+00:00,7092.720241532803,0.151390,20771.59,10237.331251632803,0.3071709738412977808448864502
2022-10-27 00:00:00+00:00,7166.052426949048,0.147855,20295.11,10166.785915999048,0.2951506517244422896551175563
2022-10-28 00:00:00+00:00,7166.052426949048,0.147855,20591.84,10210.658930149048,0.2981792383849175325335448073
2022-10-29 00:00:00+00:00,7166.052426949048,0.147855,20809.67,10242.866184799048,0.3003860152362581285185223323
2022-10-30 00:00:00+00:00,7166.052426949048,0.147855,20627.48,10215.928482349048,0.2985412496445660585326387670
2022-10-31 00:00:00+00:00,7166.052426949048,0.147855,20490.74,10195.710789649048,0.2971502845859249295826681178
2022-11-01 00:00:00+00:00,7166.052426949048,0.147855,20483.62,10194.658062049048,0.2970777064484763621151960841
2022-11-02 00:00:00+00:00,7136.149666850974,0.149313,20151.84,10145.081352770974,0.2965901978793059429751727022
2022-11-03 00:00:00+00:00,7101.524154686302,0.151029,20207.82,10153.491001466302,0.3005830060162809556941858915
2022-11-04 00:00:00+00:00,7107.376601402062,0.150739,21148.52,10295.283357682062,0.3096473060065190140808459176
2022-11-05 00:00:00+00:00,7206.582064864090,0.146042,21299.37,10317.184658404090,0.3014972297705450242433782812
2022-11-06 00:00:00+00:00,7222.025305138684,0.145316,20905.58,10259.940568418684,0.2960948207274283926513439986
2022-11-07 00:00:00+00:00,7222.025305138684,0.145316,20591.13,10214.245952218684,0.2929458191115953888177334418
2022-11-08 00:00:00+00:00,7222.025305138684,0.145316,18547.23,9917.234579818684,0.2717702453226911865385087095
2022-11-09 00:00:00+00:00,6941.514604395320,0.160422,15922.81,9495.883630215320,0.2689975072664279750377893719
2022-11-10 00:00:00+00:00,6941.514604395320,0.160422,17601.15,9765.126289695320,0.2891526030011127500822499893
2022-11-11 00:00:00+00:00,6941.514604395320,0.160422,17070.31,9679.967875215320,0.2828990040175196538506020267
2022-11-12 00:00:00+00:00,6941.514604395320,0.160422,16812.08,9638.542102155320,0.2798169545949179307337861278
2022-11-13 00:00:00+00:00,6941.514604395320,0.160422,16329.85,9561.181801095320,0.2739898948893423811196441744
2022-11-14 00:00:00+00:00,6941.514604395320,0.160422,16619.46,9607.641616515320,0.2775006727495941969073005354
2022-11-15 00:00:00+00:00,6941.514604395320,0.160422,16900.57,9652.737844935320,0.2808760876027051230195450281
2022-11-16 00:00:00+00:00,6941.514604395320,0.160422,16662.76,9614.587889115320,0.2780226584382454571817479107
2022-11-17 00:00:00+00:00,6941.514604395320,0.160422,16692.56,9619.368464715320,0.2783814623738139169730387644
2022-11-18 00:00:00+00:00,6941.514604395320,0.160422,16700.45,9620.634194295320,0.2784764014298162129175064107
2022-11-19 00:00:00+00:00,6941.514604395320,0.160422,16700.68,9620.671091355320,0.2784791686067891146670358291
2022-11-20 00:00:00+00:00,6941.514604395320,0.160422,16280.23,9553.221661455320,0.2733849532244745810570208891
2022-11-21 00:00:00+00:00,6941.514604395320,0.160422,15781.29,9473.180708775320,0.2672456255410428429046197672
2022-11-22 00:00:00+00:00,6941.514604395320,0.160422,16226.94,9544.672773075320,0.2727341450639648517779292723
2022-11-23 00:00:00+00:00,6941.514604395320,0.160422,16603.11,9605.018716815320,0.2773033755527258893312448521
2022-11-24 00:00:00+00:00,6941.514604395320,0.160422,16598.95,9604.351361295320,0.2772531591910511318316292468
2022-11-25 00:00:00+00:00,6941.514604395320,0.160422,16522.14,9592.029347475320,0.2763247115979301578009727744
2022-11-26 00:00:00+00:00,6941.514604395320,0.160422,16458.57,9581.831320935320,0.2755544976847148637997034260
2022-11-27 00:00:00+00:00,6941.514604395320,0.160422,16428.78,9577.052349555320,0.2751929976954101981300326720
2022-11-28 00:00:00+00:00,6941.514604395320,0.160422,16212.91,9542.422052415320,0.2725626087101936640844862903
2022-11-29 00:00:00+00:00,6941.514604395320,0.160422,16442.53,9579.258152055320,0.2753598979994131690086926121
2022-11-30 00:00:00+00:00,6941.514604395320,0.160422,17163.64,9694.940060475320,0.2840064444859503398319038276
2022-12-01 00:00:00+00:00,6941.514604395320,0.160422,16977.37,9665.058254535320,0.2817927816277754520132268667
2022-12-02 00:00:00+00:00,6941.514604395320,0.160422,17092.74,9683.566140675320,0.2831654678086158759152633336
2022-12-03 00:00:00+00:00,6941.514604395320,0.160422,16885.2,9650.272158795320,0.2806923483428621207095240244
2022-12-04 00:00:00+00:00,6941.514604395320,0.160422,17105.7,9685.645209795320,0.2833193396992072769150743800
2022-12-05 00:00:00+00:00,6941.514604395320,0.160422,16966.35,9663.290404095320,0.2816613892247827385462784762
2022-12-06 00:00:00+00:00,6941.514604395320,0.160422,17088.96,9682.959745515320,0.2831205760604039673971145511
2022-12-07 00:00:00+00:00,6941.514604395320,0.160422,16836.64,9642.482066475320,0.2801112248339708275908466684
2022-12-08 00:00:00+00:00,6941.514604395320,0.160422,17224.1,9704.639174595320,0.2847220304113183385065784587
2022-12-09 00:00:00+00:00,6793.056807026680,0.169030,17128.56,9688.297303826680,0.2988389400123424169728533743
2022-12-10 00:00:00+00:00,6781.805864430712,0.169686,17127.49,9688.101132570712,0.2999860579870745260170433080
2022-12-11 00:00:00+00:00,6781.805864430712,0.169686,17085.05,9680.899658730712,0.2994653282750900599248265023
2022-12-12 00:00:00+00:00,6776.639471740082,0.169988,17209.83,9702.104053780082,0.3015288813461236898550250108
2022-12-13 00:00:00+00:00,6791.351165722778,0.169132,17774.7,9797.621726122778,0.3068367655371477847154516761
2022-12-14 00:00:00+00:00,6858.385404097562,0.165356,17803.15,9802.243075497562,0.3003248999975008008161890544
2022-12-15 00:00:00+00:00,6858.385404097562,0.165356,17356.34,9728.360361137562,0.2950111684292507545659302297
2022-12-16 00:00:00+00:00,6809.861772955546,0.168148,16632.12,9606.519486715546,0.2911208078667181158116896489
2022-12-17 00:00:00+00:00,6724.381303119196,0.173281,16776.52,9631.433465239196,0.3018296469172362761866397581
2022-12-18 00:00:00+00:00,6742.108864610680,0.172223,16738.21,9624.813605440680,0.2995075914197938376192715112
2022-12-19 00:00:00+00:00,6742.108864610680,0.172223,16438.88,9573.262094850680,0.2957354768091888558491564082
2022-12-20 00:00:00+00:00,6701.238062509928,0.174706,16895.56,9652.993767869928,0.3057865545490088281514882126
2022-12-21 00:00:00+00:00,6757.108489061483,0.171395,16824.67,9640.772803711483,0.2991113236834969710147306460
2022-12-22 00:00:00+00:00,6757.108489061483,0.171395,16821.43,9640.217483911483,0.2990709493495979787610752584
2022-12-23 00:00:00+00:00,6748.198135540853,0.171924,16778.5,9632.824969540853,0.2994580347012674162872267812
2022-12-24 00:00:00+00:00,6742.973232265217,0.172235,16836.12,9642.742360465217,0.3007203780626676172937612282
2022-12-25 00:00:00+00:00,6749.866908121127,0.171825,16832.11,9642.044208871127,0.2999547853233303997028970227
2022-12-26 00:00:00+00:00,6749.866908121127,0.171825,16919.39,9657.041094871127,0.3010419193819114813735298781
2022-12-27 00:00:00+00:00,6759.920858022962,0.171230,16706.36,9620.550880822962,0.2973457609898629565632795033
2022-12-28 00:00:00+00:00,6759.920858022962,0.171230,16547.31,9593.316749322962,0.2953510204382612368319308868
2022-12-29 00:00:00+00:00,6715.267857087342,0.173925,16633.47,9608.244126837342,0.3010931270646486567838724963
2022-12-30 00:00:00+00:00,6725.766544068390,0.173293,16607.48,9603.726575708390,0.2996711754496942178951186054
2022-12-31 00:00:00+00:00,6725.766544068390,0.173293,16542.4,9592.448667268390,0.2988477939925568163137231700
2023-01-01 00:00:00+00:00,6714.636023738118,0.173965,16616.75,9605.368937488118,0.3009497014183351230960723999
2023-01-02 00:00:00+00:00,6723.813372664605,0.173412,16672.87,9615.089105104605,0.3007019176665804883253328257
2023-01-03 00:00:00+00:00,6730.557070345935,0.173007,16675.18,9615.479936605935,0.3000290037814085378581057462
2023-01-04 00:00:00+00:00,6730.557070345935,0.173007,16850.36,9645.787302865935,0.3022283346071536574166058050
2023-01-05 00:00:00+00:00,6752.030178328767,0.171731,16831.85,9642.580610678767,0.2997693821868424531388162809
2023-01-06 00:00:00+00:00,6752.030178328767,0.171731,16950.65,9662.982253478767,0.3012477927403860355628724758
2023-01-07 00:00:00+00:00,6764.032325018040,0.171022,16943.57,9661.755553558040,0.2999168435256969292771880673
2023-01-08 00:00:00+00:00,6764.032325018040,0.171022,17127.83,9693.268067278040,0.3021927921449258642556867207
2023-01-09 00:00:00+00:00,6785.260329719901,0.169781,17178.26,9701.802490779901,0.3006185875080154577527285073
2023-01-10 00:00:00+00:00,6791.350960792941,0.169426,17440.66,9746.252221952941,0.3031833358985143145420280901
2023-01-11 00:00:00+00:00,6822.337524384813,0.167647,17943.26,9830.471233604813,0.3060009675769046255645463810
2023-01-12 00:00:00+00:00,6881.258266594269,0.164359,18846.62,9978.869883174269,0.3104170765672568021081291340
2023-01-13 00:00:00+00:00,6985.081077171573,0.158843,19930.01,10150.823655601573,0.3118705127620884790187178311
2023-01-14 00:00:00+00:00,7105.421271738975,0.152797,20954.92,10307.270182978975,0.3106398546268253190451492604
2023-01-15 00:00:00+00:00,7214.736195595263,0.147573,20871.5,10294.806065095263,0.2991867792384196379564737755
2023-01-16 00:00:00+00:00,7214.736195595263,0.147573,21185.65,10341.166123045263,0.3023285662612805994960144647
2023-01-17 00:00:00+00:00,7238.792965135998,0.146436,21134.81,10333.690002295998,0.2994958273832830459709587662
2023-01-18 00:00:00+00:00,7238.792965135998,0.146436,20677.47,10266.718962055998,0.2949263545744931937678706209
2023-01-19 00:00:00+00:00,7238.792965135998,0.146436,21071.59,10324.432318375998,0.2988677012050345586935261670
2023-01-20 00:00:00+00:00,7238.792965135998,0.146436,22667.21,10558.088528695998,0.3143841382404052966426267490
2023-01-21 00:00:00+00:00,7238.792965135998,0.146436,22783.55,10575.124892935998,0.3154886548932024896597573210
2023-01-22 00:00:00+00:00,7238.792965135998,0.146436,22707.88,10564.044080815998,0.3147706588728232353136010377
2023-01-23 00:00:00+00:00,7238.792965135998,0.146436,22916.45,10594.586237335998,0.3167460434060152681456403423
2023-01-24 00:00:00+00:00,7238.792965135998,0.146436,22632.89,10553.062845175998,0.3140576275024283232793377362
2023-01-25 00:00:00+00:00,7238.792965135998,0.146436,23060.94,10615.744774975998,0.3181078559650691323971542627
2023-01-26 00:00:00+00:00,7238.792965135998,0.146436,23009.65,10608.234072535998,0.3176250716529017400856035686
2023-01-27 00:00:00+00:00,7238.792965135998,0.146436,23074.16,10617.680658895998,0.3182321829324379931409405761
2023-01-28 00:00:00+00:00,4243.200461900350,0.276092,23022.6,10599.556141100350,0.5996813068948131137459395909
2023-01-29 00:00:00+00:00,4243.200461900350,0.276092,23742.3,10798.259553500350,0.6070477431221886523705801229
2023-01-30 00:00:00+00:00,4319.341311020959,0.272881,22826.15,10548.163949170959,0.5905124975460358739947403953
2023-01-31 00:00:00+00:00,4219.273121630427,0.277259,23125.13,10630.923540300427,0.6031132097192007937010983021
2023-02-01 00:00:00+00:00,4252.345258048419,0.275827,23732.66,10798.453667868419,0.6062079452448288679959597922
2023-02-02 00:00:00+00:00,4319.157134340192,0.273008,23488.94,10731.825665860192,0.5975375235473509718576626797
2023-02-03 00:00:00+00:00,4292.744324677325,0.274131,23431.9,10716.154503577325,0.5994137334204823443047198505
2023-02-04 00:00:00+00:00,4286.456411803365,0.274399,23326.84,10687.317980963365,0.5989212242549014392473121563
2023-02-05 00:00:00+00:00,4275.010998683945,0.274889,22932.91,10579.015695673945,0.5958970927293248650237998493
2023-02-06 00:00:00+00:00,524.096157526461,0.438237,22762.52,10499.474634766461,0.9500835826784090868766723755
2023-02-07 00:00:00+00:00,524.096157526461,0.438237,23240.46,10708.925626546461,0.9510598751169516124514837960
2023-02-08 00:00:00+00:00,524.096157526461,0.438237,22963.0,10587.332388526461,0.9504978082964103094471074929
2023-02-09 00:00:00+00:00,524.096157526461,0.438237,21796.35,10076.063192476461,0.9479860191907301441733917149
2023-02-10 00:00:00+00:00,524.096157526461,0.438237,21625.19,10001.054547556461,0.9475959105078061556584884487
2023-02-11 00:00:00+00:00,524.096157526461,0.438237,21862.55,10105.074481876461,0.9481353493765501661273781427
2023-02-12 00:00:00+00:00,524.096157526461,0.438237,21783.54,10070.449376506461,0.9479570237700479690872136246
2023-02-13 00:00:00+00:00,524.096157526461,0.438237,21773.97,10066.255448416461,0.9479353409803535814224432512
2023-02-14 00:00:00+00:00,524.096157526461,0.438237,22199.84,10252.887439606461,0.9488830672711864369605168941
2023-02-15 00:00:00+00:00,524.096157526461,0.438237,24324.05,11183.794857376461,0.9531378960173983772963794618
2023-02-16 00:00:00+00:00,524.096157526461,0.438237,23517.72,10830.431217166461,0.9516089297815069837343153837
2023-02-17 00:00:00+00:00,524.096157526461,0.438237,24569.97,11291.566100416461,0.9535851667637909827109265953
2023-02-18 00:00:00+00:00,524.096157526461,0.438237,24631.95,11318.728029676461,0.9536965499875658756407478655
2023-02-19 00:00:00+00:00,524.096157526461,0.438237,24271.76,11160.879444646461,0.9530416791861456579166365818
2023-02-20 00:00:00+00:00,524.096157526461,0.438237,24842.2,11410.867358926461,0.9540704364496470513943225474
2023-02-21 00:00:00+00:00,524.096157526461,0.438237,24452.16,11239.937399446461,0.9533719682858490444931642230
2023-02-22 00:00:00+00:00,524.096157526461,0.438237,24182.21,11121.635321296461,0.9528759807001686019305188577
2023-02-23 00:00:00+00:00,524.096157526461,0.438237,23940.2,11015.577584926461,0.9524222716888104221398140540
2023-02-24 00:00:00+00:00,524.096157526461,0.438237,23185.29,10684.748091256461,0.9509491330024580393639021741
2023-02-25 00:00:00+00:00,524.096157526461,0.438237,23157.07,10672.381043116461,0.9508922933496180016990244318
2023-02-26 00:00:00+00:00,524.096157526461,0.438237,23554.85,10846.702956976461,0.9516815239059009137933398098
2023-02-27 00:00:00+00:00,524.096157526461,0.438237,23492.09,10819.199202856461,0.9515586923117109911610276767
2023-02-28 00:00:00+00:00,524.096157526461,0.438237,23141.57,10665.588369616461,0.9508610177550563283072546094
2023-03-01 00:00:00+00:00,524.096157526461,0.438237,23628.97,10879.185083416461,0.9518257890174733853344439895
2023-03-02 00:00:00+00:00,524.096157526461,0.438237,23465.32,10807.467598366461,0.9515061088311125112708056326
2023-03-03 00:00:00+00:00,524.096157526461,0.438237,22354.34,10320.595056106461,0.9492184167020132000942530704
2023-03-04 00:00:00+00:00,524.096157526461,0.438237,22346.57,10317.189954616461,0.9492016566689312113374910919
2023-03-05 00:00:00+00:00,4122.193597264818,0.277014,22430.24,10335.684100624818,0.6011687705300879823847297623
2023-03-06 00:00:00+00:00,4134.267779755650,0.276475,22410.0,10330.072529755650,0.5997832766568732933815235264
2023-03-07 00:00:00+00:00,4134.267779755650,0.276475,22197.96,10271.448770755650,0.5974990605486415559366528397
2023-03-08 00:00:00+00:00,4108.617339235938,0.277629,21705.44,10134.676940995938,0.5945980949213973822573739912
2023-03-09 00:00:00+00:00,4053.699095220051,0.280156,20362.22,9758.297201540051,0.5845895025025167661507067598
2023-03-10 00:00:00+00:00,3903.128686972946,0.287541,20150.69,9697.278240262946,0.5975026610284092524185656346
2023-03-11 00:00:00+00:00,3878.896247010649,0.288742,20455.73,9785.324638670649,0.6036006581037046859235135124
2023-03-12 00:00:00+00:00,3914.095651011022,0.287019,21997.11,10227.684166101022,0.6173038209388561924235229527
2023-03-13 00:00:00+00:00,4090.971713370307,0.278968,24113.48,10817.861002010307,0.6218317361805561476463854280
2023-03-14 00:00:00+00:00,4326.723959810017,0.269178,24670.41,10967.455582790017,0.6054942801318973443272650271
2023-03-15 00:00:00+00:00,4386.915420684898,0.266735,24285.66,10864.750940784898,0.5962249438947584595056434745
2023-03-16 00:00:00+00:00,4386.915420684898,0.266735,24998.78,11054.965003984898,0.6031723828068582377327939276
2023-03-17 00:00:00+00:00,4421.943113750056,0.265332,27395.13,11690.747746910056,0.6217570330418936986905393783
2023-03-18 00:00:00+00:00,4675.976222883391,0.256047,26907.49,11565.558314913391,0.5956981845957337014274223475
2023-03-19 00:00:00+00:00,4675.976222883391,0.256047,27972.87,11838.345667773391,0.6050143867979427296765005227
2023-03-20 00:00:00+00:00,4675.976222883391,0.256047,27717.01,11772.833482353391,0.6028164137467556601536259010
2023-03-21 00:00:00+00:00,4675.976222883391,0.256047,28105.47,11872.297499973391,0.6061439478842346129137390298
2023-03-22 00:00:00+00:00,4675.976222883391,0.256047,27250.97,11653.505338473391,0.5987493816606477132989051125
2023-03-23 00:00:00+00:00,4675.976222883391,0.256047,28295.41,11920.931067153391,0.6077507539853620482390321778
2023-03-24 00:00:00+00:00,4675.976222883391,0.256047,27454.47,11705.610902973391,0.6005354815188990438825400606
2023-03-25 00:00:00+00:00,8773.875792737503,0.106591,27462.95,11701.179096187503,0.2501716518811150127837796571
2023-03-26 00:00:00+00:00,8773.875792737503,0.106591,27968.05,11755.018210287503,0.2536059378403198179352794496
2023-03-27 00:00:00+00:00,577.125457074328,0.399286,27124.91,11407.722271334328,0.9494092297000825109807611317
2023-03-28 00:00:00+00:00,577.125457074328,0.399286,27261.07,11462.089053094328,0.9496491909632715615854512869
2023-03-29 00:00:00+00:00,577.125457074328,0.399286,28348.6,11896.324556674328,0.9514870786918353828072788862
2023-03-30 00:00:00+00:00,6238.229104214248,0.199330,28028.53,11825.155989114248,0.4724611573871071966364770951
2023-03-31 00:00:00+00:00,6238.229104214248,0.199330,28465.36,11912.229313014248,0.4763172416938859034488052349
2023-04-01 00:00:00+00:00,6238.229104214248,0.199330,28452.73,11909.711775114248,0.4762065428611595728471101679
2023-04-02 00:00:00+00:00,6238.229104214248,0.199330,28171.87,11853.727951314248,0.4737327252796785937091320682
2023-04-03 00:00:00+00:00,6238.229104214248,0.199330,27800.0,11779.603104214248,0.4704211127467893011139796961
2023-04-04 00:00:00+00:00,6238.229104214248,0.199330,28165.47,11852.452239314248,0.4736760816869424753209538498
2023-04-05 00:00:00+00:00,6238.229104214248,0.199330,28170.01,11853.357197514248,0.4737162644923533690433623625
2023-04-06 00:00:00+00:00,6238.229104214248,0.199330,28033.82,11826.210444814248,0.4725081941231910271553408823
2023-04-07 00:00:00+00:00,6238.229104214248,0.199330,27906.33,11800.797863114248,0.4713722600305628726314221973
2023-04-08 00:00:00+00:00,6238.229104214248,0.199330,27938.38,11807.186389614248,0.4716582851862596137797711194
2023-04-09 00:00:00+00:00,583.031621842572,0.401484,28323.76,11954.568081682572,0.9512293863016327453155203570
2023-04-10 00:00:00+00:00,583.031621842572,0.401484,29637.34,12481.949434402572,0.9532900189264003495321932065
2023-04-11 00:00:00+00:00,6545.270219616147,0.200049,30200.42,12586.834040196147,0.4799907428100046082573156757
2023-04-12 00:00:00+00:00,621.677715394755,0.395937,29888.07,12455.470486984755,0.9500879781262079025330465656
2023-04-13 00:00:00+00:00,621.677715394755,0.395937,30373.84,12647.804803474755,0.9508469868839246853406646725
2023-04-14 00:00:00+00:00,621.677715394755,0.395937,30466.93,12684.662578804755,0.9509898106053259964741579173
2023-04-15 00:00:00+00:00,621.677715394755,0.395937,30295.09,12616.624764724755,0.9507255128064896874796150961
2023-04-16 00:00:00+00:00,621.677715394755,0.395937,30304.65,12620.409922444755,0.9507402913839484002226161628
2023-04-17 00:00:00+00:00,621.677715394755,0.395937,29430.27,12274.210528384755,0.9493509000878636790510078833
2023-04-18 00:00:00+00:00,621.677715394755,0.395937,30380.01,12650.247734764755,0.9508564789852855978396294632
2023-04-19 00:00:00+00:00,621.677715394755,0.395937,28797.1,12023.515098094755,0.9482948447003434138317093133
2023-04-20 00:00:00+00:00,621.677715394755,0.395937,28243.65,11804.383765444755,0.9473350131825935274658512100
2023-04-21 00:00:00+00:00,621.677715394755,0.395937,27262.84,11416.044796474755,0.9455435112179371033305227292
2023-04-22 00:00:00+00:00,621.677715394755,0.395937,27816.85,11635.397853844755,0.9465701368183701370913489927
2023-04-23 00:00:00+00:00,621.677715394755,0.395937,27590.6,11545.817107594755,0.9461555895436954484178578643
2023-04-24 00:00:00+00:00,621.677715394755,0.395937,27510.93,11514.272806804755,0.9460080783367097919460343479
2023-04-25 00:00:00+00:00,621.677715394755,0.395937,28300.79,11827.007605624755,0.9474357558458748259472781892
2023-04-26 00:00:00+00:00,621.677715394755,0.395937,28415.29,11872.342392124755,0.9476364735060934057795110899
2023-04-27 00:00:00+00:00,621.677715394755,0.395937,29472.77,12291.037850884755,0.9494202423801010175436888533
2023-04-28 00:00:00+00:00,621.677715394755,0.395937,29311.7,12227.264278294755,0.9491564342402963309226922277
2023-04-29 00:00:00+00:00,621.677715394755,0.395937,29230.45,12195.094397044755,0.9490223121564842862461884186
2023-04-30 00:00:00+00:00,621.677715394755,0.395937,29233.21,12196.187183164755,0.9490268797897018203234186683
2023-05-01 00:00:00+00:00,621.677715394755,0.395937,28068.26,11734.940375014755,0.9470233596824753078754254068
2023-05-02 00:00:00+00:00,621.677715394755,0.395937,28669.86,11973.136074214755,0.9480772863900215005909663006
2023-05-03 00:00:00+00:00,621.677715394755,0.395937,29026.16,12114.208427314755,0.9486819366593516194771993567
2023-05-04 00:00:00+00:00,621.677715394755,0.395937,28838.16,12039.772271314755,0.9483646616077675046695779101
2023-05-05 00:00:00+00:00,621.677715394755,0.395937,29505.61,12304.040421964755,0.9494736936750502655601221290
2023-05-06 00:00:00+00:00,621.677715394755,0.395937,28848.2,12043.747478794755,0.9483817045741507283353862127
2023-05-07 00:00:00+00:00,621.677715394755,0.395937,28430.1,11878.206219094755,0.9476623234242742908001311986
2023-05-08 00:00:00+00:00,621.677715394755,0.395937,27668.79,11576.775421624755,0.9462995788763858587249589829
2023-05-09 00:00:00+00:00,4625.509066555395,0.251043,27628.27,11561.392852165395,0.5999176634077390849360506614
2023-05-10 00:00:00+00:00,4625.509066555395,0.251043,27598.75,11553.982062805395,0.5996610483371058560653784603
2023-05-11 00:00:00+00:00,4625.509066555395,0.251043,26968.62,11395.792337215395,0.5941037771064143792786423320
2023-05-12 00:00:00+00:00,4625.509066555395,0.251043,26795.01,11352.208761985395,0.5925454540578377470078201087
2023-05-13 00:00:00+00:00,4625.509066555395,0.251043,26775.28,11347.255683595395,0.5923676001024244562038231628
2023-05-14 00:00:00+00:00,4625.509066555395,0.251043,26917.62,11382.989144215395,0.5936472390553069083155125048
2023-05-15 00:00:00+00:00,4625.509066555395,0.251043,27162.14,11444.374178575395,0.5958268233474360125889272593
2023-05-16 00:00:00+00:00,4625.509066555395,0.251043,27033.84,11412.165361675395,0.5946861160907386163682574764
2023-05-17 00:00:00+00:00,4625.509066555395,0.251043,27405.61,11505.495617785395,0.5979739404354556677809645109
2023-05-18 00:00:00+00:00,4625.509066555395,0.251043,26821.28,11358.803661595395,0.5927820213853646737821944293
2023-05-19 00:00:00+00:00,4625.509066555395,0.251043,26880.26,11373.610177735395,0.5933121502959421510717665615
2023-05-20 00:00:00+00:00,4625.509066555395,0.251043,27102.43,11429.384401045395,0.5952967452794465254811617850
2023-05-21 00:00:00+00:00,4625.509066555395,0.251043,26747.78,11340.352001095395,0.5921194451363939426567023455
2023-05-22 00:00:00+00:00,4625.509066555395,0.251043,26849.27,11365.830355165395,0.5930337756226271933196468667
2023-05-23 00:00:00+00:00,4625.509066555395,0.251043,27219.61,11458.801619785395,0.5963357059460094417948866939
2023-05-24 00:00:00+00:00,4625.509066555395,0.251043,26329.01,11235.222723985395,0.5883028596593215309778957606
2023-05-25 00:00:00+00:00,4625.509066555395,0.251043,26473.79,11271.568729525395,0.5896304074836477122332000918
2023-05-26 00:00:00+00:00,4625.509066555395,0.251043,26705.92,11329.843341115395,0.5917411276315118850483108093
2023-05-27 00:00:00+00:00,4625.509066555395,0.251043,26854.27,11367.085570165395,0.5930787150317816905399893517
2023-05-28 00:00:00+00:00,4625.509066555395,0.251043,28065.0,11671.030861555395,0.6036760487206050702020176542
2023-05-29 00:00:00+00:00,578.303725298622,0.395064,27736.4,11535.956854898622,0.9498694618424260625671923484
2023-05-30 00:00:00+00:00,578.303725298622,0.395064,27694.4,11519.364166898622,0.9497972529629367820220312517
2023-05-31 00:00:00+00:00,578.303725298622,0.395064,27210.35,11328.133437698622,0.9489497781360785367396989411
2023-06-01 00:00:00+00:00,4526.122718748390,0.249790,26817.93,11224.973453448390,0.5967809868309369063872543486
2023-06-02 00:00:00+00:00,4526.122718748390,0.249790,27242.59,11331.049274848390,0.6005557288683708644496856366
2023-06-03 00:00:00+00:00,4526.122718748390,0.249790,27069.22,11287.743182548390,0.5990232373690003790572787575
2023-06-04 00:00:00+00:00,4526.122718748390,0.249790,27115.21,11299.231024648390,0.5994309073887411644764520850
2023-06-05 00:00:00+00:00,4526.122718748390,0.249790,25728.2,10952.769796748390,0.5867599883189286645664470767
2023-06-06 00:00:00+00:00,4526.122718748390,0.249790,27230.08,11327.924401948390,0.6004455398757867694245395755
2023-06-07 00:00:00+00:00,4526.122718748390,0.249790,26339.34,11105.426457348390,0.5924404401639629600989826216
2023-06-08 00:00:00+00:00,4526.122718748390,0.249790,26498.61,11145.210510648390,0.5938952687861724602518731285
2023-06-09 00:00:00+00:00,4526.122718748390,0.249790,26477.81,11140.014878648390,0.5937058641256014895925169742
2023-06-10 00:00:00+00:00,4526.122718748390,0.249790,25841.21,10980.998564648390,0.5878223012140685221307902642
2023-06-11 00:00:00+00:00,4526.122718748390,0.249790,25925.55,11002.065853248390,0.5886115590362477332147801339
2023-06-12 00:00:00+00:00,4526.122718748390,0.249790,25905.19,10996.980128848390,0.5884213060570140232005964277
2023-06-13 00:00:00+00:00,4526.122718748390,0.249790,25934.25,11004.239026248390,0.5886928021145089396827481385
2023-06-14 00:00:00+00:00,4526.122718748390,0.249790,25128.6,10802.995712748390,0.5810307771012806245502629515
2023-06-15 00:00:00+00:00,4526.122718748390,0.249790,25598.49,10920.369535848390,0.5855339231982536454429454973
2023-06-16 00:00:00+00:00,4526.122718748390,0.249790,26345.0,11106.840268748390,0.5924923192166847747108903756
2023-06-17 00:00:00+00:00,4526.122718748390,0.249790,26516.99,11149.801650848390,0.5940624900350584554191739148
2023-06-18 00:00:00+00:00,4526.122718748390,0.249790,26339.97,11105.583825048390,0.5924462153408068600697503948
2023-06-19 00:00:00+00:00,4526.122718748390,0.249790,26844.35,11231.572905248390,0.5970179104092016505709053582
2023-06-20 00:00:00+00:00,556.434149572060,0.397476,28307.99,11808.180782812060,0.9528772331821000497637997488
2023-06-21 00:00:00+00:00,6191.986806636460,0.198137,29993.89,12134.886189566460,0.4897367218853430761682464232
2023-06-22 00:00:00+00:00,6191.986806636460,0.198137,29884.92,12113.295200676460,0.4888272180231625115596994191
2023-06-23 00:00:00+00:00,6191.986806636460,0.198137,30688.5,12272.514131136460,0.4954589792708538269507655853
2023-06-24 00:00:00+00:00,6191.986806636460,0.198137,30527.43,12240.600204546460,0.4941435302872972033912205348
2023-06-25 00:00:00+00:00,6191.986806636460,0.198137,30462.66,12227.766871056460,0.4936126218358723099809372093
2023-06-26 00:00:00+00:00,6191.986806636460,0.198137,30267.99,12189.195541266460,0.4920102162875704216884228903
2023-06-27 00:00:00+00:00,6191.986806636460,0.198137,30692.44,12273.294790916460,0.4954910712957707954475261078
2023-06-28 00:00:00+00:00,606.414712715632,0.379886,30077.41,12032.401687975632,0.9496015235826408765025150640
2023-06-29 00:00:00+00:00,606.414712715632,0.379886,30447.31,12172.921519375632,0.9501833054825497675661946298
2023-06-30 00:00:00+00:00,606.414712715632,0.379886,30472.0,12182.300904715632,0.9502216603038514942261874496
2023-07-01 00:00:00+00:00,6388.201042668676,0.189898,30585.9,12196.402280868676,0.4762225043454631720966160550
2023-07-02 00:00:00+00:00,602.309162987266,0.378821,30617.03,12200.683084617266,0.9506331605525707851849286541
2023-07-03 00:00:00+00:00,602.309162987266,0.378821,31156.2,12404.932003187266,0.9514459923816985484197376652
2023-07-04 00:00:00+00:00,602.309162987266,0.378821,30766.51,12257.309247697266,0.9508612248564733301281964684
2023-07-05 00:00:00+00:00,602.309162987266,0.378821,30504.81,12158.171791997266,0.9504605484038548415947021634
2023-07-06 00:00:00+00:00,602.309162987266,0.378821,29895.43,11927.325851017266,0.9495017432649502201397337652
2023-07-07 00:00:00+00:00,602.309162987266,0.378821,30344.7,12097.518761687266,0.9502121736818649336453266621
2023-07-08 00:00:00+00:00,602.309162987266,0.378821,30284.63,12074.762984217266,0.9501183448673456452571020736
2023-07-09 00:00:00+00:00,602.309162987266,0.378821,30160.71,12027.819485897266,0.9499236612510289761938453497
2023-07-10 00:00:00+00:00,602.309162987266,0.378821,30411.57,12122.850521957266,0.9503162097151700583268123940
2023-07-11 00:00:00+00:00,602.309162987266,0.378821,30622.1,12202.603707087266,0.9506409306206145868855971566
2023-07-12 00:00:00+00:00,602.309162987266,0.378821,30380.0,12110.891142987266,0.9502671474893051725827182437
2023-07-13 00:00:00+00:00,602.309162987266,0.378821,31454.23,12517.832025817266,0.9518839075532376499044446699
2023-07-14 00:00:00+00:00,602.309162987266,0.378821,30312.01,12085.135103197266,0.9501611560115767378854945601
2023-07-15 00:00:00+00:00,602.309162987266,0.378821,30289.52,12076.615418907266,0.9501259962253757833384198121
2023-07-16 00:00:00+00:00,602.309162987266,0.378821,30231.99,12054.821846777266,0.9500358304218085787736960085
2023-07-17 00:00:00+00:00,602.309162987266,0.378821,30138.0,12019.216460987266,0.9498878179836198784534232057
2023-07-18 00:00:00+00:00,602.309162987266,0.378821,29859.13,11913.574648717266,0.9494434558269111447475319291
2023-07-19 00:00:00+00:00,602.309162987266,0.378821,29909.21,11932.546004397266,0.9495238348324566379129502396
2023-07-20 00:00:00+00:00,602.309162987266,0.378821,29800.0,11891.174962987266,0.9493482212765326544669844302
2023-07-21 00:00:00+00:00,602.309162987266,0.378821,29901.72,11929.708635107266,0.9495118295500726337807563654
2023-07-22 00:00:00+00:00,602.309162987266,0.378821,29794.0,11888.902036987266,0.9493385376451553712922879397
2023-07-23 00:00:00+00:00,602.309162987266,0.378821,30083.75,11998.665421737266,0.9498019869863111243647161568
2023-07-24 00:00:00+00:00,602.309162987266,0.378821,29176.5,11654.980069487266,0.9483217337656276915315725073
2023-07-25 00:00:00+00:00,4656.737285025916,0.239678,29228.91,11662.263976005916,0.6007004047750296144047212163
2023-07-26 00:00:00+00:00,4656.737285025916,0.239678,29351.96,11691.756353905916,0.6017076353570933352315850671
2023-07-27 00:00:00+00:00,4656.737285025916,0.239678,29222.78,11660.794749865916,0.6006500941902384112566087253
2023-07-28 00:00:00+00:00,4656.737285025916,0.239678,29314.14,11682.691731945916,0.6013985995802466357382182494
2023-07-29 00:00:00+00:00,4656.737285025916,0.239678,29352.9,11691.981651225916,0.6017153102068328659900420114
2023-07-30 00:00:00+00:00,4656.737285025916,0.239678,29281.09,11674.770374045916,0.6011281476354970063048169824
2023-07-31 00:00:00+00:00,4656.737285025916,0.239678,29232.25,11663.064500525916,0.6007278117328483977915673280
2023-08-01 00:00:00+00:00,4656.737285025916,0.239678,29705.99,11776.609556245916,0.6045774241911467798476624598
2023-08-02 00:00:00+00:00,583.570183889710,0.376616,29186.01,11575.488526049710,0.9495856971758529213191488547
2023-08-03 00:00:00+00:00,4624.948453319710,0.237966,29193.64,11572.042189559710,0.6003342903906506743142196914
2023-08-04 00:00:00+00:00,4624.948453319710,0.237966,29113.99,11553.088197659710,0.5996785989864962537395072702
2023-08-05 00:00:00+00:00,4624.948453319710,0.237966,29072.13,11543.126940899710,0.5993331376325290573942728626
2023-08-06 00:00:00+00:00,4624.948453319710,0.237966,29088.42,11547.003407039710,0.5994676462552978564100983228
2023-08-07 00:00:00+00:00,4624.948453319710,0.237966,29211.06,11576.187557279710,0.6004774084356208106732969118
2023-08-08 00:00:00+00:00,8098.821143016226,0.118888,29770.42,11638.166835976226,0.3041153940171295581328752863
2023-08-09 00:00:00+00:00,572.139717379858,0.371384,29581.99,11558.417491539858,0.9505001685742331419644557676
2023-08-10 00:00:00+00:00,572.139717379858,0.371384,29455.75,11511.533975379858,0.9502985684962999456697631382
2023-08-11 00:00:00+00:00,572.139717379858,0.371384,29426.03,11500.496442899858,0.9502508678455281899875273831
2023-08-12 00:00:00+00:00,572.139717379858,0.371384,29430.17,11502.033972659858,0.9502575180407374452032852221
2023-08-13 00:00:00+00:00,572.139717379858,0.371384,29303.84,11455.117031939858,0.9500537868112055910810706353
2023-08-14 00:00:00+00:00,4576.836365140663,0.234545,29430.93,11479.713841990663,0.6013109361315745626589165385
2023-08-15 00:00:00+00:00,568.792105043095,0.370553,29200.0,11388.939705043095,0.9500575014203271060320615688
2023-08-16 00:00:00+00:00,4550.403437968153,0.234019,28730.51,11273.888657658153,0.5963767626109075954267997995
2023-08-17 00:00:00+00:00,4550.403437968153,0.234019,26623.41,10780.787222758153,0.5779154764911518859166854007
2023-08-18 00:00:00+00:00,7542.680352438766,0.121480,26054.0,10707.720272438766,0.2955848527484121240498343685
2023-08-19 00:00:00+00:00,7542.680352438766,0.121480,26100.01,10713.309567238766,0.2959523567297788548625309804
2023-08-20 00:00:00+00:00,7542.680352438766,0.121480,26189.99,10724.240337638766,0.2966699630960067800607531399
2023-08-21 00:00:00+00:00,7542.680352438766,0.121480,26126.92,10716.578594038766,0.2961671221601940677506440650
2023-08-22 00:00:00+00:00,7542.680352438766,0.121480,26056.0,10707.963232438766,0.2956008356856394185020259822
2023-08-23 00:00:00+00:00,7542.680352438766,0.121480,26432.72,10753.727178038766,0.2985985019368532589412057657
2023-08-24 00:00:00+00:00,7542.680352438766,0.121480,26180.05,10723.032826438766,0.2965907617254053585456020866
2023-08-25 00:00:00+00:00,7542.680352438766,0.121480,26060.01,10708.450367238766,0.2956328792899202237992184465
2023-08-26 00:00:00+00:00,7542.680352438766,0.121480,26017.37,10703.270460038766,0.2952919969088170374466864401
2023-08-27 00:00:00+00:00,7542.680352438766,0.121480,26101.77,10713.523372038766,0.2959664070809408942467466197
2023-08-28 00:00:00+00:00,7542.680352438766,0.121480,26120.0,10715.737952438766,0.2961119069991677380478744996
2023-08-29 00:00:00+00:00,4282.066657918766,0.246150,27716.34,11104.443748918766,0.6143826062124265668728779707
2023-08-30 00:00:00+00:00,4441.588277291120,0.240387,27299.99,11004.150973421120,0.5963715612391076932320262313
2023-08-31 00:00:00+00:00,4441.588277291120,0.240387,25940.78,10677.414559151120,0.5840202464102661109725374095
2023-09-01 00:00:00+00:00,7470.251606709215,0.123482,25805.05,10656.710790809215,0.2990096331457294732227577440
2023-09-02 00:00:00+00:00,4258.515298295615,0.247782,25869.51,10668.514225115615,0.6008333298867148161453707455
2023-09-03 00:00:00+00:00,4267.402844326271,0.247438,25971.21,10693.667104306271,0.6009411175135781712284353994
2023-09-04 00:00:00+00:00,4277.466573927947,0.247050,25826.02,10657.784814927947,0.5986533179074262222768647428
2023-09-05 00:00:00+00:00,4277.466573927947,0.247050,25792.1,10649.404878927947,0.5983375012446187991325386924
2023-09-06 00:00:00+00:00,4277.466573927947,0.247050,25759.95,10641.462221427947,0.5980377052587077504926709258
2023-09-07 00:00:00+00:00,4277.466573927947,0.247050,26255.0,10763.764323927947,0.6026049581539889812854907848
2023-09-08 00:00:00+00:00,4305.470461485947,0.245982,25910.5,10678.987072485947,0.5968278234385312035785107164
2023-09-09 00:00:00+00:00,4305.470461485947,0.245982,25901.61,10676.800292505947,0.5967452473089751908941827315
2023-09-10 00:00:00+00:00,4305.470461485947,0.245982,25841.61,10662.041372505947,0.5961870423248964442769792714
2023-09-11 00:00:00+00:00,4305.470461485947,0.245982,25162.52,10494.997456125947,0.5897597422500720165722763544
2023-09-12 00:00:00+00:00,4305.470461485947,0.245982,25840.1,10661.669939685947,0.5961729742298915990524295058
2023-09-13 00:00:00+00:00,4305.470461485947,0.245982,26222.0,10755.610465485947,0.5997000379195656901909845069
2023-09-14 00:00:00+00:00,4305.470461485947,0.245982,26522.73,10829.584632345947,0.6024343862066222995093518223
2023-09-15 00:00:00+00:00,4331.799782434241,0.244988,26600.0,10848.480582434241,0.6006998630344371934808946832
2023-09-16 00:00:00+00:00,4339.397489697959,0.244702,26559.67,10838.601858037959,0.5996349394013545153081186262
2023-09-17 00:00:00+00:00,4339.397489697959,0.244702,26527.51,10830.732241717959,0.5993440339164318148480938456
2023-09-18 00:00:00+00:00,4339.397489697959,0.244702,26762.51,10888.237211717959,0.6014600522270139162532197808
2023-09-19 00:00:00+00:00,4355.273748695459,0.244108,27210.26,10997.515896775459,0.6039765898431251440145079122
2023-09-20 00:00:00+00:00,4398.970950388859,0.242500,27125.0,10976.783450388859,0.5992477240467905130509693245
2023-09-21 00:00:00+00:00,4390.714227544907,0.242804,26568.08,10841.550323864907,0.5950104831520387038698265756
2023-09-22 00:00:00+00:00,4390.714227544907,0.242804,26580.14,10844.478540104907,0.5951198380533258691062281122
2023-09-23 00:00:00+00:00,4390.714227544907,0.242804,26575.96,10843.463619384907,0.5950819422960383148436013377
2023-09-24 00:00:00+00:00,4390.714227544907,0.242804,26248.38,10763.925885064907,0.5920898866800000473735388635
2023-09-25 00:00:00+00:00,4390.714227544907,0.242804,26304.81,10777.627314784907,0.5926084564529652165583197889
2023-09-26 00:00:00+00:00,4390.714227544907,0.242804,26221.67,10757.440590224907,0.5918439715544727119789371949
2023-09-27 00:00:00+00:00,4390.714227544907,0.242804,26372.99,10794.181691504907,0.5932332479635368387528909259
2023-09-28 00:00:00+00:00,4390.714227544907,0.242804,27021.39,10951.615805104907,0.5990806922300678937869497575
2023-09-29 00:00:00+00:00,4380.649202920703,0.243176,26906.96,10923.776107880703,0.5989803196570107289125082468
2023-09-30 00:00:00+00:00,4369.522182093879,0.243589,26962.56,10937.305209933879,0.6004937141074538272732812358
2023-10-01 00:00:00+00:00,4374.934613344338,0.243388,27992.57,11187.990240504338,0.6089615275578643659162257011
2023-10-02 00:00:00+00:00,4475.073684656310,0.239806,27494.51,11068.422149716310,0.5956900067485220825277691662
2023-10-03 00:00:00+00:00,4475.073684656310,0.239806,27426.46,11052.103351416310,0.5950930295921602824369469428
2023-10-04 00:00:00+00:00,4420.781104287165,0.241783,27778.57,11137.167094597165,0.6030605389379707328709229032
2023-10-05 00:00:00+00:00,4454.848842538017,0.240555,27410.39,11048.555208988017,0.5967935392209480497497041217
2023-10-06 00:00:00+00:00,4419.388580166973,0.241847,27931.09,11174.438903396973,0.6045091285233568919646271249
2023-10-07 00:00:00+00:00,4469.738675340823,0.240042,27956.67,11180.513655480823,0.6002206326943035350844108326
2023-10-08 00:00:00+00:00,4469.738675340823,0.240042,27917.05,11171.003191440823,0.5998802794394044655301256735
2023-10-09 00:00:00+00:00,4469.738675340823,0.240042,27590.12,11092.526260380823,0.5970495295282383949043243166
2023-10-10 00:00:00+00:00,4469.738675340823,0.240042,27390.12,11044.517860380823,0.5952979811482053085226480869
2023-10-11 00:00:00+00:00,4417.766922380203,0.241937,26875.52,10919.949604620203,0.5954407225001242668356966008
2023-10-12 00:00:00+00:00,4417.766922380203,0.241937,26759.63,10891.911525690203,0.5943993015403918109662497420
2023-10-13 00:00:00+00:00,4417.766922380203,0.241937,26862.0,10916.678616380203,0.5953195035208369771433479396
2023-10-14 00:00:00+00:00,4417.766922380203,0.241937,26852.48,10914.375376140203,0.5952341045518889612395819354
2023-10-15 00:00:00+00:00,4417.766922380203,0.241937,27154.15,10987.360510930203,0.5979228206824179648614035294
2023-10-16 00:00:00+00:00,4394.927792459323,0.242777,28500.78,11314.261658519323,0.6115585864014321136919077844
2023-10-17 00:00:00+00:00,4525.547798945734,0.238188,28395.91,11289.112810025734,0.5991228119426137768887676460
2023-10-18 00:00:00+00:00,4525.547798945734,0.238188,28320.0,11271.031958945734,0.5984797296796021888567509200
2023-10-19 00:00:00+00:00,4525.547798945734,0.238188,28713.71,11364.808956425734,0.6017928839545550833580146498
2023-10-20 00:00:00+00:00,4545.908030291404,0.237478,29669.04,11591.652311411404,0.6078291594532917363729128475
2023-10-21 00:00:00+00:00,4636.547669330269,0.234419,29909.8,11647.973075530269,0.6019438198161191965675904767
2023-10-22 00:00:00+00:00,4659.159953696089,0.233662,29992.46,11667.258142216089,0.6006636780549432353917986510
2023-10-23 00:00:00+00:00,4666.917902374807,0.233403,33069.99,12385.552778344807,0.6231966399970006600017537137
2023-10-24 00:00:00+00:00,4666.917902374807,0.233403,33922.73,12584.584852564807,0.6291559906782571624535132187
2023-10-25 00:00:00+00:00,4666.917902374807,0.233403,34496.05,12718.399460524807,0.6330577666741854994893375310
2023-10-26 00:00:00+00:00,4666.917902374807,0.233403,34151.66,12638.017801354807,0.6307239018230763089084099450
2023-10-27 00:00:00+00:00,4666.917902374807,0.233403,33892.02,12577.417046434807,0.6289446485598017963817829708
2023-10-28 00:00:00+00:00,4666.917902374807,0.233403,34081.0,12621.525545374807,0.6302413772727329309627078672
2023-10-29 00:00:00+00:00,4666.917902374807,0.233403,34525.89,12725.364206044807,0.6332585985902135508570895752
2023-10-30 00:00:00+00:00,4666.917902374807,0.233403,34474.73,12713.423308564807,0.6329141420760537821113861626
2023-10-31 00:00:00+00:00,4666.917902374807,0.233403,34639.77,12751.944139684807,0.6340230280768654324021083303
2023-11-01 00:00:00+00:00,4666.917902374807,0.233403,35421.43,12934.385928664807,0.6391851976496139389282457404
2023-11-02 00:00:00+00:00,4666.917902374807,0.233403,34941.59,12822.389833144807,0.6360336908248403173730529448
2023-11-03 00:00:00+00:00,4666.917902374807,0.233403,34716.78,12769.918504714807,0.6345381608620505320688208086
2023-11-04 00:00:00+00:00,4666.917902374807,0.233403,35062.07,12850.510226584807,0.6368301475905597455985408378
2023-11-05 00:00:00+00:00,4666.917902374807,0.233403,35011.88,12838.795730014807,0.6364987806866972688064079102
2023-11-06 00:00:00+00:00,4666.917902374807,0.233403,35046.09,12846.780446644807,0.6367247092174237543923571652
2023-11-07 00:00:00+00:00,4666.917902374807,0.233403,35399.12,12929.178707734807,0.6390398796496756492047349644
2023-11-08 00:00:00+00:00,4666.917902374807,0.233403,35624.72,12981.834424534807,0.6405039727240210864562313613
2023-11-09 00:00:00+00:00,4666.917902374807,0.233403,36701.09,13233.062411644807,0.6473289585434116302701761947
2023-11-10 00:00:00+00:00,4666.917902374807,0.233403,37301.63,13373.230249264807,0.6510253831432109908157160996
2023-11-11 00:00:00+00:00,4666.917902374807,0.233403,37130.0,13333.171292374807,0.6499769034660343210674028198
2023-11-12 00:00:00+00:00,4666.917902374807,0.233403,37064.13,13317.797036764807,0.6495728317910672618570434580
2023-11-13 00:00:00+00:00,4666.917902374807,0.233403,36462.93,13177.475153164807,0.6458412671524587953274970386
2023-11-14 00:00:00+00:00,4666.917902374807,0.233403,35551.19,12964.672301944807,0.6400280860415784591847906500
2023-11-15 00:00:00+00:00,9716.933716979767,0.091169,37858.2,13168.427952779767,0.2621037414774641090597616875
2023-11-16 00:00:00+00:00,9716.933716979767,0.091169,36163.51,13013.924760169767,0.2533433306208073284412086460
2023-11-17 00:00:00+00:00,9716.933716979767,0.091169,36613.92,13054.988189459767,0.2556918799187464597288267755
2023-11-18 00:00:00+00:00,9716.933716979767,0.091169,36568.1,13050.810825879767,0.2554536383508769708144906790
2023-11-19 00:00:00+00:00,9716.933716979767,0.091169,37359.86,13122.994793319767,0.2595490686374308594125961752
2023-11-20 00:00:00+00:00,9716.933716979767,0.091169,37448.78,13131.101540799767,0.2600062007906806286726985226
2023-11-21 00:00:00+00:00,9716.933716979767,0.091169,35741.65,12975.464205829767,0.2511301666869050928863247418
2023-11-22 00:00:00+00:00,9716.933716979767,0.091169,37408.34,13127.414666439767,0.2597983712801343796339288384
2023-11-23 00:00:00+00:00,9716.933716979767,0.091169,37294.28,13117.015930299767,0.2592115639248367465478059737
2023-11-24 00:00:00+00:00,9716.933716979767,0.091169,37713.57,13155.242180309767,0.2613641327315372932720992209
2023-11-25 00:00:00+00:00,9716.933716979767,0.091169,37780.67,13161.359620209767,0.2617074529246167967502404519
2023-11-26 00:00:00+00:00,9716.933716979767,0.091169,37447.43,13130.978462649767,0.2599992647448956768949502958
2023-11-27 00:00:00+00:00,9716.933716979767,0.091169,37242.7,13112.313433279767,0.2589458933831112519475942209
2023-11-28 00:00:00+00:00,9716.933716979767,0.091169,37818.87,13164.842276009767,0.2619027624290727959587561751
2023-11-29 00:00:00+00:00,9716.933716979767,0.091169,37854.64,13168.103391139767,0.2620855541339490906155021651
2023-11-30 00:00:00+00:00,9716.933716979767,0.091169,37723.96,13156.189426219767,0.2614173145292130655460401572
2023-12-01 00:00:00+00:00,9716.933716979767,0.091169,38682.52,13243.580382859767,0.2662910303654961996738193263
2023-12-02 00:00:00+00:00,9716.933716979767,0.091169,39450.35,13313.582676129767,0.2701488432259872342615024983
2023-12-03 00:00:00+00:00,9716.933716979767,0.091169,39972.26,13361.164688919767,0.2727480018985254639754649905
2023-12-04 00:00:00+00:00,9716.933716979767,0.091169,41991.1,13545.220312879767,0.2826300722668785624704414957
2023-12-05 00:00:00+00:00,9716.933716979767,0.091169,44073.32,13735.054228059767,0.2925449324307185740092160081
2023-12-06 00:00:00+00:00,9716.933716979767,0.091169,43762.69,13706.734401589767,0.2910832418367459916546512957
2023-12-07 00:00:00+00:00,9716.933716979767,0.091169,43273.14,13662.102617639767,0.2887673304082939308613946577
2023-12-08 00:00:00+00:00,671.400450537377,0.299931,44170.99,13919.649652227377,0.9517659950277597908718236655
2023-12-09 00:00:00+00:00,7299.200818496177,0.149687,43713.6,13842.558461696177,0.4726985738442905987996465146
2023-12-10 00:00:00+00:00,7299.200818496177,0.149687,43789.51,13853.921201866177,0.4731310571108960619202857397
2023-12-11 00:00:00+00:00,7299.200818496177,0.149687,41253.4,13474.298504296177,0.4582871370877762090729731770
2023-12-12 00:00:00+00:00,7299.200818496177,0.149687,41492.39,13510.072200426177,0.4597215536519543727848672075
2023-12-13 00:00:00+00:00,7299.200818496177,0.149687,42869.03,13716.137312106177,0.4678384553606258266310636094
2023-12-14 00:00:00+00:00,7299.200818496177,0.149687,43022.26,13739.073851116177,0.4687268663379968550435773139
2023-12-15 00:00:00+00:00,7299.200818496177,0.149687,41940.3,13577.118504596177,0.4623895478245089924823585897
2023-12-16 00:00:00+00:00,7299.200818496177,0.149687,42278.03,13627.672295106177,0.4643838903348602360617533139
2023-12-17 00:00:00+00:00,7299.200818496177,0.149687,41374.65,13492.448053046177,0.4590158294625975260030823729
2023-12-18 00:00:00+00:00,7299.200818496177,0.149687,42657.8,13684.518927096177,0.4666088842887040100138819673
2023-12-19 00:00:00+00:00,7299.200818496177,0.149687,42275.99,13627.366933626177,0.4643718882710165153896733113
2023-12-20 00:00:00+00:00,7299.200818496177,0.149687,43668.93,13835.871943406177,0.4724437427324708954852281238
2023-12-21 00:00:00+00:00,7299.200818496177,0.149687,43861.8,13864.742075096177,0.4735422571180038433089395747
2023-12-22 00:00:00+00:00,7299.200818496177,0.149687,43969.04,13880.794508976177,0.4741510787602205329318375787
2023-12-23 00:00:00+00:00,7299.200818496177,0.149687,43702.16,13840.846042416177,0.4726333349762507875275149944
2023-12-24 00:00:00+00:00,7299.200818496177,0.149687,42991.5,13734.469478996177,0.4685487612274587851893957072
2023-12-25 00:00:00+00:00,7299.200818496177,0.149687,43576.13,13821.980989806177,0.4719135539341721884949707962
2023-12-26 00:00:00+00:00,7299.200818496177,0.149687,42508.93,13662.235023406177,0.4657388922097177404103666382
2023-12-27 00:00:00+00:00,7299.200818496177,0.149687,43428.85,13799.935088446177,0.4710699165094376738028877188
2023-12-28 00:00:00+00:00,7299.200818496177,0.149687,42563.76,13670.442361616177,0.4660596471266468305920860710
2023-12-29 00:00:00+00:00,7299.200818496177,0.149687,42066.95,13596.076363146177,0.4631391716597333225278454669
2023-12-30 00:00:00+00:00,7299.200818496177,0.149687,42140.28,13607.052910856177,0.4635722469578535727407828387
2023-12-31 00:00:00+00:00,7299.200818496177,0.149687,42283.58,13628.503057956177,0.4644165402865004901439246029
2024-01-01 00:00:00+00:00,7299.200818496177,0.149687,44179.55,13912.305119346177,0.4753420978133916600312921526
2024-01-02 00:00:00+00:00,7299.200818496177,0.149687,44946.91,14027.168935666177,0.4796383466989645951042453787
2024-01-03 00:00:00+00:00,7299.200818496177,0.149687,42845.23,13712.574761506177,0.4677001988724662178296022249
2024-01-04 00:00:00+00:00,7299.200818496177,0.149687,44151.1,13908.046524196177,0.4751814494007066731610336082
2024-01-05 00:00:00+00:00,7299.200818496177,0.149687,44145.11,13907.149899066177,0.4751476131722506111460947568
2024-01-06 00:00:00+00:00,7299.200818496177,0.149687,43968.32,13880.686734336177,0.4741469958802257834576942580
2024-01-07 00:00:00+00:00,7299.200818496177,0.149687,43929.02,13874.804035236177,0.4739240424614811535551590056
2024-01-08 00:00:00+00:00,7299.200818496177,0.149687,46951.04,14327.161142976177,0.4905340460922661092023745974
2024-01-09 00:00:00+00:00,7299.200818496177,0.149687,46110.0,14201.268388496177,0.4860176838563984474762807213
2024-01-10 00:00:00+00:00,7299.200818496177,0.149687,46653.99,14282.696619626177,0.4889479898028373863472895135
2024-01-11 00:00:00+00:00,7299.200818496177,0.149687,46339.16,14235.570661416177,0.4872561843776453847180453876
2024-01-12 00:00:00+00:00,7299.200818496177,0.149687,42782.73,13703.219324006177,0.4673367880999343231894043285
2024-01-13 00:00:00+00:00,7299.200818496177,0.149687,42847.99,13712.987897626177,0.4677162356600836465175708893
2024-01-14 00:00:00+00:00,7299.200818496177,0.149687,41732.35,13545.991092946177,0.4611541696423305555227312268
2024-01-15 00:00:00+00:00,7299.200818496177,0.149687,42511.1,13662.559844196177,0.4657515940106304320127504617
2024-01-16 00:00:00+00:00,7299.200818496177,0.149687,43137.95,13756.391140146177,0.4693956616867020219346295033
2024-01-17 00:00:00+00:00,7299.200818496177,0.149687,42776.1,13702.226899196177,0.4672982083719271243237219767
2024-01-18 00:00:00+00:00,7299.200818496177,0.149687,41327.5,13485.390310996177,0.4587326988567541903242825147
2024-01-19 00:00:00+00:00,7299.200818496177,0.149687,41659.03,13535.016042106177,0.4607172392120525294381606688
2024-01-20 00:00:00+00:00,7299.200818496177,0.149687,41696.04,13540.555957976177,0.4609378786846250499490682599
2024-01-21 00:00:00+00:00,7299.200818496177,0.149687,41580.33,13523.235675206177,0.4602474589806412997863951165
2024-01-22 00:00:00+00:00,7299.200818496177,0.149687,39568.02,13222.019028236177,0.4479511182892395583940012969
2024-01-23 00:00:00+00:00,7299.200818496177,0.149687,39897.6,13271.352869696177,0.4500032596403053323646345399
2024-01-24 00:00:00+00:00,7299.200818496177,0.149687,40084.88,13299.386251056177,0.4511625814374323069401159064
2024-01-25 00:00:00+00:00,7299.200818496177,0.149687,39961.09,13280.856497326177,0.4503968309599822425419559800
2024-01-26 00:00:00+00:00,7299.200818496177,0.149687,41823.51,13559.636559866177,0.4616964262817812279811065090
2024-01-27 00:00:00+00:00,7299.200818496177,0.149687,42120.63,13604.111561306177,0.4634562657324050998295727225
2024-01-28 00:00:00+00:00,7299.200818496177,0.149687,42031.06,13590.704096716177,0.4629269560611043092045130860
2024-01-29 00:00:00+00:00,7299.200818496177,0.149687,43302.7,13781.052073396177,0.4703451681612160513250093071
2024-01-30 00:00:00+00:00,7299.200818496177,0.149687,42941.1,13726.925254196177,0.4682566792395924274795948762
2024-01-31 00:00:00+00:00,7299.200818496177,0.149687,42580.0,13672.873278496177,0.4661545770356919430545285771
2024-02-01 00:00:00+00:00,7299.200818496177,0.149687,43082.94,13748.156858276177,0.4690778630371698573341941965
2024-02-02 00:00:00+00:00,7299.200818496177,0.149687,43200.0,13765.679218496177,0.4697536748721670691820237620
2024-02-03 00:00:00+00:00,7299.200818496177,0.149687,43011.09,13737.401847326177,0.4686622041330995773878287408
2024-02-04 00:00:00+00:00,678.293355100127,0.303422,42582.88,13598.875970460127,0.9501213661648554256319659313
2024-02-05 00:00:00+00:00,678.293355100127,0.303422,42708.7,13637.052526500127,0.9502610000377986970315858011
2024-02-06 00:00:00+00:00,678.293355100127,0.303422,43098.95,13755.462962000127,0.9506891656810147036384393059
2024-02-07 00:00:00+00:00,678.293355100127,0.303422,44349.6,14134.937686300127,0.9520129929007368102577484941
2024-02-08 00:00:00+00:00,678.293355100127,0.303422,45288.65,14419.866115400127,0.9529611891211858521670128051
2024-02-09 00:00:00+00:00,678.293355100127,0.303422,47132.77,14979.412694040127,0.9547182944382058307017813254
2024-02-10 00:00:00+00:00,7854.862442677073,0.150961,47751.09,15063.414740167073,0.4785470241530405948999103937
2024-02-11 00:00:00+00:00,743.946382804981,0.299684,48299.99,15218.680585964981,0.9511162364830059216991176809
2024-02-12 00:00:00+00:00,7980.396152584981,0.149666,49917.27,15451.314284404981,0.4835134406242970083969674805
2024-02-13 00:00:00+00:00,7980.396152584981,0.149666,49699.59,15418.734989524981,0.4824221210101464798248094652
2024-02-14 00:00:00+00:00,7980.396152584981,0.149666,51795.17,15732.372065804981,0.4927404386824329347520409316
2024-02-15 00:00:00+00:00,7980.396152584981,0.149666,51880.0,15745.068232584981,0.4931494716504774387772517884
2024-02-16 00:00:00+00:00,7980.396152584981,0.149666,52124.11,15781.603199844981,0.4943228484756624367318935452
2024-02-17 00:00:00+00:00,7980.396152584981,0.149666,51642.64,15709.543510824981,0.4920033069652261728779234749
2024-02-18 00:00:00+00:00,7980.396152584981,0.149666,52137.67,15783.632670804981,0.4943878688113201736705390949
2024-02-19 00:00:00+00:00,7980.396152584981,0.149666,51774.73,15729.312892764981,0.4926417824483784448211901594
2024-02-20 00:00:00+00:00,7980.396152584981,0.149666,52258.82,15801.764706704981,0.4949680430820013840307341925
2024-02-21 00:00:00+00:00,7980.396152584981,0.149666,51849.39,15740.486956324981,0.4930019525616881895184583774
2024-02-22 00:00:00+00:00,777.721097430391,0.288401,51288.42,15569.352713850391,0.9500479492163771480753360347
2024-02-23 00:00:00+00:00,777.721097430391,0.288401,50744.15,15412.384701580391,0.9495392106744751042519043543
2024-02-24 00:00:00+00:00,777.721097430391,0.288401,51568.22,15650.047313650391,0.9503055114247455469094496736
2024-02-25 00:00:00+00:00,777.721097430391,0.288401,51728.85,15696.373166280391,0.9504521783986937714249939013
2024-02-26 00:00:00+00:00,777.721097430391,0.288401,54476.47,16488.789521900391,0.9528333419261964169037154199
2024-02-27 00:00:00+00:00,8646.411786537271,0.143771,57037.34,16846.727195677271,0.4867601471723322144271504830
2024-02-28 00:00:00+00:00,8646.411786537271,0.143771,62432.1,17622.337235637271,0.5093493178049152485699292007
2024-02-29 00:00:00+00:00,8646.411786537271,0.143771,61130.98,17435.273912117271,0.5040851190454693118103976002
2024-03-01 00:00:00+00:00,8646.411786537271,0.143771,62387.9,17615.982557437271,0.5091723235791436137544436315
2024-03-02 00:00:00+00:00,8646.411786537271,0.143771,61987.28,17558.385019417271,0.5075622400935237742387459627
2024-03-03 00:00:00+00:00,8646.411786537271,0.143771,63113.97,17720.370367407271,0.5120637093206332588071733485
2024-03-04 00:00:00+00:00,8646.411786537271,0.143771,68245.71,18458.165758947271,0.5315671178028036151061971852
2024-03-05 00:00:00+00:00,8646.411786537271,0.143771,63724.01,17808.076428247271,0.5144668307452744312927083562
2024-03-06 00:00:00+00:00,8646.411786537271,0.143771,66074.04,18145.942591377271,0.5235071563245251496908744999
2024-03-07 00:00:00+00:00,8646.411786537271,0.143771,66823.17,18253.645760607271,0.5263186379349558471119690135
2024-03-08 00:00:00+00:00,8646.411786537271,0.143771,68124.19,18440.694707027271,0.5311233159105254600130723839
2024-03-09 00:00:00+00:00,8646.411786537271,0.143771,68313.27,18467.878927707271,0.5318134897687086045123819485
2024-03-10 00:00:00+00:00,8646.411786537271,0.143771,68955.88,18560.267610017271,0.5341440129952293720592296672
2024-03-11 00:00:00+00:00,8646.411786537271,0.143771,72078.1,19009.152301637271,0.5451447992348112350813256083
2024-03-12 00:00:00+00:00,8646.411786537271,0.143771,71452.01,18919.138716247271,0.5429806865831606613950837359
2024-03-13 00:00:00+00:00,8646.411786537271,0.143771,73072.41,19152.105244647271,0.5485398771524704997164980735
2024-03-14 00:00:00+00:00,8646.411786537271,0.143771,71388.94,18910.071079277271,0.5427615395897427533490876329
2024-03-15 00:00:00+00:00,8646.411786537271,0.143771,69499.85,18638.474720887271,0.5360987464898273139972488279
2024-03-16 00:00:00+00:00,8646.411786537271,0.143771,65300.63,18034.748662267271,0.5205693215660111269731279075
2024-03-17 00:00:00+00:00,8646.411786537271,0.143771,68393.48,18479.410799617271,0.5321056563818394180490519221
2024-03-18 00:00:00+00:00,8646.411786537271,0.143771,67609.99,18366.767658827271,0.5292360666204807037435878206
2024-03-19 00:00:00+00:00,8646.411786537271,0.143771,61937.4,17551.213721937271,0.5073610336286819589261505314
2024-03-20 00:00:00+00:00,8646.411786537271,0.143771,67840.51,18399.909749747271,0.5300840110557589882760218926
2024-03-21 00:00:00+00:00,8646.411786537271,0.143771,65501.27,18063.594875707271,0.5213349365930836022506219525
2024-03-22 00:00:00+00:00,8646.411786537271,0.143771,63796.64,17818.518515977271,0.5147513650596528517689052107
2024-03-23 00:00:00+00:00,8646.411786537271,0.143771,63990.01,17846.319514247271,0.5155072854302215088103338380
2024-03-24 00:00:00+00:00,8646.411786537271,0.143771,67209.99,18309.259258827271,0.5277574223889665121384484841
2024-03-25 00:00:00+00:00,8646.411786537271,0.143771,69880.01,18693.130704247271,0.5374551259852520278800325637
2024-03-26 00:00:00+00:00,8646.411786537271,0.143771,69988.0,18708.656534537271,0.5378389800157221013082057243
2024-03-27 00:00:00+00:00,14024.497089418330,0.066828,69469.99,18667.037581138330,0.2487025845177997647212029127
2024-03-28 00:00:00+00:00,14024.497089418330,0.066828,70780.6,18754.623026218330,0.2522111977504129828514502680
2024-03-29 00:00:00+00:00,920.788470129350,0.251719,69850.54,18503.496548389350,0.9502370555899338556952862493
2024-03-30 00:00:00+00:00,9702.909923365451,0.125828,69582.18,18458.296468405451,0.4743334012446029289842249649
2024-03-31 00:00:00+00:00,9702.909923365451,0.125828,71280.01,18671.931021645451,0.4803478059062372876323841490
2024-04-01 00:00:00+00:00,9702.909923365451,0.125828,69649.8,18466.804957765451,0.4745755995389287108913134702
2024-04-02 00:00:00+00:00,9702.909923365451,0.125828,65463.99,17940.112857085451,0.4591500064319113314706382923
2024-04-03 00:00:00+00:00,9702.909923365451,0.125828,65963.28,18002.937519205451,0.4610374049782469505058895042
2024-04-04 00:00:00+00:00,9702.909923365451,0.125828,68487.79,18320.591563485451,0.4703822805206681661308187922
2024-04-05 00:00:00+00:00,9702.909923365451,0.125828,67820.62,18236.642896725451,0.4679442933486571981864355133
2024-04-06 00:00:00+00:00,9702.909923365451,0.125828,68896.0,18371.955811365451,0.4718629838330584476221950215
2024-04-07 00:00:00+00:00,9702.909923365451,0.125828,69360.39,18430.389076285451,0.4735374341147103988514041396
2024-04-08 00:00:00+00:00,9702.909923365451,0.125828,71620.0,18714.711283365451,0.4815356872756102299710503616
2024-04-09 00:00:00+00:00,9702.909923365451,0.125828,69146.0,18403.412811365451,0.4727657297687092180986395115
2024-04-10 00:00:00+00:00,9702.909923365451,0.125828,70631.08,18590.277457605451,0.4780653518758590335891084852
2024-04-11 00:00:00+00:00,9702.909923365451,0.125828,70006.23,18511.653831805451,0.4758485648270616311964827159
2024-04-12 00:00:00+00:00,9702.909923365451,0.125828,67116.52,18148.047401925451,0.4653468933337697453271804718
2024-04-13 00:00:00+00:00,9702.909923365451,0.125828,63924.51,17746.403167645451,0.4532463941168981592578992695
2024-04-14 00:00:00+00:00,9702.909923365451,0.125828,65661.84,17965.007926885451,0.4598994911188096258282362696
2024-04-15 00:00:00+00:00,9702.909923365451,0.125828,63419.99,17682.920425085451,0.4512835159513215630092077181
2024-04-16 00:00:00+00:00,9702.909923365451,0.125828,63793.39,17729.904600285451,0.4527376124060343559773629626
2024-04-17 00:00:00+00:00,9702.909923365451,0.125828,61277.37,17413.318835725451,0.4427880167530843347392518019
2024-04-18 00:00:00+00:00,9702.909923365451,0.125828,63470.08,17689.223149605451,0.4514790253193301254702480466
2024-04-19 00:00:00+00:00,9702.909923365451,0.125828,63818.01,17733.002485645451,0.4528332169794831192269680461
2024-04-20 00:00:00+00:00,9702.909923365451,0.125828,64940.59,17874.254481885451,0.4571572239167343697239880220
2024-04-21 00:00:00+00:00,9702.909923365451,0.125828,64941.15,17874.324945565451,0.4571593638968332395685431435
2024-04-22 00:00:00+00:00,9702.909923365451,0.125828,66819.32,18110.651320325451,0.4642429059149326984020958578
2024-04-23 00:00:00+00:00,9702.909923365451,0.125828,66414.0,18059.650715365451,0.4627299233915939490398177726
2024-04-24 00:00:00+00:00,9702.909923365451,0.125828,64289.59,17792.340453885451,0.4546580339717728640498412424
2024-04-25 00:00:00+00:00,9702.909923365451,0.125828,64498.34,17818.607048885451,0.4554619282671500765088269821
2024-04-26 00:00:00+00:00,9702.909923365451,0.125828,63770.01,17726.962741645451,0.4526467920773207358436395358
2024-04-27 00:00:00+00:00,9702.909923365451,0.125828,63461.98,17688.203942805451,0.4514474191534839566355904013
2024-04-28 00:00:00+00:00,9702.909923365451,0.125828,63118.62,17644.999640725451,0.4501042719790880883117149538
2024-04-29 00:00:00+00:00,9702.909923365451,0.125828,63866.0,17739.040971365451,0.4530194761358299125282901306
2024-04-30 00:00:00+00:00,9702.909923365451,0.125828,60672.0,17337.146339365451,0.4403398498555568638861701938
2024-05-01 00:00:00+00:00,9702.909923365451,0.125828,58364.97,17046.857368525451,0.4308094616148741591081166579
2024-05-02 00:00:00+00:00,9702.909923365451,0.125828,59060.61,17134.388358445451,0.4337171703836783231113116169
2024-05-03 00:00:00+00:00,9702.909923365451,0.125828,62882.01,17615.227477645451,0.4491748723836295440560499965
2024-05-04 00:00:00+00:00,9702.909923365451,0.125828,63892.04,17742.317532485451,0.4531204897218289850830096392
2024-05-05 00:00:00+00:00,875.691030065870,0.263807,64012.0,17762.504714065870,0.9507000254658667047559137025
2024-05-06 00:00:00+00:00,875.691030065870,0.263807,63165.19,17539.110308395870,0.9500720951822349961629654990
2024-05-07 00:00:00+00:00,7007.680389247400,0.166602,62312.08,17388.997541407400,0.5970049237996370014003918759
2024-05-08 00:00:00+00:00,7007.680389247400,0.166602,61193.03,17202.561573307400,0.5926373895315121431571470747
2024-05-09 00:00:00+00:00,7007.680389247400,0.166602,63074.01,17515.936603267400,0.5999254537185184589284316539
2024-05-10 00:00:00+00:00,7007.680389247400,0.166602,60799.99,17137.080323227400,0.5910808459157846602128428717
2024-05-11 00:00:00+00:00,7007.680389247400,0.166602,60825.99,17141.411975227400,0.5911841801961920769612321229
2024-05-12 00:00:00+00:00,7007.680389247400,0.166602,61483.99,17251.036091227400,0.5937820573680796179231933354
2024-05-13 00:00:00+00:00,7007.680389247400,0.166602,62940.08,17493.623597407400,0.5994151611741574082376003847
2024-05-14 00:00:00+00:00,7007.680389247400,0.166602,61577.49,17266.613378227400,0.5941485318664839235304942817
2024-05-15 00:00:00+00:00,7007.680389247400,0.166602,66206.5,18037.815702247400,0.6115006104439637626460633945
2024-05-16 00:00:00+00:00,893.979925654151,0.258825,65235.21,17778.483153904151,0.9497156243355984391466236543
2024-05-17 00:00:00+00:00,893.979925654151,0.258825,67024.0,18241.466725654151,0.9509918835420789173623353762
2024-05-18 00:00:00+00:00,893.979925654151,0.258825,66915.2,18213.306565654151,0.9509161105683040083038119863
2024-05-19 00:00:00+00:00,893.979925654151,0.258825,66274.01,18047.350563904151,0.9504647553396470442903593519
2024-05-20 00:00:00+00:00,893.979925654151,0.258825,71446.62,19386.151347154151,0.9538856418870687554019675355
2024-05-21 00:00:00+00:00,893.979925654151,0.258825,70148.34,19050.124026154151,0.9530722254392257552736374983
2024-05-22 00:00:00+00:00,893.979925654151,0.258825,69166.62,18796.030347154151,0.9524378334604303432567894439
2024-05-23 00:00:00+00:00,893.979925654151,0.258825,67969.65,18486.224586904151,0.9516407516607011031335755209
2024-05-24 00:00:00+00:00,893.979925654151,0.258825,68549.99,18636.431087404151,0.9520305190698036954937615608
2024-05-25 00:00:00+00:00,893.979925654151,0.258825,69290.57,18828.111705904151,0.9525188749876698857550687813
2024-05-26 00:00:00+00:00,893.979925654151,0.258825,68507.67,18625.477613404151,0.9520023086543143088287284619
2024-05-27 00:00:00+00:00,893.979925654151,0.258825,69436.43,18865.863920404151,0.9526138887979957476672184764
2024-05-28 00:00:00+00:00,9892.892759251439,0.129057,68398.39,18720.183777481439,0.4715386944463853423678078183
2024-05-29 00:00:00+00:00,9892.892759251439,0.129057,67652.42,18623.911127191439,0.4688069175326156544601338288
2024-05-30 00:00:00+00:00,9892.892759251439,0.129057,68352.17,18714.218762941439,0.4713702514346098815716971209
2024-05-31 00:00:00+00:00,9892.892759251439,0.129057,67540.01,18609.403829821439,0.4683928163567417564972835653
2024-06-01 00:00:00+00:00,9892.892759251439,0.129057,67766.85,18638.679119701439,0.4692277979723110937160879227
2024-06-02 00:00:00+00:00,9892.892759251439,0.129057,67765.63,18638.521670161439,0.4692233142562453590435311603
2024-06-03 00:00:00+00:00,9892.892759251439,0.129057,68809.9,18773.292023551439,0.4730336721529381381456208516
2024-06-04 00:00:00+00:00,9892.892759251439,0.129057,70537.84,18996.294776131439,0.4792198754632028994362554144
2024-06-05 00:00:00+00:00,938.198531821103,0.255841,71108.0,19130.540359821103,0.9509580746714529054047325880
2024-06-06 00:00:00+00:00,938.198531821103,0.255841,70799.06,19051.500841281103,0.9507546130020266378666713309
2024-06-07 00:00:00+00:00,938.198531821103,0.255841,69355.6,18682.204591421103,0.9497811659630402931855712833
2024-06-08 00:00:00+00:00,938.198531821103,0.255841,69310.46,18670.655928681103,0.9497501032955205105097854007
2024-06-09 00:00:00+00:00,938.198531821103,0.255841,69648.14,18757.048317561103,0.9499815474195519450502168872
2024-06-10 00:00:00+00:00,938.198531821103,0.255841,69540.0,18729.381671821103,0.9499076612212644555727595270
2024-06-11 00:00:00+00:00,938.198531821103,0.255841,67314.24,18159.941007661103,0.9483369174258161519852034542
2024-06-12 00:00:00+00:00,938.198531821103,0.255841,68263.99,18402.925997411103,0.9490190564286849052227375726
2024-06-13 00:00:00+00:00,938.198531821103,0.255841,66773.01,18021.472183231103,0.9479399617144434837112500826
2024-06-14 00:00:00+00:00,7200.499992926012,0.161934,66043.99,17895.267469586012,0.5976310493730447764504884520
2024-06-15 00:00:00+00:00,7200.499992926012,0.161934,66228.25,17925.105428426012,0.5983008288750532791169969348
2024-06-16 00:00:00+00:00,7200.499992926012,0.161934,66676.87,17997.752259506012,0.5999222631191143198297188387
2024-06-17 00:00:00+00:00,7200.499992926012,0.161934,66504.33,17969.812167146012,0.5993002082631337599997009091
2024-06-18 00:00:00+00:00,7200.499992926012,0.161934,65175.32,17754.600261806012,0.5944431366097356765815001262
2024-06-19 00:00:00+00:00,7200.499992926012,0.161934,64974.37,17722.059624506012,0.5936984670241611332084845815
2024-06-20 00:00:00+00:00,7200.499992926012,0.161934,64869.99,17705.156953586012,0.5933105811034553487217765600
2024-06-21 00:00:00+00:00,7200.499992926012,0.161934,64143.56,17587.523237966012,0.5905904489506308613173548685
2024-06-22 00:00:00+00:00,7200.499992926012,0.161934,64262.01,17606.704320266012,0.5910364675893402637197024513
2024-06-23 00:00:00+00:00,7200.499992926012,0.161934,63210.01,17436.349752266012,0.5870408603159476292355135214
2024-06-24 00:00:00+00:00,7200.499992926012,0.161934,60293.3,16964.035235126012,0.5755432069595954626301863760
2024-06-25 00:00:00+00:00,7200.499992926012,0.161934,61806.01,17208.994416266012,0.5815850816872791871123937663
2024-06-26 00:00:00+00:00,7200.499992926012,0.161934,60864.99,17056.611283586012,0.5778469783235766982647630624
2024-06-27 00:00:00+00:00,7200.499992926012,0.161934,61706.47,17192.875505906012,0.5811928033531952423596848974
2024-06-28 00:00:00+00:00,7200.499992926012,0.161934,60427.84,16985.821835486012,0.5760876298676904436536346157
2024-06-29 00:00:00+00:00,7200.499992926012,0.161934,60986.68,17076.317032046012,0.5783341349652092644388883346
2024-06-30 00:00:00+00:00,7200.499992926012,0.161934,62772.01,17365.422660266012,0.5853541757206091962179865138
2024-07-01 00:00:00+00:00,7200.499992926012,0.161934,62899.99,17386.146973586012,0.5858484341662700487857745062
2024-07-02 00:00:00+00:00,7200.499992926012,0.161934,62135.47,17262.345191906012,0.5828782292974774594007673411
2024-07-03 00:00:00+00:00,7200.499992926012,0.161934,60208.58,16950.316186646012,0.5751996650895049040565548514
2024-07-04 00:00:00+00:00,7200.499992926012,0.161934,57050.01,16438.836312266012,0.5619823778187217187561521963
2024-07-05 00:00:00+00:00,7200.499992926012,0.161934,56628.79,16370.626472786012,0.5601573339361273048315995261
2024-07-06 00:00:00+00:00,7200.499992926012,0.161934,58230.13,16629.937864346012,0.5670158210053433379288000412
2024-07-07 00:00:00+00:00,7200.499992926012,0.161934,55857.81,16245.778597466012,0.5567771683131805491415215860
2024-07-08 00:00:00+00:00,7200.499992926012,0.161934,56714.62,16384.525268006012,0.5605304471661198753355077854
2024-07-09 00:00:00+00:00,7200.499992926012,0.161934,58050.0,16600.768692926012,0.5662550255281661297724087237
2024-07-10 00:00:00+00:00,7200.499992926012,0.161934,57725.85,16548.277786826012,0.5648791925248989779330818846
2024-07-11 00:00:00+00:00,7200.499992926012,0.161934,57339.89,16485.777740186012,0.5632295845300673414587956900
2024-07-12 00:00:00+00:00,7200.499992926012,0.161934,57889.1,16574.713512326012,0.5655731854688612342549746516
2024-07-13 00:00:00+00:00,7200.499992926012,0.161934,59204.02,16787.643767606012,0.5710833460249893471133425294
2024-07-14 00:00:00+00:00,7200.499992926012,0.161934,60797.91,17045.748750866012,0.5775779581075786158905656537
2024-07-15 00:00:00+00:00,7200.499992926012,0.161934,64724.14,17681.538879686012,0.5927673466703437655561305928
2024-07-16 00:00:00+00:00,7072.503795401962,0.163909,65043.99,17733.799152311962,0.6011850740691445664526403746
2024-07-17 00:00:00+00:00,7093.550654869162,0.163585,64087.99,17577.384499019162,0.5964387844354778621613542809
2024-07-18 00:00:00+00:00,7030.919461787450,0.164561,63987.92,17560.835564907450,0.5996250044139340640855496558
2024-07-19 00:00:00+00:00,870.098357101274,0.260717,66660.0,18249.493577101274,0.9523220546682436050502317069
2024-07-20 00:00:00+00:00,870.098357101274,0.260717,67139.96,18374.627308421274,0.9526467480130876292534561225
2024-07-21 00:00:00+00:00,870.098357101274,0.260717,68165.34,18641.961305881274,0.9533258146594923825270632118
2024-07-22 00:00:00+00:00,870.098357101274,0.260717,67532.01,18476.841408271274,0.9529087067494247685369999656
2024-07-23 00:00:00+00:00,870.098357101274,0.260717,65936.01,18060.737076271274,0.9518237625946930628262409479
2024-07-24 00:00:00+00:00,870.098357101274,0.260717,65376.0,17914.732949101274,0.9514311288048017423930522085
2024-07-25 00:00:00+00:00,870.098357101274,0.260717,65799.95,18025.263921251274,0.9517289532678934725816025590
2024-07-26 00:00:00+00:00,870.098357101274,0.260717,67907.99,18574.865785931274,0.9531572197005971240389528399
2024-07-27 00:00:00+00:00,870.098357101274,0.260717,67896.5,18571.870147601274,0.9531496639710430497953166128
2024-07-28 00:00:00+00:00,870.098357101274,0.260717,68249.88,18664.002321061274,0.9533809339425865224984078030
2024-07-29 00:00:00+00:00,870.098357101274,0.260717,66784.69,18282.002379831274,0.9524068349284776646894924167
2024-07-30 00:00:00+00:00,870.098357101274,0.260717,66188.0,18126.435153101274,0.9519983742113568422203550884
2024-07-31 00:00:00+00:00,870.098357101274,0.260717,64628.0,17719.716633101274,0.9508965986805969087228812249
2024-08-01 00:00:00+00:00,870.098357101274,0.260717,65354.02,17909.002389441274,0.9514155876368488566390763665
2024-08-02 00:00:00+00:00,870.098357101274,0.260717,61498.33,16903.758459711274,0.9485263375494223794851417042
2024-08-03 00:00:00+00:00,6753.857489053358,0.164919,60697.99,16764.109301863358,0.5971239886688966075114949385
2024-08-04 00:00:00+00:00,6753.857489053358,0.164919,58161.0,16345.711448053358,0.5868116532879523093734635857
2024-08-05 00:00:00+00:00,6753.857489053358,0.164919,54018.81,15662.585615443358,0.5687903865378374330313505821
2024-08-06 00:00:00+00:00,6753.857489053358,0.164919,56022.01,15992.951356243358,0.5776978658528355623144424978
2024-08-07 00:00:00+00:00,6753.857489053358,0.164919,55134.16,15846.528022093358,0.5737957564182466300864693811
2024-08-08 00:00:00+00:00,6753.857489053358,0.164919,61685.99,16927.049273863358,0.6010020778115283299267084566
2024-08-09 00:00:00+00:00,11842.312428948758,0.082322,60837.99,16850.617441728758,0.2972178930593644875739627003
2024-08-10 00:00:00+00:00,11842.312428948758,0.082322,60923.51,16857.657619168758,0.2975113923607676144515710714
2024-08-11 00:00:00+00:00,11842.312428948758,0.082322,58712.59,16675.650262928758,0.2898440395289938726789502099
2024-08-12 00:00:00+00:00,11842.312428948758,0.082322,59346.64,16727.846527028758,0.2920599546502284178820030091
2024-08-13 00:00:00+00:00,6684.446249672422,0.169120,60587.15,16930.945057672422,0.6051935537618852329722214164
2024-08-14 00:00:00+00:00,11844.965369946334,0.083834,58683.39,16764.628687206334,0.2934549526297808581940880058
2024-08-15 00:00:00+00:00,11844.965369946334,0.083834,57541.06,16668.862593986334,0.2893957039264532125454425538
2024-08-16 00:00:00+00:00,11844.965369946334,0.083834,58874.6,16780.658586346334,0.2941298871556776227985063867
2024-08-17 00:00:00+00:00,11844.965369946334,0.083834,59491.99,16832.416859606334,0.2963003786835067358755290096
2024-08-18 00:00:00+00:00,11844.965369946334,0.083834,58427.35,16743.163829846334,0.2925491567590397793248215864
2024-08-19 00:00:00+00:00,11844.965369946334,0.083834,59438.5,16827.932578946334,0.2961128579296937051647819620
2024-08-20 00:00:00+00:00,11844.965369946334,0.083834,59013.8,16792.328279146334,0.2946204258848319418683613863
2024-08-21 00:00:00+00:00,11844.965369946334,0.083834,61156.03,16971.919988966334,0.3020845385998225246568773242
2024-08-22 00:00:00+00:00,11844.965369946334,0.083834,60375.84,16906.513540506334,0.2993845039920875044326655634
2024-08-23 00:00:00+00:00,11844.965369946334,0.083834,64037.24,17213.463348106334,0.3118778522133137422858821134
2024-08-24 00:00:00+00:00,11844.965369946334,0.083834,64157.01,17223.504146286334,0.3122790072599541209954679740
2024-08-25 00:00:00+00:00,6882.970770029968,0.161075,64220.0,17227.207270029968,0.6004592815224197065257308027
2024-08-26 00:00:00+00:00,6890.923696527580,0.160951,62834.0,17004.118830527580,0.5947497329790315242036521659
2024-08-27 00:00:00+00:00,6801.583424963580,0.162371,59415.0,16448.856389963580,0.5865011363882033607679432337
2024-08-28 00:00:00+00:00,6801.583424963580,0.162371,59034.9,16387.139172863580,0.5849438176355566145286586219
2024-08-29 00:00:00+00:00,6801.583424963580,0.162371,59359.01,16439.765237673580,0.5862724724695591824279987026
2024-08-30 00:00:00+00:00,6801.583424963580,0.162371,59123.99,16401.604805253580,0.5853098824338840128523884216
2024-08-31 00:00:00+00:00,6801.583424963580,0.162371,58973.99,16377.249155253580,0.5846931703556740268607831521
2024-09-01 00:00:00+00:00,6801.583424963580,0.162371,57301.86,16105.743735023580,0.5776920621074552333410454705
2024-09-02 00:00:00+00:00,6801.583424963580,0.162371,59132.13,16402.926505193580,0.5853432969531365491279942687
2024-09-03 00:00:00+00:00,6801.583424963580,0.162371,57487.73,16135.923632793580,0.5784819276697310729959368721
2024-09-04 00:00:00+00:00,6801.583424963580,0.162371,57970.9,16214.376428863580,0.5805214307929889453283013793
2024-09-05 00:00:00+00:00,6801.583424963580,0.162371,56180.0,15923.586204963580,0.5728610793187126530526913749
2024-09-06 00:00:00+00:00,6801.583424963580,0.162371,53962.97,15563.604826833580,0.5629814878596243466037984545
2024-09-07 00:00:00+00:00,6801.583424963580,0.162371,54160.86,15595.736424023580,0.5638818687339149189467767762
2024-09-08 00:00:00+00:00,6801.583424963580,0.162371,54869.95,15710.872076413580,0.5670779195526222878037662455
2024-09-09 00:00:00+00:00,6801.583424963580,0.162371,57042.0,16063.550006963580,0.5765827963298847123539405309
2024-09-10 00:00:00+00:00,6801.583424963580,0.162371,57635.99,16159.996757253580,0.5791098521161138450654452598
2024-09-11 00:00:00+00:00,6801.583424963580,0.162371,57338.0,16111.611822963580,0.5778458729207086574364628800
2024-09-12 00:00:00+00:00,6801.583424963580,0.162371,58132.32,16240.586355683580,0.5811984077420155679124008450
2024-09-13 00:00:00+00:00,6801.583424963580,0.162371,60498.0,16624.704182963580,0.5908749202326495113549096885
2024-09-14 00:00:00+00:00,6649.717795034371,0.164878,59993.03,16541.248595374371,0.5979917866119301386906158823
2024-09-15 00:00:00+00:00,6616.498525992293,0.165431,59132.0,16398.764417992293,0.5965245699405959607499333840
2024-09-16 00:00:00+00:00,6616.498525992293,0.165431,58213.99,16246.897105682293,0.5927530972250574064945445413
2024-09-17 00:00:00+00:00,6616.498525992293,0.165431,60313.99,16594.302205682293,0.6012788941660564159565851940
2024-09-18 00:00:00+00:00,6637.701450790469,0.165079,61759.99,16832.978840000469,0.6056727977927949405928104392
2024-09-19 00:00:00+00:00,6733.119934354691,0.163532,62947.99,17027.130635034691,0.6045652036931721719018032403
2024-09-20 00:00:00+00:00,6810.759651340691,0.162297,63201.05,17068.100463190691,0.6009655751658556003137376090
2024-09-21 00:00:00+00:00,6827.233681274426,0.162036,63348.96,17092.045763834426,0.6005607651881920884456198275
2024-09-22 00:00:00+00:00,6836.850206957954,0.161884,63578.76,17129.234190797954,0.6008665576753689142501418899
2024-09-23 00:00:00+00:00,6851.708296139162,0.161650,63339.99,17090.617679639162,0.5990953384732304399511910166
2024-09-24 00:00:00+00:00,6836.233247134334,0.161894,64262.7,17239.978800934334,0.6034662614107252239840962831
2024-09-25 00:00:00+00:00,6895.919864530034,0.160964,63152.01,17061.120002170034,0.5958108340101394417617155888
2024-09-26 00:00:00+00:00,6824.402088819731,0.162095,65173.99,17388.779997869731,0.6075399142633481731103544038
2024-09-27 00:00:00+00:00,6955.361687611487,0.160083,65769.95,17484.012593461487,0.6021873325455856570524683168
2024-09-28 00:00:00+00:00,6993.590036967317,0.159501,65858.0,17498.006894967317,0.6003207634477058127546109513
2024-09-29 00:00:00+00:00,6999.246462042917,0.159415,65602.01,17457.190886192917,0.5990622713773097654030374525
2024-09-30 00:00:00+00:00,6982.890326182280,0.159664,63327.59,17094.026655942280,0.5915011444214131127218948900
2024-10-01 00:00:00+00:00,846.775208700560,0.256433,60805.78,16439.383791440560,0.9484910614994311606400168754
2024-10-02 00:00:00+00:00,11493.599724195464,0.081107,60649.28,16412.680877155464,0.2997122279887124827930061022
2024-10-03 00:00:00+00:00,11493.599724195464,0.081107,60752.71,16421.069774165464,0.3000699782496612160804583922
2024-10-04 00:00:00+00:00,11493.599724195464,0.081107,62086.0,16529.208926195464,0.3046491350242161045494444628
2024-10-05 00:00:00+00:00,11570.362270987064,0.079869,62058.0,16526.872672987064,0.2999061286471544649311269968
2024-10-06 00:00:00+00:00,11570.362270987064,0.079869,62819.91,16587.725662777064,0.3024744617671720681994333193
2024-10-07 00:00:00+00:00,11611.393082639582,0.079215,62224.0,16540.467242639582,0.2980009021325205431589269397
2024-10-08 00:00:00+00:00,11578.309180095479,0.079746,62160.49,16535.359615635479,0.2997848580718329311144751708
2024-10-09 00:00:00+00:00,11578.309180095479,0.079746,60636.02,16413.789231015479,0.2945986440341808424424866379
2024-10-10 00:00:00+00:00,11489.544088674873,0.081208,60326.39,16388.529567794873,0.2989277017717931570492281163
2024-10-11 00:00:00+00:00,11471.966284797753,0.081499,62540.0,16568.913744797753,0.3076210992769710652184621875
2024-10-12 00:00:00+00:00,11598.132834584013,0.079479,63206.22,16621.699993964013,0.3022294447140938050446999359
2024-10-13 00:00:00+00:00,11635.186658919900,0.078892,62870.02,16595.128276759900,0.2988793780392759382023323514
2024-10-14 00:00:00+00:00,11616.615892367230,0.079187,66083.99,16849.608808497230,0.3105705880537125753372002259
2024-10-15 00:00:00+00:00,11794.546745164030,0.076491,67074.14,16925.114787904030,0.3031334266876992075239341350
2024-10-16 00:00:00+00:00,11847.533417565868,0.075700,67620.01,16966.368174565868,0.3017048023674035182406599888
2024-10-17 00:00:00+00:00,11876.437153797868,0.075272,67421.78,16951.409377957868,0.2993834973249510785019573987
2024-10-18 00:00:00+00:00,11865.973192409198,0.075427,68428.0,17027.291948409198,0.3031203535851867780257342858
2024-10-19 00:00:00+00:00,6804.352295015960,0.149301,68378.0,17013.256073015960,0.6000558466989708671674493772
2024-10-20 00:00:00+00:00,6804.352295015960,0.149301,69031.99,17110.897434005960,0.6023380818417457919192985325
2024-10-21 00:00:00+00:00,6844.338804887960,0.148721,67377.5,16864.787982387960,0.5941639579438792467397704050
2024-10-22 00:00:00+00:00,6745.839772392960,0.150181,67426.0,16871.943878392960,0.6001741221394166835767668632
2024-10-23 00:00:00+00:00,6745.839772392960,0.150181,66668.65,16758.204298042960,0.5974604645928116551023737144
2024-10-24 00:00:00+00:00,6703.249878714650,0.150819,68198.28,16988.846270034650,0.6054323070461818812232297513
2024-10-25 00:00:00+00:00,6795.470293699796,0.149465,66698.33,16764.536187149796,0.5946520549188470966901183128
2024-10-26 00:00:00+00:00,6705.711216315092,0.150809,67092.76,16823.903259155092,0.6014176310324398862360289582
2024-10-27 00:00:00+00:00,6729.565188345764,0.150453,68021.7,16963.634018445764,0.6032946017917959178366236482
2024-10-28 00:00:00+00:00,6785.406329547830,0.149631,69962.21,17253.921774057830,0.6067325203855947804499476372
2024-10-29 00:00:00+00:00,6901.462490957777,0.147970,72736.42,17664.270558357777,0.6092981893502317086570545355
2024-10-30 00:00:00+00:00,7065.560436132530,0.145711,72344.74,17606.984846272530,0.5987069621617617419741860027
2024-10-31 00:00:00+00:00,7042.814653505580,0.146025,70292.01,17307.205413755580,0.5930703724179510255639007573
2024-11-01 00:00:00+00:00,7042.814653505580,0.146025,69496.01,17190.969513755580,0.5903189376334953434631737392
2024-11-02 00:00:00+00:00,6876.224944054380,0.148419,69374.74,17172.754480114380,0.5995852062045796769648057169
2024-11-03 00:00:00+00:00,6869.139521483856,0.148521,68775.99,17083.818332273856,0.5979154432643996853975316880
2024-11-04 00:00:00+00:00,6833.536110310977,0.149038,67850.01,16945.765900690977,0.5967407935198529938806739056
2024-11-05 00:00:00+00:00,6778.302341505408,0.149851,69372.01,17173.767412015408,0.6053106939853479700093584660
2024-11-06 00:00:00+00:00,6869.407943204313,0.148536,75571.99,18094.569049844313,0.6203607875776727664003473539
2024-11-07 00:00:00+00:00,7237.417930714101,0.143660,75857.89,18135.162408114101,0.6009179422911642149693306387
2024-11-08 00:00:00+00:00,7254.084971157561,0.143440,76509.78,18228.647814357561,0.6020502976943811556765479445
2024-11-09 00:00:00+00:00,7291.449616310415,0.142951,76677.46,18252.569200770415,0.6005247515509951729718049804
2024-11-10 00:00:00+00:00,7301.021838723165,0.142826,80370.01,18779.948886983165,0.6112331357949712459108839502
2024-11-11 00:00:00+00:00,930.741604625098,0.221985,88647.99,20609.265664775098,0.9548386817966104921484314950
2024-11-12 00:00:00+00:00,930.741604625098,0.221985,87952.01,20454.768544475098,0.9544975733848382044972608290
2024-11-13 00:00:00+00:00,930.741604625098,0.221985,90375.2,20992.680376625098,0.9556635175724649753745427715
2024-11-14 00:00:00+00:00,930.741604625098,0.221985,87325.59,20315.712700775098,0.9541861209432446958175940794
2024-11-15 00:00:00+00:00,930.741604625098,0.221985,91032.07,21138.495663575098,0.9559693547053629771841373423
2024-11-16 00:00:00+00:00,930.741604625098,0.221985,90586.92,21039.679040825098,0.9557625568898128127450431500
2024-11-17 00:00:00+00:00,930.741604625098,0.221985,89855.99,20877.423544775098,0.9554187516180352314673701927
2024-11-18 00:00:00+00:00,930.741604625098,0.221985,90464.08,21012.410403425098,0.9557051482073953880267418759
2024-11-19 00:00:00+00:00,930.741604625098,0.221985,92310.79,21422.352322775098,0.9565527823181405078718494773
2024-11-20 00:00:00+00:00,930.741604625098,0.221985,94286.56,21860.943626225098,0.9574244542898619370964321180
2024-11-21 00:00:00+00:00,930.741604625098,0.221985,98317.12,22755.667487825098,0.9590984705184732500996642269
2024-11-22 00:00:00+00:00,11932.460780109322,0.109939,98892.0,22804.548368109322,0.4767508398984084912389538004
2024-11-23 00:00:00+00:00,11932.460780109322,0.109939,97672.4,22670.466763709322,0.4736561490118634339946433773
2024-11-24 00:00:00+00:00,1119.566378653882,0.220501,97900.04,22706.623098693882,0.9506942809686975829034777677
2024-11-25 00:00:00+00:00,1119.566378653882,0.220501,93010.01,21628.366593663882,0.9482362029603352697854045802
2024-11-26 00:00:00+00:00,1119.566378653882,0.220501,91965.16,21397.976123813882,0.9476788658807824032489325839
2024-11-27 00:00:00+00:00,1119.566378653882,0.220501,95863.11,22257.477996763882,0.9496993154922286814998572658
2024-11-28 00:00:00+00:00,11671.479567322594,0.110285,95643.98,22219.575901622594,0.4747208669059124917718914620
2024-11-29 00:00:00+00:00,1097.315489297176,0.220699,97460.0,22606.640029297176,0.9514604785198019211948853801
2024-11-30 00:00:00+00:00,1097.315489297176,0.220699,96407.99,22374.462474307176,0.9509567887694627482317835776
2024-12-01 00:00:00+00:00,1097.315489297176,0.220699,97185.18,22545.987530117176,0.9513298990416201550941733851
2024-12-02 00:00:00+00:00,1097.315489297176,0.220699,95840.62,22249.244482677176,0.9506807752437830304634213773
2024-12-03 00:00:00+00:00,11667.139553448979,0.110270,95849.69,22236.484869748979,0.4753154726662206554620855133
2024-12-04 00:00:00+00:00,11667.139553448979,0.110270,98587.32,22538.363329848979,0.4823430884177180373618518730
2024-12-05 00:00:00+00:00,1113.269779786387,0.217182,96945.63,22168.115594446387,0.9497805857677282144932188279
2024-12-06 00:00:00+00:00,1113.269779786387,0.217182,99740.84,22775.184892666387,0.9511191770765882985897589768
2024-12-07 00:00:00+00:00,11942.897322047239,0.108463,99831.99,22770.974453417239,0.4755210258358105094265678529
2024-12-08 00:00:00+00:00,11942.897322047239,0.108463,101109.59,22909.546782217239,0.4786934269988479564594206851
2024-12-09 00:00:00+00:00,11942.897322047239,0.108463,97276.47,22493.795087657239,0.4690581435677553834017316181
2024-12-10 00:00:00+00:00,11942.897322047239,0.108463,96593.0,22419.663881047239,0.4673025703947628729339522517
2024-12-11 00:00:00+00:00,11942.897322047239,0.108463,101125.0,22911.218197047239,0.4787314572567590306682568739
2024-12-12 00:00:00+00:00,11942.897322047239,0.108463,100004.29,22789.662628317239,0.4759511135892103362766846354
2024-12-13 00:00:00+00:00,11942.897322047239,0.108463,101424.25,22943.675749797239,0.4794688762042506457932334606
2024-12-14 00:00:00+00:00,11942.897322047239,0.108463,101420.0,22943.214782047239,0.4794584178590178384792474222
2024-12-15 00:00:00+00:00,11942.897322047239,0.108463,104463.99,23273.375069417239,0.4868429144279550797294373484
2024-12-16 00:00:00+00:00,11942.897322047239,0.108463,106058.66,23446.337761627239,0.4906284536430575691630881225
2024-12-17 00:00:00+00:00,11942.897322047239,0.108463,106133.74,23454.481163667239,0.4908053075781659983069245648
2024-12-18 00:00:00+00:00,11942.897322047239,0.108463,100204.01,22811.324858677239,0.4764487641100661543804341409
2024-12-19 00:00:00+00:00,11942.897322047239,0.108463,97461.86,22513.903043227239,0.4695323463409881905632856280
2024-12-20 00:00:00+00:00,11942.897322047239,0.108463,97805.44,22551.168760767239,0.4704089420489567527723694118
2024-12-21 00:00:00+00:00,11942.897322047239,0.108463,97291.99,22495.478433417239,0.4690978741618601996364386287
2024-12-22 00:00:00+00:00,11942.897322047239,0.108463,95186.27,22267.085725057239,0.4636524298908208832777320842
2024-12-23 00:00:00+00:00,11942.897322047239,0.108463,94881.47,22234.026202657239,0.4628549407475324374720295892
2024-12-24 00:00:00+00:00,11942.897322047239,0.108463,98663.58,22644.245199587239,0.4725857622198449331311615286
2024-12-25 00:00:00+00:00,11942.897322047239,0.108463,99429.6,22727.330026847239,0.4745138426757834491282012550
2024-12-26 00:00:00+00:00,11942.897322047239,0.108463,95791.6,22332.741632847239,0.4652292352461779309747429158
2024-12-27 00:00:00+00:00,11942.897322047239,0.108463,94299.03,22170.853012937239,0.4613244102480737140824767126
2024-12-28 00:00:00+00:00,11942.897322047239,0.108463,95300.0,22279.421222047239,0.4639493906498431341851260978
2024-12-29 00:00:00+00:00,11942.897322047239,0.108463,93738.2,22110.023708647239,0.4598424009207929006835068982
2024-12-30 00:00:00+00:00,11942.897322047239,0.108463,92792.05,22007.401441197239,0.4573236029724768062803526903
2024-12-31 00:00:00+00:00,11942.897322047239,0.108463,93576.0,22092.431010047239,0.4594122613027138213608625908
2025-01-01 00:00:00+00:00,11942.897322047239,0.108463,94591.79,22202.606640817239,0.4620948109718147084542594553
2025-01-02 00:00:00+00:00,11942.897322047239,0.108463,96984.79,22462.158599817239,0.4683103465334622322203175117
2025-01-03 00:00:00+00:00,1109.111528652892,0.220024,98174.18,22709.787308972892,0.9511615184429900151665023493
2025-01-04 00:00:00+00:00,1109.111528652892,0.220024,98220.5,22719.978820652892,0.9511834259438354507527959652
2025-01-05 00:00:00+00:00,1109.111528652892,0.220024,98363.61,22751.466455292892,0.9512509872349406848749338673
2025-01-06 00:00:00+00:00,1109.111528652892,0.220024,102235.6,23603.397183052892,0.9530105128490051460214158453
2025-01-07 00:00:00+00:00,1109.111528652892,0.220024,96954.61,22441.452639292892,0.9505775518866839714329423788
2025-01-08 00:00:00+00:00,1109.111528652892,0.220024,95060.61,22024.727183292892,0.9496424396351106133276998595
2025-01-09 00:00:00+00:00,1109.111528652892,0.220024,92552.49,21472.880588412892,0.9483482654278166001223318473
2025-01-10 00:00:00+00:00,1109.111528652892,0.220024,94726.11,21951.129155292892,0.9494736001594040449397607232
2025-01-11 00:00:00+00:00,1109.111528652892,0.220024,94599.99,21923.379728412892,0.9494096465785576960109517543
2025-01-12 00:00:00+00:00,1109.111528652892,0.220024,94545.06,21911.293810092892,0.9493817417508222455461329337
2025-01-13 00:00:00+00:00,1109.111528652892,0.220024,94536.1,21909.322395052892,0.9493771870871128117251199192
2025-01-14 00:00:00+00:00,1109.111528652892,0.220024,96560.86,22354.818189292892,0.9503860188322124554484872813
2025-01-15 00:00:00+00:00,1109.111528652892,0.220024,100497.35,23220.940465052892,0.9522365801539310868218316272
2025-01-16 00:00:00+00:00,12176.648284236487,0.109753,99987.3,23150.554421136487,0.4740234699036325925173946787
2025-01-17 00:00:00+00:00,12176.648284236487,0.109753,104077.48,23599.463946676487,0.4840286071009962651322024372
2025-01-18 00:00:00+00:00,1165.735356453649,0.215411,104556.23,23688.297416983649,0.9507885545367283727420125901
2025-01-19 00:00:00+00:00,1165.735356453649,0.215411,101331.57,22993.670181723649,0.9493019014693780706753708841
2025-01-20 00:00:00+00:00,1165.735356453649,0.215411,102260.01,23193.666370563649,0.9497390650607466044066225497
2025-01-21 00:00:00+00:00,1165.735356453649,0.215411,106143.82,24030.281766473649,0.9514889018871160677471545783
2025-01-22 00:00:00+00:00,1165.735356453649,0.215411,103706.66,23505.290693713649,0.9504054056746714463041453268
2025-01-23 00:00:00+00:00,1165.735356453649,0.215411,103910.34,23549.165606193649,0.9504978063364143234137465050
2025-01-24 00:00:00+00:00,1165.735356453649,0.215411,104870.5,23755.994631953649,0.9509287918896207848087745692
2025-01-25 00:00:00+00:00,1165.735356453649,0.215411,104746.85,23729.359061803649,0.9508737107724879941379635730
2025-01-26 00:00:00+00:00,1165.735356453649,0.215411,102620.0,23271.212176453649,0.9499065477288214917322219966
2025-01-27 00:00:00+00:00,1165.735356453649,0.215411,102082.83,23155.499849583649,0.9496562214581340733812885313
2025-01-28 00:00:00+00:00,1165.735356453649,0.215411,101335.52,22994.521055173649,0.9493037774669646994457323367
2025-01-29 00:00:00+00:00,1165.735356453649,0.215411,103733.24,23511.016318093649,0.9504174834179107626059109299
2025-01-30 00:00:00+00:00,1165.735356453649,0.215411,104722.94,23724.208584793649,0.9508630455558866239125802544
2025-01-31 00:00:00+00:00,1165.735356453649,0.215411,102429.56,23230.189305613649,0.9498180862360882547788308124
2025-02-01 00:00:00+00:00,1165.735356453649,0.215411,100635.65,22843.761358603649,0.9489692026565232029327520007
2025-02-02 00:00:00+00:00,1165.735356453649,0.215411,97700.59,22211.517148943649,0.9475166262332922240585517354
2025-02-03 00:00:00+00:00,8874.633557336047,0.136405,101328.52,22696.350327936047,0.6089841129032711131393187798
2025-02-04 00:00:00+00:00,1124.796269752918,0.212788,97763.13,21927.617176192918,0.9487041268225841219539193544
2025-02-05 00:00:00+00:00,8761.204485563452,0.134575,96612.43,21762.822252813452,0.5974233312303590649371445300
2025-02-06 00:00:00+00:00,8761.204485563452,0.134575,96554.35,21755.006136813452,0.5972786939031062589026488523
2025-02-07 00:00:00+00:00,8761.204485563452,0.134575,96506.8,21748.607095563452,0.5971602021652839505568145640
2025-02-08 00:00:00+00:00,8761.204485563452,0.134575,96444.74,21740.255371063452,0.5970054474509658606138707677
2025-02-09 00:00:00+00:00,8761.204485563452,0.134575,96462.75,21742.679066813452,0.5970503699824204627036672699
2025-02-10 00:00:00+00:00,8761.204485563452,0.134575,97430.82,21872.957087063452,0.5994503874949226097758252403
2025-02-11 00:00:00+00:00,8761.204485563452,0.134575,95778.2,21650.555750563452,0.5953358155558919933985251877
2025-02-12 00:00:00+00:00,8761.204485563452,0.134575,97869.99,21932.058389813452,0.6005297665251212942300455150
2025-02-13 00:00:00+00:00,8761.204485563452,0.134575,96608.14,21762.244926063452,0.5974126513450532871025391417
2025-02-14 00:00:00+00:00,8761.204485563452,0.134575,97500.48,21882.331581563452,0.5996219848462107897803924077
2025-02-15 00:00:00+00:00,8761.204485563452,0.134575,97569.66,21891.641480063452,0.5997922543386153600519181432
2025-02-16 00:00:00+00:00,8761.204485563452,0.134575,96118.12,21696.300484563452,0.5961890142608920970517967051
2025-02-17 00:00:00+00:00,8761.204485563452,0.134575,95780.0,21650.797985563452,0.5953403430485407253236912797
2025-02-18 00:00:00+00:00,8761.204485563452,0.134575,95671.74,21636.228896063452,0.5950678592073183876801585689
2025-02-19 00:00:00+00:00,8761.204485563452,0.134575,96644.37,21767.120578313452,0.5975028275309768692780730660
2025-02-20 00:00:00+00:00,15228.635182062685,0.067568,98305.0,21870.907422062685,0.3037035506491826776535818114
2025-02-21 00:00:00+00:00,15228.635182062685,0.067568,96181.98,21727.459206702685,0.2991064883755567437430733478
2025-02-22 00:00:00+00:00,1068.035220816553,0.214604,96551.01,21788.268170856553,0.9509811788416882799143377433
2025-02-23 00:00:00+00:00,11425.386774218284,0.107191,96258.0,21743.378052218284,0.4745348792271652964231308510
2025-02-24 00:00:00+00:00,11425.386774218284,0.107191,91552.88,21239.031534298284,0.4620570737527384551512921240
2025-02-25 00:00:00+00:00,11425.386774218284,0.107191,88680.4,20931.127530618284,0.4541437503782296330713315696
2025-02-26 00:00:00+00:00,11425.386774218284,0.107191,84250.09,20456.238171408284,0.4414717565134940149579882700
2025-02-27 00:00:00+00:00,11425.386774218284,0.107191,84708.58,20505.384172998284,0.4428104015108695551016532838
2025-02-28 00:00:00+00:00,11425.386774218284,0.107191,84349.94,20466.941192758284,0.4417638343407723391205580099
2025-03-01 00:00:00+00:00,11425.386774218284,0.107191,86064.53,20650.729809448284,0.4467320583996575578813417960
2025-03-02 00:00:00+00:00,11425.386774218284,0.107191,94270.0,21530.282344218284,0.4693340945764957162281914295
2025-03-03 00:00:00+00:00,11425.386774218284,0.107191,86220.61,20667.460180728284,0.4471799304651823943430041294
2025-03-04 00:00:00+00:00,11425.386774218284,0.107191,87281.98,20781.229492398284,0.4502064096641799402507320983
2025-03-05 00:00:00+00:00,11425.386774218284,0.107191,90606.01,21137.535592128284,0.4594740373389057299236558900
2025-03-06 00:00:00+00:00,1043.410117325284,0.221626,89931.89,20974.655170465284,0.9502537653732431839084235070
2025-03-07 00:00:00+00:00,1043.410117325284,0.221626,86801.75,20280.934762825284,0.9485521683528195884590219185
2025-03-08 00:00:00+00:00,1043.410117325284,0.221626,86222.45,20152.546821025284,0.9482244042605727929479685925
2025-03-09 00:00:00+00:00,1043.410117325284,0.221626,80734.37,18936.245602945284,0.9448987862111909196695652682
2025-03-10 00:00:00+00:00,9929.993234598124,0.111411,78595.86,18686.436593058124,0.4685988853387357628024019123
2025-03-11 00:00:00+00:00,9929.993234598124,0.111411,82932.99,19169.640583488124,0.4819937707569030467639758073
2025-03-12 00:00:00+00:00,9929.993234598124,0.111411,83680.12,19252.879083918124,0.4842333351123251197449662813
2025-03-13 00:00:00+00:00,9929.993234598124,0.111411,81115.78,18967.183400178124,0.4764645321822074136568730857
2025-03-14 00:00:00+00:00,9929.993234598124,0.111411,83983.2,19286.645529798124,0.4851363229932259443739867645
2025-03-15 00:00:00+00:00,9929.993234598124,0.111411,84338.44,19326.223173438124,0.4861906982298609196821749035
2025-03-16 00:00:00+00:00,9929.993234598124,0.111411,82574.53,19129.704196428124,0.4809123480094250110756293331
2025-03-17 00:00:00+00:00,9929.993234598124,0.111411,84010.03,19289.634686928124,0.4852161072118532543633940082
2025-03-18 00:00:00+00:00,9929.993234598124,0.111411,82715.03,19145.357441928124,0.4813367541077322948284836398
2025-03-19 00:00:00+00:00,9929.993234598124,0.111411,86845.94,19605.586255938124,0.4935120477924736509582499832
2025-03-20 00:00:00+00:00,9929.993234598124,0.111411,84223.39,19313.405337888124,0.4858496955418869861311686280
2025-03-21 00:00:00+00:00,9929.993234598124,0.111411,84088.79,19298.409417288124,0.4854501726083952400825665792
2025-03-22 00:00:00+00:00,9929.993234598124,0.111411,83840.59,19270.757207088124,0.4847118290221778338644630302
2025-03-23 00:00:00+00:00,9929.993234598124,0.111411,86082.5,19520.530642098124,0.4913051588268289439769870082
2025-03-24 00:00:00+00:00,9929.993234598124,0.111411,87498.16,19678.250738358124,0.4953823199720726976561772803
2025-03-25 00:00:00+00:00,9929.993234598124,0.111411,87392.87,19666.520274168124,0.4950813313099867270528022537
2025-03-26 00:00:00+00:00,9929.993234598124,0.111411,86909.17,19612.630773468124,0.4936939694989122612093897291
2025-03-27 00:00:00+00:00,9929.993234598124,0.111411,87232.01,19648.598700708124,0.4946207927672596390165206558
2025-03-28 00:00:00+00:00,9929.993234598124,0.111411,84424.38,19335.797834778124,0.4864451252827204840610203292
2025-03-29 00:00:00+00:00,9929.993234598124,0.111411,82648.54,19137.949724538124,0.4811359953639038608664073319
2025-03-30 00:00:00+00:00,9929.993234598124,0.111411,82389.99,19109.144410488124,0.4803538546106747306261012765
2025-03-31 00:00:00+00:00,9929.993234598124,0.111411,82550.01,19126.972398708124,0.4808382096442604446337983217
2025-04-01 00:00:00+00:00,9929.993234598124,0.111411,85158.34,19417.569052338124,0.4886078062690125652765515086
2025-04-02 00:00:00+00:00,9929.993234598124,0.111411,82516.29,19123.215619788124,0.4807362196803937133707329447
2025-04-03 00:00:00+00:00,9929.993234598124,0.111411,83213.09,19200.846804588124,0.4828356615904403816711366248
2025-04-04 00:00:00+00:00,9929.993234598124,0.111411,83889.87,19276.247541168124,0.4848585953572800527626380853
2025-04-05 00:00:00+00:00,9929.993234598124,0.111411,83537.99,19237.044238488124,0.4838087852014764036814039858
2025-04-06 00:00:00+00:00,9929.993234598124,0.111411,78430.0,18667.957964598124,0.4680728736678461475300487874
2025-04-07 00:00:00+00:00,9929.993234598124,0.111411,79163.24,18749.648966238124,0.4703904455769419414279948540
2025-04-08 00:00:00+00:00,9929.993234598124,0.111411,76322.42,18433.150369218124,0.4612970091547447762902329770
2025-04-09 00:00:00+00:00,9929.993234598124,0.111411,82615.22,19134.237510018124,0.4810353310708581099691634259
2025-04-10 00:00:00+00:00,9929.993234598124,0.111411,79607.3,18799.122134898124,0.4717842054888093043243786520
2025-04-11 00:00:00+00:00,9929.993234598124,0.111411,83423.84,19224.326672838124,0.4834673066272786049076100899
2025-04-12 00:00:00+00:00,9929.993234598124,0.111411,85276.9,19430.777940498124,0.4889554466112353480538116326
2025-04-13 00:00:00+00:00,9929.993234598124,0.111411,83760.0,19261.778594598124,0.4844716345466173978003331116
2025-04-14 00:00:00+00:00,7701.848487102124,0.137978,84591.58,19373.625512342124,0.6024570371613924581478818339
2025-04-15 00:00:00+00:00,7749.411634064722,0.137415,83643.99,19243.350519914722,0.5972940561444876722289154467
2025-04-16 00:00:00+00:00,7749.411634064722,0.137415,84030.38,19296.446301764722,0.5984021351456815438219545417
2025-04-17 00:00:00+00:00,7749.411634064722,0.137415,84947.91,19422.528686714722,0.6010091291889594871245185143
2025-04-18 00:00:00+00:00,7769.009093724346,0.137184,84474.69,19357.584966684346,0.5986581431983735348742865420
2025-04-19 00:00:00+00:00,7769.009093724346,0.137184,85077.01,19440.213633564346,0.6003640062725017984125225534
2025-04-20 00:00:00+00:00,7776.146271315946,0.137100,85179.24,19454.220075315946,0.6002848615256215764352828195
2025-04-21 00:00:00+00:00,7781.760792777154,0.137034,87516.23,19774.459854597154,0.6064741666777788046008539878
2025-04-22 00:00:00+00:00,7909.630575538336,0.135571,93442.99,20577.790172828336,0.6156229357425123111950638429
2025-04-23 00:00:00+00:00,8230.749905601169,0.132130,93691.08,20610.152306001169,0.6006458475707344850421014551
2025-04-24 00:00:00+00:00,8244.130311441256,0.131987,93980.47,20648.330605331256,0.6007362304963928351064236989
2025-04-25 00:00:00+00:00,8259.335355294274,0.131825,94638.68,20735.079346294274,0.6016733180830405868847853559
2025-04-26 00:00:00+00:00,8294.022598740046,0.131458,94628.0,20733.630222740046,0.5999724838516989715808719405
2025-04-27 00:00:00+00:00,1027.282897974846,0.208151,93749.3,20541.293442274846,0.9499893762356437310808335739
2025-04-28 00:00:00+00:00,1027.282897974846,0.208151,95011.18,20803.955026154846,0.9506207883701276836919095159
2025-04-29 00:00:00+00:00,1027.282897974846,0.208151,94256.82,20646.934237794846,0.9502452574244958282189335182
2025-04-30 00:00:00+00:00,1027.282897974846,0.208151,94172.0,20629.278869974846,0.9502026753116407601355378358
2025-05-01 00:00:00+00:00,1027.282897974846,0.208151,96489.91,21111.754154384846,0.9513407133077341883793884070
2025-05-02 00:00:00+00:00,1027.282897974846,0.208151,96887.14,21194.437976114846,0.9515305431013293939513229923
2025-05-03 00:00:00+00:00,1027.282897974846,0.208151,95856.42,20979.892577394846,0.9510348828438850056867297077
2025-05-04 00:00:00+00:00,1027.282897974846,0.208151,94277.62,20651.263778594846,0.9502556885143450325798262589
2025-05-05 00:00:00+00:00,1027.282897974846,0.208151,94733.68,20746.193123654846,0.9504833059322321535994072074
2025-05-06 00:00:00+00:00,1027.282897974846,0.208151,96834.02,21183.380994994846,0.9515052437466158153299206172
2025-05-07 00:00:00+00:00,1027.282897974846,0.208151,97030.5,21224.278503474846,0.9515986893120226018914553684
2025-05-08 00:00:00+00:00,1027.282897974846,0.208151,103261.6,22521.288199574846,0.9543861395106946451117094568
2025-05-09 00:00:00+00:00,11809.661931231324,0.103597,102971.99,22477.251179261324,0.4745949210138502299672582487
2025-05-10 00:00:00+00:00,11809.661931231324,0.103597,104809.53,22667.614810641324,0.4790072960968406858523810315
2025-05-11 00:00:00+00:00,11809.661931231324,0.103597,104118.0,22595.974377231324,0.4773554911121138690063571836
2025-05-12 00:00:00+00:00,11809.661931231324,0.103597,102791.32,22458.534309271324,0.4741570501171991602977941714
2025-05-13 00:00:00+00:00,11809.661931231324,0.103597,104103.72,22594.495012071324,0.4773212711803516867046646697
2025-05-14 00:00:00+00:00,11809.661931231324,0.103597,103507.82,22532.761559771324,0.4758892779340635980404369897
2025-05-15 00:00:00+00:00,11809.661931231324,0.103597,103763.71,22559.270996101324,0.4765051613027628080821942382
2025-05-16 00:00:00+00:00,11809.661931231324,0.103597,103463.9,22528.211579531324,0.4757834242838280495304033981
2025-05-17 00:00:00+00:00,11809.661931231324,0.103597,103126.65,22493.273491281324,0.4749691753043905481105799281
2025-05-18 00:00:00+00:00,11809.661931231324,0.103597,106454.26,22838.003904451324,0.4828943028191041249624295821
2025-05-19 00:00:00+00:00,11809.661931231324,0.103597,105573.74,22746.784674011324,0.4808206038577351500488343264
2025-05-20 00:00:00+00:00,11809.661931231324,0.103597,106849.99,22879.000345261324,0.4838208945751718763980829768
2025-05-21 00:00:00+00:00,11809.661931231324,0.103597,109643.99,23168.450363261324,0.4902696664616749003102745525
2025-05-22 00:00:00+00:00,1144.669320704583,0.200740,111696.21,23566.566516104583,0.9514282523963618009750314064
2025-05-23 00:00:00+00:00,1144.669320704583,0.200740,107318.3,22687.744862704583,0.9495468003703507738588856642
2025-05-24 00:00:00+00:00,1144.669320704583,0.200740,107761.91,22776.795134104583,0.9497440568804772267263818579
2025-05-25 00:00:00+00:00,1144.669320704583,0.200740,109004.19,23026.170421304583,0.9502883328073739669612485066
2025-05-26 00:00:00+00:00,1144.669320704583,0.200740,109434.79,23112.609065304583,0.9504742490356530288072855306
2025-05-27 00:00:00+00:00,1144.669320704583,0.200740,108938.17,23012.917566504583,0.9502597044726456179379893172
2025-05-28 00:00:00+00:00,1144.669320704583,0.200740,107781.78,22780.783837904583,0.9497528562296444792016494963
2025-05-29 00:00:00+00:00,1144.669320704583,0.200740,105589.75,22340.755735704583,0.9487631781911838531464307739
2025-05-30 00:00:00+00:00,1144.669320704583,0.200740,103985.48,22018.714575904583,0.9480137990454169295492627375
2025-05-31 00:00:00+00:00,11546.314255826823,0.100580,104591.88,22066.165546226823,0.4767412475158752314390303103
2025-06-01 00:00:00+00:00,11546.314255826823,0.100580,105642.93,22171.880155226823,0.4792361236399303559526036991
2025-06-02 00:00:00+00:00,11546.314255826823,0.100580,105857.99,22193.510890026823,0.4797436821492073458600813479
2025-06-03 00:00:00+00:00,11546.314255826823,0.100580,105376.89,22145.121852026823,0.4786068763595422968980558309
2025-06-04 00:00:00+00:00,11546.314255826823,0.100580,104696.86,22076.724434626823,0.4769915124855795783118779111
2025-06-05 00:00:00+00:00,1090.274235165503,0.200320,101508.68,21424.493012765503,0.9491108501603339035815553289
2025-06-06 00:00:00+00:00,1090.274235165503,0.200320,104288.44,21981.334535965503,0.9503999980810257911236859921
2025-06-07 00:00:00+00:00,1090.274235165503,0.200320,105552.15,22234.480923165503,0.9509647093209369314905709155
2025-06-08 00:00:00+00:00,1090.274235165503,0.200320,105734.0,22270.909115165503,0.9510449156104240701685306116
2025-06-09 00:00:00+00:00,1090.274235165503,0.200320,110263.02,23178.162401565503,0.9529611443618212145074165070
2025-06-10 00:00:00+00:00,1090.274235165503,0.200320,110274.39,23180.440039965503,0.9529657662544043085404032816
2025-06-11 00:00:00+00:00,1090.274235165503,0.200320,108645.12,22854.064673565503,0.9522940776295874815746494930
2025-06-12 00:00:00+00:00,1090.274235165503,0.200320,105671.73,22258.435188765503,0.9510174805228088554886847804
2025-06-13 00:00:00+00:00,1090.274235165503,0.200320,106066.59,22337.533543965503,0.9511909301436710685714534778
2025-06-14 00:00:00+00:00,1090.274235165503,0.200320,105414.64,22206.934919965503,0.9509038847956782021007425239
2025-06-15 00:00:00+00:00,1090.274235165503,0.200320,105594.01,22242.866318365503,0.9509831952608875446275817437
2025-06-16 00:00:00+00:00,11663.789593977839,0.100056,106794.53,22349.223087657839,0.4781120780695475827783438908
2025-06-17 00:00:00+00:00,11663.789593977839,0.100056,104551.17,22124.761459497839,0.4728173853837984136648727328
2025-06-18 00:00:00+00:00,1092.592284173780,0.201035,104886.78,22178.506101473780,0.9507364346735158892107194611
2025-06-19 00:00:00+00:00,11630.067262028888,0.100439,104658.59,22141.871383038888,0.4747477726323643151214429858
2025-06-20 00:00:00+00:00,11630.067262028888,0.100439,103297.99,22005.214079638888,0.4714858387680934206212105050
2025-06-21 00:00:00+00:00,1086.595654992824,0.202375,102120.01,21753.132678742824,0.9500487736161952429657921744
2025-06-22 00:00:00+00:00,15208.874084736578,0.063904,100963.87,21660.869233216578,0.2978640921106699702986409382
2025-06-23 00:00:00+00:00,8655.888209867158,0.128724,105333.93,22214.893015187158,0.6103565205580967275401208018
2025-06-24 00:00:00+00:00,1101.009496508298,0.200354,106083.0,22355.162878508298,0.9507492071298312317988346282
2025-06-25 00:00:00+00:00,11722.640650085898,0.100098,107340.58,22467.218026925898,0.4782335473828193718951780608
2025-06-26 00:00:00+00:00,11722.640650085898,0.100098,106947.06,22427.827461965898,0.4773171556645122843438107415
2025-06-27 00:00:00+00:00,1107.624775975470,0.199224,107047.59,22434.073846135470,0.9506275684223856986632573737
2025-06-28 00:00:00+00:00,1107.624775975470,0.199224,107296.79,22483.720466935470,0.9507365883860573008274339296
2025-06-29 00:00:00+00:00,1107.624775975470,0.199224,108356.93,22694.925798295470,0.9511950474824350601880018058
2025-06-30 00:00:00+00:00,1107.624775975470,0.199224,107146.5,22453.779091975470,0.9506708972490375633517219112
2025-07-01 00:00:00+00:00,1107.624775975470,0.199224,105681.14,22161.844211335470,0.9500210918634228289455679156
2025-07-02 00:00:00+00:00,1107.624775975470,0.199224,108849.6,22793.077486375470,0.9514052116640435609659604508
2025-07-03 00:00:00+00:00,11952.343388747550,0.099464,109584.78,22852.083946667550,0.4769692157335819722022058843
2025-07-04 00:00:00+00:00,11952.343388747550,0.099464,107984.24,22692.887836107550,0.4733000279616371952173397205
2025-07-05 00:00:00+00:00,1120.634252192100,0.199642,108198.12,22721.523325232100,0.9506796161440618225403671631
2025-07-06 00:00:00+00:00,1120.634252192100,0.199642,109203.84,22922.307277472100,0.9511116294434525653941981245
2025-07-07 00:00:00+00:00,1120.634252192100,0.199642,108262.94,22734.464119672100,0.9507076900386485578426588778
2025-07-08 00:00:00+00:00,1120.634252192100,0.199642,108922.98,22866.235825352100,0.9509917478000625756950356287
2025-07-09 00:00:00+00:00,1120.634252192100,0.199642,111233.99,23327.610483772100,0.9519610354874678865110114950
2025-07-10 00:00:00+00:00,1120.634252192100,0.199642,116010.0,24281.102672192100,0.9538474727724987192657591756
2025-07-11 00:00:00+00:00,1120.634252192100,0.199642,117527.66,24584.091349912100,0.9544162834313537966622311627
2025-07-12 00:00:00+00:00,12891.338745745986,0.099359,117420.0,24558.072525745986,0.4750671604120774355956030390
2025-07-13 00:00:00+00:00,12891.338745745986,0.099359,119086.64,24723.668209505986,0.4785830874081458459008679506
2025-07-14 00:00:00+00:00,1221.057555217191,0.197230,119841.18,24857.333486617191,0.9508773716265829658237710475
2025-07-15 00:00:00+00:00,13034.722325953365,0.098524,117758.09,24636.720385113365,0.4709229912829817512698618377
2025-07-16 00:00:00+00:00,13034.722325953365,0.098524,118630.43,24722.666811273365,0.4727622863076558629273478362
2025-07-17 00:00:00+00:00,13034.722325953365,0.098524,119177.56,24776.572247393365,0.4739093771405489219471331326
2025-07-18 00:00:00+00:00,13034.722325953365,0.098524,117924.84,24653.149262113365,0.4712755685950048358234057763
2025-07-19 00:00:00+00:00,13034.722325953365,0.098524,117840.0,24644.790485953365,0.4710962410744500728559574487
2025-07-20 00:00:00+00:00,13034.722325953365,0.098524,117265.12,24588.151008833365,0.4698778968263777553627462130
2025-07-21 00:00:00+00:00,13034.722325953365,0.098524,117380.36,24599.504914593365,0.4701225747750447478139277146
2025-07-22 00:00:00+00:00,13034.722325953365,0.098524,119954.42,24853.111602033365,0.4755295620655030910508074292
2025-07-23 00:00:00+00:00,13034.722325953365,0.098524,118755.99,24735.037484713365,0.4730259724082074015745614921
2025-07-24 00:00:00+00:00,13034.722325953365,0.098524,118340.99,24694.150024713365,0.4721534325778170086721558491
2025-07-25 00:00:00+00:00,13034.722325953365,0.098524,117614.31,24622.554604393365,0.4706186041464763650557207360
2025-07-26 00:00:00+00:00,13034.722325953365,0.098524,117919.99,24652.671420713365,0.4712653203578785140333851086
2025-07-27 00:00:00+00:00,13034.722325953365,0.098524,119415.55,24800.019974153365,0.4744067811421853254032435138
2025-07-28 00:00:00+00:00,13034.722325953365,0.098524,118062.32,24666.694341633365,0.4715659039909180127793270495
2025-07-29 00:00:00+00:00,13034.722325953365,0.098524,117950.76,24655.703004193365,0.4713303318207369663361265883
2025-07-30 00:00:00+00:00,13034.722325953365,0.098524,117840.3,24644.820043153365,0.4710968754030495895434691326
2025-07-31 00:00:00+00:00,13034.722325953365,0.098524,115764.08,24440.262543873365,0.4666701185163461953708183332
2025-08-01 00:00:00+00:00,13034.722325953365,0.098524,113297.93,24197.287581273365,0.4613147328115764769223520928
2025-08-02 00:00:00+00:00,1194.559485677141,0.202893,112546.35,24029.426076227141,0.9502876397510406654799086044
2025-08-03 00:00:00+00:00,9600.846058165946,0.128104,114208.8,24231.450173365946,0.6037857416920619158260873894
2025-08-04 00:00:00+00:00,1200.731949035831,0.201559,115055.03,24391.108740805831,0.9507717356436925409523022608
2025-08-05 00:00:00+00:00,1200.731949035831,0.201559,114129.75,24204.610229285831,0.9503924278200922225626703447
2025-08-06 00:00:00+00:00,1200.731949035831,0.201559,114992.27,24378.458897965831,0.9507461913789791868004907691
2025-08-07 00:00:00+00:00,1200.731949035831,0.201559,117472.01,24878.272812625831,0.9517357190316502058311258991
2025-08-08 00:00:00+00:00,1200.731949035831,0.201559,116674.74,24717.575868695831,0.9514219373528240330881401747
2025-08-09 00:00:00+00:00,1200.731949035831,0.201559,116462.25,24674.746596785831,0.9513376178220918337510957493
2025-08-10 00:00:00+00:00,1200.731949035831,0.201559,119294.01,25245.513310625831,0.9524378080864593398171408805
2025-08-11 00:00:00+00:00,1200.731949035831,0.201559,118686.0,25122.963423035831,0.9522057995779728805281762820
2025-08-12 00:00:00+00:00,13173.975389442431,0.100546,120134.08,25252.976597122431,0.4783198986948888438192095183
2025-08-13 00:00:00+00:00,1247.195682411881,0.199696,123306.43,25870.996527691881,0.9517917417260327158770234239
2025-08-14 00:00:00+00:00,13566.243106310489,0.099660,118295.09,25355.531775710489,0.4649592354711973528604609384
2025-08-15 00:00:00+00:00,13566.243106310489,0.099660,117342.05,25260.551809310489,0.4629474760202875939129464535
2025-08-16 00:00:00+00:00,13566.243106310489,0.099660,117380.66,25264.399681910489,0.4630292713416805663210480067
2025-08-17 00:00:00+00:00,13566.243106310489,0.099660,117405.01,25266.826402910489,0.4630808440292370195467915977
2025-08-18 00:00:00+00:00,13566.243106310489,0.099660,116227.05,25149.430909310489,0.4605745491724755380548077293
2025-08-19 00:00:00+00:00,1241.564777046659,0.205562,112872.94,24443.952069326659,0.9492076905761638754342494814
2025-08-20 00:00:00+00:00,9766.597525114949,0.129936,114271.24,24614.545365754949,0.6032184474671324418468752746
2025-08-21 00:00:00+00:00,9766.597525114949,0.129936,112500.0,24384.397525114949,0.5994734946780724745939873389
2025-08-22 00:00:00+00:00,9766.597525114949,0.129936,116935.99,24960.792321754949,0.6087224556328395882911461922
2025-08-23 00:00:00+00:00,1236.969677268549,0.202784,115438.05,24645.959208468549,0.9498104469456592985566893210
2025-08-24 00:00:00+00:00,1236.969677268549,0.202784,113493.59,24251.653831828549,0.9489944196859219808052870862
2025-08-25 00:00:00+00:00,16955.799660088989,0.064104,110111.98,24014.418026008989,0.2939325183010936331983792822
2025-08-26 00:00:00+00:00,16955.799660088989,0.064104,111763.22,24120.269114968989,0.2970310746008113612481328138
2025-08-27 00:00:00+00:00,9638.661590807379,0.129489,111262.01,24045.868003697379,0.5991551817000199873608705579
2025-08-28 00:00:00+00:00,9638.661590807379,0.129489,112566.9,24214.836904907379,0.6019522399156028269112648417
2025-08-29 00:00:00+00:00,9638.661590807379,0.129489,108377.4,23672.342739407379,0.5928302620102789058681394157
2025-08-30 00:00:00+00:00,16561.685203770939,0.065527,108816.33,23692.092859680939,0.3009614936992115552235415364
2025-08-31 00:00:00+00:00,9467.661332433207,0.130635,108246.35,23608.423264683207,0.5989710440935603004562418941
2025-09-01 00:00:00+00:00,9467.661332433207,0.130635,109237.42,23737.891694133207,0.6011582892690875004445258997
2025-09-02 00:00:00+00:00,9467.661332433207,0.130635,111240.01,23999.500038783207,0.6055058931588799602449748792
2025-09-03 00:00:00+00:00,9467.661332433207,0.130635,111705.71,24060.336758283207,0.6065033740987106926565332008
2025-09-04 00:00:00+00:00,9467.661332433207,0.130635,110730.87,23932.988534883207,0.6044095655403108563929351970
2025-09-05 00:00:00+00:00,9467.661332433207,0.130635,110659.99,23923.729126083207,0.6042564567364647912626733598
2025-09-06 00:00:00+00:00,9467.661332433207,0.130635,110187.97,23862.066793383207,0.6032338097780144195180317476
2025-09-07 00:00:00+00:00,9467.661332433207,0.130635,111137.34,23986.087743333207,0.6052853039752308847258737072
2025-09-08 00:00:00+00:00,9467.661332433207,0.130635,112065.23,24107.302653483207,0.6072699850115646570404600162
2025-09-09 00:00:00+00:00,9467.661332433207,0.130635,111546.39,24039.523990083207,0.6061626953870297088442861226
2025-09-10 00:00:00+00:00,9467.661332433207,0.130635,113960.0,24354.825932433207,0.6112613837315434478358730097
2025-09-11 00:00:00+00:00,1207.030174269207,0.203028,115482.69,24653.249759589207,0.9510397133830311082274029376
2025-09-12 00:00:00+00:00,1207.030174269207,0.203028,116029.42,24764.251258029207,0.9512591694498392402572302534
2025-09-13 00:00:00+00:00,1207.030174269207,0.203028,115918.29,24741.688756389207,0.9512147215918109972304356158
2025-09-14 00:00:00+00:00,1207.030174269207,0.203028,115268.01,24609.663708549207,0.9509530000668032678218957147
2025-09-15 00:00:00+00:00,1207.030174269207,0.203028,115349.71,24626.251096149207,0.9509860364228175344218239861
2025-09-16 00:00:00+00:00,1207.030174269207,0.203028,116788.96,24918.459145149207,0.9515608020849806228017999022
2025-09-17 00:00:00+00:00,1207.030174269207,0.203028,116447.59,24849.151476789207,0.9514256985637254030280682879
2025-09-18 00:00:00+00:00,1207.030174269207,0.203028,117073.53,24976.234823109207,0.9516728529012545576334971782
2025-09-19 00:00:00+00:00,1207.030174269207,0.203028,115632.38,24683.641020909207,0.9510999948003316581626244560
2025-09-20 00:00:00+00:00,1207.030174269207,0.203028,115685.63,24694.452261909207,0.9511214032420135306568862959
2025-09-21 00:00:00+00:00,1207.030174269207,0.203028,115232.29,24602.411548389207,0.9509385422687055711543299930
2025-09-22 00:00:00+00:00,1207.030174269207,0.203028,112650.99,24078.335371989207,0.9498706968060022731055856473
2025-09-23 00:00:00+00:00,9620.457466758486,0.128245,111998.8,23983.743572758486,0.5988759036897928776485145686
2025-09-24 00:00:00+00:00,9620.457466758486,0.128245,113307.0,24151.513681758486,0.6016623391177022574070921847
2025-09-25 00:00:00+00:00,9620.457466758486,0.128245,108994.49,23598.455836808486,0.5923268228528472796765155645
2025-09-26 00:00:00+00:00,9620.457466758486,0.128245,109643.46,23681.682994458486,0.5937595537863726526506134325
2025-09-27 00:00:00+00:00,9620.457466758486,0.128245,109635.85,23680.707050008486,0.5937428115451882801151930779
2025-09-28 00:00:00+00:00,9620.457466758486,0.128245,112163.95,24004.923234508486,0.5992298174514253906754815706
2025-09-29 00:00:00+00:00,9620.457466758486,0.128245,114311.96,24280.394776958486,0.6037767278854926168024157715
2025-09-30 00:00:00+00:00,1203.141200578107,0.201784,114048.93,24216.390491698107,0.9503170713657524907583498475
2025-10-01 00:00:00+00:00,1203.141200578107,0.201784,118594.99,25133.712662738107,0.9521303829353544114867757678
2025-10-02 00:00:00+00:00,1203.141200578107,0.201784,120529.35,25524.035560978107,0.9528624226484974617536752128
2025-10-03 00:00:00+00:00,1203.141200578107,0.201784,122232.0,25867.603088578107,0.9534884930599017712801322757
2025-10-04 00:00:00+00:00,1203.141200578107,0.201784,122391.0,25899.686744578107,0.9535461099416588495484375125
2025-10-05 00:00:00+00:00,13581.319397890191,0.100516,123482.31,25993.267269850191,0.4775062612600733949785263119
2025-10-06 00:00:00+00:00,13581.319397890191,0.100516,124658.54,26111.497204530191,0.4798720543862987656666305143
2025-10-07 00:00:00+00:00,13581.319397890191,0.100516,121332.95,25777.222200090191,0.4731271161621646025251789238
2025-10-08 00:00:00+00:00,13581.319397890191,0.100516,123306.0,25975.545293890191,0.4771497866847589937230161117
2025-10-09 00:00:00+00:00,13581.319397890191,0.100516,121662.4,25810.337196290191,0.4738031008815227337625864482
2025-10-10 00:00:00+00:00,13581.319397890191,0.100516,112774.5,24916.961039890191,0.4549367647143038656529726224
2025-10-11 00:00:00+00:00,13581.319397890191,0.100516,110644.4,24702.851908290191,0.4502124917272265415231417904
2025-10-12 00:00:00+00:00,13581.319397890191,0.100516,114958.8,25136.518138690191,0.4596976668385192723953013681
2025-10-13 00:00:00+00:00,13581.319397890191,0.100516,115166.0,25157.345053890191,0.4601449648682203927148637190
2025-10-14 00:00:00+00:00,13581.319397890191,0.100516,113028.14,24942.455918130191,0.4554938999403747004217863755
2025-10-15 00:00:00+00:00,13581.319397890191,0.100516,110763.28,24714.801250370191,0.4504783081075044851774146801
2025-10-16 00:00:00+00:00,13581.319397890191,0.100516,108194.28,24456.575646370191,0.4446761642239186311835711907
2025-10-17 00:00:00+00:00,13581.319397890191,0.100516,106431.68,24279.406144770191,0.4406239050119592345979470965
2025-10-18 00:00:00+00:00,13581.319397890191,0.100516,107185.01,24355.127863050191,0.4423630426307566191785556012
2025-10-19 00:00:00+00:00,13581.319397890191,0.100516,108642.78,24501.657072370191,0.4456979232965654593370647570
2025-10-20 00:00:00+00:00,13581.319397890191,0.100516,110532.09,24691.562956330191,0.4499611295603164767383609745
2025-10-21 00:00:00+00:00,13581.319397890191,0.100516,108297.67,24466.967995610191,0.4449120381272039457107698439
2025-10-22 00:00:00+00:00,13581.319397890191,0.100516,107567.44,24393.568196930191,0.4432417886449538625496526241
2025-10-23 00:00:00+00:00,13581.319397890191,0.100516,110078.18,24645.937738770191,0.4489428829268848910883205607
2025-10-24 00:00:00+00:00,13581.319397890191,0.100516,111004.89,24739.086921130191,0.4510177582063430410888832817
2025-10-25 00:00:00+00:00,13581.319397890191,0.100516,111646.27,24803.555873210191,0.4524446628816195705901982347
2025-10-26 00:00:00+00:00,13581.319397890191,0.100516,114559.4,25096.372048290191,0.4588333575961836047261728849
2025-10-27 00:00:00+00:00,1238.817019956624,0.208115,114107.65,24986.330599706624,0.9504202101619847485559357178
2025-10-28 00:00:00+00:00,1238.817019956624,0.208115,112898.45,24734.677941706624,0.9499157812818019222483446686
2025-10-29 00:00:00+00:00,9882.698452639188,0.131452,110021.29,24345.217065719188,0.5940599574051388400448305063
2025-10-30 00:00:00+00:00,9882.698452639188,0.131452,108322.88,24121.957674399188,0.5903028026979846281275999934
2025-10-31 00:00:00+00:00,16876.343456379231,0.066805,109608.01,24198.706564429231,0.3025931608598234513048156618
2025-11-01 00:00:00+00:00,16876.343456379231,0.066805,110098.1,24231.447026879231,0.3035354662204531197318816194
2025-11-02 00:00:00+00:00,1191.221603410831,0.209085,110540.68,24303.619681210831,0.9509858358945697947713252794
2025-11-03 00:00:00+00:00,1191.221603410831,0.209085,106583.04,23476.136521810831,0.9492581923646546351853520437
2025-11-04 00:00:00+00:00,9379.889931171346,0.132156,101497.22,22793.356537491346,0.5884814105485973433774217143
2025-11-05 00:00:00+00:00,9379.889931171346,0.132156,103885.16,23108.937136131346,0.5941011966099610919046323745
2025-11-06 00:00:00+00:00,9379.889931171346,0.132156,101346.04,22773.377193411346,0.5881203805869830188399087341
2025-11-07 00:00:00+00:00,9379.889931171346,0.132156,103339.08,23036.769387651346,0.5928296293056025456956280553
2025-11-08 00:00:00+00:00,9379.889931171346,0.132156,102312.94,22901.158829811346,0.5904185460274101256203660428
2025-11-09 00:00:00+00:00,9379.889931171346,0.132156,104722.96,23219.657432931346,0.5960366789103318078290405896
2025-11-10 00:00:00+00:00,9379.889931171346,0.132156,106011.13,23389.896827451346,0.5989768573855904760518439067
2025-11-11 00:00:00+00:00,9379.889931171346,0.132156,103058.99,22999.753813611346,0.5921743333782864343560405614
2025-11-12 00:00:00+00:00,9379.889931171346,0.132156,101654.37,22814.124852891346,0.5888560270598069196410457753
2025-11-13 00:00:00+00:00,9379.889931171346,0.132156,99692.02,22554.788526291346,0.5841286687198361918653065453
2025-11-14 00:00:00+00:00,9379.889931171346,0.132156,94594.0,21881.054595171346,0.5713236813895946486709370836
2025-11-15 00:00:00+00:00,9379.889931171346,0.132156,95596.24,22013.506624611346,0.5739029637066307096112833342
2025-11-16 00:00:00+00:00,9379.889931171346,0.132156,94261.44,21837.104795811346,0.5704609187491495396936639795
2025-11-17 00:00:00+00:00,9379.889931171346,0.132156,92215.14,21566.673973011346,0.5650748027762931055686942747
2025-11-18 00:00:00+00:00,9379.889931171346,0.132156,92960.83,21665.221380651346,0.5670531232351825715059116914
2025-11-19 00:00:00+00:00,9379.889931171346,0.132156,91554.96,21479.427224931346,0.5633081909984996520569375190
2025-11-20 00:00:00+00:00,9379.889931171346,0.132156,86637.23,20829.519699051346,0.5496828507477039345795962990
2025-11-21 00:00:00+00:00,9379.889931171346,0.132156,85129.43,20630.254882251346,0.5453332988512387229878208420
2025-11-22 00:00:00+00:00,9379.889931171346,0.132156,84739.74,20578.755010611346,0.5441954614681672271588640599
2025-11-23 00:00:00+00:00,9379.889931171346,0.132156,86830.0,20854.995411171346,0.5502329419767293463215068618
2025-11-24 00:00:00+00:00,9379.889931171346,0.132156,88300.01,21049.266052731346,0.5543839909822312072380617148
2025-11-25 00:00:00+00:00,9379.889931171346,0.132156,87369.96,20926.354364931346,0.5517666494795535776330799639
2025-11-26 00:00:00+00:00,9379.889931171346,0.132156,90484.02,21337.896078291346,0.5604116780419501253533656843
2025-11-27 00:00:00+00:00,9379.889931171346,0.132156,91333.95,21450.219427371346,0.5627135674331504621762939557
2025-11-28 00:00:00+00:00,9379.889931171346,0.132156,90890.7,21391.641280371346,0.5615161170555812179361619389
2025-11-29 00:00:00+00:00,9379.889931171346,0.132156,90802.44,21379.977191811346,0.5612768972099793590727536566
2025-11-30 00:00:00+00:00,16026.421427885950,0.058863,90360.0,21345.282107885950,0.2491820278184546920429342661
2025-12-01 00:00:00+00:00,10665.721333093713,0.118112,86286.01,20857.134546213713,0.4886295953328877520533698416
2025-12-02 00:00:00+00:00,10665.721333093713,0.118112,91277.88,21446.734295653713,0.5026878597896755642681547857
2025-12-03 00:00:00+00:00,16078.026469074945,0.058740,93429.95,21566.101732074945,0.2544769254629670327487249533
2025-12-04 00:00:00+00:00,16078.026469074945,0.058740,92078.06,21486.691713474945,0.2517216385158104523689690453
2025-12-05 00:00:00+00:00,15039.418686025275,0.070005,89330.04,21292.968136225275,0.2936908283613578971938633018
2025-12-06 00:00:00+00:00,14904.981093940119,0.071508,89236.79,21286.125473260119,0.2997795154095125751414005582
2025-12-07 00:00:00+00:00,14904.981093940119,0.071508,90395.31,21368.968921420119,0.3024941377026637711848864830
2025-12-08 00:00:00+00:00,14958.244999529679,0.070918,90634.34,21385.851123649679,0.3005541414721619862051121075
2025-12-09 00:00:00+00:00,14970.102664349874,0.070787,92678.8,21530.556879949874,0.3047043442573173987481294674
2025-12-10 00:00:00+00:00,15071.268916358745,0.069694,92015.37,21484.188113138745,0.2984948355045426395465634523
2025-12-11 00:00:00+00:00,15038.929531360851,0.070045,92513.38,21519.029233460851,0.3011334587539766062271314322
2025-12-12 00:00:00+00:00,15063.321313088835,0.069781,90268.42,21362.341929108835,0.2948656395878021571253477127
2025-12-13 00:00:00+00:00,14953.502591653650,0.070996,90240.01,21360.182341613650,0.2999356301129781867989518646
2025-12-14 00:00:00+00:00,14953.502591653650,0.070996,88172.17,21213.373972973650,0.2950907945758759118651150897
2025-12-15 00:00:00+00:00,14849.235899976402,0.072177,86432.08,21087.644138136402,0.2958323934762355420142975537
2025-12-16 00:00:00+00:00,14761.306747205138,0.073193,87863.42,21192.294047265138,0.3034587612703457101552127722
2025-12-17 00:00:00+00:00,14834.577335501873,0.072358,86243.22,21074.964248261873,0.2961042704152946227286779287
2025-12-18 00:00:00+00:00,14834.577335501873,0.072358,85516.41,21022.373730281873,0.2943433731209302666311357610
2025-12-19 00:00:00+00:00,14834.577335501873,0.072358,88136.94,21211.990040021873,0.3006513152461118095915163741
2025-12-20 00:00:00+00:00,14848.396847900378,0.072201,88360.9,21228.142188800378,0.3005324386919666343712452021
2025-12-21 00:00:00+00:00,14859.692341124954,0.072073,88658.86,21249.602357904954,0.3007072748541538154859899004
2025-12-22 00:00:00+00:00,14874.744755414684,0.071903,88620.79,21246.845418784684,0.2999080822481214762320917756
2025-12-23 00:00:00+00:00,14874.744755414684,0.071903,87486.0,21165.250613414684,0.2972091364707504740025146288
2025-12-24 00:00:00+00:00,14874.744755414684,0.071903,87669.45,21178.441218764684,0.2976468569256528089610728077
2025-12-25 00:00:00+00:00,14874.744755414684,0.071903,87225.27,21146.503344224684,0.2965860826595181916239044771
2025-12-26 00:00:00+00:00,14874.744755414684,0.071903,87369.56,21156.878228094684,0.2969310219093579113037344441
2025-12-27 00:00:00+00:00,14874.744755414684,0.071903,87877.01,21193.365405444684,0.2981414480027185313533435542
2025-12-28 00:00:00+00:00,14874.744755414684,0.071903,87952.71,21198.808462544684,0.2983216588943539918072395144
2025-12-29 00:00:00+00:00,14874.744755414684,0.071903,87237.13,21147.356113804684,0.2966144479070521386268557635
2025-12-30 00:00:00+00:00,14874.744755414684,0.071903,88485.49,21237.116942884684,0.2995873782953226551866194820
2025-12-31 00:00:00+00:00,14874.744755414684,0.071903,87648.22,21176.914718074684,0.2975962290333559402130691834
2026-01-01 00:00:00+00:00,14874.744755414684,0.071903,88839.04,21262.538248534684,0.3004247855290850444458265363
2026-01-02 00:00:00+00:00,14883.794558456654,0.071801,89995.13,21345.534887586654,0.3027209373370062390241894125
2026-01-03 00:00:00+00:00,14941.855840978082,0.071155,90628.01,21390.491892528082,0.3014720785267483563592768302
2026-01-04 00:00:00+00:00,14973.353388346358,0.070807,91529.73,21454.298980456358,0.3020814428853523284351902130
2026-01-05 00:00:00+00:00,15017.961834999302,0.070319,93859.71,21618.082782489302,0.3053055635829146478067988692
2026-01-06 00:00:00+00:00,15132.509295083996,0.069097,93747.97,21610.212778173996,0.2997519529114672726986518309
2026-01-07 00:00:00+00:00,15132.509295083996,0.069097,91364.16,21445.498658603996,0.2943736335544340646232622586
2026-01-08 00:00:00+00:00,15132.509295083996,0.069097,91099.99,21427.245304113996,0.2937725274382993597972645689
2026-01-09 00:00:00+00:00,15132.509295083996,0.069097,90641.28,21395.549819243996,0.2927263181863536829386400003
2026-01-10 00:00:00+00:00,15132.509295083996,0.069097,90504.7,21386.112550983996,0.2924142123067740791791065148
2026-01-11 00:00:00+00:00,15132.509295083996,0.069097,91013.65,21421.279469133996,0.2935758428020844010850289467
2026-01-12 00:00:00+00:00,15132.509295083996,0.069097,91296.2,21440.802826483996,0.2942190916287846625864043445
2026-01-13 00:00:00+00:00,15132.509295083996,0.069097,95414.0,21725.330453083996,0.3034624109509976700251648872
2026-01-14 00:00:00+00:00,15207.693067064453,0.068308,96951.78,21830.275255304453,0.3033668660055399309505415282
2026-01-15 00:00:00+00:00,15281.183805763127,0.067549,95604.8,21739.192440963127,0.2970675498980902448770678455
2026-01-16 00:00:00+00:00,15281.183805763127,0.067549,95550.94,21735.554251823127,0.2969498900870504665292934016
2026-01-17 00:00:00+00:00,15281.183805763127,0.067549,95147.77,21708.320521493127,0.2960678929245850768026707327
2026-01-18 00:00:00+00:00,15281.183805763127,0.067549,93673.14,21608.710739623127,0.2928229735732191615481572144
2026-01-19 00:00:00+00:00,15281.183805763127,0.067549,92631.0,21538.315224763127,0.2905116465101236517557650575
2026-01-20 00:00:00+00:00,15076.574194670005,0.069755,88427.66,21244.845617970005,0.2903420215057977367381152980
2026-01-21 00:00:00+00:00,15076.574194670005,0.069755,89454.73,21316.488885820005,0.2927271336557151910511103510
2026-01-22 00:00:00+00:00,15076.574194670005,0.069755,89559.67,21323.808975520005,0.2929699280284259896196888691
2026-01-23 00:00:00+00:00,14926.546066681973,0.071428,89600.26,21326.513437961973,0.3000944054872009355942742257
2026-01-24 00:00:00+00:00,14926.546066681973,0.071428,89225.34,21299.733652201973,0.2992144263203562600432839762
2026-01-25 00:00:00+00:00,14909.839237421819,0.071615,86670.36,21116.737068821819,0.2939326190012700587642224860
2026-01-26 00:00:00+00:00,14781.573916912115,0.073093,88347.08,21239.127035352115,0.3040404206675504169221447234
2026-01-27 00:00:00+00:00,14867.335643301827,0.072121,89250.0,21304.134893301827,0.3021384948150969466603932535
2026-01-28 00:00:00+00:00,14912.883099423470,0.071610,89299.99,21307.655383323470,0.3001161868285563034369339412
2026-01-29 00:00:00+00:00,14912.883099423470,0.071610,84650.16,20974.681057023470,0.2890054890999250077975011546
2026-01-30 00:00:00+00:00,14681.996300436878,0.074334,84260.49,20945.415564096878,0.2990353304040575804954277731
2026-01-31 00:00:00+00:00,14661.831861199528,0.074573,78741.09,20533.791165769528,0.2859656678674486466433924102
2026-02-01 00:00:00+00:00,14373.343628509158,0.078232,76968.21,20394.720633229158,0.2952419458450123966537026038
2026-02-02 00:00:00+00:00,14373.343628509158,0.078232,78738.61,20533.222566029158,0.2999957224303946954414644195
2026-02-03 00:00:00+00:00,14373.343628509158,0.078232,75770.21,20300.998697229158,0.2919883478209893968247486220
2026-02-04 00:00:00+00:00,14373.343628509158,0.078232,73165.83,20097.252841069158,0.2848105289725504863810414134
2026-02-05 00:00:00+00:00,14373.343628509158,0.078232,62909.86,19294.907796029158,0.2550706237908452273565612708
2026-02-06 00:00:00+00:00,14373.343628509158,0.078232,70580.26,19894.978528829158,0.2775391233681796017641968343
2026-02-07 00:00:00+00:00,14373.343628509158,0.078232,69289.38,19793.990404669158,0.2738531577180787325134486749
2026-02-08 00:00:00+00:00,14373.343628509158,0.078232,70330.38,19875.429916669158,0.2768285421361125523238862048
2026-02-09 00:00:00+00:00,14373.343628509158,0.078232,70138.0,19860.379644509158,0.2762805200210265206643868614
2026-02-10 00:00:00+00:00,14373.343628509158,0.078232,68841.29,19758.935427789158,0.2725648767344849750951092729
2026-02-11 00:00:00+00:00,14373.343628509158,0.078232,67082.52,19621.343333149158,0.2674638334152075677119213716
2026-02-12 00:00:00+00:00,14373.343628509158,0.078232,66272.17,19557.948031949158,0.2650893843756317060695841544
2026-02-13 00:00:00+00:00,14373.343628509158,0.078232,68853.96,19759.926627229158,0.2726013664087848546481597055
2026-02-14 00:00:00+00:00,14373.343628509158,0.078232,69822.95,19835.732652909158,0.2753812586599301845459887676
2026-02-15 00:00:00+00:00,14373.343628509158,0.078232,68832.58,19758.254027069158,0.2725397897598936307683187616
2026-02-16 00:00:00+00:00,14373.343628509158,0.078232,68892.43,19762.936212269158,0.2727121378054163678749098693
2026-02-17 00:00:00+00:00,13833.421591534665,0.086059,67503.52,19642.707019214665,0.2957477002531935651799148898
2026-02-18 00:00:00+00:00,13749.811184884153,0.087296,66461.0,19551.590640884153,0.2967420688456903274036570336
2026-02-19 00:00:00+00:00,13686.058776354753,0.088254,67003.73,19599.405963774753,0.3017105313472019774759313825
2026-02-20 00:00:00+00:00,13719.584005555404,0.087753,68020.01,19688.543943085404,0.3031691909155269186286240720
2026-02-21 00:00:00+00:00,13781.945190487404,0.086835,67975.93,19684.635072037404,0.2998628046671255014696078811
2026-02-22 00:00:00+00:00,13781.945190487404,0.086835,67643.4,19655.759829487404,0.2988342699521670565426521608
2026-02-23 00:00:00+00:00,13759.052002161838,0.087173,64656.02,19395.311233621838,0.2905990609570381860926437286
2026-02-24 00:00:00+00:00,13576.485025029178,0.089993,64058.15,19341.270117979178,0.2980561802707669586244903666
2026-02-25 00:00:00+00:00,13538.898149630508,0.090579,67988.04,19697.186824790508,0.3126481324434255744315832325
2026-02-26 00:00:00+00:00,13787.750387213928,0.086914,67485.18,19653.157321733928,0.2984460378808241310322639994
2026-02-27 00:00:00+00:00,13787.750387213928,0.086914,65872.1,19512.958086613928,0.2934054218733522572565288395
2026-02-28 00:00:00+00:00,13787.750387213928,0.086914,66973.26,19608.664306853928,0.2968541777527081658072822648
2026-03-01 00:00:00+00:00,13787.750387213928,0.086914,65776.47,19504.646500793928,0.2931043181606647562103388929
2026-03-02 00:00:00+00:00,13787.750387213928,0.086914,68830.06,19770.046222053928,0.3025939225254119749799566039
2026-03-03 00:00:00+00:00,13839.030860581740,0.086168,68338.0,19727.579644581740,0.2984932206631498191817118396
2026-03-04 00:00:00+00:00,13839.030860581740,0.086168,72666.77,20100.581097941740,0.3115109064185796319214425952
2026-03-05 00:00:00+00:00,14070.173646270555,0.082983,70890.72,19952.898264030555,0.2948305825006331246410695955
2026-03-06 00:00:00+00:00,14070.173646270555,0.082983,68114.02,19722.479367930555,0.2865920463758145879308985491
2026-03-07 00:00:00+00:00,14070.173646270555,0.082983,67262.91,19651.851706800555,0.2840280979017591150799139473
2026-03-08 00:00:00+00:00,14070.173646270555,0.082983,65971.2,19544.661735870555,0.2801014498783883036746309629
2026-03-09 00:00:00+00:00,14070.173646270555,0.082983,68432.16,19748.879579550555,0.2875457268553174290612838980
2026-03-10 00:00:00+00:00,14070.173646270555,0.082983,69948.63,19874.720809560555,0.2920567900756510247609759739
2026-03-11 00:00:00+00:00,14070.173646270555,0.082983,70191.86,19894.904764650555,0.2927750188947591459595347859
2026-03-12 00:00:00+00:00,14070.173646270555,0.082983,70541.34,19923.905663490555,0.2938044435708525348674805375
2026-03-13 00:00:00+00:00,14070.173646270555,0.082983,70930.0,19956.157836270555,0.2949457625205866781871268956
2026-03-14 00:00:00+00:00,13969.180050834069,0.084405,71211.95,19979.824690584069,0.3008357046587424882363005826
2026-03-15 00:00:00+00:00,13985.893103833344,0.084170,72815.24,20114.751854633344,0.3046947233101582872333181660
2026-03-16 00:00:00+00:00,14080.211709290319,0.082873,74884.67,20286.128966200319,0.3059192449801523441012329440
2026-03-17 00:00:00+00:00,14200.170570456435,0.081269,73909.36,20206.710348296435,0.2972547076840933049795437094
2026-03-18 00:00:00+00:00,14144.666481320685,0.082019,71246.54,19988.236445580685,0.2923504522357193117365838390
2026-03-19 00:00:00+00:00,13991.572621395495,0.084165,69930.0,19877.231071395495,0.2961005196780052929822856863
2026-03-20 00:00:00+00:00,13913.989443129091,0.085273,70510.73,19926.650922419091,0.3017396903623814889763510848
2026-03-21 00:00:00+00:00,13948.635623626183,0.084781,68918.12,19791.582755346183,0.2952238435878342931525302743
2026-03-22 00:00:00+00:00,13948.635623626183,0.084781,67859.0,19701.789502626183,0.2920117422954459911666053868
2026-03-23 00:00:00+00:00,13948.635623626183,0.084781,70906.45,19960.155361076183,0.3011759993197708010988172539
2026-03-24 00:00:00+00:00,13972.145961802363,0.084449,70556.74,19930.592098062363,0.2989598154908441280080300647
2026-03-25 00:00:00+00:00,13972.145961802363,0.084449,71336.53,19996.444583772363,0.3012684878420274602335724706
2026-03-26 00:00:00+00:00,13997.508751936279,0.084093,68820.31,19784.815080766279,0.2925125307062437194375308899
2026-03-27 00:00:00+00:00,13997.508751936279,0.084093,66407.28,19581.896148976279,0.2851811364208437964858618981
2026-03-28 00:00:00+00:00,13997.508751936279,0.084093,66377.03,19579.352335726279,0.2850882648250247333889221756
2026-03-29 00:00:00+00:00,13997.508751936279,0.084093,66010.93,19548.565888426279,0.2839623718779545494236839136
2026-03-30 00:00:00+00:00,13997.508751936279,0.084093,66797.37,19614.699987346279,0.2863766072911504988395837908
2026-03-31 00:00:00+00:00,13997.508751936279,0.084093,68284.48,19739.755528576279,0.2908975629575163725055230290
2026-04-01 00:00:00+00:00,13997.508751936279,0.084093,68113.92,19725.412626496279,0.2903819546398719544805165784
2026-04-02 00:00:00+00:00,13997.508751936279,0.084093,66901.99,19623.497797006279,0.2866965463174607674345424273
2026-04-03 00:00:00+00:00,13997.508751936279,0.084093,66964.3,19628.737631836279,0.2868869606146544381137302391
2026-04-04 00:00:00+00:00,13739.830438569868,0.087936,67300.42,19657.960171689868,0.3010551288857991704568609026
2026-04-05 00:00:00+00:00,13760.599233771154,0.087627,69034.18,19809.857324631154,0.3053660605287894495202681564
2026-04-06 00:00:00+00:00,13866.773664542794,0.086087,68853.66,19794.178692962794,0.2994519308107138046709025644
2026-04-07 00:00:00+00:00,13855.949586890788,0.086244,71924.22,20058.982016570788,0.3092396425977976071425821403
2026-04-08 00:00:00+00:00,14041.057348501366,0.083667,71069.93,19987.265181811366,0.2974998219726986649942771565
2026-04-09 00:00:00+00:00,13991.030236902339,0.084370,71787.97,20047.781265802339,0.3021157777310575983586800660
2026-04-10 00:00:00+00:00,14033.401778377305,0.083779,72962.7,20146.143821677305,0.3034199545782390921641969435
2026-04-11 00:00:00+00:00,14102.261904638070,0.082834,73043.16,20152.719020078070,0.3002303118210478091385670894
2026-04-12 00:00:00+00:00,14102.261904638070,0.082834,70740.98,19962.020241958070,0.2935453559456574143260906035
2026-04-13 00:00:00+00:00,13973.344890907110,0.084654,74417.99,20273.125416367110,0.3107454028955000598385797986
2026-04-14 00:00:00+00:00,14190.957530231910,0.081726,74131.55,20249.432585531910,0.2991923368573172591987581551
2026-04-15 00:00:00+00:00,14174.627387608610,0.081946,74809.99,20305.006828148610,0.3019146702300794942070584310
2026-04-16 00:00:00+00:00,14213.478010855370,0.081426,75154.29,20332.991228395370,0.3009647301177209544731013281
2026-04-17 00:00:00+00:00,14233.142834667602,0.081164,77072.0,20488.614642667602,0.3053145328319544371882633388
2026-04-18 00:00:00+00:00,14341.904011222433,0.079751,75691.76,20378.397562982433,0.2962202269880803630647815529
2026-04-19 00:00:00+00:00,14264.825419226537,0.080768,73801.79,20225.648393946537,0.2947160386958992442364514913
2026-04-20 00:00:00+00:00,14157.821488318217,0.082216,75840.97,20393.162677838217,0.3057564580846554161469387464
2026-04-21 00:00:00+00:00,14275.070687510189,0.080668,76336.15,20432.955235710189,0.3013702363247980841198533548
2026-04-22 00:00:00+00:00,14303.049630917795,0.080301,78178.23,20580.839678147795,0.3050308026982784201889164505
2026-04-23 00:00:00+00:00,14406.501110433845,0.078976,78257.48,20586.963850913845,0.3002124444011034856286627027
2026-04-24 00:00:00+00:00,14406.501110433845,0.078976,77437.13,20522.175889313845,0.2980032337635556835130035790
2026-04-25 00:00:00+00:00,14365.483615149544,0.079505,77625.0,20537.059240149544,0.3005092186195135428460089239
2026-04-26 00:00:00+00:00,14375.949366962044,0.079370,78657.55,20618.999110462044,0.3027814158220845698221624666
2026-04-27 00:00:00+00:00,14433.294732447094,0.078640,77371.32,20517.775337247094,0.2965467992894187456798928281
2026-04-28 00:00:00+00:00,14433.294732447094,0.078640,76342.77,20436.890165247094,0.2937626705558708964506326414
2026-04-29 00:00:00+00:00,14305.712991697328,0.080309,75780.0,20391.529011697328,0.2984482437049694999506430601
2026-04-30 00:00:00+00:00,14305.712991697328,0.080309,76346.57,20437.029681827328,0.3000101671125910417208183668
2026-05-01 00:00:00+00:00,14305.712991697328,0.080309,78231.13,20588.376810867328,0.3051558593902250314791472337
2026-05-02 00:00:00+00:00,14411.734627570895,0.078952,78686.85,20624.218808770895,0.3012227633348229786613986955
2026-05-03 00:00:00+00:00,14436.960267192563,0.078631,78568.57,20614.885494862563,0.2996827331012632188180504038
2026-05-04 00:00:00+00:00,14436.960267192563,0.078631,79861.01,20716.511344502563,0.3031181733683346767576046379
2026-05-05 00:00:00+00:00,14501.483834458346,0.077822,80905.52,20797.713211898346,0.3027366188431685346124429218
2026-05-06 00:00:00+00:00,14558.367282837290,0.077118,81447.01,20839.397800017290,0.3014017284690821902787790523
2026-05-07 00:00:00+00:00,14587.568748107723,0.076759,80006.0,20728.749302107723,0.2962639214019322293984690719
2026-05-08 00:00:00+00:00,14510.102370565123,0.077726,80193.17,20743.196701985123,0.3004886093966169230921268574
2026-05-09 00:00:00+00:00,14520.273664531105,0.077599,80678.4,20780.836826131105,0.3012661720016771425911065531
2026-05-10 00:00:00+00:00,14546.621208209014,0.077272,82210.07,20899.157737249014,0.3039613657596228785507794298
2026-05-11 00:00:00+00:00,14629.381230693286,0.076264,81745.65,20863.631482293286,0.2988094501616812717627870315
2026-05-12 00:00:00+00:00,14604.580096097812,0.076567,80504.47,20768.565850587812,0.2967940010318787093652616997
2026-05-13 00:00:00+00:00,14537.916349052115,0.077394,79313.61,20676.313881392115,0.2968806513362287955393075050
2026-05-14 00:00:00+00:00,14473.350557567706,0.078207,81089.99,20815.155405497706,0.3046724717825071017171690206
2026-05-15 00:00:00+00:00,14570.532057167706,0.077007,79113.21,20662.803019637706,0.2948424256225049006806279756
2026-05-16 00:00:00+00:00,14463.828041643186,0.078354,78148.05,20587.040351343186,0.2974304322136569576149233596
2026-05-17 00:00:00+00:00,14410.931283336846,0.079030,77457.67,20532.410943436846,0.2981374022253690419129780631
2026-05-18 00:00:00+00:00,14372.695009406143,0.079523,77001.87,20496.114717416143,0.2987600231768195907719620501
2026-05-19 00:00:00+00:00,14347.251355199623,0.079853,76834.36,20482.705504279623,0.2995431510645929191928035902
2026-05-20 00:00:00+00:00,14337.942311594795,0.079974,77552.23,20540.104353614795,0.3019537746860813297199060549
2026-05-21 00:00:00+00:00,14378.062148236379,0.079456,77615.52,20545.080905356379,0.3001700886713069716173701431
2026-05-22 00:00:00+00:00,14378.062148236379,0.079456,75539.5,20380.128660236379,0.2945058204519885012672623339
2026-05-23 00:00:00+00:00,14265.967074835679,0.080938,76752.01,20478.121260215679,0.3033556695188048980501961184
2026-05-24 00:00:00+00:00,14334.647466106079,0.080042,77064.96,20503.080994426079,0.3008539804333278651862573868
2026-05-25 00:00:00+00:00,14352.195434931935,0.079814,77322.01,20523.574341071935,0.3006970814917842558388932288
2026-05-26 00:00:00+00:00,14366.558632329917,0.079628,75930.01,20412.713468609917,0.2961955472297988609781745244
2026-05-27 00:00:00+00:00,14288.857281498631,0.080650,74449.3,20293.193326498631,0.2958793102887165292080865966
2026-05-28 00:00:00+00:00,14205.142017820962,0.081773,73617.51,20225.066663050962,0.2976467146201183983770946113
2026-05-29 00:00:00+00:00,14205.142017820962,0.081773,73460.78,20212.250380760962,0.2972013630237763290754713636
2026-05-30 00:00:00+00:00,14205.142017820962,0.081773,73884.38,20246.889423560962,0.2984037339932978032035776421
2026-05-31 00:00:00+00:00,14172.812570044684,0.082210,73674.39,20229.584171944684,0.2994016856905941202183629790
2026-06-01 00:00:00+00:00,14160.714262704736,0.082374,71408.9,20042.950991304736,0.2934815702114873070399372811
2026-06-02 00:00:00+00:00,14160.714262704736,0.082374,66760.83,19660.070873124736,0.2797221152410801170479223343
2026-06-03 00:00:00+00:00,14160.714262704736,0.082374,64142.75,19444.409151204736,0.2717333731980553918197543966
2026-06-04 00:00:00+00:00,13610.424733098136,0.090942,63885.99,19420.344435678136,0.2991666662670663551289540602
2026-06-05 00:00:00+00:00,13610.424733098136,0.090942,61056.47,19163.022227838136,0.2897558343732304227004724095
2026-06-06 00:00:00+00:00,13610.424733098136,0.090942,60884.62,19147.393845138136,0.2891761227048627811370974113
2026-06-07 00:00:00+00:00,13610.424733098136,0.090942,63332.01,19369.964386518136,0.2973438432044175184606576346
2026-06-08 00:00:00+00:00,13610.424733098136,0.090942,63085.99,19347.590835678136,0.2965312917410014814355528115
2026-06-09 00:00:00+00:00,13610.424733098136,0.090942,61730.0,19224.274393098136,0.2920188062866744185899142102
2026-06-10 00:00:00+00:00,13610.424733098136,0.090942,61510.99,19204.357185678136,0.2912845454026306928178935364
2026-06-11 00:00:00+00:00,13610.424733098136,0.090942,63625.99,19396.699515678136,0.2983123380296229569310799114
2026-06-12 00:00:00+00:00,13610.424733098136,0.090942,63580.01,19392.518002518136,0.2981610365744762985396994115
2026-06-13 00:00:00+00:00,13610.424733098136,0.090942,64458.01,19472.365078518136,0.3010389504193754970017364450
2026-06-14 00:00:00+00:00,13630.638236478454,0.090628,65746.45,19589.107507078454,0.3041725749091390927557115480
2026-06-15 00:00:00+00:00,13712.320495119514,0.089384,66328.74,19641.048591279514,0.3018539498340385524819909829
2026-06-16 00:00:00+00:00,13748.687634557776,0.088835,65675.01,19582.927147907776,0.2979247928200215666804988754
2026-06-17 00:00:00+00:00,13708.047708886708,0.089453,64509.4,19478.607067086708,0.2962511301924971808356705302
2026-06-18 00:00:00+00:00,13634.992729315888,0.090584,62958.01,19337.981107155888,0.2949112601899092792133378633
2026-06-19 00:00:00+00:00,13536.461435305369,0.092147,63543.91,19391.842110075369,0.3019507193557302677642767774
2026-06-20 00:00:00+00:00,13574.284365891649,0.091551,64298.01,19460.831479401649,0.3024817885988389577632735294
2026-06-21 00:00:00+00:00,13622.573611677073,0.090799,63311.99,19371.238991687073,0.2967629165319249048260147378
2026-06-22 00:00:00+00:00,13559.813249133073,0.091789,64020.01,19436.145947023073,0.3023404286995511775001498581
2026-06-23 00:00:00+00:00,13605.272302547830,0.091078,62734.57,19319.011469007830,0.2957573256595536120254521132
2026-06-24 00:00:00+00:00,13523.234443374884,0.092384,61077.99,19165.863471534884,0.2944103737637714805173850784
2026-06-25 00:00:00+00:00,13416.025518720684,0.094137,59794.0,19044.853296720684,0.2955563736985688802954284823
2026-06-26 00:00:00+00:00,13331.365983253436,0.095551,60097.27,19073.720229023436,0.3010610503257866744724897088
2026-06-27 00:00:00+00:00,13351.592434629449,0.095214,60029.0,19067.193640629449,0.2997610090779628612717485023
2026-06-28 00:00:00+00:00,13351.592434629449,0.095214,59577.01,19024.157864769449,0.2981769532434830326060920887
2026-06-29 00:00:00+00:00,13316.873538843683,0.095796,60260.21,19089.560616003683,0.3024002067559628874822352689
2026-06-30 00:00:00+00:00,13362.671935627823,0.095035,58624.71,18934.071250477823,0.2942525799732268013663174976
2026-07-01 00:00:00+00:00,13253.723024167535,0.096891,60024.0,19069.508408167535,0.3049782542642305049698081416
2026-07-02 00:00:00+00:00,13348.557546809135,0.095309,61560.0,19215.779586809135,0.3053335418162067975670078293
2026-07-03 00:00:00+00:00,13450.921700189135,0.093644,62583.26,19311.468499629135,0.3034749428585686393907973937
2026-07-04 00:00:00+00:00,13517.986240779761,0.092571,63144.01,19363.290390489761,0.3018755610142018390378601089
2026-07-05 00:00:00+00:00,13554.309908305073,0.091995,63650.0,19409.791658305073,0.3016766925210427514410844237
2026-07-06 00:00:00+00:00,13586.856347978417,0.091483,64042.02,19445.612463638417,0.3012893590580064287717603431
2026-07-07 00:00:00+00:00,13611.992499935480,0.091090,63363.99,19383.818349035480,0.2977651639717930216754261838
2026-07-08 00:00:00+00:00,13568.658627039880,0.091773,62290.0,19285.198797039880,0.2964211170525990158322733701
2026-07-09 00:00:00+00:00,13499.551573429476,0.092881,63230.0,19372.417203429476,0.3031560578284641513616932675
2026-07-10 00:00:00+00:00,13560.615506653905,0.091914,64161.72,19457.975838733905,0.3030819022984114508536930759
2026-07-11 00:00:00+00:00,13620.528726283245,0.090979,63819.0,19426.717527283245,0.2988764722010128568660185118
2026-07-12 00:00:00+00:00,13598.738152906112,0.091320,63780.0,19423.127752906112,0.2998687788133683949777411286
2026-07-13 00:00:00+00:00,13598.738152906112,0.091320,62334.52,19291.126519306112,0.2950780692202287796355754815
2026-07-14 00:00:00+00:00,13503.679262829964,0.092843,65043.98,19542.557497969964,0.3090116652217758502089684505
2026-07-15 00:00:00+00:00,13679.589406887568,0.090135,64756.28,19516.396704687568,0.2990719745104422776253587382
2026-07-16 00:00:00+00:00,13661.498917664812,0.090414,63830.2,19432.642620464812,0.2969819296075728086093544835
2026-07-17 00:00:00+00:00,13602.826619104132,0.091332,63931.67,19441.833903544132,0.3003321247063829357270724154
2026-07-18 00:00:00+00:00,13609.339172104690,0.091230,64834.22,19524.165062704690,0.3029489799744920269257747793
2026-07-19 00:00:00+00:00,13666.901855898193,0.090341,64722.54,19514.000842038193,0.2996360937703681994476070715
2026-07-20 00:00:00+00:00,13666.901855898193,0.090341,65255.51,19562.149884808193,0.3013599253468659814023813428
2026-07-21 00:00:00+00:00,13693.491492455689,0.089933,66556.16,19679.086629735689,0.3041602107811033549717019671
2026-07-22 00:00:00+00:00,13775.315603298844,0.088702,66114.49,19639.803095278844,0.2986021531646489545012903617
2026-07-23 00:00:00+00:00,13747.842417026094,0.089117,65098.97,19549.267326516094,0.2967591988279328089454198528
2026-07-24 00:00:00+00:00,13684.418765786292,0.090090,64139.99,19462.790464886292,0.2968932800013967134430843197
2026-07-25 00:00:00+00:00,13684.418765786292,0.090090,64375.0,19483.962515786292,0.2976573038108185070726607223
2026-07-26 00:00:00+00:00,13638.717549249575,0.090799,65399.99,19576.971241259575,0.3033285189434611939876247102
2026-07-27 00:00:00+00:00,13703.836584309575,0.089802,63755.86,19429.240324029575,0.2946797530029504434218216498
2026-07-28 00:00:00+00:00,13703.836584309575,0.089802,63915.0,19443.531414309575,0.2951981668194204521939359011
2026-07-29 00:00:00+00:00,13610.399373639575,0.091262,63984.28,19449.732734999575,0.3002269203860156588645876864
2026-07-30 00:00:00+00:00,13610.399373639575,0.091262,64780.02,19522.353558879575,0.3028299926752939257055037270
2026-07-31 00:00:00+00:00,13665.584904654308,0.090409,62887.88,19351.215247574308,0.2938125730182603807205240022
2026-08-01 00:00:00+00:00,13545.753690687976,0.092312,62823.64,19345.129546367976,0.2997848032901297164166589979
2026-08-02 00:00:00+00:00,13545.753690687976,0.092312,63570.0,19414.027530687976,0.3022697804834134612717396894
2026-08-03 00:00:00+00:00,13589.813924764954,0.091618,63520.0,19409.389284764954,0.2998329970416930893466111339
2026-08-04 00:00:00+00:00,13589.813924764954,0.091618,64136.0,19465.825972764954,0.3018629703266253321355218086
