timestamp,cash,qty,price,equity,allocation_pct
2022-10-22 06:00:00+00:00,10000,0,19178.98,10000.00,0
2022-10-23 06:00:00+00:00,6996.104775620246,0.156421,19336.43,10020.728492650246,0.3018367097011385514010066107
2022-10-24 06:00:00+00:00,7014.430557333134,0.155472,19336.61,10020.731987253134,0.3000081664437452170723772295
2022-10-25 06:00:00+00:00,7014.430557333134,0.155472,20187.92,10153.086855573134,0.3091332067662909053951167670
2022-10-26 06:00:00+00:00,7107.053295517310,0.150878,20804.0,10245.919207517310,0.3063527877222622568922425929
2022-10-27 06:00:00+00:00,7172.021521544252,0.147751,20287.01,10169.447536054252,0.2947481663957727627020914439
2022-10-28 06:00:00+00:00,7118.556697190836,0.150383,20655.56,10224.801776670836,0.3037951392434117036686606047
2022-10-29 06:00:00+00:00,7157.318039094424,0.148504,20805.06,10246.952669334424,0.3015174100965846221423451160
2022-10-30 06:00:00+00:00,7172.734435811068,0.147762,20543.51,10208.284560431068,0.2973614329273572877195411908
2022-10-31 06:00:00+00:00,7145.685825570558,0.149077,20530.41,10206.297757140558,0.2998748424156767614378093149
2022-11-01 06:00:00+00:00,7145.685825570558,0.149077,20487.39,10199.884464600558,0.2994346308166351144843735603
2022-11-02 06:00:00+00:00,7139.921384936991,0.149358,20377.49,10183.462536356991,0.2988709528369109679096872475
2022-11-03 06:00:00+00:00,7128.413539801323,0.149922,20444.0,10193.418907801323,0.3006847256767070892995101398
2022-11-04 06:00:00+00:00,7135.478241074781,0.149576,21389.9,10334.893923474781,0.3095741191046785057706065083
2022-11-05 06:00:00+00:00,7234.299283894161,0.144950,21155.41,10300.775963394161,0.2976937553439983239542139605
2022-11-06 06:00:00+00:00,7210.469127411411,0.146075,20858.95,10257.440248661411,0.2970498533147807189126720975
2022-11-07 06:00:00+00:00,7180.184330790661,0.147525,19704.38,10087.072990290661,0.2881795999987343632064635106
2022-11-08 06:00:00+00:00,7060.798126846267,0.153576,18401.15,9886.773139246267,0.2858339088597154207208359070
2022-11-09 06:00:00+00:00,6920.564907697822,0.161187,16726.59,9616.673770027822,0.2803577335370293929745661704
2022-11-10 06:00:00+00:00,6731.426078509500,0.172480,17357.62,9725.268376109500,0.3078416123666561264515433002
2022-11-11 06:00:00+00:00,6807.812383751790,0.168074,16703.62,9615.256611631790,0.2919780866257664108274839509
2022-11-12 06:00:00+00:00,6730.382243456450,0.172704,16853.68,9641.080194176450,0.3019057918922989017739316461
2022-11-13 06:00:00+00:00,6748.745704762106,0.171613,15863.31,9471.095923792106,0.2874377200838238049482040560
2022-11-14 06:00:00+00:00,6629.616663074606,0.179113,16657.75,9613.236238824606,0.3103657812652279184085110244
2022-11-15 06:00:00+00:00,6729.150359258660,0.173130,16922.11,9658.875263558660,0.3033194677804120583278511896
2022-11-16 06:00:00+00:00,6761.176070090675,0.171235,16578.36,9599.971544690675,0.2957087384462106867130171395
2022-11-17 06:00:00+00:00,6761.176070090675,0.171235,16805.13,9638.802505640675,0.2985460521538851685431757500
2022-11-18 06:00:00+00:00,6761.176070090675,0.171235,16597.92,9603.320901290675,0.2959543745766132929696569484
2022-11-19 06:00:00+00:00,6761.176070090675,0.171235,16687.76,9618.704653690675,0.2970803955918921796812727096
2022-11-20 06:00:00+00:00,6761.176070090675,0.171235,16228.09,9539.993061240675,0.2912808188970124020210711912
2022-11-21 06:00:00+00:00,6761.176070090675,0.171235,15803.9,9467.356886590675,0.2858433297611254211668203972
2022-11-22 06:00:00+00:00,6761.176070090675,0.171235,16464.07,9580.401096540675,0.2942700413104808013368437150
2022-11-23 06:00:00+00:00,6761.176070090675,0.171235,16655.8,9613.231983090675,0.2966802338710500792659111818
2022-11-24 06:00:00+00:00,6761.176070090675,0.171235,16362.8,9563.060128090675,0.2929903211389107667263565350
2022-11-25 06:00:00+00:00,6761.176070090675,0.171235,16625.48,9608.040137890675,0.2963001847351767399221675896
2022-11-26 06:00:00+00:00,6761.176070090675,0.171235,16537.01,9592.890977440675,0.2951888970706810142436770074
2022-11-27 06:00:00+00:00,6761.176070090675,0.171235,16159.31,9528.215517940675,0.2904047922341745948214699490
2022-11-28 06:00:00+00:00,6761.176070090675,0.171235,16484.85,9583.959359840675,0.2945320596389639031609977449
2022-11-29 06:00:00+00:00,6761.176070090675,0.171235,16864.1,9648.900233590675,0.2992801348952679865811954429
2022-11-30 06:00:00+00:00,6761.176070090675,0.171235,17110.11,9691.025755940675,0.3023260653346194134112438837
2022-12-01 06:00:00+00:00,6783.801516523535,0.169911,16934.84,9661.217115763535,0.2978315842364334611405775014
2022-12-02 06:00:00+00:00,6783.801516523535,0.169911,17016.31,9675.059764933535,0.2988362158639194875389377410
2022-12-03 06:00:00+00:00,6783.801516523535,0.169911,17015.09,9674.852473513535,0.2988211928713866248861397465
2022-12-04 06:00:00+00:00,6783.801516523535,0.169911,17340.42,9730.129619143535,0.3028046097991592377298296378
2022-12-05 06:00:00+00:00,6811.059855636131,0.168337,16976.06,9668.758867856131,0.2955600663204502962046004004
2022-12-06 06:00:00+00:00,6768.105204418660,0.170864,17004.51,9673.563801058660,0.3003503834152653299390649810
2022-12-07 06:00:00+00:00,6768.105204418660,0.170864,16819.23,9641.906119138660,0.2980531939650046227674551432
2022-12-08 06:00:00+00:00,6749.293924995197,0.171981,17218.24,9710.504058435197,0.3049491679958357767194412574
2022-12-09 06:00:00+00:00,6797.304755751293,0.169189,17134.12,9696.209384431293,0.2989729814761037183786363249
2022-12-10 06:00:00+00:00,6787.336890630457,0.169770,17174.82,9703.106082030457,0.3004985379681483024756138193
2022-12-11 06:00:00+00:00,6787.336890630457,0.169770,16945.12,9664.109913030457,0.2976759420462660960873010793
2022-12-12 06:00:00+00:00,6764.855418661257,0.171095,17186.44,9705.369370461257,0.3029780567393540891563796042
2022-12-13 06:00:00+00:00,6793.621023537765,0.169419,17784.86,9806.714219877765,0.3072479863064222603201508940
2022-12-14 06:00:00+00:00,6864.669660081765,0.165419,17714.01,9794.903480271765,0.2991590296006366615386579570
2022-12-15 06:00:00+00:00,6856.421937312720,0.165884,17408.96,9744.289857952720,0.2963651495119565791829635152
2022-12-16 06:00:00+00:00,6856.421937312720,0.165884,16688.98,9624.856695632720,0.2876338677931877820202593912
2022-12-17 06:00:00+00:00,6856.421937312720,0.165884,16739.58,9633.250426032720,0.2882545730583261295536397767
2022-12-18 06:00:00+00:00,6743.068506391106,0.172647,16706.21,9627.345544261106,0.2995921383116166973983505968
2022-12-19 06:00:00+00:00,6743.068506391106,0.172647,16785.78,9641.083066051106,0.3005901452985819591354997532
2022-12-20 06:00:00+00:00,6748.835510806442,0.172303,16833.49,9649.296338276442,0.3005878072129019637741019863
2022-12-21 06:00:00+00:00,6754.501022184473,0.171966,16823.38,9647.550387264473,0.2998739834413358662230658925
2022-12-22 06:00:00+00:00,6754.501022184473,0.171966,16821.85,9647.287279284473,0.2998548890848987207958681549
2022-12-23 06:00:00+00:00,6754.501022184473,0.171966,16823.1,9647.502236784473,0.2998704891271672463785416767
2022-12-24 06:00:00+00:00,6754.501022184473,0.171966,16831.74,9648.988023024473,0.2999782976135070108919032123
2022-12-25 06:00:00+00:00,6754.501022184473,0.171966,16853.3,9652.695609984473,0.3002471749758886199754361282
2022-12-26 06:00:00+00:00,6754.501022184473,0.171966,16872.11,9655.930290444473,0.3004815881004505519366408394
2022-12-27 06:00:00+00:00,6754.501022184473,0.171966,16602.98,9609.649080864473,0.2971126244729796270754113617
2022-12-28 06:00:00+00:00,6726.852740603349,0.173629,16576.59,9605.029485713349,0.2996530879359651199835923479
2022-12-29 06:00:00+00:00,6726.852740603349,0.173629,16554.39,9601.174921913349,0.2993719211124628728367538454
2022-12-30 06:00:00+00:00,6720.819109106001,0.173993,16538.76,9598.447577786001,0.2998014465734843449457321271
2022-12-31 06:00:00+00:00,6720.819109106001,0.173993,16530.71,9597.046934136001,0.2996992559033410476283380562
2023-01-01 06:00:00+00:00,6720.819109106001,0.173993,16647.58,9617.381496046001,0.3011799405202824889121073590
2023-01-02 06:00:00+00:00,6732.258297363873,0.173305,16725.5,9630.871074863873,0.3009709874598202195962781017
2023-01-03 06:00:00+00:00,6741.612401199873,0.172745,16857.57,9653.673330849873,0.3016531458904911106975079970
2023-01-04 06:00:00+00:00,6757.555766635446,0.171798,16844.12,9651.341894395446,0.2998325164960146660701974490
2023-01-05 06:00:00+00:00,6757.555766635446,0.171798,16810.18,9645.511070275446,0.2994092570729410730722728488
2023-01-06 06:00:00+00:00,6751.799361945042,0.172140,16934.28,9666.866321145042,0.3015524227146558711065288645
2023-01-07 06:00:00+00:00,6766.766487055032,0.171255,16943.73,9668.464968205032,0.3001198732882936192420772479
2023-01-08 06:00:00+00:00,6766.766487055032,0.171255,17205.95,9713.371454305032,0.3033555322281065166493730811
2023-01-09 06:00:00+00:00,6799.329375447207,0.169360,17228.77,9717.193862647207,0.3002785092531951017755425489
2023-01-10 06:00:00+00:00,6799.329375447207,0.169360,17406.3,9747.260343447207,0.3024368760173525316894172780
2023-01-11 06:00:00+00:00,6823.040513084295,0.167996,18087.54,9861.674882924295,0.3081255877844301721970710283
2023-01-12 06:00:00+00:00,6903.082213167633,0.163565,18787.71,9976.093999317633,0.3080375732586515999901150006
2023-01-13 06:00:00+00:00,6983.163917717469,0.159297,20841.62,10303.171458857469,0.3222316113438880502858625395
2023-01-14 06:00:00+00:00,7211.821656622299,0.148311,20749.76,10289.239311982299,0.2990908814586714520468624458
2023-01-15 06:00:00+00:00,7202.389391837911,0.148765,21187.16,10354.297249237911,0.3044057729395381507995358825
2023-01-16 06:00:00+00:00,7248.032257605562,0.146608,21151.21,10348.968853285562,0.2996372527196777898002688453
2023-01-17 06:00:00+00:00,7248.032257605562,0.146608,21311.33,10372.443726245562,0.3012223108749436898990727846
2023-01-18 06:00:00+00:00,7248.032257605562,0.146608,20814.82,10299.651388165562,0.2962837299587004888927583992
2023-01-19 06:00:00+00:00,7248.032257605562,0.146608,20982.27,10324.200897765562,0.2979570690866512097353547969
2023-01-20 06:00:00+00:00,7248.032257605562,0.146608,22573.98,10557.558317445562,0.3134745705710438694598048083
2023-01-21 06:00:00+00:00,7248.032257605562,0.146608,22878.37,10602.184326565562,0.3163642477480424445994603262
2023-01-22 06:00:00+00:00,7248.032257605562,0.146608,22723.63,10579.498204645562,0.3148982950417365208010830235
2023-01-23 06:00:00+00:00,7248.032257605562,0.146608,23118.17,10637.340924965562,0.3186236759043212448463282674
2023-01-24 06:00:00+00:00,7248.032257605562,0.146608,22670.72,10571.741175365562,0.3143956007459735141879407987
2023-01-25 06:00:00+00:00,7248.032257605562,0.146608,23147.48,10641.638005445562,0.3188988148350297888435338162
2023-01-26 06:00:00+00:00,7248.032257605562,0.146608,23034.92,10625.135808965562,0.3178409774781774563557857179
2023-01-27 06:00:00+00:00,7248.032257605562,0.146608,23066.38,10629.748096645562,0.3181369688438026802812446492
2023-01-28 06:00:00+00:00,7248.032257605562,0.146608,23249.5,10656.594953605562,0.3198547670094886928729269127
2023-01-29 06:00:00+00:00,7248.032257605562,0.146608,23728.71,10726.850973285562,0.3243094105011567364597215496
2023-01-30 06:00:00+00:00,7248.032257605562,0.146608,22759.14,10584.704254725562,0.3152352599393919045560755571
2023-01-31 06:00:00+00:00,7248.032257605562,0.146608,23118.67,10637.414228965562,0.3186283713696840115648023598
2023-02-01 06:00:00+00:00,7248.032257605562,0.146608,23804.61,10737.978520485562,0.3250096148192134473937421398
2023-02-02 06:00:00+00:00,7248.032257605562,0.146608,23523.58,10696.777274245562,0.3224097247442443497933444836
2023-02-03 06:00:00+00:00,7248.032257605562,0.146608,23312.38,10665.813664645562,0.3204426323674741457928013410
2023-02-04 06:00:00+00:00,7248.032257605562,0.146608,23375.6,10675.082222405562,0.3210326528077772547260453542
2023-02-05 06:00:00+00:00,7248.032257605562,0.146608,22774.76,10586.994271685562,0.3153833777930628617370895561
2023-02-06 06:00:00+00:00,7248.032257605562,0.146608,22936.72,10610.738903365562,0.3169154077190045215952313843
2023-02-07 06:00:00+00:00,7248.032257605562,0.146608,23224.39,10652.913626725562,0.3196197292520971079170176610
2023-02-08 06:00:00+00:00,7248.032257605562,0.146608,22603.08,10561.824610245562,0.3137518823618255918248452512
2023-02-09 06:00:00+00:00,7248.032257605562,0.146608,21796.78,10443.614579845562,0.3059843215975187401696393893
2023-02-10 06:00:00+00:00,7248.032257605562,0.146608,21675.26,10425.798775685562,0.3047983743452828933855093678
2023-02-11 06:00:00+00:00,7248.032257605562,0.146608,21799.98,10444.083725445562,0.3060154966063000536986889901
2023-02-12 06:00:00+00:00,7248.032257605562,0.146608,21832.95,10448.917391205562,0.3063365336100807584112753542
2023-02-13 06:00:00+00:00,7248.032257605562,0.146608,21725.23,10433.124777445562,0.3052865357007486617717179273
2023-02-14 06:00:00+00:00,512.918215545781,0.456211,22134.08,10610.728986425781,0.9516604169042529417808740062
2023-02-15 06:00:00+00:00,512.918215545781,0.456211,24681.94,11773.090744885781,0.9564330024578641622546785854
2023-02-16 06:00:00+00:00,512.918215545781,0.456211,23707.55,11328.563308595781,0.9547234541950616343535564576
2023-02-17 06:00:00+00:00,512.918215545781,0.456211,24641.42,11754.605075165781,0.9563644875973387765119472191
2023-02-18 06:00:00+00:00,512.918215545781,0.456211,24757.63,11807.621355475781,0.9565604112713255896038950717
2023-02-19 06:00:00+00:00,512.918215545781,0.456211,24492.32,11686.584015065781,0.9561105097191316511970641749
2023-02-20 06:00:00+00:00,512.918215545781,0.456211,24945.37,11893.270408615781,0.9568732402507042736739212523
2023-02-21 06:00:00+00:00,512.918215545781,0.456211,24107.02,11510.805916765781,0.9554402863487861784289978616
2023-02-22 06:00:00+00:00,6035.638925275921,0.226807,24391.34,11567.765576655921,0.4782364074306613263098575427
2023-02-23 06:00:00+00:00,6035.638925275921,0.226807,23896.6,11455.555081475921,0.4731255812268945084614809106
2023-02-24 06:00:00+00:00,6035.638925275921,0.226807,23040.57,11261.401485265921,0.4640419371272066412821970429
2023-02-25 06:00:00+00:00,6035.638925275921,0.226807,23127.06,11281.018022695921,0.4649739134240357380749898092
2023-02-26 06:00:00+00:00,6035.638925275921,0.226807,23391.52,11340.999401915921,0.4678036113593062386654271961
2023-02-27 06:00:00+00:00,6035.638925275921,0.226807,23378.45,11338.035034425921,0.4676644668190052342210801526
2023-02-28 06:00:00+00:00,6035.638925275921,0.226807,23694.17,11409.642540465921,0.4710054321272845659245187402
2023-03-01 06:00:00+00:00,6035.638925275921,0.226807,23445.71,11353.290073245921,0.4683797483956715587297395088
2023-03-02 06:00:00+00:00,6035.638925275921,0.226807,22341.8,11102.915557875921,0.4563915312321272546242804738
2023-03-03 06:00:00+00:00,6035.638925275921,0.226807,22328.18,11099.826446535921,0.4562402435436684009248187201
2023-03-04 06:00:00+00:00,6035.638925275921,0.226807,22418.99,11120.422790205921,0.4572473511895893634630134929
2023-03-05 06:00:00+00:00,4446.152904272425,0.297613,22370.18,11103.809284612425,0.5995830988889668613893066636
2023-03-06 06:00:00+00:00,4446.152904272425,0.297613,22460.67,11130.740284982425,0.6005519138496864766156843484
2023-03-07 06:00:00+00:00,4452.231675972718,0.297342,21954.98,10980.369339132718,0.5945280583499592449503041356
2023-03-08 06:00:00+00:00,4452.231675972718,0.297342,21738.93,10916.128600032718,0.5921418811464557409054937536
2023-03-09 06:00:00+00:00,4452.231675972718,0.297342,19990.1,10396.127990172718,0.5717413559951035170427175273
2023-03-10 06:00:00+00:00,4452.231675972718,0.297342,20391.39,10515.448361352718,0.5766008711206320471930348444
2023-03-11 06:00:00+00:00,4452.231675972718,0.297342,20354.68,10504.532936532718,0.5761609104495523009807749340
2023-03-12 06:00:00+00:00,4452.231675972718,0.297342,22397.11,11111.833157592718,0.5993251866879852193587674812
2023-03-13 06:00:00+00:00,4444.741316407556,0.297676,24317.8,11683.566749207556,0.6195732508902709102276913718
2023-03-14 06:00:00+00:00,4673.152903825856,0.288271,24699.71,11793.363005235856,0.6037472176722506131514344631
2023-03-15 06:00:00+00:00,4717.408191403214,0.286477,24342.8,11691.060507003214,0.5964944165178703806485492826
2023-03-16 06:00:00+00:00,4676.385999391094,0.288160,25765.88,12101.081980191094,0.6135563739634092668359756265
2023-03-17 06:00:00+00:00,4840.224090585746,0.281793,27578.05,12611.525534235746,0.6162062965779768471907475004
2023-03-18 06:00:00+00:00,5044.366792103522,0.274381,27060.08,12469.138602583522,0.5954518629652281683747061559
2023-03-19 06:00:00+00:00,5044.366792103522,0.274381,27519.97,12595.323680673522,0.5995047908261632172896394273
2023-03-20 06:00:00+00:00,5044.366792103522,0.274381,27801.41,12672.545469313522,0.6019452599859736134120693902
2023-03-21 06:00:00+00:00,5044.366792103522,0.274381,28201.52,12782.328051223522,0.6053640016209194244556076328
2023-03-22 06:00:00+00:00,5044.366792103522,0.274381,27629.18,12625.288829683522,0.6004553353073690357393119170
2023-03-23 06:00:00+00:00,5044.366792103522,0.274381,28284.45,12805.082467553522,0.6060652631573973246639139445
2023-03-24 06:00:00+00:00,5044.366792103522,0.274381,27458.73,12578.520588233522,0.5989697868903410485418997811
2023-03-25 06:00:00+00:00,9428.187125030564,0.114522,27544.81,12582.673855850564,0.2507008261485899335906891589
2023-03-26 06:00:00+00:00,9428.187125030564,0.114522,27715.18,12602.184968990564,0.2518609155293359795153261263
2023-03-27 06:00:00+00:00,618.673421224402,0.431968,26974.63,12270.850393064402,0.9495818625924995440440553861
2023-03-28 06:00:00+00:00,6434.628733629511,0.216079,27544.14,12386.338960689511,0.4805060031013946856574280484
2023-03-29 06:00:00+00:00,6434.628733629511,0.216079,28613.98,12617.508918049511,0.4900238410432434322140819884
2023-03-30 06:00:00+00:00,6434.628733629511,0.216079,28034.52,12492.299780709511,0.4849123983106935430396933297
2023-03-31 06:00:00+00:00,617.063693047076,0.423324,28571.08,12711.887562967076,0.9514577445725104070276070088
2023-04-01 06:00:00+00:00,617.063693047076,0.423324,28470.01,12669.102206287076,0.9512938104847826955845832824
2023-04-02 06:00:00+00:00,617.063693047076,0.423324,27679.57,12334.489983727076,0.9499725003740592680100302517
2023-04-03 06:00:00+00:00,617.063693047076,0.423324,27890.01,12423.574286287076,0.9503312268412013995441034116
2023-04-04 06:00:00+00:00,617.063693047076,0.423324,28582.84,12716.865853207076,0.9514767474808694123793122539
2023-04-05 06:00:00+00:00,617.063693047076,0.423324,28036.75,12485.692850047076,0.9505783379057935558750147264
2023-04-06 06:00:00+00:00,617.063693047076,0.423324,27980.0,12461.669213047076,0.9504830627023043786309356853
2023-04-07 06:00:00+00:00,617.063693047076,0.423324,28140.92,12529.790511127076,0.9507522737511778183999037594
2023-04-08 06:00:00+00:00,617.063693047076,0.423324,27999.25,12469.818200047076,0.9505154218651923518821047611
2023-04-09 06:00:00+00:00,617.063693047076,0.423324,28282.16,12589.580792887076,0.9509861604450159519447386719
2023-04-10 06:00:00+00:00,617.063693047076,0.423324,29883.84,13267.610377207076,0.9534909696996263326401177584
2023-04-11 06:00:00+00:00,617.063693047076,0.423324,29920.0,13282.917773047076,0.9535445672712673304562161592
2023-04-12 06:00:00+00:00,6965.272235014913,0.210875,30105.08,13313.680980014913,0.4768334733669492644258686966
2023-04-13 06:00:00+00:00,6965.272235014913,0.210875,30796.28,13459.437780014913,0.4824990204748956826120606266
2023-04-14 06:00:00+00:00,664.798366562593,0.415195,30427.05,13297.957391312593,0.9500074825779710840553786134
2023-04-15 06:00:00+00:00,664.798366562593,0.415195,30306.32,13247.830898962593,0.9498183233441897403268882188
2023-04-16 06:00:00+00:00,664.798366562593,0.415195,29997.89,13119.772305112593,0.9493285133993117919961364213
2023-04-17 06:00:00+00:00,664.798366562593,0.415195,29542.14,12930.547183862593,0.9485869888482162853825805161
2023-04-18 06:00:00+00:00,664.798366562593,0.415195,30268.27,13232.032729212593,0.9497584097494781831714534587
2023-04-19 06:00:00+00:00,664.798366562593,0.415195,28893.52,12661.243402962593,0.9474934376186909552789206712
2023-04-20 06:00:00+00:00,664.798366562593,0.415195,28158.21,12355.946367512593,0.9461960786499897012264658229
2023-04-21 06:00:00+00:00,664.798366562593,0.415195,27397.63,12040.157354412593,0.9447849104464609607164577039
2023-04-22 06:00:00+00:00,664.798366562593,0.415195,27585.14,12118.010568862593,0.9451396445988583130724446659
2023-04-23 06:00:00+00:00,664.798366562593,0.415195,27654.83,12146.945508412593,0.9452703260994976450291679343
2023-04-24 06:00:00+00:00,664.798366562593,0.415195,27413.2,12046.621940562593,0.9448145405539682731328514927
2023-04-25 06:00:00+00:00,664.798366562593,0.415195,28395.25,12454.364190312593,0.9466212520844946339205415165
2023-04-26 06:00:00+00:00,664.798366562593,0.415195,29083.11,12739.960223012593,0.9478178616788970275631823415
2023-04-27 06:00:00+00:00,664.798366562593,0.415195,29473.95,12902.235036812593,0.9484741701987451322550601764
2023-04-28 06:00:00+00:00,664.798366562593,0.415195,29356.03,12853.275242412593,0.9482779016223876780912332540
2023-04-29 06:00:00+00:00,6740.076117532174,0.207974,29258.49,12825.081316792174,0.4744613347045809925094539071
2023-04-30 06:00:00+00:00,633.332451223672,0.416420,28483.68,12494.506476823672,0.9493111270622449998200622435
2023-05-01 06:00:00+00:00,633.332451223672,0.416420,28000.01,12293.096615423672,0.9484806415310317895554312862
2023-05-02 06:00:00+00:00,633.332451223672,0.416420,28477.19,12491.803911023672,0.9493001606705678752466134767
2023-05-03 06:00:00+00:00,633.332451223672,0.416420,29203.9,12794.420489223672,0.9504993249395619355583396367
2023-05-04 06:00:00+00:00,633.332451223672,0.416420,29198.0,12791.963611223672,0.9504898176330031182661711628
2023-05-05 06:00:00+00:00,633.332451223672,0.416420,29346.99,12854.006027023672,0.9507287883721088244454465931
2023-05-06 06:00:00+00:00,633.332451223672,0.416420,28890.0,12663.706251223672,0.9499883810742629802988437505
2023-05-07 06:00:00+00:00,6640.641903367672,0.208212,28260.47,12524.810883007672,0.4698010241115107850800924935
2023-05-08 06:00:00+00:00,6640.641903367672,0.208212,27549.7,12376.820039767672,0.4634613832930607154774232469
2023-05-09 06:00:00+00:00,6640.641903367672,0.208212,27655.55,12398.859279967672,0.4644150922741187535360944681
2023-05-10 06:00:00+00:00,6640.641903367672,0.208212,27528.85,12372.478819567672,0.4632731241483172685048729554
2023-05-11 06:00:00+00:00,6640.641903367672,0.208212,26276.67,12111.759917407672,0.4517194900946323482209543405
2023-05-12 06:00:00+00:00,6640.641903367672,0.208212,26741.03,12208.445241727672,0.4560616219442595546664644094
2023-05-13 06:00:00+00:00,6640.641903367672,0.208212,26828.49,12226.655463247672,0.4568717566853094581453354916
2023-05-14 06:00:00+00:00,6640.641903367672,0.208212,27335.52,12332.225193607672,0.4615211935304420850178817520
2023-05-15 06:00:00+00:00,6640.641903367672,0.208212,27061.55,12275.181351967672,0.4590188354078207968874873231
2023-05-16 06:00:00+00:00,6640.641903367672,0.208212,26990.78,12260.446188727672,0.4583686595783831974800294880
2023-05-17 06:00:00+00:00,6640.641903367672,0.208212,27220.16,12308.205857287672,0.4604703577137721552860897797
2023-05-18 06:00:00+00:00,6640.641903367672,0.208212,26876.45,12236.641310767672,0.4573149825414742088834196131
2023-05-19 06:00:00+00:00,6640.641903367672,0.208212,26869.36,12235.165087687672,0.4572495053581096251661371668
2023-05-20 06:00:00+00:00,6640.641903367672,0.208212,27098.85,12282.947659567672,0.4593608889805034449207416954
2023-05-21 06:00:00+00:00,6640.641903367672,0.208212,26756.09,12211.580914447672,0.4562012936825364963924564896
2023-05-22 06:00:00+00:00,6640.641903367672,0.208212,27387.49,12343.045971247672,0.4619932617251350918493644118
2023-05-23 06:00:00+00:00,6640.641903367672,0.208212,26775.45,12215.611898767672,0.4563807397943291538518235061
2023-05-24 06:00:00+00:00,6640.641903367672,0.208212,26260.12,12108.314008807672,0.4515634547850986688209457103
2023-05-25 06:00:00+00:00,6640.641903367672,0.208212,26347.43,12126.492998527672,0.4523856234301260900553548900
2023-05-26 06:00:00+00:00,6640.641903367672,0.208212,26725.16,12205.140917287672,0.4559143603199453501351196797
2023-05-27 06:00:00+00:00,6640.641903367672,0.208212,27164.75,12296.668830367672,0.4599641581817637726877771458
2023-05-28 06:00:00+00:00,6640.641903367672,0.208212,27990.72,12468.645696007672,0.4674127354910778282406102664
2023-05-29 06:00:00+00:00,6640.641903367672,0.208212,27753.38,12419.228659927672,0.4652935310874333922213565140
2023-05-30 06:00:00+00:00,6640.641903367672,0.208212,27088.15,12280.719791167672,0.4592628106258364254552304486
2023-05-31 06:00:00+00:00,6640.641903367672,0.208212,26849.2,12230.967533767672,0.4570632384532162709658091739
2023-06-01 06:00:00+00:00,6640.641903367672,0.208212,27152.6,12294.139054567672,0.4598530345318928347449950138
2023-06-02 06:00:00+00:00,6640.641903367672,0.208212,27157.2,12295.096829767672,0.4598951114162836984704838928
2023-06-03 06:00:00+00:00,6640.641903367672,0.208212,27038.63,12270.409132927672,0.4588084365053897259153079805
2023-06-04 06:00:00+00:00,6640.641903367672,0.208212,26816.7,12224.200643767672,0.4567626876483490057557309207
2023-06-05 06:00:00+00:00,6640.641903367672,0.208212,25769.95,12006.254732767672,0.4469014650135715826614781736
2023-06-06 06:00:00+00:00,6640.641903367672,0.208212,26912.99,12244.249377247672,0.4576521844036150235119788887
2023-06-07 06:00:00+00:00,6640.641903367672,0.208212,26377.51,12132.756015487672,0.4526683059569665583436158965
2023-06-08 06:00:00+00:00,6640.641903367672,0.208212,26504.54,12159.205185847672,0.4538588828900724346994236959
2023-06-09 06:00:00+00:00,6640.641903367672,0.208212,25518.06,11953.808212087672,0.4444747828016292425724769994
2023-06-10 06:00:00+00:00,589.854303442492,0.445022,25819.1,12079.921823642492,0.9511706853691680918435189160
2023-06-11 06:00:00+00:00,589.854303442492,0.445022,25772.8,12059.317305042492,0.9510872557274987798597963106
2023-06-12 06:00:00+00:00,589.854303442492,0.445022,26080.82,12196.392981482492,0.9516369877275966372469034534
2023-06-13 06:00:00+00:00,589.854303442492,0.445022,25845.14,12091.510196522492,0.9512174828573412117186376705
2023-06-14 06:00:00+00:00,589.854303442492,0.445022,25031.42,11729.386894682492,0.9497114121361362912945775382
2023-06-15 06:00:00+00:00,589.854303442492,0.445022,25553.04,11961.519270322492,0.9506873424594174430114492931
2023-06-16 06:00:00+00:00,6272.403895842748,0.222350,26690.45,12207.025453342748,0.4861644288514918126746048069
2023-06-17 06:00:00+00:00,6272.403895842748,0.222350,26540.01,12173.575119342748,0.4847525205741371860571714132
2023-06-18 06:00:00+00:00,6272.403895842748,0.222350,26465.59,12157.027832342748,0.4840512021239643747962438208
2023-06-19 06:00:00+00:00,6272.403895842748,0.222350,26820.46,12235.933176842748,0.4873783793038641261045104547
2023-06-20 06:00:00+00:00,6272.403895842748,0.222350,28982.02,12716.556042842748,0.5067529388687716659908398504
2023-06-21 06:00:00+00:00,6272.403895842748,0.222350,30285.3,13006.340350842748,0.5177425988674572444422960331
2023-06-22 06:00:00+00:00,6272.403895842748,0.222350,30042.0,12952.242595842748,0.5157283497873961003178207929
2023-06-23 06:00:00+00:00,6272.403895842748,0.222350,30725.01,13104.109869342748,0.5213407123121634988129563114
2023-06-24 06:00:00+00:00,6272.403895842748,0.222350,30858.56,13133.804711842748,0.5224229358163881347882644432
2023-06-25 06:00:00+00:00,6272.403895842748,0.222350,30215.05,12990.720263342748,0.5171627308808861469297299451
2023-06-26 06:00:00+00:00,6272.403895842748,0.222350,30317.9,13013.588960842748,0.5180112177573685316596485759
2023-06-27 06:00:00+00:00,6272.403895842748,0.222350,30452.53,13043.523941342748,0.5191173854512016304790229804
2023-06-28 06:00:00+00:00,6272.403895842748,0.222350,30183.0,12983.593945842748,0.5168977155319058681506630708
2023-06-29 06:00:00+00:00,6272.403895842748,0.222350,30736.63,13106.693576342748,0.5214350698513102380840007454
2023-06-30 06:00:00+00:00,6272.403895842748,0.222350,30429.36,13038.372091842748,0.5189273743946164385533400855
2023-07-01 06:00:00+00:00,9774.251150745940,0.107119,30481.27,13039.374311875940,0.2504048954370614613067119570
2023-07-02 06:00:00+00:00,9774.251150745940,0.107119,30673.62,13059.978651525940,0.2515875093253764665243181722
2023-07-03 06:00:00+00:00,9774.251150745940,0.107119,30972.7,13092.015802045940,0.2534189311611982680298978875
2023-07-04 06:00:00+00:00,642.762867457030,0.401560,30814.08,13016.464832257030,0.9506192444922408203982123540
2023-07-05 06:00:00+00:00,642.762867457030,0.401560,30582.51,12923.475583057030,0.9502639314535706851723312351
2023-07-06 06:00:00+00:00,642.762867457030,0.401560,30208.4,12773.247971457030,0.9496789799357734723335352252
2023-07-07 06:00:00+00:00,6698.099272491070,0.200847,30239.49,12771.610120521070,0.4755477806413187249675632951
2023-07-08 06:00:00+00:00,630.709938932670,0.401231,30260.67,12772.228823702670,0.9506186470945305890599049277
2023-07-09 06:00:00+00:00,630.709938932670,0.401231,30082.25,12700.641188682670,0.9503403072677397476318289409
2023-07-10 06:00:00+00:00,630.709938932670,0.401231,30456.0,12850.601274932670,0.9509198110314900756172399588
2023-07-11 06:00:00+00:00,630.709938932670,0.401231,30654.0,12930.045012932670,0.9512213655635512468995450283
2023-07-12 06:00:00+00:00,6780.298671986508,0.200357,30323.0,12855.723982986508,0.4725852327757133769477111778
2023-07-13 06:00:00+00:00,6780.298671986508,0.200357,31360.48,13063.590363346508,0.4809773972237755694883452597
2023-07-14 06:00:00+00:00,645.216919575260,0.395734,30295.43,12634.148615195260,0.9489307163286611211300576924
2023-07-15 06:00:00+00:00,645.216919575260,0.395734,30238.01,12611.425568915260,0.9488387005854757855160611318
2023-07-16 06:00:00+00:00,645.216919575260,0.395734,30264.27,12621.817543755260,0.9488808234362026595246571439
2023-07-17 06:00:00+00:00,645.216919575260,0.395734,30052.22,12537.902149055260,0.9485386859855276856023292083
2023-07-18 06:00:00+00:00,645.216919575260,0.395734,30098.39,12556.173187835260,0.9486135696025312421372696502
2023-07-19 06:00:00+00:00,645.216919575260,0.395734,30125.99,12567.095446235260,0.9486582303495953463237470345
2023-07-20 06:00:00+00:00,645.216919575260,0.395734,29817.99,12445.209374235260,0.9481553985816403638859088019
2023-07-21 06:00:00+00:00,645.216919575260,0.395734,29870.01,12465.795456915260,0.9482410150394908684578175376
2023-07-22 06:00:00+00:00,645.216919575260,0.395734,29921.99,12486.365710235260,0.9483262836802572522522554466
2023-07-23 06:00:00+00:00,645.216919575260,0.395734,29799.92,12438.058460855260,0.9481255919799806204000750270
2023-07-24 06:00:00+00:00,645.216919575260,0.395734,29128.34,12172.291421135260,0.9469929779651066513683035879
2023-07-25 06:00:00+00:00,4863.453337532840,0.250730,29268.12,12201.849065132840,0.6014166941770892825206009430
2023-07-26 06:00:00+00:00,4863.453337532840,0.250730,29460.0,12249.959137532840,0.6029820766804331773716346876
2023-07-27 06:00:00+00:00,606.994982797005,0.395025,29185.99,12136.190682547005,0.9499847193675094902058144402
2023-07-28 06:00:00+00:00,4848.970188759405,0.249493,29370.42,12176.684385819405,0.6017823871327101415277030395
2023-07-29 06:00:00+00:00,4848.970188759405,0.249493,29312.94,12162.343528179405,0.6013128409401824511407705214
2023-07-30 06:00:00+00:00,8508.880557839787,0.124474,29380.02,12165.929167319787,0.3005975589027422790050154132
2023-07-31 06:00:00+00:00,8508.880557839787,0.124474,28920.03,12108.672372059787,0.2972903802836681375554175687
2023-08-01 06:00:00+00:00,8508.880557839787,0.124474,29649.99,12199.533413099787,0.3025240991017737399202393007
2023-08-02 06:00:00+00:00,8508.880557839787,0.124474,29149.0,12137.173183839787,0.2989405004808650305902680303
2023-08-03 06:00:00+00:00,8508.880557839787,0.124474,29240.84,12148.604875999787,0.2996001891007640188593683638
2023-08-04 06:00:00+00:00,8508.880557839787,0.124474,29096.2,12130.600956639787,0.2985606740956737775986529748
2023-08-05 06:00:00+00:00,596.283289719207,0.396067,29103.25,12123.120207469207,0.9508143712580009429007509594
2023-08-06 06:00:00+00:00,6357.164957987307,0.197863,29127.62,12120.443234047307,0.4755006202966641023546932864
2023-08-07 06:00:00+00:00,6357.164957987307,0.197863,29249.12,12144.483588547307,0.4765388819017099678889220483
2023-08-08 06:00:00+00:00,6357.164957987307,0.197863,29735.98,12240.815168727307,0.4806583654470562957692228939
2023-08-09 06:00:00+00:00,6357.164957987307,0.197863,29585.84,12211.108017907307,0.4793949125120609962182287257
2023-08-10 06:00:00+00:00,6357.164957987307,0.197863,29461.57,12186.519582897307,0.4783445006801596694901358070
2023-08-11 06:00:00+00:00,601.858312468371,0.392959,29405.34,12156.951313528371,0.9504926607875267750796357648
2023-08-12 06:00:00+00:00,601.858312468371,0.392959,29385.0,12148.958527468371,0.9504600899651117935866627742
2023-08-13 06:00:00+00:00,601.858312468371,0.392959,29447.6,12173.557760868371,0.9505601957709494691088716565
2023-08-14 06:00:00+00:00,6383.612617587891,0.196363,29369.73,12150.740909577891,0.4746318216236532660619243388
2023-08-15 06:00:00+00:00,600.049023207679,0.393030,29142.23,12053.819680107679,0.9502191803816399341453965896
2023-08-16 06:00:00+00:00,600.049023207679,0.393030,28679.64,11872.007932407679,0.9494568208997155505532916000
2023-08-17 06:00:00+00:00,600.049023207679,0.393030,26443.76,10993.240016007679,0.9454165448644872147356184498
2023-08-18 06:00:00+00:00,4392.382185211429,0.249432,25884.49,10848.802294891429,0.5951274559331080134701738954
2023-08-19 06:00:00+00:00,4392.382185211429,0.249432,26092.0,10900.561929211429,0.5970499306608513769410012637
2023-08-20 06:00:00+00:00,4392.382185211429,0.249432,26104.54,10903.689806491429,0.5971655225741603919218190324
2023-08-21 06:00:00+00:00,4392.382185211429,0.249432,26041.39,10887.938175691429,0.5965827400620324878563749687
2023-08-22 06:00:00+00:00,7617.368688215815,0.125430,26042.01,10883.818002515815,0.3001198029537937971704232153
2023-08-23 06:00:00+00:00,7617.368688215815,0.125430,26421.67,10931.438756315815,0.3031686991966398368269112032
2023-08-24 06:00:00+00:00,7617.368688215815,0.125430,26059.99,10886.073233915815,0.3002647947945338791893872202
2023-08-25 06:00:00+00:00,7617.368688215815,0.125430,26062.0,10886.325348215815,0.3002809998266087882148073042
2023-08-26 06:00:00+00:00,7617.368688215815,0.125430,26033.52,10882.753101815815,0.3000513181774896938242163696
2023-08-27 06:00:00+00:00,7617.368688215815,0.125430,25963.02,10873.910286815815,0.2994821101796680762392464425
2023-08-28 06:00:00+00:00,7617.368688215815,0.125430,26065.15,10886.720452715815,0.3003063942626012216439077999
2023-08-29 06:00:00+00:00,7617.368688215815,0.125430,27469.04,11062.810375415815,0.3114436178763931016066726718
2023-08-30 06:00:00+00:00,4420.985546405635,0.241642,27251.29,11006.041764585635,0.5983128502536551935568051003
2023-08-31 06:00:00+00:00,4402.403292348598,0.242323,26027.27,10709.409440558598,0.5889219366591916747209591091
2023-09-01 06:00:00+00:00,4402.403292348598,0.242323,25821.38,10659.517558088598,0.5869978853772805203865065673
2023-09-02 06:00:00+00:00,4402.403292348598,0.242323,25900.06,10678.583531728598,0.5877352760065961648534812634
2023-09-03 06:00:00+00:00,4402.403292348598,0.242323,25934.44,10686.914596468598,0.5880566600763015796445843734
2023-09-04 06:00:00+00:00,4402.403292348598,0.242323,25733.31,10638.176171478598,0.5861693563459093535622141442
2023-09-05 06:00:00+00:00,4402.403292348598,0.242323,25746.55,10641.384527998598,0.5862941254716044205675480868
2023-09-06 06:00:00+00:00,4402.403292348598,0.242323,25788.92,10651.651753508598,0.5866929003852881749625337385
2023-09-07 06:00:00+00:00,4402.403292348598,0.242323,26239.43,10760.820688238598,0.5908859166141153900498583697
2023-09-08 06:00:00+00:00,4402.403292348598,0.242323,25844.92,10665.221841508598,0.5872187791523821621893496943
2023-09-09 06:00:00+00:00,4402.403292348598,0.242323,25847.81,10665.922154978598,0.5872458819424571579732603503
2023-09-10 06:00:00+00:00,4402.403292348598,0.242323,25892.97,10676.865461658598,0.5876689363411060044885602842
2023-09-11 06:00:00+00:00,4402.403292348598,0.242323,25773.08,10647.813357188598,0.5865439086254805200490002940
2023-09-12 06:00:00+00:00,4402.403292348598,0.242323,25900.01,10678.571415578598,0.5877348082416638326542473930
2023-09-13 06:00:00+00:00,4402.403292348598,0.242323,26194.76,10749.996119828598,0.5904739645228084434385022283
2023-09-14 06:00:00+00:00,4402.403292348598,0.242323,26588.99,10845.527116118598,0.5940812055316558905357271595
2023-09-15 06:00:00+00:00,8129.315343002698,0.101973,26537.76,10835.450343482698,0.2497482720787590442067265323
2023-09-16 06:00:00+00:00,8129.315343002698,0.101973,26543.79,10836.065240672698,0.2497908454362504555995756621
2023-09-17 06:00:00+00:00,4329.495966240289,0.244940,26647.45,10856.522369240289,0.6012078436362807597748967280
2023-09-18 06:00:00+00:00,4342.616080739584,0.244447,26796.26,10892.881448959584,0.6013344952767881293923284916
2023-09-19 06:00:00+00:00,4357.147534439650,0.243904,27025.0,10948.653134439650,0.6020380332687699135828139669
2023-09-20 06:00:00+00:00,4379.441156745388,0.243078,27071.02,10959.810556305388,0.6004090459186074166923773895
2023-09-21 06:00:00+00:00,4379.441156745388,0.243078,26666.23,10861.415012685388,0.5967890784367873786119873542
2023-09-22 06:00:00+00:00,4379.441156745388,0.243078,26542.46,10831.329248625388,0.5956690950650229643887449315
2023-09-23 06:00:00+00:00,4379.441156745388,0.243078,26557.99,10835.104249965388,0.5958099658561773574571941946
2023-09-24 06:00:00+00:00,8121.477638205880,0.101994,26113.81,10784.929575345880,0.2469605312239214405310820078
2023-09-25 06:00:00+00:00,8121.477638205880,0.101994,26320.9,10806.051512805880,0.2484324520773016703272535843
2023-09-26 06:00:00+00:00,5399.493747618457,0.205275,26255.89,10789.171567368457,0.4995451028001934367661677139
2023-09-27 06:00:00+00:00,5399.493747618457,0.205275,26449.95,10829.007233868457,0.5013860799047974695543468480
2023-09-28 06:00:00+00:00,5399.493747618457,0.205275,26977.11,10937.220002868457,0.5063193621228835738408004733
2023-09-29 06:00:00+00:00,5399.493747618457,0.205275,26934.9,10928.555345118457,0.5059279495683488523228942938
2023-09-30 06:00:00+00:00,5399.493747618457,0.205275,27071.72,10956.641070618457,0.5071944300431776446226860367
2023-10-01 06:00:00+00:00,5399.493747618457,0.205275,27977.38,11142.550427118457,0.5154167097617699911183673221
2023-10-02 06:00:00+00:00,5399.493747618457,0.205275,27572.37,11059.411999368457,0.5117738856345352913025838373
2023-10-03 06:00:00+00:00,5399.493747618457,0.205275,27407.18,11025.502622118457,0.5102723265616538412186399252
2023-10-04 06:00:00+00:00,5399.493747618457,0.205275,27641.31,11073.563657868457,0.5123978229192929923210337640
2023-10-05 06:00:00+00:00,8301.398509335394,0.100154,27499.99,11055.632507795394,0.2491249592927381393221188263
2023-10-06 06:00:00+00:00,8301.398509335394,0.100154,27900.44,11095.739177095394,0.2518390729234402644139894187
2023-10-07 06:00:00+00:00,8301.398509335394,0.100154,27933.91,11099.091331475394,0.2520650329460893590810318556
2023-10-08 06:00:00+00:00,8301.398509335394,0.100154,27864.2,11092.109596135394,0.2515942582980168786092832888
2023-10-09 06:00:00+00:00,8301.398509335394,0.100154,27607.23,11066.373022755394,0.2498537242269422929128254316
2023-10-10 06:00:00+00:00,5529.594280064742,0.200425,27113.68,10963.853594064742,0.4956523057679121429555979013
2023-10-11 06:00:00+00:00,5529.594280064742,0.200425,26876.85,10916.386941314742,0.4934593002436416322815939056
2023-10-12 06:00:00+00:00,5529.594280064742,0.200425,26821.92,10905.377596064742,0.4929479303806845979009504549
2023-10-13 06:00:00+00:00,5529.594280064742,0.200425,26885.07,10918.034434814742,0.4935357354770452730563316320
2023-10-14 06:00:00+00:00,5529.594280064742,0.200425,26882.44,10917.507317064742,0.4935112824315086367029195798
2023-10-15 06:00:00+00:00,5529.594280064742,0.200425,27916.44,11124.746767064742,0.5029465033365678801415708596
2023-10-16 06:00:00+00:00,8339.912255077542,0.099625,28220.44,11151.373590077542,0.2521179397578097166696483997
2023-10-17 06:00:00+00:00,8339.912255077542,0.099625,28695.5,11198.701442577542,0.2552786322734583594374854227
2023-10-18 06:00:00+00:00,8339.912255077542,0.099625,28308.38,11160.134612577542,0.2527050484069960625787590348
2023-10-19 06:00:00+00:00,8339.912255077542,0.099625,29221.75,11251.129098827542,0.2587488613967972487788417705
2023-10-20 06:00:00+00:00,8339.912255077542,0.099625,29578.66,11286.686257577542,0.2610840715556901816293291851
2023-10-21 06:00:00+00:00,8339.912255077542,0.099625,30114.51,11340.070313827542,0.2645625622877972862600214160
2023-10-22 06:00:00+00:00,8339.912255077542,0.099625,30788.62,11407.228522577542,0.2688923309837329991011284552
2023-10-23 06:00:00+00:00,8339.912255077542,0.099625,33901.12,11717.311335077542,0.2882401075995348454719981091
2023-10-24 06:00:00+00:00,8339.912255077542,0.099625,34011.61,11728.318901327542,0.2889081269666415983377166423
2023-10-25 06:00:00+00:00,8339.912255077542,0.099625,34521.06,11779.072857577542,0.2919720969624166279300340332
2023-10-26 06:00:00+00:00,8339.912255077542,0.099625,34084.2,11735.550680077542,0.2893463219211766471196891564
2023-10-27 06:00:00+00:00,8339.912255077542,0.099625,34086.22,11735.751922577542,0.2893585080788045741486278708
2023-10-28 06:00:00+00:00,8339.912255077542,0.099625,34032.35,11730.385123827542,0.2890333806571316216200104706
2023-10-29 06:00:00+00:00,8339.912255077542,0.099625,34250.99,11752.167133827542,0.2903511190653624492004926482
2023-10-30 06:00:00+00:00,8339.912255077542,0.099625,34282.21,11755.277426327542,0.2905388828681172048442313942
2023-10-31 06:00:00+00:00,577.701181116671,0.325752,34348.39,11766.757920396671,0.9509039630946026952898594904
2023-11-01 06:00:00+00:00,577.701181116671,0.325752,35196.7,12043.096599516671,0.9520305117257088143926268195
2023-11-02 06:00:00+00:00,577.701181116671,0.325752,34540.72,11829.409802556671,0.9511639895177345713186556472
2023-11-03 06:00:00+00:00,577.701181116671,0.325752,34760.0,11900.840701116671,0.9514571116759453334794835501
2023-11-04 06:00:00+00:00,577.701181116671,0.325752,35163.98,12032.437994076671,0.9519880192691571103204152905
2023-11-05 06:00:00+00:00,577.701181116671,0.325752,34808.17,11916.532174956671,0.9515210320725063166120868235
2023-11-06 06:00:00+00:00,577.701181116671,0.325752,34913.02,11950.687272156671,0.9516595850966137256263506073
2023-11-07 06:00:00+00:00,577.701181116671,0.325752,35259.19,12063.452841996671,0.9521114569200692183582116506
2023-11-08 06:00:00+00:00,577.701181116671,0.325752,36576.84,12492.679964796671,0.9537568253773742151207950297
2023-11-09 06:00:00+00:00,577.701181116671,0.325752,36754.5,12550.553065116671,0.9539700618674448319152111679
2023-11-10 06:00:00+00:00,577.701181116671,0.325752,37074.64,12654.839310396671,0.9543493862745411087007387298
2023-11-11 06:00:00+00:00,577.701181116671,0.325752,37108.05,12665.722684716671,0.9543886128334575936821476924
2023-11-12 06:00:00+00:00,577.701181116671,0.325752,36916.94,12603.468219996671,0.9541633167130861706319546592
2023-11-13 06:00:00+00:00,577.701181116671,0.325752,36627.79,12509.277029196671,0.9538181799181267156456482135
2023-11-14 06:00:00+00:00,577.701181116671,0.325752,35600.0,12174.472381116671,0.9525481546113883499271568728
2023-11-15 06:00:00+00:00,6384.051932753615,0.162440,37455.32,12468.294113553615,0.4879771142217559710134921300
2023-11-16 06:00:00+00:00,6384.051932753615,0.162440,36355.57,12289.650723553615,0.4805343067628179167221319378
2023-11-17 06:00:00+00:00,606.995261771397,0.321138,36334.0,12275.223353771397,0.9505511839354918227666495328
2023-11-18 06:00:00+00:00,606.995261771397,0.321138,36510.96,12332.051934251397,0.9507790540448900608846784616
2023-11-19 06:00:00+00:00,606.995261771397,0.321138,37132.88,12531.774079211397,0.9515635010705847189701943878
2023-11-20 06:00:00+00:00,606.995261771397,0.321138,37355.89,12603.391064591397,0.9518387346182790339753083483
2023-11-21 06:00:00+00:00,606.995261771397,0.321138,36358.99,12283.248592391397,0.9505834912315144711094241551
2023-11-22 06:00:00+00:00,606.995261771397,0.321138,37323.11,12592.864160951397,0.9517984745953506566424684733
2023-11-23 06:00:00+00:00,606.995261771397,0.321138,37425.64,12625.790440091397,0.9519241773692069124791355713
2023-11-24 06:00:00+00:00,606.995261771397,0.321138,37812.77,12750.112594031397,0.9523929489018360051184446077
2023-11-25 06:00:00+00:00,606.995261771397,0.321138,37773.21,12737.408374751397,0.9523454658975520159420600444
2023-11-26 06:00:00+00:00,606.995261771397,0.321138,37306.32,12587.472253931397,0.9517778272296237638468628063
2023-11-27 06:00:00+00:00,606.995261771397,0.321138,36913.76,12461.406320651397,0.9512899871689869234781587176
2023-11-28 06:00:00+00:00,606.995261771397,0.321138,38035.73,12821.713522511397,0.9526588033100505227435115121
2023-11-29 06:00:00+00:00,606.995261771397,0.321138,37885.63,12773.510708711397,0.9524801539988976753191638058
2023-11-30 06:00:00+00:00,606.995261771397,0.321138,38120.84,12849.045577691397,0.9527595059025032623166270019
2023-12-01 06:00:00+00:00,606.995261771397,0.321138,38750.01,13051.095973151397,0.9534908590803329880936287271
2023-12-02 06:00:00+00:00,606.995261771397,0.321138,39422.78,13267.147985411397,0.9542482481963078165994229357
2023-12-03 06:00:00+00:00,606.995261771397,0.321138,41500.0,13934.222261771397,0.9564385259278739009066833957
2023-12-04 06:00:00+00:00,606.995261771397,0.321138,41911.09,14066.238882191397,0.9568473657489291517875810384
2023-12-05 06:00:00+00:00,606.995261771397,0.321138,43676.33,14633.124525311397,0.9585190940785436956883426596
2023-12-06 06:00:00+00:00,606.995261771397,0.321138,44007.25,14739.395512271397,0.9588181712563423357287233680
2023-12-07 06:00:00+00:00,7728.921918434445,0.159092,43421.9,14636.998833234445,0.4719599279542657154689384523
2023-12-08 06:00:00+00:00,7728.921918434445,0.159092,44274.99,14772.718627514445,0.4768111331898521576428145223
2023-12-09 06:00:00+00:00,729.564742661945,0.316975,43884.4,14639.822432661945,0.9501657382787470779328011706
2023-12-10 06:00:00+00:00,729.564742661945,0.316975,42053.41,14059.444377411945,0.9481085650984848600714019991
2023-12-11 06:00:00+00:00,729.564742661945,0.316975,41565.99,13904.944422911945,0.9475319914648633277394897028
2023-12-12 06:00:00+00:00,729.564742661945,0.316975,41019.66,13731.771471161945,0.9468703113655727607342950894
2023-12-13 06:00:00+00:00,729.564742661945,0.316975,42808.48,14298.782690661945,0.9489771431285266511726941579
2023-12-14 06:00:00+00:00,7498.064367655337,0.158658,42592.63,14255.725858195337,0.4740313862485755533181607565
2023-12-15 06:00:00+00:00,7498.064367655337,0.158658,42266.09,14203.917674875337,0.4721129381847712670027797905
2023-12-16 06:00:00+00:00,7498.064367655337,0.158658,41902.7,14146.262944255337,0.4699614734151234116394919058
2023-12-17 06:00:00+00:00,7498.064367655337,0.158658,41004.18,14003.705558095337,0.4645656939479982245736446448
2023-12-18 06:00:00+00:00,7498.064367655337,0.158658,42958.78,14313.818484895337,0.4761660296609410975887754579
2023-12-19 06:00:00+00:00,7498.064367655337,0.158658,42709.17,14274.215861515337,0.4747126959267274445920058136
2023-12-20 06:00:00+00:00,7498.064367655337,0.158658,43511.11,14401.450058035337,0.4793535138864876300277757202
2023-12-21 06:00:00+00:00,7498.064367655337,0.158658,44138.0,14500.911171655337,0.4829246052957234295397447818
2023-12-22 06:00:00+00:00,7498.064367655337,0.158658,43605.97,14416.500355915337,0.4798970497317157298533372470
2023-12-23 06:00:00+00:00,7498.064367655337,0.158658,43490.01,14398.102374235337,0.4792324590584425074169543695
2023-12-24 06:00:00+00:00,7498.064367655337,0.158658,43238.0,14358.118971655337,0.4777822650406071498608342066
2023-12-25 06:00:00+00:00,7498.064367655337,0.158658,42764.85,14283.049938955337,0.4750375865307836478976848020
2023-12-26 06:00:00+00:00,705.371646664577,0.317290,42454.27,14175.686974964577,0.9502407433297362562459495369
2023-12-27 06:00:00+00:00,705.371646664577,0.317290,43222.01,14419.283199564577,0.9510813653562281585084274462
2023-12-28 06:00:00+00:00,705.371646664577,0.317290,42677.71,14246.582252564577,0.9504883603548071617153194559
2023-12-29 06:00:00+00:00,705.371646664577,0.317290,42104.0,14064.549806664577,0.9498475488827710555093280218
2023-12-30 06:00:00+00:00,7375.227613378517,0.158670,42198.0,14070.784273378517,0.4758481496065420763597389930
2023-12-31 06:00:00+00:00,7375.227613378517,0.158670,42234.01,14076.497980078517,0.4760609049341561533707039868
2024-01-01 06:00:00+00:00,7375.227613378517,0.158670,45179.48,14543.855704978517,0.4928973607147451353238130101
2024-01-02 06:00:00+00:00,7375.227613378517,0.158670,45172.13,14542.689480478517,0.4928566945420442060554692276
2024-01-03 06:00:00+00:00,7375.227613378517,0.158670,43183.74,14227.191639178517,0.4816104400345052770450251346
2024-01-04 06:00:00+00:00,7375.227613378517,0.158670,43644.15,14300.244893878517,0.4842586495469305627629141612
2024-01-05 06:00:00+00:00,7375.227613378517,0.158670,43698.72,14308.903515778517,0.4845707356090697243495833206
2024-01-06 06:00:00+00:00,7375.227613378517,0.158670,43885.47,14338.535138278517,0.4856359075558965334479103165
2024-01-07 06:00:00+00:00,7375.227613378517,0.158670,43641.74,14299.862499178517,0.4842448580325719158985739391
2024-01-08 06:00:00+00:00,706.359757780435,0.311281,46714.67,15247.748950050435,0.9536744892577668933311159039
2024-01-09 06:00:00+00:00,7995.616582089457,0.155040,45975.99,15123.734071689457,0.4713199435940442466438737632
2024-01-10 06:00:00+00:00,7995.616582089457,0.155040,46070.0,15138.309382089457,0.4718289618555895620656225088
2024-01-11 06:00:00+00:00,7995.616582089457,0.155040,46194.01,15157.535892489457,0.4724989181090261143245136117
2024-01-12 06:00:00+00:00,748.483860494404,0.311721,43101.09,14183.998736384404,0.9472304055855268967341581071
2024-01-13 06:00:00+00:00,748.483860494404,0.311721,42749.99,14074.553493284404,0.9468200635386736091784412440
2024-01-14 06:00:00+00:00,7380.548899783798,0.156383,42739.85,14064.334862333798,0.4752294387166568420557318624
2024-01-15 06:00:00+00:00,7380.548899783798,0.156383,42773.82,14069.647192843798,0.4754275783448397900841820110
2024-01-16 06:00:00+00:00,7380.548899783798,0.156383,42783.39,14071.143778153798,0.4754833710645118822477161815
2024-01-17 06:00:00+00:00,7380.548899783798,0.156383,42772.87,14069.498628993798,0.4754220392349809416572164159
2024-01-18 06:00:00+00:00,7380.548899783798,0.156383,41210.5,13825.170521283798,0.4661513296764426349559442756
2024-01-19 06:00:00+00:00,682.562839605638,0.318703,41627.63,13949.413403495638,0.9510687066285818218347645714
2024-01-20 06:00:00+00:00,682.562839605638,0.318703,41628.47,13949.681114015638,0.9510696456767138664845114931
2024-01-21 06:00:00+00:00,7314.959353057700,0.159172,41138.46,13863.050308177700,0.4723412820090059615606351762
2024-01-22 06:00:00+00:00,684.579503437107,0.320135,40069.34,13512.177664337107,0.9493361084761394203408791168
2024-01-23 06:00:00+00:00,7085.580319203927,0.160179,39798.85,13460.520313353927,0.4736027914036534603049024901
2024-01-24 06:00:00+00:00,7085.580319203927,0.160179,39876.47,13472.953407333927,0.4740885606160464493929623709
2024-01-25 06:00:00+00:00,665.347735771593,0.320973,40102.4,13537.135370971593,0.9508501822920132783481470011
2024-01-26 06:00:00+00:00,665.347735771593,0.320973,41762.48,14069.976228811593,0.9527115238184172144750292692
2024-01-27 06:00:00+00:00,665.347735771593,0.320973,42562.44,14326.741789891593,0.9535590334823346093224117113
2024-01-28 06:00:00+00:00,665.347735771593,0.320973,42144.23,14192.507671561593,0.9531197903028235465664992570
2024-01-29 06:00:00+00:00,665.347735771593,0.320973,43365.04,14584.354719691593,0.9543793504368589076891418577
2024-01-30 06:00:00+00:00,665.347735771593,0.320973,42980.0,14460.767275771593,0.9539894582989137007533209389
2024-01-31 06:00:00+00:00,665.347735771593,0.320973,42156.5,14196.446010271593,0.9531327956806800693508710817
2024-02-01 06:00:00+00:00,665.347735771593,0.320973,43103.97,14500.558298581593,0.9541157159558004335820448393
2024-02-02 06:00:00+00:00,665.347735771593,0.320973,43168.78,14521.360558711593,0.9541814464917723973193683305
2024-02-03 06:00:00+00:00,665.347735771593,0.320973,42892.38,14432.643621511593,0.9538998015041468707272730482
2024-02-04 06:00:00+00:00,665.347735771593,0.320973,42777.24,14395.686790291593,0.9537814523569447571290818149
2024-02-05 06:00:00+00:00,665.347735771593,0.320973,42785.28,14398.267413211593,0.9537897361760983962600952710
2024-02-06 06:00:00+00:00,665.347735771593,0.320973,43029.12,14476.533469531593,0.9540395677479049693938982012
2024-02-07 06:00:00+00:00,665.347735771593,0.320973,44552.9,14965.625707471593,0.9555416025512773616387515240
2024-02-08 06:00:00+00:00,665.347735771593,0.320973,46267.15,15515.853672721593,0.9571181998872971974228557647
2024-02-09 06:00:00+00:00,665.347735771593,0.320973,47326.83,15855.982341361593,0.9580380627672635311476093223
2024-02-10 06:00:00+00:00,8314.479508487349,0.159139,48224.7,15988.910041787349,0.4799845964010502376688073016
2024-02-11 06:00:00+00:00,8314.479508487349,0.159139,48073.18,15964.797300507349,0.4791991810492250205202327708
2024-02-12 06:00:00+00:00,8314.479508487349,0.159139,50050.0,16279.386458487349,0.4892633374304749244602394754
2024-02-13 06:00:00+00:00,8314.479508487349,0.159139,49539.05,16198.074386437349,0.4866995106869576796929625945
2024-02-14 06:00:00+00:00,8314.479508487349,0.159139,51955.66,16582.651285227349,0.4986037295559425339920356421
2024-02-15 06:00:00+00:00,8314.479508487349,0.159139,52064.38,16599.952877307349,0.4991263186142232580206520966
2024-02-16 06:00:00+00:00,8314.479508487349,0.159139,51918.98,16576.814066707349,0.4984271721315835888328951279
2024-02-17 06:00:00+00:00,8314.479508487349,0.159139,51656.87,16535.102143417349,0.4971618901188731521173511755
2024-02-18 06:00:00+00:00,8314.479508487349,0.159139,52130.42,16610.462416867349,0.4994432244075105837049545811
2024-02-19 06:00:00+00:00,8314.479508487349,0.159139,51909.1,16575.241773387349,0.4983795939654528719891316059
2024-02-20 06:00:00+00:00,819.040595946709,0.303347,51837.95,16543.927214596709,0.9504929763457814670350305064
2024-02-21 06:00:00+00:00,819.040595946709,0.303347,51524.88,16448.958369306709,0.9502071451846449084235968951
2024-02-22 06:00:00+00:00,819.040595946709,0.303347,51236.01,16361.330521416709,0.9499404651183717296851366771
2024-02-23 06:00:00+00:00,819.040595946709,0.303347,51047.36,16304.104109866709,0.9497647592024972106559285247
2024-02-24 06:00:00+00:00,819.040595946709,0.303347,51669.32,16492.773809986709,0.9503394271101466686109679303
2024-02-25 06:00:00+00:00,819.040595946709,0.303347,51569.0,16462.342038946709,0.9502476261270104962763211432
2024-02-26 06:00:00+00:00,819.040595946709,0.303347,56066.01,17826.496531416709,0.9540548758695650373462196156
2024-02-27 06:00:00+00:00,9347.858800196215,0.151028,57080.68,17968.639739236215,0.4797681440635550140933251504
2024-02-28 06:00:00+00:00,9347.858800196215,0.151028,62540.91,18793.287355676215,0.5025958671688781366841606020
2024-02-29 06:00:00+00:00,9347.858800196215,0.151028,61312.01,18607.689046476215,0.4976346188477153967368288970
2024-03-01 06:00:00+00:00,9347.858800196215,0.151028,62006.55,18712.584033596215,0.5004506708740359783780609537
2024-03-02 06:00:00+00:00,9347.858800196215,0.151028,61900.0,18696.492000196215,0.5000207097621248112444850446
2024-03-03 06:00:00+00:00,923.907181086215,0.286941,63358.0,19103.915059086215,0.9516378094108628409946722879
2024-03-04 06:00:00+00:00,10017.753399217349,0.143223,66961.09,19608.121592287349,0.4891018320103783798319914959
2024-03-05 06:00:00+00:00,10017.753399217349,0.143223,66406.8,19528.734515617349,0.4870249584679417527999906156
2024-03-06 06:00:00+00:00,964.713907651349,0.279373,65800.0,19347.457307651349,0.9501374318955166739457629087
2024-03-07 06:00:00+00:00,10145.483970871349,0.139666,66909.99,19490.534634211349,0.4794661018142015384824189487
2024-03-08 06:00:00+00:00,10145.483970871349,0.139666,68244.98,19676.987347551349,0.4843985112317573807316674390
2024-03-09 06:00:00+00:00,10145.483970871349,0.139666,69330.32,19828.572443991349,0.4883401717633114662980084179
2024-03-10 06:00:00+00:00,979.553610163334,0.271701,68550.4,19604.765840563334,0.9500349242561936677525275352
2024-03-11 06:00:00+00:00,979.553610163334,0.271701,71981.11,20536.893178273334,0.9523027362678383837423574421
2024-03-12 06:00:00+00:00,979.553610163334,0.271701,72152.39,20583.430125553334,0.9524105747104188664498981356
2024-03-13 06:00:00+00:00,979.553610163334,0.271701,73143.98,20852.846120143334,0.9530254237469719099386252762
2024-03-14 06:00:00+00:00,979.553610163334,0.271701,67441.1,19303.367921263334,0.9492547821624266155017995914
2024-03-15 06:00:00+00:00,10122.375790806086,0.135957,68984.91,19501.357199676086,0.4809399321717866476077619921
2024-03-16 06:00:00+00:00,963.223255201052,0.268555,66235.68,18751.146297601052,0.9486312335302784662511536410
2024-03-17 06:00:00+00:00,963.223255201052,0.268555,68693.43,19411.187348851052,0.9503779321743517572311647954
2024-03-18 06:00:00+00:00,963.223255201052,0.268555,65214.3,18476.849591701052,0.9478686423017868031622192231
2024-03-19 06:00:00+00:00,9689.016015627212,0.134579,61549.53,17972.290213497212,0.4608914111374214798122423570
2024-03-20 06:00:00+00:00,9689.016015627212,0.134579,67009.51,18707.088861917212,0.4820671411172082865834205946
2024-03-21 06:00:00+00:00,9689.016015627212,0.134579,66430.01,18629.100331417212,0.4798988763141135304466483882
2024-03-22 06:00:00+00:00,9689.016015627212,0.134579,64075.12,18312.181590107212,0.4708977754533895547558345941
2024-03-23 06:00:00+00:00,9689.016015627212,0.134579,64304.57,18343.060741657212,0.4717884789192573142661500966
2024-03-24 06:00:00+00:00,9689.016015627212,0.134579,67350.0,18752.911665627212,0.4833327118270115268070589744
2024-03-25 06:00:00+00:00,9689.016015627212,0.134579,70300.0,19149.919715627212,0.4940440398963902209575663120
2024-03-26 06:00:00+00:00,9689.016015627212,0.134579,70475.07,19173.480461157212,0.4946657684161306849554445775
2024-03-27 06:00:00+00:00,9689.016015627212,0.134579,69714.2,19071.083337427212,0.4919525102901516403862759617
2024-03-28 06:00:00+00:00,9689.016015627212,0.134579,70180.7,19133.864440927212,0.4936194909533032149230699692
2024-03-29 06:00:00+00:00,9689.016015627212,0.134579,70006.81,19110.462498617212,0.4929993967268826513121371399
2024-03-30 06:00:00+00:00,9689.016015627212,0.134579,70345.64,19156.061901187212,0.4942062692422847300718071213
2024-03-31 06:00:00+00:00,9689.016015627212,0.134579,69167.48,18997.506306547212,0.4899848506807425196540050315
2024-04-01 06:00:00+00:00,9689.016015627212,0.134579,66764.65,18674.135847977212,0.4811531792151587500140346541
2024-04-02 06:00:00+00:00,9689.016015627212,0.134579,66077.1,18581.606056527212,0.4785695065242369280658020641
2024-04-03 06:00:00+00:00,9689.016015627212,0.134579,65591.57,18516.263914657212,0.4767294276920775422561647948
2024-04-04 06:00:00+00:00,9689.016015627212,0.134579,66888.04,18690.741550787212,0.4816141462713055151461057490
2024-04-05 06:00:00+00:00,9689.016015627212,0.134579,68038.74,18845.601606087212,0.4858738809114155677380689306
2024-04-06 06:00:00+00:00,9689.016015627212,0.134579,69397.76,19028.497158667212,0.4908154892718891413658913768
2024-04-07 06:00:00+00:00,9689.016015627212,0.134579,69701.99,19069.440127837212,0.4919087319462846916077048548
2024-04-08 06:00:00+00:00,9689.016015627212,0.134579,71056.0,19251.661439627212,0.4967179302414103997342493729
2024-04-09 06:00:00+00:00,9689.016015627212,0.134579,69255.82,19009.395015407212,0.4903038204122637829609161415
2024-04-10 06:00:00+00:00,9689.016015627212,0.134579,70583.99,19188.138805837212,0.4950518070736635306769787570
2024-04-11 06:00:00+00:00,9689.016015627212,0.134579,70956.32,19238.246604907212,0.4963669915138847395187858045
2024-04-12 06:00:00+00:00,9689.016015627212,0.134579,67345.48,18752.303368547212,0.4833159519017612616156953704
2024-04-13 06:00:00+00:00,9689.016015627212,0.134579,64383.99,18353.749005837212,0.4720960817026687619369863602
2024-04-14 06:00:00+00:00,9689.016015627212,0.134579,65466.74,18499.464418087212,0.4762542419252899321992258779
2024-04-15 06:00:00+00:00,9689.016015627212,0.134579,62700.41,18127.174493017212,0.4654977244600625389459913444
2024-04-16 06:00:00+00:00,9689.016015627212,0.134579,63928.01,18292.383673417212,0.4703251260956522095080473524
2024-04-17 06:00:00+00:00,9689.016015627212,0.134579,61072.02,17908.027395207212,0.4589568241212140852077468573
2024-04-18 06:00:00+00:00,9689.016015627212,0.134579,62073.38,18042.789422647212,0.4629978885933451432667130034
2024-04-19 06:00:00+00:00,9689.016015627212,0.134579,64159.0,18323.470076627212,0.4712237379105288864880650872
2024-04-20 06:00:00+00:00,9689.016015627212,0.134579,65027.81,18440.393657617212,0.4745765087490445260987513164
2024-04-21 06:00:00+00:00,9689.016015627212,0.134579,66377.99,18622.099531837212,0.4797033492887084386798244866
2024-04-22 06:00:00+00:00,9689.016015627212,0.134579,66490.01,18637.175071417212,0.4801242152579920042917636571
2024-04-23 06:00:00+00:00,9689.016015627212,0.134579,66735.06,18670.153655367212,0.4810425133891783932708792173
2024-04-24 06:00:00+00:00,9689.016015627212,0.134579,64223.36,18332.131581067212,0.4714735723567634215015815305
2024-04-25 06:00:00+00:00,9689.016015627212,0.134579,64553.99,18376.627435837212,0.4727533085460414492560316493
2024-04-26 06:00:00+00:00,9689.016015627212,0.134579,62988.25,18165.911712377212,0.4666375038569811328330593415
2024-04-27 06:00:00+00:00,9689.016015627212,0.134579,63953.99,18295.880035837212,0.4704263475356873379677771883
2024-04-28 06:00:00+00:00,9689.016015627212,0.134579,62444.88,18092.785521147212,0.4644817955586498828044234811
2024-04-29 06:00:00+00:00,893.225284143356,0.275253,63330.0,18324.997774143356,0.9512564587918422346376126040
2024-04-30 06:00:00+00:00,893.225284143356,0.275253,60050.0,17422.167934143356,0.9487305318419733346301965494
2024-05-01 06:00:00+00:00,9135.946573705115,0.137810,57484.57,17057.895165405115,0.4644153639639195408214807571
2024-05-02 06:00:00+00:00,842.169485906484,0.281901,59522.67,17621.669681576484,0.9522083036894639398646598130
2024-05-03 06:00:00+00:00,9240.482652205932,0.140623,63384.01,18153.732290435932,0.4909871697802789941386396537
2024-05-04 06:00:00+00:00,9240.482652205932,0.140623,63211.67,18129.497322615932,0.4903067367080970404771109392
2024-05-05 06:00:00+00:00,9240.482652205932,0.140623,64186.93,18266.641309595932,0.4941334591514822665871036987
2024-05-06 06:00:00+00:00,902.558621002344,0.270355,63563.48,18087.263256402344,0.9500997686489211930273194478
2024-05-07 06:00:00+00:00,7226.710094168991,0.170732,62617.71,17917.556957888991,0.5966687807297794222354513965
2024-05-08 06:00:00+00:00,7226.710094168991,0.170732,61580.01,17740.388361488991,0.5926408178381932083028136627
2024-05-09 06:00:00+00:00,12411.525383609013,0.086426,62767.99,17836.311687349013,0.3041428294610766967957449576
2024-05-10 06:00:00+00:00,12411.525383609013,0.086426,60922.0,17676.770155609013,0.2978623767605693541554065297
2024-05-11 06:00:00+00:00,868.880479176873,0.275646,61050.01,17697.071535636873,0.9509025842254638215472736506
2024-05-12 06:00:00+00:00,868.880479176873,0.275646,60858.97,17644.412123796873,0.9507560539234389640447567675
2024-05-13 06:00:00+00:00,868.880479176873,0.275646,62717.22,18156.631303296873,0.9521452815413450582768038636
2024-05-14 06:00:00+00:00,868.880479176873,0.275646,61928.68,17939.273406456873,0.9515654586732516536684292673
2024-05-15 06:00:00+00:00,868.880479176873,0.275646,65781.99,19001.422894716873,0.9542728729321394546908039777
2024-05-16 06:00:00+00:00,9963.965954946006,0.137205,65700.0,18978.334454946006,0.4749820655442572756391544280
2024-05-17 06:00:00+00:00,9963.965954946006,0.137205,66854.71,19136.766440496006,0.4793286532535143440886524905
2024-05-18 06:00:00+00:00,945.190456540146,0.271931,67097.62,19191.113360760146,0.9507485345549171569508262205
2024-05-19 06:00:00+00:00,945.190456540146,0.271931,67136.36,19201.647967700146,0.9507755554038857303453547384
2024-05-20 06:00:00+00:00,945.190456540146,0.271931,71209.86,20309.358896200146,0.9534603499120304641647072674
2024-05-21 06:00:00+00:00,945.190456540146,0.271931,69898.12,19952.656126260146,0.9526283392767863486031845191
2024-05-22 06:00:00+00:00,945.190456540146,0.271931,69478.89,19838.654493130146,0.9523561208817133997904808679
2024-05-23 06:00:00+00:00,945.190456540146,0.271931,67299.99,19246.144037230146,0.9508893597225631434370674290
2024-05-24 06:00:00+00:00,945.190456540146,0.271931,68718.21,19631.802020050146,0.9518541163172482076346425620
2024-05-25 06:00:00+00:00,945.190456540146,0.271931,69139.6,19746.391024140146,0.9521335085796365569483213863
2024-05-26 06:00:00+00:00,10354.663288040589,0.135660,68524.61,19650.711880640589,0.4730642151319843313224954418
2024-05-27 06:00:00+00:00,10354.663288040589,0.135660,68049.67,19586.281520240589,0.4713308252339774899798224992
2024-05-28 06:00:00+00:00,967.136211924777,0.273432,68584.73,19720.396105284777,0.9509575666350029005690899523
2024-05-29 06:00:00+00:00,967.136211924777,0.273432,68134.14,19597.190380404777,0.9506492413886117001644621428
2024-05-30 06:00:00+00:00,967.136211924777,0.273432,68442.72,19681.566026964777,0.9508608100290520733729850216
2024-05-31 06:00:00+00:00,967.136211924777,0.273432,67686.35,19474.750265124777,0.9503389671878505885780713793
2024-06-01 06:00:00+00:00,967.136211924777,0.273432,67728.4,19486.248080724777,0.9503682695653741742104115100
2024-06-02 06:00:00+00:00,967.136211924777,0.273432,68700.0,19751.914611924777,0.9510358245807274740274396678
2024-06-03 06:00:00+00:00,967.136211924777,0.273432,68956.01,19821.915938244777,0.9512087421348222840862329464
2024-06-04 06:00:00+00:00,967.136211924777,0.273432,70999.99,20380.805477604777,0.9525467129850435035659922728
2024-06-05 06:00:00+00:00,10687.304174286843,0.136350,70895.45,20353.898781786843,0.4749259447113837863044574333
2024-06-06 06:00:00+00:00,10687.304174286843,0.136350,71290.6,20407.777484286843,0.4763121960480198452534733568
2024-06-07 06:00:00+00:00,1007.874473874403,0.271948,69319.99,19859.307114394403,0.9492492629239880963429563448
2024-06-08 06:00:00+00:00,1007.874473874403,0.271948,69293.47,19852.095053434403,0.9492308257057211099996115676
2024-06-09 06:00:00+00:00,1007.874473874403,0.271948,69580.48,19930.146848914403,0.9494296513962062442739486042
2024-06-10 06:00:00+00:00,1007.874473874403,0.271948,67903.57,19474.114528234403,0.9482454274152930783810153146
2024-06-11 06:00:00+00:00,1007.874473874403,0.271948,67243.21,19294.530946954403,0.9477637224431468415552066422
2024-06-12 06:00:00+00:00,1007.874473874403,0.271948,67604.04,19392.657943794403,0.9480280384052811054218432813
2024-06-13 06:00:00+00:00,1007.874473874403,0.271948,67052.49,19242.665024394403,0.9476229268348903039547885630
2024-06-14 06:00:00+00:00,1007.874473874403,0.271948,66231.82,19019.485459234403,0.9470083207017013976204727720
2024-06-15 06:00:00+00:00,7599.228194839306,0.172299,66264.0,19016.449130839306,0.6003865841328123878623298884
2024-06-16 06:00:00+00:00,7599.228194839306,0.172299,66351.62,19031.545969219306,0.6007035788301209499572357886
2024-06-17 06:00:00+00:00,7599.228194839306,0.172299,65596.01,18901.355121829306,0.5979532607128837708678719032
2024-06-18 06:00:00+00:00,13223.652364319191,0.086444,65413.09,18878.221516279191,0.2995287001523906836370948902
2024-06-19 06:00:00+00:00,13223.652364319191,0.086444,65513.93,18886.938529239191,0.2998519932784538000587322903
2024-06-20 06:00:00+00:00,928.413405749321,0.273874,64661.47,18637.508840529321,0.9501857563855109471403081014
2024-06-21 06:00:00+00:00,928.413405749321,0.273874,64424.21,18572.529495289321,0.9500114722668874529000860717
2024-06-22 06:00:00+00:00,928.413405749321,0.273874,64380.0,18560.421525749321,0.9499788620392424459830738037
2024-06-23 06:00:00+00:00,9732.765139113179,0.136940,62314.01,18266.045668513179,0.4671662758464236681950798760
2024-06-24 06:00:00+00:00,9732.765139113179,0.136940,61024.01,18089.393068513179,0.4619628694975809984756588010
2024-06-25 06:00:00+00:00,9732.765139113179,0.136940,61562.01,18163.066788513179,0.4641452761012558575499322565
2024-06-26 06:00:00+00:00,9732.765139113179,0.136940,60805.5,18059.470309113179,0.4610713950894879704622219793
2024-06-27 06:00:00+00:00,9732.765139113179,0.136940,61604.01,18168.818268513179,0.4643149050601601482943586276
2024-06-28 06:00:00+00:00,9732.765139113179,0.136940,60762.02,18053.516157913179,0.4608936534035153047266099554
2024-06-29 06:00:00+00:00,9732.765139113179,0.136940,60789.26,18057.246403513179,0.4610050213846783881720081620
2024-06-30 06:00:00+00:00,9732.765139113179,0.136940,63432.94,18419.271942713179,0.4715988140365372118682755060
2024-07-01 06:00:00+00:00,9732.765139113179,0.136940,63024.0,18363.271699113179,0.4699874129955172807022235384
2024-07-02 06:00:00+00:00,9732.765139113179,0.136940,61121.52,18102.746087913179,0.4623597385806819329931107293
2024-07-03 06:00:00+00:00,9732.765139113179,0.136940,58902.0,17798.805019113179,0.4531787314563148361186340239
2024-07-04 06:00:00+00:00,9732.765139113179,0.136940,54806.02,17237.901517913179,0.4353857324803055313916356374
2024-07-05 06:00:00+00:00,9732.765139113179,0.136940,56362.54,17451.051366713179,0.4422820187396939527269307223
2024-07-06 06:00:00+00:00,9732.765139113179,0.136940,57648.0,17627.082259113179,0.4478516072005421168409065994
2024-07-07 06:00:00+00:00,9732.765139113179,0.136940,55478.7,17330.018317113179,0.4383869098682836555439295399
2024-07-08 06:00:00+00:00,9732.765139113179,0.136940,57291.49,17578.261779713179,0.4463181137542493355509185931
2024-07-09 06:00:00+00:00,9732.765139113179,0.136940,58975.01,17808.803008513179,0.4534857208280306590312075877
2024-07-10 06:00:00+00:00,9732.765139113179,0.136940,57994.01,17674.464868513179,0.4493318348522127565849636851
2024-07-11 06:00:00+00:00,9732.765139113179,0.136940,57026.0,17541.905579113179,0.4451705890663439899193896039
2024-07-12 06:00:00+00:00,9732.765139113179,0.136940,58076.02,17685.695317913179,0.4496815101606310392276348582
2024-07-13 06:00:00+00:00,9732.765139113179,0.136940,60265.38,17985.506276313179,0.4588550920064351165524297447
2024-07-14 06:00:00+00:00,9732.765139113179,0.136940,62799.99,18332.595769713179,0.4691005430233488362597818812
2024-07-15 06:00:00+00:00,9732.765139113179,0.136940,63654.92,18449.669883913179,0.4724694154230114932237690156
2024-07-16 06:00:00+00:00,9732.765139113179,0.136940,65624.01,18719.317068513179,0.4800683644872828539441661576
2024-07-17 06:00:00+00:00,9732.765139113179,0.136940,64756.77,18600.557222913179,0.4767487327141022930914466548
2024-07-18 06:00:00+00:00,9732.765139113179,0.136940,64164.0,18519.383299113179,0.4744552244577580969777138040
2024-07-19 06:00:00+00:00,9732.765139113179,0.136940,66537.32,18844.385739913179,0.4835191089036781526079144165
2024-07-20 06:00:00+00:00,930.827302547837,0.269054,67046.0,18969.821786547837,0.9509311519622224842393399131
2024-07-21 06:00:00+00:00,9947.437765039637,0.134395,67626.01,19036.035378989637,0.4774417273872701457444015544
2024-07-22 06:00:00+00:00,9947.437765039637,0.134395,66428.0,18875.028825039637,0.4729842345012287589922170514
2024-07-23 06:00:00+00:00,932.080541421617,0.269935,65814.01,18697.585330771617,0.9501496837729285737377182582
2024-07-24 06:00:00+00:00,932.080541421617,0.269935,64263.01,18278.916145771617,0.9490078878863268279724807585
2024-07-25 06:00:00+00:00,932.080541421617,0.269935,66924.0,18997.210481421617,0.9509359259701234473941634727
2024-07-26 06:00:00+00:00,9961.827265554104,0.134834,67895.21,19116.410010694104,0.4788860847836357561472568189
2024-07-27 06:00:00+00:00,944.159386934519,0.267479,67422.0,18978.128524934519,0.9502501321089679641581322535
2024-07-28 06:00:00+00:00,944.159386934519,0.267479,69662.07,19577.300208464519,0.9517727481889306416863639346
2024-07-29 06:00:00+00:00,10265.976347738120,0.133490,66484.01,19140.926842638120,0.4636635711458996339640457691
2024-07-30 06:00:00+00:00,10265.976347738120,0.133490,66175.52,19099.746512538120,0.4625071939567904370514282315
2024-07-31 06:00:00+00:00,942.908848987631,0.274191,64303.99,18574.484171077631,0.9492363373161211989975650019
2024-08-01 06:00:00+00:00,942.908848987631,0.274191,64170.01,18537.748060897631,0.9491357393632647274816622640
2024-08-02 06:00:00+00:00,942.908848987631,0.274191,61693.99,17858.845661077631,0.9472021391033884780006479081
2024-08-03 06:00:00+00:00,942.908848987631,0.274191,60792.0,17611.528120987631,0.9464607021883599087843950202
2024-08-04 06:00:00+00:00,942.908848987631,0.274191,52718.0,15397.709986987631,0.9387630465968985755598097718
2024-08-05 06:00:00+00:00,8074.540994501546,0.138736,55925.97,15833.486368421546,0.4900339188338528881633142447
2024-08-06 06:00:00+00:00,8074.540994501546,0.138736,56796.01,15954.192237861546,0.4938922087613108621658717244
2024-08-07 06:00:00+00:00,8074.540994501546,0.138736,56955.62,15976.335890821546,0.4945936884601684806978793700
2024-08-08 06:00:00+00:00,8074.540994501546,0.138736,60989.0,16535.910898501546,0.5116966314064230875915931732
2024-08-09 06:00:00+00:00,8074.540994501546,0.138736,60355.46,16448.016093061546,0.5090872389219194884692961823
2024-08-10 06:00:00+00:00,8074.540994501546,0.138736,61114.29,16553.293131941546,0.5122093875737172976887771379
2024-08-11 06:00:00+00:00,8074.540994501546,0.138736,58571.57,16200.526330021546,0.5015877367182546834343911396
2024-08-12 06:00:00+00:00,8074.540994501546,0.138736,59211.99,16289.375639141546,0.5043062930478852751468704731
2024-08-13 06:00:00+00:00,8074.540994501546,0.138736,60834.64,16514.495609541546,0.5110634205602782602580220014
2024-08-14 06:00:00+00:00,8074.540994501546,0.138736,58315.01,16164.932221861546,0.5004902659856815871830125363
2024-08-15 06:00:00+00:00,8074.540994501546,0.138736,58196.01,16148.422637861546,0.4999795846580086377235329285
2024-08-16 06:00:00+00:00,8074.540994501546,0.138736,59163.17,16282.602547621546,0.5041000988087729806075823751
2024-08-17 06:00:00+00:00,12206.619568332782,0.068803,59490.0,16299.710038332782,0.2511143118726707300869095920
2024-08-18 06:00:00+00:00,6512.518257165782,0.164394,58475.18,16125.486998085782,0.5961350960787188958290446129
2024-08-19 06:00:00+00:00,6450.161220915227,0.165459,61119.99,16563.013646325227,0.6105683809331220469595369623
2024-08-20 06:00:00+00:00,6624.981338931227,0.162595,59379.99,16279.870812981227,0.5930568850921958146440136492
2024-08-21 06:00:00+00:00,6511.834317803966,0.164498,60724.0,16500.810869803966,0.6053627685824552260307370596
2024-08-22 06:00:00+00:00,6600.254828095412,0.163040,60856.26,16522.259458495412,0.6005234729138880385954525481
2024-08-23 06:00:00+00:00,6608.945960096678,0.162897,63987.98,17032.395938156678,0.6119779046886149556729026520
2024-08-24 06:00:00+00:00,6812.738353347992,0.159708,64137.5,17056.010203347992,0.6005667051013669935454344485
2024-08-25 06:00:00+00:00,6822.410525656742,0.159557,63950.01,17026.082271226742,0.5992965136092237263870564903
2024-08-26 06:00:00+00:00,6810.436327539311,0.159744,63150.02,16898.273122419311,0.5969744199184616575289822638
2024-08-27 06:00:00+00:00,6759.281546483277,0.160553,59287.94,16278.138177303277,0.5847632282721502519666999070
2024-08-28 06:00:00+00:00,6759.281546483277,0.160553,59436.17,16301.936948493277,0.5853694215699926118887488384
2024-08-29 06:00:00+00:00,11405.362241552586,0.082282,58784.0,16242.227329552586,0.2977956772713904599161094177
2024-08-30 06:00:00+00:00,11405.362241552586,0.082282,59212.0,16277.444025552586,0.2993149155574873966167271320
2024-08-31 06:00:00+00:00,6504.653268753232,0.164940,57986.0,16068.864108753232,0.5952014265146510154993661476
2024-09-01 06:00:00+00:00,6427.489692341032,0.166269,57785.01,16035.345520031032,0.5991673715847319414745596700
2024-09-02 06:00:00+00:00,6414.124004505532,0.166500,59186.0,16268.593004505532,0.6057357878011231840711012844
2024-09-03 06:00:00+00:00,6507.338989286932,0.164923,56252.01,15784.589234516932,0.5877409989829183457301846220
2024-09-04 06:00:00+00:00,6313.636841035825,0.168362,57194.99,15943.099747415825,0.6039893784106076518748640476
2024-09-05 06:00:00+00:00,6377.212120590325,0.167249,56491.01,15825.277052080325,0.5970236666566287217488270674
2024-09-06 06:00:00+00:00,6330.093935145596,0.168082,54185.01,15437.618785965596,0.5899565844377300629070602874
2024-09-07 06:00:00+00:00,6174.869091227903,0.170943,54344.01,15464.597192657903,0.6007093483068842106069163988
2024-09-08 06:00:00+00:00,6185.832310510877,0.170741,54668.0,15519.901298510877,0.6014257957230434825770757756
2024-09-09 06:00:00+00:00,6207.944067808877,0.170336,56945.45,15907.804239008877,0.6097548112525894408286419927
2024-09-10 06:00:00+00:00,6362.975561223167,0.167610,56244.0,15790.032401223167,0.5970258071965538040624167987
2024-09-11 06:00:00+00:00,6316.007085478367,0.168444,57968.01,16080.370561918367,0.6072225412245179202673016778
2024-09-12 06:00:00+00:00,6432.023959258715,0.166440,57946.0,16076.556199258715,0.5999128246411819453107835718
2024-09-13 06:00:00+00:00,6432.023959258715,0.166440,59926.0,16406.107399258715,0.6079494176937220211111802626
2024-09-14 06:00:00+00:00,6562.313264686115,0.164263,60160.0,16444.375344686115,0.6009387327195325371673259183
2024-09-15 06:00:00+00:00,6577.754285230115,0.164006,58670.0,16199.986305230115,0.5939654416185211486450052283
2024-09-16 06:00:00+00:00,6577.754285230115,0.164006,58642.76,16195.518781790115,0.5938534372467279528654329152
2024-09-17 06:00:00+00:00,11330.709226956185,0.082851,60241.07,16321.742117526185,0.3057904514500728434284294372
2024-09-18 06:00:00+00:00,6522.470218709402,0.162564,61990.42,16599.880855589402,0.6070772871533473083350779743
2024-09-19 06:00:00+00:00,6639.851261042186,0.160668,63809.99,16892.074734362186,0.6069250600972495223974550517
2024-09-20 06:00:00+00:00,6756.726665240186,0.158834,62908.82,16748.786181120186,0.5965840991595795059758072135
2024-09-21 06:00:00+00:00,6699.468208507592,0.159743,62938.51,16753.454611437592,0.6001142233713480418350049791
2024-09-22 06:00:00+00:00,6699.468208507592,0.159743,63754.0,16883.723430507592,0.6031996001307290253670332121
2024-09-23 06:00:00+00:00,6753.461318097992,0.158895,63215.99,16798.166049147992,0.5979643671613467843137795838
2024-09-24 06:00:00+00:00,6753.461318097992,0.158895,64170.63,16949.853571947992,0.6015622619138745471940892816
2024-09-25 06:00:00+00:00,6779.929335076745,0.158482,63594.0,16858.433643076745,0.5978315970142896753155454668
2024-09-26 06:00:00+00:00,6743.378930981407,0.159056,65354.58,17138.417007461407,0.6065343183069008410546120984
2024-09-27 06:00:00+00:00,6855.251075143969,0.157342,65953.8,17232.553874743969,0.6021918094687622017470754407
2024-09-28 06:00:00+00:00,6892.993479280900,0.156769,65594.01,17176.100832970900,0.5986869461054136669163595343
2024-09-29 06:00:00+00:00,6870.465488916300,0.157112,64525.99,17008.272829796300,0.5960515475222075033135668290
2024-09-30 06:00:00+00:00,6870.465488916300,0.157112,63749.99,16886.353917796300,0.5931350531700268731943519647
2024-10-01 06:00:00+00:00,6870.465488916300,0.157112,61489.71,16531.236806436300,0.5843949506402726491216926460
2024-10-02 06:00:00+00:00,11565.795351548343,0.080653,61176.01,16499.824086078343,0.2990352326660904185089164882
2024-10-03 06:00:00+00:00,11549.868914060343,0.080913,61224.34,16503.713936480343,0.3001654682992208656555053459
2024-10-04 06:00:00+00:00,11549.868914060343,0.080913,62149.47,16578.568980170343,0.3033253396071058632272438007
2024-10-05 06:00:00+00:00,11604.985906940631,0.080025,61938.51,16561.615169690631,0.2992841707746666139102414511
2024-10-06 06:00:00+00:00,11604.985906940631,0.080025,63380.01,16676.971207190631,0.3041310821513624495926974124
2024-10-07 06:00:00+00:00,11673.790404662631,0.078938,62517.35,16608.784978962631,0.2971315831080278753321058269
2024-10-08 06:00:00+00:00,11626.090254275721,0.079700,62524.09,16609.260227275721,0.3000235955612664863937803148
2024-10-09 06:00:00+00:00,11626.090254275721,0.079700,60941.48,16483.126210275721,0.2946671580402073543619366601
2024-10-10 06:00:00+00:00,11538.098399217313,0.081142,60600.0,16455.303599217313,0.2988219068917017138376799890
2024-10-11 06:00:00+00:00,11518.741865203166,0.081461,62778.01,16632.701337813166,0.3074641556259900395292137376
2024-10-12 06:00:00+00:00,11642.755321853966,0.079483,62853.92,16638.573445213966,0.3002551955436438918114418126
2024-10-13 06:00:00+00:00,11642.755321853966,0.079483,63941.54,16725.020745673966,0.3038719952042248188482106075
2024-10-14 06:00:00+00:00,11707.443897259940,0.078470,65363.24,16836.497340059940,0.3046389839409281752247513951
2024-10-15 06:00:00+00:00,11785.451439201065,0.077275,67218.74,16979.779572701065,0.3059125774430598361418399487
2024-10-16 06:00:00+00:00,11885.745684524237,0.075781,67340.82,16988.900364944237,0.3003816945651237966062457980
2024-10-17 06:00:00+00:00,11892.269251418096,0.075684,68000.79,17038.841041778096,0.3020494045188256044686179118
2024-10-18 06:00:00+00:00,11927.176219350218,0.075170,68390.01,17068.053271050218,0.3011987934452747114929464058
2024-10-19 06:00:00+00:00,6820.634898773795,0.149741,68214.0,17035.067472773795,0.5996120995895767330482389927
2024-10-20 06:00:00+00:00,6814.077842627843,0.149837,68979.97,17149.829607517843,0.6026737292106502051524650618
2024-10-21 06:00:00+00:00,6859.889882852423,0.149172,67579.99,16940.932151132423,0.5950701046639944736964243958
2024-10-22 06:00:00+00:00,6859.889882852423,0.149172,67087.06,16867.400797172423,0.5933048627146878008495659146
2024-10-23 06:00:00+00:00,6746.835581093849,0.150855,67364.0,16909.031801093849,0.6009921998811667787597504903
2024-10-24 06:00:00+00:00,6763.654690290599,0.150605,67757.21,16968.229302340599,0.6013930169273690865300138797
2024-10-25 06:00:00+00:00,6787.271215134422,0.150256,67132.0,16874.257007134422,0.5977736256912070673007343134
2024-10-26 06:00:00+00:00,6749.695647907289,0.150815,67181.82,16881.721831207289,0.6001772973518668948982061250
2024-10-27 06:00:00+00:00,6749.695647907289,0.150815,67909.85,16991.519675657289,0.6027609197559200588580992277
2024-10-28 06:00:00+00:00,6796.560350839034,0.150124,71039.99,17461.367809599034,0.6107658675454529782822454674
2024-10-29 06:00:00+00:00,6984.358748659445,0.147477,72498.0,17676.146294659445,0.6048709581697876431362445923
2024-10-30 06:00:00+00:00,7070.374406748245,0.146289,72282.0,17644.435904748245,0.5992858913191123193104451430
2024-10-31 06:00:00+00:00,7057.780986817583,0.146463,69609.29,17252.966428087583,0.5909236237005819284879113852
2024-11-01 06:00:00+00:00,6901.026199445647,0.148712,69710.0,17267.739719445647,0.6003515045067407732259833523
2024-11-02 06:00:00+00:00,6907.152703742791,0.148624,68432.0,17077.790271742791,0.5955476326951100884826392937
2024-11-03 06:00:00+00:00,6831.025915405191,0.149735,68820.01,17135.790112755191,0.6013591512001275719900708631
2024-11-04 06:00:00+00:00,6854.325569816784,0.149396,68741.5,17124.030703816784,0.5997247559075551147691027066
2024-11-05 06:00:00+00:00,6854.325569816784,0.149396,74768.38,18024.422468296784,0.6197201002210817127067788880
2024-11-06 06:00:00+00:00,7209.312364794708,0.144642,74755.49,18022.095949374708,0.5999736997824139735913649488
2024-11-07 06:00:00+00:00,7209.312364794708,0.144642,75975.32,18198.534600234708,0.6038520395646730311735019985
2024-11-08 06:00:00+00:00,7279.346422368240,0.143719,76552.0,18281.323310368240,0.6018151258098606209744767609
2024-11-09 06:00:00+00:00,7312.526799729840,0.143285,79064.16,18641.234965329840,0.6077230498231396886019743169
2024-11-10 06:00:00+00:00,7456.315466503872,0.141464,80731.99,18876.985699863872,0.6050049735134544344669625684
2024-11-11 06:00:00+00:00,14149.085298128589,0.058455,88378.46,19315.248177428589,0.2674655190471264127344228810
2024-11-12 06:00:00+00:00,14149.085298128589,0.058455,86545.99,19208.131143578589,0.2633804302789380939945272159
2024-11-13 06:00:00+00:00,943.283174087446,0.210844,89957.22,19910.223267767446,0.9526231744666308143639503492
2024-11-14 06:00:00+00:00,943.283174087446,0.210844,87724.0,19439.362230087446,0.9514756110348378061844186116
2024-11-15 06:00:00+00:00,943.283174087446,0.210844,91350.34,20203.954261047446,0.9533119526059280045356196097
2024-11-16 06:00:00+00:00,943.283174087446,0.210844,90470.13,20018.367263807446,0.9528791153815590564630766244
2024-11-17 06:00:00+00:00,943.283174087446,0.210844,90615.71,20049.061933327446,0.9529512564116812099476604791
2024-11-18 06:00:00+00:00,943.283174087446,0.210844,91877.0,20314.997362087446,0.9535671525191613444414686711
2024-11-19 06:00:00+00:00,943.283174087446,0.210844,92505.47,20447.506490767446,0.9538680584591885743427745241
2024-11-20 06:00:00+00:00,943.283174087446,0.210844,97328.0,21464.308006087446,0.9560534085785610466529865706
2024-11-21 06:00:00+00:00,943.283174087446,0.210844,98790.97,21772.766452767446,0.9566760073354137691677503162
2024-11-22 06:00:00+00:00,943.283174087446,0.210844,98755.15,21765.214020687446,0.9566609741034077476990740272
2024-11-23 06:00:00+00:00,11413.205017041331,0.104687,98264.44,21700.214447321331,0.4740510493687690653380428350
2024-11-24 06:00:00+00:00,11413.205017041331,0.104687,98082.69,21681.187585071331,0.4735894898626337579422132227
2024-11-25 06:00:00+00:00,1070.689118632261,0.209997,94647.96,20946.476774752261,0.9488845245839715067421360420
2024-11-26 06:00:00+00:00,1070.689118632261,0.209997,92768.01,20551.692914602261,0.9479026315213418925668424432
2024-11-27 06:00:00+00:00,1070.689118632261,0.209997,95443.43,21113.523088342261,0.9492889408294233333221332796
2024-11-28 06:00:00+00:00,1070.689118632261,0.209997,96153.86,21262.711257052261,0.9496447510532250377191493932
2024-11-29 06:00:00+00:00,1070.689118632261,0.209997,97102.32,21461.885011672261,0.9501120652705968741754304274
2024-11-30 06:00:00+00:00,1070.689118632261,0.209997,96308.83,21295.254492142261,0.9497217035359997819712022409
2024-12-01 06:00:00+00:00,1070.689118632261,0.209997,96359.99,21305.997938662261,0.9497470561240706511169576387
2024-12-02 06:00:00+00:00,1070.689118632261,0.209997,96155.18,21262.988453092261,0.9496454075120117248862776442
2024-12-03 06:00:00+00:00,1070.689118632261,0.209997,96480.22,21331.245877972261,0.9498065361602760614668373988
2024-12-04 06:00:00+00:00,1070.689118632261,0.209997,102450.01,22584.883868602261,0.9525926666321829495980401853
2024-12-05 06:00:00+00:00,1070.689118632261,0.209997,97864.01,21621.837626602261,0.9504811229682463756561382740
2024-12-06 06:00:00+00:00,1070.689118632261,0.209997,99155.98,21893.147450692261,0.9510947833771427038081980220
2024-12-07 06:00:00+00:00,1070.689118632261,0.209997,99534.26,21972.585115852261,0.9512715908034050331519354874
2024-12-08 06:00:00+00:00,1070.689118632261,0.209997,99435.87,21951.923511022261,0.9512257266159542589206046292
2024-12-09 06:00:00+00:00,1070.689118632261,0.209997,96941.99,21428.216192662261,0.9500336794717004573237876815
2024-12-10 06:00:00+00:00,1070.689118632261,0.209997,97495.19,21544.386533062261,0.9503031048487192113073760499
2024-12-11 06:00:00+00:00,1070.689118632261,0.209997,100618.86,22200.347862052261,0.9517715161363564524129256131
2024-12-12 06:00:00+00:00,1070.689118632261,0.209997,99890.0,22047.289448632261,0.9514367005918415554448478825
2024-12-13 06:00:00+00:00,1070.689118632261,0.209997,101722.8,22432.171950232261,0.9522699308382764440067325302
2024-12-14 06:00:00+00:00,1070.689118632261,0.209997,102159.29,22523.833540762261,0.9524641701558221384898786133
2024-12-15 06:00:00+00:00,1070.689118632261,0.209997,105028.0,23126.254034632261,0.9537024406534291355164321742
2024-12-16 06:00:00+00:00,1070.689118632261,0.209997,106817.43,23502.028966342261,0.9544426942811781525149461295
2024-12-17 06:00:00+00:00,1070.689118632261,0.209997,103572.17,22820.534102122261,0.9530822059711262763334496881
2024-12-18 06:00:00+00:00,1070.689118632261,0.209997,101300.01,22343.387318602261,0.9520802686108007602925889772
2024-12-19 06:00:00+00:00,1070.689118632261,0.209997,96734.32,21384.606115672261,0.9499317821034085439001961467
2024-12-20 06:00:00+00:00,1070.689118632261,0.209997,98691.98,21795.708842692261,0.9508761506056158724083219129
2024-12-21 06:00:00+00:00,1070.689118632261,0.209997,96156.19,21263.200550062261,0.9496459097908886579170467111
2024-12-22 06:00:00+00:00,1070.689118632261,0.209997,95608.02,21148.086494572261,0.9493718205234758452381150541
2024-12-23 06:00:00+00:00,1070.689118632261,0.209997,94606.06,20937.677900452261,0.9488630437566749582563576655
2024-12-24 06:00:00+00:00,1070.689118632261,0.209997,98279.28,21709.043080792261,0.9506800408176634048202255985
2024-12-25 06:00:00+00:00,1070.689118632261,0.209997,98375.01,21729.146093602261,0.9507256698436251342734395082
2024-12-26 06:00:00+00:00,1070.689118632261,0.209997,96238.89,21280.567301962261,0.9496870030089125599480013971
2024-12-27 06:00:00+00:00,1070.689118632261,0.209997,94625.64,20941.789641712261,0.9488730840606076121492976638
2024-12-28 06:00:00+00:00,1070.689118632261,0.209997,95118.89,21045.370661962261,0.9491247203088020867959438310
2024-12-29 06:00:00+00:00,1070.689118632261,0.209997,93581.53,20722.529674042261,0.9483321227922553166256200241
2024-12-30 06:00:00+00:00,1070.689118632261,0.209997,92596.08,20515.588130392261,0.9478109468845244715957421371
2024-12-31 06:00:00+00:00,1070.689118632261,0.209997,93792.02,20766.731942572261,0.9484420985645158464497587146
2025-01-01 06:00:00+00:00,1070.689118632261,0.209997,95596.48,21145.663129192261,0.9493660183607985037594199593
2025-01-02 06:00:00+00:00,11088.492072587365,0.105068,96765.34,21255.432815707365,0.4783219815503743611499175883
2025-01-03 06:00:00+00:00,11088.492072587365,0.105068,98126.21,21398.416704867365,0.4818078259937271644510054887
2025-01-04 06:00:00+00:00,11088.492072587365,0.105068,98358.98,21422.873383227365,0.4823994020676567642461562701
2025-01-05 06:00:00+00:00,11088.492072587365,0.105068,99600.0,21553.264872587365,0.4855307472841238617438849702
2025-01-06 06:00:00+00:00,11088.492072587365,0.105068,101743.47,21778.474978547365,0.4908508477517385435049340043
2025-01-07 06:00:00+00:00,11088.492072587365,0.105068,96492.01,21226.714579267365,0.4776161882622307505529901663
2025-01-08 06:00:00+00:00,11088.492072587365,0.105068,94472.58,21014.537108027365,0.4723418357689325300205029461
2025-01-09 06:00:00+00:00,11088.492072587365,0.105068,93956.83,20960.348287027365,0.4709776802969357880202229081
2025-01-10 06:00:00+00:00,11088.492072587365,0.105068,94366.69,21003.411457507365,0.4720623316349904564510676132
2025-01-11 06:00:00+00:00,11088.492072587365,0.105068,94571.43,21024.923079827365,0.4726024903640973382778247931
2025-01-12 06:00:00+00:00,11088.492072587365,0.105068,94181.37,20983.940255747365,0.4715724531501990427084067912
2025-01-13 06:00:00+00:00,11088.492072587365,0.105068,94916.08,21061.134766027365,0.4735092768850402986229123335
2025-01-14 06:00:00+00:00,1040.063853378349,0.210797,97029.97,21493.690439468349,0.9516107363550512175141338518
2025-01-15 06:00:00+00:00,1040.063853378349,0.210797,99382.11,21989.514495048349,0.9527018273362718834029499836
2025-01-16 06:00:00+00:00,1040.063853378349,0.210797,101334.05,22400.977591228349,0.9535706042674846719409909231
2025-01-17 06:00:00+00:00,1040.063853378349,0.210797,102829.27,22716.165481568349,0.9542148143698704095766178629
2025-01-18 06:00:00+00:00,1040.063853378349,0.210797,105116.52,23198.310919818349,0.9551663973737923731237475266
2025-01-19 06:00:00+00:00,1040.063853378349,0.210797,102344.2,22613.914180778349,0.9540077916160840842725534996
2025-01-20 06:00:00+00:00,1040.063853378349,0.210797,101365.98,22407.708339438349,0.9535845505652266855776787629
2025-01-21 06:00:00+00:00,1040.063853378349,0.210797,105689.15,23319.019605928349,0.9553984742517247341980132786
2025-01-22 06:00:00+00:00,1040.063853378349,0.210797,102532.52,22653.611471818349,0.9540883865395054529212457090
2025-01-23 06:00:00+00:00,1040.063853378349,0.210797,105222.15,23220.577406928349,0.9552093888471514057178538293
2025-01-24 06:00:00+00:00,1040.063853378349,0.210797,104365.97,23040.097231468349,0.9548585301993508311266928367
2025-01-25 06:00:00+00:00,1040.063853378349,0.210797,105094.12,23193.589067018349,0.9551572699519223494248714490
2025-01-26 06:00:00+00:00,1040.063853378349,0.210797,100374.08,22198.618795138349,0.9531473618707245797196251698
2025-01-27 06:00:00+00:00,1040.063853378349,0.210797,103014.59,22755.230381608349,0.9542934158021547193400913509
2025-01-28 06:00:00+00:00,1040.063853378349,0.210797,102262.0,22596.586667378349,0.9539725238732697065872772987
2025-01-29 06:00:00+00:00,1040.063853378349,0.210797,105375.7,23252.945286278349,0.9552717369531637518897494826
2025-01-30 06:00:00+00:00,1040.063853378349,0.210797,104319.87,23030.379489768349,0.9548394826129367233013306028
2025-01-31 06:00:00+00:00,1040.063853378349,0.210797,102500.0,22646.756353378349,0.9540744892050204533360782308
2025-02-01 06:00:00+00:00,1040.063853378349,0.210797,100259.53,22174.471998788349,0.9530963418910186513459528885
2025-02-02 06:00:00+00:00,1040.063853378349,0.210797,94216.0,20900.514005378349,0.9502374031035452818650991232
2025-02-03 06:00:00+00:00,14612.770276825960,0.066550,98865.99,21192.301911325960,0.3104680021089946735249940304
2025-02-04 06:00:00+00:00,1042.006713007160,0.203636,98138.4,21026.517935407160,0.9504432109868037235816626904
2025-02-05 06:00:00+00:00,8401.051127893880,0.128552,97831.47,20977.482259333880,0.5995205228141307273667525800
2025-02-06 06:00:00+00:00,8401.051127893880,0.128552,97338.2,20914.071414293880,0.5983062809017608028986617735
2025-02-07 06:00:00+00:00,8401.051127893880,0.128552,96211.08,20769.177884053880,0.5955039157161813756951888865
2025-02-08 06:00:00+00:00,8401.051127893880,0.128552,97029.28,20874.359130453880,0.5975420813931731757121142602
2025-02-09 06:00:00+00:00,8401.051127893880,0.128552,97015.26,20872.556831413880,0.5975073300435323972812031584
2025-02-10 06:00:00+00:00,8401.051127893880,0.128552,98412.24,21052.141404373880,0.6009407800126003875842524702
2025-02-11 06:00:00+00:00,1043.056192544840,0.203222,95886.54,20529.310624424840,0.9491918549225973917610436622
2025-02-12 06:00:00+00:00,8202.406425670316,0.128460,96666.38,20620.169600470316,0.6022144053808737310152332108
2025-02-13 06:00:00+00:00,8202.406425670316,0.128460,96683.29,20622.341859070316,0.6022563062078880721154224050
2025-02-14 06:00:00+00:00,14427.572210225726,0.063989,97611.17,20673.613367355726,0.3021262440262470948878086961
2025-02-15 06:00:00+00:00,14427.572210225726,0.063989,97603.3,20673.109773925726,0.3021092439405163515572225642
2025-02-16 06:00:00+00:00,1016.254480477606,0.201217,96242.66,20381.913797697606,0.9501393985587160735811372402
2025-02-17 06:00:00+00:00,1016.254480477606,0.201217,95609.49,20254.509229807606,0.9498257662554453697060992752
2025-02-18 06:00:00+00:00,1016.254480477606,0.201217,95289.33,20190.087595087606,0.9496656725389904673710529883
2025-02-19 06:00:00+00:00,1016.254480477606,0.201217,96909.99,20516.191938307606,0.9504657353794752276899302395
2025-02-20 06:00:00+00:00,1016.254480477606,0.201217,98333.58,20802.642447337606,0.9511478177327578037108832768
2025-02-21 06:00:00+00:00,1016.254480477606,0.201217,96509.83,20435.672943587606,0.9502705644544731895351886199
2025-02-22 06:00:00+00:00,1016.254480477606,0.201217,96208.62,20375.064371017606,0.9501226370640000831461349210
2025-02-23 06:00:00+00:00,1016.254480477606,0.201217,95727.39,20278.232714107606,0.9498844650416406466068298035
2025-02-24 06:00:00+00:00,1016.254480477606,0.201217,92070.34,19542.372084257606,0.9479973835266266536008321258
2025-02-25 06:00:00+00:00,1016.254480477606,0.201217,88423.6,18808.586001677606,0.9459685868790475489672742309
2025-02-26 06:00:00+00:00,1016.254480477606,0.201217,85883.13,18297.400249687606,0.9444590779777604389020120219
2025-02-27 06:00:00+00:00,1016.254480477606,0.201217,79973.79,17108.340582907606,0.9405988865166202480387467168
2025-02-28 06:00:00+00:00,8971.528567620625,0.101614,85588.19,17668.486906280625,0.4922299450310308293286553020
2025-03-01 06:00:00+00:00,8971.528567620625,0.101614,85957.51,17706.014988760625,0.4933061689309792758239855325
2025-03-02 06:00:00+00:00,8971.528567620625,0.101614,93344.0,18456.585783620625,0.5139117996795243724804080242
2025-03-03 06:00:00+00:00,13836.206908509463,0.049431,84273.99,18001.954508199463,0.2314052953412697961682541711
2025-03-04 06:00:00+00:00,13836.206908509463,0.049431,87145.98,18143.919845889463,0.2374190899193109009252845918
2025-03-05 06:00:00+00:00,7249.091136668620,0.124920,92737.98,18833.919598268620,0.6151044874729623252464631691
2025-03-06 06:00:00+00:00,7249.091136668620,0.124920,88221.21,18269.684689868620,0.6032175015757894131098453683
2025-03-07 06:00:00+00:00,7249.091136668620,0.124920,86279.12,18027.078807068620,0.5978776587016322369516944885
2025-03-08 06:00:00+00:00,7249.091136668620,0.124920,86034.01,17996.459665868620,0.5971934885383616807048147976
2025-03-09 06:00:00+00:00,7249.091136668620,0.124920,82308.52,17531.071455068620,0.5865003941574405238172544104
2025-03-10 06:00:00+00:00,7249.091136668620,0.124920,80261.78,17275.392694268620,0.5803805294062219123174104253
2025-03-11 06:00:00+00:00,7249.091136668620,0.124920,81987.43,17490.960892268620,0.5855521499751981139741297572
2025-03-12 06:00:00+00:00,7249.091136668620,0.124920,83157.16,17637.083563868620,0.5889858371188347202458530295
2025-03-13 06:00:00+00:00,7249.091136668620,0.124920,82141.96,17510.264779868620,0.5860090508167055752024041511
2025-03-14 06:00:00+00:00,7249.091136668620,0.124920,84266.26,17775.632335868620,0.5921894085286059352984408086
2025-03-15 06:00:00+00:00,7249.091136668620,0.124920,84395.31,17791.753261868620,0.5925589215423242975002668158
2025-03-16 06:00:00+00:00,7249.091136668620,0.124920,83120.0,17632.441536668620,0.5888776309512593547608272059
2025-03-17 06:00:00+00:00,7249.091136668620,0.124920,83010.87,17618.809017068620,0.5885595258087025693161815394
2025-03-18 06:00:00+00:00,7249.091136668620,0.124920,83241.99,17647.680527468620,0.5892326402109666771476419529
2025-03-19 06:00:00+00:00,7249.091136668620,0.124920,85827.28,17970.634954268620,0.5966146352025963799282168959
2025-03-20 06:00:00+00:00,7249.091136668620,0.124920,84469.66,17801.041063868620,0.5927715064158608426270026494
2025-03-21 06:00:00+00:00,7249.091136668620,0.124920,84323.3,17782.757772668620,0.5923528156127628245368304801
2025-03-22 06:00:00+00:00,7249.091136668620,0.124920,84230.1,17771.115228668620,0.5920857501967979263447166801
2025-03-23 06:00:00+00:00,7249.091136668620,0.124920,86899.73,18104.605408268620,0.5995996061113896856826960182
2025-03-24 06:00:00+00:00,7249.091136668620,0.124920,86656.07,18074.167401068620,0.5989253072736272453768053766
2025-03-25 06:00:00+00:00,7249.091136668620,0.124920,87520.35,18182.133258668620,0.6013068965264292632237234737
2025-03-26 06:00:00+00:00,7272.865727389324,0.124648,87314.72,18156.470945949324,0.5994339566846338463107273548
2025-03-27 06:00:00+00:00,7272.865727389324,0.124648,86059.02,17999.950452349324,0.5959507918289807571074270158
2025-03-28 06:00:00+00:00,7272.865727389324,0.124648,84012.64,17744.873278109324,0.5901427069439049075358555818
2025-03-29 06:00:00+00:00,7272.865727389324,0.124648,82958.3,17613.451905789324,0.5870845893076289660796814192
2025-03-30 06:00:00+00:00,7272.865727389324,0.124648,82166.99,17514.816696909324,0.5847592439450023682542429427
2025-03-31 06:00:00+00:00,7272.865727389324,0.124648,83006.67,17619.481129549324,0.5872258851486762603102413165
2025-04-01 06:00:00+00:00,7272.865727389324,0.124648,84100.0,17755.762527389324,0.5903940641146504235054431711
2025-04-02 06:00:00+00:00,7272.865727389324,0.124648,83343.75,17661.497477389324,0.5882078664790331334932770551
2025-04-03 06:00:00+00:00,7272.865727389324,0.124648,83200.0,17643.579327389324,0.5877896660061962820607779978
2025-04-04 06:00:00+00:00,7272.865727389324,0.124648,83688.67,17704.491065549324,0.5892078625439061148248788318
2025-04-05 06:00:00+00:00,7272.865727389324,0.124648,83450.01,17674.742573869324,0.5885164552188914373210369258
2025-04-06 06:00:00+00:00,7272.865727389324,0.124648,76942.82,16863.634354749324,0.5687248920135024880305747562
2025-04-07 06:00:00+00:00,7272.865727389324,0.124648,79872.25,17228.781945389324,0.5778653563297520246148936690
2025-04-08 06:00:00+00:00,7272.865727389324,0.124648,76734.83,16837.708817229324,0.5680608444809721176983248189
2025-04-09 06:00:00+00:00,7272.865727389324,0.124648,82158.03,17513.699850829324,0.5847327641026728618478245150
2025-04-10 06:00:00+00:00,7272.865727389324,0.124648,80816.0,17346.418495389324,0.5807281065355104365393191175
2025-04-11 06:00:00+00:00,7272.865727389324,0.124648,83338.92,17660.895427549324,0.5881938287203522896003624697
2025-04-12 06:00:00+00:00,7272.865727389324,0.124648,84515.58,17807.563743229324,0.5915855850773205471651882966
2025-04-13 06:00:00+00:00,7272.865727389324,0.124648,84575.18,17814.992764029324,0.5917558977585362633074673015
2025-04-14 06:00:00+00:00,7272.865727389324,0.124648,85545.71,17935.967387469324,0.5945094250968367050463489009
2025-04-15 06:00:00+00:00,7272.865727389324,0.124648,83363.0,17663.896951389324,0.5882638045611283402551731332
2025-04-16 06:00:00+00:00,7272.865727389324,0.124648,84391.3,17792.072489789324,0.5912299856262870907655459794
2025-04-17 06:00:00+00:00,7272.865727389324,0.124648,84734.97,17834.910267949324,0.5922118127805099717715308173
2025-04-18 06:00:00+00:00,7272.865727389324,0.124648,85079.99,17877.916320909324,0.5931927638075327775806190296
2025-04-19 06:00:00+00:00,7272.865727389324,0.124648,85088.54,17878.982061309324,0.5932170130016499791525954271
2025-04-20 06:00:00+00:00,7272.865727389324,0.124648,87550.0,18185.798127389324,0.6000799263005243895597200172
2025-04-21 06:00:00+00:00,7272.865727389324,0.124648,88391.27,18290.660750349324,0.6023727176039595372625187660
2025-04-22 06:00:00+00:00,7316.209420811683,0.124157,93478.42,18922.209612751683,0.6133533255079635533752165388
2025-04-23 06:00:00+00:00,7568.646500154547,0.121453,92576.61,18812.353514484547,0.5976767875254376056817550927
2025-04-24 06:00:00+00:00,7524.893539952787,0.121925,93206.05,18889.041186202787,0.6016264951844548309049904339
2025-04-25 06:00:00+00:00,7555.611554353047,0.121595,94626.47,19061.717174003047,0.6036237719098245161260932034
2025-04-26 06:00:00+00:00,7624.599076933017,0.120865,93923.88,18976.708833133017,0.5982127805206878535961294034
2025-04-27 06:00:00+00:00,7624.599076933017,0.120865,94224.28,19013.016679133017,0.5989800458492684348231759031
2025-04-28 06:00:00+00:00,942.017247054897,0.191695,94276.49,19014.348997604897,0.9504575598578969888997161382
2025-04-29 06:00:00+00:00,942.017247054897,0.191695,94894.0,19132.722577054897,0.9507640774457985235041156160
2025-04-30 06:00:00+00:00,10032.890678019897,0.095770,95147.96,19145.210807219897,0.4759582028610325251178869159
2025-05-01 06:00:00+00:00,10032.890678019897,0.095770,96707.54,19294.571783819897,0.4800148564875997828311267685
2025-05-02 06:00:00+00:00,10032.890678019897,0.095770,96417.14,19266.760175819897,0.4792642568618598935558573567
2025-05-03 06:00:00+00:00,10032.890678019897,0.095770,96042.72,19230.901972419897,0.4782932858579060976011158258
2025-05-04 06:00:00+00:00,10032.890678019897,0.095770,94732.77,19105.448060919897,0.4748675536931202838254901273
2025-05-05 06:00:00+00:00,10032.890678019897,0.095770,94345.56,19068.364959219897,0.4738463051511496203388865320
2025-05-06 06:00:00+00:00,10032.890678019897,0.095770,96380.96,19263.295217219897,0.4791705902398636236774455445
2025-05-07 06:00:00+00:00,10032.890678019897,0.095770,98740.61,19489.278897719897,0.4852097540051278252135000218
2025-05-08 06:00:00+00:00,10032.890678019897,0.095770,102979.35,19895.223027519897,0.4957135859124581400363545043
2025-05-09 06:00:00+00:00,10032.890678019897,0.095770,103361.0,19931.773648019897,0.4966383396082463070803188324
2025-05-10 06:00:00+00:00,10032.890678019897,0.095770,103840.0,19977.647478019897,0.4977941877761917423020921479
2025-05-11 06:00:00+00:00,10032.890678019897,0.095770,103940.0,19987.224478019897,0.4980348227412393702506910705
2025-05-12 06:00:00+00:00,10032.890678019897,0.095770,102477.15,19847.127333519897,0.4944915448254667238456959179
2025-05-13 06:00:00+00:00,10032.890678019897,0.095770,103896.71,19983.078594719897,0.4979306801770336467672601703
2025-05-14 06:00:00+00:00,10032.890678019897,0.095770,102375.31,19837.374116719897,0.4942430072151690594165946837
2025-05-15 06:00:00+00:00,10032.890678019897,0.095770,103898.52,19983.251938419897,0.4979350353517480920657603047
2025-05-16 06:00:00+00:00,10032.890678019897,0.095770,103342.79,19930.029676319897,0.4965942930862468313077583045
2025-05-17 06:00:00+00:00,10032.890678019897,0.095770,103648.2,19959.278792019897,0.4973320036978871508476308446
2025-05-18 06:00:00+00:00,10032.890678019897,0.095770,103032.01,19900.266275719897,0.4958413852853355990713869359
2025-05-19 06:00:00+00:00,10032.890678019897,0.095770,106105.26,20194.591428219897,0.5031892220409100222000723118
2025-05-20 06:00:00+00:00,10032.890678019897,0.095770,107542.0,20332.188018019897,0.5065513525092329857747198702
2025-05-21 06:00:00+00:00,10032.890678019897,0.095770,110879.99,20651.867320319897,0.5141896603147221977326891578
2025-05-22 06:00:00+00:00,10032.890678019897,0.095770,110855.47,20649.519039919897,0.5141344135607133108766805359
2025-05-23 06:00:00+00:00,10032.890678019897,0.095770,108235.68,20398.621751619897,0.5081584040243716821601504712
2025-05-24 06:00:00+00:00,10032.890678019897,0.095770,108103.98,20386.008842619897,0.5078540995702557817638121650
2025-05-25 06:00:00+00:00,10032.890678019897,0.095770,109650.01,20534.072135719897,0.5114027742910645364301086066
2025-05-26 06:00:00+00:00,10032.890678019897,0.095770,108923.36,20464.480865219897,0.5097412563701458657523572629
2025-05-27 06:00:00+00:00,10032.890678019897,0.095770,109000.0,20471.820678019897,0.5099170300572253860210836000
2025-05-28 06:00:00+00:00,10032.890678019897,0.095770,107681.81,20345.577621719897,0.5068760954071268743923510543
2025-05-29 06:00:00+00:00,10032.890678019897,0.095770,106083.42,20192.499811419897,0.5031377604695689336407397733
2025-05-30 06:00:00+00:00,10032.890678019897,0.095770,103538.94,19948.814961819897,0.4970683372810926521415360968
2025-05-31 06:00:00+00:00,10032.890678019897,0.095770,104536.57,20044.357986919897,0.4994656010151615485133132035
2025-06-01 06:00:00+00:00,10032.890678019897,0.095770,104833.79,20072.822746319897,0.5001753961156607620505905936
2025-06-02 06:00:00+00:00,15048.110613928743,0.047868,105452.08,20095.890779368743,0.2511846934708789304062064882
2025-06-03 06:00:00+00:00,986.588639000419,0.181040,105354.14,20059.902144600419,0.9508178737917731131996800921
2025-06-04 06:00:00+00:00,986.588639000419,0.181040,104649.23,19932.285238200419,0.9505029841179669527276941119
2025-06-05 06:00:00+00:00,986.588639000419,0.181040,102954.24,19625.424248600419,0.9497290541848654680361933168
2025-06-06 06:00:00+00:00,10291.319786893414,0.090545,104877.36,19787.440348093414,0.4799064656240382778295158648
2025-06-07 06:00:00+00:00,10291.319786893414,0.090545,105438.34,19838.234282193414,0.4812381162303949552170841930
2025-06-08 06:00:00+00:00,979.885365058540,0.178742,105379.11,19815.558244678540,0.9505496967100743774934926396
2025-06-09 06:00:00+00:00,979.885365058540,0.178742,109310.49,20518.260968638540,0.9522432546034841227293571895
2025-06-10 06:00:00+00:00,979.885365058540,0.178742,109468.03,20546.419983318540,0.9523087055626186741775258614
2025-06-11 06:00:00+00:00,979.885365058540,0.178742,107746.91,20238.783552278540,0.9515837815782054890508869376
2025-06-12 06:00:00+00:00,979.885365058540,0.178742,104002.25,19569.455534558540,0.9499278166769576981974123045
2025-06-13 06:00:00+00:00,10261.964919404170,0.089377,105288.3,19672.317308504170,0.4783550530181814070665875353
2025-06-14 06:00:00+00:00,10261.964919404170,0.089377,106073.94,19742.535454784170,0.4802103841775090689443075782
2025-06-15 06:00:00+00:00,10261.964919404170,0.089377,106559.98,19785.976251864170,0.4813516003064381919116448508
2025-06-16 06:00:00+00:00,10261.964919404170,0.089377,107122.02,19836.209700944170,0.4826650315702340128589350491
2025-06-17 06:00:00+00:00,979.789256172376,0.175915,105423.5,19525.364258672376,0.9498196682432086615131717730
2025-06-18 06:00:00+00:00,979.789256172376,0.175915,104892.86,19432.016723072376,0.9495786119302257096139561604
2025-06-19 06:00:00+00:00,979.789256172376,0.175915,104584.68,19377.803238372376,0.9494375474805020952819007333
2025-06-20 06:00:00+00:00,979.789256172376,0.175915,103421.21,19173.131413322376,0.9488977968673613098255504838
2025-06-21 06:00:00+00:00,979.789256172376,0.175915,102853.89,19073.331315522376,0.9486304075589040981444834674
2025-06-22 06:00:00+00:00,979.789256172376,0.175915,101771.02,18882.838239472376,0.9481121829384609896658587561
2025-06-23 06:00:00+00:00,979.789256172376,0.175915,105396.54,19520.621590272376,0.9498074765887255354944191249
2025-06-24 06:00:00+00:00,979.789256172376,0.175915,106213.72,19664.375809972376,0.9501744034165835858138016182
2025-06-25 06:00:00+00:00,979.789256172376,0.175915,107632.09,19913.888368522376,0.9507986969676341001708700132
2025-06-26 06:00:00+00:00,979.789256172376,0.175915,107267.74,19849.793738272376,0.9506398268369285423214338063
2025-06-27 06:00:00+00:00,979.789256172376,0.175915,107294.8,19854.553998172376,0.9506516612630751510088953124
2025-06-28 06:00:00+00:00,979.789256172376,0.175915,107309.99,19857.226147022376,0.9506583019744025514741004459
2025-06-29 06:00:00+00:00,979.789256172376,0.175915,108280.65,20027.979800922376,0.9510789772153029422024910238
2025-06-30 06:00:00+00:00,979.789256172376,0.175915,106932.49,19790.818234522376,0.9504927363506745956785729937
2025-07-01 06:00:00+00:00,979.789256172376,0.175915,106638.83,19739.159035622376,0.9503631712777533113843133391
2025-07-02 06:00:00+00:00,979.789256172376,0.175915,109340.37,20214.400444722376,0.9515301352196086665710756694
2025-07-03 06:00:00+00:00,10600.043902368757,0.087816,109012.0,20173.041694368757,0.4745440938969690974737166161
2025-07-04 06:00:00+00:00,10600.043902368757,0.087816,108125.63,20095.204226448757,0.4725087745852679735708518746
2025-07-05 06:00:00+00:00,992.393641047378,0.176557,108003.35,20061.141106997378,0.9505315457503447534926387677
2025-07-06 06:00:00+00:00,992.393641047378,0.176557,109079.99,20251.229435477378,0.9509958817952632359745096546
2025-07-07 06:00:00+00:00,992.393641047378,0.176557,108210.94,20097.792574627378,0.9506217592124901598135474094
2025-07-08 06:00:00+00:00,992.393641047378,0.176557,108778.1,20197.928642747378,0.9508665636659864009722766113
2025-07-09 06:00:00+00:00,992.393641047378,0.176557,111086.14,20605.429261027378,0.9518382447424005923278223404
2025-07-10 06:00:00+00:00,992.393641047378,0.176557,117860.37,21801.466987137378,0.9544804190638694559783590100
2025-07-11 06:00:00+00:00,992.393641047378,0.176557,117689.68,21771.330472807378,0.9544174095245631334943284704
2025-07-12 06:00:00+00:00,992.393641047378,0.176557,117759.99,21783.744195477378,0.9544433852995109377069367513
2025-07-13 06:00:00+00:00,992.393641047378,0.176557,122461.99,22613.915209477378,0.9561157972047462695941866895
2025-07-14 06:00:00+00:00,11858.262663655950,0.087713,117335.12,22150.078044215950,0.4646401407713099144690506005
2025-07-15 06:00:00+00:00,11858.262663655950,0.087713,117869.82,22196.978185315950,0.4657713061365897610276965934
2025-07-16 06:00:00+00:00,11858.262663655950,0.087713,118587.03,22259.886826045950,0.4672810892380288346192651292
2025-07-17 06:00:00+00:00,11858.262663655950,0.087713,120589.95,22435.568948005950,0.4714525541501857016914731640
2025-07-18 06:00:00+00:00,11858.262663655950,0.087713,118205.98,22226.463787395950,0.4664800133262555878081151056
2025-07-19 06:00:00+00:00,11858.262663655950,0.087713,117846.91,22194.968680485950,0.4657229377358004876629223409
2025-07-20 06:00:00+00:00,11858.262663655950,0.087713,118430.22,22246.132550515950,0.4669517213057815867141491967
2025-07-21 06:00:00+00:00,11858.262663655950,0.087713,117329.27,22149.564923165950,0.4646277385225954050579332588
2025-07-22 06:00:00+00:00,11858.262663655950,0.087713,118645.04,22264.975057175950,0.4674028318826227765546897878
2025-07-23 06:00:00+00:00,11858.262663655950,0.087713,117604.55,22173.710557805950,0.4652107218256526021967508307
2025-07-24 06:00:00+00:00,11858.262663655950,0.087713,115500.0,21989.114163655950,0.4607212198090487450740993488
2025-07-25 06:00:00+00:00,11858.262663655950,0.087713,117444.99,22159.715071525950,0.4648729631504520559650213808
2025-07-26 06:00:00+00:00,11858.262663655950,0.087713,118274.73,22232.494056145950,0.4666247235371304543485067562
2025-07-27 06:00:00+00:00,11858.262663655950,0.087713,119526.13,22342.258104345950,0.4692451135299830861256754530
2025-07-28 06:00:00+00:00,11858.262663655950,0.087713,118800.0,22278.567063655950,0.4677277658938451795687615789
2025-07-29 06:00:00+00:00,11858.262663655950,0.087713,117992.26,22207.717765035950,0.4660296573866894257072682369
2025-07-30 06:00:00+00:00,11858.262663655950,0.087713,118362.0,22240.148769655950,0.4668083030166081661805747012
2025-07-31 06:00:00+00:00,11858.262663655950,0.087713,115568.0,21995.078647655950,0.4608674579611151499489524202
2025-08-01 06:00:00+00:00,11858.262663655950,0.087713,113981.06,21855.883379435950,0.4574338425133935519228452084
2025-08-02 06:00:00+00:00,11858.262663655950,0.087713,113618.52,21824.083908415950,0.4566432793505212373725332312
2025-08-03 06:00:00+00:00,11858.262663655950,0.087713,114391.26,21891.863252035950,0.4583255647482117387358921270
2025-08-04 06:00:00+00:00,11858.262663655950,0.087713,114405.99,21893.155264525950,0.4583575313664265646336133319
2025-08-05 06:00:00+00:00,1080.724762776350,0.181795,114148.01,21832.262240726350,0.9504987274859522413509896806
2025-08-06 06:00:00+00:00,1080.724762776350,0.181795,114568.73,21908.747033126350,0.9506715394932317146073385023
2025-08-07 06:00:00+00:00,1080.724762776350,0.181795,116530.63,22265.410643626350,0.9514617188034788832449309972
2025-08-08 06:00:00+00:00,1080.724762776350,0.181795,116739.23,22303.333080626350,0.9515442486165839146351932913
2025-08-09 06:00:00+00:00,1080.724762776350,0.181795,118045.0,22540.715537776350,0.9520545494234579253656413525
2025-08-10 06:00:00+00:00,1080.724762776350,0.181795,122059.34,23270.502478076350,0.9535581681661354555414304259
2025-08-11 06:00:00+00:00,1080.724762776350,0.181795,118819.99,22681.604844826350,0.9523523679135578375203013250
2025-08-12 06:00:00+00:00,11893.884217458350,0.090672,119070.69,22690.261821138350,0.4758154704773854151667108578
2025-08-13 06:00:00+00:00,11893.884217458350,0.090672,122134.76,22968.087176178350,0.4821560835159905465218146770
2025-08-14 06:00:00+00:00,11893.884217458350,0.090672,118984.29,22682.427760338350,0.4756344275344478862541176041
2025-08-15 06:00:00+00:00,11893.884217458350,0.090672,117595.78,22556.528781618350,0.4727076877559789815106520754
2025-08-16 06:00:00+00:00,11893.884217458350,0.090672,118000.01,22593.181124178350,0.4735631006503119476783873573
2025-08-17 06:00:00+00:00,11893.884217458350,0.090672,115687.99,22383.545646738350,0.4686326998782927782291736091
2025-08-18 06:00:00+00:00,11893.884217458350,0.090672,114972.9,22318.707006258350,0.4670890112889063638946500287
2025-08-19 06:00:00+00:00,11893.884217458350,0.090672,113708.0,22204.015993458350,0.4643363515427806345514176777
2025-08-20 06:00:00+00:00,1096.254583596818,0.185508,113995.12,22243.261304556818,0.9507152045472650111359947449
2025-08-21 06:00:00+00:00,1096.254583596818,0.185508,113241.99,22103.549664516818,0.9504036862750306107424823813
2025-08-22 06:00:00+00:00,1096.254583596818,0.185508,115954.51,22606.743824676818,0.9515076301081369969880484516
2025-08-23 06:00:00+00:00,1096.254583596818,0.185508,114996.01,22428.934406676818,0.9511231981100949455111408274
2025-08-24 06:00:00+00:00,1096.254583596818,0.185508,112310.0,21930.658063596818,0.9500126908906342800903681861
2025-08-25 06:00:00+00:00,1096.254583596818,0.185508,110196.01,21538.496006676818,0.9491025472132787279539170586
2025-08-26 06:00:00+00:00,11294.512323045218,0.092841,111372.18,21634.416886425218,0.4779377515771132610109528169
2025-08-27 06:00:00+00:00,11294.512323045218,0.092841,112853.24,21771.919977885218,0.4812348963932627358785808359
2025-08-28 06:00:00+00:00,11294.512323045218,0.092841,111315.42,21629.147231265218,0.4778105580270473512049848488
2025-08-29 06:00:00+00:00,11294.512323045218,0.092841,108347.2,21353.574718245218,0.4710715900230604549046599197
2025-08-30 06:00:00+00:00,11294.512323045218,0.092841,108756.85,21391.607033895218,0.4720119762321293190830010165
2025-08-31 06:00:00+00:00,11294.512323045218,0.092841,107866.12,21308.910769965218,0.4699629443770178334240273058
2025-09-01 06:00:00+00:00,11294.512323045218,0.092841,110209.32,21526.455801165218,0.4753194660853622360986589528
2025-09-02 06:00:00+00:00,1063.060464052854,0.185557,110685.57,21601.542776542854,0.9507877527522139359101973086
2025-09-03 06:00:00+00:00,1063.060464052854,0.185557,110653.07,21595.512174042854,0.9507740101051819365185366098
2025-09-04 06:00:00+00:00,1063.060464052854,0.185557,111574.5,21766.489960552854,0.9511606847967023807070179496
2025-09-05 06:00:00+00:00,1063.060464052854,0.185557,110714.0,21606.818162052854,0.9507997681065385933179631027
2025-09-06 06:00:00+00:00,1063.060464052854,0.185557,110649.44,21594.838602132854,0.9507724746806925023411560146
2025-09-07 06:00:00+00:00,1063.060464052854,0.185557,111027.16,21664.927192172854,0.9509317315205694066973046994
2025-09-08 06:00:00+00:00,1063.060464052854,0.185557,112200.0,21882.555864052854,0.9514197303707481425841081759
2025-09-09 06:00:00+00:00,1063.060464052854,0.185557,111577.31,21767.011375722854,0.9511618547120113704021989897
2025-09-10 06:00:00+00:00,1063.060464052854,0.185557,114266.0,22265.916626052854,0.9522561553648776989345915623
2025-09-11 06:00:00+00:00,11675.869587198654,0.092558,115612.84,22376.762831918654,0.4782145355473864924774672922
2025-09-12 06:00:00+00:00,11675.869587198654,0.092558,115704.04,22385.204121518654,0.4784112968630575422411529125
2025-09-13 06:00:00+00:00,1105.541712482772,0.183796,115860.01,22400.148110442772,0.9506457855978471324589500685
2025-09-14 06:00:00+00:00,1105.541712482772,0.183796,116520.0,22521.451632482772,0.9509116139348564393780921043
2025-09-15 06:00:00+00:00,11809.853205018069,0.091809,115936.65,22453.881104868069,0.4740395591362752302716625580
2025-09-16 06:00:00+00:00,11809.853205018069,0.091809,117108.3,22561.449119718069,0.4765472225497877697937819437
2025-09-17 06:00:00+00:00,1114.283845174833,0.183021,117273.36,22577.771465734833,0.9506468631385552610216088048
2025-09-18 06:00:00+00:00,1114.283845174833,0.183021,116894.83,22508.492526604833,0.9504949590090158347220849296
2025-09-19 06:00:00+00:00,1114.283845174833,0.183021,115717.49,22293.014582464833,0.9500164573502184505986219566
2025-09-20 06:00:00+00:00,1114.283845174833,0.183021,115663.48,22283.129618254833,0.9499942842740551573878831127
2025-09-21 06:00:00+00:00,1114.283845174833,0.183021,113691.19,21922.159130164833,0.9491708896665392153251647043
2025-09-22 06:00:00+00:00,1114.283845174833,0.183021,112665.44,21734.425339414833,0.9487318469306797217889030721
2025-09-23 06:00:00+00:00,1114.283845174833,0.183021,112636.84,21729.190938814833,0.9487194968136439524462173078
2025-09-24 06:00:00+00:00,1114.283845174833,0.183021,111749.91,21566.864123284833,0.9483335250407690119920760925
2025-09-25 06:00:00+00:00,1114.283845174833,0.183021,109252.79,21109.838723764833,0.9472149522430787140424838469
2025-09-26 06:00:00+00:00,1114.283845174833,0.183021,109635.72,21179.922955294833,0.9473896176333224190835737934
2025-09-27 06:00:00+00:00,1114.283845174833,0.183021,109356.43,21128.807020204833,0.9472623397947041031355319452
2025-09-28 06:00:00+00:00,1114.283845174833,0.183021,111753.34,21567.491885314833,0.9483350288897736074353712875
2025-09-29 06:00:00+00:00,1114.283845174833,0.183021,113904.0,21961.107829174833,0.9492610366543288759869880661
2025-09-30 06:00:00+00:00,1114.283845174833,0.183021,114569.84,22082.970531814833,0.9495410346370978739646242581
2025-10-01 06:00:00+00:00,1114.283845174833,0.183021,118377.34,22779.822989314833,0.9510846135328838124303829546
2025-10-02 06:00:00+00:00,1114.283845174833,0.183021,119920.4,23062.235373574833,0.9516836149174159611325625434
2025-10-03 06:00:00+00:00,1114.283845174833,0.183021,122522.7,23538.510921874833,0.9526612431485924795927573024
2025-10-04 06:00:00+00:00,1114.283845174833,0.183021,125127.99,24015.333702964833,0.9536011508748151119402671172
2025-10-05 06:00:00+00:00,1114.283845174833,0.183021,123586.0,23733.117151174833,0.9530494103207309243878512067
2025-10-06 06:00:00+00:00,1114.283845174833,0.183021,124414.17,23884.689652744833,0.9533473592759544484094439185
2025-10-07 06:00:00+00:00,12524.633141937561,0.091189,121374.01,23592.607739827561,0.4691289203781292606656581589
2025-10-08 06:00:00+00:00,12524.633141937561,0.091189,122100.92,23658.893935817561,0.4706162859550958327012029819
2025-10-09 06:00:00+00:00,12524.633141937561,0.091189,121583.89,23611.746487147561,0.4695592234672255725132355275
2025-10-10 06:00:00+00:00,12524.633141937561,0.091189,112389.48,22773.317433657561,0.4500303621365710923844704385
2025-10-11 06:00:00+00:00,12524.633141937561,0.091189,111700.38,22710.479093757561,0.4485086338235721230388744084
2025-10-12 06:00:00+00:00,12524.633141937561,0.091189,114611.82,22975.970395917561,0.4548812117131307237001376742
2025-10-13 06:00:00+00:00,12524.633141937561,0.091189,112493.11,22782.767349727561,0.4502584804700061149577936587
2025-10-14 06:00:00+00:00,12524.633141937561,0.091189,112431.95,22777.190230487561,0.4501238732610144756309122032
2025-10-15 06:00:00+00:00,12524.633141937561,0.091189,110951.14,22642.156647397561,0.4468445149911497318763163277
2025-10-16 06:00:00+00:00,12524.633141937561,0.091189,108381.76,22407.857454577561,0.4410606561860744942220353447
2025-10-17 06:00:00+00:00,12524.633141937561,0.091189,106812.52,22264.760028217561,0.4374683074929040936328180349
2025-10-18 06:00:00+00:00,12524.633141937561,0.091189,106888.59,22271.696775447561,0.4376435137288334346655098791
2025-10-19 06:00:00+00:00,12524.633141937561,0.091189,111033.79,22649.693418247561,0.4470285795635899744969633258
2025-10-20 06:00:00+00:00,12524.633141937561,0.091189,107537.12,22330.835577617561,0.4391328036783748115198250726
2025-10-21 06:00:00+00:00,12524.633141937561,0.091189,108166.81,22388.256379027561,0.4405713008686935858309771385
2025-10-22 06:00:00+00:00,12524.633141937561,0.091189,108940.58,22458.815691557561,0.4423288692535258881264993793
2025-10-23 06:00:00+00:00,12524.633141937561,0.091189,111261.36,22670.445298977561,0.4475347538717105387521363708
2025-10-24 06:00:00+00:00,12524.633141937561,0.091189,111386.79,22681.883135247561,0.4478133465702268675457456926
2025-10-25 06:00:00+00:00,12524.633141937561,0.091189,111615.32,22702.722557417561,0.4483202131259168064671393963
2025-10-26 06:00:00+00:00,12524.633141937561,0.091189,115556.57,23062.121203667561,0.4569175562243696382350204050
2025-10-27 06:00:00+00:00,12524.633141937561,0.091189,113605.31,22884.187755527561,0.4526948792878917644935220264
2025-10-28 06:00:00+00:00,1129.425674127261,0.191364,113039.1,22761.040006527261,0.9503789952566591091198830988
2025-10-29 06:00:00+00:00,1129.425674127261,0.191364,110248.29,22226.979441687261,0.9491867225103472836698889272
2025-10-30 06:00:00+00:00,11655.569690846097,0.095763,109899.15,22179.841992296097,0.4744971720314996016249793788
2025-10-31 06:00:00+00:00,11655.569690846097,0.095763,110140.79,22202.982163616097,0.4750448563641142753607606133
2025-11-01 06:00:00+00:00,11655.569690846097,0.095763,110497.98,22237.187749586097,0.4758523504815466926757122703
2025-11-02 06:00:00+00:00,11655.569690846097,0.095763,107606.75,21960.314891096097,0.4692439635475401463738952738
2025-11-03 06:00:00+00:00,11655.569690846097,0.095763,104215.76,21635.583515726097,0.4612777749962648784796843535
2025-11-04 06:00:00+00:00,11655.569690846097,0.095763,101824.89,21406.626631916097,0.4555158133384600223024311592
2025-11-05 06:00:00+00:00,11655.569690846097,0.095763,103143.57,21532.907384756097,0.4587089665793349852870135094
2025-11-06 06:00:00+00:00,11655.569690846097,0.095763,102447.47,21466.246760456097,0.4570280580060540995023767603
2025-11-07 06:00:00+00:00,11655.569690846097,0.095763,102304.0,21452.507642846097,0.4566803151922915956585187570
2025-11-08 06:00:00+00:00,11655.569690846097,0.095763,101928.54,21416.552466866097,0.4557681630188321908465040293
2025-11-09 06:00:00+00:00,11655.569690846097,0.095763,106100.0,21816.023990846097,0.4657335499934946780626066837
2025-11-10 06:00:00+00:00,11655.569690846097,0.095763,105249.35,21734.563194896097,0.4637311278662751637313817932
2025-11-11 06:00:00+00:00,11655.569690846097,0.095763,103385.3,21556.056174746097,0.4592902525230413662617186871
2025-11-12 06:00:00+00:00,11655.569690846097,0.095763,103135.84,21532.167136766097,0.4586903576953824501950327324
2025-11-13 06:00:00+00:00,11655.569690846097,0.095763,97523.98,20994.758587586097,0.4448343074667279072198589589
2025-11-14 06:00:00+00:00,11655.569690846097,0.095763,96342.18,20881.585874186097,0.4418254551607231825457163981
2025-11-15 06:00:00+00:00,11655.569690846097,0.095763,95881.82,20837.500419506097,0.4406445371952935830512807297
2025-11-16 06:00:00+00:00,11655.569690846097,0.095763,95122.76,20764.810556726097,0.4386864421900228912632681641
2025-11-17 06:00:00+00:00,11655.569690846097,0.095763,90221.33,20295.434915636097,0.4257048573092482762092195894
2025-11-18 06:00:00+00:00,11655.569690846097,0.095763,90459.99,20318.289713216097,0.4263508466824993569321910149
2025-11-19 06:00:00+00:00,11655.569690846097,0.095763,92616.2,20524.774851446097,0.4321219221547324201092421684
2025-11-20 06:00:00+00:00,11655.569690846097,0.095763,86195.08,19909.869136886097,0.4145833098796033680201288639
2025-11-21 06:00:00+00:00,11655.569690846097,0.095763,84280.92,19726.563432806097,0.4091434257898971437987182644
2025-11-22 06:00:00+00:00,11655.569690846097,0.095763,86358.28,19925.497658486097,0.4150424802121772478690831239
2025-11-23 06:00:00+00:00,11655.569690846097,0.095763,87468.29,20031.795546116097,0.4181465328950025437709950601
2025-11-24 06:00:00+00:00,11655.569690846097,0.095763,88120.82,20094.283776506097,0.4199559526240195938320186265
2025-11-25 06:00:00+00:00,11655.569690846097,0.095763,87519.53,20036.702442236097,0.4182890261285262248742104339
2025-11-26 06:00:00+00:00,8010.023770122897,0.137363,90967.54,20505.597967142897,0.6093738020730854950056557062
2025-11-27 06:00:00+00:00,8202.079131576951,0.135249,91612.09,20592.522691986951,0.6016962441047313492643217255
2025-11-28 06:00:00+00:00,8237.029455393057,0.134867,90747.16,20475.826683113057,0.5977193212820878244925419306
2025-11-29 06:00:00+00:00,8190.324777900745,0.135381,90783.75,20480.719636650745,0.6000958499893743980793129079
2025-11-30 06:00:00+00:00,8190.324777900745,0.135381,86001.08,19833.236989380745,0.5870404421483962577811462497
2025-12-01 06:00:00+00:00,7933.019488265593,0.138369,87008.2,19972.257114065593,0.6027980491659747349856321412
2025-12-02 06:00:00+00:00,13972.749567931633,0.068863,93642.92,20421.281967891633,0.3157751021752220487481896508
2025-12-03 06:00:00+00:00,14294.555962777597,0.065422,92979.25,20377.444456277597,0.2985108611902543605424792507
2025-12-04 06:00:00+00:00,14264.205322671447,0.065748,91932.85,20308.606344471447,0.2976275633726806545918757124
2025-12-05 06:00:00+00:00,14215.969884614027,0.066272,89604.98,20154.271119174027,0.2946423216918283970358122570
2025-12-06 06:00:00+00:00,14107.855529578522,0.067477,89515.01,20148.059859348522,0.2997908668098084136984254704
2025-12-07 06:00:00+00:00,14107.855529578522,0.067477,91334.03,20270.801871888522,0.3040307128084929237279097004
2025-12-08 06:00:00+00:00,14189.493228222982,0.066582,89899.35,20175.171749922982,0.2966853812148018078056957114
2025-12-09 06:00:00+00:00,14122.611177390817,0.067325,92556.28,20353.962728390817,0.3061493053786607900346268103
2025-12-10 06:00:00+00:00,14247.677026989925,0.065972,90316.72,20206.051678829925,0.2948806994333606759531701590
2025-12-11 06:00:00+00:00,14144.129946152205,0.067117,92444.42,20348.722083292205,0.3049131101080016094227813328
2025-12-12 06:00:00+00:00,14244.024765465099,0.066035,90342.91,20209.818827315099,0.2951928521885994355563464897
2025-12-13 06:00:00+00:00,14244.024765465099,0.066035,90199.06,20200.319692565099,0.2948614189156751543074623775
2025-12-14 06:00:00+00:00,14244.024765465099,0.066035,89615.24,20161.767138865099,0.2935130801105516730082889552
2025-12-15 06:00:00+00:00,14244.024765465099,0.066035,86028.11,19924.891009315099,0.2851140435947245311216420263
2025-12-16 06:00:00+00:00,14244.024765465099,0.066035,86626.39,19964.398429115099,0.2865287268214246692377299701
2025-12-17 06:00:00+00:00,14244.024765465099,0.066035,86440.9,19952.149596965099,0.2860907193863591023974870671
2025-12-18 06:00:00+00:00,14244.024765465099,0.066035,87139.95,19998.311363715099,0.2877386242065701353771099350
2025-12-19 06:00:00+00:00,14244.024765465099,0.066035,88295.31,20074.605561315099,0.2904455969528915259988226293
2025-12-20 06:00:00+00:00,14244.024765465099,0.066035,88138.95,20064.280328715099,0.2900804548130396195710314530
2025-12-21 06:00:00+00:00,14244.024765465099,0.066035,88831.34,20110.002302365099,0.2916945233870069509853767270
2025-12-22 06:00:00+00:00,14244.024765465099,0.066035,87765.01,20039.587200815099,0.2892056796017369429527123103
2025-12-23 06:00:00+00:00,14244.024765465099,0.066035,86957.9,19986.289691965099,0.2873102018934764579392690323
2025-12-24 06:00:00+00:00,14244.024765465099,0.066035,87750.55,20038.632334715099,0.2891718093560393345905133581
2025-12-25 06:00:00+00:00,14244.024765465099,0.066035,88996.58,20120.913925765099,0.2920786392696886866272601708
2025-12-26 06:00:00+00:00,14244.024765465099,0.066035,87506.0,20022.483475465099,0.2885985006345858964907126604
2025-12-27 06:00:00+00:00,14244.024765465099,0.066035,87657.93,20032.516173015099,0.2889547851880642069205554420
2025-12-28 06:00:00+00:00,14244.024765465099,0.066035,89984.0,20186.118205465099,0.2943653346085759224473384058
2025-12-29 06:00:00+00:00,14244.024765465099,0.066035,87255.97,20005.972744415099,0.2880113880270338311344330543
2025-12-30 06:00:00+00:00,14244.024765465099,0.066035,88463.09,20085.684913615099,0.2908369902880546325988663528
2025-12-31 06:00:00+00:00,14244.024765465099,0.066035,87704.39,20035.584159115099,0.2890636653094617195576696370
2026-01-01 06:00:00+00:00,14244.024765465099,0.066035,88765.2,20105.634747465099,0.2915406579112866210443805246
2026-01-02 06:00:00+00:00,14244.024765465099,0.066035,90031.1,20189.228453965099,0.2944740410489723927172046347
2026-01-03 06:00:00+00:00,14244.024765465099,0.066035,91480.04,20284.909206865099,0.2978018969567564293067709859
2026-01-04 06:00:00+00:00,14244.024765465099,0.066035,92359.99,20343.016705115099,0.2998076454470223294159504637
2026-01-05 06:00:00+00:00,14244.024765465099,0.066035,93599.99,20424.900105115099,0.3026147157557992545604777273
2026-01-06 06:00:00+00:00,14297.400880482522,0.065464,92529.54,20354.754687042522,0.2975891333348273977590647477
2026-01-07 06:00:00+00:00,14297.400880482522,0.065464,90829.58,20243.468505602522,0.2937277089385341276205836911
2026-01-08 06:00:00+00:00,14170.347001622284,0.066861,91091.82,20260.837178642284,0.3006040729373323437117805771
2026-01-09 06:00:00+00:00,14182.628410707874,0.066726,90603.52,20228.238886227874,0.2988698378303250642446586591
2026-01-10 06:00:00+00:00,14159.766641954722,0.066978,90774.43,20239.656414494722,0.3003949102706041632906696915
2026-01-11 06:00:00+00:00,14167.835062734328,0.066889,92111.86,20329.105266274328,0.3030763096967898637331744451
2026-01-12 06:00:00+00:00,14230.297715316679,0.066210,91920.99,20316.386463216679,0.2995655137255345310494187809
2026-01-13 06:00:00+00:00,14221.461827575879,0.066306,95005.0,20520.863357575879,0.3069754629828667046054289316
2026-01-14 06:00:00+00:00,14364.448253330788,0.064799,96429.71,20612.997031620788,0.3031363546360866202502958610
2026-01-15 06:00:00+00:00,14429.068473104755,0.064128,95660.37,20563.576680464755,0.2983191252515783015498110675
2026-01-16 06:00:00+00:00,14394.490182508421,0.064489,95323.67,20541.818337138421,0.2992592015827530605455628287
2026-01-17 06:00:00+00:00,14379.314013983765,0.064648,95188.55,20533.063394383765,0.2996995266708806329976282687
2026-01-18 06:00:00+00:00,14373.214027737237,0.064712,92511.77,20359.835687977237,0.2940407649642861523437694477
2026-01-19 06:00:00+00:00,14251.773429457626,0.066023,91624.18,20301.076665597626,0.2979794291595972230504882215
2026-01-20 06:00:00+00:00,14210.764173710817,0.066470,89950.04,20189.743332510817,0.2961394337872668773187695567
2026-01-21 06:00:00+00:00,14132.766181987043,0.067336,90026.3,20194.777118787043,0.3001771646769282093040021038
2026-01-22 06:00:00+00:00,14132.766181987043,0.067336,89616.03,20167.151178067043,0.2992185134528443853371396071
2026-01-23 06:00:00+00:00,14117.062987337943,0.067511,89775.2,20177.876514537943,0.3003692446444128569429231375
2026-01-24 06:00:00+00:00,14124.504642193863,0.067428,88990.9,20124.983047393863,0.2981606688099569629665042033
2026-01-25 06:00:00+00:00,14087.525412258708,0.067843,87826.01,20045.905408688708,0.2972367610717845937844990841
2026-01-26 06:00:00+00:00,14032.123096456518,0.068473,88456.3,20088.991326356518,0.3015018589785272507335390654
2026-01-27 06:00:00+00:00,14062.335826801092,0.068131,89084.1,20131.724643901092,0.3014837985546718646817711503
2026-01-28 06:00:00+00:00,14092.229172466212,0.067795,88186.54,20070.835651766212,0.2978753143631012217106226100
2026-01-29 06:00:00+00:00,14049.579706154025,0.068278,82914.19,19710.794770974025,0.2872139419338211921430253831
2026-01-30 06:00:00+00:00,14049.579706154025,0.068278,84000.01,19784.932388934025,0.2898848765330054297578658778
2026-01-31 06:00:00+00:00,14049.579706154025,0.068278,78620.91,19417.658199134025,0.2764534444848453337997145267
2026-02-01 06:00:00+00:00,14049.579706154025,0.068278,75502.1,19204.712089954025,0.2684305997222758207369841195
2026-02-02 06:00:00+00:00,14049.579706154025,0.068278,78240.45,19391.681151254025,0.2754841833171610263927889070
2026-02-03 06:00:00+00:00,14049.579706154025,0.068278,76279.99,19257.824863374025,0.2704482564448610745932719845
2026-02-04 06:00:00+00:00,14049.579706154025,0.068278,70732.72,18879.068362314025,0.2558118103857559778162750942
2026-02-05 06:00:00+00:00,14049.579706154025,0.068278,66408.11,18583.792640734025,0.2439874907257309497250204649
2026-02-06 06:00:00+00:00,13007.345845083043,0.083952,70161.5,18897.544093083043,0.3116912027820564602847925042
2026-02-07 06:00:00+00:00,13227.997219899556,0.080803,69220.52,18821.222897459556,0.2971765282220296284819242982
2026-02-08 06:00:00+00:00,13227.997219899556,0.080803,71044.51,18968.606761429556,0.3026373846919984813312269551
2026-02-09 06:00:00+00:00,13278.018487156141,0.080098,69447.64,18840.635555876141,0.2952457231192020218927598285
2026-02-10 06:00:00+00:00,13278.018487156141,0.080098,67404.28,18676.966506596141,0.2890698560461226115424082787
2026-02-11 06:00:00+00:00,13278.018487156141,0.080098,67141.93,18655.952796296141,0.2882690778574283281014699303
2026-02-12 06:00:00+00:00,13278.018487156141,0.080098,66175.79,18578.566914576141,0.2853044829448799750352829559
2026-02-13 06:00:00+00:00,13278.018487156141,0.080098,68773.42,18786.631882316141,0.2932198506718630333775944771
2026-02-14 06:00:00+00:00,13278.018487156141,0.080098,70267.61,18906.313512936141,0.2976939434506356393950915301
2026-02-15 06:00:00+00:00,13278.018487156141,0.080098,68385.29,18755.543445576141,0.2920483202373952320702860270
2026-02-16 06:00:00+00:00,13278.018487156141,0.080098,68245.71,18744.363366736141,0.2916260623329895651814868220
2026-02-17 06:00:00+00:00,13278.018487156141,0.080098,67654.8,18697.032657556141,0.2898328451178044103088576606
2026-02-18 06:00:00+00:00,13278.018487156141,0.080098,66871.35,18634.279879456141,0.2874412870767897648936834475
2026-02-19 06:00:00+00:00,13278.018487156141,0.080098,67790.1,18707.869916956141,0.2902442369923995351881005733
2026-02-20 06:00:00+00:00,13278.018487156141,0.080098,67851.93,18712.822376296141,0.2904320780613169837727125085
2026-02-21 06:00:00+00:00,13278.018487156141,0.080098,67977.52,18722.881884116141,0.2908133176644797259071962247
2026-02-22 06:00:00+00:00,13278.018487156141,0.080098,65070.9,18490.067435356141,0.2818837176458145054306505279
2026-02-23 06:00:00+00:00,13278.018487156141,0.080098,63104.79,18332.585956576141,0.2757149199459697506903869466
2026-02-24 06:00:00+00:00,13278.018487156141,0.080098,64882.76,18474.997797636141,0.2812979664411623761954461317
2026-02-25 06:00:00+00:00,13278.018487156141,0.080098,68443.81,18760.230780536141,0.2922252054099371844798974732
2026-02-26 06:00:00+00:00,13278.018487156141,0.080098,67724.99,18702.654736176141,0.2900463236658720592500579876
2026-02-27 06:00:00+00:00,13278.018487156141,0.080098,65591.03,18531.728808096141,0.2834981223470504936508151506
2026-02-28 06:00:00+00:00,13278.018487156141,0.080098,67292.09,18667.980311976141,0.2887276360240297189717701115
2026-03-01 06:00:00+00:00,13278.018487156141,0.080098,66730.78,18623.020503596141,0.2870104779945804093731246020
2026-03-02 06:00:00+00:00,13035.804940855391,0.083723,67947.75,18724.594414105391,0.3038137621269162494659352769
2026-03-03 06:00:00+00:00,13107.125189094566,0.082672,68206.59,18745.900397574566,0.3008004464383888239375712867
2026-03-04 06:00:00+00:00,13122.111129612686,0.082452,72412.15,19092.637721412686,0.3127135537225410644122313736
2026-03-05 06:00:00+00:00,13364.593431242051,0.079099,70436.19,18936.025624052051,0.2942239466413327319308961234
2026-03-06 06:00:00+00:00,13255.134367845283,0.080651,68018.26,18740.875055105283,0.2927152905683347802493043199
2026-03-07 06:00:00+00:00,13118.444233487026,0.082658,67149.93,18668.923147427026,0.2973111448425976216839393746
2026-03-08 06:00:00+00:00,13068.218026480003,0.083405,67911.16,18732.348326280003,0.3023716087882944827546685446
2026-03-09 06:00:00+00:00,13112.642003385778,0.082750,69971.34,18902.770388385778,0.3063110996977228857920998972
2026-03-10 06:00:00+00:00,13231.788046610668,0.081045,69510.36,18865.255172810668,0.2986160046390026937267927544
2026-03-11 06:00:00+00:00,13231.788046610668,0.081045,69480.54,18862.838410910668,0.2985261412748401843504698633
2026-03-12 06:00:00+00:00,13231.788046610668,0.081045,71546.29,19030.257119660668,0.3046973583483244899006941870
2026-03-13 06:00:00+00:00,13321.104633905668,0.079795,71013.75,18987.646815155668,0.2984330937063273744682259843
2026-03-14 06:00:00+00:00,13321.104633905668,0.079795,71489.68,19025.623649505668,0.2998334835530196817275806528
2026-03-15 06:00:00+00:00,13321.104633905668,0.079795,74207.49,19242.491298455668,0.3077245338302545494605027920
2026-03-16 06:00:00+00:00,13469.623118512720,0.077791,74036.74,19229.015159852720,0.2995157054826573173861643453
2026-03-17 06:00:00+00:00,13469.623118512720,0.077791,73950.0,19222.267568512720,0.2992698145261068181951432564
2026-03-18 06:00:00+00:00,13469.623118512720,0.077791,70826.54,18979.290491652720,0.2902989116249211897056147672
2026-03-19 06:00:00+00:00,13285.305613398235,0.080390,70606.24,18961.341246998235,0.2993477918920198603845468472
2026-03-20 06:00:00+00:00,13285.305613398235,0.080390,70697.94,18968.713009998235,0.2996200845889928316991970544
2026-03-21 06:00:00+00:00,13285.305613398235,0.080390,69153.41,18844.548243298235,0.2950053542343237948312288678
2026-03-22 06:00:00+00:00,13285.305613398235,0.080390,68899.92,18824.170182198235,0.2942421639408057336607431217
2026-03-23 06:00:00+00:00,13285.305613398235,0.080390,70283.85,18935.424314898235,0.2983888085916581973941538313
2026-03-24 06:00:00+00:00,13285.305613398235,0.080390,71117.66,19002.454300798235,0.3008636988096763935056882607
2026-03-25 06:00:00+00:00,13301.712433917940,0.080159,70016.98,18914.203533737940,0.2967342024108389910849409424
2026-03-26 06:00:00+00:00,13301.712433917940,0.080159,68630.77,18803.086326347940,0.2925782393883479704760048341
2026-03-27 06:00:00+00:00,13301.712433917940,0.080159,66341.9,18619.612796017940,0.2856074624300085365816006546
2026-03-28 06:00:00+00:00,13301.712433917940,0.080159,66771.94,18654.084372377940,0.2869276149723827665550851223
2026-03-29 06:00:00+00:00,13301.712433917940,0.080159,67492.46,18711.840535057940,0.2891285916531699370534217378
2026-03-30 06:00:00+00:00,13301.712433917940,0.080159,67681.68,18727.008221037940,0.2897043522961247605293014746
2026-03-31 06:00:00+00:00,13301.712433917940,0.080159,68456.02,18789.078541097940,0.2920508366164584516365178602
2026-04-01 06:00:00+00:00,13301.712433917940,0.080159,66591.54,18639.623688777940,0.2863744109852234207142731288
2026-04-02 06:00:00+00:00,13301.712433917940,0.080159,66600.35,18640.329889567940,0.2864014471459411821200271337
2026-04-03 06:00:00+00:00,13301.712433917940,0.080159,66916.29,18665.655324027940,0.2873696528192663680142982639
2026-04-04 06:00:00+00:00,13301.712433917940,0.080159,66931.65,18666.886566267940,0.2874166569397360520147260599
2026-04-05 06:00:00+00:00,13301.712433917940,0.080159,69199.31,18848.659924207940,0.2942886928086530428515873247
2026-04-06 06:00:00+00:00,13301.712433917940,0.080159,68669.0,18806.150804917940,0.2926935143772510245905048308
2026-04-07 06:00:00+00:00,13301.712433917940,0.080159,71731.1,19051.605678817940,0.3018062278757363547177296457
2026-04-08 06:00:00+00:00,13336.098601711540,0.079679,70984.0,18992.032737711540,0.2978056227109008372185961243
2026-04-09 06:00:00+00:00,13336.098601711540,0.079679,72127.84,19083.172765071540,0.3011592586888396839724047014
2026-04-10 06:00:00+00:00,13358.213062370596,0.079372,72722.28,19130.325870530596,0.3017257963729556426708007367
2026-04-11 06:00:00+00:00,13391.186056800940,0.078918,71710.2,19050.411620400940,0.2970657892525313551443929419
2026-04-12 06:00:00+00:00,13391.186056800940,0.078918,70878.82,18984.800773560940,0.2946364717479633157242664870
2026-04-13 06:00:00+00:00,13391.186056800940,0.078918,74210.11,19247.699517780940,0.3042708275640825892638598875
2026-04-14 06:00:00+00:00,13473.303977504092,0.077810,74021.5,19232.916892504092,0.2994664276454484546085122551
2026-04-15 06:00:00+00:00,13473.303977504092,0.077810,75043.48,19312.437156304092,0.3023509219235932618638373721
2026-04-16 06:00:00+00:00,13518.721201078426,0.077204,74637.77,19281.055596158426,0.2988599024748464721500987664
2026-04-17 06:00:00+00:00,13518.721201078426,0.077204,77134.66,19473.825491718426,0.3058004341865191780088503091
2026-04-18 06:00:00+00:00,13631.576575018456,0.075739,75545.6,19353.324773418456,0.2956467824204938654968878623
2026-04-19 06:00:00+00:00,13547.233727671256,0.076854,74264.15,19254.730711771256,0.2964205041107512535848291372
2026-04-20 06:00:00+00:00,13547.233727671256,0.076854,75802.0,19372.920635671256,0.3007128877239704167010829503
2026-04-21 06:00:00+00:00,13561.087460375456,0.076671,77994.93,19541.036738405456,0.3060200621944054772833775496
2026-04-22 06:00:00+00:00,13678.628792020892,0.075162,78033.87,19543.810528960892,0.3001043081260285215939524995
2026-04-23 06:00:00+00:00,13678.628792020892,0.075162,77953.48,19537.768255780892,0.2998878575615401049362612488
2026-04-24 06:00:00+00:00,13678.628792020892,0.075162,77510.28,19504.456457380892,0.2986921311080876411216968210
2026-04-25 06:00:00+00:00,13678.628792020892,0.075162,77983.31,19540.010338240892,0.2999681906385151096034546437
2026-04-26 06:00:00+00:00,13678.628792020892,0.075162,77785.54,19525.145549500892,0.2994352458299318811826058649
2026-04-27 06:00:00+00:00,13667.646771379577,0.075303,76885.98,19457.391723319577,0.2975601783768901824701598812
2026-04-28 06:00:00+00:00,13620.146457653040,0.075920,77288.38,19487.880267253040,0.3010965651025677314710918765
2026-04-29 06:00:00+00:00,13641.527510133801,0.075643,75600.09,19360.145118003801,0.2953809267964639673470678290
2026-04-30 06:00:00+00:00,13552.052036655507,0.076825,77165.98,19480.328450155507,0.3043211734683393352783771444
2026-05-01 06:00:00+00:00,13636.130687221890,0.075734,78174.0,19556.560403221890,0.3027336910955274807934134964
2026-05-02 06:00:00+00:00,13689.532190901090,0.075050,78249.42,19562.151161901090,0.3002031280914244216082764359
2026-05-03 06:00:00+00:00,13689.532190901090,0.075050,80027.26,19695.578053901090,0.3049438735214164737066113888
2026-05-04 06:00:00+00:00,13786.798755193044,0.073833,80970.0,19765.056765193044,0.3024660177312478743125476162
2026-05-05 06:00:00+00:00,13835.479322058870,0.073231,81333.0,19791.576245058870,0.3009410089045832641717308142
2026-05-06 06:00:00+00:00,13854.080366224770,0.073002,81088.0,19773.666542224770,0.2993671488977166168064057483
2026-05-07 06:00:00+00:00,13841.576580407170,0.073156,79600.01,19664.794911967170,0.2961240306664084955154999478
2026-05-08 06:00:00+00:00,13765.300340464729,0.074113,80379.49,19722.465482834729,0.3020497182542803925456667600
2026-05-09 06:00:00+00:00,13805.678668809679,0.073610,80700.77,19746.062348509679,0.3008389001743604101678911685
2026-05-10 06:00:00+00:00,13822.281413706151,0.073404,80832.33,19755.697765026151,0.3003394980978109644503991097
2026-05-11 06:00:00+00:00,13828.981776116665,0.073321,81224.03,19784.408879746665,0.3010161759104453937531174135
2026-05-12 06:00:00+00:00,13849.099151406169,0.073073,81019.99,19769.472880676169,0.2994704899318239859055507861
2026-05-13 06:00:00+00:00,13838.633984352169,0.073202,79809.16,19680.824114672169,0.2968468239073694699866676208
2026-05-14 06:00:00+00:00,13776.541659579754,0.073979,80360.01,19721.494839369754,0.3014453634580564449007044053
2026-05-15 06:00:00+00:00,13805.032376985139,0.073624,79027.37,19623.343465865139,0.2964994777266661238831366394
2026-05-16 06:00:00+00:00,13805.032376985139,0.073624,78121.41,19556.643066825139,0.2941001004204412745832734884
2026-05-17 06:00:00+00:00,13805.032376985139,0.073624,76931.4,19469.029770585139,0.2909234543447805997601158029
2026-05-18 06:00:00+00:00,13628.091226331599,0.075921,76911.24,19467.269478371599,0.2999484986082617496638358571
2026-05-19 06:00:00+00:00,13628.091226331599,0.075921,77196.99,19488.963904121599,0.3007277711951901516411385762
2026-05-20 06:00:00+00:00,13642.277006971591,0.075737,77828.0,19536.736242971591,0.3017115634204537243393654219
2026-05-21 06:00:00+00:00,13675.699541119591,0.075307,77489.0,19511.163664119591,0.2990833465115785378769673884
2026-05-22 06:00:00+00:00,13657.853901908591,0.075537,75482.68,19359.589101068591,0.2945173665305366110679367339
2026-05-23 06:00:00+00:00,13551.587286586087,0.076943,76822.23,19462.520129476087,0.3037085024738323460198560075
2026-05-24 06:00:00+00:00,13623.706306021027,0.076003,77407.0,19506.870527021027,0.3015944670802324628122397930
2026-05-25 06:00:00+00:00,13654.783463108053,0.075601,76930.01,19470.769149118053,0.2987034380341076870640144779
2026-05-26 06:00:00+00:00,13629.517620156053,0.075929,75697.99,19377.190302866053,0.2966205416200030716955060991
2026-05-27 06:00:00+00:00,13563.953736416298,0.076794,72990.87,19169.214607196298,0.2924095214978569828971508718
2026-05-28 06:00:00+00:00,13418.293820461215,0.078787,73706.0,19225.368442461215,0.3020527091264724465019037689
2026-05-29 06:00:00+00:00,13457.748878120415,0.078251,73604.99,19217.412950610415,0.2997106888056465529556464706
2026-05-30 06:00:00+00:00,13452.221327383890,0.078326,74055.98,19252.730016863890,0.3012823991402365670719402370
2026-05-31 06:00:00+00:00,13476.923872933032,0.077992,73350.0,19197.637072933032,0.2979904859262965725543129309
2026-06-01 06:00:00+00:00,13438.365066814857,0.078517,70268.96,18955.672999134857,0.2910636795945895302665066004
2026-06-02 06:00:00+00:00,13268.796696431847,0.080927,67330.01,18717.612415701847,0.2911063440281033239763720028
2026-06-03 06:00:00+00:00,13102.140564743847,0.083399,63955.47,18435.962807273847,0.2893161750372786827359846683
2026-06-04 06:00:00+00:00,12904.965647224051,0.086478,62329.35,18295.083176524051,0.2946210999585128925213059857
2026-06-05 06:00:00+00:00,12806.482054694947,0.088056,60942.38,18172.824267974947,0.2952948938562529670402346679
2026-06-06 06:00:00+00:00,12720.868756796304,0.089459,61748.1,18244.792034696304,0.3027671275942800389164245396
2026-06-07 06:00:00+00:00,12771.313047836130,0.088641,62764.0,18334.776771836130,0.3034377671042050441439302014
2026-06-08 06:00:00+00:00,12834.308856633195,0.087636,63338.68,18385.057417113195,0.3019163027096802775307197585
2026-06-09 06:00:00+00:00,12869.542643417766,0.087079,61361.17,18212.811965847766,0.2933797006442262835223669351
2026-06-10 06:00:00+00:00,12748.872638198522,0.089043,62610.0,18323.854868198522,0.3042472378274241759210611151
2026-06-11 06:00:00+00:00,12826.658225306522,0.087799,63358.2,18389.444827106522,0.3024988874922589969228193703
2026-06-12 06:00:00+00:00,12872.596481037362,0.087073,63584.03,18409.048725227362,0.3007462431561151583981990544
2026-06-13 06:00:00+00:00,12886.376278492499,0.086856,64338.0,18474.517606492499,0.3024783351331544219388077580
2026-06-14 06:00:00+00:00,12932.125383239699,0.086144,65858.01,18605.397796679699,0.3049261550565958131548560674
2026-06-15 06:00:00+00:00,13023.680542602899,0.084752,66045.0,18621.126382602899,0.3005965227339581383353622401
2026-06-16 06:00:00+00:00,13034.827635828596,0.084583,65836.3,18603.459398728596,0.2993331317335835581751319365
2026-06-17 06:00:00+00:00,13034.827635828596,0.084583,63994.0,18447.632137828596,0.2934145944346178633207343957
2026-06-18 06:00:00+00:00,12913.209125032996,0.086481,62739.2,18338.957880232996,0.2958591644429397641498619771
2026-06-19 06:00:00+00:00,12837.196004271396,0.087691,63678.07,18421.189640641396,0.3031288285556987720082821443
2026-06-20 06:00:00+00:00,12894.813335660550,0.086785,64256.55,18471.318027410550,0.3019007459822160230914311901
2026-06-21 06:00:00+00:00,12929.915981140734,0.086238,64247.74,18470.512583260734,0.2999698344669262103271484754
2026-06-22 06:00:00+00:00,12929.915981140734,0.086238,63400.0,18397.405181140734,0.2971880624559352925422927012
2026-06-23 06:00:00+00:00,12929.915981140734,0.086238,62890.0,18353.423801140734,0.2955038732153566183488637898
2026-06-24 06:00:00+00:00,12929.915981140734,0.086238,61600.01,18242.177643520734,0.2912076488996812186211574324
2026-06-25 06:00:00+00:00,12929.915981140734,0.086238,59953.3,18100.168666540734,0.2856466578102958513135662889
2026-06-26 06:00:00+00:00,12929.915981140734,0.086238,60236.76,18124.613690020734,0.2866101202333575047781932375
2026-06-27 06:00:00+00:00,12929.915981140734,0.086238,59989.17,18103.262023600734,0.2857687214445467573560586059
2026-06-28 06:00:00+00:00,12929.915981140734,0.086238,60102.8,18113.061247540734,0.2861551228456057677351486632
2026-06-29 06:00:00+00:00,12929.915981140734,0.086238,59652.13,18074.196368080734,0.2846201447730680911473369869
2026-06-30 06:00:00+00:00,12929.915981140734,0.086238,59154.33,18031.267091680734,0.2829169511272816413626780467
2026-07-01 06:00:00+00:00,12929.915981140734,0.086238,60504.54,18147.706501660734,0.2875179031599673073075947561
2026-07-02 06:00:00+00:00,12929.915981140734,0.086238,61700.49,18250.842837760734,0.2915441716264784268462495752
2026-07-03 06:00:00+00:00,12929.915981140734,0.086238,62471.52,18317.334922900734,0.2941158724473902936558956451
2026-07-04 06:00:00+00:00,12822.012499484709,0.087963,62740.5,18340.855100984709,0.3009043237686173533013806196
2026-07-05 06:00:00+00:00,12838.617117882459,0.087698,63114.0,18373.588689882459,0.3012460801981416710113896519
2026-07-06 06:00:00+00:00,12861.497712760578,0.087335,63128.01,18374.782466110578,0.3000462597866611110869904645
2026-07-07 06:00:00+00:00,12861.497712760578,0.087335,62637.88,18331.976962560578,0.2984118549228142369073460895
2026-07-08 06:00:00+00:00,12832.395953271362,0.087799,62589.61,18327.701121661362,0.2998360313664839931248789057
2026-07-09 06:00:00+00:00,12832.395953271362,0.087799,64115.99,18461.715759281362,0.3049185611678557261549207983
2026-07-10 06:00:00+00:00,12923.130217187762,0.086382,64176.01,18466.782313007762,0.3001958869637578035994140606
2026-07-11 06:00:00+00:00,12923.130217187762,0.086382,63959.93,18448.116890447762,0.2994878396569993072035171106
2026-07-12 06:00:00+00:00,12923.130217187762,0.086382,62799.0,18347.833435187762,0.2956590617176859314154638146
2026-07-13 06:00:00+00:00,12923.130217187762,0.086382,62737.0,18342.477751187762,0.2954534064324582141618773705
2026-07-14 06:00:00+00:00,12923.130217187762,0.086382,64944.06,18533.128008107762,0.3027010760658304263648505838
2026-07-15 06:00:00+00:00,12973.136994016424,0.085611,64917.99,18530.831035906424,0.2999160712825607432345667686
2026-07-16 06:00:00+00:00,12973.136994016424,0.085611,62839.76,18352.911687376424,0.2931292203111476306192066386
2026-07-17 06:00:00+00:00,12973.136994016424,0.085611,63967.95,18449.497161466424,0.2968297791274177842130877622
2026-07-18 06:00:00+00:00,12914.594280998234,0.086525,64724.01,18514.839246248234,0.3024733237359762187457084487
2026-07-19 06:00:00+00:00,12960.359301028634,0.085817,64128.0,18463.631877028634,0.2980601331662622893262375914
2026-07-20 06:00:00+00:00,12924.529352990180,0.086375,65751.56,18603.820347990180,0.3052755234552428287962271224
2026-07-21 06:00:00+00:00,13022.568814867376,0.084882,65974.9,18622.650276667376,0.3007134526290510820543873057
2026-07-22 06:00:00+00:00,13035.878419658636,0.084680,65691.01,18598.593146458636,0.2990933068428994732590512014
2026-07-23 06:00:00+00:00,13019.039659130508,0.084936,65325.0,18567.483859130508,0.2988258528778291173627253873
2026-07-24 06:00:00+00:00,12997.258151603679,0.085269,64024.0,18456.520607603679,0.2957904456677985340246156315
2026-07-25 06:00:00+00:00,12919.496080158079,0.086482,64417.69,18490.466746738079,0.3012888069773998693972680359
2026-07-26 06:00:00+00:00,12943.299636853999,0.086112,65468.38,18580.912775413999,0.3034088371600134722027718890
2026-07-27 06:00:00+00:00,13006.590643284607,0.085144,63451.61,18409.114525124607,0.2934700566106360064950445236
2026-07-28 06:00:00+00:00,12886.257044425843,0.087038,64067.32,18462.548442585843,0.3020325940105693843750818200
2026-07-29 06:00:00+00:00,12923.751687461467,0.086452,64033.89,18459.609545741467,0.2998903007435004356360354946
2026-07-30 06:00:00+00:00,12923.751687461467,0.086452,64363.06,18488.066950581467,0.3009679312603850712426059055
2026-07-31 06:00:00+00:00,12941.685636719605,0.086173,63020.0,18372.308096719605,0.2955873824568423915922960979
2026-08-01 06:00:00+00:00,12860.536559883605,0.087459,63453.27,18410.096100813605,0.3014410957194702540046578249
2026-08-02 06:00:00+00:00,12887.088917017436,0.087040,62827.17,18355.565793817436,0.2979192762688854294192372635
2026-08-03 06:00:00+00:00,12848.903247907589,0.087647,63818.48,18442.401564467589,0.3032955494981099489362430123
