timestamp,regime_id,regime_label,regime_probability,is_confirmed,consecutive_bars,is_flickering,trend_gate_raw_state,trend_gate_confirmed_state,trend_gate_cap,strategy_target_allocation_pct,final_allocation_pct
2020-04-27 06:00:00+00:00,1,NEUTRAL,0.98812838225042,True,1,False,BEAR_STRUCTURE,BEAR_STRUCTURE,0.3,0.95,0.3
2020-04-28 06:00:00+00:00,1,NEUTRAL,0.8863513750708243,True,2,False,BEAR_STRUCTURE,BEAR_STRUCTURE,0.3,0.95,0.3
2020-04-29 06:00:00+00:00,1,NEUTRAL,9.605574730592816e-08,False,2,False,TRANSITION,BEAR_STRUCTURE,0.3,0.3378966505492421021780387057,0.3
2020-04-30 06:00:00+00:00,1,NEUTRAL,3.853024649681981e-08,False,2,False,TRANSITION,BEAR_STRUCTURE,0.3,0.2875036607553599262760148600,0.2875036607553599262760148600
2020-05-01 06:00:00+00:00,2,BULL,0.7022024457401531,True,3,False,TRANSITION,BEAR_STRUCTURE,0.3,0.95,0.3
2020-05-02 06:00:00+00:00,2,BULL,0.030766379202300864,False,3,False,TRANSITION,BEAR_STRUCTURE,0.3,0.3065963738773911687403832642,0.3
2020-05-03 06:00:00+00:00,2,BULL,0.0011886603914190185,False,3,False,TRANSITION,TRANSITION,0.6,0.2885061712334932723644730654,0.2885061712334932723644730654
2020-05-04 06:00:00+00:00,4,BEAR,0.9930526418208366,True,3,False,TRANSITION,TRANSITION,0.6,0.95,0.6
2020-05-05 06:00:00+00:00,4,BEAR,0.9999636295649356,True,4,False,TRANSITION,TRANSITION,0.6,0.95,0.6
2020-05-06 06:00:00+00:00,4,BEAR,0.999978496794669,True,5,False,TRANSITION,TRANSITION,0.6,0.95,0.6
2020-05-07 06:00:00+00:00,4,BEAR,0.9999750034430767,True,6,False,TRANSITION,TRANSITION,0.6,0.95,0.6
2020-05-08 06:00:00+00:00,4,BEAR,1.0,True,7,False,TRANSITION,TRANSITION,0.6,0.95,0.6
2020-05-09 06:00:00+00:00,4,BEAR,0.9999998821717851,True,8,False,TRANSITION,TRANSITION,0.6,0.95,0.6
2020-05-10 06:00:00+00:00,4,BEAR,0.9982002354226441,True,9,False,TRANSITION,TRANSITION,0.6,0.95,0.6
2020-05-11 06:00:00+00:00,4,BEAR,0.9955328949253888,True,10,False,TRANSITION,TRANSITION,0.6,0.95,0.6
2020-05-12 06:00:00+00:00,4,BEAR,0.9993519314273998,True,11,False,TRANSITION,TRANSITION,0.6,0.95,0.6
2020-05-13 06:00:00+00:00,4,BEAR,0.20139839786877725,False,11,False,TRANSITION,TRANSITION,0.6,0.6144424258121271901041304098,0.6
2020-05-14 06:00:00+00:00,4,BEAR,0.9377372778738731,True,12,False,BULL_STRUCTURE,TRANSITION,0.6,0.95,0.6
2020-05-15 06:00:00+00:00,4,BEAR,0.750399026115849,True,13,False,BULL_STRUCTURE,TRANSITION,0.6,0.95,0.6
2020-05-16 06:00:00+00:00,4,BEAR,0.028341702836959647,False,13,False,BULL_STRUCTURE,TRANSITION,0.6,0.6009034354110365762291723986,0.6
2020-05-17 06:00:00+00:00,4,BEAR,3.0415979803106205e-08,False,13,False,BULL_STRUCTURE,TRANSITION,0.6,0.6090441906348639341966316420,0.6
2020-05-18 06:00:00+00:00,1,NEUTRAL,1.0,True,3,False,BULL_STRUCTURE,BULL_STRUCTURE,1.0,0.95,0.95
2020-05-19 06:00:00+00:00,1,NEUTRAL,1.0,True,4,False,BULL_STRUCTURE,BULL_STRUCTURE,1.0,0.9511708700681365353041342413,0.9511708700681365353041342413
2020-05-20 06:00:00+00:00,1,NEUTRAL,0.9999999999968168,True,5,False,BULL_STRUCTURE,BULL_STRUCTURE,1.0,0.9499444612717019895524048499,0.9499444612717019895524048499
2020-05-21 06:00:00+00:00,1,NEUTRAL,0.9999999423362186,True,6,False,BULL_STRUCTURE,BULL_STRUCTURE,1.0,0.9475587244101256966451157170,0.9475587244101256966451157170
2020-05-22 06:00:00+00:00,1,NEUTRAL,0.9999999557162492,True,7,False,BULL_STRUCTURE,BULL_STRUCTURE,1.0,0.9487153330659537411524279176,0.9487153330659537411524279176
2020-05-23 06:00:00+00:00,1,NEUTRAL,0.9999987108780384,True,8,False,BULL_STRUCTURE,BULL_STRUCTURE,1.0,0.9484070675444700754274436547,0.9484070675444700754274436547
2020-05-24 06:00:00+00:00,1,NEUTRAL,0.9999265855705308,True,9,False,BULL_STRUCTURE,BULL_STRUCTURE,1.0,0.9460614638948124532053643577,0.9460614638948124532053643577
2020-05-25 06:00:00+00:00,1,NEUTRAL,0.9977847235763815,True,10,False,BULL_STRUCTURE,BULL_STRUCTURE,1.0,0.9469444207353515599257034173,0.9469444207353515599257034173
2020-05-26 06:00:00+00:00,1,NEUTRAL,0.9991613020937526,True,11,False,BULL_STRUCTURE,BULL_STRUCTURE,1.0,0.9466082252138016089738919517,0.9466082252138016089738919517
2020-05-27 06:00:00+00:00,1,NEUTRAL,0.8770569031126123,True,12,False,BULL_STRUCTURE,BULL_STRUCTURE,1.0,0.9482082945050838048519023063,0.9482082945050838048519023063
2020-05-28 06:00:00+00:00,1,NEUTRAL,0.12600334381626693,False,12,False,BULL_STRUCTURE,BULL_STRUCTURE,1.0,0.475,0.475
2020-05-29 06:00:00+00:00,1,NEUTRAL,0.0016420454873624076,False,12,False,BULL_STRUCTURE,BULL_STRUCTURE,1.0,0.4763105606107033974069168779,0.4763105606107033974069168779
2020-05-30 06:00:00+00:00,0,CRASH,0.9998092072343667,True,3,False,BULL_STRUCTURE,BULL_STRUCTURE,1.0,0.4766245551695445118731651138,0.4766245551695445118731651138
2020-05-31 06:00:00+00:00,0,CRASH,0.9993662387010971,True,4,False,BULL_STRUCTURE,BULL_STRUCTURE,1.0,0.4757353191137287960990785644,0.4757353191137287960990785644
2020-06-01 06:00:00+00:00,0,CRASH,0.9999757447034765,True,5,False,BULL_STRUCTURE,BULL_STRUCTURE,1.0,0.4897020296593759867622195031,0.4897020296593759867622195031
2020-06-02 06:00:00+00:00,0,CRASH,0.9999901433242588,True,6,False,BULL_STRUCTURE,BULL_STRUCTURE,1.0,0.4751624818417128415118767858,0.4751624818417128415118767858
2020-06-03 06:00:00+00:00,0,CRASH,0.999921729120762,True,7,False,BULL_STRUCTURE,BULL_STRUCTURE,1.0,0.4784845994098857985260401004,0.4784845994098857985260401004
2020-06-04 06:00:00+00:00,0,CRASH,0.9998443733118473,True,8,False,BULL_STRUCTURE,BULL_STRUCTURE,1.0,0.4822829010577943571740549202,0.4822829010577943571740549202
2020-06-05 06:00:00+00:00,0,CRASH,0.9988588344699144,True,9,False,BULL_STRUCTURE,BULL_STRUCTURE,1.0,0.4778747019721539781775973336,0.4778747019721539781775973336
2020-06-06 06:00:00+00:00,0,CRASH,0.9888172404485397,True,10,False,BULL_STRUCTURE,BULL_STRUCTURE,1.0,0.4792280687176764792278543336,0.4792280687176764792278543336
2020-06-07 06:00:00+00:00,0,CRASH,8.203100825817606e-06,False,10,False,BULL_STRUCTURE,BULL_STRUCTURE,1.0,0.4812881565430441529506301457,0.4812881565430441529506301457
2020-06-08 06:00:00+00:00,0,CRASH,2.657341003376197e-08,False,10,False,BULL_STRUCTURE,BULL_STRUCTURE,1.0,0.4798850080313315168602482796,0.4798850080313315168602482796
2020-06-09 06:00:00+00:00,1,NEUTRAL,0.9999999841679711,True,3,False,BULL_STRUCTURE,BULL_STRUCTURE,1.0,0.95,0.95
2020-06-10 06:00:00+00:00,1,NEUTRAL,0.999999999990905,True,4,False,BULL_STRUCTURE,BULL_STRUCTURE,1.0,0.9511278112823684069345054284,0.9511278112823684069345054284
2020-06-11 06:00:00+00:00,1,NEUTRAL,0.5205890064911637,True,5,False,BULL_STRUCTURE,BULL_STRUCTURE,1.0,0.475,0.475
2020-06-12 06:00:00+00:00,1,NEUTRAL,0.02170037158994278,False,5,False,BULL_STRUCTURE,BULL_STRUCTURE,1.0,0.4760889714462703224818855981,0.4760889714462703224818855981
2020-06-13 06:00:00+00:00,1,NEUTRAL,4.87913078553678e-05,False,5,False,BULL_STRUCTURE,BULL_STRUCTURE,1.0,0.4766019708406576789490497839,0.4766019708406576789490497839
2020-06-14 06:00:00+00:00,0,CRASH,0.9998731926574483,True,3,False,BULL_STRUCTURE,BULL_STRUCTURE,1.0,0.4660234594321952422309845204,0.4660234594321952422309845204
2020-06-15 06:00:00+00:00,0,CRASH,0.9999991137723844,True,4,False,BULL_STRUCTURE,BULL_STRUCTURE,1.0,0.4794108383057733456363017710,0.4794108383057733456363017710
2020-06-16 06:00:00+00:00,0,CRASH,0.9997381865353421,True,5,False,BULL_STRUCTURE,BULL_STRUCTURE,1.0,0.4769666525693923282235136716,0.4769666525693923282235136716
2020-06-17 06:00:00+00:00,0,CRASH,0.9998810471302418,True,6,False,BULL_STRUCTURE,BULL_STRUCTURE,1.0,0.4764159989819928086073692891,0.4764159989819928086073692891
2020-06-18 06:00:00+00:00,0,CRASH,0.9996292704548398,True,7,False,BULL_STRUCTURE,BULL_STRUCTURE,1.0,0.4737794689764479183460842071,0.4737794689764479183460842071
2020-06-19 06:00:00+00:00,0,CRASH,0.9745675034719246,True,8,False,BULL_STRUCTURE,BULL_STRUCTURE,1.0,0.4734097922868385207754825330,0.4734097922868385207754825330
2020-06-20 06:00:00+00:00,0,CRASH,1.6636266562559333e-07,False,8,False,BULL_STRUCTURE,BULL_STRUCTURE,1.0,0.4754095160010538548462582759,0.4754095160010538548462582759
2020-06-21 06:00:00+00:00,0,CRASH,3.1892789389917524e-08,False,8,False,BULL_STRUCTURE,BULL_STRUCTURE,1.0,0.4761175861050955806943494204,0.4761175861050955806943494204
2020-06-22 06:00:00+00:00,1,NEUTRAL,0.9996058176624102,True,3,False,BULL_STRUCTURE,BULL_STRUCTURE,1.0,0.95,0.95
2020-06-23 06:00:00+00:00,1,NEUTRAL,0.9999998500952755,True,4,False,BULL_STRUCTURE,BULL_STRUCTURE,1.0,0.9506873921697399416672384136,0.9506873921697399416672384136
2020-06-24 06:00:00+00:00,1,NEUTRAL,0.3560529279209669,False,4,False,BULL_STRUCTURE,BULL_STRUCTURE,1.0,0.475,0.475
2020-06-25 06:00:00+00:00,1,NEUTRAL,0.004329846213518385,False,4,False,BULL_STRUCTURE,BULL_STRUCTURE,1.0,0.4764416569496360663544390134,0.4764416569496360663544390134
2020-06-26 06:00:00+00:00,0,CRASH,0.998955495281397,True,3,False,BULL_STRUCTURE,BULL_STRUCTURE,1.0,0.4750367272568356606423296079,0.4750367272568356606423296079
2020-06-27 06:00:00+00:00,0,CRASH,0.9588456130100174,True,4,False,BULL_STRUCTURE,BULL_STRUCTURE,1.0,0.4693082755785200467793851438,0.4693082755785200467793851438
2020-06-28 06:00:00+00:00,0,CRASH,0.9932575519688098,True,5,False,BULL_STRUCTURE,BULL_STRUCTURE,1.0,0.4735104719387275480367842769,0.4735104719387275480367842769
2020-06-29 06:00:00+00:00,0,CRASH,0.0003705189923078244,False,5,False,BULL_STRUCTURE,BULL_STRUCTURE,1.0,0.4738931403065058404139682052,0.4738931403065058404139682052
2020-06-30 06:00:00+00:00,0,CRASH,4.025470769659975e-07,False,5,False,BULL_STRUCTURE,BULL_STRUCTURE,1.0,0.4742921620992629589573109423,0.4742921620992629589573109423
2020-07-01 06:00:00+00:00,1,NEUTRAL,0.999999707660706,True,3,False,BULL_STRUCTURE,BULL_STRUCTURE,1.0,0.95,0.95
2020-07-02 06:00:00+00:00,1,NEUTRAL,0.9999999999904503,True,4,False,BULL_STRUCTURE,BULL_STRUCTURE,1.0,0.9500690640946130881230633435,0.9500690640946130881230633435
2020-07-03 06:00:00+00:00,1,NEUTRAL,1.0,True,5,False,BULL_STRUCTURE,BULL_STRUCTURE,1.0,0.9499753099967068729251123735,0.9499753099967068729251123735
2020-07-04 06:00:00+00:00,1,NEUTRAL,0.9999999999986358,True,6,False,BULL_STRUCTURE,BULL_STRUCTURE,1.0,0.9498974103333393729468878035,0.9498974103333393729468878035
2020-07-05 06:00:00+00:00,1,NEUTRAL,0.999999999953161,True,7,False,BULL_STRUCTURE,BULL_STRUCTURE,1.0,0.9500774987846410631256245077,0.9500774987846410631256245077
2020-07-06 06:00:00+00:00,1,NEUTRAL,0.9999997266013826,True,8,False,BULL_STRUCTURE,BULL_STRUCTURE,1.0,0.9509790508990975364335282066,0.9509790508990975364335282066
2020-07-07 06:00:00+00:00,1,NEUTRAL,0.9999999996516635,True,9,False,BULL_STRUCTURE,BULL_STRUCTURE,1.0,0.9508939753184970407855051395,0.9508939753184970407855051395
2020-07-08 06:00:00+00:00,1,NEUTRAL,0.9999999998858584,True,10,False,BULL_STRUCTURE,BULL_STRUCTURE,1.0,0.9514465239171540827447376771,0.9514465239171540827447376771
2020-07-09 06:00:00+00:00,1,NEUTRAL,0.9999660572192577,True,11,False,BULL_STRUCTURE,BULL_STRUCTURE,1.0,0.9502715396497923807359378411,0.9502715396497923807359378411
2020-07-10 06:00:00+00:00,1,NEUTRAL,0.9999882590789494,True,12,False,BULL_STRUCTURE,BULL_STRUCTURE,1.0,0.9508424448586125567368292219,0.9508424448586125567368292219
2020-07-11 06:00:00+00:00,1,NEUTRAL,0.9999999363794834,True,13,False,BULL_STRUCTURE,BULL_STRUCTURE,1.0,0.9508933708909951175805838898,0.9508933708909951175805838898
2020-07-12 06:00:00+00:00,1,NEUTRAL,0.9999998985636063,True,14,False,BULL_STRUCTURE,BULL_STRUCTURE,1.0,0.9509660974342505588683118471,0.9509660974342505588683118471
2020-07-13 06:00:00+00:00,1,NEUTRAL,0.9999999890610526,True,15,False,BULL_STRUCTURE,BULL_STRUCTURE,1.0,0.9504749926597410535071312476,0.9504749926597410535071312476
2020-07-14 06:00:00+00:00,1,NEUTRAL,0.9999999991355253,True,16,False,BULL_STRUCTURE,BULL_STRUCTURE,1.0,0.9507615027588461247721834026,0.9507615027588461247721834026
2020-07-15 06:00:00+00:00,1,NEUTRAL,0.9999999994847713,True,17,False,BULL_STRUCTURE,BULL_STRUCTURE,1.0,0.9505306187633827555404643759,0.9505306187633827555404643759
2020-07-16 06:00:00+00:00,1,NEUTRAL,0.9999999983197085,True,18,False,BULL_STRUCTURE,BULL_STRUCTURE,1.0,0.9500316985325852369317120540,0.9500316985325852369317120540
2020-07-17 06:00:00+00:00,1,NEUTRAL,0.9999999986189323,True,19,False,BULL_STRUCTURE,BULL_STRUCTURE,1.0,0.9502044549393597458286558727,0.9502044549393597458286558727
2020-07-18 06:00:00+00:00,1,NEUTRAL,0.9999999992805897,True,20,False,BULL_STRUCTURE,BULL_STRUCTURE,1.0,0.9502466819918194234763150164,0.9502466819918194234763150164
2020-07-19 06:00:00+00:00,1,NEUTRAL,0.9999999997512532,True,21,False,BULL_STRUCTURE,BULL_STRUCTURE,1.0,0.9505042285837169508266270675,0.9505042285837169508266270675
2020-07-20 06:00:00+00:00,1,NEUTRAL,0.9999999991609911,True,22,False,BULL_STRUCTURE,BULL_STRUCTURE,1.0,0.9504820615991630834206110550,0.9504820615991630834206110550
2020-07-21 06:00:00+00:00,1,NEUTRAL,0.9999743958623282,True,23,False,BULL_STRUCTURE,BULL_STRUCTURE,1.0,0.9512540680394754338537360917,0.9512540680394754338537360917
2020-07-22 06:00:00+00:00,1,NEUTRAL,0.9999860981467897,True,24,False,BULL_STRUCTURE,BULL_STRUCTURE,1.0,0.9519730490510128624823157964,0.9519730490510128624823157964
2020-07-23 06:00:00+00:00,1,NEUTRAL,0.9999983987712854,True,25,False,BULL_STRUCTURE,BULL_STRUCTURE,1.0,0.9522512995922246164123622443,0.9522512995922246164123622443
2020-07-24 06:00:00+00:00,1,NEUTRAL,0.9999973320672444,True,26,False,BULL_STRUCTURE,BULL_STRUCTURE,1.0,0.9524387643738604578755130292,0.9524387643738604578755130292
2020-07-25 06:00:00+00:00,1,NEUTRAL,0.9999997630725656,True,27,False,BULL_STRUCTURE,BULL_STRUCTURE,1.0,0.9528639980175341906416607390,0.9528639980175341906416607390
2020-07-26 06:00:00+00:00,1,NEUTRAL,4.7543439213188994e-11,False,27,False,BULL_STRUCTURE,BULL_STRUCTURE,1.0,0.475,0.475
2020-07-27 06:00:00+00:00,1,NEUTRAL,2.016833069895416e-17,False,27,False,BULL_STRUCTURE,BULL_STRUCTURE,1.0,0.4893488599707532233046320891,0.4893488599707532233046320891
2020-07-28 06:00:00+00:00,1,NEUTRAL,1.4794447670997951e-08,False,27,False,BULL_STRUCTURE,BULL_STRUCTURE,1.0,0.4909154089093214388319738806,0.4909154089093214388319738806
2020-07-29 06:00:00+00:00,1,NEUTRAL,1.0059919495071508e-10,False,27,False,BULL_STRUCTURE,BULL_STRUCTURE,1.0,0.4917744672764516278476286073,0.4917744672764516278476286073
2020-07-30 06:00:00+00:00,1,NEUTRAL,3.608328982564395e-14,False,27,False,BULL_STRUCTURE,BULL_STRUCTURE,1.0,0.4928918316962293912263612727,0.4928918316962293912263612727
2020-07-31 06:00:00+00:00,4,BEAR,0.9998459830232812,True,3,False,BULL_STRUCTURE,BULL_STRUCTURE,1.0,0.95,0.95
2020-08-01 06:00:00+00:00,4,BEAR,0.1511619672193565,False,3,False,BULL_STRUCTURE,BULL_STRUCTURE,1.0,0.475,0.475
2020-08-02 06:00:00+00:00,4,BEAR,0.1551859836464281,False,3,False,BULL_STRUCTURE,BULL_STRUCTURE,1.0,0.4741422823149446886340550815,0.4741422823149446886340550815
2020-08-03 06:00:00+00:00,2,BULL,0.756031224758323,True,3,False,BULL_STRUCTURE,BULL_STRUCTURE,1.0,0.95,0.95
2020-08-04 06:00:00+00:00,2,BULL,0.716637200192255,True,4,False,BULL_STRUCTURE,BULL_STRUCTURE,1.0,0.9506596379617640211437824387,0.9506596379617640211437824387
2020-08-05 06:00:00+00:00,2,BULL,0.9999984490835435,True,5,False,BULL_STRUCTURE,BULL_STRUCTURE,1.0,0.9519935529588810334953747474,0.9519935529588810334953747474
2020-08-06 06:00:00+00:00,2,BULL,0.9999999999718057,True,6,False,BULL_STRUCTURE,BULL_STRUCTURE,1.0,0.9526130541750425820167016527,0.9526130541750425820167016527
2020-08-07 06:00:00+00:00,2,BULL,0.9999999999881766,True,7,False,BULL_STRUCTURE,BULL_STRUCTURE,1.0,0.9519369570979531027485183637,0.9519369570979531027485183637
2020-08-08 06:00:00+00:00,2,BULL,0.9999999999017746,True,8,False,BULL_STRUCTURE,BULL_STRUCTURE,1.0,0.9520516235974619731705970941,0.9520516235974619731705970941
2020-08-09 06:00:00+00:00,2,BULL,0.9999999999299689,True,9,False,BULL_STRUCTURE,BULL_STRUCTURE,1.0,0.9532644335667880281027157579,0.9532644335667880281027157579
2020-08-10 06:00:00+00:00,2,BULL,0.9999999995961844,True,10,False,BULL_STRUCTURE,BULL_STRUCTURE,1.0,0.9528766363592244949422984166,0.9528766363592244949422984166
2020-08-11 06:00:00+00:00,2,BULL,0.9996916038826559,True,11,False,BULL_STRUCTURE,BULL_STRUCTURE,1.0,0.9505141183587016480755090155,0.9505141183587016480755090155
2020-08-12 06:00:00+00:00,2,BULL,0.9981590907626947,True,12,False,BULL_STRUCTURE,BULL_STRUCTURE,1.0,0.9516374862373209412744193091,0.9516374862373209412744193091
2020-08-13 06:00:00+00:00,2,BULL,0.9735518939262564,True,13,False,BULL_STRUCTURE,BULL_STRUCTURE,1.0,0.9523547558807717614581968994,0.9523547558807717614581968994
2020-08-14 06:00:00+00:00,2,BULL,0.14213235102664232,False,13,False,BULL_STRUCTURE,BULL_STRUCTURE,1.0,0.475,0.475
2020-08-15 06:00:00+00:00,2,BULL,0.00010435997740125139,False,13,False,BULL_STRUCTURE,BULL_STRUCTURE,1.0,0.4754950533621649765979893194,0.4754950533621649765979893194
2020-08-16 06:00:00+00:00,1,NEUTRAL,0.9999981680274187,True,3,False,BULL_STRUCTURE,BULL_STRUCTURE,1.0,0.95,0.95
2020-08-17 06:00:00+00:00,1,NEUTRAL,0.9998203892394125,True,4,False,BULL_STRUCTURE,BULL_STRUCTURE,1.0,0.9522215066731951620167057475,0.9522215066731951620167057475
2020-08-18 06:00:00+00:00,1,NEUTRAL,0.9999999947112883,True,5,False,BULL_STRUCTURE,BULL_STRUCTURE,1.0,0.9502332931256530369473216748,0.9502332931256530369473216748
2020-08-19 06:00:00+00:00,1,NEUTRAL,0.9999999997535269,True,6,False,BULL_STRUCTURE,BULL_STRUCTURE,1.0,0.9501710711991986582536181390,0.9501710711991986582536181390
2020-08-20 06:00:00+00:00,1,NEUTRAL,0.9999999996807674,True,7,False,BULL_STRUCTURE,BULL_STRUCTURE,1.0,0.9507830977834635234997614191,0.9507830977834635234997614191
2020-08-21 06:00:00+00:00,1,NEUTRAL,0.9999999409410538,True,8,False,BULL_STRUCTURE,BULL_STRUCTURE,1.0,0.9492439699811663577904767194,0.9492439699811663577904767194
2020-08-22 06:00:00+00:00,1,NEUTRAL,0.9999999904939614,True,9,False,BULL_STRUCTURE,BULL_STRUCTURE,1.0,0.9496883634493100068127939348,0.9496883634493100068127939348
2020-08-23 06:00:00+00:00,1,NEUTRAL,0.999999999742613,True,10,False,BULL_STRUCTURE,BULL_STRUCTURE,1.0,0.9500059313872640375370432131,0.9500059313872640375370432131
2020-08-24 06:00:00+00:00,1,NEUTRAL,0.9999999991769073,True,11,False,BULL_STRUCTURE,BULL_STRUCTURE,1.0,0.9500454270899465375830044177,0.9500454270899465375830044177
2020-08-25 06:00:00+00:00,1,NEUTRAL,0.9999997786271951,True,12,False,BULL_STRUCTURE,BULL_STRUCTURE,1.0,0.9487710408548972754184204655,0.9487710408548972754184204655
2020-08-26 06:00:00+00:00,1,NEUTRAL,0.9999999453330034,True,13,False,BULL_STRUCTURE,BULL_STRUCTURE,1.0,0.9487319890404273005667142935,0.9487319890404273005667142935
2020-08-27 06:00:00+00:00,1,NEUTRAL,0.9999994473466067,True,14,False,BULL_STRUCTURE,BULL_STRUCTURE,1.0,0.9489392401186549323016400475,0.9489392401186549323016400475
2020-08-28 06:00:00+00:00,1,NEUTRAL,0.9999539470436494,True,15,False,BULL_STRUCTURE,BULL_STRUCTURE,1.0,0.9493934301517097270287630677,0.9493934301517097270287630677
2020-08-29 06:00:00+00:00,1,NEUTRAL,0.9937844564233107,True,16,False,BULL_STRUCTURE,BULL_STRUCTURE,1.0,0.9497395670667202501821361442,0.9497395670667202501821361442
2020-08-30 06:00:00+00:00,1,NEUTRAL,0.9999999719530028,True,17,False,BULL_STRUCTURE,BULL_STRUCTURE,1.0,0.9500578329492391127761024511,0.9500578329492391127761024511
2020-08-31 06:00:00+00:00,1,NEUTRAL,0.9999998444091155,True,18,False,BULL_STRUCTURE,BULL_STRUCTURE,1.0,0.9505669987965690314451696890,0.9505669987965690314451696890
2020-09-01 06:00:00+00:00,1,NEUTRAL,0.9999998018102102,True,19,False,BULL_STRUCTURE,BULL_STRUCTURE,1.0,0.9508600662852910883200623279,0.9508600662852910883200623279
2020-09-02 06:00:00+00:00,1,NEUTRAL,3.49709501860169e-06,False,19,False,BULL_STRUCTURE,BULL_STRUCTURE,1.0,0.475,0.475
2020-09-03 06:00:00+00:00,1,NEUTRAL,1.0845048797966492e-10,False,19,False,BULL_STRUCTURE,BULL_STRUCTURE,1.0,0.4523227765717631636717829677,0.4523227765717631636717829677
2020-09-04 06:00:00+00:00,0,CRASH,0.9999880511727421,True,3,False,BULL_STRUCTURE,BULL_STRUCTURE,1.0,0.4551845168226103275573366025,0.4551845168226103275573366025
2020-09-05 06:00:00+00:00,0,CRASH,0.9999989091617446,True,4,False,BULL_STRUCTURE,BULL_STRUCTURE,1.0,0.4482940127325116765825831106,0.4482940127325116765825831106
2020-09-06 06:00:00+00:00,0,CRASH,0.9978440033344687,True,5,False,BULL_STRUCTURE,BULL_STRUCTURE,1.0,0.4479931722463876607744294034,0.4479931722463876607744294034
2020-09-07 06:00:00+00:00,0,CRASH,0.9993429205278398,True,6,False,BULL_STRUCTURE,BULL_STRUCTURE,1.0,0.4509641373594813776854769462,0.4509641373594813776854769462
2020-09-08 06:00:00+00:00,0,CRASH,9.509384074686772e-08,False,6,False,BULL_STRUCTURE,BULL_STRUCTURE,1.0,0.4475937465319817482180616243,0.4475937465319817482180616243
2020-09-09 06:00:00+00:00,0,CRASH,5.768654519533349e-07,False,6,False,BULL_STRUCTURE,BULL_STRUCTURE,1.0,0.4545059457433850487776346150,0.4545059457433850487776346150
2020-09-10 06:00:00+00:00,1,NEUTRAL,0.9999999999845386,True,3,False,BULL_STRUCTURE,BULL_STRUCTURE,1.0,0.95,0.95
2020-09-11 06:00:00+00:00,1,NEUTRAL,0.9999999996452971,True,4,False,BULL_STRUCTURE,BULL_STRUCTURE,1.0,0.9509507489769113532371713625,0.9509507489769113532371713625
2020-09-12 06:00:00+00:00,1,NEUTRAL,0.9999999997889972,True,5,False,BULL_STRUCTURE,BULL_STRUCTURE,1.0,0.9517225832247873159340364819,0.9517225832247873159340364819
2020-09-13 06:00:00+00:00,1,NEUTRAL,0.999999999742613,True,6,False,BULL_STRUCTURE,BULL_STRUCTURE,1.0,0.9508566389923794335723687894,0.9508566389923794335723687894
2020-09-14 06:00:00+00:00,1,NEUTRAL,0.9999999974752427,True,7,False,BULL_STRUCTURE,BULL_STRUCTURE,1.0,0.9526185750159599715393830786,0.9526185750159599715393830786
2020-09-15 06:00:00+00:00,1,NEUTRAL,0.9999999969140845,True,8,False,BULL_STRUCTURE,BULL_STRUCTURE,1.0,0.9527430420930010503184379678,0.9527430420930010503184379678
2020-09-16 06:00:00+00:00,1,NEUTRAL,0.9999999387837325,True,9,False,BULL_STRUCTURE,BULL_STRUCTURE,1.0,0.9533332067202296600488511350,0.9533332067202296600488511350
2020-09-17 06:00:00+00:00,1,NEUTRAL,0.9999984192667158,True,10,False,BULL_STRUCTURE,BULL_STRUCTURE,1.0,0.9533810105920671976613929984,0.9533810105920671976613929984
2020-09-18 06:00:00+00:00,1,NEUTRAL,0.9999997759851136,True,11,False,BULL_STRUCTURE,BULL_STRUCTURE,1.0,0.9534093859190277707705250440,0.9534093859190277707705250440
2020-09-19 06:00:00+00:00,1,NEUTRAL,0.999999999998181,True,12,False,BULL_STRUCTURE,BULL_STRUCTURE,1.0,0.9534862076911239934137344071,0.9534862076911239934137344071
2020-09-20 06:00:00+00:00,1,NEUTRAL,0.9999999999936335,True,13,False,BULL_STRUCTURE,BULL_STRUCTURE,1.0,0.9535160324258255496068356810,0.9535160324258255496068356810
2020-09-21 06:00:00+00:00,1,NEUTRAL,0.999787401229256,True,14,False,BULL_STRUCTURE,BULL_STRUCTURE,1.0,0.9514101996392785689310542062,0.9514101996392785689310542062
2020-09-22 06:00:00+00:00,1,NEUTRAL,0.9999838289748039,True,15,False,BULL_STRUCTURE,BULL_STRUCTURE,1.0,0.9514614489825330393293414626,0.9514614489825330393293414626
2020-09-23 06:00:00+00:00,1,NEUTRAL,0.9935624121146177,True,16,False,BULL_STRUCTURE,BULL_STRUCTURE,1.0,0.9506382074778776010287848608,0.9506382074778776010287848608
2020-09-24 06:00:00+00:00,1,NEUTRAL,0.7252914573907449,True,17,False,BULL_STRUCTURE,BULL_STRUCTURE,1.0,0.9522239553672200631604588300,0.9522239553672200631604588300
2020-09-25 06:00:00+00:00,1,NEUTRAL,0.7374527238220175,True,18,False,BULL_STRUCTURE,BULL_STRUCTURE,1.0,0.9525558846360128739664019931,0.9525558846360128739664019931
2020-09-26 06:00:00+00:00,1,NEUTRAL,0.9997735415869206,True,19,False,BULL_STRUCTURE,BULL_STRUCTURE,1.0,0.9527737019332264972689370049,0.9527737019332264972689370049
2020-09-27 06:00:00+00:00,1,NEUTRAL,0.9999983253478983,True,20,False,BULL_STRUCTURE,BULL_STRUCTURE,1.0,0.9531897382195353881592509053,0.9531897382195353881592509053
2020-09-28 06:00:00+00:00,1,NEUTRAL,0.9999999784822651,True,21,False,BULL_STRUCTURE,BULL_STRUCTURE,1.0,0.9523601460545886935828108496,0.9523601460545886935828108496
2020-09-29 06:00:00+00:00,1,NEUTRAL,0.999999999998181,True,22,False,BULL_STRUCTURE,BULL_STRUCTURE,1.0,0.9524355949005142073086119414,0.9524355949005142073086119414
2020-09-30 06:00:00+00:00,1,NEUTRAL,1.0,True,23,False,BULL_STRUCTURE,BULL_STRUCTURE,1.0,0.9529483359840541893483857709,0.9529483359840541893483857709
2020-10-01 06:00:00+00:00,1,NEUTRAL,0.9999998061093908,True,24,False,BULL_STRUCTURE,BULL_STRUCTURE,1.0,0.9513300413010626646403114649,0.9513300413010626646403114649
2020-10-02 06:00:00+00:00,1,NEUTRAL,0.9999997468631002,True,25,False,BULL_STRUCTURE,BULL_STRUCTURE,1.0,0.9517411593303317058916881483,0.9517411593303317058916881483
2020-10-03 06:00:00+00:00,1,NEUTRAL,0.9999998069343023,True,26,False,BULL_STRUCTURE,BULL_STRUCTURE,1.0,0.9518510147612089278246242072,0.9518510147612089278246242072
2020-10-04 06:00:00+00:00,1,NEUTRAL,0.9999911210128094,True,27,False,BULL_STRUCTURE,BULL_STRUCTURE,1.0,0.9523437438656712490038372156,0.9523437438656712490038372156
2020-10-05 06:00:00+00:00,1,NEUTRAL,0.9999981077052948,True,28,False,BULL_STRUCTURE,BULL_STRUCTURE,1.0,0.9526326050345953983955887554,0.9526326050345953983955887554
2020-10-06 06:00:00+00:00,1,NEUTRAL,0.9999999999627107,True,29,False,BULL_STRUCTURE,BULL_STRUCTURE,1.0,0.9520442798954218990400221738,0.9520442798954218990400221738
2020-10-07 06:00:00+00:00,1,NEUTRAL,1.0,True,30,False,BULL_STRUCTURE,BULL_STRUCTURE,1.0,0.9520763256837722621425058126,0.9520763256837722621425058126
2020-10-08 06:00:00+00:00,1,NEUTRAL,1.0,True,31,False,BULL_STRUCTURE,BULL_STRUCTURE,1.0,0.9531196266296830029977254096,0.9531196266296830029977254096
2020-10-09 06:00:00+00:00,1,NEUTRAL,0.999999997852683,True,32,False,BULL_STRUCTURE,BULL_STRUCTURE,1.0,0.9551255193461725328094341084,0.9551255193461725328094341084
2020-10-10 06:00:00+00:00,1,NEUTRAL,0.9999999996134648,True,33,False,BULL_STRUCTURE,BULL_STRUCTURE,1.0,0.9549967798421001869919106127,0.9549967798421001869919106127
2020-10-11 06:00:00+00:00,1,NEUTRAL,0.9999999886786101,True,34,False,BULL_STRUCTURE,BULL_STRUCTURE,1.0,0.9552296025455782046742497048,0.9552296025455782046742497048
2020-10-12 06:00:00+00:00,1,NEUTRAL,0.9999998697549102,True,35,False,BULL_STRUCTURE,BULL_STRUCTURE,1.0,0.9556316476504922796002939620,0.9556316476504922796002939620
2020-10-13 06:00:00+00:00,1,NEUTRAL,0.9999987195141342,True,36,False,BULL_STRUCTURE,BULL_STRUCTURE,1.0,0.9552731901248697612138013295,0.9552731901248697612138013295
2020-10-14 06:00:00+00:00,1,NEUTRAL,0.9999797245873228,True,37,False,BULL_STRUCTURE,BULL_STRUCTURE,1.0,0.9552456157620098609174580331,0.9552456157620098609174580331
2020-10-15 06:00:00+00:00,1,NEUTRAL,0.9995214336144652,True,38,False,BULL_STRUCTURE,BULL_STRUCTURE,1.0,0.9550192091847734672646253272,0.9550192091847734672646253272
2020-10-16 06:00:00+00:00,1,NEUTRAL,0.9986247203644074,True,39,False,BULL_STRUCTURE,BULL_STRUCTURE,1.0,0.9550423349550154586569836810,0.9550423349550154586569836810
2020-10-17 06:00:00+00:00,1,NEUTRAL,0.9574876235042887,True,40,False,BULL_STRUCTURE,BULL_STRUCTURE,1.0,0.9551982555074082904457768384,0.9551982555074082904457768384
2020-10-18 06:00:00+00:00,1,NEUTRAL,0.0532366393168529,False,40,False,BULL_STRUCTURE,BULL_STRUCTURE,1.0,0.475,0.475
2020-10-19 06:00:00+00:00,1,NEUTRAL,0.0024539758456668045,False,40,False,BULL_STRUCTURE,BULL_STRUCTURE,1.0,0.4820406999087989661652951019,0.4820406999087989661652951019
2020-10-20 06:00:00+00:00,1,NEUTRAL,1.9553274632507873e-06,False,40,False,BULL_STRUCTURE,BULL_STRUCTURE,1.0,0.4919069158983031572226797758,0.4919069158983031572226797758
2020-10-21 06:00:00+00:00,1,NEUTRAL,9.586569604992351e-09,False,40,False,BULL_STRUCTURE,BULL_STRUCTURE,1.0,0.5025713784560931578100016937,0.5025713784560931578100016937
2020-10-22 06:00:00+00:00,2,BULL,0.9937046915744736,True,3,False,BULL_STRUCTURE,BULL_STRUCTURE,1.0,0.95,0.95
2020-10-23 06:00:00+00:00,2,BULL,0.9999370620196517,True,4,False,BULL_STRUCTURE,BULL_STRUCTURE,1.0,0.9504628017416585497115275500,0.9504628017416585497115275500
2020-10-24 06:00:00+00:00,2,BULL,0.9999998192697767,True,5,False,BULL_STRUCTURE,BULL_STRUCTURE,1.0,0.9504259130642826986397378386,0.9504259130642826986397378386
2020-10-25 06:00:00+00:00,2,BULL,0.9999999999372449,True,6,False,BULL_STRUCTURE,BULL_STRUCTURE,1.0,0.9509615121903642650405542401,0.9509615121903642650405542401
2020-10-26 06:00:00+00:00,3,BEAR,0.9999999998267413,True,1,False,BULL_STRUCTURE,BULL_STRUCTURE,1.0,0.9509088552597034685091882219,0.9509088552597034685091882219
2020-10-27 06:00:00+00:00,3,BEAR,0.9999999727638172,True,2,False,BULL_STRUCTURE,BULL_STRUCTURE,1.0,0.9530893724545682100974285246,0.9530893724545682100974285246
2020-10-28 06:00:00+00:00,3,BEAR,0.9999746120027806,True,3,False,BULL_STRUCTURE,BULL_STRUCTURE,1.0,0.9515987069480304882738792027,0.9515987069480304882738792027
2020-10-29 06:00:00+00:00,3,BEAR,0.9999459091564351,True,4,False,BULL_STRUCTURE,BULL_STRUCTURE,1.0,0.9512380360077424029978972327,0.9512380360077424029978972327
2020-10-30 06:00:00+00:00,3,BEAR,0.9999950584482798,True,5,False,BULL_STRUCTURE,BULL_STRUCTURE,1.0,0.9522432949906501727909839205,0.9522432949906501727909839205
2020-10-31 06:00:00+00:00,3,BEAR,0.9999999472497635,True,6,False,BULL_STRUCTURE,BULL_STRUCTURE,1.0,0.9529907467922756800723443577,0.9529907467922756800723443577
2020-11-01 06:00:00+00:00,3,BEAR,0.9999967188004292,True,7,False,BULL_STRUCTURE,BULL_STRUCTURE,1.0,0.9529531720106306889139909024,0.9529531720106306889139909024
2020-11-02 06:00:00+00:00,3,BEAR,0.9999992297246774,True,8,False,BULL_STRUCTURE,BULL_STRUCTURE,1.0,0.9519000778665598210033821854,0.9519000778665598210033821854
2020-11-03 06:00:00+00:00,3,BEAR,0.9999987975718748,True,9,False,BULL_STRUCTURE,BULL_STRUCTURE,1.0,0.9533111130612940717107775302,0.9533111130612940717107775302
2020-11-04 06:00:00+00:00,3,BEAR,0.999885549518015,True,10,False,BULL_STRUCTURE,BULL_STRUCTURE,1.0,0.9549300125423812073222503453,0.9549300125423812073222503453
2020-11-05 06:00:00+00:00,3,BEAR,5.678499867544398e-08,False,10,False,BULL_STRUCTURE,BULL_STRUCTURE,1.0,0.475,0.475
2020-11-06 06:00:00+00:00,3,BEAR,2.6761139488174997e-06,False,10,False,BULL_STRUCTURE,BULL_STRUCTURE,1.0,0.4741127716359965791218518259,0.4741127716359965791218518259
2020-11-07 06:00:00+00:00,0,EUPHORIA,0.9999999847241271,True,3,False,BULL_STRUCTURE,BULL_STRUCTURE,1.0,0.4658736329923600524818806039,0.4658736329923600524818806039
2020-11-08 06:00:00+00:00,0,EUPHORIA,0.9999997832510652,True,4,False,BULL_STRUCTURE,BULL_STRUCTURE,1.0,0.4726821331409362239946159331,0.4726821331409362239946159331
2020-11-09 06:00:00+00:00,0,EUPHORIA,0.9999998884841323,True,5,False,BULL_STRUCTURE,BULL_STRUCTURE,1.0,0.4709387060135805186435907691,0.4709387060135805186435907691
2020-11-10 06:00:00+00:00,0,EUPHORIA,0.9999999999995453,True,6,False,BULL_STRUCTURE,BULL_STRUCTURE,1.0,0.4712034991614638815105660687,0.4712034991614638815105660687
2020-11-11 06:00:00+00:00,0,EUPHORIA,1.0,True,7,False,BULL_STRUCTURE,BULL_STRUCTURE,1.0,0.4771913204948515167275890062,0.4771913204948515167275890062
2020-11-12 06:00:00+00:00,0,EUPHORIA,1.0,True,8,False,BULL_STRUCTURE,BULL_STRUCTURE,1.0,0.4847778983417180600129992304,0.4847778983417180600129992304
2020-11-13 06:00:00+00:00,0,EUPHORIA,1.0,True,9,False,BULL_STRUCTURE,BULL_STRUCTURE,1.0,0.4837267667566441920893537697,0.4837267667566441920893537697
2020-11-14 06:00:00+00:00,0,EUPHORIA,0.9999999999831743,True,10,False,BULL_STRUCTURE,BULL_STRUCTURE,1.0,0.4814656023497611693011449960,0.4814656023497611693011449960
2020-11-15 06:00:00+00:00,0,EUPHORIA,0.9999190834502895,True,11,False,BULL_STRUCTURE,BULL_STRUCTURE,1.0,0.4828456301057527362214379169,0.4828456301057527362214379169
2020-11-16 06:00:00+00:00,0,EUPHORIA,0.9999542785701775,True,12,False,BULL_STRUCTURE,BULL_STRUCTURE,1.0,0.4906480188814419938268000409,0.4906480188814419938268000409
2020-11-17 06:00:00+00:00,0,EUPHORIA,0.9999999811357159,True,13,False,BULL_STRUCTURE,BULL_STRUCTURE,1.0,0.5053046389685411786611429528,0.5053046389685411786611429528
2020-11-18 06:00:00+00:00,0,EUPHORIA,0.999999971364105,True,14,False,BULL_STRUCTURE,BULL_STRUCTURE,1.0,0.5091257348447903444090090450,0.5091257348447903444090090450
2020-11-19 06:00:00+00:00,0,EUPHORIA,0.9999966983186759,True,15,False,BULL_STRUCTURE,BULL_STRUCTURE,1.0,0.5123874216821662401078416131,0.5123874216821662401078416131
2020-11-20 06:00:00+00:00,0,EUPHORIA,0.9999995391454984,True,16,False,BULL_STRUCTURE,BULL_STRUCTURE,1.0,0.5194824620716774724921267593,0.5194824620716774724921267593
2020-11-21 06:00:00+00:00,0,EUPHORIA,0.9999877239518806,True,17,False,BULL_STRUCTURE,BULL_STRUCTURE,1.0,0.5176672231680983024636642956,0.5176672231680983024636642956
2020-11-22 06:00:00+00:00,0,EUPHORIA,0.9966854192956102,True,18,False,BULL_STRUCTURE,BULL_STRUCTURE,1.0,0.5165989502119041550967115680,0.5165989502119041550967115680
2020-11-23 06:00:00+00:00,0,EUPHORIA,0.9996863798837313,True,19,False,BULL_STRUCTURE,BULL_STRUCTURE,1.0,0.5150243801930049629583910806,0.5150243801930049629583910806
2020-11-24 06:00:00+00:00,0,EUPHORIA,0.9999999990322976,True,20,False,BULL_STRUCTURE,BULL_STRUCTURE,1.0,0.5225019157972217464601638127,0.5225019157972217464601638127
2020-11-25 06:00:00+00:00,0,EUPHORIA,0.9999999519768619,True,21,False,BULL_STRUCTURE,BULL_STRUCTURE,1.0,0.5096277112896227314765334267,0.5096277112896227314765334267
2020-11-26 06:00:00+00:00,0,EUPHORIA,0.999999999227839,True,22,False,BULL_STRUCTURE,BULL_STRUCTURE,1.0,0.5000742826880926477493739136,0.5000742826880926477493739136
2020-11-27 06:00:00+00:00,0,EUPHORIA,0.9999993995454117,True,23,False,BULL_STRUCTURE,BULL_STRUCTURE,1.0,0.4959776253605238149366992685,0.4959776253605238149366992685
2020-11-28 06:00:00+00:00,0,EUPHORIA,0.9998853841712639,True,24,False,BULL_STRUCTURE,BULL_STRUCTURE,1.0,0.5076609709299409295844463697,0.5076609709299409295844463697
2020-11-29 06:00:00+00:00,0,EUPHORIA,0.9998035999151437,True,25,False,BULL_STRUCTURE,BULL_STRUCTURE,1.0,0.5177098289229864447913340997,0.5177098289229864447913340997
2020-11-30 06:00:00+00:00,0,EUPHORIA,0.9999986082894473,True,26,False,BULL_STRUCTURE,BULL_STRUCTURE,1.0,0.5303556500591239440745740478,0.5303556500591239440745740478
2020-12-01 06:00:00+00:00,0,EUPHORIA,0.9999999791780285,True,27,False,BULL_STRUCTURE,BULL_STRUCTURE,1.0,0.5195088245891522960860853300,0.5195088245891522960860853300
2020-12-02 06:00:00+00:00,0,EUPHORIA,0.9999494504825751,True,28,False,BULL_STRUCTURE,BULL_STRUCTURE,1.0,0.5230739705018969235213994423,0.5230739705018969235213994423
2020-12-03 06:00:00+00:00,0,EUPHORIA,0.9282373667987656,True,29,False,BULL_STRUCTURE,BULL_STRUCTURE,1.0,0.5267011443026007915394113333,0.5267011443026007915394113333
2020-12-04 06:00:00+00:00,0,EUPHORIA,0.0045595125745222335,False,29,False,BULL_STRUCTURE,BULL_STRUCTURE,1.0,0.25,0.25
2020-12-05 06:00:00+00:00,0,EUPHORIA,1.1371247646212427e-06,False,29,False,BULL_STRUCTURE,BULL_STRUCTURE,1.0,0.2520235672096865697796080337,0.2520235672096865697796080337
2020-12-06 06:00:00+00:00,1,BULL,0.9999999633637351,True,3,False,BULL_STRUCTURE,BULL_STRUCTURE,1.0,0.95,0.95
2020-12-07 06:00:00+00:00,1,BULL,0.9999999797341845,True,4,False,BULL_STRUCTURE,BULL_STRUCTURE,1.0,0.9509762266896909435512592969,0.9509762266896909435512592969
2020-12-08 06:00:00+00:00,1,BULL,0.9999908434029691,True,5,False,BULL_STRUCTURE,BULL_STRUCTURE,1.0,0.9481975652976989858936119476,0.9481975652976989858936119476
2020-12-09 06:00:00+00:00,1,BULL,0.9999998976441072,True,6,False,BULL_STRUCTURE,BULL_STRUCTURE,1.0,0.9486439059831367895726160674,0.9486439059831367895726160674
2020-12-10 06:00:00+00:00,1,BULL,0.9999990553023878,True,7,False,BULL_STRUCTURE,BULL_STRUCTURE,1.0,0.9473584307023311352909442812,0.9473584307023311352909442812
2020-12-11 06:00:00+00:00,1,BULL,0.9999991989178423,True,8,False,BULL_STRUCTURE,BULL_STRUCTURE,1.0,0.9484869488973694407870495091,0.9484869488973694407870495091
2020-12-12 06:00:00+00:00,1,BULL,0.9999997206391916,True,9,False,BULL_STRUCTURE,BULL_STRUCTURE,1.0,0.9498799699823069801366809153,0.9498799699823069801366809153
2020-12-13 06:00:00+00:00,1,BULL,0.9999999758679227,True,10,False,BULL_STRUCTURE,BULL_STRUCTURE,1.0,0.9504678527936043202902285530,0.9504678527936043202902285530
2020-12-14 06:00:00+00:00,1,BULL,0.9999999669648792,True,11,False,BULL_STRUCTURE,BULL_STRUCTURE,1.0,0.9505831988605158785205882128,0.9505831988605158785205882128
2020-12-15 06:00:00+00:00,1,BULL,0.9999999016076848,True,12,False,BULL_STRUCTURE,BULL_STRUCTURE,1.0,0.9511688951714274181608608863,0.9511688951714274181608608863
2020-12-16 06:00:00+00:00,1,BULL,0.0001384065516224211,False,12,False,BULL_STRUCTURE,BULL_STRUCTURE,1.0,0.475,0.475
2020-12-17 06:00:00+00:00,1,BULL,1.4113560095677307e-08,False,12,False,BULL_STRUCTURE,BULL_STRUCTURE,1.0,0.4827507596017806142830956207,0.4827507596017806142830956207
2020-12-18 06:00:00+00:00,0,EUPHORIA,0.9816199835870897,True,3,False,BULL_STRUCTURE,BULL_STRUCTURE,1.0,0.4827778435819816743616614997,0.4827778435819816743616614997
2020-12-19 06:00:00+00:00,0,EUPHORIA,0.9995416168815608,True,4,False,BULL_STRUCTURE,BULL_STRUCTURE,1.0,0.4884084319623445642168082749,0.4884084319623445642168082749
2020-12-20 06:00:00+00:00,0,EUPHORIA,0.9999998923399347,True,5,False,BULL_STRUCTURE,BULL_STRUCTURE,1.0,0.4929273026180593954792853997,0.4929273026180593954792853997
2020-12-21 06:00:00+00:00,0,EUPHORIA,0.9999999994047357,True,6,False,BULL_STRUCTURE,BULL_STRUCTURE,1.0,0.4797530044113945800762195237,0.4797530044113945800762195237
2020-12-22 06:00:00+00:00,0,EUPHORIA,1.0,True,7,False,BULL_STRUCTURE,BULL_STRUCTURE,1.0,0.4889572380282700606888834483,0.4889572380282700606888834483
2020-12-23 06:00:00+00:00,0,EUPHORIA,1.0,True,8,False,BULL_STRUCTURE,BULL_STRUCTURE,1.0,0.4837763355910377668363150026,0.4837763355910377668363150026
2020-12-24 06:00:00+00:00,0,EUPHORIA,1.0,True,9,False,BULL_STRUCTURE,BULL_STRUCTURE,1.0,0.4896593028144906816267785485,0.4896593028144906816267785485
2020-12-25 06:00:00+00:00,0,EUPHORIA,1.0,True,10,False,BULL_STRUCTURE,BULL_STRUCTURE,1.0,0.5011449830875460083303767147,0.5011449830875460083303767147
2020-12-26 06:00:00+00:00,0,EUPHORIA,1.0,True,11,False,BULL_STRUCTURE,BULL_STRUCTURE,1.0,0.5222777133240764549079791175,0.5222777133240764549079791175
2020-12-27 06:00:00+00:00,0,EUPHORIA,0.9999999999995453,True,12,False,BULL_STRUCTURE,BULL_STRUCTURE,1.0,0.5227660156464297293946040893,0.5227660156464297293946040893
2020-12-28 06:00:00+00:00,0,EUPHORIA,0.9999999999263309,True,13,False,BULL_STRUCTURE,BULL_STRUCTURE,1.0,0.5181810372557187345116007618,0.5181810372557187345116007618
2020-12-29 06:00:00+00:00,0,EUPHORIA,0.9999999996180122,True,14,False,BULL_STRUCTURE,BULL_STRUCTURE,1.0,0.5325090345793256946802759964,0.5325090345793256946802759964
2020-12-30 06:00:00+00:00,0,EUPHORIA,0.9999999444899019,True,15,False,BULL_STRUCTURE,BULL_STRUCTURE,1.0,0.5408473625676856490417840164,0.5408473625676856490417840164
2020-12-31 06:00:00+00:00,0,EUPHORIA,0.9999653829889287,True,16,False,BULL_STRUCTURE,BULL_STRUCTURE,1.0,0.5426812250607229250168469796,0.5426812250607229250168469796
2021-01-01 06:00:00+00:00,0,EUPHORIA,0.9995983001321223,True,17,False,BULL_STRUCTURE,BULL_STRUCTURE,1.0,0.5460822968825750071841588671,0.5460822968825750071841588671
2021-01-02 06:00:00+00:00,0,EUPHORIA,1.0,True,18,False,BULL_STRUCTURE,BULL_STRUCTURE,1.0,0.5785088161482323593658536287,0.5785088161482323593658536287
2021-01-03 06:00:00+00:00,0,EUPHORIA,0.9999999995693543,True,19,False,BULL_STRUCTURE,BULL_STRUCTURE,1.0,0.5715658710312051851707086456,0.5715658710312051851707086456
2021-01-04 06:00:00+00:00,0,EUPHORIA,1.0,True,20,False,BULL_STRUCTURE,BULL_STRUCTURE,1.0,0.5530624339753812546683955462,0.5530624339753812546683955462
2021-01-05 06:00:00+00:00,0,EUPHORIA,1.0,True,21,False,BULL_STRUCTURE,BULL_STRUCTURE,1.0,0.5871419927059703703102905951,0.5871419927059703703102905951
2021-01-06 06:00:00+00:00,0,EUPHORIA,1.0,True,22,False,BULL_STRUCTURE,BULL_STRUCTURE,1.0,0.6029269063798575972605446912,0.6029269063798575972605446912
2021-01-07 06:00:00+00:00,0,EUPHORIA,1.0,True,23,False,BULL_STRUCTURE,BULL_STRUCTURE,1.0,0.6069124732580578317424518805,0.6069124732580578317424518805
2021-01-08 06:00:00+00:00,0,EUPHORIA,1.0,True,24,False,BULL_STRUCTURE,BULL_STRUCTURE,1.0,0.6150344309097979168168392063,0.6150344309097979168168392063
2021-01-09 06:00:00+00:00,0,EUPHORIA,1.0,True,25,False,BULL_STRUCTURE,BULL_STRUCTURE,1.0,0.6218786455804686099748012359,0.6218786455804686099748012359
2021-01-10 06:00:00+00:00,0,EUPHORIA,1.0,True,26,False,BULL_STRUCTURE,BULL_STRUCTURE,1.0,0.5866272792609880448803599951,0.5866272792609880448803599951
2021-01-11 06:00:00+00:00,0,EUPHORIA,1.0,True,27,False,BULL_STRUCTURE,BULL_STRUCTURE,1.0,0.5933115867816481678912923222,0.5933115867816481678912923222
2021-01-12 06:00:00+00:00,0,EUPHORIA,1.0,True,28,False,BULL_STRUCTURE,BULL_STRUCTURE,1.0,0.5753291683927249499702119062,0.5753291683927249499702119062
2021-01-13 06:00:00+00:00,0,EUPHORIA,1.0,True,29,False,BULL_STRUCTURE,BULL_STRUCTURE,1.0,0.6040895861527125734775404550,0.6040895861527125734775404550
2021-01-14 06:00:00+00:00,0,EUPHORIA,1.0,True,30,False,BULL_STRUCTURE,BULL_STRUCTURE,1.0,0.6058646364981872481749713385,0.6058646364981872481749713385
2021-01-15 06:00:00+00:00,0,EUPHORIA,1.0,True,31,False,BULL_STRUCTURE,BULL_STRUCTURE,1.0,0.5931211271382882848826010168,0.5931211271382882848826010168
2021-01-16 06:00:00+00:00,0,EUPHORIA,0.999999999998181,True,32,False,BULL_STRUCTURE,BULL_STRUCTURE,1.0,0.5910425931384917254409338221,0.5910425931384917254409338221
2021-01-17 06:00:00+00:00,0,EUPHORIA,0.9999999774790924,True,33,False,BULL_STRUCTURE,BULL_STRUCTURE,1.0,0.5896601040088277380645117494,0.5896601040088277380645117494
2021-01-18 06:00:00+00:00,0,EUPHORIA,0.9999999941564965,True,34,False,BULL_STRUCTURE,BULL_STRUCTURE,1.0,0.5957745566337603757879975897,0.5957745566337603757879975897
2021-01-19 06:00:00+00:00,0,EUPHORIA,0.9999999985884642,True,35,False,BULL_STRUCTURE,BULL_STRUCTURE,1.0,0.5905663974727377096806780722,0.5905663974727377096806780722
2021-01-20 06:00:00+00:00,0,EUPHORIA,0.9999998945286335,True,36,False,BULL_STRUCTURE,BULL_STRUCTURE,1.0,0.5842373356234300196318517312,0.5842373356234300196318517312
2021-01-21 06:00:00+00:00,0,EUPHORIA,0.999999999996362,True,37,False,BULL_STRUCTURE,BULL_STRUCTURE,1.0,0.5638773338516318900571322192,0.5638773338516318900571322192
2021-01-22 06:00:00+00:00,0,EUPHORIA,0.9998689757909881,True,38,False,BULL_STRUCTURE,BULL_STRUCTURE,1.0,0.5755406003177774593686507524,0.5755406003177774593686507524
2021-01-23 06:00:00+00:00,0,EUPHORIA,0.9998052178666404,True,39,False,BULL_STRUCTURE,BULL_STRUCTURE,1.0,0.5720055032679470212597864036,0.5720055032679470212597864036
2021-01-24 06:00:00+00:00,0,EUPHORIA,0.9821133446005272,True,40,False,BULL_STRUCTURE,BULL_STRUCTURE,1.0,0.5753979343561628157872846308,0.5753979343561628157872846308
2021-01-25 06:00:00+00:00,0,EUPHORIA,0.6563020037370287,True,41,False,BULL_STRUCTURE,BULL_STRUCTURE,1.0,0.5658893627459726997826338522,0.5658893627459726997826338522
2021-01-26 06:00:00+00:00,0,EUPHORIA,0.0071781453460391595,False,41,False,BULL_STRUCTURE,BULL_STRUCTURE,1.0,0.25,0.25
2021-01-27 06:00:00+00:00,0,EUPHORIA,0.05976499758897332,False,41,False,BULL_STRUCTURE,BULL_STRUCTURE,1.0,0.2514427899743505547529818191,0.2514427899743505547529818191
2021-01-28 06:00:00+00:00,1,BULL,0.8917471569409747,True,3,False,BULL_STRUCTURE,BULL_STRUCTURE,1.0,0.95,0.95
2021-01-29 06:00:00+00:00,1,BULL,5.361201218861204e-07,False,3,False,BULL_STRUCTURE,BULL_STRUCTURE,1.0,0.475,0.475
2021-01-30 06:00:00+00:00,1,BULL,0.5618243640045556,True,4,False,BULL_STRUCTURE,BULL_STRUCTURE,1.0,0.95,0.95
2021-01-31 06:00:00+00:00,1,BULL,0.9739411892344079,True,5,False,BULL_STRUCTURE,BULL_STRUCTURE,1.0,0.9505814557378565402670454560,0.9505814557378565402670454560
2021-02-01 06:00:00+00:00,1,BULL,0.9992123593178976,True,6,False,BULL_STRUCTURE,BULL_STRUCTURE,1.0,0.9509096851455446512087655402,0.9509096851455446512087655402
2021-02-02 06:00:00+00:00,1,BULL,0.9999130176899153,True,7,False,BULL_STRUCTURE,BULL_STRUCTURE,1.0,0.9540791235458958274312929592,0.9540791235458958274312929592
2021-02-03 06:00:00+00:00,1,BULL,0.9999248292539309,True,8,False,BULL_STRUCTURE,BULL_STRUCTURE,1.0,0.9553845023965684239169787125,0.9553845023965684239169787125
2021-02-04 06:00:00+00:00,1,BULL,0.9998419545067514,True,9,False,BULL_STRUCTURE,BULL_STRUCTURE,1.0,0.9547957789847951648978603542,0.9547957789847951648978603542
2021-02-05 06:00:00+00:00,1,BULL,0.9972777649193375,True,10,False,BULL_STRUCTURE,BULL_STRUCTURE,1.0,0.9569565111769030168236691023,0.9569565111769030168236691023
2021-02-06 06:00:00+00:00,1,BULL,0.9984127520174603,True,11,False,BULL_STRUCTURE,BULL_STRUCTURE,1.0,0.9564180328334359982453710296,0.9564180328334359982453710296
2021-02-07 06:00:00+00:00,1,BULL,0.9999671884996834,True,12,False,BULL_STRUCTURE,BULL_STRUCTURE,1.0,0.9565974706512235538914866770,0.9565974706512235538914866770
2021-02-08 06:00:00+00:00,1,BULL,6.502471961686615e-14,False,12,False,BULL_STRUCTURE,BULL_STRUCTURE,1.0,0.475,0.475
2021-02-09 06:00:00+00:00,1,BULL,2.019358096526197e-05,False,12,False,BULL_STRUCTURE,BULL_STRUCTURE,1.0,0.4714374001999042670798366981,0.4714374001999042670798366981
2021-02-10 06:00:00+00:00,0,EUPHORIA,0.9997210246046543,True,3,False,BULL_STRUCTURE,BULL_STRUCTURE,1.0,0.4632631444702138173631315473,0.4632631444702138173631315473
2021-02-11 06:00:00+00:00,0,EUPHORIA,0.9999986714410355,True,4,False,BULL_STRUCTURE,BULL_STRUCTURE,1.0,0.4774456015182813916028297629,0.4774456015182813916028297629
2021-02-12 06:00:00+00:00,0,EUPHORIA,0.9999982613141237,True,5,False,BULL_STRUCTURE,BULL_STRUCTURE,1.0,0.4807553603868251309318486798,0.4807553603868251309318486798
2021-02-13 06:00:00+00:00,0,EUPHORIA,0.9995990926145882,True,6,False,BULL_STRUCTURE,BULL_STRUCTURE,1.0,0.4861266595306290963140297594,0.4861266595306290963140297594
2021-02-14 06:00:00+00:00,0,EUPHORIA,0.9999888444212192,True,7,False,BULL_STRUCTURE,BULL_STRUCTURE,1.0,0.4746078822504873114565301584,0.4746078822504873114565301584
2021-02-15 06:00:00+00:00,0,EUPHORIA,0.9999299149753621,True,8,False,BULL_STRUCTURE,BULL_STRUCTURE,1.0,0.4873991080261490316229705121,0.4873991080261490316229705121
2021-02-16 06:00:00+00:00,0,EUPHORIA,0.9998101155857104,True,9,False,BULL_STRUCTURE,BULL_STRUCTURE,1.0,0.4900663544365632807804247592,0.4900663544365632807804247592
2021-02-17 06:00:00+00:00,0,EUPHORIA,0.9999995855497168,True,10,False,BULL_STRUCTURE,BULL_STRUCTURE,1.0,0.5021565497984557307718918435,0.5021565497984557307718918435
2021-02-18 06:00:00+00:00,0,EUPHORIA,0.999990480855391,True,11,False,BULL_STRUCTURE,BULL_STRUCTURE,1.0,0.4990417844042305211264716309,0.4990417844042305211264716309
2021-02-19 06:00:00+00:00,0,EUPHORIA,0.9999983618358559,True,12,False,BULL_STRUCTURE,BULL_STRUCTURE,1.0,0.5184060241866924954136609145,0.5184060241866924954136609145
2021-02-20 06:00:00+00:00,0,EUPHORIA,0.9996187789284264,True,13,False,BULL_STRUCTURE,BULL_STRUCTURE,1.0,0.5222746278367103195605241084,0.5222746278367103195605241084
2021-02-21 06:00:00+00:00,0,EUPHORIA,0.9981309575270406,True,14,False,BULL_STRUCTURE,BULL_STRUCTURE,1.0,0.5192731443889858655310711010,0.5192731443889858655310711010
2021-02-22 06:00:00+00:00,0,EUPHORIA,0.999999999990905,True,15,False,BULL_STRUCTURE,BULL_STRUCTURE,1.0,0.4912861196399880027515482190,0.4912861196399880027515482190
2021-02-23 06:00:00+00:00,0,EUPHORIA,0.9999999587516877,True,16,False,BULL_STRUCTURE,BULL_STRUCTURE,1.0,0.4927698160816201446082097593,0.4927698160816201446082097593
2021-02-24 06:00:00+00:00,0,EUPHORIA,0.9999998707116985,True,17,False,BULL_STRUCTURE,BULL_STRUCTURE,1.0,0.4934712218361715096532746167,0.4934712218361715096532746167
2021-02-25 06:00:00+00:00,0,EUPHORIA,1.0,True,18,False,BULL_STRUCTURE,BULL_STRUCTURE,1.0,0.4680973916351706335090721373,0.4680973916351706335090721373
2021-02-26 06:00:00+00:00,0,EUPHORIA,0.9999999999990905,True,19,False,BULL_STRUCTURE,BULL_STRUCTURE,1.0,0.4803156029755340752706001272,0.4803156029755340752706001272
2021-02-27 06:00:00+00:00,0,EUPHORIA,0.9999999988249328,True,20,False,BULL_STRUCTURE,BULL_STRUCTURE,1.0,0.4640948339202578760522505213,0.4640948339202578760522505213
2021-02-28 06:00:00+00:00,0,EUPHORIA,0.9999914485844802,True,21,False,BULL_STRUCTURE,BULL_STRUCTURE,1.0,0.4718070395554333929871084216,0.4718070395554333929871084216
2021-03-01 06:00:00+00:00,0,EUPHORIA,0.9999421548851255,True,22,False,BULL_STRUCTURE,BULL_STRUCTURE,1.0,0.4848106247485997015656578220,0.4848106247485997015656578220
2021-03-02 06:00:00+00:00,0,EUPHORIA,0.9847248170631597,True,23,False,BULL_STRUCTURE,BULL_STRUCTURE,1.0,0.4868936852351299034357148434,0.4868936852351299034357148434
2021-03-03 06:00:00+00:00,0,EUPHORIA,0.9950770726804569,True,24,False,BULL_STRUCTURE,BULL_STRUCTURE,1.0,0.4898377517725188819358948621,0.4898377517725188819358948621
2021-03-04 06:00:00+00:00,0,EUPHORIA,0.9973669487691108,True,25,False,BULL_STRUCTURE,BULL_STRUCTURE,1.0,0.4768961731368986492141439327,0.4768961731368986492141439327
2021-03-05 06:00:00+00:00,0,EUPHORIA,0.44858096579006007,False,25,False,BULL_STRUCTURE,BULL_STRUCTURE,1.0,0.4839069451186377571772103359,0.4839069451186377571772103359
2021-03-06 06:00:00+00:00,0,EUPHORIA,0.093402888908911,False,25,False,BULL_STRUCTURE,BULL_STRUCTURE,1.0,0.4882256994793789745781058962,0.4882256994793789745781058962
2021-03-07 06:00:00+00:00,1,BULL,0.9969271115743641,True,3,False,BULL_STRUCTURE,BULL_STRUCTURE,1.0,0.95,0.95
2021-03-08 06:00:00+00:00,1,BULL,0.9938706756288974,True,4,False,BULL_STRUCTURE,BULL_STRUCTURE,1.0,0.9535930356887197167184036988,0.9535930356887197167184036988
2021-03-09 06:00:00+00:00,1,BULL,0.9794844133838438,True,5,False,BULL_STRUCTURE,BULL_STRUCTURE,1.0,0.9530958144451527065294553020,0.9530958144451527065294553020
2021-03-10 06:00:00+00:00,1,BULL,0.9817111264798669,True,6,False,BULL_STRUCTURE,BULL_STRUCTURE,1.0,0.9544109880053260608333554937,0.9544109880053260608333554937
2021-03-11 06:00:00+00:00,1,BULL,0.9476163535993661,True,7,False,BULL_STRUCTURE,BULL_STRUCTURE,1.0,0.9558511109918594414939492095,0.9558511109918594414939492095
2021-03-12 06:00:00+00:00,1,BULL,0.8889389951362078,True,8,False,BULL_STRUCTURE,BULL_STRUCTURE,1.0,0.9555391518719139365646141892,0.9555391518719139365646141892
2021-03-13 06:00:00+00:00,1,BULL,0.11179022393175132,False,8,False,BULL_STRUCTURE,BULL_STRUCTURE,1.0,0.475,0.475
2021-03-14 06:00:00+00:00,1,BULL,0.038999657423210224,False,8,False,BULL_STRUCTURE,BULL_STRUCTURE,1.0,0.4669820644880171649258494431,0.4669820644880171649258494431
2021-03-15 06:00:00+00:00,0,EUPHORIA,0.9999999947240212,True,3,False,BULL_STRUCTURE,BULL_STRUCTURE,1.0,0.4454040325194279871633864793,0.4454040325194279871633864793
2021-03-16 06:00:00+00:00,0,EUPHORIA,0.9999976330228311,True,4,False,BULL_STRUCTURE,BULL_STRUCTURE,1.0,0.4537463736355045787818226732,0.4537463736355045787818226732
2021-03-17 06:00:00+00:00,0,EUPHORIA,0.9999971531210172,True,5,False,BULL_STRUCTURE,BULL_STRUCTURE,1.0,0.4667461397767534685874150965,0.4667461397767534685874150965
2021-03-18 06:00:00+00:00,0,EUPHORIA,0.9999898809303822,True,6,False,BULL_STRUCTURE,BULL_STRUCTURE,1.0,0.4642322923054010954754562378,0.4642322923054010954754562378
2021-03-19 06:00:00+00:00,0,EUPHORIA,0.999428636401421,True,7,False,BULL_STRUCTURE,BULL_STRUCTURE,1.0,0.4632367095353427444959556579,0.4632367095353427444959556579
2021-03-20 06:00:00+00:00,0,EUPHORIA,0.9974987495088694,True,8,False,BULL_STRUCTURE,BULL_STRUCTURE,1.0,0.4589181438399191089051670053,0.4589181438399191089051670053
2021-03-21 06:00:00+00:00,0,EUPHORIA,0.9056966862851168,True,9,False,BULL_STRUCTURE,BULL_STRUCTURE,1.0,0.4609420726174248866204799132,0.4609420726174248866204799132
2021-03-22 06:00:00+00:00,0,EUPHORIA,0.9999966792011605,True,10,False,BULL_STRUCTURE,BULL_STRUCTURE,1.0,0.4428153971281761075957203749,0.4428153971281761075957203749
2021-03-23 06:00:00+00:00,0,EUPHORIA,0.9997886400094355,True,11,False,BULL_STRUCTURE,BULL_STRUCTURE,1.0,0.4454199226814147169286875781,0.4454199226814147169286875781
2021-03-24 06:00:00+00:00,0,EUPHORIA,0.9999951574226471,True,12,False,BULL_STRUCTURE,BULL_STRUCTURE,1.0,0.4388882399657139432336038100,0.4388882399657139432336038100
2021-03-25 06:00:00+00:00,0,EUPHORIA,0.9985555340121129,True,13,False,BULL_STRUCTURE,BULL_STRUCTURE,1.0,0.4395396266245170090364496730,0.4395396266245170090364496730
2021-03-26 06:00:00+00:00,0,EUPHORIA,0.9983911816961701,True,14,False,BULL_STRUCTURE,BULL_STRUCTURE,1.0,0.4502979245069320797875260976,0.4502979245069320797875260976
2021-03-27 06:00:00+00:00,0,EUPHORIA,0.569034340398192,True,15,False,BULL_STRUCTURE,BULL_STRUCTURE,1.0,0.4551519963930385744493745890,0.4551519963930385744493745890
2021-03-28 06:00:00+00:00,0,EUPHORIA,0.194080851541156,False,15,False,BULL_STRUCTURE,BULL_STRUCTURE,1.0,0.4497185708967576072830671572,0.4497185708967576072830671572
2021-03-29 06:00:00+00:00,0,EUPHORIA,0.01203895672366244,False,15,False,BULL_STRUCTURE,BULL_STRUCTURE,1.0,0.4612556895766696280092560685,0.4612556895766696280092560685
2021-03-30 06:00:00+00:00,1,BULL,0.9974658467696671,True,3,False,BULL_STRUCTURE,BULL_STRUCTURE,1.0,0.95,0.95
2021-03-31 06:00:00+00:00,1,BULL,0.9950457357932955,True,4,False,BULL_STRUCTURE,BULL_STRUCTURE,1.0,0.9506404955929956762097805266,0.9506404955929956762097805266
2021-04-01 06:00:00+00:00,1,BULL,0.995942770610181,True,5,False,BULL_STRUCTURE,BULL_STRUCTURE,1.0,0.9512632655621982471352152721,0.9512632655621982471352152721
2021-04-02 06:00:00+00:00,1,BULL,0.9889321160485308,True,6,False,BULL_STRUCTURE,BULL_STRUCTURE,1.0,0.9511944140712445924924988511,0.9511944140712445924924988511
2021-04-03 06:00:00+00:00,1,BULL,0.9571718964743211,True,7,False,BULL_STRUCTURE,BULL_STRUCTURE,1.0,0.9495903960346507729773657804,0.9495903960346507729773657804
2021-04-04 06:00:00+00:00,1,BULL,0.9898000299627537,True,8,False,BULL_STRUCTURE,BULL_STRUCTURE,1.0,0.9491029969798468680160389460,0.9491029969798468680160389460
2021-04-05 06:00:00+00:00,1,BULL,0.9895270961282439,True,9,False,BULL_STRUCTURE,BULL_STRUCTURE,1.0,0.9507222292878053728719198647,0.9507222292878053728719198647
2021-04-06 06:00:00+00:00,1,BULL,0.9970253135994419,True,10,False,BULL_STRUCTURE,BULL_STRUCTURE,1.0,0.9502551938205710042009028595,0.9502551938205710042009028595
2021-04-07 06:00:00+00:00,1,BULL,0.890692305176856,True,11,False,BULL_STRUCTURE,BULL_STRUCTURE,1.0,0.9490812955278893632481202690,0.9490812955278893632481202690
2021-04-08 06:00:00+00:00,1,BULL,0.9952584846304285,True,12,False,BULL_STRUCTURE,BULL_STRUCTURE,1.0,0.9499792926292508792785551097,0.9499792926292508792785551097
2021-04-09 06:00:00+00:00,1,BULL,0.9629032096367617,True,13,False,BULL_STRUCTURE,BULL_STRUCTURE,1.0,0.9522526186190426798119130469,0.9522526186190426798119130469
2021-04-10 06:00:00+00:00,1,BULL,0.9715870576339486,True,14,False,BULL_STRUCTURE,BULL_STRUCTURE,1.0,0.9513605973577229787394455982,0.9513605973577229787394455982
2021-04-11 06:00:00+00:00,1,BULL,0.9994177150504275,True,15,False,BULL_STRUCTURE,BULL_STRUCTURE,1.0,0.9517658397435251184879300281,0.9517658397435251184879300281
2021-04-12 06:00:00+00:00,1,BULL,0.9960394236801685,True,16,False,BULL_STRUCTURE,BULL_STRUCTURE,1.0,0.9521153560233161121625232354,0.9521153560233161121625232354
2021-04-13 06:00:00+00:00,1,BULL,2.504567414989874e-07,False,16,False,BULL_STRUCTURE,BULL_STRUCTURE,1.0,0.475,0.475
2021-04-14 06:00:00+00:00,1,BULL,2.4167460790622914e-08,False,16,False,BULL_STRUCTURE,BULL_STRUCTURE,1.0,0.4716524168698937276514468888,0.4716524168698937276514468888
2021-04-15 06:00:00+00:00,0,EUPHORIA,0.9999801158986557,True,3,False,BULL_STRUCTURE,BULL_STRUCTURE,1.0,0.4664289233273874921881684951,0.4664289233273874921881684951
2021-04-16 06:00:00+00:00,0,EUPHORIA,0.9999999595120251,True,4,False,BULL_STRUCTURE,BULL_STRUCTURE,1.0,0.4678752306858621557885101483,0.4678752306858621557885101483
2021-04-17 06:00:00+00:00,0,EUPHORIA,0.9999999984092938,True,5,False,BULL_STRUCTURE,BULL_STRUCTURE,1.0,0.4401003897087669558256380292,0.4401003897087669558256380292
2021-04-18 06:00:00+00:00,0,EUPHORIA,0.9998954863717293,True,6,False,BULL_STRUCTURE,BULL_STRUCTURE,1.0,0.4441977464165921284395845922,0.4441977464165921284395845922
2021-04-19 06:00:00+00:00,0,EUPHORIA,0.9997883420719788,True,7,False,BULL_STRUCTURE,BULL_STRUCTURE,1.0,0.4373413903696528623597976130,0.4373413903696528623597976130
2021-04-20 06:00:00+00:00,0,EUPHORIA,0.9999767840047874,True,8,False,BULL_STRUCTURE,BULL_STRUCTURE,1.0,0.4393887076209229457556610461,0.4393887076209229457556610461
2021-04-21 06:00:00+00:00,0,EUPHORIA,0.9999694430919872,True,9,False,BULL_STRUCTURE,BULL_STRUCTURE,1.0,0.4351280405273705643009822710,0.4351280405273705643009822710
2021-04-22 06:00:00+00:00,0,EUPHORIA,1.0,True,10,False,BULL_STRUCTURE,BULL_STRUCTURE,1.0,0.4118371760514944938297731075,0.4118371760514944938297731075
2021-04-23 06:00:00+00:00,0,EUPHORIA,0.9999999999972715,True,11,False,BULL_STRUCTURE,BULL_STRUCTURE,1.0,0.4164703682167865572821188411,0.4164703682167865572821188411
2021-04-24 06:00:00+00:00,0,EUPHORIA,0.9999999999581632,True,12,False,BULL_STRUCTURE,BULL_STRUCTURE,1.0,0.4127274365217965290547727089,0.4127274365217965290547727089
2021-04-25 06:00:00+00:00,0,EUPHORIA,0.9999999997617124,True,13,False,BULL_STRUCTURE,BULL_STRUCTURE,1.0,0.4263156299396142194550311256,0.4263156299396142194550311256
2021-04-26 06:00:00+00:00,3,CRASH,0.9999999971437319,True,1,False,BULL_STRUCTURE,BULL_STRUCTURE,1.0,0.4326828620506435645258491809,0.4326828620506435645258491809
2021-04-27 06:00:00+00:00,3,CRASH,0.012145009079175541,False,1,False,BULL_STRUCTURE,BULL_STRUCTURE,1.0,0.4357447148300776558469503770,0.4357447148300776558469503770
2021-04-28 06:00:00+00:00,3,CRASH,1.5558049447629443e-09,False,1,False,BULL_STRUCTURE,BULL_STRUCTURE,1.0,0.4325855107797759064087014361,0.4325855107797759064087014361
2021-04-29 06:00:00+00:00,3,CRASH,3.58194833995323e-20,False,1,False,BULL_STRUCTURE,BULL_STRUCTURE,1.0,0.4342639315716470179297541064,0.4342639315716470179297541064
2021-04-30 06:00:00+00:00,2,EUPHORIA,0.999999999357442,True,3,False,BULL_STRUCTURE,BULL_STRUCTURE,1.0,0.95,0.95
2021-05-01 06:00:00+00:00,2,EUPHORIA,0.9999999997221494,True,4,False,BULL_STRUCTURE,BULL_STRUCTURE,1.0,0.9495994391836012551691182693,0.9495994391836012551691182693
2021-05-02 06:00:00+00:00,2,EUPHORIA,0.9999999998076419,True,5,False,BULL_STRUCTURE,BULL_STRUCTURE,1.0,0.9504566517663470577223136594,0.9504566517663470577223136594
2021-05-03 06:00:00+00:00,2,EUPHORIA,0.9999999985866452,True,6,False,BULL_STRUCTURE,BULL_STRUCTURE,1.0,0.9488195291345456791049511303,0.9488195291345456791049511303
2021-05-04 06:00:00+00:00,2,EUPHORIA,0.9999999998412932,True,7,False,BULL_STRUCTURE,BULL_STRUCTURE,1.0,0.60,0.60
2021-05-05 06:00:00+00:00,2,EUPHORIA,0.9999999999713509,True,8,False,BULL_STRUCTURE,BULL_STRUCTURE,1.0,0.95,0.95
2021-05-06 06:00:00+00:00,2,EUPHORIA,0.999999999962256,True,9,False,BULL_STRUCTURE,BULL_STRUCTURE,1.0,0.9492617135137071821305263156,0.9492617135137071821305263156
2021-05-07 06:00:00+00:00,2,EUPHORIA,0.9999999999668034,True,10,False,BULL_STRUCTURE,BULL_STRUCTURE,1.0,0.9509979546363911027369054517,0.9509979546363911027369054517
2021-05-08 06:00:00+00:00,2,EUPHORIA,0.999999999994543,True,11,False,BULL_STRUCTURE,BULL_STRUCTURE,1.0,0.9514514817924662415764898959,0.9514514817924662415764898959
2021-05-09 06:00:00+00:00,2,EUPHORIA,0.9999999873111848,True,12,False,BULL_STRUCTURE,BULL_STRUCTURE,1.0,0.9519377781212392173533323318,0.9519377781212392173533323318
2021-05-10 06:00:00+00:00,2,EUPHORIA,0.9999999999499778,True,13,False,BULL_STRUCTURE,BULL_STRUCTURE,1.0,0.60,0.60
2021-05-11 06:00:00+00:00,2,EUPHORIA,1.0,True,14,False,BULL_STRUCTURE,BULL_STRUCTURE,1.0,0.95,0.95
2021-05-12 06:00:00+00:00,2,EUPHORIA,0.9999999999467946,True,15,False,BULL_STRUCTURE,BULL_STRUCTURE,1.0,0.60,0.60
2021-05-13 06:00:00+00:00,2,EUPHORIA,0.9993932202218692,True,16,False,BULL_STRUCTURE,BULL_STRUCTURE,1.0,0.5943789583342190113789808730,0.5943789583342190113789808730
2021-05-14 06:00:00+00:00,2,EUPHORIA,3.038189920187506e-05,False,16,False,BULL_STRUCTURE,BULL_STRUCTURE,1.0,0.30,0.30
2021-05-15 06:00:00+00:00,2,EUPHORIA,6.184879173725231e-10,False,16,False,BULL_STRUCTURE,BULL_STRUCTURE,1.0,0.2937002906386071076677257840,0.2937002906386071076677257840
2021-05-16 06:00:00+00:00,3,CRASH,1.0,True,3,False,BULL_STRUCTURE,BULL_STRUCTURE,1.0,0.2759717420325737640562810243,0.2759717420325737640562810243
2021-05-17 06:00:00+00:00,3,CRASH,1.0,True,4,False,BULL_STRUCTURE,BULL_STRUCTURE,1.0,0.2812056713945701805907891908,0.2812056713945701805907891908
2021-05-18 06:00:00+00:00,3,CRASH,1.0,True,5,False,BULL_STRUCTURE,BULL_STRUCTURE,1.0,0.2526662596355582213312424823,0.2526662596355582213312424823
2021-05-19 06:00:00+00:00,3,CRASH,1.0,True,6,False,BULL_STRUCTURE,BULL_STRUCTURE,1.0,0.2562086617348122228317103665,0.2562086617348122228317103665
2021-05-20 06:00:00+00:00,3,CRASH,1.0,True,7,False,BULL_STRUCTURE,BULL_STRUCTURE,1.0,0.2557673766423422478277779342,0.2557673766423422478277779342
2021-05-21 06:00:00+00:00,3,CRASH,1.0,True,8,False,TRANSITION,BULL_STRUCTURE,0.6,0.50,0.50
2021-05-22 06:00:00+00:00,3,CRASH,1.0,True,9,False,TRANSITION,BULL_STRUCTURE,0.6,0.5036279558666910162093443180,0.5036279558666910162093443180
2021-05-23 06:00:00+00:00,3,CRASH,1.0,True,10,False,TRANSITION,BULL_STRUCTURE,0.6,0.4926089293137210745247918709,0.4926089293137210745247918709
2021-05-24 06:00:00+00:00,3,CRASH,0.9999999974547791,True,11,False,TRANSITION,BULL_STRUCTURE,0.6,0.5134178422200782562890053237,0.5134178422200782562890053237
2021-05-25 06:00:00+00:00,3,CRASH,2.7843858553313177e-08,False,11,False,TRANSITION,TRANSITION,0.6,0.25,0.25
2021-05-26 06:00:00+00:00,3,CRASH,7.516605641293273e-30,False,11,False,TRANSITION,TRANSITION,0.6,0.2448262789427337954624601886,0.2448262789427337954624601886
2021-05-27 06:00:00+00:00,2,EUPHORIA,1.0,True,3,False,TRANSITION,TRANSITION,0.6,0.60,0.60
2021-05-28 06:00:00+00:00,2,EUPHORIA,1.0,True,4,False,TRANSITION,TRANSITION,0.6,0.5994094501539558551702073131,0.5994094501539558551702073131
2021-05-29 06:00:00+00:00,2,EUPHORIA,1.0,True,5,False,TRANSITION,TRANSITION,0.6,0.5891430531137187842571497505,0.5891430531137187842571497505
2021-05-30 06:00:00+00:00,2,EUPHORIA,1.0,True,6,False,TRANSITION,TRANSITION,0.6,0.5830356289040444304943359739,0.5830356289040444304943359739
2021-05-31 06:00:00+00:00,2,EUPHORIA,1.0,True,7,False,TRANSITION,TRANSITION,0.6,0.6020255024895078594140646347,0.6
2021-06-01 06:00:00+00:00,2,EUPHORIA,1.0,True,8,False,TRANSITION,TRANSITION,0.6,0.5970416532945356920146343120,0.5970416532945356920146343120
2021-06-02 06:00:00+00:00,2,EUPHORIA,1.0,True,9,False,TRANSITION,TRANSITION,0.6,0.6096257175943051653591732593,0.6
2021-06-03 06:00:00+00:00,2,EUPHORIA,1.0,True,10,False,TRANSITION,TRANSITION,0.6,0.5867163289370011568439763809,0.5867163289370011568439763809
2021-06-04 06:00:00+00:00,2,EUPHORIA,1.0,True,11,False,TRANSITION,TRANSITION,0.6,0.5924565426491115819897020451,0.5924565426491115819897020451
2021-06-05 06:00:00+00:00,2,EUPHORIA,1.0,True,12,False,TRANSITION,TRANSITION,0.6,0.5835225225971579051446995308,0.5835225225971579051446995308
2021-06-06 06:00:00+00:00,2,EUPHORIA,1.0,True,13,False,TRANSITION,TRANSITION,0.6,0.5838755257691867247101130887,0.5838755257691867247101130887
2021-06-07 06:00:00+00:00,2,EUPHORIA,1.0,True,14,False,TRANSITION,TRANSITION,0.6,0.5598215790695045421778454664,0.5598215790695045421778454664
2021-06-08 06:00:00+00:00,2,EUPHORIA,1.0,True,15,False,TRANSITION,TRANSITION,0.6,0.5643417201397629031071551507,0.5643417201397629031071551507
2021-06-09 06:00:00+00:00,2,EUPHORIA,1.0,True,16,False,TRANSITION,TRANSITION,0.6,0.5874482192474083090259882508,0.5874482192474083090259882508
2021-06-10 06:00:00+00:00,2,EUPHORIA,1.0,True,17,False,TRANSITION,TRANSITION,0.6,0.5886264173971325816295939716,0.5886264173971325816295939716
2021-06-11 06:00:00+00:00,2,EUPHORIA,1.0,True,18,False,TRANSITION,TRANSITION,0.6,0.5762209465837144099104932263,0.5762209465837144099104932263
2021-06-12 06:00:00+00:00,2,EUPHORIA,1.0,True,19,False,TRANSITION,TRANSITION,0.6,0.5749309711400647976110768097,0.5749309711400647976110768097
2021-06-13 06:00:00+00:00,2,EUPHORIA,1.0,True,20,False,TRANSITION,TRANSITION,0.6,0.6037324158434847337432470823,0.6
2021-06-14 06:00:00+00:00,2,EUPHORIA,1.0,True,21,False,TRANSITION,TRANSITION,0.6,0.6055711943668733036580869722,0.6
2021-06-15 06:00:00+00:00,2,EUPHORIA,1.0,True,22,False,TRANSITION,TRANSITION,0.6,0.5995287937374421412470445344,0.5995287937374421412470445344
2021-06-16 06:00:00+00:00,2,EUPHORIA,1.0,True,23,False,TRANSITION,TRANSITION,0.6,0.5901189883854962492284730481,0.5901189883854962492284730481
2021-06-17 06:00:00+00:00,2,EUPHORIA,1.0,True,24,False,TRANSITION,TRANSITION,0.6,0.5831003182930994120937342590,0.5831003182930994120937342590
2021-06-18 06:00:00+00:00,2,EUPHORIA,1.0,True,25,False,TRANSITION,TRANSITION,0.6,0.5691758821852787303550536531,0.5691758821852787303550536531
2021-06-19 06:00:00+00:00,2,EUPHORIA,1.0,True,26,False,TRANSITION,TRANSITION,0.6,0.5705749782822604745561674476,0.5705749782822604745561674476
2021-06-20 06:00:00+00:00,2,EUPHORIA,1.0,True,27,False,TRANSITION,TRANSITION,0.6,0.5616185826572595436493934253,0.5616185826572595436493934253
2021-06-21 06:00:00+00:00,2,EUPHORIA,1.0,True,28,False,TRANSITION,TRANSITION,0.6,0.5478543452257299127261264733,0.5478543452257299127261264733
2021-06-22 06:00:00+00:00,2,EUPHORIA,1.0,True,29,False,TRANSITION,TRANSITION,0.6,0.5607241635433130060232748452,0.5607241635433130060232748452
2021-06-23 06:00:00+00:00,2,EUPHORIA,1.0,True,30,False,TRANSITION,TRANSITION,0.6,0.5509034935269113260255573242,0.5509034935269113260255573242
2021-06-24 06:00:00+00:00,2,EUPHORIA,1.0,True,31,False,TRANSITION,TRANSITION,0.6,0.5618571840800669474552263582,0.5618571840800669474552263582
2021-06-25 06:00:00+00:00,2,EUPHORIA,1.0,True,32,False,TRANSITION,TRANSITION,0.6,0.5451854307138659023874426220,0.5451854307138659023874426220
2021-06-26 06:00:00+00:00,2,EUPHORIA,1.0,True,33,False,TRANSITION,TRANSITION,0.6,0.5505048946233412604109081828,0.5505048946233412604109081828
2021-06-27 06:00:00+00:00,2,EUPHORIA,1.0,True,34,False,TRANSITION,TRANSITION,0.6,0.5621129275484183790781945133,0.5621129275484183790781945133
2021-06-28 06:00:00+00:00,2,EUPHORIA,1.0,True,35,False,TRANSITION,TRANSITION,0.6,0.5635717983324795659659549073,0.5635717983324795659659549073
2021-06-29 06:00:00+00:00,2,EUPHORIA,1.0,True,36,False,TRANSITION,TRANSITION,0.6,0.5639933194820901759197268602,0.5639933194820901759197268602
2021-06-30 06:00:00+00:00,2,EUPHORIA,1.0,True,37,False,TRANSITION,TRANSITION,0.6,0.5607618387300314755284803943,0.5607618387300314755284803943
2021-07-01 06:00:00+00:00,2,EUPHORIA,1.0,True,38,False,TRANSITION,TRANSITION,0.6,0.5499505324775972566963504283,0.5499505324775972566963504283
2021-07-02 06:00:00+00:00,2,EUPHORIA,1.0,True,39,False,TRANSITION,TRANSITION,0.6,0.5562840611419303722527596077,0.5562840611419303722527596077
2021-07-03 06:00:00+00:00,2,EUPHORIA,1.0,True,40,False,TRANSITION,TRANSITION,0.6,0.5669884182707385481709742629,0.5669884182707385481709742629
2021-07-04 06:00:00+00:00,2,EUPHORIA,1.0,True,41,False,TRANSITION,TRANSITION,0.6,0.5609159884834526845835458232,0.5609159884834526845835458232
2021-07-05 06:00:00+00:00,2,EUPHORIA,1.0,True,42,False,TRANSITION,TRANSITION,0.6,0.5640922121781281211623797106,0.5640922121781281211623797106
2021-07-06 06:00:00+00:00,2,EUPHORIA,1.0,True,43,False,TRANSITION,TRANSITION,0.6,0.5642076598032629127313384045,0.5642076598032629127313384045
2021-07-07 06:00:00+00:00,2,EUPHORIA,1.0,True,44,False,TRANSITION,TRANSITION,0.6,0.5501712974219936462009012997,0.5501712974219936462009012997
2021-07-08 06:00:00+00:00,2,EUPHORIA,1.0,True,45,False,TRANSITION,TRANSITION,0.6,0.5510097621751070878319257313,0.5510097621751070878319257313
2021-07-09 06:00:00+00:00,2,EUPHORIA,1.0,True,46,False,TRANSITION,TRANSITION,0.6,0.5558518966839315031077054262,0.5558518966839315031077054262
2021-07-10 06:00:00+00:00,2,EUPHORIA,1.0,True,47,False,TRANSITION,TRANSITION,0.6,0.5554222711235978502880649075,0.5554222711235978502880649075
2021-07-11 06:00:00+00:00,2,EUPHORIA,1.0,True,48,False,TRANSITION,TRANSITION,0.6,0.5607943418405037159397536215,0.5607943418405037159397536215
2021-07-12 06:00:00+00:00,2,EUPHORIA,0.9999999999990905,True,49,False,TRANSITION,TRANSITION,0.6,0.5496654465511933825776938548,0.5496654465511933825776938548
2021-07-13 06:00:00+00:00,2,EUPHORIA,0.999999999998181,True,50,False,TRANSITION,TRANSITION,0.6,0.5419129850395509312144686712,0.5419129850395509312144686712
2021-07-14 06:00:00+00:00,2,EUPHORIA,0.9999999999954525,True,51,False,TRANSITION,TRANSITION,0.6,0.5478971490658058693034621315,0.5478971490658058693034621315
2021-07-15 06:00:00+00:00,2,EUPHORIA,0.9999999998781277,True,52,False,TRANSITION,TRANSITION,0.6,0.5418350030866553810593800494,0.5418350030866553810593800494
2021-07-16 06:00:00+00:00,2,EUPHORIA,0.99999999451029,True,53,False,TRANSITION,TRANSITION,0.6,0.5394013253417439813396538780,0.5394013253417439813396538780
2021-07-17 06:00:00+00:00,2,EUPHORIA,0.9999999998635758,True,54,False,TRANSITION,TRANSITION,0.6,0.5438733662683285795404981981,0.5438733662683285795404981981
2021-07-18 06:00:00+00:00,2,EUPHORIA,0.9999999999436113,True,55,False,TRANSITION,TRANSITION,0.6,0.5417645701429433558902938850,0.5417645701429433558902938850
2021-07-19 06:00:00+00:00,2,EUPHORIA,0.9999999948004188,True,56,False,TRANSITION,TRANSITION,0.6,0.5251003697022327839804475113,0.5251003697022327839804475113
2021-07-20 06:00:00+00:00,2,EUPHORIA,0.9999999999936335,True,57,False,TRANSITION,TRANSITION,0.6,0.5330021118607781828074538858,0.5330021118607781828074538858
2021-07-21 06:00:00+00:00,2,EUPHORIA,1.0,True,58,False,TRANSITION,TRANSITION,0.6,0.5425793917254178245346092284,0.5425793917254178245346092284
2021-07-22 06:00:00+00:00,2,EUPHORIA,1.0,True,59,False,TRANSITION,TRANSITION,0.6,0.5481894125560565934112409395,0.5481894125560565934112409395
2021-07-23 06:00:00+00:00,2,EUPHORIA,1.0,True,60,False,TRANSITION,TRANSITION,0.6,0.5565672671571467547446063441,0.5565672671571467547446063441
2021-07-24 06:00:00+00:00,2,EUPHORIA,0.999999999906322,True,61,False,TRANSITION,TRANSITION,0.6,0.5607373685348458027769036722,0.5607373685348458027769036722
2021-07-25 06:00:00+00:00,2,EUPHORIA,1.0,True,62,False,TRANSITION,TRANSITION,0.6,0.95,0.6
2021-07-26 06:00:00+00:00,2,EUPHORIA,1.0,True,63,False,TRANSITION,TRANSITION,0.6,0.95,0.6
2021-07-27 06:00:00+00:00,2,EUPHORIA,1.0,True,64,False,TRANSITION,TRANSITION,0.6,0.95,0.6
2021-07-28 06:00:00+00:00,2,EUPHORIA,1.0,True,65,False,TRANSITION,TRANSITION,0.6,0.95,0.6
2021-07-29 06:00:00+00:00,2,EUPHORIA,1.0,True,66,False,TRANSITION,TRANSITION,0.6,0.95,0.6
2021-07-30 06:00:00+00:00,2,EUPHORIA,1.0,True,67,False,TRANSITION,TRANSITION,0.6,0.95,0.6
2021-07-31 06:00:00+00:00,2,EUPHORIA,1.0,True,68,False,TRANSITION,TRANSITION,0.6,0.95,0.6
2021-08-01 06:00:00+00:00,2,EUPHORIA,1.0,True,69,False,TRANSITION,TRANSITION,0.6,0.95,0.6
2021-08-02 06:00:00+00:00,2,EUPHORIA,1.0,True,70,False,TRANSITION,TRANSITION,0.6,0.95,0.6
2021-08-03 06:00:00+00:00,2,EUPHORIA,1.0,True,71,False,TRANSITION,TRANSITION,0.6,0.95,0.6
2021-08-04 06:00:00+00:00,2,EUPHORIA,1.0,True,72,False,TRANSITION,TRANSITION,0.6,0.95,0.6
2021-08-05 06:00:00+00:00,2,EUPHORIA,0.9999999999990905,True,73,False,TRANSITION,TRANSITION,0.6,0.95,0.6
2021-08-06 06:00:00+00:00,2,EUPHORIA,0.9999999999754436,True,74,False,TRANSITION,TRANSITION,0.6,0.95,0.6
2021-08-07 06:00:00+00:00,2,EUPHORIA,0.9976096647286445,True,75,False,TRANSITION,TRANSITION,0.6,0.95,0.6
2021-08-08 06:00:00+00:00,2,EUPHORIA,0.9999999981355359,True,76,False,TRANSITION,TRANSITION,0.6,0.95,0.6
2021-08-09 06:00:00+00:00,2,EUPHORIA,0.9999999986312105,True,77,False,TRANSITION,TRANSITION,0.6,0.95,0.6
2021-08-10 06:00:00+00:00,2,EUPHORIA,0.9999999984811438,True,78,False,TRANSITION,TRANSITION,0.6,0.95,0.6
2021-08-11 06:00:00+00:00,2,EUPHORIA,0.9999999385036081,True,79,False,TRANSITION,TRANSITION,0.6,0.95,0.6
2021-08-12 06:00:00+00:00,2,EUPHORIA,0.9999998759631202,True,80,False,TRANSITION,TRANSITION,0.6,0.95,0.6
2021-08-13 06:00:00+00:00,2,EUPHORIA,0.9999998850544283,True,81,False,BULL_STRUCTURE,TRANSITION,0.6,0.95,0.6
2021-08-14 06:00:00+00:00,2,EUPHORIA,0.9999999629226302,True,82,False,BULL_STRUCTURE,TRANSITION,0.6,0.95,0.6
2021-08-15 06:00:00+00:00,2,EUPHORIA,0.999999959627531,True,83,False,BULL_STRUCTURE,TRANSITION,0.6,0.95,0.6
2021-08-16 06:00:00+00:00,2,EUPHORIA,0.9999994871233363,True,84,False,BULL_STRUCTURE,TRANSITION,0.6,0.95,0.6
2021-08-17 06:00:00+00:00,2,EUPHORIA,0.9999987883209607,True,85,False,BULL_STRUCTURE,BULL_STRUCTURE,1.0,0.95,0.95
2021-08-18 06:00:00+00:00,2,EUPHORIA,0.9999047354572522,True,86,False,TRANSITION,BULL_STRUCTURE,0.6,0.9493369857025866006777498594,0.6
2021-08-19 06:00:00+00:00,2,EUPHORIA,0.9999808241310852,True,87,False,BULL_STRUCTURE,BULL_STRUCTURE,1.0,0.95,0.95
2021-08-20 06:00:00+00:00,2,EUPHORIA,0.9999836603099342,True,88,False,BULL_STRUCTURE,BULL_STRUCTURE,1.0,0.9520311849864067731035763441,0.9520311849864067731035763441
2021-08-21 06:00:00+00:00,2,EUPHORIA,0.999911242653215,True,89,False,BULL_STRUCTURE,BULL_STRUCTURE,1.0,0.9523036165365180682563025824,0.9523036165365180682563025824
2021-08-22 06:00:00+00:00,2,EUPHORIA,0.999868271546268,True,90,False,BULL_STRUCTURE,BULL_STRUCTURE,1.0,0.9532915387453508955396249446,0.9532915387453508955396249446
2021-08-23 06:00:00+00:00,2,EUPHORIA,0.9981758151942496,True,91,False,BULL_STRUCTURE,BULL_STRUCTURE,1.0,0.9526960644113364502453414594,0.9526960644113364502453414594
2021-08-24 06:00:00+00:00,2,EUPHORIA,0.9974143066195136,True,92,False,BULL_STRUCTURE,BULL_STRUCTURE,1.0,0.9517331576294230712624628401,0.9517331576294230712624628401
2021-08-25 06:00:00+00:00,2,EUPHORIA,0.9940421603455141,True,93,False,BULL_STRUCTURE,BULL_STRUCTURE,1.0,0.9502923979060435474305100522,0.9502923979060435474305100522
2021-08-26 06:00:00+00:00,2,EUPHORIA,0.9867829123722422,True,94,False,BULL_STRUCTURE,BULL_STRUCTURE,1.0,0.9503646304844146755131679034,0.9503646304844146755131679034
2021-08-27 06:00:00+00:00,2,EUPHORIA,0.9333017799750225,True,95,False,BULL_STRUCTURE,BULL_STRUCTURE,1.0,0.9520598757338012731561831044,0.9520598757338012731561831044
2021-08-28 06:00:00+00:00,2,EUPHORIA,0.8077309445895429,True,96,False,BULL_STRUCTURE,BULL_STRUCTURE,1.0,0.9515329700478160116334979528,0.9515329700478160116334979528
2021-08-29 06:00:00+00:00,2,EUPHORIA,0.47760246347521684,False,96,False,BULL_STRUCTURE,BULL_STRUCTURE,1.0,0.475,0.475
2021-08-30 06:00:00+00:00,2,EUPHORIA,0.2855509473923107,False,96,False,BULL_STRUCTURE,BULL_STRUCTURE,1.0,0.4708211446617755016774139350,0.4708211446617755016774139350
2021-08-31 06:00:00+00:00,0,BULL,0.8878592885458898,True,3,False,BULL_STRUCTURE,BULL_STRUCTURE,1.0,0.4722930638433604593367830039,0.4722930638433604593367830039
2021-09-01 06:00:00+00:00,0,BULL,0.9770693800743898,True,4,False,BULL_STRUCTURE,BULL_STRUCTURE,1.0,0.4827236030880751370172885085,0.4827236030880751370172885085
2021-09-02 06:00:00+00:00,0,BULL,0.9989753525519747,True,5,False,BULL_STRUCTURE,BULL_STRUCTURE,1.0,0.4827539498292959340932774985,0.4827539498292959340932774985
2021-09-03 06:00:00+00:00,0,BULL,0.9999372325983034,True,6,False,BULL_STRUCTURE,BULL_STRUCTURE,1.0,0.4868997758609933315104833914,0.4868997758609933315104833914
2021-09-04 06:00:00+00:00,0,BULL,0.9999984745138857,True,7,False,BULL_STRUCTURE,BULL_STRUCTURE,1.0,0.4839313342785695669544195489,0.4839313342785695669544195489
2021-09-05 06:00:00+00:00,0,BULL,0.999999989952812,True,8,False,BULL_STRUCTURE,BULL_STRUCTURE,1.0,0.4941355431900722763897453496,0.4941355431900722763897453496
2021-09-06 06:00:00+00:00,0,BULL,0.999999992193807,True,9,False,BULL_STRUCTURE,BULL_STRUCTURE,1.0,0.4984687368294538488700058247,0.4984687368294538488700058247
2021-09-07 06:00:00+00:00,0,BULL,1.0,True,10,False,BULL_STRUCTURE,BULL_STRUCTURE,1.0,0.4651044900845402290578904981,0.4651044900845402290578904981
2021-09-08 06:00:00+00:00,0,BULL,0.9999995045410606,True,11,False,BULL_STRUCTURE,BULL_STRUCTURE,1.0,0.4663413545984774949062337310,0.4663413545984774949062337310
2021-09-09 06:00:00+00:00,0,BULL,0.9967419157887912,True,12,False,BULL_STRUCTURE,BULL_STRUCTURE,1.0,0.4684320145078076824632180672,0.4684320145078076824632180672
2021-09-10 06:00:00+00:00,0,BULL,0.9976179503014031,True,13,False,BULL_STRUCTURE,BULL_STRUCTURE,1.0,0.4611143387879924497444422788,0.4611143387879924497444422788
2021-09-11 06:00:00+00:00,0,BULL,0.9857085210504107,True,14,False,BULL_STRUCTURE,BULL_STRUCTURE,1.0,0.4612443021486509148127109997,0.4612443021486509148127109997
2021-09-12 06:00:00+00:00,0,BULL,0.9999992020715126,True,15,False,TRANSITION,BULL_STRUCTURE,0.6,0.4578270572584248562102152687,0.4578270572584248562102152687
2021-09-13 06:00:00+00:00,0,BULL,0.9999976581039074,True,16,False,TRANSITION,BULL_STRUCTURE,0.6,0.4605444893325865720379305100,0.4605444893325865720379305100
2021-09-14 06:00:00+00:00,0,BULL,0.999142601363455,True,17,False,BULL_STRUCTURE,BULL_STRUCTURE,1.0,0.4694879451067036593591219449,0.4694879451067036593591219449
2021-09-15 06:00:00+00:00,0,BULL,0.9718820808344721,True,18,False,BULL_STRUCTURE,BULL_STRUCTURE,1.0,0.4766584439660383373053749315,0.4766584439660383373053749315
2021-09-16 06:00:00+00:00,0,BULL,0.10355346700154588,False,18,False,BULL_STRUCTURE,BULL_STRUCTURE,1.0,0.4755341497648673116362535955,0.4755341497648673116362535955
2021-09-17 06:00:00+00:00,0,BULL,0.015169650552575603,False,18,False,BULL_STRUCTURE,BULL_STRUCTURE,1.0,0.4788054980334552903960366042,0.4788054980334552903960366042
2021-09-18 06:00:00+00:00,0,BULL,1.794561296253824e-05,False,18,False,BULL_STRUCTURE,BULL_STRUCTURE,1.0,0.4753201407996893128916556699,0.4753201407996893128916556699
2021-09-19 06:00:00+00:00,1,BEAR,0.9796960632050664,True,3,False,BULL_STRUCTURE,BULL_STRUCTURE,1.0,0.95,0.95
2021-09-20 06:00:00+00:00,1,BEAR,1.277962503429041e-09,False,3,False,TRANSITION,BULL_STRUCTURE,0.6,0.475,0.475
2021-09-21 06:00:00+00:00,1,BEAR,3.766265713489664e-12,False,3,False,BEAR_STRUCTURE,BULL_STRUCTURE,0.3,0.4720713949083959719147618148,0.3
2021-09-22 06:00:00+00:00,0,BULL,0.9969750929914912,True,3,False,BEAR_STRUCTURE,BULL_STRUCTURE,0.3,0.3093024106684633710992703472,0.3
2021-09-23 06:00:00+00:00,0,BULL,0.9947369823845877,True,4,False,BEAR_STRUCTURE,BULL_STRUCTURE,0.3,0.3015273190154839799116896585,0.3
2021-09-24 06:00:00+00:00,0,BULL,0.9999864822197724,True,5,False,BEAR_STRUCTURE,BULL_STRUCTURE,0.3,0.2915181411363630330638185388,0.2915181411363630330638185388
2021-09-25 06:00:00+00:00,0,BULL,0.9808981388542353,True,6,False,BEAR_STRUCTURE,BEAR_STRUCTURE,0.3,0.2896785239970298947271941181,0.2896785239970298947271941181
2021-09-26 06:00:00+00:00,0,BULL,0.993408996041659,True,7,False,BEAR_STRUCTURE,BEAR_STRUCTURE,0.3,0.2994080667149665180100476592,0.2994080667149665180100476592
2021-09-27 06:00:00+00:00,0,BULL,0.9813603584497401,True,8,False,BEAR_STRUCTURE,BEAR_STRUCTURE,0.3,0.2913571918464335030547238852,0.2913571918464335030547238852
2021-09-28 06:00:00+00:00,0,BULL,0.940077968489336,True,9,False,BEAR_STRUCTURE,BEAR_STRUCTURE,0.3,0.2908082369578976410408210180,0.2908082369578976410408210180
2021-09-29 06:00:00+00:00,0,BULL,0.9319988046237596,True,10,False,BEAR_STRUCTURE,BEAR_STRUCTURE,0.3,0.2966884593497426981548965705,0.2966884593497426981548965705
2021-09-30 06:00:00+00:00,0,BULL,0.012537339375181627,False,10,False,BEAR_STRUCTURE,BEAR_STRUCTURE,0.3,0.2982854644795282608911474255,0.2982854644795282608911474255
2021-10-01 06:00:00+00:00,0,BULL,0.06140440439686903,False,10,False,TRANSITION,BEAR_STRUCTURE,0.3,0.3164156991748793765598671086,0.3
2021-10-02 06:00:00+00:00,0,BULL,0.006709876109399983,False,10,False,TRANSITION,BEAR_STRUCTURE,0.3,0.3010639290530464411177408943,0.3
2021-10-03 06:00:00+00:00,2,EUPHORIA,0.9987578337356362,True,3,False,TRANSITION,BEAR_STRUCTURE,0.3,0.95,0.3
2021-10-04 06:00:00+00:00,2,EUPHORIA,0.9997533030930688,True,4,False,TRANSITION,BEAR_STRUCTURE,0.3,0.95,0.3
2021-10-05 06:00:00+00:00,2,EUPHORIA,0.9999708952452238,True,5,False,TRANSITION,TRANSITION,0.6,0.95,0.6
2021-10-06 06:00:00+00:00,2,EUPHORIA,0.9925267992769343,True,6,False,TRANSITION,TRANSITION,0.6,0.95,0.6
2021-10-07 06:00:00+00:00,2,EUPHORIA,0.9984717788050279,True,7,False,TRANSITION,TRANSITION,0.6,0.95,0.6
2021-10-08 06:00:00+00:00,2,EUPHORIA,0.9806986065894667,True,8,False,TRANSITION,TRANSITION,0.6,0.95,0.6
2021-10-09 06:00:00+00:00,2,EUPHORIA,0.9438766662740631,True,9,False,TRANSITION,TRANSITION,0.6,0.95,0.6
2021-10-10 06:00:00+00:00,2,EUPHORIA,0.9818073173292412,True,10,False,TRANSITION,TRANSITION,0.6,0.95,0.6
2021-10-11 06:00:00+00:00,2,EUPHORIA,0.9999861947606187,True,11,False,TRANSITION,TRANSITION,0.6,0.95,0.6
2021-10-12 06:00:00+00:00,2,EUPHORIA,0.9999316136774308,True,12,False,TRANSITION,TRANSITION,0.6,0.95,0.6
2021-10-13 06:00:00+00:00,2,EUPHORIA,0.9999999998053681,True,13,False,TRANSITION,TRANSITION,0.6,0.95,0.6
2021-10-14 06:00:00+00:00,2,EUPHORIA,0.9999999999699867,True,14,False,TRANSITION,TRANSITION,0.6,0.95,0.6
2021-10-15 06:00:00+00:00,2,EUPHORIA,0.9999999999990905,True,15,False,TRANSITION,TRANSITION,0.6,0.95,0.6
2021-10-16 06:00:00+00:00,2,EUPHORIA,0.999999990899596,True,16,False,TRANSITION,TRANSITION,0.6,0.95,0.6
2021-10-17 06:00:00+00:00,2,EUPHORIA,0.9999998607972981,True,17,False,TRANSITION,TRANSITION,0.6,0.95,0.6
2021-10-18 06:00:00+00:00,2,EUPHORIA,0.9999989677349602,True,18,False,TRANSITION,TRANSITION,0.6,0.95,0.6
2021-10-19 06:00:00+00:00,2,EUPHORIA,0.999991292293712,True,19,False,TRANSITION,TRANSITION,0.6,0.95,0.6
2021-10-20 06:00:00+00:00,2,EUPHORIA,0.9999552847759721,True,20,False,TRANSITION,TRANSITION,0.6,0.95,0.6
2021-10-21 06:00:00+00:00,2,EUPHORIA,0.9997579191609596,True,21,False,TRANSITION,TRANSITION,0.6,0.95,0.6
2021-10-22 06:00:00+00:00,2,EUPHORIA,0.9982759124656351,True,22,False,TRANSITION,TRANSITION,0.6,0.95,0.6
2021-10-23 06:00:00+00:00,2,EUPHORIA,0.9974975728055292,True,23,False,TRANSITION,TRANSITION,0.6,0.95,0.6
2021-10-24 06:00:00+00:00,2,EUPHORIA,0.9925421188829432,True,24,False,TRANSITION,TRANSITION,0.6,0.95,0.6
2021-10-25 06:00:00+00:00,4,WEAK_BULL,1.0,True,1,False,TRANSITION,TRANSITION,0.6,0.95,0.6
2021-10-26 06:00:00+00:00,4,WEAK_BULL,1.0,True,2,False,TRANSITION,TRANSITION,0.6,0.95,0.6
2021-10-27 06:00:00+00:00,4,WEAK_BULL,0.9999999999931788,True,3,False,TRANSITION,TRANSITION,0.6,0.95,0.6
2021-10-28 06:00:00+00:00,4,WEAK_BULL,0.9999999816714082,True,4,False,TRANSITION,TRANSITION,0.6,0.95,0.6
2021-10-29 06:00:00+00:00,4,WEAK_BULL,0.9999999899837348,True,5,False,BULL_STRUCTURE,TRANSITION,0.6,0.95,0.6
2021-10-30 06:00:00+00:00,4,WEAK_BULL,0.9999999861238394,True,6,False,BULL_STRUCTURE,TRANSITION,0.6,0.95,0.6
2021-10-31 06:00:00+00:00,4,WEAK_BULL,0.9999999991046025,True,7,False,BULL_STRUCTURE,TRANSITION,0.6,0.95,0.6
2021-11-01 06:00:00+00:00,4,WEAK_BULL,1.0,True,8,False,BULL_STRUCTURE,TRANSITION,0.6,0.95,0.6
2021-11-02 06:00:00+00:00,4,WEAK_BULL,1.0,True,9,False,BULL_STRUCTURE,BULL_STRUCTURE,1.0,0.95,0.95
2021-11-03 06:00:00+00:00,4,WEAK_BULL,0.9999999999868123,True,10,False,BULL_STRUCTURE,BULL_STRUCTURE,1.0,0.9499268996934700892440894693,0.9499268996934700892440894693
2021-11-04 06:00:00+00:00,4,WEAK_BULL,0.9999999978199412,True,11,False,BULL_STRUCTURE,BULL_STRUCTURE,1.0,0.9497779272469999960869565293,0.9497779272469999960869565293
2021-11-05 06:00:00+00:00,4,WEAK_BULL,0.9999999912679414,True,12,False,BULL_STRUCTURE,BULL_STRUCTURE,1.0,0.9491851082953949557598198383,0.9491851082953949557598198383
2021-11-06 06:00:00+00:00,4,WEAK_BULL,0.9999999999968168,True,13,False,BULL_STRUCTURE,BULL_STRUCTURE,1.0,0.9495925586792009762854372604,0.9495925586792009762854372604
2021-11-07 06:00:00+00:00,4,WEAK_BULL,0.9998615676461005,True,14,False,BULL_STRUCTURE,BULL_STRUCTURE,1.0,0.9521668075057204695134818322,0.9521668075057204695134818322
2021-11-08 06:00:00+00:00,4,WEAK_BULL,0.9003065914611489,True,15,False,BULL_STRUCTURE,BULL_STRUCTURE,1.0,0.9539395894460332559220194660,0.9539395894460332559220194660
2021-11-09 06:00:00+00:00,4,WEAK_BULL,0.008676904026973629,False,15,False,BULL_STRUCTURE,BULL_STRUCTURE,1.0,0.475,0.475
2021-11-10 06:00:00+00:00,4,WEAK_BULL,0.9985778202207356,True,16,False,BULL_STRUCTURE,BULL_STRUCTURE,1.0,0.95,0.95
2021-11-11 06:00:00+00:00,4,WEAK_BULL,4.692283530271734e-05,False,16,False,BULL_STRUCTURE,BULL_STRUCTURE,1.0,0.475,0.475
2021-11-12 06:00:00+00:00,4,WEAK_BULL,0.01517979856226815,False,16,False,BULL_STRUCTURE,BULL_STRUCTURE,1.0,0.4710996869260984565761753423,0.4710996869260984565761753423
2021-11-13 06:00:00+00:00,4,WEAK_BULL,0.9999986424009086,True,17,False,BULL_STRUCTURE,BULL_STRUCTURE,1.0,0.95,0.95
2021-11-14 06:00:00+00:00,4,WEAK_BULL,0.999999970635145,True,18,False,BULL_STRUCTURE,BULL_STRUCTURE,1.0,0.9511560356537803980635385208,0.9511560356537803980635385208
2021-11-15 06:00:00+00:00,4,WEAK_BULL,0.9999999996935003,True,19,False,BULL_STRUCTURE,BULL_STRUCTURE,1.0,0.9475334594346981993181686765,0.9475334594346981993181686765
2021-11-16 06:00:00+00:00,4,WEAK_BULL,0.9999999585920714,True,20,False,BULL_STRUCTURE,BULL_STRUCTURE,1.0,0.9464223644814221757576369649,0.9464223644814221757576369649
2021-11-17 06:00:00+00:00,4,WEAK_BULL,0.9999481359621563,True,21,False,BULL_STRUCTURE,BULL_STRUCTURE,1.0,0.9465980621997982878291544241,0.9465980621997982878291544241
2021-11-18 06:00:00+00:00,4,WEAK_BULL,0.9721276116312405,True,22,False,BULL_STRUCTURE,BULL_STRUCTURE,1.0,0.9435639063595848833762050049,0.9435639063595848833762050049
2021-11-19 06:00:00+00:00,4,WEAK_BULL,0.5430961748209392,True,23,False,BULL_STRUCTURE,BULL_STRUCTURE,1.0,0.475,0.475
2021-11-20 06:00:00+00:00,4,WEAK_BULL,0.9359971714005216,True,24,False,BULL_STRUCTURE,BULL_STRUCTURE,1.0,0.95,0.95
2021-11-21 06:00:00+00:00,4,WEAK_BULL,0.991114973707744,True,25,False,BULL_STRUCTURE,BULL_STRUCTURE,1.0,0.9493069800092688278806031387,0.9493069800092688278806031387
2021-11-22 06:00:00+00:00,4,WEAK_BULL,0.9997904953846537,True,26,False,BULL_STRUCTURE,BULL_STRUCTURE,1.0,0.9485424968427104529630780242,0.9485424968427104529630780242
2021-11-23 06:00:00+00:00,4,WEAK_BULL,0.9906328047927231,True,27,False,BULL_STRUCTURE,BULL_STRUCTURE,1.0,0.9485772879959589778430360601,0.9485772879959589778430360601
2021-11-24 06:00:00+00:00,4,WEAK_BULL,0.9998129041755593,True,28,False,BULL_STRUCTURE,BULL_STRUCTURE,1.0,0.9490128171852074767900149287,0.9490128171852074767900149287
2021-11-25 06:00:00+00:00,4,WEAK_BULL,0.9999820234876629,True,29,False,BULL_STRUCTURE,BULL_STRUCTURE,1.0,0.9496264666351167768105181483,0.9496264666351167768105181483
2021-11-26 06:00:00+00:00,4,WEAK_BULL,0.999999998023668,True,30,False,BULL_STRUCTURE,BULL_STRUCTURE,1.0,0.9464722698473240936579650845,0.9464722698473240936579650845
2021-11-27 06:00:00+00:00,4,WEAK_BULL,0.9963694875036749,True,31,False,BULL_STRUCTURE,BULL_STRUCTURE,1.0,0.9465909904552063907655333465,0.9465909904552063907655333465
2021-11-28 06:00:00+00:00,4,WEAK_BULL,0.9437137588339714,True,32,False,BULL_STRUCTURE,BULL_STRUCTURE,1.0,0.9491983314705193699761723527,0.9491983314705193699761723527
2021-11-29 06:00:00+00:00,4,WEAK_BULL,0.9994634417784586,True,33,False,BULL_STRUCTURE,BULL_STRUCTURE,1.0,0.9483084618807390306287186817,0.9483084618807390306287186817
2021-11-30 06:00:00+00:00,4,WEAK_BULL,0.9999786083981891,True,34,False,BULL_STRUCTURE,BULL_STRUCTURE,1.0,0.9487367968937796918206657639,0.9487367968937796918206657639
2021-12-01 06:00:00+00:00,4,WEAK_BULL,0.8849080540639485,True,35,False,BULL_STRUCTURE,BULL_STRUCTURE,1.0,0.9488444754266785066125533617,0.9488444754266785066125533617
2021-12-02 06:00:00+00:00,4,WEAK_BULL,0.6611653519425519,True,36,False,BULL_STRUCTURE,BULL_STRUCTURE,1.0,0.9486886577768689832881871250,0.9486886577768689832881871250
2021-12-03 06:00:00+00:00,4,WEAK_BULL,1.5357109693895223e-39,False,36,False,BULL_STRUCTURE,BULL_STRUCTURE,1.0,0.475,0.475
2021-12-04 06:00:00+00:00,4,WEAK_BULL,9.521829485661546e-68,False,36,False,BULL_STRUCTURE,BULL_STRUCTURE,1.0,0.4849978491287635718483536939,0.4849978491287635718483536939
2021-12-05 06:00:00+00:00,4,WEAK_BULL,1.0993722365394048e-83,False,36,False,BULL_STRUCTURE,BULL_STRUCTURE,1.0,0.4812027428896914155864352227,0.4812027428896914155864352227
2021-12-06 06:00:00+00:00,4,WEAK_BULL,3.566080989576993e-71,False,36,False,BULL_STRUCTURE,BULL_STRUCTURE,1.0,0.4922176288637525143212682775,0.4922176288637525143212682775
2021-12-07 06:00:00+00:00,4,WEAK_BULL,3.612862084430075e-64,False,36,False,BULL_STRUCTURE,BULL_STRUCTURE,1.0,0.4899077797565674840909252510,0.4899077797565674840909252510
2021-12-08 06:00:00+00:00,4,WEAK_BULL,2.8878317353864266e-58,False,36,False,BULL_STRUCTURE,BULL_STRUCTURE,1.0,0.4867293748167684754135758965,0.4867293748167684754135758965
2021-12-09 06:00:00+00:00,4,WEAK_BULL,3.5503593315025444e-20,False,36,False,BULL_STRUCTURE,BULL_STRUCTURE,1.0,0.4789778951977349539313124327,0.4789778951977349539313124327
2021-12-10 06:00:00+00:00,0,STRONG_BULL,0.9999999999727152,True,3,False,BULL_STRUCTURE,BULL_STRUCTURE,1.0,0.95,0.95
2021-12-11 06:00:00+00:00,0,STRONG_BULL,0.9999999796318664,True,4,False,BULL_STRUCTURE,BULL_STRUCTURE,1.0,0.9512106235824337300407838408,0.9512106235824337300407838408
2021-12-12 06:00:00+00:00,0,STRONG_BULL,0.999999999227839,True,5,False,BULL_STRUCTURE,BULL_STRUCTURE,1.0,0.9514546257775755425956733922,0.9514546257775755425956733922
2021-12-13 06:00:00+00:00,0,STRONG_BULL,0.9999995859594439,True,6,False,BULL_STRUCTURE,BULL_STRUCTURE,1.0,0.9489522949354476208287677728,0.9489522949354476208287677728
2021-12-14 06:00:00+00:00,0,STRONG_BULL,0.9987342318560751,True,7,False,BULL_STRUCTURE,BULL_STRUCTURE,1.0,0.9503835389264355680008783223,0.9503835389264355680008783223
2021-12-15 06:00:00+00:00,0,STRONG_BULL,0.9999991014505611,True,8,False,BULL_STRUCTURE,BULL_STRUCTURE,1.0,0.9507657011485456644318960198,0.9507657011485456644318960198
2021-12-16 06:00:00+00:00,0,STRONG_BULL,0.9999999125302603,True,9,False,BULL_STRUCTURE,BULL_STRUCTURE,1.0,0.9499704525007375886091614203,0.9499704525007375886091614203
2021-12-17 06:00:00+00:00,0,STRONG_BULL,0.9999999996089173,True,10,False,BULL_STRUCTURE,BULL_STRUCTURE,1.0,0.9488390127419198399964650578,0.9488390127419198399964650578
2021-12-18 06:00:00+00:00,0,STRONG_BULL,0.006912765420453869,False,10,False,BULL_STRUCTURE,BULL_STRUCTURE,1.0,0.475,0.475
2021-12-19 06:00:00+00:00,0,STRONG_BULL,8.184752264964166e-11,False,10,False,BULL_STRUCTURE,BULL_STRUCTURE,1.0,0.4691078678726934957987990843,0.4691078678726934957987990843
2021-12-20 06:00:00+00:00,2,STRONG_BEAR,0.9999999994392965,True,3,False,BULL_STRUCTURE,BULL_STRUCTURE,1.0,0.4804833241202684434072310156,0.4804833241202684434072310156
2021-12-21 06:00:00+00:00,2,STRONG_BEAR,0.9999999672609198,True,4,False,BULL_STRUCTURE,BULL_STRUCTURE,1.0,0.4823480626701491858151431756,0.4823480626701491858151431756
2021-12-22 06:00:00+00:00,2,STRONG_BEAR,0.9999999787519303,True,5,False,BULL_STRUCTURE,BULL_STRUCTURE,1.0,0.4793715949620540260856835850,0.4793715949620540260856835850
2021-12-23 06:00:00+00:00,2,STRONG_BEAR,0.8017751728890474,True,6,False,BULL_STRUCTURE,BULL_STRUCTURE,1.0,0.4925842431783099084327175759,0.4925842431783099084327175759
2021-12-24 06:00:00+00:00,2,STRONG_BEAR,5.9600461199843195e-09,False,6,False,BULL_STRUCTURE,BULL_STRUCTURE,1.0,0.4919674110623020080498753313,0.4919674110623020080498753313
2021-12-25 06:00:00+00:00,2,STRONG_BEAR,4.494563709716279e-16,False,6,False,BULL_STRUCTURE,BULL_STRUCTURE,1.0,0.4868858615056482453527797891,0.4868858615056482453527797891
2021-12-26 06:00:00+00:00,4,WEAK_BULL,1.0,True,3,False,BULL_STRUCTURE,BULL_STRUCTURE,1.0,0.95,0.95
2021-12-27 06:00:00+00:00,4,WEAK_BULL,1.0,True,4,False,BULL_STRUCTURE,BULL_STRUCTURE,1.0,0.9489896610586460639158810591,0.9489896610586460639158810591
2021-12-28 06:00:00+00:00,4,WEAK_BULL,1.0,True,5,False,BULL_STRUCTURE,BULL_STRUCTURE,1.0,0.9476753780317393210050067646,0.9476753780317393210050067646
2021-12-29 06:00:00+00:00,4,WEAK_BULL,1.0,True,6,False,TRANSITION,BULL_STRUCTURE,0.6,0.9464690295256124266224310674,0.6
2021-12-30 06:00:00+00:00,4,WEAK_BULL,1.0,True,7,False,TRANSITION,BULL_STRUCTURE,0.6,0.95,0.6
2021-12-31 06:00:00+00:00,4,WEAK_BULL,1.0,True,8,False,TRANSITION,BULL_STRUCTURE,0.6,0.95,0.6
2022-01-01 06:00:00+00:00,4,WEAK_BULL,1.0,True,9,False,TRANSITION,BULL_STRUCTURE,0.6,0.95,0.6
2022-01-02 06:00:00+00:00,4,WEAK_BULL,1.0,True,10,False,TRANSITION,TRANSITION,0.6,0.95,0.6
2022-01-03 06:00:00+00:00,4,WEAK_BULL,1.0,True,11,False,TRANSITION,TRANSITION,0.6,0.95,0.6
2022-01-04 06:00:00+00:00,4,WEAK_BULL,1.0,True,12,False,TRANSITION,TRANSITION,0.6,0.95,0.6
2022-01-05 06:00:00+00:00,4,WEAK_BULL,0.9999999999968168,True,13,False,TRANSITION,TRANSITION,0.6,0.95,0.6
2022-01-06 06:00:00+00:00,4,WEAK_BULL,1.0,True,14,False,TRANSITION,TRANSITION,0.6,0.95,0.6
2022-01-07 06:00:00+00:00,4,WEAK_BULL,1.0,True,15,False,TRANSITION,TRANSITION,0.6,0.95,0.6
2022-01-08 06:00:00+00:00,4,WEAK_BULL,1.0,True,16,False,TRANSITION,TRANSITION,0.6,0.95,0.6
2022-01-09 06:00:00+00:00,4,WEAK_BULL,1.0,True,17,False,TRANSITION,TRANSITION,0.6,0.95,0.6
2022-01-10 06:00:00+00:00,4,WEAK_BULL,1.0,True,18,False,TRANSITION,TRANSITION,0.6,0.95,0.6
2022-01-11 06:00:00+00:00,4,WEAK_BULL,1.0,True,19,False,TRANSITION,TRANSITION,0.6,0.95,0.6
2022-01-12 06:00:00+00:00,4,WEAK_BULL,1.0,True,20,False,TRANSITION,TRANSITION,0.6,0.95,0.6
2022-01-13 06:00:00+00:00,4,WEAK_BULL,1.0,True,21,False,TRANSITION,TRANSITION,0.6,0.95,0.6
2022-01-14 06:00:00+00:00,4,WEAK_BULL,1.0,True,22,False,TRANSITION,TRANSITION,0.6,0.95,0.6
2022-01-15 06:00:00+00:00,4,WEAK_BULL,1.0,True,23,False,TRANSITION,TRANSITION,0.6,0.95,0.6
2022-01-16 06:00:00+00:00,4,WEAK_BULL,1.0,True,24,False,TRANSITION,TRANSITION,0.6,0.95,0.6
2022-01-17 06:00:00+00:00,4,WEAK_BULL,1.0,True,25,False,TRANSITION,TRANSITION,0.6,0.95,0.6
2022-01-18 06:00:00+00:00,4,WEAK_BULL,1.0,True,26,False,TRANSITION,TRANSITION,0.6,0.95,0.6
2022-01-19 06:00:00+00:00,4,WEAK_BULL,1.0,True,27,False,TRANSITION,TRANSITION,0.6,0.95,0.6
2022-01-20 06:00:00+00:00,4,WEAK_BULL,1.0,True,28,False,TRANSITION,TRANSITION,0.6,0.95,0.6
2022-01-21 06:00:00+00:00,4,WEAK_BULL,0.9999896611968909,True,29,False,TRANSITION,TRANSITION,0.6,0.95,0.6
2022-01-22 06:00:00+00:00,4,WEAK_BULL,0.9999983388406845,True,30,False,TRANSITION,TRANSITION,0.6,0.95,0.6
2022-01-23 06:00:00+00:00,4,WEAK_BULL,0.9999999999995453,True,31,False,TRANSITION,TRANSITION,0.6,0.95,0.6
2022-01-24 06:00:00+00:00,4,WEAK_BULL,0.9985799912286552,True,32,False,TRANSITION,TRANSITION,0.6,0.95,0.6
2022-01-25 06:00:00+00:00,4,WEAK_BULL,1.0,True,33,False,TRANSITION,TRANSITION,0.6,0.95,0.6
2022-01-26 06:00:00+00:00,4,WEAK_BULL,0.9999999999990905,True,34,False,TRANSITION,TRANSITION,0.6,0.95,0.6
2022-01-27 06:00:00+00:00,4,WEAK_BULL,1.0,True,35,False,TRANSITION,TRANSITION,0.6,0.95,0.6
2022-01-28 06:00:00+00:00,4,WEAK_BULL,1.0,True,36,False,TRANSITION,TRANSITION,0.6,0.95,0.6
2022-01-29 06:00:00+00:00,4,WEAK_BULL,1.0,True,37,False,TRANSITION,TRANSITION,0.6,0.95,0.6
2022-01-30 06:00:00+00:00,4,WEAK_BULL,1.0,True,38,False,TRANSITION,TRANSITION,0.6,0.95,0.6
2022-01-31 06:00:00+00:00,4,WEAK_BULL,1.0,True,39,False,TRANSITION,TRANSITION,0.6,0.95,0.6
2022-02-01 06:00:00+00:00,4,WEAK_BULL,1.0,True,40,False,TRANSITION,TRANSITION,0.6,0.95,0.6
2022-02-02 06:00:00+00:00,4,WEAK_BULL,0.999999999998181,True,41,False,TRANSITION,TRANSITION,0.6,0.95,0.6
2022-02-03 06:00:00+00:00,4,WEAK_BULL,1.0,True,42,False,TRANSITION,TRANSITION,0.6,0.95,0.6
2022-02-04 06:00:00+00:00,4,WEAK_BULL,6.778237658177188e-13,False,42,False,TRANSITION,TRANSITION,0.6,0.6239116325899850010014897055,0.6
2022-02-05 06:00:00+00:00,4,WEAK_BULL,4.059327667588061e-18,False,42,False,TRANSITION,TRANSITION,0.6,0.6002933191439575669196478759,0.6
2022-02-06 06:00:00+00:00,0,STRONG_BULL,1.0,True,3,False,TRANSITION,TRANSITION,0.6,0.95,0.6
2022-02-07 06:00:00+00:00,0,STRONG_BULL,0.9999999999972715,True,4,False,TRANSITION,TRANSITION,0.6,0.95,0.6
2022-02-08 06:00:00+00:00,0,STRONG_BULL,0.9999999972660589,True,5,False,TRANSITION,TRANSITION,0.6,0.95,0.6
2022-02-09 06:00:00+00:00,0,STRONG_BULL,0.9999999920919436,True,6,False,TRANSITION,TRANSITION,0.6,0.95,0.6
2022-02-10 06:00:00+00:00,0,STRONG_BULL,0.9999974538291682,True,7,False,TRANSITION,TRANSITION,0.6,0.95,0.6
2022-02-11 06:00:00+00:00,0,STRONG_BULL,0.998068025857323,True,8,False,TRANSITION,TRANSITION,0.6,0.95,0.6
2022-02-12 06:00:00+00:00,0,STRONG_BULL,1.345113665840608e-11,False,8,False,TRANSITION,TRANSITION,0.6,0.5999812493238875264393051268,0.5999812493238875264393051268
2022-02-13 06:00:00+00:00,0,STRONG_BULL,5.391376955792135e-14,False,8,False,TRANSITION,TRANSITION,0.6,0.5971802529877666881885900072,0.5971802529877666881885900072
2022-02-14 06:00:00+00:00,0,STRONG_BULL,5.1949627188802156e-12,False,8,False,TRANSITION,TRANSITION,0.6,0.6072561029824237957732381401,0.6
2022-02-15 06:00:00+00:00,2,STRONG_BEAR,0.9999998499943216,True,3,False,TRANSITION,TRANSITION,0.6,0.95,0.6
2022-02-16 06:00:00+00:00,2,STRONG_BEAR,0.9999999858273442,True,4,False,TRANSITION,TRANSITION,0.6,0.95,0.6
2022-02-17 06:00:00+00:00,2,STRONG_BEAR,0.9999999953815859,True,5,False,TRANSITION,TRANSITION,0.6,0.5828332825830867757858476492,0.5828332825830867757858476492
2022-02-18 06:00:00+00:00,2,STRONG_BEAR,0.9999903520921841,True,6,False,TRANSITION,TRANSITION,0.6,0.5804988854497710430957493272,0.5804988854497710430957493272
2022-02-19 06:00:00+00:00,2,STRONG_BEAR,0.9999999997298801,True,7,False,TRANSITION,TRANSITION,0.6,0.5750559375769538685795228719,0.5750559375769538685795228719
2022-02-20 06:00:00+00:00,2,STRONG_BEAR,1.0,True,8,False,TRANSITION,TRANSITION,0.6,0.5743016895151359066492260776,0.5743016895151359066492260776
2022-02-21 06:00:00+00:00,2,STRONG_BEAR,1.0,True,9,False,TRANSITION,TRANSITION,0.6,0.5582105609278142419650207772,0.5582105609278142419650207772
2022-02-22 06:00:00+00:00,2,STRONG_BEAR,0.9999994373112477,True,10,False,TRANSITION,TRANSITION,0.6,0.5663497205036305733186719993,0.5663497205036305733186719993
2022-02-23 06:00:00+00:00,2,STRONG_BEAR,9.852370593153497e-06,False,10,False,TRANSITION,TRANSITION,0.6,0.5439373166944932447326780565,0.5439373166944932447326780565
2022-02-24 06:00:00+00:00,2,STRONG_BEAR,1.8422824340018714e-08,False,10,False,TRANSITION,TRANSITION,0.6,0.30,0.30
2022-02-25 06:00:00+00:00,1,CRASH,0.9999904600636308,True,3,False,TRANSITION,TRANSITION,0.6,0.3031940466680469617788350945,0.3031940466680469617788350945
2022-02-26 06:00:00+00:00,1,CRASH,0.9999715796157544,True,4,False,TRANSITION,TRANSITION,0.6,0.3008191381687777221721580233,0.3008191381687777221721580233
2022-02-27 06:00:00+00:00,1,CRASH,0.9999632795827919,True,5,False,TRANSITION,TRANSITION,0.6,0.2966798506802887936350754569,0.2966798506802887936350754569
2022-02-28 06:00:00+00:00,1,CRASH,3.385326816740296e-31,False,5,False,TRANSITION,TRANSITION,0.6,0.3251577569801440828003352445,0.3251577569801440828003352445
2022-03-01 06:00:00+00:00,1,CRASH,5.187396413242163e-55,False,5,False,TRANSITION,TRANSITION,0.6,0.3304927015076881242700082567,0.3304927015076881242700082567
2022-03-02 06:00:00+00:00,2,STRONG_BEAR,1.0,True,3,False,TRANSITION,TRANSITION,0.6,0.95,0.6
2022-03-03 06:00:00+00:00,2,STRONG_BEAR,1.0,True,4,False,TRANSITION,TRANSITION,0.6,0.5891555907324205677095357457,0.5891555907324205677095357457
2022-03-04 06:00:00+00:00,2,STRONG_BEAR,1.0,True,5,False,TRANSITION,TRANSITION,0.6,0.5748225055749241514428145504,0.5748225055749241514428145504
2022-03-05 06:00:00+00:00,2,STRONG_BEAR,1.0,True,6,False,TRANSITION,TRANSITION,0.6,0.5778050891429370532241950896,0.5778050891429370532241950896
2022-03-06 06:00:00+00:00,2,STRONG_BEAR,1.0,True,7,False,BEAR_STRUCTURE,TRANSITION,0.3,0.5685737534367635509118410571,0.3
2022-03-07 06:00:00+00:00,2,STRONG_BEAR,1.0,True,8,False,BEAR_STRUCTURE,TRANSITION,0.3,0.60,0.3
2022-03-08 06:00:00+00:00,2,STRONG_BEAR,1.0,True,9,False,BEAR_STRUCTURE,TRANSITION,0.3,0.95,0.3
2022-03-09 06:00:00+00:00,2,STRONG_BEAR,0.9999999999990905,True,10,False,BEAR_STRUCTURE,TRANSITION,0.3,0.60,0.3
2022-03-10 06:00:00+00:00,2,STRONG_BEAR,1.5947007603141397e-06,False,10,False,BEAR_STRUCTURE,BEAR_STRUCTURE,0.3,0.2976358879611027386802763201,0.2976358879611027386802763201
2022-03-11 06:00:00+00:00,2,STRONG_BEAR,1.6287794219353783e-33,False,10,False,BEAR_STRUCTURE,BEAR_STRUCTURE,0.3,0.2997823677199484843382200138,0.2997823677199484843382200138
2022-03-12 06:00:00+00:00,5,WEAK_BEAR,0.9999991695752934,True,3,False,BEAR_STRUCTURE,BEAR_STRUCTURE,0.3,0.60,0.3
2022-03-13 06:00:00+00:00,5,WEAK_BEAR,0.999999999996362,True,4,False,BEAR_STRUCTURE,BEAR_STRUCTURE,0.3,0.60,0.3
2022-03-14 06:00:00+00:00,5,WEAK_BEAR,1.0,True,5,False,BEAR_STRUCTURE,BEAR_STRUCTURE,0.3,0.60,0.3
2022-03-15 06:00:00+00:00,5,WEAK_BEAR,1.0,True,6,False,BEAR_STRUCTURE,BEAR_STRUCTURE,0.3,0.60,0.3
2022-03-16 06:00:00+00:00,5,WEAK_BEAR,0.9999993699622958,True,7,False,BEAR_STRUCTURE,BEAR_STRUCTURE,0.3,0.95,0.3
2022-03-17 06:00:00+00:00,5,WEAK_BEAR,0.9999971946093198,True,8,False,BEAR_STRUCTURE,BEAR_STRUCTURE,0.3,0.95,0.3
2022-03-18 06:00:00+00:00,5,WEAK_BEAR,0.999741786270453,True,9,False,BEAR_STRUCTURE,BEAR_STRUCTURE,0.3,0.95,0.3
2022-03-19 06:00:00+00:00,5,WEAK_BEAR,0.8916759112462002,True,10,False,BEAR_STRUCTURE,BEAR_STRUCTURE,0.3,0.95,0.3
2022-03-20 06:00:00+00:00,5,WEAK_BEAR,0.9992556688674056,True,11,False,BEAR_STRUCTURE,BEAR_STRUCTURE,0.3,0.95,0.3
2022-03-21 06:00:00+00:00,5,WEAK_BEAR,0.9989972798998171,True,12,False,BEAR_STRUCTURE,BEAR_STRUCTURE,0.3,0.95,0.3
2022-03-22 06:00:00+00:00,5,WEAK_BEAR,0.9860030910228763,True,13,False,BEAR_STRUCTURE,BEAR_STRUCTURE,0.3,0.95,0.3
2022-03-23 06:00:00+00:00,5,WEAK_BEAR,0.999169268248002,True,14,False,BEAR_STRUCTURE,BEAR_STRUCTURE,0.3,0.95,0.3
2022-03-24 06:00:00+00:00,5,WEAK_BEAR,0.9999999886231309,True,15,False,BEAR_STRUCTURE,BEAR_STRUCTURE,0.3,0.95,0.3
2022-03-25 06:00:00+00:00,5,WEAK_BEAR,0.9999999995507096,True,16,False,BEAR_STRUCTURE,BEAR_STRUCTURE,0.3,0.95,0.3
2022-03-26 06:00:00+00:00,5,WEAK_BEAR,0.9999999422934723,True,17,False,BEAR_STRUCTURE,BEAR_STRUCTURE,0.3,0.95,0.3
2022-03-27 06:00:00+00:00,5,WEAK_BEAR,0.9999999644405768,True,18,False,BEAR_STRUCTURE,BEAR_STRUCTURE,0.3,0.95,0.3
2022-03-28 06:00:00+00:00,5,WEAK_BEAR,0.999997566766301,True,19,False,BEAR_STRUCTURE,BEAR_STRUCTURE,0.3,0.95,0.3
2022-03-29 06:00:00+00:00,5,WEAK_BEAR,0.9999998809353272,True,20,False,BEAR_STRUCTURE,BEAR_STRUCTURE,0.3,0.95,0.3
2022-03-30 06:00:00+00:00,5,WEAK_BEAR,0.9742005860798885,True,21,False,BEAR_STRUCTURE,BEAR_STRUCTURE,0.3,0.95,0.3
2022-03-31 06:00:00+00:00,5,WEAK_BEAR,0.9993253914859503,True,22,False,BEAR_STRUCTURE,BEAR_STRUCTURE,0.3,0.95,0.3
2022-04-01 06:00:00+00:00,5,WEAK_BEAR,0.9948415039369021,True,23,False,BEAR_STRUCTURE,BEAR_STRUCTURE,0.3,0.95,0.3
2022-04-02 06:00:00+00:00,5,WEAK_BEAR,0.9980668640818858,True,24,False,BEAR_STRUCTURE,BEAR_STRUCTURE,0.3,0.95,0.3
2022-04-03 06:00:00+00:00,5,WEAK_BEAR,0.9992616146006579,True,25,False,BEAR_STRUCTURE,BEAR_STRUCTURE,0.3,0.95,0.3
2022-04-04 06:00:00+00:00,5,WEAK_BEAR,0.9999964645766082,True,26,False,BEAR_STRUCTURE,BEAR_STRUCTURE,0.3,0.95,0.3
2022-04-05 06:00:00+00:00,5,WEAK_BEAR,0.9999999954234227,True,27,False,BEAR_STRUCTURE,BEAR_STRUCTURE,0.3,0.95,0.3
2022-04-06 06:00:00+00:00,5,WEAK_BEAR,0.9999999998399289,True,28,False,BEAR_STRUCTURE,BEAR_STRUCTURE,0.3,0.95,0.3
2022-04-07 06:00:00+00:00,5,WEAK_BEAR,0.9999999918773028,True,29,False,BEAR_STRUCTURE,BEAR_STRUCTURE,0.3,0.95,0.3
2022-04-08 06:00:00+00:00,5,WEAK_BEAR,0.9999999995307007,True,30,False,BEAR_STRUCTURE,BEAR_STRUCTURE,0.3,0.60,0.3
2022-04-09 06:00:00+00:00,5,WEAK_BEAR,0.9999997548430047,True,31,False,BEAR_STRUCTURE,BEAR_STRUCTURE,0.3,0.60,0.3
2022-04-10 06:00:00+00:00,5,WEAK_BEAR,0.9999999983410817,True,32,False,BEAR_STRUCTURE,BEAR_STRUCTURE,0.3,0.60,0.3
2022-04-11 06:00:00+00:00,5,WEAK_BEAR,0.9999999978381311,True,33,False,BEAR_STRUCTURE,BEAR_STRUCTURE,0.3,0.60,0.3
2022-04-12 06:00:00+00:00,5,WEAK_BEAR,0.9999999463088912,True,34,False,BEAR_STRUCTURE,BEAR_STRUCTURE,0.3,0.60,0.3
2022-04-13 06:00:00+00:00,5,WEAK_BEAR,0.9999998701168891,True,35,False,BEAR_STRUCTURE,BEAR_STRUCTURE,0.3,0.60,0.3
2022-04-14 06:00:00+00:00,5,WEAK_BEAR,0.9999967951304339,True,36,False,BEAR_STRUCTURE,BEAR_STRUCTURE,0.3,0.60,0.3
2022-04-15 06:00:00+00:00,5,WEAK_BEAR,0.9909295358586268,True,37,False,BEAR_STRUCTURE,BEAR_STRUCTURE,0.3,0.60,0.3
2022-04-16 06:00:00+00:00,5,WEAK_BEAR,2.9243083063706086e-07,False,37,False,BEAR_STRUCTURE,BEAR_STRUCTURE,0.3,0.2995207116123908685281830967,0.2995207116123908685281830967
2022-04-17 06:00:00+00:00,5,WEAK_BEAR,2.2226220871171095e-17,False,37,False,BEAR_STRUCTURE,BEAR_STRUCTURE,0.3,0.2919429256695288674554566997,0.2919429256695288674554566997
2022-04-18 06:00:00+00:00,4,WEAK_BULL,0.9998894556043033,True,3,False,BEAR_STRUCTURE,BEAR_STRUCTURE,0.3,0.95,0.3
2022-04-19 06:00:00+00:00,4,WEAK_BULL,0.9947792125541263,True,4,False,BEAR_STRUCTURE,BEAR_STRUCTURE,0.3,0.95,0.3
2022-04-20 06:00:00+00:00,4,WEAK_BULL,0.9970244044212265,True,5,False,BEAR_STRUCTURE,BEAR_STRUCTURE,0.3,0.95,0.3
2022-04-21 06:00:00+00:00,4,WEAK_BULL,0.9999999857764125,True,6,False,BEAR_STRUCTURE,BEAR_STRUCTURE,0.3,0.95,0.3
2022-04-22 06:00:00+00:00,4,WEAK_BULL,0.9949560976526174,True,7,False,BEAR_STRUCTURE,BEAR_STRUCTURE,0.3,0.95,0.3
2022-04-23 06:00:00+00:00,4,WEAK_BULL,0.9999992994046533,True,8,False,BEAR_STRUCTURE,BEAR_STRUCTURE,0.3,0.95,0.3
2022-04-24 06:00:00+00:00,4,WEAK_BULL,0.9999999994633981,True,9,False,BEAR_STRUCTURE,BEAR_STRUCTURE,0.3,0.95,0.3
2022-04-25 06:00:00+00:00,4,NEUTRAL,0.9999999999968168,True,1,False,BEAR_STRUCTURE,BEAR_STRUCTURE,0.3,0.95,0.3
2022-04-26 06:00:00+00:00,4,NEUTRAL,0.9999999994756763,True,2,False,BEAR_STRUCTURE,BEAR_STRUCTURE,0.3,0.95,0.3
2022-04-27 06:00:00+00:00,4,NEUTRAL,0.9999999983497219,True,3,False,BEAR_STRUCTURE,BEAR_STRUCTURE,0.3,0.95,0.3
2022-04-28 06:00:00+00:00,4,NEUTRAL,0.9999999923788891,True,4,False,BEAR_STRUCTURE,BEAR_STRUCTURE,0.3,0.95,0.3
2022-04-29 06:00:00+00:00,4,NEUTRAL,0.9999999954025043,True,5,False,BEAR_STRUCTURE,BEAR_STRUCTURE,0.3,0.95,0.3
2022-04-30 06:00:00+00:00,4,NEUTRAL,0.999999998412477,True,6,False,BEAR_STRUCTURE,BEAR_STRUCTURE,0.3,0.95,0.3
2022-05-01 06:00:00+00:00,4,NEUTRAL,0.9999997358741333,True,7,False,BEAR_STRUCTURE,BEAR_STRUCTURE,0.3,0.95,0.3
2022-05-02 06:00:00+00:00,4,NEUTRAL,0.9999991818143535,True,8,False,BEAR_STRUCTURE,BEAR_STRUCTURE,0.3,0.95,0.3
2022-05-03 06:00:00+00:00,4,NEUTRAL,0.9999978074985326,True,9,False,BEAR_STRUCTURE,BEAR_STRUCTURE,0.3,0.95,0.3
2022-05-04 06:00:00+00:00,4,NEUTRAL,0.9999597777832,True,10,False,BEAR_STRUCTURE,BEAR_STRUCTURE,0.3,0.95,0.3
2022-05-05 06:00:00+00:00,4,NEUTRAL,0.988275482690532,True,11,False,BEAR_STRUCTURE,BEAR_STRUCTURE,0.3,0.95,0.3
2022-05-06 06:00:00+00:00,4,NEUTRAL,0.9998997258954724,True,12,False,BEAR_STRUCTURE,BEAR_STRUCTURE,0.3,0.95,0.3
2022-05-07 06:00:00+00:00,4,NEUTRAL,0.9991309007893514,True,13,False,BEAR_STRUCTURE,BEAR_STRUCTURE,0.3,0.95,0.3
2022-05-08 06:00:00+00:00,4,NEUTRAL,0.9999928125352201,True,14,False,BEAR_STRUCTURE,BEAR_STRUCTURE,0.3,0.95,0.3
2022-05-09 06:00:00+00:00,4,NEUTRAL,0.9997968404473679,True,15,False,BEAR_STRUCTURE,BEAR_STRUCTURE,0.3,0.95,0.3
2022-05-10 06:00:00+00:00,4,NEUTRAL,0.9999695860892986,True,16,False,BEAR_STRUCTURE,BEAR_STRUCTURE,0.3,0.95,0.3
2022-05-11 06:00:00+00:00,4,NEUTRAL,1.5511634185967387e-08,False,16,False,BEAR_STRUCTURE,BEAR_STRUCTURE,0.3,0.2699772511221924105956516385,0.2699772511221924105956516385
2022-05-12 06:00:00+00:00,4,NEUTRAL,2.0171113649109123e-15,False,16,False,BEAR_STRUCTURE,BEAR_STRUCTURE,0.3,0.2938947126587642100394404226,0.2938947126587642100394404226
2022-05-13 06:00:00+00:00,4,NEUTRAL,1.126888967779781e-08,False,16,False,BEAR_STRUCTURE,BEAR_STRUCTURE,0.3,0.2864724680102101045719987516,0.2864724680102101045719987516
2022-05-14 06:00:00+00:00,4,NEUTRAL,3.7859471456058516e-14,False,16,False,BEAR_STRUCTURE,BEAR_STRUCTURE,0.3,0.2888959575158081378760153948,0.2888959575158081378760153948
2022-05-15 06:00:00+00:00,4,NEUTRAL,2.3781008195393498e-15,False,16,False,BEAR_STRUCTURE,BEAR_STRUCTURE,0.3,0.2922492849215807915958116033,0.2922492849215807915958116033
2022-05-16 06:00:00+00:00,4,NEUTRAL,0.0016736767187039048,False,16,False,BEAR_STRUCTURE,BEAR_STRUCTURE,0.3,0.2934426480437733483864086993,0.2934426480437733483864086993
2022-05-17 06:00:00+00:00,4,NEUTRAL,2.1441972819293746e-06,False,16,False,BEAR_STRUCTURE,BEAR_STRUCTURE,0.3,0.2904769180565788110191681464,0.2904769180565788110191681464
2022-05-18 06:00:00+00:00,4,NEUTRAL,1.4288500358456532e-05,False,16,False,BEAR_STRUCTURE,BEAR_STRUCTURE,0.3,0.2837416597454396323427688683,0.2837416597454396323427688683
2022-05-19 06:00:00+00:00,1,EUPHORIA,0.9996135156505023,True,3,False,BEAR_STRUCTURE,BEAR_STRUCTURE,0.3,0.95,0.3
2022-05-20 06:00:00+00:00,1,EUPHORIA,0.9992507045932661,True,4,False,BEAR_STRUCTURE,BEAR_STRUCTURE,0.3,0.95,0.3
2022-05-21 06:00:00+00:00,1,EUPHORIA,0.9999405662442938,True,5,False,BEAR_STRUCTURE,BEAR_STRUCTURE,0.3,0.95,0.3
2022-05-22 06:00:00+00:00,1,EUPHORIA,0.9999812473150371,True,6,False,BEAR_STRUCTURE,BEAR_STRUCTURE,0.3,0.95,0.3
2022-05-23 06:00:00+00:00,1,EUPHORIA,0.9999964451489607,True,7,False,BEAR_STRUCTURE,BEAR_STRUCTURE,0.3,0.95,0.3
2022-05-24 06:00:00+00:00,1,EUPHORIA,0.9999999082779183,True,8,False,BEAR_STRUCTURE,BEAR_STRUCTURE,0.3,0.95,0.3
2022-05-25 06:00:00+00:00,1,EUPHORIA,0.9999999633191698,True,9,False,BEAR_STRUCTURE,BEAR_STRUCTURE,0.3,0.95,0.3
2022-05-26 06:00:00+00:00,1,EUPHORIA,0.9999999590008892,True,10,False,BEAR_STRUCTURE,BEAR_STRUCTURE,0.3,0.95,0.3
2022-05-27 06:00:00+00:00,1,EUPHORIA,0.9999999977881089,True,11,False,BEAR_STRUCTURE,BEAR_STRUCTURE,0.3,0.95,0.3
2022-05-28 06:00:00+00:00,1,EUPHORIA,0.9999999998581188,True,12,False,BEAR_STRUCTURE,BEAR_STRUCTURE,0.3,0.95,0.3
2022-05-29 06:00:00+00:00,1,EUPHORIA,0.9999999999672582,True,13,False,BEAR_STRUCTURE,BEAR_STRUCTURE,0.3,0.95,0.3
2022-05-30 06:00:00+00:00,1,EUPHORIA,0.9999999999849933,True,14,False,BEAR_STRUCTURE,BEAR_STRUCTURE,0.3,0.95,0.3
2022-05-31 06:00:00+00:00,1,EUPHORIA,0.9999999627648328,True,15,False,BEAR_STRUCTURE,BEAR_STRUCTURE,0.3,0.95,0.3
2022-06-01 06:00:00+00:00,1,EUPHORIA,0.33589703207632743,False,15,False,BEAR_STRUCTURE,BEAR_STRUCTURE,0.3,0.2880833340978765942220163709,0.2880833340978765942220163709
2022-06-02 06:00:00+00:00,1,EUPHORIA,0.00026480077791273253,False,15,False,BEAR_STRUCTURE,BEAR_STRUCTURE,0.3,0.2926188078607616677755462688,0.2926188078607616677755462688
2022-06-03 06:00:00+00:00,0,BEAR,0.9999971233301488,True,3,False,BEAR_STRUCTURE,BEAR_STRUCTURE,0.3,0.60,0.3
2022-06-04 06:00:00+00:00,0,BEAR,0.999999873276928,True,4,False,BEAR_STRUCTURE,BEAR_STRUCTURE,0.3,0.60,0.3
2022-06-05 06:00:00+00:00,0,BEAR,0.9999999135893669,True,5,False,BEAR_STRUCTURE,BEAR_STRUCTURE,0.3,0.60,0.3
2022-06-06 06:00:00+00:00,0,BEAR,0.9999504949645213,True,6,False,BEAR_STRUCTURE,BEAR_STRUCTURE,0.3,0.60,0.3
2022-06-07 06:00:00+00:00,0,BEAR,0.9999993458879864,True,7,False,BEAR_STRUCTURE,BEAR_STRUCTURE,0.3,0.60,0.3
2022-06-08 06:00:00+00:00,0,BEAR,0.9999999556416707,True,8,False,BEAR_STRUCTURE,BEAR_STRUCTURE,0.3,0.60,0.3
2022-06-09 06:00:00+00:00,0,BEAR,0.9999999874471542,True,9,False,BEAR_STRUCTURE,BEAR_STRUCTURE,0.3,0.60,0.3
2022-06-10 06:00:00+00:00,0,BEAR,0.9999999960396053,True,10,False,BEAR_STRUCTURE,BEAR_STRUCTURE,0.3,0.60,0.3
2022-06-11 06:00:00+00:00,0,BEAR,0.9999998995158471,True,11,False,BEAR_STRUCTURE,BEAR_STRUCTURE,0.3,0.60,0.3
2022-06-12 06:00:00+00:00,0,BEAR,0.03299515604357058,False,11,False,BEAR_STRUCTURE,BEAR_STRUCTURE,0.3,0.2839651221301343424892550677,0.2839651221301343424892550677
2022-06-13 06:00:00+00:00,0,BEAR,1.4199114167271623e-11,False,11,False,BEAR_STRUCTURE,BEAR_STRUCTURE,0.3,0.2633472005915026730559858431,0.2633472005915026730559858431
2022-06-14 06:00:00+00:00,3,CRASH,0.9999998909247612,True,3,False,BEAR_STRUCTURE,BEAR_STRUCTURE,0.3,0.2501437563837541514331305399,0.2501437563837541514331305399
2022-06-15 06:00:00+00:00,3,CRASH,0.9999999998303792,True,4,False,BEAR_STRUCTURE,BEAR_STRUCTURE,0.3,0.2564149836363914313248245751,0.2564149836363914313248245751
2022-06-16 06:00:00+00:00,3,CRASH,0.9999999514034256,True,5,False,BEAR_STRUCTURE,BEAR_STRUCTURE,0.3,0.50,0.3
2022-06-17 06:00:00+00:00,3,CRASH,0.9999999750816645,True,6,False,BEAR_STRUCTURE,BEAR_STRUCTURE,0.3,0.2961257794561894191925017185,0.2961257794561894191925017185
2022-06-18 06:00:00+00:00,3,CRASH,1.0,True,7,False,BEAR_STRUCTURE,BEAR_STRUCTURE,0.3,0.2718658168815500861841257577,0.2718658168815500861841257577
2022-06-19 06:00:00+00:00,3,CRASH,0.9999999999995453,True,8,False,BEAR_STRUCTURE,BEAR_STRUCTURE,0.3,0.2928835623996940958781384135,0.2928835623996940958781384135
2022-06-20 06:00:00+00:00,3,CRASH,0.9999999999968168,True,9,False,BEAR_STRUCTURE,BEAR_STRUCTURE,0.3,0.3008568223735264374538807085,0.3
2022-06-21 06:00:00+00:00,3,CRASH,1.0,True,10,False,BEAR_STRUCTURE,BEAR_STRUCTURE,0.3,0.2947125082673966019012492498,0.2947125082673966019012492498
2022-06-22 06:00:00+00:00,3,CRASH,1.0,True,11,False,BEAR_STRUCTURE,BEAR_STRUCTURE,0.3,0.2945124394479384611021700135,0.2945124394479384611021700135
2022-06-23 06:00:00+00:00,3,CRASH,0.9999999999217835,True,12,False,BEAR_STRUCTURE,BEAR_STRUCTURE,0.3,0.3002017238384240090372026004,0.3
2022-06-24 06:00:00+00:00,3,CRASH,0.9999967892501148,True,13,False,BEAR_STRUCTURE,BEAR_STRUCTURE,0.3,0.3032623983520151633962838631,0.3
2022-06-25 06:00:00+00:00,3,CRASH,0.9997911709728659,True,14,False,BEAR_STRUCTURE,BEAR_STRUCTURE,0.3,0.3022216631455438936948920644,0.3
2022-06-26 06:00:00+00:00,3,CRASH,0.999978328931946,True,15,False,BEAR_STRUCTURE,BEAR_STRUCTURE,0.3,0.2974506166506989119972470158,0.2974506166506989119972470158
2022-06-27 06:00:00+00:00,3,CRASH,0.9999950877670614,True,16,False,BEAR_STRUCTURE,BEAR_STRUCTURE,0.3,0.2930698914141376454460965348,0.2930698914141376454460965348
2022-06-28 06:00:00+00:00,3,CRASH,0.9954404042077309,True,17,False,BEAR_STRUCTURE,BEAR_STRUCTURE,0.3,0.2874467927090225596757462477,0.2874467927090225596757462477
2022-06-29 06:00:00+00:00,3,CRASH,0.9098181430371183,True,18,False,BEAR_STRUCTURE,BEAR_STRUCTURE,0.3,0.2856046928353423064209592919,0.2856046928353423064209592919
2022-06-30 06:00:00+00:00,3,CRASH,0.9954593996666959,True,19,False,BEAR_STRUCTURE,BEAR_STRUCTURE,0.3,0.2800909366048153241584568204,0.2800909366048153241584568204
2022-07-01 06:00:00+00:00,3,CRASH,0.9916796046189923,True,20,False,BEAR_STRUCTURE,BEAR_STRUCTURE,0.3,0.2777306113198937618936785734,0.2777306113198937618936785734
2022-07-02 06:00:00+00:00,3,CRASH,0.9784362143692408,True,21,False,BEAR_STRUCTURE,BEAR_STRUCTURE,0.3,0.2756951818718168308482859565,0.2756951818718168308482859565
2022-07-03 06:00:00+00:00,3,CRASH,0.17162518710257382,False,21,False,BEAR_STRUCTURE,BEAR_STRUCTURE,0.3,0.2766752198743880765541312479,0.2766752198743880765541312479
2022-07-04 06:00:00+00:00,3,CRASH,1.9472653185649672e-10,False,21,False,BEAR_STRUCTURE,BEAR_STRUCTURE,0.3,0.2885967659831124427324073239,0.2885967659831124427324073239
2022-07-05 06:00:00+00:00,1,EUPHORIA,0.9999999999959073,True,3,False,BEAR_STRUCTURE,BEAR_STRUCTURE,0.3,0.95,0.3
2022-07-06 06:00:00+00:00,1,EUPHORIA,0.99999999995498,True,4,False,BEAR_STRUCTURE,BEAR_STRUCTURE,0.3,0.95,0.3
2022-07-07 06:00:00+00:00,1,EUPHORIA,0.9999999997189661,True,5,False,BEAR_STRUCTURE,BEAR_STRUCTURE,0.3,0.95,0.3
2022-07-08 06:00:00+00:00,1,EUPHORIA,6.519648691821562e-05,False,5,False,BEAR_STRUCTURE,BEAR_STRUCTURE,0.3,0.2968613150868396812591239096,0.2968613150868396812591239096
2022-07-09 06:00:00+00:00,1,EUPHORIA,1.1037227786350286e-06,False,5,False,BEAR_STRUCTURE,BEAR_STRUCTURE,0.3,0.2953154352085762575476562009,0.2953154352085762575476562009
2022-07-10 06:00:00+00:00,0,BEAR,0.9999987555600922,True,3,False,BEAR_STRUCTURE,BEAR_STRUCTURE,0.3,0.60,0.3
2022-07-11 06:00:00+00:00,0,BEAR,0.9987556815343259,True,4,False,BEAR_STRUCTURE,BEAR_STRUCTURE,0.3,0.60,0.3
2022-07-12 06:00:00+00:00,0,BEAR,0.9999999957958607,True,5,False,BEAR_STRUCTURE,BEAR_STRUCTURE,0.3,0.60,0.3
2022-07-13 06:00:00+00:00,0,BEAR,2.3753474203375006e-08,False,5,False,BEAR_STRUCTURE,BEAR_STRUCTURE,0.3,0.3063488212935201535505761249,0.3
2022-07-14 06:00:00+00:00,0,BEAR,4.8185669618085036e-11,False,5,False,BEAR_STRUCTURE,BEAR_STRUCTURE,0.3,0.3056932439282995095889327007,0.3
2022-07-15 06:00:00+00:00,1,EUPHORIA,0.9668675251919481,True,3,False,BEAR_STRUCTURE,BEAR_STRUCTURE,0.3,0.95,0.3
2022-07-16 06:00:00+00:00,1,EUPHORIA,0.0005581665422234516,False,3,False,BEAR_STRUCTURE,BEAR_STRUCTURE,0.3,0.3076908761668678129729208296,0.3
2022-07-17 06:00:00+00:00,1,EUPHORIA,2.0702948706430267e-13,False,3,False,BEAR_STRUCTURE,BEAR_STRUCTURE,0.3,0.3049409328359934937068336303,0.3
2022-07-18 06:00:00+00:00,0,BEAR,0.9999964333483089,True,3,False,BEAR_STRUCTURE,BEAR_STRUCTURE,0.3,0.60,0.3
2022-07-19 06:00:00+00:00,0,BEAR,0.9999999874371498,True,4,False,BEAR_STRUCTURE,BEAR_STRUCTURE,0.3,0.95,0.3
2022-07-20 06:00:00+00:00,0,BEAR,0.9999999912561179,True,5,False,BEAR_STRUCTURE,BEAR_STRUCTURE,0.3,0.60,0.3
2022-07-21 06:00:00+00:00,0,BEAR,0.9999999876845324,True,6,False,BEAR_STRUCTURE,BEAR_STRUCTURE,0.3,0.60,0.3
2022-07-22 06:00:00+00:00,0,BEAR,0.9999994503206527,True,7,False,BEAR_STRUCTURE,BEAR_STRUCTURE,0.3,0.60,0.3
2022-07-23 06:00:00+00:00,0,BEAR,0.999999904826841,True,8,False,BEAR_STRUCTURE,BEAR_STRUCTURE,0.3,0.60,0.3
2022-07-24 06:00:00+00:00,0,BEAR,0.9999999972278601,True,9,False,BEAR_STRUCTURE,BEAR_STRUCTURE,0.3,0.60,0.3
2022-07-25 06:00:00+00:00,0,BEAR,0.9999992223886988,True,10,False,BEAR_STRUCTURE,BEAR_STRUCTURE,0.3,0.60,0.3
2022-07-26 06:00:00+00:00,0,BEAR,0.9999848880784603,True,11,False,BEAR_STRUCTURE,BEAR_STRUCTURE,0.3,0.60,0.3
2022-07-27 06:00:00+00:00,0,BEAR,0.999991243999965,True,12,False,BEAR_STRUCTURE,BEAR_STRUCTURE,0.3,0.95,0.3
2022-07-28 06:00:00+00:00,0,BEAR,0.9999686503636541,True,13,False,BEAR_STRUCTURE,BEAR_STRUCTURE,0.3,0.95,0.3
2022-07-29 06:00:00+00:00,0,BEAR,0.9999835461483931,True,14,False,BEAR_STRUCTURE,BEAR_STRUCTURE,0.3,0.95,0.3
2022-07-30 06:00:00+00:00,0,BEAR,0.9999951968244961,True,15,False,BEAR_STRUCTURE,BEAR_STRUCTURE,0.3,0.95,0.3
2022-07-31 06:00:00+00:00,0,BEAR,0.9999890959701272,True,16,False,BEAR_STRUCTURE,BEAR_STRUCTURE,0.3,0.95,0.3
2022-08-01 06:00:00+00:00,0,BEAR,0.9999997415371006,True,17,False,BEAR_STRUCTURE,BEAR_STRUCTURE,0.3,0.60,0.3
2022-08-02 06:00:00+00:00,0,BEAR,0.9999999770043362,True,18,False,BEAR_STRUCTURE,BEAR_STRUCTURE,0.3,0.60,0.3
2022-08-03 06:00:00+00:00,0,BEAR,0.9999993385847488,True,19,False,BEAR_STRUCTURE,BEAR_STRUCTURE,0.3,0.60,0.3
2022-08-04 06:00:00+00:00,0,BEAR,0.9999928653669343,True,20,False,BEAR_STRUCTURE,BEAR_STRUCTURE,0.3,0.95,0.3
2022-08-05 06:00:00+00:00,0,BEAR,0.9999215429472351,True,21,False,BEAR_STRUCTURE,BEAR_STRUCTURE,0.3,0.95,0.3
2022-08-06 06:00:00+00:00,0,BEAR,0.9999915862553445,True,22,False,BEAR_STRUCTURE,BEAR_STRUCTURE,0.3,0.60,0.3
2022-08-07 06:00:00+00:00,0,BEAR,0.996764779755197,True,23,False,BEAR_STRUCTURE,BEAR_STRUCTURE,0.3,0.95,0.3
2022-08-08 06:00:00+00:00,0,BEAR,0.0004790305640092119,False,23,False,BEAR_STRUCTURE,BEAR_STRUCTURE,0.3,0.3039532044534038377371755739,0.3
2022-08-09 06:00:00+00:00,0,BEAR,1.0420277705021305e-06,False,23,False,BEAR_STRUCTURE,BEAR_STRUCTURE,0.3,0.2913375537725214697400379173,0.2913375537725214697400379173
2022-08-10 06:00:00+00:00,1,EUPHORIA,0.9953077557237775,True,3,False,BEAR_STRUCTURE,BEAR_STRUCTURE,0.3,0.95,0.3
2022-08-11 06:00:00+00:00,1,EUPHORIA,0.9895704995609941,True,4,False,BEAR_STRUCTURE,BEAR_STRUCTURE,0.3,0.95,0.3
2022-08-12 06:00:00+00:00,1,EUPHORIA,0.950823541934541,True,5,False,BEAR_STRUCTURE,BEAR_STRUCTURE,0.3,0.95,0.3
2022-08-13 06:00:00+00:00,1,EUPHORIA,0.13240114662850397,False,5,False,BEAR_STRUCTURE,BEAR_STRUCTURE,0.3,0.2989559533700173296590505081,0.2989559533700173296590505081
2022-08-14 06:00:00+00:00,1,EUPHORIA,0.04354174555458837,False,5,False,BEAR_STRUCTURE,BEAR_STRUCTURE,0.3,0.3009022460785982653885447446,0.3
2022-08-15 06:00:00+00:00,4,NEUTRAL,0.9983067741912899,True,3,False,BEAR_STRUCTURE,BEAR_STRUCTURE,0.3,0.95,0.3
2022-08-16 06:00:00+00:00,4,NEUTRAL,0.9999936141652311,True,4,False,BEAR_STRUCTURE,BEAR_STRUCTURE,0.3,0.95,0.3
2022-08-17 06:00:00+00:00,4,NEUTRAL,0.999998222109514,True,5,False,BEAR_STRUCTURE,BEAR_STRUCTURE,0.3,0.95,0.3
2022-08-18 06:00:00+00:00,4,NEUTRAL,0.9999997359773609,True,6,False,BEAR_STRUCTURE,BEAR_STRUCTURE,0.3,0.95,0.3
2022-08-19 06:00:00+00:00,4,NEUTRAL,0.9999983952861072,True,7,False,BEAR_STRUCTURE,BEAR_STRUCTURE,0.3,0.95,0.3
2022-08-20 06:00:00+00:00,4,NEUTRAL,0.9999988771957697,True,8,False,BEAR_STRUCTURE,BEAR_STRUCTURE,0.3,0.95,0.3
2022-08-21 06:00:00+00:00,4,NEUTRAL,0.9999978649771092,True,9,False,BEAR_STRUCTURE,BEAR_STRUCTURE,0.3,0.95,0.3
2022-08-22 06:00:00+00:00,4,NEUTRAL,0.9999992023007052,True,10,False,BEAR_STRUCTURE,BEAR_STRUCTURE,0.3,0.95,0.3
2022-08-23 06:00:00+00:00,4,NEUTRAL,0.9999949589464182,True,11,False,BEAR_STRUCTURE,BEAR_STRUCTURE,0.3,0.95,0.3
2022-08-24 06:00:00+00:00,4,NEUTRAL,0.9999995113540819,True,12,False,BEAR_STRUCTURE,BEAR_STRUCTURE,0.3,0.95,0.3
2022-08-25 06:00:00+00:00,4,NEUTRAL,0.9999999837627912,True,13,False,BEAR_STRUCTURE,BEAR_STRUCTURE,0.3,0.95,0.3
2022-08-26 06:00:00+00:00,4,NEUTRAL,0.9999999989122443,True,14,False,BEAR_STRUCTURE,BEAR_STRUCTURE,0.3,0.95,0.3
2022-08-27 06:00:00+00:00,4,NEUTRAL,0.9999999999827196,True,15,False,BEAR_STRUCTURE,BEAR_STRUCTURE,0.3,0.95,0.3
2022-08-28 06:00:00+00:00,4,NEUTRAL,0.9999999999990905,True,16,False,BEAR_STRUCTURE,BEAR_STRUCTURE,0.3,0.95,0.3
2022-08-29 06:00:00+00:00,4,NEUTRAL,0.9999999874689821,True,17,False,BEAR_STRUCTURE,BEAR_STRUCTURE,0.3,0.95,0.3
2022-08-30 06:00:00+00:00,4,NEUTRAL,0.9999992605901757,True,18,False,BEAR_STRUCTURE,BEAR_STRUCTURE,0.3,0.95,0.3
2022-08-31 06:00:00+00:00,4,NEUTRAL,1.0,True,19,False,BEAR_STRUCTURE,BEAR_STRUCTURE,0.3,0.95,0.3
2022-09-01 06:00:00+00:00,4,NEUTRAL,0.9999999999990905,True,20,False,BEAR_STRUCTURE,BEAR_STRUCTURE,0.3,0.95,0.3
2022-09-02 06:00:00+00:00,4,NEUTRAL,0.9999999999990905,True,21,False,BEAR_STRUCTURE,BEAR_STRUCTURE,0.3,0.95,0.3
2022-09-03 06:00:00+00:00,4,NEUTRAL,1.0,True,22,False,BEAR_STRUCTURE,BEAR_STRUCTURE,0.3,0.95,0.3
2022-09-04 06:00:00+00:00,4,NEUTRAL,1.0,True,23,False,BEAR_STRUCTURE,BEAR_STRUCTURE,0.3,0.95,0.3
2022-09-05 06:00:00+00:00,4,NEUTRAL,1.0,True,24,False,BEAR_STRUCTURE,BEAR_STRUCTURE,0.3,0.95,0.3
2022-09-06 06:00:00+00:00,4,NEUTRAL,0.9999999998162821,True,25,False,BEAR_STRUCTURE,BEAR_STRUCTURE,0.3,0.95,0.3
2022-09-07 06:00:00+00:00,4,NEUTRAL,0.9999999842693797,True,26,False,BEAR_STRUCTURE,BEAR_STRUCTURE,0.3,0.95,0.3
2022-09-08 06:00:00+00:00,4,NEUTRAL,0.999999988865966,True,27,False,BEAR_STRUCTURE,BEAR_STRUCTURE,0.3,0.95,0.3
2022-09-09 06:00:00+00:00,4,NEUTRAL,0.9999985880832318,True,28,False,BEAR_STRUCTURE,BEAR_STRUCTURE,0.3,0.95,0.3
2022-09-10 06:00:00+00:00,4,NEUTRAL,0.9999438721679135,True,29,False,BEAR_STRUCTURE,BEAR_STRUCTURE,0.3,0.95,0.3
2022-09-11 06:00:00+00:00,4,NEUTRAL,0.9999999407136801,True,30,False,BEAR_STRUCTURE,BEAR_STRUCTURE,0.3,0.95,0.3
2022-09-12 06:00:00+00:00,4,NEUTRAL,0.9999998642570155,True,31,False,BEAR_STRUCTURE,BEAR_STRUCTURE,0.3,0.95,0.3
2022-09-13 06:00:00+00:00,4,NEUTRAL,0.01355478406942434,False,31,False,BEAR_STRUCTURE,BEAR_STRUCTURE,0.3,0.2800384381503806185825050198,0.2800384381503806185825050198
2022-09-14 06:00:00+00:00,4,NEUTRAL,0.9845836974822759,True,32,False,BEAR_STRUCTURE,BEAR_STRUCTURE,0.3,0.95,0.3
2022-09-15 06:00:00+00:00,4,NEUTRAL,0.9991270048632809,True,33,False,BEAR_STRUCTURE,BEAR_STRUCTURE,0.3,0.95,0.3
2022-09-16 06:00:00+00:00,4,NEUTRAL,0.9991018134171825,True,34,False,BEAR_STRUCTURE,BEAR_STRUCTURE,0.3,0.95,0.3
2022-09-17 06:00:00+00:00,4,NEUTRAL,0.9996710863114873,True,35,False,BEAR_STRUCTURE,BEAR_STRUCTURE,0.3,0.95,0.3
2022-09-18 06:00:00+00:00,4,NEUTRAL,0.9999998859821128,True,36,False,BEAR_STRUCTURE,BEAR_STRUCTURE,0.3,0.95,0.3
2022-09-19 06:00:00+00:00,4,NEUTRAL,0.999997957171485,True,37,False,BEAR_STRUCTURE,BEAR_STRUCTURE,0.3,0.95,0.3
2022-09-20 06:00:00+00:00,4,NEUTRAL,0.9999973176226882,True,38,False,BEAR_STRUCTURE,BEAR_STRUCTURE,0.3,0.95,0.3
2022-09-21 06:00:00+00:00,4,NEUTRAL,0.9999604576529412,True,39,False,BEAR_STRUCTURE,BEAR_STRUCTURE,0.3,0.95,0.3
2022-09-22 06:00:00+00:00,4,NEUTRAL,0.9997993794748791,True,40,False,BEAR_STRUCTURE,BEAR_STRUCTURE,0.3,0.95,0.3
2022-09-23 06:00:00+00:00,4,NEUTRAL,0.9997531482116094,True,41,False,BEAR_STRUCTURE,BEAR_STRUCTURE,0.3,0.95,0.3
2022-09-24 06:00:00+00:00,4,NEUTRAL,0.9992081959067067,True,42,False,BEAR_STRUCTURE,BEAR_STRUCTURE,0.3,0.95,0.3
2022-09-25 06:00:00+00:00,4,NEUTRAL,0.9990751609187017,True,43,False,BEAR_STRUCTURE,BEAR_STRUCTURE,0.3,0.95,0.3
2022-09-26 06:00:00+00:00,4,NEUTRAL,0.9995011218910819,True,44,False,BEAR_STRUCTURE,BEAR_STRUCTURE,0.3,0.95,0.3
2022-09-27 06:00:00+00:00,4,NEUTRAL,0.9998891526678753,True,45,False,BEAR_STRUCTURE,BEAR_STRUCTURE,0.3,0.95,0.3
2022-09-28 06:00:00+00:00,4,NEUTRAL,0.9998974003888175,True,46,False,BEAR_STRUCTURE,BEAR_STRUCTURE,0.3,0.95,0.3
2022-09-29 06:00:00+00:00,4,NEUTRAL,0.9962270709043978,True,47,False,BEAR_STRUCTURE,BEAR_STRUCTURE,0.3,0.95,0.3
2022-09-30 06:00:00+00:00,4,NEUTRAL,0.9945836652429298,True,48,False,BEAR_STRUCTURE,BEAR_STRUCTURE,0.3,0.95,0.3
2022-10-01 06:00:00+00:00,4,NEUTRAL,0.9890067636671951,True,49,False,BEAR_STRUCTURE,BEAR_STRUCTURE,0.3,0.95,0.3
2022-10-02 06:00:00+00:00,4,NEUTRAL,0.09806503350957123,False,49,False,BEAR_STRUCTURE,BEAR_STRUCTURE,0.3,0.2992077744466463605121574239,0.2992077744466463605121574239
2022-10-03 06:00:00+00:00,4,NEUTRAL,0.01746752628620079,False,49,False,BEAR_STRUCTURE,BEAR_STRUCTURE,0.3,0.3031849884228318626455546432,0.3
2022-10-04 06:00:00+00:00,1,EUPHORIA,0.9976470708265347,True,3,False,BEAR_STRUCTURE,BEAR_STRUCTURE,0.3,0.95,0.3
2022-10-05 06:00:00+00:00,1,EUPHORIA,0.9993090430154911,True,4,False,BEAR_STRUCTURE,BEAR_STRUCTURE,0.3,0.95,0.3
2022-10-06 06:00:00+00:00,1,EUPHORIA,0.9994390332475789,True,5,False,BEAR_STRUCTURE,BEAR_STRUCTURE,0.3,0.95,0.3
2022-10-07 06:00:00+00:00,1,EUPHORIA,0.9989082338666648,True,6,False,BEAR_STRUCTURE,BEAR_STRUCTURE,0.3,0.95,0.3
2022-10-08 06:00:00+00:00,1,EUPHORIA,0.04935407680181269,False,6,False,BEAR_STRUCTURE,BEAR_STRUCTURE,0.3,0.2989186391169207993933454565,0.2989186391169207993933454565
2022-10-09 06:00:00+00:00,1,EUPHORIA,1.4758106851495215e-05,False,6,False,BEAR_STRUCTURE,BEAR_STRUCTURE,0.3,0.2989444438045745545314371591,0.2989444438045745545314371591
2022-10-10 06:00:00+00:00,4,NEUTRAL,0.9999932395550113,True,3,False,BEAR_STRUCTURE,BEAR_STRUCTURE,0.3,0.95,0.3
2022-10-11 06:00:00+00:00,4,NEUTRAL,0.999995632133949,True,4,False,BEAR_STRUCTURE,BEAR_STRUCTURE,0.3,0.95,0.3
2022-10-12 06:00:00+00:00,4,NEUTRAL,0.9999893166548156,True,5,False,BEAR_STRUCTURE,BEAR_STRUCTURE,0.3,0.95,0.3
2022-10-13 06:00:00+00:00,4,NEUTRAL,0.9983894013322194,True,6,False,BEAR_STRUCTURE,BEAR_STRUCTURE,0.3,0.95,0.3
2022-10-14 06:00:00+00:00,4,NEUTRAL,0.9998681864160501,True,7,False,BEAR_STRUCTURE,BEAR_STRUCTURE,0.3,0.95,0.3
2022-10-15 06:00:00+00:00,4,NEUTRAL,0.9999573528765829,True,8,False,BEAR_STRUCTURE,BEAR_STRUCTURE,0.3,0.95,0.3
2022-10-16 06:00:00+00:00,4,NEUTRAL,0.999999983192538,True,9,False,BEAR_STRUCTURE,BEAR_STRUCTURE,0.3,0.95,0.3
2022-10-17 06:00:00+00:00,4,NEUTRAL,0.9999999999918145,True,10,False,BEAR_STRUCTURE,BEAR_STRUCTURE,0.3,0.95,0.3
2022-10-18 06:00:00+00:00,4,NEUTRAL,0.9999999999536158,True,11,False,BEAR_STRUCTURE,BEAR_STRUCTURE,0.3,0.95,0.3
2022-10-19 06:00:00+00:00,4,NEUTRAL,0.999999902105633,True,12,False,BEAR_STRUCTURE,BEAR_STRUCTURE,0.3,0.95,0.3
2022-10-20 06:00:00+00:00,4,NEUTRAL,0.9999998307257699,True,13,False,BEAR_STRUCTURE,BEAR_STRUCTURE,0.3,0.95,0.3
2022-10-21 06:00:00+00:00,4,NEUTRAL,0.9999998994881075,True,14,False,BEAR_STRUCTURE,BEAR_STRUCTURE,0.3,0.95,0.3
2022-10-22 06:00:00+00:00,4,NEUTRAL,0.9999999670044423,True,15,False,BEAR_STRUCTURE,BEAR_STRUCTURE,0.3,0.95,0.3
2022-10-23 06:00:00+00:00,4,NEUTRAL,0.9999999792053134,True,16,False,BEAR_STRUCTURE,BEAR_STRUCTURE,0.3,0.95,0.3
2022-10-24 06:00:00+00:00,1,STRONG_BEAR,0.9990654761547613,True,1,False,BEAR_STRUCTURE,BEAR_STRUCTURE,0.3,0.95,0.3
2022-10-25 06:00:00+00:00,1,STRONG_BEAR,0.9177381211490041,True,2,False,BEAR_STRUCTURE,BEAR_STRUCTURE,0.3,0.95,0.3
2022-10-26 06:00:00+00:00,1,STRONG_BEAR,0.9630559294053692,True,3,False,BEAR_STRUCTURE,BEAR_STRUCTURE,0.3,0.95,0.3
2022-10-27 06:00:00+00:00,1,STRONG_BEAR,0.9997793618619684,True,4,False,BEAR_STRUCTURE,BEAR_STRUCTURE,0.3,0.95,0.3
2022-10-28 06:00:00+00:00,1,STRONG_BEAR,0.999409532839905,True,5,False,BEAR_STRUCTURE,BEAR_STRUCTURE,0.3,0.95,0.3
2022-10-29 06:00:00+00:00,1,STRONG_BEAR,0.9992977623417759,True,6,False,BEAR_STRUCTURE,BEAR_STRUCTURE,0.3,0.95,0.3
2022-10-30 06:00:00+00:00,1,STRONG_BEAR,0.9999210027444573,True,7,False,BEAR_STRUCTURE,BEAR_STRUCTURE,0.3,0.95,0.3
2022-10-31 06:00:00+00:00,1,STRONG_BEAR,0.9999799705247405,True,8,False,BEAR_STRUCTURE,BEAR_STRUCTURE,0.3,0.95,0.3
2022-11-01 06:00:00+00:00,1,STRONG_BEAR,0.9999997708091805,True,9,False,BEAR_STRUCTURE,BEAR_STRUCTURE,0.3,0.95,0.3
2022-11-02 06:00:00+00:00,1,STRONG_BEAR,0.9999999986216608,True,10,False,BEAR_STRUCTURE,BEAR_STRUCTURE,0.3,0.95,0.3
2022-11-03 06:00:00+00:00,1,STRONG_BEAR,0.9999999997039595,True,11,False,BEAR_STRUCTURE,BEAR_STRUCTURE,0.3,0.95,0.3
2022-11-04 06:00:00+00:00,1,STRONG_BEAR,0.9987620484984372,True,12,False,BEAR_STRUCTURE,BEAR_STRUCTURE,0.3,0.95,0.3
2022-11-05 06:00:00+00:00,1,STRONG_BEAR,0.9999490238107033,True,13,False,BEAR_STRUCTURE,BEAR_STRUCTURE,0.3,0.95,0.3
2022-11-06 06:00:00+00:00,1,STRONG_BEAR,0.999878460431844,True,14,False,BEAR_STRUCTURE,BEAR_STRUCTURE,0.3,0.95,0.3
2022-11-07 06:00:00+00:00,1,STRONG_BEAR,0.9999985548653495,True,15,False,BEAR_STRUCTURE,BEAR_STRUCTURE,0.3,0.95,0.3
2022-11-08 06:00:00+00:00,1,STRONG_BEAR,0.9999995897834129,True,16,False,BEAR_STRUCTURE,BEAR_STRUCTURE,0.3,0.95,0.3
2022-11-09 06:00:00+00:00,1,STRONG_BEAR,0.11840954600015814,False,16,False,BEAR_STRUCTURE,BEAR_STRUCTURE,0.3,0.2803582413197809423023559828,0.2803582413197809423023559828
2022-11-10 06:00:00+00:00,1,STRONG_BEAR,0.01755749676112945,False,16,False,BEAR_STRUCTURE,BEAR_STRUCTURE,0.3,0.2878901134329278611840368796,0.2878901134329278611840368796
2022-11-11 06:00:00+00:00,1,STRONG_BEAR,0.20202098742696625,False,16,False,BEAR_STRUCTURE,BEAR_STRUCTURE,0.3,0.2800810685864010165659779938,0.2800810685864010165659779938
2022-11-12 06:00:00+00:00,1,STRONG_BEAR,0.0015535852207280132,False,16,False,BEAR_STRUCTURE,BEAR_STRUCTURE,0.3,0.2818879527354517717012955459,0.2818879527354517717012955459
2022-11-13 06:00:00+00:00,1,STRONG_BEAR,1.1290181890960187e-06,False,16,False,BEAR_STRUCTURE,BEAR_STRUCTURE,0.3,0.2697924034665592066747250330,0.2697924034665592066747250330
2022-11-14 06:00:00+00:00,2,STRONG_BULL,0.9999999688238863,True,3,False,BEAR_STRUCTURE,BEAR_STRUCTURE,0.3,0.60,0.3
2022-11-15 06:00:00+00:00,2,STRONG_BULL,0.9999999939968802,True,4,False,BEAR_STRUCTURE,BEAR_STRUCTURE,0.3,0.60,0.3
2022-11-16 06:00:00+00:00,2,STRONG_BULL,0.9999999997849045,True,5,False,BEAR_STRUCTURE,BEAR_STRUCTURE,0.3,0.60,0.3
2022-11-17 06:00:00+00:00,2,STRONG_BULL,0.9999999999986358,True,6,False,BEAR_STRUCTURE,BEAR_STRUCTURE,0.3,0.60,0.3
2022-11-18 06:00:00+00:00,2,STRONG_BULL,0.9999999999986358,True,7,False,BEAR_STRUCTURE,BEAR_STRUCTURE,0.3,0.60,0.3
2022-11-19 06:00:00+00:00,2,STRONG_BULL,0.9999999999986358,True,8,False,BEAR_STRUCTURE,BEAR_STRUCTURE,0.3,0.60,0.3
2022-11-20 06:00:00+00:00,2,STRONG_BULL,1.0,True,9,False,BEAR_STRUCTURE,BEAR_STRUCTURE,0.3,0.60,0.3
2022-11-21 06:00:00+00:00,2,STRONG_BULL,1.0,True,10,False,BEAR_STRUCTURE,BEAR_STRUCTURE,0.3,0.60,0.3
2022-11-22 06:00:00+00:00,2,STRONG_BULL,1.0,True,11,False,BEAR_STRUCTURE,BEAR_STRUCTURE,0.3,0.60,0.3
2022-11-23 06:00:00+00:00,2,STRONG_BULL,1.0,True,12,False,BEAR_STRUCTURE,BEAR_STRUCTURE,0.3,0.60,0.3
2022-11-24 06:00:00+00:00,2,STRONG_BULL,1.0,True,13,False,BEAR_STRUCTURE,BEAR_STRUCTURE,0.3,0.60,0.3
2022-11-25 06:00:00+00:00,2,STRONG_BULL,1.0,True,14,False,BEAR_STRUCTURE,BEAR_STRUCTURE,0.3,0.60,0.3
2022-11-26 06:00:00+00:00,2,STRONG_BULL,1.0,True,15,False,BEAR_STRUCTURE,BEAR_STRUCTURE,0.3,0.60,0.3
2022-11-27 06:00:00+00:00,2,STRONG_BULL,1.0,True,16,False,BEAR_STRUCTURE,BEAR_STRUCTURE,0.3,0.60,0.3
2022-11-28 06:00:00+00:00,2,STRONG_BULL,1.0,True,17,False,BEAR_STRUCTURE,BEAR_STRUCTURE,0.3,0.60,0.3
2022-11-29 06:00:00+00:00,2,STRONG_BULL,1.0,True,18,False,BEAR_STRUCTURE,BEAR_STRUCTURE,0.3,0.60,0.3
2022-11-30 06:00:00+00:00,2,STRONG_BULL,1.0,True,19,False,BEAR_STRUCTURE,BEAR_STRUCTURE,0.3,0.60,0.3
2022-12-01 06:00:00+00:00,2,STRONG_BULL,1.0,True,20,False,BEAR_STRUCTURE,BEAR_STRUCTURE,0.3,0.60,0.3
2022-12-02 06:00:00+00:00,2,STRONG_BULL,0.9999999999995453,True,21,False,BEAR_STRUCTURE,BEAR_STRUCTURE,0.3,0.60,0.3
2022-12-03 06:00:00+00:00,2,STRONG_BULL,1.0,True,22,False,BEAR_STRUCTURE,BEAR_STRUCTURE,0.3,0.60,0.3
2022-12-04 06:00:00+00:00,2,STRONG_BULL,0.9999999999554348,True,23,False,BEAR_STRUCTURE,BEAR_STRUCTURE,0.3,0.60,0.3
2022-12-05 06:00:00+00:00,2,STRONG_BULL,0.9999999998635758,True,24,False,BEAR_STRUCTURE,BEAR_STRUCTURE,0.3,0.60,0.3
2022-12-06 06:00:00+00:00,2,STRONG_BULL,0.9999999652568482,True,25,False,BEAR_STRUCTURE,BEAR_STRUCTURE,0.3,0.60,0.3
2022-12-07 06:00:00+00:00,2,STRONG_BULL,0.9999998609641904,True,26,False,BEAR_STRUCTURE,BEAR_STRUCTURE,0.3,0.60,0.3
2022-12-08 06:00:00+00:00,2,STRONG_BULL,0.9999930427039639,True,27,False,BEAR_STRUCTURE,BEAR_STRUCTURE,0.3,0.60,0.3
2022-12-09 06:00:00+00:00,2,STRONG_BULL,0.9998550439388313,True,28,False,BEAR_STRUCTURE,BEAR_STRUCTURE,0.3,0.60,0.3
2022-12-10 06:00:00+00:00,2,STRONG_BULL,0.9965356279996813,True,29,False,BEAR_STRUCTURE,BEAR_STRUCTURE,0.3,0.60,0.3
2022-12-11 06:00:00+00:00,2,STRONG_BULL,0.9947548749997993,True,30,False,BEAR_STRUCTURE,BEAR_STRUCTURE,0.3,0.60,0.3
2022-12-12 06:00:00+00:00,2,STRONG_BULL,0.979417666917697,True,31,False,BEAR_STRUCTURE,BEAR_STRUCTURE,0.3,0.60,0.3
2022-12-13 06:00:00+00:00,2,STRONG_BULL,0.9393382323124151,True,32,False,BEAR_STRUCTURE,BEAR_STRUCTURE,0.3,0.95,0.3
2022-12-14 06:00:00+00:00,2,STRONG_BULL,0.8393053130443012,True,33,False,BEAR_STRUCTURE,BEAR_STRUCTURE,0.3,0.95,0.3
2022-12-15 06:00:00+00:00,2,STRONG_BULL,0.6313232598986572,True,34,False,BEAR_STRUCTURE,BEAR_STRUCTURE,0.3,0.60,0.3
2022-12-16 06:00:00+00:00,2,STRONG_BULL,0.09676696399191756,False,34,False,BEAR_STRUCTURE,BEAR_STRUCTURE,0.3,0.2912124142746917956994401678,0.2912124142746917956994401678
2022-12-17 06:00:00+00:00,2,STRONG_BULL,0.0012285172431801513,False,34,False,BEAR_STRUCTURE,BEAR_STRUCTURE,0.3,0.2918376782732145614838137739,0.2918376782732145614838137739
2022-12-18 06:00:00+00:00,1,STRONG_BEAR,0.9998442283095856,True,3,False,BEAR_STRUCTURE,BEAR_STRUCTURE,0.3,0.95,0.3
2022-12-19 06:00:00+00:00,1,STRONG_BEAR,0.9998961753949787,True,4,False,BEAR_STRUCTURE,BEAR_STRUCTURE,0.3,0.95,0.3
2022-12-20 06:00:00+00:00,1,STRONG_BEAR,0.9999823906236778,True,5,False,BEAR_STRUCTURE,BEAR_STRUCTURE,0.3,0.95,0.3
2022-12-21 06:00:00+00:00,1,STRONG_BEAR,0.9999991596122421,True,6,False,BEAR_STRUCTURE,BEAR_STRUCTURE,0.3,0.95,0.3
2022-12-22 06:00:00+00:00,1,STRONG_BEAR,0.9999990551673279,True,7,False,BEAR_STRUCTURE,BEAR_STRUCTURE,0.3,0.95,0.3
2022-12-23 06:00:00+00:00,1,STRONG_BEAR,0.999977237168749,True,8,False,BEAR_STRUCTURE,BEAR_STRUCTURE,0.3,0.95,0.3
2022-12-24 06:00:00+00:00,1,STRONG_BEAR,0.9998891102287369,True,9,False,BEAR_STRUCTURE,BEAR_STRUCTURE,0.3,0.95,0.3
2022-12-25 06:00:00+00:00,1,STRONG_BEAR,0.9997725575287622,True,10,False,BEAR_STRUCTURE,BEAR_STRUCTURE,0.3,0.95,0.3
2022-12-26 06:00:00+00:00,1,STRONG_BEAR,0.9971177676273009,True,11,False,BEAR_STRUCTURE,BEAR_STRUCTURE,0.3,0.95,0.3
2022-12-27 06:00:00+00:00,1,STRONG_BEAR,0.9982957383540976,True,12,False,BEAR_STRUCTURE,BEAR_STRUCTURE,0.3,0.95,0.3
2022-12-28 06:00:00+00:00,1,STRONG_BEAR,0.9996176003096758,True,13,False,BEAR_STRUCTURE,BEAR_STRUCTURE,0.3,0.95,0.3
2022-12-29 06:00:00+00:00,1,STRONG_BEAR,0.9995454788510788,True,14,False,BEAR_STRUCTURE,BEAR_STRUCTURE,0.3,0.95,0.3
2022-12-30 06:00:00+00:00,1,STRONG_BEAR,0.9990601569343445,True,15,False,BEAR_STRUCTURE,BEAR_STRUCTURE,0.3,0.95,0.3
2022-12-31 06:00:00+00:00,1,STRONG_BEAR,0.9992361486818693,True,16,False,BEAR_STRUCTURE,BEAR_STRUCTURE,0.3,0.95,0.3
2023-01-01 06:00:00+00:00,1,STRONG_BEAR,0.9993218163847153,True,17,False,BEAR_STRUCTURE,BEAR_STRUCTURE,0.3,0.95,0.3
2023-01-02 06:00:00+00:00,1,STRONG_BEAR,0.9992134621382968,True,18,False,BEAR_STRUCTURE,BEAR_STRUCTURE,0.3,0.95,0.3
2023-01-03 06:00:00+00:00,1,STRONG_BEAR,0.9992411804787582,True,19,False,BEAR_STRUCTURE,BEAR_STRUCTURE,0.3,0.95,0.3
2023-01-04 06:00:00+00:00,1,STRONG_BEAR,0.9998155105526952,True,20,False,BEAR_STRUCTURE,BEAR_STRUCTURE,0.3,0.95,0.3
2023-01-05 06:00:00+00:00,1,STRONG_BEAR,0.9994195664713775,True,21,False,BEAR_STRUCTURE,BEAR_STRUCTURE,0.3,0.95,0.3
2023-01-06 06:00:00+00:00,1,STRONG_BEAR,0.9977711471838243,True,22,False,BEAR_STRUCTURE,BEAR_STRUCTURE,0.3,0.95,0.3
2023-01-07 06:00:00+00:00,1,STRONG_BEAR,0.99977632244126,True,23,False,BEAR_STRUCTURE,BEAR_STRUCTURE,0.3,0.95,0.3
2023-01-08 06:00:00+00:00,1,STRONG_BEAR,0.9970475184292851,True,24,False,BEAR_STRUCTURE,BEAR_STRUCTURE,0.3,0.95,0.3
2023-01-09 06:00:00+00:00,1,STRONG_BEAR,0.9961096044774498,True,25,False,BEAR_STRUCTURE,BEAR_STRUCTURE,0.3,0.95,0.3
2023-01-10 06:00:00+00:00,1,STRONG_BEAR,0.9988756666041272,True,26,False,BEAR_STRUCTURE,BEAR_STRUCTURE,0.3,0.95,0.3
2023-01-11 06:00:00+00:00,1,STRONG_BEAR,0.9339901215753686,True,27,False,BEAR_STRUCTURE,BEAR_STRUCTURE,0.3,0.95,0.3
2023-01-12 06:00:00+00:00,1,STRONG_BEAR,0.3001546277751112,False,27,False,BEAR_STRUCTURE,BEAR_STRUCTURE,0.3,0.3080383911314226748142005419,0.3
2023-01-13 06:00:00+00:00,1,STRONG_BEAR,7.412401884263189e-10,False,27,False,TRANSITION,BEAR_STRUCTURE,0.3,0.3222316243929614777718948123,0.3
2023-01-14 06:00:00+00:00,2,STRONG_BULL,0.9999998165340171,True,3,False,TRANSITION,BEAR_STRUCTURE,0.3,0.95,0.3
2023-01-15 06:00:00+00:00,2,STRONG_BULL,0.9999999999731699,True,4,False,TRANSITION,BEAR_STRUCTURE,0.3,0.95,0.3
2023-01-16 06:00:00+00:00,2,STRONG_BULL,1.0,True,5,False,TRANSITION,BEAR_STRUCTURE,0.3,0.95,0.3
2023-01-17 06:00:00+00:00,2,STRONG_BULL,1.0,True,6,False,TRANSITION,TRANSITION,0.6,0.95,0.6
2023-01-18 06:00:00+00:00,2,STRONG_BULL,0.9999999999931788,True,7,False,TRANSITION,TRANSITION,0.6,0.95,0.6
2023-01-19 06:00:00+00:00,2,STRONG_BULL,1.0,True,8,False,TRANSITION,TRANSITION,0.6,0.95,0.6
2023-01-20 06:00:00+00:00,2,STRONG_BULL,1.0,True,9,False,TRANSITION,TRANSITION,0.6,0.95,0.6
2023-01-21 06:00:00+00:00,2,STRONG_BULL,1.0,True,10,False,TRANSITION,TRANSITION,0.6,0.95,0.6
2023-01-22 06:00:00+00:00,2,STRONG_BULL,1.0,True,11,False,TRANSITION,TRANSITION,0.6,0.95,0.6
2023-01-23 06:00:00+00:00,2,STRONG_BULL,1.0,True,12,False,TRANSITION,TRANSITION,0.6,0.95,0.6
2023-01-24 06:00:00+00:00,2,STRONG_BULL,1.0,True,13,False,TRANSITION,TRANSITION,0.6,0.95,0.6
2023-01-25 06:00:00+00:00,2,STRONG_BULL,1.0,True,14,False,TRANSITION,TRANSITION,0.6,0.95,0.6
2023-01-26 06:00:00+00:00,2,STRONG_BULL,1.0,True,15,False,TRANSITION,TRANSITION,0.6,0.95,0.6
2023-01-27 06:00:00+00:00,2,STRONG_BULL,1.0,True,16,False,TRANSITION,TRANSITION,0.6,0.95,0.6
2023-01-28 06:00:00+00:00,2,STRONG_BULL,1.0,True,17,False,TRANSITION,TRANSITION,0.6,0.95,0.6
2023-01-29 06:00:00+00:00,2,STRONG_BULL,1.0,True,18,False,TRANSITION,TRANSITION,0.6,0.95,0.6
2023-01-30 06:00:00+00:00,2,STRONG_BULL,1.0,True,19,False,TRANSITION,TRANSITION,0.6,0.95,0.6
2023-01-31 06:00:00+00:00,2,STRONG_BULL,1.0,True,20,False,BULL_STRUCTURE,TRANSITION,0.6,0.95,0.6
2023-02-01 06:00:00+00:00,2,STRONG_BULL,1.0,True,21,False,BULL_STRUCTURE,TRANSITION,0.6,0.95,0.6
2023-02-02 06:00:00+00:00,2,STRONG_BULL,1.0,True,22,False,BULL_STRUCTURE,TRANSITION,0.6,0.95,0.6
2023-02-03 06:00:00+00:00,2,STRONG_BULL,1.0,True,23,False,BULL_STRUCTURE,TRANSITION,0.6,0.95,0.6
2023-02-04 06:00:00+00:00,2,STRONG_BULL,1.0,True,24,False,BULL_STRUCTURE,BULL_STRUCTURE,1.0,0.95,0.95
2023-02-05 06:00:00+00:00,2,STRONG_BULL,1.0,True,25,False,BULL_STRUCTURE,BULL_STRUCTURE,1.0,0.9491909418473678627019225448,0.9491909418473678627019225448
2023-02-06 06:00:00+00:00,2,STRONG_BULL,1.0,True,26,False,BULL_STRUCTURE,BULL_STRUCTURE,1.0,0.9495316064619524486607577085,0.9495316064619524486607577085
2023-02-07 06:00:00+00:00,2,STRONG_BULL,1.0,True,27,False,BULL_STRUCTURE,BULL_STRUCTURE,1.0,0.9501255576273760136311645647,0.9501255576273760136311645647
2023-02-08 06:00:00+00:00,2,STRONG_BULL,1.0,True,28,False,BULL_STRUCTURE,BULL_STRUCTURE,1.0,0.9488247748127102451761183711,0.9488247748127102451761183711
2023-02-09 06:00:00+00:00,2,STRONG_BULL,1.0,True,29,False,BULL_STRUCTURE,BULL_STRUCTURE,1.0,0.9470319876667799622905396051,0.9470319876667799622905396051
2023-02-10 06:00:00+00:00,2,STRONG_BULL,1.0,True,30,False,BULL_STRUCTURE,BULL_STRUCTURE,1.0,0.9467508410764857946383668786,0.9467508410764857946383668786
2023-02-11 06:00:00+00:00,2,STRONG_BULL,1.0,True,31,False,BULL_STRUCTURE,BULL_STRUCTURE,1.0,0.9470393510191536547040219883,0.9470393510191536547040219883
2023-02-12 06:00:00+00:00,2,STRONG_BULL,1.0,True,32,False,BULL_STRUCTURE,BULL_STRUCTURE,1.0,0.9471150975216874567582189528,0.9471150975216874567582189528
2023-02-13 06:00:00+00:00,2,STRONG_BULL,1.0,True,33,False,BULL_STRUCTURE,BULL_STRUCTURE,1.0,0.9468668113318046538684993108,0.9468668113318046538684993108
2023-02-14 06:00:00+00:00,2,STRONG_BULL,1.0,True,34,False,BULL_STRUCTURE,BULL_STRUCTURE,1.0,0.9477970272110749032238966144,0.9477970272110749032238966144
2023-02-15 06:00:00+00:00,2,STRONG_BULL,1.0,True,35,False,BULL_STRUCTURE,BULL_STRUCTURE,1.0,0.9529321815092838636069410226,0.9529321815092838636069410226
2023-02-16 06:00:00+00:00,2,STRONG_BULL,1.0,True,36,False,BULL_STRUCTURE,BULL_STRUCTURE,1.0,0.9510922872139195060753259090,0.9510922872139195060753259090
2023-02-17 06:00:00+00:00,2,STRONG_BULL,1.0,True,37,False,BULL_STRUCTURE,BULL_STRUCTURE,1.0,0.9528584325056481073049026016,0.9528584325056481073049026016
2023-02-18 06:00:00+00:00,2,STRONG_BULL,1.0,True,38,False,BULL_STRUCTURE,BULL_STRUCTURE,1.0,0.9530693258841643076993001431,0.9530693258841643076993001431
2023-02-19 06:00:00+00:00,2,STRONG_BULL,1.0,True,39,False,BULL_STRUCTURE,BULL_STRUCTURE,1.0,0.9525850595783614525613961994,0.9525850595783614525613961994
2023-02-20 06:00:00+00:00,2,STRONG_BULL,1.0,True,40,False,BULL_STRUCTURE,BULL_STRUCTURE,1.0,0.9534060712045470332990036184,0.9534060712045470332990036184
2023-02-21 06:00:00+00:00,2,STRONG_BULL,0.9999956811318538,True,41,False,BULL_STRUCTURE,BULL_STRUCTURE,1.0,0.9518637105355807750283300065,0.9518637105355807750283300065
2023-02-22 06:00:00+00:00,2,STRONG_BULL,0.9999377471964348,True,42,False,BULL_STRUCTURE,BULL_STRUCTURE,1.0,0.9523981061478594923246153415,0.9523981061478594923246153415
2023-02-23 06:00:00+00:00,2,STRONG_BULL,0.9576640285108229,True,43,False,BULL_STRUCTURE,BULL_STRUCTURE,1.0,0.9514604235189790170425248180,0.9514604235189790170425248180
2023-02-24 06:00:00+00:00,2,STRONG_BULL,0.047932340713158855,False,43,False,BULL_STRUCTURE,BULL_STRUCTURE,1.0,0.475,0.475
2023-02-25 06:00:00+00:00,2,STRONG_BULL,0.029260433988308836,False,43,False,BULL_STRUCTURE,BULL_STRUCTURE,1.0,0.4762274227318117881997335067,0.4762274227318117881997335067
2023-02-26 06:00:00+00:00,1,STRONG_BEAR,0.9956457564650044,True,3,False,BULL_STRUCTURE,BULL_STRUCTURE,1.0,0.95,0.95
2023-02-27 06:00:00+00:00,1,STRONG_BEAR,0.984800761059686,True,4,False,BULL_STRUCTURE,BULL_STRUCTURE,1.0,0.9505560410667491068287551616,0.9505560410667491068287551616
2023-02-28 06:00:00+00:00,1,STRONG_BEAR,7.0610896988166615e-06,False,4,False,BULL_STRUCTURE,BULL_STRUCTURE,1.0,0.475,0.475
2023-03-01 06:00:00+00:00,1,STRONG_BEAR,4.0194998516558675e-10,False,4,False,BULL_STRUCTURE,BULL_STRUCTURE,1.0,0.4726555977656253004884506282,0.4726555977656253004884506282
2023-03-02 06:00:00+00:00,3,WEAK_BULL,1.0,True,3,False,BULL_STRUCTURE,BULL_STRUCTURE,1.0,0.4606527710547181554116347772,0.4606527710547181554116347772
2023-03-03 06:00:00+00:00,3,WEAK_BULL,1.0,True,4,False,BULL_STRUCTURE,BULL_STRUCTURE,1.0,0.4605012674156514036719084595,0.4605012674156514036719084595
2023-03-04 06:00:00+00:00,3,WEAK_BULL,1.0,True,5,False,TRANSITION,BULL_STRUCTURE,0.6,0.95,0.6
2023-03-05 06:00:00+00:00,3,WEAK_BULL,1.0,True,6,False,TRANSITION,BULL_STRUCTURE,0.6,0.95,0.6
2023-03-06 06:00:00+00:00,3,WEAK_BULL,1.0,True,7,False,TRANSITION,BULL_STRUCTURE,0.6,0.95,0.6
2023-03-07 06:00:00+00:00,3,WEAK_BULL,1.0,True,8,False,TRANSITION,BULL_STRUCTURE,0.6,0.5945288593167541569425773279,0.5945288593167541569425773279
2023-03-08 06:00:00+00:00,3,WEAK_BULL,1.0,True,9,False,TRANSITION,TRANSITION,0.6,0.5921426835932458151036804259,0.5921426835932458151036804259
2023-03-09 06:00:00+00:00,3,WEAK_BULL,1.0,True,10,False,TRANSITION,TRANSITION,0.6,0.5717421695504951605483610078,0.5717421695504951605483610078
2023-03-10 06:00:00+00:00,3,WEAK_BULL,1.0,True,11,False,TRANSITION,TRANSITION,0.6,0.5766016822808253029567162708,0.5766016822808253029567162708
2023-03-11 06:00:00+00:00,3,WEAK_BULL,1.0,True,12,False,TRANSITION,TRANSITION,0.6,0.5761617218330576553241974086,0.5761617218330576553241974086
2023-03-12 06:00:00+00:00,3,WEAK_BULL,0.9141249811570538,True,13,False,TRANSITION,TRANSITION,0.6,0.95,0.6
2023-03-13 06:00:00+00:00,3,WEAK_BULL,1.40972773323832e-12,False,13,False,TRANSITION,TRANSITION,0.6,0.6195744033338345962503552457,0.6
2023-03-14 06:00:00+00:00,3,WEAK_BULL,3.921531689439313e-22,False,13,False,BULL_STRUCTURE,TRANSITION,0.6,0.6037490146557797154151046830,0.6
2023-03-15 06:00:00+00:00,2,STRONG_BULL,0.9999999973688318,True,3,False,BULL_STRUCTURE,TRANSITION,0.6,0.95,0.6
2023-03-16 06:00:00+00:00,2,STRONG_BULL,1.0,True,4,False,BULL_STRUCTURE,TRANSITION,0.6,0.95,0.6
2023-03-17 06:00:00+00:00,2,STRONG_BULL,0.9999999998399289,True,5,False,BULL_STRUCTURE,TRANSITION,0.6,0.95,0.6
2023-03-18 06:00:00+00:00,2,STRONG_BULL,0.9999928656807078,True,6,False,BULL_STRUCTURE,BULL_STRUCTURE,1.0,0.95,0.95
2023-03-19 06:00:00+00:00,2,STRONG_BULL,0.999991955414387,True,7,False,BULL_STRUCTURE,BULL_STRUCTURE,1.0,0.9512233051898106751121173107,0.9512233051898106751121173107
2023-03-20 06:00:00+00:00,2,STRONG_BULL,0.9999909894255644,True,8,False,BULL_STRUCTURE,BULL_STRUCTURE,1.0,0.9516932299710744757259363795,0.9516932299710744757259363795
2023-03-21 06:00:00+00:00,2,STRONG_BULL,0.9999782957656673,True,9,False,BULL_STRUCTURE,BULL_STRUCTURE,1.0,0.9523459239655082377469165547,0.9523459239655082377469165547
2023-03-22 06:00:00+00:00,2,STRONG_BULL,0.9999958709271349,True,10,False,BULL_STRUCTURE,BULL_STRUCTURE,1.0,0.9514067363030691213613221703,0.9514067363030691213613221703
2023-03-23 06:00:00+00:00,2,STRONG_BULL,0.99999969357673,True,11,False,BULL_STRUCTURE,BULL_STRUCTURE,1.0,0.9524790059880767795272806373,0.9524790059880767795272806373
2023-03-24 06:00:00+00:00,2,STRONG_BULL,0.9999999921819835,True,12,False,BULL_STRUCTURE,BULL_STRUCTURE,1.0,0.9511198380738171475991103173,0.9511198380738171475991103173
2023-03-25 06:00:00+00:00,2,STRONG_BULL,0.9999996725355768,True,13,False,BULL_STRUCTURE,BULL_STRUCTURE,1.0,0.9512651484740661959823380652,0.9512651484740661959823380652
2023-03-26 06:00:00+00:00,2,STRONG_BULL,0.9999974577490803,True,14,False,BULL_STRUCTURE,BULL_STRUCTURE,1.0,0.9515502153649444044964070590,0.9515502153649444044964070590
2023-03-27 06:00:00+00:00,2,STRONG_BULL,0.999981727598929,True,15,False,BULL_STRUCTURE,BULL_STRUCTURE,1.0,0.9502862208979140413345228137,0.9502862208979140413345228137
2023-03-28 06:00:00+00:00,2,STRONG_BULL,0.9975866569232633,True,16,False,BULL_STRUCTURE,BULL_STRUCTURE,1.0,0.9512640207929606593350176638,0.9512640207929606593350176638
2023-03-29 06:00:00+00:00,2,STRONG_BULL,0.9992362308355736,True,17,False,BULL_STRUCTURE,BULL_STRUCTURE,1.0,0.9530005552788018719107230392,0.9530005552788018719107230392
2023-03-30 06:00:00+00:00,2,STRONG_BULL,0.9997142567160049,True,18,False,BULL_STRUCTURE,BULL_STRUCTURE,1.0,0.9520756558207088094915419092,0.9520756558207088094915419092
2023-03-31 06:00:00+00:00,2,STRONG_BULL,0.9978087690552665,True,19,False,BULL_STRUCTURE,BULL_STRUCTURE,1.0,0.9529333062729828757344450387,0.9529333062729828757344450387
2023-04-01 06:00:00+00:00,2,STRONG_BULL,0.9988090778968219,True,20,False,BULL_STRUCTURE,BULL_STRUCTURE,1.0,0.9527741080248833249776806601,0.9527741080248833249776806601
2023-04-02 06:00:00+00:00,2,STRONG_BULL,0.9979436537398462,True,21,False,BULL_STRUCTURE,BULL_STRUCTURE,1.0,0.9514909079317710787007582722,0.9514909079317710787007582722
2023-04-03 06:00:00+00:00,2,STRONG_BULL,0.3759282612261872,False,21,False,BULL_STRUCTURE,BULL_STRUCTURE,1.0,0.475,0.475
2023-04-04 06:00:00+00:00,2,STRONG_BULL,0.05656852020591026,False,21,False,BULL_STRUCTURE,BULL_STRUCTURE,1.0,0.4814172443979985156228919036,0.4814172443979985156228919036
2023-04-05 06:00:00+00:00,1,STRONG_BEAR,0.9957600850184409,True,3,False,BULL_STRUCTURE,BULL_STRUCTURE,1.0,0.95,0.95
2023-04-06 06:00:00+00:00,1,STRONG_BEAR,0.9757123563714516,True,4,False,BULL_STRUCTURE,BULL_STRUCTURE,1.0,0.9504892502210391809529463431,0.9504892502210391809529463431
2023-04-07 06:00:00+00:00,1,STRONG_BEAR,0.9895486557759821,True,5,False,BULL_STRUCTURE,BULL_STRUCTURE,1.0,0.9507584293727224543640716767,0.9507584293727224543640716767
2023-04-08 06:00:00+00:00,1,STRONG_BEAR,0.9959849539892577,True,6,False,BULL_STRUCTURE,BULL_STRUCTURE,1.0,0.9505216055508930014088919054,0.9505216055508930014088919054
2023-04-09 06:00:00+00:00,1,STRONG_BEAR,0.9997367234416419,True,7,False,BULL_STRUCTURE,BULL_STRUCTURE,1.0,0.9509922883392720967516539842,0.9509922883392720967516539842
2023-04-10 06:00:00+00:00,1,STRONG_BEAR,0.3514712001283148,False,7,False,BULL_STRUCTURE,BULL_STRUCTURE,1.0,0.475,0.475
2023-04-11 06:00:00+00:00,1,STRONG_BEAR,0.0010070132320733859,False,7,False,BULL_STRUCTURE,BULL_STRUCTURE,1.0,0.4755966850641438446716724089,0.4755966850641438446716724089
2023-04-12 06:00:00+00:00,2,STRONG_BULL,0.9999819847129635,True,3,False,BULL_STRUCTURE,BULL_STRUCTURE,1.0,0.95,0.95
2023-04-13 06:00:00+00:00,2,STRONG_BULL,0.9999981835515555,True,4,False,BULL_STRUCTURE,BULL_STRUCTURE,1.0,0.9516394482900354465697295546,0.9516394482900354465697295546
2023-04-14 06:00:00+00:00,2,STRONG_BULL,0.9999999649517128,True,5,False,BULL_STRUCTURE,BULL_STRUCTURE,1.0,0.9510813045942989808555277399,0.9510813045942989808555277399
2023-04-15 06:00:00+00:00,2,STRONG_BULL,0.9996027025748221,True,6,False,BULL_STRUCTURE,BULL_STRUCTURE,1.0,0.9508959984232735311266885794,0.9508959984232735311266885794
2023-04-16 06:00:00+00:00,2,STRONG_BULL,0.9999801707564677,True,7,False,BULL_STRUCTURE,BULL_STRUCTURE,1.0,0.9504161582537146759165122421,0.9504161582537146759165122421
2023-04-17 06:00:00+00:00,2,STRONG_BULL,0.9999361281378583,True,8,False,BULL_STRUCTURE,BULL_STRUCTURE,1.0,0.9496897067466111759877794112,0.9496897067466111759877794112
2023-04-18 06:00:00+00:00,2,STRONG_BULL,0.9999942555861172,True,9,False,BULL_STRUCTURE,BULL_STRUCTURE,1.0,0.9508373049028459009299203522,0.9508373049028459009299203522
2023-04-19 06:00:00+00:00,2,STRONG_BULL,0.9999712452850557,True,10,False,BULL_STRUCTURE,BULL_STRUCTURE,1.0,0.9486183397899034069005012566,0.9486183397899034069005012566
2023-04-20 06:00:00+00:00,2,STRONG_BULL,0.9984184504875663,True,11,False,BULL_STRUCTURE,BULL_STRUCTURE,1.0,0.9473472309132448792663495755,0.9473472309132448792663495755
2023-04-21 06:00:00+00:00,2,STRONG_BULL,0.9742951417203922,True,12,False,BULL_STRUCTURE,BULL_STRUCTURE,1.0,0.9459645308780707206114433941,0.9459645308780707206114433941
2023-04-22 06:00:00+00:00,2,STRONG_BULL,0.9968590722704701,True,13,False,BULL_STRUCTURE,BULL_STRUCTURE,1.0,0.9463121171125861686320335939,0.9463121171125861686320335939
2023-04-23 06:00:00+00:00,2,STRONG_BULL,0.6436086373712088,True,14,False,BULL_STRUCTURE,BULL_STRUCTURE,1.0,0.9464401639663732386014280588,0.9464401639663732386014280588
2023-04-24 06:00:00+00:00,0,BEAR,0.9993125263838205,True,1,False,BULL_STRUCTURE,BULL_STRUCTURE,1.0,0.50,0.50
2023-04-25 06:00:00+00:00,0,BEAR,0.9867626759722956,True,2,False,BULL_STRUCTURE,BULL_STRUCTURE,1.0,0.5090874560373249515957688206,0.5090874560373249515957688206
2023-04-26 06:00:00+00:00,0,BEAR,0.510833012835463,True,3,False,BULL_STRUCTURE,BULL_STRUCTURE,1.0,0.25,0.25
2023-04-27 06:00:00+00:00,0,BEAR,0.0106370131619662,False,3,False,BULL_STRUCTURE,BULL_STRUCTURE,1.0,0.2525978366624892699467033788,0.2525978366624892699467033788
2023-04-28 06:00:00+00:00,0,BEAR,0.0015287240213746932,False,3,False,BULL_STRUCTURE,BULL_STRUCTURE,1.0,0.2518417488723547682872532996,0.2518417488723547682872532996
2023-04-29 06:00:00+00:00,0,BEAR,0.06605005863401113,False,3,False,BULL_STRUCTURE,BULL_STRUCTURE,1.0,0.2512151780205379131099238733,0.2512151780205379131099238733
2023-04-30 06:00:00+00:00,0,BEAR,0.03835639038578888,False,3,False,BULL_STRUCTURE,BULL_STRUCTURE,1.0,0.2462004770386776045083133933,0.2462004770386776045083133933
2023-05-01 06:00:00+00:00,2,NEUTRAL,0.8346370200163188,True,3,False,BULL_STRUCTURE,BULL_STRUCTURE,1.0,0.95,0.95
2023-05-02 06:00:00+00:00,2,NEUTRAL,0.8785667304378937,True,4,False,BULL_STRUCTURE,BULL_STRUCTURE,1.0,0.9516563300274647009473382060,0.9516563300274647009473382060
2023-05-03 06:00:00+00:00,2,NEUTRAL,0.9988175714588811,True,5,False,BULL_STRUCTURE,BULL_STRUCTURE,1.0,0.9528025363633332508449273371,0.9528025363633332508449273371
2023-05-04 06:00:00+00:00,2,NEUTRAL,0.999965978995822,True,6,False,BULL_STRUCTURE,BULL_STRUCTURE,1.0,0.9527934494511583080610545373,0.9527934494511583080610545373
2023-05-05 06:00:00+00:00,2,NEUTRAL,0.9992128948429453,True,7,False,BULL_STRUCTURE,BULL_STRUCTURE,1.0,0.9530218508089547441153409779,0.9530218508089547441153409779
2023-05-06 06:00:00+00:00,2,NEUTRAL,0.9999298073992343,True,8,False,BULL_STRUCTURE,BULL_STRUCTURE,1.0,0.9523141734425935858027698317,0.9523141734425935858027698317
2023-05-07 06:00:00+00:00,2,NEUTRAL,0.999994428656068,True,9,False,BULL_STRUCTURE,BULL_STRUCTURE,1.0,0.9513036520089082925223826852,0.9513036520089082925223826852
2023-05-08 06:00:00+00:00,2,NEUTRAL,0.9987028018600116,True,10,False,BULL_STRUCTURE,BULL_STRUCTURE,1.0,0.9501099869252462741245098100,0.9501099869252462741245098100
2023-05-09 06:00:00+00:00,2,NEUTRAL,0.9997695192044238,True,11,False,BULL_STRUCTURE,BULL_STRUCTURE,1.0,0.9502914461287461606700716744,0.9502914461287461606700716744
2023-05-10 06:00:00+00:00,2,NEUTRAL,0.7134598247471476,True,12,False,BULL_STRUCTURE,BULL_STRUCTURE,1.0,0.9500740873689567401272802875,0.9500740873689567401272802875
2023-05-11 06:00:00+00:00,2,NEUTRAL,0.5251948232100535,True,13,False,BULL_STRUCTURE,BULL_STRUCTURE,1.0,0.475,0.475
2023-05-12 06:00:00+00:00,2,NEUTRAL,0.9682448089700925,True,14,False,BULL_STRUCTURE,BULL_STRUCTURE,1.0,0.95,0.95
2023-05-13 06:00:00+00:00,2,NEUTRAL,0.9999185992405052,True,15,False,BULL_STRUCTURE,BULL_STRUCTURE,1.0,0.9507339486165411020587559682,0.9507339486165411020587559682
2023-05-14 06:00:00+00:00,2,NEUTRAL,0.999759669676905,True,16,False,BULL_STRUCTURE,BULL_STRUCTURE,1.0,0.9516035297654734767675415022,0.9516035297654734767675415022
2023-05-15 06:00:00+00:00,2,NEUTRAL,0.9999672509867421,True,17,False,BULL_STRUCTURE,BULL_STRUCTURE,1.0,0.9511375067804308857361190358,0.9511375067804308857361190358
2023-05-16 06:00:00+00:00,2,NEUTRAL,0.963388739469565,True,18,False,BULL_STRUCTURE,BULL_STRUCTURE,1.0,0.9510156647706670940564631075,0.9510156647706670940564631075
2023-05-17 06:00:00+00:00,2,NEUTRAL,0.14377006381744356,False,18,False,BULL_STRUCTURE,BULL_STRUCTURE,1.0,0.475,0.475
2023-05-18 06:00:00+00:00,2,NEUTRAL,0.009739775946907893,False,18,False,BULL_STRUCTURE,BULL_STRUCTURE,1.0,0.4721253736349300619213877865,0.4721253736349300619213877865
2023-05-19 06:00:00+00:00,0,BEAR,0.9997004163989228,True,3,False,BULL_STRUCTURE,BULL_STRUCTURE,1.0,0.4720596204864693210699106657,0.4720596204864693210699106657
2023-05-20 06:00:00+00:00,0,BEAR,0.9947599650812361,True,4,False,BULL_STRUCTURE,BULL_STRUCTURE,1.0,0.4741796440671836646329623934,0.4741796440671836646329623934
2023-05-21 06:00:00+00:00,0,BEAR,0.9342042463307226,True,5,False,BULL_STRUCTURE,BULL_STRUCTURE,1.0,0.4710069209750727190735418447,0.4710069209750727190735418447
2023-05-22 06:00:00+00:00,0,BEAR,0.2724686785770695,False,5,False,BULL_STRUCTURE,BULL_STRUCTURE,1.0,0.4768220406602935242631364495,0.4768220406602935242631364495
2023-05-23 06:00:00+00:00,0,BEAR,0.0024282525482764495,False,5,False,BULL_STRUCTURE,BULL_STRUCTURE,1.0,0.4711871447149899900490987839,0.4711871447149899900490987839
2023-05-24 06:00:00+00:00,2,NEUTRAL,0.9973160147984639,True,3,False,BULL_STRUCTURE,BULL_STRUCTURE,1.0,0.95,0.95
2023-05-25 06:00:00+00:00,2,NEUTRAL,0.9971420720506667,True,4,False,BULL_STRUCTURE,BULL_STRUCTURE,1.0,0.9507528716690131490362931426,0.9507528716690131490362931426
2023-05-26 06:00:00+00:00,2,NEUTRAL,0.9962501504178248,True,5,False,BULL_STRUCTURE,BULL_STRUCTURE,1.0,0.9514151066519227789734471475,0.9514151066519227789734471475
2023-05-27 06:00:00+00:00,2,NEUTRAL,0.9961003434635655,True,6,False,BULL_STRUCTURE,BULL_STRUCTURE,1.0,0.9521637155297358289711616572,0.9521637155297358289711616572
2023-05-28 06:00:00+00:00,2,NEUTRAL,0.9696759159584185,True,7,False,BULL_STRUCTURE,BULL_STRUCTURE,1.0,0.9535096773746366496666461216,0.9535096773746366496666461216
2023-05-29 06:00:00+00:00,2,NEUTRAL,0.6371308538844062,True,8,False,BULL_STRUCTURE,BULL_STRUCTURE,1.0,0.9531307376882201430211629378,0.9531307376882201430211629378
2023-05-30 06:00:00+00:00,2,NEUTRAL,0.12007027472865966,False,8,False,BULL_STRUCTURE,BULL_STRUCTURE,1.0,0.475,0.475
2023-05-31 06:00:00+00:00,2,NEUTRAL,0.0005193539512972498,False,8,False,BULL_STRUCTURE,BULL_STRUCTURE,1.0,0.4730853719842075151096311935,0.4730853719842075151096311935
2023-06-01 06:00:00+00:00,1,BULL,0.9999977849030961,True,3,False,BULL_STRUCTURE,BULL_STRUCTURE,1.0,0.95,0.95
2023-06-02 06:00:00+00:00,1,BULL,0.9999996335832965,True,4,False,BULL_STRUCTURE,BULL_STRUCTURE,1.0,0.9505933765037604560657140656,0.9505933765037604560657140656
2023-06-03 06:00:00+00:00,1,BULL,0.9999999963988557,True,5,False,BULL_STRUCTURE,BULL_STRUCTURE,1.0,0.9503874671799953575752413751,0.9503874671799953575752413751
2023-06-04 06:00:00+00:00,1,BULL,0.9999999798988031,True,6,False,BULL_STRUCTURE,BULL_STRUCTURE,1.0,0.9499974133904381961127675697,0.9499974133904381961127675697
2023-06-05 06:00:00+00:00,1,BULL,0.9915829729635156,True,7,False,BULL_STRUCTURE,BULL_STRUCTURE,1.0,0.9480718265670551530931605474,0.9480718265670551530931605474
2023-06-06 06:00:00+00:00,1,BULL,0.8973455363930154,True,8,False,BULL_STRUCTURE,BULL_STRUCTURE,1.0,0.9501673988730980804540547383,0.9501673988730980804540547383
2023-06-07 06:00:00+00:00,1,BULL,0.976420604240873,True,9,False,BULL_STRUCTURE,BULL_STRUCTURE,1.0,0.9492071495364217497699118866,0.9492071495364217497699118866
2023-06-08 06:00:00+00:00,1,BULL,0.9979442814295258,True,10,False,BULL_STRUCTURE,BULL_STRUCTURE,1.0,0.9494382790206419578784634509,0.9494382790206419578784634509
2023-06-09 06:00:00+00:00,1,BULL,0.6345224553240967,True,11,False,BULL_STRUCTURE,BULL_STRUCTURE,1.0,0.9475861076659657543937446045,0.9475861076659657543937446045
2023-06-10 06:00:00+00:00,1,BULL,0.5276544612527698,True,12,False,BULL_STRUCTURE,BULL_STRUCTURE,1.0,0.475,0.475
2023-06-11 06:00:00+00:00,1,BULL,0.2794417855844669,False,12,False,BULL_STRUCTURE,BULL_STRUCTURE,1.0,0.4748447225769212076819121240,0.4748447225769212076819121240
2023-06-12 06:00:00+00:00,1,BULL,0.33525324900952896,False,12,False,BULL_STRUCTURE,BULL_STRUCTURE,1.0,0.4778081820423664846495404421,0.4778081820423664846495404421
2023-06-13 06:00:00+00:00,1,BULL,0.6124324493709458,True,13,False,BULL_STRUCTURE,BULL_STRUCTURE,1.0,0.95,0.95
2023-06-14 06:00:00+00:00,1,BULL,0.3085695752639489,False,13,False,BULL_STRUCTURE,BULL_STRUCTURE,1.0,0.475,0.475
2023-06-15 06:00:00+00:00,1,BULL,0.045682090760241996,False,13,False,BULL_STRUCTURE,BULL_STRUCTURE,1.0,0.4804379524273735530314239877,0.4804379524273735530314239877
2023-06-16 06:00:00+00:00,1,BULL,0.0007468276861876868,False,13,False,BULL_STRUCTURE,BULL_STRUCTURE,1.0,0.4913162182270150071955106386,0.4913162182270150071955106386
2023-06-17 06:00:00+00:00,1,BULL,0.00321578602579461,False,13,False,BULL_STRUCTURE,BULL_STRUCTURE,1.0,0.4899036131058116107547412644,0.4899036131058116107547412644
2023-06-18 06:00:00+00:00,0,BEAR,0.9693652437855165,True,3,False,BULL_STRUCTURE,BULL_STRUCTURE,1.0,0.4892019179410942004260503146,0.4892019179410942004260503146
2023-06-19 06:00:00+00:00,0,BEAR,0.9062984838706959,True,4,False,BULL_STRUCTURE,BULL_STRUCTURE,1.0,0.4925307020518441185477830681,0.4925307020518441185477830681
2023-06-20 06:00:00+00:00,0,BEAR,0.9999970291845348,True,5,False,BULL_STRUCTURE,BULL_STRUCTURE,1.0,0.5119055477240928862785107585,0.5119055477240928862785107585
2023-06-21 06:00:00+00:00,0,BEAR,0.9999390288897186,True,6,False,BULL_STRUCTURE,BULL_STRUCTURE,1.0,0.5228884926639213569458265689,0.5228884926639213569458265689
2023-06-22 06:00:00+00:00,0,BEAR,0.9938689082207802,True,7,False,BULL_STRUCTURE,BULL_STRUCTURE,1.0,0.5208758467405860984484734032,0.5208758467405860984484734032
2023-06-23 06:00:00+00:00,0,BEAR,0.5151318311732963,True,8,False,BULL_STRUCTURE,BULL_STRUCTURE,1.0,0.25,0.25
2023-06-24 06:00:00+00:00,0,BEAR,0.0002901566125448248,False,8,False,BULL_STRUCTURE,BULL_STRUCTURE,1.0,0.2509033277574294468305175321,0.2509033277574294468305175321
2023-06-25 06:00:00+00:00,0,BEAR,1.4807036325155123e-08,False,8,False,BULL_STRUCTURE,BULL_STRUCTURE,1.0,0.2469632733095678286034754791,0.2469632733095678286034754791
2023-06-26 06:00:00+00:00,0,BEAR,2.3520458094595812e-11,False,8,False,BULL_STRUCTURE,BULL_STRUCTURE,1.0,0.2475957792004512731962965251,0.2475957792004512731962965251
2023-06-27 06:00:00+00:00,2,NEUTRAL,0.9999678479110353,True,3,False,BULL_STRUCTURE,BULL_STRUCTURE,1.0,0.95,0.95
2023-06-28 06:00:00+00:00,2,NEUTRAL,0.9998315421510129,True,4,False,BULL_STRUCTURE,BULL_STRUCTURE,1.0,0.9504497904190045535282809033,0.9504497904190045535282809033
2023-06-29 06:00:00+00:00,2,NEUTRAL,0.9998987288773501,True,5,False,BULL_STRUCTURE,BULL_STRUCTURE,1.0,0.9512988258669933673738819009,0.9512988258669933673738819009
2023-06-30 06:00:00+00:00,2,NEUTRAL,0.7982097740071471,True,6,False,BULL_STRUCTURE,BULL_STRUCTURE,1.0,0.9508312304867199092500235880,0.9508312304867199092500235880
2023-07-01 06:00:00+00:00,2,NEUTRAL,0.9999726862280554,True,7,False,BULL_STRUCTURE,BULL_STRUCTURE,1.0,0.9509108550596404593266287330,0.9509108550596404593266287330
2023-07-02 06:00:00+00:00,2,NEUTRAL,0.9999991621142599,True,8,False,BULL_STRUCTURE,BULL_STRUCTURE,1.0,0.9512036652184130566534430180,0.9512036652184130566534430180
2023-07-03 06:00:00+00:00,2,NEUTRAL,0.9999968836062537,True,9,False,BULL_STRUCTURE,BULL_STRUCTURE,1.0,0.9516520735841976936880683058,0.9516520735841976936880683058
2023-07-04 06:00:00+00:00,2,NEUTRAL,0.9999992048045421,True,10,False,BULL_STRUCTURE,BULL_STRUCTURE,1.0,0.9514152872044722030283211433,0.9514152872044722030283211433
2023-07-05 06:00:00+00:00,2,NEUTRAL,0.9999837682956647,True,11,False,BULL_STRUCTURE,BULL_STRUCTURE,1.0,0.9510654071427280375809635367,0.9510654071427280375809635367
2023-07-06 06:00:00+00:00,2,NEUTRAL,0.27093487411776007,False,11,False,BULL_STRUCTURE,BULL_STRUCTURE,1.0,0.475,0.475
2023-07-07 06:00:00+00:00,2,NEUTRAL,0.9998121230060699,True,12,False,BULL_STRUCTURE,BULL_STRUCTURE,1.0,0.95,0.95
2023-07-08 06:00:00+00:00,2,NEUTRAL,0.9999997376185437,True,13,False,BULL_STRUCTURE,BULL_STRUCTURE,1.0,0.9506186755260672163363690019,0.9506186755260672163363690019
2023-07-09 06:00:00+00:00,2,NEUTRAL,0.9999996810297997,True,14,False,BULL_STRUCTURE,BULL_STRUCTURE,1.0,0.9503403358511601529980158703,0.9503403358511601529980158703
2023-07-10 06:00:00+00:00,2,NEUTRAL,0.9999999982742338,True,15,False,BULL_STRUCTURE,BULL_STRUCTURE,1.0,0.9509198392985826179963581210,0.9509198392985826179963581210
2023-07-11 06:00:00+00:00,2,NEUTRAL,0.9999999999872671,True,16,False,BULL_STRUCTURE,BULL_STRUCTURE,1.0,0.9512213936658763476444317371,0.9512213936658763476444317371
2023-07-12 06:00:00+00:00,2,NEUTRAL,0.9999999999781721,True,17,False,BULL_STRUCTURE,BULL_STRUCTURE,1.0,0.9507151779278752702360798479,0.9507151779278752702360798479
2023-07-13 06:00:00+00:00,2,NEUTRAL,0.9999991406415629,True,18,False,BULL_STRUCTURE,BULL_STRUCTURE,1.0,0.9522678127786566007123260160,0.9522678127786566007123260160
2023-07-14 06:00:00+00:00,2,NEUTRAL,0.9999452645257526,True,19,False,BULL_STRUCTURE,BULL_STRUCTURE,1.0,0.9506725392443547592388851763,0.9506725392443547592388851763
2023-07-15 06:00:00+00:00,2,NEUTRAL,0.9999283582576737,True,20,False,BULL_STRUCTURE,BULL_STRUCTURE,1.0,0.9505834984527239930587196606,0.9505834984527239930587196606
2023-07-16 06:00:00+00:00,2,NEUTRAL,0.999977832723423,True,21,False,BULL_STRUCTURE,BULL_STRUCTURE,1.0,0.9506242595069807299506068331,0.9506242595069807299506068331
2023-07-17 06:00:00+00:00,2,NEUTRAL,0.9999967298612128,True,22,False,BULL_STRUCTURE,BULL_STRUCTURE,1.0,0.9502931795032658519188471978,0.9502931795032658519188471978
2023-07-18 06:00:00+00:00,2,NEUTRAL,0.9999999927485987,True,23,False,BULL_STRUCTURE,BULL_STRUCTURE,1.0,0.9503656436731516333418727886,0.9503656436731516333418727886
2023-07-19 06:00:00+00:00,2,NEUTRAL,0.9999999934530024,True,24,False,BULL_STRUCTURE,BULL_STRUCTURE,1.0,0.9504088612711562844349480329,0.9504088612711562844349480329
2023-07-20 06:00:00+00:00,2,NEUTRAL,0.9999999504671008,True,25,False,BULL_STRUCTURE,BULL_STRUCTURE,1.0,0.9499222697894592910278307588,0.9499222697894592910278307588
2023-07-21 06:00:00+00:00,2,NEUTRAL,0.9999999952397047,True,26,False,BULL_STRUCTURE,BULL_STRUCTURE,1.0,0.9500051222790645715259284383,0.9500051222790645715259284383
2023-07-22 06:00:00+00:00,2,NEUTRAL,0.9999999937854227,True,27,False,BULL_STRUCTURE,BULL_STRUCTURE,1.0,0.9500876376733854899926664106,0.9500876376733854899926664106
2023-07-23 06:00:00+00:00,2,NEUTRAL,0.9999999269316531,True,28,False,BULL_STRUCTURE,BULL_STRUCTURE,1.0,0.9498934253188787771957758892,0.9498934253188787771957758892
2023-07-24 06:00:00+00:00,2,NEUTRAL,0.9999976505050969,True,29,False,BULL_STRUCTURE,BULL_STRUCTURE,1.0,0.9487973252987681010572265116,0.9487973252987681010572265116
2023-07-25 06:00:00+00:00,2,NEUTRAL,0.9999413561083588,True,30,False,BULL_STRUCTURE,BULL_STRUCTURE,1.0,0.9490293971798874849495080678,0.9490293971798874849495080678
2023-07-26 06:00:00+00:00,2,NEUTRAL,0.9980919819854537,True,31,False,BULL_STRUCTURE,BULL_STRUCTURE,1.0,0.9493445640836749864525658094,0.9493445640836749864525658094
2023-07-27 06:00:00+00:00,2,NEUTRAL,0.9956223261363405,True,32,False,BULL_STRUCTURE,BULL_STRUCTURE,1.0,0.9488932951691591544864364908,0.9488932951691591544864364908
2023-07-28 06:00:00+00:00,2,NEUTRAL,0.998246095960903,True,33,False,BULL_STRUCTURE,BULL_STRUCTURE,1.0,0.9491979135212073150743209120,0.9491979135212073150743209120
2023-07-29 06:00:00+00:00,2,NEUTRAL,0.9534182518716984,True,34,False,BULL_STRUCTURE,BULL_STRUCTURE,1.0,0.9491033655001513086349261584,0.9491033655001513086349261584
2023-07-30 06:00:00+00:00,2,NEUTRAL,0.8022402720600481,True,35,False,BULL_STRUCTURE,BULL_STRUCTURE,1.0,0.9492136701999168375454196813,0.9492136701999168375454196813
2023-07-31 06:00:00+00:00,2,NEUTRAL,0.7596921520034767,True,36,False,BULL_STRUCTURE,BULL_STRUCTURE,1.0,0.9484475272871675988143420949,0.9484475272871675988143420949
2023-08-01 06:00:00+00:00,2,NEUTRAL,0.1703420629110848,False,36,False,BULL_STRUCTURE,BULL_STRUCTURE,1.0,0.475,0.475
2023-08-02 06:00:00+00:00,2,NEUTRAL,0.6503928396225072,True,37,False,BULL_STRUCTURE,BULL_STRUCTURE,1.0,0.95,0.95
2023-08-03 06:00:00+00:00,2,NEUTRAL,0.8638448651135248,True,38,False,BULL_STRUCTURE,BULL_STRUCTURE,1.0,0.9507386875726964711939798476,0.9507386875726964711939798476
2023-08-04 06:00:00+00:00,2,NEUTRAL,0.8999104127139009,True,39,False,BULL_STRUCTURE,BULL_STRUCTURE,1.0,0.9505059251084073631669495935,0.9505059251084073631669495935
2023-08-05 06:00:00+00:00,2,NEUTRAL,0.9992930574865252,True,40,False,BULL_STRUCTURE,BULL_STRUCTURE,1.0,0.9505173213296949485057919271,0.9505173213296949485057919271
2023-08-06 06:00:00+00:00,2,NEUTRAL,0.9311082563097901,True,41,False,BULL_STRUCTURE,BULL_STRUCTURE,1.0,0.9505566746831536935305316805,0.9505566746831536935305316805
2023-08-07 06:00:00+00:00,2,NEUTRAL,3.2384323789044937e-06,False,41,False,BULL_STRUCTURE,BULL_STRUCTURE,1.0,0.475,0.475
2023-08-08 06:00:00+00:00,2,NEUTRAL,7.55921608593988e-11,False,41,False,BULL_STRUCTURE,BULL_STRUCTURE,1.0,0.4794123347927007779924037558,0.4794123347927007779924037558
2023-08-09 06:00:00+00:00,1,BULL,0.9999846230589275,True,3,False,BULL_STRUCTURE,BULL_STRUCTURE,1.0,0.95,0.95
2023-08-10 06:00:00+00:00,1,BULL,0.9999839912792526,True,4,False,BULL_STRUCTURE,BULL_STRUCTURE,1.0,0.9503847460140720878890368492,0.9503847460140720878890368492
2023-08-11 06:00:00+00:00,1,BULL,0.9999936124717628,True,5,False,BULL_STRUCTURE,BULL_STRUCTURE,1.0,0.9502945857132684323224532336,0.9502945857132684323224532336
2023-08-12 06:00:00+00:00,1,BULL,0.999999647155681,True,6,False,BULL_STRUCTURE,BULL_STRUCTURE,1.0,0.9502618913966241312967905343,0.9502618913966241312967905343
2023-08-13 06:00:00+00:00,1,BULL,0.9999998047133167,True,7,False,BULL_STRUCTURE,BULL_STRUCTURE,1.0,0.9503623767882023686439309633,0.9503623767882023686439309633
2023-08-14 06:00:00+00:00,1,BULL,0.9999996770316624,True,8,False,BULL_STRUCTURE,BULL_STRUCTURE,1.0,0.9502373182692614240838797854,0.9502373182692614240838797854
2023-08-15 06:00:00+00:00,1,BULL,0.9999996783281466,True,9,False,BULL_STRUCTURE,BULL_STRUCTURE,1.0,0.9498683187512317670237325324,0.9498683187512317670237325324
2023-08-16 06:00:00+00:00,1,BULL,0.999991620143742,True,10,False,BULL_STRUCTURE,BULL_STRUCTURE,1.0,0.9491008738809300735223496938,0.9491008738809300735223496938
2023-08-17 06:00:00+00:00,1,BULL,8.676955140998348e-18,False,10,False,TRANSITION,BULL_STRUCTURE,0.6,0.475,0.475
2023-08-18 06:00:00+00:00,1,BULL,1.057273339710333e-26,False,10,False,TRANSITION,BULL_STRUCTURE,0.6,0.4699623783769566606106020272,0.4699623783769566606106020272
2023-08-19 06:00:00+00:00,0,BEAR,0.9804674072112343,True,3,False,TRANSITION,BULL_STRUCTURE,0.6,0.4719518421839594957269009579,0.4719518421839594957269009579
2023-08-20 06:00:00+00:00,0,BEAR,0.23032062528017755,False,3,False,TRANSITION,BULL_STRUCTURE,0.6,0.4720715887001187799598571267,0.4720715887001187799598571267
2023-08-21 06:00:00+00:00,0,BEAR,1.9534452486235164e-08,False,3,False,TRANSITION,TRANSITION,0.6,0.4714680064563192704943001705,0.4714680064563192704943001705
2023-08-22 06:00:00+00:00,3,CRASH,0.9958411038415271,True,3,False,TRANSITION,TRANSITION,0.6,0.4714739390712660876347693673,0.4714739390712660876347693673
2023-08-23 06:00:00+00:00,3,CRASH,0.9999343829960047,True,4,False,TRANSITION,TRANSITION,0.6,0.4750819639974448023148735512,0.4750819639974448023148735512
2023-08-24 06:00:00+00:00,3,CRASH,0.9980959187068621,True,5,False,TRANSITION,TRANSITION,0.6,0.4716459269886720569098386803,0.4716459269886720569098386803
2023-08-25 06:00:00+00:00,3,CRASH,0.9743529825934637,True,6,False,TRANSITION,TRANSITION,0.6,0.4716651467133570622971553971,0.4716651467133570622971553971
2023-08-26 06:00:00+00:00,3,CRASH,0.05254199266312269,False,6,False,TRANSITION,TRANSITION,0.6,0.4713926889446747874833403219,0.4713926889446747874833403219
2023-08-27 06:00:00+00:00,3,CRASH,3.8298996962003236e-07,False,6,False,TRANSITION,TRANSITION,0.6,0.4707170308468093068863647043,0.4707170308468093068863647043
2023-08-28 06:00:00+00:00,2,NEUTRAL,0.9999999356105057,True,3,False,TRANSITION,TRANSITION,0.6,0.95,0.6
2023-08-29 06:00:00+00:00,2,NEUTRAL,0.9959943479257036,True,4,False,TRANSITION,TRANSITION,0.6,0.95,0.6
2023-08-30 06:00:00+00:00,2,NEUTRAL,0.9999708611433488,True,5,False,TRANSITION,TRANSITION,0.6,0.95,0.6
2023-08-31 06:00:00+00:00,2,NEUTRAL,0.9620103541806595,True,6,False,TRANSITION,TRANSITION,0.6,0.95,0.6
2023-09-01 06:00:00+00:00,2,NEUTRAL,0.9871004821743324,True,7,False,TRANSITION,TRANSITION,0.6,0.95,0.6
2023-09-02 06:00:00+00:00,2,NEUTRAL,0.9983977190880158,True,8,False,TRANSITION,TRANSITION,0.6,0.95,0.6
2023-09-03 06:00:00+00:00,2,NEUTRAL,0.9996525104364492,True,9,False,TRANSITION,TRANSITION,0.6,0.95,0.6
2023-09-04 06:00:00+00:00,2,NEUTRAL,0.9995341074612,True,10,False,TRANSITION,TRANSITION,0.6,0.95,0.6
2023-09-05 06:00:00+00:00,2,NEUTRAL,0.9887309489815951,True,11,False,TRANSITION,TRANSITION,0.6,0.95,0.6
2023-09-06 06:00:00+00:00,2,NEUTRAL,0.03369990626845668,False,11,False,TRANSITION,TRANSITION,0.6,0.6005184967186126107463400057,0.6
2023-09-07 06:00:00+00:00,2,NEUTRAL,4.373987696966352e-05,False,11,False,TRANSITION,TRANSITION,0.6,0.6041486129816374354862917128,0.6
2023-09-08 06:00:00+00:00,3,CRASH,0.9551338051020147,True,3,False,TRANSITION,TRANSITION,0.6,0.5963609999062622139975333038,0.5963609999062622139975333038
2023-09-09 06:00:00+00:00,3,CRASH,0.2187279564813474,False,3,False,TRANSITION,TRANSITION,0.6,0.25,0.25
2023-09-10 06:00:00+00:00,3,CRASH,0.00030085322772960813,False,3,False,TRANSITION,TRANSITION,0.6,0.2504392068013087790398215984,0.2504392068013087790398215984
2023-09-11 06:00:00+00:00,0,BEAR,0.997748482405487,True,3,False,TRANSITION,TRANSITION,0.6,0.50,0.50
2023-09-12 06:00:00+00:00,0,BEAR,0.9995215662635196,True,4,False,TRANSITION,TRANSITION,0.6,0.5013902667536211460820878908,0.5013902667536211460820878908
2023-09-13 06:00:00+00:00,0,BEAR,0.999872133155109,True,5,False,TRANSITION,TRANSITION,0.6,0.5042191791784195292323396756,0.5042191791784195292323396756
2023-09-14 06:00:00+00:00,0,BEAR,0.9999723854373148,True,6,False,TRANSITION,TRANSITION,0.6,0.5079530658935811732252964164,0.5079530658935811732252964164
2023-09-15 06:00:00+00:00,0,BEAR,0.9999917202509899,True,7,False,TRANSITION,TRANSITION,0.6,0.5074710316627657023736446877,0.5074710316627657023736446877
2023-09-16 06:00:00+00:00,0,BEAR,0.9999979603374296,True,8,False,TRANSITION,TRANSITION,0.6,0.5075278182814447177646236419,0.5075278182814447177646236419
2023-09-17 06:00:00+00:00,0,BEAR,0.9999973222347235,True,9,False,TRANSITION,TRANSITION,0.6,0.5085019773956524588513615113,0.5085019773956524588513615113
2023-09-18 06:00:00+00:00,0,BEAR,0.9999311469758763,True,10,False,TRANSITION,TRANSITION,0.6,0.5098937214444417889979158283,0.5098937214444417889979158283
2023-09-19 06:00:00+00:00,0,BEAR,0.9994359807422873,True,11,False,TRANSITION,TRANSITION,0.6,0.5120177074993286385990135636,0.5120177074993286385990135636
2023-09-20 06:00:00+00:00,0,BEAR,0.43167545737316326,False,11,False,TRANSITION,TRANSITION,0.6,0.25,0.25
2023-09-21 06:00:00+00:00,0,BEAR,0.11100650017464078,False,11,False,TRANSITION,TRANSITION,0.6,0.2472698078402127525377991331,0.2472698078402127525377991331
2023-09-22 06:00:00+00:00,3,CRASH,0.9508679316900961,True,3,False,TRANSITION,TRANSITION,0.6,0.50,0.50
2023-09-23 06:00:00+00:00,3,CRASH,0.922134825555183,True,4,False,TRANSITION,TRANSITION,0.6,0.5003102952994348997035102624,0.5003102952994348997035102624
2023-09-24 06:00:00+00:00,3,CRASH,0.9967058265912805,True,5,False,TRANSITION,TRANSITION,0.6,0.4960937870965075860090574126,0.4960937870965075860090574126
2023-09-25 06:00:00+00:00,3,CRASH,0.9949437714618005,True,6,False,TRANSITION,TRANSITION,0.6,0.4980684690395152692015533978,0.4980684690395152692015533978
2023-09-26 06:00:00+00:00,3,CRASH,0.9952554916731269,True,7,False,TRANSITION,TRANSITION,0.6,0.4974502426384756816147212508,0.4974502426384756816147212508
2023-09-27 06:00:00+00:00,3,CRASH,0.9998146325593031,True,8,False,TRANSITION,TRANSITION,0.6,0.4992912017914824411099981324,0.4992912017914824411099981324
2023-09-28 06:00:00+00:00,3,CRASH,0.9994478894355912,True,9,False,TRANSITION,TRANSITION,0.6,0.5042247159532343558473107312,0.5042247159532343558473107312
2023-09-29 06:00:00+00:00,3,CRASH,0.9975249022232432,True,10,False,TRANSITION,TRANSITION,0.6,0.5038332700979931342559936467,0.5038332700979931342559936467
2023-09-30 06:00:00+00:00,3,CRASH,0.9162532358572166,True,11,False,TRANSITION,TRANSITION,0.6,0.5050998676107631762387587267,0.5050998676107631762387587267
2023-10-01 06:00:00+00:00,3,CRASH,0.9082352388329131,True,12,False,TRANSITION,TRANSITION,0.6,0.5133235610718463347681634683,0.5133235610718463347681634683
2023-10-02 06:00:00+00:00,3,CRASH,0.4364928015765169,False,12,False,TRANSITION,TRANSITION,0.6,0.25,0.25
2023-10-03 06:00:00+00:00,3,CRASH,0.974338569179266,True,13,False,TRANSITION,TRANSITION,0.6,0.50,0.50
2023-10-04 06:00:00+00:00,3,CRASH,0.9986291905619353,True,14,False,TRANSITION,TRANSITION,0.6,0.5022887301867291868247182878,0.5022887301867291868247182878
2023-10-05 06:00:00+00:00,3,CRASH,0.9987974206544467,True,15,False,TRANSITION,TRANSITION,0.6,0.5010073068545517990112926279,0.5010073068545517990112926279
2023-10-06 06:00:00+00:00,3,CRASH,0.9999999376368598,True,16,False,TRANSITION,TRANSITION,0.6,0.5046213811801700970665459770,0.5046213811801700970665459770
2023-10-07 06:00:00+00:00,3,CRASH,0.9896870125272385,True,17,False,TRANSITION,TRANSITION,0.6,0.5049210798000716033134918295,0.5049210798000716033134918295
2023-10-08 06:00:00+00:00,3,CRASH,0.979562765690335,True,18,False,TRANSITION,TRANSITION,0.6,0.5042964698947338092645884621,0.5042964698947338092645884621
2023-10-09 06:00:00+00:00,3,CRASH,0.9999771847716795,True,19,False,TRANSITION,TRANSITION,0.6,0.5019803113385256112645492664,0.5019803113385256112645492664
2023-10-10 06:00:00+00:00,3,CRASH,0.9999918334712353,True,20,False,TRANSITION,TRANSITION,0.6,0.4974705189293372362685191877,0.4974705189293372362685191877
2023-10-11 06:00:00+00:00,3,CRASH,0.99999999407828,True,21,False,TRANSITION,TRANSITION,0.6,0.4952773687278234262187416615,0.4952773687278234262187416615
2023-10-12 06:00:00+00:00,3,CRASH,0.9875268827134643,True,22,False,TRANSITION,TRANSITION,0.6,0.4947659550691955791290973869,0.4947659550691955791290973869
2023-10-13 06:00:00+00:00,3,CRASH,0.10373055237285467,False,22,False,TRANSITION,TRANSITION,0.6,0.4953538101806129175799805946,0.4953538101806129175799805946
2023-10-14 06:00:00+00:00,3,CRASH,3.811454012040385e-05,False,22,False,TRANSITION,TRANSITION,0.6,0.4953293551546259472086783977,0.4953293551546259472086783977
2023-10-15 06:00:00+00:00,0,BEAR,0.9998985061169354,True,3,False,TRANSITION,TRANSITION,0.6,0.5047646943746194251530794552,0.5047646943746194251530794552
2023-10-16 06:00:00+00:00,0,BEAR,0.9814923227174308,True,4,False,TRANSITION,TRANSITION,0.6,0.5074719761860915998471607321,0.5074719761860915998471607321
2023-10-17 06:00:00+00:00,0,BEAR,0.9835366931147279,True,5,False,BULL_STRUCTURE,TRANSITION,0.6,0.5116438713874435864128002053,0.5116438713874435864128002053
2023-10-18 06:00:00+00:00,0,BEAR,0.10611504164336033,False,5,False,BULL_STRUCTURE,TRANSITION,0.6,0.25,0.25
2023-10-19 06:00:00+00:00,0,BEAR,3.7859872719336217e-07,False,5,False,BULL_STRUCTURE,TRANSITION,0.6,0.2560864271694421724040119282,0.2560864271694421724040119282
2023-10-20 06:00:00+00:00,0,BEAR,2.090384096691181e-12,False,5,False,BULL_STRUCTURE,TRANSITION,0.6,0.2584059853616595646362257806,0.2584059853616595646362257806
2023-10-21 06:00:00+00:00,0,BEAR,2.8147907680148744e-16,False,5,False,BULL_STRUCTURE,BULL_STRUCTURE,1.0,0.2618614400453752651673777337,0.2618614400453752651673777337
2023-10-22 06:00:00+00:00,0,BEAR,4.910359599820695e-25,False,5,False,BULL_STRUCTURE,BULL_STRUCTURE,1.0,0.2661630014288158654552625699,0.2661630014288158654552625699
2023-10-23 06:00:00+00:00,0,NEUTRAL,0.9980585735548503,True,1,False,BULL_STRUCTURE,BULL_STRUCTURE,1.0,0.95,0.95
2023-10-24 06:00:00+00:00,0,NEUTRAL,2.2363913215475778e-08,False,1,False,BULL_STRUCTURE,BULL_STRUCTURE,1.0,0.475,0.475
2023-10-25 06:00:00+00:00,0,NEUTRAL,7.169669054606244e-26,False,1,False,BULL_STRUCTURE,BULL_STRUCTURE,1.0,0.4790027891101759870959077852,0.4790027891101759870959077852
2023-10-26 06:00:00+00:00,0,NEUTRAL,0.9923887388677783,True,2,False,BULL_STRUCTURE,BULL_STRUCTURE,1.0,0.95,0.95
2023-10-27 06:00:00+00:00,0,NEUTRAL,1.0,True,3,False,BULL_STRUCTURE,BULL_STRUCTURE,1.0,0.9505875831131345876258615873,0.9505875831131345876258615873
2023-10-28 06:00:00+00:00,0,NEUTRAL,0.9816405598680017,True,4,False,BULL_STRUCTURE,BULL_STRUCTURE,1.0,0.9505132385346611077398286021,0.9505132385346611077398286021
2023-10-29 06:00:00+00:00,0,NEUTRAL,2.3742677187217067e-06,False,4,False,BULL_STRUCTURE,BULL_STRUCTURE,1.0,0.475,0.475
2023-10-30 06:00:00+00:00,0,NEUTRAL,3.0586359250318002e-21,False,4,False,BULL_STRUCTURE,BULL_STRUCTURE,1.0,0.4755206071814390353386137997,0.4755206071814390353386137997
2023-10-31 06:00:00+00:00,1,WEAK_BEAR,1.0,True,3,False,BULL_STRUCTURE,BULL_STRUCTURE,1.0,0.95,0.95
2023-11-01 06:00:00+00:00,1,WEAK_BEAR,0.9999999999990905,True,4,False,BULL_STRUCTURE,BULL_STRUCTURE,1.0,0.9517190019161053967012759310,0.9517190019161053967012759310
2023-11-02 06:00:00+00:00,1,WEAK_BEAR,1.0,True,5,False,BULL_STRUCTURE,BULL_STRUCTURE,1.0,0.9508471431115088454953663798,0.9508471431115088454953663798
2023-11-03 06:00:00+00:00,1,WEAK_BEAR,1.0,True,6,False,BULL_STRUCTURE,BULL_STRUCTURE,1.0,0.9511420693494653361233662077,0.9511420693494653361233662077
2023-11-04 06:00:00+00:00,1,WEAK_BEAR,1.0,True,7,False,BULL_STRUCTURE,BULL_STRUCTURE,1.0,0.9516762475235820971293011768,0.9516762475235820971293011768
2023-11-05 06:00:00+00:00,1,WEAK_BEAR,1.0,True,8,False,BULL_STRUCTURE,BULL_STRUCTURE,1.0,0.9512063833136964490905933030,0.9512063833136964490905933030
2023-11-06 06:00:00+00:00,1,WEAK_BEAR,1.0,True,9,False,BULL_STRUCTURE,BULL_STRUCTURE,1.0,0.9513457896225234318062251843,0.9513457896225234318062251843
2023-11-07 06:00:00+00:00,1,WEAK_BEAR,1.0,True,10,False,BULL_STRUCTURE,BULL_STRUCTURE,1.0,0.9518004461489718597708094364,0.9518004461489718597708094364
2023-11-08 06:00:00+00:00,1,WEAK_BEAR,0.9999999999231477,True,11,False,BULL_STRUCTURE,BULL_STRUCTURE,1.0,0.9534559780287358383864611909,0.9534559780287358383864611909
2023-11-09 06:00:00+00:00,1,WEAK_BEAR,1.0,True,12,False,BULL_STRUCTURE,BULL_STRUCTURE,1.0,0.9536705343983056004792696330,0.9536705343983056004792696330
2023-11-10 06:00:00+00:00,1,WEAK_BEAR,0.9999999979931999,True,13,False,BULL_STRUCTURE,BULL_STRUCTURE,1.0,0.9540522082694728537107157437,0.9540522082694728537107157437
2023-11-11 06:00:00+00:00,1,WEAK_BEAR,0.9999998951711914,True,14,False,BULL_STRUCTURE,BULL_STRUCTURE,1.0,0.9540916779030081156229948096,0.9540916779030081156229948096
2023-11-12 06:00:00+00:00,1,WEAK_BEAR,8.919851067681747e-16,False,14,False,BULL_STRUCTURE,BULL_STRUCTURE,1.0,0.475,0.475
2023-11-13 06:00:00+00:00,1,WEAK_BEAR,0.9999771455219677,True,15,False,BULL_STRUCTURE,BULL_STRUCTURE,1.0,0.95,0.95
2023-11-14 06:00:00+00:00,1,WEAK_BEAR,0.8318041317065701,True,16,False,BULL_STRUCTURE,BULL_STRUCTURE,1.0,0.9492340108775733707996073864,0.9492340108775733707996073864
2023-11-15 06:00:00+00:00,1,WEAK_BEAR,2.489457441796332e-38,False,16,False,BULL_STRUCTURE,BULL_STRUCTURE,1.0,0.475,0.475
2023-11-16 06:00:00+00:00,1,WEAK_BEAR,2.05096025081074e-19,False,16,False,BULL_STRUCTURE,BULL_STRUCTURE,1.0,0.4678672532268555342490302985,0.4678672532268555342490302985
2023-11-17 06:00:00+00:00,1,WEAK_BEAR,3.364927543165614e-26,False,16,False,BULL_STRUCTURE,BULL_STRUCTURE,1.0,0.4677194981561872040632684879,0.4677194981561872040632684879
2023-11-18 06:00:00+00:00,0,NEUTRAL,0.9994315825525153,True,3,False,BULL_STRUCTURE,BULL_STRUCTURE,1.0,0.95,0.95
2023-11-19 06:00:00+00:00,0,NEUTRAL,0.9998436422599206,True,4,False,BULL_STRUCTURE,BULL_STRUCTURE,1.0,0.9513805581512551565205958558,0.9513805581512551565205958558
2023-11-20 06:00:00+00:00,0,NEUTRAL,0.8869380111940905,True,5,False,BULL_STRUCTURE,BULL_STRUCTURE,1.0,0.9516567784330417386525139044,0.9516567784330417386525139044
2023-11-21 06:00:00+00:00,0,NEUTRAL,0.9999999877018128,True,6,False,BULL_STRUCTURE,BULL_STRUCTURE,1.0,0.9503970397994294438432853320,0.9503970397994294438432853320
2023-11-22 06:00:00+00:00,0,NEUTRAL,0.9995221969665203,True,7,False,BULL_STRUCTURE,BULL_STRUCTURE,1.0,0.9516163740370552487832988220,0.9516163740370552487832988220
2023-11-23 06:00:00+00:00,0,NEUTRAL,0.04367843186664942,False,7,False,BULL_STRUCTURE,BULL_STRUCTURE,1.0,0.475,0.475
2023-11-24 06:00:00+00:00,0,NEUTRAL,0.881784550277419,True,8,False,BULL_STRUCTURE,BULL_STRUCTURE,1.0,0.95,0.95
2023-11-25 06:00:00+00:00,0,NEUTRAL,0.45590285891911314,False,8,False,BULL_STRUCTURE,BULL_STRUCTURE,1.0,0.475,0.475
2023-11-26 06:00:00+00:00,0,NEUTRAL,0.11710809258916417,False,8,False,BULL_STRUCTURE,BULL_STRUCTURE,1.0,0.4721920793360973628368071556,0.4721920793360973628368071556
2023-11-27 06:00:00+00:00,5,EUPHORIA,0.9946937519681974,True,3,False,BULL_STRUCTURE,BULL_STRUCTURE,1.0,0.4695564672496265653041271463,0.4695564672496265653041271463
2023-11-28 06:00:00+00:00,5,EUPHORIA,0.9855732830754436,True,4,False,BULL_STRUCTURE,BULL_STRUCTURE,1.0,0.4770203630208745461930130524,0.4770203630208745461930130524
2023-11-29 06:00:00+00:00,5,EUPHORIA,0.7480362648128032,True,5,False,BULL_STRUCTURE,BULL_STRUCTURE,1.0,0.4760340177949353685208830558,0.4760340177949353685208830558
2023-11-30 06:00:00+00:00,5,EUPHORIA,0.5241846881453504,True,6,False,BULL_STRUCTURE,BULL_STRUCTURE,1.0,0.4775779944139614249526524690,0.4775779944139614249526524690
2023-12-01 06:00:00+00:00,5,EUPHORIA,0.9995958897380882,True,7,False,BULL_STRUCTURE,BULL_STRUCTURE,1.0,0.4816636478036611953159272694,0.4816636478036611953159272694
2023-12-02 06:00:00+00:00,5,EUPHORIA,0.9999995907588455,True,8,False,BULL_STRUCTURE,BULL_STRUCTURE,1.0,0.4859623130814712383771978593,0.4859623130814712383771978593
2023-12-03 06:00:00+00:00,5,EUPHORIA,0.9999998587213768,True,9,False,BULL_STRUCTURE,BULL_STRUCTURE,1.0,0.4987960267256397033161993388,0.4987960267256397033161993388
2023-12-04 06:00:00+00:00,5,EUPHORIA,0.9907194799680177,True,10,False,BULL_STRUCTURE,BULL_STRUCTURE,1.0,0.5012602823483842646595102860,0.5012602823483842646595102860
2023-12-05 06:00:00+00:00,5,EUPHORIA,0.999988370588518,True,11,False,BULL_STRUCTURE,BULL_STRUCTURE,1.0,0.5115721776097922432632532635,0.5115721776097922432632532635
2023-12-06 06:00:00+00:00,5,EUPHORIA,0.9999994682363244,True,12,False,BULL_STRUCTURE,BULL_STRUCTURE,1.0,0.5134580144564281285851002888,0.5134580144564281285851002888
2023-12-07 06:00:00+00:00,5,EUPHORIA,0.9999999484389277,True,13,False,BULL_STRUCTURE,BULL_STRUCTURE,1.0,0.5101122690363629907169941133,0.5101122690363629907169941133
2023-12-08 06:00:00+00:00,5,EUPHORIA,0.9933662004015309,True,14,False,BULL_STRUCTURE,BULL_STRUCTURE,1.0,0.5149731787275625948257016384,0.5149731787275625948257016384
2023-12-09 06:00:00+00:00,5,EUPHORIA,0.9974647277592608,True,15,False,BULL_STRUCTURE,BULL_STRUCTURE,1.0,0.5127596226456475370407697999,0.5127596226456475370407697999
2023-12-10 06:00:00+00:00,5,EUPHORIA,0.9787503337310204,True,16,False,BULL_STRUCTURE,BULL_STRUCTURE,1.0,0.5021077743704282615057727014,0.5021077743704282615057727014
2023-12-11 06:00:00+00:00,5,EUPHORIA,0.11245887264834781,False,16,False,BULL_STRUCTURE,BULL_STRUCTURE,1.0,0.4991932394935298911855396275,0.4991932394935298911855396275
2023-12-12 06:00:00+00:00,5,EUPHORIA,0.0006242852143339804,False,16,False,BULL_STRUCTURE,BULL_STRUCTURE,1.0,0.4958856264503647913270801298,0.4958856264503647913270801298
2023-12-13 06:00:00+00:00,3,CRASH,0.9318461901261691,True,3,False,BULL_STRUCTURE,BULL_STRUCTURE,1.0,0.5065563452298290530447050841,0.5065563452298290530447050841
2023-12-14 06:00:00+00:00,3,CRASH,0.9751232175200443,True,4,False,BULL_STRUCTURE,BULL_STRUCTURE,1.0,0.5052927782872366155217987664,0.5052927782872366155217987664
2023-12-15 06:00:00+00:00,3,CRASH,0.031726321999838616,False,4,False,BULL_STRUCTURE,BULL_STRUCTURE,1.0,0.25,0.25
2023-12-16 06:00:00+00:00,3,CRASH,5.506625453563609e-06,False,4,False,BULL_STRUCTURE,BULL_STRUCTURE,1.0,0.2484654824500455071674472996,0.2484654824500455071674472996
2023-12-17 06:00:00+00:00,5,EUPHORIA,0.9999986036733134,True,3,False,BULL_STRUCTURE,BULL_STRUCTURE,1.0,0.50,0.50
2023-12-18 06:00:00+00:00,5,EUPHORIA,0.9999999950728125,True,4,False,BULL_STRUCTURE,BULL_STRUCTURE,1.0,0.5118047650880967561842898432,0.5118047650880967561842898432
2023-12-19 06:00:00+00:00,5,EUPHORIA,0.9999994384403847,True,5,False,BULL_STRUCTURE,BULL_STRUCTURE,1.0,0.5103486310997416455614389055,0.5103486310997416455614389055
2023-12-20 06:00:00+00:00,5,EUPHORIA,0.9999999998958629,True,6,False,BULL_STRUCTURE,BULL_STRUCTURE,1.0,0.5149962742343196711562646490,0.5149962742343196711562646490
2023-12-21 06:00:00+00:00,5,EUPHORIA,1.0,True,7,False,BULL_STRUCTURE,BULL_STRUCTURE,1.0,0.5185684254624538146042649923,0.5185684254624538146042649923
2023-12-22 06:00:00+00:00,5,EUPHORIA,1.0,True,8,False,BULL_STRUCTURE,BULL_STRUCTURE,1.0,0.5155402064536399738993774911,0.5155402064536399738993774911
2023-12-23 06:00:00+00:00,5,EUPHORIA,0.9999999800274966,True,9,False,BULL_STRUCTURE,BULL_STRUCTURE,1.0,0.5148751196286312599382828686,0.5148751196286312599382828686
2023-12-24 06:00:00+00:00,5,EUPHORIA,0.9999999940155249,True,10,False,BULL_STRUCTURE,BULL_STRUCTURE,1.0,0.5134234045491169801850047017,0.5134234045491169801850047017
2023-12-25 06:00:00+00:00,5,EUPHORIA,0.6525712603780169,True,11,False,BULL_STRUCTURE,BULL_STRUCTURE,1.0,0.5106742001884568655499863902,0.5106742001884568655499863902
2023-12-26 06:00:00+00:00,5,EUPHORIA,2.9097830195882237e-05,False,11,False,BULL_STRUCTURE,BULL_STRUCTURE,1.0,0.25,0.25
2023-12-27 06:00:00+00:00,5,EUPHORIA,5.091873347286547e-05,False,11,False,BULL_STRUCTURE,BULL_STRUCTURE,1.0,0.2534596386461805620163479988,0.2534596386461805620163479988
2023-12-28 06:00:00+00:00,5,EUPHORIA,1.055924970781965e-07,False,11,False,BULL_STRUCTURE,BULL_STRUCTURE,1.0,0.2510691653436451371234582597,0.2510691653436451371234582597
2023-12-29 06:00:00+00:00,5,EUPHORIA,5.848140244071648e-09,False,11,False,BULL_STRUCTURE,BULL_STRUCTURE,1.0,0.2485329001479109523395709738,0.2485329001479109523395709738
2023-12-30 06:00:00+00:00,2,STRONG_BULL,0.7026217454237206,True,3,False,BULL_STRUCTURE,BULL_STRUCTURE,1.0,0.95,0.95
2023-12-31 06:00:00+00:00,2,STRONG_BULL,0.49154751561951093,False,3,False,BULL_STRUCTURE,BULL_STRUCTURE,1.0,0.475,0.475
2024-01-01 06:00:00+00:00,2,STRONG_BULL,0.0009040346809890405,False,3,False,BULL_STRUCTURE,BULL_STRUCTURE,1.0,0.4921282499756868261901967844,0.4921282499756868261901967844
2024-01-02 06:00:00+00:00,2,STRONG_BULL,2.6123598589424186e-05,False,3,False,BULL_STRUCTURE,BULL_STRUCTURE,1.0,0.4920875856818557559751724464,0.4920875856818557559751724464
2024-01-03 06:00:00+00:00,5,EUPHORIA,0.9999999971519173,True,3,False,BULL_STRUCTURE,BULL_STRUCTURE,1.0,0.4808422413341913051868249354,0.4808422413341913051868249354
2024-01-04 06:00:00+00:00,5,EUPHORIA,0.9999999999949978,True,4,False,BULL_STRUCTURE,BULL_STRUCTURE,1.0,0.4834901664714623200817621219,0.4834901664714623200817621219
2024-01-05 06:00:00+00:00,5,EUPHORIA,0.9999999995779945,True,5,False,BULL_STRUCTURE,BULL_STRUCTURE,1.0,0.4838022218629921671463661643,0.4838022218629921671463661643
2024-01-06 06:00:00+00:00,5,EUPHORIA,2.3933023059515478e-05,False,5,False,BULL_STRUCTURE,BULL_STRUCTURE,1.0,0.4848672936424053008025627538,0.4848672936424053008025627538
2024-01-07 06:00:00+00:00,5,EUPHORIA,1.5704981740970144e-13,False,5,False,BULL_STRUCTURE,BULL_STRUCTURE,1.0,0.4834763763263079428845492606,0.4834763763263079428845492606
2024-01-08 06:00:00+00:00,5,EUPHORIA,1.0,True,6,False,BULL_STRUCTURE,BULL_STRUCTURE,1.0,0.5004814110349089642048690849,0.5004814110349089642048690849
2024-01-09 06:00:00+00:00,5,EUPHORIA,0.999999999947704,True,7,False,BULL_STRUCTURE,BULL_STRUCTURE,1.0,0.4964967324104942777655847202,0.4964967324104942777655847202
2024-01-10 06:00:00+00:00,5,EUPHORIA,0.9999984065901988,True,8,False,BULL_STRUCTURE,BULL_STRUCTURE,1.0,0.4970073796294304860863896346,0.4970073796294304860863896346
2024-01-11 06:00:00+00:00,5,EUPHORIA,0.9994834327333934,True,9,False,BULL_STRUCTURE,BULL_STRUCTURE,1.0,0.4976793998199859862169024648,0.4976793998199859862169024648
2024-01-12 06:00:00+00:00,5,EUPHORIA,0.6978717669129523,True,10,False,BULL_STRUCTURE,BULL_STRUCTURE,1.0,0.4803640249752327888790241127,0.4803640249752327888790241127
2024-01-13 06:00:00+00:00,5,EUPHORIA,1.0792165513732166e-10,False,10,False,BULL_STRUCTURE,BULL_STRUCTURE,1.0,0.4783226865910295635045017661,0.4783226865910295635045017661
2024-01-14 06:00:00+00:00,5,EUPHORIA,0.0001005257788882659,False,10,False,BULL_STRUCTURE,BULL_STRUCTURE,1.0,0.4782634930741672252895836797,0.4782634930741672252895836797
2024-01-15 06:00:00+00:00,3,CRASH,0.9958306065469996,True,3,False,BULL_STRUCTURE,BULL_STRUCTURE,1.0,0.4784617443335486907779692126,0.4784617443335486907779692126
2024-01-16 06:00:00+00:00,3,CRASH,0.999999975215815,True,4,False,BULL_STRUCTURE,BULL_STRUCTURE,1.0,0.4785175683141905493334563762,0.4785175683141905493334563762
2024-01-17 06:00:00+00:00,3,CRASH,4.017321475361908e-11,False,4,False,BULL_STRUCTURE,BULL_STRUCTURE,1.0,0.4784562021159605061306283684,0.4784562021159605061306283684
2024-01-18 06:00:00+00:00,3,CRASH,1.272957792901744e-14,False,4,False,BULL_STRUCTURE,BULL_STRUCTURE,1.0,0.4691792442524565545450484413,0.4691792442524565545450484413
2024-01-19 06:00:00+00:00,5,EUPHORIA,1.0,True,3,False,BULL_STRUCTURE,BULL_STRUCTURE,1.0,0.4716881979446626326827492508,0.4716881979446626326827492508
2024-01-20 06:00:00+00:00,5,EUPHORIA,1.0,True,4,False,BULL_STRUCTURE,BULL_STRUCTURE,1.0,0.4716932264485381090510037848,0.4716932264485381090510037848
2024-01-21 06:00:00+00:00,5,EUPHORIA,0.9999999999995453,True,5,False,BULL_STRUCTURE,BULL_STRUCTURE,1.0,0.4687435228931989112252094472,0.4687435228931989112252094472
2024-01-22 06:00:00+00:00,5,EUPHORIA,0.9999999999995453,True,6,False,BULL_STRUCTURE,BULL_STRUCTURE,1.0,0.4621920198708041280698838603,0.4621920198708041280698838603
2024-01-23 06:00:00+00:00,5,EUPHORIA,0.9999555104097244,True,7,False,BULL_STRUCTURE,BULL_STRUCTURE,1.0,0.4605087806258651245813418991,0.4605087806258651245813418991
2024-01-24 06:00:00+00:00,5,EUPHORIA,0.9999841151295376,True,8,False,BULL_STRUCTURE,BULL_STRUCTURE,1.0,0.4609928811264716321150950721,0.4609928811264716321150950721
2024-01-25 06:00:00+00:00,5,EUPHORIA,0.9999989792527892,True,9,False,BULL_STRUCTURE,BULL_STRUCTURE,1.0,0.4623970297371442238686091272,0.4623970297371442238686091272
2024-01-26 06:00:00+00:00,5,EUPHORIA,0.9999999999913598,True,10,False,BULL_STRUCTURE,BULL_STRUCTURE,1.0,0.4724942284724133839585992445,0.4724942284724133839585992445
2024-01-27 06:00:00+00:00,5,EUPHORIA,1.0,True,11,False,BULL_STRUCTURE,BULL_STRUCTURE,1.0,0.4772256621807603552979397217,0.4772256621807603552979397217
2024-01-28 06:00:00+00:00,5,EUPHORIA,0.9999999999995453,True,12,False,BULL_STRUCTURE,BULL_STRUCTURE,1.0,0.4747627598137839838321397733,0.4747627598137839838321397733
2024-01-29 06:00:00+00:00,5,EUPHORIA,1.0,True,13,False,BULL_STRUCTURE,BULL_STRUCTURE,1.0,0.4818881738629794454278751527,0.4818881738629794454278751527
2024-01-30 06:00:00+00:00,5,EUPHORIA,1.0,True,14,False,BULL_STRUCTURE,BULL_STRUCTURE,1.0,0.4796618000974822901795417217,0.4796618000974822901795417217
2024-01-31 06:00:00+00:00,5,EUPHORIA,0.9999998465173239,True,15,False,BULL_STRUCTURE,BULL_STRUCTURE,1.0,0.4748353501102365465362921831,0.4748353501102365465362921831
2024-02-01 06:00:00+00:00,5,EUPHORIA,0.001218129573850583,False,15,False,BULL_STRUCTURE,BULL_STRUCTURE,1.0,0.4803807035900899397591005273,0.4803807035900899397591005273
2024-02-02 06:00:00+00:00,5,EUPHORIA,1.7140595229350811e-12,False,15,False,BULL_STRUCTURE,BULL_STRUCTURE,1.0,0.4807557473998888753604449548,0.4807557473998888753604449548
2024-02-03 06:00:00+00:00,2,STRONG_BULL,0.999999990636752,True,3,False,BULL_STRUCTURE,BULL_STRUCTURE,1.0,0.95,0.95
2024-02-04 06:00:00+00:00,2,STRONG_BULL,0.9999986642205667,True,4,False,BULL_STRUCTURE,BULL_STRUCTURE,1.0,0.9504553145809536109923369501,0.9504553145809536109923369501
2024-02-05 06:00:00+00:00,2,STRONG_BULL,0.9880022623668857,True,5,False,BULL_STRUCTURE,BULL_STRUCTURE,1.0,0.9504641635870093255558266075,0.9504641635870093255558266075
2024-02-06 06:00:00+00:00,2,STRONG_BULL,0.33056858519628235,False,5,False,BULL_STRUCTURE,BULL_STRUCTURE,1.0,0.475,0.475
2024-02-07 06:00:00+00:00,2,STRONG_BULL,0.999999999994543,True,6,False,BULL_STRUCTURE,BULL_STRUCTURE,1.0,0.95,0.95
2024-02-08 06:00:00+00:00,2,STRONG_BULL,0.9998226494796001,True,7,False,BULL_STRUCTURE,BULL_STRUCTURE,1.0,0.9523195729804211475244962779,0.9523195729804211475244962779
2024-02-09 06:00:00+00:00,2,STRONG_BULL,0.9208965435451074,True,8,False,BULL_STRUCTURE,BULL_STRUCTURE,1.0,0.9533373533442648167945923666,0.9533373533442648167945923666
2024-02-10 06:00:00+00:00,2,STRONG_BULL,0.14885107087339253,False,8,False,BULL_STRUCTURE,BULL_STRUCTURE,1.0,0.475,0.475
2024-02-11 06:00:00+00:00,2,STRONG_BULL,0.13343467740033893,False,8,False,BULL_STRUCTURE,BULL_STRUCTURE,1.0,0.4745102987028641816488227073,0.4745102987028641816488227073
2024-02-12 06:00:00+00:00,5,EUPHORIA,0.9957965667199781,True,3,False,BULL_STRUCTURE,BULL_STRUCTURE,1.0,0.4845676038965396809105994466,0.4845676038965396809105994466
2024-02-13 06:00:00+00:00,5,EUPHORIA,0.5594661112269641,True,4,False,BULL_STRUCTURE,BULL_STRUCTURE,1.0,0.4820051613908965900182248479,0.4820051613908965900182248479
2024-02-14 06:00:00+00:00,5,EUPHORIA,0.9958395075155304,True,5,False,BULL_STRUCTURE,BULL_STRUCTURE,1.0,0.4939050417207096925938666706,0.4939050417207096925938666706
2024-02-15 06:00:00+00:00,5,EUPHORIA,0.9928166204152402,True,6,False,BULL_STRUCTURE,BULL_STRUCTURE,1.0,0.4944275623322836022330401741,0.4944275623322836022330401741
2024-02-16 06:00:00+00:00,5,EUPHORIA,0.9993963889438782,True,7,False,BULL_STRUCTURE,BULL_STRUCTURE,1.0,0.4937285097408850467198479078,0.4937285097408850467198479078
2024-02-17 06:00:00+00:00,5,EUPHORIA,0.9998707180741891,True,8,False,BULL_STRUCTURE,BULL_STRUCTURE,1.0,0.4924634443563045338453019629,0.4924634443563045338453019629
2024-02-18 06:00:00+00:00,5,EUPHORIA,0.9999996696470225,True,9,False,BULL_STRUCTURE,BULL_STRUCTURE,1.0,0.4947444316181011405146315562,0.4947444316181011405146315562
2024-02-19 06:00:00+00:00,5,EUPHORIA,5.506312093672729e-05,False,9,False,BULL_STRUCTURE,BULL_STRUCTURE,1.0,0.4936809386318695732902758714,0.4936809386318695732902758714
2024-02-20 06:00:00+00:00,5,EUPHORIA,3.671225022805506e-09,False,9,False,BULL_STRUCTURE,BULL_STRUCTURE,1.0,0.4933380950560872438872754267,0.4933380950560872438872754267
2024-02-21 06:00:00+00:00,1,WEAK_BEAR,0.9999999952906364,True,3,False,BULL_STRUCTURE,BULL_STRUCTURE,1.0,0.95,0.95
2024-02-22 06:00:00+00:00,1,WEAK_BEAR,0.9999999865240171,True,4,False,BULL_STRUCTURE,BULL_STRUCTURE,1.0,0.9502999187754684191921566788,0.9502999187754684191921566788
2024-02-23 06:00:00+00:00,1,WEAK_BEAR,0.9999999983592716,True,5,False,BULL_STRUCTURE,BULL_STRUCTURE,1.0,0.9501254082792372436229712977,0.9501254082792372436229712977
2024-02-24 06:00:00+00:00,1,WEAK_BEAR,0.9999993662188179,True,6,False,BULL_STRUCTURE,BULL_STRUCTURE,1.0,0.9506961646979976951496555085,0.9506961646979976951496555085
2024-02-25 06:00:00+00:00,1,WEAK_BEAR,0.9999999613155531,True,7,False,BULL_STRUCTURE,BULL_STRUCTURE,1.0,0.9506049888929221086447423935,0.9506049888929221086447423935
2024-02-26 06:00:00+00:00,1,WEAK_BEAR,4.5282401259411665e-71,False,7,False,BULL_STRUCTURE,BULL_STRUCTURE,1.0,0.475,0.475
2024-02-27 06:00:00+00:00,1,WEAK_BEAR,2.0989695213060066e-38,False,7,False,BULL_STRUCTURE,BULL_STRUCTURE,1.0,0.4797696064769874482387103238,0.4797696064769874482387103238
2024-02-28 06:00:00+00:00,1,WEAK_BEAR,2.077555139069528e-115,False,7,False,BULL_STRUCTURE,BULL_STRUCTURE,1.0,0.5025973319409858454730682644,0.5025973319409858454730682644
2024-02-29 06:00:00+00:00,1,WEAK_BEAR,1.9468548536543914e-78,False,7,False,BULL_STRUCTURE,BULL_STRUCTURE,1.0,0.4976360836265657240623477002,0.4976360836265657240623477002
2024-03-01 06:00:00+00:00,2,STRONG_BULL,0.9999999272567974,True,3,False,BULL_STRUCTURE,BULL_STRUCTURE,1.0,0.95,0.95
2024-03-02 06:00:00+00:00,2,STRONG_BULL,0.9999930432746679,True,4,False,BULL_STRUCTURE,BULL_STRUCTURE,1.0,0.9504738252312276466609442454,0.9504738252312276466609442454
2024-03-03 06:00:00+00:00,2,STRONG_BULL,0.9999998877947355,True,5,False,BULL_STRUCTURE,BULL_STRUCTURE,1.0,0.9515583169992465115417963755,0.9515583169992465115417963755
2024-03-04 06:00:00+00:00,2,STRONG_BULL,0.035099888538454395,False,5,False,BULL_STRUCTURE,BULL_STRUCTURE,1.0,0.475,0.475
2024-03-05 06:00:00+00:00,2,STRONG_BULL,8.732744723667398e-10,False,5,False,BULL_STRUCTURE,BULL_STRUCTURE,1.0,0.4732230145958441291898092182,0.4732230145958441291898092182
2024-03-06 06:00:00+00:00,5,EUPHORIA,0.9999999993942765,True,3,False,BULL_STRUCTURE,BULL_STRUCTURE,1.0,0.4709352692110560111870689342,0.4709352692110560111870689342
2024-03-07 06:00:00+00:00,5,EUPHORIA,0.9999999999972715,True,4,False,BULL_STRUCTURE,BULL_STRUCTURE,1.0,0.4751051791663024775257648517,0.4751051791663024775257648517
2024-03-08 06:00:00+00:00,5,EUPHORIA,0.9999999999490683,True,5,False,BULL_STRUCTURE,BULL_STRUCTURE,1.0,0.4800340981175038728037399896,0.4800340981175038728037399896
2024-03-09 06:00:00+00:00,5,EUPHORIA,0.9999999999954525,True,6,False,BULL_STRUCTURE,BULL_STRUCTURE,1.0,0.4839735801439436415517412720,0.4839735801439436415517412720
2024-03-10 06:00:00+00:00,5,EUPHORIA,1.0,True,7,False,BULL_STRUCTURE,BULL_STRUCTURE,1.0,0.4811487563082197010443191393,0.4811487563082197010443191393
2024-03-11 06:00:00+00:00,5,EUPHORIA,1.0,True,8,False,BULL_STRUCTURE,BULL_STRUCTURE,1.0,0.4933488294141785360323670133,0.4933488294141785360323670133
2024-03-12 06:00:00+00:00,5,EUPHORIA,1.0,True,9,False,BULL_STRUCTURE,BULL_STRUCTURE,1.0,0.4939429050410344930465165699,0.4939429050410344930465165699
2024-03-13 06:00:00+00:00,5,EUPHORIA,1.0,True,10,False,BULL_STRUCTURE,BULL_STRUCTURE,1.0,0.4973549877193122750005454422,0.4973549877193122750005454422
2024-03-14 06:00:00+00:00,5,EUPHORIA,1.0,True,11,False,BULL_STRUCTURE,BULL_STRUCTURE,1.0,0.4770772423309367574336767647,0.4770772423309367574336767647
2024-03-15 06:00:00+00:00,5,EUPHORIA,1.0,True,12,False,BULL_STRUCTURE,BULL_STRUCTURE,1.0,0.4827263295210057980911044386,0.4827263295210057980911044386
2024-03-16 06:00:00+00:00,5,EUPHORIA,1.0,True,13,False,BULL_STRUCTURE,BULL_STRUCTURE,1.0,0.4725798668076241458001457157,0.4725798668076241458001457157
2024-03-17 06:00:00+00:00,5,EUPHORIA,1.0,True,14,False,BULL_STRUCTURE,BULL_STRUCTURE,1.0,0.4816691159419980485804118500,0.4816691159419980485804118500
2024-03-18 06:00:00+00:00,5,EUPHORIA,1.0,True,15,False,BULL_STRUCTURE,BULL_STRUCTURE,1.0,0.4687081487798198701332228574,0.4687081487798198701332228574
2024-03-19 06:00:00+00:00,5,EUPHORIA,0.9999999979181666,True,16,False,BULL_STRUCTURE,BULL_STRUCTURE,1.0,0.4543356604989514591699917142,0.4543356604989514591699917142
2024-03-20 06:00:00+00:00,5,EUPHORIA,1.0,True,17,False,BULL_STRUCTURE,BULL_STRUCTURE,1.0,0.4754758382650978776410729122,0.4754758382650978776410729122
2024-03-21 06:00:00+00:00,5,EUPHORIA,1.0,True,18,False,BULL_STRUCTURE,BULL_STRUCTURE,1.0,0.4733101276845881248179053993,0.4733101276845881248179053993
2024-03-22 06:00:00+00:00,5,EUPHORIA,1.0,True,19,False,BULL_STRUCTURE,BULL_STRUCTURE,1.0,0.4643222803227644167972132426,0.4643222803227644167972132426
2024-03-23 06:00:00+00:00,5,EUPHORIA,1.0,True,20,False,BULL_STRUCTURE,BULL_STRUCTURE,1.0,0.4652114819152767352474315407,0.4652114819152767352474315407
2024-03-24 06:00:00+00:00,5,EUPHORIA,1.0,True,21,False,BULL_STRUCTURE,BULL_STRUCTURE,1.0,0.4767400327219084192078530005,0.4767400327219084192078530005
2024-03-25 06:00:00+00:00,5,EUPHORIA,1.0,True,22,False,BULL_STRUCTURE,BULL_STRUCTURE,1.0,0.4874430967856098563410522801,0.4874430967856098563410522801
2024-03-26 06:00:00+00:00,5,EUPHORIA,1.0,True,23,False,BULL_STRUCTURE,BULL_STRUCTURE,1.0,0.4880645315583656639623095770,0.4880645315583656639623095770
2024-03-27 06:00:00+00:00,5,EUPHORIA,1.0,True,24,False,BULL_STRUCTURE,BULL_STRUCTURE,1.0,0.4853527051405926211781122537,0.4853527051405926211781122537
2024-03-28 06:00:00+00:00,5,EUPHORIA,1.0,True,25,False,BULL_STRUCTURE,BULL_STRUCTURE,1.0,0.4870187601528590648896661110,0.4870187601528590648896661110
2024-03-29 06:00:00+00:00,5,EUPHORIA,1.0,True,26,False,BULL_STRUCTURE,BULL_STRUCTURE,1.0,0.4863989931230982901081526631,0.4863989931230982901081526631
2024-03-30 06:00:00+00:00,5,EUPHORIA,1.0,True,27,False,BULL_STRUCTURE,BULL_STRUCTURE,1.0,0.4876052475156823745501586494,0.4876052475156823745501586494
2024-03-31 06:00:00+00:00,5,EUPHORIA,1.0,True,28,False,BULL_STRUCTURE,BULL_STRUCTURE,1.0,0.4833863268793285433997851899,0.4833863268793285433997851899
2024-04-01 06:00:00+00:00,5,EUPHORIA,1.0,True,29,False,BULL_STRUCTURE,BULL_STRUCTURE,1.0,0.4745629227857365230355689333,0.4745629227857365230355689333
2024-04-02 06:00:00+00:00,5,EUPHORIA,1.0,True,30,False,BULL_STRUCTURE,BULL_STRUCTURE,1.0,0.4719824464873780873326692706,0.4719824464873780873326692706
2024-04-03 06:00:00+00:00,5,EUPHORIA,1.0,True,31,False,BULL_STRUCTURE,BULL_STRUCTURE,1.0,0.4701448587046079296506613165,0.4701448587046079296506613165
2024-04-04 06:00:00+00:00,5,EUPHORIA,1.0,True,32,False,BULL_STRUCTURE,BULL_STRUCTURE,1.0,0.4750233565605427780881950012,0.4750233565605427780881950012
2024-04-05 06:00:00+00:00,5,EUPHORIA,1.0,True,33,False,BULL_STRUCTURE,BULL_STRUCTURE,1.0,0.4792786935178136089892765390,0.4792786935178136089892765390
2024-04-06 06:00:00+00:00,5,EUPHORIA,1.0,True,34,False,BULL_STRUCTURE,BULL_STRUCTURE,1.0,0.4842163996328509990286639226,0.4842163996328509990286639226
2024-04-07 06:00:00+00:00,5,EUPHORIA,1.0,True,35,False,BULL_STRUCTURE,BULL_STRUCTURE,1.0,0.4853089530827837259002263067,0.4853089530827837259002263067
2024-04-08 06:00:00+00:00,5,EUPHORIA,1.0,True,36,False,BULL_STRUCTURE,BULL_STRUCTURE,1.0,0.4901158686489190220587742843,0.4901158686489190220587742843
2024-04-09 06:00:00+00:00,5,EUPHORIA,2.1151174125346223e-07,False,36,False,BULL_STRUCTURE,BULL_STRUCTURE,1.0,0.4837050750196006124754227192,0.4837050750196006124754227192
2024-04-10 06:00:00+00:00,5,EUPHORIA,5.541847290963558e-10,False,36,False,BULL_STRUCTURE,BULL_STRUCTURE,1.0,0.4884503980938140735928726252,0.4884503980938140735928726252
2024-04-11 06:00:00+00:00,5,EUPHORIA,1.0528913796260883e-20,False,36,False,BULL_STRUCTURE,BULL_STRUCTURE,1.0,0.4897650551981078090997888949,0.4897650551981078090997888949
2024-04-12 06:00:00+00:00,5,EUPHORIA,6.535480794336309e-16,False,36,False,BULL_STRUCTURE,BULL_STRUCTURE,1.0,0.4767232904703951396402964244,0.4767232904703951396402964244
2024-04-13 06:00:00+00:00,5,EUPHORIA,1.2208578262590081e-20,False,36,False,BULL_STRUCTURE,BULL_STRUCTURE,1.0,0.4655185757413530407212861617,0.4655185757413530407212861617
2024-04-14 06:00:00+00:00,3,CRASH,0.9999999999836291,True,3,False,BULL_STRUCTURE,BULL_STRUCTURE,1.0,0.4696703452316618310228375082,0.4696703452316618310228375082
2024-04-15 06:00:00+00:00,3,CRASH,1.0,True,4,False,BULL_STRUCTURE,BULL_STRUCTURE,1.0,0.4589322295951689382865417395,0.4589322295951689382865417395
2024-04-16 06:00:00+00:00,3,CRASH,1.0,True,5,False,BULL_STRUCTURE,BULL_STRUCTURE,1.0,0.4637506186245974353874732754,0.4637506186245974353874732754
2024-04-17 06:00:00+00:00,3,CRASH,1.0,True,6,False,BULL_STRUCTURE,BULL_STRUCTURE,1.0,0.4524054990648585563779762143,0.4524054990648585563779762143
2024-04-18 06:00:00+00:00,3,CRASH,0.9999999837928045,True,7,False,BULL_STRUCTURE,BULL_STRUCTURE,1.0,0.4564375432480432049812445886,0.4564375432480432049812445886
2024-04-19 06:00:00+00:00,3,CRASH,0.9543310456003117,True,8,False,BULL_STRUCTURE,BULL_STRUCTURE,1.0,0.4646476883031987114719210143,0.4646476883031987114719210143
2024-04-20 06:00:00+00:00,3,CRASH,4.025850653818887e-10,False,8,False,BULL_STRUCTURE,BULL_STRUCTURE,1.0,0.4679950809166007929333004552,0.4679950809166007929333004552
2024-04-21 06:00:00+00:00,3,CRASH,4.092365464198535e-11,False,8,False,BULL_STRUCTURE,BULL_STRUCTURE,1.0,0.4731148431767899982500750579,0.4731148431767899982500750579
2024-04-22 06:00:00+00:00,2,EUPHORIA,0.8715717770685482,True,1,False,BULL_STRUCTURE,BULL_STRUCTURE,1.0,0.4735351896347056454487067314,0.4735351896347056454487067314
2024-04-23 06:00:00+00:00,2,EUPHORIA,0.36833747370470205,False,1,False,BULL_STRUCTURE,BULL_STRUCTURE,1.0,0.4744523866543424990417547270,0.4744523866543424990417547270
2024-04-24 06:00:00+00:00,2,EUPHORIA,0.12733152284854027,False,1,False,BULL_STRUCTURE,BULL_STRUCTURE,1.0,0.4648971015599801917945375515,0.4648971015599801917945375515
2024-04-25 06:00:00+00:00,4,WEAK_BULL,0.9995600676999784,True,3,False,BULL_STRUCTURE,BULL_STRUCTURE,1.0,0.4661747318501784588933052175,0.4661747318501784588933052175
2024-04-26 06:00:00+00:00,4,WEAK_BULL,0.9999999103088197,True,4,False,BULL_STRUCTURE,BULL_STRUCTURE,1.0,0.4600697703545394725035272364,0.4600697703545394725035272364
2024-04-27 06:00:00+00:00,4,WEAK_BULL,0.9999999310766748,True,5,False,BULL_STRUCTURE,BULL_STRUCTURE,1.0,0.4638516642288584006429572652,0.4638516642288584006429572652
2024-04-28 06:00:00+00:00,4,WEAK_BULL,0.9999999899800969,True,6,False,BULL_STRUCTURE,BULL_STRUCTURE,1.0,0.4579183537519662021375249016,0.4579183537519662021375249016
2024-04-29 06:00:00+00:00,4,WEAK_BULL,0.9999988438600984,True,7,False,BULL_STRUCTURE,BULL_STRUCTURE,1.0,0.4614141675689083483362436174,0.4614141675689083483362436174
2024-04-30 06:00:00+00:00,4,WEAK_BULL,0.9999999999990905,True,8,False,BULL_STRUCTURE,BULL_STRUCTURE,1.0,0.4482281135759787332013813510,0.4482281135759787332013813510
2024-05-01 06:00:00+00:00,4,WEAK_BULL,1.0,True,9,False,BULL_STRUCTURE,BULL_STRUCTURE,1.0,0.4374559538954676644175849686,0.4374559538954676644175849686
2024-05-02 06:00:00+00:00,4,WEAK_BULL,0.9999999999995453,True,10,False,BULL_STRUCTURE,BULL_STRUCTURE,1.0,0.4460476896538548000995506728,0.4460476896538548000995506728
2024-05-03 06:00:00+00:00,4,WEAK_BULL,0.9989810065156051,True,11,False,BULL_STRUCTURE,BULL_STRUCTURE,1.0,0.4616260230351422399205576811,0.4616260230351422399205576811
2024-05-04 06:00:00+00:00,4,WEAK_BULL,0.9999941106858095,True,12,False,BULL_STRUCTURE,BULL_STRUCTURE,1.0,0.4609494321104067197419621662,0.4609494321104067197419621662
2024-05-05 06:00:00+00:00,4,WEAK_BULL,0.9662651666916261,True,13,False,BULL_STRUCTURE,BULL_STRUCTURE,1.0,0.95,0.95
2024-05-06 06:00:00+00:00,4,WEAK_BULL,0.9721012445391622,True,14,False,BULL_STRUCTURE,BULL_STRUCTURE,1.0,0.60,0.60
2024-05-07 06:00:00+00:00,4,WEAK_BULL,0.9994310965404213,True,15,False,BULL_STRUCTURE,BULL_STRUCTURE,1.0,0.5966698020710638592155587566,0.5966698020710638592155587566
2024-05-08 06:00:00+00:00,4,WEAK_BULL,0.9429840215539104,True,16,False,BULL_STRUCTURE,BULL_STRUCTURE,1.0,0.5926418424156837952681192967,0.5926418424156837952681192967
2024-05-09 06:00:00+00:00,4,WEAK_BULL,0.9800479829781334,True,17,False,BULL_STRUCTURE,BULL_STRUCTURE,1.0,0.5972465384489983633097888263,0.5972465384489983633097888263
2024-05-10 06:00:00+00:00,4,WEAK_BULL,0.9611327192579248,True,18,False,BULL_STRUCTURE,BULL_STRUCTURE,1.0,0.5900457482301878239542455254,0.5900457482301878239542455254
2024-05-11 06:00:00+00:00,4,WEAK_BULL,0.0027437851868136968,False,18,False,BULL_STRUCTURE,BULL_STRUCTURE,1.0,0.30,0.30
2024-05-12 06:00:00+00:00,4,WEAK_BULL,8.147396647261514e-06,False,18,False,BULL_STRUCTURE,BULL_STRUCTURE,1.0,0.2994539863150249139084743505,0.2994539863150249139084743505
2024-05-13 06:00:00+00:00,5,WEAK_BEAR,0.7316418212258691,True,3,False,BULL_STRUCTURE,BULL_STRUCTURE,1.0,0.95,0.95
2024-05-14 06:00:00+00:00,5,WEAK_BEAR,0.9999455731618492,True,4,False,BULL_STRUCTURE,BULL_STRUCTURE,1.0,0.9501995341317064893724154811,0.9501995341317064893724154811
2024-05-15 06:00:00+00:00,5,WEAK_BEAR,2.5394090741574547e-13,False,4,False,BULL_STRUCTURE,BULL_STRUCTURE,1.0,0.475,0.475
2024-05-16 06:00:00+00:00,5,WEAK_BEAR,1.0424307314085614e-10,False,4,False,BULL_STRUCTURE,BULL_STRUCTURE,1.0,0.4749836535544859643100763194,0.4749836535544859643100763194
2024-05-17 06:00:00+00:00,2,EUPHORIA,0.9970767203124934,True,3,False,BULL_STRUCTURE,BULL_STRUCTURE,1.0,0.4793302425283326478139981219,0.4793302425283326478139981219
2024-05-18 06:00:00+00:00,2,EUPHORIA,0.9069454133850623,True,4,False,BULL_STRUCTURE,BULL_STRUCTURE,1.0,0.4802354640265090904235339697,0.4802354640265090904235339697
2024-05-19 06:00:00+00:00,2,EUPHORIA,0.6015437048784091,True,5,False,BULL_STRUCTURE,BULL_STRUCTURE,1.0,0.4803795404674126628719751408,0.4803795404674126628719751408
2024-05-20 06:00:00+00:00,2,EUPHORIA,0.1948273743572206,False,5,False,BULL_STRUCTURE,BULL_STRUCTURE,1.0,0.4950959968004179273625816545,0.4950959968004179273625816545
2024-05-21 06:00:00+00:00,2,EUPHORIA,0.015945633346604735,False,5,False,BULL_STRUCTURE,BULL_STRUCTURE,1.0,0.4904488668551252232225767213,0.4904488668551252232225767213
2024-05-22 06:00:00+00:00,4,WEAK_BULL,0.9976204712861619,True,3,False,BULL_STRUCTURE,BULL_STRUCTURE,1.0,0.95,0.95
2024-05-23 06:00:00+00:00,4,WEAK_BULL,0.9999927966901174,True,4,False,BULL_STRUCTURE,BULL_STRUCTURE,1.0,0.9490504998521772298176994995,0.9490504998521772298176994995
2024-05-24 06:00:00+00:00,4,WEAK_BULL,0.9969447695037158,True,5,False,BULL_STRUCTURE,BULL_STRUCTURE,1.0,0.9500494824446714459917818618,0.9500494824446714459917818618
2024-05-25 06:00:00+00:00,4,WEAK_BULL,2.202433654826391e-06,False,5,False,BULL_STRUCTURE,BULL_STRUCTURE,1.0,0.475,0.475
2024-05-26 06:00:00+00:00,4,WEAK_BULL,3.915030310094716e-08,False,5,False,BULL_STRUCTURE,BULL_STRUCTURE,1.0,0.4730647201973921141300047487,0.4730647201973921141300047487
2024-05-27 06:00:00+00:00,5,WEAK_BEAR,0.9999998937928524,True,3,False,BULL_STRUCTURE,BULL_STRUCTURE,1.0,0.95,0.95
2024-05-28 06:00:00+00:00,5,WEAK_BEAR,0.9999999748711165,True,4,False,BULL_STRUCTURE,BULL_STRUCTURE,1.0,0.9509570564604554266499846620,0.9509570564604554266499846620
2024-05-29 06:00:00+00:00,5,WEAK_BEAR,0.9999999997044142,True,5,False,BULL_STRUCTURE,BULL_STRUCTURE,1.0,0.9506487281730975483769505856,0.9506487281730975483769505856
2024-05-30 06:00:00+00:00,5,WEAK_BEAR,0.9999999999881766,True,6,False,BULL_STRUCTURE,BULL_STRUCTURE,1.0,0.9508602988999844529609644348,0.9508602988999844529609644348
2024-05-31 06:00:00+00:00,5,WEAK_BEAR,0.9999999998299245,True,7,False,BULL_STRUCTURE,BULL_STRUCTURE,1.0,0.9503384509142471491851404109,0.9503384509142471491851404109
2024-06-01 06:00:00+00:00,5,WEAK_BEAR,0.9999999997571649,True,8,False,BULL_STRUCTURE,BULL_STRUCTURE,1.0,0.9503677535804874304798591058,0.9503677535804874304798591058
2024-06-02 06:00:00+00:00,5,WEAK_BEAR,0.9999999666524678,True,9,False,BULL_STRUCTURE,BULL_STRUCTURE,1.0,0.9510353151783575885696189456,0.9510353151783575885696189456
2024-06-03 06:00:00+00:00,5,WEAK_BEAR,0.9999998514381442,True,10,False,BULL_STRUCTURE,BULL_STRUCTURE,1.0,0.9512082344391192534323059430,0.9512082344391192534323059430
2024-06-04 06:00:00+00:00,5,WEAK_BEAR,0.9659625448999287,True,11,False,BULL_STRUCTURE,BULL_STRUCTURE,1.0,0.9525462185169993315656527550,0.9525462185169993315656527550
2024-06-05 06:00:00+00:00,5,WEAK_BEAR,0.9982888768517502,True,12,False,BULL_STRUCTURE,BULL_STRUCTURE,1.0,0.9524795699789536710901634245,0.9524795699789536710901634245
2024-06-06 06:00:00+00:00,5,WEAK_BEAR,0.997898792405217,True,13,False,BULL_STRUCTURE,BULL_STRUCTURE,1.0,0.9527305159077235834271338515,0.9527305159077235834271338515
2024-06-07 06:00:00+00:00,5,WEAK_BEAR,0.004841973970513752,False,13,False,BULL_STRUCTURE,BULL_STRUCTURE,1.0,0.475,0.475
2024-06-08 06:00:00+00:00,5,WEAK_BEAR,0.6744231115555189,True,14,False,BULL_STRUCTURE,BULL_STRUCTURE,1.0,0.95,0.95
2024-06-09 06:00:00+00:00,5,WEAK_BEAR,0.9999502598945437,True,15,False,BULL_STRUCTURE,BULL_STRUCTURE,1.0,0.9507792017727234833962497462,0.9507792017727234833962497462
2024-06-10 06:00:00+00:00,5,WEAK_BEAR,0.9913529317788549,True,16,False,BULL_STRUCTURE,BULL_STRUCTURE,1.0,0.9496249039012364231504458359,0.9496249039012364231504458359
2024-06-11 06:00:00+00:00,5,WEAK_BEAR,0.9999551371561326,True,17,False,BULL_STRUCTURE,BULL_STRUCTURE,1.0,0.9491553499393929842017697781,0.9491553499393929842017697781
2024-06-12 06:00:00+00:00,5,WEAK_BEAR,0.9999944862040263,True,18,False,BULL_STRUCTURE,BULL_STRUCTURE,1.0,0.9494130001044680925073443357,0.9494130001044680925073443357
2024-06-13 06:00:00+00:00,5,WEAK_BEAR,0.9999990397982463,True,19,False,BULL_STRUCTURE,BULL_STRUCTURE,1.0,0.9490181034995334682105720808,0.9490181034995334682105720808
2024-06-14 06:00:00+00:00,5,WEAK_BEAR,0.9999981712297437,True,20,False,BULL_STRUCTURE,BULL_STRUCTURE,1.0,0.9484189776041541093435057982,0.9484189776041541093435057982
2024-06-15 06:00:00+00:00,5,WEAK_BEAR,0.9999991768389669,True,21,False,BULL_STRUCTURE,BULL_STRUCTURE,1.0,0.9484427355808503980242911629,0.9484427355808503980242911629
2024-06-16 06:00:00+00:00,5,WEAK_BEAR,0.999999773352127,True,22,False,BULL_STRUCTURE,BULL_STRUCTURE,1.0,0.9485073132354559716915442830,0.9485073132354559716915442830
2024-06-17 06:00:00+00:00,5,WEAK_BEAR,0.9999989542116975,True,23,False,BULL_STRUCTURE,BULL_STRUCTURE,1.0,0.9479450379639649751554898978,0.9479450379639649751554898978
2024-06-18 06:00:00+00:00,5,WEAK_BEAR,0.9999995033418924,True,24,False,BULL_STRUCTURE,BULL_STRUCTURE,1.0,0.9478070698886831659746712697,0.9478070698886831659746712697
2024-06-19 06:00:00+00:00,5,WEAK_BEAR,0.9999997894138,True,25,False,BULL_STRUCTURE,BULL_STRUCTURE,1.0,0.9478832191506076888266823274,0.9478832191506076888266823274
2024-06-20 06:00:00+00:00,5,WEAK_BEAR,0.9999995353683686,True,26,False,BULL_STRUCTURE,BULL_STRUCTURE,1.0,0.9472323966463406629313243048,0.9472323966463406629313243048
2024-06-21 06:00:00+00:00,5,WEAK_BEAR,0.9999996347556347,True,27,False,BULL_STRUCTURE,BULL_STRUCTURE,1.0,0.9470483554922183185221463812,0.9470483554922183185221463812
2024-06-22 06:00:00+00:00,5,WEAK_BEAR,0.9999983396910607,True,28,False,BULL_STRUCTURE,BULL_STRUCTURE,1.0,0.9470139200743295488748567547,0.9470139200743295488748567547
2024-06-23 06:00:00+00:00,5,WEAK_BEAR,0.9945235251181324,True,29,False,BULL_STRUCTURE,BULL_STRUCTURE,1.0,0.9453531924839838730884498722,0.9453531924839838730884498722
2024-06-24 06:00:00+00:00,5,WEAK_BEAR,0.37686362621738445,False,29,False,BULL_STRUCTURE,BULL_STRUCTURE,1.0,0.475,0.475
2024-06-25 06:00:00+00:00,5,WEAK_BEAR,0.12813844126440782,False,29,False,BULL_STRUCTURE,BULL_STRUCTURE,1.0,0.4774783590214075425603274635,0.4774783590214075425603274635
2024-06-26 06:00:00+00:00,4,WEAK_BULL,0.8897318356360344,True,3,False,BULL_STRUCTURE,BULL_STRUCTURE,1.0,0.4743943502862840383620748207,0.4743943502862840383620748207
2024-06-27 06:00:00+00:00,4,WEAK_BULL,0.9999807412549732,True,4,False,BULL_STRUCTURE,BULL_STRUCTURE,1.0,0.4776485172766323543108313660,0.4776485172766323543108313660
2024-06-28 06:00:00+00:00,4,WEAK_BULL,0.96918258408282,True,5,False,BULL_STRUCTURE,BULL_STRUCTURE,1.0,0.4742159918925921428341643697,0.4742159918925921428341643697
2024-06-29 06:00:00+00:00,4,WEAK_BULL,0.01697898707133638,False,5,False,BULL_STRUCTURE,BULL_STRUCTURE,1.0,0.4743277466833121144340886451,0.4743277466833121144340886451
2024-06-30 06:00:00+00:00,4,WEAK_BULL,0.9989531883168216,True,6,False,BULL_STRUCTURE,BULL_STRUCTURE,1.0,0.4849522360250952853086574724,0.4849522360250952853086574724
2024-07-01 06:00:00+00:00,4,WEAK_BULL,0.9998335668837318,True,7,False,BULL_STRUCTURE,BULL_STRUCTURE,1.0,0.4833369437101997776726084979,0.4833369437101997776726084979
2024-07-02 06:00:00+00:00,4,WEAK_BULL,0.9999994994210626,True,8,False,BULL_STRUCTURE,BULL_STRUCTURE,1.0,0.4756870623070018075894272713,0.4756870623070018075894272713
2024-07-03 06:00:00+00:00,4,WEAK_BULL,0.9999999980968823,True,9,False,BULL_STRUCTURE,BULL_STRUCTURE,1.0,0.4664710240813803292085469133,0.4664710240813803292085469133
2024-07-04 06:00:00+00:00,4,WEAK_BULL,1.0,True,10,False,TRANSITION,BULL_STRUCTURE,0.6,0.4485842669124126013252541403,0.4485842669124126013252541403
2024-07-05 06:00:00+00:00,4,WEAK_BULL,1.0,True,11,False,TRANSITION,BULL_STRUCTURE,0.6,0.4555209468229142396025306688,0.4555209468229142396025306688
2024-07-06 06:00:00+00:00,4,WEAK_BULL,0.9999999999986358,True,12,False,TRANSITION,BULL_STRUCTURE,0.6,0.4611194109955093961502283178,0.4611194109955093961502283178
2024-07-07 06:00:00+00:00,4,WEAK_BULL,0.9999999999995453,True,13,False,TRANSITION,BULL_STRUCTURE,0.6,0.4516036543263648248075665083,0.4516036543263648248075665083
2024-07-08 06:00:00+00:00,4,WEAK_BULL,0.9999999997307896,True,14,False,TRANSITION,TRANSITION,0.6,0.4595783009393668263015604759,0.4595783009393668263015604759
2024-07-09 06:00:00+00:00,4,WEAK_BULL,0.8596153077459548,True,15,False,TRANSITION,TRANSITION,0.6,0.4667793314849502232936817270,0.4667793314849502232936817270
2024-07-10 06:00:00+00:00,4,WEAK_BULL,0.9669709827839382,True,16,False,TRANSITION,TRANSITION,0.6,0.4626067501708704054205726517,0.4626067501708704054205726517
2024-07-11 06:00:00+00:00,4,WEAK_BULL,0.99889446668915,True,17,False,TRANSITION,TRANSITION,0.6,0.4584249107701986731260188569,0.4584249107701986731260188569
2024-07-12 06:00:00+00:00,4,WEAK_BULL,0.9389987020546667,True,18,False,TRANSITION,TRANSITION,0.6,0.4629580709461648266463149014,0.4629580709461648266463149014
2024-07-13 06:00:00+00:00,4,WEAK_BULL,0.982029347003634,True,19,False,BULL_STRUCTURE,TRANSITION,0.6,0.4721701142149520806633927548,0.4721701142149520806633927548
2024-07-14 06:00:00+00:00,4,WEAK_BULL,0.9970835195203642,True,20,False,BULL_STRUCTURE,TRANSITION,0.6,0.95,0.6
2024-07-15 06:00:00+00:00,4,WEAK_BULL,0.9974180580984153,True,21,False,BULL_STRUCTURE,TRANSITION,0.6,0.95,0.6
2024-07-16 06:00:00+00:00,4,WEAK_BULL,0.97455746396379,True,22,False,BULL_STRUCTURE,TRANSITION,0.6,0.95,0.6
2024-07-17 06:00:00+00:00,4,WEAK_BULL,0.9559349544116003,True,23,False,BULL_STRUCTURE,BULL_STRUCTURE,1.0,0.95,0.95
2024-07-18 06:00:00+00:00,4,WEAK_BULL,0.9992293040846009,True,24,False,BULL_STRUCTURE,BULL_STRUCTURE,1.0,0.9500001921873748266704111617,0.9500001921873748266704111617
2024-07-19 06:00:00+00:00,4,WEAK_BULL,0.9998203564657473,True,25,False,BULL_STRUCTURE,BULL_STRUCTURE,1.0,0.9516974907914057136197995108,0.9516974907914057136197995108
2024-07-20 06:00:00+00:00,4,WEAK_BULL,0.9890214756269007,True,26,False,BULL_STRUCTURE,BULL_STRUCTURE,1.0,0.9520463896850680856226387247,0.9520463896850680856226387247
2024-07-21 06:00:00+00:00,4,WEAK_BULL,0.11783569338848322,False,26,False,BULL_STRUCTURE,BULL_STRUCTURE,1.0,0.475,0.475
2024-07-22 06:00:00+00:00,4,WEAK_BULL,0.3676216430010649,False,26,False,BULL_STRUCTURE,BULL_STRUCTURE,1.0,0.4708388351622759050299741840,0.4708388351622759050299741840
2024-07-23 06:00:00+00:00,5,WEAK_BEAR,0.9605128869947771,True,3,False,BULL_STRUCTURE,BULL_STRUCTURE,1.0,0.95,0.95
2024-07-24 06:00:00+00:00,5,WEAK_BEAR,0.9999999989213393,True,4,False,BULL_STRUCTURE,BULL_STRUCTURE,1.0,0.9494614041994519847326794923,0.9494614041994519847326794923
2024-07-25 06:00:00+00:00,5,WEAK_BEAR,0.9696394673548557,True,5,False,BULL_STRUCTURE,BULL_STRUCTURE,1.0,0.9513731732386508428296582819,0.9513731732386508428296582819
2024-07-26 06:00:00+00:00,5,WEAK_BEAR,0.9999872703598023,True,6,False,BULL_STRUCTURE,BULL_STRUCTURE,1.0,0.9520353943685904694374854685,0.9520353943685904694374854685
2024-07-27 06:00:00+00:00,5,WEAK_BEAR,0.9985909552565132,True,7,False,BULL_STRUCTURE,BULL_STRUCTURE,1.0,0.9517150035394493688744920862,0.9517150035394493688744920862
2024-07-28 06:00:00+00:00,5,WEAK_BEAR,0.08072707276808723,False,7,False,BULL_STRUCTURE,BULL_STRUCTURE,1.0,0.475,0.475
2024-07-29 06:00:00+00:00,5,WEAK_BEAR,3.138227880199531e-13,False,7,False,BULL_STRUCTURE,BULL_STRUCTURE,1.0,0.4636655874073718570333292332,0.4636655874073718570333292332
2024-07-30 06:00:00+00:00,5,WEAK_BEAR,0.9990808675356313,True,8,False,BULL_STRUCTURE,BULL_STRUCTURE,1.0,0.95,0.95
2024-07-31 06:00:00+00:00,5,WEAK_BEAR,0.999935430028186,True,9,False,BULL_STRUCTURE,BULL_STRUCTURE,1.0,0.9492372777419950102525374501,0.9492372777419950102525374501
2024-08-01 06:00:00+00:00,5,WEAK_BEAR,0.9999939700355658,True,10,False,BULL_STRUCTURE,BULL_STRUCTURE,1.0,0.9491366815529132356463662111,0.9491366815529132356463662111
2024-08-02 06:00:00+00:00,5,WEAK_BEAR,0.9999341067315092,True,11,False,BULL_STRUCTURE,BULL_STRUCTURE,1.0,0.9472031151179107143395330115,0.9472031151179107143395330115
2024-08-03 06:00:00+00:00,5,WEAK_BEAR,0.9999999999890861,True,12,False,BULL_STRUCTURE,BULL_STRUCTURE,1.0,0.9464616911342857848018246869,0.9464616911342857848018246869
2024-08-04 06:00:00+00:00,5,WEAK_BEAR,9.650680072018904e-57,False,12,False,TRANSITION,BULL_STRUCTURE,0.6,0.475,0.475
2024-08-05 06:00:00+00:00,5,WEAK_BEAR,1.1016019860345892e-32,False,12,False,TRANSITION,BULL_STRUCTURE,0.6,0.4900350442065397206727572246,0.4900350442065397206727572246
2024-08-06 06:00:00+00:00,4,WEAK_BULL,0.9999999999990905,True,3,False,TRANSITION,BULL_STRUCTURE,0.6,0.4938933344132610157572030158,0.4938933344132610157572030158
2024-08-07 06:00:00+00:00,4,WEAK_BULL,0.9999990964447069,True,4,False,TRANSITION,BULL_STRUCTURE,0.6,0.4945948141484876608616856554,0.4945948141484876608616856554
2024-08-08 06:00:00+00:00,4,WEAK_BULL,1.711874866823084e-05,False,4,False,TRANSITION,TRANSITION,0.6,0.5116977566101793400394693852,0.5116977566101793400394693852
2024-08-09 06:00:00+00:00,4,WEAK_BULL,4.971634504297906e-16,False,4,False,TRANSITION,TRANSITION,0.6,0.5090883643699165572509501114,0.5090883643699165572509501114
2024-08-10 06:00:00+00:00,2,EUPHORIA,0.9999999999845386,True,3,False,TRANSITION,TRANSITION,0.6,0.5122105127222699390627884959,0.5122105127222699390627884959
2024-08-11 06:00:00+00:00,2,EUPHORIA,0.9999999952087819,True,4,False,TRANSITION,TRANSITION,0.6,0.5015888625268088332954535439,0.5015888625268088332954535439
2024-08-12 06:00:00+00:00,2,EUPHORIA,0.9999995773488064,True,5,False,TRANSITION,TRANSITION,0.6,0.5043074187842684593222860716,0.5043074187842684593222860716
2024-08-13 06:00:00+00:00,2,EUPHORIA,0.9999109776854841,True,6,False,TRANSITION,TRANSITION,0.6,0.5110645458289385871028522456,0.5110645458289385871028522456
2024-08-14 06:00:00+00:00,2,EUPHORIA,0.12399362968481156,False,6,False,TRANSITION,TRANSITION,0.6,0.25,0.25
2024-08-15 06:00:00+00:00,2,EUPHORIA,2.7664890043915012e-11,False,6,False,TRANSITION,TRANSITION,0.6,0.2496975207019393347284985330,0.2496975207019393347284985330
2024-08-16 06:00:00+00:00,4,WEAK_BULL,0.9999991815960749,True,3,False,TRANSITION,TRANSITION,0.6,0.60,0.60
2024-08-17 06:00:00+00:00,4,WEAK_BULL,0.9998598831527636,True,4,False,TRANSITION,TRANSITION,0.6,0.6015905743764164764554659233,0.6
2024-08-18 06:00:00+00:00,4,WEAK_BULL,0.9871934627926597,True,5,False,TRANSITION,TRANSITION,0.6,0.5958640608354900152632618762,0.5958640608354900152632618762
2024-08-19 06:00:00+00:00,4,WEAK_BULL,0.9999999755655157,True,6,False,TRANSITION,TRANSITION,0.6,0.6064699718643842182706174545,0.6
2024-08-20 06:00:00+00:00,4,WEAK_BULL,0.999999992103767,True,7,False,TRANSITION,TRANSITION,0.6,0.5930532457057174210133225438,0.5930532457057174210133225438
2024-08-21 06:00:00+00:00,4,WEAK_BULL,0.9999999146566588,True,8,False,TRANSITION,TRANSITION,0.6,0.5984434200638559239909225511,0.5984434200638559239909225511
2024-08-22 06:00:00+00:00,4,WEAK_BULL,0.9999991841699429,True,9,False,TRANSITION,TRANSITION,0.6,0.5989661438722117826746902203,0.5989661438722117826746902203
2024-08-23 06:00:00+00:00,4,WEAK_BULL,0.8975182452819672,True,10,False,TRANSITION,TRANSITION,0.6,0.95,0.6
2024-08-24 06:00:00+00:00,4,WEAK_BULL,0.9999295729629912,True,11,False,TRANSITION,TRANSITION,0.6,0.95,0.6
2024-08-25 06:00:00+00:00,4,WEAK_BULL,0.9999885196252378,True,12,False,TRANSITION,TRANSITION,0.6,0.95,0.6
2024-08-26 06:00:00+00:00,4,WEAK_BULL,0.9999483886389979,True,13,False,TRANSITION,TRANSITION,0.6,0.95,0.6
2024-08-27 06:00:00+00:00,4,WEAK_BULL,0.9999996636407216,True,14,False,TRANSITION,TRANSITION,0.6,0.5847654077512499425917372072,0.5847654077512499425917372072
2024-08-28 06:00:00+00:00,4,WEAK_BULL,0.9797509185140387,True,15,False,TRANSITION,TRANSITION,0.6,0.5853716001233689797698597527,0.5853716001233689797698597527
2024-08-29 06:00:00+00:00,4,WEAK_BULL,0.8021989380433863,True,16,False,TRANSITION,TRANSITION,0.6,0.5826912027133818661904515380,0.5826912027133818661904515380
2024-08-30 06:00:00+00:00,4,WEAK_BULL,0.9196090855354917,True,17,False,TRANSITION,TRANSITION,0.6,0.5844541609880590428455639477,0.5844541609880590428455639477
2024-08-31 06:00:00+00:00,4,WEAK_BULL,0.60284089987345,True,18,False,TRANSITION,TRANSITION,0.6,0.5793639274456385222791017128,0.5793639274456385222791017128
2024-09-01 06:00:00+00:00,4,WEAK_BULL,9.566363273626705e-07,False,18,False,TRANSITION,TRANSITION,0.6,0.30,0.30
2024-09-02 06:00:00+00:00,4,WEAK_BULL,0.000368603810263557,False,18,False,TRANSITION,TRANSITION,0.6,0.3051637208271038958505533326,0.3051637208271038958505533326
2024-09-03 06:00:00+00:00,4,WEAK_BULL,0.9999506302465341,True,19,False,TRANSITION,TRANSITION,0.6,0.60,0.60
2024-09-04 06:00:00+00:00,4,WEAK_BULL,0.998031739990338,True,20,False,TRANSITION,TRANSITION,0.6,0.6042205785604486958544404997,0.6
2024-09-05 06:00:00+00:00,4,WEAK_BULL,0.9965645601011575,True,21,False,TRANSITION,TRANSITION,0.6,0.5970259049040684443153993382,0.5970259049040684443153993382
2024-09-06 06:00:00+00:00,4,WEAK_BULL,0.999999987840056,True,22,False,TRANSITION,TRANSITION,0.6,0.5869597047527631504854024877,0.5869597047527631504854024877
2024-09-07 06:00:00+00:00,4,WEAK_BULL,0.9139059781744885,True,23,False,TRANSITION,TRANSITION,0.6,0.5876698894409776451194958868,0.5876698894409776451194958868
2024-09-08 06:00:00+00:00,4,WEAK_BULL,0.004468629455126154,False,23,False,TRANSITION,TRANSITION,0.6,0.30,0.30
2024-09-09 06:00:00+00:00,4,WEAK_BULL,0.9972597932656916,True,24,False,TRANSITION,TRANSITION,0.6,0.60,0.60
2024-09-10 06:00:00+00:00,4,WEAK_BULL,0.9914316131140648,True,25,False,TRANSITION,TRANSITION,0.6,0.5972485324933041892816723439,0.5972485324933041892816723439
2024-09-11 06:00:00+00:00,4,WEAK_BULL,0.9991012377118029,True,26,False,TRANSITION,TRANSITION,0.6,0.6044891740389925979709001857,0.6
2024-09-12 06:00:00+00:00,4,WEAK_BULL,0.9983776752477064,True,27,False,TRANSITION,TRANSITION,0.6,0.5999119874419262789079865135,0.5999119874419262789079865135
2024-09-13 06:00:00+00:00,4,WEAK_BULL,0.9955762671479894,True,28,False,TRANSITION,TRANSITION,0.6,0.95,0.6
2024-09-14 06:00:00+00:00,4,WEAK_BULL,0.8278154300525772,True,29,False,TRANSITION,TRANSITION,0.6,0.95,0.6
2024-09-15 06:00:00+00:00,4,WEAK_BULL,0.9984068098068068,True,30,False,TRANSITION,TRANSITION,0.6,0.5939658848148473968187366513,0.5939658848148473968187366513
2024-09-16 06:00:00+00:00,4,WEAK_BULL,0.0015484059297463106,False,30,False,TRANSITION,TRANSITION,0.6,0.30,0.30
2024-09-17 06:00:00+00:00,4,WEAK_BULL,0.19241251543961532,False,30,False,TRANSITION,TRANSITION,0.6,0.3057927166875816956102167765,0.3057927166875816956102167765
2024-09-18 06:00:00+00:00,4,WEAK_BULL,0.884315779869021,True,31,False,TRANSITION,TRANSITION,0.6,0.95,0.6
2024-09-19 06:00:00+00:00,4,WEAK_BULL,0.9946868344322014,True,32,False,TRANSITION,TRANSITION,0.6,0.95,0.6
2024-09-20 06:00:00+00:00,4,WEAK_BULL,0.996647677490339,True,33,False,TRANSITION,TRANSITION,0.6,0.95,0.6
2024-09-21 06:00:00+00:00,4,WEAK_BULL,0.9330602168958578,True,34,False,TRANSITION,TRANSITION,0.6,0.95,0.6
2024-09-22 06:00:00+00:00,4,WEAK_BULL,0.22881239215275118,False,34,False,TRANSITION,TRANSITION,0.6,0.6032007195040724419655265319,0.6
2024-09-23 06:00:00+00:00,4,WEAK_BULL,6.964213845619204e-06,False,34,False,TRANSITION,TRANSITION,0.6,0.5979656619934089653829421497,0.5979656619934089653829421497
2024-09-24 06:00:00+00:00,5,WEAK_BEAR,0.9999999965330062,True,3,False,TRANSITION,TRANSITION,0.6,0.95,0.6
2024-09-25 06:00:00+00:00,5,WEAK_BEAR,0.9999999996689439,True,4,False,TRANSITION,TRANSITION,0.6,0.95,0.6
2024-09-26 06:00:00+00:00,5,WEAK_BEAR,0.9999814417636506,True,5,False,BULL_STRUCTURE,TRANSITION,0.6,0.95,0.6
2024-09-27 06:00:00+00:00,5,WEAK_BEAR,0.9999992449195938,True,6,False,BULL_STRUCTURE,TRANSITION,0.6,0.95,0.6
2024-09-28 06:00:00+00:00,5,WEAK_BEAR,0.9999963587018004,True,7,False,BULL_STRUCTURE,TRANSITION,0.6,0.95,0.6
2024-09-29 06:00:00+00:00,5,WEAK_BEAR,0.9999805552669059,True,8,False,BULL_STRUCTURE,TRANSITION,0.6,0.95,0.6
2024-09-30 06:00:00+00:00,5,WEAK_BEAR,0.9997867844085165,True,9,False,BULL_STRUCTURE,BULL_STRUCTURE,1.0,0.95,0.95
2024-10-01 06:00:00+00:00,5,WEAK_BEAR,0.9998638449564224,True,10,False,BEAR_STRUCTURE,BULL_STRUCTURE,0.3,0.9487075732379093807017681669,0.3
2024-10-02 06:00:00+00:00,5,WEAK_BEAR,0.9999999981719156,True,11,False,BEAR_STRUCTURE,BULL_STRUCTURE,0.3,0.95,0.3
2024-10-03 06:00:00+00:00,5,WEAK_BEAR,0.9999999883857528,True,12,False,BEAR_STRUCTURE,BULL_STRUCTURE,0.3,0.95,0.3
2024-10-04 06:00:00+00:00,5,WEAK_BEAR,0.9999976601311663,True,13,False,BEAR_STRUCTURE,BULL_STRUCTURE,0.3,0.95,0.3
2024-10-05 06:00:00+00:00,5,WEAK_BEAR,0.9999994209039726,True,14,False,BEAR_STRUCTURE,BEAR_STRUCTURE,0.3,0.95,0.3
2024-10-06 06:00:00+00:00,5,WEAK_BEAR,0.9999976701710549,True,15,False,BEAR_STRUCTURE,BEAR_STRUCTURE,0.3,0.95,0.3
2024-10-07 06:00:00+00:00,5,WEAK_BEAR,0.998085834124629,True,16,False,BEAR_STRUCTURE,BEAR_STRUCTURE,0.3,0.95,0.3
2024-10-08 06:00:00+00:00,5,WEAK_BEAR,0.9999925404505041,True,17,False,BEAR_STRUCTURE,BEAR_STRUCTURE,0.3,0.95,0.3
2024-10-09 06:00:00+00:00,5,WEAK_BEAR,0.9997948899885654,True,18,False,BEAR_STRUCTURE,BEAR_STRUCTURE,0.3,0.95,0.3
2024-10-10 06:00:00+00:00,5,WEAK_BEAR,0.9999730154589274,True,19,False,BEAR_STRUCTURE,BEAR_STRUCTURE,0.3,0.95,0.3
2024-10-11 06:00:00+00:00,5,WEAK_BEAR,0.2368866569471897,False,19,False,BEAR_STRUCTURE,BEAR_STRUCTURE,0.3,0.3074666837430333211959491486,0.3
2024-10-12 06:00:00+00:00,5,WEAK_BEAR,0.9165245997834651,True,20,False,BEAR_STRUCTURE,BEAR_STRUCTURE,0.3,0.95,0.3
2024-10-13 06:00:00+00:00,5,WEAK_BEAR,0.468136911865793,False,20,False,BEAR_STRUCTURE,BEAR_STRUCTURE,0.3,0.3036147230762262198516790231,0.3
2024-10-14 06:00:00+00:00,5,WEAK_BEAR,0.00019716004685747029,False,20,False,TRANSITION,BEAR_STRUCTURE,0.3,0.3046388375803539219098988313,0.3
2024-10-15 06:00:00+00:00,4,WEAK_BULL,0.9996559713578471,True,3,False,TRANSITION,BEAR_STRUCTURE,0.3,0.95,0.3
2024-10-16 06:00:00+00:00,4,WEAK_BULL,0.9758929063855021,True,4,False,TRANSITION,BEAR_STRUCTURE,0.3,0.95,0.3
2024-10-17 06:00:00+00:00,4,WEAK_BULL,0.9281885052207811,True,5,False,TRANSITION,BEAR_STRUCTURE,0.3,0.95,0.3
2024-10-18 06:00:00+00:00,4,WEAK_BULL,0.2532457470693061,False,5,False,TRANSITION,TRANSITION,0.6,0.3012003471246817863775510758,0.3012003471246817863775510758
2024-10-19 06:00:00+00:00,4,WEAK_BULL,0.00011143124310288705,False,5,False,TRANSITION,TRANSITION,0.6,0.3006582343899347003611105631,0.3006582343899347003611105631
2024-10-20 06:00:00+00:00,5,WEAK_BEAR,0.9997183865881963,True,3,False,TRANSITION,TRANSITION,0.6,0.95,0.6
2024-10-21 06:00:00+00:00,1,CRASH,0.9997587072085925,True,1,False,TRANSITION,TRANSITION,0.6,0.95,0.6
2024-10-22 06:00:00+00:00,1,CRASH,0.9999065396871837,True,2,False,TRANSITION,TRANSITION,0.6,0.95,0.6
2024-10-23 06:00:00+00:00,1,CRASH,0.9998524702610897,True,3,False,TRANSITION,TRANSITION,0.6,0.95,0.6
2024-10-24 06:00:00+00:00,1,CRASH,0.9997591999399694,True,4,False,TRANSITION,TRANSITION,0.6,0.95,0.6
2024-10-25 06:00:00+00:00,1,CRASH,0.9990130770161787,True,5,False,TRANSITION,TRANSITION,0.6,0.95,0.6
2024-10-26 06:00:00+00:00,1,CRASH,0.9999970583492152,True,6,False,TRANSITION,TRANSITION,0.6,0.95,0.6
2024-10-27 06:00:00+00:00,1,CRASH,0.9999760682643369,True,7,False,TRANSITION,TRANSITION,0.6,0.95,0.6
2024-10-28 06:00:00+00:00,1,CRASH,0.0008095334019570225,False,7,False,TRANSITION,TRANSITION,0.6,0.6107659376997588228145296710,0.6
2024-10-29 06:00:00+00:00,1,CRASH,0.00213658279387434,False,7,False,TRANSITION,TRANSITION,0.6,0.6048731922677399378241392522,0.6
2024-10-30 06:00:00+00:00,2,STRONG_BULL,0.9802457350467445,True,3,False,TRANSITION,TRANSITION,0.6,0.95,0.6
2024-10-31 06:00:00+00:00,2,STRONG_BULL,0.010564568189817268,False,3,False,TRANSITION,TRANSITION,0.6,0.5909230352586251148760953823,0.5909230352586251148760953823
2024-11-01 06:00:00+00:00,2,STRONG_BULL,0.02768253073957499,False,3,False,TRANSITION,TRANSITION,0.6,0.5912724733133576537148873490,0.5912724733133576537148873490
2024-11-02 06:00:00+00:00,1,CRASH,0.9707470129933877,True,3,False,TRANSITION,TRANSITION,0.6,0.95,0.6
2024-11-03 06:00:00+00:00,1,CRASH,0.9180197009477264,True,4,False,TRANSITION,TRANSITION,0.6,0.95,0.6
2024-11-04 06:00:00+00:00,1,CRASH,0.6464707688929625,True,5,False,TRANSITION,TRANSITION,0.6,0.95,0.6
2024-11-05 06:00:00+00:00,1,CRASH,8.008097957184677e-12,False,5,False,TRANSITION,TRANSITION,0.6,0.6199887291092084111276274059,0.6
2024-11-06 06:00:00+00:00,1,CRASH,0.014410241465770954,False,5,False,BULL_STRUCTURE,TRANSITION,0.6,0.5999741303156065293863296936,0.5999741303156065293863296936
2024-11-07 06:00:00+00:00,2,STRONG_BULL,0.9911047346520111,True,3,False,BULL_STRUCTURE,TRANSITION,0.6,0.95,0.6
2024-11-08 06:00:00+00:00,2,STRONG_BULL,0.9986440811361904,True,4,False,BULL_STRUCTURE,TRANSITION,0.6,0.95,0.6
2024-11-09 06:00:00+00:00,2,STRONG_BULL,0.9431217032033613,True,5,False,BULL_STRUCTURE,TRANSITION,0.6,0.95,0.6
2024-11-10 06:00:00+00:00,2,STRONG_BULL,1.6265100173155863e-06,False,5,False,BULL_STRUCTURE,BULL_STRUCTURE,1.0,0.6050037901616407766031991728,0.6050037901616407766031991728
2024-11-11 06:00:00+00:00,2,STRONG_BULL,2.7455737281390334e-14,False,5,False,BULL_STRUCTURE,BULL_STRUCTURE,1.0,0.6264113468962940180009287547,0.6264113468962940180009287547
2024-11-12 06:00:00+00:00,3,WEAK_BULL,0.9999999977694642,True,3,False,BULL_STRUCTURE,BULL_STRUCTURE,1.0,0.95,0.95
2024-11-13 06:00:00+00:00,3,WEAK_BULL,1.0,True,4,False,BULL_STRUCTURE,BULL_STRUCTURE,1.0,0.9521963141559785228212774497,0.9521963141559785228212774497
2024-11-14 06:00:00+00:00,3,WEAK_BULL,1.0,True,5,False,BULL_STRUCTURE,BULL_STRUCTURE,1.0,0.9510389427016940023431268994,0.9510389427016940023431268994
2024-11-15 06:00:00+00:00,3,WEAK_BULL,0.9999999999968168,True,6,False,BULL_STRUCTURE,BULL_STRUCTURE,1.0,0.9528909912257791498616153236,0.9528909912257791498616153236
2024-11-16 06:00:00+00:00,3,WEAK_BULL,1.0,True,7,False,BULL_STRUCTURE,BULL_STRUCTURE,1.0,0.9524544459793073946811996382,0.9524544459793073946811996382
2024-11-17 06:00:00+00:00,3,WEAK_BULL,1.0,True,8,False,BULL_STRUCTURE,BULL_STRUCTURE,1.0,0.9525272047776858985657469973,0.9525272047776858985657469973
2024-11-18 06:00:00+00:00,3,WEAK_BULL,1.0,True,9,False,BULL_STRUCTURE,BULL_STRUCTURE,1.0,0.9531483790559534822187086720,0.9531483790559534822187086720
2024-11-19 06:00:00+00:00,3,WEAK_BULL,1.0,True,10,False,BULL_STRUCTURE,BULL_STRUCTURE,1.0,0.9534518663627101361890485108,0.9534518663627101361890485108
2024-11-20 06:00:00+00:00,3,WEAK_BULL,1.0,True,11,False,BULL_STRUCTURE,BULL_STRUCTURE,1.0,0.9556560156667694653151712920,0.9556560156667694653151712920
2024-11-21 06:00:00+00:00,3,WEAK_BULL,1.0,True,12,False,BULL_STRUCTURE,BULL_STRUCTURE,1.0,0.9562839869244584331830556224,0.9562839869244584331830556224
2024-11-22 06:00:00+00:00,3,WEAK_BULL,1.0,True,13,False,BULL_STRUCTURE,BULL_STRUCTURE,1.0,0.9562688238812365519782709752,0.9562688238812365519782709752
2024-11-23 06:00:00+00:00,3,WEAK_BULL,1.0,True,14,False,BULL_STRUCTURE,BULL_STRUCTURE,1.0,0.9560600362114470010341285247,0.9560600362114470010341285247
2024-11-24 06:00:00+00:00,3,WEAK_BULL,1.0,True,15,False,BULL_STRUCTURE,BULL_STRUCTURE,1.0,0.9559821982324757575475368335,0.9559821982324757575475368335
2024-11-25 06:00:00+00:00,3,WEAK_BULL,1.0,True,16,False,BULL_STRUCTURE,BULL_STRUCTURE,1.0,0.9544575617107041612985798963,0.9544575617107041612985798963
2024-11-26 06:00:00+00:00,3,WEAK_BULL,1.0,True,17,False,BULL_STRUCTURE,BULL_STRUCTURE,1.0,0.9535774854117660459533389437,0.9535774854117660459533389437
2024-11-27 06:00:00+00:00,3,WEAK_BULL,1.0,True,18,False,BULL_STRUCTURE,BULL_STRUCTURE,1.0,0.9548199845395747554684641337,0.9548199845395747554684641337
2024-11-28 06:00:00+00:00,3,WEAK_BULL,1.0,True,19,False,BULL_STRUCTURE,BULL_STRUCTURE,1.0,0.9551388206051715697951895984,0.9551388206051715697951895984
2024-11-29 06:00:00+00:00,3,WEAK_BULL,1.0,True,20,False,BULL_STRUCTURE,BULL_STRUCTURE,1.0,0.9555575340839662410375507311,0.9555575340839662410375507311
2024-11-30 06:00:00+00:00,3,WEAK_BULL,1.0,True,21,False,BULL_STRUCTURE,BULL_STRUCTURE,1.0,0.9552077731121666651777824325,0.9552077731121666651777824325
2024-12-01 06:00:00+00:00,3,WEAK_BULL,1.0,True,22,False,BULL_STRUCTURE,BULL_STRUCTURE,1.0,0.9552304897795965820742630789,0.9552304897795965820742630789
2024-12-02 06:00:00+00:00,3,WEAK_BULL,1.0,True,23,False,BULL_STRUCTURE,BULL_STRUCTURE,1.0,0.9551394088236958711324154695,0.9551394088236958711324154695
2024-12-03 06:00:00+00:00,3,WEAK_BULL,1.0,True,24,False,BULL_STRUCTURE,BULL_STRUCTURE,1.0,0.9552837851287039577946434482,0.9552837851287039577946434482
2024-12-04 06:00:00+00:00,3,WEAK_BULL,1.0,True,25,False,BULL_STRUCTURE,BULL_STRUCTURE,1.0,0.9577794000602614766364831094,0.9577794000602614766364831094
2024-12-05 06:00:00+00:00,3,WEAK_BULL,1.0,True,26,False,BULL_STRUCTURE,BULL_STRUCTURE,1.0,0.9558881779614351680330636365,0.9558881779614351680330636365
2024-12-06 06:00:00+00:00,3,WEAK_BULL,1.0,True,27,False,BULL_STRUCTURE,BULL_STRUCTURE,1.0,0.9564379027149714714794569926,0.9564379027149714714794569926
2024-12-07 06:00:00+00:00,3,WEAK_BULL,1.0,True,28,False,BULL_STRUCTURE,BULL_STRUCTURE,1.0,0.9565962746613481979763266440,0.9565962746613481979763266440
2024-12-08 06:00:00+00:00,3,WEAK_BULL,1.0,True,29,False,BULL_STRUCTURE,BULL_STRUCTURE,1.0,0.9565551932908800997684565060,0.9565551932908800997684565060
2024-12-09 06:00:00+00:00,3,WEAK_BULL,1.0,True,30,False,BULL_STRUCTURE,BULL_STRUCTURE,1.0,0.9554873035564376056638124885,0.9554873035564376056638124885
2024-12-10 06:00:00+00:00,3,WEAK_BULL,1.0,True,31,False,BULL_STRUCTURE,BULL_STRUCTURE,1.0,0.9557286925751369887812135781,0.9557286925751369887812135781
2024-12-11 06:00:00+00:00,3,WEAK_BULL,1.0,True,32,False,BULL_STRUCTURE,BULL_STRUCTURE,1.0,0.9570440386231825645466682641,0.9570440386231825645466682641
2024-12-12 06:00:00+00:00,3,WEAK_BULL,1.0,True,33,False,BULL_STRUCTURE,BULL_STRUCTURE,1.0,0.9567441628587632330912837640,0.9567441628587632330912837640
2024-12-13 06:00:00+00:00,3,WEAK_BULL,1.0,True,34,False,BULL_STRUCTURE,BULL_STRUCTURE,1.0,0.9574903983824086099360442017,0.9574903983824086099360442017
2024-12-14 06:00:00+00:00,3,WEAK_BULL,1.0,True,35,False,BULL_STRUCTURE,BULL_STRUCTURE,1.0,0.9576643373076988132361234858,0.9576643373076988132361234858
2024-12-15 06:00:00+00:00,3,WEAK_BULL,1.0,True,36,False,BULL_STRUCTURE,BULL_STRUCTURE,1.0,0.9587730109289216919808368970,0.9587730109289216919808368970
2024-12-16 06:00:00+00:00,3,WEAK_BULL,1.0,True,37,False,BULL_STRUCTURE,BULL_STRUCTURE,1.0,0.9594356393420855261958411849,0.9594356393420855261958411849
2024-12-17 06:00:00+00:00,3,WEAK_BULL,1.0,True,38,False,BULL_STRUCTURE,BULL_STRUCTURE,1.0,0.9582177291672534028157423332,0.9582177291672534028157423332
2024-12-18 06:00:00+00:00,3,WEAK_BULL,1.0,True,39,False,BULL_STRUCTURE,BULL_STRUCTURE,1.0,0.9573205506960532946886778915,0.9573205506960532946886778915
2024-12-19 06:00:00+00:00,3,WEAK_BULL,0.9999999832311915,True,40,False,BULL_STRUCTURE,BULL_STRUCTURE,1.0,0.9553960057160954618660578898,0.9553960057160954618660578898
2024-12-20 06:00:00+00:00,3,WEAK_BULL,0.9999985357568937,True,41,False,BULL_STRUCTURE,BULL_STRUCTURE,1.0,0.9562420576014460431563311906,0.9562420576014460431563311906
2024-12-21 06:00:00+00:00,3,WEAK_BULL,0.9999767836205348,True,42,False,BULL_STRUCTURE,BULL_STRUCTURE,1.0,0.9551398588895742414836640929,0.9551398588895742414836640929
2024-12-22 06:00:00+00:00,3,WEAK_BULL,0.9998372593137035,True,43,False,BULL_STRUCTURE,BULL_STRUCTURE,1.0,0.9548942540867906777269151827,0.9548942540867906777269151827
2024-12-23 06:00:00+00:00,3,WEAK_BULL,0.9984277724440044,True,44,False,BULL_STRUCTURE,BULL_STRUCTURE,1.0,0.9544383104485217462141205341,0.9544383104485217462141205341
2024-12-24 06:00:00+00:00,3,WEAK_BULL,0.9998440876913354,True,45,False,BULL_STRUCTURE,BULL_STRUCTURE,1.0,0.9560663795760700904403234225,0.9560663795760700904403234225
2024-12-25 06:00:00+00:00,3,WEAK_BULL,0.9999567781815517,True,46,False,BULL_STRUCTURE,BULL_STRUCTURE,1.0,0.9561072554335985753602803645,0.9561072554335985753602803645
2024-12-26 06:00:00+00:00,3,WEAK_BULL,0.998913817202398,True,47,False,BULL_STRUCTURE,BULL_STRUCTURE,1.0,0.9551766802008603101940534958,0.9551766802008603101940534958
2024-12-27 06:00:00+00:00,3,WEAK_BULL,0.9999459912761847,True,48,False,BULL_STRUCTURE,BULL_STRUCTURE,1.0,0.9544473086483962230786386900,0.9544473086483962230786386900
2024-12-28 06:00:00+00:00,3,WEAK_BULL,0.9997731041832159,True,49,False,BULL_STRUCTURE,BULL_STRUCTURE,1.0,0.9546728202657677391260290314,0.9546728202657677391260290314
2024-12-29 06:00:00+00:00,3,WEAK_BULL,0.9999936453716145,True,50,False,BULL_STRUCTURE,BULL_STRUCTURE,1.0,0.9539624652995554760063088346,0.9539624652995554760063088346
2024-12-30 06:00:00+00:00,3,WEAK_BULL,0.9999913780737805,True,51,False,BULL_STRUCTURE,BULL_STRUCTURE,1.0,0.9534952978155239551410050660,0.9534952978155239551410050660
2024-12-31 06:00:00+00:00,3,WEAK_BULL,0.9999995197064225,True,52,False,BULL_STRUCTURE,BULL_STRUCTURE,1.0,0.9540610373517054780728286987,0.9540610373517054780728286987
2025-01-01 06:00:00+00:00,3,WEAK_BULL,0.9999759304701019,True,53,False,BULL_STRUCTURE,BULL_STRUCTURE,1.0,0.9548890547411168056462410778,0.9548890547411168056462410778
2025-01-02 06:00:00+00:00,3,WEAK_BULL,0.9999621490088918,True,54,False,BULL_STRUCTURE,BULL_STRUCTURE,1.0,0.9554096668059916311899481729,0.9554096668059916311899481729
2025-01-03 06:00:00+00:00,3,WEAK_BULL,0.9999543189880938,True,55,False,BULL_STRUCTURE,BULL_STRUCTURE,1.0,0.9560008616209347867907910253,0.9560008616209347867907910253
2025-01-04 06:00:00+00:00,3,WEAK_BULL,0.9999988675992472,True,56,False,BULL_STRUCTURE,BULL_STRUCTURE,1.0,0.9561004160690828201487878812,0.9561004160690828201487878812
2025-01-05 06:00:00+00:00,3,WEAK_BULL,0.9999992856690192,True,57,False,BULL_STRUCTURE,BULL_STRUCTURE,1.0,0.9566236802096285594585881091,0.9566236802096285594585881091
2025-01-06 06:00:00+00:00,3,WEAK_BULL,0.999999061536968,True,58,False,BULL_STRUCTURE,BULL_STRUCTURE,1.0,0.9574986674995551139508346673,0.9574986674995551139508346673
2025-01-07 06:00:00+00:00,3,WEAK_BULL,0.9614219678848712,True,59,False,BULL_STRUCTURE,BULL_STRUCTURE,1.0,0.9552890045489433841396278538,0.9552890045489433841396278538
2025-01-08 06:00:00+00:00,3,WEAK_BULL,0.9995999350957867,True,60,False,BULL_STRUCTURE,BULL_STRUCTURE,1.0,0.9543768734274696169289687077,0.9543768734274696169289687077
2025-01-09 06:00:00+00:00,3,WEAK_BULL,0.999887170914589,True,61,False,BULL_STRUCTURE,BULL_STRUCTURE,1.0,0.9541379234009667364397343764,0.9541379234009667364397343764
2025-01-10 06:00:00+00:00,3,WEAK_BULL,0.9999922962316551,True,62,False,BULL_STRUCTURE,BULL_STRUCTURE,1.0,0.9543280173107293878201291345,0.9543280173107293878201291345
2025-01-11 06:00:00+00:00,3,WEAK_BULL,0.999995232622491,True,63,False,BULL_STRUCTURE,BULL_STRUCTURE,1.0,0.9544223871523217428202941280,0.9544223871523217428202941280
2025-01-12 06:00:00+00:00,3,WEAK_BULL,0.9999999995479811,True,64,False,BULL_STRUCTURE,BULL_STRUCTURE,1.0,0.9542422610571435888817074086,0.9542422610571435888817074086
2025-01-13 06:00:00+00:00,3,WEAK_BULL,0.9999999999995453,True,65,False,BULL_STRUCTURE,BULL_STRUCTURE,1.0,0.9545803673170065524480777242,0.9545803673170065524480777242
2025-01-14 06:00:00+00:00,3,WEAK_BULL,0.9999999999995453,True,66,False,BULL_STRUCTURE,BULL_STRUCTURE,1.0,0.9555258695401344353376605678,0.9555258695401344353376605678
2025-01-15 06:00:00+00:00,3,WEAK_BULL,1.0,True,67,False,BULL_STRUCTURE,BULL_STRUCTURE,1.0,0.9565327136823535162939074751,0.9565327136823535162939074751
2025-01-16 06:00:00+00:00,3,WEAK_BULL,1.0,True,68,False,BULL_STRUCTURE,BULL_STRUCTURE,1.0,0.9573342758292096416323637854,0.9573342758292096416323637854
2025-01-17 06:00:00+00:00,3,WEAK_BULL,1.0,True,69,False,BULL_STRUCTURE,BULL_STRUCTURE,1.0,0.9579285687976858839807023960,0.9579285687976858839807023960
2025-01-18 06:00:00+00:00,3,WEAK_BULL,1.0,True,70,False,BULL_STRUCTURE,BULL_STRUCTURE,1.0,0.9588062985628734207881469311,0.9588062985628734207881469311
2025-01-19 06:00:00+00:00,3,WEAK_BULL,0.9999999857100194,True,71,False,BULL_STRUCTURE,BULL_STRUCTURE,1.0,0.9577375944647451032857276743,0.9577375944647451032857276743
2025-01-20 06:00:00+00:00,3,WEAK_BULL,0.9999995044164598,True,72,False,BULL_STRUCTURE,BULL_STRUCTURE,1.0,0.9573471421762590551437008466,0.9573471421762590551437008466
2025-01-21 06:00:00+00:00,3,WEAK_BULL,0.9987406879142344,True,73,False,BULL_STRUCTURE,BULL_STRUCTURE,1.0,0.9590203422029410590365173846,0.9590203422029410590365173846
2025-01-22 06:00:00+00:00,3,WEAK_BULL,0.9753198396143452,True,74,False,BULL_STRUCTURE,BULL_STRUCTURE,1.0,0.9578119424621088575205437513,0.9578119424621088575205437513
2025-01-23 06:00:00+00:00,3,WEAK_BULL,0.05714772175408375,False,74,False,BULL_STRUCTURE,BULL_STRUCTURE,1.0,0.475,0.475
2025-01-24 06:00:00+00:00,3,WEAK_BULL,6.718552810895902e-07,False,74,False,BULL_STRUCTURE,BULL_STRUCTURE,1.0,0.4732604402487840052767276329,0.4732604402487840052767276329
2025-01-25 06:00:00+00:00,2,STRONG_BULL,0.9999054289616204,True,3,False,BULL_STRUCTURE,BULL_STRUCTURE,1.0,0.95,0.95
2025-01-26 06:00:00+00:00,2,STRONG_BULL,0.9344239469030304,True,4,False,BULL_STRUCTURE,BULL_STRUCTURE,1.0,0.9483814866674472948031107911,0.9483814866674472948031107911
2025-01-27 06:00:00+00:00,2,STRONG_BULL,0.9999359250825102,True,5,False,BULL_STRUCTURE,BULL_STRUCTURE,1.0,0.9496379581497194704071874610,0.9496379581497194704071874610
2025-01-28 06:00:00+00:00,2,STRONG_BULL,0.7696056940431645,True,6,False,BULL_STRUCTURE,BULL_STRUCTURE,1.0,0.9492861186285617262461571068,0.9492861186285617262461571068
2025-01-29 06:00:00+00:00,2,STRONG_BULL,0.9999409834743779,True,7,False,BULL_STRUCTURE,BULL_STRUCTURE,1.0,0.9507107797171731494125974539,0.9507107797171731494125974539
2025-01-30 06:00:00+00:00,2,STRONG_BULL,0.9999999814494915,True,8,False,BULL_STRUCTURE,BULL_STRUCTURE,1.0,0.9502367443679997114312001795,0.9502367443679997114312001795
2025-01-31 06:00:00+00:00,2,STRONG_BULL,0.9999999971364559,True,9,False,BULL_STRUCTURE,BULL_STRUCTURE,1.0,0.9493979151307241733442414457,0.9493979151307241733442414457
2025-02-01 06:00:00+00:00,2,STRONG_BULL,0.9999998747271172,True,10,False,BULL_STRUCTURE,BULL_STRUCTURE,1.0,0.9483255582698231538603385974,0.9483255582698231538603385974
2025-02-02 06:00:00+00:00,2,STRONG_BULL,7.394684346004733e-05,False,10,False,BULL_STRUCTURE,BULL_STRUCTURE,1.0,0.475,0.475
2025-02-03 06:00:00+00:00,2,STRONG_BULL,0.9223024114219283,True,11,False,BULL_STRUCTURE,BULL_STRUCTURE,1.0,0.95,0.95
2025-02-04 06:00:00+00:00,2,STRONG_BULL,0.9514215242473726,True,12,False,BULL_STRUCTURE,BULL_STRUCTURE,1.0,0.9502216940573745445388740799,0.9502216940573745445388740799
2025-02-05 06:00:00+00:00,2,STRONG_BULL,0.9890513869871839,True,13,False,BULL_STRUCTURE,BULL_STRUCTURE,1.0,0.9500733199923926079610548856,0.9500733199923926079610548856
2025-02-06 06:00:00+00:00,2,STRONG_BULL,0.998814447721872,True,14,False,BULL_STRUCTURE,BULL_STRUCTURE,1.0,0.9498330047397268919306860545,0.9498330047397268919306860545
2025-02-07 06:00:00+00:00,2,STRONG_BULL,0.9997659938300912,True,15,False,BULL_STRUCTURE,BULL_STRUCTURE,1.0,0.9492751061696872172598576730,0.9492751061696872172598576730
2025-02-08 06:00:00+00:00,2,STRONG_BULL,0.04567997027186931,False,15,False,BULL_STRUCTURE,BULL_STRUCTURE,1.0,0.475,0.475
2025-02-09 06:00:00+00:00,2,STRONG_BULL,0.0007973288336333708,False,15,False,BULL_STRUCTURE,BULL_STRUCTURE,1.0,0.4752556986303642107067821816,0.4752556986303642107067821816
2025-02-10 06:00:00+00:00,1,CRASH,0.999273221108478,True,3,False,BULL_STRUCTURE,BULL_STRUCTURE,1.0,0.95,0.95
2025-02-11 06:00:00+00:00,1,CRASH,0.9926352826021297,True,4,False,BULL_STRUCTURE,BULL_STRUCTURE,1.0,0.60,0.60
2025-02-12 06:00:00+00:00,1,CRASH,0.9536292616051752,True,5,False,BULL_STRUCTURE,BULL_STRUCTURE,1.0,0.6022137434035694168177228391,0.6022137434035694168177228391
2025-02-13 06:00:00+00:00,1,CRASH,0.9936812776841836,True,6,False,BULL_STRUCTURE,BULL_STRUCTURE,1.0,0.6022556442542590423831221994,0.6022556442542590423831221994
2025-02-14 06:00:00+00:00,1,CRASH,0.9970887802100543,True,7,False,BULL_STRUCTURE,BULL_STRUCTURE,1.0,0.6045413606312661868195193505,0.6045413606312661868195193505
2025-02-15 06:00:00+00:00,1,CRASH,0.9999952251919547,True,8,False,BULL_STRUCTURE,BULL_STRUCTURE,1.0,0.6045220843404541896414164337,0.6045220843404541896414164337
2025-02-16 06:00:00+00:00,1,CRASH,0.9999992667806469,True,9,False,BULL_STRUCTURE,BULL_STRUCTURE,1.0,0.6011609288809723372950946712,0.6011609288809723372950946712
2025-02-17 06:00:00+00:00,1,CRASH,0.9999996270540363,True,10,False,BULL_STRUCTURE,BULL_STRUCTURE,1.0,0.5995772680221045815204637558,0.5995772680221045815204637558
2025-02-18 06:00:00+00:00,1,CRASH,0.9999982197066333,True,11,False,BULL_STRUCTURE,BULL_STRUCTURE,1.0,0.5987716989438561577043616908,0.5987716989438561577043616908
2025-02-19 06:00:00+00:00,1,CRASH,0.9999986801075991,True,12,False,BULL_STRUCTURE,BULL_STRUCTURE,1.0,0.6028165270868836907615628970,0.6028165270868836907615628970
2025-02-20 06:00:00+00:00,1,CRASH,0.9999998311377709,True,13,False,BULL_STRUCTURE,BULL_STRUCTURE,1.0,0.95,0.95
2025-02-21 06:00:00+00:00,1,CRASH,0.9999999025849368,True,14,False,BULL_STRUCTURE,BULL_STRUCTURE,1.0,0.60,0.60
2025-02-22 06:00:00+00:00,1,CRASH,0.9999999976325853,True,15,False,BULL_STRUCTURE,BULL_STRUCTURE,1.0,0.5995204632453300333872545776,0.5995204632453300333872545776
2025-02-23 06:00:00+00:00,1,CRASH,0.9999999999845386,True,16,False,BULL_STRUCTURE,BULL_STRUCTURE,1.0,0.5983159062499363996161336808,0.5983159062499363996161336808
2025-02-24 06:00:00+00:00,1,CRASH,0.9999999874771676,True,17,False,BULL_STRUCTURE,BULL_STRUCTURE,1.0,0.5889197143370399528781414839,0.5889197143370399528781414839
2025-02-25 06:00:00+00:00,1,CRASH,0.010215158796307314,False,17,False,BULL_STRUCTURE,BULL_STRUCTURE,1.0,0.30,0.30
2025-02-26 06:00:00+00:00,1,CRASH,1.481943663145486e-15,False,17,False,BULL_STRUCTURE,BULL_STRUCTURE,1.0,0.2940207659327970350080367350,0.2940207659327970350080367350
2025-02-27 06:00:00+00:00,5,EUPHORIA,0.9999987471154445,True,3,False,TRANSITION,BULL_STRUCTURE,0.6,0.2794434629131824601896422204,0.2794434629131824601896422204
2025-02-28 06:00:00+00:00,5,EUPHORIA,1.0,True,4,False,BULL_STRUCTURE,BULL_STRUCTURE,1.0,0.2933071993822888177837962874,0.2933071993822888177837962874
2025-03-01 06:00:00+00:00,5,EUPHORIA,1.0,True,5,False,BULL_STRUCTURE,BULL_STRUCTURE,1.0,0.2942004905912333775621604844,0.2942004905912333775621604844
2025-03-02 06:00:00+00:00,5,EUPHORIA,1.0,True,6,False,BULL_STRUCTURE,BULL_STRUCTURE,1.0,0.3116039681899399914446816771,0.3116039681899399914446816771
2025-03-03 06:00:00+00:00,5,EUPHORIA,1.0,True,7,False,BULL_STRUCTURE,BULL_STRUCTURE,1.0,0.2901100615128273012188984660,0.2901100615128273012188984660
2025-03-04 06:00:00+00:00,5,EUPHORIA,1.0,True,8,False,BULL_STRUCTURE,BULL_STRUCTURE,1.0,0.2970598328968465772363316228,0.2970598328968465772363316228
2025-03-05 06:00:00+00:00,5,EUPHORIA,0.9999999999890861,True,9,False,BULL_STRUCTURE,BULL_STRUCTURE,1.0,0.3102084954065930158432616579,0.3102084954065930158432616579
2025-03-06 06:00:00+00:00,5,EUPHORIA,1.0,True,10,False,BULL_STRUCTURE,BULL_STRUCTURE,1.0,0.2996268421879876647961443478,0.2996268421879876647961443478
2025-03-07 06:00:00+00:00,5,EUPHORIA,1.0,True,11,False,BULL_STRUCTURE,BULL_STRUCTURE,1.0,0.2949765459018148845037227634,0.2949765459018148845037227634
2025-03-08 06:00:00+00:00,5,EUPHORIA,0.9999999999990905,True,12,False,BULL_STRUCTURE,BULL_STRUCTURE,1.0,0.2943852423819874601799686683,0.2943852423819874601799686683
2025-03-09 06:00:00+00:00,5,EUPHORIA,0.9999998069479448,True,13,False,BULL_STRUCTURE,BULL_STRUCTURE,1.0,0.2852741858927811667450351534,0.2852741858927811667450351534
2025-03-10 06:00:00+00:00,5,EUPHORIA,0.9999993879366283,True,14,False,TRANSITION,BULL_STRUCTURE,0.6,0.2801678237136482515636734241,0.2801678237136482515636734241
2025-03-11 06:00:00+00:00,5,EUPHORIA,0.9999994952651287,True,15,False,TRANSITION,BULL_STRUCTURE,0.6,0.2844779027669178359539498096,0.2844779027669178359539498096
2025-03-12 06:00:00+00:00,5,EUPHORIA,0.9781769885538346,True,16,False,TRANSITION,BULL_STRUCTURE,0.6,0.2873702527315626368474588354,0.2873702527315626368474588354
2025-03-13 06:00:00+00:00,5,EUPHORIA,0.0002729462160869623,False,16,False,TRANSITION,BULL_STRUCTURE,0.6,0.2848613488626213181810836770,0.2848613488626213181810836770
2025-03-14 06:00:00+00:00,5,EUPHORIA,4.312092694195254e-12,False,16,False,TRANSITION,TRANSITION,0.6,0.2900911706712314378013269542,0.2900911706712314378013269542
2025-03-15 06:00:00+00:00,2,STRONG_BULL,0.999999999996362,True,3,False,TRANSITION,TRANSITION,0.6,0.95,0.6
2025-03-16 06:00:00+00:00,2,STRONG_BULL,0.999999999998181,True,4,False,TRANSITION,TRANSITION,0.6,0.95,0.6
2025-03-17 06:00:00+00:00,2,STRONG_BULL,0.9999999999818101,True,5,False,TRANSITION,TRANSITION,0.6,0.95,0.6
2025-03-18 06:00:00+00:00,2,STRONG_BULL,0.999999999992724,True,6,False,TRANSITION,TRANSITION,0.6,0.95,0.6
2025-03-19 06:00:00+00:00,2,STRONG_BULL,0.9999999256160691,True,7,False,TRANSITION,TRANSITION,0.6,0.95,0.6
2025-03-20 06:00:00+00:00,2,STRONG_BULL,0.9998879714995951,True,8,False,TRANSITION,TRANSITION,0.6,0.95,0.6
2025-03-21 06:00:00+00:00,2,STRONG_BULL,0.9920215354458265,True,9,False,TRANSITION,TRANSITION,0.6,0.95,0.6
2025-03-22 06:00:00+00:00,2,STRONG_BULL,0.000275443846295796,False,9,False,TRANSITION,TRANSITION,0.6,0.5997337782185056674963685695,0.5997337782185056674963685695
2025-03-23 06:00:00+00:00,2,STRONG_BULL,1.2518125776178557e-15,False,9,False,BULL_STRUCTURE,TRANSITION,0.6,0.6072002169701245286641416098,0.6
2025-03-24 06:00:00+00:00,1,CRASH,0.999999999998181,True,3,False,BULL_STRUCTURE,TRANSITION,0.6,0.5993296399101673940347011202,0.5993296399101673940347011202
2025-03-25 06:00:00+00:00,1,CRASH,1.0,True,4,False,BULL_STRUCTURE,TRANSITION,0.6,0.6017104248667694099225022323,0.6
2025-03-26 06:00:00+00:00,1,CRASH,1.0,True,5,False,BULL_STRUCTURE,TRANSITION,0.6,0.5994362869503808207836279149,0.5994362869503808207836279149
2025-03-27 06:00:00+00:00,1,CRASH,0.9999999999681677,True,6,False,BULL_STRUCTURE,BULL_STRUCTURE,1.0,0.5959531286995306616336894706,0.5959531286995306616336894706
2025-03-28 06:00:00+00:00,1,CRASH,0.9999999992533048,True,7,False,TRANSITION,BULL_STRUCTURE,0.6,0.5901450543040717438246268044,0.5901450543040717438246268044
2025-03-29 06:00:00+00:00,1,CRASH,0.9999999999881766,True,8,False,TRANSITION,BULL_STRUCTURE,0.6,0.5870869419277332955046355405,0.5870869419277332955046355405
2025-03-30 06:00:00+00:00,1,CRASH,0.9999999998644853,True,9,False,TRANSITION,BULL_STRUCTURE,0.6,0.5847616004431924035044865322,0.5847616004431924035044865322
2025-03-31 06:00:00+00:00,1,CRASH,0.9999999996234692,True,10,False,TRANSITION,BULL_STRUCTURE,0.6,0.5872282375297526013999416792,0.5872282375297526013999416792
2025-04-01 06:00:00+00:00,1,CRASH,0.9999991163990027,True,11,False,TRANSITION,TRANSITION,0.6,0.5903964110344118809592213364,0.5903964110344118809592213364
2025-04-02 06:00:00+00:00,1,CRASH,0.9296350884100902,True,12,False,TRANSITION,TRANSITION,0.6,0.5882102171882020279472305093,0.5882102171882020279472305093
2025-04-03 06:00:00+00:00,1,CRASH,0.29679543481562304,False,12,False,TRANSITION,TRANSITION,0.6,0.30,0.30
2025-04-04 06:00:00+00:00,1,CRASH,0.010800881738621574,False,12,False,TRANSITION,TRANSITION,0.6,0.3013433355262470737612839672,0.3013433355262470737612839672
2025-04-05 06:00:00+00:00,2,STRONG_BULL,0.9912908905617475,True,3,False,TRANSITION,TRANSITION,0.6,0.95,0.6
2025-04-06 06:00:00+00:00,2,STRONG_BULL,0.5028679907113913,True,4,False,TRANSITION,TRANSITION,0.6,0.5806039046199635595435180998,0.5806039046199635595435180998
2025-04-07 06:00:00+00:00,2,STRONG_BULL,0.00774045732238508,False,4,False,TRANSITION,TRANSITION,0.6,0.5896742484704888870863706197,0.5896742484704888870863706197
2025-04-08 06:00:00+00:00,2,STRONG_BULL,2.173077406499044e-09,False,4,False,TRANSITION,TRANSITION,0.6,0.5799446383748438581594299586,0.5799446383748438581594299586
2025-04-09 06:00:00+00:00,5,EUPHORIA,1.0,True,3,False,TRANSITION,TRANSITION,0.6,0.5964836941684611014055985420,0.5964836941684611014055985420
2025-04-10 06:00:00+00:00,5,EUPHORIA,0.9999999999954525,True,4,False,TRANSITION,TRANSITION,0.6,0.5925133868071637684245971150,0.5925133868071637684245971150
2025-04-11 06:00:00+00:00,5,EUPHORIA,0.9999996269398949,True,5,False,TRANSITION,TRANSITION,0.6,0.5999138317602192618688305403,0.5999138317602192618688305403
2025-04-12 06:00:00+00:00,5,EUPHORIA,0.9141744490679302,True,6,False,TRANSITION,TRANSITION,0.6,0.6032741660142776157230187515,0.6
2025-04-13 06:00:00+00:00,5,EUPHORIA,0.22186337392551886,False,6,False,TRANSITION,TRANSITION,0.6,0.25,0.25
2025-04-14 06:00:00+00:00,5,EUPHORIA,0.7424613900726891,True,7,False,TRANSITION,TRANSITION,0.6,0.2522584172546437384774648357,0.2522584172546437384774648357
2025-04-15 06:00:00+00:00,5,EUPHORIA,0.9917876934101433,True,8,False,TRANSITION,TRANSITION,0.6,0.50,0.50
2025-04-16 06:00:00+00:00,5,EUPHORIA,0.9880361950319559,True,9,False,TRANSITION,TRANSITION,0.6,0.5032277707013197686984186022,0.5032277707013197686984186022
2025-04-17 06:00:00+00:00,5,EUPHORIA,0.03785821630823654,False,9,False,TRANSITION,TRANSITION,0.6,0.25,0.25
2025-04-18 06:00:00+00:00,5,EUPHORIA,1.5691280608483048e-06,False,9,False,TRANSITION,TRANSITION,0.6,0.2508447028197976693096778263,0.2508447028197976693096778263
2025-04-19 06:00:00+00:00,2,STRONG_BULL,0.9999368936318634,True,3,False,TRANSITION,TRANSITION,0.6,0.95,0.6
2025-04-20 06:00:00+00:00,2,STRONG_BULL,0.9999934947211523,True,4,False,TRANSITION,TRANSITION,0.6,0.95,0.6
2025-04-21 06:00:00+00:00,3,EUPHORIA,0.9993245571229519,True,1,False,TRANSITION,TRANSITION,0.6,0.95,0.6
2025-04-22 06:00:00+00:00,3,EUPHORIA,0.9999886449503579,True,2,False,BULL_STRUCTURE,TRANSITION,0.6,0.95,0.6
2025-04-23 06:00:00+00:00,3,EUPHORIA,0.9997262783587465,True,3,False,BULL_STRUCTURE,TRANSITION,0.6,0.95,0.6
2025-04-24 06:00:00+00:00,3,EUPHORIA,0.998954966630249,True,4,False,BULL_STRUCTURE,TRANSITION,0.6,0.95,0.6
2025-04-25 06:00:00+00:00,3,EUPHORIA,0.997907206641131,True,5,False,BULL_STRUCTURE,TRANSITION,0.6,0.95,0.6
2025-04-26 06:00:00+00:00,3,EUPHORIA,0.06478871404585931,False,5,False,BULL_STRUCTURE,BULL_STRUCTURE,1.0,0.5982114394763560859253387838,0.5982114394763560859253387838
2025-04-27 06:00:00+00:00,3,EUPHORIA,3.229160804511176e-05,False,5,False,BULL_STRUCTURE,BULL_STRUCTURE,1.0,0.5989787056490972380574128187,0.5989787056490972380574128187
2025-04-28 06:00:00+00:00,0,BEAR,0.9979441932968696,True,3,False,BULL_STRUCTURE,BULL_STRUCTURE,1.0,0.95,0.95
2025-04-29 06:00:00+00:00,0,BEAR,0.7353881473425333,True,4,False,BULL_STRUCTURE,BULL_STRUCTURE,1.0,0.9507384442459690610550275904,0.9507384442459690610550275904
2025-04-30 06:00:00+00:00,0,BEAR,0.001056605144700798,False,4,False,BULL_STRUCTURE,BULL_STRUCTURE,1.0,0.475,0.475
2025-05-01 06:00:00+00:00,0,BEAR,3.4154108034923588e-09,False,4,False,BULL_STRUCTURE,BULL_STRUCTURE,1.0,0.4793496204553596233911280473,0.4793496204553596233911280473
2025-05-02 06:00:00+00:00,1,BULL,0.9999999999104148,True,3,False,BULL_STRUCTURE,BULL_STRUCTURE,1.0,0.4785991036223806710512737388,0.4785991036223806710512737388
2025-05-03 06:00:00+00:00,1,BULL,0.9999999999763531,True,4,False,BULL_STRUCTURE,BULL_STRUCTURE,1.0,0.4776282441732542217226690249,0.4776282441732542217226690249
2025-05-04 06:00:00+00:00,1,BULL,0.9999999997921805,True,5,False,BULL_STRUCTURE,BULL_STRUCTURE,1.0,0.4742029457286447240413102029,0.4742029457286447240413102029
2025-05-05 06:00:00+00:00,1,BULL,0.9999999999768079,True,6,False,BULL_STRUCTURE,BULL_STRUCTURE,1.0,0.4731818385856531740895318999,0.4731818385856531740895318999
2025-05-06 06:00:00+00:00,1,BULL,0.9999999999868123,True,7,False,BULL_STRUCTURE,BULL_STRUCTURE,1.0,0.4785054475427545514682057974,0.4785054475427545514682057974
2025-05-07 06:00:00+00:00,1,BULL,0.9999999999904503,True,8,False,BULL_STRUCTURE,BULL_STRUCTURE,1.0,0.4845440272746184391634841199,0.4845440272746184391634841199
2025-05-08 06:00:00+00:00,1,BULL,0.9999999999986358,True,9,False,BULL_STRUCTURE,BULL_STRUCTURE,1.0,0.4950473064739607465008548473,0.4950473064739607465008548473
2025-05-09 06:00:00+00:00,1,BULL,1.0,True,10,False,BULL_STRUCTURE,BULL_STRUCTURE,1.0,0.4959720396768227804342317076,0.4959720396768227804342317076
2025-05-10 06:00:00+00:00,1,BULL,1.0,True,11,False,BULL_STRUCTURE,BULL_STRUCTURE,1.0,0.4971278686402918218791965816,0.4971278686402918218791965816
2025-05-11 06:00:00+00:00,1,BULL,1.0,True,12,False,BULL_STRUCTURE,BULL_STRUCTURE,1.0,0.4973685005028269755157873615,0.4973685005028269755157873615
2025-05-12 06:00:00+00:00,1,BULL,1.0,True,13,False,BULL_STRUCTURE,BULL_STRUCTURE,1.0,0.4938252994601040249381107748,0.4938252994601040249381107748
2025-05-13 06:00:00+00:00,1,BULL,1.0,True,14,False,BULL_STRUCTURE,BULL_STRUCTURE,1.0,0.4972643592434475872289958128,0.4972643592434475872289958128
2025-05-14 06:00:00+00:00,1,BULL,1.0,True,15,False,BULL_STRUCTURE,BULL_STRUCTURE,1.0,0.4935767697536951274300943596,0.4935767697536951274300943596
2025-05-15 06:00:00+00:00,1,BULL,1.0,True,16,False,BULL_STRUCTURE,BULL_STRUCTURE,1.0,0.4972687143624367236272966188,0.4972687143624367236272966188
2025-05-16 06:00:00+00:00,1,BULL,1.0,True,17,False,BULL_STRUCTURE,BULL_STRUCTURE,1.0,0.4959279940275215011051858380,0.4959279940275215011051858380
2025-05-17 06:00:00+00:00,1,BULL,1.0,True,18,False,BULL_STRUCTURE,BULL_STRUCTURE,1.0,0.4966656913867089494074205357,0.4966656913867089494074205357
2025-05-18 06:00:00+00:00,1,BULL,1.0,True,19,False,BULL_STRUCTURE,BULL_STRUCTURE,1.0,0.4951751027432940312529622373,0.4951751027432940312529622373
2025-05-19 06:00:00+00:00,1,BULL,1.0,True,20,False,BULL_STRUCTURE,BULL_STRUCTURE,1.0,0.5025229074646932115965356656,0.5025229074646932115965356656
2025-05-20 06:00:00+00:00,1,BULL,1.0,True,21,False,BULL_STRUCTURE,BULL_STRUCTURE,1.0,0.5058851192510082495064356548,0.5058851192510082495064356548
2025-05-21 06:00:00+00:00,1,BULL,1.0,True,22,False,BULL_STRUCTURE,BULL_STRUCTURE,1.0,0.5135238357687421809051452154,0.5135238357687421809051452154
2025-05-22 06:00:00+00:00,1,BULL,1.0,True,23,False,BULL_STRUCTURE,BULL_STRUCTURE,1.0,0.5134685849418581362546768008,0.5134685849418581362546768008
2025-05-23 06:00:00+00:00,1,BULL,1.0,True,24,False,BULL_STRUCTURE,BULL_STRUCTURE,1.0,0.5074922309207137777005324067,0.5074922309207137777005324067
2025-05-24 06:00:00+00:00,1,BULL,1.0,True,25,False,BULL_STRUCTURE,BULL_STRUCTURE,1.0,0.5071879140192957671918089977,0.5071879140192957671918089977
2025-05-25 06:00:00+00:00,1,BULL,1.0,True,26,False,BULL_STRUCTURE,BULL_STRUCTURE,1.0,0.5107367645843436368857146180,0.5107367645843436368857146180
2025-05-26 06:00:00+00:00,1,BULL,0.9999999999995453,True,27,False,BULL_STRUCTURE,BULL_STRUCTURE,1.0,0.5090751559738070758639954716,0.5090751559738070758639954716
2025-05-27 06:00:00+00:00,1,BULL,1.0,True,28,False,BULL_STRUCTURE,BULL_STRUCTURE,1.0,0.5092509385589107618424564371,0.5092509385589107618424564371
2025-05-28 06:00:00+00:00,1,BULL,0.9999999999995453,True,29,False,BULL_STRUCTURE,BULL_STRUCTURE,1.0,0.5062098731945938656007034027,0.5062098731945938656007034027
2025-05-29 06:00:00+00:00,1,BULL,0.999999999132342,True,30,False,BULL_STRUCTURE,BULL_STRUCTURE,1.0,0.5024714451169125946041310189,0.5024714451169125946041310189
2025-05-30 06:00:00+00:00,1,BULL,0.9999981870749315,True,31,False,BULL_STRUCTURE,BULL_STRUCTURE,1.0,0.4964020293733648653082760946,0.4964020293733648653082760946
2025-05-31 06:00:00+00:00,1,BULL,0.9996598461173016,True,32,False,BULL_STRUCTURE,BULL_STRUCTURE,1.0,0.4987992667035605275320403478,0.4987992667035605275320403478
2025-06-01 06:00:00+00:00,1,BULL,0.9433249404243802,True,33,False,BULL_STRUCTURE,BULL_STRUCTURE,1.0,0.4995090598642765605867282470,0.4995090598642765605867282470
2025-06-02 06:00:00+00:00,1,BULL,0.00947204868771353,False,33,False,BULL_STRUCTURE,BULL_STRUCTURE,1.0,0.25,0.25
2025-06-03 06:00:00+00:00,1,BULL,3.932740647177367e-07,False,33,False,BULL_STRUCTURE,BULL_STRUCTURE,1.0,0.2499057007026009847400904164,0.2499057007026009847400904164
2025-06-04 06:00:00+00:00,2,CRASH,0.9994025109911044,True,3,False,BULL_STRUCTURE,BULL_STRUCTURE,1.0,0.95,0.95
2025-06-05 06:00:00+00:00,2,CRASH,0.9999620958804974,True,4,False,BULL_STRUCTURE,BULL_STRUCTURE,1.0,0.9500975645374122612862660337,0.9500975645374122612862660337
2025-06-06 06:00:00+00:00,2,CRASH,0.9992405196880902,True,5,False,BULL_STRUCTURE,BULL_STRUCTURE,1.0,0.9509677506916074421870656674,0.9509677506916074421870656674
2025-06-07 06:00:00+00:00,2,CRASH,0.9850925880625104,True,6,False,BULL_STRUCTURE,BULL_STRUCTURE,1.0,0.9512158980949561612929073457,0.9512158980949561612929073457
2025-06-08 06:00:00+00:00,2,CRASH,0.8567092715726039,True,7,False,BULL_STRUCTURE,BULL_STRUCTURE,1.0,0.9511898165860871251176166567,0.9511898165860871251176166567
2025-06-09 06:00:00+00:00,2,CRASH,0.993684579434861,True,8,False,BULL_STRUCTURE,BULL_STRUCTURE,1.0,0.9528625389980138925084077841,0.9528625389980138925084077841
2025-06-10 06:00:00+00:00,2,CRASH,0.9983284389614728,True,9,False,BULL_STRUCTURE,BULL_STRUCTURE,1.0,0.9529271831794471095452702177,0.9529271831794471095452702177
2025-06-11 06:00:00+00:00,2,CRASH,0.9226432566665885,True,10,False,BULL_STRUCTURE,BULL_STRUCTURE,1.0,0.9522111885011981907134442911,0.9522111885011981907134442911
2025-06-12 06:00:00+00:00,2,CRASH,0.0297893260942589,False,10,False,BULL_STRUCTURE,BULL_STRUCTURE,1.0,0.475,0.475
2025-06-13 06:00:00+00:00,2,CRASH,1.1947460056260995e-06,False,10,False,BULL_STRUCTURE,BULL_STRUCTURE,1.0,0.4783584965503801159650409719,0.4783584965503801159650409719
2025-06-14 06:00:00+00:00,0,BEAR,0.9999999999986358,True,3,False,BULL_STRUCTURE,BULL_STRUCTURE,1.0,0.95,0.95
2025-06-15 06:00:00+00:00,0,BEAR,0.9999999999727152,True,4,False,BULL_STRUCTURE,BULL_STRUCTURE,1.0,0.9507928885766971647982927741,0.9507928885766971647982927741
2025-06-16 06:00:00+00:00,0,BEAR,0.9999999992469384,True,5,False,BULL_STRUCTURE,BULL_STRUCTURE,1.0,0.9510384241416176315343244837,0.9510384241416176315343244837
2025-06-17 06:00:00+00:00,0,BEAR,0.9999999993642632,True,6,False,BULL_STRUCTURE,BULL_STRUCTURE,1.0,0.9502887988475634378008220937,0.9502887988475634378008220937
2025-06-18 06:00:00+00:00,0,BEAR,0.9999999999972715,True,7,False,BULL_STRUCTURE,BULL_STRUCTURE,1.0,0.9500498776292826635970860101,0.9500498776292826635970860101
2025-06-19 06:00:00+00:00,0,BEAR,1.0,True,8,False,BULL_STRUCTURE,BULL_STRUCTURE,1.0,0.9499100620960143476641817426,0.9499100620960143476641817426
2025-06-20 06:00:00+00:00,0,BEAR,0.9999999999995453,True,9,False,BULL_STRUCTURE,BULL_STRUCTURE,1.0,0.9493750865889669692511677699,0.9493750865889669692511677699
2025-06-21 06:00:00+00:00,0,BEAR,0.9999999999986358,True,10,False,BULL_STRUCTURE,BULL_STRUCTURE,1.0,0.9491100607347301160326441447,0.9491100607347301160326441447
2025-06-22 06:00:00+00:00,0,BEAR,0.9999999842798389,True,11,False,BULL_STRUCTURE,BULL_STRUCTURE,1.0,0.9485964127300499315448218195,0.9485964127300499315448218195
2025-06-23 06:00:00+00:00,0,BEAR,0.9999579946270792,True,12,False,BULL_STRUCTURE,BULL_STRUCTURE,1.0,0.9502767152047654582856437069,0.9502767152047654582856437069
2025-06-24 06:00:00+00:00,0,BEAR,0.9999999557153397,True,13,False,BULL_STRUCTURE,BULL_STRUCTURE,1.0,0.9506403899829478376038786233,0.9506403899829478376038786233
2025-06-25 06:00:00+00:00,0,BEAR,0.9999999408373714,True,14,False,BULL_STRUCTURE,BULL_STRUCTURE,1.0,0.9512591444222345359050268428,0.9512591444222345359050268428
2025-06-26 06:00:00+00:00,0,BEAR,0.9999999636238506,True,15,False,BULL_STRUCTURE,BULL_STRUCTURE,1.0,0.9511016846052054471154449501,0.9511016846052054471154449501
2025-06-27 06:00:00+00:00,0,BEAR,0.9999999170968329,True,16,False,BULL_STRUCTURE,BULL_STRUCTURE,1.0,0.9511134139923737845122613098,0.9511134139923737845122613098
2025-06-28 06:00:00+00:00,0,BEAR,0.999999999778538,True,17,False,BULL_STRUCTURE,BULL_STRUCTURE,1.0,0.9511199957614518171245369749,0.9511199957614518171245369749
2025-06-29 06:00:00+00:00,0,BEAR,0.9999999994488462,True,18,False,BULL_STRUCTURE,BULL_STRUCTURE,1.0,0.9515369353799053131623332304,0.9515369353799053131623332304
2025-06-30 06:00:00+00:00,0,BEAR,0.9999999986803232,True,19,False,BULL_STRUCTURE,BULL_STRUCTURE,1.0,0.9509558994239501892797803841,0.9509558994239501892797803841
2025-07-01 06:00:00+00:00,0,BEAR,0.9999999931960701,True,20,False,BULL_STRUCTURE,BULL_STRUCTURE,1.0,0.9508274837829656327722899431,0.9508274837829656327722899431
2025-07-02 06:00:00+00:00,0,BEAR,0.9999888002316393,True,21,False,BULL_STRUCTURE,BULL_STRUCTURE,1.0,0.9519840832358457121960339654,0.9519840832358457121960339654
2025-07-03 06:00:00+00:00,0,BEAR,0.9997824901011203,True,22,False,BULL_STRUCTURE,BULL_STRUCTURE,1.0,0.9518464126159010857588817656,0.9518464126159010857588817656
2025-07-04 06:00:00+00:00,0,BEAR,0.9997269338046745,True,23,False,BULL_STRUCTURE,BULL_STRUCTURE,1.0,0.9514708256425519597505614934,0.9514708256425519597505614934
2025-07-05 06:00:00+00:00,0,BEAR,0.9993006501405234,True,24,False,BULL_STRUCTURE,BULL_STRUCTURE,1.0,0.9514185508014658735698642904,0.9514185508014658735698642904
2025-07-06 06:00:00+00:00,0,BEAR,0.9836487744401202,True,25,False,BULL_STRUCTURE,BULL_STRUCTURE,1.0,0.9518749825021667253298790791,0.9518749825021667253298790791
2025-07-07 06:00:00+00:00,0,BEAR,0.9915443484881432,True,26,False,BULL_STRUCTURE,BULL_STRUCTURE,1.0,0.9515072291950582859176544725,0.9515072291950582859176544725
2025-07-08 06:00:00+00:00,0,BEAR,0.9997140575995092,True,27,False,BULL_STRUCTURE,BULL_STRUCTURE,1.0,0.9517478665452997913024065168,0.9517478665452997913024065168
2025-07-09 06:00:00+00:00,0,BEAR,0.9954551138425525,True,28,False,BULL_STRUCTURE,BULL_STRUCTURE,1.0,0.9527029855826328441349400113,0.9527029855826328441349400113
2025-07-10 06:00:00+00:00,0,BEAR,0.09723521854020888,False,28,False,BULL_STRUCTURE,BULL_STRUCTURE,1.0,0.475,0.475
2025-07-11 06:00:00+00:00,0,BEAR,0.7559173772266754,True,29,False,BULL_STRUCTURE,BULL_STRUCTURE,1.0,0.95,0.95
2025-07-12 06:00:00+00:00,0,BEAR,0.9983333913295875,True,30,False,BULL_STRUCTURE,BULL_STRUCTURE,1.0,0.9506143532024899547681343132,0.9506143532024899547681343132
2025-07-13 06:00:00+00:00,0,BEAR,0.981446943271131,True,31,False,BULL_STRUCTURE,BULL_STRUCTURE,1.0,0.9524203239553668557696271602,0.9524203239553668557696271602
2025-07-14 06:00:00+00:00,0,BEAR,0.49224870388513653,False,31,False,BULL_STRUCTURE,BULL_STRUCTURE,1.0,0.475,0.475
2025-07-15 06:00:00+00:00,0,BEAR,0.004194817900154623,False,31,False,BULL_STRUCTURE,BULL_STRUCTURE,1.0,0.4764265251350626224562320133,0.4764265251350626224562320133
2025-07-16 06:00:00+00:00,1,BULL,0.9994829584488624,True,3,False,BULL_STRUCTURE,BULL_STRUCTURE,1.0,0.4779399473749374516669446951,0.4779399473749374516669446951
2025-07-17 06:00:00+00:00,1,BULL,0.9999768681501966,True,4,False,BULL_STRUCTURE,BULL_STRUCTURE,1.0,0.4821204500358224691141611076,0.4821204500358224691141611076
2025-07-18 06:00:00+00:00,1,BULL,0.9999492683286515,True,5,False,BULL_STRUCTURE,BULL_STRUCTURE,1.0,0.4771369649413363774065693348,0.4771369649413363774065693348
2025-07-19 06:00:00+00:00,1,BULL,0.9999999880310498,True,6,False,BULL_STRUCTURE,BULL_STRUCTURE,1.0,0.4763780369134048989347690258,0.4763780369134048989347690258
2025-07-20 06:00:00+00:00,1,BULL,0.999999999182819,True,7,False,BULL_STRUCTURE,BULL_STRUCTURE,1.0,0.4776098022314700248313541885,0.4776098022314700248313541885
2025-07-21 06:00:00+00:00,1,BULL,0.9999999998949534,True,8,False,BULL_STRUCTURE,BULL_STRUCTURE,1.0,0.4752800708456644824503486690,0.4752800708456644824503486690
2025-07-22 06:00:00+00:00,1,BULL,0.9999999999718057,True,9,False,BULL_STRUCTURE,BULL_STRUCTURE,1.0,0.4780619749391634424526139014,0.4780619749391634424526139014
2025-07-23 06:00:00+00:00,1,BULL,0.9999999999995453,True,10,False,BULL_STRUCTURE,BULL_STRUCTURE,1.0,0.4758645397872257393081148494,0.4758645397872257393081148494
2025-07-24 06:00:00+00:00,1,BULL,0.9999999999972715,True,11,False,BULL_STRUCTURE,BULL_STRUCTURE,1.0,0.4713628439070287246587421161,0.4713628439070287246587421161
2025-07-25 06:00:00+00:00,1,BULL,0.9999999998981366,True,12,False,BULL_STRUCTURE,BULL_STRUCTURE,1.0,0.4755259239447038710744364747,0.4755259239447038710744364747
2025-07-26 06:00:00+00:00,1,BULL,0.9999999988694981,True,13,False,BULL_STRUCTURE,BULL_STRUCTURE,1.0,0.4772820236323395615122139989,0.4772820236323395615122139989
2025-07-27 06:00:00+00:00,1,BULL,0.9999999998126441,True,14,False,BULL_STRUCTURE,BULL_STRUCTURE,1.0,0.4799084128786354166574795046,0.4799084128786354166574795046
2025-07-28 06:00:00+00:00,1,BULL,0.9999999991614459,True,15,False,BULL_STRUCTURE,BULL_STRUCTURE,1.0,0.4783876631784909380198480371,0.4783876631784909380198480371
2025-07-29 06:00:00+00:00,1,BULL,0.9999999993642632,True,16,False,BULL_STRUCTURE,BULL_STRUCTURE,1.0,0.4766855129855105567572153824,0.4766855129855105567572153824
2025-07-30 06:00:00+00:00,1,BULL,0.9999999999990905,True,17,False,BULL_STRUCTURE,BULL_STRUCTURE,1.0,0.4774660426071259486181196338,0.4774660426071259486181196338
2025-07-31 06:00:00+00:00,1,BULL,0.9999999999436113,True,18,False,BULL_STRUCTURE,BULL_STRUCTURE,1.0,0.4715095065319167613672415986,0.4715095065319167613672415986
2025-08-01 06:00:00+00:00,1,BULL,0.9999999999990905,True,19,False,BULL_STRUCTURE,BULL_STRUCTURE,1.0,0.4680654396976885888908327150,0.4680654396976885888908327150
2025-08-02 06:00:00+00:00,1,BULL,0.9999999997107807,True,20,False,BULL_STRUCTURE,BULL_STRUCTURE,1.0,0.4672723266915385139161817040,0.4672723266915385139161817040
2025-08-03 06:00:00+00:00,1,BULL,0.9999997257610097,True,21,False,BULL_STRUCTURE,BULL_STRUCTURE,1.0,0.4689599735835463362432049573,0.4689599735835463362432049573
2025-08-04 06:00:00+00:00,1,BULL,0.9994506664244461,True,22,False,BULL_STRUCTURE,BULL_STRUCTURE,1.0,0.4689920397255401236421470056,0.4689920397255401236421470056
2025-08-05 06:00:00+00:00,1,BULL,0.33494241029882327,False,22,False,BULL_STRUCTURE,BULL_STRUCTURE,1.0,0.4684298753627682118278496753,0.4684298753627682118278496753
2025-08-06 06:00:00+00:00,1,BULL,4.15112411537832e-06,False,22,False,BULL_STRUCTURE,BULL_STRUCTURE,1.0,0.4693460553389459508897348816,0.4693460553389459508897348816
2025-08-07 06:00:00+00:00,0,BEAR,0.9999957782099942,True,3,False,BULL_STRUCTURE,BULL_STRUCTURE,1.0,0.95,0.95
2025-08-08 06:00:00+00:00,0,BEAR,0.9999996533188696,True,4,False,BULL_STRUCTURE,BULL_STRUCTURE,1.0,0.9506717731623795721103595458,0.9506717731623795721103595458
2025-08-09 06:00:00+00:00,0,BEAR,0.9999993627973011,True,5,False,BULL_STRUCTURE,BULL_STRUCTURE,1.0,0.9511907909372493646893666317,0.9511907909372493646893666317
2025-08-10 06:00:00+00:00,0,BEAR,0.9983845000096706,True,6,False,BULL_STRUCTURE,BULL_STRUCTURE,1.0,0.9527201528051875991608639958,0.9527201528051875991608639958
2025-08-11 06:00:00+00:00,0,BEAR,0.9963285427310591,True,7,False,BULL_STRUCTURE,BULL_STRUCTURE,1.0,0.9514937014004083487715018231,0.9514937014004083487715018231
2025-08-12 06:00:00+00:00,0,BEAR,0.999370669346783,True,8,False,BULL_STRUCTURE,BULL_STRUCTURE,1.0,0.9515908860948327901495023634,0.9515908860948327901495023634
2025-08-13 06:00:00+00:00,0,BEAR,0.14140488246670072,False,8,False,BULL_STRUCTURE,BULL_STRUCTURE,1.0,0.475,0.475
2025-08-14 06:00:00+00:00,0,BEAR,0.0005869782604840497,False,8,False,BULL_STRUCTURE,BULL_STRUCTURE,1.0,0.4687810778371331587654956564,0.4687810778371331587654956564
2025-08-15 06:00:00+00:00,1,BULL,0.9995271184475266,True,3,False,BULL_STRUCTURE,BULL_STRUCTURE,1.0,0.4658590433214675067370989112,0.4658590433214675067370989112
2025-08-16 06:00:00+00:00,1,BULL,0.9989633698862992,True,4,False,BULL_STRUCTURE,BULL_STRUCTURE,1.0,0.4667130323783454597505680914,0.4667130323783454597505680914
2025-08-17 06:00:00+00:00,1,BULL,0.9923730130938566,True,5,False,BULL_STRUCTURE,BULL_STRUCTURE,1.0,0.4617913893314680097450249864,0.4617913893314680097450249864
2025-08-18 06:00:00+00:00,1,BULL,0.8484442193641099,True,6,False,BULL_STRUCTURE,BULL_STRUCTURE,1.0,0.4602507168193824257388479804,0.4602507168193824257388479804
2025-08-19 06:00:00+00:00,1,BULL,0.0028927690625718205,False,6,False,BULL_STRUCTURE,BULL_STRUCTURE,1.0,0.4575037594904548152574488945,0.4575037594904548152574488945
2025-08-20 06:00:00+00:00,1,BULL,2.890523960255173e-06,False,6,False,BULL_STRUCTURE,BULL_STRUCTURE,1.0,0.4581297422981490277955666453,0.4581297422981490277955666453
2025-08-21 06:00:00+00:00,0,BEAR,0.9999999572528404,True,3,False,BULL_STRUCTURE,BULL_STRUCTURE,1.0,0.95,0.95
2025-08-22 06:00:00+00:00,0,BEAR,0.9998304285079356,True,4,False,BULL_STRUCTURE,BULL_STRUCTURE,1.0,0.9517081923819427747889753734,0.9517081923819427747889753734
2025-08-23 06:00:00+00:00,0,BEAR,0.9999990287347087,True,5,False,BULL_STRUCTURE,BULL_STRUCTURE,1.0,0.9513252690407380554995380601,0.9513252690407380554995380601
2025-08-24 06:00:00+00:00,0,BEAR,0.9998573882704066,True,6,False,BULL_STRUCTURE,BULL_STRUCTURE,1.0,0.9502191126844968977276779238,0.9502191126844968977276779238
2025-08-25 06:00:00+00:00,0,BEAR,0.9757419624627985,True,7,False,BULL_STRUCTURE,BULL_STRUCTURE,1.0,0.9493125269020034656437809997,0.9493125269020034656437809997
2025-08-26 06:00:00+00:00,0,BEAR,0.9998851121589738,True,8,False,BULL_STRUCTURE,BULL_STRUCTURE,1.0,0.9498209622874418887427091422,0.9498209622874418887427091422
2025-08-27 06:00:00+00:00,0,BEAR,0.9999891174630718,True,9,False,BULL_STRUCTURE,BULL_STRUCTURE,1.0,0.9504468678237983210021130924,0.9504468678237983210021130924
2025-08-28 06:00:00+00:00,0,BEAR,0.9999950056496463,True,10,False,BULL_STRUCTURE,BULL_STRUCTURE,1.0,0.9497966603989220865694875956,0.9497966603989220865694875956
2025-08-29 06:00:00+00:00,0,BEAR,0.9997816795223867,True,11,False,BULL_STRUCTURE,BULL_STRUCTURE,1.0,0.9484921584044977499559820548,0.9484921584044977499559820548
2025-08-30 06:00:00+00:00,0,BEAR,0.999995901061299,True,12,False,BULL_STRUCTURE,BULL_STRUCTURE,1.0,0.9486762134391896024197862756,0.9486762134391896024197862756
2025-08-31 06:00:00+00:00,0,BEAR,0.9999962619119123,True,13,False,BULL_STRUCTURE,BULL_STRUCTURE,1.0,0.9482743174230363458215957703,0.9482743174230363458215957703
2025-09-01 06:00:00+00:00,0,BEAR,0.9999089192596211,True,14,False,BULL_STRUCTURE,BULL_STRUCTURE,1.0,0.9493183381879297751887429608,0.9493183381879297751887429608
2025-09-02 06:00:00+00:00,0,BEAR,0.9999644551349761,True,15,False,BULL_STRUCTURE,BULL_STRUCTURE,1.0,0.9495254006703739904563722714,0.9495254006703739904563722714
2025-09-03 06:00:00+00:00,0,BEAR,0.9999932151779899,True,16,False,BULL_STRUCTURE,BULL_STRUCTURE,1.0,0.9495113242275007553467440665,0.9495113242275007553467440665
2025-09-04 06:00:00+00:00,0,BEAR,0.9999826507659929,True,17,False,BULL_STRUCTURE,BULL_STRUCTURE,1.0,0.9499073948649262659038681639,0.9499073948649262659038681639
2025-09-05 06:00:00+00:00,0,BEAR,0.9997440078102483,True,18,False,BULL_STRUCTURE,BULL_STRUCTURE,1.0,0.9495377078747934476875615108,0.9495377078747934476875615108
2025-09-06 06:00:00+00:00,0,BEAR,0.9999930843298834,True,19,False,BULL_STRUCTURE,BULL_STRUCTURE,1.0,0.9495097515096573385647445030,0.9495097515096573385647445030
2025-09-07 06:00:00+00:00,0,BEAR,0.9999824170053812,True,20,False,BULL_STRUCTURE,BULL_STRUCTURE,1.0,0.9496728771737702920784675196,0.9496728771737702920784675196
2025-09-08 06:00:00+00:00,0,BEAR,0.9992955987005726,True,21,False,BULL_STRUCTURE,BULL_STRUCTURE,1.0,0.9501727397020602593722763615,0.9501727397020602593722763615
2025-09-09 06:00:00+00:00,0,BEAR,0.9993594224042637,True,22,False,BULL_STRUCTURE,BULL_STRUCTURE,1.0,0.9499085932209627191333794976,0.9499085932209627191333794976
2025-09-10 06:00:00+00:00,0,BEAR,0.9978415863678776,True,23,False,BULL_STRUCTURE,BULL_STRUCTURE,1.0,0.9510295295325325458451520754,0.9510295295325325458451520754
2025-09-11 06:00:00+00:00,0,BEAR,0.9988747356014174,True,24,False,BULL_STRUCTURE,BULL_STRUCTURE,1.0,0.9515723872846328027940350479,0.9515723872846328027940350479
2025-09-12 06:00:00+00:00,0,BEAR,0.9995100578028998,True,25,False,BULL_STRUCTURE,BULL_STRUCTURE,1.0,0.9516087116290435311219458037,0.9516087116290435311219458037
2025-09-13 06:00:00+00:00,0,BEAR,0.9998915616642771,True,26,False,BULL_STRUCTURE,BULL_STRUCTURE,1.0,0.9516707073046640071359749270,0.9516707073046640071359749270
2025-09-14 06:00:00+00:00,0,BEAR,0.9999286766685604,True,27,False,BULL_STRUCTURE,BULL_STRUCTURE,1.0,0.9519312944107367842886519104,0.9519312944107367842886519104
2025-09-15 06:00:00+00:00,0,BEAR,0.9998813810333819,True,28,False,BULL_STRUCTURE,BULL_STRUCTURE,1.0,0.9517011123576785087108541654,0.9517011123576785087108541654
2025-09-16 06:00:00+00:00,0,BEAR,0.9999904887833809,True,29,False,BULL_STRUCTURE,BULL_STRUCTURE,1.0,0.9521612182950841634764578321,0.9521612182950841634764578321
2025-09-17 06:00:00+00:00,0,BEAR,0.999976512629729,True,30,False,BULL_STRUCTURE,BULL_STRUCTURE,1.0,0.9522253336890398925235408876,0.9522253336890398925235408876
2025-09-18 06:00:00+00:00,0,BEAR,0.9999752593953506,True,31,False,BULL_STRUCTURE,BULL_STRUCTURE,1.0,0.9520780430274510816556863496,0.9520780430274510816556863496
2025-09-19 06:00:00+00:00,0,BEAR,0.9999715075867334,True,32,False,BULL_STRUCTURE,BULL_STRUCTURE,1.0,0.9516140640629881444832190906,0.9516140640629881444832190906
2025-09-20 06:00:00+00:00,0,BEAR,0.9999803181480862,True,33,False,BULL_STRUCTURE,BULL_STRUCTURE,1.0,0.9515925635853504649772758683,0.9515925635853504649772758683
2025-09-21 06:00:00+00:00,0,BEAR,0.9999620958268394,True,34,False,BULL_STRUCTURE,BULL_STRUCTURE,1.0,0.9507941231314777721120071988,0.9507941231314777721120071988
2025-09-22 06:00:00+00:00,0,BEAR,0.999967406887685,True,35,False,BULL_STRUCTURE,BULL_STRUCTURE,1.0,0.9503683681314862641803550671,0.9503683681314862641803550671
2025-09-23 06:00:00+00:00,0,BEAR,0.999986766544022,True,36,False,BULL_STRUCTURE,BULL_STRUCTURE,1.0,0.9503563916118753644724290737,0.9503563916118753644724290737
2025-09-24 06:00:00+00:00,0,BEAR,0.9999925057126137,True,37,False,BULL_STRUCTURE,BULL_STRUCTURE,1.0,0.9499820906683385101324811109,0.9499820906683385101324811109
2025-09-25 06:00:00+00:00,0,BEAR,0.9998867687655758,True,38,False,BULL_STRUCTURE,BULL_STRUCTURE,1.0,0.9488972858238464036642769707,0.9488972858238464036642769707
2025-09-26 06:00:00+00:00,0,BEAR,0.9999020545186126,True,39,False,BULL_STRUCTURE,BULL_STRUCTURE,1.0,0.9490666837206088986318919906,0.9490666837206088986318919906
2025-09-27 06:00:00+00:00,0,BEAR,0.999964272060217,True,40,False,BULL_STRUCTURE,BULL_STRUCTURE,1.0,0.9489432444762421749951043618,0.9489432444762421749951043618
2025-09-28 06:00:00+00:00,0,BEAR,0.9995424239775251,True,41,False,BULL_STRUCTURE,BULL_STRUCTURE,1.0,0.9499835490635436203510663933,0.9499835490635436203510663933
2025-09-29 06:00:00+00:00,0,BEAR,0.9993617590536732,True,42,False,BULL_STRUCTURE,BULL_STRUCTURE,1.0,0.9508815402421548171990363582,0.9508815402421548171990363582
2025-09-30 06:00:00+00:00,0,BEAR,0.9998497848266756,True,43,False,BULL_STRUCTURE,BULL_STRUCTURE,1.0,0.9511530558016907246442461794,0.9511530558016907246442461794
2025-10-01 06:00:00+00:00,0,BEAR,0.9821509936919506,True,44,False,BULL_STRUCTURE,BULL_STRUCTURE,1.0,0.9526497807815146448621305673,0.9526497807815146448621305673
2025-10-02 06:00:00+00:00,0,BEAR,0.9964445296212776,True,45,False,BULL_STRUCTURE,BULL_STRUCTURE,1.0,0.9532305581642308870305685727,0.9532305581642308870305685727
2025-10-03 06:00:00+00:00,0,BEAR,0.9945973235731967,True,46,False,BULL_STRUCTURE,BULL_STRUCTURE,1.0,0.9541783927849903951519818316,0.9541783927849903951519818316
2025-10-04 06:00:00+00:00,0,BEAR,0.9466640427809772,True,47,False,BULL_STRUCTURE,BULL_STRUCTURE,1.0,0.9550895976658897162370260313,0.9550895976658897162370260313
2025-10-05 06:00:00+00:00,0,BEAR,0.9542607614131576,True,48,False,BULL_STRUCTURE,BULL_STRUCTURE,1.0,0.9545547131162589547096751769,0.9545547131162589547096751769
2025-10-06 06:00:00+00:00,0,BEAR,0.7086187962193119,True,49,False,BULL_STRUCTURE,BULL_STRUCTURE,1.0,0.9548435620184916533123780874,0.9548435620184916533123780874
2025-10-07 06:00:00+00:00,0,BEAR,1.7688035884159025e-05,False,49,False,BULL_STRUCTURE,BULL_STRUCTURE,1.0,0.475,0.475
2025-10-08 06:00:00+00:00,0,BEAR,1.6675251665242102e-12,False,49,False,BULL_STRUCTURE,BULL_STRUCTURE,1.0,0.4767844908623491362682636901,0.4767844908623491362682636901
2025-10-09 06:00:00+00:00,1,BULL,0.9971948040885315,True,3,False,BULL_STRUCTURE,BULL_STRUCTURE,1.0,0.4757260240938769437603609543,0.4757260240938769437603609543
2025-10-10 06:00:00+00:00,1,BULL,0.9999999997990017,True,4,False,BULL_STRUCTURE,BULL_STRUCTURE,1.0,0.4561612475298430809242171388,0.4561612475298430809242171388
2025-10-11 06:00:00+00:00,1,BULL,0.9997800555162524,True,5,False,BULL_STRUCTURE,BULL_STRUCTURE,1.0,0.4546359256453135470174827453,0.4546359256453135470174827453
2025-10-12 06:00:00+00:00,1,BULL,0.9999843920240226,True,6,False,BULL_STRUCTURE,BULL_STRUCTURE,1.0,0.4610227849739357362561101025,0.4610227849739357362561101025
2025-10-13 06:00:00+00:00,1,BULL,0.9999015957645053,True,7,False,BULL_STRUCTURE,BULL_STRUCTURE,1.0,0.4563898946550729347398875150,0.4563898946550729347398875150
2025-10-14 06:00:00+00:00,1,BULL,0.9999542220258409,True,8,False,BULL_STRUCTURE,BULL_STRUCTURE,1.0,0.4562549757311267658979982378,0.4562549757311267658979982378
2025-10-15 06:00:00+00:00,1,BULL,0.9939004186044139,True,9,False,BULL_STRUCTURE,BULL_STRUCTURE,1.0,0.4529677453383152905398924585,0.4529677453383152905398924585
2025-10-16 06:00:00+00:00,1,BULL,0.9943193407048869,True,10,False,BULL_STRUCTURE,BULL_STRUCTURE,1.0,0.4471687004302106187123647236,0.4471687004302106187123647236
2025-10-17 06:00:00+00:00,1,BULL,0.9932833766514352,True,11,False,BULL_STRUCTURE,BULL_STRUCTURE,1.0,0.4435660828629902998842915794,0.4435660828629902998842915794
2025-10-18 06:00:00+00:00,1,BULL,0.997871371947168,True,12,False,BULL_STRUCTURE,BULL_STRUCTURE,1.0,0.4437418048104741603838477342,0.4437418048104741603838477342
2025-10-19 06:00:00+00:00,1,BULL,0.9981030258202633,True,13,False,BULL_STRUCTURE,BULL_STRUCTURE,1.0,0.4531522659068565889374242857,0.4531522659068565889374242857
2025-10-20 06:00:00+00:00,4,CRASH,0.7774715451182694,True,1,False,BULL_STRUCTURE,BULL_STRUCTURE,1.0,0.4452354168144591844840042608,0.4452354168144591844840042608
2025-10-21 06:00:00+00:00,4,CRASH,0.715085269663932,True,2,False,BULL_STRUCTURE,BULL_STRUCTURE,1.0,0.4466779840010753385980144863,0.4466779840010753385980144863
2025-10-22 06:00:00+00:00,4,CRASH,0.10966942161812969,False,2,False,BULL_STRUCTURE,BULL_STRUCTURE,1.0,0.4484403855765303255158631632,0.4484403855765303255158631632
2025-10-23 06:00:00+00:00,4,CRASH,0.003539003123018067,False,2,False,BULL_STRUCTURE,BULL_STRUCTURE,1.0,0.4536596855196829144145427102,0.4536596855196829144145427102
2025-10-24 06:00:00+00:00,1,BULL,0.9999995747426504,True,3,False,BULL_STRUCTURE,BULL_STRUCTURE,1.0,0.95,0.95
2025-10-25 06:00:00+00:00,1,BULL,0.9999988657625247,True,4,False,BULL_STRUCTURE,BULL_STRUCTURE,1.0,0.9507075081645937919653378353,0.9507075081645937919653378353
2025-10-26 06:00:00+00:00,1,BULL,0.9999999998981366,True,5,False,BULL_STRUCTURE,BULL_STRUCTURE,1.0,0.9523085319713006220423220437,0.9523085319713006220423220437
2025-10-27 06:00:00+00:00,1,BULL,0.9999999996948645,True,6,False,BULL_STRUCTURE,BULL_STRUCTURE,1.0,0.9515290980987524465370253555,0.9515290980987524465370253555
2025-10-28 06:00:00+00:00,1,BULL,0.9999999943047442,True,7,False,BULL_STRUCTURE,BULL_STRUCTURE,1.0,0.9512981328771896210649639315,0.9512981328771896210649639315
2025-10-29 06:00:00+00:00,1,BULL,0.9999995116469391,True,8,False,BULL_STRUCTURE,BULL_STRUCTURE,1.0,0.9501267858446795562705901354,0.9501267858446795562705901354
2025-10-30 06:00:00+00:00,1,BULL,0.22833469806946793,False,8,False,BULL_STRUCTURE,BULL_STRUCTURE,1.0,0.475,0.475
2025-10-31 06:00:00+00:00,1,BULL,0.9453099322126987,True,9,False,BULL_STRUCTURE,BULL_STRUCTURE,1.0,0.95,0.95
2025-11-01 06:00:00+00:00,1,BULL,0.9896853509598247,True,10,False,BULL_STRUCTURE,BULL_STRUCTURE,1.0,0.9507372181032710557574986504,0.9507372181032710557574986504
2025-11-02 06:00:00+00:00,1,BULL,0.9914580154372153,True,11,False,BULL_STRUCTURE,BULL_STRUCTURE,1.0,0.9494804704118689465873991835,0.9494804704118689465873991835
2025-11-03 06:00:00+00:00,1,BULL,0.8602081582029585,True,12,False,TRANSITION,BULL_STRUCTURE,0.6,0.9479222634853949643271854209,0.6
2025-11-04 06:00:00+00:00,1,BULL,9.75974007871718e-05,False,12,False,TRANSITION,BULL_STRUCTURE,0.6,0.5946898503769588149396743243,0.5946898503769588149396743243
2025-11-05 06:00:00+00:00,1,BULL,0.0004658267823334388,False,12,False,TRANSITION,BULL_STRUCTURE,0.6,0.5977874948108853912345792283,0.5977874948108853912345792283
2025-11-06 06:00:00+00:00,4,CRASH,0.9991710796675738,True,3,False,TRANSITION,BULL_STRUCTURE,0.6,0.5961582455962426875284658171,0.5961582455962426875284658171
2025-11-07 06:00:00+00:00,4,CRASH,0.9998724445540603,True,4,False,TRANSITION,TRANSITION,0.6,0.5958208065237321590454152268,0.5958208065237321590454152268
2025-11-08 06:00:00+00:00,4,CRASH,0.9999938832571106,True,5,False,TRANSITION,TRANSITION,0.6,0.5949350560661560772364925230,0.5949350560661560772364925230
2025-11-09 06:00:00+00:00,4,CRASH,0.9999999919286893,True,6,False,TRANSITION,TRANSITION,0.6,0.6045631209847390086409320901,0.6
2025-11-10 06:00:00+00:00,4,CRASH,0.9999986358721099,True,7,False,TRANSITION,TRANSITION,0.6,0.5980683441875813189671258462,0.5980683441875813189671258462
2025-11-11 06:00:00+00:00,4,CRASH,0.9999999906895027,True,8,False,TRANSITION,TRANSITION,0.6,0.5937653985144320942741918377,0.5937653985144320942741918377
2025-11-12 06:00:00+00:00,4,CRASH,0.9999999990523065,True,9,False,TRANSITION,TRANSITION,0.6,0.5931825488029150020177650979,0.5931825488029150020177650979
2025-11-13 06:00:00+00:00,4,CRASH,0.9999999999763531,True,10,False,TRANSITION,TRANSITION,0.6,0.5796139862104798894621050101,0.5796139862104798894621050101
2025-11-14 06:00:00+00:00,4,CRASH,0.9999582048147757,True,11,False,TRANSITION,TRANSITION,0.6,0.5766403979072152632896506572,0.5766403979072152632896506572
2025-11-15 06:00:00+00:00,4,CRASH,0.9999993538119539,True,12,False,TRANSITION,TRANSITION,0.6,0.5754706456225795591816925671,0.5754706456225795591816925671
2025-11-16 06:00:00+00:00,4,CRASH,0.998803790775645,True,13,False,TRANSITION,TRANSITION,0.6,0.5735277305845484033968564637,0.5735277305845484033968564637
2025-11-17 06:00:00+00:00,4,CRASH,0.9999999316892195,True,14,False,TRANSITION,TRANSITION,0.6,0.5605406513349175129251054625,0.5605406513349175129251054625
2025-11-18 06:00:00+00:00,4,CRASH,0.021562701744711282,False,14,False,TRANSITION,TRANSITION,0.6,0.25,0.25
2025-11-19 06:00:00+00:00,4,CRASH,0.006360424675698123,False,14,False,TRANSITION,TRANSITION,0.6,0.2545442113963545192658480684,0.2545442113963545192658480684
2025-11-20 06:00:00+00:00,1,BULL,0.8681253748130726,True,3,False,TRANSITION,TRANSITION,0.6,0.95,0.6
2025-11-21 06:00:00+00:00,1,BULL,0.990106709283337,True,4,False,TRANSITION,TRANSITION,0.6,0.95,0.6
2025-11-22 06:00:00+00:00,1,BULL,0.9993776348518785,True,5,False,TRANSITION,TRANSITION,0.6,0.95,0.6
2025-11-23 06:00:00+00:00,1,BULL,0.9999858410380639,True,6,False,TRANSITION,TRANSITION,0.6,0.95,0.6
2025-11-24 06:00:00+00:00,1,BULL,0.9999989214294506,True,7,False,TRANSITION,TRANSITION,0.6,0.95,0.6
2025-11-25 06:00:00+00:00,1,BULL,0.0011742595219091175,False,7,False,TRANSITION,TRANSITION,0.6,0.5983559192663133987039490225,0.5983559192663133987039490225
2025-11-26 06:00:00+00:00,1,BULL,5.196827130064263e-13,False,7,False,TRANSITION,TRANSITION,0.6,0.6076059993024328158988967888,0.6
2025-11-27 06:00:00+00:00,1,BULL,3.050460552977996e-15,False,7,False,TRANSITION,TRANSITION,0.6,0.6016981417981338157618543039,0.6
2025-11-28 06:00:00+00:00,1,BULL,5.887061398631019e-09,False,7,False,TRANSITION,TRANSITION,0.6,0.5977207196586147390444086704,0.5977207196586147390444086704
2025-11-29 06:00:00+00:00,1,BULL,0.00011453968545805906,False,7,False,TRANSITION,TRANSITION,0.6,0.5978176479790547821929769776,0.5978176479790547821929769776
2025-11-30 06:00:00+00:00,1,BULL,0.9999999999527063,True,8,False,TRANSITION,TRANSITION,0.6,0.95,0.6
2025-12-01 06:00:00+00:00,1,BULL,1.0,True,9,False,BEAR_STRUCTURE,TRANSITION,0.3,0.95,0.3
2025-12-02 06:00:00+00:00,1,BULL,1.0,True,10,False,BEAR_STRUCTURE,TRANSITION,0.3,0.95,0.3
2025-12-03 06:00:00+00:00,1,BULL,1.0,True,11,False,BEAR_STRUCTURE,TRANSITION,0.3,0.95,0.3
2025-12-04 06:00:00+00:00,1,BULL,1.0,True,12,False,BEAR_STRUCTURE,TRANSITION,0.3,0.95,0.3
2025-12-05 06:00:00+00:00,1,BULL,1.0,True,13,False,BEAR_STRUCTURE,BEAR_STRUCTURE,0.3,0.95,0.3
2025-12-06 06:00:00+00:00,1,BULL,1.0,True,14,False,BEAR_STRUCTURE,BEAR_STRUCTURE,0.3,0.95,0.3
2025-12-07 06:00:00+00:00,1,BULL,1.0,True,15,False,BEAR_STRUCTURE,BEAR_STRUCTURE,0.3,0.95,0.3
2025-12-08 06:00:00+00:00,1,BULL,1.0,True,16,False,BEAR_STRUCTURE,BEAR_STRUCTURE,0.3,0.95,0.3
2025-12-09 06:00:00+00:00,1,BULL,1.0,True,17,False,BEAR_STRUCTURE,BEAR_STRUCTURE,0.3,0.95,0.3
2025-12-10 06:00:00+00:00,1,BULL,0.9999999938636392,True,18,False,BEAR_STRUCTURE,BEAR_STRUCTURE,0.3,0.95,0.3
2025-12-11 06:00:00+00:00,1,BULL,0.9999999997539817,True,19,False,BEAR_STRUCTURE,BEAR_STRUCTURE,0.3,0.95,0.3
2025-12-12 06:00:00+00:00,1,BULL,0.9999999999995453,True,20,False,BEAR_STRUCTURE,BEAR_STRUCTURE,0.3,0.95,0.3
2025-12-13 06:00:00+00:00,1,BULL,0.9999999998735802,True,21,False,BEAR_STRUCTURE,BEAR_STRUCTURE,0.3,0.95,0.3
2025-12-14 06:00:00+00:00,1,BULL,1.0,True,22,False,BEAR_STRUCTURE,BEAR_STRUCTURE,0.3,0.95,0.3
2025-12-15 06:00:00+00:00,1,BULL,1.0,True,23,False,BEAR_STRUCTURE,BEAR_STRUCTURE,0.3,0.95,0.3
2025-12-16 06:00:00+00:00,1,BULL,1.0,True,24,False,BEAR_STRUCTURE,BEAR_STRUCTURE,0.3,0.95,0.3
2025-12-17 06:00:00+00:00,1,BULL,0.9999999999995453,True,25,False,BEAR_STRUCTURE,BEAR_STRUCTURE,0.3,0.95,0.3
2025-12-18 06:00:00+00:00,1,BULL,0.9999999999890861,True,26,False,BEAR_STRUCTURE,BEAR_STRUCTURE,0.3,0.95,0.3
2025-12-19 06:00:00+00:00,1,BULL,1.0,True,27,False,BEAR_STRUCTURE,BEAR_STRUCTURE,0.3,0.95,0.3
2025-12-20 06:00:00+00:00,1,BULL,0.9958592326705378,True,28,False,BEAR_STRUCTURE,BEAR_STRUCTURE,0.3,0.95,0.3
2025-12-21 06:00:00+00:00,1,BULL,0.9999679560433011,True,29,False,BEAR_STRUCTURE,BEAR_STRUCTURE,0.3,0.95,0.3
2025-12-22 06:00:00+00:00,1,BULL,0.05242263425514355,False,29,False,BEAR_STRUCTURE,BEAR_STRUCTURE,0.3,0.2974701943744875188652671551,0.2974701943744875188652671551
2025-12-23 06:00:00+00:00,1,BULL,0.0010753750500512357,False,29,False,BEAR_STRUCTURE,BEAR_STRUCTURE,0.3,0.2955430723131588392043360831,0.2955430723131588392043360831
2025-12-24 06:00:00+00:00,2,BEAR,0.9998522715112733,True,3,False,BEAR_STRUCTURE,BEAR_STRUCTURE,0.3,0.95,0.3
2025-12-25 06:00:00+00:00,2,BEAR,0.9995137795186675,True,4,False,BEAR_STRUCTURE,BEAR_STRUCTURE,0.3,0.95,0.3
2025-12-26 06:00:00+00:00,2,BEAR,0.8813691822212215,True,5,False,BEAR_STRUCTURE,BEAR_STRUCTURE,0.3,0.95,0.3
2025-12-27 06:00:00+00:00,2,BEAR,0.5629117903318646,True,6,False,BEAR_STRUCTURE,BEAR_STRUCTURE,0.3,0.95,0.3
2025-12-28 06:00:00+00:00,2,BEAR,0.0005507449268599877,False,6,False,BEAR_STRUCTURE,BEAR_STRUCTURE,0.3,0.3055274712437288390285118630,0.3
2025-12-29 06:00:00+00:00,2,BEAR,0.005288287822009892,False,6,False,BEAR_STRUCTURE,BEAR_STRUCTURE,0.3,0.2935758763476009640633336054,0.2935758763476009640633336054
2025-12-30 06:00:00+00:00,2,BEAR,0.44224536604354076,False,6,False,BEAR_STRUCTURE,BEAR_STRUCTURE,0.3,0.2964333412923087937091238202,0.2964333412923087937091238202
2025-12-31 06:00:00+00:00,2,BEAR,0.011693296684076364,False,6,False,BEAR_STRUCTURE,BEAR_STRUCTURE,0.3,0.2946400707585231741805543500,0.2946400707585231741805543500
2026-01-01 06:00:00+00:00,4,CRASH,0.9999152095407681,True,3,False,BEAR_STRUCTURE,BEAR_STRUCTURE,0.3,0.2971448756253395760337579939,0.2971448756253395760337579939
2026-01-02 06:00:00+00:00,4,CRASH,0.9805283268733638,True,4,False,BEAR_STRUCTURE,BEAR_STRUCTURE,0.3,0.3001107600666262945241739487,0.3
2026-01-03 06:00:00+00:00,4,CRASH,0.021518379041307215,False,4,False,BEAR_STRUCTURE,BEAR_STRUCTURE,0.3,0.3033627510372271917999537719,0.3
2026-01-04 06:00:00+00:00,4,CRASH,5.838039493401869e-05,False,4,False,BEAR_STRUCTURE,BEAR_STRUCTURE,0.3,0.3020151579179786675006209398,0.3
2026-01-05 06:00:00+00:00,4,CRASH,5.6546923803054793e-08,False,4,False,BEAR_STRUCTURE,BEAR_STRUCTURE,0.3,0.3028082807511315860780141760,0.3
2026-01-06 06:00:00+00:00,4,CRASH,0.0003373879395667141,False,4,False,BEAR_STRUCTURE,BEAR_STRUCTURE,0.3,0.2975904803715445668842594476,0.2975904803715445668842594476
2026-01-07 06:00:00+00:00,2,BEAR,0.9478251964210876,True,3,False,BEAR_STRUCTURE,BEAR_STRUCTURE,0.3,0.95,0.3
2026-01-08 06:00:00+00:00,2,BEAR,0.9582614584250566,True,4,False,BEAR_STRUCTURE,BEAR_STRUCTURE,0.3,0.95,0.3
2026-01-09 06:00:00+00:00,2,BEAR,0.9606045551191754,True,5,False,BEAR_STRUCTURE,BEAR_STRUCTURE,0.3,0.95,0.3
2026-01-10 06:00:00+00:00,2,BEAR,0.8978280558797955,True,6,False,BEAR_STRUCTURE,BEAR_STRUCTURE,0.3,0.95,0.3
2026-01-11 06:00:00+00:00,2,BEAR,0.567179502197267,True,7,False,BEAR_STRUCTURE,BEAR_STRUCTURE,0.3,0.95,0.3
2026-01-12 06:00:00+00:00,2,BEAR,0.79955611711597,True,8,False,BEAR_STRUCTURE,BEAR_STRUCTURE,0.3,0.95,0.3
2026-01-13 06:00:00+00:00,2,BEAR,0.0006543413394670179,False,8,False,BEAR_STRUCTURE,BEAR_STRUCTURE,0.3,0.3069741503088012807118965841,0.3
2026-01-14 06:00:00+00:00,2,BEAR,9.291037508378929e-07,False,8,False,BEAR_STRUCTURE,BEAR_STRUCTURE,0.3,0.3031371912682082887999480354,0.3
2026-01-15 06:00:00+00:00,4,CRASH,0.9999999964443305,True,3,False,BEAR_STRUCTURE,BEAR_STRUCTURE,0.3,0.2983212582530985821151986065,0.2983212582530985821151986065
2026-01-16 06:00:00+00:00,4,CRASH,0.9999996811412128,True,4,False,BEAR_STRUCTURE,BEAR_STRUCTURE,0.3,0.2975837110228027776764162179,0.2975837110228027776764162179
2026-01-17 06:00:00+00:00,4,CRASH,0.9999999852648217,True,5,False,BEAR_STRUCTURE,BEAR_STRUCTURE,0.3,0.2972872921545466254621347366,0.2972872921545466254621347366
2026-01-18 06:00:00+00:00,4,CRASH,0.9981307546544371,True,6,False,BEAR_STRUCTURE,BEAR_STRUCTURE,0.3,0.2913631145937602137501501411,0.2913631145937602137501501411
2026-01-19 06:00:00+00:00,4,CRASH,0.5758588681616045,True,7,False,BEAR_STRUCTURE,BEAR_STRUCTURE,0.3,0.2893766104324226998683214550,0.2893766104324226998683214550
2026-01-20 06:00:00+00:00,4,CRASH,0.428285648100743,False,7,False,BEAR_STRUCTURE,BEAR_STRUCTURE,0.3,0.2855992624822217650627868657,0.2855992624822217650627868657
2026-01-21 06:00:00+00:00,4,CRASH,0.016232475512089,False,7,False,BEAR_STRUCTURE,BEAR_STRUCTURE,0.3,0.2857722000202636132328963461,0.2857722000202636132328963461
2026-01-22 06:00:00+00:00,2,BEAR,0.9983621902915571,True,3,False,BEAR_STRUCTURE,BEAR_STRUCTURE,0.3,0.95,0.3
2026-01-23 06:00:00+00:00,2,BEAR,0.9998950402367311,True,4,False,BEAR_STRUCTURE,BEAR_STRUCTURE,0.3,0.95,0.3
2026-01-24 06:00:00+00:00,2,BEAR,0.9992849294626012,True,5,False,BEAR_STRUCTURE,BEAR_STRUCTURE,0.3,0.95,0.3
2026-01-25 06:00:00+00:00,2,BEAR,0.9997971432748995,True,6,False,BEAR_STRUCTURE,BEAR_STRUCTURE,0.3,0.95,0.3
2026-01-26 06:00:00+00:00,2,BEAR,0.9983875091904478,True,7,False,BEAR_STRUCTURE,BEAR_STRUCTURE,0.3,0.95,0.3
2026-01-27 06:00:00+00:00,2,BEAR,0.9961933916578004,True,8,False,BEAR_STRUCTURE,BEAR_STRUCTURE,0.3,0.95,0.3
2026-01-28 06:00:00+00:00,2,BEAR,0.9638979075892282,True,9,False,BEAR_STRUCTURE,BEAR_STRUCTURE,0.3,0.95,0.3
2026-01-29 06:00:00+00:00,2,BEAR,7.537418328101737e-07,False,9,False,BEAR_STRUCTURE,BEAR_STRUCTURE,0.3,0.2872163062012985548939036444,0.2872163062012985548939036444
2026-01-30 06:00:00+00:00,2,BEAR,4.385093707127561e-08,False,9,False,BEAR_STRUCTURE,BEAR_STRUCTURE,0.3,0.2898872538451079881413962669,0.2898872538451079881413962669
2026-01-31 06:00:00+00:00,3,NEUTRAL,0.9999999969068085,True,3,False,BEAR_STRUCTURE,BEAR_STRUCTURE,0.3,0.2764557545298124870760833519,0.2764557545298124870760833519
2026-02-01 06:00:00+00:00,3,NEUTRAL,0.9999999982464942,True,4,False,BEAR_STRUCTURE,BEAR_STRUCTURE,0.3,0.2684328675995118004154141812,0.2684328675995118004154141812
2026-02-02 06:00:00+00:00,3,NEUTRAL,0.9999999999954525,True,5,False,BEAR_STRUCTURE,BEAR_STRUCTURE,0.3,0.2754864883466886178148016532,0.2754864883466886178148016532
2026-02-03 06:00:00+00:00,3,NEUTRAL,0.9999999957908585,True,6,False,BEAR_STRUCTURE,BEAR_STRUCTURE,0.3,0.2704505350667441913549150569,0.2704505350667441913549150569
2026-02-04 06:00:00+00:00,3,NEUTRAL,0.9999934389303833,True,7,False,BEAR_STRUCTURE,BEAR_STRUCTURE,0.3,0.2558140089310448607555766299,0.2558140089310448607555766299
2026-02-05 06:00:00+00:00,3,NEUTRAL,1.1201075485124252e-06,False,7,False,BEAR_STRUCTURE,BEAR_STRUCTURE,0.3,0.2439896209663088175201721149,0.2439896209663088175201721149
2026-02-06 06:00:00+00:00,3,NEUTRAL,5.973602947522204e-20,False,7,False,BEAR_STRUCTURE,BEAR_STRUCTURE,0.3,0.2542734192202984687828784745,0.2542734192202984687828784745
2026-02-07 06:00:00+00:00,4,CRASH,1.0,True,3,False,BEAR_STRUCTURE,BEAR_STRUCTURE,0.3,0.2517216247904684042378847686,0.2517216247904684042378847686
2026-02-08 06:00:00+00:00,4,CRASH,1.0,True,4,False,BEAR_STRUCTURE,BEAR_STRUCTURE,0.3,0.2566522292612619932606487449,0.2566522292612619932606487449
2026-02-09 06:00:00+00:00,4,CRASH,1.0,True,5,False,BEAR_STRUCTURE,BEAR_STRUCTURE,0.3,0.2523391372090020615300459959,0.2523391372090020615300459959
2026-02-10 06:00:00+00:00,4,CRASH,1.0,True,6,False,BEAR_STRUCTURE,BEAR_STRUCTURE,0.3,0.50,0.3
2026-02-11 06:00:00+00:00,4,CRASH,0.13533912898956516,False,6,False,BEAR_STRUCTURE,BEAR_STRUCTURE,0.3,0.2992019386500521633283303754,0.2992019386500521633283303754
2026-02-12 06:00:00+00:00,4,CRASH,8.043879244525863e-08,False,6,False,BEAR_STRUCTURE,BEAR_STRUCTURE,0.3,0.2961716962344156370900807438,0.2961716962344156370900807438
2026-02-13 06:00:00+00:00,1,BULL,1.0,True,3,False,BEAR_STRUCTURE,BEAR_STRUCTURE,0.3,0.95,0.3
2026-02-14 06:00:00+00:00,1,BULL,1.0,True,4,False,BEAR_STRUCTURE,BEAR_STRUCTURE,0.3,0.95,0.3
2026-02-15 06:00:00+00:00,1,BULL,1.0,True,5,False,BEAR_STRUCTURE,BEAR_STRUCTURE,0.3,0.95,0.3
2026-02-16 06:00:00+00:00,1,BULL,1.0,True,6,False,BEAR_STRUCTURE,BEAR_STRUCTURE,0.3,0.95,0.3
2026-02-17 06:00:00+00:00,1,BULL,1.0,True,7,False,BEAR_STRUCTURE,BEAR_STRUCTURE,0.3,0.95,0.3
2026-02-18 06:00:00+00:00,1,BULL,1.0,True,8,False,BEAR_STRUCTURE,BEAR_STRUCTURE,0.3,0.95,0.3
2026-02-19 06:00:00+00:00,1,BULL,1.0,True,9,False,BEAR_STRUCTURE,BEAR_STRUCTURE,0.3,0.95,0.3
2026-02-20 06:00:00+00:00,1,BULL,0.9999999999872671,True,10,False,BEAR_STRUCTURE,BEAR_STRUCTURE,0.3,0.95,0.3
2026-02-21 06:00:00+00:00,1,BULL,0.9999999998990461,True,11,False,BEAR_STRUCTURE,BEAR_STRUCTURE,0.3,0.95,0.3
2026-02-22 06:00:00+00:00,1,BULL,1.0,True,12,False,BEAR_STRUCTURE,BEAR_STRUCTURE,0.3,0.95,0.3
2026-02-23 06:00:00+00:00,1,BULL,1.0,True,13,False,BEAR_STRUCTURE,BEAR_STRUCTURE,0.3,0.95,0.3
2026-02-24 06:00:00+00:00,1,BULL,0.9999999999645297,True,14,False,BEAR_STRUCTURE,BEAR_STRUCTURE,0.3,0.95,0.3
2026-02-25 06:00:00+00:00,1,BULL,0.9999999914407454,True,15,False,BEAR_STRUCTURE,BEAR_STRUCTURE,0.3,0.95,0.3
2026-02-26 06:00:00+00:00,1,BULL,0.9999917739980452,True,16,False,BEAR_STRUCTURE,BEAR_STRUCTURE,0.3,0.95,0.3
2026-02-27 06:00:00+00:00,1,BULL,0.9999998174335072,True,17,False,BEAR_STRUCTURE,BEAR_STRUCTURE,0.3,0.95,0.3
2026-02-28 06:00:00+00:00,1,BULL,0.9999453208272157,True,18,False,BEAR_STRUCTURE,BEAR_STRUCTURE,0.3,0.95,0.3
2026-03-01 06:00:00+00:00,1,BULL,0.9999896021840295,True,19,False,BEAR_STRUCTURE,BEAR_STRUCTURE,0.3,0.95,0.3
2026-03-02 06:00:00+00:00,1,BULL,0.9988688917743475,True,20,False,BEAR_STRUCTURE,BEAR_STRUCTURE,0.3,0.95,0.3
2026-03-03 06:00:00+00:00,1,BULL,0.001259827767117207,False,20,False,BEAR_STRUCTURE,BEAR_STRUCTURE,0.3,0.3008000173190040623776013377,0.3
2026-03-04 06:00:00+00:00,1,BULL,7.197478071939084e-18,False,20,False,BEAR_STRUCTURE,BEAR_STRUCTURE,0.3,0.3127120246059922232075154384,0.3
2026-03-05 06:00:00+00:00,1,BULL,1.0545413235070874e-16,False,20,False,BEAR_STRUCTURE,BEAR_STRUCTURE,0.3,0.2942268823077750448993223774,0.2942268823077750448993223774
2026-03-06 06:00:00+00:00,1,BULL,4.963542155730227e-07,False,20,False,BEAR_STRUCTURE,BEAR_STRUCTURE,0.3,0.2870256951925308206871916510,0.2870256951925308206871916510
2026-03-07 06:00:00+00:00,1,BULL,0.5972195692045708,True,21,False,BEAR_STRUCTURE,BEAR_STRUCTURE,0.3,0.95,0.3
2026-03-08 06:00:00+00:00,1,BULL,0.9999999960518835,True,22,False,BEAR_STRUCTURE,BEAR_STRUCTURE,0.3,0.95,0.3
2026-03-09 06:00:00+00:00,1,BULL,1.0,True,23,False,BEAR_STRUCTURE,BEAR_STRUCTURE,0.3,0.95,0.3
2026-03-10 06:00:00+00:00,1,BULL,1.0,True,24,False,BEAR_STRUCTURE,BEAR_STRUCTURE,0.3,0.95,0.3
2026-03-11 06:00:00+00:00,1,BULL,0.9999999998035491,True,25,False,BEAR_STRUCTURE,BEAR_STRUCTURE,0.3,0.95,0.3
2026-03-12 06:00:00+00:00,1,BULL,0.9999999999990905,True,26,False,BEAR_STRUCTURE,BEAR_STRUCTURE,0.3,0.95,0.3
2026-03-13 06:00:00+00:00,1,BULL,1.0,True,27,False,BEAR_STRUCTURE,BEAR_STRUCTURE,0.3,0.95,0.3
2026-03-14 06:00:00+00:00,1,BULL,1.0,True,28,False,BEAR_STRUCTURE,BEAR_STRUCTURE,0.3,0.95,0.3
2026-03-15 06:00:00+00:00,1,BULL,1.0,True,29,False,BEAR_STRUCTURE,BEAR_STRUCTURE,0.3,0.95,0.3
2026-03-16 06:00:00+00:00,1,BULL,1.0,True,30,False,BEAR_STRUCTURE,BEAR_STRUCTURE,0.3,0.95,0.3
2026-03-17 06:00:00+00:00,1,BULL,0.9999999998462954,True,31,False,BEAR_STRUCTURE,BEAR_STRUCTURE,0.3,0.95,0.3
2026-03-18 06:00:00+00:00,1,BULL,1.0,True,32,False,BEAR_STRUCTURE,BEAR_STRUCTURE,0.3,0.95,0.3
2026-03-19 06:00:00+00:00,1,BULL,0.9999999999818101,True,33,False,BEAR_STRUCTURE,BEAR_STRUCTURE,0.3,0.95,0.3
2026-03-20 06:00:00+00:00,1,BULL,0.9999999999809006,True,34,False,BEAR_STRUCTURE,BEAR_STRUCTURE,0.3,0.95,0.3
2026-03-21 06:00:00+00:00,1,BULL,0.9999999997735358,True,35,False,BEAR_STRUCTURE,BEAR_STRUCTURE,0.3,0.95,0.3
2026-03-22 06:00:00+00:00,1,BULL,0.9999999998763087,True,36,False,BEAR_STRUCTURE,BEAR_STRUCTURE,0.3,0.95,0.3
2026-03-23 06:00:00+00:00,1,BULL,1.0,True,37,False,BEAR_STRUCTURE,BEAR_STRUCTURE,0.3,0.95,0.3
2026-03-24 06:00:00+00:00,1,BULL,0.9999998446919683,True,38,False,BEAR_STRUCTURE,BEAR_STRUCTURE,0.3,0.95,0.3
2026-03-25 06:00:00+00:00,1,BULL,0.9999982990735503,True,39,False,BEAR_STRUCTURE,BEAR_STRUCTURE,0.3,0.95,0.3
2026-03-26 06:00:00+00:00,1,BULL,0.9999954759853169,True,40,False,BEAR_STRUCTURE,BEAR_STRUCTURE,0.3,0.95,0.3
2026-03-27 06:00:00+00:00,1,BULL,0.9999963446537964,True,41,False,BEAR_STRUCTURE,BEAR_STRUCTURE,0.3,0.95,0.3
2026-03-28 06:00:00+00:00,1,BULL,0.31023535569867844,False,41,False,BEAR_STRUCTURE,BEAR_STRUCTURE,0.3,0.3013603650025694489637046004,0.3
2026-03-29 06:00:00+00:00,1,BULL,0.00022286489130726646,False,41,False,BEAR_STRUCTURE,BEAR_STRUCTURE,0.3,0.3022589334865017932589560240,0.3
2026-03-30 06:00:00+00:00,4,CRASH,0.9916864313350832,True,3,False,BEAR_STRUCTURE,BEAR_STRUCTURE,0.3,0.3005880100703435708309056983,0.3
2026-03-31 06:00:00+00:00,4,CRASH,0.7674169191581356,True,4,False,BEAR_STRUCTURE,BEAR_STRUCTURE,0.3,0.3023939031861927150102352135,0.3
2026-04-01 06:00:00+00:00,4,CRASH,0.824513364706133,True,5,False,BEAR_STRUCTURE,BEAR_STRUCTURE,0.3,0.2942340792213779491827451809,0.2942340792213779491827451809
2026-04-02 06:00:00+00:00,4,CRASH,0.040255193310247434,False,5,False,BEAR_STRUCTURE,BEAR_STRUCTURE,0.3,0.2942615514315983398530127277,0.2942615514315983398530127277
2026-04-03 06:00:00+00:00,4,CRASH,0.014038013453632833,False,5,False,BEAR_STRUCTURE,BEAR_STRUCTURE,0.3,0.2952453350395275906080357382,0.2952453350395275906080357382
2026-04-04 06:00:00+00:00,4,CRASH,0.009196325433550987,False,5,False,BEAR_STRUCTURE,BEAR_STRUCTURE,0.3,0.2952930935675933952634006005,0.2952930935675933952634006005
2026-04-05 06:00:00+00:00,4,CRASH,0.03393127212578835,False,5,False,BEAR_STRUCTURE,BEAR_STRUCTURE,0.3,0.3022735669287810187982932000,0.3
2026-04-06 06:00:00+00:00,4,CRASH,4.44024592025306e-05,False,5,False,BEAR_STRUCTURE,BEAR_STRUCTURE,0.3,0.2983868424746461962337768034,0.2983868424746461962337768034
2026-04-07 06:00:00+00:00,4,CRASH,7.277789667230907e-07,False,5,False,BEAR_STRUCTURE,BEAR_STRUCTURE,0.3,0.3075997252832293420797957900,0.3
2026-04-08 06:00:00+00:00,1,BULL,0.9807884675487905,True,3,False,BEAR_STRUCTURE,BEAR_STRUCTURE,0.3,0.95,0.3
2026-04-09 06:00:00+00:00,1,BULL,0.1522468258205909,False,3,False,BEAR_STRUCTURE,BEAR_STRUCTURE,0.3,0.3033684323577920809075660046,0.3
2026-04-10 06:00:00+00:00,1,BULL,0.0002367913597537686,False,3,False,BEAR_STRUCTURE,BEAR_STRUCTURE,0.3,0.3017277291150786296484074664,0.3
2026-04-11 06:00:00+00:00,3,NEUTRAL,0.9999935814545541,True,3,False,BEAR_STRUCTURE,BEAR_STRUCTURE,0.3,0.2970644364211907497026333378,0.2970644364211907497026333378
2026-04-12 06:00:00+00:00,3,NEUTRAL,0.991435740494024,True,4,False,BEAR_STRUCTURE,BEAR_STRUCTURE,0.3,0.2946351253425975652101221533,0.2946351253425975652101221533
2026-04-13 06:00:00+00:00,3,NEUTRAL,0.999999998621206,True,5,False,BEAR_STRUCTURE,BEAR_STRUCTURE,0.3,0.3042694561238518578267358215,0.3
2026-04-14 06:00:00+00:00,3,NEUTRAL,0.999999287729478,True,6,False,BEAR_STRUCTURE,BEAR_STRUCTURE,0.3,0.2994671933594133425568416954,0.2994671933594133425568416954
2026-04-15 06:00:00+00:00,3,NEUTRAL,0.9999987149375628,True,7,False,BEAR_STRUCTURE,BEAR_STRUCTURE,0.3,0.3023516918297451578365788567,0.3
2026-04-16 06:00:00+00:00,3,NEUTRAL,0.9999875188765517,True,8,False,BEAR_STRUCTURE,BEAR_STRUCTURE,0.3,0.2988621148532848372434502101,0.2988621148532848372434502101
2026-04-17 06:00:00+00:00,3,NEUTRAL,0.9999999812089302,True,9,False,BEAR_STRUCTURE,BEAR_STRUCTURE,0.3,0.3058026755348998883650084163,0.3
2026-04-18 06:00:00+00:00,3,NEUTRAL,0.9811492146016134,True,10,False,BEAR_STRUCTURE,BEAR_STRUCTURE,0.3,0.2956474571964263672004237800,0.2956474571964263672004237800
2026-04-19 06:00:00+00:00,3,NEUTRAL,0.6825250331040918,True,11,False,BEAR_STRUCTURE,BEAR_STRUCTURE,0.3,0.2920973605991064074098269074,0.2920973605991064074098269074
2026-04-20 06:00:00+00:00,4,BULL,0.9999997672448715,True,1,False,BEAR_STRUCTURE,BEAR_STRUCTURE,0.3,0.95,0.3
2026-04-21 06:00:00+00:00,4,BULL,0.9999999662259148,True,2,False,BEAR_STRUCTURE,BEAR_STRUCTURE,0.3,0.95,0.3
2026-04-22 06:00:00+00:00,4,BULL,0.9999986960887642,True,3,False,BEAR_STRUCTURE,BEAR_STRUCTURE,0.3,0.95,0.3
2026-04-23 06:00:00+00:00,4,BULL,0.9999998603157207,True,4,False,BEAR_STRUCTURE,BEAR_STRUCTURE,0.3,0.95,0.3
2026-04-24 06:00:00+00:00,4,BULL,0.9999999950814527,True,5,False,BEAR_STRUCTURE,BEAR_STRUCTURE,0.3,0.95,0.3
2026-04-25 06:00:00+00:00,4,BULL,0.9999999871447472,True,6,False,BEAR_STRUCTURE,BEAR_STRUCTURE,0.3,0.95,0.3
2026-04-26 06:00:00+00:00,4,BULL,0.9999995331874013,True,7,False,BEAR_STRUCTURE,BEAR_STRUCTURE,0.3,0.95,0.3
2026-04-27 06:00:00+00:00,4,BULL,0.9999906921199265,True,8,False,BEAR_STRUCTURE,BEAR_STRUCTURE,0.3,0.95,0.3
2026-04-28 06:00:00+00:00,4,BULL,0.9999709388092076,True,9,False,BEAR_STRUCTURE,BEAR_STRUCTURE,0.3,0.95,0.3
2026-04-29 06:00:00+00:00,4,BULL,0.9998450570610876,True,10,False,BEAR_STRUCTURE,BEAR_STRUCTURE,0.3,0.95,0.3
2026-04-30 06:00:00+00:00,4,BULL,0.9999762297603687,True,11,False,BEAR_STRUCTURE,BEAR_STRUCTURE,0.3,0.95,0.3
2026-05-01 06:00:00+00:00,4,BULL,0.9999839142544729,True,12,False,BEAR_STRUCTURE,BEAR_STRUCTURE,0.3,0.95,0.3
2026-05-02 06:00:00+00:00,4,BULL,0.9999983219254756,True,13,False,BEAR_STRUCTURE,BEAR_STRUCTURE,0.3,0.95,0.3
2026-05-03 06:00:00+00:00,4,BULL,0.9999823647239988,True,14,False,BEAR_STRUCTURE,BEAR_STRUCTURE,0.3,0.95,0.3
2026-05-04 06:00:00+00:00,4,BULL,0.9999988633441811,True,15,False,BEAR_STRUCTURE,BEAR_STRUCTURE,0.3,0.95,0.3
2026-05-05 06:00:00+00:00,4,BULL,0.9999969785335624,True,16,False,BEAR_STRUCTURE,BEAR_STRUCTURE,0.3,0.95,0.3
2026-05-06 06:00:00+00:00,4,BULL,0.9999973574361675,True,17,False,BEAR_STRUCTURE,BEAR_STRUCTURE,0.3,0.95,0.3
2026-05-07 06:00:00+00:00,4,BULL,0.9999988244387712,True,18,False,BEAR_STRUCTURE,BEAR_STRUCTURE,0.3,0.95,0.3
2026-05-08 06:00:00+00:00,4,BULL,0.9998954834448266,True,19,False,BEAR_STRUCTURE,BEAR_STRUCTURE,0.3,0.95,0.3
2026-05-09 06:00:00+00:00,4,BULL,0.9997962426790202,True,20,False,BEAR_STRUCTURE,BEAR_STRUCTURE,0.3,0.95,0.3
2026-05-10 06:00:00+00:00,4,BULL,0.9998109722246914,True,21,False,BEAR_STRUCTURE,BEAR_STRUCTURE,0.3,0.95,0.3
2026-05-11 06:00:00+00:00,4,BULL,0.999990230354317,True,22,False,BEAR_STRUCTURE,BEAR_STRUCTURE,0.3,0.95,0.3
2026-05-12 06:00:00+00:00,4,BULL,0.9999814684800167,True,23,False,BEAR_STRUCTURE,BEAR_STRUCTURE,0.3,0.95,0.3
2026-05-13 06:00:00+00:00,4,BULL,0.9997900688806304,True,24,False,BEAR_STRUCTURE,BEAR_STRUCTURE,0.3,0.95,0.3
2026-05-14 06:00:00+00:00,4,BULL,0.9995222150990886,True,25,False,BEAR_STRUCTURE,BEAR_STRUCTURE,0.3,0.95,0.3
2026-05-15 06:00:00+00:00,4,BULL,0.9947144566676052,True,26,False,BEAR_STRUCTURE,BEAR_STRUCTURE,0.3,0.95,0.3
2026-05-16 06:00:00+00:00,4,BULL,0.7380729207374309,True,27,False,BEAR_STRUCTURE,BEAR_STRUCTURE,0.3,0.95,0.3
2026-05-17 06:00:00+00:00,4,BULL,0.009266835447598862,False,27,False,BEAR_STRUCTURE,BEAR_STRUCTURE,0.3,0.2967868571807800930890275459,0.2967868571807800930890275459
2026-05-18 06:00:00+00:00,4,BULL,2.728604205497691e-05,False,27,False,BEAR_STRUCTURE,BEAR_STRUCTURE,0.3,0.2967321615904931566063463252,0.2967321615904931566063463252
2026-05-19 06:00:00+00:00,2,BEAR,0.9999772097344661,True,3,False,BEAR_STRUCTURE,BEAR_STRUCTURE,0.3,0.95,0.3
2026-05-20 06:00:00+00:00,2,BEAR,0.9998839605915365,True,4,False,BEAR_STRUCTURE,BEAR_STRUCTURE,0.3,0.95,0.3
2026-05-21 06:00:00+00:00,2,BEAR,0.9999848419368544,True,5,False,BEAR_STRUCTURE,BEAR_STRUCTURE,0.3,0.95,0.3
2026-05-22 06:00:00+00:00,2,BEAR,0.9998477078454256,True,6,False,BEAR_STRUCTURE,BEAR_STRUCTURE,0.3,0.95,0.3
2026-05-23 06:00:00+00:00,2,BEAR,0.999627194787633,True,7,False,BEAR_STRUCTURE,BEAR_STRUCTURE,0.3,0.95,0.3
2026-05-24 06:00:00+00:00,2,BEAR,0.9996474956759172,True,8,False,BEAR_STRUCTURE,BEAR_STRUCTURE,0.3,0.95,0.3
2026-05-25 06:00:00+00:00,2,BEAR,0.9999048857310341,True,9,False,BEAR_STRUCTURE,BEAR_STRUCTURE,0.3,0.95,0.3
2026-05-26 06:00:00+00:00,2,BEAR,0.9994193800786628,True,10,False,BEAR_STRUCTURE,BEAR_STRUCTURE,0.3,0.95,0.3
2026-05-27 06:00:00+00:00,2,BEAR,0.9684830730353396,True,11,False,BEAR_STRUCTURE,BEAR_STRUCTURE,0.3,0.95,0.3
2026-05-28 06:00:00+00:00,2,BEAR,0.9998782839649535,True,12,False,BEAR_STRUCTURE,BEAR_STRUCTURE,0.3,0.95,0.3
2026-05-29 06:00:00+00:00,2,BEAR,0.9999692770287999,True,13,False,BEAR_STRUCTURE,BEAR_STRUCTURE,0.3,0.95,0.3
2026-05-30 06:00:00+00:00,2,BEAR,0.9999064362159175,True,14,False,BEAR_STRUCTURE,BEAR_STRUCTURE,0.3,0.95,0.3
2026-05-31 06:00:00+00:00,2,BEAR,0.998287892321466,True,15,False,BEAR_STRUCTURE,BEAR_STRUCTURE,0.3,0.95,0.3
2026-06-01 06:00:00+00:00,2,BEAR,0.9045073464622593,True,16,False,BEAR_STRUCTURE,BEAR_STRUCTURE,0.3,0.95,0.3
2026-06-02 06:00:00+00:00,2,BEAR,0.9999024846170917,True,17,False,BEAR_STRUCTURE,BEAR_STRUCTURE,0.3,0.95,0.3
2026-06-03 06:00:00+00:00,2,BEAR,0.9999163752565532,True,18,False,BEAR_STRUCTURE,BEAR_STRUCTURE,0.3,0.95,0.3
2026-06-04 06:00:00+00:00,2,BEAR,0.9999976286217966,True,19,False,BEAR_STRUCTURE,BEAR_STRUCTURE,0.3,0.95,0.3
2026-06-05 06:00:00+00:00,2,BEAR,0.9999998836488043,True,20,False,BEAR_STRUCTURE,BEAR_STRUCTURE,0.3,0.95,0.3
2026-06-06 06:00:00+00:00,2,BEAR,0.056650386843203775,False,20,False,BEAR_STRUCTURE,BEAR_STRUCTURE,0.3,0.3027662413530398543074189738,0.3
2026-06-07 06:00:00+00:00,2,BEAR,4.110959949229847e-07,False,20,False,BEAR_STRUCTURE,BEAR_STRUCTURE,0.3,0.3034379680500374804339194040,0.3
2026-06-08 06:00:00+00:00,4,BULL,0.9999999996721272,True,3,False,BEAR_STRUCTURE,BEAR_STRUCTURE,0.3,0.95,0.3
2026-06-09 06:00:00+00:00,4,BULL,0.9999992824448628,True,4,False,BEAR_STRUCTURE,BEAR_STRUCTURE,0.3,0.95,0.3
2026-06-10 06:00:00+00:00,4,BULL,0.9974366585775204,True,5,False,BEAR_STRUCTURE,BEAR_STRUCTURE,0.3,0.95,0.3
2026-06-11 06:00:00+00:00,4,BULL,0.9999743429379142,True,6,False,BEAR_STRUCTURE,BEAR_STRUCTURE,0.3,0.95,0.3
2026-06-12 06:00:00+00:00,4,BULL,0.9999999999968168,True,7,False,BEAR_STRUCTURE,BEAR_STRUCTURE,0.3,0.95,0.3
2026-06-13 06:00:00+00:00,4,BULL,1.0,True,8,False,BEAR_STRUCTURE,BEAR_STRUCTURE,0.3,0.95,0.3
2026-06-14 06:00:00+00:00,4,BULL,1.0,True,9,False,BEAR_STRUCTURE,BEAR_STRUCTURE,0.3,0.95,0.3
2026-06-15 06:00:00+00:00,4,BULL,1.0,True,10,False,BEAR_STRUCTURE,BEAR_STRUCTURE,0.3,0.95,0.3
2026-06-16 06:00:00+00:00,4,BULL,1.0,True,11,False,BEAR_STRUCTURE,BEAR_STRUCTURE,0.3,0.95,0.3
2026-06-17 06:00:00+00:00,4,BULL,1.0,True,12,False,BEAR_STRUCTURE,BEAR_STRUCTURE,0.3,0.95,0.3
2026-06-18 06:00:00+00:00,4,BULL,0.9999999998158273,True,13,False,BEAR_STRUCTURE,BEAR_STRUCTURE,0.3,0.95,0.3
2026-06-19 06:00:00+00:00,4,BULL,0.999999979830591,True,14,False,BEAR_STRUCTURE,BEAR_STRUCTURE,0.3,0.95,0.3
2026-06-20 06:00:00+00:00,4,BULL,0.9999999964497874,True,15,False,BEAR_STRUCTURE,BEAR_STRUCTURE,0.3,0.95,0.3
2026-06-21 06:00:00+00:00,4,BULL,0.9999994957448869,True,16,False,BEAR_STRUCTURE,BEAR_STRUCTURE,0.3,0.95,0.3
2026-06-22 06:00:00+00:00,4,BULL,0.9999997513537291,True,17,False,BEAR_STRUCTURE,BEAR_STRUCTURE,0.3,0.95,0.3
2026-06-23 06:00:00+00:00,4,BULL,0.9999997087548278,True,18,False,BEAR_STRUCTURE,BEAR_STRUCTURE,0.3,0.95,0.3
2026-06-24 06:00:00+00:00,4,BULL,0.9998925642457641,True,19,False,BEAR_STRUCTURE,BEAR_STRUCTURE,0.3,0.95,0.3
2026-06-25 06:00:00+00:00,4,BULL,0.9939552301525271,True,20,False,BEAR_STRUCTURE,BEAR_STRUCTURE,0.3,0.95,0.3
2026-06-26 06:00:00+00:00,4,BULL,0.9838868747623098,True,21,False,BEAR_STRUCTURE,BEAR_STRUCTURE,0.3,0.95,0.3
2026-06-27 06:00:00+00:00,4,BULL,0.9931736776345849,True,22,False,BEAR_STRUCTURE,BEAR_STRUCTURE,0.3,0.95,0.3
2026-06-28 06:00:00+00:00,4,BULL,0.9926184482510341,True,23,False,BEAR_STRUCTURE,BEAR_STRUCTURE,0.3,0.95,0.3
2026-06-29 06:00:00+00:00,4,BULL,0.9994329438266727,True,24,False,BEAR_STRUCTURE,BEAR_STRUCTURE,0.3,0.95,0.3
2026-06-30 06:00:00+00:00,4,BULL,0.9999970493202331,True,25,False,BEAR_STRUCTURE,BEAR_STRUCTURE,0.3,0.95,0.3
2026-07-01 06:00:00+00:00,4,BULL,0.999998232241267,True,26,False,BEAR_STRUCTURE,BEAR_STRUCTURE,0.3,0.95,0.3
2026-07-02 06:00:00+00:00,4,BULL,0.9999995380445555,True,27,False,BEAR_STRUCTURE,BEAR_STRUCTURE,0.3,0.95,0.3
2026-07-03 06:00:00+00:00,4,BULL,0.9999960529885944,True,28,False,BEAR_STRUCTURE,BEAR_STRUCTURE,0.3,0.95,0.3
2026-07-04 06:00:00+00:00,4,BULL,0.9999957029787319,True,29,False,BEAR_STRUCTURE,BEAR_STRUCTURE,0.3,0.95,0.3
2026-07-05 06:00:00+00:00,4,BULL,0.999997010622258,True,30,False,BEAR_STRUCTURE,BEAR_STRUCTURE,0.3,0.95,0.3
2026-07-06 06:00:00+00:00,4,BULL,0.9998614052028371,True,31,False,BEAR_STRUCTURE,BEAR_STRUCTURE,0.3,0.95,0.3
2026-07-07 06:00:00+00:00,4,BULL,0.9743728372888864,True,32,False,BEAR_STRUCTURE,BEAR_STRUCTURE,0.3,0.95,0.3
2026-07-08 06:00:00+00:00,4,BULL,0.617396763531067,True,33,False,BEAR_STRUCTURE,BEAR_STRUCTURE,0.3,0.95,0.3
2026-07-09 06:00:00+00:00,4,BULL,0.10360348912397689,False,33,False,BEAR_STRUCTURE,BEAR_STRUCTURE,0.3,0.3050834466996934560023133032,0.3
2026-07-10 06:00:00+00:00,4,BULL,0.0012510960119918365,False,33,False,BEAR_STRUCTURE,BEAR_STRUCTURE,0.3,0.3001972098834462026996796505,0.3
2026-07-11 06:00:00+00:00,2,BEAR,0.9998838430457188,True,3,False,BEAR_STRUCTURE,BEAR_STRUCTURE,0.3,0.95,0.3
2026-07-12 06:00:00+00:00,2,BEAR,0.9995646963885058,True,4,False,BEAR_STRUCTURE,BEAR_STRUCTURE,0.3,0.95,0.3
2026-07-13 06:00:00+00:00,2,BEAR,0.9999541285977317,True,5,False,BEAR_STRUCTURE,BEAR_STRUCTURE,0.3,0.95,0.3
2026-07-14 06:00:00+00:00,2,BEAR,0.9981581764599633,True,6,False,BEAR_STRUCTURE,BEAR_STRUCTURE,0.3,0.95,0.3
2026-07-15 06:00:00+00:00,2,BEAR,0.999996092129,True,7,False,BEAR_STRUCTURE,BEAR_STRUCTURE,0.3,0.95,0.3
2026-07-16 06:00:00+00:00,2,BEAR,0.9945194066366392,True,8,False,BEAR_STRUCTURE,BEAR_STRUCTURE,0.3,0.95,0.3
2026-07-17 06:00:00+00:00,2,BEAR,0.9999528002434035,True,9,False,BEAR_STRUCTURE,BEAR_STRUCTURE,0.3,0.95,0.3
2026-07-18 06:00:00+00:00,2,BEAR,0.9998617700602483,True,10,False,BEAR_STRUCTURE,BEAR_STRUCTURE,0.3,0.95,0.3
2026-07-19 06:00:00+00:00,2,BEAR,0.9997966724487354,True,11,False,BEAR_STRUCTURE,BEAR_STRUCTURE,0.3,0.95,0.3
2026-07-20 06:00:00+00:00,2,BEAR,0.9993041867670757,True,12,False,BEAR_STRUCTURE,BEAR_STRUCTURE,0.3,0.95,0.3
2026-07-21 06:00:00+00:00,2,BEAR,0.9507849016103234,True,13,False,BEAR_STRUCTURE,BEAR_STRUCTURE,0.3,0.95,0.3
2026-07-22 06:00:00+00:00,2,BEAR,0.9843435205231769,True,14,False,BEAR_STRUCTURE,BEAR_STRUCTURE,0.3,0.95,0.3
2026-07-23 06:00:00+00:00,2,BEAR,0.9973229658581194,True,15,False,BEAR_STRUCTURE,BEAR_STRUCTURE,0.3,0.95,0.3
2026-07-24 06:00:00+00:00,2,BEAR,0.96357503720234,True,16,False,BEAR_STRUCTURE,BEAR_STRUCTURE,0.3,0.95,0.3
2026-07-25 06:00:00+00:00,2,BEAR,0.9921414783499816,True,17,False,BEAR_STRUCTURE,BEAR_STRUCTURE,0.3,0.95,0.3
2026-07-26 06:00:00+00:00,2,BEAR,0.98088749048411,True,18,False,BEAR_STRUCTURE,BEAR_STRUCTURE,0.3,0.95,0.3
2026-07-27 06:00:00+00:00,2,BEAR,0.2005042531458728,False,18,False,BEAR_STRUCTURE,BEAR_STRUCTURE,0.3,0.2934705784385250281003050463,0.2934705784385250281003050463
2026-07-28 06:00:00+00:00,2,BEAR,0.04019728634870186,False,18,False,BEAR_STRUCTURE,BEAR_STRUCTURE,0.3,0.2954768669524654906313412535,0.2954768669524654906313412535
2026-07-29 06:00:00+00:00,4,BULL,0.964707753218973,True,3,False,BEAR_STRUCTURE,BEAR_STRUCTURE,0.3,0.95,0.3
2026-07-30 06:00:00+00:00,4,BULL,0.960904784647311,True,4,False,BEAR_STRUCTURE,BEAR_STRUCTURE,0.3,0.95,0.3
2026-07-31 06:00:00+00:00,4,BULL,0.9709874027657652,True,5,False,BEAR_STRUCTURE,BEAR_STRUCTURE,0.3,0.95,0.3
2026-08-01 06:00:00+00:00,4,BULL,0.9491849813133091,True,6,False,BEAR_STRUCTURE,BEAR_STRUCTURE,0.3,0.95,0.3
2026-08-02 06:00:00+00:00,4,BULL,0.8868231944632972,True,7,False,BEAR_STRUCTURE,BEAR_STRUCTURE,0.3,0.95,0.3
2026-08-03 06:00:00+00:00,4,BULL,0.464384147361082,True,8,False,BEAR_STRUCTURE,BEAR_STRUCTURE,0.3,0.3032975958786646588117634825,0.3
