timestamp,cash,qty,price,equity,allocation_pct
2022-10-22 00:00:00+00:00,10000,0,19204.35,10000.00,0
2022-10-23 00:00:00+00:00,6996.101840038945,0.156215,19570.4,10053.291876038945,0.3040984061436153699087863725
2022-10-24 00:00:00+00:00,7037.263522597825,0.154109,19329.72,10016.147342077825,0.2974081468396248569255727903
2022-10-25 00:00:00+00:00,7011.365556152185,0.155447,20080.07,10132.752197442185,0.3080492427395918133493848822
2022-10-26 00:00:00+00:00,7092.720241532803,0.151390,20771.59,10237.331251632803,0.3071709738412977808448864502
2022-10-27 00:00:00+00:00,7166.052426949048,0.147855,20295.11,10166.785915999048,0.2951506517244422896551175563
2022-10-28 00:00:00+00:00,7166.052426949048,0.147855,20591.84,10210.658930149048,0.2981792383849175325335448073
2022-10-29 00:00:00+00:00,7166.052426949048,0.147855,20809.67,10242.866184799048,0.3003860152362581285185223323
2022-10-30 00:00:00+00:00,7166.052426949048,0.147855,20627.48,10215.928482349048,0.2985412496445660585326387670
2022-10-31 00:00:00+00:00,7166.052426949048,0.147855,20490.74,10195.710789649048,0.2971502845859249295826681178
2022-11-01 00:00:00+00:00,7166.052426949048,0.147855,20483.62,10194.658062049048,0.2970777064484763621151960841
2022-11-02 00:00:00+00:00,7166.052426949048,0.147855,20151.84,10145.602730149048,0.2936789841322939060884212108
2022-11-03 00:00:00+00:00,7101.845911967704,0.151037,20207.82,10153.974421307704,0.3005846166930686727505078080
2022-11-04 00:00:00+00:00,7107.718539534208,0.150746,21148.52,10295.773335454208,0.3096469485144659003712557423
2022-11-05 00:00:00+00:00,7206.924002996236,0.146049,21299.37,10317.675692126236,0.3014973315650848412858361773
2022-11-06 00:00:00+00:00,7222.367243270830,0.145323,20905.58,10260.428845610830,0.2960949925245679432140945921
2022-11-07 00:00:00+00:00,7222.367243270830,0.145323,20591.13,10214.732028260830,0.2929459898420343462650356843
2022-11-08 00:00:00+00:00,7222.367243270830,0.145323,18547.23,9917.706348560830,0.2717704084554917094048554889
2022-11-09 00:00:00+00:00,7222.367243270830,0.145323,15922.81,9536.317760900830,0.2426461214534253412305664246
2022-11-10 00:00:00+00:00,7222.367243270830,0.145323,17601.15,9780.219164720830,0.2615331904500334600403544066
2022-11-11 00:00:00+00:00,7222.367243270830,0.145323,17070.31,9703.075903400830,0.2556620895092180713679015853
2022-11-12 00:00:00+00:00,7222.367243270830,0.145323,16812.08,9665.549145110830,0.2527721772617385268691923369
2022-11-13 00:00:00+00:00,7222.367243270830,0.145323,16329.85,9595.470034820830,0.2473149082784157130783269382
2022-11-14 00:00:00+00:00,6716.372367193042,0.176265,16619.46,9645.801484093042,0.3036999177031521782308601485
2022-11-15 00:00:00+00:00,6751.805076911182,0.174130,16900.57,9694.701331011182,0.3035571858914655638654828027
2022-11-16 00:00:00+00:00,6786.254297998801,0.172089,16662.76,9653.732003638801,0.2970330753494250460221432285
2022-11-17 00:00:00+00:00,6786.254297998801,0.172089,16692.56,9658.860255838801,0.2974063069297957549072108810
2022-11-18 00:00:00+00:00,6786.254297998801,0.172089,16700.45,9660.218038048801,0.2975050592781952956994079797
2022-11-19 00:00:00+00:00,6786.254297998801,0.172089,16700.68,9660.257618518801,0.2975079375740984079083821563
2022-11-20 00:00:00+00:00,6786.254297998801,0.172089,16280.23,9587.902798468801,0.2922066023570270713760758499
2022-11-21 00:00:00+00:00,6786.254297998801,0.172089,15781.29,9502.040712808801,0.2858108586242011769370208381
2022-11-22 00:00:00+00:00,6786.254297998801,0.172089,16226.94,9578.732175658801,0.2915289650499013379394502121
2022-11-23 00:00:00+00:00,6786.254297998801,0.172089,16603.11,9643.466894788801,0.2962847934215441771458309868
2022-11-24 00:00:00+00:00,6786.254297998801,0.172089,16598.95,9642.751004548801,0.2962325486992764913502570373
2022-11-25 00:00:00+00:00,6786.254297998801,0.172089,16522.14,9629.532848458801,0.2952665093109957508357840370
2022-11-26 00:00:00+00:00,6786.254297998801,0.172089,16458.57,9618.593150728801,0.2944649813486906478758895117
2022-11-27 00:00:00+00:00,6786.254297998801,0.172089,16428.78,9613.466619418801,0.2940887437741916332563098246
2022-11-28 00:00:00+00:00,6786.254297998801,0.172089,16212.91,9576.317766988801,0.2913503433029158829180536898
2022-11-29 00:00:00+00:00,6786.254297998801,0.172089,16442.53,9615.832843168801,0.2942624514505953963297995369
2022-11-30 00:00:00+00:00,6786.254297998801,0.172089,17163.64,9739.927941958801,0.3032541576858920223870482784
2022-12-01 00:00:00+00:00,6818.140677547261,0.170229,16977.37,9708.181395277261,0.2976912564835179230328053978
2022-12-02 00:00:00+00:00,6818.140677547261,0.170229,17092.74,9727.820715007261,0.2991091347901993245742387598
2022-12-03 00:00:00+00:00,6818.140677547261,0.170229,16885.2,9692.491388347261,0.2965543734457861590748769467
2022-12-04 00:00:00+00:00,6818.140677547261,0.170229,17105.7,9730.026882847261,0.2992680534555630891381525128
2022-12-05 00:00:00+00:00,6818.140677547261,0.170229,16966.35,9706.305471697261,0.2975555222913225104464291772
2022-12-06 00:00:00+00:00,6818.140677547261,0.170229,17088.96,9727.177249387261,0.2990627699339237827280820368
2022-12-07 00:00:00+00:00,6818.140677547261,0.170229,16836.64,9684.225068107261,0.2959539220126947679868809454
2022-12-08 00:00:00+00:00,6778.910883747597,0.172556,17224.1,9751.032683347597,0.3048007217405459478270883620
2022-12-09 00:00:00+00:00,6825.665127912657,0.169838,17128.56,9734.745501192657,0.2988347638799178290809214110
2022-12-10 00:00:00+00:00,6814.311280353921,0.170500,17127.49,9734.548325353921,0.2999869071885087522867616761
2022-12-11 00:00:00+00:00,6814.311280353921,0.170500,17085.05,9727.312305353921,0.2994661766330543071115935335
2022-12-12 00:00:00+00:00,6814.311280353921,0.170500,17209.83,9748.587295353921,0.3009949981571634015159340656
2022-12-13 00:00:00+00:00,6823.901379936099,0.169942,17774.7,9844.569447336099,0.3068359752612015613678554627
2022-12-14 00:00:00+00:00,6891.255167116695,0.166148,17803.15,9849.212933316695,0.3003242783181372410154225190
2022-12-15 00:00:00+00:00,6891.255167116695,0.166148,17356.34,9774.976345436695,0.2950105531115912246751256635
2022-12-16 00:00:00+00:00,6891.255167116695,0.166148,16632.12,9654.648640876695,0.2862241368432718780276801208
2022-12-17 00:00:00+00:00,6891.255167116695,0.166148,16776.52,9678.640412076695,0.2879934708062912112202264443
2022-12-18 00:00:00+00:00,6891.255167116695,0.166148,16738.21,9672.275282196695,0.2875249136259483569891165643
2022-12-19 00:00:00+00:00,6891.255167116695,0.166148,16438.88,9622.542201356695,0.2838425622965739983915112931
2022-12-20 00:00:00+00:00,6891.255167116695,0.166148,16895.56,9698.418669996695,0.2894454857433945587059691164
2022-12-21 00:00:00+00:00,6891.255167116695,0.166148,16824.67,9686.640438276695,0.2885815044929358345833469161
2022-12-22 00:00:00+00:00,6780.505933716479,0.172722,16821.43,9685.936966176479,0.2999638592121581929867472910
2022-12-23 00:00:00+00:00,6780.505933716479,0.172722,16778.5,9678.522010716479,0.2994275441840387417345516897
2022-12-24 00:00:00+00:00,6774.961824131399,0.173052,16836.12,9688.486062371399,0.3007202796684286326479544947
2022-12-25 00:00:00+00:00,6781.889127674411,0.172640,16832.11,9687.784598074411,0.2999545913704139604468873149
2022-12-26 00:00:00+00:00,6781.889127674411,0.172640,16919.39,9702.852617274411,0.3010417250283366680960943124
2022-12-27 00:00:00+00:00,6791.993769760625,0.172042,16706.36,9666.189356880625,0.2973452599574907738285708260
2022-12-28 00:00:00+00:00,6766.266447384261,0.173580,16547.31,9638.548517184261,0.2979994409613750274396233634
2022-12-29 00:00:00+00:00,6746.963758668121,0.174745,16633.47,9653.579473818121,0.3010920170112189739830367398
2022-12-30 00:00:00+00:00,6757.495669342147,0.174111,16607.48,9649.040619622147,0.2996717564230993850018363144
2022-12-31 00:00:00+00:00,6757.495669342147,0.174111,16542.4,9637.709475742147,0.2988483740508489000435743724
2023-01-01 00:00:00+00:00,6746.315459188972,0.174786,16616.75,9650.690724688972,0.3009499887992321785978948762
2023-01-02 00:00:00+00:00,6755.525999250817,0.174231,16672.87,9660.456812220817,0.3007032554915167720985956353
2023-01-03 00:00:00+00:00,6762.302999142919,0.173824,16675.18,9660.849487462919,0.3000301880369322356035305621
2023-01-04 00:00:00+00:00,6762.302999142919,0.173824,16850.36,9691.299975782919,0.3022295237954780946154303810
2023-01-05 00:00:00+00:00,6783.893906307475,0.172541,16831.85,9688.078137157475,0.2997688695048139347262914655
2023-01-06 00:00:00+00:00,6783.893906307475,0.172541,16950.65,9708.576007957475,0.3012472786176708419012066978
2023-01-07 00:00:00+00:00,6795.946837820539,0.171829,16943.57,9707.343527350539,0.2999169320965215923320045721
2023-01-08 00:00:00+00:00,6795.946837820539,0.171829,17127.83,9739.004738890539,0.3021928810977528301373014788
2023-01-09 00:00:00+00:00,6817.277475905326,0.170582,17178.26,9747.579423225326,0.3006184222862590009573011924
2023-01-10 00:00:00+00:00,6823.402420392862,0.170225,17440.66,9792.238768892862,0.3031825937426222471974117630
2023-01-11 00:00:00+00:00,6854.528327722078,0.168438,17943.26,9876.855155602078,0.3060009264351476230810209942
2023-01-12 00:00:00+00:00,6913.735788871726,0.165134,18846.62,10025.953535951726,0.3104161350758313576633605778
2023-01-13 00:00:00+00:00,7018.047974553274,0.159592,19930.01,10198.718130473274,0.3118696011821634908121647202
2023-01-14 00:00:00+00:00,7138.945483948312,0.153518,20954.92,10355.902892508312,0.3106399743171807615067857873
2023-01-15 00:00:00+00:00,7248.762620318488,0.148270,20871.5,10343.379925318488,0.2991882080464826535892417036
2023-01-16 00:00:00+00:00,7248.762620318488,0.148270,21185.65,10389.958945818488,0.3023300036006587435089142238
2023-01-17 00:00:00+00:00,7272.946338511153,0.147127,21134.81,10382.447529381153,0.2994959697191305894683172849
2023-01-18 00:00:00+00:00,7272.946338511153,0.147127,20677.47,10315.160467201153,0.2949264956530001648708149038
2023-01-19 00:00:00+00:00,4121.992612505485,0.299315,21071.59,10429.035573355485,0.6047580254653157268809195420
2023-01-20 00:00:00+00:00,4171.551696282700,0.296960,22667.21,10902.806377882700,0.6173873449000196062691898884
2023-01-21 00:00:00+00:00,4360.747849126300,0.288602,22783.55,10936.125946226300,0.6012529600913153615880399384
2023-01-22 00:00:00+00:00,4374.422841844945,0.288001,22707.88,10914.314989724945,0.5992031707016744097210033934
2023-01-23 00:00:00+00:00,4365.510511017153,0.288393,22916.45,10974.454275867153,0.6022116087706593863246741170
2023-01-24 00:00:00+00:00,4389.909136976055,0.287327,22632.89,10892.949522006055,0.5969953658458149598923482086
2023-01-25 00:00:00+00:00,4357.050162769155,0.288777,23060.94,11016.519233149155,0.6044984744674512410975434377
2023-01-26 00:00:00+00:00,4406.496520570893,0.286630,23009.65,11001.752500070893,0.5994732184220197232328583792
2023-01-27 00:00:00+00:00,4400.713590372098,0.286881,23074.16,11020.251685332098,0.6006703189701713775705517406
2023-01-28 00:00:00+00:00,4408.110766885130,0.286560,23022.6,11005.467022885130,0.5994617259114257007442441428
2023-01-29 00:00:00+00:00,4402.048267668470,0.286823,23742.3,11211.885980568470,0.6073766469532652701402585341
2023-01-30 00:00:00+00:00,4484.781192795161,0.283334,22826.15,10952.205576895161,0.5905134211271305500767397839
2023-01-31 00:00:00+00:00,4380.895875120431,0.287879,23125.13,11038.135174390431,0.6031126810908654046175764226
2023-02-01 00:00:00+00:00,4415.215145174297,0.286393,23732.66,11212.082840554297,0.6062091934244021392471654417
2023-02-02 00:00:00+00:00,4484.610382415273,0.283465,23488.94,11142.902759515273,0.5975366132863607731912449892
2023-02-03 00:00:00+00:00,4457.186218508859,0.284631,23431.9,11126.631347408859,0.5994127890696372405366597240
2023-02-04 00:00:00+00:00,4450.663682020199,0.284909,23326.84,11096.690339580199,0.5989197187790884229417165208
2023-02-05 00:00:00+00:00,4438.774467167577,0.285418,22932.91,10984.239773547577,0.5958960693978016477524465968
2023-02-06 00:00:00+00:00,544.158906834079,0.455024,22762.52,10901.651807314079,0.9500847287684427085713779010
2023-02-07 00:00:00+00:00,544.158906834079,0.455024,23240.46,11119.125977874079,0.9510609999457781619689615798
2023-02-08 00:00:00+00:00,544.158906834079,0.455024,22963.0,10992.875018834079,0.9504989453712725536732445692
2023-02-09 00:00:00+00:00,544.158906834079,0.455024,21796.35,10462.021269234079,0.9479872108046367327340272336
2023-02-10 00:00:00+00:00,544.158906834079,0.455024,21625.19,10384.139361394079,0.9475971105648735022081629414
2023-02-11 00:00:00+00:00,544.158906834079,0.455024,21862.55,10492.143858034079,0.9481365377565421153539996384
2023-02-12 00:00:00+00:00,544.158906834079,0.455024,21783.54,10456.192411794079,0.9479582160117583444293026931
2023-02-13 00:00:00+00:00,544.158906834079,0.455024,21773.97,10451.837832114079,0.9479365336915093793404166837
2023-02-14 00:00:00+00:00,544.158906834079,0.455024,22199.84,10645.618902994079,0.9488842394422897878915117311
2023-02-15 00:00:00+00:00,544.158906834079,0.455024,24324.05,11612.185434034079,0.9531389754387484040634226487
2023-02-16 00:00:00+00:00,544.158906834079,0.455024,23517.72,11245.285932114079,0.9516100426330574586537301609
2023-02-17 00:00:00+00:00,544.158906834079,0.455024,24569.97,11724.084936114079,0.9535862363843946000340972494
2023-02-18 00:00:00+00:00,544.158906834079,0.455024,24631.95,11752.287323634079,0.9536976171659992666948345636
2023-02-19 00:00:00+00:00,544.158906834079,0.455024,24271.76,11588.392229074079,0.9530427607145674172648877434
2023-02-20 00:00:00+00:00,544.158906834079,0.455024,24842.2,11847.956119634079,0.9540714954259228633670656370
2023-02-21 00:00:00+00:00,544.158906834079,0.455024,24452.16,11670.478558674079,0.9533730425793350960913666740
2023-02-22 00:00:00+00:00,544.158906834079,0.455024,24182.21,11547.644829874079,0.9528770658562060427528475797
2023-02-23 00:00:00+00:00,544.158906834079,0.455024,23940.2,11437.524471634079,0.9524233667710496253259714337
2023-02-24 00:00:00+00:00,544.158906834079,0.455024,23185.29,11094.022303794079,0.9509502602452871928659113127
2023-02-25 00:00:00+00:00,544.158906834079,0.455024,23157.07,11081.181526514079,0.9508934218312313260987926200
2023-02-26 00:00:00+00:00,544.158906834079,0.455024,23554.85,11262.180973234079,0.9516826351727664677122565004
2023-02-27 00:00:00+00:00,544.158906834079,0.455024,23492.09,11233.623666994079,0.9515598062597652965877002679
2023-02-28 00:00:00+00:00,544.158906834079,0.455024,23141.57,11074.128654514079,0.9508621469182347949968489480
2023-03-01 00:00:00+00:00,544.158906834079,0.455024,23628.97,11295.907352114079,0.9518268971343645754259023444
2023-03-02 00:00:00+00:00,544.158906834079,0.455024,23465.32,11221.442674514079,0.9515072239267449933087777284
2023-03-03 00:00:00+00:00,544.158906834079,0.455024,22354.34,10715.920110994079,0.9492195815946971209314031626
2023-03-04 00:00:00+00:00,544.158906834079,0.455024,22346.57,10712.384574514079,0.9492028219255036952809232655
2023-03-05 00:00:00+00:00,4280.111664270679,0.287624,22430.24,10731.587014030679,0.6011669421610447372906556119
2023-03-06 00:00:00+00:00,4292.633868375271,0.287065,22410.0,10725.760518375271,0.5997827975907935435562841005
2023-03-07 00:00:00+00:00,4292.633868375271,0.287065,22197.96,10664.891255775271,0.5974985805832088325341930648
2023-03-08 00:00:00+00:00,4266.005421457927,0.288263,21705.44,10522.880672177927,0.5945971873712230105047988140
2023-03-09 00:00:00+00:00,4208.957384045302,0.290888,20362.22,10132.082835405302,0.5845911001302097090420230210
2023-03-10 00:00:00+00:00,4052.637367792011,0.298555,20150.69,10068.726620742011,0.5975024925750389057620379414
2023-03-11 00:00:00+00:00,4027.476791078452,0.299802,20455.73,10160.145556538452,0.6036004830180200730106529446
2023-03-12 00:00:00+00:00,4064.024518157191,0.298013,21997.11,10619.449260587191,0.6173036455628325922297701875
2023-03-13 00:00:00+00:00,4247.667171897256,0.289654,24113.48,11232.233107817256,0.6218323523804876620980665493
2023-03-14 00:00:00+00:00,4492.449764855341,0.279489,24670.41,11387.557985345341,0.6054948944596656460100918297
2023-03-15 00:00:00+00:00,4554.957229546120,0.276952,24285.66,11280.919337866120,0.5962246433004166699277093780
2023-03-16 00:00:00+00:00,4512.329122975546,0.278705,24998.78,11479.614102875546,0.6069267588145453588372686980
2023-03-17 00:00:00+00:00,4591.746864700612,0.275524,27395.13,12139.762662820612,0.6217597499856110850913114595
2023-03-18 00:00:00+00:00,4855.574680680445,0.265881,26907.49,12009.765029370445,0.5956977785322269968643887920
2023-03-19 00:00:00+00:00,594.973343880476,0.424018,27972.87,12455.973735540476,0.9522338954374280745968159850
2023-03-20 00:00:00+00:00,594.973343880476,0.424018,27717.01,12347.484490060476,0.9518142060142355428119337602
2023-03-21 00:00:00+00:00,594.973343880476,0.424018,28105.47,12512.198522340476,0.9524485370961662984940645816
2023-03-22 00:00:00+00:00,594.973343880476,0.424018,27250.97,12149.875141340476,0.9510304972718564450316656472
2023-03-23 00:00:00+00:00,594.973343880476,0.424018,28295.41,12592.736501260476,0.9527526567540802701799758867
2023-03-24 00:00:00+00:00,594.973343880476,0.424018,27454.47,12236.162804340476,0.9513758231731418343450557902
2023-03-25 00:00:00+00:00,594.973343880476,0.424018,27462.95,12239.758476980476,0.9513901074927701729402914953
2023-03-26 00:00:00+00:00,594.973343880476,0.424018,27968.05,12453.929968780476,0.9522260567249088626119348378
2023-03-27 00:00:00+00:00,594.973343880476,0.424018,27124.91,12096.423432260476,0.9508141106987280390121216216
2023-03-28 00:00:00+00:00,594.973343880476,0.424018,27261.07,12154.157723140476,0.9510477519353152972078750313
2023-03-29 00:00:00+00:00,594.973343880476,0.424018,28348.6,12615.290018680476,0.9528371251870190024196745389
2023-03-30 00:00:00+00:00,594.973343880476,0.424018,28028.53,12479.574577420476,0.9523242286674601694338527304
2023-03-31 00:00:00+00:00,594.973343880476,0.424018,28465.36,12664.798360360476,0.9530214909901225324375274610
2023-04-01 00:00:00+00:00,594.973343880476,0.424018,28452.73,12659.443013020476,0.9530016175855024040367959317
2023-04-02 00:00:00+00:00,594.973343880476,0.424018,28171.87,12540.353317540476,0.9525552965841661479818556389
2023-04-03 00:00:00+00:00,594.973343880476,0.424018,27800.0,12382.673743880476,0.9519511410712478679827034156
2023-04-04 00:00:00+00:00,594.973343880476,0.424018,28165.47,12537.639602340476,0.9525450273934011649582272260
2023-04-05 00:00:00+00:00,594.973343880476,0.424018,28170.01,12539.564644060476,0.9525523125587703175722546087
2023-04-06 00:00:00+00:00,594.973343880476,0.424018,28033.82,12481.817632640476,0.9523327962808400772482326772
2023-04-07 00:00:00+00:00,594.973343880476,0.424018,27906.33,12427.759577820476,0.9521254542981093200914361764
2023-04-08 00:00:00+00:00,594.973343880476,0.424018,27938.38,12441.349354720476,0.9521777480145485821249184492
2023-04-09 00:00:00+00:00,594.973343880476,0.424018,28323.76,12604.757411560476,0.9527977156200725351302141158
2023-04-10 00:00:00+00:00,594.973343880476,0.424018,29637.34,13161.738976000476,0.9547952329881812053244215338
2023-04-11 00:00:00+00:00,594.973343880476,0.424018,30200.42,13400.495031440476,0.9556006444176473237445650583
2023-04-12 00:00:00+00:00,594.973343880476,0.424018,29888.07,13268.053009140476,0.9551574489888913061544007059
2023-04-13 00:00:00+00:00,594.973343880476,0.424018,30373.84,13474.028233000476,0.9558429495922182857100440591
2023-04-14 00:00:00+00:00,594.973343880476,0.424018,30466.93,13513.500068620476,0.9559719287483443376364766596
2023-04-15 00:00:00+00:00,594.973343880476,0.424018,30295.09,13440.636815500476,0.9557332474608405261967335122
2023-04-16 00:00:00+00:00,594.973343880476,0.424018,30304.65,13444.690427580476,0.9557465940115700992104769595
2023-04-17 00:00:00+00:00,594.973343880476,0.424018,29430.27,13073.937568740476,0.9544916486902120903522786741
2023-04-18 00:00:00+00:00,594.973343880476,0.424018,30380.01,13476.644424060476,0.9558515217023725433103055148
2023-04-19 00:00:00+00:00,594.973343880476,0.424018,28797.1,12805.462091680476,0.9535375342474348037055496645
2023-04-20 00:00:00+00:00,594.973343880476,0.424018,28243.65,12570.789329580476,0.9526701682542370630648927238
2023-04-21 00:00:00+00:00,594.973343880476,0.424018,27262.84,12154.908235000476,0.9510507745202691198952789422
2023-04-22 00:00:00+00:00,594.973343880476,0.424018,27816.85,12389.818447180476,0.9519788488897613517441860083
2023-04-23 00:00:00+00:00,594.973343880476,0.424018,27590.6,12293.884374680476,0.9516041207361737819397789148
2023-04-24 00:00:00+00:00,594.973343880476,0.424018,27510.93,12260.102860620476,0.9514707706252992417492243477
2023-04-25 00:00:00+00:00,594.973343880476,0.424018,28300.79,12595.017718100476,0.9527612142200140384304324700
2023-04-26 00:00:00+00:00,594.973343880476,0.424018,28415.29,12643.567779100476,0.9529426065272530808700122143
2023-04-27 00:00:00+00:00,6630.026794438148,0.211354,29472.77,12859.214625018148,0.4844143295081840076798691333
2023-04-28 00:00:00+00:00,6630.026794438148,0.211354,29311.7,12825.171836238148,0.4830457728679561073822513725
2023-04-29 00:00:00+00:00,6630.026794438148,0.211354,29230.45,12807.999323738148,0.4823526589238524704066832146
2023-04-30 00:00:00+00:00,6630.026794438148,0.211354,29233.21,12808.582660778148,0.4823762339653464748216203940
2023-05-01 00:00:00+00:00,6630.026794438148,0.211354,28068.26,12562.365818478148,0.4722310359179355395076197548
2023-05-02 00:00:00+00:00,6630.026794438148,0.211354,28669.86,12689.516384878148,0.4775193479919358398457604707
2023-05-03 00:00:00+00:00,6630.026794438148,0.211354,29026.16,12764.821815078148,0.4806016965621420966632632717
2023-05-04 00:00:00+00:00,6630.026794438148,0.211354,28838.16,12725.087263078148,0.4789798562973177689076313575
2023-05-05 00:00:00+00:00,6630.026794438148,0.211354,29505.61,12866.155490378148,0.4846924709252611800593554256
2023-05-06 00:00:00+00:00,6630.026794438148,0.211354,28848.2,12727.209257238148,0.4790667254356994357911608156
2023-05-07 00:00:00+00:00,6630.026794438148,0.211354,28430.1,12638.842149838148,0.4754245115306664707447320584
2023-05-08 00:00:00+00:00,6630.026794438148,0.211354,27668.79,12477.936236098148,0.4686599875981288000177931711
2023-05-09 00:00:00+00:00,6630.026794438148,0.211354,27628.27,12469.372172018148,0.4682950590474605477409120904
2023-05-10 00:00:00+00:00,6630.026794438148,0.211354,27598.75,12463.133001938148,0.4680288821914113215383708519
2023-05-11 00:00:00+00:00,6630.026794438148,0.211354,26968.62,12329.952505918148,0.4622828602741285187460687180
2023-05-12 00:00:00+00:00,6630.026794438148,0.211354,26795.01,12293.259337978148,0.4606778713310234676547849075
2023-05-13 00:00:00+00:00,6630.026794438148,0.211354,26775.28,12289.089323558148,0.4604948650077425848722231223
2023-05-14 00:00:00+00:00,6630.026794438148,0.211354,26917.62,12319.173451918148,0.4618123675005302836209025726
2023-05-15 00:00:00+00:00,6630.026794438148,0.211354,27162.14,12370.853731998148,0.4640606915196901335734501647
2023-05-16 00:00:00+00:00,6630.026794438148,0.211354,27033.84,12343.737013798148,0.4628833401888801718101644125
2023-05-17 00:00:00+00:00,6630.026794438148,0.211354,27405.61,12422.312090378148,0.4662807739652978608981776551
2023-05-18 00:00:00+00:00,6630.026794438148,0.211354,26821.28,12298.811607558148,0.4609213470378136569494928099
2023-05-19 00:00:00+00:00,6630.026794438148,0.211354,26880.26,12311.277266478148,0.4614671856598693216459888967
2023-05-20 00:00:00+00:00,6630.026794438148,0.211354,27102.43,12358.233784658148,0.4635134024840308508264695297
2023-05-21 00:00:00+00:00,6630.026794438148,0.211354,26747.78,12283.277088558148,0.4602395804769391031941489484
2023-05-22 00:00:00+00:00,6630.026794438148,0.211354,26849.27,12304.727406018148,0.4611805222767102798410195242
2023-05-23 00:00:00+00:00,6630.026794438148,0.211354,27219.61,12383.000246378148,0.4645863956614765606824008749
2023-05-24 00:00:00+00:00,6630.026794438148,0.211354,26329.01,12194.768373978148,0.4563220398194970709342097464
2023-05-25 00:00:00+00:00,6630.026794438148,0.211354,26473.79,12225.368206098148,0.4576828539911773143404719739
2023-05-26 00:00:00+00:00,6630.026794438148,0.211354,26705.92,12274.429810118148,0.4598505269081553842008450295
2023-05-27 00:00:00+00:00,6630.026794438148,0.211354,26854.27,12305.784176018148,0.4612267938715415397144552736
2023-05-28 00:00:00+00:00,6630.026794438148,0.211354,28065.0,12561.676804438148,0.4722020875353437886261481457
2023-05-29 00:00:00+00:00,6630.026794438148,0.211354,27736.4,12492.225880038148,0.4692677783682613312457017121
2023-05-30 00:00:00+00:00,6630.026794438148,0.211354,27694.4,12483.349012038148,0.4688903764490945700973420754
2023-05-31 00:00:00+00:00,6630.026794438148,0.211354,27210.35,12381.043108338148,0.4645017599548551429593153181
2023-06-01 00:00:00+00:00,6630.026794438148,0.211354,26817.93,12298.103571658148,0.4608903107860048419604265573
2023-06-02 00:00:00+00:00,6630.026794438148,0.211354,27242.59,12387.857161298148,0.4647963156088430061042947697
2023-06-03 00:00:00+00:00,6630.026794438148,0.211354,27069.22,12351.214718318148,0.4632085227532218126971038207
2023-06-04 00:00:00+00:00,6630.026794438148,0.211354,27115.21,12360.934888778148,0.4636306352153666282194263824
2023-06-05 00:00:00+00:00,6630.026794438148,0.211354,25728.2,12067.784777238148,0.4506011735522924823306093214
2023-06-06 00:00:00+00:00,6630.026794438148,0.211354,27230.08,12385.213122758148,0.4646820584576535821314263898
2023-06-07 00:00:00+00:00,6630.026794438148,0.211354,26339.34,12196.951660798148,0.4564193596218376584888875026
2023-06-08 00:00:00+00:00,6630.026794438148,0.211354,26498.61,12230.614012378148,0.4579154580687326644874437953
2023-06-09 00:00:00+00:00,6630.026794438148,0.211354,26477.81,12226.217849178148,0.4577205415259452899814132781
2023-06-10 00:00:00+00:00,6630.026794438148,0.211354,25841.21,12091.669892778148,0.4516864210461131165352697978
2023-06-11 00:00:00+00:00,6630.026794438148,0.211354,25925.55,12109.495489138148,0.4524935576065012827062276187
2023-06-12 00:00:00+00:00,6630.026794438148,0.211354,25905.19,12105.192321698148,0.4522989293979205014101568686
2023-06-13 00:00:00+00:00,6630.026794438148,0.211354,25934.25,12111.334268938148,0.4525766817086264315141942155
2023-06-14 00:00:00+00:00,6630.026794438148,0.211354,25128.6,11941.056918838148,0.4447705224502654427552871765
2023-06-15 00:00:00+00:00,6630.026794438148,0.211354,25598.49,12040.370049898148,0.4493502469640264271905646305
2023-06-16 00:00:00+00:00,6630.026794438148,0.211354,26345.0,12198.147924438148,0.4564726681863443692879986087
2023-06-17 00:00:00+00:00,6630.026794438148,0.211354,26516.99,12234.498698898148,0.4580875802426416307899493394
2023-06-18 00:00:00+00:00,6630.026794438148,0.211354,26339.97,12197.084813818148,0.4564252937778253160652396763
2023-06-19 00:00:00+00:00,6630.026794438148,0.211354,26844.35,12303.687544338148,0.4611349832685630924762129937
2023-06-20 00:00:00+00:00,6630.026794438148,0.211354,28307.99,12613.033712898148,0.4743511398325803882114960916
2023-06-21 00:00:00+00:00,6630.026794438148,0.211354,29993.89,12969.355421498148,0.4887928829949295907203160158
2023-06-22 00:00:00+00:00,6630.026794438148,0.211354,29884.92,12946.324176118148,0.4878834560107463159077349481
2023-06-23 00:00:00+00:00,6630.026794438148,0.211354,30688.5,13116.164023438148,0.4945148000138980367342048909
2023-06-24 00:00:00+00:00,6630.026794438148,0.211354,30527.43,13082.121234658148,0.4931994073810156983927396678
2023-06-25 00:00:00+00:00,6630.026794438148,0.211354,30462.66,13068.431836078148,0.4926685253746690575827877289
2023-06-26 00:00:00+00:00,6630.026794438148,0.211354,30267.99,13027.287552898148,0.4910662125544943113056268894
2023-06-27 00:00:00+00:00,6630.026794438148,0.211354,30692.44,13116.996758198148,0.4945468908274015845934489047
2023-06-28 00:00:00+00:00,6630.026794438148,0.211354,30077.41,12987.007707578148,0.4894877292966099914768167564
2023-06-29 00:00:00+00:00,6630.026794438148,0.211354,30447.31,13065.187552178148,0.4925425472875947682596121654
2023-06-30 00:00:00+00:00,6630.026794438148,0.211354,30472.0,13070.405882438148,0.4927451485384640864405383610
2023-07-01 00:00:00+00:00,6630.026794438148,0.211354,30585.9,13094.479103038148,0.4936776986493593385630625218
2023-07-02 00:00:00+00:00,6630.026794438148,0.211354,30617.03,13101.058553058148,0.4939319775125715250569492658
2023-07-03 00:00:00+00:00,6630.026794438148,0.211354,31156.2,13215.014289238148,0.4982959042399664125703360773
2023-07-04 00:00:00+00:00,6630.026794438148,0.211354,30766.51,13132.651748978148,0.4951494244143015084243441409
2023-07-05 00:00:00+00:00,6630.026794438148,0.211354,30504.81,13077.340407178148,0.4930141307020708586685708258
2023-07-06 00:00:00+00:00,6630.026794438148,0.211354,29895.43,12948.545506658148,0.4879713099028006503829551864
2023-07-07 00:00:00+00:00,6630.026794438148,0.211354,30344.7,13043.500518238148,0.4916988131240018179797756355
2023-07-08 00:00:00+00:00,6630.026794438148,0.211354,30284.63,13030.804483458148,0.4912035705197953637789606910
2023-07-09 00:00:00+00:00,6630.026794438148,0.211354,30160.71,13004.613495778148,0.4901788664007171476085468046
2023-07-10 00:00:00+00:00,6630.026794438148,0.211354,30411.57,13057.633760218148,0.4922489850621003225630884090
2023-07-11 00:00:00+00:00,6630.026794438148,0.211354,30622.1,13102.130117838148,0.4939733665588032879681004119
2023-07-12 00:00:00+00:00,6630.026794438148,0.211354,30380.0,13050.961314438148,0.4919893918386367712395078651
2023-07-13 00:00:00+00:00,6630.026794438148,0.211354,31454.23,13278.004121858148,0.5006759499702331757458975065
2023-07-14 00:00:00+00:00,656.158318669824,0.401030,30312.01,12812.183688969824,0.9487863790748864104718319241
2023-07-15 00:00:00+00:00,6718.517800619424,0.200771,30289.52,12799.775020539424,0.4751065710265676304856305812
2023-07-16 00:00:00+00:00,6718.517800619424,0.200771,30231.99,12788.224664909424,0.4746324860044981319580487228
2023-07-17 00:00:00+00:00,6718.517800619424,0.200771,30138.0,12769.354198619424,0.4738561014036398458624815563
2023-07-18 00:00:00+00:00,6718.517800619424,0.200771,29859.13,12713.365189849424,0.4715389906376946020107412255
2023-07-19 00:00:00+00:00,6718.517800619424,0.200771,29909.21,12723.419801529424,0.4719566040089456329083963994
2023-07-20 00:00:00+00:00,6718.517800619424,0.200771,29800.0,12701.493600619424,0.4710450588038105522877646809
2023-07-21 00:00:00+00:00,6718.517800619424,0.200771,29901.72,12721.916026739424,0.4718941874401482637444234778
2023-07-22 00:00:00+00:00,6718.517800619424,0.200771,29794.0,12700.288974619424,0.4709948872780864696994617035
2023-07-23 00:00:00+00:00,6718.517800619424,0.200771,30083.75,12758.462371869424,0.4734069353503922050827452809
2023-07-24 00:00:00+00:00,6718.517800619424,0.200771,29176.5,12576.312882119424,0.4657800053486594457201451880
2023-07-25 00:00:00+00:00,6718.517800619424,0.200771,29228.91,12586.835290229424,0.4662266053616592950023028924
2023-07-26 00:00:00+00:00,6718.517800619424,0.200771,29351.96,12611.540161779424,0.4672722193772504783671763247
2023-07-27 00:00:00+00:00,6718.517800619424,0.200771,29222.78,12585.604563999424,0.4661744085113358179763085817
2023-07-28 00:00:00+00:00,6718.517800619424,0.200771,29314.14,12603.947002559424,0.4669512812728325249129944681
2023-07-29 00:00:00+00:00,6718.517800619424,0.200771,29352.9,12611.728886519424,0.4672801912352561060237667983
2023-07-30 00:00:00+00:00,6718.517800619424,0.200771,29281.09,12597.311521009424,0.4666705043044717523079053701
2023-07-31 00:00:00+00:00,6718.517800619424,0.200771,29232.25,12587.505865369424,0.4662550411115740280683792060
2023-08-01 00:00:00+00:00,6718.517800619424,0.200771,29705.99,12682.619118909424,0.4702578593878684527790016945
2023-08-02 00:00:00+00:00,6718.517800619424,0.200771,29186.01,12578.222214329424,0.4658610981633381225617008727
2023-08-03 00:00:00+00:00,6718.517800619424,0.200771,29193.64,12579.754097059424,0.4659261422137091878104533147
2023-08-04 00:00:00+00:00,6718.517800619424,0.200771,29113.99,12563.762686909424,0.4652463622526349422209040060
2023-08-05 00:00:00+00:00,6718.517800619424,0.200771,29072.13,12555.358412849424,0.4648884102150721324259932699
2023-08-06 00:00:00+00:00,6718.517800619424,0.200771,29088.42,12558.628972439424,0.4650277657407056996274765126
2023-08-07 00:00:00+00:00,6718.517800619424,0.200771,29211.06,12583.251527879424,0.4660745844797037588946322428
2023-08-08 00:00:00+00:00,6718.517800619424,0.200771,29770.42,12695.554794439424,0.4707976209466565377586393959
2023-08-09 00:00:00+00:00,6718.517800619424,0.200771,29581.99,12657.723514909424,0.4692159460817942904429370924
2023-08-10 00:00:00+00:00,6718.517800619424,0.200771,29455.75,12632.378183869424,0.4681509924078702110510413184
2023-08-11 00:00:00+00:00,6718.517800619424,0.200771,29426.03,12626.411269749424,0.4678996543763970412627799716
2023-08-12 00:00:00+00:00,6718.517800619424,0.200771,29430.17,12627.242461689424,0.4679346800377712808336990063
2023-08-13 00:00:00+00:00,6718.517800619424,0.200771,29303.84,12601.879061259424,0.4668638091224484830169263219
2023-08-14 00:00:00+00:00,6718.517800619424,0.200771,29430.93,12627.395047649424,0.4679411093683911584832150647
2023-08-15 00:00:00+00:00,6718.517800619424,0.200771,29200.0,12581.031000619424,0.4659803476925985310036085157
2023-08-16 00:00:00+00:00,6718.517800619424,0.200771,28730.51,12486.771023829424,0.4619491469974117335666962178
2023-08-17 00:00:00+00:00,6718.517800619424,0.200771,26623.41,12063.726449729424,0.4430810555414978843195003258
2023-08-18 00:00:00+00:00,6718.517800619424,0.200771,26054.0,11949.405434619424,0.4377529629085347267415634820
2023-08-19 00:00:00+00:00,6718.517800619424,0.200771,26100.01,11958.642908329424,0.4381872715724417545464114420
2023-08-20 00:00:00+00:00,6718.517800619424,0.200771,26189.99,11976.708282909424,0.4390346961855417186536897491
2023-08-21 00:00:00+00:00,6718.517800619424,0.200771,26126.92,11964.045655939424,0.4384409760853690109461537576
2023-08-22 00:00:00+00:00,6718.517800619424,0.200771,26056.0,11949.806976619424,0.4377718557492483471914096959
2023-08-23 00:00:00+00:00,6718.517800619424,0.200771,26432.72,12025.441427739424,0.4413080101058386092237627089
2023-08-24 00:00:00+00:00,6718.517800619424,0.200771,26180.05,11974.712619169424,0.4389412076692136961280215537
2023-08-25 00:00:00+00:00,6718.517800619424,0.200771,26060.01,11950.612068329424,0.4378097320701829484590472486
2023-08-26 00:00:00+00:00,6718.517800619424,0.200771,26017.37,11942.051192889424,0.4374067158060931522090297705
2023-08-27 00:00:00+00:00,6718.517800619424,0.200771,26101.77,11958.996265289424,0.4382038716644062170084974849
2023-08-28 00:00:00+00:00,6718.517800619424,0.200771,26120.0,11962.656320619424,0.4383757569763953174499167846
2023-08-29 00:00:00+00:00,6718.517800619424,0.200771,27716.34,12283.155098759424,0.4530299628555547669669572690
2023-08-30 00:00:00+00:00,6718.517800619424,0.200771,27299.99,12199.564092909424,0.4492821424230779832775876471
2023-08-31 00:00:00+00:00,6718.517800619424,0.200771,25940.78,11926.674141999424,0.4366813647603261171136054627
2023-09-01 00:00:00+00:00,6718.517800619424,0.200771,25805.05,11899.423494169424,0.4353913192591710158631517153
2023-09-02 00:00:00+00:00,6718.517800619424,0.200771,25869.51,11912.365192829424,0.4360047151120253554742534527
2023-09-03 00:00:00+00:00,6718.517800619424,0.200771,25971.21,11932.783603529424,0.4369697780631627626289309252
2023-09-04 00:00:00+00:00,6718.517800619424,0.200771,25826.02,11903.633662039424,0.4355910143602021125311965596
2023-09-05 00:00:00+00:00,6718.517800619424,0.200771,25792.1,11896.823509719424,0.4352679271798431288938581275
2023-09-06 00:00:00+00:00,6718.517800619424,0.200771,25759.95,11890.368722069424,0.4349613575776378890591926311
2023-09-07 00:00:00+00:00,6718.517800619424,0.200771,26255.0,11989.760405619424,0.4396453662684907596070103771
2023-09-08 00:00:00+00:00,6718.517800619424,0.200771,25910.5,11920.594796119424,0.4363940796975550575896111673
2023-09-09 00:00:00+00:00,6718.517800619424,0.200771,25901.61,11918.809941929424,0.4363096791245732066489139322
2023-09-10 00:00:00+00:00,6718.517800619424,0.200771,25841.61,11906.763681929424,0.4357393847653213835590759415
2023-09-11 00:00:00+00:00,6718.517800619424,0.200771,25162.52,11770.422103539424,0.4292033249513513581460590246
2023-09-12 00:00:00+00:00,6718.517800619424,0.200771,25840.1,11906.460517719424,0.4357250174709103236873403568
2023-09-13 00:00:00+00:00,6718.517800619424,0.200771,26222.0,11983.134962619424,0.4393355477028854160792925820
2023-09-14 00:00:00+00:00,6718.517800619424,0.200771,26522.73,12043.512825449424,0.4421463323871445976322311033
2023-09-15 00:00:00+00:00,6718.517800619424,0.200771,26600.0,12059.026400619424,0.4428639943706964115403981325
2023-09-16 00:00:00+00:00,6718.517800619424,0.200771,26559.67,12050.929306189424,0.4424896512197813601801361472
2023-09-17 00:00:00+00:00,6718.517800619424,0.200771,26527.51,12044.472510829424,0.4421907813249047262253556526
2023-09-18 00:00:00+00:00,6718.517800619424,0.200771,26762.51,12091.653695829424,0.4443673322420131607831744536
2023-09-19 00:00:00+00:00,6718.517800619424,0.200771,27210.26,12181.548911079424,0.4484676907951530123874150873
2023-09-20 00:00:00+00:00,6718.517800619424,0.200771,27125.0,12164.431175619424,0.4476915768914027410472499754
2023-09-21 00:00:00+00:00,6718.517800619424,0.200771,26568.08,12052.617790299424,0.4425677543656252118417858695
2023-09-22 00:00:00+00:00,6718.517800619424,0.200771,26580.14,12055.039088559424,0.4426797166509821558358966109
2023-09-23 00:00:00+00:00,6718.517800619424,0.200771,26575.96,12054.199865779424,0.4426409155789283942668233928
2023-09-24 00:00:00+00:00,6718.517800619424,0.200771,26248.38,11988.431301599424,0.4395832422442892934921910793
2023-09-25 00:00:00+00:00,6718.517800619424,0.200771,26304.81,11999.760809129424,0.4401123566139774793537380566
2023-09-26 00:00:00+00:00,6718.517800619424,0.200771,26221.67,11983.068708189424,0.4393324477871115191147558083
2023-09-27 00:00:00+00:00,6718.517800619424,0.200771,26372.99,12013.449375909424,0.4407503132204418256142868137
2023-09-28 00:00:00+00:00,6718.517800619424,0.200771,27021.39,12143.629292309424,0.4467454795516304226404753387
2023-09-29 00:00:00+00:00,6718.517800619424,0.200771,26906.96,12120.655066779424,0.4456968073422289411790848293
2023-09-30 00:00:00+00:00,6718.517800619424,0.200771,26962.56,12131.817934379424,0.4462068391596667375653580763
2023-10-01 00:00:00+00:00,4850.309401443565,0.269970,27992.57,12407.463524343565,0.6090813088487255729388987401
2023-10-02 00:00:00+00:00,4962.861020958361,0.265944,27494.51,12274.860988398361,0.5956890244501317789205598663
2023-10-03 00:00:00+00:00,4962.861020958361,0.265944,27426.46,12256.763499198361,0.5950920468292505597687475645
2023-10-04 00:00:00+00:00,4962.861020958361,0.265944,27778.57,12350.405041038361,0.5981620842014823361685038793
2023-10-05 00:00:00+00:00,4962.861020958361,0.265944,27410.39,12252.489779118361,0.5949508132284711720056571307
2023-10-06 00:00:00+00:00,4962.861020958361,0.265944,27931.09,12390.966819918361,0.5994774989647612294661914156
2023-10-07 00:00:00+00:00,4962.861020958361,0.265944,27956.67,12397.769667438361,0.5996972718413317578388562886
2023-10-08 00:00:00+00:00,4962.861020958361,0.265944,27917.05,12387.232966158361,0.5993567704331722392890558002
2023-10-09 00:00:00+00:00,4962.861020958361,0.265944,27590.12,12300.287894238361,0.5965248079044524313686837690
2023-10-10 00:00:00+00:00,4962.861020958361,0.265944,27390.12,12247.099094238361,0.5947725267207860338194718228
2023-10-11 00:00:00+00:00,4962.861020958361,0.265944,26875.52,12110.244311838361,0.5901931543935146195655886046
2023-10-12 00:00:00+00:00,4962.861020958361,0.265944,26759.63,12079.424061678361,0.5891475458086697666502003078
2023-10-13 00:00:00+00:00,4962.861020958361,0.265944,26862.0,12106.648748958361,0.5900714455447170242273489182
2023-10-14 00:00:00+00:00,4962.861020958361,0.265944,26852.48,12104.116962078361,0.5899857018478278754769936236
2023-10-15 00:00:00+00:00,4962.861020958361,0.265944,27154.15,12184.344288558361,0.5926854245559437013225933820
2023-10-16 00:00:00+00:00,4962.861020958361,0.265944,28500.78,12542.472457278361,0.6043155735152978628255725714
2023-10-17 00:00:00+00:00,5016.942087056461,0.264044,28395.91,12514.711747096461,0.5991164488290797408671228374
2023-10-18 00:00:00+00:00,5016.942087056461,0.264044,28320.0,12494.668167056461,0.5984733631994990135891612180
2023-10-19 00:00:00+00:00,5016.942087056461,0.264044,28713.71,12598.624930296461,0.6017865350533610783531394105
2023-10-20 00:00:00+00:00,5039.424370683229,0.263260,29669.04,12850.095841083229,0.6078298222047798446243291625
2023-10-21 00:00:00+00:00,5139.930959640349,0.259868,29909.8,12912.530866040349,0.6019424067238246883452677586
2023-10-22 00:00:00+00:00,5164.992659221489,0.259029,29992.46,12933.909580561489,0.6006626900358100776853028715
2023-10-23 00:00:00+00:00,5173.559351584861,0.258743,33069.99,13730.187774154861,0.6231982084525198061752913016
2023-10-24 00:00:00+00:00,5173.559351584861,0.258743,33922.73,13950.828279974861,0.6291575490889646583497727264
2023-10-25 00:00:00+00:00,5173.559351584861,0.258743,34496.05,14099.170816734861,0.6330593182512435627994999464
2023-10-26 00:00:00+00:00,699.166371667626,0.388282,34151.66,13959.641219787626,0.9499151618111383870204136023
2023-10-27 00:00:00+00:00,7320.204663608034,0.194158,33892.02,13900.611482768034,0.4733897373735994174911509799
2023-10-28 00:00:00+00:00,7320.204663608034,0.194158,34081.0,13937.303461608034,0.4747761154966302114149053431
2023-10-29 00:00:00+00:00,688.256760364301,0.388499,34525.89,14101.530499474301,0.9511927616374719810448984515
2023-10-30 00:00:00+00:00,688.256760364301,0.388499,34474.73,14081.654890634301,0.9511238724631676566086289232
2023-10-31 00:00:00+00:00,688.256760364301,0.388499,34639.77,14145.772765594301,0.9513454109740617249985002246
2023-11-01 00:00:00+00:00,688.256760364301,0.388499,35421.43,14449.446893934301,0.9523679511460592535828274831
2023-11-02 00:00:00+00:00,688.256760364301,0.388499,34941.59,14263.029533774301,0.9517454017230676222635026789
2023-11-03 00:00:00+00:00,688.256760364301,0.388499,34716.78,14175.691073584301,0.9514480982414442268192779695
2023-11-04 00:00:00+00:00,688.256760364301,0.388499,35062.07,14309.835893294301,0.9519032387585364690478301880
2023-11-05 00:00:00+00:00,688.256760364301,0.388499,35011.88,14290.337128484301,0.9518376120747754057208953340
2023-11-06 00:00:00+00:00,688.256760364301,0.388499,35046.09,14303.627679274301,0.9518823632859534889092032883
2023-11-07 00:00:00+00:00,688.256760364301,0.388499,35399.12,14440.779481244301,0.9523393622028361019797006716
2023-11-08 00:00:00+00:00,688.256760364301,0.388499,35624.72,14528.424855644301,0.9526268836984820916572916596
2023-11-09 00:00:00+00:00,688.256760364301,0.388499,36701.09,14946.593524274301,0.9539522661637566815146779112
2023-11-10 00:00:00+00:00,688.256760364301,0.388499,37301.63,15179.902713734301,0.9546600018891038202369030674
2023-11-11 00:00:00+00:00,688.256760364301,0.388499,37130.0,15113.224630364301,0.9544599662085674485108379329
2023-11-12 00:00:00+00:00,688.256760364301,0.388499,37064.13,15087.634201234301,0.9543827248735924713965957591
2023-11-13 00:00:00+00:00,688.256760364301,0.388499,36462.93,14854.068602434301,0.9536654381513016083851160041
2023-11-14 00:00:00+00:00,7789.175511024728,0.193502,35551.19,14668.401878404728,0.4689826761228711939070410154
2023-11-15 00:00:00+00:00,7789.175511024728,0.193502,37858.2,15114.812927424728,0.4846660988511583936434878773
2023-11-16 00:00:00+00:00,746.622107462948,0.379285,36163.51,14462.898997812948,0.9483767322460143868122227955
2023-11-17 00:00:00+00:00,746.622107462948,0.379285,36613.92,14633.732754662948,0.9489793807239617994671908830
2023-11-18 00:00:00+00:00,7673.707670707511,0.189846,36568.1,14616.015183307511,0.4749794951313809524299160624
2023-11-19 00:00:00+00:00,7673.707670707511,0.189846,37359.86,14766.327652267511,0.4803238928855042905213671918
2023-11-20 00:00:00+00:00,7673.707670707511,0.189846,37448.78,14783.208758587511,0.4809173166651060956605864128
2023-11-21 00:00:00+00:00,7673.707670707511,0.189846,35741.65,14459.116956607511,0.4692824123536265676492004973
2023-11-22 00:00:00+00:00,7673.707670707511,0.189846,37408.34,14775.531386347511,0.4806476010874327055825933307
2023-11-23 00:00:00+00:00,7673.707670707511,0.189846,37294.28,14753.877551587511,0.4798853627545645929458143299
2023-11-24 00:00:00+00:00,7673.707670707511,0.189846,37713.57,14833.478080927511,0.4826764411662724681342859716
2023-11-25 00:00:00+00:00,7673.707670707511,0.189846,37780.67,14846.216747527511,0.4831203261271602876218155991
2023-11-26 00:00:00+00:00,7673.707670707511,0.189846,37447.43,14782.952466487511,0.4809083173267609900269643080
2023-11-27 00:00:00+00:00,7673.707670707511,0.189846,37242.7,14744.085294907511,0.4795399295907526943364660674
2023-11-28 00:00:00+00:00,728.200115854501,0.376097,37818.87,14951.763666244501,0.9512967077256240390112368164
2023-11-29 00:00:00+00:00,728.200115854501,0.376097,37854.64,14965.216655934501,0.9513404895768260670830873757
2023-11-30 00:00:00+00:00,728.200115854501,0.376097,37723.96,14916.068299974501,0.9511801567806078055312839187
2023-12-01 00:00:00+00:00,728.200115854501,0.376097,38682.52,15276.579840294501,0.9523322547672776211300697770
2023-12-02 00:00:00+00:00,728.200115854501,0.376097,39450.35,15565.358399804501,0.9532166174944197170238972178
2023-12-03 00:00:00+00:00,728.200115854501,0.376097,39972.26,15761.647185074501,0.9537992376492178791905812869
2023-12-04 00:00:00+00:00,728.200115854501,0.376097,41991.1,16520.926852554501,0.9559225627984724632691379112
2023-12-05 00:00:00+00:00,728.200115854501,0.376097,44073.32,17304.043547894501,0.9579173437792748741325214400
2023-12-06 00:00:00+00:00,728.200115854501,0.376097,43762.69,17187.216536784501,0.9576312944975127700244508477
2023-12-07 00:00:00+00:00,9012.546810501145,0.186549,43273.14,17085.107804361145,0.4724910773931082776242379226
2023-12-08 00:00:00+00:00,9012.546810501145,0.186549,44170.99,17252.600824011145,0.4776122798854757187617335424
2023-12-09 00:00:00+00:00,852.049068772745,0.371057,43713.6,17072.286343972745,0.9500916835855699462509041378
2023-12-10 00:00:00+00:00,852.049068772745,0.371057,43789.51,17100.453280842745,0.9501738898507867918456544378
2023-12-11 00:00:00+00:00,8967.196632987695,0.185494,41253.4,16619.454812587695,0.4604397837288937081470761192
2023-12-12 00:00:00+00:00,8967.196632987695,0.185494,41492.39,16663.786023647695,0.4618751932926716834306954191
2023-12-13 00:00:00+00:00,822.622227040311,0.381530,42869.03,17178.443242940311,0.9521131097034431479889303039
2023-12-14 00:00:00+00:00,822.622227040311,0.381530,43022.26,17236.905084840311,0.9522755260882767648241947042
2023-12-15 00:00:00+00:00,822.622227040311,0.381530,41940.3,16824.104886040311,0.9511045471594226498689611482
2023-12-16 00:00:00+00:00,8822.259328054212,0.190543,42278.03,16878.041998344212,0.4772936737022159997819678862
2023-12-17 00:00:00+00:00,8822.259328054212,0.190543,41374.65,16705.909263004212,0.4719078627111068563261752236
2023-12-18 00:00:00+00:00,8822.259328054212,0.190543,42657.8,16950.404513454212,0.4795251451933413764396008445
2023-12-19 00:00:00+00:00,8822.259328054212,0.190543,42275.99,16877.653290624212,0.4772816352996711591926724350
2023-12-20 00:00:00+00:00,8822.259328054212,0.190543,43668.93,17143.068257044212,0.4853745434730401202464260800
2023-12-21 00:00:00+00:00,8822.259328054212,0.190543,43861.8,17179.818285454212,0.4864753991301623965931424680
2023-12-22 00:00:00+00:00,8822.259328054212,0.190543,43969.04,17200.252116774212,0.4870854643199982609195543902
2023-12-23 00:00:00+00:00,8822.259328054212,0.190543,43702.16,17149.400000934212,0.4855645487554304973805551077
2023-12-24 00:00:00+00:00,847.144599702667,0.372794,42991.5,16874.117850702667,0.9497962141074301874466151339
2023-12-25 00:00:00+00:00,847.144599702667,0.372794,43576.13,17092.064406922667,0.9504363791561916559602913840
2023-12-26 00:00:00+00:00,847.144599702667,0.372794,42508.93,16694.218650122667,0.9492552111927417286467983304
2023-12-27 00:00:00+00:00,847.144599702667,0.372794,43428.85,17037.159306602667,0.9502766520839914731803058431
2023-12-28 00:00:00+00:00,8934.015787276531,0.186342,42563.76,16865.431953196531,0.4702764914607921806873343976
2023-12-29 00:00:00+00:00,8934.015787276531,0.186342,42066.95,16772.855384176531,0.4673527206521521247542018951
2023-12-30 00:00:00+00:00,828.129883162851,0.378782,42140.28,16790.109422122851,0.9506775172011864876775736976
2023-12-31 00:00:00+00:00,828.129883162851,0.378782,42283.58,16844.388882722851,0.9508364542680288683562999840
2024-01-01 00:00:00+00:00,828.129883162851,0.378782,44179.55,17562.548191262851,0.9528468264317796831277364082
2024-01-02 00:00:00+00:00,828.129883162851,0.378782,44946.91,17853.210346782851,0.9536145115036926662363328597
2024-01-03 00:00:00+00:00,828.129883162851,0.378782,42845.23,17057.131793022851,0.9514496403491708908945979612
2024-01-04 00:00:00+00:00,828.129883162851,0.378782,44151.1,17551.771843362851,0.9528178755653090494103257952
2024-01-05 00:00:00+00:00,828.129883162851,0.378782,44145.11,17549.502939182851,0.9528117755794734314909884926
2024-01-06 00:00:00+00:00,828.129883162851,0.378782,43968.32,17482.538069402851,0.9526310264633596570696081290
2024-01-07 00:00:00+00:00,9167.518059422211,0.188867,43929.02,17464.260279762211,0.4750697760702960828170833718
2024-01-08 00:00:00+00:00,9167.518059422211,0.188867,46951.04,18035.020131102211,0.4916824049665234415648774344
2024-01-09 00:00:00+00:00,891.042017652611,0.364917,46110.0,17717.364887652611,0.9497079829137804742872232076
2024-01-10 00:00:00+00:00,891.042017652611,0.364917,46653.99,17915.876086482611,0.9502652277035508599014297523
2024-01-11 00:00:00+00:00,9394.794289650611,0.182407,46339.16,17847.381447770611,0.4736037711109630055939269850
2024-01-12 00:00:00+00:00,9394.794289650611,0.182407,42782.73,17198.663720760611,0.4537485910425646621351884802
2024-01-13 00:00:00+00:00,848.841824534545,0.381900,42847.99,17212.489205534545,0.9506845399059651193905260535
2024-01-14 00:00:00+00:00,848.841824534545,0.381900,41732.35,16786.426289534545,0.9494328447345726417118131288
2024-01-15 00:00:00+00:00,6706.948559291965,0.241344,42511.1,16966.747477691965,0.6047003959886641560634399490
2024-01-16 00:00:00+00:00,840.750178100375,0.379157,43137.95,17196.805886250375,0.9511100966271537182574775961
2024-01-17 00:00:00+00:00,9017.687334784775,0.189357,42776.1,17117.641302484775,0.4731933462424067154094719729
2024-01-18 00:00:00+00:00,845.313518023341,0.380159,41327.5,16556.334590523341,0.9489431967322532298786398145
2024-01-19 00:00:00+00:00,6615.058364082045,0.240367,41659.03,16628.514428092045,0.6021858481292452713629111703
2024-01-20 00:00:00+00:00,6615.058364082045,0.240367,41696.04,16637.410410762045,0.6023985583836388147725292520
2024-01-21 00:00:00+00:00,6615.058364082045,0.240367,41580.33,16609.597545192045,0.6017327725079710972433261742
2024-01-22 00:00:00+00:00,11620.219154921565,0.119837,39568.02,16361.931967661565,0.2898015235677380723007689891
2024-01-23 00:00:00+00:00,6538.191603160119,0.248108,39897.6,16437.105343960119,0.6022297438421781477154819594
2024-01-24 00:00:00+00:00,11499.541973342481,0.123594,40084.88,16453.792632062481,0.3011008324649698258629880744
2024-01-25 00:00:00+00:00,11499.541973342481,0.123594,39961.09,16438.492930802481,0.3004503501781105369577647577
2024-01-26 00:00:00+00:00,808.057841120081,0.390794,41823.51,17152.434608060081,0.9528896124903244078988864681
2024-01-27 00:00:00+00:00,808.057841120081,0.390794,42120.63,17268.547321340081,0.9532063800108129906707595435
2024-01-28 00:00:00+00:00,808.057841120081,0.390794,42031.06,17233.543902760081,0.9531113364912329790314307429
2024-01-29 00:00:00+00:00,808.057841120081,0.390794,43302.7,17730.493184920081,0.9544255293582391534519958202
2024-01-30 00:00:00+00:00,808.057841120081,0.390794,42941.1,17589.182074520081,0.9540593850415225306040697433
2024-01-31 00:00:00+00:00,808.057841120081,0.390794,42580.0,17448.066361120081,0.9536878285309199376137206911
2024-02-01 00:00:00+00:00,808.057841120081,0.390794,43082.94,17644.612295480081,0.9542037066279389694189000276
2024-02-02 00:00:00+00:00,808.057841120081,0.390794,43200.0,17690.358641120081,0.9543221334562543334868300437
2024-02-03 00:00:00+00:00,808.057841120081,0.390794,43011.09,17616.533746580081,0.9541307130707849808487056031
2024-02-04 00:00:00+00:00,808.057841120081,0.390794,42582.88,17449.191847840081,0.9536908157027280843933079194
2024-02-05 00:00:00+00:00,808.057841120081,0.390794,42708.7,17498.361548920081,0.9538209426716325539969773202
2024-02-06 00:00:00+00:00,808.057841120081,0.390794,43098.95,17650.868907420081,0.9542199398024881797660631712
2024-02-07 00:00:00+00:00,808.057841120081,0.390794,44349.6,18139.615423520081,0.9554534193667445774383506958
2024-02-08 00:00:00+00:00,808.057841120081,0.390794,45288.65,18506.590529220081,0.9563367525831277579867586997
2024-02-09 00:00:00+00:00,808.057841120081,0.390794,47132.77,19227.261560500081,0.9579733266446985256926099941
2024-02-10 00:00:00+00:00,808.057841120081,0.390794,47751.09,19468.897306580081,0.9584949353630328969489956235
2024-02-11 00:00:00+00:00,808.057841120081,0.390794,48299.99,19683.404133180081,0.9589472514178608223172135692
2024-02-12 00:00:00+00:00,808.057841120081,0.390794,49917.27,20315.427453500081,0.9602244233861363689874134758
2024-02-13 00:00:00+00:00,808.057841120081,0.390794,49699.59,20230.359415580081,0.9600571683122066310431038313
2024-02-14 00:00:00+00:00,808.057841120081,0.390794,51795.17,21049.299506100081,0.9616111766148842118068537389
2024-02-15 00:00:00+00:00,808.057841120081,0.390794,51880.0,21082.450561120081,0.9616715410394326559085269465
2024-02-16 00:00:00+00:00,808.057841120081,0.390794,52124.11,21177.847284460081,0.9618441935921872880367264471
2024-02-17 00:00:00+00:00,808.057841120081,0.390794,51642.64,20989.691697280081,0.9615021576889196513181319690
2024-02-18 00:00:00+00:00,808.057841120081,0.390794,52137.67,21183.146451100081,0.9618537386320096454486798016
2024-02-19 00:00:00+00:00,808.057841120081,0.390794,51774.73,21041.311676740081,0.9615966032187365534603506451
2024-02-20 00:00:00+00:00,808.057841120081,0.390794,52258.82,21230.491144200081,0.9619388060487318098639161511
2024-02-21 00:00:00+00:00,808.057841120081,0.390794,51849.39,21070.488356780081,0.9616497810853983643245141574
2024-02-22 00:00:00+00:00,808.057841120081,0.390794,51288.42,20851.264646600081,0.9612465788135378401133642875
2024-02-23 00:00:00+00:00,808.057841120081,0.390794,50744.15,20638.567196220081,0.9608471928580354434866366341
2024-02-24 00:00:00+00:00,808.057841120081,0.390794,51568.22,20960.608807800081,0.9614487418505049307641279794
2024-02-25 00:00:00+00:00,808.057841120081,0.390794,51728.85,21023.382048020081,0.9615638511789219251077787420
2024-02-26 00:00:00+00:00,808.057841120081,0.390794,54476.47,22097.135458300081,0.9634315568800769621901038728
2024-02-27 00:00:00+00:00,808.057841120081,0.390794,57037.34,23097.908089080081,0.9650159729615469488531856613
2024-02-28 00:00:00+00:00,12111.721609462991,0.192356,62432.1,24120.910637062991,0.4978746121279218095346011989
2024-02-29 00:00:00+00:00,12111.721609462991,0.192356,61130.98,23870.632398342991,0.4926099398060463242585930406
2024-03-01 00:00:00+00:00,1179.349770823930,0.370959,62387.9,24322.702766923930,0.9515123881533548301394997556
2024-03-02 00:00:00+00:00,1179.349770823930,0.370959,61987.28,24174.089172343930,0.9512143037772380425511361028
2024-03-03 00:00:00+00:00,1179.349770823930,0.370959,63113.97,24592.044968053930,0.9520434444408363159366399910
2024-03-04 00:00:00+00:00,1179.349770823930,0.370959,68245.71,26495.710106713930,0.9554890295042484458697538826
2024-03-05 00:00:00+00:00,1179.349770823930,0.370959,63724.01,24818.344796413930,0.9524807242183879462702055160
2024-03-06 00:00:00+00:00,1179.349770823930,0.370959,66074.04,25690.109575183930,0.9540932370345685312598450375
2024-03-07 00:00:00+00:00,1179.349770823930,0.370959,66823.17,25968.006090853930,0.9545845080789894273710141662
2024-03-08 00:00:00+00:00,1179.349770823930,0.370959,68124.19,26450.631169033930,0.9554131709263479175433535385
2024-03-09 00:00:00+00:00,1179.349770823930,0.370959,68313.27,26520.772096753930,0.9555310921370845312702425426
2024-03-10 00:00:00+00:00,1179.349770823930,0.370959,68955.88,26759.154059743930,0.9559272401440325759081071049
2024-03-11 00:00:00+00:00,1179.349770823930,0.370959,72078.1,27917.369668723930,0.9577556988778507411105631928
2024-03-12 00:00:00+00:00,1179.349770823930,0.370959,71452.01,27685.115948413930,0.9574013064268385514955524621
2024-03-13 00:00:00+00:00,1179.349770823930,0.370959,73072.41,28286.217912013930,0.9583065585334747805657656102
2024-03-14 00:00:00+00:00,1179.349770823930,0.370959,71388.94,27661.719564283930,0.9573652762951629812532472385
2024-03-15 00:00:00+00:00,1179.349770823930,0.370959,69499.85,26960.944626973930,0.9562571049664182681727398113
2024-03-16 00:00:00+00:00,14137.685135716282,0.184265,65300.63,26170.305722666282,0.4597814299329512398770521853
2024-03-17 00:00:00+00:00,14137.685135716282,0.184265,68393.48,26740.209727916282,0.4712949045812157014814917691
2024-03-18 00:00:00+00:00,14137.685135716282,0.184265,67609.99,26595.839943066282,0.4684249429241254874675233382
2024-03-19 00:00:00+00:00,14137.685135716282,0.184265,61937.4,25550.580146716282,0.4466785077076524329320466342
2024-03-20 00:00:00+00:00,14137.685135716282,0.184265,67840.51,26638.316710866282,0.4692725787005434853536635419
2024-03-21 00:00:00+00:00,14137.685135716282,0.184265,65501.27,26207.276652266282,0.4605435229572500622152739939
2024-03-22 00:00:00+00:00,14137.685135716282,0.184265,63796.64,25893.173005316282,0.4539995104959292001154775631
2024-03-23 00:00:00+00:00,14137.685135716282,0.184265,63990.01,25928.804328366282,0.4547498235292877838689224656
2024-03-24 00:00:00+00:00,1279.794315773732,0.384940,67209.99,27151.607866373732,0.9528648792339583615196770194
2024-03-25 00:00:00+00:00,1279.794315773732,0.384940,69880.01,28179.405365173732,0.9545840552989311881778526694
2024-03-26 00:00:00+00:00,1279.794315773732,0.384940,69988.0,28220.975035773732,0.9546509532660927783081297603
2024-03-27 00:00:00+00:00,1279.794315773732,0.384940,69469.99,28021.572266373732,0.9543282474085330824683823655
2024-03-28 00:00:00+00:00,14693.869595184191,0.191597,70780.6,28255.220213384191,0.4799591196169879954025056872
2024-03-29 00:00:00+00:00,14693.869595184191,0.191597,69850.54,28077.023507564191,0.4766585713323374012439415247
2024-03-30 00:00:00+00:00,14693.869595184191,0.191597,69582.18,28025.606536644191,0.4756984268664592856360105692
2024-03-31 00:00:00+00:00,14693.869595184191,0.191597,71280.01,28350.905671154191,0.4817142787034644214577209200
2024-04-01 00:00:00+00:00,14693.869595184191,0.191597,69649.8,28038.562325784191,0.4759406910934322162507934614
2024-04-02 00:00:00+00:00,14693.869595184191,0.191597,65463.99,27236.573687214191,0.4605096160798664625668573480
2024-04-03 00:00:00+00:00,14693.869595184191,0.191597,65963.28,27332.236153344191,0.4623978253097909573776101327
2024-04-04 00:00:00+00:00,14693.869595184191,0.191597,68487.79,27815.924695814191,0.4717461398148176335030171398
2024-04-05 00:00:00+00:00,14693.869595184191,0.191597,67820.62,27688.096925324191,0.4693073476731140409228578820
2024-04-06 00:00:00+00:00,14693.869595184191,0.191597,68896.0,27894.136507184191,0.4732273002464243583455376130
2024-04-07 00:00:00+00:00,1377.448050710591,0.384629,69360.39,28055.465496020591,0.9509026841523634922200835574
2024-04-08 00:00:00+00:00,1377.448050710591,0.384629,71620.0,28924.577030710591,0.9523779362703181699693721793
2024-04-09 00:00:00+00:00,1377.448050710591,0.384629,69146.0,27973.004884710591,0.9507579519473264449799964277
2024-04-10 00:00:00+00:00,1377.448050710591,0.384629,70631.08,28544.209720030591,0.9517433460508811458978082892
2024-04-11 00:00:00+00:00,1377.448050710591,0.384629,70006.23,28303.874289380591,0.9513335864684998424454515558
2024-04-12 00:00:00+00:00,1377.448050710591,0.384629,67116.52,27192.408021790591,0.9493443887129534356578871309
2024-04-13 00:00:00+00:00,1377.448050710591,0.384629,63924.51,25964.668407500591,0.9469491376091412675615419564
2024-04-14 00:00:00+00:00,1377.448050710591,0.384629,65661.84,26632.895908070591,0.9482801999652924844977864447
2024-04-15 00:00:00+00:00,1377.448050710591,0.384629,63419.99,25770.615384420591,0.9465496640199241945374336375
2024-04-16 00:00:00+00:00,1377.448050710591,0.384629,63793.39,25914.235853020591,0.9468458935650987299133616885
2024-04-17 00:00:00+00:00,1377.448050710591,0.384629,61277.37,24946.501596440591,0.9447839190843846571514552769
2024-04-18 00:00:00+00:00,1377.448050710591,0.384629,63470.08,25789.881451030591,0.9465895935455900780884844578
2024-04-19 00:00:00+00:00,1377.448050710591,0.384629,63818.01,25923.705419000591,0.9468653100146323801505538683
2024-04-20 00:00:00+00:00,13594.054310413577,0.192951,64940.59,26124.406091503577,0.4796415940404952544112505896
2024-04-21 00:00:00+00:00,1290.283389312713,0.382167,64941.15,26108.647861362713,0.9505802293491361204456855649
2024-04-22 00:00:00+00:00,1290.283389312713,0.382167,66819.32,26826.422455752713,0.9519025173244439835418660485
2024-04-23 00:00:00+00:00,1290.283389312713,0.382167,66414.0,26671.522527312713,0.9516231820665126688613517494
2024-04-24 00:00:00+00:00,1290.283389312713,0.382167,64289.59,25859.643130842713,0.9501043621219275001914206273
2024-04-25 00:00:00+00:00,10332.093838678163,0.241342,64498.34,25898.252210958163,0.6010505359776205382508349266
2024-04-26 00:00:00+00:00,10332.093838678163,0.241342,63770.01,25722.475592098163,0.5983242825254292768639224796
2024-04-27 00:00:00+00:00,10332.093838678163,0.241342,63461.98,25648.135015838163,0.5971600339635642921015322432
2024-04-28 00:00:00+00:00,10332.093838678163,0.241342,63118.62,25565.267826718163,0.5958542696008789119962894457
2024-04-29 00:00:00+00:00,10332.093838678163,0.241342,63866.0,25745.642010678163,0.5986857179792656294080905416
2024-04-30 00:00:00+00:00,10332.093838678163,0.241342,60672.0,24974.795662678163,0.5862991642362768893786208450
2024-05-01 00:00:00+00:00,10332.093838678163,0.241342,58364.97,24418.012428418163,0.5768658948402586187272421735
2024-05-02 00:00:00+00:00,10332.093838678163,0.241342,59060.61,24585.899577298163,0.5797553062399030728224141310
2024-05-03 00:00:00+00:00,10332.093838678163,0.241342,62882.01,25508.163896098163,0.5949495275017186195647238755
2024-05-04 00:00:00+00:00,10332.093838678163,0.241342,63892.04,25751.926556358163,0.5987836554260766916122308505
2024-05-05 00:00:00+00:00,1275.844124470962,0.382901,64012.0,25786.102936470962,0.9505220262397055470079853014
2024-05-06 00:00:00+00:00,13521.786348997362,0.191345,63165.19,25608.129629547362,0.4719729029567409633129279546
2024-05-07 00:00:00+00:00,13521.786348997362,0.191345,62312.08,25444.891296597362,0.4685854149903335031850530409
2024-05-08 00:00:00+00:00,1256.368350433509,0.387928,61193.03,24994.858092273509,0.9497349276481036862081135119
2024-05-09 00:00:00+00:00,1256.368350433509,0.387928,63074.01,25724.542901713509,0.9511607123503126486628972569
2024-05-10 00:00:00+00:00,1256.368350433509,0.387928,60799.99,24842.386871153509,0.9494264235981133030129710689
2024-05-11 00:00:00+00:00,1256.368350433509,0.387928,60825.99,24852.472999153509,0.9494469483790888052380285560
2024-05-12 00:00:00+00:00,1256.368350433509,0.387928,61483.99,25107.729623153509,0.9499608937450510020239312247
2024-05-13 00:00:00+00:00,1256.368350433509,0.387928,62940.08,25672.587704673509,0.9510618732756419321021319541
2024-05-14 00:00:00+00:00,1256.368350433509,0.387928,61577.49,25144.000891153509,0.9500330772388915666756979433
2024-05-15 00:00:00+00:00,1256.368350433509,0.387928,66206.5,26939.723482433509,0.9533637250860149064428948233
2024-05-16 00:00:00+00:00,1256.368350433509,0.387928,65235.21,26562.932895313509,0.9527021976306249779698139163
2024-05-17 00:00:00+00:00,1256.368350433509,0.387928,67024.0,27256.854622433509,0.9539063341006534799798940576
2024-05-18 00:00:00+00:00,1256.368350433509,0.387928,66915.2,27214.648056033509,0.9538348485033973774664014217
2024-05-19 00:00:00+00:00,1256.368350433509,0.387928,66274.01,26965.912501713509,0.9534090177607127171159462493
2024-05-20 00:00:00+00:00,1256.368350433509,0.387928,71446.62,28972.512753793509,0.9566358513288079677611499201
2024-05-21 00:00:00+00:00,1256.368350433509,0.387928,70148.34,28468.873589953509,0.9558687017783213702419750686
2024-05-22 00:00:00+00:00,1256.368350433509,0.387928,69166.62,28088.036913793509,0.9552703396720284845645733985
2024-05-23 00:00:00+00:00,1256.368350433509,0.387928,67969.65,27623.698735633509,0.9545184603098482917453366992
2024-05-24 00:00:00+00:00,1256.368350433509,0.387928,68549.99,27848.828871153509,0.9548861334081130518699094193
2024-05-25 00:00:00+00:00,1256.368350433509,0.387928,69290.57,28136.120589393509,0.9553467811441239356958158698
2024-05-26 00:00:00+00:00,1256.368350433509,0.387928,68507.67,27832.411758193509,0.9548595227266408167737588866
2024-05-27 00:00:00+00:00,1256.368350433509,0.387928,69436.43,28192.703767473509,0.9554364008221514919904242425
2024-05-28 00:00:00+00:00,1256.368350433509,0.387928,68398.39,27790.018986353509,0.9547906623939171175537025865
2024-05-29 00:00:00+00:00,1256.368350433509,0.387928,67652.42,27500.636336193509,0.9543149352955151005195962157
2024-05-30 00:00:00+00:00,1256.368350433509,0.387928,68352.17,27772.088954193509,0.9547614746407543521583285458
2024-05-31 00:00:00+00:00,1256.368350433509,0.387928,67540.01,27457.029349713509,0.9542423787208932656555625320
2024-06-01 00:00:00+00:00,1256.368350433509,0.387928,67766.85,27545.026937233509,0.9543885597463244797625588729
2024-06-02 00:00:00+00:00,1256.368350433509,0.387928,67765.63,27544.553665073509,0.9543877760478441177518531784
2024-06-03 00:00:00+00:00,1256.368350433509,0.387928,68809.9,27949.655237633509,0.9550488784297474781790579088
2024-06-04 00:00:00+00:00,1256.368350433509,0.387928,70537.84,28619.971545953509,0.9561016911419276686279791230
2024-06-05 00:00:00+00:00,1256.368350433509,0.387928,71108.0,28841.152574433509,0.9564383445775593701028810630
2024-06-06 00:00:00+00:00,1256.368350433509,0.387928,70799.06,28721.306098113509,0.9562565732163541622176957050
2024-06-07 00:00:00+00:00,1256.368350433509,0.387928,69355.6,28161.347547233509,0.9553867815335800197754249627
2024-06-08 00:00:00+00:00,1256.368350433509,0.387928,69310.46,28143.836477313509,0.9553590232288957435583145967
2024-06-09 00:00:00+00:00,1256.368350433509,0.387928,69648.14,28274.832004353509,0.9555658420803326260757515090
2024-06-10 00:00:00+00:00,1256.368350433509,0.387928,69540.0,28232.881470433509,0.9554998184741000235281018722
2024-06-11 00:00:00+00:00,1256.368350433509,0.387928,67314.24,27369.446845153509,0.9540959538736171956498602337
2024-06-12 00:00:00+00:00,1256.368350433509,0.387928,68263.99,27737.881463153509,0.9547056846391659152738778967
2024-06-13 00:00:00+00:00,1256.368350433509,0.387928,66773.01,27159.488573713509,0.9537410895266454526015029587
2024-06-14 00:00:00+00:00,1256.368350433509,0.387928,66043.99,26876.681303153509,0.9532543346307382033976402957
2024-06-15 00:00:00+00:00,1256.368350433509,0.387928,66228.25,26948.160916433509,0.9533783268428031645537581977
2024-06-16 00:00:00+00:00,1256.368350433509,0.387928,66676.87,27122.193175793509,0.9536774794615497880712939465
2024-06-17 00:00:00+00:00,1256.368350433509,0.387928,66504.33,27055.260078673509,0.9535628803131022268357882770
2024-06-18 00:00:00+00:00,1256.368350433509,0.387928,65175.32,26539.699887393509,0.9526607928588412452707442419
2024-06-19 00:00:00+00:00,1256.368350433509,0.387928,64974.37,26461.745755793509,0.9525213354391616082412551436
2024-06-20 00:00:00+00:00,1256.368350433509,0.387928,64869.99,26421.253831153509,0.9524485719541396192783842750
2024-06-21 00:00:00+00:00,1256.368350433509,0.387928,64143.56,26139.451294113509,0.9519359325374807044805292959
2024-06-22 00:00:00+00:00,1256.368350433509,0.387928,64262.01,26185.401365713509,0.9520202752332616370968729172
2024-06-23 00:00:00+00:00,1256.368350433509,0.387928,63210.01,25777.301109713509,0.9512606713524373157697280404
2024-06-24 00:00:00+00:00,1256.368350433509,0.387928,60293.3,24645.827632833509,0.9490230813446184342157671564
2024-06-25 00:00:00+00:00,12923.912074276659,0.194163,61806.01,24924.352393906659,0.4814745085438524117226454477
2024-06-26 00:00:00+00:00,12923.912074276659,0.194163,60864.99,24741.641127646659,0.4776453183683398737897006805
2024-06-27 00:00:00+00:00,12923.912074276659,0.194163,61706.47,24905.025408886659,0.4810721184944013800737846879
2024-06-28 00:00:00+00:00,12923.912074276659,0.194163,60427.84,24656.762772196659,0.4758471664070248926391204074
2024-06-29 00:00:00+00:00,12923.912074276659,0.194163,60986.68,24765.268823116659,0.4781436790941237680963798765
2024-06-30 00:00:00+00:00,12923.912074276659,0.194163,62772.01,25111.913851906659,0.4853473872802653006837866578
2024-07-01 00:00:00+00:00,12923.912074276659,0.194163,62899.99,25136.762832646659,0.4858561478134495512397768613
2024-07-02 00:00:00+00:00,1241.675484056659,0.379649,62135.47,24831.344534086659,0.9499956402943796522092801370
2024-07-03 00:00:00+00:00,1241.675484056659,0.379649,60208.58,24099.802672476659,0.9484777738253133997613588402
2024-07-04 00:00:00+00:00,1241.675484056659,0.379649,57050.01,22900.654730546659,0.9457799133401886321681321564
2024-07-05 00:00:00+00:00,12008.858605333231,0.190671,56628.79,22806.326623423231,0.4734417864120416337376352240
2024-07-06 00:00:00+00:00,12008.858605333231,0.190671,58230.13,23111.655722563231,0.4803981701056002281969806108
2024-07-07 00:00:00+00:00,12008.858605333231,0.190671,55857.81,22659.323095843231,0.4700257128362227339580374640
2024-07-08 00:00:00+00:00,12008.858605333231,0.190671,56714.62,22822.691915353231,0.4738193614551376339312005421
2024-07-09 00:00:00+00:00,12008.858605333231,0.190671,58050.0,23077.310155333231,0.4796248555615156843549551266
2024-07-10 00:00:00+00:00,12008.858605333231,0.190671,57725.85,23015.504150683231,0.4782274363094175449753456885
2024-07-11 00:00:00+00:00,12008.858605333231,0.190671,57339.89,22941.912771523231,0.4765537326844303305756733772
2024-07-12 00:00:00+00:00,9173.102401484144,0.240062,57889.1,23070.075525684144,0.6023809115288054399927256819
2024-07-13 00:00:00+00:00,9227.967730123811,0.239113,59204.02,23384.418564383811,0.6053796375258744122410225524
2024-07-14 00:00:00+00:00,9353.612700296186,0.236988,60797.91,23761.987795376186,0.6063623640899145141448159480
2024-07-15 00:00:00+00:00,9504.620536743365,0.234501,64724.14,24682.496090883365,0.6149246615193851359130075871
2024-07-16 00:00:00+00:00,9872.550954108989,0.228809,65043.99,24755.201262018989,0.6011928624771034571576824000
2024-07-17 00:00:00+00:00,9902.107500582989,0.228354,64087.99,24536.856369042989,0.5964394398511450024342048235
2024-07-18 00:00:00+00:00,9814.642012703508,0.229717,63987.92,24513.755031343508,0.5996271480989175948990430708
2024-07-19 00:00:00+00:00,1214.569896364316,0.363944,66660.0,25475.076936364316,0.9523232098808470274630871221
2024-07-20 00:00:00+00:00,1214.569896364316,0.363944,67139.96,25649.755498604316,0.9526478957497117438695094261
2024-07-21 00:00:00+00:00,1214.569896364316,0.363944,68165.34,26022.936397324316,0.9533269467434428982491876769
2024-07-22 00:00:00+00:00,1214.569896364316,0.363944,67532.01,25792.439743804316,0.9529098484506076359638624152
2024-07-23 00:00:00+00:00,1214.569896364316,0.363944,65936.01,25211.585119804316,0.9518249292699076792304145537
2024-07-24 00:00:00+00:00,1214.569896364316,0.363944,65376.0,25007.772840364316,0.9514323045031857378528802001
2024-07-25 00:00:00+00:00,1214.569896364316,0.363944,65799.95,25162.066899164316,0.9517301221226522386909298979
2024-07-26 00:00:00+00:00,1214.569896364316,0.363944,67907.99,25929.275408924316,0.9531583556728975787705455653
2024-07-27 00:00:00+00:00,1214.569896364316,0.363944,67896.5,25925.093692364316,0.9531508001175694232513004558
2024-07-28 00:00:00+00:00,1214.569896364316,0.363944,68249.88,26053.704223084316,0.9533820647549927717557829753
2024-07-29 00:00:00+00:00,1214.569896364316,0.363944,66784.69,25520.457113724316,0.9524079881895552650254950035
2024-07-30 00:00:00+00:00,1214.569896364316,0.363944,66188.0,25303.295368364316,0.9519995368712786918895204999
2024-07-31 00:00:00+00:00,1214.569896364316,0.363944,64628.0,24735.542728364316,0.9508977866504798657902584662
2024-08-01 00:00:00+00:00,1214.569896364316,0.363944,65354.02,24999.773351244316,0.9514167636922251096436258379
2024-08-02 00:00:00+00:00,1214.569896364316,0.363944,61498.33,23596.518109884316,0.9485275797595092500932078859
2024-08-03 00:00:00+00:00,1214.569896364316,0.363944,60697.99,23305.239168924316,0.9478842552285904700801794480
2024-08-04 00:00:00+00:00,1214.569896364316,0.363944,58161.0,22381.916880364316,0.9457343219145872305990515875
2024-08-05 00:00:00+00:00,8942.714958217916,0.230896,54018.81,21415.442111977916,0.5824174485187888194336003504
2024-08-06 00:00:00+00:00,8942.714958217916,0.230896,56022.01,21877.972979177916,0.5912457261589530334790484208
2024-08-07 00:00:00+00:00,8942.714958217916,0.230896,55134.16,21672.971965577916,0.5873793879113036564875126039
2024-08-08 00:00:00+00:00,8942.714958217916,0.230896,61685.99,23185.763305257916,0.6143014642010968214513613104
2024-08-09 00:00:00+00:00,9273.907783101116,0.225520,60837.99,22994.091287901116,0.5966830057780625786973416464
2024-08-10 00:00:00+00:00,17235.207289323119,0.094489,60923.51,22991.808825713119,0.2503761918006228020417324285
2024-08-11 00:00:00+00:00,17235.207289323119,0.094489,58712.59,22782.901205833119,0.2435025226326145332484594256
2024-08-12 00:00:00+00:00,11383.887654399242,0.194020,59346.64,22898.322747199242,0.5028505895353563750185967507
2024-08-13 00:00:00+00:00,17166.219037141322,0.096460,60587.15,23010.455526141322,0.2539817815584128904422542536
2024-08-14 00:00:00+00:00,17166.219037141322,0.096460,58683.39,22826.818836541322,0.2479802306197162498740599354
2024-08-15 00:00:00+00:00,17166.219037141322,0.096460,57541.06,22716.629684741322,0.2443324879010635436744045033
2024-08-16 00:00:00+00:00,17166.219037141322,0.096460,58874.6,22845.262953141322,0.2485873735683618828509691684
2024-08-17 00:00:00+00:00,17166.219037141322,0.096460,59491.99,22904.816392541322,0.2505410764728376174708945292
2024-08-18 00:00:00+00:00,9151.523157187994,0.231004,58427.35,22648.474716587994,0.5959320319930720557040917505
2024-08-19 00:00:00+00:00,9059.321947633314,0.232580,59438.5,22883.528277633314,0.6041116633011516795683375039
2024-08-20 00:00:00+00:00,9153.290774644164,0.230997,59013.8,22785.301533244164,0.5982809022171881977784595887
2024-08-21 00:00:00+00:00,9153.290774644164,0.230997,61156.03,23280.150236554164,0.6068199439593050499322274080
2024-08-22 00:00:00+00:00,9311.906515681281,0.228400,60375.84,23101.748371681281,0.5969176719500565514810919469
2024-08-23 00:00:00+00:00,16162.347771862512,0.114789,64037.24,23513.118514222512,0.3126242373130428459893314605
2024-08-24 00:00:00+00:00,16162.347771862512,0.114789,64157.01,23526.866792752512,0.3130259156803085894795837556
2024-08-25 00:00:00+00:00,9402.006738962902,0.220024,64220.0,23531.948018962902,0.6004577805719092168603033445
2024-08-26 00:00:00+00:00,9412.781671637086,0.219856,62834.0,23227.213575637086,0.5947520075541860092667328846
2024-08-27 00:00:00+00:00,9290.788159973286,0.221795,59415.0,22468.738084973286,0.5865015594183810079629713495
2024-08-28 00:00:00+00:00,8987.139769565286,0.226899,59034.9,22382.099544665286,0.5984675275154270814411570280
2024-08-29 00:00:00+00:00,8952.795903605316,0.227480,59359.01,22455.783498405316,0.6013144718713068536335694142
2024-08-30 00:00:00+00:00,8982.318256588716,0.226982,59123.99,22402.399754768716,0.5990466041622758237757849439
2024-08-31 00:00:00+00:00,8960.946749310209,0.227343,58973.99,22368.270557880209,0.5993902735518673960175304022
2024-09-01 00:00:00+00:00,8947.306045418009,0.227574,57301.86,21987.719533058009,0.5930771250758429523147526964
2024-09-02 00:00:00+00:00,8794.914692746553,0.230230,59132.13,22408.904982646553,0.6075259054577931675594512302
2024-09-03 00:00:00+00:00,8963.399315986685,0.227377,57487.73,22034.786900196685,0.5932159745140681762641734693
2024-09-04 00:00:00+00:00,8813.736883425485,0.229977,57970.9,22145.710552725485,0.6020115560328781834550678260
2024-09-05 00:00:00+00:00,8858.258552016755,0.229208,56180.0,21735.163992016755,0.5924457457385478912162122982
2024-09-06 00:00:00+00:00,8693.887186668755,0.232130,53962.97,21220.311412768755,0.5903035060344382672822245296
2024-09-07 00:00:00+00:00,8487.858893012762,0.235943,54160.86,21266.734683992762,0.6008856545616530253398123056
2024-09-08 00:00:00+00:00,8506.682369919698,0.235595,54869.95,21433.768240169698,0.6031177404457953645243776984
2024-09-09 00:00:00+00:00,8573.427087940868,0.234377,57042.0,21942.759921940868,0.6092821906432936852371363808
2024-09-10 00:00:00+00:00,8776.859299527845,0.230806,57635.99,22079.591607467845,0.6024899619719731749901302515
2024-09-11 00:00:00+00:00,8831.772553833047,0.229852,57338.0,22011.026529833047,0.5987568984180386729315157847
2024-09-12 00:00:00+00:00,8804.386772539247,0.230329,58132.32,22193.945905819247,0.6032978177967560506525196469
2024-09-13 00:00:00+00:00,8877.538262415467,0.229069,60498.0,22735.754624415467,0.6095340397066892060914767267
2024-09-14 00:00:00+00:00,9094.020766997846,0.225486,59993.03,22621.609129577846,0.5979940810175445548986850744
2024-09-15 00:00:00+00:00,9048.607082737790,0.226242,59132.0,22426.749026737790,0.5965261361800682498076708733
2024-09-16 00:00:00+00:00,8970.628998840590,0.227559,58213.99,22217.746349250590,0.5962403720959227035757569279
2024-09-17 00:00:00+00:00,8887.041614660432,0.228993,60313.99,22698.523126730432,0.6084748965806151129385521653
2024-09-18 00:00:00+00:00,9079.193120643902,0.225803,61759.99,23024.784142613902,0.6056773837961730691448043961
2024-09-19 00:00:00+00:00,9209.769028662944,0.223686,62947.99,23290.353119802944,0.6045672222619840466613782938
2024-09-20 00:00:00+00:00,9316.012851906944,0.221996,63201.05,23346.393147706944,0.6009656483994422875490825671
2024-09-21 00:00:00+00:00,9338.546295149639,0.221639,63348.96,23379.146440589639,0.6005608537129247691549839470
2024-09-22 00:00:00+00:00,9351.642484731812,0.221432,63578.76,23430.014469051812,0.6008691118358381825367007439
2024-09-23 00:00:00+00:00,9372.024735275264,0.221111,63339.99,23377.193264165264,0.5990953820088583881926745245
2024-09-24 00:00:00+00:00,9350.905098723593,0.221444,64262.7,23581.494437523593,0.6034642705322293875703963477
2024-09-25 00:00:00+00:00,9432.540988322873,0.220172,63152.01,23336.845334042873,0.5958090798775165708230001346
2024-09-26 00:00:00+00:00,9334.654589737949,0.221720,65173.99,23785.031652537949,0.6075407959887281648566233185
2024-09-27 00:00:00+00:00,9513.780243751325,0.218968,65769.95,23915.294655351325,0.6021884580200015996828253563
2024-09-28 00:00:00+00:00,9566.065065207065,0.218172,65858.0,23934.436641207065,0.6003221129200295306707576032
2024-09-29 00:00:00+00:00,9573.826206589865,0.218054,65602.01,23878.606895129865,0.5990626149743063867087612064
2024-09-30 00:00:00+00:00,9551.426839808832,0.218395,63327.59,23381.855857858832,0.5915026207554641252278139572
2024-10-01 00:00:00+00:00,1158.235410628512,0.350759,60805.78,22486.409997648512,0.9484917596561819779560363814
2024-10-02 00:00:00+00:00,15721.332240718980,0.110942,60649.28,22449.884662478980,0.2997143425420616009135915148
2024-10-03 00:00:00+00:00,15714.955788743625,0.111047,60752.71,22461.361976113625,0.3003560600886276390897174010
2024-10-04 00:00:00+00:00,15722.964722616873,0.110915,62086.0,22609.233412616873,0.3045777167374981245181453974
2024-10-05 00:00:00+00:00,15826.389543334473,0.109247,62058.0,22606.039869334473,0.2999043779975247146627083530
2024-10-06 00:00:00+00:00,15826.389543334473,0.109247,62819.91,22689.276251104473,0.3024727026026635409641296245
2024-10-07 00:00:00+00:00,15882.477533575071,0.108353,62224.0,22624.634605575071,0.2980007054053648631883322043
2024-10-08 00:00:00+00:00,15837.244175294433,0.109079,62160.49,22617.648264004433,0.2997837798857667768399851881
2024-10-09 00:00:00+00:00,15837.244175294433,0.109079,60636.02,22451.360600874433,0.2945975766529888686236056885
2024-10-10 00:00:00+00:00,15715.814501668433,0.111079,60326.39,22416.809576478433,0.2989272426099937595569452972
2024-10-11 00:00:00+00:00,15691.773381589073,0.111477,62540.0,22663.544961589073,0.3076205241420082117127049212
2024-10-12 00:00:00+00:00,15864.284277880979,0.108715,63206.22,22735.748485180979,0.3022317128366712052340216624
2024-10-13 00:00:00+00:00,15914.972899587482,0.107912,62870.02,22699.402497827482,0.2988814176447739212386224241
2024-10-14 00:00:00+00:00,15889.603343924004,0.108315,66083.99,23047.490720774004,0.3105712228532623802799250462
2024-10-15 00:00:00+00:00,16132.938304703604,0.104628,67074.14,23150.771424623604,0.3031360377242418042687427950
2024-10-16 00:00:00+00:00,16205.485164641898,0.103545,67620.01,23207.199100091898,0.3017043937638417541573076120
2024-10-17 00:00:00+00:00,16244.991439631898,0.102960,67421.78,23186.737908431898,0.2993843504944100693800003978
2024-10-18 00:00:00+00:00,16230.746950257644,0.103171,68428.0,23290.532138257644,0.3031182433313067225598290798
2024-10-19 00:00:00+00:00,9307.246551744068,0.204219,68378.0,23271.333333744068,0.6000552947153953285248017735
2024-10-20 00:00:00+00:00,9307.246551744068,0.204219,69031.99,23404.890517554068,0.6023375309205794414320394229
2024-10-21 00:00:00+00:00,9361.917762655268,0.203426,67377.5,23068.253077655268,0.5941644245387807380288054494
2024-10-22 00:00:00+00:00,9227.189976427518,0.205423,67426.0,23078.041174427518,0.6001744729248490511287495974
2024-10-23 00:00:00+00:00,9227.189976427518,0.205423,66668.65,22922.464065377518,0.5974608161622369539792346329
2024-10-24 00:00:00+00:00,9168.912582726633,0.206296,68198.28,23237.944953606633,0.6054335871338064791023974836
2024-10-25 00:00:00+00:00,9295.051584611781,0.204444,66698.33,22931.124963131781,0.5946534851841684575389640947
2024-10-26 00:00:00+00:00,9172.300703485973,0.206282,67092.76,23012.329421805973,0.6014179818408776873436954563
2024-10-27 00:00:00+00:00,9204.932401179617,0.205795,68021.7,23203.458152679617,0.6032948045670253244415863633
2024-10-28 00:00:00+00:00,9281.289387446189,0.204671,69962.21,23600.524870356189,0.6067337723024923599666259265
2024-10-29 00:00:00+00:00,9440.036888182733,0.202399,72736.42,24161.815559762733,0.6092993564646085987426637027
2024-10-30 00:00:00+00:00,9664.500212923763,0.199309,72344.74,24083.457997583763,0.5987079507480454136939805325
2024-10-31 00:00:00+00:00,9664.500212923763,0.199309,70292.01,23674.330434013763,0.5917730286032323201545516501
2024-11-01 00:00:00+00:00,9664.500212923763,0.199309,69496.01,23515.680470013763,0.5890189005907126672601522222
2024-11-02 00:00:00+00:00,9664.500212923763,0.199309,69374.74,23491.510267583763,0.5885960458549175920671169567
2024-11-03 00:00:00+00:00,17608.320618564653,0.084654,68775.99,23430.483276024653,0.2484866653782405771935657890
2024-11-04 00:00:00+00:00,17608.320618564653,0.084654,67850.01,23352.095365104653,0.2459639983794772897750022769
2024-11-05 00:00:00+00:00,9330.117057445616,0.206503,69372.01,23655.645238475616,0.6055860255179049027674328594
2024-11-06 00:00:00+00:00,9462.098936712851,0.204598,75571.99,24923.976946732851,0.6203615916940098820762828820
2024-11-07 00:00:00+00:00,9968.980617622559,0.197882,75857.89,24979.891606602559,0.6009197808133159269959767802
2024-11-08 00:00:00+00:00,9991.935677869688,0.197579,76509.78,25108.661500489688,0.6020522369272922909173612497
2024-11-09 00:00:00+00:00,10043.436231720452,0.196905,76677.46,25141.611493020452,0.6005253587460531544123692231
2024-11-10 00:00:00+00:00,10056.684187539698,0.196732,80370.01,25868.036994859698,0.6112312585010572414341104252
2024-11-11 00:00:00+00:00,10056.684187539698,0.196732,88647.99,27496.580556219698,0.6342569154379857437060184178
2024-11-12 00:00:00+00:00,10056.684187539698,0.196732,87952.01,27359.659018859698,0.6324265525163389723666039447
2024-11-13 00:00:00+00:00,10056.684187539698,0.196732,90375.2,27836.378033939698,0.6387215256497086048102104435
2024-11-14 00:00:00+00:00,10056.684187539698,0.196732,87325.59,27236.422159419698,0.6307633899681790384146885404
2024-11-15 00:00:00+00:00,10056.684187539698,0.196732,91032.07,27965.605382779698,0.6403909713418085318681957854
2024-11-16 00:00:00+00:00,20960.059735117274,0.076801,90586.92,27917.225778037274,0.2492069268714108209197073261
2024-11-17 00:00:00+00:00,13949.594163939562,0.154089,89855.99,27795.413807049562,0.4981332438230647537043750717
2024-11-18 00:00:00+00:00,13949.594163939562,0.154089,90464.08,27889.113787059562,0.4998193821987947758505617153
2024-11-19 00:00:00+00:00,13949.594163939562,0.154089,92310.79,28173.671484249562,0.5048712706209392569192242221
2024-11-20 00:00:00+00:00,13949.594163939562,0.154089,94286.56,28478.115907779562,0.5101644290966293944203017881
2024-11-21 00:00:00+00:00,13949.594163939562,0.154089,98317.12,29099.180867619562,0.5206190089198652165481105557
2024-11-22 00:00:00+00:00,13949.594163939562,0.154089,98892.0,29187.763551939562,0.5220738944552469938424793163
2024-11-23 00:00:00+00:00,13949.594163939562,0.154089,97672.4,28999.836607539562,0.5189768013964307036581690302
2024-11-24 00:00:00+00:00,13949.594163939562,0.154089,97900.04,29034.913427499562,0.5195579212325938858310205263
2024-11-25 00:00:00+00:00,13949.594163939562,0.154089,93010.01,28281.413594829562,0.5067575346909165252670479335
2024-11-26 00:00:00+00:00,13949.594163939562,0.154089,91965.16,28120.413703179562,0.5039335369962111217176457462
2024-11-27 00:00:00+00:00,13949.594163939562,0.154089,95863.11,28721.044920729562,0.5143075677629204008169403422
2024-11-28 00:00:00+00:00,21530.933548278478,0.074901,95643.98,28694.763294258478,0.2496563457421308438365146078
2024-11-29 00:00:00+00:00,21530.933548278478,0.074901,97460.0,28830.785008278478,0.2531964168822985233721892444
2024-11-30 00:00:00+00:00,21530.933548278478,0.074901,96407.99,28751.988407268478,0.2511497555127186795661904746
2024-12-01 00:00:00+00:00,21530.933548278478,0.074901,97185.18,28810.200715458478,0.2526628411607773710683878904
2024-12-02 00:00:00+00:00,21530.933548278478,0.074901,95840.62,28709.491826898478,0.2500412867598816203705017499
2024-12-03 00:00:00+00:00,21530.933548278478,0.074901,95849.69,28710.171178968478,0.2500590325964033974604085668
2024-12-04 00:00:00+00:00,1409.442814544443,0.284556,98587.32,29463.056244464443,0.9521623689392626763395707831
2024-12-05 00:00:00+00:00,15449.915447475811,0.141954,96945.63,29211.735408495811,0.4711058678498632979455436614
2024-12-06 00:00:00+00:00,15449.915447475811,0.141954,99740.84,29608.526648835811,0.4781937098486698208225438016
2024-12-07 00:00:00+00:00,15449.915447475811,0.141954,99831.99,29621.465755935811,0.4784216427784360924191500713
2024-12-08 00:00:00+00:00,15449.915447475811,0.141954,101109.59,29802.826186335811,0.4815956261705345802931780589
2024-12-09 00:00:00+00:00,15449.915447475811,0.141954,97276.47,29258.699469855811,0.4719548125030880154995490563
2024-12-10 00:00:00+00:00,15449.915447475811,0.141954,96593.0,29161.678169475811,0.4701979989736123138514143634
2024-12-11 00:00:00+00:00,1439.940296898111,0.286807,101125.0,30443.298171898111,0.9527009101061426789164979431
2024-12-12 00:00:00+00:00,1439.940296898111,0.286807,100004.29,30121.870698928111,0.9521961862431953344078338536
2024-12-13 00:00:00+00:00,1439.940296898111,0.286807,101424.25,30529.125166648111,0.9528338827582524340786629882
2024-12-14 00:00:00+00:00,1439.940296898111,0.286807,101420.0,30527.906236898111,0.9528319994917404167863244587
2024-12-15 00:00:00+00:00,1439.940296898111,0.286807,104463.99,31400.943876828111,0.9541434071999123924971621878
2024-12-16 00:00:00+00:00,1439.940296898111,0.286807,106058.66,31858.306395518111,0.9548017311710993957957761214
2024-12-17 00:00:00+00:00,1439.940296898111,0.286807,106133.74,31879.839865078111,0.9548322606703098976587905588
2024-12-18 00:00:00+00:00,1439.940296898111,0.286807,100204.01,30179.151792968111,0.9522869195669831885250981059
2024-12-19 00:00:00+00:00,1439.940296898111,0.286807,97461.86,29392.683977918111,0.9510102480610516118754791810
2024-12-20 00:00:00+00:00,1439.940296898111,0.286807,97805.44,29491.225126978111,0.9511739410384522763809218363
2024-12-21 00:00:00+00:00,1439.940296898111,0.286807,97291.99,29343.964072828111,0.9509289101729965241509967752
2024-12-22 00:00:00+00:00,1439.940296898111,0.286807,95186.27,28740.028836788111,0.9498977434895631132372569108
2024-12-23 00:00:00+00:00,1439.940296898111,0.286807,94881.47,28652.610063188111,0.9497448820989576505682781077
2024-12-24 00:00:00+00:00,1439.940296898111,0.286807,98663.58,29737.345685958111,0.9515780489588871860314439372
2024-12-25 00:00:00+00:00,1439.940296898111,0.286807,99429.6,29957.045584098111,0.9519331673460327997950184438
2024-12-26 00:00:00+00:00,1439.940296898111,0.286807,95791.6,28913.641718098111,0.9501985840823088207956710560
2024-12-27 00:00:00+00:00,1439.940296898111,0.286807,94299.03,28485.562194108111,0.9494501710345058599112473791
2024-12-28 00:00:00+00:00,1439.940296898111,0.286807,95300.0,28772.647396898111,0.9499545426934420204405944993
2024-12-29 00:00:00+00:00,1439.940296898111,0.286807,93738.2,28324.712224298111,0.9491631093902916835613796757
2024-12-30 00:00:00+00:00,14853.100877215245,0.143529,92792.05,28171.451021665245,0.4727605310144488925771649534
2024-12-31 00:00:00+00:00,14853.100877215245,0.143529,93576.0,28283.970581215245,0.4748580000617060177169443255
2025-01-01 00:00:00+00:00,1396.806742452045,0.287143,94591.79,28558.177098422045,0.9510890790529755405059462993
2025-01-02 00:00:00+00:00,1396.806742452045,0.287143,96984.79,29245.310297422045,0.9522382656143274840900485713
2025-01-03 00:00:00+00:00,1396.806742452045,0.287143,98174.18,29586.835310192045,0.9527895860504258008102234567
2025-01-04 00:00:00+00:00,1396.806742452045,0.287143,98220.5,29600.135773952045,0.9528107994801420076043287074
2025-01-05 00:00:00+00:00,1396.806742452045,0.287143,98363.61,29641.228808682045,0.9528762200964180600263439168
2025-01-06 00:00:00+00:00,1396.806742452045,0.287143,102235.6,30753.043633252045,0.9545798861696494544361761548
2025-01-07 00:00:00+00:00,1396.806742452045,0.287143,96954.61,29236.644321682045,0.9522241086533940567896234472
2025-01-08 00:00:00+00:00,1396.806742452045,0.287143,95060.61,28692.795479682045,0.9513185550902088851184920294
2025-01-09 00:00:00+00:00,1396.806742452045,0.287143,92552.49,27972.606378522045,0.9500651915109153872174679688
2025-01-10 00:00:00+00:00,11176.315379320971,0.181341,94726.11,28354.042892830971,0.6058299191560160988363721118
2025-01-11 00:00:00+00:00,1405.041118896301,0.284360,94599.99,28305.494275296301,0.9503615409350913701739056274
2025-01-12 00:00:00+00:00,1405.041118896301,0.284360,94545.06,28289.874380496301,0.9503341336904285051517894595
2025-01-13 00:00:00+00:00,1405.041118896301,0.284360,94536.1,28287.326514896301,0.9503296602400231542502570134
2025-01-14 00:00:00+00:00,1405.041118896301,0.284360,96560.86,28863.087268496301,0.9513204839861366521256916706
2025-01-15 00:00:00+00:00,1405.041118896301,0.284360,100497.35,29982.467564896301,0.9531379091512356464060456988
2025-01-16 00:00:00+00:00,1405.041118896301,0.284360,99987.3,29837.429746896301,0.9529101155556988340371411152
2025-01-17 00:00:00+00:00,1405.041118896301,0.284360,104077.48,31000.513331696301,0.9546768434489204219825979520
2025-01-18 00:00:00+00:00,1405.041118896301,0.284360,104556.23,31136.650681696301,0.9548750078080088660769298502
2025-01-19 00:00:00+00:00,1405.041118896301,0.284360,101331.57,30219.686364096301,0.9535057676652258071419364612
2025-01-20 00:00:00+00:00,1405.041118896301,0.284360,102260.01,30483.697562496301,0.9539084418477860466841257378
2025-01-21 00:00:00+00:00,1405.041118896301,0.284360,106143.82,31588.097774096301,0.9555199199095648106370455164
2025-01-22 00:00:00+00:00,1405.041118896301,0.284360,103706.66,30895.066956496301,0.9545221532979761605924664996
2025-01-23 00:00:00+00:00,1405.041118896301,0.284360,103910.34,30952.985401296301,0.9546072502965268631837160990
2025-01-24 00:00:00+00:00,1405.041118896301,0.284360,104870.5,31226.016498896301,0.9550041511396126088195924478
2025-01-25 00:00:00+00:00,1405.041118896301,0.284360,104746.85,31190.855384896301,0.9549534278057449213975773734
2025-01-26 00:00:00+00:00,1405.041118896301,0.284360,102620.0,30586.064318896301,0.9540627030582599013936389445
2025-01-27 00:00:00+00:00,1405.041118896301,0.284360,102082.83,30433.314657696301,0.9538321364366737086428504330
2025-01-28 00:00:00+00:00,15958.624980463693,0.141608,101335.52,30308.545296623693,0.4734612029617452598026260684
2025-01-29 00:00:00+00:00,15958.624980463693,0.141608,103733.24,30648.081630383693,0.4792944898501335027704287906
2025-01-30 00:00:00+00:00,1513.687864962943,0.280678,104722.94,30907.113218282943,0.9510246118984826842082074264
2025-01-31 00:00:00+00:00,1513.687864962943,0.280678,102429.56,30263.411906642943,0.9499829077556624635837863452
2025-02-01 00:00:00+00:00,1513.687864962943,0.280678,100635.65,29759.900835662943,0.9491366630110202950618630706
2025-02-02 00:00:00+00:00,1513.687864962943,0.280678,97700.59,28936.094064982943,0.9476885905345899947498234849
2025-02-03 00:00:00+00:00,1513.687864962943,0.280678,101328.52,29954.374201522943,0.9494668840423985908280406460
2025-02-04 00:00:00+00:00,1513.687864962943,0.280678,97763.13,28953.647667102943,0.9477203051454276311591138850
2025-02-05 00:00:00+00:00,1513.687864962943,0.280678,96612.43,28630.671492502943,0.9471305496498987708746761713
2025-02-06 00:00:00+00:00,1513.687864962943,0.280678,96554.35,28614.369714262943,0.9471004296065819180789367406
2025-02-07 00:00:00+00:00,1513.687864962943,0.280678,96506.8,28601.023475362943,0.9470757448149769573219658293
2025-02-08 00:00:00+00:00,1513.687864962943,0.280678,96444.74,28583.604598682943,0.9470434927219539785193466656
2025-02-09 00:00:00+00:00,1513.687864962943,0.280678,96462.75,28588.659609462943,0.9470528564248634028880575372
2025-02-10 00:00:00+00:00,1513.687864962943,0.280678,97430.82,28860.375560922943,0.9475513455544742785904313730
2025-02-11 00:00:00+00:00,1513.687864962943,0.280678,95778.2,28396.521484562943,0.9466946025136979732040876518
2025-02-12 00:00:00+00:00,1513.687864962943,0.280678,97869.99,28983.640918182943,0.9477744059403755585423117018
2025-02-13 00:00:00+00:00,1513.687864962943,0.280678,96608.14,28629.467383882943,0.9471283260472013257647024358
2025-02-14 00:00:00+00:00,1513.687864962943,0.280678,97500.48,28879.927590402943,0.9475868538719620976148115743
2025-02-15 00:00:00+00:00,1513.687864962943,0.280678,97569.66,28899.344894442943,0.9476220699641530579210045173
2025-02-16 00:00:00+00:00,1513.687864962943,0.280678,96118.12,28491.929550322943,0.9468731009498868412076338541
2025-02-17 00:00:00+00:00,1513.687864962943,0.280678,95780.0,28397.026704962943,0.9466955508867273045383858068
2025-02-18 00:00:00+00:00,1513.687864962943,0.280678,95671.74,28366.640504682943,0.9466384514333639928326827466
2025-02-19 00:00:00+00:00,1513.687864962943,0.280678,96644.37,28639.636347822943,0.9471470989861920234150452908
2025-02-20 00:00:00+00:00,1513.687864962943,0.280678,98305.0,29105.738654962943,0.9479934908058126997838526768
2025-02-21 00:00:00+00:00,1513.687864962943,0.280678,96181.98,28509.853647402943,0.9469065017420449002794053242
2025-02-22 00:00:00+00:00,1513.687864962943,0.280678,96551.01,28613.432249742943,0.9470986964530778494640096465
2025-02-23 00:00:00+00:00,1513.687864962943,0.280678,96258.0,28531.190788962943,0.9469462078831809316679665990
2025-02-24 00:00:00+00:00,1513.687864962943,0.280678,91552.88,27210.567117602943,0.9443713224196744301081416612
2025-02-25 00:00:00+00:00,1513.687864962943,0.280678,88680.4,26404.325176162943,0.9426727305142622470660264590
2025-02-26 00:00:00+00:00,1513.687864962943,0.280678,84250.09,25160.834625982943,0.9398395209275054532011954276
2025-02-27 00:00:00+00:00,1513.687864962943,0.280678,84708.58,25289.522682202943,0.9401456530443663049256683147
2025-02-28 00:00:00+00:00,1513.687864962943,0.280678,84349.94,25188.860324282943,0.9399064568433969631861363579
2025-03-01 00:00:00+00:00,1513.687864962943,0.280678,86064.53,25670.108016302943,0.9410330543213293747842223149
2025-03-02 00:00:00+00:00,1513.687864962943,0.280678,94270.0,27973.202924962943,0.9458879317815927855207531793
2025-03-03 00:00:00+00:00,1513.687864962943,0.280678,86220.61,25713.916238542943,0.9411335149838414957807224754
2025-03-04 00:00:00+00:00,1513.687864962943,0.280678,87281.98,26011.819447402943,0.9418076898456224004571661201
2025-03-05 00:00:00+00:00,1513.687864962943,0.280678,90606.01,26944.801539742943,0.9438226381912559529620320849
2025-03-06 00:00:00+00:00,1513.687864962943,0.280678,89931.89,26755.590886382943,0.9434253621461478143467105082
2025-03-07 00:00:00+00:00,1513.687864962943,0.280678,86801.75,25877.029451462943,0.9415045738614573657797262343
2025-03-08 00:00:00+00:00,1513.687864962943,0.280678,86222.45,25714.432686062943,0.9411346972557029391642179000
2025-03-09 00:00:00+00:00,1513.687864962943,0.280678,80734.37,24174.049367822943,0.9373837687707484770264097201
2025-03-10 00:00:00+00:00,9659.043757292815,0.179656,78595.86,23779.261581452815,0.5938038814112457740173242575
2025-03-11 00:00:00+00:00,9511.563640418683,0.181530,82932.99,24566.389315118683,0.6128220749735874825150677507
2025-03-12 00:00:00+00:00,9826.216488270970,0.177731,83680.12,24698.767895990970,0.6021576246373839555737519765
2025-03-13 00:00:00+00:00,9879.451429203598,0.177094,81115.78,24244.569372523598,0.5925086860730142250756550949
2025-03-14 00:00:00+00:00,9697.597094082752,0.179333,83983.2,24758.556299682752,0.6083133048348617233118818892
2025-03-15 00:00:00+00:00,9903.172297134455,0.176882,84338.44,24821.124241214455,0.6010183825319787457073751689
2025-03-16 00:00:00+00:00,9928.440937142855,0.176582,82574.53,24509.616593602855,0.5949165137191810336664381096
2025-03-17 00:00:00+00:00,9803.756681893847,0.178090,84010.03,24765.102924593847,0.6041301862647263472878127519
2025-03-18 00:00:00+00:00,9905.947864788179,0.176872,82715.03,24535.920650948179,0.5962675293211233812135688723
2025-03-19 00:00:00+00:00,9814.263291378506,0.177979,86845.94,25271.016846638506,0.6116395572470216093361719894
2025-03-20 00:00:00+00:00,10108.028064974123,0.174592,84223.39,24812.758171854123,0.5926277927280179984546937244
2025-03-21 00:00:00+00:00,9924.941403348749,0.176763,84088.79,24788.728190118749,0.5996187732089855098895336340
2025-03-22 00:00:00+00:00,9915.511215540925,0.176875,83840.59,24744.815571790925,0.5992893466199601877616519168
2025-03-23 00:00:00+00:00,9897.965752742622,0.177084,86082.5,25141.799182742622,0.6063143420723603499292932827
2025-03-24 00:00:00+00:00,1245.857347394872,0.277463,87498.16,25523.359315474872,0.9511875638313995055391185545
2025-03-25 00:00:00+00:00,1245.857347394872,0.277463,87392.87,25494.145236204872,0.9511316290131744098023939308
2025-03-26 00:00:00+00:00,1245.857347394872,0.277463,86909.17,25359.936383104872,0.9508730097515197716149309718
2025-03-27 00:00:00+00:00,1245.857347394872,0.277463,87232.01,25449.512538024872,0.9510459249255403394695564035
2025-03-28 00:00:00+00:00,1245.857347394872,0.277463,84424.38,24670.499095334872,0.9495001158030702174256436246
2025-03-29 00:00:00+00:00,1245.857347394872,0.277463,82648.54,24177.769201414872,0.9484709554046878320926588429
2025-03-30 00:00:00+00:00,9660.178288189123,0.175522,82389.99,24121.434112969123,0.5995189074187245587052781698
2025-03-31 00:00:00+00:00,9648.628693209123,0.175662,82550.01,24149.528549829123,0.6004630619061342018053323237
2025-04-01 00:00:00+00:00,9659.840898369123,0.175526,85158.34,24607.343685209123,0.6074407289976845858171634346
2025-04-02 00:00:00+00:00,9842.778380925018,0.173375,82516.29,24149.040159675018,0.5924153375933813644890543866
2025-04-03 00:00:00+00:00,9659.436720892102,0.175594,83213.09,24271.156046352102,0.6020199160499446934139241854
2025-04-04 00:00:00+00:00,9708.468619552072,0.175004,83889.87,24389.531429032072,0.6019411587384742020808644071
2025-04-05 00:00:00+00:00,9755.804778992557,0.174439,83537.99,24328.088216602557,0.5989900771432271074138564980
2025-04-06 00:00:00+00:00,9731.212681712779,0.174733,78430.0,23435.521871712779,0.5847665464852063112720269378
2025-04-07 00:00:00+00:00,9373.813736303779,0.179284,79163.24,23566.516056463779,0.6022401565914641304337975139
2025-04-08 00:00:00+00:00,9426.546974938375,0.178617,76322.42,23059.028668078375,0.5911993037248807654143189025
2025-04-09 00:00:00+00:00,9223.418258088307,0.181275,82615.22,24199.492263588307,0.6188590174692923022345187067
2025-04-10 00:00:00+00:00,9679.273964770657,0.175750,79607.3,23670.256939770657,0.5910786270973009448698606434
2025-04-11 00:00:00+00:00,9467.880951043177,0.178402,83423.84,24350.860854723177,0.6111890660651221232086230202
2025-04-12 00:00:00+00:00,9740.072294304784,0.175135,85276.9,24675.042175804784,0.6052662352141609426918601285
2025-04-13 00:00:00+00:00,9869.865354530692,0.173611,83760.0,24411.522714530692,0.5956882546840979093519559917
2025-04-14 00:00:00+00:00,9869.865354530692,0.173611,84591.58,24555.894149910692,0.5980653241834165512548510707
2025-04-15 00:00:00+00:00,9869.865354530692,0.173611,83643.99,24391.382102420692,0.5953544037362618478971251422
2025-04-16 00:00:00+00:00,17064.673144061569,0.087482,84030.38,24415.818847221569,0.3010812682203584390184300011
2025-04-17 00:00:00+00:00,17064.673144061569,0.087482,84947.91,24496.086206681569,0.3033714447246271838904092961
2025-04-18 00:00:00+00:00,9789.036863718617,0.173019,84474.69,24404.763252828617,0.5988882677407646830898030295
2025-04-19 00:00:00+00:00,9761.885233726307,0.173340,85077.01,24509.134147126307,0.6017041983153498363290582673
2025-04-20 00:00:00+00:00,9803.603736077207,0.172849,85179.24,24526.750190837207,0.6002893306370579367149880298
2025-04-21 00:00:00+00:00,9810.749490664199,0.172765,87516.23,24930.490966614199,0.6064758811287624892211116035
2025-04-22 00:00:00+00:00,9972.007008910529,0.170920,93442.99,25943.282859710529,0.6156227774705843430416649869
2025-04-23 00:00:00+00:00,10376.835737132723,0.166582,93691.08,25984.083225692723,0.6006464554857858905821188517
2025-04-24 00:00:00+00:00,10393.678206022343,0.166402,93980.47,26032.216374962343,0.6007378681740318004675400796
2025-04-25 00:00:00+00:00,10412.919156577088,0.166197,94638.68,26141.583856537088,0.6016722164302533556718824423
2025-04-26 00:00:00+00:00,10456.585386745880,0.165735,94628.0,26139.756966745880,0.5999738865189758121763872531
2025-04-27 00:00:00+00:00,10456.585386745880,0.165735,93749.3,25994.125622245880,0.5977327516722820226054695527
2025-04-28 00:00:00+00:00,10456.585386745880,0.165735,95011.18,26203.263304045880,0.6009433914618052611543429909
2025-04-29 00:00:00+00:00,19640.572751869088,0.068947,94256.82,26139.297720409088,0.2486189582463768260568595795
2025-04-30 00:00:00+00:00,19640.572751869088,0.068947,94172.0,26133.449635869088,0.2484508158880141036275985537
2025-05-01 00:00:00+00:00,1282.862893303088,0.263632,96489.91,26720.690846423088,0.9519899054752614720204110465
2025-05-02 00:00:00+00:00,1282.862893303088,0.263632,96887.14,26825.413385783088,0.9521773299500026086566908783
2025-05-03 00:00:00+00:00,1282.862893303088,0.263632,95856.42,26553.682610743088,0.9516879480669823411000995702
2025-05-04 00:00:00+00:00,1282.862893303088,0.263632,94277.62,26137.460409143088,0.9509186097952220128396492246
2025-05-05 00:00:00+00:00,1282.862893303088,0.263632,94733.68,26257.692419063088,0.9511433498104452858145561259
2025-05-06 00:00:00+00:00,1282.862893303088,0.263632,96834.02,26811.409253943088,0.9521523512191206245429303607
2025-05-07 00:00:00+00:00,1282.862893303088,0.263632,97030.5,26863.207669303088,0.9522446124418331869801631493
2025-05-08 00:00:00+00:00,1282.862893303088,0.263632,103261.6,28505.925024503088,0.9549966229055760761751058320
2025-05-09 00:00:00+00:00,14947.858170200030,0.131126,102971.99,28450.163330940030,0.4745949962985279798613196483
2025-05-10 00:00:00+00:00,14947.858170200030,0.131126,104809.53,28691.112600980030,0.4790073714433283568711934479
2025-05-11 00:00:00+00:00,1416.988555221482,0.260058,104118.0,28493.707399221482,0.9502701233164134476885955376
2025-05-12 00:00:00+00:00,14941.595467897082,0.129992,102791.32,28303.644737337082,0.4720964170318777837602866239
2025-05-13 00:00:00+00:00,14941.595467897082,0.129992,104103.72,28474.246238137082,0.4752593152796085791348434253
2025-05-14 00:00:00+00:00,1406.154197442482,0.259842,103507.82,28301.833161882482,0.9503157908747649344620223447
2025-05-15 00:00:00+00:00,1406.154197442482,0.259842,103763.71,28368.324131262482,0.9504322429856591038961376646
2025-05-16 00:00:00+00:00,1406.154197442482,0.259842,103463.9,28290.420901242482,0.9502957484319109100952549797
2025-05-17 00:00:00+00:00,1406.154197442482,0.259842,103126.65,28202.789186742482,0.9501413073674470284296370798
2025-05-18 00:00:00+00:00,1406.154197442482,0.259842,106454.26,29067.442024362482,0.9516244258347902458991605681
2025-05-19 00:00:00+00:00,1406.154197442482,0.259842,105573.74,28838.645946522482,0.9512406303662796073277526377
2025-05-20 00:00:00+00:00,1406.154197442482,0.259842,106849.99,29170.269299022482,0.9517949531755058805383813909
2025-05-21 00:00:00+00:00,1406.154197442482,0.259842,109643.99,29896.267847022482,0.9529655606299189652917053009
2025-05-22 00:00:00+00:00,1406.154197442482,0.259842,111696.21,30429.520796262482,0.9537898014609814871345869044
2025-05-23 00:00:00+00:00,1406.154197442482,0.259842,107318.3,29291.955906042482,0.9519952098127932140106756625
2025-05-24 00:00:00+00:00,1406.154197442482,0.259842,107761.91,29407.224415662482,0.9521833758410210592738147976
2025-05-25 00:00:00+00:00,1406.154197442482,0.259842,109004.19,29730.020935422482,0.9527025493693114455096617160
2025-05-26 00:00:00+00:00,1406.154197442482,0.259842,109434.79,29841.908900622482,0.9528798843892606824426571529
2025-05-27 00:00:00+00:00,1406.154197442482,0.259842,108938.17,29712.866166582482,0.9526752421136686588481282379
2025-05-28 00:00:00+00:00,1406.154197442482,0.259842,107781.78,29412.387476202482,0.9521917695875522099731491125
2025-05-29 00:00:00+00:00,1406.154197442482,0.259842,105589.75,28842.806016942482,0.9512476630527384745848553481
2025-05-30 00:00:00+00:00,1406.154197442482,0.259842,103985.48,28425.949291602482,0.9505327268750921076019322150
2025-05-31 00:00:00+00:00,1406.154197442482,0.259842,104591.88,28583.517480402482,0.9508054178983893879317410183
2025-06-01 00:00:00+00:00,1406.154197442482,0.259842,105642.93,28856.624414502482,0.9512710087900721096782247840
2025-06-02 00:00:00+00:00,1406.154197442482,0.259842,105857.99,28912.506035022482,0.9513651913902181190765522348
2025-06-03 00:00:00+00:00,1406.154197442482,0.259842,105376.89,28787.496048822482,0.9511539942530014154879859973
2025-06-04 00:00:00+00:00,1406.154197442482,0.259842,104696.86,28610.795693562482,0.9508523211831235065216357778
2025-06-05 00:00:00+00:00,1406.154197442482,0.259842,101508.68,27782.372626002482,0.9493868210475870687398705502
2025-06-06 00:00:00+00:00,1406.154197442482,0.259842,104288.44,28504.671023922482,0.9506693413068205486264243832
2025-06-07 00:00:00+00:00,1406.154197442482,0.259842,105552.15,28833.035957742482,0.9512311433487846081218032626
2025-06-08 00:00:00+00:00,1406.154197442482,0.259842,105734.0,28880.288225442482,0.9513109361490474541256382210
2025-06-09 00:00:00+00:00,1406.154197442482,0.259842,110263.02,30057.117840282482,0.9532172643792893111511855322
2025-06-10 00:00:00+00:00,1406.154197442482,0.259842,110274.39,30060.072243822482,0.9532218623416164680911190385
2025-06-11 00:00:00+00:00,15762.945828551255,0.129481,108645.12,29830.424611271255,0.4715815804178893167282293042
2025-06-12 00:00:00+00:00,15762.945828551255,0.129481,105671.73,29445.427100681255,0.4646725355806925793164323053
2025-06-13 00:00:00+00:00,1453.744587451423,0.264717,106066.59,29531.374092481423,0.9507728769105416968918974163
2025-06-14 00:00:00+00:00,1453.744587451423,0.264717,105414.64,29358.791844331423,0.9504835009846595207411819404
2025-06-15 00:00:00+00:00,1453.744587451423,0.264717,105594.01,29406.274132621423,0.9505634552376449296019865103
2025-06-16 00:00:00+00:00,1453.744587451423,0.264717,106794.53,29724.072185461423,0.9510920112701625196542257623
2025-06-17 00:00:00+00:00,1453.744587451423,0.264717,104551.17,29130.216656341423,0.9500949613728686758588175143
2025-06-18 00:00:00+00:00,1453.744587451423,0.264717,104886.78,29219.058328711423,0.9502466995651624082091210323
2025-06-19 00:00:00+00:00,1453.744587451423,0.264717,104658.59,29158.652556481423,0.9501436294206165993417874482
2025-06-20 00:00:00+00:00,1453.744587451423,0.264717,103297.99,28798.478606281423,0.9495200907198501334438634830
2025-06-21 00:00:00+00:00,1453.744587451423,0.264717,102120.01,28486.647274621423,0.9489675084106315657124508580
2025-06-22 00:00:00+00:00,1453.744587451423,0.264717,100963.87,28180.597362241423,0.9484132799328354855304282339
2025-06-23 00:00:00+00:00,1453.744587451423,0.264717,105333.93,29337.426535261423,0.9504474400403140601808188210
2025-06-24 00:00:00+00:00,1453.744587451423,0.264717,106083.0,29535.718098451423,0.9507801170567224577258999534
2025-06-25 00:00:00+00:00,1453.744587451423,0.264717,107340.58,29868.620903311423,0.9513287007070938538015463965
2025-06-26 00:00:00+00:00,1453.744587451423,0.264717,106947.06,29764.449469471423,0.9511583579282227668684182858
2025-06-27 00:00:00+00:00,1453.744587451423,0.264717,107047.59,29791.061469481423,0.9512019875847435345886563856
2025-06-28 00:00:00+00:00,1453.744587451423,0.264717,107296.79,29857.028945881423,0.9513098041306632647776246577
2025-06-29 00:00:00+00:00,1453.744587451423,0.264717,108356.93,30137.666026261423,0.9517631993736789048433439807
2025-06-30 00:00:00+00:00,1453.744587451423,0.264717,107146.5,29817.244627951423,0.9512448381602421154641677001
2025-07-01 00:00:00+00:00,1453.744587451423,0.264717,105681.14,29429.338924831423,0.9506022003700257995901203492
2025-07-02 00:00:00+00:00,1453.744587451423,0.264717,108849.6,30268.084150651423,0.9519710405119864241185070271
2025-07-03 00:00:00+00:00,15872.024095949812,0.132084,109584.78,30346.420177469812,0.4769721106104723127379201048
2025-07-04 00:00:00+00:00,15872.024095949812,0.132084,107984.24,30135.014452109812,0.4733029207212283191132600847
2025-07-05 00:00:00+00:00,1488.096505609537,0.265115,108198.12,30173.041089409537,0.9506812554558232667073934566
2025-07-06 00:00:00+00:00,1488.096505609537,0.265115,109203.84,30439.672547209537,0.9511132551343442867378002646
2025-07-07 00:00:00+00:00,1488.096505609537,0.265115,108262.94,30190.225843709537,0.9507093284656696880744978575
2025-07-08 00:00:00+00:00,1488.096505609537,0.265115,108922.98,30365.212348309537,0.9509933772719893104097899999
2025-07-09 00:00:00+00:00,1488.096505609537,0.265115,111233.99,30977.895764459537,0.9519626343595355751644565480
2025-07-10 00:00:00+00:00,1488.096505609537,0.265115,116010.0,32244.087655609537,0.9538490119024765979173120481
2025-07-11 00:00:00+00:00,1488.096505609537,0.265115,117527.66,32646.442086509537,0.9544178044986880232848033485
2025-07-12 00:00:00+00:00,1488.096505609537,0.265115,117420.0,32617.899805609537,0.9543779178157381474950038837
2025-07-13 00:00:00+00:00,1488.096505609537,0.265115,119086.64,33059.751069209537,0.9549876675570165573137245640
2025-07-14 00:00:00+00:00,1488.096505609537,0.265115,119841.18,33259.790941309537,0.9552583926869702022912319335
2025-07-15 00:00:00+00:00,1488.096505609537,0.265115,117758.09,32707.532535959537,0.9545029419760269638623520524
2025-07-16 00:00:00+00:00,1488.096505609537,0.265115,118630.43,32938.802955059537,0.9548223866046425590139882907
2025-07-17 00:00:00+00:00,1488.096505609537,0.265115,119177.56,33083.855325009537,0.9550204626700619260384676954
2025-07-18 00:00:00+00:00,1488.096505609537,0.265115,117924.84,32751.740462209537,0.9545643533867590602637207313
2025-07-19 00:00:00+00:00,1488.096505609537,0.265115,117840.0,32729.248105609537,0.9545331288758054633050186340
2025-07-20 00:00:00+00:00,1488.096505609537,0.265115,117265.12,32576.838794409537,0.9543204141138179731929046832
2025-07-21 00:00:00+00:00,1488.096505609537,0.265115,117380.36,32607.390647009537,0.9543632141032415876655503604
2025-07-22 00:00:00+00:00,1488.096505609537,0.265115,119954.42,33289.812563909537,0.9552987418372302250876326489
2025-07-23 00:00:00+00:00,1488.096505609537,0.265115,118755.99,32972.090794459537,0.9548679968496389924544773303
2025-07-24 00:00:00+00:00,1488.096505609537,0.265115,118340.99,32862.068069459537,0.9547168941874201758594073678
2025-07-25 00:00:00+00:00,17232.159550290175,0.131902,117614.31,32745.722267910175,0.4737584528047752314437723165
2025-07-26 00:00:00+00:00,17232.159550290175,0.131902,117919.99,32786.042071270175,0.4744056170967214843601331287
2025-07-27 00:00:00+00:00,1619.092797657191,0.264134,119415.55,33160.799681357191,0.9511744947885730401132293130
2025-07-28 00:00:00+00:00,17389.004141428523,0.131903,118062.32,32961.778336388523,0.4724494545176970065946147259
2025-07-29 00:00:00+00:00,17389.004141428523,0.131903,117950.76,32947.063237708523,0.4722138353889312273307040267
2025-07-30 00:00:00+00:00,17389.004141428523,0.131903,117840.3,32932.493232328523,0.4719803320460891488136819806
2025-07-31 00:00:00+00:00,17389.004141428523,0.131903,115764.08,32658.633585668523,0.4675526122115751807877261845
2025-08-01 00:00:00+00:00,17389.004141428523,0.131903,113297.93,32333.341002218523,0.4621958757607080511450928221
2025-08-02 00:00:00+00:00,1596.183388545067,0.271114,112546.35,32109.074522445067,0.9502887139450470970802843784
2025-08-03 00:00:00+00:00,16837.516377927322,0.135515,114208.8,32314.521909927322,0.4789489250418190404839626892
2025-08-04 00:00:00+00:00,16837.516377927322,0.135515,115055.03,32429.198768377322,0.4807914775142059346398645747
2025-08-05 00:00:00+00:00,1601.707824394572,0.267765,114129.75,32161.660333144572,0.9501982233565251160770319939
2025-08-06 00:00:00+00:00,1601.707824394572,0.267765,114992.27,32392.613000944572,0.9505532997801731514688253858
2025-08-07 00:00:00+00:00,16986.161482538661,0.133804,117472.01,32704.386308578661,0.4806151895874886121033313918
2025-08-08 00:00:00+00:00,1615.314166493859,0.264481,116674.74,32473.566076433859,0.9502575675645892128719468232
2025-08-09 00:00:00+00:00,1615.314166493859,0.264481,116462.25,32417.366508743859,0.9501713328237762879334084183
2025-08-10 00:00:00+00:00,1615.314166493859,0.264481,119294.01,33166.313225303859,0.9512965412971655363801137284
2025-08-11 00:00:00+00:00,17391.844507677888,0.132060,118686.0,33065.517667677888,0.4740186836790789150102361999
2025-08-12 00:00:00+00:00,17391.844507677888,0.132060,120134.08,33256.751112477888,0.4770431889496117531794591595
2025-08-13 00:00:00+00:00,1642.480781181712,0.262988,123306.43,34070.592194021712,0.9517918335017988239347891901
2025-08-14 00:00:00+00:00,1642.480781181712,0.262988,118295.09,32752.669910101712,0.9498520033423250365190165786
2025-08-15 00:00:00+00:00,1642.480781181712,0.262988,117342.05,32502.031826581712,0.9494652891257581973832898599
2025-08-16 00:00:00+00:00,1642.480781181712,0.262988,117380.66,32512.185793261712,0.9494810717548826542456910027
2025-08-17 00:00:00+00:00,17048.944786338778,0.131565,117405.01,32495.334926988778,0.4753417736839852170877820625
2025-08-18 00:00:00+00:00,17048.944786338778,0.131565,116227.05,32340.356619588778,0.4728275576277314747156548514
2025-08-19 00:00:00+00:00,1597.069318346233,0.264338,112872.94,31433.676532066233,0.9491924109889905810857112941
2025-08-20 00:00:00+00:00,1597.069318346233,0.264338,114271.24,31803.300357466233,0.9497829061639729954367028896
2025-08-21 00:00:00+00:00,16677.125787436972,0.132199,112500.0,31549.513287436972,0.4713983180818890879440501196
2025-08-22 00:00:00+00:00,16677.125787436972,0.132199,116935.99,32135.946729446972,0.4810445160417413688754123767
2025-08-23 00:00:00+00:00,1587.290534320172,0.261075,115438.05,31725.279438070172,0.9499676421316109345159975198
2025-08-24 00:00:00+00:00,1587.290534320172,0.261075,113493.59,31217.629543570172,0.9491540338735583843621193256
2025-08-25 00:00:00+00:00,12472.931670173159,0.165036,110111.98,30645.372401453159,0.5929913493372424896291500782
2025-08-26 00:00:00+00:00,12472.931670173159,0.165036,111763.22,30917.886446093159,0.5965787735225587650778000386
2025-08-27 00:00:00+00:00,12472.931670173159,0.165036,111262.01,30835.168752533159,0.5954965652928853362010298671
2025-08-28 00:00:00+00:00,12472.931670173159,0.165036,112566.9,31050.522578573159,0.5983020369911494699475840094
2025-08-29 00:00:00+00:00,12472.931670173159,0.165036,108377.4,30359.104256573159,0.5891535018701153001508908084
2025-08-30 00:00:00+00:00,12472.931670173159,0.165036,108816.33,30431.543508053159,0.5901314809459985936315193119
2025-08-31 00:00:00+00:00,12472.931670173159,0.165036,108246.35,30337.476288773159,0.5888606042425171791562195900
2025-09-01 00:00:00+00:00,12472.931670173159,0.165036,109237.42,30501.038517293159,0.5910653447717399200513281820
2025-09-02 00:00:00+00:00,12472.931670173159,0.165036,111240.01,30831.537960533159,0.5954489300488508956594419822
2025-09-03 00:00:00+00:00,12472.931670173159,0.165036,111705.71,30908.395225733159,0.5964548926244909477463277404
2025-09-04 00:00:00+00:00,12472.931670173159,0.165036,110730.87,30747.511531493159,0.5943433777592781615393489367
2025-09-05 00:00:00+00:00,12472.931670173159,0.165036,110659.99,30735.813779813159,0.5941889887956960046644184424
2025-09-06 00:00:00+00:00,12472.931670173159,0.165036,110187.97,30657.913487093159,0.5931578424140244886508949882
2025-09-07 00:00:00+00:00,12472.931670173159,0.165036,111137.34,30814.593714413159,0.5952264765918658259599788182
2025-09-08 00:00:00+00:00,21558.475148046524,0.083179,112065.23,30879.948914216524,0.3018616964705720723341416164
2025-09-09 00:00:00+00:00,21558.475148046524,0.083179,111546.39,30836.792321856524,0.3008846405608052700199750075
2025-09-10 00:00:00+00:00,12322.825776025958,0.165868,113960.0,31225.143056025958,0.6053556663002109826943743410
2025-09-11 00:00:00+00:00,1547.365144089958,0.260300,115482.69,31607.509351089958,0.9510443823047829476368356556
2025-09-12 00:00:00+00:00,1547.365144089958,0.260300,116029.42,31749.823170089958,0.9512638185163922665530203765
2025-09-13 00:00:00+00:00,1547.365144089958,0.260300,115918.29,31720.896031089958,0.9512193746805458960678653174
2025-09-14 00:00:00+00:00,16633.850981082649,0.129983,115268.01,31616.732724912649,0.4738908942360170723017809971
2025-09-15 00:00:00+00:00,16633.850981082649,0.129983,115349.71,31627.352336012649,0.4740675474708507866667489864
2025-09-16 00:00:00+00:00,1561.837745768887,0.260477,116788.96,31982.675679688887,0.9511661325209023333655921151
2025-09-17 00:00:00+00:00,1561.837745768887,0.260477,116447.59,31893.756646198887,0.9510299848620990979702959541
2025-09-18 00:00:00+00:00,16724.538664254487,0.130097,117073.53,31955.453696664487,0.4766295974699243346542033208
2025-09-19 00:00:00+00:00,16724.538664254487,0.130097,115632.38,31767.964405114487,0.4735407515892986200282414969
2025-09-20 00:00:00+00:00,1568.813214872401,0.260995,115685.63,31762.184216722401,0.9506075147676260861317697027
2025-09-21 00:00:00+00:00,1568.813214872401,0.260995,115232.29,31643.864743422401,0.9504228314843085108922530133
2025-09-22 00:00:00+00:00,1568.813214872401,0.260995,112650.99,30970.158349922401,0.9493443592652366329581464054
2025-09-23 00:00:00+00:00,1568.813214872401,0.260995,111998.8,30799.940020872401,0.9490644068199726079345088633
2025-09-24 00:00:00+00:00,16151.003249048041,0.130626,113307.0,30951.843431048041,0.4781892947659834428583552688
2025-09-25 00:00:00+00:00,1528.671527637262,0.259509,108994.49,29813.722633047262,0.9487259089898826092727915186
2025-09-26 00:00:00+00:00,1528.671527637262,0.259509,109643.46,29982.136188777262,0.9490139222231448140597377376
2025-09-27 00:00:00+00:00,1528.671527637262,0.259509,109635.85,29980.161325287262,0.9490105636507072840931275584
2025-09-28 00:00:00+00:00,1528.671527637262,0.259509,112163.95,30636.226028187262,0.9501024856576398251506848117
2025-09-29 00:00:00+00:00,1528.671527637262,0.259509,114311.96,31193.653955277262,0.9509941499694477026838958210
2025-09-30 00:00:00+00:00,1528.671527637262,0.259509,114048.93,31125.395303007262,0.9508866791006003584357552036
2025-10-01 00:00:00+00:00,1528.671527637262,0.259509,118594.99,32305.138787547262,0.9526802364883656646839003109
2025-10-02 00:00:00+00:00,16940.190572308822,0.129389,120529.35,32535.362639458822,0.4793298983622271620617127190
2025-10-03 00:00:00+00:00,16940.190572308822,0.129389,122232.0,32755.666820308822,0.4828317596085162197999844841
2025-10-04 00:00:00+00:00,16940.190572308822,0.129389,122391.0,32776.239671308822,0.4831563735745539326179025702
2025-10-05 00:00:00+00:00,16940.190572308822,0.129389,123482.31,32917.443180898822,0.4853734392670328799993732372
2025-10-06 00:00:00+00:00,16940.190572308822,0.129389,124658.54,33069.634404368822,0.4877418248666560034665035845
2025-10-07 00:00:00+00:00,16940.190572308822,0.129389,121332.95,32639.339639858822,0.4809885629051870426669523298
2025-10-08 00:00:00+00:00,16940.190572308822,0.129389,123306.0,32894.630606308822,0.4850165434276108563584214021
2025-10-09 00:00:00+00:00,16940.190572308822,0.129389,121662.4,32681.966845908822,0.4816655113757506104164970301
2025-10-10 00:00:00+00:00,16940.190572308822,0.129389,112774.5,31531.970352808822,0.4627614328325722755447265818
2025-10-11 00:00:00+00:00,16940.190572308822,0.129389,110644.4,31256.358843908822,0.4580241845537266358976934865
2025-10-12 00:00:00+00:00,16940.190572308822,0.129389,114958.8,31814.594745508822,0.4675339821922383070767913036
2025-10-13 00:00:00+00:00,16940.190572308822,0.129389,115166.0,31841.404146308822,0.4679823008285080911925666707
2025-10-14 00:00:00+00:00,16940.190572308822,0.129389,113028.14,31564.788578768822,0.4633200051368894483906733418
2025-10-15 00:00:00+00:00,16940.190572308822,0.129389,110763.28,31271.740608228822,0.4582907685077435965207057366
2025-10-16 00:00:00+00:00,16940.190572308822,0.129389,108194.28,30939.340267228822,0.4524708534185521362648860538
2025-10-17 00:00:00+00:00,16940.190572308822,0.129389,106431.68,30711.279215828822,0.4484049181651241139587465895
2025-10-18 00:00:00+00:00,16940.190572308822,0.129389,107185.01,30808.751831198822,0.4501500526498398625187735714
2025-10-19 00:00:00+00:00,16940.190572308822,0.129389,108642.78,30997.371233728822,0.4534958966495880664930595060
2025-10-20 00:00:00+00:00,16940.190572308822,0.129389,110532.09,31241.827165318822,0.4577720924365805154067782107
2025-10-21 00:00:00+00:00,16940.190572308822,0.129389,108297.67,30952.717795938822,0.4527074913424412025064601170
2025-10-22 00:00:00+00:00,16940.190572308822,0.129389,107567.44,30858.234066468822,0.4510317558736656965685677388
2025-10-23 00:00:00+00:00,16940.190572308822,0.129389,110078.18,31183.096204328822,0.4567508479174946996128015909
2025-10-24 00:00:00+00:00,16940.190572308822,0.129389,111004.89,31303.002284518822,0.4588317625786730427622329497
2025-10-25 00:00:00+00:00,16940.190572308822,0.129389,111646.27,31385.989801338822,0.4602626624320699365599542527
2025-10-26 00:00:00+00:00,16940.190572308822,0.129389,114559.4,31762.916778908822,0.4666676649936183061507994933
2025-10-27 00:00:00+00:00,1568.241008051725,0.263398,114107.65,31623.967802751725,0.9504097329647778662852514233
2025-10-28 00:00:00+00:00,1568.241008051725,0.263398,112898.45,31305.466941151725,0.9499052031071851640604015590
2025-10-29 00:00:00+00:00,1568.241008051725,0.263398,110021.29,30547.628751471725,0.9486624306976308196812667262
2025-10-30 00:00:00+00:00,1568.241008051725,0.263398,108322.88,30100.270954291725,0.9478994388311935205647109296
2025-10-31 00:00:00+00:00,1568.241008051725,0.263398,109608.01,30438.771626031725,0.9484788339253959849987317229
2025-11-01 00:00:00+00:00,1568.241008051725,0.263398,110098.1,30567.860351851725,0.9486964089079030074218136535
2025-11-02 00:00:00+00:00,1568.241008051725,0.263398,110540.68,30684.435038691725,0.9488913188046564337235769388
2025-11-03 00:00:00+00:00,1568.241008051725,0.263398,106583.04,29642.000577971725,0.9470939552839374174303294668
2025-11-04 00:00:00+00:00,11843.434268682310,0.166867,101497.22,28779.970878422310,0.5884834519564477216495768743
2025-11-05 00:00:00+00:00,11511.615007739575,0.170132,103885.16,29185.805048859575,0.6055748680405378339524381343
2025-11-06 00:00:00+00:00,11674.191429000139,0.168565,101346.04,28757.586661600139,0.5940482917995122251474846223
2025-11-07 00:00:00+00:00,11502.896919729963,0.170253,103339.08,29096.685306969963,0.6046664148038023238844613528
2025-11-08 00:00:00+00:00,11638.507960156425,0.168939,102312.94,28923.153730816425,0.5976058465658924410355938479
2025-11-09 00:00:00+00:00,11569.254493335965,0.169615,104722.96,29331.839353735965,0.6055735082340684703194485615
2025-11-10 00:00:00+00:00,11732.619090813695,0.168053,106011.13,29548.107520703695,0.6029316231981045678628155271
2025-11-11 00:00:00+00:00,11819.223462918053,0.167235,103058.99,29054.293655568053,0.5932021751059509529427085032
2025-11-12 00:00:00+00:00,11819.223462918053,0.167235,101654.37,28819.392029868053,0.5898864399821911769211021132
2025-11-13 00:00:00+00:00,11819.223462918053,0.167235,99692.02,28491.218427618053,0.5851625828869062606396829238
2025-11-14 00:00:00+00:00,11819.223462918053,0.167235,94594.0,27638.651052918053,0.5723661245156827331216166012
2025-11-15 00:00:00+00:00,11819.223462918053,0.167235,95596.24,27806.260659318053,0.5749438010480076252113104393
2025-11-16 00:00:00+00:00,11819.223462918053,0.167235,94261.44,27583.035381318053,0.5715038863734629190057544015
2025-11-17 00:00:00+00:00,11819.223462918053,0.167235,92215.14,27240.822400818053,0.5661209016008592713442716131
2025-11-18 00:00:00+00:00,11819.223462918053,0.167235,92960.83,27365.527867968053,0.5680981006490025814846245408
2025-11-19 00:00:00+00:00,11819.223462918053,0.167235,91554.96,27130.417198518053,0.5643552630822184551241955982
2025-11-20 00:00:00+00:00,11819.223462918053,0.167235,86637.23,26308.000621968053,0.5507365370423243249134545020
2025-11-21 00:00:00+00:00,11819.223462918053,0.167235,85129.43,26055.843688968053,0.5463887639177744946687871244
2025-11-22 00:00:00+00:00,11819.223462918053,0.167235,84739.74,25990.673881818053,0.5452513652912143776850087516
2025-11-23 00:00:00+00:00,11819.223462918053,0.167235,86830.0,26340.238512918053,0.5512863918403188783589789133
2025-11-24 00:00:00+00:00,11819.223462918053,0.167235,88300.01,26586.075635268053,0.5554355736790603555419625148
2025-11-25 00:00:00+00:00,11819.223462918053,0.167235,87369.96,26430.538723518053,0.5528194265521634421668678627
2025-11-26 00:00:00+00:00,19812.519493613726,0.075628,90484.02,26655.644958173726,0.2567233122776725005721487547
2025-11-27 00:00:00+00:00,19812.519493613726,0.075628,91333.95,26719.923464213726,0.2585113681126803619551995464
2025-11-28 00:00:00+00:00,19812.519493613726,0.075628,90890.7,26686.401353213726,0.2575799475028208936695598869
2025-11-29 00:00:00+00:00,19812.519493613726,0.075628,90802.44,26679.726425933726,0.2573942034744707596815845654
2025-11-30 00:00:00+00:00,19812.519493613726,0.075628,90360.0,26646.265573613726,0.2564616816987318554613342963
2025-12-01 00:00:00+00:00,10646.608106028748,0.176934,86286.01,25913.536999368748,0.5891487871266628461476054070
2025-12-02 00:00:00+00:00,10365.122829681994,0.180192,91277.88,26812.666582641994,0.6134243941110961456376282828
2025-12-03 00:00:00+00:00,18757.969782109402,0.088124,93429.95,26991.390695909402,0.3050387809416500731561916854
2025-12-04 00:00:00+00:00,18893.826945100042,0.086668,92078.06,26874.048249180042,0.2969489832751001961317191803
2025-12-05 00:00:00+00:00,18893.826945100042,0.086668,89330.04,26635.882851820042,0.2906626354301968179622908096
2025-12-06 00:00:00+00:00,18893.826945100042,0.086668,89236.79,26627.801060820042,0.2904473447903182200837524909
2025-12-07 00:00:00+00:00,18893.826945100042,0.086668,90395.31,26728.207672180042,0.2931128350680388779249784386
2025-12-08 00:00:00+00:00,18893.826945100042,0.086668,90634.34,26748.923924220042,0.2936602983123195935797286532
2025-12-09 00:00:00+00:00,18893.826945100042,0.086668,92678.8,26926.113183500042,0.2983084184360510069920253957
2025-12-10 00:00:00+00:00,18893.826945100042,0.086668,92015.37,26868.615032260042,0.2968068163388771486368589134
2025-12-11 00:00:00+00:00,18807.957125105634,0.087600,92513.38,26912.129213105634,0.3011345562376922863909403307
2025-12-12 00:00:00+00:00,18838.539245378220,0.087269,90268.42,26716.173990358220,0.2948638808769179549946579177
2025-12-13 00:00:00+00:00,18701.152861360540,0.088789,90240.01,26713.473109250540,0.2999355499422287474045228242
2025-12-14 00:00:00+00:00,18701.152861360540,0.088789,88172.17,26529.871663490540,0.2950907151542539371306355751
2025-12-15 00:00:00+00:00,18570.753281676124,0.090266,86432.08,26372.631414956124,0.2958323729825266638527045649
2025-12-16 00:00:00+00:00,18460.755296270340,0.091537,87863.42,26503.509172810340,0.3034599616261748908415774007
2025-12-17 00:00:00+00:00,18552.365468943144,0.090493,86243.22,26356.773176403144,0.2961063425794163121050476422
2025-12-18 00:00:00+00:00,18449.688962312533,0.091682,85516.41,26290.004463932533,0.2982241981881818022037123250
2025-12-19 00:00:00+00:00,18403.021930486048,0.092227,88136.94,26531.627495866048,0.3063741780125073799541004753
2025-12-20 00:00:00+00:00,18571.936862286883,0.090308,88360.9,26551.633019486883,0.3005350424715311781372257255
2025-12-21 00:00:00+00:00,18586.144474858420,0.090147,88658.86,26578.474727278420,0.3007068815810258437194107683
2025-12-22 00:00:00+00:00,18604.915720913848,0.089935,88620.79,26575.026469563848,0.2999097953026726094185091235
2025-12-23 00:00:00+00:00,18604.915720913848,0.089935,87486.0,26472.969130913848,0.2972108406537621519785393549
2025-12-24 00:00:00+00:00,18531.069147006448,0.090778,87669.45,26489.526479106448,0.3004378858329994909656780079
2025-12-25 00:00:00+00:00,18542.714024480272,0.090645,87225.27,26449.248623630272,0.2989322952670250357605957008
2025-12-26 00:00:00+00:00,18514.503636379399,0.090968,87369.56,26462.337770459399,0.3003451245699227483678854901
2025-12-27 00:00:00+00:00,18523.665514234459,0.090863,87877.01,26508.434273864459,0.3012161592471890080610093767
2025-12-28 00:00:00+00:00,18555.874447117759,0.090496,87952.71,26515.242891277759,0.3001808611294392409416132957
2025-12-29 00:00:00+00:00,18555.874447117759,0.090496,87237.13,26450.485763597759,0.2984675361745109113459369526
2025-12-30 00:00:00+00:00,18515.343797360943,0.090960,88485.49,26563.983967760943,0.3029907027563386025466532926
2025-12-31 00:00:00+00:00,18594.700478388243,0.090062,87648.22,26488.474468028243,0.2980078750540290783945968487
2026-01-01 00:00:00+00:00,18541.867662479097,0.090664,88839.04,26596.370385039097,0.3028421775585886878294800021
2026-01-02 00:00:00+00:00,18617.371411388082,0.089813,89995.13,26700.104022078082,0.3027228884204518171980309254
2026-01-03 00:00:00+00:00,18689.992953613026,0.089005,90628.01,26756.338983663026,0.3014742052332038494715407525
2026-01-04 00:00:00+00:00,18729.455398016958,0.088569,91529.73,26836.152054386958,0.3020811866001028460335909454
2026-01-05 00:00:00+00:00,18785.307367084476,0.087958,93859.71,27041.019739264476,0.3053032929890741575736335667
2026-01-06 00:00:00+00:00,18928.538561036532,0.086430,93747.97,27031.175608136532,0.2997515596273608552578849114
2026-01-07 00:00:00+00:00,18921.873802228901,0.086501,91364.16,26824.965006388901,0.2946170182245427361283864001
2026-01-08 00:00:00+00:00,18777.330767444261,0.088081,91099.99,26801.508986634261,0.2993927775929185824496672192
2026-01-09 00:00:00+00:00,18761.093886904261,0.088259,90641.28,26761.002618424261,0.2989390511853344724038492604
2026-01-10 00:00:00+00:00,18732.686287461498,0.088572,90504.7,26748.868575861498,0.2996830413841839910125472759
2026-01-11 00:00:00+00:00,18732.686287461498,0.088572,91013.65,26793.947295261498,0.3008612698594667956576753859
2026-01-12 00:00:00+00:00,18755.773704390966,0.088318,91296.2,26818.871495990966,0.3006501519948487273766353805
2026-01-13 00:00:00+00:00,18773.188609744506,0.088127,95414.0,27181.738187744506,0.3093455436853255563532079506
2026-01-14 00:00:00+00:00,19026.945751422525,0.085464,96951.78,27312.832677342525,0.3033697391919949878175450705
2026-01-15 00:00:00+00:00,19118.930206974225,0.084514,95604.8,27198.874274174225,0.2970690619674667474687676151
2026-01-16 00:00:00+00:00,19118.930206974225,0.084514,95550.94,27194.322350134225,0.2969514018105379153929158506
2026-01-17 00:00:00+00:00,19035.979846529751,0.085381,95147.77,27159.791596899751,0.2991117115676734715694934902
2026-01-18 00:00:00+00:00,19011.876166618198,0.085634,93673.14,27033.481837378198,0.2967285427387611527442655706
2026-01-19 00:00:00+00:00,18923.333766780790,0.086578,92631.0,26943.140484780790,0.2976567160955160394226515154
2026-01-20 00:00:00+00:00,18860.170056375343,0.087259,88427.66,26576.279240315343,0.2903382040114522773102987837
2026-01-21 00:00:00+00:00,18603.130842249269,0.090162,89454.73,26668.548208509269,0.3024318123056479825524859691
2026-01-22 00:00:00+00:00,18667.901210416244,0.089437,89559.67,26677.849416206244,0.3002471481424631423588100604
2026-01-23 00:00:00+00:00,18674.520011095028,0.089363,89600.26,26681.468045475028,0.3000939836118918828835683064
2026-01-24 00:00:00+00:00,18674.520011095028,0.089363,89225.34,26647.964069515028,0.2992140051532691223156242882
2026-01-25 00:00:00+00:00,18653.614139186600,0.089597,86670.36,26419.018384106600,0.2939323532774247382173526301
2026-01-26 00:00:00+00:00,18493.152314002268,0.091446,88347.08,26572.139391682268,0.3040397673139153146945897574
2026-01-27 00:00:00+00:00,18600.442704218204,0.090230,89250.0,26653.470204218204,0.3021380495034196361805254641
2026-01-28 00:00:00+00:00,18657.399307861511,0.089591,89299.99,26657.874711951511,0.3001167756446522368341091610
2026-01-29 00:00:00+00:00,18657.399307861511,0.089591,84650.16,26241.291792421511,0.2890060651187236630414487054
2026-01-30 00:00:00+00:00,18368.536528512647,0.092999,84260.49,26204.677838022647,0.2990359720484661251778224738
2026-01-31 00:00:00+00:00,18343.309886956297,0.093298,78741.09,25689.696101776297,0.2859662561096640998089180194
2026-02-01 00:00:00+00:00,18343.309886956297,0.093298,76968.21,25524.289943536297,0.2813390724077122547473234187
2026-02-02 00:00:00+00:00,17866.411378447329,0.099486,78738.61,25699.800732907329,0.3048035055162793835837987440
2026-02-03 00:00:00+00:00,17989.713002485089,0.097918,75770.21,25408.980425265089,0.2919939052494506232298507658
2026-02-04 00:00:00+00:00,17786.081381428357,0.100602,73165.83,25146.710211088357,0.2927074264535150032838960278
2026-02-05 00:00:00+00:00,17786.081381428357,0.100602,62909.86,24114.939117148357,0.2624455199731145300902046083
2026-02-06 00:00:00+00:00,17786.081381428357,0.100602,70580.26,24886.596697948357,0.2853148384529960334475231859
2026-02-07 00:00:00+00:00,17786.081381428357,0.100602,69289.38,24756.731588188357,0.2815658513697242376441260002
2026-02-08 00:00:00+00:00,17786.081381428357,0.100602,70330.38,24861.458270188357,0.2845921913295070389536626342
2026-02-09 00:00:00+00:00,17786.081381428357,0.100602,70138.0,24842.104457428357,0.2840348364242582449412415338
2026-02-10 00:00:00+00:00,17786.081381428357,0.100602,68841.29,24711.652838008357,0.2802552909746270330205310179
2026-02-11 00:00:00+00:00,17786.081381428357,0.100602,67082.52,24534.717058468357,0.2750647444173664740168659780
2026-02-12 00:00:00+00:00,17786.081381428357,0.100602,66272.17,24453.194227768357,0.2726479323821431426042814804
2026-02-13 00:00:00+00:00,17786.081381428357,0.100602,68853.96,24712.927465348357,0.2802924135002861416649361262
2026-02-14 00:00:00+00:00,17786.081381428357,0.100602,69822.95,24810.409797328357,0.2831202093508506306683710896
2026-02-15 00:00:00+00:00,17786.081381428357,0.100602,68832.58,24710.776594588357,0.2802297688481592871904624507
2026-02-16 00:00:00+00:00,17786.081381428357,0.100602,68892.43,24716.797624288357,0.2804051053947790022583257977
2026-02-17 00:00:00+00:00,17786.081381428357,0.100602,67503.52,24577.070500468357,0.2763140187481085833692502981
2026-02-18 00:00:00+00:00,17786.081381428357,0.100602,66461.0,24472.190903428357,0.2732125435104925511171947539
2026-02-19 00:00:00+00:00,17786.081381428357,0.100602,67003.73,24526.790626888357,0.2748304638793736173837516776
2026-02-20 00:00:00+00:00,17786.081381428357,0.100602,68020.01,24629.030427448357,0.2778407808694623665548858377
2026-02-21 00:00:00+00:00,17786.081381428357,0.100602,67975.93,24624.595891288357,0.2777107303628611724828551194
2026-02-22 00:00:00+00:00,17786.081381428357,0.100602,67643.4,24591.142708228357,0.2767281458833135893162059299
2026-02-23 00:00:00+00:00,17786.081381428357,0.100602,64656.02,24290.606305468357,0.2677794387773551140839896911
2026-02-24 00:00:00+00:00,17786.081381428357,0.100602,64058.15,24230.459387728357,0.2659618583031813658767537642
2026-02-25 00:00:00+00:00,17786.081381428357,0.100602,67988.04,24625.814181508357,0.2777464635145338036304718164
2026-02-26 00:00:00+00:00,17786.081381428357,0.100602,67485.18,24575.225459788357,0.2762596863849267989098467080
2026-02-27 00:00:00+00:00,17786.081381428357,0.100602,65872.1,24412.946385628357,0.2714488001375026673697419516
2026-02-28 00:00:00+00:00,17786.081381428357,0.100602,66973.26,24523.725283948357,0.2747398213162184429480511493
2026-03-01 00:00:00+00:00,17786.081381428357,0.100602,65776.47,24403.325816368357,0.2711615820209854519417893700
2026-03-02 00:00:00+00:00,17081.423956580981,0.111301,68830.06,24742.278464640981,0.3096260725950552283931302902
2026-03-03 00:00:00+00:00,17319.335107152023,0.107840,68338.0,24688.905027152023,0.2984972363859472978737745595
2026-03-04 00:00:00+00:00,17282.247754770177,0.108382,72666.77,25158.017620910177,0.3130520848190369934479624300
2026-03-05 00:00:00+00:00,17610.201992926458,0.103863,70890.72,24973.124844286458,0.2948338622927497058996139900
2026-03-06 00:00:00+00:00,17481.083591551464,0.105682,68114.02,24679.509453191464,0.2916762132283438018588905533
2026-03-07 00:00:00+00:00,17481.083591551464,0.105682,67262.91,24589.562446171464,0.2890852112631541818422471059
2026-03-08 00:00:00+00:00,17481.083591551464,0.105682,65971.2,24453.051949951464,0.2851164906805769254496542499
2026-03-09 00:00:00+00:00,17481.083591551464,0.105682,68432.16,24713.131124671464,0.2926398721649700603464746357
2026-03-10 00:00:00+00:00,17481.083591551464,0.105682,69948.63,24873.394707211464,0.2971975157663851494368511382
2026-03-11 00:00:00+00:00,17481.083591551464,0.105682,70191.86,24899.099740071464,0.2979230665348830489874229934
2026-03-12 00:00:00+00:00,17481.083591551464,0.105682,70541.34,24936.033485431464,0.2989629404466212463406603021
2026-03-13 00:00:00+00:00,17481.083591551464,0.105682,70930.0,24977.107851551464,0.3001157822015162243086725845
2026-03-14 00:00:00+00:00,17481.083591551464,0.105682,71211.95,25006.904891451464,0.3009497309870074968587075772
2026-03-15 00:00:00+00:00,17504.837462622774,0.105348,72815.24,25175.777366142774,0.3046952549650417590870119839
2026-03-16 00:00:00+00:00,17622.935701066974,0.103724,74884.67,25390.273212146974,0.3059178389369998572640831252
2026-03-17 00:00:00+00:00,17773.033852164477,0.101717,73909.36,25290.872223284477,0.2972550058672382462455931434
2026-03-18 00:00:00+00:00,17703.542732566518,0.102656,71246.54,25017.427542806518,0.2923515936131101507407872091
2026-03-19 00:00:00+00:00,17511.997059733743,0.105341,69930.0,24878.493189733743,0.2960989668393513515122072862
2026-03-20 00:00:00+00:00,17414.878045062712,0.106728,70510.73,24940.347236502712,0.3017387496684776433910857947
2026-03-21 00:00:00+00:00,17458.256189750128,0.106112,68918.12,24771.295739190128,0.2952223261325082502813632276
2026-03-22 00:00:00+00:00,17458.256189750128,0.106112,67859.0,24658.910397750128,0.2920102345096718324722386917
2026-03-23 00:00:00+00:00,17458.256189750128,0.106112,70906.45,24982.281412150128,0.3011744643441848232438338615
2026-03-24 00:00:00+00:00,17487.573298198738,0.105698,70556.74,24945.279602718738,0.2989626263281971370335624529
2026-03-25 00:00:00+00:00,17487.573298198738,0.105698,71336.53,25027.701846138738,0.3012713110574028779664453910
2026-03-26 00:00:00+00:00,17519.419273451155,0.105251,68820.31,24762.825721261155,0.2925113042164195268637113128
2026-03-27 00:00:00+00:00,17519.419273451155,0.105251,66407.28,24508.851900731155,0.2851799282801773864216914585
2026-03-28 00:00:00+00:00,17519.419273451155,0.105251,66377.03,24505.668057981155,0.2850870569208855340803732880
2026-03-29 00:00:00+00:00,17519.419273451155,0.105251,66010.93,24467.135666881155,0.2839611668493940576339804311
2026-03-30 00:00:00+00:00,17519.419273451155,0.105251,66797.37,24549.909263321155,0.2863753961149631932006501199
2026-03-31 00:00:00+00:00,17519.419273451155,0.105251,68284.48,24706.429077931155,0.2908963404549525228057978119
2026-04-01 00:00:00+00:00,17294.266128807914,0.108544,68113.92,24687.623461287914,0.2994762676963763251663791044
2026-04-02 00:00:00+00:00,17281.375862337770,0.108733,66901.99,24555.829941007770,0.2962414260135349666013503866
2026-04-03 00:00:00+00:00,17188.998082930297,0.110112,66964.3,24562.571084530297,0.3001954875254868996169333131
2026-04-04 00:00:00+00:00,17188.998082930297,0.110112,67300.42,24599.581929970297,0.3012483654452475477577687512
2026-04-05 00:00:00+00:00,17219.714391690775,0.109655,69034.18,24789.657399590775,0.3053669877674454591522161524
2026-04-06 00:00:00+00:00,17352.639263462023,0.107727,68853.66,24770.037494282023,0.2994504240266996219616105072
2026-04-07 00:00:00+00:00,17339.057459019697,0.107924,71924.22,25101.406978299697,0.3092396185596525892890739058
2026-04-08 00:00:00+00:00,17570.711526227347,0.104699,71069.93,25011.662127297347,0.2974992450801204400890218945
2026-04-09 00:00:00+00:00,17508.088683827427,0.105579,71787.97,25087.390768457427,0.3021159974180940292534543863
2026-04-10 00:00:00+00:00,17561.142728990667,0.104839,72962.7,25210.479234290667,0.3034189248927708873143507243
2026-04-11 00:00:00+00:00,17647.272537710481,0.103657,73043.16,25218.707373830481,0.3002308851078107933563506750
2026-04-12 00:00:00+00:00,17653.108394021841,0.103577,70740.98,24980.246879481841,0.2933172966948669723130500772
2026-04-13 00:00:00+00:00,17486.012110839789,0.105936,74417.99,25369.556299479789,0.3107482092149027705566886002
2026-04-14 00:00:00+00:00,17758.399516278789,0.102271,74131.55,25339.907266328789,0.2991924031278587406401124299
2026-04-15 00:00:00+00:00,17737.912610078649,0.102547,74809.99,25409.452654608649,0.3019167767527086636687314069
2026-04-16 00:00:00+00:00,17786.625314611125,0.101895,75154.29,25444.471694161125,0.3009630725132047351574817055
2026-04-17 00:00:00+00:00,17811.168816086697,0.101568,77072.0,25639.217712086697,0.3053154344997719978709767456
2026-04-18 00:00:00+00:00,17947.331959275300,0.099799,75691.76,25501.293915515300,0.2962187715362974932806403013
2026-04-19 00:00:00+00:00,17850.851086501676,0.101072,73801.79,25310.145605381676,0.2947155909404936879308085723
2026-04-20 00:00:00+00:00,17716.948377381596,0.102884,75840.97,25519.770734861596,0.3057559740072765920099674873
2026-04-21 00:00:00+00:00,17863.661361125039,0.100947,76336.15,25569.566695175039,0.3013701962929273824446825372
2026-04-22 00:00:00+00:00,17898.654099610301,0.100488,78178.23,25754.628075850301,0.3050315443540192289421843299
2026-04-23 00:00:00+00:00,18028.105083034913,0.098830,78257.48,25762.291831434913,0.3002134592296953964198743451
2026-04-24 00:00:00+00:00,18033.654140949509,0.098759,77437.13,25681.267662619509,0.2977895648352873229937700567
2026-04-25 00:00:00+00:00,17976.818934818332,0.099492,77625.0,25699.885434818332,0.3005097637336838582587234354
2026-04-26 00:00:00+00:00,17989.920505605832,0.099323,78657.55,25802.424344255832,0.3027817748602072495616175290
2026-04-27 00:00:00+00:00,18061.641490109737,0.098410,77371.32,25675.753091309737,0.2965487155964701316139983958
2026-04-28 00:00:00+00:00,17972.936161499917,0.099555,76342.77,25573.240628849917,0.2971975502696312700439618997
2026-04-29 00:00:00+00:00,17972.936161499917,0.099555,75780.0,25517.214061499917,0.2956544504355873583037224839
2026-04-30 00:00:00+00:00,17861.925895517917,0.101018,76346.57,25574.303703777917,0.3015674599625835821430608928
2026-05-01 00:00:00+00:00,17902.031990806513,0.100492,78231.13,25763.634706766513,0.3051433854515583282772604947
2026-05-02 00:00:00+00:00,18034.383244432027,0.098798,78686.85,25808.486650732027,0.3012227532558363630981202795
2026-05-03 00:00:00+00:00,18065.974232369443,0.098396,78568.57,25796.807246089443,0.2996817761194817109538418574
2026-05-04 00:00:00+00:00,18065.974232369443,0.098396,79861.01,25923.978172329443,0.3031172101644269258618553623
2026-05-05 00:00:00+00:00,18146.688509344687,0.097384,80905.52,26025.591669024687,0.3027367546482090446317299309
2026-05-06 00:00:00+00:00,18217.873620171178,0.096503,81447.01,26077.754426201178,0.3014017494594135418693298996
2026-05-07 00:00:00+00:00,18254.395787041441,0.096054,80006.0,25939.292111041441,0.2962646895336365370638250633
2026-05-08 00:00:00+00:00,18157.382567595641,0.097265,80193.17,25957.371247645641,0.3004922419005532624629215749
2026-05-09 00:00:00+00:00,18170.196796214201,0.097105,80678.4,26004.472828214201,0.3012664814915996657557013507
2026-05-10 00:00:00+00:00,18203.151369193604,0.096696,82210.07,26152.536297913604,0.3039622940645411020608002099
2026-05-11 00:00:00+00:00,18306.683500495853,0.095435,81745.65,26108.079608245853,0.2988115642671031141774753508
2026-05-12 00:00:00+00:00,18275.661619269171,0.095814,80504.47,25989.116907849171,0.2967955900898810710008625997
2026-05-13 00:00:00+00:00,18192.311783180597,0.096848,79313.61,25873.676284460597,0.2968795163404487072005039215
2026-05-14 00:00:00+00:00,18111.544981286816,0.097865,81089.99,26047.416852636816,0.3046702065025169943011396598
2026-05-15 00:00:00+00:00,18233.102840369816,0.096364,79113.21,25856.768208809816,0.2948421591930616769216509490
2026-05-16 00:00:00+00:00,18099.623800905216,0.098049,78148.05,25761.961955355216,0.2974283623168384842392436450
2026-05-17 00:00:00+00:00,18033.346353737361,0.098896,77457.67,25693.600086057361,0.2981385911924751545022007483
2026-05-18 00:00:00+00:00,17985.492842550254,0.099513,77001.87,25648.179931860254,0.2987614368609206743830623490
2026-05-19 00:00:00+00:00,17953.726825783326,0.099925,76834.36,25631.400248783326,0.2995417085480706271092627989
2026-05-20 00:00:00+00:00,17942.032820593790,0.100077,77552.23,25703.227342303790,0.3019540860900451108878771242
2026-05-21 00:00:00+00:00,17992.221342106814,0.099429,77615.52,25709.454880186814,0.3001710294537339427752048140
2026-05-22 00:00:00+00:00,17992.221342106814,0.099429,75539.5,25503.038287606814,0.2945067509524885488961473171
2026-05-23 00:00:00+00:00,17851.989043803914,0.101283,76752.01,25625.662872633914,0.3033550338762803262190419576
2026-05-24 00:00:00+00:00,17937.916185114314,0.100162,77064.96,25656.896708634314,0.3008540203119082566390270485
2026-05-25 00:00:00+00:00,17959.851146146634,0.099877,77322.01,25682.541538916634,0.3006980590712894863077412784
2026-05-26 00:00:00+00:00,17977.766532148418,0.099645,75930.01,25543.812378598418,0.2961987715188952099006529027
2026-05-27 00:00:00+00:00,17880.601829249804,0.100923,74449.3,25394.248533149804,0.2958798601223281180932527640
2026-05-28 00:00:00+00:00,17775.864567035089,0.102328,73617.51,25308.997130315089,0.2976464268612533081830064025
2026-05-29 00:00:00+00:00,17716.230569809305,0.103137,73460.78,25292.755036669305,0.2995531509270379658105814129
2026-05-30 00:00:00+00:00,17704.976459120163,0.103290,73884.38,25336.494069320163,0.3012065358893110402523572808
2026-05-31 00:00:00+00:00,17735.524827866847,0.102876,73674.39,25314.851373506847,0.2994023719045853394751146278
2026-06-01 00:00:00+00:00,17720.401943691912,0.103081,71408.9,25081.302764591912,0.2934815982243004640216167148
2026-06-02 00:00:00+00:00,17556.734480128182,0.105370,66760.83,24591.323137228182,0.2860597869356006383032004145
2026-06-03 00:00:00+00:00,17556.734480128182,0.105370,64142.75,24315.456047628182,0.2779598932572465684066664274
2026-06-04 00:00:00+00:00,17556.734480128182,0.105370,63885.99,24288.401246428182,0.2771556142374726871631561677
2026-06-05 00:00:00+00:00,17556.734480128182,0.105370,61056.47,23990.254724028182,0.2681722356810287934837701495
2026-06-06 00:00:00+00:00,17556.734480128182,0.105370,60884.62,23972.146889528182,0.2676194351287936591916818997
2026-06-07 00:00:00+00:00,17556.734480128182,0.105370,63332.01,24230.028373828182,0.2754142005425008222942831048
2026-06-08 00:00:00+00:00,17556.734480128182,0.105370,63085.99,24204.105246428182,0.2746381532645565363056377305
2026-06-09 00:00:00+00:00,17556.734480128182,0.105370,61730.0,24061.224580128182,0.2703308004270058833946374949
2026-06-10 00:00:00+00:00,17556.734480128182,0.105370,61510.99,24038.147496428182,0.2696303039684347711511432712
2026-06-11 00:00:00+00:00,17556.734480128182,0.105370,63625.99,24261.005046428182,0.2763393583023483973139347518
2026-06-12 00:00:00+00:00,17556.734480128182,0.105370,63580.01,24256.160133828182,0.2761948147084019098549693059
2026-06-13 00:00:00+00:00,17556.734480128182,0.105370,64458.01,24348.674993828182,0.2789449740251409003445935790
2026-06-14 00:00:00+00:00,17556.734480128182,0.105370,65746.45,24484.437916628182,0.2829431273893026632284456268
2026-06-15 00:00:00+00:00,17138.570121842662,0.111722,66328.74,24548.949612122662,0.3018613670794548649868848779
2026-06-16 00:00:00+00:00,17184.211213050244,0.111033,65675.01,24476.304598380244,0.2979246052450485179406248608
2026-06-17 00:00:00+00:00,17133.378425762646,0.111806,64509.4,24345.916402162646,0.2962524744297286246815685734
2026-06-18 00:00:00+00:00,17042.043552983566,0.113220,62958.01,24170.149445183566,0.2949136044179665554935674727
2026-06-19 00:00:00+00:00,16918.989755217390,0.115172,63543.91,24237.468957737390,0.3019489871356267555497651457
2026-06-20 00:00:00+00:00,16966.204957157310,0.114428,64298.01,24323.697645437310,0.3024824924042802284737364081
2026-06-21 00:00:00+00:00,17026.566514389090,0.113488,63311.99,24211.717635509090,0.2967633783479368886055014002
2026-06-22 00:00:00+00:00,16948.147758361890,0.114725,64020.01,24292.843405611890,0.3023398918198806560657666753
2026-06-23 00:00:00+00:00,17004.923622542346,0.113837,62734.57,24146.438867632346,0.2957585292075101699960230319
2026-06-24 00:00:00+00:00,16902.407706638634,0.115469,61077.99,23955.022133948634,0.2944106829822193934751830308
2026-06-25 00:00:00+00:00,16768.350682769834,0.117661,59794.0,23803.772516769834,0.2955591106007891302959279255
2026-06-26 00:00:00+00:00,16768.350682769834,0.117661,60097.27,23839.455568239834,0.2966135222857393901914346763
2026-06-27 00:00:00+00:00,16768.350682769834,0.117661,60029.0,23831.422851769834,0.2963764359741308063280057229
2026-06-28 00:00:00+00:00,16768.350682769834,0.117661,59577.01,23778.241256379834,0.2948027357460345173003252972
2026-06-29 00:00:00+00:00,16768.350682769834,0.117661,60260.21,23858.627251579834,0.2971787309490116174546420805
2026-06-30 00:00:00+00:00,16768.350682769834,0.117661,58624.71,23666.192686079834,0.2914639500660884320415282491
2026-07-01 00:00:00+00:00,16768.350682769834,0.117661,60024.0,23830.834546769834,0.2963590658203486616126354817
2026-07-02 00:00:00+00:00,16681.503247685834,0.119106,61560.0,24013.668607685834,0.3053329951281688498325526778
2026-07-03 00:00:00+00:00,16809.443069417834,0.117025,62583.26,24133.249070917834,0.3034736839610076396047957630
2026-07-04 00:00:00+00:00,16893.195617778914,0.115685,63144.01,24198.010414628914,0.3018766696799945238739525705
2026-07-05 00:00:00+00:00,16938.600202185554,0.114965,63650.0,24256.122452185554,0.3016773296896292632867835809
2026-07-06 00:00:00+00:00,16979.283251777234,0.114325,64042.02,24300.887188277234,0.3012895734947466102521029249
2026-07-07 00:00:00+00:00,17010.687451805015,0.113834,63363.99,24223.663889465015,0.2977657083822467199654856283
2026-07-08 00:00:00+00:00,16956.504249092215,0.114688,62290.0,24100.419769092215,0.2964228668399284164075904151
2026-07-09 00:00:00+00:00,16870.182803066223,0.116072,63230.0,24209.415363066223,0.3031561254137801581204884892
2026-07-10 00:00:00+00:00,16946.528506549506,0.114863,64161.72,24316.336150909506,0.3030805133891170711830086988
2026-07-11 00:00:00+00:00,17021.371972353858,0.113695,63819.0,24277.273177353858,0.2988762844983922979942817776
2026-07-12 00:00:00+00:00,16994.085829151407,0.114122,63780.0,24272.786989151407,0.2998708456203721787984729679
2026-07-13 00:00:00+00:00,16994.085829151407,0.114122,62334.52,24107.825920591407,0.2950801169243504954465060550
2026-07-14 00:00:00+00:00,16875.371443777255,0.116024,65043.98,24422.034179297255,0.3090104075735576387957655280
2026-07-15 00:00:00+00:00,17095.194164416447,0.112640,64756.28,24389.341543616447,0.2990711071947383615834554440
2026-07-16 00:00:00+00:00,17072.564842772211,0.112989,63830.2,24284.675310572211,0.2969819598395142659116850141
2026-07-17 00:00:00+00:00,16999.192512981731,0.114137,63931.67,24296.161531771731,0.3003342321892230410467293132
2026-07-18 00:00:00+00:00,17007.365128511843,0.114009,64834.22,24399.049716491843,0.3029496916424495519812933474
2026-07-19 00:00:00+00:00,17079.302295772340,0.112898,64722.54,24386.347616692340,0.2996367244399633637290490334
2026-07-20 00:00:00+00:00,17070.488586025500,0.113034,65255.51,24446.579903365500,0.3017228318438339838870293970
2026-07-21 00:00:00+00:00,17112.588843908202,0.112388,66556.16,24592.702553988202,0.3041598902625262272094293425
2026-07-22 00:00:00+00:00,17214.819130241892,0.110850,66114.49,24543.610346741892,0.2986028181250392214833925314
2026-07-23 00:00:00+00:00,17180.527297737592,0.111368,65098.97,24430.469388697592,0.2967581987726393108056069004
2026-07-24 00:00:00+00:00,17101.264029590008,0.112584,64139.99,24322.400663750008,0.2968924299040245730710888067
2026-07-25 00:00:00+00:00,17025.608885594008,0.113762,64375.0,24349.037635594008,0.3007687145423125868609775955
2026-07-26 00:00:00+00:00,17044.317660437725,0.113471,65399.99,24465.319925727725,0.3033274156160155365910603392
2026-07-27 00:00:00+00:00,17125.634810537725,0.112226,63755.86,24280.699954897725,0.2946811730160494261982743757
2026-07-28 00:00:00+00:00,16996.361356736275,0.114251,63915.0,24298.714021736275,0.3005242441417978904219680951
2026-07-29 00:00:00+00:00,17009.127738836275,0.114051,63984.28,24306.598857116275,0.3002259247037151706512435130
2026-07-30 00:00:00+00:00,17014.623234332653,0.113965,64780.02,24397.278213632653,0.3026015818098404779404996406
2026-07-31 00:00:00+00:00,17078.025133974433,0.112985,62887.88,24183.412255774433,0.2938124300512389358165092769
2026-08-01 00:00:00+00:00,17078.025133974433,0.112985,62823.64,24176.154099374433,0.2936004186697199590197003545
2026-08-02 00:00:00+00:00,17078.025133974433,0.112985,63570.0,24260.481583974433,0.2960558068535812647870570611
2026-08-03 00:00:00+00:00,16982.227894199868,0.114490,63520.0,24254.632694199868,0.2998357011499533713813889809
2026-08-04 00:00:00+00:00,16982.227894199868,0.114490,64136.0,24325.158534199868,0.3018656848495451087981999138
