timestamp,cash,qty,price,equity,allocation_pct
2020-06-01 00:00:00+00:00,10000,0,10200.77,10000.00,0
2020-06-02 00:00:00+00:00,487.651653396625,0.931125,9518.04,9350.136648396625,0.9478455051798362526463952750
2020-06-03 00:00:00+00:00,487.651653396625,0.931125,9666.24,9488.129373396625,0.9486040257035352640005929360
2020-06-04 00:00:00+00:00,487.651653396625,0.931125,9789.06,9602.490145896625,0.9492161256103959366650908178
2020-06-05 00:00:00+00:00,487.651653396625,0.931125,9621.16,9446.154258396625,0.9483756415513588907103460812
2020-06-06 00:00:00+00:00,487.651653396625,0.931125,9666.3,9488.185240896625,0.9486043283288024891166846009
2020-06-07 00:00:00+00:00,487.651653396625,0.931125,9746.99,9563.317717146625,0.9490081091290853832874857164
2020-06-08 00:00:00+00:00,487.651653396625,0.931125,9782.01,9595.925714646625,0.9491813851109430948698814011
2020-06-09 00:00:00+00:00,487.651653396625,0.931125,9772.43,9587.005537146625,0.9491341012053108207577716455
2020-06-10 00:00:00+00:00,487.651653396625,0.931125,9885.0,9691.822278396625,0.9496842142386766843402062701
2020-06-11 00:00:00+00:00,487.651653396625,0.931125,9280.4,9128.864103396625,0.9465813437604814539028524569
2020-06-12 00:00:00+00:00,487.651653396625,0.931125,9465.13,9300.870824646625,0.9475692478058738422424440745
2020-06-13 00:00:00+00:00,487.651653396625,0.931125,9473.34,9308.515360896625,0.9476123060992990740516665987
2020-06-14 00:00:00+00:00,487.651653396625,0.931125,9342.1,9186.314515896625,0.9469154193934075162770960260
2020-06-15 00:00:00+00:00,487.651653396625,0.931125,9426.02,9264.454525896625,0.9473631553769832456282807862
2020-06-16 00:00:00+00:00,487.651653396625,0.931125,9525.59,9357.166642146625,0.9478846885979201745132637293
2020-06-17 00:00:00+00:00,487.651653396625,0.931125,9465.14,9300.880135896625,0.9475693002950828455250188367
2020-06-18 00:00:00+00:00,487.651653396625,0.931125,9386.32,9227.488863396625,0.9471522902258891323344810113
2020-06-19 00:00:00+00:00,487.651653396625,0.931125,9310.23,9156.639562146625,0.9467433822105909110571335283
2020-06-20 00:00:00+00:00,487.651653396625,0.931125,9358.95,9202.003972146625,0.9470059288310797585999067346
2020-06-21 00:00:00+00:00,487.651653396625,0.931125,9294.69,9142.169879646625,0.9466590908048763644515839149
2020-06-22 00:00:00+00:00,487.651653396625,0.931125,9685.69,9506.239754646625,0.9487019404114795070401531831
2020-06-23 00:00:00+00:00,487.651653396625,0.931125,9624.89,9449.627354646625,0.9483946154599594734218133810
2020-06-24 00:00:00+00:00,487.651653396625,0.931125,9296.49,9143.845904646625,0.9466688679487899912516519670
2020-06-25 00:00:00+00:00,487.651653396625,0.931125,9249.49,9100.083029646625,0.9464123951607987119805375276
2020-06-26 00:00:00+00:00,487.651653396625,0.931125,9162.21,9018.814439646625,0.9459295169381783891151915959
2020-06-27 00:00:00+00:00,3603.474910926157,0.590609,9012.0,8926.043218926157,0.5962964975023198262944758214
2020-06-28 00:00:00+00:00,3603.474910926157,0.590609,9116.35,8987.673268076157,0.5990647630988600179759761286
2020-06-29 00:00:00+00:00,3603.474910926157,0.590609,9192.56,9032.683579966157,0.6010626433412983301955319417
2020-06-30 00:00:00+00:00,3603.474910926157,0.590609,9138.55,9000.784787876157,0.5996488088705384905862226575
2020-07-01 00:00:00+00:00,3603.474910926157,0.590609,9232.0,9055.977198926157,0.6020887827154146130908400448
2020-07-02 00:00:00+00:00,448.703950097971,0.931887,9086.54,8916.332451077971,0.9496761754275185896077957881
2020-07-03 00:00:00+00:00,3562.487972304217,0.588760,9058.26,8895.629129904217,0.5995237750719295315032670012
2020-07-04 00:00:00+00:00,3562.487972304217,0.588760,9135.46,8941.081401904217,0.6015596087129348768232309447
2020-07-05 00:00:00+00:00,3562.487972304217,0.588760,9069.41,8902.193803904217,0.5998190950704955549385090960
2020-07-06 00:00:00+00:00,3562.487972304217,0.588760,9344.2,9063.979164304217,0.6069620298407111201704378041
2020-07-07 00:00:00+00:00,449.113001624830,0.921577,9257.39,8980.510705654830,0.9499902604267223439343107389
2020-07-08 00:00:00+00:00,449.113001624830,0.921577,9436.06,9145.168868244830,0.9508906824909155339837459139
2020-07-09 00:00:00+00:00,449.113001624830,0.921577,9232.43,8957.508143734830,0.9498618371964356947359286546
2020-07-10 00:00:00+00:00,449.113001624830,0.921577,9288.34,9009.033513804830,0.9501485924170844971264519575
2020-07-11 00:00:00+00:00,449.113001624830,0.921577,9234.03,8958.982666934830,0.9498700892365397667886285349
2020-07-12 00:00:00+00:00,449.113001624830,0.921577,9302.75,9022.313438374830,0.9502219686012451632041377629
2020-07-13 00:00:00+00:00,449.113001624830,0.921577,9242.62,8966.899013364830,0.9499143459789784909398186480
2020-07-14 00:00:00+00:00,449.113001624830,0.921577,9255.85,8979.091477074830,0.9499823559241496766751556595
2020-07-15 00:00:00+00:00,449.113001624830,0.921577,9197.6,8925.409616824830,0.9496815248929046112949384092
2020-07-16 00:00:00+00:00,3566.114024106910,0.582243,9133.72,8884.158558066910,0.5985985616084214612958937827
2020-07-17 00:00:00+00:00,3566.114024106910,0.582243,9154.32,8896.152763866910,0.5991397496464730795264083105
2020-07-18 00:00:00+00:00,6223.849005452398,0.291539,9170.28,8897.343266372398,0.3004823103796050604775279258
2020-07-19 00:00:00+00:00,6223.849005452398,0.291539,9208.99,8908.628741062398,0.3013684612576892220448231953
2020-07-20 00:00:00+00:00,437.926070902073,0.919014,9160.78,8856.811141822073,0.9505548821252182209523163955
2020-07-21 00:00:00+00:00,437.926070902073,0.919014,9390.0,9067.467530902073,0.9517035964662002910557922125
2020-07-22 00:00:00+00:00,4754.805522592073,0.458684,9518.16,9120.633224032073,0.4786759421414321118750096389
2020-07-23 00:00:00+00:00,4754.805522592073,0.458684,9603.27,9159.671819272073,0.4808978294846876418246281908
2020-07-24 00:00:00+00:00,452.399750804390,0.906117,9537.8,9094.762473404390,0.9502571120326305993527759185
2020-07-25 00:00:00+00:00,452.399750804390,0.906117,9700.42,9242.115219944390,0.9510501935933328367730223168
2020-07-26 00:00:00+00:00,452.399750804390,0.906117,9931.54,9451.536980984390,0.9521347954608254655208806071
2020-07-27 00:00:00+00:00,452.399750804390,0.906117,11029.96,10446.834016124390,0.9566950379314801113263617865
2020-07-28 00:00:00+00:00,452.399750804390,0.906117,10906.27,10334.756404394390,0.9562254074404668727167760606
2020-07-29 00:00:00+00:00,452.399750804390,0.906117,11100.53,10510.778692814390,0.9569584933689385468211578379
2020-07-30 00:00:00+00:00,452.399750804390,0.906117,11099.61,10509.945065174390,0.9569550794034637138898147003
2020-07-31 00:00:00+00:00,452.399750804390,0.906117,11335.46,10723.652759624390,0.9578129056446400736952977633
2020-08-01 00:00:00+00:00,452.399750804390,0.906117,11801.17,11145.640507694390,0.9594101612651084564645129316
2020-08-02 00:00:00+00:00,5844.451637432327,0.448614,11071.35,10811.214246332327,0.4594083972191153065395798898
2020-08-03 00:00:00+00:00,533.666573383175,0.927678,11219.81,10942.037474563175,0.9512278609332326482780721194
2020-08-04 00:00:00+00:00,533.666573383175,0.927678,11191.97,10916.210919043175,0.9511124714114673949940752235
2020-08-05 00:00:00+00:00,533.666573383175,0.927678,11744.91,11429.161192363175,0.9533065844114820566620598944
2020-08-06 00:00:00+00:00,533.666573383175,0.927678,11762.46,11445.441941263175,0.9533730041948666820484652495
2020-08-07 00:00:00+00:00,533.666573383175,0.927678,11594.23,11289.378671323175,0.9527284371513931643301150204
2020-08-08 00:00:00+00:00,533.666573383175,0.927678,11761.41,11444.467879363175,0.9533690356765743516722364606
2020-08-09 00:00:00+00:00,533.666573383175,0.927678,11681.68,11370.504112423175,0.9530657068405522968345019743
2020-08-10 00:00:00+00:00,533.666573383175,0.927678,11892.92,11566.466813143175,0.9538608823243446735140182303
2020-08-11 00:00:00+00:00,533.666573383175,0.927678,11392.08,11101.848563623175,0.9519299357827838407228473452
2020-08-12 00:00:00+00:00,533.666573383175,0.927678,11564.33,11261.641099123175,0.9526120066617354750135995905
2020-08-13 00:00:00+00:00,533.666573383175,0.927678,11780.0,11461.713413383175,0.9534391976019882303664137305
2020-08-14 00:00:00+00:00,533.666573383175,0.927678,11760.54,11443.660799503175,0.9533657469639135002354619183
2020-08-15 00:00:00+00:00,533.666573383175,0.927678,11852.4,11528.877300583175,0.9537104472994798816963838985
2020-08-16 00:00:00+00:00,533.666573383175,0.927678,11911.0,11583.239231383175,0.9539276913199479059329184773
2020-08-17 00:00:00+00:00,533.666573383175,0.927678,12281.13,11926.600689523175,0.9552540923205410872668985117
2020-08-18 00:00:00+00:00,533.666573383175,0.927678,11945.01,11614.789560163175,0.9540528417997719131761283687
2020-08-19 00:00:00+00:00,533.666573383175,0.927678,11754.59,11438.141115403175,0.9533432427525734226879426999
2020-08-20 00:00:00+00:00,533.666573383175,0.927678,11853.55,11529.944130283175,0.9537147303271392201654677360
2020-08-21 00:00:00+00:00,533.666573383175,0.927678,11531.34,11231.037001903175,0.9524828763993261175890269542
2020-08-22 00:00:00+00:00,533.666573383175,0.927678,11662.96,11353.137980263175,0.9529939146066113279566963445
2020-08-23 00:00:00+00:00,533.666573383175,0.927678,11648.13,11339.380515523175,0.9529368846338116950810963738
2020-08-24 00:00:00+00:00,533.666573383175,0.927678,11748.2,11432.213252983175,0.9533190501634565330146050728
2020-08-25 00:00:00+00:00,533.666573383175,0.927678,11318.42,11033.515802143175,0.9516322282984799459041337705
2020-08-26 00:00:00+00:00,533.666573383175,0.927678,11461.43,11166.183032923175,0.9522068936350340850268517619
2020-08-27 00:00:00+00:00,533.666573383175,0.927678,11330.38,11044.610831023175,0.9516808168664340326242791081
2020-08-28 00:00:00+00:00,533.666573383175,0.927678,11526.91,11226.927388363175,0.9524654827699049823314880923
2020-08-29 00:00:00+00:00,533.666573383175,0.927678,11465.84,11170.274092903175,0.9522243976338745269230252451
2020-08-30 00:00:00+00:00,533.666573383175,0.927678,11711.16,11397.852059863175,0.9531783207414624597027319726
2020-08-31 00:00:00+00:00,533.666573383175,0.927678,11649.51,11340.660711163175,0.9529421973749853468253836349
2020-09-01 00:00:00+00:00,533.666573383175,0.927678,11921.97,11593.415859043175,0.9539681333032748261259995840
2020-09-02 00:00:00+00:00,533.666573383175,0.927678,11388.54,11098.564583503175,0.9519157122195411575327616741
2020-09-03 00:00:00+00:00,533.666573383175,0.927678,10140.85,9941.110019683175,0.9463172047863340062306674151
2020-09-04 00:00:00+00:00,3971.019992768999,0.588190,10446.25,10115.399780268999,0.6074282698628647184160188727
2020-09-05 00:00:00+00:00,3971.019992768999,0.588190,10166.69,9950.965383868999,0.6009412313697506780765893888
2020-09-06 00:00:00+00:00,3971.019992768999,0.588190,10256.2,10003.614270768999,0.6030414722834231902921542626
2020-09-07 00:00:00+00:00,3971.019992768999,0.588190,10373.44,10072.573666368999,0.6057591511067609876739477104
2020-09-08 00:00:00+00:00,3971.019992768999,0.588190,10126.65,9927.414256268999,0.5999945312787400690374243007
2020-09-09 00:00:00+00:00,3971.019992768999,0.588190,10219.2,9981.851240768999,0.6021759995230030355113577297
2020-09-10 00:00:00+00:00,3971.019992768999,0.588190,10336.87,10051.063558068999,0.6049154430447251420460430651
2020-09-11 00:00:00+00:00,3971.019992768999,0.588190,10387.89,10081.073011868999,0.6060915352866009574352718726
2020-09-12 00:00:00+00:00,3971.019992768999,0.588190,10440.92,10112.264727568999,0.6073065628965553062323842906
2020-09-13 00:00:00+00:00,3971.019992768999,0.588190,10332.83,10048.687270468999,0.6048220144695914175897899243
2020-09-14 00:00:00+00:00,3971.019992768999,0.588190,10671.77,10248.048389068999,0.6125096367612143061254931565
2020-09-15 00:00:00+00:00,3971.019992768999,0.588190,10785.31,10314.831481668999,0.6150184324556250386021812415
2020-09-16 00:00:00+00:00,3971.019992768999,0.588190,10954.01,10414.059134668999,0.6186866291598780990538852755
2020-09-17 00:00:00+00:00,516.218604177833,0.903172,10939.99,10396.911252457833,0.9503488496109073967438429986
2020-09-18 00:00:00+00:00,516.218604177833,0.903172,10933.39,10390.950317257833,0.9503203664326572536494949235
2020-09-19 00:00:00+00:00,516.218604177833,0.903172,11080.65,10523.951425977833,0.9509482148593375376796220244
2020-09-20 00:00:00+00:00,516.218604177833,0.903172,10920.28,10379.109732337833,0.9502636914446073770759700025
2020-09-21 00:00:00+00:00,516.218604177833,0.903172,10417.22,9924.760026017833,0.9479867923431335317539842852
2020-09-22 00:00:00+00:00,3965.422669290551,0.571635,10529.61,9984.516281640551,0.6028427860263858135089972258
2020-09-23 00:00:00+00:00,3965.422669290551,0.571635,10241.46,9819.799656390551,0.5961808989952331216599835598
2020-09-24 00:00:00+00:00,3965.422669290551,0.571635,10736.32,10102.678952490551,0.6074880051183869543201109298
2020-09-25 00:00:00+00:00,3965.422669290551,0.571635,10686.67,10074.297274740551,0.6063822060092350468154008314
2020-09-26 00:00:00+00:00,3965.422669290551,0.571635,10728.6,10098.265930290551,0.6073164742675323456336323884
2020-09-27 00:00:00+00:00,3965.422669290551,0.571635,10774.25,10124.361068040551,0.6083286004281146077083033883
2020-09-28 00:00:00+00:00,3965.422669290551,0.571635,10696.12,10079.699225490551,0.6065931551546306304735735594
2020-09-29 00:00:00+00:00,3965.422669290551,0.571635,10840.48,10162.220454090551,0.6097877735279430996015736724
2020-09-30 00:00:00+00:00,503.628725239363,0.890557,10776.59,10100.796385869363,0.9501397012671277304326441023
2020-10-01 00:00:00+00:00,7062.022363696573,0.281187,10619.13,10047.983671006573,0.2971701990247040778935806672
2020-10-02 00:00:00+00:00,7062.022363696573,0.281187,10570.4,10034.281428496573,0.2962104547276317319036764541
2020-10-03 00:00:00+00:00,493.186612138973,0.901817,10542.06,10000.195535158973,0.9506823031204726520606008431
2020-10-04 00:00:00+00:00,493.186612138973,0.901817,10666.63,10112.534878848973,0.9512301694829745406316442526
2020-10-05 00:00:00+00:00,493.186612138973,0.901817,10792.21,10225.785057708973,0.9517702934928041055646771546
2020-10-06 00:00:00+00:00,493.186612138973,0.901817,10599.66,10052.140194358973,0.9509371534217421835954088707
2020-10-07 00:00:00+00:00,493.186612138973,0.901817,10666.39,10112.318442768973,0.9512291256520272550135326964
2020-10-08 00:00:00+00:00,493.186612138973,0.901817,10925.57,10346.051372828973,0.9523309333806141252903371111
2020-10-09 00:00:00+00:00,493.186612138973,0.901817,11050.64,10458.841625018973,0.9528450061850823438296065060
2020-10-10 00:00:00+00:00,493.186612138973,0.901817,11293.22,10677.604392878973,0.9538111177383678610826878429
2020-10-11 00:00:00+00:00,493.186612138973,0.901817,11369.02,10745.962121478973,0.9541049366670301048393005581
2020-10-12 00:00:00+00:00,493.186612138973,0.901817,11528.25,10889.558442388973,0.9547101368023167760650687031
2020-10-13 00:00:00+00:00,493.186612138973,0.901817,11420.56,10792.441769658973,0.9543025922525262742398009045
2020-10-14 00:00:00+00:00,493.186612138973,0.901817,11417.89,10790.033918268973,0.9542923946416941292636295868
2020-10-15 00:00:00+00:00,493.186612138973,0.901817,11505.12,10868.699415178973,0.9546232172498762786825251338
2020-10-16 00:00:00+00:00,493.186612138973,0.901817,11319.32,10701.141816578973,0.9539127113169462827527015048
2020-10-17 00:00:00+00:00,493.186612138973,0.901817,11360.2,10738.008095538973,0.9540709405551795240061376790
2020-10-18 00:00:00+00:00,493.186612138973,0.901817,11503.14,10866.913817518973,0.9546157611608285928290877972
2020-10-19 00:00:00+00:00,493.186612138973,0.901817,11751.47,11090.862033128973,0.9555321659699850807763044431
2020-10-20 00:00:00+00:00,493.186612138973,0.901817,11909.99,11233.818063968973,0.9560980417049119172863238122
2020-10-21 00:00:00+00:00,493.186612138973,0.901817,12780.96,12019.273616458973,0.9589670201480718192064809911
2020-10-22 00:00:00+00:00,6302.463565392098,0.446692,12968.52,12095.397701232098,0.4789370534918337256712789733
2020-10-23 00:00:00+00:00,6302.463565392098,0.446692,12923.07,12075.095549832098,0.4780609777054946280966454099
2020-10-24 00:00:00+00:00,596.347631173482,0.887664,13111.73,12235.158329893482,0.9512595084514387530873276695
2020-10-25 00:00:00+00:00,6415.887428212902,0.443244,13028.83,12190.838152732902,0.4737123610508593735254687403
2020-10-26 00:00:00+00:00,6415.887428212902,0.443244,13052.19,12201.192332572902,0.4741589794396786968345159921
2020-10-27 00:00:00+00:00,6415.887428212902,0.443244,13636.17,12460.037963692902,0.4850828346664713234705521488
2020-10-28 00:00:00+00:00,615.484111135366,0.868061,13266.4,12131.528561535366,0.9492657410800778476822746890
2020-10-29 00:00:00+00:00,615.484111135366,0.868061,13455.7,12295.852508835366,0.9499437626880201415261120149
2020-10-30 00:00:00+00:00,615.484111135366,0.868061,13560.1,12386.478077235366,0.9503099987504486289847329867
2020-10-31 00:00:00+00:00,615.484111135366,0.868061,13791.0,12586.913362135366,0.9511012673697350921546152801
2020-11-01 00:00:00+00:00,615.484111135366,0.868061,13761.5,12561.305562635366,0.9510015811599891346855130618
2020-11-02 00:00:00+00:00,6586.913415308110,0.433573,13549.37,12461.554414318110,0.4714212050673340822966156776
2020-11-03 00:00:00+00:00,6586.913415308110,0.433573,14023.53,12667.137387998110,0.4799998441992825727221469562
2020-11-04 00:00:00+00:00,625.624374854050,0.858113,14144.01,12762.783227984050,0.9509805687616563301604442497
2020-11-05 00:00:00+00:00,6692.565236247763,0.428614,15590.02,13374.666068527763,0.4996087975612196018958353899
2020-11-06 00:00:00+00:00,6692.565236247763,0.428614,15579.92,13370.337067127763,0.4994467826318255661303299341
2020-11-07 00:00:00+00:00,660.691727097277,0.815268,14818.3,12741.577531497277,0.9481467875179472868949760603
2020-11-08 00:00:00+00:00,660.691727097277,0.815268,15475.1,13277.045553897277,0.9502380462268323782255329680
2020-11-09 00:00:00+00:00,660.691727097277,0.815268,15328.41,13157.453890977277,0.9497857463479050227677718598
2020-11-10 00:00:00+00:00,660.691727097277,0.815268,15297.21,13132.017529377277,0.9496884827012101057569290087
2020-11-11 00:00:00+00:00,660.691727097277,0.815268,15684.24,13447.550703417277,0.9508689915607172438566353097
2020-11-12 00:00:00+00:00,660.691727097277,0.815268,16291.86,13942.923845577277,0.9526145495439358853274239714
2020-11-13 00:00:00+00:00,660.691727097277,0.815268,16320.7,13966.436174697277,0.9526943223859613193954717205
2020-11-14 00:00:00+00:00,660.691727097277,0.815268,16070.45,13762.415357697277,0.9519930397444548765936585107
2020-11-15 00:00:00+00:00,660.691727097277,0.815268,15957.0,13669.923203097277,0.9516682195443804623550657486
2020-11-16 00:00:00+00:00,660.691727097277,0.815268,16713.57,14286.730513857277,0.9537548687954570566724622701
2020-11-17 00:00:00+00:00,660.691727097277,0.815268,17659.38,15057.819140937277,0.9561230135045869524417372737
2020-11-18 00:00:00+00:00,660.691727097277,0.815268,17776.12,15152.993527257277,0.9563986003221857403031218901
2020-11-19 00:00:00+00:00,660.691727097277,0.815268,17802.82,15174.761182857277,0.9564611449804131658204982710
2020-11-20 00:00:00+00:00,660.691727097277,0.815268,18655.67,15870.062496657277,0.9583686751557255059910805159
2020-11-21 00:00:00+00:00,660.691727097277,0.815268,18703.8,15909.301345497277,0.9584713550426104044594973901
2020-11-22 00:00:00+00:00,660.691727097277,0.815268,18414.43,15673.387244337277,0.9578462704457211765833965187
2020-11-23 00:00:00+00:00,660.691727097277,0.815268,18368.0,15635.534351097277,0.9577442182491888611042055492
2020-11-24 00:00:00+00:00,660.691727097277,0.815268,19160.01,16281.234759777277,0.9594200478744085692013405929
2020-11-25 00:00:00+00:00,660.691727097277,0.815268,18719.11,15921.783098577277,0.9585039110879286855688136565
2020-11-26 00:00:00+00:00,660.691727097277,0.815268,17149.47,14642.105835057277,0.9548772741749074711811823087
2020-11-27 00:00:00+00:00,660.691727097277,0.815268,17139.52,14633.993918457277,0.9548522617421637240772924994
2020-11-28 00:00:00+00:00,660.691727097277,0.815268,17719.85,15107.118396897277,0.9562661978453170212909177679
2020-11-29 00:00:00+00:00,660.691727097277,0.815268,18184.99,15486.332154417277,0.9573371072950399565528554020
2020-11-30 00:00:00+00:00,660.691727097277,0.815268,19695.87,16718.104270257277,0.9604804637884275181469426697
2020-12-01 00:00:00+00:00,660.691727097277,0.815268,18764.96,15959.163136377277,0.9586011044907926336959669530
2020-12-02 00:00:00+00:00,660.691727097277,0.815268,19204.09,16317.171773217277,0.9595094213458165003689726757
2020-12-03 00:00:00+00:00,660.691727097277,0.815268,19421.9,16494.745296297277,0.9599453210565434810938516188
2020-12-04 00:00:00+00:00,660.691727097277,0.815268,18650.52,15865.863866457277,0.9583576581358374983778282367
2020-12-05 00:00:00+00:00,660.691727097277,0.815268,19147.66,16271.166199977277,0.9593949370944167684277969229
2020-12-06 00:00:00+00:00,660.691727097277,0.815268,19359.4,16443.791046297277,0.9598212039281508656528723380
2020-12-07 00:00:00+00:00,8622.325230218122,0.403463,19166.9,16355.460204918122,0.4728167155073160038319024493
2020-12-08 00:00:00+00:00,8622.325230218122,0.403463,18324.11,16015.425623148122,0.4616237224594442094885474281
2020-12-09 00:00:00+00:00,790.620824046630,0.830307,18541.28,16185.575397006630,0.9511527514682704521992203455
2020-12-10 00:00:00+00:00,790.620824046630,0.830307,18254.63,15947.567895456630,0.9504237367585139231717288630
2020-12-11 00:00:00+00:00,790.620824046630,0.830307,18036.53,15766.477938756630,0.9498543157756779483120251453
2020-12-12 00:00:00+00:00,790.620824046630,0.830307,18808.69,16407.607791876630,0.9518137662677392492576745396
2020-12-13 00:00:00+00:00,790.620824046630,0.830307,19174.99,16711.749245976630,0.9526907200192120679529521578
2020-12-14 00:00:00+00:00,790.620824046630,0.830307,19273.14,16793.243878026630,0.9529203035584369980240597101
2020-12-15 00:00:00+00:00,790.620824046630,0.830307,19426.43,16920.521638056630,0.9532744414765315090683130404
2020-12-16 00:00:00+00:00,790.620824046630,0.830307,21335.52,18505.652428686630,0.9572767927478717172303053072
2020-12-17 00:00:00+00:00,790.620824046630,0.830307,22797.16,19719.262352166630,0.9599061663703783779090979585
2020-12-18 00:00:00+00:00,790.620824046630,0.830307,23107.39,19976.848492776630,0.9604231456061496255166120432
2020-12-19 00:00:00+00:00,790.620824046630,0.830307,23821.61,20569.870358316630,0.9615641318941529883665567407
2020-12-20 00:00:00+00:00,790.620824046630,0.830307,23455.52,20265.903268686630,0.9609876345719937076171497672
2020-12-21 00:00:00+00:00,790.620824046630,0.830307,22719.71,19654.955075016630,0.9597749869674550218714621622
2020-12-22 00:00:00+00:00,10306.542736878222,0.410925,23810.79,20090.991617628222,0.4870067673596029271886493531
2020-12-23 00:00:00+00:00,10306.542736878222,0.410925,23232.76,19853.464639878222,0.4808693130479496652330579422
2020-12-24 00:00:00+00:00,980.569561181922,0.811825,23729.2,20244.527351181922,0.9515637216828046075840449895
2020-12-25 00:00:00+00:00,980.569561181922,0.811825,24712.47,21042.770518931922,0.9534011189116131063660374843
2020-12-26 00:00:00+00:00,980.569561181922,0.811825,26493.39,22488.565897931922,0.9563969723266303760941605038
2020-12-27 00:00:00+00:00,980.569561181922,0.811825,26281.66,22316.678190681922,0.9560611327186073869829039200
2020-12-28 00:00:00+00:00,980.569561181922,0.811825,27079.41,22964.311584431922,0.9573002849409744773443727379
2020-12-29 00:00:00+00:00,980.569561181922,0.811825,27385.0,23212.397186181922,0.9577566438607364520664792619
2020-12-30 00:00:00+00:00,980.569561181922,0.811825,28875.54,24422.454821681922,0.9598496724288589642787230949
2020-12-31 00:00:00+00:00,12806.403757951152,0.401747,28923.63,24426.385339561152,0.4757143318618736849546859537
2021-01-01 00:00:00+00:00,12806.403757951152,0.401747,29331.69,24590.322220381152,0.4792095994847581262291074391
2021-01-02 00:00:00+00:00,1214.483817338672,0.796435,32178.33,26842.432070888672,0.9547550753176418822807258595
2021-01-03 00:00:00+00:00,1214.483817338672,0.796435,33000.05,27496.878639088672,0.9558319388436983845655344523
2021-01-04 00:00:00+00:00,1214.483817338672,0.796435,31988.71,26691.412066188672,0.9544990795418756227621410265
2021-01-05 00:00:00+00:00,1214.483817338672,0.796435,33949.53,28253.077742888672,0.9570141055643271007985866288
2021-01-06 00:00:00+00:00,1214.483817338672,0.796435,36769.36,30498.889048938672,0.9601794079977829648431561804
2021-01-07 00:00:00+00:00,1214.483817338672,0.796435,39432.28,32619.731739138672,0.9627684302540882700249298047
2021-01-08 00:00:00+00:00,1214.483817338672,0.796435,40582.81,33536.054099688672,0.9637857270348944684826924711
2021-01-09 00:00:00+00:00,1214.483817338672,0.796435,40088.22,33142.145313038672,0.9633553046772481008600640029
2021-01-10 00:00:00+00:00,1214.483817338672,0.796435,38150.02,31598.494996038672,0.9615651372797683846059817196
2021-01-11 00:00:00+00:00,16569.259885260464,0.393427,35404.47,30498.334303950464,0.4567159071663058087245166989
2021-01-12 00:00:00+00:00,16569.259885260464,0.393427,34051.24,29965.937084740464,0.4470635162049372992849212146
2021-01-13 00:00:00+00:00,1478.696653399984,0.836051,37371.38,32723.076273779984,0.9548118080027573960954651128
2021-01-14 00:00:00+00:00,1478.696653399984,0.836051,39144.5,34205.495022899984,0.9567702016178972908087831481
2021-01-15 00:00:00+00:00,1478.696653399984,0.836051,36742.22,32197.066426619984,0.9540735595657428314505348499
2021-01-16 00:00:00+00:00,1478.696653399984,0.836051,35994.98,31572.335677379984,0.9531648000797293888028778324
2021-01-17 00:00:00+00:00,1478.696653399984,0.836051,35828.61,31433.241872509984,0.9529575517728197913163912128
2021-01-18 00:00:00+00:00,1478.696653399984,0.836051,36631.27,32104.306568169984,0.9539408630346793701953884563
2021-01-19 00:00:00+00:00,1478.696653399984,0.836051,35891.49,31485.812759389984,0.9530360970923644426768132692
2021-01-20 00:00:00+00:00,1478.696653399984,0.836051,35468.23,31131.945813129984,0.9525022733151379311282435808
2021-01-21 00:00:00+00:00,1478.696653399984,0.836051,30850.13,27270.978690029984,0.9457776462587834541355280065
2021-01-22 00:00:00+00:00,1478.696653399984,0.836051,32945.17,29022.538977069984,0.9490500588329550710170671527
2021-01-23 00:00:00+00:00,1478.696653399984,0.836051,32078.0,28297.540631399984,0.9477446936940107007717541043
2021-01-24 00:00:00+00:00,1478.696653399984,0.836051,32259.9,28449.618308299984,0.9480240248787947978159833954
2021-01-25 00:00:00+00:00,1478.696653399984,0.836051,32254.2,28444.852817599984,0.9480153171161759566919037465
2021-01-26 00:00:00+00:00,1478.696653399984,0.836051,32467.77,28623.408229669984,0.9483396022746438411182967942
2021-01-27 00:00:00+00:00,15008.057251160788,0.418759,30366.15,27724.155859010788,0.4586649516947174194033633891
2021-01-28 00:00:00+00:00,1368.443317136779,0.867406,33364.86,30309.323070296779,0.9548507462880998071187659826
2021-01-29 00:00:00+00:00,1368.443317136779,0.867406,34252.2,31079.007110336779,0.9559688856121262927524853518
2021-01-30 00:00:00+00:00,1368.443317136779,0.867406,34262.88,31088.271006416779,0.9559820063053900532957173951
2021-01-31 00:00:00+00:00,1368.443317136779,0.867406,33092.98,30073.492727016779,0.9544966948282855665645302948
2021-02-01 00:00:00+00:00,1368.443317136779,0.867406,33526.37,30449.417813356779,0.9550584735141798027151030457
2021-02-02 00:00:00+00:00,1368.443317136779,0.867406,35466.24,32132.072690576779,0.9574119189162018826124917494
2021-02-03 00:00:00+00:00,1368.443317136779,0.867406,37618.87,33999.276868356779,0.9597508111000327486543570982
2021-02-04 00:00:00+00:00,1368.443317136779,0.867406,36936.66,33407.523821096779,0.9590378704969265035289961052
2021-02-05 00:00:00+00:00,1368.443317136779,0.867406,38290.24,34581.627234576779,0.9604286025103952443776046037
2021-02-06 00:00:00+00:00,1368.443317136779,0.867406,39186.94,35359.430194776779,0.9612990563026967956672680845
2021-02-07 00:00:00+00:00,1368.443317136779,0.867406,38795.69,35020.057597276779,0.9609240129507042401743973645
2021-02-08 00:00:00+00:00,1368.443317136779,0.867406,46374.87,41594.283804356779,0.9671002072406535372583641583
2021-02-09 00:00:00+00:00,1368.443317136779,0.867406,46420.42,41633.794147656779,0.9671314290433508970571299645
2021-02-10 00:00:00+00:00,1368.443317136779,0.867406,44807.58,40234.807054616779,0.9659885701631628491935487779
2021-02-11 00:00:00+00:00,1368.443317136779,0.867406,47969.51,42977.484108196779,0.9681590640882632335107226479
2021-02-12 00:00:00+00:00,1368.443317136779,0.867406,47287.6,42385.991282736779,0.9677147265942526909864005359
2021-02-13 00:00:00+00:00,1368.443317136779,0.867406,47153.69,42269.836945276779,0.9676260090875583915936668082
2021-02-14 00:00:00+00:00,1368.443317136779,0.867406,48577.79,43505.109829876779,0.9685452278482236648917497048
2021-02-15 00:00:00+00:00,1368.443317136779,0.867406,47911.1,42926.818923736779,0.9681214832254880714565220783
2021-02-16 00:00:00+00:00,1368.443317136779,0.867406,49133.45,43987.092647836779,0.9688898894024977792080368523
2021-02-17 00:00:00+00:00,1368.443317136779,0.867406,52119.71,46577.392489396779,0.9706200101809412898107331896
2021-02-18 00:00:00+00:00,1368.443317136779,0.867406,51552.6,46085.477872736779,0.9703064093006547312918329395
2021-02-19 00:00:00+00:00,1368.443317136779,0.867406,55906.0,49861.643153136779,0.9725551901100818275645151424
2021-02-20 00:00:00+00:00,26145.150043253179,0.423644,55841.19,49801.935139613179,0.4750173869758536997413427559
2021-02-21 00:00:00+00:00,26145.150043253179,0.423644,57408.57,50465.946272333179,0.4819249023457493356989191538
2021-02-22 00:00:00+00:00,2492.704500783979,0.835084,54087.67,47660.452315063979,0.9476986814076854021997381813
2021-02-23 00:00:00+00:00,2492.704500783979,0.835084,48891.0,43320.796344783979,0.9424594026170501834668602235
2021-02-24 00:00:00+00:00,22717.128507807379,0.420882,49676.2,43624.946916207379,0.4792628962634314312396534505
2021-02-25 00:00:00+00:00,22717.128507807379,0.420882,47073.73,42529.614137667379,0.4658515256152440383164067936
2021-02-26 00:00:00+00:00,2099.746322344591,0.858294,46276.87,41818.906182124591,0.9497895446332328169368234599
2021-02-27 00:00:00+00:00,2099.746322344591,0.858294,46106.43,41672.618552764591,0.9496132857673448902261787488
2021-02-28 00:00:00+00:00,2099.746322344591,0.858294,45135.66,40839.412486384591,0.9485852955635778739589850431
2021-03-01 00:00:00+00:00,2099.746322344591,0.858294,49587.03,44659.996649164591,0.9529837330969914254904634998
2021-03-02 00:00:00+00:00,2099.746322344591,0.858294,48440.65,43676.065573444591,0.9519245542203495974798622815
2021-03-03 00:00:00+00:00,2099.746322344591,0.858294,50349.37,45314.308497124591,0.9536626202190014679610811846
2021-03-04 00:00:00+00:00,2099.746322344591,0.858294,48374.09,43618.937524804591,0.9518615894495243627861094287
2021-03-05 00:00:00+00:00,2099.746322344591,0.858294,48751.71,43943.046505084591,0.9522166420095240286079881196
2021-03-06 00:00:00+00:00,23040.635570791759,0.428150,48882.2,43969.549500791759,0.4759865444976445203177505713
2021-03-07 00:00:00+00:00,23040.635570791759,0.428150,50971.75,44864.190333291759,0.4864359436863767893266887366
2021-03-08 00:00:00+00:00,2215.911809242384,0.836275,52375.17,46015.957100992384,0.9518447089043684052895348180
2021-03-09 00:00:00+00:00,2215.911809242384,0.836275,54884.5,48114.447046742384,0.9539449802449218094207640116
2021-03-10 00:00:00+00:00,2215.911809242384,0.836275,55851.59,48923.200236492384,0.9547063193223097941999233980
2021-03-11 00:00:00+00:00,2215.911809242384,0.836275,57773.16,50530.161188242384,0.9561467496415191788846523641
2021-03-12 00:00:00+00:00,2215.911809242384,0.836275,57221.72,50069.005702242384,0.9557428437380943943747458308
2021-03-13 00:00:00+00:00,2215.911809242384,0.836275,61188.39,53386.232656492384,0.9584928229811529233644534095
2021-03-14 00:00:00+00:00,2215.911809242384,0.836275,58968.31,51529.635254492384,0.9569973317626151933366719437
2021-03-15 00:00:00+00:00,2215.911809242384,0.836275,55605.2,48717.150439242384,0.9545147491332449871872951963
2021-03-16 00:00:00+00:00,25546.177187978224,0.416159,56900.75,49225.936407228224,0.4810423314928127659647261669
2021-03-17 00:00:00+00:00,25546.177187978224,0.416159,58912.97,50063.339870208224,0.4897228739790833284708813286
2021-03-18 00:00:00+00:00,2473.237875594128,0.807295,57648.16,49012.309202794128,0.9495384340011237029101519712
2021-03-19 00:00:00+00:00,2473.237875594128,0.807295,58030.01,49320.574798544128,0.9498538310695613709016810658
2021-03-20 00:00:00+00:00,2473.237875594128,0.807295,58102.28,49378.918008194128,0.9499130808175321019975933315
2021-03-21 00:00:00+00:00,2473.237875594128,0.807295,57351.56,48772.865505794128,0.9492906998605543932168259766
2021-03-22 00:00:00+00:00,25575.687916338440,0.403949,54083.25,47422.562670588440,0.4606852418753715229424326760
2021-03-23 00:00:00+00:00,25575.687916338440,0.403949,54340.89,47526.636090948440,0.4618662287102328683671427657
2021-03-24 00:00:00+00:00,2346.261491948600,0.830855,52303.65,45803.010612698600,0.9487749503676050153625039432
2021-03-25 00:00:00+00:00,2346.261491948600,0.830855,51293.78,44963.955073848600,0.9478190588862765619245663930
2021-03-26 00:00:00+00:00,2346.261491948600,0.830855,55025.59,48064.548071398600,0.9511851960313183151673103457
2021-03-27 00:00:00+00:00,25204.181573813018,0.414909,55817.14,48363.215314073018,0.4788563702777851844285064335
2021-03-28 00:00:00+00:00,2388.551970041286,0.823135,55777.63,48301.071440091286,0.9505486752399716169449851846
2021-03-29 00:00:00+00:00,2388.551970041286,0.823135,57635.47,49830.324568491286,0.9520662971649272512747930924
2021-03-30 00:00:00+00:00,2388.551970041286,0.823135,58746.57,50744.909866991286,0.9529302155368493608580476958
2021-03-31 00:00:00+00:00,2388.551970041286,0.823135,58740.55,50739.954594291286,0.9529256186935961472144240751
2021-04-01 00:00:00+00:00,2388.551970041286,0.823135,58720.44,50723.401349441286,0.9529102562821805778000816627
2021-04-02 00:00:00+00:00,2388.551970041286,0.823135,58950.01,50912.368451391286,0.9530850352734667588149598161
2021-04-03 00:00:00+00:00,2388.551970041286,0.823135,57051.94,49350.000601941286,0.9515997580363286299964237030
2021-04-04 00:00:00+00:00,2388.551970041286,0.823135,58202.01,50296.663471391286,0.9525107272493354748632231896
2021-04-05 00:00:00+00:00,2388.551970041286,0.823135,59129.99,51060.516288691286,0.9532211551380201265651029098
2021-04-06 00:00:00+00:00,2388.551970041286,0.823135,57991.15,50123.097225291286,0.9523462814098394906415971882
2021-04-07 00:00:00+00:00,2388.551970041286,0.823135,55953.45,48445.795035791286,0.9506964026851732570870969502
2021-04-08 00:00:00+00:00,2388.551970041286,0.823135,58077.52,50194.191395241286,0.9524137772987865041257466600
2021-04-09 00:00:00+00:00,2388.551970041286,0.823135,58142.54,50247.711632941286,0.9524644627104689028070704951
2021-04-10 00:00:00+00:00,2388.551970041286,0.823135,59769.13,51586.614792591286,0.9536982223073819019305723585
2021-04-11 00:00:00+00:00,2388.551970041286,0.823135,60002.43,51778.652188091286,0.9538699469935095064514032401
2021-04-12 00:00:00+00:00,2388.551970041286,0.823135,59860.0,51661.413070041286,0.9537652606055714079105935377
2021-04-13 00:00:00+00:00,2388.551970041286,0.823135,63575.0,54719.359595041286,0.9563490510905442217296965021
2021-04-14 00:00:00+00:00,28693.437748405386,0.408835,62959.53,54433.497195955386,0.4728716833108893732905845614
2021-04-15 00:00:00+00:00,28693.437748405386,0.408835,63159.98,54515.448171705386,0.4736640950280611053378133676
2021-04-16 00:00:00+00:00,28693.437748405386,0.408835,61334.8,53769.250706405386,0.4663597247229778849846532003
2021-04-17 00:00:00+00:00,28693.437748405386,0.408835,60006.66,53226.260589505386,0.4609157691971532767086255452
2021-04-18 00:00:00+00:00,28693.437748405386,0.408835,56150.01,51649.527086755386,0.4444588485735948952810782847
2021-04-19 00:00:00+00:00,28693.437748405386,0.408835,55633.14,51438.212540305386,0.4421766167336763652581262403
2021-04-20 00:00:00+00:00,28693.437748405386,0.408835,56425.0,51761.952623405386,0.4456654686664395206565503051
2021-04-21 00:00:00+00:00,2554.192472517886,0.871490,53787.63,49429.574141217886,0.9483266340668709283147150908
2021-04-22 00:00:00+00:00,19749.495580687756,0.551385,51690.96,48251.115560287756,0.5906934927543470956238960809
2021-04-23 00:00:00+00:00,19749.495580687756,0.551385,51125.14,47939.130899587756,0.5880297533542146826370970959
2021-04-24 00:00:00+00:00,19749.495580687756,0.551385,50047.84,47345.123839087756,0.5828610429278731714316431437
2021-04-25 00:00:00+00:00,19749.495580687756,0.551385,49066.77,46804.176557137756,0.5780398880305499642631916747
2021-04-26 00:00:00+00:00,19749.495580687756,0.551385,54001.39,49525.052005837756,0.6012221132375633245395630332
2021-04-27 00:00:00+00:00,19749.495580687756,0.551385,55011.97,50082.270659137756,0.6056589423609857107284980629
2021-04-28 00:00:00+00:00,2481.704193083232,0.864869,54846.22,49916.499638263232,0.9502828882019424571810122060
2021-04-29 00:00:00+00:00,2481.704193083232,0.864869,53555.0,48799.763488083232,0.9491451594086258771109743550
2021-04-30 00:00:00+00:00,19497.756450587232,0.546725,57694.27,51040.656216337232,0.6179955765469500936976338762
2021-05-01 00:00:00+00:00,2530.102510821157,0.840424,57800.37,51106.920667701157,0.9504939355029436237441263438
2021-05-02 00:00:00+00:00,2530.102510821157,0.840424,56578.21,50079.788071861157,0.9494785699334304573709112817
2021-05-03 00:00:00+00:00,2530.102510821157,0.840424,57169.39,50576.629932181157,0.9499748695353208889354907656
2021-05-04 00:00:00+00:00,26521.507932909550,0.420223,53200.01,48877.375735139550,0.4573868270541708466027281172
2021-05-05 00:00:00+00:00,26521.507932909550,0.420223,57436.11,50657.482385439550,0.4764542830787695988234557587
2021-05-06 00:00:00+00:00,2501.729367226999,0.837880,56393.68,49752.865965626999,0.9497168792456020370771395977
2021-05-07 00:00:00+00:00,2501.729367226999,0.837880,57314.75,50524.612097226999,0.9504849366797156603978714803
2021-05-08 00:00:00+00:00,2501.729367226999,0.837880,58862.05,51821.063821226999,0.9517236972236328739889288457
2021-05-09 00:00:00+00:00,2501.729367226999,0.837880,58240.84,51300.564386426999,0.9512338821775438095185885383
2021-05-10 00:00:00+00:00,2501.729367226999,0.837880,55816.14,49268.956750426999,0.9492230091272367508436370339
2021-05-11 00:00:00+00:00,2501.729367226999,0.837880,56670.02,49984.405724826999,0.9499498027244844725183764008
2021-05-12 00:00:00+00:00,2501.729367226999,0.837880,49631.32,44086.819768826999,0.9432544833048736473234413137
2021-05-13 00:00:00+00:00,17583.547197247954,0.533029,49670.97,44059.614665377954,0.6009146396129263993484754644
2021-05-14 00:00:00+00:00,17583.547197247954,0.533029,49841.45,44150.485449297954,0.6017360394045779711697332276
2021-05-15 00:00:00+00:00,17583.547197247954,0.533029,46762.99,42509.576993957954,0.5863626871717126314518513703
2021-05-16 00:00:00+00:00,17583.547197247954,0.533029,46431.5,42332.883210747954,0.5846362009005887178973369309
2021-05-17 00:00:00+00:00,17583.547197247954,0.533029,43538.04,40790.585120407954,0.5689312338780175415982002278
2021-05-18 00:00:00+00:00,17583.547197247954,0.533029,42849.78,40423.722580867954,0.5650191007997361288883173863
2021-05-19 00:00:00+00:00,17583.547197247954,0.533029,36690.09,37140.429179857954,0.5265658586739249030390767374
2021-05-20 00:00:00+00:00,17583.547197247954,0.533029,40526.64,39185.421589807954,0.5512732418369234092755313850
2021-05-21 00:00:00+00:00,17583.547197247954,0.533029,37252.01,37439.948835537954,0.5303533326264144800693686585
2021-05-22 00:00:00+00:00,17583.547197247954,0.533029,37449.73,37545.339329417954,0.5316716399078941911196153300
2021-05-23 00:00:00+00:00,17583.547197247954,0.533029,34655.25,36055.800449497954,0.5123240372412037307467624774
2021-05-24 00:00:00+00:00,17590.370559011170,0.532832,38796.29,38262.275352291170,0.5402685700980444400112881295
2021-05-25 00:00:00+00:00,17590.370559011170,0.532832,38324.72,38011.007766051170,0.5372295660437162944306858669
2021-05-26 00:00:00+00:00,17590.370559011170,0.532832,39241.91,38499.715948131170,0.5431038872414062275073319651
2021-05-27 00:00:00+00:00,17590.370559011170,0.532832,38529.98,38120.376862371170,0.5385572754823754159783628090
2021-05-28 00:00:00+00:00,17590.370559011170,0.532832,35663.49,36593.019262691170,0.5192970978225447262329263811
2021-05-29 00:00:00+00:00,17590.370559011170,0.532832,34605.15,36029.101843811170,0.5117732705281765931626434686
2021-05-30 00:00:00+00:00,17590.370559011170,0.532832,35641.27,36581.179735651170,0.5191415179574429495296224315
2021-05-31 00:00:00+00:00,17590.370559011170,0.532832,37253.81,37440.392648931170,0.5301766537559714591517243336
2021-06-01 00:00:00+00:00,17590.370559011170,0.532832,36693.09,37141.623089891170,0.5263973651221844819287957331
2021-06-02 00:00:00+00:00,17590.370559011170,0.532832,37568.68,37608.165460771170,0.5322725705044142656195416252
2021-06-03 00:00:00+00:00,17590.370559011170,0.532832,39246.79,38502.316168291170,0.5431347433197322098512874477
2021-06-04 00:00:00+00:00,17590.370559011170,0.532832,36829.0,37214.040287011170,0.5273189789835654198985511399
2021-06-05 00:00:00+00:00,17590.370559011170,0.532832,35513.2,36512.939941411170,0.5182428315211878625690924116
2021-06-06 00:00:00+00:00,17590.370559011170,0.532832,35796.31,36663.790008931170,0.5202249807036801776108992744
2021-06-07 00:00:00+00:00,17590.370559011170,0.532832,33552.79,35468.370760291170,0.5040547343464511134765284558
2021-06-08 00:00:00+00:00,17590.370559011170,0.532832,33380.81,35376.734312931170,0.5027700860285058744568959745
2021-06-09 00:00:00+00:00,17590.370559011170,0.532832,37388.05,37511.920016611170,0.5310725083860880562997645991
2021-06-10 00:00:00+00:00,17590.370559011170,0.532832,36675.72,37132.367798051170,0.5262793190383520041865337641
2021-06-11 00:00:00+00:00,17590.370559011170,0.532832,37331.98,37482.044126371170,0.5306987393829157072291965739
2021-06-12 00:00:00+00:00,17590.370559011170,0.532832,35546.11,36530.475442531170,0.5184740864738018297891637575
2021-06-13 00:00:00+00:00,17590.370559011170,0.532832,39020.57,38381.778913251170,0.5416999665709043426847167186
2021-06-14 00:00:00+00:00,17590.370559011170,0.532832,40516.29,39178.746392291170,0.5510226288794104900759271350
2021-06-15 00:00:00+00:00,17590.370559011170,0.532832,40144.04,38980.399680291170,0.5487380657129327807191525790
2021-06-16 00:00:00+00:00,17590.370559011170,0.532832,38349.01,38023.950255331170,0.5373870825915857626312830485
2021-06-17 00:00:00+00:00,17590.370559011170,0.532832,38092.97,37887.523950051170,0.5357212948990451813713737252
2021-06-18 00:00:00+00:00,17590.370559011170,0.532832,35819.84,36676.327545891170,0.5203889883194750202539487503
2021-06-19 00:00:00+00:00,17590.370559011170,0.532832,35483.72,36497.232054051170,0.5180354901171567108882186655
2021-06-20 00:00:00+00:00,17590.370559011170,0.532832,35600.16,36559.275012131170,0.5188534085215229540560078499
2021-06-21 00:00:00+00:00,27406.692865323733,0.256735,31608.93,35521.811508873733,0.2284545269185597566014725340
2021-06-22 00:00:00+00:00,27406.692865323733,0.256735,32509.56,35753.034751923733,0.2334442920583382229310125020
2021-06-23 00:00:00+00:00,17864.158672377961,0.549884,33678.07,36383.190516257961,0.5089996666346428104165569520
2021-06-24 00:00:00+00:00,17864.158672377961,0.549884,34663.09,36924.837253937961,0.5162021013248261847617158056
2021-06-25 00:00:00+00:00,17864.158672377961,0.549884,31584.45,35231.942376177961,0.4929556116537931160470310632
2021-06-26 00:00:00+00:00,17864.158672377961,0.549884,32283.65,35616.421268977961,0.4984291504902624381648863323
2021-06-27 00:00:00+00:00,17864.158672377961,0.549884,34700.34,36945.320432937961,0.5164703279592757430794988040
2021-06-28 00:00:00+00:00,17864.158672377961,0.549884,34494.89,36832.346765137961,0.5149872261387782318055255206
2021-06-29 00:00:00+00:00,17864.158672377961,0.549884,35911.73,37611.444411697961,0.5250339636830903832334551964
2021-06-30 00:00:00+00:00,17864.158672377961,0.549884,35045.0,37134.843452377961,0.5189380912487995275928896753
2021-07-01 00:00:00+00:00,17864.158672377961,0.549884,33504.69,36287.851628337961,0.5077096639574149753040675676
2021-07-02 00:00:00+00:00,17864.158672377961,0.549884,33786.55,36442.841932577961,0.5098033598634261842433407051
2021-07-03 00:00:00+00:00,17864.158672377961,0.549884,34669.13,36928.158553297961,0.5162456138560270046035578268
2021-07-04 00:00:00+00:00,17864.158672377961,0.549884,35286.51,37267.645937217961,0.5206523454024334097865222029
2021-07-05 00:00:00+00:00,17864.158672377961,0.549884,33690.14,36389.827616137961,0.5090892196352240489319141504
2021-07-06 00:00:00+00:00,17864.158672377961,0.549884,34220.01,36681.194651217961,0.5129886351238344918238899130
2021-07-07 00:00:00+00:00,17864.158672377961,0.549884,33862.12,36484.396666457961,0.5103616804824011627646357276
2021-07-08 00:00:00+00:00,17864.158672377961,0.549884,32875.71,35941.985590017961,0.5029724045813620869753766477
2021-07-09 00:00:00+00:00,17864.158672377961,0.549884,33815.81,36458.931538417961,0.5100196873966557012336768492
2021-07-10 00:00:00+00:00,17864.158672377961,0.549884,33502.87,36286.850839457961,0.5076960866234042997790563697
2021-07-11 00:00:00+00:00,17864.158672377961,0.549884,34258.99,36702.629129537961,0.5132730516571893379103720929
2021-07-12 00:00:00+00:00,17864.158672377961,0.549884,33086.63,36057.967123297961,0.5045711087568362107262689105
2021-07-13 00:00:00+00:00,17864.158672377961,0.549884,32729.77,35861.735519057961,0.5018601745338166460538790483
2021-07-14 00:00:00+00:00,17864.158672377961,0.549884,32820.02,35911.362550057961,0.5025485694819694827303136001
2021-07-15 00:00:00+00:00,17864.158672377961,0.549884,31880.0,35394.460592377961,0.4952837711496321607955107858
2021-07-16 00:00:00+00:00,17864.158672377961,0.549884,31383.87,35121.646643457961,0.4913632935913190684595324749
2021-07-17 00:00:00+00:00,17864.158672377961,0.549884,31520.07,35196.540844257961,0.4924456141464152413093648669
2021-07-18 00:00:00+00:00,17864.158672377961,0.549884,31778.56,35338.680359417961,0.4944871033471667185691447130
2021-07-19 00:00:00+00:00,17864.158672377961,0.549884,30839.65,34822.388772977961,0.4869921535583888767030472362
2021-07-20 00:00:00+00:00,13923.841891752871,0.677486,29790.35,34106.386951852871,0.5917526558468708942155584287
2021-07-21 00:00:00+00:00,13642.195836965507,0.686928,32144.51,35723.159802245507,0.6181134056313804027173681284
2021-07-22 00:00:00+00:00,14288.423633583317,0.666798,32287.83,35817.884101923317,0.6010813036045289484421344754
2021-07-23 00:00:00+00:00,14327.053869746225,0.665600,33634.09,36713.904173746225,0.6097649053627108017645506298
2021-07-24 00:00:00+00:00,14685.127274388425,0.654940,34258.14,37122.153485988425,0.6044106848507252048722685232
2021-07-25 00:00:00+00:00,14849.539815416210,0.650135,35381.02,37851.979253116210,0.6076944955475821343220690125
2021-07-26 00:00:00+00:00,15140.417738532578,0.641903,37237.6,39043.344891332578,0.6122151475322578480834601182
2021-07-27 00:00:00+00:00,15617.677240122050,0.629071,39457.87,40439.478978892050,0.6138012250782480548003698571
2021-07-28 00:00:00+00:00,16174.750198167809,0.614934,40019.56,40784.138307207809,0.6034058614569469965027522557
2021-07-29 00:00:00+00:00,16313.477545332098,0.611463,40016.48,40782.074455572098,0.5999841164748996652512963211
2021-07-30 00:00:00+00:00,16313.477545332098,0.611463,42206.37,42121.111164642098,0.6127006839499953823259275655
2021-07-31 00:00:00+00:00,16847.747703035198,0.598788,41461.83,41674.593965075198,0.5957309693969852748045432697
2021-08-01 00:00:00+00:00,16669.645176753518,0.603078,39845.44,40699.553441073518,0.5904219145576495408134360400
2021-08-02 00:00:00+00:00,16280.520137930566,0.612830,39147.82,40271.478668530566,0.5957307584374176403017517597
2021-08-03 00:00:00+00:00,16108.167627144120,0.617227,38207.05,39690.590477494120,0.5941565133358752924161107915
2021-08-04 00:00:00+00:00,15875.949402591480,0.623297,39723.18,40635.288327051480,0.6093063429299543483331751960
2021-08-05 00:00:00+00:00,16253.622367039560,0.613777,40862.46,41334.060478459560,0.6067741185139597280408209274
2021-08-06 00:00:00+00:00,16533.288765849666,0.606924,42836.87,42532.013253729666,0.6112742496524109686812413234
2021-08-07 00:00:00+00:00,17012.224099112121,0.595729,44572.54,43565.378780772121,0.6095012926498281039946904847
2021-08-08 00:00:00+00:00,17425.631149359447,0.586442,43794.37,43108.489080899447,0.5957726303824363610685937027
2021-08-09 00:00:00+00:00,17243.165920567899,0.590603,46253.4,44560.562720767899,0.6130397627916052353477121694
2021-08-10 00:00:00+00:00,17822.418990035628,0.578062,45584.99,44173.369479415628,0.5965347629109274417178054150
2021-08-11 00:00:00+00:00,17669.191207537128,0.581419,45511.0,44130.151316537128,0.5996118145890912155523910738
2021-08-12 00:00:00+00:00,17669.191207537128,0.581419,44399.0,43483.613388537128,0.5936586260746452327347184249
2021-08-13 00:00:00+00:00,17669.191207537128,0.581419,47800.0,45461.019407537128,0.6113331500743316767165707824
2021-08-14 00:00:00+00:00,17669.191207537128,0.581419,47068.51,45035.717223227128,0.6076627109110575113221883046
2021-08-15 00:00:00+00:00,17669.191207537128,0.581419,46973.82,44980.662658117128,0.6071825054727472291633082517
2021-08-16 00:00:00+00:00,17669.191207537128,0.581419,45901.29,44357.073338047128,0.6016601214223608469620987098
2021-08-17 00:00:00+00:00,17669.191207537128,0.581419,44695.95,43656.265760587128,0.5952656302663231469441419816
2021-08-18 00:00:00+00:00,17669.191207537128,0.581419,44705.29,43661.696214047128,0.5953159693815908227965892188
2021-08-19 00:00:00+00:00,17669.191207537128,0.581419,46760.62,44856.704127317128,0.6060969803446430922130968721
2021-08-20 00:00:00+00:00,17669.191207537128,0.581419,49322.47,46346.212392467128,0.6187565219372924135418413561
2021-08-21 00:00:00+00:00,17669.191207537128,0.581419,48821.87,46055.154041067128,0.6163471477745659647540638857
2021-08-22 00:00:00+00:00,17669.191207537128,0.581419,49239.22,46297.809260717128,0.6183579419916716423436100289
2021-08-23 00:00:00+00:00,17669.191207537128,0.581419,49488.85,46442.948885687128,0.6195506178768409060087081519
2021-08-24 00:00:00+00:00,17669.191207537128,0.581419,47674.01,45387.766427727128,0.6107058663996490532741005635
2021-08-25 00:00:00+00:00,17669.191207537128,0.581419,48973.32,46143.209948617128,0.6170792793303132925447044891
2021-08-26 00:00:00+00:00,34585.426744128156,0.235552,46843.87,45619.594010368156,0.2418734209631988096869052469
2021-08-27 00:00:00+00:00,34585.426744128156,0.235552,49069.9,46143.939828928156,0.2504882142194940593888573340
2021-08-28 00:00:00+00:00,34585.426744128156,0.235552,48895.35,46102.824227328156,0.2498197816777759579081013629
2021-08-29 00:00:00+00:00,34585.426744128156,0.235552,48767.83,46072.786636288156,0.2493306945560841952711509308
2021-08-30 00:00:00+00:00,2261.686285410140,0.897500,46982.91,44428.848010410140,0.9490941947250083225143582805
2021-08-31 00:00:00+00:00,2261.686285410140,0.897500,47100.89,44534.735060410140,0.9492152298123650017655400108
2021-09-01 00:00:00+00:00,2261.686285410140,0.897500,48810.52,46069.127985410140,0.9509066834057201035789906748
2021-09-02 00:00:00+00:00,2261.686285410140,0.897500,49246.64,46460.545685410140,0.9513202814981062463546991959
2021-09-03 00:00:00+00:00,2261.686285410140,0.897500,49999.14,47135.914435410140,0.9520177700485835378233767779
2021-09-04 00:00:00+00:00,2261.686285410140,0.897500,49915.64,47060.973185410140,0.9519413617627586842238953617
2021-09-05 00:00:00+00:00,2261.686285410140,0.897500,51756.88,48713.486085410140,0.9535716601878032502811910874
2021-09-06 00:00:00+00:00,2261.686285410140,0.897500,52663.9,49527.536535410140,0.9543347712480484900200644593
2021-09-07 00:00:00+00:00,2261.686285410140,0.897500,46863.73,44321.883960410140,0.9489713413935572447638538159
2021-09-08 00:00:00+00:00,2261.686285410140,0.897500,46048.31,43590.044510410140,0.9481146139947160212756618534
2021-09-09 00:00:00+00:00,2261.686285410140,0.897500,46395.14,43901.324435410140,0.9484825044689107768513071042
2021-09-10 00:00:00+00:00,2261.686285410140,0.897500,44850.91,42515.378010410140,0.9468031006367542391352441751
2021-09-11 00:00:00+00:00,16983.902477228600,0.568761,45173.69,42676.935575318600,0.6020355667933449429357168717
2021-09-12 00:00:00+00:00,17070.703649140184,0.566837,46025.24,43159.512615020184,0.6044741329354281748786340255
2021-09-13 00:00:00+00:00,17263.574455795580,0.562641,44940.73,42549.071723725580,0.5942667194271755970387713817
2021-09-14 00:00:00+00:00,17019.319107938972,0.568069,47111.52,43781.913162818972,0.6112705480766351563552210846
2021-09-15 00:00:00+00:00,2169.618956432836,0.882918,48121.41,44656.878030812836,0.9514157941149442011626173057
2021-09-16 00:00:00+00:00,2169.618956432836,0.882918,47737.82,44318.199515192836,0.9510445148907941681287076271
2021-09-17 00:00:00+00:00,2169.618956432836,0.882918,47299.98,43931.622698072836,0.9506137305388445976843045661
2021-09-18 00:00:00+00:00,2169.618956432836,0.882918,48292.74,44808.148371752836,0.9515798122602055793941987050
2021-09-19 00:00:00+00:00,2169.618956432836,0.882918,47241.75,43880.210382932836,0.9505558670412230492394072145
2021-09-20 00:00:00+00:00,2169.618956432836,0.882918,43015.62,40148.884135592836,0.9459606660771569775675281683
2021-09-21 00:00:00+00:00,16041.892681770244,0.560012,40734.38,38853.634294330244,0.5871198930775138977538477755
2021-09-22 00:00:00+00:00,27182.950543323673,0.286149,43543.61,39642.911001213673,0.3143048818364659611184176371
2021-09-23 00:00:00+00:00,27749.883051020557,0.273113,44865.26,40003.168805400557,0.3063078781080404521535922769
2021-09-24 00:00:00+00:00,28001.922061306807,0.267488,42810.57,39453.235809466807,0.2902503055379872384454925658
2021-09-25 00:00:00+00:00,28001.922061306807,0.267488,42670.64,39415.806213626807,0.2895763209931248180852035896
2021-09-26 00:00:00+00:00,28001.922061306807,0.267488,43160.9,39546.944880506807,0.2919321038346678669215032290
2021-09-27 00:00:00+00:00,28001.922061306807,0.267488,42147.35,39275.832418106807,0.2870444663472629862691876170
2021-09-28 00:00:00+00:00,28001.922061306807,0.267488,41026.54,38976.029192826807,0.2815604195395996683653582537
2021-09-29 00:00:00+00:00,28001.922061306807,0.267488,41524.28,39109.168669946807,0.2840062058689397128038924002
2021-09-30 00:00:00+00:00,27375.628556542456,0.282551,43824.1,39758.171835642456,0.3114464953340556266146452193
2021-10-01 00:00:00+00:00,27829.363796599672,0.272183,48141.61,40932.691631229672,0.3201188906090112101320182830
2021-10-02 00:00:00+00:00,28651.851521943112,0.255076,47634.9,40802.371274343112,0.2977895493059334302492564141
2021-10-03 00:00:00+00:00,28561.561450472311,0.256969,48200.01,40947.469820162311,0.3024828743775334859548815991
2021-10-04 00:00:00+00:00,28663.131258944881,0.254859,49224.94,41208.550242404881,0.3044372808473706831283685156
2021-10-05 00:00:00+00:00,28845.764142095446,0.251144,51471.99,41772.645598655446,0.3094580501498349690152533984
2021-10-06 00:00:00+00:00,16693.302987509542,0.486936,55315.0,43628.167827509542,0.6173732746809583869457529375
2021-10-07 00:00:00+00:00,17450.299056631042,0.473233,53785.22,42903.240072891042,0.5932638414491861317664128118
2021-10-08 00:00:00+00:00,17160.935385187864,0.478606,53951.43,42982.413491767864,0.6007451887625020427305364906
2021-10-09 00:00:00+00:00,17193.751671513925,0.477997,54949.72,43459.552982353925,0.6043734808203116992612943297
2021-10-10 00:00:00+00:00,17383.575660588001,0.474538,54659.0,43321.348202588001,0.5987295783294779189848420464
2021-10-11 00:00:00+00:00,17328.517213474723,0.475544,57471.35,44658.672877874723,0.6119786796875506304214725366
2021-10-12 00:00:00+00:00,17862.822509588428,0.466235,55996.93,43970.551168138428,0.5937548646756096014373409074
2021-10-13 00:00:00+00:00,17587.912741153779,0.471138,57367.0,44615.686387153779,0.6057908290699775689208304171
2021-10-14 00:00:00+00:00,17846.662596765015,0.466622,57347.94,44606.473055445015,0.5999086819847436520866749191
2021-10-15 00:00:00+00:00,17846.662596765015,0.466622,61672.42,46624.370562005015,0.6172245891656377449732172607
2021-10-16 00:00:00+00:00,18648.716822275803,0.453600,60875.57,46261.875374275803,0.5968880061303019431121699587
2021-10-17 00:00:00+00:00,18648.716822275803,0.453600,61528.33,46557.967310275803,0.5994516535055032976182615408
2021-10-18 00:00:00+00:00,18623.210983253979,0.454014,62009.84,46776.546481013979,0.6018686204033273441043494185
2021-10-19 00:00:00+00:00,18709.782123076539,0.452616,64280.59,47804.205646516539,0.6086163995397357155281396735
2021-10-20 00:00:00+00:00,19121.156660769603,0.446208,66001.41,48571.513814049603,0.6063298184616454503740793579
2021-10-21 00:00:00+00:00,19428.257432690223,0.441549,62193.15,46889.580622040223,0.5856593901042897457704593064
2021-10-22 00:00:00+00:00,19428.257432690223,0.441549,60688.22,46225.080285470223,0.5797031111096405587126540885
2021-10-23 00:00:00+00:00,19428.257432690223,0.441549,61286.75,46489.360608440223,0.5820923932181809872995944111
2021-10-24 00:00:00+00:00,19428.257432690223,0.441549,60852.22,46297.494321470223,0.5803604986095226037851115362
2021-10-25 00:00:00+00:00,19428.257432690223,0.441549,63078.78,47280.629662910223,0.5890863220053323510817786277
2021-10-26 00:00:00+00:00,19428.257432690223,0.441549,60328.81,46066.383159380223,0.5782552025959484785108384263
2021-10-27 00:00:00+00:00,19428.257432690223,0.441549,58413.44,45220.653451250223,0.5703676097110205137003445668
2021-10-28 00:00:00+00:00,19428.257432690223,0.441549,60575.89,46175.481086300223,0.5792516509707923421112268303
2021-10-29 00:00:00+00:00,19428.257432690223,0.441549,62253.71,46916.320829480223,0.5858955457461546868930237692
2021-10-30 00:00:00+00:00,35166.796824127203,0.188407,61859.19,46821.501234457203,0.2489177856978449321462349975
2021-10-31 00:00:00+00:00,35166.796824127203,0.188407,61299.8,46716.108242727203,0.2472233208852110455169176092
2021-11-01 00:00:00+00:00,23342.711371209036,0.381046,60911.11,46552.646192269036,0.4985739097451018143750253944
2021-11-02 00:00:00+00:00,23342.711371209036,0.381046,63219.99,47432.435680749036,0.5078744948220543018906691686
2021-11-03 00:00:00+00:00,23342.711371209036,0.381046,62896.48,47309.163489289036,0.5065921768730087685690834397
2021-11-04 00:00:00+00:00,35466.141656041725,0.188043,61395.01,47011.043521471725,0.2455785066791169151281515024
2021-11-05 00:00:00+00:00,23489.985388180143,0.382857,60937.12,46820.188340020143,0.4982936587612616782316765005
2021-11-06 00:00:00+00:00,23489.985388180143,0.382857,61470.61,47024.438720950143,0.5004728173881429638011929827
2021-11-07 00:00:00+00:00,23489.985388180143,0.382857,63273.59,47714.722234810143,0.5076994208918795833990307537
2021-11-08 00:00:00+00:00,23489.985388180143,0.382857,67525.83,49342.722084490143,0.5239422472891147878465506875
2021-11-09 00:00:00+00:00,23489.985388180143,0.382857,66947.66,49121.365652800143,0.5217969802750973361478916480
2021-11-10 00:00:00+00:00,23489.985388180143,0.382857,64882.43,48330.677890690143,0.5139735999294771058263728997
2021-11-11 00:00:00+00:00,23489.985388180143,0.382857,64774.26,48289.264249000143,0.5135567759521927969182763358
2021-11-12 00:00:00+00:00,23489.985388180143,0.382857,64122.23,48039.629999290143,0.5110290110784108354022936372
2021-11-13 00:00:00+00:00,23489.985388180143,0.382857,64380.0,48138.319048180143,0.5120314574202362812252460431
2021-11-14 00:00:00+00:00,23489.985388180143,0.382857,65519.1,48574.431456880143,0.5164125511374772416647471417
2021-11-15 00:00:00+00:00,36414.038222844684,0.185344,63606.74,48203.165841404684,0.2445716461310428759553453879
2021-11-16 00:00:00+00:00,36414.038222844684,0.185344,60058.87,47545.589424124684,0.2341237396802959553450103839
2021-11-17 00:00:00+00:00,23756.413716999804,0.395824,60344.87,47642.361539879804,0.5013594425390916799536009873
2021-11-18 00:00:00+00:00,23756.413716999804,0.395824,56891.62,46275.482311879804,0.4866306620665717645963658057
2021-11-19 00:00:00+00:00,23756.413716999804,0.395824,58052.24,46734.883562759804,0.4916770534990730102301563177
2021-11-20 00:00:00+00:00,23756.413716999804,0.395824,59707.51,47390.079155239804,0.4987049158711287779522266517
2021-11-21 00:00:00+00:00,23756.413716999804,0.395824,58622.02,46960.416161479804,0.4941183307381661354872528625
2021-11-22 00:00:00+00:00,23756.413716999804,0.395824,56247.18,46020.397493319804,0.4837851254881442399567582874
2021-11-23 00:00:00+00:00,23756.413716999804,0.395824,57541.27,46532.629373479804,0.4894676265481094303196772612
2021-11-24 00:00:00+00:00,23756.413716999804,0.395824,57138.29,46373.120217959804,0.4877115534744801599755803649
2021-11-25 00:00:00+00:00,23756.413716999804,0.395824,58960.36,47094.339253639804,0.4955569163195398256649810341
2021-11-26 00:00:00+00:00,2326.920600692500,0.758808,53726.53,43095.041376932500,0.9460049108587692012574481144
2021-11-27 00:00:00+00:00,22597.409802730864,0.381007,54721.03,43446.505279940864,0.4798796898133017838284644517
2021-11-28 00:00:00+00:00,22597.409802730864,0.381007,57274.88,44419.540006890864,0.4912732144631552486201244806
2021-11-29 00:00:00+00:00,2194.519240267759,0.736772,57776.25,44762.442505267759,0.9509740953030098313044627141
2021-11-30 00:00:00+00:00,2194.519240267759,0.736772,56950.56,44154.097232587759,0.9502986273570982978597980196
2021-12-01 00:00:00+00:00,2194.519240267759,0.736772,57184.07,44326.140862307759,0.9504915339441642203930980678
2021-12-02 00:00:00+00:00,2194.519240267759,0.736772,56480.34,43807.652302747759,0.9499055730012239987723726922
2021-12-03 00:00:00+00:00,22973.505051775921,0.368421,53601.05,42721.257493825921,0.4622465161495760397076855307
2021-12-04 00:00:00+00:00,2109.008233632171,0.757171,49152.47,39325.833096002171,0.9463709203951595143781571958
2021-12-05 00:00:00+00:00,20621.973900267639,0.380037,49396.33,39394.406964477639,0.4765253372423477539633842287
2021-12-06 00:00:00+00:00,20621.973900267639,0.380037,50441.92,39791.769851307639,0.4817527851280040832314977281
2021-12-07 00:00:00+00:00,20621.973900267639,0.380037,50588.95,39847.646691417639,0.4824795034957688799750739233
2021-12-08 00:00:00+00:00,20621.973900267639,0.380037,50471.19,39802.893534297639,0.4818976192648418743600891227
2021-12-09 00:00:00+00:00,20621.973900267639,0.380037,47545.59,38691.057287097639,0.4670092950097676062879656737
2021-12-10 00:00:00+00:00,20621.973900267639,0.380037,47140.54,38537.123300247639,0.4648802989367106575817404593
2021-12-11 00:00:00+00:00,20621.973900267639,0.380037,49389.99,39391.997529897639,0.4764933186082776019250542917
2021-12-12 00:00:00+00:00,20621.973900267639,0.380037,50053.9,39644.307894567639,0.4798250998576918821500735779
2021-12-13 00:00:00+00:00,20621.973900267639,0.380037,46702.75,38370.746902017639,0.4625600082029344309586384303
2021-12-14 00:00:00+00:00,20621.973900267639,0.380037,48343.28,38994.209001627639,0.4711529114641903146781958506
2021-12-15 00:00:00+00:00,20621.973900267639,0.380037,48864.98,39192.474304527639,0.4738282217133373705897932272
2021-12-16 00:00:00+00:00,20621.973900267639,0.380037,47632.38,38724.040698327639,0.4674632727271606071378100540
2021-12-17 00:00:00+00:00,20621.973900267639,0.380037,46131.2,38153.536754667639,0.4595003332752688602031463658
2021-12-18 00:00:00+00:00,20621.973900267639,0.380037,46834.48,38420.809176027639,0.4632602919478708677364284567
2021-12-19 00:00:00+00:00,20621.973900267639,0.380037,46681.23,38362.568505777639,0.4624454330485759114551117431
2021-12-20 00:00:00+00:00,20621.973900267639,0.380037,46914.16,38451.090524187639,0.4636829900235106004827281578
2021-12-21 00:00:00+00:00,20621.973900267639,0.380037,48889.88,39201.937225827639,0.4739552338581588084823241105
2021-12-22 00:00:00+00:00,1935.804800773862,0.761768,48588.16,38948.710267653862,0.9502986161166545783704250944
2021-12-23 00:00:00+00:00,1935.804800773862,0.761768,50838.81,40663.183416853862,0.9523941649887765593304219345
2021-12-24 00:00:00+00:00,21322.965391495490,0.379926,50820.0,40630.804711495490,0.4752019916193616578152473622
2021-12-25 00:00:00+00:00,21322.965391495490,0.379926,50399.66,40471.106616655490,0.4731311502433632209709127723
2021-12-26 00:00:00+00:00,1998.481744641173,0.762853,50775.49,40732.716617611173,0.9509366938767567830741835573
2021-12-27 00:00:00+00:00,1998.481744641173,0.762853,50701.44,40676.227352961173,0.9508685570247289342675338436
2021-12-28 00:00:00+00:00,1998.481744641173,0.762853,47543.74,38267.366434861173,0.9477758223042864818999671300
2021-12-29 00:00:00+00:00,1998.481744641173,0.762853,46464.66,37444.187019621173,0.9466277170447325721685519160
2021-12-30 00:00:00+00:00,14960.814578199743,0.483518,47120.87,37744.603398859743,0.6036303674964112552299424984
2021-12-31 00:00:00+00:00,15097.711021087847,0.480609,46216.93,37309.983531457847,0.5953439376793549505618333202
2022-01-01 00:00:00+00:00,14923.802009958025,0.484367,47722.65,38039.078822508025,0.6076718345469635073344910157
2022-01-02 00:00:00+00:00,15215.294365192897,0.478251,47286.18,37829.957236372897,0.5977977381755103979475079177
2022-01-03 00:00:00+00:00,15131.915149961023,0.480012,46446.1,37426.600503161023,0.5956909004149871256113019442
2022-01-04 00:00:00+00:00,14970.444651644063,0.483484,45832.01,37129.488174484063,0.5968044433768420373358006234
2022-01-05 00:00:00+00:00,14851.677212549619,0.486072,43451.13,35972.054873909619,0.5871329212465569102910955673
2022-01-06 00:00:00+00:00,14388.233975263355,0.496724,43082.31,35788.251327703355,0.5979620841623643149591425760
2022-01-07 00:00:00+00:00,14315.243959836275,0.498416,41566.48,35032.642655516275,0.5913741335302267769845375420
2022-01-08 00:00:00+00:00,14012.704425950219,0.505685,41679.74,35089.523747850219,0.6006584607233742847921199356
2022-01-09 00:00:00+00:00,14035.806609717809,0.505130,41864.62,35182.882110317809,0.6010614887743480901915830342
2022-01-10 00:00:00+00:00,14073.143114740451,0.504237,41822.49,35161.590004870451,0.5997580566524126972989332941
2022-01-11 00:00:00+00:00,14064.642112315340,0.504440,42729.29,35619.005159915340,0.6051365823056926406042835122
2022-01-12 00:00:00+00:00,14247.371075229626,0.500158,43902.66,36205.637695509626,0.6064874980230870423930669078
2022-01-13 00:00:00+00:00,14481.988755375431,0.494807,42560.11,35541.029104145431,0.5925275907757470578375262662
2022-01-14 00:00:00+00:00,14215.738508633391,0.501055,43059.96,35791.146766433391,0.6028141092711347686011406531
2022-01-15 00:00:00+00:00,14316.367826635071,0.498715,43084.29,35803.149513985071,0.6001366354364173057937427542
2022-01-16 00:00:00+00:00,14316.367826635071,0.498715,43071.66,35796.850743535071,0.6000662759636582240240632620
2022-01-17 00:00:00+00:00,14316.367826635071,0.498715,42201.62,35362.948744935071,0.5951591048049814739937599240
2022-01-18 00:00:00+00:00,14316.367826635071,0.498715,42352.12,35438.005352435071,0.5960165453936491771197201793
2022-01-19 00:00:00+00:00,14316.367826635071,0.498715,41660.01,35092.839713785071,0.5920430508503033600034356242
2022-01-20 00:00:00+00:00,14036.799539719071,0.505417,40680.91,34597.623029189071,0.5942842799380579977619892991
2022-01-21 00:00:00+00:00,13838.833246466511,0.510277,36445.31,32436.036697336511,0.5733500558160705116854023609
2022-01-22 00:00:00+00:00,12973.299651065157,0.533995,35071.42,31701.262573965157,0.5907639444707936189379987015
2022-01-23 00:00:00+00:00,12680.142827826749,0.542343,36244.55,32337.120808476749,0.6078765669050283202505885463
2022-01-24 00:00:00+00:00,12934.538380520129,0.535315,36660.35,32559.373640770129,0.6027399506136756408614327567
2022-01-25 00:00:00+00:00,13023.653671740659,0.532881,36958.32,32718.040191660659,0.6019427326499771740619107527
2022-01-26 00:00:00+00:00,13087.139343337139,0.531161,36809.34,32638.825187077139,0.5990315439258273725112159198
2022-01-27 00:00:00+00:00,13055.075415548699,0.532031,37160.1,32825.400578648699,0.6022873998363212530729220044
2022-01-28 00:00:00+00:00,13130.078367101696,0.530010,37716.56,33120.232332701696,0.6035632167308940997278025536
2022-01-29 00:00:00+00:00,13247.977762478366,0.526880,38166.84,33357.322421678366,0.6028464876464806779271082397
2022-01-30 00:00:00+00:00,13342.813388723414,0.524392,37881.76,33207.705278643414,0.5982012826009852941322701427
2022-01-31 00:00:00+00:00,13283.034138594014,0.525968,38466.9,33515.392597794014,0.6036736225053707280700669086
2022-02-01 00:00:00+00:00,13406.006613183044,0.522767,38694.59,33634.261343713044,0.6014181350324522394350451761
2022-02-02 00:00:00+00:00,13453.655019094733,0.521534,36896.36,32696.361235334733,0.5885274534905902485485166329
2022-02-03 00:00:00+00:00,13078.078906628087,0.531700,37311.61,32916.661943628087,0.6026912167149529570926564150
2022-02-04 00:00:00+00:00,13166.654185338689,0.529323,41574.25,35172.860918088689,0.6256587084001646907149294006
2022-02-05 00:00:00+00:00,14067.462784711319,0.507626,41382.59,35074.341416051319,0.5989243926822949130607258872
2022-02-06 00:00:00+00:00,14067.462784711319,0.507626,42380.87,35581.094299331319,0.6046365896909558793258120245
2022-02-07 00:00:00+00:00,14232.237026276336,0.503733,43839.99,36315.886708946336,0.6080988703280028457855403633
2022-02-08 00:00:00+00:00,14525.977159945553,0.497024,44042.99,36416.400221705553,0.6011144135194471868279205300
2022-02-09 00:00:00+00:00,14566.532016005753,0.496102,44372.72,36579.927153445753,0.6017889277115846852355205944
2022-02-10 00:00:00+00:00,14631.896678584328,0.494627,43495.44,36145.915679464328,0.5951991697115260777269016359
2022-02-11 00:00:00+00:00,14458.167814121120,0.498616,42373.73,35586.387571801120,0.5937163392898619416395639469
2022-02-12 00:00:00+00:00,14234.270952885947,0.503893,42217.87,35507.560120795947,0.5991199929124595745105030477
2022-02-13 00:00:00+00:00,14202.989115495007,0.504633,42053.66,35424.653722275007,0.5990648426137141444328535281
2022-02-14 00:00:00+00:00,14169.849867855692,0.505420,42535.94,35668.364662655692,0.6027334025018719690537950956
2022-02-15 00:00:00+00:00,14267.257982892146,0.503127,44544.86,36678.979760112146,0.6110235869099178059805009243
2022-02-16 00:00:00+00:00,14671.065952657661,0.494050,43873.56,36346.798270657661,0.5963587812216891060865087504
2022-02-17 00:00:00+00:00,14538.571276243613,0.497066,40515.7,34677.548212443613,0.5807497350396120290682640660
2022-02-18 00:00:00+00:00,13870.166640394265,0.513542,39974.44,34398.720506874265,0.5967824838827234593923901913
2022-02-19 00:00:00+00:00,13759.373518733385,0.516310,40079.17,34452.649781433385,0.6006294550340118062348954394
2022-02-20 00:00:00+00:00,13781.068189090203,0.515768,38386.89,33579.797670610203,0.5896024054620285877195952077
2022-02-21 00:00:00+00:00,13431.485557146288,0.524863,37008.16,32855.699439226288,0.5911976982261259921450612221
2022-02-22 00:00:00+00:00,13141.927858615376,0.532677,38230.33,33506.345352025376,0.6077779381623612719886345162
2022-02-23 00:00:00+00:00,13402.205217217883,0.525860,37250.01,32990.495475817883,0.5937555643248300567629869772
2022-02-24 00:00:00+00:00,13195.944816224103,0.531390,38327.21,33562.640938124103,0.6068263865006310733411962047
2022-02-25 00:00:00+00:00,13425.082028582079,0.525404,39219.17,34030.990823262079,0.6055042270645470843943388102
2022-02-26 00:00:00+00:00,13612.188400996563,0.520627,39116.72,33977.408984436563,0.5993753259045838405179882496
2022-02-27 00:00:00+00:00,13590.959571688605,0.521169,37699.07,33238.546184518605,0.5911084830172621663411087280
2022-02-28 00:00:00+00:00,13295.052303554049,0.529008,43160.0,36127.037583554049,0.6319916275225872197903854926
2022-03-01 00:00:00+00:00,14449.331427422049,0.502229,44421.2,36758.946282222049,0.6069166042876950923947739290
2022-03-02 00:00:00+00:00,14703.267829188609,0.496505,43892.98,36496.351864088609,0.5971304780285118325620593758
2022-03-03 00:00:00+00:00,14598.446957823114,0.498890,42454.0,35778.323017823114,0.5919750919977205317913905362
2022-03-04 00:00:00+00:00,14310.957304500514,0.505653,39148.66,34106.594679480514,0.5804049791839703025144216478
2022-03-05 00:00:00+00:00,13641.781901765119,0.522724,39397.96,34236.041144805119,0.6015374019424239189565310214
2022-03-06 00:00:00+00:00,13694.388510043462,0.521387,38420.81,33726.499373513462,0.5939576070916473688526947305
2022-03-07 00:00:00+00:00,13694.388510043462,0.521387,37988.0,33500.837866043462,0.5912225071861820367102777272
2022-03-08 00:00:00+00:00,23437.938087799150,0.264563,38730.63,33684.629752489150,0.3041948728539257087198843509
2022-03-09 00:00:00+00:00,23579.082430179619,0.260914,41941.71,34522.261753119619,0.3169890606009067440014198926
2022-03-10 00:00:00+00:00,24164.832696426979,0.246930,39422.0,33899.307156426979,0.2871585078444424283878743889
2022-03-11 00:00:00+00:00,24164.832696426979,0.246930,38729.57,33728.325416526979,0.2835448425617318178928608191
2022-03-12 00:00:00+00:00,24164.832696426979,0.246930,38807.36,33747.534101226979,0.2839526400967943928562968787
2022-03-13 00:00:00+00:00,24164.832696426979,0.246930,37777.34,33493.191262626979,0.2785150717067964086096092020
2022-03-14 00:00:00+00:00,24164.832696426979,0.246930,39671.37,33960.884090526979,0.2884510122877661626268812861
2022-03-15 00:00:00+00:00,24164.832696426979,0.246930,39280.33,33864.324583326979,0.2864221273048960245148135870
2022-03-16 00:00:00+00:00,24164.832696426979,0.246930,41114.0,34317.112716426979,0.2958372431821832091027979533
2022-03-17 00:00:00+00:00,24021.816946595017,0.250404,40917.9,34267.822778195017,0.2989978644957754174089719685
2022-03-18 00:00:00+00:00,23987.442207742394,0.251243,41757.51,34478.724292672394,0.3042827801827825841504245782
2022-03-19 00:00:00+00:00,24134.946515405663,0.247706,42201.13,34588.419623185663,0.3022246526919293257444142904
2022-03-20 00:00:00+00:00,24211.821309206207,0.245882,41262.11,34357.431440226207,0.2952959434313638549030084735
2022-03-21 00:00:00+00:00,24050.028829296619,0.249798,41002.25,34292.308874796619,0.2986757200541733708684361031
2022-03-22 00:00:00+00:00,24004.580321124253,0.250905,42364.13,34633.952358774253,0.3069061228571312055524742312
2022-03-23 00:00:00+00:00,24243.457254862879,0.245259,42882.76,34760.840089702879,0.3025641154730187118602937882
2022-03-24 00:00:00+00:00,24332.494613667427,0.243180,43991.46,35030.337856467427,0.3053879550529349431899887348
2022-03-25 00:00:00+00:00,24521.016570966109,0.238889,44313.16,35106.943050206109,0.3015337012995169110959906795
2022-03-26 00:00:00+00:00,24574.831323282781,0.237673,44511.27,35153.958397992781,0.3009370084284461826387305880
2022-03-27 00:00:00+00:00,24607.771296646390,0.236932,46827.76,35702.766128966390,0.3107600904714887629663958337
2022-03-28 00:00:00+00:00,24991.446812260438,0.228728,47122.21,35769.615661140438,0.3013219082638686939020739289
2022-03-29 00:00:00+00:00,25038.696007191946,0.227724,47434.8,35840.738402391946,0.3013900627247984166817743165
2022-03-30 00:00:00+00:00,25088.485161328369,0.226673,47067.99,35757.527658598369,0.2983719288183082215075474312
2022-03-31 00:00:00+00:00,25088.485161328369,0.226673,45510.34,35404.450460148369,0.2913748177063717375849850525
2022-04-01 00:00:00+00:00,24782.759295558774,0.233382,46283.49,35584.492758738774,0.3035517054132331350734001688
2022-04-02 00:00:00+00:00,24908.995186474227,0.230651,45811.0,35475.348147474227,0.2978505782966446503695849155
2022-04-03 00:00:00+00:00,24832.666600780659,0.232315,46407.35,35613.790116030659,0.3027232844391124284128518632
2022-04-04 00:00:00+00:00,24929.531894383539,0.230225,46580.51,35653.529809133539,0.3007836242907646422424899371
2022-04-05 00:00:00+00:00,24957.443861593539,0.229625,45497.55,35404.818780343539,0.2950834174174701802516561197
2022-04-06 00:00:00+00:00,24783.189534575889,0.233450,43170.47,34861.335756075889,0.2890923713312823029463048185
2022-04-07 00:00:00+00:00,24402.449715666201,0.242258,43444.19,34927.152296686201,0.3013329713117939162477913027
2022-04-08 00:00:00+00:00,24448.961354229081,0.241186,42252.01,34639.554638089081,0.2941895007118420707995214727
2022-04-09 00:00:00+00:00,24247.453362686443,0.245949,42753.97,34762.749530216443,0.3024874703420655663095574564
2022-04-10 00:00:00+00:00,24333.832185127039,0.243926,42158.85,34617.471830227039,0.2970650108573383551158062936
2022-04-11 00:00:00+00:00,24232.139486606494,0.246335,39530.45,33969.872887356494,0.2866579287193730195472990742
2022-04-12 00:00:00+00:00,23778.333695764469,0.257800,40074.94,34109.653227764469,0.3028855046697028510113576867
2022-04-13 00:00:00+00:00,23876.669844516674,0.255343,41147.79,34383.469986486674,0.3055770736955683244004819619
2022-04-14 00:00:00+00:00,24068.210320353320,0.250682,39942.38,34081.046023513320,0.2937948470317462600001038709
2022-04-15 00:00:00+00:00,23856.480522194506,0.255976,40551.9,34236.793676594506,0.3031917431420090171866716947
2022-04-16 00:00:00+00:00,23965.625819112856,0.253281,40378.71,34192.785866622856,0.2991028601004751482500703019
2022-04-17 00:00:00+00:00,23934.938544149566,0.254040,39678.12,34014.768148949566,0.2963368605266028342383513063
2022-04-18 00:00:00+00:00,23810.187312704546,0.257180,40801.13,34303.421926104546,0.3058946899234783919833030371
2022-04-19 00:00:00+00:00,24012.134839464182,0.252224,41493.18,34477.710671784182,0.3035461354133585937719084362
2022-04-20 00:00:00+00:00,24134.256305833973,0.249277,41358.19,34443.901834463973,0.2993170047394092509641322790
2022-04-21 00:00:00+00:00,24110.734315026477,0.249845,40480.01,34224.462413476477,0.2955116716301595946776537742
2022-04-22 00:00:00+00:00,23956.953501581155,0.253639,39709.18,34028.750207601155,0.2959790366844039269303272757
2022-04-23 00:00:00+00:00,23819.977504423740,0.257084,39441.6,33959.781798823740,0.2985827280772225373876846812
2022-04-24 00:00:00+00:00,23771.796185830280,0.258304,39450.13,33961.922565350280,0.3000456278619661241628683546
2022-04-25 00:00:00+00:00,23771.796185830280,0.258304,40426.08,34214.014354150280,0.3052029516394156271776382800
2022-04-26 00:00:00+00:00,23949.601194757064,0.253900,38112.65,33626.403029757064,0.2877739205836762566504846883
2022-04-27 00:00:00+00:00,23537.983851901512,0.264686,39235.72,33923.129635821512,0.3061376086289423007376960829
2022-04-28 00:00:00+00:00,23745.937126785660,0.259379,39742.07,34054.195501315660,0.3027015679795386050177588321
2022-04-29 00:00:00+00:00,23837.820391956090,0.257064,38596.11,33759.490812996090,0.2938927745089254442230005176
2022-04-30 00:00:00+00:00,23631.410584075527,0.262405,37630.8,33505.920658075527,0.2947094089659066333024870607
2022-05-01 00:00:00+00:00,23453.939102687127,0.267115,38468.35,33729.412412937127,0.3046443022621045711371113561
2022-05-02 00:00:00+00:00,23610.417006170712,0.263042,38525.16,33744.152142890712,0.3003108536794277211772503031
2022-05-03 00:00:00+00:00,23620.920702271428,0.262769,37728.95,33534.919164821428,0.2956320966161718080514401929
2022-05-04 00:00:00+00:00,23474.266515452358,0.266651,39690.0,34057.644705452358,0.3107489752016141427145629221
2022-05-05 00:00:00+00:00,23839.891144724358,0.257427,36552.97,33249.612552914358,0.2830024377942782849478570157
2022-05-06 00:00:00+00:00,23274.010986444437,0.272888,36013.77,33101.736654204437,0.2968945638842101509651869919
2022-05-07 00:00:00+00:00,23171.094068574983,0.275742,35472.39,32952.321831954983,0.2968296987769405681662086510
2022-05-08 00:00:00+00:00,23066.492044491583,0.278687,34038.4,32552.551625291583,0.2914075581537467421179723285
2022-05-09 00:00:00+00:00,22786.434992375764,0.286904,30076.31,31415.448636615764,0.2746742134435920110866666921
2022-05-10 00:00:00+00:00,22786.434992375764,0.286904,31017.1,31685.365050775764,0.2808530071892646333178612790
2022-05-11 00:00:00+00:00,22786.434992375764,0.286904,29103.94,31136.471794135764,0.2681754328803767685654316537
2022-05-12 00:00:00+00:00,22786.434992375764,0.286904,29029.75,31115.186386375764,0.2676748032480648963975096962
2022-05-13 00:00:00+00:00,22786.434992375764,0.286904,29287.05,31189.006785575764,0.2694081235406959593938770157
2022-05-14 00:00:00+00:00,22786.434992375764,0.286904,30086.74,31418.441045335764,0.2747432961585936986743514583
2022-05-15 00:00:00+00:00,22786.434992375764,0.286904,31328.89,31774.818848935764,0.2828775798626165418432486698
2022-05-16 00:00:00+00:00,22786.434992375764,0.286904,29874.01,31357.407957415764,0.2733316789665657545224551787
2022-05-17 00:00:00+00:00,22786.434992375764,0.286904,30444.93,31521.207189095764,0.2771077942643531998386772978
2022-05-18 00:00:00+00:00,22063.921658574055,0.310605,28715.32,30983.043627174055,0.2878710715424154026300201513
2022-05-19 00:00:00+00:00,21687.664350743161,0.323691,30319.23,31501.726228673161,0.3115404472341947597284979561
2022-05-20 00:00:00+00:00,22050.749492666035,0.311700,29201.01,31152.704309666035,0.2921722212789036450710435628
2022-05-21 00:00:00+00:00,22050.749492666035,0.311700,29445.06,31228.774694666035,0.2938964237866057946264194214
2022-05-22 00:00:00+00:00,21859.903777236492,0.318173,30293.94,31498.617548856492,0.3060043431007631131535316357
2022-05-23 00:00:00+00:00,22048.813174267896,0.311929,29109.15,31128.801224617896,0.2916909001676936969717077961
2022-05-24 00:00:00+00:00,21789.842240246326,0.320814,29654.58,31303.446668366326,0.3039155569323925486942543591
2022-05-25 00:00:00+00:00,21912.274904322490,0.316680,29542.15,31267.682966322490,0.2992037520681157395740352267
2022-05-26 00:00:00+00:00,21887.368085616046,0.317522,29201.35,31159.439140316046,0.2975686119684744309701914465
2022-05-27 00:00:00+00:00,21811.521310923576,0.320116,28629.8,30976.378367723576,0.2958659965991859252796925731
2022-05-28 00:00:00+00:00,21683.322358340160,0.324588,29031.33,31106.543700380160,0.3029337310118718433131009280
2022-05-29 00:00:00+00:00,21774.478203008184,0.321444,29468.1,31246.822139408184,0.3031458333311141174018500248
2022-05-30 00:00:00+00:00,21872.655987352104,0.318108,31734.22,31967.565243112104,0.3157859905497526453367817572
2022-05-31 00:00:00+00:00,22376.669376744507,0.302205,31801.04,31987.102669944507,0.3004471330949922734204560705
2022-06-01 00:00:00+00:00,22390.961245630257,0.301755,29805.83,31385.019477280257,0.2865716950776734506486161602
2022-06-02 00:00:00+00:00,22390.961245630257,0.301755,30452.62,31580.191593730257,0.2909808295755993772807194484
2022-06-03 00:00:00+00:00,22390.961245630257,0.301755,29700.21,31353.148114180257,0.2858464749986819831331264250
2022-06-04 00:00:00+00:00,21946.633531931364,0.316696,29864.04,31404.455543771364,0.3011617889269800495024021936
2022-06-05 00:00:00+00:00,21983.079934593306,0.315474,29919.21,31421.812790133306,0.3003879158271809081226704687
2022-06-06 00:00:00+00:00,21995.271099049626,0.315066,31373.1,31879.868223649626,0.3100576531639253284063278935
2022-06-07 00:00:00+00:00,22315.518690357996,0.304845,31125.33,31803.919914207996,0.2983406212015764021381052241
2022-06-08 00:00:00+00:00,22262.692688315376,0.306540,30204.77,31521.662884115376,0.2937335580879474200077561168
2022-06-09 00:00:00+00:00,22064.926935597037,0.313079,30109.93,31491.713710067037,0.2993418161126148832461635711
2022-06-10 00:00:00+00:00,22044.184373435645,0.313767,29091.88,31172.256285395645,0.2928267953525246253297557987
2022-06-11 00:00:00+00:00,21820.293580468979,0.321453,28424.7,30957.498669568979,0.2951532094575138757970456884
2022-06-12 00:00:00+00:00,21820.293580468979,0.321453,26574.53,30362.755972558979,0.2813467394004168061742604982
2022-06-13 00:00:00+00:00,21820.293580468979,0.321453,22487.41,29048.938987198979,0.2488436982127110875388108701
2022-06-14 00:00:00+00:00,20331.859929209369,0.387563,22136.41,28911.113398039369,0.2967458689920883209523098864
2022-06-15 00:00:00+00:00,20331.859929209369,0.387563,22583.72,29084.474203569369,0.3009376828715659698543355976
2022-06-16 00:00:00+00:00,20359.105597495481,0.386355,20401.31,28241.253722545481,0.2791005032031401958597597094
2022-06-17 00:00:00+00:00,20359.105597495481,0.386355,20468.81,28267.332685045481,0.2797655928722896403364906092
2022-06-18 00:00:00+00:00,19786.402091720302,0.414298,18970.79,27645.962447140302,0.2842932442828733141858566132
2022-06-19 00:00:00+00:00,19786.402091720302,0.414298,20574.0,28310.169143720302,0.3010849920651471212598360701
2022-06-20 00:00:00+00:00,19817.079141643702,0.412805,20573.89,28310.083803093702,0.2999992766012897368385761097
2022-06-21 00:00:00+00:00,19817.079141643702,0.412805,20723.52,28371.851815243702,0.3015232396287812834629379917
2022-06-22 00:00:00+00:00,19860.252185489284,0.410719,19987.99,28069.699450299284,0.2924665181879056225723375479
2022-06-23 00:00:00+00:00,19648.524244521684,0.421298,21110.13,28542.179793261684,0.3115969282360010417663859575
2022-06-24 00:00:00+00:00,19979.100617435604,0.405618,21237.69,28593.489959855604,0.3012710010045762992780562558
2022-06-25 00:00:00+00:00,20015.412259014996,0.403906,21491.19,28695.832847154996,0.3024976007622865312361585013
2022-06-26 00:00:00+00:00,20086.992169304106,0.400571,21038.07,28514.232907274106,0.2955450621931398298226885986
2022-06-27 00:00:00+00:00,20086.992169304106,0.400571,20742.56,28395.860171064106,0.2926084278379031620751610504
2022-06-28 00:00:00+00:00,20086.992169304106,0.400571,20281.29,28211.088785894106,0.2879752950425702458704543646
2022-06-29 00:00:00+00:00,20086.992169304106,0.400571,20123.01,28147.686408014106,0.2863714666230965508805385224
2022-06-30 00:00:00+00:00,20086.992169304106,0.400571,19942.21,28075.263171214106,0.2845305831398391736545357705
2022-07-01 00:00:00+00:00,20086.992169304106,0.400571,19279.8,27809.920935104106,0.2777040892644698681550938073
2022-07-02 00:00:00+00:00,20086.992169304106,0.400571,19252.81,27799.109523814106,0.2774231796131244777404116019
2022-07-03 00:00:00+00:00,20086.992169304106,0.400571,19315.83,27824.353508234106,0.2780787462551563013669999545
2022-07-04 00:00:00+00:00,20086.992169304106,0.400571,20236.71,28193.231330714106,0.2875243020681686851801995388
2022-07-05 00:00:00+00:00,20086.992169304106,0.400571,20175.83,28168.844568234106,0.2869074867218328440426040623
2022-07-06 00:00:00+00:00,20086.992169304106,0.400571,20564.51,28324.538504514106,0.2908272039065058438245134526
2022-07-07 00:00:00+00:00,20086.992169304106,0.400571,21624.98,28749.332032884106,0.3013057782932775220026455877
2022-07-08 00:00:00+00:00,20124.505945544187,0.398834,21594.75,28737.226467044187,0.2997060461411283518121137254
2022-07-09 00:00:00+00:00,20116.051421682762,0.399225,21591.83,28736.049753432762,0.2999715829320022996212683659
2022-07-10 00:00:00+00:00,20116.051421682762,0.399225,20862.47,28444.871007432762,0.2928056725436949643305740683
2022-07-11 00:00:00+00:00,19910.782790946401,0.409052,19963.61,28076.937388666401,0.2908491935810765503762278435
2022-07-12 00:00:00+00:00,19653.537108650184,0.421921,19328.75,27808.742637400184,0.2932604913169286433258750227
2022-07-13 00:00:00+00:00,19466.631607278600,0.431577,20234.87,28199.536097268600,0.3096825586019433468824101705
2022-07-14 00:00:00+00:00,19739.325978922086,0.418083,20588.84,28347.169972642086,0.3036579666339690535805512454
2022-07-15 00:00:00+00:00,19842.897148218882,0.413046,20830.04,28446.661850058882,0.3024525249110095844313694028
2022-07-16 00:00:00+00:00,19912.587067394682,0.409696,21195.6,28596.339604994682,0.3036665761265222216838979537
2022-07-17 00:00:00+00:00,20017.305389571522,0.404749,20798.16,28435.339851411522,0.2960412819339710201368315054
2022-07-18 00:00:00+00:00,19905.008257475554,0.410141,22432.58,29105.529051255554,0.3161090381685780775282381998
2022-07-19 00:00:00+00:00,20373.262089694600,0.389240,23396.62,29480.162458494600,0.3089162205812702457699768127
2022-07-20 00:00:00+00:00,20636.292995296456,0.377984,23223.3,29414.328822496456,0.2984272012518757727979851697
2022-07-21 00:00:00+00:00,20589.972042638776,0.379976,23152.19,29387.248590078776,0.2993569309652890460816794142
2022-07-22 00:00:00+00:00,20571.055295755624,0.380792,22684.83,29209.257081115624,0.2957350733492216178792948602
2022-07-23 00:00:00+00:00,20446.330963103635,0.386283,22451.07,29118.797635913635,0.2978305210691056616453259557
2022-07-24 00:00:00+00:00,20382.404204693659,0.389127,22579.68,29168.767344053659,0.3012250410078157386233003105
2022-07-25 00:00:00+00:00,20417.398358836171,0.387575,21310.9,28676.970426336171,0.2880210825866956823790444818
2022-07-26 00:00:00+00:00,20073.441398219941,0.403694,21254.67,28653.824149199941,0.2994498293247736543744981797
2022-07-27 00:00:00+00:00,20057.671213126330,0.404435,22952.45,29340.445328876330,0.3163815004066779923194155506
2022-07-28 00:00:00+00:00,20538.213940626244,0.383473,23842.93,29681.333836516244,0.3080427566446301525685501390
2022-07-29 00:00:00+00:00,20777.261393920894,0.373435,23773.75,29655.211725170894,0.2993723468753564956094773195
2022-07-30 00:00:00+00:00,20759.548100215678,0.374179,23643.51,29606.453028505678,0.2988167788884411489619813183
2022-07-31 00:00:00+00:00,20724.768969886670,0.375648,23293.32,29474.858041246670,0.2968661989521801210260310929
2022-08-01 00:00:00+00:00,20633.095253983430,0.379578,23268.01,29465.119953763430,0.2997450787113435924914796820
2022-08-02 00:00:00+00:00,20625.290709748480,0.379913,22987.79,29358.650972018480,0.2974714427646455256117790994
2022-08-03 00:00:00+00:00,20550.466305882521,0.383164,22818.37,29293.644228562521,0.2984667204415297032107626466
2022-08-04 00:00:00+00:00,20505.115860496266,0.385149,22622.98,29218.333984516266,0.2982106416004900981182336730
2022-08-05 00:00:00+00:00,20452.631595565105,0.387466,23312.42,29485.401723285105,0.3063471955542892734292590990
2022-08-06 00:00:00+00:00,20639.852227888357,0.379425,22954.21,29349.253357138357,0.2967503473859817997886084253
2022-08-07 00:00:00+00:00,20544.353498173042,0.383580,23174.39,29433.586014373042,0.3020098370568642206073202962
2022-08-08 00:00:00+00:00,20603.440802360071,0.381027,23810.0,29675.693672360071,0.3057132537545328764508130819
2022-08-09 00:00:00+00:00,20773.039945837903,0.373895,23149.95,29428.690501087903,0.2941228579277091129995020157
2022-08-10 00:00:00+00:00,20600.222484220123,0.381350,23954.05,29735.099451720123,0.3072085560814078090089448332
2022-08-11 00:00:00+00:00,20814.308603438638,0.372401,23934.39,29727.499373828638,0.2998298194646319543312657194
2022-08-12 00:00:00+00:00,20808.916657759813,0.372626,24403.68,29902.362321439813,0.3041045909994895097812878087
2022-08-13 00:00:00+00:00,20930.985876509923,0.367617,24441.38,29916.052667969923,0.3003426585446548059988542999
2022-08-14 00:00:00+00:00,20941.678018911559,0.367179,24305.24,29866.051736871559,0.2988133080524429508758660135
2022-08-15 00:00:00+00:00,20906.194896240709,0.368637,24094.82,29788.437056580709,0.2981775157746243869597141997
2022-08-16 00:00:00+00:00,20851.384348157765,0.370909,23854.74,29699.322106817765,0.2979171621102042190810046648
2022-08-17 00:00:00+00:00,20789.827129119650,0.373486,23342.66,29507.983841879650,0.2954507756096377186312483917
2022-08-18 00:00:00+00:00,20655.432347736150,0.379236,23191.2,29450.370270936150,0.2986359031240944733728259152
2022-08-19 00:00:00+00:00,20615.282203263985,0.380965,20834.39,28552.455589613985,0.2779856661168282597057736098
2022-08-20 00:00:00+00:00,19985.912372828502,0.411134,21140.07,28677.313912208502,0.3030758587079488561448667957
2022-08-21 00:00:00+00:00,20074.015202172759,0.406961,21515.61,28830.029363382759,0.3037115935903652119408680951
2022-08-22 00:00:00+00:00,20181.200978883279,0.401973,21399.83,28783.354843473279,0.2988586254579898933083471767
2022-08-23 00:00:00+00:00,20181.200978883279,0.401973,21529.12,28835.325932643279,0.3001223212796434297398026808
2022-08-24 00:00:00+00:00,20181.200978883279,0.401973,21368.08,28770.592200723279,0.2985475989480698555513375558
2022-08-25 00:00:00+00:00,20181.200978883279,0.401973,21559.04,28847.352964803279,0.3004141141301107162067751789
2022-08-26 00:00:00+00:00,20193.150691235919,0.401418,20241.05,28318.272500135919,0.2869215206846039748303880229
2022-08-27 00:00:00+00:00,19821.786303823269,0.419743,20037.6,28232.428640623269,0.2979071493940849896682603655
2022-08-28 00:00:00+00:00,19762.638666925029,0.422691,19555.61,28028.619013435029,0.2949121518455064335314992703
2022-08-29 00:00:00+00:00,19619.853779444473,0.429983,20285.73,28342.372822034473,0.3077554267371986356398402383
2022-08-30 00:00:00+00:00,19839.825574274953,0.419126,19811.66,28143.407383434953,0.2950453616376047017909749923
2022-08-31 00:00:00+00:00,19700.616806323990,0.426143,20050.02,28244.792479183990,0.3025044591549729333934567985
2022-09-01 00:00:00+00:00,19770.795237807130,0.422638,20131.46,28279.115229287130,0.3008693844377563561448150503
2022-09-02 00:00:00+00:00,19795.707151123882,0.421399,19951.86,28203.401003263882,0.2981092192096622207154211385
2022-09-03 00:00:00+00:00,19742.069130928192,0.424084,19831.9,28152.460610528192,0.2987444542042893766522857408
2022-09-04 00:00:00+00:00,19706.840627032002,0.425858,20000.3,28224.128384432002,0.3017732785717487664653066010
2022-09-05 00:00:00+00:00,19756.836298955832,0.423355,19796.84,28137.927497155832,0.2978574452239652907723127410
2022-09-06 00:00:00+00:00,19696.045065175718,0.426422,18790.61,27708.774562595718,0.2891766100777492870851162166
2022-09-07 00:00:00+00:00,19395.757061999438,0.442382,19292.84,27930.562206879438,0.3055722645918611173254756805
2022-09-08 00:00:00+00:00,19551.209424671498,0.434314,19319.77,27942.056012451498,0.3002945303681620012396328881
2022-09-09 00:00:00+00:00,19559.680115499320,0.433875,21360.11,28827.297841749320,0.3214875628345613740875771621
2022-09-10 00:00:00+00:00,20178.767105573306,0.404856,21648.34,28943.227444613306,0.3028155846065181957690217414
2022-09-11 00:00:00+00:00,20259.838612924556,0.401106,21826.87,29014.727131144556,0.3017394745312789117375503484
2022-09-12 00:00:00+00:00,20310.258532019153,0.398793,22395.74,29241.522873839153,0.3054308895044016592377463909
2022-09-13 00:00:00+00:00,20468.791050196817,0.391705,20173.57,28370.879287046817,0.2785281399599703618474422388
2022-09-14 00:00:00+00:00,19858.856709104147,0.421900,20226.71,28392.505658104147,0.3005599101312221912330511792
2022-09-15 00:00:00+00:00,19874.876002724594,0.421107,19701.88,28171.475583884594,0.2945035504603118582865220054
2022-09-16 00:00:00+00:00,19719.837639607198,0.428966,19803.3,28214.780027407198,0.3010812907117548125970634867
2022-09-17 00:00:00+00:00,19750.314852956308,0.427425,20113.62,28347.378881456308,0.3032754479506338590605491743
2022-09-18 00:00:00+00:00,19842.752758475722,0.422823,19416.18,28052.360234615722,0.2926530034363955226334462904
2022-09-19 00:00:00+00:00,19636.776872170832,0.433417,19537.02,28104.453469510832,0.3012930533065222036605519109
2022-09-20 00:00:00+00:00,19673.088000478346,0.431556,18875.0,27818.707500478346,0.2928108539859350079164980592
2022-09-21 00:00:00+00:00,19472.627934560325,0.442163,18461.36,27635.558256240325,0.2953777971840589305912569164
2022-09-22 00:00:00+00:00,19344.727730325533,0.449082,19401.63,28057.650533985533,0.3105364361533498216968643392
2022-09-23 00:00:00+00:00,19639.985433616211,0.433844,19289.91,28008.797147656211,0.2987922569441831958539122837
2022-09-24 00:00:00+00:00,19605.723027136077,0.435618,18920.5,27847.833396136077,0.2959695374414155861410477569
2022-09-25 00:00:00+00:00,19493.805528352668,0.441525,18807.38,27797.733982852668,0.2987268120351956682249386158
2022-09-26 00:00:00+00:00,19458.925734731280,0.443377,19227.82,27984.098882871280,0.3046434757046314182076963095
2022-09-27 00:00:00+00:00,19588.364295446436,0.436636,19079.13,27918.999302126436,0.2983858739537810560328076525
2022-09-28 00:00:00+00:00,19542.937595608096,0.439014,19412.82,28065.437355088096,0.3036653108822806834457226509
2022-09-29 00:00:00+00:00,19645.691787278296,0.433714,19591.51,28142.803955418296,0.3019284141551951677969373994
2022-09-30 00:00:00+00:00,19699.613126531584,0.430958,19422.61,28069.942286911584,0.2981954531585519554219974991
2022-10-01 00:00:00+00:00,19648.912557094033,0.433565,19310.95,28021.464593844033,0.2987906648744314910961170603
2022-10-02 00:00:00+00:00,19615.381599282625,0.435299,19056.8,27910.787582482625,0.2972114620085591792580652347
2022-10-03 00:00:00+00:00,19537.753928010409,0.439367,19629.08,28162.123920370409,0.3062400412960957503145435513
2022-10-04 00:00:00+00:00,19713.264620351197,0.430414,20337.82,28466.947077831197,0.3075033804484423221833847261
2022-10-05 00:00:00+00:00,19926.595053250699,0.419911,20158.26,28391.270168110699,0.2981435865580818773289765306
2022-10-06 00:00:00+00:00,19873.832859811567,0.422525,19960.67,28307.714951561567,0.2979358138296059557080407762
2022-10-07 00:00:00+00:00,19815.332026376150,0.425452,19530.09,28124.447877056150,0.2954410300604889270574214141
2022-10-08 00:00:00+00:00,19686.950305973045,0.432017,19417.96,28075.839131293045,0.2987938770446162643779489473
2022-10-09 00:00:00+00:00,19652.616155206429,0.433783,19439.02,28084.932567866429,0.3002434274066192165921005082
2022-10-10 00:00:00+00:00,19659.741345721513,0.433416,19131.87,27951.799913641513,0.2966556212315031808183262413
2022-10-11 00:00:00+00:00,19566.141507089647,0.438302,19060.0,27920.177627089647,0.2992114244966145248309437626
2022-10-12 00:00:00+00:00,19544.098588499647,0.439457,19155.53,27962.130335709647,0.3010511590549154039672047916
2022-10-13 00:00:00+00:00,19573.329531609007,0.437929,19375.13,28058.260837379007,0.3024040354798625808257498352
2022-10-14 00:00:00+00:00,19640.843048410801,0.434440,19176.93,27972.068517610801,0.2978408788021802375376595932
2022-10-15 00:00:00+00:00,19580.376391242460,0.437589,19069.39,27924.931691952460,0.2988209744883556418880702782
2022-10-16 00:00:00+00:00,19547.116056143820,0.439331,19262.98,28009.940322523820,0.3021364618750984170176335853
2022-10-17 00:00:00+00:00,19606.888329901302,0.436224,19549.86,28135.006458541302,0.3031141343865236838336007023
2022-10-18 00:00:00+00:00,19693.980731681238,0.431763,19327.44,28038.854208401238,0.2976182056048366848592847656
2022-10-19 00:00:00+00:00,19627.117617284478,0.435218,19123.97,27950.213592744478,0.2977829113127268002078359136
2022-10-20 00:00:00+00:00,19564.885933630728,0.438468,19041.92,27914.158512190728,0.2991052936420665778568763587
2022-10-21 00:00:00+00:00,19539.889523366472,0.439779,19164.37,27967.976997596472,0.3013477690915684677783137256
2022-10-22 00:00:00+00:00,19577.536833945945,0.437812,19204.35,27985.431716145945,0.3004382768677868959154895047
2022-10-23 00:00:00+00:00,19589.773242927819,0.437174,19570.4,28145.443292527819,0.3039806465535896679781713795
2022-10-24 00:00:00+00:00,19701.668130225819,0.431449,19329.72,28041.456494505819,0.2974092435574457487676394713
2022-10-25 00:00:00+00:00,19629.200277929499,0.435193,20080.07,28367.906181439499,0.3080490272217392018096181408
2022-10-26 00:00:00+00:00,19856.921206493043,0.423837,20771.59,28660.689597323043,0.3071722458364116575093679198
2022-10-27 00:00:00+00:00,20062.230581051622,0.413940,20295.11,28463.188414451622,0.2951516784091054082671232743
2022-10-28 00:00:00+00:00,19924.064745772865,0.420739,20591.84,28587.854915532865,0.3030584209748677036934384176
2022-10-29 00:00:00+00:00,20011.404600645041,0.416492,20809.67,28678.465678285041,0.3022149502301507452483681509
2022-10-30 00:00:00+00:00,20074.853962146089,0.413439,20627.48,28603.058665866089,0.2981570888394976980020149981
2022-10-31 00:00:00+00:00,20022.082236571269,0.415994,20490.74,28546.107132131269,0.2986055105904589706501736617
2022-11-01 00:00:00+00:00,19982.237488569065,0.417936,20483.62,28543.079696889065,0.2999270681100699029905662322
2022-11-02 00:00:00+00:00,19982.237488569065,0.417936,20151.84,28404.416890809065,0.2965094983155665316932093572
2022-11-03 00:00:00+00:00,19982.237488569065,0.417936,20207.82,28427.812948089065,0.2970884701873527965427769221
2022-11-04 00:00:00+00:00,19899.159192283929,0.422042,21148.52,28824.722870123929,0.3096495920552670151553891701
2022-11-05 00:00:00+00:00,20176.964059415301,0.408889,21299.37,28886.042159345301,0.3014977978598709594475319999
2022-11-06 00:00:00+00:00,20220.188114839509,0.406857,20905.58,28725.769676899509,0.2960958629735153734716784673
2022-11-07 00:00:00+00:00,20107.904804929053,0.412221,20591.13,28596.001004659053,0.2968280844005797252171457761
2022-11-08 00:00:00+00:00,20016.961286480072,0.416632,18547.23,27744.330815840072,0.2785206671825082397857306524
2022-11-09 00:00:00+00:00,20016.961286480072,0.416632,15922.81,26650.913462400072,0.2489202550328859709434781716
2022-11-10 00:00:00+00:00,20016.961286480072,0.416632,17601.15,27350.163613280072,0.2681227955521008280267406244
2022-11-11 00:00:00+00:00,19144.366291157092,0.466140,17070.31,27101.520594557092,0.2936054556657631780073191807
2022-11-12 00:00:00+00:00,18970.744018403200,0.476298,16812.08,26978.304098243200,0.2968148053591494748572781414
2022-11-13 00:00:00+00:00,18885.070616340588,0.481387,16329.85,26746.048118290588,0.2939117385560291982615538263
2022-11-14 00:00:00+00:00,18722.685213992568,0.491317,16619.46,26888.108442812568,0.3036815790216991146832081790
2022-11-15 00:00:00+00:00,18820.950822536412,0.485396,16900.57,27024.419898256412,0.3035576381141590926480605204
2022-11-16 00:00:00+00:00,18916.973173720863,0.479707,16662.76,26910.215785040863,0.2970337612737898864608851416
2022-11-17 00:00:00+00:00,18836.676594763254,0.484520,16692.56,26924.555765963254,0.3003904406632518382971121980
2022-11-18 00:00:00+00:00,18847.179236356614,0.483890,16700.45,26928.359986856614,0.3000992542599816823991911726
2022-11-19 00:00:00+00:00,18847.179236356614,0.483890,16700.68,26928.471281556614,0.3001021469323028275764460836
2022-11-20 00:00:00+00:00,18847.179236356614,0.483890,16280.23,26725.019731056614,0.2947739823572634527445328264
2022-11-21 00:00:00+00:00,18707.091335526714,0.492484,15781.29,26479.124159886714,0.2935154794936106827262187353
2022-11-22 00:00:00+00:00,18535.167689760954,0.503364,16226.94,26703.225115920954,0.3058828059420453268472717060
2022-11-23 00:00:00+00:00,18692.422887776310,0.493661,16603.11,26888.730773486310,0.3048231601095871275547880872
2022-11-24 00:00:00+00:00,18821.957768552394,0.485849,16598.95,26886.541027102394,0.2999487085534978977396880431
2022-11-25 00:00:00+00:00,18821.957768552394,0.485849,16522.14,26849.222965412394,0.2989756987455783607513244828
2022-11-26 00:00:00+00:00,18794.165817923994,0.487529,16458.57,26818.195991453994,0.2992009669884944259147585951
2022-11-27 00:00:00+00:00,18772.397052460341,0.488850,16428.78,26803.606155460341,0.2996316636059774718900677984
2022-11-28 00:00:00+00:00,18762.510525892340,0.489451,16212.91,26697.935538302340,0.2972299113175023918440126367
2022-11-29 00:00:00+00:00,18688.210913940122,0.494028,16442.53,26811.281124780122,0.3029721024159608076145229942
2022-11-30 00:00:00+00:00,18767.937462563657,0.489173,17163.64,27163.926732283657,0.3090859930696828826383919199
2022-12-01 00:00:00+00:00,19015.091190493844,0.474756,16977.37,27075.199462213844,0.2976934032552073854736388583
2022-12-02 00:00:00+00:00,19015.091190493844,0.474756,17092.74,27129.972061933844,0.2991112874320286134296629297
2022-12-03 00:00:00+00:00,19015.091190493844,0.474756,16885.2,27031.441201693844,0.2965565154808571407429006418
2022-12-04 00:00:00+00:00,19015.091190493844,0.474756,17105.7,27136.124899693844,0.2992702067527564840114145006
2022-12-05 00:00:00+00:00,19015.091190493844,0.474756,16966.35,27069.967651093844,0.2975576684988952445112543173
2022-12-06 00:00:00+00:00,19015.091190493844,0.474756,17088.96,27128.177484253844,0.2990649223844514775087071345
2022-12-07 00:00:00+00:00,19015.091190493844,0.474756,16836.64,27008.387050333844,0.2959560615353813527562277047
2022-12-08 00:00:00+00:00,19015.091190493844,0.474756,17224.1,27192.336010093844,0.3007187325342181718378986311
2022-12-09 00:00:00+00:00,19034.615129834294,0.473621,17128.56,27147.060845594294,0.2988332977150479129214083181
2022-12-10 00:00:00+00:00,19034.615129834294,0.473621,17127.49,27146.554071124294,0.2988202082679305687937583331
2022-12-11 00:00:00+00:00,19034.615129834294,0.473621,17085.05,27126.453595884294,0.2983006399066377675505503049
2022-12-12 00:00:00+00:00,19034.615129834294,0.473621,17209.83,27185.552024264294,0.2998260578690817969413895208
2022-12-13 00:00:00+00:00,19034.615129834294,0.473621,17774.7,27453.086318534294,0.3066493541389723717685675728
2022-12-14 00:00:00+00:00,19217.308283201588,0.463330,17803.15,27466.041772701588,0.3003247995384027308811831623
2022-12-15 00:00:00+00:00,19226.500990296467,0.462813,17356.34,27259.240774716467,0.2946795125662685066560314649
2022-12-16 00:00:00+00:00,19226.500990296467,0.462813,16632.12,26924.062343856467,0.2858989574177846783794034320
2022-12-17 00:00:00+00:00,19226.500990296467,0.462813,16776.52,26990.892541056467,0.2876670913697798454123237673
2022-12-18 00:00:00+00:00,19226.500990296467,0.462813,16738.21,26973.162175026467,0.2871988510083689773392452269
2022-12-19 00:00:00+00:00,19226.500990296467,0.462813,16438.88,26834.628359736467,0.2835190138446440037180198373
2022-12-20 00:00:00+00:00,19226.500990296467,0.462813,16895.56,27045.985800576467,0.2891181289503351340056677526
2022-12-21 00:00:00+00:00,18932.007362578502,0.480220,16824.67,27011.550389978502,0.2991143755449733132051242408
2022-12-22 00:00:00+00:00,18908.068412067138,0.481641,16821.43,27009.958778697138,0.2999593754663555125884145046
2022-12-23 00:00:00+00:00,18908.068412067138,0.481641,16778.5,26989.281930567138,0.2994230650259536490657315794
2022-12-24 00:00:00+00:00,18892.494504232686,0.482568,16836.12,27017.067260392686,0.3007200107196946535591711735
2022-12-25 00:00:00+00:00,18911.796796629234,0.481420,16832.11,27015.111192829234,0.2999548785255752063854293822
2022-12-26 00:00:00+00:00,18911.796796629234,0.481420,16919.39,27057.129530429234,0.3010420127766887521969818792
2022-12-27 00:00:00+00:00,18939.964753749165,0.479753,16706.36,26954.891082829165,0.2973458992822893420816976966
2022-12-28 00:00:00+00:00,18868.236042208301,0.484041,16547.31,26877.812521918301,0.2979995664892132052718171062
2022-12-29 00:00:00+00:00,18814.403908612817,0.487290,16633.47,26919.727504912817,0.3010923344161187538362268605
2022-12-30 00:00:00+00:00,18843.773653205369,0.485522,16607.48,26907.070557765369,0.2996720466930554050389998714
2022-12-31 00:00:00+00:00,18834.943617181925,0.486053,16542.4,26875.426764381925,0.2991760174709513386586163946
2023-01-01 00:00:00+00:00,18812.566633601274,0.487404,16616.75,26911.637050601274,0.3009504922265234806195853225
2023-01-02 00:00:00+00:00,18838.256572368366,0.485856,16672.87,26938.870499088366,0.3007035475742805021424091122
2023-01-03 00:00:00+00:00,18857.155576981476,0.484721,16675.18,26939.965501761476,0.3000304482294716957293261239
2023-01-04 00:00:00+00:00,18857.155576981476,0.484721,16850.36,27024.878926541476,0.3022297850717982463570524480
2023-01-05 00:00:00+00:00,18917.350958842440,0.481144,16831.85,27015.894595242440,0.2997695896335845124616808482
2023-01-06 00:00:00+00:00,18911.131931953995,0.481513,16950.65,27073.090265403995,0.3014786362929523567756194127
2023-01-07 00:00:00+00:00,18950.998018629930,0.479158,16943.57,27069.645132689930,0.2999170131068963972389307112
2023-01-08 00:00:00+00:00,18950.998018629930,0.479158,17127.83,27157.934785769930,0.3021929624575218808345437368
2023-01-09 00:00:00+00:00,19010.491169599368,0.475680,17178.26,27181.845886399368,0.3006180945529014303092350651
2023-01-10 00:00:00+00:00,19027.544936603880,0.474686,17440.66,27306.382069363880,0.3031832306356087295702269292
2023-01-11 00:00:00+00:00,19114.356084969192,0.469702,17943.26,27542.341193489192,0.3060010421522304731760813196
2023-01-12 00:00:00+00:00,19279.434514784736,0.460490,18846.62,27958.114558584736,0.3104172144947145644951047698
2023-01-13 00:00:00+00:00,19570.311547899612,0.445036,19930.01,28439.883478259612,0.3118708955731198503561770187
2023-01-14 00:00:00+00:00,19907.487018619392,0.428096,20954.92,28878.204450939392,0.3106397230326481579190050572
2023-01-15 00:00:00+00:00,20213.711098962600,0.413462,20871.5,28843.283231962600,0.2991882742196687534665407127
2023-01-16 00:00:00+00:00,20213.711098962600,0.413462,21185.65,28973.172319262600,0.3023300701689589161889397931
2023-01-17 00:00:00+00:00,20281.141991246085,0.410275,21134.81,28952.226163996085,0.2994962847980594590921345085
2023-01-18 00:00:00+00:00,20281.141991246085,0.410275,20677.47,28764.590995496085,0.2949268079486450989072649039
2023-01-19 00:00:00+00:00,20281.141991246085,0.410275,21071.59,28926.288578496085,0.2988681580697786257770754468
2023-01-20 00:00:00+00:00,20281.141991246085,0.410275,22667.21,29580.931573996085,0.3143846081887843798891530843
2023-01-21 00:00:00+00:00,20281.141991246085,0.410275,22783.55,29628.662967496085,0.3154891257328969493576674434
2023-01-22 00:00:00+00:00,20281.141991246085,0.410275,22707.88,29597.617458246085,0.3147711291337191910904090418
2023-01-23 00:00:00+00:00,20281.141991246085,0.410275,22916.45,29683.188514996085,0.3167465152539135859275534124
2023-01-24 00:00:00+00:00,20281.141991246085,0.410275,22632.89,29566.850935996085,0.3140580971863032609517291198
2023-01-25 00:00:00+00:00,20281.141991246085,0.410275,23060.94,29742.469149746085,0.3181083288971242818396573276
2023-01-26 00:00:00+00:00,20281.141991246085,0.410275,23009.65,29721.426144996085,0.3176255442015312318723711431
2023-01-27 00:00:00+00:00,20281.141991246085,0.410275,23074.16,29747.892985246085,0.3182326559630686299800580063
2023-01-28 00:00:00+00:00,20281.141991246085,0.410275,23022.6,29726.739206246085,0.3177475050144525126772667813
2023-01-29 00:00:00+00:00,20281.141991246085,0.410275,23742.3,30022.014123746085,0.3244576493885332323096767795
2023-01-30 00:00:00+00:00,20281.141991246085,0.410275,22826.15,29646.140682496085,0.3158926752573686104386458397
2023-01-31 00:00:00+00:00,20281.141991246085,0.410275,23125.13,29768.804701996085,0.3187115776305867128271109361
2023-02-01 00:00:00+00:00,20281.141991246085,0.410275,23732.66,30018.059072746085,0.3243686428194258375640946128
2023-02-02 00:00:00+00:00,20281.141991246085,0.410275,23488.94,29918.066849746085,0.3221105463430632283440699278
2023-02-03 00:00:00+00:00,20281.141991246085,0.410275,23431.9,29894.664763746085,0.3215798821787936459558496084
2023-02-04 00:00:00+00:00,20281.141991246085,0.410275,23326.84,29851.561272246085,0.3206002926854587425605555739
2023-02-05 00:00:00+00:00,20281.141991246085,0.410275,22932.91,29689.941641496085,0.3169019246942476571332797842
2023-02-06 00:00:00+00:00,20281.141991246085,0.410275,22762.52,29620.034884246085,0.3152897330977502546965143584
2023-02-07 00:00:00+00:00,20281.141991246085,0.410275,23240.46,29816.121717746085,0.3197927556361205279121588788
2023-02-08 00:00:00+00:00,20281.141991246085,0.410275,22963.0,29702.286816246085,0.3171858410527155729120861267
2023-02-09 00:00:00+00:00,20281.141991246085,0.410275,21796.35,29223.639487496085,0.3060021836115322081526837802
2023-02-10 00:00:00+00:00,20281.141991246085,0.410275,21625.19,29153.416818496085,0.3043305312199658403834283369
2023-02-11 00:00:00+00:00,20281.141991246085,0.410275,21862.55,29250.799692496085,0.3066465804540396847600640198
2023-02-12 00:00:00+00:00,20281.141991246085,0.410275,21783.54,29218.383864746085,0.3058773515630128383804133585
2023-02-13 00:00:00+00:00,20281.141991246085,0.410275,21773.97,29214.457532996085,0.3057840636493189388911863963
2023-02-14 00:00:00+00:00,20281.141991246085,0.410275,22199.84,29389.181347246085,0.3099112985960552920904397907
2023-02-15 00:00:00+00:00,20281.141991246085,0.410275,24324.05,30260.691604996085,0.3297859065488893710241471165
2023-02-16 00:00:00+00:00,20281.141991246085,0.410275,23517.72,29929.874564246085,0.3223779823162464896397053434
2023-02-17 00:00:00+00:00,1472.084218499301,1.209019,24569.97,31177.644777929301,0.9527839825944328062863480164
2023-02-18 00:00:00+00:00,1472.084218499301,1.209019,24631.95,31252.579775549301,0.9528971934774166213203646345
2023-02-19 00:00:00+00:00,1472.084218499301,1.209019,24271.76,30817.103221939301,0.9522315836145398852859713784
2023-02-20 00:00:00+00:00,1472.084218499301,1.209019,24842.2,31506.776020299301,0.9532772182862866962193771328
2023-02-21 00:00:00+00:00,1472.084218499301,1.209019,24452.16,31035.210249539301,0.9525672870696549186930577650
2023-02-22 00:00:00+00:00,1472.084218499301,1.209019,24182.21,30708.835570489301,0.9520631703823393958362567426
2023-02-23 00:00:00+00:00,1472.084218499301,1.209019,23940.2,30416.240882299301,0.9516020331310573344466400984
2023-02-24 00:00:00+00:00,1472.084218499301,1.209019,23185.29,29503.540349009301,0.9501048280618047217867533608
2023-02-25 00:00:00+00:00,1472.084218499301,1.209019,23157.07,29469.421832829301,0.9500470614303202601734970468
2023-02-26 00:00:00+00:00,1472.084218499301,1.209019,23554.85,29950.345410649301,0.9508491739138381002240525081
2023-02-27 00:00:00+00:00,1472.084218499301,1.209019,23492.09,29874.467378209301,0.9507243359400257571267691730
2023-02-28 00:00:00+00:00,1472.084218499301,1.209019,23141.57,29450.682038329301,0.9500152758233774870941101283
2023-03-01 00:00:00+00:00,1472.084218499301,1.209019,23628.97,30039.957898929301,0.9509957962174184754105195914
2023-03-02 00:00:00+00:00,1472.084218499301,1.209019,23465.32,29842.101939579301,0.9506708937098398737764259485
2023-03-03 00:00:00+00:00,1472.084218499301,1.209019,22354.34,28498.906010959301,0.9483459393868238801212945389
2023-03-04 00:00:00+00:00,1472.084218499301,1.209019,22346.57,28489.511933329301,0.9483289070748474426864919386
2023-03-05 00:00:00+00:00,11382.915212410398,0.764936,22430.24,28540.613277050398,0.6011678129718593693610154385
2023-03-06 00:00:00+00:00,11416.203218312766,0.763450,22410.0,28525.117718312766,0.5997841856062277547935440415
2023-03-07 00:00:00+00:00,11416.203218312766,0.763450,22197.96,28363.235780312766,0.5974999712043828845541645736
2023-03-08 00:00:00+00:00,11416.203218312766,0.763450,21705.44,27987.221386312766,0.5920922959541852126957550093
2023-03-09 00:00:00+00:00,11416.203218312766,0.763450,20362.22,26961.740077312766,0.5765776546477781740120449798
2023-03-10 00:00:00+00:00,11416.203218312766,0.763450,20150.69,26800.247498812766,0.5740262018543486743446061755
2023-03-11 00:00:00+00:00,11416.203218312766,0.763450,20455.73,27033.130286812766,0.5776958459049860866751710693
2023-03-12 00:00:00+00:00,11416.203218312766,0.763450,21997.11,28209.896847812766,0.5953121246808843584876230917
2023-03-13 00:00:00+00:00,11416.203218312766,0.763450,24113.48,29825.639524312766,0.6172352579730370443843095478
2023-03-14 00:00:00+00:00,11929.223224252662,0.742146,24670.41,30238.269324112662,0.6054925268246077614353510558
2023-03-15 00:00:00+00:00,12095.113157150973,0.735413,24285.66,29955.103234730973,0.5962252888139779666085252953
2023-03-16 00:00:00+00:00,12095.113157150973,0.735413,24998.78,30479.540953290973,0.6031727257412967974915969741
2023-03-17 00:00:00+00:00,12191.707700607207,0.731544,27395.13,32232.450681327207,0.6217567251977503102479103647
2023-03-18 00:00:00+00:00,12892.083959164476,0.705945,26907.49,31887.291987214476,0.5956983752545156820961032490
2023-03-19 00:00:00+00:00,12892.083959164476,0.705945,27972.87,32639.391671314476,0.6050145759764622126680942475
2023-03-20 00:00:00+00:00,24464.501901795036,0.291705,27717.01,32549.692303845036,0.2483952943879260926484342283
2023-03-21 00:00:00+00:00,24464.501901795036,0.291705,28105.47,32663.008028145036,0.2510027894334017692215146750
2023-03-22 00:00:00+00:00,1603.521736916808,1.103981,27250.97,31688.074848486808,0.9493966817301499609283019943
2023-03-23 00:00:00+00:00,16616.704285098768,0.552341,28295.41,32245.419339908768,0.4846801615467599727762831447
2023-03-24 00:00:00+00:00,16616.704285098768,0.552341,27454.47,31780.933699368768,0.4771486438289002029144727215
2023-03-25 00:00:00+00:00,16616.704285098768,0.552341,27462.95,31785.617551048768,0.4772256899394267382297125543
2023-03-26 00:00:00+00:00,16616.704285098768,0.552341,27968.05,32064.604990148768,0.4817742401565860490533485598
2023-03-27 00:00:00+00:00,16616.704285098768,0.552341,27124.91,31598.904199408768,0.4741366922018240361893267434
2023-03-28 00:00:00+00:00,16616.704285098768,0.552341,27261.07,31674.110949968768,0.4753852977485023059066881631
2023-03-29 00:00:00+00:00,16616.704285098768,0.552341,28348.6,32274.798357698768,0.4851492455216206955280327346
2023-03-30 00:00:00+00:00,16616.704285098768,0.552341,28028.53,32098.010573828768,0.4823135768218837997316675944
2023-03-31 00:00:00+00:00,1585.388561901258,1.087931,28465.36,32553.736132061258,0.9512993361047780488063855732
2023-04-01 00:00:00+00:00,1585.388561901258,1.087931,28452.73,32539.995563531258,0.9512787714182094137999100779
2023-04-02 00:00:00+00:00,1585.388561901258,1.087931,28171.87,32234.439262871258,0.9508169337467779879240900351
2023-04-03 00:00:00+00:00,1585.388561901258,1.087931,27800.0,31829.870361901258,0.9501917995934131174855537980
2023-04-04 00:00:00+00:00,1585.388561901258,1.087931,28165.47,32227.476504471258,0.9508063077268460560393513205
2023-04-05 00:00:00+00:00,1585.388561901258,1.087931,28170.01,32232.415711211258,0.9508138460329605597061160595
2023-04-06 00:00:00+00:00,1585.388561901258,1.087931,28033.82,32084.250388321258,0.9505867039836360604034949737
2023-04-07 00:00:00+00:00,1585.388561901258,1.087931,27906.33,31945.550065131258,0.9503721626746468749738102592
2023-04-08 00:00:00+00:00,1585.388561901258,1.087931,27938.38,31980.418253681258,0.9504262718102892754846381073
2023-04-09 00:00:00+00:00,1585.388561901258,1.087931,28323.76,32399.685102461258,0.9510677786871199196057648289
2023-04-10 00:00:00+00:00,1585.388561901258,1.087931,29637.34,33828.769505441258,0.9531349030698189327753149039
2023-04-11 00:00:00+00:00,1585.388561901258,1.087931,30200.42,34441.361692921258,0.9539684703515336525661572792
2023-04-12 00:00:00+00:00,1585.388561901258,1.087931,29888.07,34101.546445071258,0.9535097751518422319584114106
2023-04-13 00:00:00+00:00,1585.388561901258,1.087931,30373.84,34630.030686941258,0.9542192562220542033315523613
2023-04-14 00:00:00+00:00,1585.388561901258,1.087931,30466.93,34731.306183731258,0.9543527515632602004520284031
2023-04-15 00:00:00+00:00,1585.388561901258,1.087931,30295.09,34544.356120691258,0.9541057139301650643242633974
2023-04-16 00:00:00+00:00,1585.388561901258,1.087931,30304.65,34554.756741051258,0.9541195276302493285508361345
2023-04-17 00:00:00+00:00,1585.388561901258,1.087931,29430.27,33603.491633271258,0.9528207193703780478003230597
2023-04-18 00:00:00+00:00,17620.964163740082,0.542355,30380.01,34097.714487290082,0.4832215464086810343457926025
2023-04-19 00:00:00+00:00,17620.964163740082,0.542355,28797.1,33239.215334240082,0.4698742438246268515778344197
2023-04-20 00:00:00+00:00,17620.964163740082,0.542355,28243.65,32939.048959490082,0.4650433233390820389172043064
2023-04-21 00:00:00+00:00,17620.964163740082,0.542355,27262.84,32407.101751940082,0.4562622631724484216161005487
2023-04-22 00:00:00+00:00,17620.964163740082,0.542355,27816.85,32707.571845490082,0.4612573428874156182070766488
2023-04-23 00:00:00+00:00,17620.964163740082,0.542355,27590.6,32584.864026740082,0.4592285501243826247957609525
2023-04-24 00:00:00+00:00,17620.964163740082,0.542355,27510.93,32541.654603890082,0.4585105035921055023171874931
2023-04-25 00:00:00+00:00,17620.964163740082,0.542355,28300.79,32970.039124190082,0.4655461554847959013805973130
2023-04-26 00:00:00+00:00,1627.766194993842,1.106736,28415.29,33075.990588433842,0.9507870764855324862436547388
2023-04-27 00:00:00+00:00,1627.766194993842,1.106736,29472.77,34246.341773713842,0.9524689029342324695426563284
2023-04-28 00:00:00+00:00,1627.766194993842,1.106736,29311.7,34068.079806193842,0.9522201954364947378178100475
2023-04-29 00:00:00+00:00,17864.623468241019,0.552077,29230.45,34002.082612891019,0.4746020803599805255646300973
2023-04-30 00:00:00+00:00,17864.623468241019,0.552077,29233.21,34003.606345411019,0.4746256239185067489253290047
2023-05-01 00:00:00+00:00,1679.170223325339,1.105025,28068.26,32695.299229825339,0.9486418456817925484209929211
2023-05-02 00:00:00+00:00,1679.170223325339,1.105025,28669.86,33360.082269825339,0.9496652853028431541813544781
2023-05-03 00:00:00+00:00,1679.170223325339,1.105025,29026.16,33753.802677325339,0.9502524133539078646457731963
2023-05-04 00:00:00+00:00,17699.913732064059,0.552365,28838.16,33629.103980464059,0.4736727525554544345645057050
2023-05-05 00:00:00+00:00,17699.913732064059,0.552365,29505.61,33997.779999714059,0.4793803085903572081711992763
2023-05-06 00:00:00+00:00,17699.913732064059,0.552365,28848.2,33634.649725064059,0.4737595343865187654481136118
2023-05-07 00:00:00+00:00,17699.913732064059,0.552365,28430.1,33403.705918564059,0.4701212561499842825426617988
2023-05-08 00:00:00+00:00,17699.913732064059,0.552365,27668.79,32983.184920414059,0.4633655368706018620947929811
2023-05-09 00:00:00+00:00,17699.913732064059,0.552365,27628.27,32960.803090614059,0.4630011385522248203164687933
2023-05-10 00:00:00+00:00,17699.913732064059,0.552365,27598.75,32944.497275814059,0.4627353520110227914254083514
2023-05-11 00:00:00+00:00,17699.913732064059,0.552365,26968.62,32596.435518364059,0.4569984892338198383930435490
2023-05-12 00:00:00+00:00,17699.913732064059,0.552365,26795.01,32500.539430714059,0.4553963090428871742256231538
2023-05-13 00:00:00+00:00,1604.154011745099,1.152285,26775.28,32456.907526545099,0.9505758824856271070312740783
2023-05-14 00:00:00+00:00,1604.154011745099,1.152285,26917.62,32620.923773445099,0.9508243842851883732697702760
2023-05-15 00:00:00+00:00,1604.154011745099,1.152285,27162.14,32902.680501645099,0.9512454916350996689451058302
2023-05-16 00:00:00+00:00,1604.154011745099,1.152285,27033.84,32754.842336145099,0.9510254393752673125299237004
2023-05-17 00:00:00+00:00,1604.154011745099,1.152285,27405.61,33183.227330595099,0.9516576854998651351196561193
2023-05-18 00:00:00+00:00,1604.154011745099,1.152285,26821.28,32509.912636545099,0.9506564650087113851935303747
2023-05-19 00:00:00+00:00,1604.154011745099,1.152285,26880.26,32577.874405845099,0.9507594021709015235545958663
2023-05-20 00:00:00+00:00,1604.154011745099,1.152285,27102.43,32833.877564295099,0.9511433272356012661677750448
2023-05-21 00:00:00+00:00,1604.154011745099,1.152285,26747.78,32425.219689045099,0.9505275823223777744244859690
2023-05-22 00:00:00+00:00,1604.154011745099,1.152285,26849.27,32542.165093695099,0.9507053692608824983608207226
2023-05-23 00:00:00+00:00,1604.154011745099,1.152285,27219.61,32968.902320595099,0.9513434206530130082205543267
2023-05-24 00:00:00+00:00,1604.154011745099,1.152285,26329.01,31942.677299595099,0.9497802267261600818783480289
2023-05-25 00:00:00+00:00,16750.205804268099,0.576275,26473.79,32006.389136518099,0.4766605588395868911966905004
2023-05-26 00:00:00+00:00,16750.205804268099,0.576275,26705.92,32140.159852268099,0.4788387524747779468293686353
2023-05-27 00:00:00+00:00,16750.205804268099,0.576275,26854.27,32225.650248518099,0.4802213244699892583533951049
2023-05-28 00:00:00+00:00,16750.205804268099,0.576275,28065.0,32923.363679268099,0.4912364979640359907507596413
2023-05-29 00:00:00+00:00,16750.205804268099,0.576275,27736.4,32733.999714268099,0.4882933356608108707763970584
2023-05-30 00:00:00+00:00,1617.054811578413,1.121173,27694.4,32667.268342778413,0.9504992338321460205763481257
2023-05-31 00:00:00+00:00,1617.054811578413,1.121173,27210.35,32124.564552128413,0.9496629811447117332307261007
2023-06-01 00:00:00+00:00,12835.242526812929,0.708360,26817.93,31831.991421612929,0.5967816666946510989955482684
2023-06-02 00:00:00+00:00,12835.242526812929,0.708360,27242.59,32132.803579212929,0.6005564066275190710116284246
2023-06-03 00:00:00+00:00,12835.242526812929,0.708360,27069.22,32009.995206012929,0.5990239159922808024612403249
2023-06-04 00:00:00+00:00,12835.242526812929,0.708360,27115.21,32042.572682412929,0.5994315857834425966307004921
2023-06-05 00:00:00+00:00,12835.242526812929,0.708360,25728.2,31060.070278812929,0.5867606733791500802524539898
2023-06-06 00:00:00+00:00,12835.242526812929,0.708360,27230.08,32123.941995612929,0.6004462176975104795270902617
2023-06-07 00:00:00+00:00,12835.242526812929,0.708360,26339.34,31492.977409212929,0.5924411223481804550853899317
2023-06-08 00:00:00+00:00,12835.242526812929,0.708360,26498.61,31605.797906412929,0.5938959502044840778391204016
2023-06-09 00:00:00+00:00,12835.242526812929,0.708360,26477.81,31591.064018412929,0.5937065456443038299759759381
2023-06-10 00:00:00+00:00,12835.242526812929,0.708360,25841.21,31140.122042412929,0.5878229857503032724407558704
2023-06-11 00:00:00+00:00,21786.462902750345,0.361516,25925.55,31158.964036550345,0.3007963012764413930329046470
2023-06-12 00:00:00+00:00,12451.467128824741,0.721118,25905.19,31132.165931244741,0.6000449452722385465834142983
2023-06-13 00:00:00+00:00,12451.467128824741,0.721118,25934.25,31153.121620324741,0.6003139819959093215639257152
2023-06-14 00:00:00+00:00,12451.467128824741,0.721118,25128.6,30572.152903624741,0.5927186689116535309271760207
2023-06-15 00:00:00+00:00,12451.467128824741,0.721118,25598.49,30910.999040644741,0.5971832837737673926839349880
2023-06-16 00:00:00+00:00,12451.467128824741,0.721118,26345.0,31449.320838824741,0.6040783458365439383094007315
2023-06-17 00:00:00+00:00,12451.467128824741,0.721118,26516.99,31573.345923644741,0.6056335885674996091377477584
2023-06-18 00:00:00+00:00,12451.467128824741,0.721118,26339.97,31445.693615284741,0.6040326767423415007915928567
2023-06-19 00:00:00+00:00,12451.467128824741,0.721118,26844.35,31809.411112124741,0.6085602752929105398994563772
2023-06-20 00:00:00+00:00,1576.365440840636,1.125709,28307.99,33442.924555750636,0.9528640075058993587728052012
2023-06-21 00:00:00+00:00,1576.365440840636,1.125709,29993.89,35340.757358850636,0.9553952558278761491946518670
2023-06-22 00:00:00+00:00,1576.365440840636,1.125709,29884.92,35218.088849120636,0.9552398925565208111194276905
2023-06-23 00:00:00+00:00,1576.365440840636,1.125709,30688.5,36122.686087340636,0.9563607911928487336670753927
2023-06-24 00:00:00+00:00,1576.365440840636,1.125709,30527.43,35941.368138710636,0.9561406389774346892414791949
2023-06-25 00:00:00+00:00,1576.365440840636,1.125709,30462.66,35868.455966780636,0.9560514831666972847131861427
2023-06-26 00:00:00+00:00,1576.365440840636,1.125709,30267.99,35649.314195750636,0.9557813249313913240450431095
2023-06-27 00:00:00+00:00,1576.365440840636,1.125709,30692.44,36127.121380800636,0.9563661487383719923754053831
2023-06-28 00:00:00+00:00,1576.365440840636,1.125709,30077.41,35434.776574530636,0.9555136057504119789430176862
2023-06-29 00:00:00+00:00,1576.365440840636,1.125709,30447.31,35851.176333630636,0.9560303007585860704441507541
2023-06-30 00:00:00+00:00,1576.365440840636,1.125709,30472.0,35878.970088840636,0.9560643620221715958127011262
2023-07-01 00:00:00+00:00,1576.365440840636,1.125709,30585.9,36007.188343940636,0.9562208127504098766664899730
2023-07-02 00:00:00+00:00,1576.365440840636,1.125709,30617.03,36042.231665110636,0.9562633785974307771778619316
2023-07-03 00:00:00+00:00,1576.365440840636,1.125709,31156.2,36649.180186640636,0.9569877025130495841594717075
2023-07-04 00:00:00+00:00,1576.365440840636,1.125709,30766.51,36210.502646430636,0.9564666236137977922692172223
2023-07-05 00:00:00+00:00,1576.365440840636,1.125709,30504.81,35915.904601130636,0.9561095437147638522776484448
2023-07-06 00:00:00+00:00,1576.365440840636,1.125709,29895.43,35229.920050710636,0.9552549242640464482587065958
2023-07-07 00:00:00+00:00,1576.365440840636,1.125709,30344.7,35735.667333140636,0.9558881767578258676413531746
2023-07-08 00:00:00+00:00,1576.365440840636,1.125709,30284.63,35668.045993510636,0.9558045472654309019356032495
2023-07-09 00:00:00+00:00,1576.365440840636,1.125709,30160.71,35528.548134230636,0.9556310200212809260095494971
2023-07-10 00:00:00+00:00,1576.365440840636,1.125709,30411.57,35810.943493970636,0.9559809017289353695350690963
2023-07-11 00:00:00+00:00,1576.365440840636,1.125709,30622.1,36047.939009740636,0.9562703032643646855453292857
2023-07-12 00:00:00+00:00,1576.365440840636,1.125709,30380.0,35775.404860840636,0.9559371739614858071470532735
2023-07-13 00:00:00+00:00,1576.365440840636,1.125709,31454.23,36984.675239910636,0.9573778752790139442751108987
2023-07-14 00:00:00+00:00,1576.365440840636,1.125709,30312.01,35698.867905930636,0.9558427050125375220460496598
2023-07-15 00:00:00+00:00,1576.365440840636,1.125709,30289.52,35673.550710520636,0.9558113669807546385712892169
2023-07-16 00:00:00+00:00,1576.365440840636,1.125709,30231.99,35608.788671750636,0.9557310006983976100488160751
2023-07-17 00:00:00+00:00,1576.365440840636,1.125709,30138.0,35502.983282840636,0.9555990709771556661538031865
2023-07-18 00:00:00+00:00,1576.365440840636,1.125709,29859.13,35189.056814010636,0.9552029641154519084369815032
2023-07-19 00:00:00+00:00,1576.365440840636,1.125709,29909.21,35245.432320730636,0.9552746175306963002956816101
2023-07-20 00:00:00+00:00,1576.365440840636,1.125709,29800.0,35122.493640840636,0.9551180660188765961850468330
2023-07-21 00:00:00+00:00,1576.365440840636,1.125709,29901.72,35237.000760320636,0.9552639155766135641779626006
2023-07-22 00:00:00+00:00,1576.365440840636,1.125709,29794.0,35115.739386840636,0.9551094333092309226087346539
2023-07-23 00:00:00+00:00,1576.365440840636,1.125709,30083.75,35441.913569590636,0.9555225640470731653812496462
2023-07-24 00:00:00+00:00,1576.365440840636,1.125709,29176.5,34420.614079340636,0.9542028670026902384420900444
2023-07-25 00:00:00+00:00,13752.412500857486,0.707842,29228.91,34441.862613077486,0.6007064816629362372505282173
2023-07-26 00:00:00+00:00,13752.412500857486,0.707842,29351.96,34528.962571177486,0.6017137070797169488751753253
2023-07-27 00:00:00+00:00,13752.412500857486,0.707842,29222.78,34437.523541617486,0.6006561713347999660504147779
2023-07-28 00:00:00+00:00,13752.412500857486,0.707842,29314.14,34502.191986737486,0.6014046728931349606399101518
2023-07-29 00:00:00+00:00,13752.412500857486,0.707842,29352.9,34529.627942657486,0.6017213818899009501382694216
2023-07-30 00:00:00+00:00,13752.412500857486,0.707842,29281.09,34478.797808637486,0.6011342223361312084509738734
2023-07-31 00:00:00+00:00,13752.412500857486,0.707842,29232.25,34444.226805357486,0.6007338884808869218901463931
2023-08-01 00:00:00+00:00,13752.412500857486,0.707842,29705.99,34779.559874437486,0.6045834809150265784432510810
2023-08-02 00:00:00+00:00,1723.365921109029,1.112253,29186.01,34185.593101639029,0.9495879472974127752175541116
2023-08-03 00:00:00+00:00,13658.708756437629,0.702780,29193.64,34175.415075637629,0.6003352490025963155185972094
2023-08-04 00:00:00+00:00,13658.708756437629,0.702780,29113.99,34119.438648637629,0.5996795581224190521457714008
2023-08-05 00:00:00+00:00,13658.708756437629,0.702780,29072.13,34090.020277837629,0.5993340970431356596059279992
2023-08-06 00:00:00+00:00,13658.708756437629,0.702780,29088.42,34101.468564037629,0.5994686055590671070385465369
2023-08-07 00:00:00+00:00,13658.708756437629,0.702780,29211.06,34187.657503237629,0.6004783669327409701979703285
2023-08-08 00:00:00+00:00,13658.708756437629,0.702780,29770.42,34580.764524037629,0.6050200467099781029891018101
2023-08-09 00:00:00+00:00,1713.541964710803,1.103502,29581.99,34357.327093690803,0.9501258651455028717294603305
2023-08-10 00:00:00+00:00,1713.541964710803,1.103502,29455.75,34218.021001210803,0.9499228209413347019290148054
2023-08-11 00:00:00+00:00,1713.541964710803,1.103502,29426.03,34185.224921770803,0.9498747786907338239701162824
2023-08-12 00:00:00+00:00,1713.541964710803,1.103502,29430.17,34189.793420050803,0.9498814765079602277207607093
2023-08-13 00:00:00+00:00,1713.541964710803,1.103502,29303.84,34050.388012390803,0.9496762866817478913296065285
2023-08-14 00:00:00+00:00,13604.686471259223,0.697186,29430.93,34123.518834239223,0.6013105642080380496933149469
2023-08-15 00:00:00+00:00,1690.709486539167,1.101472,29200.0,33853.691886539167,0.9500583424636347177295542029
2023-08-16 00:00:00+00:00,23669.009241791574,0.347811,28730.51,33661.796655401574,0.2968584094279619306639880721
2023-08-17 00:00:00+00:00,13451.470989564538,0.702983,26623.41,32167.275621594538,0.5818274712536023586209512947
2023-08-18 00:00:00+00:00,22505.329485321976,0.362469,26054.0,31949.096811321976,0.2955879279395892210003958982
2023-08-19 00:00:00+00:00,22505.329485321976,0.362469,26100.01,31965.774010011976,0.2959554341379908803816499052
2023-08-20 00:00:00+00:00,12773.677439041088,0.734845,26189.99,32019.260640591088,0.6010626984044788065951260963
2023-08-21 00:00:00+00:00,12807.680177941088,0.733545,26126.92,31972.951709341088,0.5994214017406704410483641468
2023-08-22 00:00:00+00:00,12807.680177941088,0.733545,26056.0,31920.928697941088,0.5987685603029717545163562920
2023-08-23 00:00:00+00:00,12807.680177941088,0.733545,26432.72,32197.269770341088,0.6022122288847285896835893640
2023-08-24 00:00:00+00:00,22525.439851174328,0.365425,26180.05,32092.284622424328,0.2981041980590317239224317879
2023-08-25 00:00:00+00:00,22525.439851174328,0.365425,26060.01,32048.419005424328,0.2971434925585001941374123871
2023-08-26 00:00:00+00:00,12806.748896196328,0.737876,26017.37,32004.341802316328,0.5998433907717660345178670953
2023-08-27 00:00:00+00:00,12806.748896196328,0.737876,26101.77,32066.618536716328,0.6006205368510377658137296344
2023-08-28 00:00:00+00:00,12826.638663980746,0.737113,26120.0,32080.030223980746,0.6001675006405553698538601867
2023-08-29 00:00:00+00:00,12832.012389044746,0.736907,27716.34,33256.377349424746,0.6141488216164137182016347447
2023-08-30 00:00:00+00:00,13301.940990829312,0.719930,27299.99,32956.022791529312,0.5963729884830547427909762829
2023-08-31 00:00:00+00:00,13301.940990829312,0.719930,25940.78,31977.486736229312,0.5840216868651311515297061038
2023-09-01 00:00:00+00:00,13301.940990829312,0.719930,25805.05,31879.770637329312,0.5827466532882287541444191857
2023-09-02 00:00:00+00:00,13301.940990829312,0.719930,25869.51,31926.177325129312,0.5833531570233037737022279896
2023-09-03 00:00:00+00:00,13301.940990829312,0.719930,25971.21,31999.394206129312,0.5843064745181520753307947394
2023-09-04 00:00:00+00:00,13301.940990829312,0.719930,25826.02,31894.867569429312,0.5829441535735048431528745906
2023-09-05 00:00:00+00:00,13301.940990829312,0.719930,25792.1,31870.447543829312,0.5826245937545735716907502946
2023-09-06 00:00:00+00:00,13301.940990829312,0.719930,25759.95,31847.301794329312,0.5823212567038304690080630628
2023-09-07 00:00:00+00:00,13301.940990829312,0.719930,26255.0,32203.703140829312,0.5869437457965972452535137965
2023-09-08 00:00:00+00:00,13301.940990829312,0.719930,25910.5,31955.687255829312,0.5837379154346683488930973493
2023-09-09 00:00:00+00:00,13301.940990829312,0.719930,25901.61,31949.287078129312,0.5836545285564423781413589552
2023-09-10 00:00:00+00:00,13301.940990829312,0.719930,25841.61,31906.091278129312,0.5830908626545739976857973724
2023-09-11 00:00:00+00:00,13301.940990829312,0.719930,25162.52,31417.194014429312,0.5766031497045857517615934879
2023-09-12 00:00:00+00:00,13301.940990829312,0.719930,25840.1,31905.004183829312,0.5830766573736652479886663090
2023-09-13 00:00:00+00:00,13301.940990829312,0.719930,26222.0,32179.945450829312,0.5866387961671791276039283759
2023-09-14 00:00:00+00:00,13301.940990829312,0.719930,26522.73,32396.449999729312,0.5894012772714153511555137948
2023-09-15 00:00:00+00:00,13301.940990829312,0.719930,26600.0,32452.078990829312,0.5901051210127915056539383781
2023-09-16 00:00:00+00:00,13301.940990829312,0.719930,26559.67,32423.044213929312,0.5897380608969886470898018044
2023-09-17 00:00:00+00:00,13301.940990829312,0.719930,26527.51,32399.891265129312,0.5894448878862241361493549625
2023-09-18 00:00:00+00:00,13301.940990829312,0.719930,26762.51,32569.074815129312,0.5915775604209008269462213912
2023-09-19 00:00:00+00:00,13301.940990829312,0.719930,27210.26,32891.423472629312,0.5955802581211312251047130560
2023-09-20 00:00:00+00:00,13156.394871027162,0.725272,27125.0,32829.397871027162,0.5992495834765815520373730065
2023-09-21 00:00:00+00:00,13131.733343585358,0.726180,26568.08,32424.941677985358,0.5950113503981708582363399870
2023-09-22 00:00:00+00:00,13131.733343585358,0.726180,26580.14,32433.699408785358,0.5951207052246297735431671733
2023-09-23 00:00:00+00:00,13131.733343585358,0.726180,26575.96,32430.663976385358,0.5950828094932828851897104770
2023-09-24 00:00:00+00:00,13131.733343585358,0.726180,26248.38,32192.781931985358,0.5920907558927600849642465684
2023-09-25 00:00:00+00:00,13131.733343585358,0.726180,26304.81,32233.760269385358,0.5926093253210213373884462161
2023-09-26 00:00:00+00:00,13131.733343585358,0.726180,26221.67,32173.385664185358,0.5918448409300209613144832246
2023-09-27 00:00:00+00:00,13131.733343585358,0.726180,26372.99,32283.271221785358,0.5932341164137103428389141703
2023-09-28 00:00:00+00:00,13131.733343585358,0.726180,27021.39,32754.126333785358,0.5990815566330589357822323968
2023-09-29 00:00:00+00:00,13101.619439266167,0.727293,26906.96,32670.863098546167,0.5989815328800058275439787054
2023-09-30 00:00:00+00:00,13068.319202602839,0.728529,26962.56,32711.326076842839,0.6004955845598009226364083140
2023-10-01 00:00:00+00:00,13084.529568835557,0.727927,27992.57,33461.077071225557,0.6089626899641124287508074606
2023-10-02 00:00:00+00:00,13384.052184702801,0.717213,27494.51,33103.472185332801,0.5956903822725614075969266573
2023-10-03 00:00:00+00:00,13241.225232849557,0.722401,27426.46,33054.127363309557,0.5994078110938889322092677454
2023-10-04 00:00:00+00:00,13221.644752423052,0.723114,27778.57,33308.717619403052,0.6030575267562640553101575189
2023-10-05 00:00:00+00:00,13323.376345392005,0.719447,27410.39,33043.699199722005,0.5967952539192677948301044591
2023-10-06 00:00:00+00:00,13323.376345392005,0.719447,27931.09,33418.315252622005,0.6013151397766333746262079567
2023-10-07 00:00:00+00:00,13367.282744175185,0.717873,27956.67,33436.621307085185,0.6002202907581851937661078106
2023-10-08 00:00:00+00:00,13374.653710326041,0.717609,27917.05,33408.180043776041,0.5996593141918922035233240790
2023-10-09 00:00:00+00:00,13363.276695989595,0.718016,27590.12,33173.424297909595,0.5971692106313042125033119201
2023-10-10 00:00:00+00:00,13269.265461697727,0.721419,27390.12,33029.018441977727,0.5982543203635335243026492414
2023-10-11 00:00:00+00:00,13211.534306034347,0.723524,26875.52,32656.618038514347,0.5954408294682255607697323488
2023-10-12 00:00:00+00:00,13211.534306034347,0.723524,26759.63,32572.768842154347,0.5943994085962836869255485137
2023-10-13 00:00:00+00:00,13211.534306034347,0.723524,26862.0,32646.835994034347,0.5953196104992064229542312246
2023-10-14 00:00:00+00:00,13211.534306034347,0.723524,26852.48,32639.948045554347,0.5952342115374845015485327216
2023-10-15 00:00:00+00:00,13211.534306034347,0.723524,27154.15,32858.213530634347,0.5979229274373977015404972651
2023-10-16 00:00:00+00:00,13143.207242354381,0.726037,28500.78,33835.828051214381,0.6115594622817967006613502825
2023-10-17 00:00:00+00:00,13533.843321896657,0.712313,28395.91,33760.619161726657,0.5991233674636054703122747281
2023-10-18 00:00:00+00:00,13504.216318576971,0.713355,28320.0,33706.429918576971,0.5993578569074663844362777588
2023-10-19 00:00:00+00:00,13482.551711152971,0.714119,28713.71,33987.557582642971,0.6033091910658992196984861798
2023-10-20 00:00:00+00:00,13594.877100140280,0.710202,29669.04,34665.888646220280,0.6078312822474675563851843755
2023-10-21 00:00:00+00:00,13866.025624770765,0.701051,29909.8,34834.320824570765,0.6019435632288770264939576881
2023-10-22 00:00:00+00:00,13933.653381447405,0.698787,29992.46,34891.994527467405,0.6006633163237870343551564641
2023-10-23 00:00:00+00:00,13956.777460134549,0.698015,33069.99,37040.126529984549,0.6231984399719497675024817631
2023-10-24 00:00:00+00:00,13956.777460134549,0.698015,33922.73,37635.351841084549,0.6291577791256713161581282111
2023-10-25 00:00:00+00:00,13956.777460134549,0.698015,34496.05,38035.537800884549,0.6330595472792296842589591217
2023-10-26 00:00:00+00:00,13956.777460134549,0.698015,34151.66,37795.148415034549,0.6307256871471186960871404795
2023-10-27 00:00:00+00:00,28327.668015034197,0.276671,33892.02,37704.607080454197,0.2486947827200920290235492983
2023-10-28 00:00:00+00:00,28327.668015034197,0.276671,34081.0,37756.892366034197,0.2497351810522005768088153756
2023-10-29 00:00:00+00:00,1853.487272415988,1.052464,34525.89,38190.743565375988,0.9514676306513085715692238000
2023-10-30 00:00:00+00:00,1853.487272415988,1.052464,34474.73,38136.899507135988,0.9513991096190404091593193901
2023-10-31 00:00:00+00:00,19998.263187579016,0.525458,34639.77,38200.007452239016,0.4764853589994035893161741091
2023-11-01 00:00:00+00:00,19998.263187579016,0.525458,35421.43,38610.736952519016,0.4820543515610286059444960676
2023-11-02 00:00:00+00:00,1907.083016216014,1.035536,34941.59,38090.357358456014,0.9499326562292636553557605130
2023-11-03 00:00:00+00:00,19973.939626450486,0.517804,34716.78,37950.427177570486,0.4736834045900934826583761363
2023-11-04 00:00:00+00:00,19973.939626450486,0.517804,35062.07,38129.219720730486,0.4761513670422463628766536328
2023-11-05 00:00:00+00:00,1883.007492717764,1.033103,35011.88,38053.885756357764,0.9505173399433153833635143926
2023-11-06 00:00:00+00:00,1883.007492717764,1.033103,35046.09,38089.228209987764,0.9505632542004618132423533517
2023-11-07 00:00:00+00:00,1883.007492717764,1.033103,35399.12,38453.944562077764,0.9510321369065805836563164666
2023-11-08 00:00:00+00:00,1883.007492717764,1.033103,35624.72,38687.012598877764,0.9513271414300832720769432306
2023-11-09 00:00:00+00:00,1883.007492717764,1.033103,36701.09,39799.013674987764,0.9526870814413884360949182952
2023-11-10 00:00:00+00:00,20869.792652474894,0.515094,37301.63,40083.638455694894,0.4793438555848012732709709574
2023-11-11 00:00:00+00:00,20869.792652474894,0.515094,37130.0,39995.232872474894,0.4781929956747998558199771743
2023-11-12 00:00:00+00:00,1975.243761396689,1.023309,37064.13,39903.301567566689,0.9504992398172345079900844585
2023-11-13 00:00:00+00:00,1975.243761396689,1.023309,36462.93,39288.088196766689,0.9497241059044647888615275240
2023-11-14 00:00:00+00:00,1975.243761396689,1.023309,35551.19,38355.096449106689,0.9485011395026046532449851593
2023-11-15 00:00:00+00:00,1975.243761396689,1.023309,37858.2,40715.880545196689,0.9514871412591932425238642359
2023-11-16 00:00:00+00:00,1975.243761396689,1.023309,36163.51,38981.689015986689,0.9493289333721115466156002484
2023-11-17 00:00:00+00:00,1975.243761396689,1.023309,36613.92,39442.597622676689,0.9499210528603454786084724082
2023-11-18 00:00:00+00:00,1975.243761396689,1.023309,36568.1,39395.709604296689,0.9498614498574418559749328137
2023-11-19 00:00:00+00:00,20658.437707368749,0.511729,37359.86,39776.561505308749,0.4806379202834919232858509536
2023-11-20 00:00:00+00:00,20658.437707368749,0.511729,37448.78,39822.064447988749,0.4812313727644493599252328953
2023-11-21 00:00:00+00:00,1966.847143371497,1.010205,35741.65,38073.240681621497,0.9483404325936215218328701638
2023-11-22 00:00:00+00:00,19965.038059993742,0.505986,37408.34,38893.134383233742,0.4866693472614442675743040150
2023-11-23 00:00:00+00:00,19965.038059993742,0.505986,37294.28,38835.421620073742,0.4859064939396985561379853187
2023-11-24 00:00:00+00:00,1918.368691919421,0.989257,37713.57,39226.781809409421,0.9510954352248377061304394939
2023-11-25 00:00:00+00:00,1918.368691919421,0.989257,37780.67,39293.160954109421,0.9511780512094741245707979020
2023-11-26 00:00:00+00:00,20604.619517115639,0.494015,37447.43,39104.211648565639,0.4730843904413189672207034690
2023-11-27 00:00:00+00:00,20604.619517115639,0.494015,37242.7,39003.071957615639,0.4717180344279924274017815712
2023-11-28 00:00:00+00:00,1925.909960427249,0.994904,37818.87,39552.054998907249,0.9513069558464039764130615664
2023-11-29 00:00:00+00:00,1925.909960427249,0.994904,37854.64,39587.642714987249,0.9513507289561818172821437791
2023-11-30 00:00:00+00:00,1925.909960427249,0.994904,37723.96,39457.628660267249,0.9511904281676565230583378388
2023-12-01 00:00:00+00:00,1925.909960427249,0.994904,38682.52,40411.303838507249,0.9523422959050363051724425343
2023-12-02 00:00:00+00:00,1925.909960427249,0.994904,39450.35,41175.220976827249,0.9532264814920818494750063678
2023-12-03 00:00:00+00:00,1925.909960427249,0.994904,39972.26,41694.471323467249,0.9538089847575720922082264436
2023-12-04 00:00:00+00:00,1925.909960427249,0.994904,41991.1,43703.023314827249,0.9559318826399399226245025804
2023-12-05 00:00:00+00:00,22916.769525163479,0.494365,44073.32,44705.076366963479,0.4873788082353282866377429093
2023-12-06 00:00:00+00:00,22916.769525163479,0.494365,43762.69,44551.511767013479,0.4856118543180087017902259990
2023-12-07 00:00:00+00:00,22916.769525163479,0.494365,43273.14,44309.495381263479,0.4828022903900195453984045912
2023-12-08 00:00:00+00:00,22916.769525163479,0.494365,44170.99,44753.360996513479,0.4879318778549656804258963433
2023-12-09 00:00:00+00:00,22916.769525163479,0.494365,43713.6,44527.243389163479,0.4853315008774898695215531218
2023-12-10 00:00:00+00:00,22916.769525163479,0.494365,43789.51,44564.770636313479,0.4857648946028724021054734137
2023-12-11 00:00:00+00:00,22916.769525163479,0.494365,41253.4,43311.006616163479,0.4708788523836562034084119627
2023-12-12 00:00:00+00:00,22916.769525163479,0.494365,41492.39,43429.154907513479,0.4723183176378420902478289728
2023-12-13 00:00:00+00:00,22916.769525163479,0.494365,42869.03,44109.717541113479,0.4804598441646474903538770762
2023-12-14 00:00:00+00:00,22916.769525163479,0.494365,43022.26,44185.469090063479,0.4813505435813727681949115195
2023-12-15 00:00:00+00:00,22916.769525163479,0.494365,41940.3,43650.585934663479,0.4749951453236969209838277011
2023-12-16 00:00:00+00:00,22916.769525163479,0.494365,42278.03,43817.547826113479,0.4769956179175774174294919895
2023-12-17 00:00:00+00:00,22916.769525163479,0.494365,41374.65,43370.948372413479,0.4716101356976570729598402440
2023-12-18 00:00:00+00:00,22916.769525163479,0.494365,42657.8,44005.292822163479,0.4792269734966668154216455632
2023-12-19 00:00:00+00:00,22916.769525163479,0.494365,42275.99,43816.539321513479,0.4769835801726227101785618416
2023-12-20 00:00:00+00:00,22916.769525163479,0.494365,43668.93,44505.160104613479,0.4850761244023052393573700958
2023-12-21 00:00:00+00:00,22916.769525163479,0.494365,43861.8,44600.508282163479,0.4861769426442098474287846731
2023-12-22 00:00:00+00:00,22916.769525163479,0.494365,43969.04,44653.523984763479,0.4867869883464727256569444992
2023-12-23 00:00:00+00:00,22916.769525163479,0.494365,43702.16,44521.587853563479,0.4852661230201555886602606646
2023-12-24 00:00:00+00:00,22916.769525163479,0.494365,42991.5,44170.262422663479,0.4811719861232920544548650703
2023-12-25 00:00:00+00:00,22916.769525163479,0.494365,43576.13,44459.283032613479,0.4845447798077919744944818926
2023-12-26 00:00:00+00:00,2196.091141186551,0.969253,42508.93,43397.999070476551,0.9493964885887897723752479827
2023-12-27 00:00:00+00:00,2196.091141186551,0.969253,43428.85,44289.634290236551,0.9504152342555994116320260025
2023-12-28 00:00:00+00:00,2196.091141186551,0.969253,42563.76,43451.143212466551,0.9494583806357373049606475823
2023-12-29 00:00:00+00:00,2196.091141186551,0.969253,42066.95,42969.608629536551,0.9488919910786202346747647226
2023-12-30 00:00:00+00:00,2196.091141186551,0.969253,42140.28,43040.683952026551,0.9489763883948886679139760737
2023-12-31 00:00:00+00:00,2196.091141186551,0.969253,42283.58,43179.577906926551,0.9491405139272037632428318121
2024-01-01 00:00:00+00:00,2196.091141186551,0.969253,44179.55,45017.252517336551,0.9512166776428477849907479269
2024-01-02 00:00:00+00:00,23606.215847708046,0.484006,44946.91,45360.789969168046,0.4795898425985678813324522210
2024-01-03 00:00:00+00:00,23606.215847708046,0.484006,42845.23,44343.564239088046,0.4676518170612096233511119845
2024-01-04 00:00:00+00:00,23606.215847708046,0.484006,44151.1,44975.613154308046,0.4751329844750122155202760482
2024-01-05 00:00:00+00:00,23606.215847708046,0.484006,44145.11,44972.713958368046,0.4750991485734951619519986319
2024-01-06 00:00:00+00:00,23606.215847708046,0.484006,43968.32,44887.146537628046,0.4740985411509862469212160001
2024-01-07 00:00:00+00:00,23606.215847708046,0.484006,43929.02,44868.125101828046,0.4738755899843413252681575673
2024-01-08 00:00:00+00:00,23606.215847708046,0.484006,46951.04,46330.800913948046,0.4904854787303857287806254663
2024-01-09 00:00:00+00:00,23606.215847708046,0.484006,46110.0,45923.732507708046,0.4859691371178100024103139500
2024-01-10 00:00:00+00:00,23606.215847708046,0.484006,46653.99,46187.026931648046,0.4888994287802337064607516395
2024-01-11 00:00:00+00:00,23606.215847708046,0.484006,46339.16,46034.647322668046,0.4872076311946883321625398861
2024-01-12 00:00:00+00:00,23606.215847708046,0.484006,42782.73,44313.313864088046,0.4672884108800817967319432862
2024-01-13 00:00:00+00:00,23606.215847708046,0.484006,42847.99,44344.900095648046,0.4676678536473976403512566883
2024-01-14 00:00:00+00:00,23606.215847708046,0.484006,41732.35,43804.923641808046,0.4611058783999811433293581172
2024-01-15 00:00:00+00:00,23606.215847708046,0.484006,42511.1,44181.843314308046,0.4657032374187225605560915188
2024-01-16 00:00:00+00:00,23606.215847708046,0.484006,43137.95,44485.242475408046,0.4693472591330072260845828498
2024-01-17 00:00:00+00:00,23606.215847708046,0.484006,42776.1,44310.104904308046,0.4672498316425124561551602371
2024-01-18 00:00:00+00:00,23606.215847708046,0.484006,41327.5,43608.973812708046,0.4586844453370516361284397457
2024-01-19 00:00:00+00:00,23606.215847708046,0.484006,41659.03,43769.436321888046,0.4606689546078722684114389617
2024-01-20 00:00:00+00:00,23606.215847708046,0.484006,41696.04,43787.349383948046,0.4608895907190531726796203026
2024-01-21 00:00:00+00:00,23606.215847708046,0.484006,41580.33,43731.345049688046,0.4601991815964864994587160623
2024-01-22 00:00:00+00:00,23606.215847708046,0.484006,39568.02,42757.374935828046,0.4479030603928050912383257917
2024-01-23 00:00:00+00:00,23606.215847708046,0.484006,39897.6,42916.893633308046,0.4499551610280775959642005437
2024-01-24 00:00:00+00:00,23606.215847708046,0.484006,40084.88,43007.538276988046,0.4511144605470484511512600058
2024-01-25 00:00:00+00:00,23606.215847708046,0.484006,39961.09,42947.623174248046,0.4503487247261068371090991100
2024-01-26 00:00:00+00:00,23606.215847708046,0.484006,41823.51,43849.045628768046,0.4616481269042554816610316533
2024-01-27 00:00:00+00:00,23606.215847708046,0.484006,42120.63,43992.853491488046,0.4634079407402956272162732596
2024-01-28 00:00:00+00:00,23606.215847708046,0.484006,42031.06,43949.501074068046,0.4628786386465567311062179818
2024-01-29 00:00:00+00:00,23606.215847708046,0.484006,43302.7,44564.982463908046,0.4702967544792355484267016905
2024-01-30 00:00:00+00:00,23606.215847708046,0.484006,42941.1,44389.965894308046,0.4682082904971328228014772401
2024-01-31 00:00:00+00:00,23606.215847708046,0.484006,42580.0,44215.191327708046,0.4661062151072296175030455387
2024-02-01 00:00:00+00:00,23606.215847708046,0.484006,43082.94,44458.617305348046,0.4690294642863670177534097988
2024-02-02 00:00:00+00:00,23606.215847708046,0.484006,43200.0,44515.275047708046,0.4697052680813783462852081698
2024-02-03 00:00:00+00:00,23606.215847708046,0.484006,43011.09,44423.841474248046,0.4686138104154662376414207096
2024-02-04 00:00:00+00:00,23606.215847708046,0.484006,42582.88,44216.585264988046,0.4661230462226552499676513774
2024-02-05 00:00:00+00:00,23606.215847708046,0.484006,42708.7,44277.482899908046,0.4668573211112443204874562407
2024-02-06 00:00:00+00:00,2186.087799963456,0.984895,43098.95,44634.028160213456,0.9510219469298958890851793589
2024-02-07 00:00:00+00:00,2186.087799963456,0.984895,44349.6,45865.787091963456,0.9523372880186220660759646934
2024-02-08 00:00:00+00:00,2186.087799963456,0.984895,45288.65,46790.652741713456,0.9532793908212659336395689905
2024-02-09 00:00:00+00:00,2186.087799963456,0.984895,47132.77,48606.917309113456,0.9550251708813144611061491743
2024-02-10 00:00:00+00:00,25488.319744821510,0.489856,47751.09,48879.477687861510,0.4785476246782572628978966975
2024-02-11 00:00:00+00:00,25488.319744821510,0.489856,48299.99,49148.359646261510,0.4814003981359673023070533423
2024-02-12 00:00:00+00:00,25488.319744821510,0.489856,49917.27,49940.593957941510,0.4896272205675603610155003717
2024-02-13 00:00:00+00:00,25488.319744821510,0.489856,49699.59,49833.962103861510,0.4885351541645434733924572642
2024-02-14 00:00:00+00:00,25488.319744821510,0.489856,51795.17,50860.494540341510,0.4988582007474446971011056976
2024-02-15 00:00:00+00:00,25488.319744821510,0.489856,51880.0,50902.049024821510,0.4992673137304832538188329631
2024-02-16 00:00:00+00:00,25488.319744821510,0.489856,52124.11,51021.627772981510,0.5004408746378953587011041888
2024-02-17 00:00:00+00:00,38249.618831739990,0.244712,51642.64,50887.192551419990,0.2483448798420173948871764536
2024-02-18 00:00:00+00:00,2497.945486034078,0.936103,52137.67,51304.174786044078,0.9513110678331468467633574804
2024-02-19 00:00:00+00:00,2497.945486034078,0.936103,51774.73,50964.425563224078,0.9509864879584437993590114828
2024-02-20 00:00:00+00:00,2497.945486034078,0.936103,52258.82,51417.583664494078,0.9514184582781354925665970784
2024-02-21 00:00:00+00:00,2497.945486034078,0.936103,51849.39,51034.315013204078,0.9510536099997073332204475439
2024-02-22 00:00:00+00:00,2497.945486034078,0.936103,51288.42,50509.189313294078,0.9505447321567559625871678365
2024-02-23 00:00:00+00:00,2497.945486034078,0.936103,50744.15,49999.696533484078,0.9500407870603526599984414070
2024-02-24 00:00:00+00:00,2497.945486034078,0.936103,51568.22,50771.110932694078,0.9507998655112050155000085560
2024-02-25 00:00:00+00:00,2497.945486034078,0.936103,51728.85,50921.477157584078,0.9509451487767368865094995161
2024-02-26 00:00:00+00:00,2497.945486034078,0.936103,54476.47,53493.532482444078,0.9533037851472255434682585256
2024-02-27 00:00:00+00:00,28050.869711406302,0.466429,57037.34,54654.739170266302,0.4867623533245813166650769938
2024-02-28 00:00:00+00:00,28050.869711406302,0.466429,62432.1,57171.011682306302,0.5093515247328098630527097775
2024-02-29 00:00:00+00:00,28050.869711406302,0.466429,61130.98,56564.131581826302,0.5040873265979943169359876838
2024-03-01 00:00:00+00:00,28050.869711406302,0.466429,62387.9,57150.395520506302,0.5091745305359910117528538616
2024-03-02 00:00:00+00:00,28050.869711406302,0.466429,61987.28,56963.534734526302,0.5075644472883400019848082218
2024-03-03 00:00:00+00:00,28050.869711406302,0.466429,63113.97,57489.055624536302,0.5120659157351994498169247064
2024-03-04 00:00:00+00:00,28050.869711406302,0.466429,68245.71,59882.647980996302,0.5315693167024240938824085292
2024-03-05 00:00:00+00:00,28050.869711406302,0.466429,63724.01,57773.595971696302,0.5144690365967764278025225881
2024-03-06 00:00:00+00:00,28050.869711406302,0.466429,66074.04,58869.718114566302,0.5235093591442627372608092615
2024-03-07 00:00:00+00:00,28050.869711406302,0.466429,66823.17,59219.134071336302,0.5263208395175825712561111648
2024-03-08 00:00:00+00:00,28050.869711406302,0.466429,68124.19,59825.967528916302,0.5311255150558461792822590795
2024-03-09 00:00:00+00:00,28050.869711406302,0.466429,68313.27,59914.159924236302,0.5318156885304295882222421400
2024-03-10 00:00:00+00:00,28050.869711406302,0.466429,68955.88,60213.891863926302,0.5341462103994747611023480761
2024-03-11 00:00:00+00:00,28050.869711406302,0.466429,72078.1,61670.185816306302,0.5451469889362757289441217998
2024-03-12 00:00:00+00:00,28050.869711406302,0.466429,71452.01,61378.159283696302,0.5429828779688189323327341504
2024-03-13 00:00:00+00:00,28050.869711406302,0.466429,73072.41,62133.960835296302,0.5485420640450864939510066690
2024-03-14 00:00:00+00:00,28050.869711406302,0.466429,71388.94,61348.741606666302,0.5427637311413372667054843240
2024-03-15 00:00:00+00:00,28050.869711406302,0.466429,69499.85,60467.615247056302,0.5361009426815144536855153839
2024-03-16 00:00:00+00:00,28050.869711406302,0.466429,65300.63,58508.977261676302,0.5205715255293007135126289534
2024-03-17 00:00:00+00:00,28050.869711406302,0.466429,68393.48,59951.572194326302,0.5321078549786392302915551470
2024-03-18 00:00:00+00:00,28050.869711406302,0.466429,67609.99,59586.129737116302,0.5292382667717825052923676541
2024-03-19 00:00:00+00:00,28050.869711406302,0.466429,61937.4,56940.269256006302,0.5073632408500179888375932689
2024-03-20 00:00:00+00:00,28050.869711406302,0.466429,67840.51,59693.650950196302,0.5300862107628540521804828596
2024-03-21 00:00:00+00:00,28050.869711406302,0.466429,65501.27,58602.561576236302,0.5213371402730439407555224301
2024-03-22 00:00:00+00:00,28050.869711406302,0.466429,63796.64,57807.472709966302,0.5147535708377337599374544591
2024-03-23 00:00:00+00:00,28050.869711406302,0.466429,63990.01,57897.666085696302,0.5155094910062996835633729763
2024-03-24 00:00:00+00:00,28050.869711406302,0.466429,67209.99,59399.558137116302,0.5277596232844956878352000085
2024-03-25 00:00:00+00:00,28050.869711406302,0.466429,69880.01,60644.932895696302,0.5374573212958910537230800322
2024-03-26 00:00:00+00:00,28050.869711406302,0.466429,69988.0,60695.302563406302,0.5378411750711264685665794919
2024-03-27 00:00:00+00:00,28050.869711406302,0.466429,69469.99,60453.687677116302,0.5359940677030944197488413328
2024-03-28 00:00:00+00:00,28050.869711406302,0.466429,70780.6,61064.994188806302,0.5406391160101305797160685991
2024-03-29 00:00:00+00:00,28050.869711406302,0.466429,69850.54,60631.187233066302,0.5373524585032658131208182022
2024-03-30 00:00:00+00:00,28050.869711406302,0.466429,69582.18,60506.016346626302,0.5363953635501510911355580863
2024-03-31 00:00:00+00:00,28050.869711406302,0.466429,71280.01,61297.933495696302,0.5423847410227011996280415735
2024-04-01 00:00:00+00:00,28050.869711406302,0.466429,69649.8,60537.556275606302,0.5366369005101475905908112492
2024-04-02 00:00:00+00:00,28050.869711406302,0.466429,65463.99,58585.173103116302,0.5211950699192488817826929809
2024-04-03 00:00:00+00:00,28050.869711406302,0.466429,65963.28,58818.056438526302,0.5230908430181865752443794200
2024-04-04 00:00:00+00:00,28050.869711406302,0.466429,68487.79,59995.561113316302,0.5324509148530944036398037669
2024-04-05 00:00:00+00:00,28050.869711406302,0.466429,67820.62,59684.373677386302,0.5300131678849393323628579319
2024-04-06 00:00:00+00:00,28050.869711406302,0.466429,68896.0,60185.962095406302,0.5339300272887506653066576027
2024-04-07 00:00:00+00:00,28050.869711406302,0.466429,69360.39,60402.567058716302,0.5356013646880515611093851151
2024-04-08 00:00:00+00:00,28050.869711406302,0.466429,71620.0,61456.514691406302,0.5435655625402922220656190936
2024-04-09 00:00:00+00:00,28050.869711406302,0.466429,69146.0,60302.569345406302,0.5348312681216932811621249134
2024-04-10 00:00:00+00:00,28050.869711406302,0.466429,70631.08,60995.253724726302,0.5401138941400120898111459250
2024-04-11 00:00:00+00:00,28050.869711406302,0.466429,70006.23,60703.805564076302,0.5379059113221983814265746026
2024-04-12 00:00:00+00:00,45505.132450524488,0.216780,67116.52,60054.651656124488,0.2422713112867787696389020494
2024-04-13 00:00:00+00:00,30007.270710444128,0.447390,63924.51,58606.457239344128,0.4879869535894856793296356426
2024-04-14 00:00:00+00:00,30007.270710444128,0.447390,65661.84,59383.721308044128,0.4946886107930838193301006928
2024-04-15 00:00:00+00:00,30007.270710444128,0.447390,63419.99,58380.740036544128,0.4860073597617859046651900334
2024-04-16 00:00:00+00:00,30007.270710444128,0.447390,63793.39,58547.795462544128,0.4874739437517978220119754806
2024-04-17 00:00:00+00:00,30007.270710444128,0.447390,61277.37,57422.153274744128,0.4774269336980407790947506068
2024-04-18 00:00:00+00:00,30007.270710444128,0.447390,63470.08,58403.149801644128,0.4862045829315975939276110466
2024-04-19 00:00:00+00:00,30007.270710444128,0.447390,63818.01,58558.810204344128,0.4875703484115859307109944326
2024-04-20 00:00:00+00:00,30007.270710444128,0.447390,64940.59,59061.041270544128,0.4919278416885982594081966210
2024-04-21 00:00:00+00:00,30007.270710444128,0.447390,64941.15,59061.291808944128,0.4919299969341360586424132281
2024-04-22 00:00:00+00:00,30007.270710444128,0.447390,66819.32,59901.566285244128,0.4990569934757118549074139859
2024-04-23 00:00:00+00:00,30007.270710444128,0.447390,66414.0,59720.230170444128,0.4975359166432869488120569689
2024-04-24 00:00:00+00:00,2950.943110392128,0.854250,64289.59,57870.325367892128,0.9490076633985993896523228152
2024-04-25 00:00:00+00:00,23121.901184403488,0.540090,64498.34,57956.809635003488,0.6010494482008404557261078001
2024-04-26 00:00:00+00:00,23121.901184403488,0.540090,63770.01,57563.445885303488,0.5983231922829217556495217910
2024-04-27 00:00:00+00:00,23121.901184403488,0.540090,63461.98,57397.081962603488,0.5971589426886137097729472530
2024-04-28 00:00:00+00:00,23121.901184403488,0.540090,63118.62,57211.636660203488,0.5958531771826216276729298289
2024-04-29 00:00:00+00:00,23121.901184403488,0.540090,63866.0,57615.289124403488,0.5986846280597767036694219405
2024-04-30 00:00:00+00:00,23121.901184403488,0.540090,60672.0,55890.241664403488,0.5862980639224926820810971341
2024-05-01 00:00:00+00:00,39102.371416292546,0.276356,58364.97,55231.881065612546,0.2920325967199813059817893481
2024-05-02 00:00:00+00:00,39102.371416292546,0.276356,59060.61,55424.125353452546,0.2944882545835838933016281828
2024-05-03 00:00:00+00:00,39102.371416292546,0.276356,62882.01,56480.192171852546,0.3076799155124051838585866452
2024-05-04 00:00:00+00:00,39102.371416292546,0.276356,63892.04,56759.320022532546,0.3110845690052395384405462549
2024-05-05 00:00:00+00:00,39102.371416292546,0.276356,64012.0,56792.471688292546,0.3114867119905034235768271249
2024-05-06 00:00:00+00:00,39102.371416292546,0.276356,63165.19,56558.450663932546,0.3086378612342678945186407044
2024-05-07 00:00:00+00:00,39102.371416292546,0.276356,62312.08,56322.688596772546,0.3057438771036717572309528176
2024-05-08 00:00:00+00:00,22507.560288605894,0.542328,61193.03,55694.253862445894,0.5958728463407509986232578855
2024-05-09 00:00:00+00:00,22507.560288605894,0.542328,63074.01,56714.361983885894,0.6031417880535990285093082494
2024-05-10 00:00:00+00:00,22507.560288605894,0.542328,60799.99,55481.097265325894,0.5943202027716117595396650517
2024-05-11 00:00:00+00:00,22507.560288605894,0.542328,60825.99,55495.197793325894,0.5944232801470840776167002819
2024-05-12 00:00:00+00:00,22507.560288605894,0.542328,61483.99,55852.049617325894,0.5970146047849994790709203666
2024-05-13 00:00:00+00:00,22507.560288605894,0.542328,62940.08,56641.727994845894,0.6026328806449201858024046689
2024-05-14 00:00:00+00:00,22507.560288605894,0.542328,61577.49,55902.757285325894,0.5973801404154714118681139103
2024-05-15 00:00:00+00:00,22507.560288605894,0.542328,66206.5,58413.199020605894,0.6146836559890153206839071618
2024-05-16 00:00:00+00:00,22507.560288605894,0.542328,65235.21,57886.441257485894,0.6111773361832774828963875922
2024-05-17 00:00:00+00:00,22507.560288605894,0.542328,67024.0,58856.552160605894,0.6175861571505585836698358761
2024-05-18 00:00:00+00:00,22507.560288605894,0.542328,66915.2,58797.546874205894,0.6172023921889194313916956940
2024-05-19 00:00:00+00:00,22507.560288605894,0.542328,66274.01,58449.811583885894,0.6149250155185952195972225912
2024-05-20 00:00:00+00:00,22507.560288605894,0.542328,71446.62,61255.062819965894,0.6325599999014346630190369353
2024-05-21 00:00:00+00:00,22507.560288605894,0.542328,70148.34,60550.969224125894,0.6282873655532173648035319391
2024-05-22 00:00:00+00:00,22507.560288605894,0.542328,69166.62,60018.554979965894,0.6249899669174160431913098583
2024-05-23 00:00:00+00:00,22507.560288605894,0.542328,67969.65,59369.404633805894,0.6208895738902234650229579346
2024-05-24 00:00:00+00:00,22507.560288605894,0.542328,68549.99,59684.139265325894,0.6228887512551950395174797444
2024-05-25 00:00:00+00:00,22507.560288605894,0.542328,69290.57,60085.776535565894,0.6254095130936146186064665470
2024-05-26 00:00:00+00:00,45035.016086950502,0.216789,68507.67,59886.725358580502,0.2479966834503510544956002654
2024-05-27 00:00:00+00:00,45035.016086950502,0.216789,69436.43,60088.070310220502,0.2505165192617209977843562405
2024-05-28 00:00:00+00:00,2949.810908574212,0.822099,68398.39,59180.058929184212,0.9501553232296709595525049068
2024-05-29 00:00:00+00:00,2949.810908574212,0.822099,67652.42,58566.797738154212,0.9496333925962198581433554653
2024-05-30 00:00:00+00:00,2949.810908574212,0.822099,68352.17,59142.061513404212,0.9501232991699882810440426234
2024-05-31 00:00:00+00:00,2949.810908574212,0.822099,67540.01,58474.385589564212,0.9495537938734552875312139784
2024-06-01 00:00:00+00:00,2949.810908574212,0.822099,67766.85,58660.870526724212,0.9497141641082472060991391308
2024-06-02 00:00:00+00:00,2949.810908574212,0.822099,67765.63,58659.867565944212,0.9497133043258562512149421116
2024-06-03 00:00:00+00:00,2949.810908574212,0.822099,68809.9,59518.360888674212,0.9504386400342632174878387475
2024-06-04 00:00:00+00:00,2949.810908574212,0.822099,70537.84,60938.898634734212,0.9515939576418129378096480620
2024-06-05 00:00:00+00:00,2949.810908574212,0.822099,71108.0,61407.626600574212,0.9519634437630809064200164640
2024-06-06 00:00:00+00:00,32200.977876695012,0.410201,70799.06,61242.823087755012,0.4742081397757555853276210226
2024-06-07 00:00:00+00:00,32200.977876695012,0.410201,69355.6,60650.714352295012,0.4690750435410735957172236275
2024-06-08 00:00:00+00:00,2994.659754931372,0.830764,69310.46,60575.294746371372,0.9505630180179889192028170708
2024-06-09 00:00:00+00:00,31764.647265938230,0.415135,69648.14,60678.027864838230,0.4765049494242834058144840520
2024-06-10 00:00:00+00:00,2996.599706189590,0.827647,69540.0,60551.172086189590,0.9505112848695285710856617105
2024-06-11 00:00:00+00:00,2996.599706189590,0.827647,67314.24,58709.028499469590,0.9489584518296591648154247607
2024-06-12 00:00:00+00:00,2996.599706189590,0.827647,68263.99,59495.086237719590,0.9496328201926403692106909538
2024-06-13 00:00:00+00:00,2996.599706189590,0.827647,66773.01,58261.081113659590,0.9485660126981917123849579143
2024-06-14 00:00:00+00:00,2996.599706189590,0.827647,66043.99,57657.709897719590,0.9480277709346186156643903340
2024-06-15 00:00:00+00:00,2996.599706189590,0.827647,66228.25,57810.212133939590,0.9481648726829298896265277592
2024-06-16 00:00:00+00:00,30314.830278289915,0.414624,66676.87,57960.660825169915,0.4769757651706165595267958142
2024-06-17 00:00:00+00:00,30314.830278289915,0.414624,66504.33,57889.121600209915,0.4763294131901288222557896630
2024-06-18 00:00:00+00:00,30314.830278289915,0.414624,65175.32,57338.082157969915,0.4712967518730272869406721468
2024-06-19 00:00:00+00:00,30314.830278289915,0.414624,64974.37,57254.763465169915,0.4705273684916803165101109398
2024-06-20 00:00:00+00:00,30314.830278289915,0.414624,64869.99,57211.485012049915,0.4701268412818686933809704678
2024-06-21 00:00:00+00:00,30314.830278289915,0.414624,64143.56,56910.289699729915,0.4673225098969442919579008258
2024-06-22 00:00:00+00:00,30314.830278289915,0.414624,64262.01,56959.401912529915,0.4677818014163300719227970789
2024-06-23 00:00:00+00:00,30314.830278289915,0.414624,63210.01,56523.217464529915,0.4636747227400241649007346411
2024-06-24 00:00:00+00:00,30314.830278289915,0.414624,60293.3,55313.879497489915,0.4519489402354146983245102326
2024-06-25 00:00:00+00:00,30314.830278289915,0.414624,61806.01,55941.085368529915,0.4580936340691066677464517467
2024-06-26 00:00:00+00:00,30314.830278289915,0.414624,60864.99,55550.915892049915,0.4542874803864687329756206464
2024-06-27 00:00:00+00:00,30314.830278289915,0.414624,61706.47,55899.813695569915,0.4576935364510458336362708018
2024-06-28 00:00:00+00:00,30314.830278289915,0.414624,60427.84,55369.663010449915,0.4525010875979397255351540733
2024-06-29 00:00:00+00:00,30314.830278289915,0.414624,60986.68,55601.371486609915,0.4547826884883510266538576617
2024-06-30 00:00:00+00:00,30314.830278289915,0.414624,62772.01,56341.612152529915,0.4619459912467434765718714880
2024-07-01 00:00:00+00:00,30314.830278289915,0.414624,62899.99,56394.675732049915,0.4624522637150025185157077702
2024-07-02 00:00:00+00:00,30314.830278289915,0.414624,62135.47,56077.687391569915,0.4594136868267662626564200982
2024-07-03 00:00:00+00:00,30314.830278289915,0.414624,60208.58,55278.752552209915,0.4516006805750901642223635819
2024-07-04 00:00:00+00:00,30314.830278289915,0.414624,57050.01,53969.133624529915,0.4382931827441585143810113879
2024-07-05 00:00:00+00:00,30314.830278289915,0.414624,56628.79,53794.485703249915,0.4364695585060963048628543730
2024-07-06 00:00:00+00:00,30314.830278289915,0.414624,58230.13,54458.439699409915,0.4433400874939428045260147848
2024-07-07 00:00:00+00:00,30314.830278289915,0.414624,55857.81,53474.818891729915,0.4331008331291755099997000167
2024-07-08 00:00:00+00:00,30314.830278289915,0.414624,56714.62,53830.072881169915,0.4368421097030647725035504165
2024-07-09 00:00:00+00:00,30314.830278289915,0.414624,58050.0,54383.753478289915,0.4425756160726999883129744424
2024-07-10 00:00:00+00:00,30314.830278289915,0.414624,57725.85,54249.353108689915,0.4411946218500816784424595742
2024-07-11 00:00:00+00:00,30314.830278289915,0.414624,57339.89,54089.324829649915,0.4395413443639000001091645339
2024-07-12 00:00:00+00:00,21624.467043550681,0.565986,57889.1,54388.887196150681,0.6024101952010312321701819695
2024-07-13 00:00:00+00:00,21755.415377975176,0.563721,59204.02,55129.964736395176,0.6053794795262603767974724817
2024-07-14 00:00:00+00:00,22051.641872358046,0.558711,60797.91,56020.102966368046,0.6063619896308141122591655572
2024-07-15 00:00:00+00:00,22407.636623097817,0.552848,64724.14,58190.247973817817,0.6149245379882221293299537688
2024-07-16 00:00:00+00:00,23274.975052509613,0.539430,65043.99,58361.654578209613,0.6011940507731981099186594350
2024-07-17 00:00:00+00:00,23344.611575191213,0.538358,64087.99,57846.893695611213,0.5964413975618133191459702873
2024-07-18 00:00:00+00:00,23138.493345500169,0.541570,63987.92,57792.431179900169,0.5996276177848772311279513484
2024-07-19 00:00:00+00:00,2863.320533239561,0.858018,66660.0,60058.800413239561,0.9523247132220715961467801238
2024-07-20 00:00:00+00:00,2863.320533239561,0.858018,67139.96,60470.614732519561,0.9526493893620079253308703705
2024-07-21 00:00:00+00:00,2863.320533239561,0.858018,68165.34,61350.409229359561,0.9533284199860022465895361607
2024-07-22 00:00:00+00:00,2863.320533239561,0.858018,67532.01,60807.000689419561,0.9529113342086320045054128808
2024-07-23 00:00:00+00:00,2863.320533239561,0.858018,65936.01,59437.603961419561,0.9518264475280982422751175337
2024-07-24 00:00:00+00:00,2863.320533239561,0.858018,65376.0,58957.105301239561,0.9514338345037547107094603457
2024-07-25 00:00:00+00:00,2863.320533239561,0.858018,65799.95,59320.862032339561,0.9517316432172111131585843266
2024-07-26 00:00:00+00:00,31106.716835075911,0.428228,67907.99,60186.819576795911,0.4831639708859342981803050498
2024-07-27 00:00:00+00:00,31106.716835075911,0.428228,67896.5,60181.899237075911,0.4831217155089020898433964080
2024-07-28 00:00:00+00:00,2972.585492582201,0.842058,68249.88,60442.942945622201,0.9508199742150791274847876875
2024-07-29 00:00:00+00:00,2972.585492582201,0.842058,66784.69,59209.167984602201,0.9497951821691660201374422687
2024-07-30 00:00:00+00:00,2972.585492582201,0.842058,66188.0,58706.720396582201,0.9493654990007709654501384139
2024-07-31 00:00:00+00:00,2972.585492582201,0.842058,64628.0,57393.109916582201,0.9482065792060633381722818492
2024-08-01 00:00:00+00:00,2972.585492582201,0.842058,65354.02,58004.460865742201,0.9487524675134455276495750809
2024-08-02 00:00:00+00:00,2972.585492582201,0.842058,61498.33,54757.746255722201,0.9457138816725576078759707753
2024-08-03 00:00:00+00:00,28714.323432235319,0.422937,60697.99,54385.749228865319,0.4720248624065079859321867963
2024-08-04 00:00:00+00:00,28714.323432235319,0.422937,58161.0,53312.762289235319,0.4613986933100033675670003758
2024-08-05 00:00:00+00:00,28714.323432235319,0.422937,54018.81,51560.876877205319,0.4430986210606959579971465924
2024-08-06 00:00:00+00:00,28714.323432235319,0.422937,56022.01,52408.104275605319,0.4521014673373497899126751568
2024-08-07 00:00:00+00:00,28714.323432235319,0.422937,55134.16,52032.599660155319,0.4481474379565988071579666106
2024-08-08 00:00:00+00:00,28714.323432235319,0.422937,61685.99,54803.610984865319,0.4760505208285430821816441118
2024-08-09 00:00:00+00:00,28714.323432235319,0.422937,60837.99,54444.960408865319,0.4725990575326097325230869636
2024-08-10 00:00:00+00:00,28714.323432235319,0.422937,60923.51,54481.129981105319,0.4729491946625597553199790316
2024-08-11 00:00:00+00:00,28714.323432235319,0.422937,58712.59,53546.050109065319,0.4637452552756267885049846139
2024-08-12 00:00:00+00:00,28714.323432235319,0.422937,59346.64,53814.213313915319,0.4664174822228545325160806558
2024-08-13 00:00:00+00:00,28714.323432235319,0.422937,60587.15,54338.870891785319,0.4715693763784810625558684031
2024-08-14 00:00:00+00:00,28714.323432235319,0.422937,58683.39,53533.700348665319,0.4636215459566823474510483890
2024-08-15 00:00:00+00:00,28714.323432235319,0.422937,57541.06,53050.566725455319,0.4587367260214905546354391173
2024-08-16 00:00:00+00:00,28714.323432235319,0.422937,58874.6,53614.570132435319,0.4644305948680178916905290412
2024-08-17 00:00:00+00:00,28714.323432235319,0.422937,59491.99,53875.687206865319,0.4670263170475849698688055157
2024-08-18 00:00:00+00:00,28714.323432235319,0.422937,58427.35,53425.411559185319,0.4625343522075586973464356805
2024-08-19 00:00:00+00:00,28714.323432235319,0.422937,59438.5,53853.064306735319,0.4668024224455494313413928509
2024-08-20 00:00:00+00:00,28714.323432235319,0.422937,59013.8,53673.442962835319,0.4650180452907082430406546514
2024-08-21 00:00:00+00:00,28714.323432235319,0.422937,61156.03,54579.471292345319,0.4738988349954490015032776354
2024-08-22 00:00:00+00:00,28714.323432235319,0.422937,60375.84,54249.500074315319,0.4706988379081810101092956714
2024-08-23 00:00:00+00:00,28714.323432235319,0.422937,64037.24,55798.041606115319,0.4853883289500916019531634382
2024-08-24 00:00:00+00:00,28714.323432235319,0.422937,64157.01,55848.696770605319,0.4858550853894151250320601640
2024-08-25 00:00:00+00:00,28714.323432235319,0.422937,64220.0,55875.337572235319,0.4861002245379975595588325290
2024-08-26 00:00:00+00:00,28714.323432235319,0.422937,62834.0,55289.146890235319,0.4806517183337732183679460427
2024-08-27 00:00:00+00:00,28714.323432235319,0.422937,59415.0,53843.125287235319,0.4667039983460493453249053413
2024-08-28 00:00:00+00:00,28714.323432235319,0.422937,59034.9,53682.366933535319,0.4651069788374493058270850644
2024-08-29 00:00:00+00:00,28714.323432235319,0.422937,59359.01,53819.445044605319,0.4664693512087124976040229227
2024-08-30 00:00:00+00:00,28714.323432235319,0.422937,59123.99,53720.046390865319,0.4654821549610953239378098005
2024-08-31 00:00:00+00:00,28714.323432235319,0.422937,58973.99,53656.605840865319,0.4648501711532739081423011638
2024-09-01 00:00:00+00:00,28714.323432235319,0.422937,57301.86,52949.400195055319,0.4577025740337506830053908781
2024-09-02 00:00:00+00:00,28714.323432235319,0.422937,59132.13,53723.489098045319,0.4655164079192305489657403783
2024-09-03 00:00:00+00:00,28714.323432235319,0.422937,57487.73,53028.011495245319,0.4585065020812642041805065115
2024-09-04 00:00:00+00:00,28714.323432235319,0.422937,57970.9,53232.361965535319,0.4605852084710034524350362612
2024-09-05 00:00:00+00:00,28714.323432235319,0.422937,56180.0,52474.924092235319,0.4527991430389861374334240899
2024-09-06 00:00:00+00:00,28714.323432235319,0.422937,53962.97,51537.260075125319,0.4428434225960256057543953294
2024-09-07 00:00:00+00:00,28714.323432235319,0.422937,54160.86,51620.955078055319,0.4437467615851586815713404265
2024-09-08 00:00:00+00:00,28714.323432235319,0.422937,54869.95,51920.855475385319,0.4469597396012045951385897007
2024-09-09 00:00:00+00:00,28714.323432235319,0.422937,57042.0,52839.495786235319,0.4565746132703371462595325821
2024-09-10 00:00:00+00:00,28714.323432235319,0.422937,57635.99,53090.716134865319,0.4591460518390281504423284071
2024-09-11 00:00:00+00:00,28714.323432235319,0.422937,57338.0,52964.685138235319,0.4578590742625525822021098406
2024-09-12 00:00:00+00:00,28714.323432235319,0.422937,58132.32,53300.632456075319,0.4612761217064620480605651556
2024-09-13 00:00:00+00:00,28714.323432235319,0.422937,60498.0,54301.166058235319,0.4712024526058864897839176969
2024-09-14 00:00:00+00:00,28714.323432235319,0.422937,59993.03,54087.595561345319,0.4691144404881526855958638017
2024-09-15 00:00:00+00:00,21625.884071956393,0.540938,59132.0,53612.629887956393,0.5966270612512060679805310979
2024-09-16 00:00:00+00:00,21625.884071956393,0.540938,58213.99,53116.043394576393,0.5928558926856253259549261969
2024-09-17 00:00:00+00:00,21245.952014713527,0.547456,60313.99,54265.207724153527,0.6084793018260773883374022449
2024-09-18 00:00:00+00:00,21705.489268364904,0.539827,61759.99,55045.199390094904,0.6056787965369657035861898039
2024-09-19 00:00:00+00:00,22017.711869400516,0.534765,62947.99,55680.093741750516,0.6045676221106824362256056903
2024-09-20 00:00:00+00:00,22271.754052672116,0.530724,63201.05,55814.068112872116,0.6009652260496006722420457002
2024-09-21 00:00:00+00:00,22325.594464677771,0.529871,63348.96,55892.371248837771,0.6005609716345321344279489779
2024-09-22 00:00:00+00:00,22356.911439765576,0.529376,63578.76,56013.981093525576,0.6008690865511482317193275045
2024-09-23 00:00:00+00:00,22405.549458196368,0.528610,63339.99,55887.701572096368,0.5990969600119855546983732197
2024-09-24 00:00:00+00:00,22355.065281934716,0.529406,64262.7,56376.124238134716,0.6034657297918150566770674471
2024-09-25 00:00:00+00:00,22550.234102902806,0.526365,63152.01,55791.241846552806,0.5958105007785173432811963893
2024-09-26 00:00:00+00:00,22316.204670627093,0.530066,65173.99,56862.720853967093,0.6075424401878550389191909657
2024-09-27 00:00:00+00:00,22744.557115780446,0.523485,65769.95,57174.139391530446,0.6021880284017054050262062645
2024-09-28 00:00:00+00:00,22869.554622351141,0.521582,65858.0,57219.901978351141,0.6003216742488702493838196881
2024-09-29 00:00:00+00:00,22887.970890039141,0.521302,65602.01,57086.429907059141,0.5990645950832374359987700020
2024-09-30 00:00:00+00:00,22834.567121144772,0.522115,63327.59,55898.851773994772,0.5915020363304160984078881201
2024-10-01 00:00:00+00:00,2768.939945899932,0.838558,60805.78,53758.113211139932,0.9484926129191948051773857341
2024-10-02 00:00:00+00:00,37584.905059281252,0.265228,60649.28,53670.792295121252,0.2997139887070798659138983585
2024-10-03 00:00:00+00:00,37569.540846426349,0.265481,60752.71,53698.231049936349,0.3003579426761976749215332422
2024-10-04 00:00:00+00:00,37588.774422470437,0.265164,62086.0,54051.746526470437,0.3045779861329307389999208120
2024-10-05 00:00:00+00:00,37835.927501235637,0.261178,62058.0,54044.111825235637,0.2999065721796480076588122240
2024-10-06 00:00:00+00:00,37830.894267717184,0.261259,62819.91,54243.161134407184,0.3025684072140012714045334441
2024-10-07 00:00:00+00:00,37970.047693168690,0.259041,62224.0,54088.614877168690,0.2980029571954115226686119310
2024-10-08 00:00:00+00:00,37861.948689564135,0.260776,62160.49,54071.912629804135,0.2997852887361184036144996233
2024-10-09 00:00:00+00:00,37850.371806155235,0.260962,60636.02,53674.068857395235,0.2948108348797150040455394097
2024-10-10 00:00:00+00:00,37571.508560673126,0.265555,60326.39,53591.483057123126,0.2989276202596281928423049242
2024-10-11 00:00:00+00:00,37514.003167920486,0.266507,62540.0,54181.350947920486,0.3076214876225728954477456980
2024-10-12 00:00:00+00:00,37926.417884870325,0.259904,63206.22,54353.967287750325,0.3022327572872910244975475172
2024-10-13 00:00:00+00:00,38047.679207782146,0.257983,62870.02,54267.075577442146,0.2988809733539817531700014936
2024-10-14 00:00:00+00:00,37986.930768042056,0.258948,66083.99,55099.247810562056,0.3105726071135169785675556049
2024-10-15 00:00:00+00:00,38568.769936534856,0.250132,67074.14,55346.158723014856,0.3031355594241697346806706323
2024-10-16 00:00:00+00:00,38742.132146618240,0.247544,67620.01,55481.059902058240,0.3017052627507395214703877329
2024-10-17 00:00:00+00:00,38836.677078218240,0.246144,67421.78,55432.143694538240,0.2993834535386218623040390073
2024-10-18 00:00:00+00:00,38802.517307491356,0.246650,68428.0,55680.283507491356,0.3031192576045203816325545579
2024-10-19 00:00:00+00:00,22250.673017944605,0.488223,68378.0,55634.385311944605,0.6000553813404419063791480573
2024-10-20 00:00:00+00:00,22250.673017944605,0.488223,69031.99,55953.678271714605,0.6023376173788981703267397063
2024-10-21 00:00:00+00:00,22381.318597612605,0.486328,67377.5,55148.883417612605,0.5941655168585915095236322933
2024-10-22 00:00:00+00:00,22059.172789281355,0.491103,67426.0,55172.283667281355,0.6001765501984642967256443813
2024-10-23 00:00:00+00:00,22068.936850928470,0.490958,66668.65,54800.443917628470,0.5972854365176186392335456127
2024-10-24 00:00:00+00:00,21920.005733692875,0.493189,68198.28,55554.647248612875,0.6054334458177990117384826785
2024-10-25 00:00:00+00:00,22221.526987119198,0.488762,66698.33,54821.136154579198,0.5946540231406160210808133242
2024-10-26 00:00:00+00:00,21928.073574895694,0.493156,67092.76,55015.270725455694,0.6014184191817577797603283187
2024-10-27 00:00:00+00:00,22006.068022771262,0.491992,68021.7,55472.200249171262,0.6032955620306402747651270378
2024-10-28 00:00:00+00:00,22188.672630497726,0.489304,69962.21,56421.461832337726,0.6067334679056404625063720853
2024-10-29 00:00:00+00:00,22568.143438816463,0.483873,72736.42,57763.333193476463,0.6092998414197259319445872048
2024-10-30 00:00:00+00:00,23104.676162614925,0.476487,72344.74,57576.004290994925,0.5987099756724769494672771234
2024-10-31 00:00:00+00:00,23030.353955687375,0.477513,70292.01,56595.702526817375,0.5930723901735357964780095356
2024-11-01 00:00:00+00:00,22637.825791815674,0.483090,69496.01,56210.653262715674,0.5972680536906112924182337259
2024-11-02 00:00:00+00:00,22484.109556152474,0.485299,69374.74,56151.601503412474,0.5995820430021740674197546984
2024-11-03 00:00:00+00:00,22460.630410771718,0.485637,68775.99,55860.795866401718,0.5979178230025722141575592548
2024-11-04 00:00:00+00:00,22344.179021422901,0.487328,67850.01,55409.388694702901,0.5967438091667849610258119929
2024-11-05 00:00:00+00:00,22163.531307703334,0.489987,69372.01,56154.914371573334,0.6053144848365590721194462249
2024-11-06 00:00:00+00:00,22461.581724820208,0.485685,75571.99,59165.763687970208,0.6203618389297123851214979350
2024-11-07 00:00:00+00:00,23664.784190136254,0.469743,75857.89,59298.497012406254,0.6009210117891322151690797711
2024-11-08 00:00:00+00:00,23719.330867951214,0.469023,76509.78,59604.177412891214,0.6020525423303436419470740220
2024-11-09 00:00:00+00:00,23841.587375608814,0.467423,76677.46,59682.395761188814,0.6005256311926927030296427601
2024-11-10 00:00:00+00:00,23872.984265122634,0.467013,80370.01,61406.823745252634,0.6112323873945970679523371163
2024-11-11 00:00:00+00:00,23872.984265122634,0.467013,88647.99,65272.748018992634,0.6342580174780410595318273274
2024-11-12 00:00:00+00:00,48922.000036678634,0.184078,87952.01,65112.030133458634,0.2486488297722504863217583447
2024-11-13 00:00:00+00:00,48922.000036678634,0.184078,90375.2,65558.086102278634,0.2537610088196545374351499761
2024-11-14 00:00:00+00:00,3218.572533727211,0.689129,87325.59,63397.169044837211,0.9492316047826852055253466333
2024-11-15 00:00:00+00:00,3218.572533727211,0.689129,91032.07,65951.411900757211,0.9511978221395703364145851411
2024-11-16 00:00:00+00:00,3218.572533727211,0.689129,90586.92,65644.646126407211,0.9509697633599938137884572189
2024-11-17 00:00:00+00:00,3218.572533727211,0.689129,89855.99,65140.941066437211,0.9505906349979716966019230490
2024-11-18 00:00:00+00:00,3218.572533727211,0.689129,90464.08,65559.993520047211,0.9509064543646877827724194797
2024-11-19 00:00:00+00:00,3218.572533727211,0.689129,92310.79,66832.614935637211,0.9518412898129627293159121428
2024-11-20 00:00:00+00:00,3218.572533727211,0.689129,94286.56,68194.175339967211,0.9528028234422996022958850192
2024-11-21 00:00:00+00:00,3218.572533727211,0.689129,98317.12,70971.751122207211,0.9546499489890687951711045294
2024-11-22 00:00:00+00:00,3218.572533727211,0.689129,98892.0,71367.917601727211,0.9549016891358853841436157900
2024-11-23 00:00:00+00:00,3218.572533727211,0.689129,97672.4,70527.455873327211,0.9543642614940198995037167864
2024-11-24 00:00:00+00:00,3218.572533727211,0.689129,97900.04,70684.329198887211,0.9544655432087218386923828990
2024-11-25 00:00:00+00:00,3218.572533727211,0.689129,93010.01,67314.467715017211,0.9521860211781905185995646577
2024-11-26 00:00:00+00:00,3218.572533727211,0.689129,91965.16,66594.431279367211,0.9516690439141205877511830964
2024-11-27 00:00:00+00:00,3218.572533727211,0.689129,95863.11,69280.621664917211,0.9535429611285221262341406448
2024-11-28 00:00:00+00:00,3218.572533727211,0.689129,95643.98,69129.612827147211,0.9534414789538170680262897234
2024-11-29 00:00:00+00:00,3218.572533727211,0.689129,97460.0,70381.084873727211,0.9542693532004835203357710422
2024-11-30 00:00:00+00:00,3218.572533727211,0.689129,96407.99,69656.114274437211,0.9537933953500995003812346543
2024-12-01 00:00:00+00:00,3218.572533727211,0.689129,97185.18,70191.698441947211,0.9541459659023756838386210326
2024-12-02 00:00:00+00:00,3218.572533727211,0.689129,95840.62,69265.123153707211,0.9535325660710249322960060252
2024-12-03 00:00:00+00:00,3218.572533727211,0.689129,95849.69,69271.373553737211,0.9535367588570998089570132274
2024-12-04 00:00:00+00:00,3218.572533727211,0.689129,98587.32,71157.953778007211,0.9547686187861970923731967791
2024-12-05 00:00:00+00:00,3218.572533727211,0.689129,96945.63,70026.617589997211,0.9540378695345273895816925148
2024-12-06 00:00:00+00:00,3218.572533727211,0.689129,99740.84,71952.877862087211,0.9552683279757582365851098103
2024-12-07 00:00:00+00:00,3218.572533727211,0.689129,99831.99,72015.691970437211,0.9553073441959225976279507863
2024-12-08 00:00:00+00:00,3218.572533727211,0.689129,101109.59,72896.123180837211,0.9558471370865261186378588478
2024-12-09 00:00:00+00:00,3218.572533727211,0.689129,97276.47,70254.609028357211,0.9541870266130428133600648121
2024-12-10 00:00:00+00:00,3218.572533727211,0.689129,96593.0,69783.610030727211,0.9538778155456559942013539875
2024-12-11 00:00:00+00:00,3218.572533727211,0.689129,101125.0,72906.742658727211,0.9558535683209276422687682475
2024-12-12 00:00:00+00:00,3218.572533727211,0.689129,100004.29,72134.428897137211,0.9553809105729962181983582221
2024-12-13 00:00:00+00:00,3218.572533727211,0.689129,101424.25,73112.964511977211,0.9559780873992607526650435946
2024-12-14 00:00:00+00:00,3218.572533727211,0.689129,101420.0,73110.035713727211,0.9559763238752885917570352905
2024-12-15 00:00:00+00:00,3218.572533727211,0.689129,104463.99,75207.737498437211,0.9572042366811780270858266615
2024-12-16 00:00:00+00:00,3218.572533727211,0.689129,106058.66,76306.670840867211,0.9578205614494787396111335329
2024-12-17 00:00:00+00:00,3218.572533727211,0.689129,106133.74,76358.410646187211,0.9578491418759261023435663980
2024-12-18 00:00:00+00:00,3218.572533727211,0.689129,100204.01,72272.061741017211,0.9554658818886227279063948866
2024-12-19 00:00:00+00:00,3218.572533727211,0.689129,97461.86,70382.366653667211,0.9542701860316100904630894950
2024-12-20 00:00:00+00:00,3218.572533727211,0.689129,97805.44,70619.137595487211,0.9544235083673283474068010613
2024-12-21 00:00:00+00:00,3218.572533727211,0.689129,97291.99,70265.304310437211,0.9541939999361943400525763202
2024-12-22 00:00:00+00:00,3218.572533727211,0.689129,95186.27,68814.191592557211,0.9532280702680619065193284667
2024-12-23 00:00:00+00:00,3218.572533727211,0.689129,94881.47,68604.145073357211,0.9530848678270730179627235805
2024-12-24 00:00:00+00:00,3218.572533727211,0.689129,98663.58,71210.506755547211,0.9548019993064227400210913315
2024-12-25 00:00:00+00:00,3218.572533727211,0.689129,99429.6,71738.393352127211,0.9551345885608438594440991725
2024-12-26 00:00:00+00:00,3218.572533727211,0.689129,95791.6,69231.342050127211,0.9535098925079801057108666485
2024-12-27 00:00:00+00:00,3218.572533727211,0.689129,94299.03,68202.768778597211,0.9528087702102610981705438316
2024-12-28 00:00:00+00:00,3218.572533727211,0.689129,95300.0,68892.566233727211,0.9532812796839680089859796461
2024-12-29 00:00:00+00:00,3218.572533727211,0.689129,93738.2,67816.284561527211,0.9525398279404835430110031110
2024-12-30 00:00:00+00:00,3218.572533727211,0.689129,92792.05,67164.265158177211,0.9520790925628797469456836831
2024-12-31 00:00:00+00:00,26835.049963318946,0.434288,93576.0,67473.983851318946,0.6022904172599201205060711321
2025-01-01 00:00:00+00:00,3343.269153831746,0.685007,94591.79,68139.307446361746,0.9509347940399376970502945651
2025-01-02 00:00:00+00:00,3343.269153831746,0.685007,96984.79,69778.529197361746,0.9520874229897331864663658680
2025-01-03 00:00:00+00:00,3343.269153831746,0.685007,98174.18,70593.269673091746,0.9526403980249959976102040596
2025-01-04 00:00:00+00:00,3343.269153831746,0.685007,98220.5,70624.999197331746,0.9526616751599473763306213280
2025-01-05 00:00:00+00:00,37034.328349981103,0.341546,98363.61,70630.025891041103,0.4756574433780770572039040469
2025-01-06 00:00:00+00:00,37034.328349981103,0.341546,102235.6,71952.488587581103,0.4852946843540700647793953810
2025-01-07 00:00:00+00:00,3554.196528575703,0.668601,96954.61,68378.145729185703,0.9480214549447971850800462400
2025-01-08 00:00:00+00:00,3554.196528575703,0.668601,95060.61,67111.815435185703,0.9470406737542627721014177053
2025-01-09 00:00:00+00:00,3554.196528575703,0.668601,92552.49,65434.883895065703,0.9456834593872685553371054590
2025-01-10 00:00:00+00:00,26144.619307452903,0.424201,94726.11,66327.529895562903,0.6058255245051437776714974568
2025-01-11 00:00:00+00:00,3286.710314274343,0.665193,94599.99,66213.961462344343,0.9503622764491521309702705310
2025-01-12 00:00:00+00:00,3286.710314274343,0.665193,94545.06,66177.422410854343,0.9503348695893713043833616389
2025-01-13 00:00:00+00:00,3286.710314274343,0.665193,94536.1,66171.462281574343,0.9503303962017847369996565476
2025-01-14 00:00:00+00:00,3286.710314274343,0.665193,96560.86,67518.318460254343,0.9513212060189396800700111041
2025-01-15 00:00:00+00:00,3286.710314274343,0.665193,100497.35,70136.844052824343,0.9531386055551783791927043634
2025-01-16 00:00:00+00:00,3286.710314274343,0.665193,99987.3,69797.562363174343,0.9529108151775736917614722153
2025-01-17 00:00:00+00:00,3286.710314274343,0.665193,104077.48,72518.321467914343,0.9546775180706775651230022211
2025-01-18 00:00:00+00:00,38026.989729228946,0.330966,104556.23,72631.546947408946,0.4764397658119063531933489020
2025-01-19 00:00:00+00:00,38026.989729228946,0.330966,101331.57,71564.294125848946,0.4686318059344396125961115421
2025-01-20 00:00:00+00:00,38026.989729228946,0.330966,102260.01,71871.576198888946,0.4709036347832761091865479090
2025-01-21 00:00:00+00:00,3548.830074116946,0.667690,106143.82,74419.997249916946,0.9523134882389302082976386580
2025-01-22 00:00:00+00:00,3548.830074116946,0.667690,103706.66,72792.729889516946,0.9512474655160855362888136793
2025-01-23 00:00:00+00:00,3548.830074116946,0.667690,103910.34,72928.724988716946,0.9513383776465857902665763098
2025-01-24 00:00:00+00:00,3548.830074116946,0.667690,104870.5,73569.814219116946,0.9517624162601896211330167130
2025-01-25 00:00:00+00:00,3548.830074116946,0.667690,104746.85,73487.254350616946,0.9517082233446220380995963664
2025-01-26 00:00:00+00:00,3548.830074116946,0.667690,102620.0,72067.177874116946,0.9507566387528612442266703528
2025-01-27 00:00:00+00:00,3548.830074116946,0.667690,102082.83,71708.514836816946,0.9505103392227154615172088724
2025-01-28 00:00:00+00:00,3548.830074116946,0.667690,101335.52,71209.543422916946,0.9501635609002536166196113607
2025-01-29 00:00:00+00:00,3548.830074116946,0.667690,103733.24,72810.477089716946,0.9512593487096083216131780118
2025-01-30 00:00:00+00:00,3548.830074116946,0.667690,104722.94,73471.289882716946,0.9516977300959057105233286992
2025-01-31 00:00:00+00:00,3548.830074116946,0.667690,102429.56,71940.022990516946,0.9506696005006177320475110911
2025-02-01 00:00:00+00:00,3548.830074116946,0.667690,100635.65,70742.247222616946,0.9498343604642749822122551657
2025-02-02 00:00:00+00:00,3548.830074116946,0.667690,97700.59,68782.537011216946,0.9484050715730620917056145728
2025-02-03 00:00:00+00:00,3548.830074116946,0.667690,101328.52,71204.869592916946,0.9501602896767335227369891298
2025-02-04 00:00:00+00:00,3548.830074116946,0.667690,97763.13,68824.294343816946,0.9484363754405021854744653666
2025-02-05 00:00:00+00:00,3548.830074116946,0.667690,96612.43,68055.983460816946,0.9478542533124927125867350199
2025-02-06 00:00:00+00:00,3548.830074116946,0.667690,96554.35,68017.204025616946,0.9478245228548299395040121849
2025-02-07 00:00:00+00:00,3548.830074116946,0.667690,96506.8,67985.455366116946,0.9478001573276857672110625083
2025-02-08 00:00:00+00:00,3548.830074116946,0.667690,96444.74,67944.018524716946,0.9477683223457567726299458800
2025-02-09 00:00:00+00:00,3548.830074116946,0.667690,96462.75,67956.043621616946,0.9477775649524708874960305114
2025-02-10 00:00:00+00:00,3548.830074116946,0.667690,97430.82,68602.414279916946,0.9482696037542245748449511181
2025-02-11 00:00:00+00:00,3548.830074116946,0.667690,95778.2,67498.976432116946,0.9474239423810230758320295128
2025-02-12 00:00:00+00:00,3548.830074116946,0.667690,97869.99,68895.643697216946,0.9484897754970783190992414779
2025-02-13 00:00:00+00:00,36127.863380582946,0.334376,96608.14,68431.306801222946,0.4720565035309642864694324579
2025-02-14 00:00:00+00:00,36127.863380582946,0.334376,97500.48,68729.683881062946,0.4743484715701240497185074922
2025-02-15 00:00:00+00:00,36127.863380582946,0.334376,97569.66,68752.816012742946,0.4745253289132644306238457589
2025-02-16 00:00:00+00:00,36127.863380582946,0.334376,96118.12,68267.455873702946,0.4707893692798411939440374691
2025-02-17 00:00:00+00:00,36127.863380582946,0.334376,95780.0,68154.396660582946,0.4699114781911425255280718705
2025-02-18 00:00:00+00:00,36127.863380582946,0.334376,95671.74,68118.197114822946,0.4696297771991194284351577688
2025-02-19 00:00:00+00:00,36127.863380582946,0.334376,96644.37,68443.421243702946,0.4721499491975374291534871200
2025-02-20 00:00:00+00:00,36127.863380582946,0.334376,98305.0,68998.696060582946,0.4763978822315484458757269993
2025-02-21 00:00:00+00:00,3407.518869177077,0.666789,96181.98,67540.605131397077,0.9495485884002977322267807944
2025-02-22 00:00:00+00:00,26985.562596978644,0.421330,96551.01,67665.399640278644,0.6011911148025620632099905957
2025-02-23 00:00:00+00:00,26985.562596978644,0.421330,96258.0,67541.945736978644,0.6004621675830064704440349470
2025-02-24 00:00:00+00:00,26985.562596978644,0.421330,91552.88,65559.537527378644,0.5883808273402009706341685332
2025-02-25 00:00:00+00:00,26985.562596978644,0.421330,88680.4,64349.275528978644,0.5806392166011855541353430444
2025-02-26 00:00:00+00:00,26985.562596978644,0.421330,84250.09,62482.653016678644,0.5681111269431001395103569709
2025-02-27 00:00:00+00:00,26985.562596978644,0.421330,84708.58,62675.828608378644,0.5694422683169576150640588895
2025-02-28 00:00:00+00:00,26985.562596978644,0.421330,84349.94,62524.722817178644,0.5684017236528336778229041690
2025-03-01 00:00:00+00:00,26985.562596978644,0.421330,86064.53,63247.131021878644,0.5733314355769953522002758370
2025-03-02 00:00:00+00:00,26985.562596978644,0.421330,94270.0,66704.341696978644,0.5954451852689380769825274758
2025-03-03 00:00:00+00:00,26985.562596978644,0.421330,86220.61,63312.892208278644,0.5737746033113604044603103135
2025-03-04 00:00:00+00:00,44296.672203552848,0.220293,87281.98,63524.281423692848,0.3026812549345677294727498773
2025-03-05 00:00:00+00:00,44296.672203552848,0.220293,90606.01,64256.541964482848,0.3106278232644796791945894158
2025-03-06 00:00:00+00:00,25678.517918812448,0.425511,89931.89,63945.526364602448,0.5984313621503474754435324592
2025-03-07 00:00:00+00:00,25678.517918812448,0.425511,86801.75,62613.617363062448,0.5898892445405823916581200147
2025-03-08 00:00:00+00:00,25678.517918812448,0.425511,86222.45,62367.118840762448,0.5882683311958727639600606120
2025-03-09 00:00:00+00:00,25678.517918812448,0.425511,80734.37,60031.880431882448,0.5722519812127225314449486569
2025-03-10 00:00:00+00:00,25678.517918812448,0.425511,78595.86,59121.920903272448,0.5656684098470975009124354327
2025-03-11 00:00:00+00:00,25678.517918812448,0.425511,82932.99,60967.417426702448,0.5788157182533732088470693703
2025-03-12 00:00:00+00:00,25678.517918812448,0.425511,83680.12,61285.329460132448,0.5810005731385203788719087234
2025-03-13 00:00:00+00:00,25678.517918812448,0.425511,81115.78,60194.174582392448,0.5734052655931968378715176231
2025-03-14 00:00:00+00:00,25678.517918812448,0.425511,83983.2,61414.293334012448,0.5818804300302649925856587771
2025-03-15 00:00:00+00:00,25678.517918812448,0.425511,84338.44,61565.451861652448,0.5829070177781486758714505726
2025-03-16 00:00:00+00:00,25678.517918812448,0.425511,82574.53,60814.888753642448,0.5777593539168571051088908170
2025-03-17 00:00:00+00:00,25678.517918812448,0.425511,84010.03,61425.709794142448,0.5819581409011060393501802967
2025-03-18 00:00:00+00:00,25678.517918812448,0.425511,82715.03,60874.673049142448,0.5781740314550373473754916567
2025-03-19 00:00:00+00:00,25678.517918812448,0.425511,86845.94,62632.420694152448,0.5900123668506098151783875907
2025-03-20 00:00:00+00:00,25678.517918812448,0.425511,84223.39,61516.496821102448,0.5825750937429232702697536626
2025-03-21 00:00:00+00:00,43038.951822374000,0.219119,84088.79,61464.403398384000,0.2997743499857095391505403698
2025-03-22 00:00:00+00:00,43038.951822374000,0.219119,83840.59,61410.018062584000,0.2991542230371554703899071002
2025-03-23 00:00:00+00:00,43038.951822374000,0.219119,86082.5,61901.263139874000,0.3047160972285515501719824436
2025-03-24 00:00:00+00:00,3043.195359043500,0.683137,87498.16,62816.425886963500,0.9515541466093653639767650577
2025-03-25 00:00:00+00:00,3043.195359043500,0.683137,87392.87,62744.498392233500,0.9514986104435861416976458253
2025-03-26 00:00:00+00:00,3043.195359043500,0.683137,86909.17,62414.065025333500,0.9512418337467959346146665049
2025-03-27 00:00:00+00:00,3043.195359043500,0.683137,87232.01,62634.608974413500,0.9514135170814803354931982828
2025-03-28 00:00:00+00:00,3043.195359043500,0.683137,84424.38,60716.613039103500,0.9498787035916581531664751360
2025-03-29 00:00:00+00:00,3043.195359043500,0.683137,82648.54,59503.471029023500,0.9488568430309024059502781614
2025-03-30 00:00:00+00:00,23774.462370870993,0.431974,82389.99,59364.795911130993,0.5995191762056871865079338943
2025-03-31 00:00:00+00:00,23745.918371848993,0.432320,82550.01,59433.938695048993,0.6004653419708983229703958926
2025-04-01 00:00:00+00:00,23773.619114008993,0.431984,85158.34,60560.659460568993,0.6074412114107181851152811279
2025-04-02 00:00:00+00:00,24223.691246824333,0.426692,82516.29,59432.732059504333,0.5924183457935021643728963692
2025-04-03 00:00:00+00:00,23772.566657468893,0.432152,83213.09,59733.269927148893,0.6020213410974808701511917279
2025-04-04 00:00:00+00:00,23893.151886207226,0.430701,83889.87,60024.602785077226,0.6019440233239273450171618056
2025-04-05 00:00:00+00:00,24009.690997325305,0.429310,83537.99,59873.385484225305,0.5989922600309434683520413887
2025-04-06 00:00:00+00:00,23949.298159787891,0.430032,78430.0,57676.707919787891,0.5847665544105838807918126152
2025-04-07 00:00:00+00:00,23069.583155069891,0.441234,79163.24,57999.096193229891,0.6022423680843020873892315294
2025-04-08 00:00:00+00:00,23199.479273625575,0.439591,76322.42,56750.128203845575,0.5911995266284966362487551006
2025-04-09 00:00:00+00:00,22699.452488693297,0.446134,82615.22,59556.911048173297,0.6188611516414512824584594365
2025-04-10 00:00:00+00:00,23821.311320143055,0.432537,79607.3,58254.414040243055,0.5910814362721608915441228929
2025-04-11 00:00:00+00:00,23821.311320143055,0.432537,83423.84,59905.208802223055,0.6023499158680996535943939774
2025-04-12 00:00:00+00:00,23961.947679930503,0.430849,85276.9,60703.414768030503,0.6052619482528669876226499601
2025-04-13 00:00:00+00:00,24280.979703294185,0.427103,83760.0,60055.126983294185,0.5956884795190169448226458011
2025-04-14 00:00:00+00:00,24280.979703294185,0.427103,84591.58,60410.297296034185,0.5980655485883830822261991823
2025-04-15 00:00:00+00:00,24280.979703294185,0.427103,83643.99,60005.578764264185,0.5953546286307212966695216608
2025-04-16 00:00:00+00:00,24280.979703294185,0.427103,84030.38,60170.607092434185,0.5964644387583840681860888779
2025-04-17 00:00:00+00:00,45100.891530287219,0.179014,84947.91,60307.756691027219,0.2521543827048457608140607334
2025-04-18 00:00:00+00:00,45100.891530287219,0.179014,84474.69,60223.043685947219,0.2511024224301816108803021188
2025-04-19 00:00:00+00:00,24061.930835965589,0.427747,85077.01,60453.366632435589,0.6019753377464436423416684920
2025-04-20 00:00:00+00:00,24181.223661425189,0.426343,85179.24,60496.796380745189,0.6002891870631095904153334677
2025-04-21 00:00:00+00:00,24198.747773864717,0.426137,87516.23,61492.651477374717,0.6064774051454216919646215277
2025-04-22 00:00:00+00:00,24596.603721321245,0.421585,93442.99,63990.766660471245,0.6156226123711187760605144175
2025-04-23 00:00:00+00:00,25595.050600816232,0.410886,93691.08,64091.403697696232,0.6006476824639082278382758050
2025-04-24 00:00:00+00:00,25636.595357410628,0.410442,93980.47,64210.127425150628,0.6007390674112108238937042436
2025-04-25 00:00:00+00:00,25683.993796582073,0.409937,94638.68,64479.890359742073,0.6016743568686674184637069656
2025-04-26 00:00:00+00:00,25791.836152908029,0.408796,94628.0,64475.384040908029,0.5999739042028233616666428856
2025-04-27 00:00:00+00:00,3194.476749639229,0.647288,93749.3,63877.273648039229,0.9499904024201056932764642666
2025-04-28 00:00:00+00:00,3194.476749639229,0.647288,95011.18,64694.073429479229,0.9506218022718662541109203743
2025-04-29 00:00:00+00:00,3194.476749639229,0.647288,94256.82,64205.785253799229,0.9502462786334319738122630449
2025-04-30 00:00:00+00:00,33668.380931226781,0.323560,94172.0,64138.673251226781,0.4750689525592454383254710733
2025-05-01 00:00:00+00:00,33668.380931226781,0.323560,96489.91,64888.656210826781,0.4811361045629242783533575183
2025-05-02 00:00:00+00:00,3204.888908757691,0.638867,96887.14,65102.885379137691,0.9507719375248350812600358976
2025-05-03 00:00:00+00:00,3204.888908757691,0.638867,95856.42,64444.392384897691,0.9502689250351478981277297203
2025-05-04 00:00:00+00:00,3204.888908757691,0.638867,94277.62,63435.749165297691,0.9494781893344310894501728689
2025-05-05 00:00:00+00:00,3204.888908757691,0.638867,94733.68,63727.110849317691,0.9497091761097466278473577641
2025-05-06 00:00:00+00:00,3204.888908757691,0.638867,96834.02,65068.948764097691,0.9507462627008657945935905196
2025-05-07 00:00:00+00:00,3204.888908757691,0.638867,97030.5,65194.473352257691,0.9508410952038666114468748475
2025-05-08 00:00:00+00:00,3204.888908757691,0.638867,103261.6,69175.317515957691,0.9536700513442764900167447898
2025-05-09 00:00:00+00:00,3204.888908757691,0.638867,102971.99,68990.295244087691,0.9535458009359317449911292803
2025-05-10 00:00:00+00:00,3204.888908757691,0.638867,104809.53,70164.238911267691,0.9543230432127866042440413801
2025-05-11 00:00:00+00:00,3204.888908757691,0.638867,104118.0,69722.443214757691,0.9540336115461981796585575624
2025-05-12 00:00:00+00:00,3204.888908757691,0.638867,102791.32,68874.871143197691,0.9534679505665512032155780860
2025-05-13 00:00:00+00:00,3204.888908757691,0.638867,104103.72,69713.320193997691,0.9540275961632705083339175695
2025-05-14 00:00:00+00:00,3204.888908757691,0.638867,103507.82,69332.619348697691,0.9537751647224058033658362221
2025-05-15 00:00:00+00:00,36356.489793812749,0.318169,103763.71,69370.885640802749,0.4759114078193562268795681993
2025-05-16 00:00:00+00:00,36356.489793812749,0.318169,103463.9,69275.495392912749,0.4751897537851138781997552069
2025-05-17 00:00:00+00:00,3421.107080216769,0.636083,103126.65,69018.215992166769,0.9504318239607200514547587711
2025-05-18 00:00:00+00:00,3421.107080216769,0.636083,106454.26,71134.852143796769,0.9519067380177987392693398280
2025-05-19 00:00:00+00:00,3421.107080216769,0.636083,105573.74,70574.768340636769,0.9515250682268707583522511317
2025-05-20 00:00:00+00:00,3421.107080216769,0.636083,106849.99,71386.569269386769,0.9520763203046393255252835640
2025-05-21 00:00:00+00:00,3421.107080216769,0.636083,109643.99,73163.785171386769,0.9532404307376552825377333129
2025-05-22 00:00:00+00:00,3421.107080216769,0.636083,111696.21,74469.167425646769,0.9540600868992855335612910002
2025-05-23 00:00:00+00:00,3421.107080216769,0.636083,107318.3,71684.453299116769,0.9522754666769716330208598847
2025-05-24 00:00:00+00:00,3421.107080216769,0.636083,107761.91,71966.626078746769,0.9524625890274006804309172970
2025-05-25 00:00:00+00:00,3421.107080216769,0.636083,109004.19,72756.819267986769,0.9529788806789954470329369950
2025-05-26 00:00:00+00:00,3421.107080216769,0.636083,109434.79,73030.716607786769,0.9531552305779784775978433314
2025-05-27 00:00:00+00:00,3421.107080216769,0.636083,108938.17,72714.825068326769,0.9529517250849175200789018638
2025-05-28 00:00:00+00:00,3421.107080216769,0.636083,107781.78,71979.265047956769,0.9524709362072892982874066720
2025-05-29 00:00:00+00:00,3421.107080216769,0.636083,105589.75,70584.952029466769,0.9515320619784713395227172792
2025-05-30 00:00:00+00:00,3421.107080216769,0.636083,103985.48,69564.503155056769,0.9508210807947374441082409474
2025-05-31 00:00:00+00:00,3421.107080216769,0.636083,104591.88,69950.223886256769,0.9510922640393590032097939271
2025-06-01 00:00:00+00:00,3421.107080216769,0.636083,105642.93,70618.778923406769,0.9515552784631506196474654482
2025-06-02 00:00:00+00:00,3421.107080216769,0.636083,105857.99,70755.574933386769,0.9516489395579416977627304731
2025-06-03 00:00:00+00:00,3421.107080216769,0.636083,105376.89,70449.555402086769,0.9514389117051059029630163977
2025-06-04 00:00:00+00:00,3421.107080216769,0.636083,104696.86,70016.999879596769,0.9511389078923718188447515209
2025-06-05 00:00:00+00:00,3421.107080216769,0.636083,101508.68,67989.052780656769,0.9496815010608576775384480002
2025-06-06 00:00:00+00:00,3421.107080216769,0.636083,104288.44,69757.210860736769,0.9509569399635736010317310706
2025-06-07 00:00:00+00:00,3421.107080216769,0.636083,105552.15,70561.035308666769,0.9515156337311200676581310629
2025-06-08 00:00:00+00:00,3421.107080216769,0.636083,105734.0,70676.707002216769,0.9515949847506411657980797823
2025-06-09 00:00:00+00:00,3421.107080216769,0.636083,110263.02,73557.539630876769,0.9534907353157212836142269753
2025-06-10 00:00:00+00:00,3421.107080216769,0.636083,110274.39,73564.771894586769,0.9534953077116995772002048607
2025-06-11 00:00:00+00:00,3421.107080216769,0.636083,108645.12,72528.420945176769,0.9528308070735093411189447594
2025-06-12 00:00:00+00:00,3421.107080216769,0.636083,105671.73,70637.098113806769,0.9515678422306524878956336455
2025-06-13 00:00:00+00:00,3421.107080216769,0.636083,106066.59,70888.261847186769,0.9517394418896654453920244542
2025-06-14 00:00:00+00:00,3421.107080216769,0.636083,105414.64,70473.567535336769,0.9514554577004866154597414595
2025-06-15 00:00:00+00:00,3421.107080216769,0.636083,105594.01,70587.661743046769,0.9515339225618453804061390759
2025-06-16 00:00:00+00:00,3421.107080216769,0.636083,106794.53,71351.292106206769,0.9520526261090768568421985332
2025-06-17 00:00:00+00:00,3421.107080216769,0.636083,104551.17,69924.328947326769,0.9510741521338896010496934462
2025-06-18 00:00:00+00:00,3421.107080216769,0.636083,104886.78,70137.804762956769,0.9512230659089058881265674538
2025-06-19 00:00:00+00:00,3421.107080216769,0.636083,104658.59,69992.656983186769,0.9511219143882683644338888250
2025-06-20 00:00:00+00:00,3421.107080216769,0.636083,103297.99,69127.202453386769,0.9505099735155106408838456841
2025-06-21 00:00:00+00:00,3421.107080216769,0.636083,102120.01,68377.909401046769,0.9499676560722051456375902872
2025-06-22 00:00:00+00:00,3421.107080216769,0.636083,100963.87,67642.508401426769,0.9494237106064415506188081871
2025-06-23 00:00:00+00:00,3421.107080216769,0.636083,105333.93,70422.229276406769,0.9514200684163384394901920121
2025-06-24 00:00:00+00:00,3421.107080216769,0.636083,106083.0,70898.699969216769,0.9517465470918061094572882955
2025-06-25 00:00:00+00:00,3421.107080216769,0.636083,107340.58,71698.625228356769,0.9522848998942350302068421364
2025-06-26 00:00:00+00:00,3421.107080216769,0.636083,106947.06,71448.313846196769,0.9521177352403134939246120884
2025-06-27 00:00:00+00:00,3421.107080216769,0.636083,107047.59,71512.259270186769,0.9521605510001972830420163029
2025-06-28 00:00:00+00:00,3421.107080216769,0.636083,107296.79,71670.771153786769,0.9522663559336348410925050515
2025-06-29 00:00:00+00:00,3421.107080216769,0.636083,108356.93,72345.108185406769,0.9527112866919886075034360872
2025-06-30 00:00:00+00:00,37936.296679848246,0.317136,107146.5,71916.309103848246,0.4724938313357036214131531937
2025-07-01 00:00:00+00:00,37936.296679848246,0.317136,105681.14,71451.590694888246,0.4690629514205865597079840663
2025-07-02 00:00:00+00:00,3527.924915886330,0.642300,108849.6,73442.022995886330,0.9519631299360593888967910024
2025-07-03 00:00:00+00:00,3527.924915886330,0.642300,109584.78,73914.229109886330,0.9522700167698230700360236198
2025-07-04 00:00:00+00:00,3527.924915886330,0.642300,107984.24,72886.202267886330,0.9515968069934584290014739339
2025-07-05 00:00:00+00:00,3527.924915886330,0.642300,108198.12,73023.577391886330,0.9516878651814952204887067382
2025-07-06 00:00:00+00:00,38292.171733370010,0.320580,109203.84,73300.738760570010,0.4776018307476027159818976833
2025-07-07 00:00:00+00:00,38292.171733370010,0.320580,108262.94,72999.105038570010,0.4754432713505480412338842859
2025-07-08 00:00:00+00:00,3604.944816602806,0.640562,108922.98,73376.866731362806,0.9508708264990282385204561776
2025-07-09 00:00:00+00:00,3604.944816602806,0.640562,111233.99,74857.211918982806,0.9518423846655630072874280073
2025-07-10 00:00:00+00:00,3604.944816602806,0.640562,116010.0,77916.542436602806,0.9537332547894307833042896188
2025-07-11 00:00:00+00:00,3604.944816602806,0.640562,117527.66,78888.697761522806,0.9543034056982357398718745491
2025-07-12 00:00:00+00:00,3604.944816602806,0.640562,117420.0,78819.734856602806,0.9542634237077642711755688153
2025-07-13 00:00:00+00:00,3604.944816602806,0.640562,119086.64,79887.321108282806,0.9548746313358473435445271879
2025-07-14 00:00:00+00:00,3604.944816602806,0.640562,119841.18,80370.650759762806,0.9551460043868699776267002474
2025-07-15 00:00:00+00:00,3604.944816602806,0.640562,117758.09,79036.302463182806,0.9543887466359894003937503167
2025-07-16 00:00:00+00:00,3604.944816602806,0.640562,118630.43,79595.090318262806,0.9547089550098083822161722131
2025-07-17 00:00:00+00:00,41737.819599779314,0.318701,119177.56,79719.827149339314,0.4764436766578561211413310538
2025-07-18 00:00:00+00:00,41737.819599779314,0.318701,117924.84,79320.584032619314,0.4738084683968626957348632117
2025-07-19 00:00:00+00:00,3917.036389224838,0.639004,117840.0,79217.267749224838,0.9505532505662167672882836801
2025-07-20 00:00:00+00:00,3917.036389224838,0.639004,117265.12,78849.917129704838,0.9503228851492452951348640376
2025-07-21 00:00:00+00:00,3917.036389224838,0.639004,117380.36,78923.555950664838,0.9503692358758723468029288255
2025-07-22 00:00:00+00:00,3917.036389224838,0.639004,119954.42,80568.390586904838,0.9513824669862340222685841548
2025-07-23 00:00:00+00:00,42248.599596199885,0.319037,118755.99,80136.154377829885,0.4727897797914770388433029421
2025-07-24 00:00:00+00:00,42248.599596199885,0.319037,118340.99,80003.754022829885,0.4719172854795811536917254209
2025-07-25 00:00:00+00:00,3950.480239926715,0.642242,117614.31,79487.329922946715,0.9503005039450158354308658939
2025-07-26 00:00:00+00:00,3950.480239926715,0.642242,117919.99,79683.650457506715,0.9504229510414635600705311295
2025-07-27 00:00:00+00:00,3950.480239926715,0.642242,119415.55,80644.161903026715,0.9510134379637164207681306445
2025-07-28 00:00:00+00:00,3950.480239926715,0.642242,118062.32,79775.060761366715,0.9504797589343881191206000624
2025-07-29 00:00:00+00:00,3950.480239926715,0.642242,117950.76,79703.412243846715,0.9504352432510604202615942747
2025-07-30 00:00:00+00:00,3950.480239926715,0.642242,117840.3,79632.470192526715,0.9503910875755119230109197293
2025-07-31 00:00:00+00:00,3950.480239926715,0.642242,115764.08,78299.034507286715,0.9495462458153417859504214165
2025-08-01 00:00:00+00:00,3950.480239926715,0.642242,113297.93,76715.169398986715,0.9485045751593048748249299472
2025-08-02 00:00:00+00:00,3950.480239926715,0.642242,112546.35,76232.473156626715,0.9481785113830678761855196791
2025-08-03 00:00:00+00:00,53298.593689571515,0.203202,114208.8,76506.050267171515,0.3033414546503943674879351566
2025-08-04 00:00:00+00:00,53298.593689571515,0.203202,115055.03,76678.005895631515,0.3049037586851481683649220916
2025-08-05 00:00:00+00:00,3769.600986721557,0.633124,114129.75,76027.884825721557,0.9504181788647336488637200408
2025-08-06 00:00:00+00:00,39867.732415111707,0.316422,114992.27,76253.816473051707,0.4771706616258208505602664051
2025-08-07 00:00:00+00:00,39867.732415111707,0.316422,117472.01,77038.460763331707,0.4824957297941276468407829643
2025-08-08 00:00:00+00:00,3805.165332716367,0.623012,116674.74,76494.928449596367,0.9502559789277579835626677776
2025-08-09 00:00:00+00:00,3805.165332716367,0.623012,116462.25,76362.544629716367,0.9501697415772654496769456926
2025-08-10 00:00:00+00:00,3805.165332716367,0.623012,119294.01,78126.765090836367,0.9512949841415783655608472670
2025-08-11 00:00:00+00:00,3805.165332716367,0.623012,118686.0,77747.967564716367,0.9510576873980789486770139382
2025-08-12 00:00:00+00:00,3805.165332716367,0.623012,120134.08,78650.138781676367,0.9516190894045455765939866552
2025-08-13 00:00:00+00:00,3805.165332716367,0.623012,123306.43,80626.550899876367,0.9528050587523991200252215596
2025-08-14 00:00:00+00:00,3805.165332716367,0.623012,118295.09,77504.425943796367,0.9509038963081186306233860043
2025-08-15 00:00:00+00:00,3805.165332716367,0.623012,117342.05,76910.670587316367,0.9505248712089127022094397789
2025-08-16 00:00:00+00:00,3805.165332716367,0.623012,117380.66,76934.725080636367,0.9505403401555263930938095468
2025-08-17 00:00:00+00:00,3805.165332716367,0.623012,117405.01,76949.895422836367,0.9505500909155607412556520369
2025-08-18 00:00:00+00:00,40351.208984628936,0.311325,116227.05,76535.595325878936,0.4727785311812292737126846810
2025-08-19 00:00:00+00:00,40351.208984628936,0.311325,112872.94,75491.377030128936,0.4654858531918871544795935595
2025-08-20 00:00:00+00:00,3727.067094162351,0.635376,114271.24,76332.270480402351,0.9511731136686253400508350099
2025-08-21 00:00:00+00:00,3727.067094162351,0.635376,112500.0,75206.867094162351,0.9504424630599769990158200815
2025-08-22 00:00:00+00:00,3727.067094162351,0.635376,116935.99,78025.388676402351,0.9522326366149900580397247483
2025-08-23 00:00:00+00:00,40914.941216487951,0.316943,115438.05,77502.223097637951,0.4720804180682279948614485598
2025-08-24 00:00:00+00:00,3826.987227788437,0.637806,113493.59,76213.879891328437,0.9497862169824545439143169048
2025-08-25 00:00:00+00:00,3826.987227788437,0.637806,110111.98,74057.068743668437,0.9483238090203829724385698573
2025-08-26 00:00:00+00:00,38834.465978961277,0.319466,111763.22,74539.014819481277,0.4790048396398764051632593822
2025-08-27 00:00:00+00:00,38834.465978961277,0.319466,111262.01,74378.895265621277,0.4778832645970881525033755133
2025-08-28 00:00:00+00:00,3673.301572341734,0.635077,112566.9,75161.950723641734,0.9511281767306989365541816108
2025-08-29 00:00:00+00:00,3673.301572341734,0.635077,108377.4,72501.295632141734,0.9493346768452333331801114881
2025-08-30 00:00:00+00:00,3673.301572341734,0.635077,108816.33,72780.049979751734,0.9495287297361888360112484311
2025-08-31 00:00:00+00:00,3673.301572341734,0.635077,108246.35,72418.068791291734,0.9492764494600351981415105463
2025-09-01 00:00:00+00:00,3673.301572341734,0.635077,109237.42,73047.474553681734,0.9497135035155490875741395963
2025-09-02 00:00:00+00:00,3673.301572341734,0.635077,111240.01,74319.273403111734,0.9505740381446203219471745808
2025-09-03 00:00:00+00:00,3673.301572341734,0.635077,111705.71,74615.028762011734,0.9507699503265232510077212771
2025-09-04 00:00:00+00:00,3673.301572341734,0.635077,110730.87,73995.930299331734,0.9503580594570224895052249460
2025-09-05 00:00:00+00:00,3673.301572341734,0.635077,110659.99,73950.916041571734,0.9503278421828233166439978879
2025-09-06 00:00:00+00:00,3673.301572341734,0.635077,110187.97,73651.146996031734,0.9501256705134592322645805206
2025-09-07 00:00:00+00:00,3673.301572341734,0.635077,111137.34,74254.070047521734,0.9505306366372797602457688414
2025-09-08 00:00:00+00:00,3673.301572341734,0.635077,112065.23,74843.351645051734,0.9509201353012282658004996972
2025-09-09 00:00:00+00:00,3673.301572341734,0.635077,111546.39,74513.848294371734,0.9507031020887537484167310374
2025-09-10 00:00:00+00:00,3673.301572341734,0.635077,113960.0,76046.676492341734,0.9516967507092613951152383685
2025-09-11 00:00:00+00:00,3673.301572341734,0.635077,115482.69,77013.701889471734,0.9523032722461053669058520451
2025-09-12 00:00:00+00:00,40384.463544984155,0.316770,116029.42,77139.102918384155,0.4764722168507414792896477511
2025-09-13 00:00:00+00:00,40384.463544984155,0.316770,115918.29,77103.900268284155,0.4762331943719342324444660871
2025-09-14 00:00:00+00:00,3807.760756321922,0.631899,115268.01,76645.501007311922,0.9503198399608782706652746002
2025-09-15 00:00:00+00:00,3807.760756321922,0.631899,115349.71,76697.127155611922,0.9503532805264491776631225265
2025-09-16 00:00:00+00:00,40218.601839064181,0.315832,116788.96,77104.292653784181,0.4783869943576960760213199272
2025-09-17 00:00:00+00:00,40218.601839064181,0.315832,116447.59,76996.477083944181,0.4776565972594240661661805934
2025-09-18 00:00:00+00:00,3802.641016266341,0.628150,117073.53,77342.378885766341,0.9508336687977649237704831689
2025-09-19 00:00:00+00:00,3802.641016266341,0.628150,115632.38,76437.120513266341,0.9502513832188856605933577153
2025-09-20 00:00:00+00:00,3802.641016266341,0.628150,115685.63,76470.569500766341,0.9502731437585510165285081113
2025-09-21 00:00:00+00:00,3802.641016266341,0.628150,115232.29,76185.803979766341,0.9500872758752239716509155484
2025-09-22 00:00:00+00:00,3802.641016266341,0.628150,112650.99,74564.360384766341,0.9490018958568948077751827440
2025-09-23 00:00:00+00:00,3802.641016266341,0.628150,111998.8,74154.687236266341,0.9487201529938270903791729007
2025-09-24 00:00:00+00:00,3802.641016266341,0.628150,113307.0,74976.433066266341,0.9492821829373310298750867535
2025-09-25 00:00:00+00:00,3802.641016266341,0.628150,108994.49,72267.529909766341,0.9473810572879086813452267813
2025-09-26 00:00:00+00:00,37896.099057298082,0.314943,109643.46,72427.539280078082,0.4767722411394724477772889996
2025-09-27 00:00:00+00:00,37896.099057298082,0.314943,109635.85,72425.142563848082,0.4767549263173367228181391138
2025-09-28 00:00:00+00:00,37896.099057298082,0.314943,112163.95,73221.349962148082,0.4824446820921965594200310785
2025-09-29 00:00:00+00:00,37896.099057298082,0.314943,114311.96,73897.850675578082,0.4871826621363148120046038790
2025-09-30 00:00:00+00:00,37896.099057298082,0.314943,114048.93,73815.011218288082,0.4866071489817898795852896948
2025-10-01 00:00:00+00:00,37896.099057298082,0.314943,118594.99,75246.760992868082,0.4963756770754572495963864932
2025-10-02 00:00:00+00:00,3718.071069960203,0.602760,120529.35,76368.342075960203,0.9513139742347424198418789311
2025-10-03 00:00:00+00:00,3718.071069960203,0.602760,122232.0,77394.631389960203,0.9519595738982675854457923707
2025-10-04 00:00:00+00:00,3718.071069960203,0.602760,122391.0,77490.470229960203,0.9520189894457153237966997317
2025-10-05 00:00:00+00:00,3718.071069960203,0.602760,123482.31,78148.268245560203,0.9524228603725785588116802981
2025-10-06 00:00:00+00:00,3718.071069960203,0.602760,124658.54,78857.252640360203,0.9528506136662280294020345123
2025-10-07 00:00:00+00:00,3718.071069960203,0.602760,121332.95,76852.720011960203,0.9516208265708542486874217243
2025-10-08 00:00:00+00:00,3718.071069960203,0.602760,123306.0,78041.995629960203,0.9523580728561887108963138356
2025-10-09 00:00:00+00:00,40923.715655881952,0.300633,121662.4,77499.447955081952,0.4719482946562276953622505688
2025-10-10 00:00:00+00:00,40923.715655881952,0.300633,112774.5,74827.451914381952,0.4530922193808346084986941396
2025-10-11 00:00:00+00:00,40923.715655881952,0.300633,110644.4,74187.073561081952,0.4483713443395580642074477115
2025-10-12 00:00:00+00:00,40923.715655881952,0.300633,114958.8,75484.124576281952,0.4578500328963119359939733013
2025-10-13 00:00:00+00:00,40923.715655881952,0.300633,115166.0,75546.415733881952,0.4582970580624383093927148710
2025-10-14 00:00:00+00:00,40923.715655881952,0.300633,113028.14,74903.704468501952,0.4536489757580555607043183083
2025-10-15 00:00:00+00:00,40923.715655881952,0.300633,110763.28,74222.812812121952,0.4486369607216185196461141788
2025-10-16 00:00:00+00:00,40923.715655881952,0.300633,108194.28,73450.486635121952,0.4428394210758927104135033445
2025-10-17 00:00:00+00:00,40923.715655881952,0.300633,106431.68,72920.590909321952,0.4387906742723558264032863735
2025-10-18 00:00:00+00:00,40923.715655881952,0.300633,107185.01,73147.066767211952,0.4405282745496783503462647683
2025-10-19 00:00:00+00:00,40923.715655881952,0.300633,108642.78,73585.320535621952,0.4438603330392347550048703728
2025-10-20 00:00:00+00:00,40923.715655881952,0.300633,110532.09,74153.309468851952,0.4481201722618741464988979957
2025-10-21 00:00:00+00:00,40923.715655881952,0.300633,108297.67,73481.569080991952,0.4430750980456675187037718604
2025-10-22 00:00:00+00:00,40923.715655881952,0.300633,107567.44,73262.037845401952,0.4414062608763428927060612290
2025-10-23 00:00:00+00:00,40923.715655881952,0.300633,110078.18,74016.849143821952,0.4471027052723740804373672821
2025-10-24 00:00:00+00:00,3652.496106740549,0.638782,111004.89,74560.421750720549,0.9510129366092909550842114437
2025-10-25 00:00:00+00:00,3652.496106740549,0.638782,111646.27,74970.123749880549,0.9512806445548068262895553274
2025-10-26 00:00:00+00:00,3652.496106740549,0.638782,114559.4,76830.978757540549,0.9524606328618184358003437234
2025-10-27 00:00:00+00:00,3652.496106740549,0.638782,114107.65,76542.408989040549,0.9522814064127049020862555443
2025-10-28 00:00:00+00:00,3652.496106740549,0.638782,112898.45,75769.993794640549,0.9517949530702099438871419012
2025-10-29 00:00:00+00:00,3652.496106740549,0.638782,110021.29,73932.115775520549,0.9505966240999974666005880368
2025-10-30 00:00:00+00:00,3652.496106740549,0.638782,108322.88,72847.202038900549,0.9498608593808433589044832944
2025-10-31 00:00:00+00:00,3652.496106740549,0.638782,109608.01,73668.119950560549,0.9504195830001936034634588836
2025-11-01 00:00:00+00:00,3652.496106740549,0.638782,110098.1,73981.180620940549,0.9506293887704368251675699524
2025-11-02 00:00:00+00:00,3652.496106740549,0.638782,110540.68,74263.892758500549,0.9508173357055475744339505186
2025-11-03 00:00:00+00:00,3652.496106740549,0.638782,106583.04,71735.823564020549,0.9490840708968667061308311473
2025-11-04 00:00:00+00:00,37617.123958744454,0.319699,101497.22,70065.683695524454,0.4631162935309043202135636151
2025-11-05 00:00:00+00:00,37617.123958744454,0.319699,103885.16,70829.105725584454,0.4689030226572996556465537754
2025-11-06 00:00:00+00:00,37617.123958744454,0.319699,101346.04,70017.351600704454,0.4627456894789779073572353756
2025-11-07 00:00:00+00:00,37617.123958744454,0.319699,103339.08,70654.524495664454,0.4675907278796740201669011187
2025-11-08 00:00:00+00:00,37617.123958744454,0.319699,102312.94,70326.468563804454,0.4651071676574246169652548851
2025-11-09 00:00:00+00:00,37617.123958744454,0.319699,104722.96,71096.949547784454,0.4709038264227935372652808074
2025-11-10 00:00:00+00:00,37617.123958744454,0.319699,106011.13,71508.776208614454,0.4739509476570677399336024741
2025-11-11 00:00:00+00:00,37617.123958744454,0.319699,103058.99,70564.980002754454,0.4669151191245842311932464583
2025-11-12 00:00:00+00:00,28213.870342910354,0.410822,101654.37,69975.721935050354,0.5968048694217440871852455222
2025-11-13 00:00:00+00:00,28213.870342910354,0.410822,99692.02,69169.545383350354,0.5921055981133909346642348602
2025-11-14 00:00:00+00:00,28213.870342910354,0.410822,94594.0,67075.166610910354,0.5793693587587581959012077576
2025-11-15 00:00:00+00:00,28213.870342910354,0.410822,95596.24,67486.908852190354,0.5819356550363819917386605945
2025-11-16 00:00:00+00:00,28213.870342910354,0.410822,94261.44,66938.543646590354,0.5785108428431205820124931075
2025-11-17 00:00:00+00:00,28213.870342910354,0.410822,92215.14,66097.878587990354,0.5731501381643938307001196210
2025-11-18 00:00:00+00:00,28213.870342910354,0.410822,92960.83,66404.224445170354,0.5751193455138323333973294868
2025-11-19 00:00:00+00:00,28213.870342910354,0.410822,91554.96,65826.662120030354,0.5713914478685807012326056113
2025-11-20 00:00:00+00:00,49342.521279752306,0.179746,86637.23,64915.216823332306,0.2398928372366268815170440468
2025-11-21 00:00:00+00:00,49342.521279752306,0.179746,85129.43,64644.195804532306,0.2367060852771437151896920942
2025-11-22 00:00:00+00:00,32300.044236288296,0.379681,84739.74,64474.113459228296,0.4990230574211155363361254435
2025-11-23 00:00:00+00:00,32300.044236288296,0.379681,86830.0,65267.745466288296,0.5051147545310612742213348932
2025-11-24 00:00:00+00:00,48929.179510611296,0.187918,88300.01,65522.340789791296,0.2532443297838543705148237507
2025-11-25 00:00:00+00:00,48929.179510611296,0.187918,87369.96,65347.567653891296,0.2512471195598100136577216510
2025-11-26 00:00:00+00:00,48929.179510611296,0.187918,90484.02,65932.755580971296,0.2578926956795866692070873126
2025-11-27 00:00:00+00:00,48929.179510611296,0.187918,91333.95,66092.472726711296,0.2596860505895923157922706247
2025-11-28 00:00:00+00:00,48929.179510611296,0.187918,90890.7,66009.178073211296,0.2587518745295758708472382456
2025-11-29 00:00:00+00:00,48929.179510611296,0.187918,90802.44,65992.592430531296,0.2585655797335468480511379343
2025-11-30 00:00:00+00:00,48929.179510611296,0.187918,90360.0,65909.449990611296,0.2576302864372076310877143875
2025-12-01 00:00:00+00:00,48929.179510611296,0.187918,86286.01,65143.873937791296,0.2489058977773430133842667912
2025-12-02 00:00:00+00:00,32550.676184320886,0.377488,91277.88,67006.980549760886,0.5142196243248414379007682377
2025-12-03 00:00:00+00:00,46886.283766670690,0.220229,93429.95,67462.268225220690,0.3049998910480998665538805316
2025-12-04 00:00:00+00:00,47223.220727906405,0.216618,92078.06,67168.985928986405,0.2969490297526215169378262550
2025-12-05 00:00:00+00:00,47223.220727906405,0.216618,89330.04,66573.715332626405,0.2906626813305809543803923303
2025-12-06 00:00:00+00:00,47223.220727906405,0.216618,89236.79,66553.515704126405,0.2904473906706253300890576136
2025-12-07 00:00:00+00:00,47223.220727906405,0.216618,90395.31,66804.471989486405,0.2931128811954635330726394997
2025-12-08 00:00:00+00:00,47223.220727906405,0.216618,90634.34,66856.250190026405,0.2936603444901079621648421185
2025-12-09 00:00:00+00:00,47223.220727906405,0.216618,92678.8,67299.117026306405,0.2983084650360654316435225019
2025-12-10 00:00:00+00:00,47223.220727906405,0.216618,92015.37,67155.406146566405,0.2968068628035408666810352379
2025-12-11 00:00:00+00:00,47223.220727906405,0.216618,92513.38,67263.284076746405,0.2979346551972482682929461118
2025-12-12 00:00:00+00:00,47223.220727906405,0.216618,90268.42,66776.985331466405,0.2928219132160485101424452158
2025-12-13 00:00:00+00:00,47223.220727906405,0.216618,90240.01,66770.831214086405,0.2927567342018667288292668955
2025-12-14 00:00:00+00:00,47223.220727906405,0.216618,88172.17,66322.899848966405,0.2879801571486572273351534759
2025-12-15 00:00:00+00:00,47223.220727906405,0.216618,86432.08,65945.965033346405,0.2839103847517070881647383733
2025-12-16 00:00:00+00:00,47223.220727906405,0.216618,87863.42,66256.019041466405,0.2872614230210284969299726389
2025-12-17 00:00:00+00:00,47223.220727906405,0.216618,86243.22,65905.054557866405,0.2834658730698242421643541335
2025-12-18 00:00:00+00:00,47223.220727906405,0.216618,85516.41,65747.614429286405,0.2817500507383968885919723906
2025-12-19 00:00:00+00:00,47223.220727906405,0.216618,88136.94,66315.268396826405,0.2878982190748951616784075613
2025-12-20 00:00:00+00:00,47223.220727906405,0.216618,88360.9,66363.782164106405,0.2884187852474807722466585036
2025-12-21 00:00:00+00:00,47223.220727906405,0.216618,88658.86,66428.325663386405,0.2891101761739173700235298893
2025-12-22 00:00:00+00:00,47223.220727906405,0.216618,88620.79,66420.079016126405,0.2890219128399277510595647578
2025-12-23 00:00:00+00:00,47223.220727906405,0.216618,87486.0,66174.263075906405,0.2863808596744305030084658456
2025-12-24 00:00:00+00:00,47223.220727906405,0.216618,87669.45,66214.001648006405,0.2868091407774292292604275643
2025-12-25 00:00:00+00:00,47223.220727906405,0.216618,87225.27,66117.784264766405,0.2857712754135463275128889765
2025-12-26 00:00:00+00:00,47223.220727906405,0.216618,87369.56,66149.040075986405,0.2861087526945156640778111288
2025-12-27 00:00:00+00:00,47223.220727906405,0.216618,87877.01,66258.962880086405,0.2872930894893472326049585301
2025-12-28 00:00:00+00:00,46380.264647748405,0.226198,87952.71,66274.991744328405,0.3001845277224425315225779179
2025-12-29 00:00:00+00:00,46392.562019755185,0.226058,87237.13,66113.213153295185,0.2982860791807861510082218896
2025-12-30 00:00:00+00:00,46279.181021082023,0.227356,88485.49,66396.888085522023,0.3029917160956027861917623055
2025-12-31 00:00:00+00:00,46477.572723650273,0.225111,87648.22,66208.151176070273,0.2980082981013863020736454657
2026-01-01 00:00:00+00:00,46345.578446030081,0.226615,88839.04,66477.837495630081,0.3028416658547804529533689531
2026-01-02 00:00:00+00:00,46534.293456522926,0.224488,89995.13,66737.120199962926,0.3027224831234360504117065313
2026-01-03 00:00:00+00:00,46715.757433938968,0.222469,90628.01,66877.680190628968,0.3014746130430990673928085613
2026-01-04 00:00:00+00:00,46814.323034755211,0.221380,91529.73,67077.174662155211,0.3020826641768538096511523332
2026-01-05 00:00:00+00:00,46953.907252048337,0.219853,93859.71,67589.246074678337,0.3053050599178207410044460386
2026-01-06 00:00:00+00:00,47312.078974620854,0.216032,93747.97,67564.640429660854,0.2997508952352706144212282769
2026-01-07 00:00:00+00:00,47312.078974620854,0.216032,91364.16,67049.661187740854,0.2943725868778701080287262335
2026-01-08 00:00:00+00:00,47312.078974620854,0.216032,91099.99,66992.592014300854,0.2937714820092170329283954345
2026-01-09 00:00:00+00:00,47312.078974620854,0.216032,90641.28,66893.495975580854,0.2927252749371643130534059124
2026-01-10 00:00:00+00:00,47312.078974620854,0.216032,90504.7,66863.990325020854,0.2924131697100281012245864205
2026-01-11 00:00:00+00:00,47312.078974620854,0.216032,91013.65,66973.939811420854,0.2935747977819743717160349415
2026-01-12 00:00:00+00:00,47312.078974620854,0.216032,91296.2,67034.979653020854,0.2942180452725953835814448427
2026-01-13 00:00:00+00:00,47312.078974620854,0.216032,95414.0,67924.556222620854,0.3034613458561757257494447039
2026-01-14 00:00:00+00:00,47546.968705839899,0.213567,96951.78,68252.669505099899,0.3033683656536372101221825653
2026-01-15 00:00:00+00:00,47776.639367491091,0.211195,95604.8,67967.895103491091,0.2970704875479202517565656309
2026-01-16 00:00:00+00:00,47776.639367491091,0.211195,95550.94,67956.520140791091,0.2969528270648892483311375411
2026-01-17 00:00:00+00:00,47776.639367491091,0.211195,95147.77,67871.372652641091,0.2960708248526641520505486989
2026-01-18 00:00:00+00:00,47776.639367491091,0.211195,93673.14,67559.938169791091,0.2928258867345433801064093946
2026-01-19 00:00:00+00:00,47776.639367491091,0.211195,92631.0,67339.843412491091,0.2905145461233899508526186875
2026-01-20 00:00:00+00:00,47137.118393562226,0.218090,88427.66,66422.306762962226,0.2903420448528237962364286786
2026-01-21 00:00:00+00:00,47137.118393562226,0.218090,89454.73,66646.300459262226,0.2927271571154208742648889790
2026-01-22 00:00:00+00:00,47137.118393562226,0.218090,89559.67,66669.186823862226,0.2929699514995296868704146804
2026-01-23 00:00:00+00:00,47137.118393562226,0.218090,89600.26,66678.039096962226,0.2930638178333930885822198370
2026-01-24 00:00:00+00:00,47137.118393562226,0.218090,89225.34,66596.272794162226,0.2921958479680228189012955759
2026-01-25 00:00:00+00:00,47137.118393562226,0.218090,86670.36,66039.057205962226,0.2862236320765262230154748691
2026-01-26 00:00:00+00:00,47137.118393562226,0.218090,88347.08,66404.733070762226,0.2901542372991401122775483153
2026-01-27 00:00:00+00:00,47137.118393562226,0.218090,89250.0,66601.650893562226,0.2922530033242983588898256806
2026-01-28 00:00:00+00:00,47137.118393562226,0.218090,89299.99,66612.553212662226,0.2923688386020003162146312678
2026-01-29 00:00:00+00:00,46628.162009282226,0.223782,84650.16,65571.344114402226,0.2888942168406653143315348351
2026-01-30 00:00:00+00:00,46628.162009282226,0.223782,84260.49,65484.142982462226,0.2879472818057640970001516647
2026-01-31 00:00:00+00:00,46628.162009282226,0.223782,78741.09,64249.000611662226,0.2742585633181278566401339952
2026-02-01 00:00:00+00:00,44972.212746861936,0.244785,76968.21,63812.876031711936,0.2952486152714241371666742482
2026-02-02 00:00:00+00:00,44972.212746861936,0.244785,78738.61,64246.243395711936,0.3000024535307916496935143848
2026-02-03 00:00:00+00:00,44972.212746861936,0.244785,75770.21,63519.623601711936,0.2919949742011714831988699520
2026-02-04 00:00:00+00:00,44972.212746861936,0.244785,73165.83,62882.110443411936,0.2848170579876966105598425646
2026-02-05 00:00:00+00:00,44972.212746861936,0.244785,62909.86,60371.602826961936,0.2550767142001841626878977514
2026-02-06 00:00:00+00:00,44972.212746861936,0.244785,70580.26,62249.201690961936,0.2775455503810657614788222536
2026-02-07 00:00:00+00:00,44972.212746861936,0.244785,69289.38,61933.213630161936,0.2738595317301582156389992111
2026-02-08 00:00:00+00:00,44972.212746861936,0.244785,70330.38,62188.034815161936,0.2768349589992614796229350119
2026-02-09 00:00:00+00:00,44972.212746861936,0.244785,70138.0,62140.943076861936,0.2762869290342769942022099643
2026-02-10 00:00:00+00:00,44972.212746861936,0.244785,68841.29,61823.527919511936,0.2725712320168582221178275957
2026-02-11 00:00:00+00:00,44972.212746861936,0.244785,67082.52,61393.007405061936,0.2674701134912326090673747312
2026-02-12 00:00:00+00:00,44972.212746861936,0.244785,66272.17,61194.645880311936,0.2650956288754212679808895169
2026-02-13 00:00:00+00:00,44972.212746861936,0.244785,68853.96,61826.629345461936,0.2726077222231282982005678189
2026-02-14 00:00:00+00:00,44972.212746861936,0.244785,69822.95,62063.823562611936,0.2753876547503949025244662599
2026-02-15 00:00:00+00:00,44972.212746861936,0.244785,68832.58,61821.395842161936,0.2725461446764831358127209629
2026-02-16 00:00:00+00:00,44972.212746861936,0.244785,68892.43,61836.046224411936,0.2727184952341343833902499157
2026-02-17 00:00:00+00:00,44972.212746861936,0.244785,67503.52,61496.061890061936,0.2686976797431370924572781462
2026-02-18 00:00:00+00:00,44972.212746861936,0.244785,66461.0,61240.868631861936,0.2656503124212034240686065556
2026-02-19 00:00:00+00:00,44972.212746861936,0.244785,67003.73,61373.720794911936,0.2672399169484561183846039432
2026-02-20 00:00:00+00:00,44972.212746861936,0.244785,68020.01,61622.490894711936,0.2701980706411013432471725179
2026-02-21 00:00:00+00:00,44972.212746861936,0.244785,67975.93,61611.700771911936,0.2700702596516496544694015848
2026-02-22 00:00:00+00:00,44972.212746861936,0.244785,67643.4,61530.302415861936,0.2691046365592293834979469126
2026-02-23 00:00:00+00:00,43068.759280846015,0.272888,64656.02,60712.611266606015,0.2906126357879901304840532464
2026-02-24 00:00:00+00:00,42498.140367212233,0.281702,64058.15,60543.449338512233,0.2980555149807299889028148939
2026-02-25 00:00:00+00:00,42380.312568394218,0.283539,67988.04,61657.573441954218,0.3126503330804614469010178223
2026-02-26 00:00:00+00:00,43159.325316496422,0.272066,67485.18,61519.748298376422,0.2984476284400622784031686201
2026-02-27 00:00:00+00:00,43159.325316496422,0.272066,65872.1,61080.884075096422,0.2934069968038803163075235213
2026-02-28 00:00:00+00:00,43159.325316496422,0.272066,66973.26,61380.472271656422,0.2968557634180008498433736179
2026-03-01 00:00:00+00:00,43159.325316496422,0.272066,65776.47,61054.866403516422,0.2931058921453854166902302733
2026-03-02 00:00:00+00:00,43159.325316496422,0.272066,68830.06,61885.644420456422,0.3025955256558656474436224104
2026-03-03 00:00:00+00:00,43319.765832368370,0.269732,68338.0,61752.711248368370,0.2984961314793613250949474760
2026-03-04 00:00:00+00:00,43319.765832368370,0.269732,72666.77,62920.319038008370,0.3115138878078457436310980889
2026-03-05 00:00:00+00:00,44043.311695262400,0.259762,70890.72,62458.026903902400,0.2948334444982193628372552505
2026-03-06 00:00:00+00:00,44043.311695262400,0.259762,68114.02,61736.745758502400,0.2865948609026457448911023111
2026-03-07 00:00:00+00:00,44043.311695262400,0.259762,67262.91,61515.659722682400,0.2840308972737473150381894368
2026-03-08 00:00:00+00:00,44043.311695262400,0.259762,65971.2,61180.122549662400,0.2801042256901226685527942836
2026-03-09 00:00:00+00:00,44043.311695262400,0.259762,68432.16,61819.386441182400,0.2875485469729292026609639788
2026-03-10 00:00:00+00:00,44043.311695262400,0.259762,69948.63,62213.307721322400,0.2920596362992059271423983705
2026-03-11 00:00:00+00:00,44043.311695262400,0.259762,70191.86,62276.489632582400,0.2927778692230686418430734459
2026-03-12 00:00:00+00:00,44043.311695262400,0.259762,70541.34,62367.271256342400,0.2938072997576682751214157815
2026-03-13 00:00:00+00:00,44043.311695262400,0.259762,70930.0,62468.230355262400,0.2949486251685991990793247047
2026-03-14 00:00:00+00:00,44043.311695262400,0.259762,71211.95,62541.470251162400,0.2957742835531787321996605131
2026-03-15 00:00:00+00:00,44043.311695262400,0.259762,72815.24,62957.944068142400,0.3004328151568575196238198654
2026-03-16 00:00:00+00:00,44070.581916578025,0.259387,74884.67,63494.691813868025,0.3059170671184757914719778160
2026-03-17 00:00:00+00:00,44445.864687981747,0.254369,73909.36,63246.114681821747,0.2972554138451066642121504383
2026-03-18 00:00:00+00:00,44445.864687981747,0.254369,71246.54,62568.775821241747,0.2896478458366668848848169203
2026-03-19 00:00:00+00:00,44445.864687981747,0.254369,69930.0,62233.888857981747,0.2858253677605206287595438888
2026-03-20 00:00:00+00:00,44445.864687981747,0.254369,70510.73,62381.608567351747,0.2875165339798068712042772110
2026-03-21 00:00:00+00:00,44445.864687981747,0.254369,68918.12,61976.497954261747,0.2828593716156323240847975953
2026-03-22 00:00:00+00:00,44445.864687981747,0.254369,67859.0,61707.090658981747,0.2797284037646903751517525728
2026-03-23 00:00:00+00:00,44445.864687981747,0.254369,70906.45,62482.267468031747,0.2886643444762643224543086621
2026-03-24 00:00:00+00:00,44445.864687981747,0.254369,70556.74,62393.312085041747,0.2876501791185203671011743683
2026-03-25 00:00:00+00:00,44445.864687981747,0.254369,71336.53,62591.666487551747,0.2899076317640279404739839624
2026-03-26 00:00:00+00:00,44445.864687981747,0.254369,68820.31,61951.618122371747,0.2825713672209698888088989003
2026-03-27 00:00:00+00:00,44445.864687981747,0.254369,66407.28,61337.818094301747,0.2753921468212325297368301519
2026-03-28 00:00:00+00:00,44445.864687981747,0.254369,66377.03,61330.123432051747,0.2753012353346433093311948613
2026-03-29 00:00:00+00:00,44445.864687981747,0.254369,66010.93,61236.998941151747,0.2741991695136161407897726928
2026-03-30 00:00:00+00:00,44445.864687981747,0.254369,66797.37,61437.044897511747,0.2765624589834098184018099873
2026-03-31 00:00:00+00:00,44445.864687981747,0.254369,68284.48,61815.319581101747,0.2809894862766382979599759045
2026-04-01 00:00:00+00:00,44445.864687981747,0.254369,68113.92,61771.934404461747,0.2804844932171745159698568749
2026-04-02 00:00:00+00:00,44445.864687981747,0.254369,66901.99,61463.656982291747,0.2768756876801682126885063444
2026-04-03 00:00:00+00:00,44445.864687981747,0.254369,66964.3,61479.506714681747,0.2770621128395007788181390525
2026-04-04 00:00:00+00:00,44445.864687981747,0.254369,67300.42,61565.005222961747,0.2780660940900093791956182505
2026-04-05 00:00:00+00:00,44445.864687981747,0.254369,69034.18,62006.020020401747,0.2832008138345632995949931911
2026-04-06 00:00:00+00:00,44445.864687981747,0.254369,68853.66,61960.101328521747,0.2826695932544863250022258182
2026-04-07 00:00:00+00:00,43370.695955605737,0.269964,71924.22,62787.646083685737,0.3092479387139367883451685336
2026-04-08 00:00:00+00:00,43950.657176887773,0.261890,71069.93,62563.161144587773,0.2974994170241049972472837670
2026-04-09 00:00:00+00:00,43794.028908567064,0.264091,71787.97,62752.585693837064,0.3021159459112442794405914046
2026-04-10 00:00:00+00:00,43926.664021475164,0.262241,72962.7,63060.475432175164,0.3034200310030870896604529623
2026-04-11 00:00:00+00:00,44142.061411133176,0.259285,73043.16,63081.057151733176,0.3002326941833701323761985065
2026-04-12 00:00:00+00:00,44156.724000115468,0.259084,70740.98,62484.580062435468,0.2933180641368886434502615122
2026-04-13 00:00:00+00:00,44156.724000115468,0.259084,74417.99,63437.234521275468,0.3039305018047994562976739934
2026-04-14 00:00:00+00:00,44405.774530982068,0.255733,74131.55,63363.658207132068,0.2991917482759248913797281501
2026-04-15 00:00:00+00:00,44354.557265481718,0.256423,74809.99,63537.559331251718,0.3019159418094709238676406784
2026-04-16 00:00:00+00:00,44476.189601338882,0.254795,75154.29,63625.126921888882,0.3009650156621096230150533592
2026-04-17 00:00:00+00:00,44537.510826738094,0.253978,77072.0,64112.103242738094,0.3053182071080657008410858048
2026-04-18 00:00:00+00:00,44878.034142434182,0.249554,75691.76,63767.215617474182,0.2962208917565436591721570545
2026-04-19 00:00:00+00:00,44636.794065420478,0.252737,73801.79,63289.237064650478,0.2947174569378419830535182389
2026-04-20 00:00:00+00:00,44302.037292620278,0.257267,75840.97,63813.416121610278,0.3057566890292606189079748685
2026-04-21 00:00:00+00:00,44668.933365543994,0.252423,76336.15,63937.933356993994,0.3013703912490036291081781753
2026-04-22 00:00:00+00:00,44756.453330208658,0.251275,78178.23,64400.688073458658,0.3050314419132106108750048766
2026-04-23 00:00:00+00:00,45080.080788770188,0.247130,78257.48,64419.851821170188,0.3002144600718315132783468055
2026-04-24 00:00:00+00:00,45093.914355684040,0.246953,77437.13,64217.245920574040,0.2977912131040679162783650697
2026-04-25 00:00:00+00:00,44951.942647053501,0.248784,77625.0,64263.800647053501,0.3005091171943539541230673653
2026-04-26 00:00:00+00:00,44984.657811978501,0.248362,78657.55,64520.204245078501,0.3027818442560206331604128685
2026-04-27 00:00:00+00:00,45163.920995590671,0.246080,77371.32,64203.455421190671,0.2965499956458092223992390328
2026-04-28 00:00:00+00:00,45163.920995590671,0.246080,76342.77,63950.349837190671,0.2937658494351918453872201377
2026-04-29 00:00:00+00:00,44764.740737834363,0.251302,75780.0,63808.406297834363,0.2984507318849356052267849274
2026-04-30 00:00:00+00:00,44665.795155578363,0.252606,76346.57,63951.396816998363,0.3015665430515485227455524552
2026-05-01 00:00:00+00:00,44765.907899140961,0.251293,78231.13,64424.843250230961,0.3051452570048670370074497450
2026-05-02 00:00:00+00:00,45097.020421493339,0.247055,78686.85,64537.000148243339,0.3012222396779492292651118208
2026-05-03 00:00:00+00:00,45175.840722242663,0.246052,78568.57,64507.794507882663,0.2996839983930576332783317392
2026-05-04 00:00:00+00:00,45155.465005981777,0.246311,79861.01,64826.110240091777,0.3034370743710713724233694849
2026-05-05 00:00:00+00:00,45377.987567998507,0.243521,80905.52,65080.180703918507,0.3027372223435409434117671159
2026-05-06 00:00:00+00:00,45555.909944888329,0.241319,81447.01,65210.620951078329,0.3014035247561154811937619304
2026-05-07 00:00:00+00:00,45647.337373757317,0.240195,80006.0,64864.378543757317,0.2962649392691898086468571222
2026-05-08 00:00:00+00:00,45404.764270138917,0.243223,80193.17,64909.587657048917,0.3004921782890397945101004887
2026-05-09 00:00:00+00:00,45436.719752756451,0.242824,80678.4,65027.371554356451,0.3012677789878705574554398904
2026-05-10 00:00:00+00:00,45519.065898440925,0.241802,82210.07,65397.625244580925,0.3039645441527283387420011298
2026-05-11 00:00:00+00:00,45778.019381491911,0.238648,81745.65,65286.455262691911,0.2988129130721566186063908198
2026-05-12 00:00:00+00:00,45700.423752460527,0.239596,80504.47,64988.972746580527,0.2967972592724954283041240679
2026-05-13 00:00:00+00:00,45492.049162239092,0.242181,79313.61,64700.298545649092,0.2968803825512131154066387775
2026-05-14 00:00:00+00:00,45290.013032428100,0.244725,81089.99,65134.760835178100,0.3046721527536831384696765354
2026-05-15 00:00:00+00:00,45593.948172427100,0.240972,79113.21,64658.016612547100,0.2948446215781471256666544609
2026-05-16 00:00:00+00:00,45260.210965742020,0.245185,78148.05,64420.940604992020,0.2974301439765879912139313473
2026-05-17 00:00:00+00:00,45094.478223001150,0.247303,77457.67,64249.992387011150,0.2981403335992067770590126474
2026-05-18 00:00:00+00:00,44974.883224215868,0.248845,77001.87,64136.413564365868,0.2987621114941189745224568148
2026-05-19 00:00:00+00:00,44895.391080316104,0.249876,76834.36,64094.453619676104,0.2995432748874569604071608554
2026-05-20 00:00:00+00:00,44866.156067342264,0.250256,77552.23,64274.066938222264,0.3019555443649478397487128875
2026-05-21 00:00:00+00:00,44991.704822546912,0.248635,77615.52,64289.639637746912,0.3001717683274964676588046024
2026-05-22 00:00:00+00:00,45002.789413181744,0.248492,75539.5,63773.750847181744,0.2943367950707499657553686371
2026-05-23 00:00:00+00:00,44641.165563027394,0.253273,76752.01,64080.377391757394,0.3033567001312706026079398817
2026-05-24 00:00:00+00:00,44856.021742414594,0.250470,77064.96,64158.482273614594,0.3008559405891402474767758747
2026-05-25 00:00:00+00:00,44910.897627383170,0.249757,77322.01,64222.610878953170,0.3006995976536789056778347017
2026-05-26 00:00:00+00:00,44955.840535370404,0.249175,75930.01,63875.700777120404,0.2961980848987709661019888270
2026-05-27 00:00:00+00:00,44712.700691966830,0.252373,74449.3,63501.693880866830,0.2958817637864799711496603871
2026-05-28 00:00:00+00:00,44450.894809477094,0.255885,73617.51,63288.511355827094,0.2976466998953291812720149674
2026-05-29 00:00:00+00:00,44301.772959801246,0.257908,73460.78,63247.895808041246,0.2995534097409643364314755511
2026-05-30 00:00:00+00:00,44273.527348659870,0.258292,73884.38,63357.271627619870,0.3012084294147644820087238246
2026-05-31 00:00:00+00:00,44350.045847187192,0.257255,73674.39,63303.151046637192,0.2994022396371188578719197959
2026-06-01 00:00:00+00:00,44312.201751666501,0.257768,71408.9,62719.131086866501,0.2934818932632573436861770724
2026-06-02 00:00:00+00:00,43902.925840159821,0.263492,66760.83,61493.870458519821,0.2860601306633614064783842136
2026-06-03 00:00:00+00:00,43902.925840159821,0.263492,64142.75,60804.027323159821,0.2779602310415134427117117142
2026-06-04 00:00:00+00:00,43902.925840159821,0.263492,63885.99,60736.373117239821,0.2771559514195272389164550640
2026-06-05 00:00:00+00:00,42513.710159671542,0.285209,61056.47,59927.564911901542,0.2905817177425747442952517080
2026-06-06 00:00:00+00:00,41948.570423180258,0.294453,60884.62,59876.229436040258,0.2994119566598680282578638463
2026-06-07 00:00:00+00:00,41913.333364116790,0.295031,63332.01,60598.239606426790,0.3083407432899809649657113675
2026-06-08 00:00:00+00:00,42418.129047323437,0.287050,63085.99,60526.962476823437,0.2991862252534828325197970382
2026-06-09 00:00:00+00:00,42418.129047323437,0.287050,61730.0,60137.725547323437,0.2946502605266661932356042562
2026-06-10 00:00:00+00:00,42418.129047323437,0.287050,61510.99,60074.858726823437,0.2939121298610106676977895513
2026-06-11 00:00:00+00:00,42418.129047323437,0.287050,63625.99,60681.969476823437,0.3009763952449763250665108065
2026-06-12 00:00:00+00:00,42477.351390061837,0.286118,63580.01,60668.736691241837,0.2998477682790799833775739719
2026-06-13 00:00:00+00:00,42477.351390061837,0.286118,64458.01,60919.948295241837,0.3027349402169545536424482673
2026-06-14 00:00:00+00:00,42643.758734769232,0.283533,65746.45,61285.046942619232,0.3041735160177605795808462658
2026-06-15 00:00:00+00:00,42899.245606451197,0.279642,66328.74,61447.547117531197,0.3018558491131065123280706912
2026-06-16 00:00:00+00:00,43013.182728188557,0.277922,65675.01,61265.712857408557,0.2979240635247552268332944075
2026-06-17 00:00:00+00:00,42885.870598578221,0.279858,64509.4,60939.342263778221,0.2962531427900037553604341975
2026-06-18 00:00:00+00:00,42657.275043581641,0.283397,62958.01,60499.386203551641,0.2949139202824271236863259325
2026-06-19 00:00:00+00:00,42349.199270178310,0.288284,63543.91,60667.891820618310,0.3019503727705648345868668435
2026-06-20 00:00:00+00:00,42467.427658906900,0.286421,64298.01,60883.727981116900,0.3024831253421574169070016987
2026-06-21 00:00:00+00:00,42618.459980831524,0.284069,63311.99,60603.433668141524,0.2967649289608565259717479106
2026-06-22 00:00:00+00:00,42422.191210693924,0.287165,64020.01,60806.497382343924,0.3023411471318878872258114075
2026-06-23 00:00:00+00:00,42564.386618281012,0.284941,62734.57,60440.037728651012,0.2957584373230167833458680696
2026-06-24 00:00:00+00:00,42307.719931772086,0.289027,61077.99,59960.908147502086,0.2944116218570884822730879088
2026-06-25 00:00:00+00:00,41972.210427691686,0.294513,59794.0,59582.320749691686,0.2955593219670135973478833959
2026-06-26 00:00:00+00:00,41972.210427691686,0.294513,60097.27,59671.637707201686,0.2966137340885128920101188030
2026-06-27 00:00:00+00:00,41972.210427691686,0.294513,60029.0,59651.531304691686,0.2963766476789422140342904210
2026-06-28 00:00:00+00:00,41972.210427691686,0.294513,59577.01,59518.414373821686,0.2948029467977131479059668846
2026-06-29 00:00:00+00:00,41972.210427691686,0.294513,60260.21,59719.625655421686,0.2971789429848642911800329254
2026-06-30 00:00:00+00:00,41972.210427691686,0.294513,58624.71,59237.949643921686,0.2914641597154200404114843237
2026-07-01 00:00:00+00:00,41972.210427691686,0.294513,60024.0,59650.058739691686,0.2963592775179783790148984853
2026-07-02 00:00:00+00:00,41972.210427691686,0.294513,61560.0,60102.430707691686,0.3016553584692168149272096510
2026-07-03 00:00:00+00:00,42071.623542415686,0.292896,62583.26,60402.010063375686,0.3034731212045291665145219135
2026-07-04 00:00:00+00:00,42281.192419023672,0.289543,63144.01,60564.098506453672,0.3018769623968197116041377507
2026-07-05 00:00:00+00:00,42394.766941963059,0.287742,63650.0,60709.545241963059,0.3016787265825315027623096439
2026-07-06 00:00:00+00:00,42496.601700472233,0.286140,64042.02,60821.585303272233,0.3012907919355746606629847039
2026-07-07 00:00:00+00:00,42575.208140052972,0.284911,63363.99,60628.305894942972,0.2977668184588976803064121641
2026-07-08 00:00:00+00:00,42439.686686897772,0.287047,62290.0,60319.844316897772,0.2964224764252437000685503578
2026-07-09 00:00:00+00:00,42223.633587884740,0.290511,63230.0,60592.644117884740,0.3031557839638514409096457895
2026-07-10 00:00:00+00:00,42414.655716120415,0.287486,64161.72,60860.251952040415,0.3030811678278237663284368143
2026-07-11 00:00:00+00:00,42601.956615560587,0.284563,63819.0,60762.482712560587,0.2988772888512326342297393066
2026-07-12 00:00:00+00:00,42533.709306567103,0.285631,63780.0,60751.254486567103,0.2998710945800820874698398357
2026-07-13 00:00:00+00:00,42525.918031059103,0.285753,62334.52,60338.194124619103,0.2952073119187413794593394758
2026-07-14 00:00:00+00:00,42236.372271989339,0.290392,65043.98,61124.623712149339,0.3090121508004589421268879395
2026-07-15 00:00:00+00:00,42786.578667915449,0.281922,64756.28,61042.798638075449,0.2990724602651602836549725809
2026-07-16 00:00:00+00:00,42729.908103110113,0.282796,63830.2,60780.833342310113,0.2969838392563561678232163127
2026-07-17 00:00:00+00:00,42546.349452275393,0.285668,63931.67,60809.581757835393,0.3003347791190285398408321993
2026-07-18 00:00:00+00:00,42566.717142541844,0.285349,64834.22,61067.096985321844,0.3029516835756376641251809863
2026-07-19 00:00:00+00:00,42746.786685432431,0.282568,64722.54,61035.305368152431,0.2996383580356878706236189968
2026-07-20 00:00:00+00:00,42724.687604376016,0.282909,65255.51,61186.058682966016,0.3017251229442170446031658848
2026-07-21 00:00:00+00:00,42830.133761116282,0.281291,66556.16,61551.782563676282,0.3041609523362245671057536904
2026-07-22 00:00:00+00:00,43085.975355458527,0.277442,66114.49,61428.911690038527,0.2986042863193771758755534833
2026-07-23 00:00:00+00:00,43000.179573748927,0.278738,65098.97,61145.736273608927,0.2967591496267875080149860241
2026-07-24 00:00:00+00:00,42801.760668945271,0.281782,64139.99,60875.255331125271,0.2968939442450123987753542726
2026-07-25 00:00:00+00:00,42612.494362191271,0.284729,64375.0,60941.923737191271,0.3007688016880574117497738152
2026-07-26 00:00:00+00:00,42659.298444961807,0.284001,65399.99,61232.961004951807,0.3033278524369902513289785972
2026-07-27 00:00:00+00:00,42862.819922641807,0.280885,63755.86,60770.884658741807,0.2946816528451499161183709796
2026-07-28 00:00:00+00:00,42862.819922641807,0.280885,63915.0,60815.584697641807,0.2952000686050485137469038454
2026-07-29 00:00:00+00:00,42862.819922641807,0.280885,63984.28,60835.044410441807,0.2954255176760456800381926324
2026-07-30 00:00:00+00:00,42584.190497451434,0.285234,64780.02,61061.654722131434,0.3026033982990466333099377533
2026-07-31 00:00:00+00:00,42742.954029819728,0.282780,62887.88,60526.388736219728,0.2938129149568471799041244205
2026-08-01 00:00:00+00:00,42742.954029819728,0.282780,62823.64,60508.222949019728,0.2936009033708997521426829251
2026-08-02 00:00:00+00:00,42355.268538068293,0.288943,63570.0,60723.375048068293,0.3024882344807070904067612963
2026-08-03 00:00:00+00:00,42506.178014150392,0.286566,63520.0,60708.850334150392,0.2998355630160978025877646662
2026-08-04 00:00:00+00:00,42496.192409718392,0.286723,64136.0,60885.458737718392,0.3020305128555744086092005589
