timestamp,regime_id,regime_label,regime_probability,is_confirmed,consecutive_bars,is_flickering,trend_gate_raw_state,trend_gate_confirmed_state,trend_gate_cap,strategy_target_allocation_pct,final_allocation_pct
2021-02-19 12:00:00+00:00,2,EUPHORIA,1.0,True,1,False,BULL_STRUCTURE,BULL_STRUCTURE,1.0,0.95,0.95
2021-02-20 12:00:00+00:00,2,EUPHORIA,1.0,True,2,False,BULL_STRUCTURE,BULL_STRUCTURE,1.0,0.9519260700505992365467259623,0.9519260700505992365467259623
2021-02-21 12:00:00+00:00,2,EUPHORIA,1.0,True,3,False,BULL_STRUCTURE,BULL_STRUCTURE,1.0,0.9496153483985436355584035508,0.9496153483985436355584035508
2021-02-22 12:00:00+00:00,2,EUPHORIA,0.999999999998181,True,4,False,BULL_STRUCTURE,BULL_STRUCTURE,1.0,0.9412738820554640522889524817,0.9412738820554640522889524817
2021-02-23 12:00:00+00:00,2,EUPHORIA,0.999999999958618,True,5,False,BULL_STRUCTURE,BULL_STRUCTURE,1.0,0.9456747622290354759854047310,0.9456747622290354759854047310
2021-02-24 12:00:00+00:00,2,EUPHORIA,0.9999997857419433,True,6,False,BULL_STRUCTURE,BULL_STRUCTURE,1.0,0.9456081474563471265512263319,0.9456081474563471265512263319
2021-02-25 12:00:00+00:00,2,EUPHORIA,0.00010275287801971582,False,6,False,BULL_STRUCTURE,BULL_STRUCTURE,1.0,0.475,0.475
2021-02-26 12:00:00+00:00,2,EUPHORIA,1.2882934444760386e-05,False,6,False,BULL_STRUCTURE,BULL_STRUCTURE,1.0,0.4799291887661113127036356770,0.4799291887661113127036356770
2021-02-27 12:00:00+00:00,0,STRONG_BEAR,1.0,True,3,False,BULL_STRUCTURE,BULL_STRUCTURE,1.0,0.95,0.95
2021-02-28 12:00:00+00:00,0,STRONG_BEAR,1.0,True,4,False,BULL_STRUCTURE,BULL_STRUCTURE,1.0,0.9529944876274217347878518597,0.9529944876274217347878518597
2021-03-01 12:00:00+00:00,0,STRONG_BEAR,1.0,True,5,False,BULL_STRUCTURE,BULL_STRUCTURE,1.0,0.9540240126482804222444550239,0.9540240126482804222444550239
2021-03-02 12:00:00+00:00,0,STRONG_BEAR,1.0,True,6,False,BULL_STRUCTURE,BULL_STRUCTURE,1.0,0.9564259550670561130582790484,0.9564259550670561130582790484
2021-03-03 12:00:00+00:00,0,STRONG_BEAR,1.0,True,7,False,BULL_STRUCTURE,BULL_STRUCTURE,1.0,0.9544503367099370391743068346,0.9544503367099370391743068346
2021-03-04 12:00:00+00:00,0,STRONG_BEAR,1.0,True,8,False,BULL_STRUCTURE,BULL_STRUCTURE,1.0,0.9527644157419761426374084796,0.9527644157419761426374084796
2021-03-05 12:00:00+00:00,0,STRONG_BEAR,1.0,True,9,False,BULL_STRUCTURE,BULL_STRUCTURE,1.0,0.9534114955857083199633839732,0.9534114955857083199633839732
2021-03-06 12:00:00+00:00,0,STRONG_BEAR,0.9999999999836291,True,10,False,BULL_STRUCTURE,BULL_STRUCTURE,1.0,0.9556369077184371975805493417,0.9556369077184371975805493417
2021-03-07 12:00:00+00:00,0,STRONG_BEAR,0.9960736961312168,True,11,False,BULL_STRUCTURE,BULL_STRUCTURE,1.0,0.9554617240873455538461320722,0.9554617240873455538461320722
2021-03-08 12:00:00+00:00,0,STRONG_BEAR,0.9999999999997726,True,12,False,BULL_STRUCTURE,BULL_STRUCTURE,1.0,0.9584026236343227234619470214,0.9584026236343227234619470214
2021-03-09 12:00:00+00:00,0,STRONG_BEAR,1.0,True,13,False,BULL_STRUCTURE,BULL_STRUCTURE,1.0,0.9588571513767202538594898208,0.9588571513767202538594898208
2021-03-10 12:00:00+00:00,0,STRONG_BEAR,1.0,True,14,False,BULL_STRUCTURE,BULL_STRUCTURE,1.0,0.9598185381853597599413516108,0.9598185381853597599413516108
2021-03-11 12:00:00+00:00,0,STRONG_BEAR,0.9999999930494141,True,15,False,BULL_STRUCTURE,BULL_STRUCTURE,1.0,0.9600046920559585980021702250,0.9600046920559585980021702250
2021-03-12 12:00:00+00:00,0,STRONG_BEAR,1.0,True,16,False,BULL_STRUCTURE,BULL_STRUCTURE,1.0,0.9621584876864085975810789302,0.9621584876864085975810789302
2021-03-13 12:00:00+00:00,0,STRONG_BEAR,0.9999999941032911,True,17,False,BULL_STRUCTURE,BULL_STRUCTURE,1.0,0.9624354167655621635055381399,0.9624354167655621635055381399
2021-03-14 12:00:00+00:00,0,STRONG_BEAR,0.9999999360836702,True,18,False,BULL_STRUCTURE,BULL_STRUCTURE,1.0,0.9597659630498414782139906642,0.9597659630498414782139906642
2021-03-15 12:00:00+00:00,0,STRONG_BEAR,0.9999999997464784,True,19,False,BULL_STRUCTURE,BULL_STRUCTURE,1.0,0.9592931190422249533389839059,0.9592931190422249533389839059
2021-03-16 12:00:00+00:00,0,STRONG_BEAR,0.9999999985941486,True,20,False,BULL_STRUCTURE,BULL_STRUCTURE,1.0,0.9588438648427910902862498170,0.9588438648427910902862498170
2021-03-17 12:00:00+00:00,0,STRONG_BEAR,1.0,True,21,False,BULL_STRUCTURE,BULL_STRUCTURE,1.0,0.9611084969542901596277272255,0.9611084969542901596277272255
2021-03-18 12:00:00+00:00,0,STRONG_BEAR,0.9999999999827196,True,22,False,BULL_STRUCTURE,BULL_STRUCTURE,1.0,0.9615286267253077178750199281,0.9615286267253077178750199281
2021-03-19 12:00:00+00:00,0,STRONG_BEAR,0.999999905650161,True,23,False,BULL_STRUCTURE,BULL_STRUCTURE,1.0,0.9617854133800545804438043456,0.9617854133800545804438043456
2021-03-20 12:00:00+00:00,0,STRONG_BEAR,0.9999981916062533,True,24,False,BULL_STRUCTURE,BULL_STRUCTURE,1.0,0.9598461682174139630129576572,0.9598461682174139630129576572
2021-03-21 12:00:00+00:00,0,STRONG_BEAR,0.9999916306919732,True,25,False,BULL_STRUCTURE,BULL_STRUCTURE,1.0,0.9608128789828951852600317419,0.9608128789828951852600317419
2021-03-22 12:00:00+00:00,0,STRONG_BEAR,0.9999999999970441,True,26,False,BULL_STRUCTURE,BULL_STRUCTURE,1.0,0.9584147419387690896122819187,0.9584147419387690896122819187
2021-03-23 12:00:00+00:00,0,STRONG_BEAR,0.633759617414667,True,27,False,BULL_STRUCTURE,BULL_STRUCTURE,1.0,0.9600325553723706972056836740,0.9600325553723706972056836740
2021-03-24 12:00:00+00:00,0,STRONG_BEAR,0.0002843224757625091,False,27,False,BULL_STRUCTURE,BULL_STRUCTURE,1.0,0.475,0.475
2021-03-25 12:00:00+00:00,0,STRONG_BEAR,9.467345603445904e-13,False,27,False,BULL_STRUCTURE,BULL_STRUCTURE,1.0,0.4778991082745884458282966800,0.4778991082745884458282966800
2021-03-26 12:00:00+00:00,1,WEAK_BEAR,1.0,True,3,False,BULL_STRUCTURE,BULL_STRUCTURE,1.0,0.95,0.95
2021-03-27 12:00:00+00:00,1,WEAK_BEAR,1.0,True,4,False,BULL_STRUCTURE,BULL_STRUCTURE,1.0,0.9517013741349676601769412496,0.9517013741349676601769412496
2021-03-28 12:00:00+00:00,1,WEAK_BEAR,1.0,True,5,False,BULL_STRUCTURE,BULL_STRUCTURE,1.0,0.9533466974495039643260887073,0.9533466974495039643260887073
2021-03-29 12:00:00+00:00,1,WEAK_BEAR,0.8572050828230208,True,6,False,BULL_STRUCTURE,BULL_STRUCTURE,1.0,0.9543884378725285366053220719,0.9543884378725285366053220719
2021-03-30 12:00:00+00:00,1,WEAK_BEAR,1.0369569416760912e-36,False,6,False,BULL_STRUCTURE,BULL_STRUCTURE,1.0,0.475,0.475
2021-03-31 12:00:00+00:00,1,WEAK_BEAR,4.7781282251186985e-33,False,6,False,BULL_STRUCTURE,BULL_STRUCTURE,1.0,0.4777269117009455933920616496,0.4777269117009455933920616496
2021-04-01 12:00:00+00:00,0,STRONG_BEAR,1.0,True,3,False,BULL_STRUCTURE,BULL_STRUCTURE,1.0,0.95,0.95
2021-04-02 12:00:00+00:00,0,STRONG_BEAR,1.0,True,4,False,BULL_STRUCTURE,BULL_STRUCTURE,1.0,0.9503449921857493227064860838,0.9503449921857493227064860838
2021-04-03 12:00:00+00:00,0,STRONG_BEAR,1.0,True,5,False,BULL_STRUCTURE,BULL_STRUCTURE,1.0,0.9487168986693243173072680133,0.9487168986693243173072680133
2021-04-04 12:00:00+00:00,0,STRONG_BEAR,1.0,True,6,False,BULL_STRUCTURE,BULL_STRUCTURE,1.0,0.9491220992356068200005535388,0.9491220992356068200005535388
2021-04-05 12:00:00+00:00,0,STRONG_BEAR,0.9999999975871106,True,7,False,BULL_STRUCTURE,BULL_STRUCTURE,1.0,0.9497700523595894851097511642,0.9497700523595894851097511642
2021-04-06 12:00:00+00:00,0,STRONG_BEAR,1.0,True,8,False,BULL_STRUCTURE,BULL_STRUCTURE,1.0,0.9478925577182686231089968094,0.9478925577182686231089968094
2021-04-07 12:00:00+00:00,0,STRONG_BEAR,1.0,True,9,False,BULL_STRUCTURE,BULL_STRUCTURE,1.0,0.9479807295161477231407030944,0.9479807295161477231407030944
2021-04-08 12:00:00+00:00,0,STRONG_BEAR,1.0,True,10,False,BULL_STRUCTURE,BULL_STRUCTURE,1.0,0.9497585184992201117795148332,0.9497585184992201117795148332
2021-04-09 12:00:00+00:00,0,STRONG_BEAR,0.9999976015953165,True,11,False,BULL_STRUCTURE,BULL_STRUCTURE,1.0,0.9513751202004801292852907825,0.9513751202004801292852907825
2021-04-10 12:00:00+00:00,0,STRONG_BEAR,1.0,True,12,False,BULL_STRUCTURE,BULL_STRUCTURE,1.0,0.9507139946071463184657756808,0.9507139946071463184657756808
2021-04-11 12:00:00+00:00,0,STRONG_BEAR,0.00022539389764229852,False,12,False,BULL_STRUCTURE,BULL_STRUCTURE,1.0,0.475,0.475
2021-04-12 12:00:00+00:00,0,STRONG_BEAR,0.006605938614142297,False,12,False,BULL_STRUCTURE,BULL_STRUCTURE,1.0,0.4862387777107871772096072785,0.4862387777107871772096072785
2021-04-13 12:00:00+00:00,0,STRONG_BEAR,0.991926152223563,True,13,False,BULL_STRUCTURE,BULL_STRUCTURE,1.0,0.95,0.95
2021-04-14 12:00:00+00:00,0,STRONG_BEAR,0.0022617324667499037,False,13,False,BULL_STRUCTURE,BULL_STRUCTURE,1.0,0.475,0.475
2021-04-15 12:00:00+00:00,0,STRONG_BEAR,8.968584300247912e-09,False,13,False,BULL_STRUCTURE,BULL_STRUCTURE,1.0,0.4692021384288748416475457358,0.4692021384288748416475457358
2021-04-16 12:00:00+00:00,1,WEAK_BEAR,0.999999999915417,True,3,False,BULL_STRUCTURE,BULL_STRUCTURE,1.0,0.95,0.95
2021-04-17 12:00:00+00:00,1,WEAK_BEAR,9.276873600107858e-280,False,3,False,BULL_STRUCTURE,BULL_STRUCTURE,1.0,0.475,0.475
2021-04-18 12:00:00+00:00,1,WEAK_BEAR,6.258833950539438e-155,False,3,False,BULL_STRUCTURE,BULL_STRUCTURE,1.0,0.4925172727146895695234928717,0.4925172727146895695234928717
2021-04-19 12:00:00+00:00,0,STRONG_BEAR,1.0,True,3,False,BULL_STRUCTURE,BULL_STRUCTURE,1.0,0.95,0.95
2021-04-20 12:00:00+00:00,0,STRONG_BEAR,1.0,True,4,False,BULL_STRUCTURE,BULL_STRUCTURE,1.0,0.60,0.60
2021-04-21 12:00:00+00:00,0,STRONG_BEAR,1.0,True,5,False,BULL_STRUCTURE,BULL_STRUCTURE,1.0,0.6015980550476437125973145077,0.6015980550476437125973145077
2021-04-22 12:00:00+00:00,0,STRONG_BEAR,1.0,True,6,False,BULL_STRUCTURE,BULL_STRUCTURE,1.0,0.5794831898827202946431298493,0.5794831898827202946431298493
2021-04-23 12:00:00+00:00,0,STRONG_BEAR,1.0,True,7,False,BULL_STRUCTURE,BULL_STRUCTURE,1.0,0.5745760923312349620076332035,0.5745760923312349620076332035
2021-04-24 12:00:00+00:00,0,STRONG_BEAR,1.0,True,8,False,BULL_STRUCTURE,BULL_STRUCTURE,1.0,0.5769389539409463741924718369,0.5769389539409463741924718369
2021-04-25 12:00:00+00:00,0,STRONG_BEAR,1.0,True,9,False,BULL_STRUCTURE,BULL_STRUCTURE,1.0,0.5959798279746078563613424502,0.5959798279746078563613424502
2021-04-26 12:00:00+00:00,0,STRONG_BEAR,1.0,True,10,False,BULL_STRUCTURE,BULL_STRUCTURE,1.0,0.95,0.95
2021-04-27 12:00:00+00:00,0,STRONG_BEAR,1.0,True,11,False,BULL_STRUCTURE,BULL_STRUCTURE,1.0,0.60,0.60
2021-04-28 12:00:00+00:00,0,STRONG_BEAR,1.0,True,12,False,BULL_STRUCTURE,BULL_STRUCTURE,1.0,0.5978344250949283146255249798,0.5978344250949283146255249798
2021-04-29 12:00:00+00:00,0,STRONG_BEAR,1.0,True,13,False,BULL_STRUCTURE,BULL_STRUCTURE,1.0,0.5975263266423844986788942373,0.5975263266423844986788942373
2021-04-30 12:00:00+00:00,0,STRONG_BEAR,1.0,True,14,False,BULL_STRUCTURE,BULL_STRUCTURE,1.0,0.95,0.95
2021-05-01 12:00:00+00:00,0,STRONG_BEAR,1.0,True,15,False,BULL_STRUCTURE,BULL_STRUCTURE,1.0,0.9498145615202930133385822182,0.9498145615202930133385822182
2021-05-02 12:00:00+00:00,0,STRONG_BEAR,1.0,True,16,False,BULL_STRUCTURE,BULL_STRUCTURE,1.0,0.9510901731550805755362746727,0.9510901731550805755362746727
2021-05-03 12:00:00+00:00,0,STRONG_BEAR,1.0,True,17,False,BULL_STRUCTURE,BULL_STRUCTURE,1.0,0.9490115760391754321249167832,0.9490115760391754321249167832
2021-05-04 12:00:00+00:00,0,STRONG_BEAR,1.0,True,18,False,BULL_STRUCTURE,BULL_STRUCTURE,1.0,0.60,0.60
2021-05-05 12:00:00+00:00,0,STRONG_BEAR,1.0,True,19,False,BULL_STRUCTURE,BULL_STRUCTURE,1.0,0.95,0.95
2021-05-06 12:00:00+00:00,0,STRONG_BEAR,1.0,True,20,False,BULL_STRUCTURE,BULL_STRUCTURE,1.0,0.9491454048267528069755904176,0.9491454048267528069755904176
2021-05-07 12:00:00+00:00,0,STRONG_BEAR,8.583107244861343e-31,False,20,False,BULL_STRUCTURE,BULL_STRUCTURE,1.0,0.475,0.475
2021-05-08 12:00:00+00:00,0,STRONG_BEAR,1.381155526027738e-18,False,20,False,BULL_STRUCTURE,BULL_STRUCTURE,1.0,0.4725129648328441668209350215,0.4725129648328441668209350215
2021-05-09 12:00:00+00:00,1,WEAK_BEAR,1.0,True,3,False,BULL_STRUCTURE,BULL_STRUCTURE,1.0,0.95,0.95
2021-05-10 12:00:00+00:00,1,WEAK_BEAR,0.9999999994679456,True,4,False,BULL_STRUCTURE,BULL_STRUCTURE,1.0,0.9481563600417318690572702593,0.9481563600417318690572702593
2021-05-11 12:00:00+00:00,1,WEAK_BEAR,0.9999999681758714,True,5,False,BULL_STRUCTURE,BULL_STRUCTURE,1.0,0.9492125820412886643637385635,0.9492125820412886643637385635
2021-05-12 12:00:00+00:00,1,WEAK_BEAR,1.3622815782129818e-58,False,5,False,BULL_STRUCTURE,BULL_STRUCTURE,1.0,0.475,0.475
2021-05-13 12:00:00+00:00,1,WEAK_BEAR,1.023067160042235e-17,False,5,False,BULL_STRUCTURE,BULL_STRUCTURE,1.0,0.4790714205608241054619394280,0.4790714205608241054619394280
2021-05-14 12:00:00+00:00,0,STRONG_BEAR,1.0,True,3,False,BULL_STRUCTURE,BULL_STRUCTURE,1.0,0.4710060225963382607977872205,0.4710060225963382607977872205
2021-05-15 12:00:00+00:00,0,STRONG_BEAR,1.0,True,4,False,BULL_STRUCTURE,BULL_STRUCTURE,1.0,0.4714397755230880392775693521,0.4714397755230880392775693521
2021-05-16 12:00:00+00:00,0,STRONG_BEAR,1.0,True,5,False,BULL_STRUCTURE,BULL_STRUCTURE,1.0,0.4542020709470922456478883476,0.4542020709470922456478883476
2021-05-17 12:00:00+00:00,0,STRONG_BEAR,1.0,True,6,False,BULL_STRUCTURE,BULL_STRUCTURE,1.0,0.4519684169491338335500016728,0.4519684169491338335500016728
2021-05-18 12:00:00+00:00,0,STRONG_BEAR,1.0,True,7,False,TRANSITION,BULL_STRUCTURE,0.6,0.4132243319723898201648993058,0.4132243319723898201648993058
2021-05-19 12:00:00+00:00,0,STRONG_BEAR,1.0,True,8,False,TRANSITION,BULL_STRUCTURE,0.6,0.4241395428051090884837124514,0.4241395428051090884837124514
2021-05-20 12:00:00+00:00,0,STRONG_BEAR,1.0,True,9,False,BULL_STRUCTURE,BULL_STRUCTURE,1.0,0.4280301573298956466201381755,0.4280301573298956466201381755
2021-05-21 12:00:00+00:00,0,STRONG_BEAR,1.0,True,10,False,TRANSITION,BULL_STRUCTURE,0.6,0.4098072108591590576704236813,0.4098072108591590576704236813
2021-05-22 12:00:00+00:00,0,STRONG_BEAR,1.0,True,11,False,TRANSITION,BULL_STRUCTURE,0.6,0.3917200735812830855434967282,0.3917200735812830855434967282
2021-05-23 12:00:00+00:00,0,STRONG_BEAR,1.0,True,12,False,TRANSITION,BULL_STRUCTURE,0.6,0.4062505741605147839109784271,0.4062505741605147839109784271
2021-05-24 12:00:00+00:00,0,STRONG_BEAR,1.0,True,13,False,TRANSITION,BULL_STRUCTURE,0.6,0.3993529849303727142860535604,0.3993529849303727142860535604
2021-05-25 12:00:00+00:00,0,STRONG_BEAR,1.0,True,14,False,TRANSITION,TRANSITION,0.6,0.4203460854471897218035502022,0.4203460854471897218035502022
2021-05-26 12:00:00+00:00,0,STRONG_BEAR,1.0,True,15,False,TRANSITION,TRANSITION,0.6,0.4193622316300033676995603738,0.4193622316300033676995603738
2021-05-27 12:00:00+00:00,0,STRONG_BEAR,1.0,True,16,False,TRANSITION,TRANSITION,0.6,0.3914678174781125819935153725,0.3914678174781125819935153725
2021-05-28 12:00:00+00:00,0,STRONG_BEAR,1.0,True,17,False,TRANSITION,TRANSITION,0.6,0.3916251232042970029074256482,0.3916251232042970029074256482
2021-05-29 12:00:00+00:00,0,STRONG_BEAR,1.0,True,18,False,TRANSITION,TRANSITION,0.6,0.3981839642122949069453009255,0.3981839642122949069453009255
2021-05-30 12:00:00+00:00,0,STRONG_BEAR,1.0,True,19,False,TRANSITION,TRANSITION,0.6,0.4013115128698621454757979069,0.4013115128698621454757979069
2021-05-31 12:00:00+00:00,0,STRONG_BEAR,1.0,True,20,False,TRANSITION,TRANSITION,0.6,0.3997430923579370988349574792,0.3997430923579370988349574792
2021-06-01 12:00:00+00:00,0,STRONG_BEAR,1.0,True,21,False,TRANSITION,TRANSITION,0.6,0.4036932269639558180803535691,0.4036932269639558180803535691
2021-06-02 12:00:00+00:00,0,STRONG_BEAR,1.0,True,22,False,TRANSITION,TRANSITION,0.6,0.4137360796145957166506320518,0.4137360796145957166506320518
2021-06-03 12:00:00+00:00,0,STRONG_BEAR,1.0,True,23,False,TRANSITION,TRANSITION,0.6,0.3996712236715657456378681535,0.3996712236715657456378681535
2021-06-04 12:00:00+00:00,0,STRONG_BEAR,1.0,True,24,False,TRANSITION,TRANSITION,0.6,0.3949369738361386211493432219,0.3949369738361386211493432219
2021-06-05 12:00:00+00:00,0,STRONG_BEAR,1.0,True,25,False,TRANSITION,TRANSITION,0.6,0.3949283797454198936007000024,0.3949283797454198936007000024
2021-06-06 12:00:00+00:00,0,STRONG_BEAR,1.0,True,26,False,TRANSITION,TRANSITION,0.6,0.3982961825923466559840806118,0.3982961825923466559840806118
2021-06-07 12:00:00+00:00,0,STRONG_BEAR,1.0,True,27,False,TRANSITION,TRANSITION,0.6,0.3758358916970724302841614018,0.3758358916970724302841614018
2021-06-08 12:00:00+00:00,0,STRONG_BEAR,1.0,True,28,False,TRANSITION,TRANSITION,0.6,0.3889015599470499246673996172,0.3889015599470499246673996172
2021-06-09 12:00:00+00:00,0,STRONG_BEAR,0.8186429070883292,True,29,False,TRANSITION,TRANSITION,0.6,0.4076491824093240864958612601,0.4076491824093240864958612601
2021-06-10 12:00:00+00:00,0,STRONG_BEAR,6.948010219887817e-44,False,29,False,TRANSITION,TRANSITION,0.6,0.4048281999755018554796586578,0.4048281999755018554796586578
2021-06-11 12:00:00+00:00,0,STRONG_BEAR,4.545774557031457e-61,False,29,False,TRANSITION,TRANSITION,0.6,0.3931146435770128753689013931,0.3931146435770128753689013931
2021-06-12 12:00:00+00:00,1,WEAK_BEAR,0.999999999998181,True,3,False,TRANSITION,TRANSITION,0.6,0.95,0.6
2021-06-13 12:00:00+00:00,1,WEAK_BEAR,1.9807069189383212e-08,False,3,False,TRANSITION,TRANSITION,0.6,0.6208335099181134843004724845,0.6
2021-06-14 12:00:00+00:00,1,WEAK_BEAR,0.999999999998181,True,4,False,TRANSITION,TRANSITION,0.6,0.95,0.6
2021-06-15 12:00:00+00:00,1,WEAK_BEAR,1.0,True,5,False,TRANSITION,TRANSITION,0.6,0.95,0.6
2021-06-16 12:00:00+00:00,1,WEAK_BEAR,1.0,True,6,False,TRANSITION,TRANSITION,0.6,0.95,0.6
2021-06-17 12:00:00+00:00,1,WEAK_BEAR,1.0,True,7,False,TRANSITION,TRANSITION,0.6,0.95,0.6
2021-06-18 12:00:00+00:00,1,WEAK_BEAR,1.0,True,8,False,TRANSITION,TRANSITION,0.6,0.95,0.6
2021-06-19 12:00:00+00:00,1,WEAK_BEAR,1.0,True,9,False,TRANSITION,TRANSITION,0.6,0.95,0.6
2021-06-20 12:00:00+00:00,1,WEAK_BEAR,0.2988540148775844,False,9,False,TRANSITION,TRANSITION,0.6,0.5902079196124269105110271256,0.5902079196124269105110271256
2021-06-21 12:00:00+00:00,1,WEAK_BEAR,9.127094644899336e-197,False,9,False,TRANSITION,TRANSITION,0.6,0.5804840895263906989184960290,0.5804840895263906989184960290
2021-06-22 12:00:00+00:00,0,STRONG_BEAR,1.0,True,3,False,TRANSITION,TRANSITION,0.6,0.6002971561785421896784981843,0.6
2021-06-23 12:00:00+00:00,0,STRONG_BEAR,1.0,True,4,False,TRANSITION,TRANSITION,0.6,0.5998677778189413229692046339,0.5998677778189413229692046339
2021-06-24 12:00:00+00:00,0,STRONG_BEAR,1.0,True,5,False,TRANSITION,TRANSITION,0.6,0.5960103942975098052643395250,0.5960103942975098052643395250
2021-06-25 12:00:00+00:00,0,STRONG_BEAR,1.0,True,6,False,TRANSITION,TRANSITION,0.6,0.5846078328565322833831141117,0.5846078328565322833831141117
2021-06-26 12:00:00+00:00,0,STRONG_BEAR,1.0,True,7,False,TRANSITION,TRANSITION,0.6,0.5955370506631415788192247009,0.5955370506631415788192247009
2021-06-27 12:00:00+00:00,0,STRONG_BEAR,1.4963106427221705e-34,False,7,False,TRANSITION,TRANSITION,0.6,0.30,0.30
2021-06-28 12:00:00+00:00,0,STRONG_BEAR,3.169494842520618e-48,False,7,False,TRANSITION,TRANSITION,0.6,0.3089232409081815634994792377,0.3089232409081815634994792377
2021-06-29 12:00:00+00:00,0,STRONG_BEAR,0.9999999611081883,True,8,False,TRANSITION,TRANSITION,0.6,0.60,0.60
2021-06-30 12:00:00+00:00,0,STRONG_BEAR,1.0,True,9,False,TRANSITION,TRANSITION,0.6,0.5922750742968263686051047467,0.5922750742968263686051047467
2021-07-01 12:00:00+00:00,0,STRONG_BEAR,1.0,True,10,False,TRANSITION,TRANSITION,0.6,0.5872395533228709881767959080,0.5872395533228709881767959080
2021-07-02 12:00:00+00:00,0,STRONG_BEAR,4.844001002108522e-17,False,10,False,TRANSITION,TRANSITION,0.6,0.30,0.30
2021-07-03 12:00:00+00:00,0,STRONG_BEAR,1.0,True,11,False,TRANSITION,TRANSITION,0.6,0.60,0.60
2021-07-04 12:00:00+00:00,0,STRONG_BEAR,1.0,True,12,False,TRANSITION,TRANSITION,0.6,0.5852777413632615097385414824,0.5852777413632615097385414824
2021-07-05 12:00:00+00:00,0,STRONG_BEAR,1.0,True,13,False,TRANSITION,TRANSITION,0.6,0.5902163966053130431754212709,0.5902163966053130431754212709
2021-07-06 12:00:00+00:00,0,STRONG_BEAR,1.0,True,14,False,TRANSITION,TRANSITION,0.6,0.5955463941520513046963506461,0.5955463941520513046963506461
2021-07-07 12:00:00+00:00,0,STRONG_BEAR,1.0,True,15,False,TRANSITION,TRANSITION,0.6,0.5802471261387018244391331370,0.5802471261387018244391331370
2021-07-08 12:00:00+00:00,0,STRONG_BEAR,1.0,True,16,False,TRANSITION,TRANSITION,0.6,0.5808314416528200820828505497,0.5808314416528200820828505497
2021-07-09 12:00:00+00:00,0,STRONG_BEAR,9.888788504960856e-27,False,16,False,TRANSITION,TRANSITION,0.6,0.30,0.30
2021-07-10 12:00:00+00:00,0,STRONG_BEAR,1.1968955518146925e-61,False,16,False,TRANSITION,TRANSITION,0.6,0.3002418195753831858362923903,0.3002418195753831858362923903
2021-07-11 12:00:00+00:00,1,WEAK_BEAR,1.0,True,3,False,TRANSITION,TRANSITION,0.6,0.95,0.6
2021-07-12 12:00:00+00:00,1,WEAK_BEAR,1.0,True,4,False,TRANSITION,TRANSITION,0.6,0.95,0.6
2021-07-13 12:00:00+00:00,1,WEAK_BEAR,1.0,True,5,False,TRANSITION,TRANSITION,0.6,0.95,0.6
2021-07-14 12:00:00+00:00,1,WEAK_BEAR,1.0,True,6,False,TRANSITION,TRANSITION,0.6,0.95,0.6
2021-07-15 12:00:00+00:00,1,WEAK_BEAR,1.0,True,7,False,TRANSITION,TRANSITION,0.6,0.95,0.6
2021-07-16 12:00:00+00:00,1,WEAK_BEAR,1.0,True,8,False,TRANSITION,TRANSITION,0.6,0.95,0.6
2021-07-17 12:00:00+00:00,1,WEAK_BEAR,1.0,True,9,False,TRANSITION,TRANSITION,0.6,0.95,0.6
2021-07-18 12:00:00+00:00,1,WEAK_BEAR,2.061776145649116e-13,False,9,False,TRANSITION,TRANSITION,0.6,0.5959130292847481014844478780,0.5959130292847481014844478780
2021-07-19 12:00:00+00:00,1,WEAK_BEAR,2.5049690575605473e-175,False,9,False,TRANSITION,TRANSITION,0.6,0.5834227594475520279599186122,0.5834227594475520279599186122
2021-07-20 12:00:00+00:00,0,STRONG_BEAR,1.0,True,3,False,TRANSITION,TRANSITION,0.6,0.5979680434722673433094939433,0.5979680434722673433094939433
2021-07-21 12:00:00+00:00,0,STRONG_BEAR,1.0,True,4,False,TRANSITION,TRANSITION,0.6,0.6008407397812144236337142467,0.6
2021-07-22 12:00:00+00:00,0,STRONG_BEAR,1.0,True,5,False,TRANSITION,TRANSITION,0.6,0.6028548284326675506713162327,0.6
2021-07-23 12:00:00+00:00,0,STRONG_BEAR,1.0,True,6,False,TRANSITION,TRANSITION,0.6,0.6113403703111637044833516354,0.6
2021-07-24 12:00:00+00:00,0,STRONG_BEAR,0.9987387279539301,True,7,False,TRANSITION,TRANSITION,0.6,0.6037416393314201116352651870,0.6
2021-07-25 12:00:00+00:00,0,STRONG_BEAR,0.000546426387150933,False,7,False,TRANSITION,TRANSITION,0.6,0.6265439206685581158621206774,0.6
2021-07-26 12:00:00+00:00,0,STRONG_BEAR,0.011545156914329792,False,7,False,TRANSITION,TRANSITION,0.6,0.5974500974236540555247227455,0.5974500974236540555247227455
2021-07-27 12:00:00+00:00,0,STRONG_BEAR,0.012715015133158718,False,7,False,TRANSITION,TRANSITION,0.6,0.6137342313374096399755332335,0.6
2021-07-28 12:00:00+00:00,0,STRONG_BEAR,1.329823741336491e-13,False,7,False,TRANSITION,TRANSITION,0.6,0.5941476944117610694418330976,0.5941476944117610694418330976
2021-07-29 12:00:00+00:00,0,STRONG_BEAR,0.9999999858664524,True,8,False,TRANSITION,TRANSITION,0.6,0.95,0.6
2021-07-30 12:00:00+00:00,0,STRONG_BEAR,8.7111069336383e-08,False,8,False,TRANSITION,TRANSITION,0.6,0.6174784276766393025560696337,0.6
2021-07-31 12:00:00+00:00,0,STRONG_BEAR,1.4785555114555574e-18,False,8,False,TRANSITION,TRANSITION,0.6,0.5999796564943476347003847986,0.5999796564943476347003847986
2021-08-01 12:00:00+00:00,0,STRONG_BEAR,1.0980562605644149e-14,False,8,False,TRANSITION,TRANSITION,0.6,0.5878214231008737366910419746,0.5878214231008737366910419746
2021-08-02 12:00:00+00:00,0,STRONG_BEAR,1.0330893684643091e-16,False,8,False,TRANSITION,TRANSITION,0.6,0.5812705277603436489012694329,0.5812705277603436489012694329
2021-08-03 12:00:00+00:00,0,STRONG_BEAR,2.122803211463651e-15,False,8,False,TRANSITION,TRANSITION,0.6,0.5791736100936371910081972487,0.5791736100936371910081972487
2021-08-04 12:00:00+00:00,1,WEAK_BEAR,0.9960164532142449,True,3,False,TRANSITION,TRANSITION,0.6,0.95,0.6
2021-08-05 12:00:00+00:00,1,WEAK_BEAR,0.0002514714338521903,False,3,False,TRANSITION,TRANSITION,0.6,0.6151931988018027293420853017,0.6
2021-08-06 12:00:00+00:00,1,WEAK_BEAR,3.3041097297663906e-33,False,3,False,TRANSITION,TRANSITION,0.6,0.6186079461741967980309519083,0.6
2021-08-07 12:00:00+00:00,2,EUPHORIA,1.0,True,3,False,TRANSITION,TRANSITION,0.6,0.95,0.6
2021-08-08 12:00:00+00:00,2,EUPHORIA,0.999999999996362,True,4,False,BULL_STRUCTURE,TRANSITION,0.6,0.95,0.6
2021-08-09 12:00:00+00:00,2,EUPHORIA,0.9999999999163265,True,5,False,BULL_STRUCTURE,TRANSITION,0.6,0.95,0.6
2021-08-10 12:00:00+00:00,2,EUPHORIA,0.999999999992724,True,6,False,BULL_STRUCTURE,TRANSITION,0.6,0.95,0.6
2021-08-11 12:00:00+00:00,2,EUPHORIA,1.0,True,7,False,BULL_STRUCTURE,TRANSITION,0.6,0.95,0.6
2021-08-12 12:00:00+00:00,2,EUPHORIA,0.999999999992724,True,8,False,BULL_STRUCTURE,BULL_STRUCTURE,1.0,0.95,0.95
2021-08-13 12:00:00+00:00,2,EUPHORIA,1.0,True,9,False,BULL_STRUCTURE,BULL_STRUCTURE,1.0,0.9508549169234843020230566970,0.9508549169234843020230566970
2021-08-14 12:00:00+00:00,2,EUPHORIA,0.0007139114774637411,False,9,False,BULL_STRUCTURE,BULL_STRUCTURE,1.0,0.475,0.475
2021-08-15 12:00:00+00:00,2,EUPHORIA,8.142477712856581e-10,False,9,False,BULL_STRUCTURE,BULL_STRUCTURE,1.0,0.4838005387358570027458276289,0.4838005387358570027458276289
2021-08-16 12:00:00+00:00,1,WEAK_BEAR,1.0,True,3,False,BULL_STRUCTURE,BULL_STRUCTURE,1.0,0.95,0.95
2021-08-17 12:00:00+00:00,1,WEAK_BEAR,1.0,True,4,False,BULL_STRUCTURE,BULL_STRUCTURE,1.0,0.9483763845660632008786378760,0.9483763845660632008786378760
2021-08-18 12:00:00+00:00,1,WEAK_BEAR,0.999999999996362,True,5,False,TRANSITION,BULL_STRUCTURE,0.6,0.9477884077042718292091448550,0.6
2021-08-19 12:00:00+00:00,1,WEAK_BEAR,0.999999999996362,True,6,False,BULL_STRUCTURE,BULL_STRUCTURE,1.0,0.95,0.95
2021-08-20 12:00:00+00:00,1,STRONG_BULL,1.0,True,1,False,BULL_STRUCTURE,BULL_STRUCTURE,1.0,0.9519488811852680777471929198,0.9519488811852680777471929198
2021-08-21 12:00:00+00:00,1,STRONG_BULL,1.0,True,2,False,BULL_STRUCTURE,BULL_STRUCTURE,1.0,0.9525359348455824428201527979,0.9525359348455824428201527979
2021-08-22 12:00:00+00:00,1,STRONG_BULL,1.0,True,3,False,BULL_STRUCTURE,BULL_STRUCTURE,1.0,0.9536702010687420890703689733,0.9536702010687420890703689733
2021-08-23 12:00:00+00:00,1,STRONG_BULL,1.0,True,4,False,BULL_STRUCTURE,BULL_STRUCTURE,1.0,0.9528085333298380364789887938,0.9528085333298380364789887938
2021-08-24 12:00:00+00:00,1,STRONG_BULL,1.0,True,5,False,BULL_STRUCTURE,BULL_STRUCTURE,1.0,0.9510536690579169269886205008,0.9510536690579169269886205008
2021-08-25 12:00:00+00:00,1,STRONG_BULL,1.0,True,6,False,BULL_STRUCTURE,BULL_STRUCTURE,1.0,0.9503245803307882376667206293,0.9503245803307882376667206293
2021-08-26 12:00:00+00:00,1,STRONG_BULL,1.0,True,7,False,BULL_STRUCTURE,BULL_STRUCTURE,1.0,0.9509397140988282183727720478,0.9509397140988282183727720478
2021-08-27 12:00:00+00:00,1,STRONG_BULL,1.0,True,8,False,BULL_STRUCTURE,BULL_STRUCTURE,1.0,0.9521113451944536931675104044,0.9521113451944536931675104044
2021-08-28 12:00:00+00:00,1,STRONG_BULL,1.0,True,9,False,BULL_STRUCTURE,BULL_STRUCTURE,1.0,0.9516242657905067871710307582,0.9516242657905067871710307582
2021-08-29 12:00:00+00:00,1,STRONG_BULL,1.0,True,10,False,BULL_STRUCTURE,BULL_STRUCTURE,1.0,0.9513771363552186689077681627,0.9513771363552186689077681627
2021-08-30 12:00:00+00:00,1,STRONG_BULL,1.0,True,11,False,BULL_STRUCTURE,BULL_STRUCTURE,1.0,0.9514415100766012060965676783,0.9514415100766012060965676783
2021-08-31 12:00:00+00:00,1,STRONG_BULL,1.0,True,12,False,BULL_STRUCTURE,BULL_STRUCTURE,1.0,0.9511934975453052903700524563,0.9511934975453052903700524563
2021-09-01 12:00:00+00:00,1,STRONG_BULL,1.0,True,13,False,BULL_STRUCTURE,BULL_STRUCTURE,1.0,0.9533859458933470567169309026,0.9533859458933470567169309026
2021-09-02 12:00:00+00:00,1,STRONG_BULL,1.0,True,14,False,BULL_STRUCTURE,BULL_STRUCTURE,1.0,0.9534709318789497705138188109,0.9534709318789497705138188109
2021-09-03 12:00:00+00:00,1,STRONG_BULL,1.0,True,15,False,BULL_STRUCTURE,BULL_STRUCTURE,1.0,0.9532348698076736967096645202,0.9532348698076736967096645202
2021-09-04 12:00:00+00:00,1,STRONG_BULL,1.0,True,16,False,BULL_STRUCTURE,BULL_STRUCTURE,1.0,0.9534976577955951246941209848,0.9534976577955951246941209848
2021-09-05 12:00:00+00:00,1,STRONG_BULL,1.0,True,17,False,BULL_STRUCTURE,BULL_STRUCTURE,1.0,0.9545355754249602709440521308,0.9545355754249602709440521308
2021-09-06 12:00:00+00:00,1,STRONG_BULL,1.0,True,18,False,BULL_STRUCTURE,BULL_STRUCTURE,1.0,0.9541445484345559633602786947,0.9541445484345559633602786947
2021-09-07 12:00:00+00:00,1,STRONG_BULL,1.0,True,19,False,BULL_STRUCTURE,BULL_STRUCTURE,1.0,0.9498752443824448710586345161,0.9498752443824448710586345161
2021-09-08 12:00:00+00:00,1,STRONG_BULL,1.0,True,20,False,BULL_STRUCTURE,BULL_STRUCTURE,1.0,0.9497714394616915219754286058,0.9497714394616915219754286058
2021-09-09 12:00:00+00:00,1,STRONG_BULL,1.0,True,21,False,BULL_STRUCTURE,BULL_STRUCTURE,1.0,0.9498112989298641197900231702,0.9498112989298641197900231702
2021-09-10 12:00:00+00:00,1,STRONG_BULL,1.0,True,22,False,BULL_STRUCTURE,BULL_STRUCTURE,1.0,0.9489991125013407002025063299,0.9489991125013407002025063299
2021-09-11 12:00:00+00:00,1,STRONG_BULL,3.418981318858553e-10,False,22,False,BULL_STRUCTURE,BULL_STRUCTURE,1.0,0.475,0.475
2021-09-12 12:00:00+00:00,1,STRONG_BULL,1.4894599910541488e-68,False,22,False,TRANSITION,BULL_STRUCTURE,0.6,0.4685672221561884910278809290,0.4685672221561884910278809290
2021-09-13 12:00:00+00:00,2,WEAK_BULL,1.0,True,3,False,TRANSITION,BULL_STRUCTURE,0.6,0.95,0.6
2021-09-14 12:00:00+00:00,2,WEAK_BULL,9.103953986461905e-07,False,3,False,BULL_STRUCTURE,BULL_STRUCTURE,1.0,0.6082112796422510594227630080,0.6082112796422510594227630080
2021-09-15 12:00:00+00:00,2,WEAK_BULL,1.430454949937407e-36,False,3,False,BULL_STRUCTURE,BULL_STRUCTURE,1.0,0.6098789211065017703798485105,0.6098789211065017703798485105
2021-09-16 12:00:00+00:00,1,STRONG_BULL,1.0,True,3,False,BULL_STRUCTURE,BULL_STRUCTURE,1.0,0.95,0.95
2021-09-17 12:00:00+00:00,1,STRONG_BULL,1.0,True,4,False,BULL_STRUCTURE,BULL_STRUCTURE,1.0,0.9513587213975809885095472764,0.9513587213975809885095472764
2021-09-18 12:00:00+00:00,1,STRONG_BULL,1.0,True,5,False,BULL_STRUCTURE,BULL_STRUCTURE,1.0,0.9503434897231717721667497861,0.9503434897231717721667497861
2021-09-19 12:00:00+00:00,1,STRONG_BULL,4.13552511642482e-58,False,5,False,TRANSITION,BULL_STRUCTURE,0.6,0.475,0.475
2021-09-20 12:00:00+00:00,1,STRONG_BULL,1.2538807026602797e-121,False,5,False,TRANSITION,BULL_STRUCTURE,0.6,0.4727354687266007088718100890,0.4727354687266007088718100890
2021-09-21 12:00:00+00:00,2,WEAK_BULL,1.0,True,3,False,BEAR_STRUCTURE,BULL_STRUCTURE,0.3,0.4647827157736474881840274010,0.3
2021-09-22 12:00:00+00:00,2,WEAK_BULL,1.0,True,4,False,BEAR_STRUCTURE,BULL_STRUCTURE,0.3,0.60,0.3
2021-09-23 12:00:00+00:00,2,WEAK_BULL,1.0,True,5,False,BEAR_STRUCTURE,BULL_STRUCTURE,0.3,0.60,0.3
2021-09-24 12:00:00+00:00,2,WEAK_BULL,1.0,True,6,False,BEAR_STRUCTURE,BULL_STRUCTURE,0.3,0.60,0.3
2021-09-25 12:00:00+00:00,2,WEAK_BULL,1.0,True,7,False,BEAR_STRUCTURE,BEAR_STRUCTURE,0.3,0.60,0.3
2021-09-26 12:00:00+00:00,2,WEAK_BULL,1.0,True,8,False,BEAR_STRUCTURE,BEAR_STRUCTURE,0.3,0.60,0.3
2021-09-27 12:00:00+00:00,2,WEAK_BULL,1.0,True,9,False,BEAR_STRUCTURE,BEAR_STRUCTURE,0.3,0.60,0.3
2021-09-28 12:00:00+00:00,2,WEAK_BULL,1.0,True,10,False,BEAR_STRUCTURE,BEAR_STRUCTURE,0.3,0.60,0.3
2021-09-29 12:00:00+00:00,2,WEAK_BULL,1.0,True,11,False,BEAR_STRUCTURE,BEAR_STRUCTURE,0.3,0.60,0.3
2021-09-30 12:00:00+00:00,2,WEAK_BULL,0.4242035777750948,False,11,False,TRANSITION,BEAR_STRUCTURE,0.3,0.3208876046840149017167361532,0.3
2021-10-01 12:00:00+00:00,2,WEAK_BULL,1.7475725331287159e-43,False,11,False,TRANSITION,BEAR_STRUCTURE,0.3,0.3008710743634179823310926527,0.3
2021-10-02 12:00:00+00:00,1,STRONG_BULL,1.0,True,3,False,TRANSITION,BEAR_STRUCTURE,0.3,0.95,0.3
2021-10-03 12:00:00+00:00,1,STRONG_BULL,1.0,True,4,False,TRANSITION,BEAR_STRUCTURE,0.3,0.95,0.3
2021-10-04 12:00:00+00:00,1,STRONG_BULL,1.0,True,5,False,TRANSITION,TRANSITION,0.6,0.95,0.6
2021-10-05 12:00:00+00:00,1,STRONG_BULL,1.0,True,6,False,TRANSITION,TRANSITION,0.6,0.95,0.6
2021-10-06 12:00:00+00:00,1,STRONG_BULL,1.0,True,7,False,TRANSITION,TRANSITION,0.6,0.95,0.6
2021-10-07 12:00:00+00:00,1,STRONG_BULL,1.0,True,8,False,TRANSITION,TRANSITION,0.6,0.95,0.6
2021-10-08 12:00:00+00:00,1,STRONG_BULL,1.0,True,9,False,TRANSITION,TRANSITION,0.6,0.95,0.6
2021-10-09 12:00:00+00:00,1,STRONG_BULL,1.0,True,10,False,TRANSITION,TRANSITION,0.6,0.95,0.6
2021-10-10 12:00:00+00:00,1,STRONG_BULL,1.0,True,11,False,TRANSITION,TRANSITION,0.6,0.95,0.6
2021-10-11 12:00:00+00:00,1,STRONG_BULL,0.9999052756503323,True,12,False,TRANSITION,TRANSITION,0.6,0.95,0.6
2021-10-12 12:00:00+00:00,1,STRONG_BULL,0.9999996909510196,True,13,False,TRANSITION,TRANSITION,0.6,0.95,0.6
2021-10-13 12:00:00+00:00,1,STRONG_BULL,0.9971602653701619,True,14,False,TRANSITION,TRANSITION,0.6,0.95,0.6
2021-10-14 12:00:00+00:00,1,STRONG_BULL,0.636584425119102,True,15,False,TRANSITION,TRANSITION,0.6,0.95,0.6
2021-10-15 12:00:00+00:00,1,STRONG_BULL,2.3340190033053935e-06,False,15,False,TRANSITION,TRANSITION,0.6,0.6081755845098788188722085097,0.6
2021-10-16 12:00:00+00:00,1,STRONG_BULL,1.7004831509044654e-18,False,15,False,TRANSITION,TRANSITION,0.6,0.5974240231999987595999513320,0.5974240231999987595999513320
2021-10-17 12:00:00+00:00,3,EUPHORIA,1.0,True,3,False,TRANSITION,TRANSITION,0.6,0.5973969868158431743235378031,0.5973969868158431743235378031
2021-10-18 12:00:00+00:00,3,EUPHORIA,1.0,True,4,False,TRANSITION,TRANSITION,0.6,0.6020605966784607045689848507,0.6
2021-10-19 12:00:00+00:00,3,EUPHORIA,1.0,True,5,False,TRANSITION,TRANSITION,0.6,0.6063207278936757352258723310,0.6
2021-10-20 12:00:00+00:00,3,EUPHORIA,1.0,True,6,False,TRANSITION,TRANSITION,0.6,0.6038759947776653450912600176,0.6
2021-10-21 12:00:00+00:00,3,EUPHORIA,1.0,True,7,False,TRANSITION,TRANSITION,0.6,0.5945251628844876825770525274,0.5945251628844876825770525274
2021-10-22 12:00:00+00:00,3,EUPHORIA,1.0,True,8,False,TRANSITION,TRANSITION,0.6,0.5874642301499962551053269281,0.5874642301499962551053269281
2021-10-23 12:00:00+00:00,3,EUPHORIA,1.0,True,9,False,TRANSITION,TRANSITION,0.6,0.5823975344265273017671046450,0.5823975344265273017671046450
2021-10-24 12:00:00+00:00,3,EUPHORIA,1.0,True,10,False,TRANSITION,TRANSITION,0.6,0.5921622830296644332280637194,0.5921622830296644332280637194
2021-10-25 12:00:00+00:00,3,EUPHORIA,1.0,True,11,False,TRANSITION,TRANSITION,0.6,0.5920883468699057938116697860,0.5920883468699057938116697860
2021-10-26 12:00:00+00:00,3,EUPHORIA,0.9068658599777416,True,12,False,TRANSITION,TRANSITION,0.6,0.5753532451152707311535924114,0.5753532451152707311535924114
2021-10-27 12:00:00+00:00,3,EUPHORIA,0.1546727293292075,False,12,False,TRANSITION,TRANSITION,0.6,0.25,0.25
2021-10-28 12:00:00+00:00,3,EUPHORIA,0.00041874963432863346,False,12,False,TRANSITION,TRANSITION,0.6,0.2500417410369259163324278216,0.2500417410369259163324278216
2021-10-29 12:00:00+00:00,3,EUPHORIA,5.491320494064022e-10,False,12,False,BULL_STRUCTURE,TRANSITION,0.6,0.2520490805280850387571257404,0.2520490805280850387571257404
2021-10-30 12:00:00+00:00,1,STRONG_BULL,0.999999999998181,True,3,False,BULL_STRUCTURE,TRANSITION,0.6,0.95,0.6
2021-10-31 12:00:00+00:00,1,STRONG_BULL,1.0,True,4,False,BULL_STRUCTURE,TRANSITION,0.6,0.95,0.6
2021-11-01 12:00:00+00:00,1,STRONG_BULL,0.0009168993184511601,False,4,False,BULL_STRUCTURE,TRANSITION,0.6,0.6042460110235220107534299468,0.6
2021-11-02 12:00:00+00:00,1,STRONG_BULL,0.9524896085112491,True,5,False,BULL_STRUCTURE,BULL_STRUCTURE,1.0,0.95,0.95
2021-11-03 12:00:00+00:00,1,STRONG_BULL,0.9975751445068595,True,6,False,BULL_STRUCTURE,BULL_STRUCTURE,1.0,0.9491579389091002461358759200,0.9491579389091002461358759200
2021-11-04 12:00:00+00:00,1,STRONG_BULL,6.480540887473896e-10,False,6,False,BULL_STRUCTURE,BULL_STRUCTURE,1.0,0.475,0.475
2021-11-05 12:00:00+00:00,1,STRONG_BULL,1.8701841177970135e-48,False,6,False,BULL_STRUCTURE,BULL_STRUCTURE,1.0,0.4714670872711950679060236162,0.4714670872711950679060236162
2021-11-06 12:00:00+00:00,2,WEAK_BULL,0.9999999995216058,True,3,False,BULL_STRUCTURE,BULL_STRUCTURE,1.0,0.95,0.95
2021-11-07 12:00:00+00:00,2,WEAK_BULL,7.287269846086181e-07,False,3,False,BULL_STRUCTURE,BULL_STRUCTURE,1.0,0.475,0.475
2021-11-08 12:00:00+00:00,2,WEAK_BULL,8.024883573137943e-27,False,3,False,BULL_STRUCTURE,BULL_STRUCTURE,1.0,0.4811103046685657937044890337,0.4811103046685657937044890337
2021-11-09 12:00:00+00:00,2,WEAK_BULL,4.668756423914076e-24,False,3,False,BULL_STRUCTURE,BULL_STRUCTURE,1.0,0.4772100468448498692296787466,0.4772100468448498692296787466
2021-11-10 12:00:00+00:00,1,STRONG_BULL,1.0,True,3,False,BULL_STRUCTURE,BULL_STRUCTURE,1.0,0.95,0.95
2021-11-11 12:00:00+00:00,1,STRONG_BULL,6.415132356224651e-07,False,3,False,BULL_STRUCTURE,BULL_STRUCTURE,1.0,0.475,0.475
2021-11-12 12:00:00+00:00,1,STRONG_BULL,1.1033650265932979e-35,False,3,False,BULL_STRUCTURE,BULL_STRUCTURE,1.0,0.4745065294432678865754486477,0.4745065294432678865754486477
2021-11-13 12:00:00+00:00,3,EUPHORIA,0.999999999998181,True,3,False,BULL_STRUCTURE,BULL_STRUCTURE,1.0,0.4779785778094119327340432308,0.4779785778094119327340432308
2021-11-14 12:00:00+00:00,3,EUPHORIA,1.0,True,4,False,BULL_STRUCTURE,BULL_STRUCTURE,1.0,0.4829181633068963768961968546,0.4829181633068963768961968546
2021-11-15 12:00:00+00:00,3,EUPHORIA,9.990769047295863e-05,False,4,False,BULL_STRUCTURE,BULL_STRUCTURE,1.0,0.4625497456771425082330420924,0.4625497456771425082330420924
2021-11-16 12:00:00+00:00,3,EUPHORIA,3.838527064537146e-27,False,4,False,BULL_STRUCTURE,BULL_STRUCTURE,1.0,0.4633215822917821786741159864,0.4633215822917821786741159864
2021-11-17 12:00:00+00:00,3,EUPHORIA,2.9075050662179357e-46,False,4,False,BULL_STRUCTURE,BULL_STRUCTURE,1.0,0.4569055485782924488784573248,0.4569055485782924488784573248
2021-11-18 12:00:00+00:00,5,WEAK_BEAR,1.0,True,3,True,BULL_STRUCTURE,BULL_STRUCTURE,1.0,0.4474232497867272055821770684,0.4474232497867272055821770684
2021-11-19 12:00:00+00:00,5,WEAK_BEAR,1.0,True,4,False,BULL_STRUCTURE,BULL_STRUCTURE,1.0,0.95,0.95
2021-11-20 12:00:00+00:00,5,WEAK_BEAR,1.0,True,5,False,BULL_STRUCTURE,BULL_STRUCTURE,1.0,0.9506633291426647784747227207,0.9506633291426647784747227207
2021-11-21 12:00:00+00:00,5,WEAK_BEAR,1.0,True,6,False,BULL_STRUCTURE,BULL_STRUCTURE,1.0,0.9494243931481450990288271403,0.9494243931481450990288271403
2021-11-22 12:00:00+00:00,5,WEAK_BEAR,1.0,True,7,False,BULL_STRUCTURE,BULL_STRUCTURE,1.0,0.9485435246867389613855792656,0.9485435246867389613855792656
2021-11-23 12:00:00+00:00,5,WEAK_BEAR,1.0,True,8,False,BULL_STRUCTURE,BULL_STRUCTURE,1.0,0.9489438285869202977165866871,0.9489438285869202977165866871
2021-11-24 12:00:00+00:00,5,WEAK_BEAR,1.0,True,9,False,BULL_STRUCTURE,BULL_STRUCTURE,1.0,0.9501114913337594009046034448,0.9501114913337594009046034448
2021-11-25 12:00:00+00:00,5,WEAK_BEAR,1.0,True,10,False,BULL_STRUCTURE,BULL_STRUCTURE,1.0,0.9463405933403674097932552464,0.9463405933403674097932552464
2021-11-26 12:00:00+00:00,5,WEAK_BEAR,1.0,True,11,False,BULL_STRUCTURE,BULL_STRUCTURE,1.0,0.9471656390856325430007685280,0.9471656390856325430007685280
2021-11-27 12:00:00+00:00,5,WEAK_BEAR,1.0,True,12,False,BULL_STRUCTURE,BULL_STRUCTURE,1.0,0.9470622091694986505093619417,0.9470622091694986505093619417
2021-11-28 12:00:00+00:00,5,WEAK_BEAR,0.17341494681614253,False,12,False,BULL_STRUCTURE,BULL_STRUCTURE,1.0,0.475,0.475
2021-11-29 12:00:00+00:00,5,WEAK_BEAR,9.775492340908389e-15,False,12,False,BULL_STRUCTURE,BULL_STRUCTURE,1.0,0.4784261479677717178430824454,0.4784261479677717178430824454
2021-11-30 12:00:00+00:00,0,STRONG_BEAR,1.0,True,3,False,BULL_STRUCTURE,BULL_STRUCTURE,1.0,0.4764933455323140998234460367,0.4764933455323140998234460367
2021-12-01 12:00:00+00:00,0,STRONG_BEAR,1.0,True,4,False,BULL_STRUCTURE,BULL_STRUCTURE,1.0,0.4727850739235113399393071505,0.4727850739235113399393071505
2021-12-02 12:00:00+00:00,0,STRONG_BEAR,1.0,True,5,False,BULL_STRUCTURE,BULL_STRUCTURE,1.0,0.4756271088458738219962730078,0.4756271088458738219962730078
2021-12-03 12:00:00+00:00,0,STRONG_BEAR,1.0,True,6,False,BULL_STRUCTURE,BULL_STRUCTURE,1.0,0.4253902859078014049982761110,0.4253902859078014049982761110
2021-12-04 12:00:00+00:00,0,STRONG_BEAR,1.0,True,7,False,BULL_STRUCTURE,BULL_STRUCTURE,1.0,0.4395088927497089191159134413,0.4395088927497089191159134413
2021-12-05 12:00:00+00:00,0,STRONG_BEAR,1.0,True,8,False,BULL_STRUCTURE,BULL_STRUCTURE,1.0,0.4361633143779730152818084951,0.4361633143779730152818084951
2021-12-06 12:00:00+00:00,0,STRONG_BEAR,1.0,True,9,False,BULL_STRUCTURE,BULL_STRUCTURE,1.0,0.4503681918641850357220493178,0.4503681918641850357220493178
2021-12-07 12:00:00+00:00,0,STRONG_BEAR,1.0,True,10,False,BULL_STRUCTURE,BULL_STRUCTURE,1.0,0.4392282566437169136505623466,0.4392282566437169136505623466
2021-12-08 12:00:00+00:00,0,STRONG_BEAR,1.0,True,11,False,BULL_STRUCTURE,BULL_STRUCTURE,1.0,0.4390981287804446021376946760,0.4390981287804446021376946760
2021-12-09 12:00:00+00:00,0,STRONG_BEAR,1.0,True,12,False,BULL_STRUCTURE,BULL_STRUCTURE,1.0,0.4368369345194353972694762508,0.4368369345194353972694762508
2021-12-10 12:00:00+00:00,0,STRONG_BEAR,1.0,True,13,False,BULL_STRUCTURE,BULL_STRUCTURE,1.0,0.4344503432051015298661340284,0.4344503432051015298661340284
2021-12-11 12:00:00+00:00,0,STRONG_BEAR,1.0,True,14,False,BULL_STRUCTURE,BULL_STRUCTURE,1.0,0.4389167105464649712933441137,0.4389167105464649712933441137
2021-12-12 12:00:00+00:00,0,STRONG_BEAR,1.0,True,15,False,BULL_STRUCTURE,BULL_STRUCTURE,1.0,0.4375242632267631350710747405,0.4375242632267631350710747405
2021-12-13 12:00:00+00:00,0,STRONG_BEAR,1.0,True,16,False,BULL_STRUCTURE,BULL_STRUCTURE,1.0,0.4312827980088210058390691633,0.4312827980088210058390691633
2021-12-14 12:00:00+00:00,0,STRONG_BEAR,1.0,True,17,False,BULL_STRUCTURE,BULL_STRUCTURE,1.0,0.4339002411101236720268485387,0.4339002411101236720268485387
2021-12-15 12:00:00+00:00,0,STRONG_BEAR,1.0,True,18,False,BULL_STRUCTURE,BULL_STRUCTURE,1.0,0.4393347983109508745188166514,0.4393347983109508745188166514
2021-12-16 12:00:00+00:00,0,STRONG_BEAR,1.0,True,19,False,BULL_STRUCTURE,BULL_STRUCTURE,1.0,0.4286460807111128831028404686,0.4286460807111128831028404686
2021-12-17 12:00:00+00:00,0,STRONG_BEAR,1.0,True,20,False,BULL_STRUCTURE,BULL_STRUCTURE,1.0,0.4284277170399323479140859346,0.4284277170399323479140859346
2021-12-18 12:00:00+00:00,0,STRONG_BEAR,1.0,True,21,False,BULL_STRUCTURE,BULL_STRUCTURE,1.0,0.4288554469535424840283090786,0.4288554469535424840283090786
2021-12-19 12:00:00+00:00,0,STRONG_BEAR,1.0,True,22,False,BULL_STRUCTURE,BULL_STRUCTURE,1.0,0.4232949583310103482077286035,0.4232949583310103482077286035
2021-12-20 12:00:00+00:00,0,STRONG_BEAR,1.0,True,23,False,BULL_STRUCTURE,BULL_STRUCTURE,1.0,0.4376232945930982520345967760,0.4376232945930982520345967760
2021-12-21 12:00:00+00:00,0,STRONG_BEAR,1.0,True,24,False,BULL_STRUCTURE,BULL_STRUCTURE,1.0,0.4382022266403775593741895741,0.4382022266403775593741895741
2021-12-22 12:00:00+00:00,0,STRONG_BEAR,1.0,True,25,False,BULL_STRUCTURE,BULL_STRUCTURE,1.0,0.4350320617247454583286464979,0.4350320617247454583286464979
2021-12-23 12:00:00+00:00,0,STRONG_BEAR,0.966303232229866,True,26,False,BULL_STRUCTURE,BULL_STRUCTURE,1.0,0.4481351058641124205249878010,0.4481351058641124205249878010
2021-12-24 12:00:00+00:00,0,STRONG_BEAR,0.005648578863343039,False,26,False,BULL_STRUCTURE,BULL_STRUCTURE,1.0,0.4466231239114821435677794208,0.4466231239114821435677794208
2021-12-25 12:00:00+00:00,0,STRONG_BEAR,0.9999739195408848,True,27,False,BULL_STRUCTURE,BULL_STRUCTURE,1.0,0.4420303635250324579512362859,0.4420303635250324579512362859
2021-12-26 12:00:00+00:00,0,STRONG_BEAR,0.9395349883546847,True,28,False,BULL_STRUCTURE,BULL_STRUCTURE,1.0,0.4469958205205269854889515733,0.4469958205205269854889515733
2021-12-27 12:00:00+00:00,0,STRONG_BEAR,2.333872319694723e-05,False,28,False,BULL_STRUCTURE,BULL_STRUCTURE,1.0,0.4392977536385209379285939078,0.4392977536385209379285939078
2021-12-28 12:00:00+00:00,0,STRONG_BEAR,7.400067498736595e-09,False,28,False,BULL_STRUCTURE,BULL_STRUCTURE,1.0,0.4318793740605218839810841672,0.4318793740605218839810841672
2021-12-29 12:00:00+00:00,2,WEAK_BULL,0.9999999999781721,True,3,False,BULL_STRUCTURE,BULL_STRUCTURE,1.0,0.4307334802972763246102846911,0.4307334802972763246102846911
2021-12-30 12:00:00+00:00,2,WEAK_BULL,1.0,True,4,False,BULL_STRUCTURE,BULL_STRUCTURE,1.0,0.4330990262895925563573963590,0.4330990262895925563573963590
2021-12-31 12:00:00+00:00,2,WEAK_BULL,1.0,True,5,False,TRANSITION,BULL_STRUCTURE,0.6,0.4268022077909510359842338929,0.4268022077909510359842338929
2022-01-01 12:00:00+00:00,2,WEAK_BULL,0.9999999999254214,True,6,False,TRANSITION,BULL_STRUCTURE,0.6,0.4292851305657432756222842258,0.4292851305657432756222842258
2022-01-02 12:00:00+00:00,2,WEAK_BULL,0.9999995575509344,True,7,False,TRANSITION,BULL_STRUCTURE,0.6,0.4300232885210618458778908436,0.4300232885210618458778908436
2022-01-03 12:00:00+00:00,2,WEAK_BULL,0.9999978230649552,True,8,False,TRANSITION,BULL_STRUCTURE,0.6,0.4266708546714267603673214583,0.4266708546714267603673214583
2022-01-04 12:00:00+00:00,2,WEAK_BULL,0.9999992686683018,True,9,False,TRANSITION,TRANSITION,0.6,0.4242382049093400357574650852,0.4242382049093400357574650852
2022-01-05 12:00:00+00:00,2,WEAK_BULL,0.9999605645652784,True,10,False,TRANSITION,TRANSITION,0.6,0.4057537568169848970128190677,0.4057537568169848970128190677
2022-01-06 12:00:00+00:00,2,WEAK_BULL,0.9999999912906787,True,11,False,TRANSITION,TRANSITION,0.6,0.4022483300689050236732679227,0.4022483300689050236732679227
2022-01-07 12:00:00+00:00,2,WEAK_BULL,1.0,True,12,False,TRANSITION,TRANSITION,0.6,0.4004311789798697759731626242,0.4004311789798697759731626242
2022-01-08 12:00:00+00:00,2,WEAK_BULL,1.0,True,13,False,TRANSITION,TRANSITION,0.6,0.3999579635410382424369771651,0.3999579635410382424369771651
2022-01-09 12:00:00+00:00,2,WEAK_BULL,1.0,True,14,False,TRANSITION,TRANSITION,0.6,0.3982774764359054434180016533,0.3982774764359054434180016533
2022-01-10 12:00:00+00:00,2,WEAK_BULL,1.0,True,15,False,TRANSITION,TRANSITION,0.6,0.3996847515389089498629397044,0.3996847515389089498629397044
2022-01-11 12:00:00+00:00,2,WEAK_BULL,1.0,True,16,False,TRANSITION,TRANSITION,0.6,0.4060773699364636255518492403,0.4060773699364636255518492403
2022-01-12 12:00:00+00:00,2,WEAK_BULL,1.0,True,17,False,TRANSITION,TRANSITION,0.6,0.4097971544744765044502925937,0.4097971544744765044502925937
2022-01-13 12:00:00+00:00,2,WEAK_BULL,1.0,True,18,False,TRANSITION,TRANSITION,0.6,0.4008471745093562838078884148,0.4008471745093562838078884148
2022-01-14 12:00:00+00:00,2,WEAK_BULL,1.0,True,19,False,TRANSITION,TRANSITION,0.6,0.4065357704732476295160496325,0.4065357704732476295160496325
2022-01-15 12:00:00+00:00,2,WEAK_BULL,1.0,True,20,False,TRANSITION,TRANSITION,0.6,0.4062591422142933038656375150,0.4062591422142933038656375150
2022-01-16 12:00:00+00:00,2,WEAK_BULL,1.0,True,21,False,TRANSITION,TRANSITION,0.6,0.4045872803644654226750600508,0.4045872803644654226750600508
2022-01-17 12:00:00+00:00,2,WEAK_BULL,1.0,True,22,False,TRANSITION,TRANSITION,0.6,0.3999380102205059605658767027,0.3999380102205059605658767027
2022-01-18 12:00:00+00:00,2,WEAK_BULL,1.0,True,23,False,TRANSITION,TRANSITION,0.6,0.4009618263892737807283940058,0.4009618263892737807283940058
2022-01-19 12:00:00+00:00,2,WEAK_BULL,1.0,True,24,False,TRANSITION,TRANSITION,0.6,0.4015124121676210508910082146,0.4015124121676210508910082146
2022-01-20 12:00:00+00:00,2,WEAK_BULL,1.0,True,25,False,TRANSITION,TRANSITION,0.6,0.3824961632358974037720707795,0.3824961632358974037720707795
2022-01-21 12:00:00+00:00,2,WEAK_BULL,1.0,True,26,False,TRANSITION,TRANSITION,0.6,0.3605422600199854344786866876,0.3605422600199854344786866876
2022-01-22 12:00:00+00:00,2,WEAK_BULL,1.0,True,27,False,TRANSITION,TRANSITION,0.6,0.3623572567027612691175264897,0.3623572567027612691175264897
2022-01-23 12:00:00+00:00,2,WEAK_BULL,1.0,True,28,False,TRANSITION,TRANSITION,0.6,0.60,0.60
2022-01-24 12:00:00+00:00,2,WEAK_BULL,1.0,True,29,False,TRANSITION,TRANSITION,0.6,0.6185935481424238071528136367,0.6
2022-01-25 12:00:00+00:00,2,WEAK_BULL,0.00011695594744815381,False,29,False,TRANSITION,TRANSITION,0.6,0.30,0.30
2022-01-26 12:00:00+00:00,2,WEAK_BULL,4.1711862660139753e-07,False,29,False,TRANSITION,TRANSITION,0.6,0.2923470396932693933981446418,0.2923470396932693933981446418
2022-01-27 12:00:00+00:00,5,WEAK_BEAR,1.0,True,3,False,TRANSITION,TRANSITION,0.6,0.95,0.6
2022-01-28 12:00:00+00:00,5,WEAK_BEAR,1.0,True,4,False,TRANSITION,TRANSITION,0.6,0.95,0.6
2022-01-29 12:00:00+00:00,5,WEAK_BEAR,1.0,True,5,False,TRANSITION,TRANSITION,0.6,0.95,0.6
2022-01-30 12:00:00+00:00,5,WEAK_BEAR,1.0,True,6,False,TRANSITION,TRANSITION,0.6,0.95,0.6
2022-01-31 12:00:00+00:00,5,WEAK_BEAR,1.0,True,7,False,TRANSITION,TRANSITION,0.6,0.95,0.6
2022-02-01 12:00:00+00:00,5,WEAK_BEAR,1.0,True,8,False,TRANSITION,TRANSITION,0.6,0.95,0.6
2022-02-02 12:00:00+00:00,5,WEAK_BEAR,0.999999999996362,True,9,False,TRANSITION,TRANSITION,0.6,0.95,0.6
2022-02-03 12:00:00+00:00,5,WEAK_BEAR,2.9172294697501476e-28,False,9,False,TRANSITION,TRANSITION,0.6,0.6065805102756767524628801049,0.6
2022-02-04 12:00:00+00:00,5,WEAK_BEAR,9.018488194573218e-98,False,9,False,TRANSITION,TRANSITION,0.6,0.6217307320929098433886356287,0.6
2022-02-05 12:00:00+00:00,0,STRONG_BEAR,1.0,True,3,False,TRANSITION,TRANSITION,0.6,0.6005457326307117012731946184,0.6
2022-02-06 12:00:00+00:00,0,STRONG_BEAR,0.9999999999854481,True,4,False,TRANSITION,TRANSITION,0.6,0.95,0.6
2022-02-07 12:00:00+00:00,0,STRONG_BEAR,8.65192401705636e-06,False,4,False,TRANSITION,TRANSITION,0.6,0.6070034444018833885993147282,0.6
2022-02-08 12:00:00+00:00,0,STRONG_BEAR,1.1857040228251216e-05,False,4,False,TRANSITION,TRANSITION,0.6,0.5985103215290715781441322798,0.5985103215290715781441322798
2022-02-09 12:00:00+00:00,1,STRONG_BULL,1.0,True,3,False,TRANSITION,TRANSITION,0.6,0.95,0.6
2022-02-10 12:00:00+00:00,1,STRONG_BULL,1.0,True,4,False,TRANSITION,TRANSITION,0.6,0.95,0.6
2022-02-11 12:00:00+00:00,1,STRONG_BULL,1.0,True,5,False,TRANSITION,TRANSITION,0.6,0.95,0.6
2022-02-12 12:00:00+00:00,1,STRONG_BULL,0.9937053898710506,True,6,False,TRANSITION,TRANSITION,0.6,0.95,0.6
2022-02-13 12:00:00+00:00,1,STRONG_BULL,0.7618330191564038,True,7,False,TRANSITION,TRANSITION,0.6,0.95,0.6
2022-02-14 12:00:00+00:00,1,STRONG_BULL,0.0025465524120540225,False,7,False,TRANSITION,TRANSITION,0.6,0.6117302499989519665356168564,0.6
2022-02-15 12:00:00+00:00,1,STRONG_BULL,9.104428414823113e-20,False,7,False,TRANSITION,TRANSITION,0.6,0.5996794275351990119454416162,0.5996794275351990119454416162
2022-02-16 12:00:00+00:00,3,EUPHORIA,1.0,True,3,False,TRANSITION,TRANSITION,0.6,0.5941191879275249626987033766,0.5941191879275249626987033766
2022-02-17 12:00:00+00:00,3,EUPHORIA,1.0,True,4,False,TRANSITION,TRANSITION,0.6,0.5767279155033357125755764854,0.5767279155033357125755764854
2022-02-18 12:00:00+00:00,3,EUPHORIA,1.0,True,1,False,TRANSITION,TRANSITION,0.6,0.95,0.6
2022-02-19 12:00:00+00:00,3,EUPHORIA,1.0,True,2,False,TRANSITION,TRANSITION,0.6,0.95,0.6
2022-02-20 12:00:00+00:00,3,EUPHORIA,1.0,True,3,False,TRANSITION,TRANSITION,0.6,0.95,0.6
2022-02-21 12:00:00+00:00,3,EUPHORIA,1.0,True,4,False,TRANSITION,TRANSITION,0.6,0.95,0.6
2022-02-22 12:00:00+00:00,3,EUPHORIA,1.0,True,5,False,TRANSITION,TRANSITION,0.6,0.95,0.6
2022-02-23 12:00:00+00:00,3,EUPHORIA,1.0,True,6,False,TRANSITION,TRANSITION,0.6,0.95,0.6
2022-02-24 12:00:00+00:00,3,EUPHORIA,1.0,True,7,False,TRANSITION,TRANSITION,0.6,0.95,0.6
2022-02-25 12:00:00+00:00,3,EUPHORIA,1.0,True,8,False,TRANSITION,TRANSITION,0.6,0.95,0.6
2022-02-26 12:00:00+00:00,3,EUPHORIA,1.0,True,9,False,TRANSITION,TRANSITION,0.6,0.95,0.6
2022-02-27 12:00:00+00:00,3,EUPHORIA,1.0,True,10,False,TRANSITION,TRANSITION,0.6,0.95,0.6
2022-02-28 12:00:00+00:00,3,EUPHORIA,1.0,True,11,False,TRANSITION,TRANSITION,0.6,0.95,0.6
2022-03-01 12:00:00+00:00,3,EUPHORIA,1.0,True,12,False,TRANSITION,TRANSITION,0.6,0.95,0.6
2022-03-02 12:00:00+00:00,3,EUPHORIA,1.0,True,13,False,TRANSITION,TRANSITION,0.6,0.95,0.6
2022-03-03 12:00:00+00:00,3,EUPHORIA,1.0,True,14,False,TRANSITION,TRANSITION,0.6,0.95,0.6
2022-03-04 12:00:00+00:00,3,EUPHORIA,1.0,True,15,False,TRANSITION,TRANSITION,0.6,0.95,0.6
2022-03-05 12:00:00+00:00,3,EUPHORIA,1.0,True,16,False,TRANSITION,TRANSITION,0.6,0.95,0.6
2022-03-06 12:00:00+00:00,3,EUPHORIA,1.0,True,17,False,TRANSITION,TRANSITION,0.6,0.95,0.6
2022-03-07 12:00:00+00:00,3,EUPHORIA,0.9999999998904059,True,18,False,BEAR_STRUCTURE,TRANSITION,0.3,0.95,0.3
2022-03-08 12:00:00+00:00,3,EUPHORIA,0.9999999999995453,True,19,False,BEAR_STRUCTURE,TRANSITION,0.3,0.95,0.3
2022-03-09 12:00:00+00:00,3,EUPHORIA,2.9387298828194684e-09,False,19,False,BEAR_STRUCTURE,TRANSITION,0.3,0.2843417658734567201807444716,0.2843417658734567201807444716
2022-03-10 12:00:00+00:00,3,EUPHORIA,0.1634438459457703,False,19,False,BEAR_STRUCTURE,TRANSITION,0.3,0.2885727202777601435565197257,0.2885727202777601435565197257
2022-03-11 12:00:00+00:00,3,EUPHORIA,0.9999999998585736,True,20,False,BEAR_STRUCTURE,BEAR_STRUCTURE,0.3,0.95,0.3
2022-03-12 12:00:00+00:00,3,EUPHORIA,1.0,True,21,False,BEAR_STRUCTURE,BEAR_STRUCTURE,0.3,0.95,0.3
2022-03-13 12:00:00+00:00,3,EUPHORIA,1.0,True,22,False,BEAR_STRUCTURE,BEAR_STRUCTURE,0.3,0.95,0.3
2022-03-14 12:00:00+00:00,3,EUPHORIA,1.0,True,23,False,BEAR_STRUCTURE,BEAR_STRUCTURE,0.3,0.95,0.3
2022-03-15 12:00:00+00:00,3,EUPHORIA,1.0,True,24,False,BEAR_STRUCTURE,BEAR_STRUCTURE,0.3,0.95,0.3
2022-03-16 12:00:00+00:00,3,EUPHORIA,1.0,True,25,False,BEAR_STRUCTURE,BEAR_STRUCTURE,0.3,0.95,0.3
2022-03-17 12:00:00+00:00,3,EUPHORIA,1.0,True,26,False,BEAR_STRUCTURE,BEAR_STRUCTURE,0.3,0.95,0.3
2022-03-18 12:00:00+00:00,3,EUPHORIA,1.0,True,27,False,BEAR_STRUCTURE,BEAR_STRUCTURE,0.3,0.95,0.3
2022-03-19 12:00:00+00:00,3,EUPHORIA,1.0,True,28,False,BEAR_STRUCTURE,BEAR_STRUCTURE,0.3,0.95,0.3
2022-03-20 12:00:00+00:00,3,EUPHORIA,0.9305407250330832,True,29,False,BEAR_STRUCTURE,BEAR_STRUCTURE,0.3,0.95,0.3
2022-03-21 12:00:00+00:00,3,EUPHORIA,1.0,True,30,False,BEAR_STRUCTURE,BEAR_STRUCTURE,0.3,0.95,0.3
2022-03-22 12:00:00+00:00,3,EUPHORIA,1.0,True,31,False,BEAR_STRUCTURE,BEAR_STRUCTURE,0.3,0.95,0.3
2022-03-23 12:00:00+00:00,3,EUPHORIA,1.0,True,32,False,BEAR_STRUCTURE,BEAR_STRUCTURE,0.3,0.95,0.3
2022-03-24 12:00:00+00:00,3,EUPHORIA,1.0,True,33,False,BEAR_STRUCTURE,BEAR_STRUCTURE,0.3,0.95,0.3
2022-03-25 12:00:00+00:00,3,EUPHORIA,1.0,True,34,False,BEAR_STRUCTURE,BEAR_STRUCTURE,0.3,0.95,0.3
2022-03-26 12:00:00+00:00,3,EUPHORIA,1.0,True,35,False,BEAR_STRUCTURE,BEAR_STRUCTURE,0.3,0.95,0.3
2022-03-27 12:00:00+00:00,3,EUPHORIA,1.0,True,36,False,BEAR_STRUCTURE,BEAR_STRUCTURE,0.3,0.95,0.3
2022-03-28 12:00:00+00:00,3,EUPHORIA,1.0,True,37,False,BEAR_STRUCTURE,BEAR_STRUCTURE,0.3,0.95,0.3
2022-03-29 12:00:00+00:00,3,EUPHORIA,1.0,True,38,False,BEAR_STRUCTURE,BEAR_STRUCTURE,0.3,0.95,0.3
2022-03-30 12:00:00+00:00,3,EUPHORIA,1.0,True,39,False,BEAR_STRUCTURE,BEAR_STRUCTURE,0.3,0.95,0.3
2022-03-31 12:00:00+00:00,3,EUPHORIA,1.0,True,40,False,BEAR_STRUCTURE,BEAR_STRUCTURE,0.3,0.95,0.3
2022-04-01 12:00:00+00:00,3,EUPHORIA,1.0,True,41,False,BEAR_STRUCTURE,BEAR_STRUCTURE,0.3,0.95,0.3
2022-04-02 12:00:00+00:00,3,EUPHORIA,1.0,True,42,False,BEAR_STRUCTURE,BEAR_STRUCTURE,0.3,0.95,0.3
2022-04-03 12:00:00+00:00,3,EUPHORIA,1.0,True,43,False,BEAR_STRUCTURE,BEAR_STRUCTURE,0.3,0.95,0.3
2022-04-04 12:00:00+00:00,3,EUPHORIA,1.0,True,44,False,BEAR_STRUCTURE,BEAR_STRUCTURE,0.3,0.95,0.3
2022-04-05 12:00:00+00:00,3,EUPHORIA,1.0,True,45,False,BEAR_STRUCTURE,BEAR_STRUCTURE,0.3,0.95,0.3
2022-04-06 12:00:00+00:00,3,EUPHORIA,1.0,True,46,False,BEAR_STRUCTURE,BEAR_STRUCTURE,0.3,0.95,0.3
2022-04-07 12:00:00+00:00,3,EUPHORIA,1.0,True,47,False,BEAR_STRUCTURE,BEAR_STRUCTURE,0.3,0.95,0.3
2022-04-08 12:00:00+00:00,3,EUPHORIA,1.0,True,48,False,BEAR_STRUCTURE,BEAR_STRUCTURE,0.3,0.95,0.3
2022-04-09 12:00:00+00:00,3,EUPHORIA,1.0,True,49,False,BEAR_STRUCTURE,BEAR_STRUCTURE,0.3,0.95,0.3
2022-04-10 12:00:00+00:00,3,EUPHORIA,0.9190494367123572,True,50,False,BEAR_STRUCTURE,BEAR_STRUCTURE,0.3,0.95,0.3
2022-04-11 12:00:00+00:00,3,EUPHORIA,0.9989404249893125,True,51,False,BEAR_STRUCTURE,BEAR_STRUCTURE,0.3,0.95,0.3
2022-04-12 12:00:00+00:00,3,EUPHORIA,0.004564461281086385,False,51,False,BEAR_STRUCTURE,BEAR_STRUCTURE,0.3,0.2965714152421492343507939865,0.2965714152421492343507939865
2022-04-13 12:00:00+00:00,3,EUPHORIA,0.5772870776059171,True,52,False,BEAR_STRUCTURE,BEAR_STRUCTURE,0.3,0.95,0.3
2022-04-14 12:00:00+00:00,3,EUPHORIA,0.08807553167713036,False,52,False,BEAR_STRUCTURE,BEAR_STRUCTURE,0.3,0.2963848140552368805233183572,0.2963848140552368805233183572
2022-04-15 12:00:00+00:00,3,EUPHORIA,0.00033873577605422837,False,52,False,BEAR_STRUCTURE,BEAR_STRUCTURE,0.3,0.2974045206260723336508285286,0.2974045206260723336508285286
2022-04-16 12:00:00+00:00,3,EUPHORIA,0.995846145075154,True,53,False,BEAR_STRUCTURE,BEAR_STRUCTURE,0.3,0.95,0.3
2022-04-17 12:00:00+00:00,3,EUPHORIA,0.7532346996814501,True,54,False,BEAR_STRUCTURE,BEAR_STRUCTURE,0.3,0.95,0.3
2022-04-18 12:00:00+00:00,3,EUPHORIA,0.999449786742112,True,55,False,BEAR_STRUCTURE,BEAR_STRUCTURE,0.3,0.95,0.3
2022-04-19 12:00:00+00:00,3,EUPHORIA,0.9999950796876049,True,56,False,BEAR_STRUCTURE,BEAR_STRUCTURE,0.3,0.95,0.3
2022-04-20 12:00:00+00:00,3,EUPHORIA,0.9999990608553024,True,57,False,BEAR_STRUCTURE,BEAR_STRUCTURE,0.3,0.95,0.3
2022-04-21 12:00:00+00:00,3,EUPHORIA,1.8691422851814308e-05,False,57,False,BEAR_STRUCTURE,BEAR_STRUCTURE,0.3,0.2906986873798248439755055434,0.2906986873798248439755055434
2022-04-22 12:00:00+00:00,3,EUPHORIA,3.990771084767697e-09,False,57,False,BEAR_STRUCTURE,BEAR_STRUCTURE,0.3,0.2856711989187548459185422352,0.2856711989187548459185422352
2022-04-23 12:00:00+00:00,1,BEAR,0.9999999999631655,True,3,False,BEAR_STRUCTURE,BEAR_STRUCTURE,0.3,0.95,0.3
2022-04-24 12:00:00+00:00,1,BEAR,1.0,True,4,False,BEAR_STRUCTURE,BEAR_STRUCTURE,0.3,0.95,0.3
2022-04-25 12:00:00+00:00,1,BEAR,0.9368585955857047,True,5,False,BEAR_STRUCTURE,BEAR_STRUCTURE,0.3,0.95,0.3
2022-04-26 12:00:00+00:00,1,BEAR,0.9928688382814169,True,6,False,BEAR_STRUCTURE,BEAR_STRUCTURE,0.3,0.95,0.3
2022-04-27 12:00:00+00:00,1,BEAR,0.08859234332466949,False,6,False,BEAR_STRUCTURE,BEAR_STRUCTURE,0.3,0.3035475380971480890334828049,0.3
2022-04-28 12:00:00+00:00,1,BEAR,0.018984725106977993,False,6,False,BEAR_STRUCTURE,BEAR_STRUCTURE,0.3,0.2950412569592727980216676431,0.2950412569592727980216676431
2022-04-29 12:00:00+00:00,1,BEAR,0.9281413515437414,True,7,False,BEAR_STRUCTURE,BEAR_STRUCTURE,0.3,0.95,0.3
2022-04-30 12:00:00+00:00,1,BEAR,0.9986259743734497,True,8,False,BEAR_STRUCTURE,BEAR_STRUCTURE,0.3,0.95,0.3
2022-05-01 12:00:00+00:00,1,BEAR,0.9885813212811119,True,9,False,BEAR_STRUCTURE,BEAR_STRUCTURE,0.3,0.95,0.3
2022-05-02 12:00:00+00:00,1,BEAR,0.045439563891360765,False,9,False,BEAR_STRUCTURE,BEAR_STRUCTURE,0.3,0.3002235733027527314095587631,0.3
2022-05-03 12:00:00+00:00,1,BEAR,0.03359069347826401,False,9,False,BEAR_STRUCTURE,BEAR_STRUCTURE,0.3,0.3025703438984328136551288718,0.3
2022-05-04 12:00:00+00:00,3,EUPHORIA,0.9999999999940883,True,3,False,BEAR_STRUCTURE,BEAR_STRUCTURE,0.3,0.95,0.3
2022-05-05 12:00:00+00:00,3,EUPHORIA,0.013344470935563887,False,3,False,BEAR_STRUCTURE,BEAR_STRUCTURE,0.3,0.2796884159281669637956120541,0.2796884159281669637956120541
2022-05-06 12:00:00+00:00,3,EUPHORIA,2.772134174394094e-07,False,3,False,BEAR_STRUCTURE,BEAR_STRUCTURE,0.3,0.2812335849801958237369341882,0.2812335849801958237369341882
2022-05-07 12:00:00+00:00,1,BEAR,0.9999999999649845,True,3,False,BEAR_STRUCTURE,BEAR_STRUCTURE,0.3,0.95,0.3
2022-05-08 12:00:00+00:00,1,BEAR,1.0,True,4,False,BEAR_STRUCTURE,BEAR_STRUCTURE,0.3,0.95,0.3
2022-05-09 12:00:00+00:00,1,BEAR,3.067204876054241e-26,False,4,False,BEAR_STRUCTURE,BEAR_STRUCTURE,0.3,0.2903580139482063931826022500,0.2903580139482063931826022500
2022-05-10 12:00:00+00:00,1,BEAR,6.590858093855568e-21,False,4,False,BEAR_STRUCTURE,BEAR_STRUCTURE,0.3,0.2897770290277650668462454151,0.2897770290277650668462454151
2022-05-11 12:00:00+00:00,2,CRASH,1.0,True,3,False,BEAR_STRUCTURE,BEAR_STRUCTURE,0.3,0.2692264057437982899064001575,0.2692264057437982899064001575
2022-05-12 12:00:00+00:00,2,CRASH,1.0,True,4,False,BEAR_STRUCTURE,BEAR_STRUCTURE,0.3,0.2840857634925368012668282506,0.2840857634925368012668282506
2022-05-13 12:00:00+00:00,2,CRASH,1.0,True,5,False,BEAR_STRUCTURE,BEAR_STRUCTURE,0.3,0.2733575258595903416193964862,0.2733575258595903416193964862
2022-05-14 12:00:00+00:00,2,CRASH,1.0,True,6,False,BEAR_STRUCTURE,BEAR_STRUCTURE,0.3,0.2812453290233906794198722210,0.2812453290233906794198722210
2022-05-15 12:00:00+00:00,2,CRASH,1.0,True,7,False,BEAR_STRUCTURE,BEAR_STRUCTURE,0.3,0.2792981796489128077397831909,0.2792981796489128077397831909
2022-05-16 12:00:00+00:00,2,CRASH,1.0,True,8,False,BEAR_STRUCTURE,BEAR_STRUCTURE,0.3,0.2817664020098097675037986335,0.2817664020098097675037986335
2022-05-17 12:00:00+00:00,2,CRASH,1.0,True,9,False,BEAR_STRUCTURE,BEAR_STRUCTURE,0.3,0.2785085093184625917008045745,0.2785085093184625917008045745
2022-05-18 12:00:00+00:00,2,CRASH,0.9999999994442987,True,10,False,BEAR_STRUCTURE,BEAR_STRUCTURE,0.3,0.2762560467221241700375696407,0.2762560467221241700375696407
2022-05-19 12:00:00+00:00,2,CRASH,0.10708525432673778,False,10,False,BEAR_STRUCTURE,BEAR_STRUCTURE,0.3,0.2823972762807252530315334079,0.2823972762807252530315334079
2022-05-20 12:00:00+00:00,2,CRASH,0.9999921568667726,True,11,False,BEAR_STRUCTURE,BEAR_STRUCTURE,0.3,0.2748149901506780878416424265,0.2748149901506780878416424265
2022-05-21 12:00:00+00:00,2,CRASH,1.4494728550505593e-09,False,11,False,BEAR_STRUCTURE,BEAR_STRUCTURE,0.3,0.2789389147934709878768190064,0.2789389147934709878768190064
2022-05-22 12:00:00+00:00,2,CRASH,1.2689823198197881e-14,False,11,False,BEAR_STRUCTURE,BEAR_STRUCTURE,0.3,0.2822842539432926029373797057,0.2822842539432926029373797057
2022-05-23 12:00:00+00:00,2,CRASH,0.00027436881782245796,False,11,False,BEAR_STRUCTURE,BEAR_STRUCTURE,0.3,0.2748676535564114512148896196,0.2748676535564114512148896196
2022-05-24 12:00:00+00:00,2,CRASH,0.14797481677765661,False,11,False,BEAR_STRUCTURE,BEAR_STRUCTURE,0.3,0.2756374750576660986140299959,0.2756374750576660986140299959
2022-05-25 12:00:00+00:00,2,CRASH,2.8306486183787987e-16,False,11,False,BEAR_STRUCTURE,BEAR_STRUCTURE,0.3,0.2728390225258698712602099980,0.2728390225258698712602099980
2022-05-26 12:00:00+00:00,2,CRASH,1.1371878579666695e-16,False,11,False,BEAR_STRUCTURE,BEAR_STRUCTURE,0.3,0.2722539987503601315609122989,0.2722539987503601315609122989
2022-05-27 12:00:00+00:00,3,EUPHORIA,1.0,True,3,False,BEAR_STRUCTURE,BEAR_STRUCTURE,0.3,0.95,0.3
2022-05-28 12:00:00+00:00,3,EUPHORIA,1.0,True,4,False,BEAR_STRUCTURE,BEAR_STRUCTURE,0.3,0.95,0.3
2022-05-29 12:00:00+00:00,3,EUPHORIA,1.0,True,5,False,BEAR_STRUCTURE,BEAR_STRUCTURE,0.3,0.95,0.3
2022-05-30 12:00:00+00:00,3,EUPHORIA,1.0,True,6,False,BEAR_STRUCTURE,BEAR_STRUCTURE,0.3,0.95,0.3
2022-05-31 12:00:00+00:00,3,EUPHORIA,1.0,True,7,False,BEAR_STRUCTURE,BEAR_STRUCTURE,0.3,0.95,0.3
2022-06-01 12:00:00+00:00,3,EUPHORIA,0.8433513091486096,True,8,False,BEAR_STRUCTURE,BEAR_STRUCTURE,0.3,0.95,0.3
2022-06-02 12:00:00+00:00,3,EUPHORIA,0.9999999998062776,True,9,False,BEAR_STRUCTURE,BEAR_STRUCTURE,0.3,0.95,0.3
2022-06-03 12:00:00+00:00,3,EUPHORIA,0.8258500363737042,True,10,False,BEAR_STRUCTURE,BEAR_STRUCTURE,0.3,0.95,0.3
2022-06-04 12:00:00+00:00,3,EUPHORIA,0.24265800695880085,False,10,False,BEAR_STRUCTURE,BEAR_STRUCTURE,0.3,0.2997218486093627271480635881,0.2997218486093627271480635881
2022-06-05 12:00:00+00:00,3,EUPHORIA,0.9999999999990905,True,11,False,BEAR_STRUCTURE,BEAR_STRUCTURE,0.3,0.95,0.3
2022-06-06 12:00:00+00:00,3,EUPHORIA,0.9999998640069044,True,12,False,BEAR_STRUCTURE,BEAR_STRUCTURE,0.3,0.95,0.3
2022-06-07 12:00:00+00:00,3,EUPHORIA,1.0,True,13,False,BEAR_STRUCTURE,BEAR_STRUCTURE,0.3,0.95,0.3
2022-06-08 12:00:00+00:00,3,EUPHORIA,1.0,True,14,False,BEAR_STRUCTURE,BEAR_STRUCTURE,0.3,0.95,0.3
2022-06-09 12:00:00+00:00,3,EUPHORIA,1.0,True,15,False,BEAR_STRUCTURE,BEAR_STRUCTURE,0.3,0.95,0.3
2022-06-10 12:00:00+00:00,3,EUPHORIA,1.0,True,16,False,BEAR_STRUCTURE,BEAR_STRUCTURE,0.3,0.95,0.3
2022-06-11 12:00:00+00:00,3,EUPHORIA,0.9999999727860999,True,17,False,BEAR_STRUCTURE,BEAR_STRUCTURE,0.3,0.95,0.3
2022-06-12 12:00:00+00:00,3,EUPHORIA,3.1221676555920263e-133,False,17,False,BEAR_STRUCTURE,BEAR_STRUCTURE,0.3,0.2702769245662222165875347732,0.2702769245662222165875347732
2022-06-13 12:00:00+00:00,3,EUPHORIA,0.0,False,17,False,BEAR_STRUCTURE,BEAR_STRUCTURE,0.3,0.2555668697149232616122865368,0.2555668697149232616122865368
2022-06-14 12:00:00+00:00,2,CRASH,1.0,True,3,False,BEAR_STRUCTURE,BEAR_STRUCTURE,0.3,0.50,0.3
2022-06-15 12:00:00+00:00,2,CRASH,1.0,True,4,False,BEAR_STRUCTURE,BEAR_STRUCTURE,0.3,0.2987029485360480893259535229,0.2987029485360480893259535229
2022-06-16 12:00:00+00:00,2,CRASH,1.0,True,5,False,BEAR_STRUCTURE,BEAR_STRUCTURE,0.3,0.2979804333359675717216350533,0.2979804333359675717216350533
2022-06-17 12:00:00+00:00,2,CRASH,1.0,True,6,False,BEAR_STRUCTURE,BEAR_STRUCTURE,0.3,0.2803098266493433468210912604,0.2803098266493433468210912604
2022-06-18 12:00:00+00:00,2,CRASH,1.0,True,7,False,BEAR_STRUCTURE,BEAR_STRUCTURE,0.3,0.2849811799250985153929056993,0.2849811799250985153929056993
2022-06-19 12:00:00+00:00,2,CRASH,1.0,True,8,False,BEAR_STRUCTURE,BEAR_STRUCTURE,0.3,0.2962781367250143035541191090,0.2962781367250143035541191090
2022-06-20 12:00:00+00:00,2,CRASH,1.0,True,9,False,BEAR_STRUCTURE,BEAR_STRUCTURE,0.3,0.2978844643900405384884532602,0.2978844643900405384884532602
2022-06-21 12:00:00+00:00,2,CRASH,1.0,True,10,False,BEAR_STRUCTURE,BEAR_STRUCTURE,0.3,0.2933039079242697362467678489,0.2933039079242697362467678489
2022-06-22 12:00:00+00:00,2,CRASH,1.0,True,11,False,BEAR_STRUCTURE,BEAR_STRUCTURE,0.3,0.2946405776598715631407463980,0.2946405776598715631407463980
2022-06-23 12:00:00+00:00,2,CRASH,1.0,True,12,False,BEAR_STRUCTURE,BEAR_STRUCTURE,0.3,0.2999448086164268101813243155,0.2999448086164268101813243155
2022-06-24 12:00:00+00:00,2,CRASH,0.9999998480079855,True,13,False,BEAR_STRUCTURE,BEAR_STRUCTURE,0.3,0.3016337766831004596468120733,0.3
2022-06-25 12:00:00+00:00,2,CRASH,0.9999499963975117,True,14,False,BEAR_STRUCTURE,BEAR_STRUCTURE,0.3,0.3036042834758271369955925370,0.3
2022-06-26 12:00:00+00:00,2,CRASH,8.434102700064194e-06,False,14,False,BEAR_STRUCTURE,BEAR_STRUCTURE,0.3,0.2960704778132729689163974952,0.2960704778132729689163974952
2022-06-27 12:00:00+00:00,2,CRASH,1.5692242437962725e-13,False,14,False,BEAR_STRUCTURE,BEAR_STRUCTURE,0.3,0.2930600906923985955455202635,0.2930600906923985955455202635
2022-06-28 12:00:00+00:00,0,NEUTRAL,0.9994962996448777,True,3,False,BEAR_STRUCTURE,BEAR_STRUCTURE,0.3,0.60,0.3
2022-06-29 12:00:00+00:00,0,NEUTRAL,9.473770362457568e-13,False,3,False,BEAR_STRUCTURE,BEAR_STRUCTURE,0.3,0.2893644226566508098188928531,0.2893644226566508098188928531
2022-06-30 12:00:00+00:00,0,NEUTRAL,0.11330012447795834,False,3,False,BEAR_STRUCTURE,BEAR_STRUCTURE,0.3,0.2903284412583165795274287309,0.2903284412583165795274287309
2022-07-01 12:00:00+00:00,0,NEUTRAL,0.9999999984247552,True,4,False,BEAR_STRUCTURE,BEAR_STRUCTURE,0.3,0.60,0.3
2022-07-02 12:00:00+00:00,0,NEUTRAL,1.0,True,5,False,BEAR_STRUCTURE,BEAR_STRUCTURE,0.3,0.60,0.3
2022-07-03 12:00:00+00:00,0,NEUTRAL,1.0,True,6,False,BEAR_STRUCTURE,BEAR_STRUCTURE,0.3,0.60,0.3
2022-07-04 12:00:00+00:00,0,NEUTRAL,1.0,True,7,False,BEAR_STRUCTURE,BEAR_STRUCTURE,0.3,0.60,0.3
2022-07-05 12:00:00+00:00,0,NEUTRAL,1.0,True,8,False,BEAR_STRUCTURE,BEAR_STRUCTURE,0.3,0.60,0.3
2022-07-06 12:00:00+00:00,0,NEUTRAL,1.0,True,9,False,BEAR_STRUCTURE,BEAR_STRUCTURE,0.3,0.60,0.3
2022-07-07 12:00:00+00:00,0,NEUTRAL,5.900184070940261e-19,False,9,False,BEAR_STRUCTURE,BEAR_STRUCTURE,0.3,0.3108495885535992108214419030,0.3
2022-07-08 12:00:00+00:00,0,NEUTRAL,1.9827881501636423e-74,False,9,False,BEAR_STRUCTURE,BEAR_STRUCTURE,0.3,0.2986685230501415748849803232,0.2986685230501415748849803232
2022-07-09 12:00:00+00:00,3,EUPHORIA,1.0,True,3,False,BEAR_STRUCTURE,BEAR_STRUCTURE,0.3,0.95,0.3
2022-07-10 12:00:00+00:00,3,EUPHORIA,1.0,True,4,False,BEAR_STRUCTURE,BEAR_STRUCTURE,0.3,0.95,0.3
2022-07-11 12:00:00+00:00,3,EUPHORIA,1.0,True,5,False,BEAR_STRUCTURE,BEAR_STRUCTURE,0.3,0.95,0.3
2022-07-12 12:00:00+00:00,3,EUPHORIA,0.9999999999899956,True,6,False,BEAR_STRUCTURE,BEAR_STRUCTURE,0.3,0.95,0.3
2022-07-13 12:00:00+00:00,3,EUPHORIA,0.0015453935572049022,False,6,False,BEAR_STRUCTURE,BEAR_STRUCTURE,0.3,0.2996032813047222337567212820,0.2996032813047222337567212820
2022-07-14 12:00:00+00:00,3,EUPHORIA,0.9998745552646968,True,7,False,BEAR_STRUCTURE,BEAR_STRUCTURE,0.3,0.95,0.3
2022-07-15 12:00:00+00:00,3,EUPHORIA,0.4320947421438769,False,7,False,BEAR_STRUCTURE,BEAR_STRUCTURE,0.3,0.2984504833825291666547707361,0.2984504833825291666547707361
2022-07-16 12:00:00+00:00,3,EUPHORIA,1.0,True,8,False,BEAR_STRUCTURE,BEAR_STRUCTURE,0.3,0.95,0.3
2022-07-17 12:00:00+00:00,3,EUPHORIA,1.0,True,9,False,BEAR_STRUCTURE,BEAR_STRUCTURE,0.3,0.95,0.3
2022-07-18 12:00:00+00:00,3,EUPHORIA,1.0,True,10,False,BEAR_STRUCTURE,BEAR_STRUCTURE,0.3,0.95,0.3
2022-07-19 12:00:00+00:00,3,EUPHORIA,1.0,True,11,False,BEAR_STRUCTURE,BEAR_STRUCTURE,0.3,0.95,0.3
2022-07-20 12:00:00+00:00,3,EUPHORIA,1.0,True,12,False,BEAR_STRUCTURE,BEAR_STRUCTURE,0.3,0.95,0.3
2022-07-21 12:00:00+00:00,3,EUPHORIA,1.0,True,13,False,BEAR_STRUCTURE,BEAR_STRUCTURE,0.3,0.95,0.3
2022-07-22 12:00:00+00:00,3,EUPHORIA,1.0,True,14,False,BEAR_STRUCTURE,BEAR_STRUCTURE,0.3,0.95,0.3
2022-07-23 12:00:00+00:00,3,EUPHORIA,1.0,True,15,False,BEAR_STRUCTURE,BEAR_STRUCTURE,0.3,0.95,0.3
2022-07-24 12:00:00+00:00,3,EUPHORIA,1.0,True,16,False,BEAR_STRUCTURE,BEAR_STRUCTURE,0.3,0.95,0.3
2022-07-25 12:00:00+00:00,3,EUPHORIA,1.0,True,17,False,BEAR_STRUCTURE,BEAR_STRUCTURE,0.3,0.95,0.3
2022-07-26 12:00:00+00:00,3,EUPHORIA,1.0,True,18,False,BEAR_STRUCTURE,BEAR_STRUCTURE,0.3,0.95,0.3
2022-07-27 12:00:00+00:00,3,EUPHORIA,1.0,True,19,False,BEAR_STRUCTURE,BEAR_STRUCTURE,0.3,0.95,0.3
2022-07-28 12:00:00+00:00,3,EUPHORIA,1.0,True,20,False,BEAR_STRUCTURE,BEAR_STRUCTURE,0.3,0.95,0.3
2022-07-29 12:00:00+00:00,3,EUPHORIA,1.0,True,21,False,BEAR_STRUCTURE,BEAR_STRUCTURE,0.3,0.95,0.3
2022-07-30 12:00:00+00:00,3,EUPHORIA,1.0,True,22,False,BEAR_STRUCTURE,BEAR_STRUCTURE,0.3,0.95,0.3
2022-07-31 12:00:00+00:00,3,EUPHORIA,1.0,True,23,False,BEAR_STRUCTURE,BEAR_STRUCTURE,0.3,0.95,0.3
2022-08-01 12:00:00+00:00,3,EUPHORIA,1.0,True,24,False,BEAR_STRUCTURE,BEAR_STRUCTURE,0.3,0.95,0.3
2022-08-02 12:00:00+00:00,3,EUPHORIA,1.0,True,25,False,BEAR_STRUCTURE,BEAR_STRUCTURE,0.3,0.95,0.3
2022-08-03 12:00:00+00:00,3,EUPHORIA,1.0,True,26,False,BEAR_STRUCTURE,BEAR_STRUCTURE,0.3,0.95,0.3
2022-08-04 12:00:00+00:00,3,EUPHORIA,1.0,True,27,False,BEAR_STRUCTURE,BEAR_STRUCTURE,0.3,0.95,0.3
2022-08-05 12:00:00+00:00,3,EUPHORIA,1.0,True,28,False,BEAR_STRUCTURE,BEAR_STRUCTURE,0.3,0.95,0.3
2022-08-06 12:00:00+00:00,3,EUPHORIA,1.0,True,29,False,BEAR_STRUCTURE,BEAR_STRUCTURE,0.3,0.95,0.3
2022-08-07 12:00:00+00:00,3,EUPHORIA,1.0,True,30,False,BEAR_STRUCTURE,BEAR_STRUCTURE,0.3,0.95,0.3
2022-08-08 12:00:00+00:00,3,EUPHORIA,1.0,True,31,False,BEAR_STRUCTURE,BEAR_STRUCTURE,0.3,0.95,0.3
2022-08-09 12:00:00+00:00,3,EUPHORIA,1.0,True,32,False,BEAR_STRUCTURE,BEAR_STRUCTURE,0.3,0.95,0.3
2022-08-10 12:00:00+00:00,3,EUPHORIA,1.0,True,33,False,BEAR_STRUCTURE,BEAR_STRUCTURE,0.3,0.95,0.3
2022-08-11 12:00:00+00:00,3,EUPHORIA,1.0,True,34,False,BEAR_STRUCTURE,BEAR_STRUCTURE,0.3,0.95,0.3
2022-08-12 12:00:00+00:00,3,EUPHORIA,1.0,True,35,False,BEAR_STRUCTURE,BEAR_STRUCTURE,0.3,0.95,0.3
2022-08-13 12:00:00+00:00,3,EUPHORIA,1.0,True,36,False,BEAR_STRUCTURE,BEAR_STRUCTURE,0.3,0.95,0.3
2022-08-14 12:00:00+00:00,3,EUPHORIA,1.0,True,37,False,BEAR_STRUCTURE,BEAR_STRUCTURE,0.3,0.95,0.3
2022-08-15 12:00:00+00:00,3,EUPHORIA,1.0,True,38,False,BEAR_STRUCTURE,BEAR_STRUCTURE,0.3,0.95,0.3
2022-08-16 12:00:00+00:00,3,EUPHORIA,1.0,True,39,False,BEAR_STRUCTURE,BEAR_STRUCTURE,0.3,0.95,0.3
2022-08-17 12:00:00+00:00,3,EUPHORIA,1.0,True,40,False,BEAR_STRUCTURE,BEAR_STRUCTURE,0.3,0.95,0.3
2022-08-18 12:00:00+00:00,3,EUPHORIA,1.0,True,41,False,BEAR_STRUCTURE,BEAR_STRUCTURE,0.3,0.95,0.3
2022-08-19 12:00:00+00:00,3,CRASH,0.9999979522611332,True,1,False,BEAR_STRUCTURE,BEAR_STRUCTURE,0.3,0.2977082944964194441590990554,0.2977082944964194441590990554
2022-08-20 12:00:00+00:00,3,CRASH,0.22411920180345224,False,1,False,BEAR_STRUCTURE,BEAR_STRUCTURE,0.3,0.3005593573285479634987996890,0.3
2022-08-21 12:00:00+00:00,3,CRASH,0.000956039599772746,False,1,False,BEAR_STRUCTURE,BEAR_STRUCTURE,0.3,0.2978564536485874169644213173,0.2978564536485874169644213173
2022-08-22 12:00:00+00:00,0,EUPHORIA,0.9928252856140869,True,3,False,BEAR_STRUCTURE,BEAR_STRUCTURE,0.3,0.60,0.3
2022-08-23 12:00:00+00:00,0,EUPHORIA,0.9999891000487118,True,4,False,BEAR_STRUCTURE,BEAR_STRUCTURE,0.3,0.60,0.3
2022-08-24 12:00:00+00:00,0,EUPHORIA,0.9999844474698211,True,5,False,BEAR_STRUCTURE,BEAR_STRUCTURE,0.3,0.60,0.3
2022-08-25 12:00:00+00:00,0,EUPHORIA,0.9999769080522176,True,6,False,BEAR_STRUCTURE,BEAR_STRUCTURE,0.3,0.60,0.3
2022-08-26 12:00:00+00:00,0,EUPHORIA,0.2546157826660943,False,6,False,BEAR_STRUCTURE,BEAR_STRUCTURE,0.3,0.2901520948752832680362703181,0.2901520948752832680362703181
2022-08-27 12:00:00+00:00,0,EUPHORIA,6.123792858365617e-13,False,6,False,BEAR_STRUCTURE,BEAR_STRUCTURE,0.3,0.2883515523357572719809010654,0.2883515523357572719809010654
2022-08-28 12:00:00+00:00,1,BEAR,0.9999629880427354,True,3,False,BEAR_STRUCTURE,BEAR_STRUCTURE,0.3,0.95,0.3
2022-08-29 12:00:00+00:00,1,BEAR,0.03934660147780409,False,3,False,BEAR_STRUCTURE,BEAR_STRUCTURE,0.3,0.3060907152821362174901508952,0.3
2022-08-30 12:00:00+00:00,1,BEAR,0.9999999999984084,True,4,False,BEAR_STRUCTURE,BEAR_STRUCTURE,0.3,0.95,0.3
2022-08-31 12:00:00+00:00,1,BEAR,1.0,True,5,False,BEAR_STRUCTURE,BEAR_STRUCTURE,0.3,0.95,0.3
2022-09-01 12:00:00+00:00,1,BEAR,1.0,True,6,False,BEAR_STRUCTURE,BEAR_STRUCTURE,0.3,0.95,0.3
2022-09-02 12:00:00+00:00,1,BEAR,1.0,True,7,False,BEAR_STRUCTURE,BEAR_STRUCTURE,0.3,0.95,0.3
2022-09-03 12:00:00+00:00,1,BEAR,1.0,True,8,False,BEAR_STRUCTURE,BEAR_STRUCTURE,0.3,0.95,0.3
2022-09-04 12:00:00+00:00,1,BEAR,1.0,True,9,False,BEAR_STRUCTURE,BEAR_STRUCTURE,0.3,0.95,0.3
2022-09-05 12:00:00+00:00,1,BEAR,0.9992061660762723,True,10,False,BEAR_STRUCTURE,BEAR_STRUCTURE,0.3,0.95,0.3
2022-09-06 12:00:00+00:00,1,BEAR,0.07713671384037457,False,10,False,BEAR_STRUCTURE,BEAR_STRUCTURE,0.3,0.2873468569265263084584283500,0.2873468569265263084584283500
2022-09-07 12:00:00+00:00,1,BEAR,0.9999869488659823,True,11,False,BEAR_STRUCTURE,BEAR_STRUCTURE,0.3,0.95,0.3
2022-09-08 12:00:00+00:00,1,BEAR,0.7053056678379965,True,12,False,BEAR_STRUCTURE,BEAR_STRUCTURE,0.3,0.95,0.3
2022-09-09 12:00:00+00:00,1,BEAR,6.991965457860645e-05,False,12,False,BEAR_STRUCTURE,BEAR_STRUCTURE,0.3,0.3034704780850407627495876478,0.3
2022-09-10 12:00:00+00:00,1,BEAR,7.523702634635861e-15,False,12,False,BEAR_STRUCTURE,BEAR_STRUCTURE,0.3,0.3032200977249599301947724037,0.3
2022-09-11 12:00:00+00:00,0,EUPHORIA,1.0,True,3,False,BEAR_STRUCTURE,BEAR_STRUCTURE,0.3,0.95,0.3
2022-09-12 12:00:00+00:00,0,EUPHORIA,1.0,True,4,False,BEAR_STRUCTURE,BEAR_STRUCTURE,0.3,0.95,0.3
2022-09-13 12:00:00+00:00,0,EUPHORIA,0.9999999997648956,True,5,False,BEAR_STRUCTURE,BEAR_STRUCTURE,0.3,0.60,0.3
2022-09-14 12:00:00+00:00,0,EUPHORIA,0.9999999984158876,True,6,False,BEAR_STRUCTURE,BEAR_STRUCTURE,0.3,0.60,0.3
2022-09-15 12:00:00+00:00,0,EUPHORIA,0.9999999999995453,True,7,False,BEAR_STRUCTURE,BEAR_STRUCTURE,0.3,0.60,0.3
2022-09-16 12:00:00+00:00,0,EUPHORIA,1.0,True,8,False,BEAR_STRUCTURE,BEAR_STRUCTURE,0.3,0.60,0.3
2022-09-17 12:00:00+00:00,0,EUPHORIA,1.0,True,9,False,BEAR_STRUCTURE,BEAR_STRUCTURE,0.3,0.60,0.3
2022-09-18 12:00:00+00:00,0,EUPHORIA,0.9999600120885145,True,10,False,BEAR_STRUCTURE,BEAR_STRUCTURE,0.3,0.60,0.3
2022-09-19 12:00:00+00:00,0,EUPHORIA,1.0,True,11,False,BEAR_STRUCTURE,BEAR_STRUCTURE,0.3,0.60,0.3
2022-09-20 12:00:00+00:00,0,EUPHORIA,1.0,True,12,False,BEAR_STRUCTURE,BEAR_STRUCTURE,0.3,0.60,0.3
2022-09-21 12:00:00+00:00,0,EUPHORIA,1.0,True,13,False,BEAR_STRUCTURE,BEAR_STRUCTURE,0.3,0.60,0.3
2022-09-22 12:00:00+00:00,0,EUPHORIA,1.0,True,14,False,BEAR_STRUCTURE,BEAR_STRUCTURE,0.3,0.60,0.3
2022-09-23 12:00:00+00:00,0,EUPHORIA,1.0,True,15,False,BEAR_STRUCTURE,BEAR_STRUCTURE,0.3,0.60,0.3
2022-09-24 12:00:00+00:00,0,EUPHORIA,1.0,True,16,False,BEAR_STRUCTURE,BEAR_STRUCTURE,0.3,0.60,0.3
2022-09-25 12:00:00+00:00,0,EUPHORIA,1.0,True,17,False,BEAR_STRUCTURE,BEAR_STRUCTURE,0.3,0.60,0.3
2022-09-26 12:00:00+00:00,0,EUPHORIA,1.0,True,18,False,BEAR_STRUCTURE,BEAR_STRUCTURE,0.3,0.60,0.3
2022-09-27 12:00:00+00:00,0,EUPHORIA,1.0,True,19,False,BEAR_STRUCTURE,BEAR_STRUCTURE,0.3,0.60,0.3
2022-09-28 12:00:00+00:00,0,EUPHORIA,0.9999998105759185,True,20,False,BEAR_STRUCTURE,BEAR_STRUCTURE,0.3,0.60,0.3
2022-09-29 12:00:00+00:00,0,EUPHORIA,0.9999999341621355,True,21,False,BEAR_STRUCTURE,BEAR_STRUCTURE,0.3,0.60,0.3
2022-09-30 12:00:00+00:00,0,EUPHORIA,0.9999995839901613,True,22,False,BEAR_STRUCTURE,BEAR_STRUCTURE,0.3,0.60,0.3
2022-10-01 12:00:00+00:00,0,EUPHORIA,0.9999999999997726,True,23,False,BEAR_STRUCTURE,BEAR_STRUCTURE,0.3,0.60,0.3
2022-10-02 12:00:00+00:00,0,EUPHORIA,0.9999999999961346,True,24,False,BEAR_STRUCTURE,BEAR_STRUCTURE,0.3,0.60,0.3
2022-10-03 12:00:00+00:00,0,EUPHORIA,0.9999627922371569,True,25,False,BEAR_STRUCTURE,BEAR_STRUCTURE,0.3,0.60,0.3
2022-10-04 12:00:00+00:00,0,EUPHORIA,0.999999991141749,True,26,False,BEAR_STRUCTURE,BEAR_STRUCTURE,0.3,0.60,0.3
2022-10-05 12:00:00+00:00,0,EUPHORIA,0.9999999999997726,True,27,False,BEAR_STRUCTURE,BEAR_STRUCTURE,0.3,0.60,0.3
2022-10-06 12:00:00+00:00,0,EUPHORIA,1.0,True,28,False,BEAR_STRUCTURE,BEAR_STRUCTURE,0.3,0.60,0.3
2022-10-07 12:00:00+00:00,0,EUPHORIA,0.9999999862261576,True,29,False,BEAR_STRUCTURE,BEAR_STRUCTURE,0.3,0.60,0.3
2022-10-08 12:00:00+00:00,0,EUPHORIA,1.0,True,30,False,BEAR_STRUCTURE,BEAR_STRUCTURE,0.3,0.60,0.3
2022-10-09 12:00:00+00:00,0,EUPHORIA,0.9999999999013198,True,31,False,BEAR_STRUCTURE,BEAR_STRUCTURE,0.3,0.60,0.3
2022-10-10 12:00:00+00:00,0,EUPHORIA,0.9999999985116119,True,32,False,BEAR_STRUCTURE,BEAR_STRUCTURE,0.3,0.60,0.3
2022-10-11 12:00:00+00:00,0,EUPHORIA,0.9999999990050128,True,33,False,BEAR_STRUCTURE,BEAR_STRUCTURE,0.3,0.60,0.3
2022-10-12 12:00:00+00:00,0,EUPHORIA,0.9999999932097126,True,34,False,BEAR_STRUCTURE,BEAR_STRUCTURE,0.3,0.60,0.3
2022-10-13 12:00:00+00:00,0,EUPHORIA,1.0,True,35,False,BEAR_STRUCTURE,BEAR_STRUCTURE,0.3,0.60,0.3
2022-10-14 12:00:00+00:00,0,EUPHORIA,0.9999999999954525,True,36,False,BEAR_STRUCTURE,BEAR_STRUCTURE,0.3,0.60,0.3
2022-10-15 12:00:00+00:00,0,EUPHORIA,1.0,True,37,False,BEAR_STRUCTURE,BEAR_STRUCTURE,0.3,0.60,0.3
2022-10-16 12:00:00+00:00,0,EUPHORIA,0.8483492332852105,True,38,False,BEAR_STRUCTURE,BEAR_STRUCTURE,0.3,0.60,0.3
2022-10-17 12:00:00+00:00,0,EUPHORIA,1.0,True,39,False,BEAR_STRUCTURE,BEAR_STRUCTURE,0.3,0.60,0.3
2022-10-18 12:00:00+00:00,0,EUPHORIA,0.9999999941514943,True,40,False,BEAR_STRUCTURE,BEAR_STRUCTURE,0.3,0.60,0.3
2022-10-19 12:00:00+00:00,0,EUPHORIA,0.9999999997990017,True,41,False,BEAR_STRUCTURE,BEAR_STRUCTURE,0.3,0.60,0.3
2022-10-20 12:00:00+00:00,0,EUPHORIA,0.9999999852348084,True,42,False,BEAR_STRUCTURE,BEAR_STRUCTURE,0.3,0.60,0.3
2022-10-21 12:00:00+00:00,0,EUPHORIA,1.0,True,43,False,BEAR_STRUCTURE,BEAR_STRUCTURE,0.3,0.60,0.3
2022-10-22 12:00:00+00:00,0,EUPHORIA,1.0,True,44,False,BEAR_STRUCTURE,BEAR_STRUCTURE,0.3,0.60,0.3
2022-10-23 12:00:00+00:00,0,EUPHORIA,0.9999986208982097,True,45,False,BEAR_STRUCTURE,BEAR_STRUCTURE,0.3,0.60,0.3
2022-10-24 12:00:00+00:00,0,EUPHORIA,0.9999805873928178,True,46,False,BEAR_STRUCTURE,BEAR_STRUCTURE,0.3,0.60,0.3
2022-10-25 12:00:00+00:00,0,EUPHORIA,1.0,True,47,False,BEAR_STRUCTURE,BEAR_STRUCTURE,0.3,0.95,0.3
2022-10-26 12:00:00+00:00,0,EUPHORIA,1.0,True,48,False,BEAR_STRUCTURE,BEAR_STRUCTURE,0.3,0.95,0.3
2022-10-27 12:00:00+00:00,0,EUPHORIA,1.0,True,49,False,BEAR_STRUCTURE,BEAR_STRUCTURE,0.3,0.95,0.3
2022-10-28 12:00:00+00:00,0,EUPHORIA,1.0,True,50,False,BEAR_STRUCTURE,BEAR_STRUCTURE,0.3,0.95,0.3
2022-10-29 12:00:00+00:00,0,EUPHORIA,1.0,True,51,False,BEAR_STRUCTURE,BEAR_STRUCTURE,0.3,0.95,0.3
2022-10-30 12:00:00+00:00,0,EUPHORIA,1.0,True,52,False,BEAR_STRUCTURE,BEAR_STRUCTURE,0.3,0.95,0.3
2022-10-31 12:00:00+00:00,0,EUPHORIA,1.0,True,53,False,BEAR_STRUCTURE,BEAR_STRUCTURE,0.3,0.95,0.3
2022-11-01 12:00:00+00:00,0,EUPHORIA,1.0,True,54,False,BEAR_STRUCTURE,BEAR_STRUCTURE,0.3,0.95,0.3
2022-11-02 12:00:00+00:00,0,EUPHORIA,1.0,True,55,False,BEAR_STRUCTURE,BEAR_STRUCTURE,0.3,0.95,0.3
2022-11-03 12:00:00+00:00,0,EUPHORIA,1.0,True,56,False,BEAR_STRUCTURE,BEAR_STRUCTURE,0.3,0.95,0.3
2022-11-04 12:00:00+00:00,0,EUPHORIA,1.0,True,57,False,BEAR_STRUCTURE,BEAR_STRUCTURE,0.3,0.95,0.3
2022-11-05 12:00:00+00:00,0,EUPHORIA,1.0,True,58,False,BEAR_STRUCTURE,BEAR_STRUCTURE,0.3,0.95,0.3
2022-11-06 12:00:00+00:00,0,EUPHORIA,1.0,True,59,False,BEAR_STRUCTURE,BEAR_STRUCTURE,0.3,0.95,0.3
2022-11-07 12:00:00+00:00,0,EUPHORIA,1.0,True,60,False,BEAR_STRUCTURE,BEAR_STRUCTURE,0.3,0.60,0.3
2022-11-08 12:00:00+00:00,0,EUPHORIA,2.5892046868092746e-09,False,60,False,BEAR_STRUCTURE,BEAR_STRUCTURE,0.3,0.2793577614014905119689191303,0.2793577614014905119689191303
2022-11-09 12:00:00+00:00,0,EUPHORIA,5.2959216143876474e-08,False,60,False,BEAR_STRUCTURE,BEAR_STRUCTURE,0.3,0.2629425889316458531412457692,0.2629425889316458531412457692
2022-11-10 12:00:00+00:00,1,BEAR,0.7261372376576809,True,3,False,BEAR_STRUCTURE,BEAR_STRUCTURE,0.3,0.95,0.3
2022-11-11 12:00:00+00:00,1,BEAR,0.43578543704124617,False,3,False,BEAR_STRUCTURE,BEAR_STRUCTURE,0.3,0.2941188290443836240915787971,0.2941188290443836240915787971
2022-11-12 12:00:00+00:00,1,BEAR,0.0007723189568722935,False,3,False,BEAR_STRUCTURE,BEAR_STRUCTURE,0.3,0.2915531050795366728039992923,0.2915531050795366728039992923
2022-11-13 12:00:00+00:00,0,EUPHORIA,0.9999869911994532,True,3,False,BEAR_STRUCTURE,BEAR_STRUCTURE,0.3,0.60,0.3
2022-11-14 12:00:00+00:00,0,EUPHORIA,0.9993617817878905,True,4,False,BEAR_STRUCTURE,BEAR_STRUCTURE,0.3,0.60,0.3
2022-11-15 12:00:00+00:00,0,EUPHORIA,0.954724768184303,True,5,False,BEAR_STRUCTURE,BEAR_STRUCTURE,0.3,0.60,0.3
2022-11-16 12:00:00+00:00,0,EUPHORIA,0.47972595271613194,False,5,False,BEAR_STRUCTURE,BEAR_STRUCTURE,0.3,0.2980687696708504175511498204,0.2980687696708504175511498204
2022-11-17 12:00:00+00:00,0,EUPHORIA,0.05411557113128439,False,5,False,BEAR_STRUCTURE,BEAR_STRUCTURE,0.3,0.3000150115229036377808282946,0.3
2022-11-18 12:00:00+00:00,1,BEAR,0.8788975148388113,True,3,False,BEAR_STRUCTURE,BEAR_STRUCTURE,0.3,0.95,0.3
2022-11-19 12:00:00+00:00,1,BEAR,0.8278514016497096,True,4,False,BEAR_STRUCTURE,BEAR_STRUCTURE,0.3,0.95,0.3
2022-11-20 12:00:00+00:00,1,BEAR,0.9999858422303946,True,5,False,BEAR_STRUCTURE,BEAR_STRUCTURE,0.3,0.95,0.3
2022-11-21 12:00:00+00:00,1,BEAR,1.0,True,6,False,BEAR_STRUCTURE,BEAR_STRUCTURE,0.3,0.95,0.3
2022-11-22 12:00:00+00:00,1,BEAR,2.304790486505227e-12,False,6,False,BEAR_STRUCTURE,BEAR_STRUCTURE,0.3,0.3109995153012173507906925050,0.3
2022-11-23 12:00:00+00:00,1,BEAR,3.765836129813249e-17,False,6,False,BEAR_STRUCTURE,BEAR_STRUCTURE,0.3,0.2998356514988023458581999700,0.2998356514988023458581999700
2022-11-24 12:00:00+00:00,0,EUPHORIA,0.9999999987694537,True,3,False,BEAR_STRUCTURE,BEAR_STRUCTURE,0.3,0.60,0.3
2022-11-25 12:00:00+00:00,0,EUPHORIA,1.0,True,4,False,BEAR_STRUCTURE,BEAR_STRUCTURE,0.3,0.60,0.3
2022-11-26 12:00:00+00:00,0,EUPHORIA,1.0,True,5,False,BEAR_STRUCTURE,BEAR_STRUCTURE,0.3,0.60,0.3
2022-11-27 12:00:00+00:00,0,EUPHORIA,1.0,True,6,False,BEAR_STRUCTURE,BEAR_STRUCTURE,0.3,0.60,0.3
2022-11-28 12:00:00+00:00,0,EUPHORIA,0.9999999999995453,True,7,False,BEAR_STRUCTURE,BEAR_STRUCTURE,0.3,0.60,0.3
2022-11-29 12:00:00+00:00,0,EUPHORIA,1.0,True,8,False,BEAR_STRUCTURE,BEAR_STRUCTURE,0.3,0.60,0.3
2022-11-30 12:00:00+00:00,0,EUPHORIA,1.0,True,9,False,BEAR_STRUCTURE,BEAR_STRUCTURE,0.3,0.60,0.3
2022-12-01 12:00:00+00:00,0,EUPHORIA,1.0,True,10,False,BEAR_STRUCTURE,BEAR_STRUCTURE,0.3,0.60,0.3
2022-12-02 12:00:00+00:00,0,EUPHORIA,1.0,True,11,False,BEAR_STRUCTURE,BEAR_STRUCTURE,0.3,0.60,0.3
2022-12-03 12:00:00+00:00,0,EUPHORIA,1.0,True,12,False,BEAR_STRUCTURE,BEAR_STRUCTURE,0.3,0.60,0.3
2022-12-04 12:00:00+00:00,0,EUPHORIA,1.0,True,13,False,BEAR_STRUCTURE,BEAR_STRUCTURE,0.3,0.60,0.3
2022-12-05 12:00:00+00:00,0,EUPHORIA,1.0,True,14,False,BEAR_STRUCTURE,BEAR_STRUCTURE,0.3,0.60,0.3
2022-12-06 12:00:00+00:00,0,EUPHORIA,1.0,True,15,False,BEAR_STRUCTURE,BEAR_STRUCTURE,0.3,0.60,0.3
2022-12-07 12:00:00+00:00,0,EUPHORIA,1.0,True,16,False,BEAR_STRUCTURE,BEAR_STRUCTURE,0.3,0.60,0.3
2022-12-08 12:00:00+00:00,0,EUPHORIA,1.0,True,17,False,BEAR_STRUCTURE,BEAR_STRUCTURE,0.3,0.60,0.3
2022-12-09 12:00:00+00:00,0,EUPHORIA,1.0,True,18,False,BEAR_STRUCTURE,BEAR_STRUCTURE,0.3,0.60,0.3
2022-12-10 12:00:00+00:00,0,EUPHORIA,1.0,True,19,False,BEAR_STRUCTURE,BEAR_STRUCTURE,0.3,0.60,0.3
2022-12-11 12:00:00+00:00,0,EUPHORIA,1.0,True,20,False,BEAR_STRUCTURE,BEAR_STRUCTURE,0.3,0.60,0.3
2022-12-12 12:00:00+00:00,0,EUPHORIA,1.0,True,21,False,BEAR_STRUCTURE,BEAR_STRUCTURE,0.3,0.60,0.3
2022-12-13 12:00:00+00:00,0,EUPHORIA,1.0,True,22,False,BEAR_STRUCTURE,BEAR_STRUCTURE,0.3,0.95,0.3
2022-12-14 12:00:00+00:00,0,EUPHORIA,1.0,True,23,False,BEAR_STRUCTURE,BEAR_STRUCTURE,0.3,0.95,0.3
2022-12-15 12:00:00+00:00,0,EUPHORIA,1.0,True,24,False,BEAR_STRUCTURE,BEAR_STRUCTURE,0.3,0.60,0.3
2022-12-16 12:00:00+00:00,0,EUPHORIA,1.0,True,25,False,BEAR_STRUCTURE,BEAR_STRUCTURE,0.3,0.60,0.3
2022-12-17 12:00:00+00:00,0,EUPHORIA,1.0,True,26,False,BEAR_STRUCTURE,BEAR_STRUCTURE,0.3,0.60,0.3
2022-12-18 12:00:00+00:00,0,EUPHORIA,1.0,True,27,False,BEAR_STRUCTURE,BEAR_STRUCTURE,0.3,0.60,0.3
2022-12-19 12:00:00+00:00,0,EUPHORIA,0.9999999999990905,True,28,False,BEAR_STRUCTURE,BEAR_STRUCTURE,0.3,0.60,0.3
2022-12-20 12:00:00+00:00,0,EUPHORIA,0.9999999846240827,True,29,False,BEAR_STRUCTURE,BEAR_STRUCTURE,0.3,0.60,0.3
2022-12-21 12:00:00+00:00,0,EUPHORIA,0.999999999994543,True,30,False,BEAR_STRUCTURE,BEAR_STRUCTURE,0.3,0.60,0.3
2022-12-22 12:00:00+00:00,0,EUPHORIA,0.9999999998653948,True,31,False,BEAR_STRUCTURE,BEAR_STRUCTURE,0.3,0.60,0.3
2022-12-23 12:00:00+00:00,0,EUPHORIA,0.9999999962674337,True,32,False,BEAR_STRUCTURE,BEAR_STRUCTURE,0.3,0.60,0.3
2022-12-24 12:00:00+00:00,0,EUPHORIA,0.04785537361655617,False,32,False,BEAR_STRUCTURE,BEAR_STRUCTURE,0.3,0.3000853631136758497815422028,0.3
2022-12-25 12:00:00+00:00,0,EUPHORIA,0.9999997621535214,True,33,False,BEAR_STRUCTURE,BEAR_STRUCTURE,0.3,0.60,0.3
2022-12-26 12:00:00+00:00,0,EUPHORIA,1.0,True,34,False,BEAR_STRUCTURE,BEAR_STRUCTURE,0.3,0.60,0.3
2022-12-27 12:00:00+00:00,0,EUPHORIA,0.9999999582178143,True,35,False,BEAR_STRUCTURE,BEAR_STRUCTURE,0.3,0.60,0.3
2022-12-28 12:00:00+00:00,0,EUPHORIA,1.9549498519404608e-07,False,35,False,BEAR_STRUCTURE,BEAR_STRUCTURE,0.3,0.2989934001283651903910109125,0.2989934001283651903910109125
2022-12-29 12:00:00+00:00,0,EUPHORIA,6.158054493920595e-10,False,35,False,BEAR_STRUCTURE,BEAR_STRUCTURE,0.3,0.2976975975102599889050623223,0.2976975975102599889050623223
2022-12-30 12:00:00+00:00,1,BEAR,0.9999996576216876,True,3,False,BEAR_STRUCTURE,BEAR_STRUCTURE,0.3,0.95,0.3
2022-12-31 12:00:00+00:00,1,BEAR,0.013356055954892358,False,3,False,BEAR_STRUCTURE,BEAR_STRUCTURE,0.3,0.2998603918932210706674156567,0.2998603918932210706674156567
2023-01-01 12:00:00+00:00,1,BEAR,0.9999994811334072,True,4,False,BEAR_STRUCTURE,BEAR_STRUCTURE,0.3,0.95,0.3
2023-01-02 12:00:00+00:00,1,BEAR,1.0,True,5,False,BEAR_STRUCTURE,BEAR_STRUCTURE,0.3,0.95,0.3
2023-01-03 12:00:00+00:00,1,BEAR,1.0,True,6,False,BEAR_STRUCTURE,BEAR_STRUCTURE,0.3,0.95,0.3
2023-01-04 12:00:00+00:00,1,BEAR,0.9630702151365761,True,7,False,BEAR_STRUCTURE,BEAR_STRUCTURE,0.3,0.95,0.3
2023-01-05 12:00:00+00:00,1,BEAR,4.252875589664093e-13,False,7,False,BEAR_STRUCTURE,BEAR_STRUCTURE,0.3,0.2987839858894374195621526651,0.2987839858894374195621526651
2023-01-06 12:00:00+00:00,1,BEAR,1.4277344822937579e-19,False,7,False,BEAR_STRUCTURE,BEAR_STRUCTURE,0.3,0.3010308228101600126116574386,0.3
2023-01-07 12:00:00+00:00,0,EUPHORIA,1.0,True,3,False,BEAR_STRUCTURE,BEAR_STRUCTURE,0.3,0.60,0.3
2023-01-08 12:00:00+00:00,0,EUPHORIA,1.0,True,4,False,BEAR_STRUCTURE,BEAR_STRUCTURE,0.3,0.95,0.3
2023-01-09 12:00:00+00:00,0,EUPHORIA,1.0,True,5,False,BEAR_STRUCTURE,BEAR_STRUCTURE,0.3,0.95,0.3
2023-01-10 12:00:00+00:00,0,EUPHORIA,1.0,True,6,False,BEAR_STRUCTURE,BEAR_STRUCTURE,0.3,0.95,0.3
2023-01-11 12:00:00+00:00,0,EUPHORIA,1.0,True,7,False,BEAR_STRUCTURE,BEAR_STRUCTURE,0.3,0.95,0.3
2023-01-12 12:00:00+00:00,0,EUPHORIA,1.0,True,8,False,BEAR_STRUCTURE,BEAR_STRUCTURE,0.3,0.95,0.3
2023-01-13 12:00:00+00:00,0,EUPHORIA,1.0,True,9,False,TRANSITION,BEAR_STRUCTURE,0.3,0.95,0.3
2023-01-14 12:00:00+00:00,0,EUPHORIA,1.0,True,10,False,TRANSITION,BEAR_STRUCTURE,0.3,0.95,0.3
2023-01-15 12:00:00+00:00,0,EUPHORIA,1.0,True,11,False,TRANSITION,BEAR_STRUCTURE,0.3,0.95,0.3
2023-01-16 12:00:00+00:00,0,EUPHORIA,1.0,True,12,False,TRANSITION,BEAR_STRUCTURE,0.3,0.95,0.3
2023-01-17 12:00:00+00:00,0,EUPHORIA,1.0,True,13,False,TRANSITION,TRANSITION,0.6,0.95,0.6
2023-01-18 12:00:00+00:00,0,EUPHORIA,1.0,True,14,False,TRANSITION,TRANSITION,0.6,0.95,0.6
2023-01-19 12:00:00+00:00,0,EUPHORIA,1.0,True,15,False,TRANSITION,TRANSITION,0.6,0.95,0.6
2023-01-20 12:00:00+00:00,0,EUPHORIA,1.0,True,16,False,TRANSITION,TRANSITION,0.6,0.95,0.6
2023-01-21 12:00:00+00:00,0,EUPHORIA,1.0,True,17,False,TRANSITION,TRANSITION,0.6,0.95,0.6
2023-01-22 12:00:00+00:00,0,EUPHORIA,1.0,True,18,False,TRANSITION,TRANSITION,0.6,0.95,0.6
2023-01-23 12:00:00+00:00,0,EUPHORIA,1.0,True,19,False,TRANSITION,TRANSITION,0.6,0.95,0.6
2023-01-24 12:00:00+00:00,0,EUPHORIA,1.0,True,20,False,TRANSITION,TRANSITION,0.6,0.95,0.6
2023-01-25 12:00:00+00:00,0,EUPHORIA,1.0,True,21,False,TRANSITION,TRANSITION,0.6,0.95,0.6
2023-01-26 12:00:00+00:00,0,EUPHORIA,1.0,True,22,False,TRANSITION,TRANSITION,0.6,0.95,0.6
2023-01-27 12:00:00+00:00,0,EUPHORIA,1.0,True,23,False,TRANSITION,TRANSITION,0.6,0.95,0.6
2023-01-28 12:00:00+00:00,0,EUPHORIA,1.0,True,24,False,TRANSITION,TRANSITION,0.6,0.95,0.6
2023-01-29 12:00:00+00:00,0,EUPHORIA,1.0,True,25,False,TRANSITION,TRANSITION,0.6,0.95,0.6
2023-01-30 12:00:00+00:00,0,EUPHORIA,1.0,True,26,False,TRANSITION,TRANSITION,0.6,0.95,0.6
2023-01-31 12:00:00+00:00,0,EUPHORIA,1.0,True,27,False,BULL_STRUCTURE,TRANSITION,0.6,0.95,0.6
2023-02-01 12:00:00+00:00,0,EUPHORIA,1.0,True,28,False,BULL_STRUCTURE,TRANSITION,0.6,0.95,0.6
2023-02-02 12:00:00+00:00,0,EUPHORIA,1.0,True,29,False,BULL_STRUCTURE,TRANSITION,0.6,0.95,0.6
2023-02-03 12:00:00+00:00,0,EUPHORIA,1.0,True,30,False,BULL_STRUCTURE,TRANSITION,0.6,0.95,0.6
2023-02-04 12:00:00+00:00,0,EUPHORIA,1.0,True,31,False,BULL_STRUCTURE,BULL_STRUCTURE,1.0,0.95,0.95
2023-02-05 12:00:00+00:00,0,EUPHORIA,1.0,True,32,False,BULL_STRUCTURE,BULL_STRUCTURE,1.0,0.9494446070935903612972442368,0.9494446070935903612972442368
2023-02-06 12:00:00+00:00,0,EUPHORIA,1.0,True,33,False,BULL_STRUCTURE,BULL_STRUCTURE,1.0,0.9496514844421375243215296928,0.9496514844421375243215296928
2023-02-07 12:00:00+00:00,0,EUPHORIA,1.0,True,34,False,BULL_STRUCTURE,BULL_STRUCTURE,1.0,0.9500270338293063749699402781,0.9500270338293063749699402781
2023-02-08 12:00:00+00:00,0,EUPHORIA,1.0,True,35,False,BULL_STRUCTURE,BULL_STRUCTURE,1.0,0.9490376090197218397354994106,0.9490376090197218397354994106
2023-02-09 12:00:00+00:00,0,EUPHORIA,0.9999999618084993,True,36,False,BULL_STRUCTURE,BULL_STRUCTURE,1.0,0.9469231728873662249860950685,0.9469231728873662249860950685
2023-02-10 12:00:00+00:00,0,EUPHORIA,1.0,True,37,False,BULL_STRUCTURE,BULL_STRUCTURE,1.0,0.9468396050041497420504398973,0.9468396050041497420504398973
2023-02-11 12:00:00+00:00,0,EUPHORIA,0.9999999999490683,True,38,False,BULL_STRUCTURE,BULL_STRUCTURE,1.0,0.9472787333068618313595089274,0.9472787333068618313595089274
2023-02-12 12:00:00+00:00,0,EUPHORIA,0.9997091080007032,True,39,False,BULL_STRUCTURE,BULL_STRUCTURE,1.0,0.9466198709476176361736312283,0.9466198709476176361736312283
2023-02-13 12:00:00+00:00,0,EUPHORIA,0.999926185886129,True,40,False,BULL_STRUCTURE,BULL_STRUCTURE,1.0,0.9470990122373383308400341505,0.9470990122373383308400341505
2023-02-14 12:00:00+00:00,0,EUPHORIA,3.969287427004413e-06,False,40,False,BULL_STRUCTURE,BULL_STRUCTURE,1.0,0.475,0.475
2023-02-15 12:00:00+00:00,0,EUPHORIA,1.0,True,41,False,BULL_STRUCTURE,BULL_STRUCTURE,1.0,0.95,0.95
2023-02-16 12:00:00+00:00,0,EUPHORIA,0.9999999973115337,True,42,False,BULL_STRUCTURE,BULL_STRUCTURE,1.0,0.9490202811041408468316634293,0.9490202811041408468316634293
2023-02-17 12:00:00+00:00,4,EUPHORIA,1.0,True,1,False,BULL_STRUCTURE,BULL_STRUCTURE,1.0,0.9504620872318801347314160040,0.9504620872318801347314160040
2023-02-18 12:00:00+00:00,4,EUPHORIA,1.0,True,2,False,BULL_STRUCTURE,BULL_STRUCTURE,1.0,0.9507484815783519044685588477,0.9507484815783519044685588477
2023-02-19 12:00:00+00:00,4,EUPHORIA,1.0,True,3,False,BULL_STRUCTURE,BULL_STRUCTURE,1.0,0.9511636233204797283987698831,0.9511636233204797283987698831
2023-02-20 12:00:00+00:00,4,EUPHORIA,1.0,True,4,False,BULL_STRUCTURE,BULL_STRUCTURE,1.0,0.9505644369540503187075314578,0.9505644369540503187075314578
2023-02-21 12:00:00+00:00,4,EUPHORIA,1.0,True,5,False,BULL_STRUCTURE,BULL_STRUCTURE,1.0,0.9497638700900625126169421275,0.9497638700900625126169421275
2023-02-22 12:00:00+00:00,4,EUPHORIA,1.0,True,6,False,BULL_STRUCTURE,BULL_STRUCTURE,1.0,0.9490007096298002778087756319,0.9490007096298002778087756319
2023-02-23 12:00:00+00:00,4,EUPHORIA,1.0,True,7,False,BULL_STRUCTURE,BULL_STRUCTURE,1.0,0.9492105306397135163367276118,0.9492105306397135163367276118
2023-02-24 12:00:00+00:00,4,EUPHORIA,1.0,True,8,False,BULL_STRUCTURE,BULL_STRUCTURE,1.0,0.9473267493858364685022781216,0.9473267493858364685022781216
2023-02-25 12:00:00+00:00,4,EUPHORIA,1.0,True,9,False,BULL_STRUCTURE,BULL_STRUCTURE,1.0,0.9479056070426396419038281208,0.9479056070426396419038281208
2023-02-26 12:00:00+00:00,4,EUPHORIA,1.0,True,10,False,BULL_STRUCTURE,BULL_STRUCTURE,1.0,0.9482755016785138322837532340,0.9482755016785138322837532340
2023-02-27 12:00:00+00:00,4,EUPHORIA,1.0,True,11,False,BULL_STRUCTURE,BULL_STRUCTURE,1.0,0.9481996466330149674533130264,0.9481996466330149674533130264
2023-02-28 12:00:00+00:00,4,EUPHORIA,1.0,True,12,False,BULL_STRUCTURE,BULL_STRUCTURE,1.0,0.9489170668654932830165489859,0.9489170668654932830165489859
2023-03-01 12:00:00+00:00,4,EUPHORIA,1.0,True,13,False,BULL_STRUCTURE,BULL_STRUCTURE,1.0,0.9482458821931923328954289489,0.9482458821931923328954289489
2023-03-02 12:00:00+00:00,4,EUPHORIA,1.0,True,14,False,BULL_STRUCTURE,BULL_STRUCTURE,1.0,0.9458975103388817347132768624,0.9458975103388817347132768624
2023-03-03 12:00:00+00:00,4,EUPHORIA,1.0,True,15,False,BULL_STRUCTURE,BULL_STRUCTURE,1.0,0.9459124857558244824891871158,0.9459124857558244824891871158
2023-03-04 12:00:00+00:00,4,EUPHORIA,1.0,True,16,False,TRANSITION,BULL_STRUCTURE,0.6,0.9460046056518743688373532053,0.6
2023-03-05 12:00:00+00:00,4,EUPHORIA,1.0,True,17,False,TRANSITION,BULL_STRUCTURE,0.6,0.95,0.6
2023-03-06 12:00:00+00:00,4,EUPHORIA,1.0,True,18,False,TRANSITION,BULL_STRUCTURE,0.6,0.95,0.6
2023-03-07 12:00:00+00:00,4,EUPHORIA,1.0,True,19,False,TRANSITION,BULL_STRUCTURE,0.6,0.5968330081285838556355257548,0.5968330081285838556355257548
2023-03-08 12:00:00+00:00,4,EUPHORIA,1.0,True,20,False,TRANSITION,TRANSITION,0.6,0.5923905120595949035273254523,0.5923905120595949035273254523
2023-03-09 12:00:00+00:00,4,EUPHORIA,3.547066401613184e-14,False,20,False,TRANSITION,TRANSITION,0.6,0.30,0.30
2023-03-10 12:00:00+00:00,4,EUPHORIA,6.625075004727938e-231,False,20,False,TRANSITION,TRANSITION,0.6,0.3035392631162895012591504324,0.3035392631162895012591504324
2023-03-11 12:00:00+00:00,1,NEUTRAL,1.0,True,3,False,TRANSITION,TRANSITION,0.6,0.95,0.6
2023-03-12 12:00:00+00:00,1,NEUTRAL,1.0,True,4,False,TRANSITION,TRANSITION,0.6,0.95,0.6
2023-03-13 12:00:00+00:00,1,NEUTRAL,0.9999999999890861,True,5,False,TRANSITION,TRANSITION,0.6,0.95,0.6
2023-03-14 12:00:00+00:00,1,NEUTRAL,1.0,True,6,False,BULL_STRUCTURE,TRANSITION,0.6,0.95,0.6
2023-03-15 12:00:00+00:00,1,NEUTRAL,1.0,True,7,False,BULL_STRUCTURE,TRANSITION,0.6,0.95,0.6
2023-03-16 12:00:00+00:00,1,NEUTRAL,0.9999999999845386,True,8,False,BULL_STRUCTURE,TRANSITION,0.6,0.95,0.6
2023-03-17 12:00:00+00:00,1,NEUTRAL,1.1687065347447859e-18,False,8,False,BULL_STRUCTURE,TRANSITION,0.6,0.6046210122709586215739022675,0.6
2023-03-18 12:00:00+00:00,1,NEUTRAL,2.521063499309285e-53,False,8,False,BULL_STRUCTURE,BULL_STRUCTURE,1.0,0.5975199554332615866576699274,0.5975199554332615866576699274
2023-03-19 12:00:00+00:00,4,EUPHORIA,1.0,True,3,False,BULL_STRUCTURE,BULL_STRUCTURE,1.0,0.95,0.95
2023-03-20 12:00:00+00:00,4,EUPHORIA,1.0,True,4,False,BULL_STRUCTURE,BULL_STRUCTURE,1.0,0.9501718620979523328871084194,0.9501718620979523328871084194
2023-03-21 12:00:00+00:00,4,EUPHORIA,1.0,True,5,False,BULL_STRUCTURE,BULL_STRUCTURE,1.0,0.9503109583363363711321904343,0.9503109583363363711321904343
2023-03-22 12:00:00+00:00,4,EUPHORIA,1.0,True,6,False,BULL_STRUCTURE,BULL_STRUCTURE,1.0,0.9493905263797180423206400466,0.9493905263797180423206400466
2023-03-23 12:00:00+00:00,4,EUPHORIA,1.0,True,7,False,BULL_STRUCTURE,BULL_STRUCTURE,1.0,0.9502390911027626646443079985,0.9502390911027626646443079985
2023-03-24 12:00:00+00:00,4,EUPHORIA,1.0,True,8,False,BULL_STRUCTURE,BULL_STRUCTURE,1.0,0.9491677601827969352090165260,0.9491677601827969352090165260
2023-03-25 12:00:00+00:00,4,EUPHORIA,3.364708731006292e-134,False,8,False,BULL_STRUCTURE,BULL_STRUCTURE,1.0,0.475,0.475
2023-03-26 12:00:00+00:00,4,EUPHORIA,1.309795747187942e-165,False,8,False,BULL_STRUCTURE,BULL_STRUCTURE,1.0,0.4755308455093781876709104523,0.4755308455093781876709104523
2023-03-27 12:00:00+00:00,5,STRONG_BULL,1.0,True,3,False,BULL_STRUCTURE,BULL_STRUCTURE,1.0,0.95,0.95
2023-03-28 12:00:00+00:00,5,STRONG_BULL,1.0,True,4,False,BULL_STRUCTURE,BULL_STRUCTURE,1.0,0.9527465591563053552316085742,0.9527465591563053552316085742
2023-03-29 12:00:00+00:00,5,STRONG_BULL,0.0,False,4,False,BULL_STRUCTURE,BULL_STRUCTURE,1.0,0.475,0.475
2023-03-30 12:00:00+00:00,5,STRONG_BULL,2.979050054473646e-200,False,4,False,BULL_STRUCTURE,BULL_STRUCTURE,1.0,0.4689760949569268084289083785,0.4689760949569268084289083785
2023-03-31 12:00:00+00:00,1,NEUTRAL,1.0,True,3,False,BULL_STRUCTURE,BULL_STRUCTURE,1.0,0.95,0.95
2023-04-01 12:00:00+00:00,1,NEUTRAL,3.4199451191080116e-28,False,3,False,BULL_STRUCTURE,BULL_STRUCTURE,1.0,0.475,0.475
2023-04-02 12:00:00+00:00,1,NEUTRAL,9.81782607407472e-93,False,3,False,BULL_STRUCTURE,BULL_STRUCTURE,1.0,0.4743757960991853670207131510,0.4743757960991853670207131510
2023-04-03 12:00:00+00:00,5,STRONG_BULL,1.0,True,3,False,BULL_STRUCTURE,BULL_STRUCTURE,1.0,0.95,0.95
2023-04-04 12:00:00+00:00,5,STRONG_BULL,1.0,True,4,False,BULL_STRUCTURE,BULL_STRUCTURE,1.0,0.9510231426386661576272460275,0.9510231426386661576272460275
2023-04-05 12:00:00+00:00,5,STRONG_BULL,1.0,True,5,False,BULL_STRUCTURE,BULL_STRUCTURE,1.0,0.9500094085064511358145509489,0.9500094085064511358145509489
2023-04-06 12:00:00+00:00,5,STRONG_BULL,1.0,True,6,False,BULL_STRUCTURE,BULL_STRUCTURE,1.0,0.9498309792560744955098993366,0.9498309792560744955098993366
2023-04-07 12:00:00+00:00,5,STRONG_BULL,1.0,True,7,False,BULL_STRUCTURE,BULL_STRUCTURE,1.0,0.9501290504517921804166920631,0.9501290504517921804166920631
2023-04-08 12:00:00+00:00,5,STRONG_BULL,1.0,True,8,False,BULL_STRUCTURE,BULL_STRUCTURE,1.0,0.9499833596301640941607725157,0.9499833596301640941607725157
2023-04-09 12:00:00+00:00,5,STRONG_BULL,1.0,True,9,False,BULL_STRUCTURE,BULL_STRUCTURE,1.0,0.9506139402201599104575957101,0.9506139402201599104575957101
2023-04-10 12:00:00+00:00,5,STRONG_BULL,1.0,True,10,False,BULL_STRUCTURE,BULL_STRUCTURE,1.0,0.9533546707351201777153279721,0.9533546707351201777153279721
2023-04-11 12:00:00+00:00,5,STRONG_BULL,1.0,True,11,False,BULL_STRUCTURE,BULL_STRUCTURE,1.0,0.9532971174247334034753911641,0.9532971174247334034753911641
2023-04-12 12:00:00+00:00,5,STRONG_BULL,1.0,True,12,False,BULL_STRUCTURE,BULL_STRUCTURE,1.0,0.9535090277784818763178623016,0.9535090277784818763178623016
2023-04-13 12:00:00+00:00,5,STRONG_BULL,1.0,True,13,False,BULL_STRUCTURE,BULL_STRUCTURE,1.0,0.9544339804991944560044085237,0.9544339804991944560044085237
2023-04-14 12:00:00+00:00,5,STRONG_BULL,1.0,True,14,False,BULL_STRUCTURE,BULL_STRUCTURE,1.0,0.9538380973990973320889578252,0.9538380973990973320889578252
2023-04-15 12:00:00+00:00,5,STRONG_BULL,1.0,True,15,False,BULL_STRUCTURE,BULL_STRUCTURE,1.0,0.9536067561399050379500747369,0.9536067561399050379500747369
2023-04-16 12:00:00+00:00,5,STRONG_BULL,1.0,True,16,False,BULL_STRUCTURE,BULL_STRUCTURE,1.0,0.9526268605941722267499986426,0.9526268605941722267499986426
2023-04-17 12:00:00+00:00,5,STRONG_BULL,1.0,True,17,False,BULL_STRUCTURE,BULL_STRUCTURE,1.0,0.9538312711841363508112029299,0.9538312711841363508112029299
2023-04-18 12:00:00+00:00,5,STRONG_BULL,1.0,True,18,False,BULL_STRUCTURE,BULL_STRUCTURE,1.0,0.9522264666604856342066371581,0.9522264666604856342066371581
2023-04-19 12:00:00+00:00,5,STRONG_BULL,1.0,True,19,False,BULL_STRUCTURE,BULL_STRUCTURE,1.0,0.9511090379380703753677520757,0.9511090379380703753677520757
2023-04-20 12:00:00+00:00,5,STRONG_BULL,0.9999999999217835,True,20,False,BULL_STRUCTURE,BULL_STRUCTURE,1.0,0.9502136749692888376646703227,0.9502136749692888376646703227
2023-04-21 12:00:00+00:00,5,STRONG_BULL,7.003373122873911e-24,False,20,False,BULL_STRUCTURE,BULL_STRUCTURE,1.0,0.475,0.475
2023-04-22 12:00:00+00:00,5,STRONG_BULL,2.9131354114915267e-24,False,20,False,BULL_STRUCTURE,BULL_STRUCTURE,1.0,0.4785257489622839802525305315,0.4785257489622839802525305315
2023-04-23 12:00:00+00:00,1,NEUTRAL,1.0,True,3,False,BULL_STRUCTURE,BULL_STRUCTURE,1.0,0.95,0.95
2023-04-24 12:00:00+00:00,1,NEUTRAL,1.0,True,4,False,BULL_STRUCTURE,BULL_STRUCTURE,1.0,0.9503078433830163368835348604,0.9503078433830163368835348604
2023-04-25 12:00:00+00:00,1,NEUTRAL,1.0,True,5,False,BULL_STRUCTURE,BULL_STRUCTURE,1.0,0.9528613514624267637194944699,0.9528613514624267637194944699
2023-04-26 12:00:00+00:00,1,NEUTRAL,1.0,True,6,False,BULL_STRUCTURE,BULL_STRUCTURE,1.0,0.9528332388731856291045736523,0.9528332388731856291045736523
2023-04-27 12:00:00+00:00,1,NEUTRAL,1.0,True,7,False,BULL_STRUCTURE,BULL_STRUCTURE,1.0,0.9532964067513842639287177496,0.9532964067513842639287177496
2023-04-28 12:00:00+00:00,1,NEUTRAL,1.0,True,8,False,BULL_STRUCTURE,BULL_STRUCTURE,1.0,0.9534432834247896834717182030,0.9534432834247896834717182030
2023-04-29 12:00:00+00:00,1,NEUTRAL,1.0,True,9,False,BULL_STRUCTURE,BULL_STRUCTURE,1.0,0.9532379306244492542007113622,0.9532379306244492542007113622
2023-04-30 12:00:00+00:00,1,NEUTRAL,1.0,True,10,False,BULL_STRUCTURE,BULL_STRUCTURE,1.0,0.9521871317866559407596353925,0.9521871317866559407596353925
2023-05-01 12:00:00+00:00,1,NEUTRAL,1.0,True,11,False,BULL_STRUCTURE,BULL_STRUCTURE,1.0,0.9514759755511935865800691558,0.9514759755511935865800691558
2023-05-02 12:00:00+00:00,1,NEUTRAL,1.0,True,12,False,BULL_STRUCTURE,BULL_STRUCTURE,1.0,0.9522188411170217777658977340,0.9522188411170217777658977340
2023-05-03 12:00:00+00:00,1,NEUTRAL,1.0,True,13,False,BULL_STRUCTURE,BULL_STRUCTURE,1.0,0.9531731849183455709711570678,0.9531731849183455709711570678
2023-05-04 12:00:00+00:00,1,NEUTRAL,1.0,True,14,False,BULL_STRUCTURE,BULL_STRUCTURE,1.0,0.9531650695248137564500702704,0.9531650695248137564500702704
2023-05-05 12:00:00+00:00,1,NEUTRAL,1.0,True,15,False,BULL_STRUCTURE,BULL_STRUCTURE,1.0,0.9533432496418724258609922468,0.9533432496418724258609922468
2023-05-06 12:00:00+00:00,1,NEUTRAL,1.0,True,16,False,BULL_STRUCTURE,BULL_STRUCTURE,1.0,0.9526865455822949590825124754,0.9526865455822949590825124754
2023-05-07 12:00:00+00:00,1,NEUTRAL,1.0,True,17,False,BULL_STRUCTURE,BULL_STRUCTURE,1.0,0.9512268978102964179157566094,0.9512268978102964179157566094
2023-05-08 12:00:00+00:00,1,NEUTRAL,1.0,True,18,False,BULL_STRUCTURE,BULL_STRUCTURE,1.0,0.9507983534201203691844988910,0.9507983534201203691844988910
2023-05-09 12:00:00+00:00,1,NEUTRAL,1.0,True,19,False,BULL_STRUCTURE,BULL_STRUCTURE,1.0,0.9507962913353211072786642584,0.9507962913353211072786642584
2023-05-10 12:00:00+00:00,1,NEUTRAL,1.0,True,20,False,BULL_STRUCTURE,BULL_STRUCTURE,1.0,0.9503330875966714179911432506,0.9503330875966714179911432506
2023-05-11 12:00:00+00:00,1,NEUTRAL,1.0,True,21,False,BULL_STRUCTURE,BULL_STRUCTURE,1.0,0.9484422610884729159006554209,0.9484422610884729159006554209
2023-05-12 12:00:00+00:00,1,NEUTRAL,1.0,True,22,False,BULL_STRUCTURE,BULL_STRUCTURE,1.0,0.9493106669295857507039595354,0.9493106669295857507039595354
2023-05-13 12:00:00+00:00,1,NEUTRAL,1.0,True,23,False,BULL_STRUCTURE,BULL_STRUCTURE,1.0,0.9492784276868667561322595868,0.9492784276868667561322595868
2023-05-14 12:00:00+00:00,1,NEUTRAL,0.9999999999872671,True,24,False,BULL_STRUCTURE,BULL_STRUCTURE,1.0,0.9502131173302598932795112981,0.9502131173302598932795112981
2023-05-15 12:00:00+00:00,1,NEUTRAL,1.0,True,25,False,BULL_STRUCTURE,BULL_STRUCTURE,1.0,0.9497289190692612103736420005,0.9497289190692612103736420005
2023-05-16 12:00:00+00:00,1,NEUTRAL,1.0,True,26,False,BULL_STRUCTURE,BULL_STRUCTURE,1.0,0.9489742056893725420922579256,0.9489742056893725420922579256
2023-05-17 12:00:00+00:00,1,NEUTRAL,1.0,True,27,False,BULL_STRUCTURE,BULL_STRUCTURE,1.0,0.9503216490294724942737871717,0.9503216490294724942737871717
2023-05-18 12:00:00+00:00,1,NEUTRAL,1.0,True,28,False,BULL_STRUCTURE,BULL_STRUCTURE,1.0,0.9493679178458532819389674515,0.9493679178458532819389674515
2023-05-19 12:00:00+00:00,1,NEUTRAL,1.0,True,29,False,BULL_STRUCTURE,BULL_STRUCTURE,1.0,0.9494111420024681904516095754,0.9494111420024681904516095754
2023-05-20 12:00:00+00:00,1,NEUTRAL,1.0,True,30,False,BULL_STRUCTURE,BULL_STRUCTURE,1.0,0.9493214281471051853229177180,0.9493214281471051853229177180
2023-05-21 12:00:00+00:00,1,NEUTRAL,1.0,True,31,False,BULL_STRUCTURE,BULL_STRUCTURE,1.0,0.9493157611421288772816904700,0.9493157611421288772816904700
2023-05-22 12:00:00+00:00,1,NEUTRAL,1.0,True,32,False,BULL_STRUCTURE,BULL_STRUCTURE,1.0,0.9502152631935479474515082921,0.9502152631935479474515082921
2023-05-23 12:00:00+00:00,1,NEUTRAL,1.0,True,33,False,BULL_STRUCTURE,BULL_STRUCTURE,1.0,0.9491636789018732375973918329,0.9491636789018732375973918329
2023-05-24 12:00:00+00:00,1,NEUTRAL,1.0,True,34,False,BULL_STRUCTURE,BULL_STRUCTURE,1.0,0.9483467091083322534720581474,0.9483467091083322534720581474
2023-05-25 12:00:00+00:00,1,NEUTRAL,1.0,True,35,False,BULL_STRUCTURE,BULL_STRUCTURE,1.0,0.9486553262502051540764336305,0.9486553262502051540764336305
2023-05-26 12:00:00+00:00,1,NEUTRAL,1.0,True,36,False,BULL_STRUCTURE,BULL_STRUCTURE,1.0,0.9490855756836868046404117398,0.9490855756836868046404117398
2023-05-27 12:00:00+00:00,1,NEUTRAL,2.9356786463861227e-05,False,36,False,BULL_STRUCTURE,BULL_STRUCTURE,1.0,0.475,0.475
2023-05-28 12:00:00+00:00,1,NEUTRAL,1.656011130834553e-24,False,36,False,BULL_STRUCTURE,BULL_STRUCTURE,1.0,0.4821822875515373624366749412,0.4821822875515373624366749412
2023-05-29 12:00:00+00:00,5,STRONG_BULL,1.0,True,3,False,BULL_STRUCTURE,BULL_STRUCTURE,1.0,0.95,0.95
2023-05-30 12:00:00+00:00,5,STRONG_BULL,1.0,True,4,False,BULL_STRUCTURE,BULL_STRUCTURE,1.0,0.9489750602232759053212179538,0.9489750602232759053212179538
2023-05-31 12:00:00+00:00,5,STRONG_BULL,1.0,True,5,False,BULL_STRUCTURE,BULL_STRUCTURE,1.0,0.9486074998188755560537063085,0.9486074998188755560537063085
2023-06-01 12:00:00+00:00,5,STRONG_BULL,1.0,True,6,False,BULL_STRUCTURE,BULL_STRUCTURE,1.0,0.9490349778029002249529084843,0.9490349778029002249529084843
2023-06-02 12:00:00+00:00,5,STRONG_BULL,1.0,True,7,False,BULL_STRUCTURE,BULL_STRUCTURE,1.0,0.9490332662967874501102261578,0.9490332662967874501102261578
2023-06-03 12:00:00+00:00,5,STRONG_BULL,1.0,True,8,False,BULL_STRUCTURE,BULL_STRUCTURE,1.0,0.9491555628777520950660786560,0.9491555628777520950660786560
2023-06-04 12:00:00+00:00,5,STRONG_BULL,1.0,True,9,False,BULL_STRUCTURE,BULL_STRUCTURE,1.0,0.9483898263503592486109217817,0.9483898263503592486109217817
2023-06-05 12:00:00+00:00,5,STRONG_BULL,1.0,True,10,False,BULL_STRUCTURE,BULL_STRUCTURE,1.0,0.9463235076855202349374870897,0.9463235076855202349374870897
2023-06-06 12:00:00+00:00,5,STRONG_BULL,1.0,True,11,False,BULL_STRUCTURE,BULL_STRUCTURE,1.0,0.9486132638471458721344321836,0.9486132638471458721344321836
2023-06-07 12:00:00+00:00,5,STRONG_BULL,1.0,True,12,False,BULL_STRUCTURE,BULL_STRUCTURE,1.0,0.9477580642356938028579439016,0.9477580642356938028579439016
2023-06-08 12:00:00+00:00,5,STRONG_BULL,1.0,True,13,False,BULL_STRUCTURE,BULL_STRUCTURE,1.0,0.9480897326058204389766541677,0.9480897326058204389766541677
2023-06-09 12:00:00+00:00,5,STRONG_BULL,0.9999999999690772,True,14,False,BULL_STRUCTURE,BULL_STRUCTURE,1.0,0.9464118748602947380646705021,0.9464118748602947380646705021
2023-06-10 12:00:00+00:00,5,STRONG_BULL,1.0,True,15,False,BULL_STRUCTURE,BULL_STRUCTURE,1.0,0.9465390169675959250195344875,0.9465390169675959250195344875
2023-06-11 12:00:00+00:00,5,STRONG_BULL,0.9999469526365647,True,16,False,BULL_STRUCTURE,BULL_STRUCTURE,1.0,0.9469145087441828146265841219,0.9469145087441828146265841219
2023-06-12 12:00:00+00:00,5,STRONG_BULL,1.0,True,17,False,BULL_STRUCTURE,BULL_STRUCTURE,1.0,0.9473042290667814990699404085,0.9473042290667814990699404085
2023-06-13 12:00:00+00:00,5,STRONG_BULL,1.0,True,18,False,BULL_STRUCTURE,BULL_STRUCTURE,1.0,0.9468891199909134903383027184,0.9468891199909134903383027184
2023-06-14 12:00:00+00:00,5,STRONG_BULL,7.613660723496967e-14,False,18,False,BULL_STRUCTURE,BULL_STRUCTURE,1.0,0.475,0.475
2023-06-15 12:00:00+00:00,5,STRONG_BULL,0.09130376475676803,False,18,False,BULL_STRUCTURE,BULL_STRUCTURE,1.0,0.4798294109025046117361812580,0.4798294109025046117361812580
2023-06-16 12:00:00+00:00,5,STRONG_BULL,1.0,True,19,False,BULL_STRUCTURE,BULL_STRUCTURE,1.0,0.95,0.95
2023-06-17 12:00:00+00:00,5,STRONG_BULL,2.442679456313688e-14,False,19,False,BULL_STRUCTURE,BULL_STRUCTURE,1.0,0.475,0.475
2023-06-18 12:00:00+00:00,5,STRONG_BULL,7.780800032734724e-20,False,19,False,BULL_STRUCTURE,BULL_STRUCTURE,1.0,0.4748008762247500278181253631,0.4748008762247500278181253631
2023-06-19 12:00:00+00:00,5,STRONG_BULL,1.0,True,20,False,BULL_STRUCTURE,BULL_STRUCTURE,1.0,0.95,0.95
2023-06-20 12:00:00+00:00,5,STRONG_BULL,1.0,True,21,False,BULL_STRUCTURE,BULL_STRUCTURE,1.0,0.9538750698278909379680056901,0.9538750698278909379680056901
2023-06-21 12:00:00+00:00,5,STRONG_BULL,1.0,True,22,False,BULL_STRUCTURE,BULL_STRUCTURE,1.0,0.9553444987204732282007047776,0.9553444987204732282007047776
2023-06-22 12:00:00+00:00,5,STRONG_BULL,1.0,True,23,False,BULL_STRUCTURE,BULL_STRUCTURE,1.0,0.9556458899717502746127220766,0.9556458899717502746127220766
2023-06-23 12:00:00+00:00,5,STRONG_BULL,1.0,True,24,False,BULL_STRUCTURE,BULL_STRUCTURE,1.0,0.9563972747382584444015221683,0.9563972747382584444015221683
2023-06-24 12:00:00+00:00,5,STRONG_BULL,1.0,True,25,False,BULL_STRUCTURE,BULL_STRUCTURE,1.0,0.9564402461981328650583690603,0.9564402461981328650583690603
2023-06-25 12:00:00+00:00,5,STRONG_BULL,1.0,True,26,False,BULL_STRUCTURE,BULL_STRUCTURE,1.0,0.9559003942162912288560979278,0.9559003942162912288560979278
2023-06-26 12:00:00+00:00,5,STRONG_BULL,1.0,True,27,False,BULL_STRUCTURE,BULL_STRUCTURE,1.0,0.9564579667422210209504644338,0.9564579667422210209504644338
2023-06-27 12:00:00+00:00,5,STRONG_BULL,1.0,True,28,False,BULL_STRUCTURE,BULL_STRUCTURE,1.0,0.9558834829221446403329955641,0.9558834829221446403329955641
2023-06-28 12:00:00+00:00,5,STRONG_BULL,1.0,True,29,False,BULL_STRUCTURE,BULL_STRUCTURE,1.0,0.9563790014860335142701947234,0.9563790014860335142701947234
2023-06-29 12:00:00+00:00,5,STRONG_BULL,1.0,True,30,False,BULL_STRUCTURE,BULL_STRUCTURE,1.0,0.9567017751695254277891280488,0.9567017751695254277891280488
2023-06-30 12:00:00+00:00,5,STRONG_BULL,1.0,True,31,False,BULL_STRUCTURE,BULL_STRUCTURE,1.0,0.9561768703422222111078774627,0.9561768703422222111078774627
2023-07-01 12:00:00+00:00,5,STRONG_BULL,1.0,True,32,False,BULL_STRUCTURE,BULL_STRUCTURE,1.0,0.9562066677542124642302267552,0.9562066677542124642302267552
2023-07-02 12:00:00+00:00,5,STRONG_BULL,1.0,True,33,False,BULL_STRUCTURE,BULL_STRUCTURE,1.0,0.9563167249628657590305130609,0.9563167249628657590305130609
2023-07-03 12:00:00+00:00,5,STRONG_BULL,1.0,True,34,False,BULL_STRUCTURE,BULL_STRUCTURE,1.0,0.9569124590230098048607347231,0.9569124590230098048607347231
2023-07-04 12:00:00+00:00,5,STRONG_BULL,1.0,True,35,False,BULL_STRUCTURE,BULL_STRUCTURE,1.0,0.9560132805525697008285036094,0.9560132805525697008285036094
2023-07-05 12:00:00+00:00,5,STRONG_BULL,1.0,True,36,False,BULL_STRUCTURE,BULL_STRUCTURE,1.0,0.9566165630324798639601727461,0.9566165630324798639601727461
2023-07-06 12:00:00+00:00,5,STRONG_BULL,1.0,True,37,False,BULL_STRUCTURE,BULL_STRUCTURE,1.0,0.9556146905778347600198982378,0.9556146905778347600198982378
2023-07-07 12:00:00+00:00,5,STRONG_BULL,1.0,True,38,False,BULL_STRUCTURE,BULL_STRUCTURE,1.0,0.9557312839691245546064363691,0.9557312839691245546064363691
2023-07-08 12:00:00+00:00,5,STRONG_BULL,1.0,True,39,False,BULL_STRUCTURE,BULL_STRUCTURE,1.0,0.9558221264077421362500893346,0.9558221264077421362500893346
2023-07-09 12:00:00+00:00,5,STRONG_BULL,1.0,True,40,False,BULL_STRUCTURE,BULL_STRUCTURE,1.0,0.9557848587806279888551532423,0.9557848587806279888551532423
2023-07-10 12:00:00+00:00,5,STRONG_BULL,1.0,True,41,False,BULL_STRUCTURE,BULL_STRUCTURE,1.0,0.9560132943834668887795377228,0.9560132943834668887795377228
2023-07-11 12:00:00+00:00,5,STRONG_BULL,1.0,True,42,False,BULL_STRUCTURE,BULL_STRUCTURE,1.0,0.9565217739237768246020349706,0.9565217739237768246020349706
2023-07-12 12:00:00+00:00,5,STRONG_BULL,1.0,True,43,False,BULL_STRUCTURE,BULL_STRUCTURE,1.0,0.9562056395135192907623052276,0.9562056395135192907623052276
2023-07-13 12:00:00+00:00,5,STRONG_BULL,1.0,True,44,False,BULL_STRUCTURE,BULL_STRUCTURE,1.0,0.9570995634303033369834791991,0.9570995634303033369834791991
2023-07-14 12:00:00+00:00,5,STRONG_BULL,3.803138088175607e-10,False,44,False,BULL_STRUCTURE,BULL_STRUCTURE,1.0,0.475,0.475
2023-07-15 12:00:00+00:00,5,STRONG_BULL,1.7589687021323844e-15,False,44,False,BULL_STRUCTURE,BULL_STRUCTURE,1.0,0.4752463233448887167828673474,0.4752463233448887167828673474
2023-07-16 12:00:00+00:00,5,STRONG_BULL,2.875133139917676e-41,False,44,False,BULL_STRUCTURE,BULL_STRUCTURE,1.0,0.4740561071734416057643287407,0.4740561071734416057643287407
2023-07-17 12:00:00+00:00,1,NEUTRAL,1.0,True,3,False,BULL_STRUCTURE,BULL_STRUCTURE,1.0,0.95,0.95
2023-07-18 12:00:00+00:00,1,NEUTRAL,1.0,True,4,False,BULL_STRUCTURE,BULL_STRUCTURE,1.0,0.9507894341176825980875254211,0.9507894341176825980875254211
2023-07-19 12:00:00+00:00,1,NEUTRAL,1.0,True,5,False,BULL_STRUCTURE,BULL_STRUCTURE,1.0,0.9512102659036683914621758167,0.9512102659036683914621758167
2023-07-20 12:00:00+00:00,1,NEUTRAL,1.0,True,6,False,BULL_STRUCTURE,BULL_STRUCTURE,1.0,0.9504217200342178100966108525,0.9504217200342178100966108525
2023-07-21 12:00:00+00:00,1,NEUTRAL,1.0,True,7,False,BULL_STRUCTURE,BULL_STRUCTURE,1.0,0.9505927034300050693817232106,0.9505927034300050693817232106
2023-07-22 12:00:00+00:00,1,NEUTRAL,1.0,True,8,False,BULL_STRUCTURE,BULL_STRUCTURE,1.0,0.9505952804946372451203485844,0.9505952804946372451203485844
2023-07-23 12:00:00+00:00,1,NEUTRAL,1.0,True,9,False,BULL_STRUCTURE,BULL_STRUCTURE,1.0,0.9496037839719641144278436270,0.9496037839719641144278436270
2023-07-24 12:00:00+00:00,1,NEUTRAL,1.0,True,10,False,BULL_STRUCTURE,BULL_STRUCTURE,1.0,0.9493710344666794465761080921,0.9493710344666794465761080921
2023-07-25 12:00:00+00:00,1,NEUTRAL,1.0,True,11,False,BULL_STRUCTURE,BULL_STRUCTURE,1.0,0.9494486367975723904123239997,0.9494486367975723904123239997
2023-07-26 12:00:00+00:00,1,NEUTRAL,1.0,True,12,False,BULL_STRUCTURE,BULL_STRUCTURE,1.0,0.9499883867043784569709794830,0.9499883867043784569709794830
2023-07-27 12:00:00+00:00,1,NEUTRAL,1.0,True,13,False,BULL_STRUCTURE,BULL_STRUCTURE,1.0,0.9494999113100770006858115470,0.9494999113100770006858115470
2023-07-28 12:00:00+00:00,1,NEUTRAL,1.0,True,14,False,BULL_STRUCTURE,BULL_STRUCTURE,1.0,0.9495991564967334017248116514,0.9495991564967334017248116514
2023-07-29 12:00:00+00:00,1,NEUTRAL,1.0,True,15,False,BULL_STRUCTURE,BULL_STRUCTURE,1.0,0.9496756377339481930687650429,0.9496756377339481930687650429
2023-07-30 12:00:00+00:00,1,NEUTRAL,1.0,True,16,False,BULL_STRUCTURE,BULL_STRUCTURE,1.0,0.9498251671944576410179486647,0.9498251671944576410179486647
2023-07-31 12:00:00+00:00,1,NEUTRAL,1.0,True,17,False,BULL_STRUCTURE,BULL_STRUCTURE,1.0,0.9489280913568674669675064981,0.9489280913568674669675064981
2023-08-01 12:00:00+00:00,1,NEUTRAL,1.0,True,18,False,BULL_STRUCTURE,BULL_STRUCTURE,1.0,0.9500775259108184248753664582,0.9500775259108184248753664582
2023-08-02 12:00:00+00:00,1,NEUTRAL,1.0,True,19,False,BULL_STRUCTURE,BULL_STRUCTURE,1.0,0.9494002580190664440680091932,0.9494002580190664440680091932
2023-08-03 12:00:00+00:00,1,NEUTRAL,1.0,True,20,False,BULL_STRUCTURE,BULL_STRUCTURE,1.0,0.9494356702225327745808254760,0.9494356702225327745808254760
2023-08-04 12:00:00+00:00,1,NEUTRAL,1.0,True,21,False,BULL_STRUCTURE,BULL_STRUCTURE,1.0,0.9492381973373423044991365779,0.9492381973373423044991365779
2023-08-05 12:00:00+00:00,1,NEUTRAL,1.0,True,22,False,BULL_STRUCTURE,BULL_STRUCTURE,1.0,0.9492879293813131376999268782,0.9492879293813131376999268782
2023-08-06 12:00:00+00:00,1,NEUTRAL,0.9999960150205245,True,23,False,BULL_STRUCTURE,BULL_STRUCTURE,1.0,0.9493101537924865310786633332,0.9493101537924865310786633332
2023-08-07 12:00:00+00:00,1,NEUTRAL,0.9997304031356117,True,24,False,BULL_STRUCTURE,BULL_STRUCTURE,1.0,0.9498780100554163153945492619,0.9498780100554163153945492619
2023-08-08 12:00:00+00:00,1,NEUTRAL,0.9999999579013101,True,25,False,BULL_STRUCTURE,BULL_STRUCTURE,1.0,0.9505948719535421569302665891,0.9505948719535421569302665891
2023-08-09 12:00:00+00:00,1,NEUTRAL,0.9999686938525093,True,26,False,BULL_STRUCTURE,BULL_STRUCTURE,1.0,0.9499835236084795552251093603,0.9499835236084795552251093603
2023-08-10 12:00:00+00:00,1,NEUTRAL,0.9999995540712092,True,27,False,BULL_STRUCTURE,BULL_STRUCTURE,1.0,0.9498898617326182128347161170,0.9498898617326182128347161170
2023-08-11 12:00:00+00:00,1,NEUTRAL,0.08556188151845218,False,27,False,BULL_STRUCTURE,BULL_STRUCTURE,1.0,0.475,0.475
2023-08-12 12:00:00+00:00,1,NEUTRAL,2.369564809888478e-25,False,27,False,BULL_STRUCTURE,BULL_STRUCTURE,1.0,0.4748981034646570088702155530,0.4748981034646570088702155530
2023-08-13 12:00:00+00:00,5,STRONG_BULL,1.0,True,3,False,BULL_STRUCTURE,BULL_STRUCTURE,1.0,0.95,0.95
2023-08-14 12:00:00+00:00,5,STRONG_BULL,1.0,True,4,False,BULL_STRUCTURE,BULL_STRUCTURE,1.0,0.9505134526596487356606383095,0.9505134526596487356606383095
2023-08-15 12:00:00+00:00,5,STRONG_BULL,1.0,True,5,False,BULL_STRUCTURE,BULL_STRUCTURE,1.0,0.9501888526621103407414399803,0.9501888526621103407414399803
2023-08-16 12:00:00+00:00,5,STRONG_BULL,1.0,True,6,False,BULL_STRUCTURE,BULL_STRUCTURE,1.0,0.9491626837557558818629316010,0.9491626837557558818629316010
2023-08-17 12:00:00+00:00,5,STRONG_BULL,3.4454625852319444e-233,False,6,False,TRANSITION,BULL_STRUCTURE,0.6,0.475,0.475
2023-08-18 12:00:00+00:00,0,CRASH,1.0,True,1,False,TRANSITION,BULL_STRUCTURE,0.6,0.4696366337635921407407274027,0.4696366337635921407407274027
2023-08-19 12:00:00+00:00,0,CRASH,1.0,True,2,False,TRANSITION,BULL_STRUCTURE,0.6,0.4722835795469041711367985658,0.4722835795469041711367985658
2023-08-20 12:00:00+00:00,0,CRASH,1.0,True,3,False,TRANSITION,BULL_STRUCTURE,0.6,0.4708984371988839728164175785,0.4708984371988839728164175785
2023-08-21 12:00:00+00:00,0,CRASH,1.0,True,4,False,TRANSITION,TRANSITION,0.6,0.4710710449372727816736072759,0.4710710449372727816736072759
2023-08-22 12:00:00+00:00,0,CRASH,1.0,True,5,False,TRANSITION,TRANSITION,0.6,0.4700153645199465858154119175,0.4700153645199465858154119175
2023-08-23 12:00:00+00:00,0,CRASH,1.0,True,6,False,TRANSITION,TRANSITION,0.6,0.4748165518044585736127322889,0.4748165518044585736127322889
2023-08-24 12:00:00+00:00,0,CRASH,1.0,True,7,False,TRANSITION,TRANSITION,0.6,0.4715179234263809285238673374,0.4715179234263809285238673374
2023-08-25 12:00:00+00:00,0,CRASH,1.0,True,8,False,TRANSITION,TRANSITION,0.6,0.4710349826734566123990294993,0.4710349826734566123990294993
2023-08-26 12:00:00+00:00,0,CRASH,1.0,True,9,False,TRANSITION,TRANSITION,0.6,0.4711743260650868287044942266,0.4711743260650868287044942266
2023-08-27 12:00:00+00:00,0,CRASH,0.6860077956657937,True,10,False,TRANSITION,TRANSITION,0.6,0.4706053010995125818135029992,0.4706053010995125818135029992
2023-08-28 12:00:00+00:00,0,CRASH,5.791604390049728e-06,False,10,False,TRANSITION,TRANSITION,0.6,0.4703614281428988308367902612,0.4703614281428988308367902612
2023-08-29 12:00:00+00:00,0,CRASH,0.9999999999968168,True,11,False,TRANSITION,TRANSITION,0.6,0.4831182146351052025453853433,0.4831182146351052025453853433
2023-08-30 12:00:00+00:00,0,CRASH,0.9999997686263936,True,12,False,TRANSITION,TRANSITION,0.6,0.4828024357455009872099243307,0.4828024357455009872099243307
2023-08-31 12:00:00+00:00,0,CRASH,0.9999999999965894,True,13,False,TRANSITION,TRANSITION,0.6,0.4710504795272649832783318021,0.4710504795272649832783318021
2023-09-01 12:00:00+00:00,0,CRASH,1.0,True,14,False,TRANSITION,TRANSITION,0.6,0.4688030806087958368413690747,0.4688030806087958368413690747
2023-09-02 12:00:00+00:00,0,CRASH,1.0,True,15,False,TRANSITION,TRANSITION,0.6,0.4700527181567865492515036360,0.4700527181567865492515036360
2023-09-03 12:00:00+00:00,0,CRASH,1.0,True,16,False,TRANSITION,TRANSITION,0.6,0.4695636315666772744735787034,0.4695636315666772744735787034
2023-09-04 12:00:00+00:00,0,CRASH,1.0,True,17,False,TRANSITION,TRANSITION,0.6,0.4685148608042007998995671852,0.4685148608042007998995671852
2023-09-05 12:00:00+00:00,0,CRASH,1.0,True,18,False,TRANSITION,TRANSITION,0.6,0.4680277679143219956715704732,0.4680277679143219956715704732
2023-09-06 12:00:00+00:00,0,CRASH,1.0,True,19,False,TRANSITION,TRANSITION,0.6,0.4677887769814226182210078570,0.4677887769814226182210078570
2023-09-07 12:00:00+00:00,0,CRASH,1.0,True,20,False,TRANSITION,TRANSITION,0.6,0.4690534986437366861416301266,0.4690534986437366861416301266
2023-09-08 12:00:00+00:00,0,CRASH,1.0,True,21,False,TRANSITION,TRANSITION,0.6,0.4692800886779112434993780491,0.4692800886779112434993780491
2023-09-09 12:00:00+00:00,0,CRASH,1.0,True,22,False,TRANSITION,TRANSITION,0.6,0.4686273481300558744657145155,0.4686273481300558744657145155
2023-09-10 12:00:00+00:00,0,CRASH,1.0,True,23,False,TRANSITION,TRANSITION,0.6,0.4667473579347778911851860417,0.4667473579347778911851860417
2023-09-11 12:00:00+00:00,0,CRASH,1.0,True,24,False,TRANSITION,TRANSITION,0.6,0.4715426536081848677057083448,0.4715426536081848677057083448
2023-09-12 12:00:00+00:00,0,CRASH,1.0,True,25,False,TRANSITION,TRANSITION,0.6,0.4724902023762831900300353901,0.4724902023762831900300353901
2023-09-13 12:00:00+00:00,0,CRASH,1.0,True,26,False,TRANSITION,TRANSITION,0.6,0.4748366368304080655905821206,0.4748366368304080655905821206
2023-09-14 12:00:00+00:00,0,CRASH,1.0,True,27,False,TRANSITION,TRANSITION,0.6,0.4746386426946910141035063403,0.4746386426946910141035063403
2023-09-15 12:00:00+00:00,0,CRASH,1.0,True,28,False,TRANSITION,TRANSITION,0.6,0.4755705239382243879921088569,0.4755705239382243879921088569
2023-09-16 12:00:00+00:00,0,CRASH,1.0,True,29,False,TRANSITION,TRANSITION,0.6,0.4759705937221643517155512568,0.4759705937221643517155512568
2023-09-17 12:00:00+00:00,0,CRASH,1.0,True,30,False,TRANSITION,TRANSITION,0.6,0.4818222120433446618597197893,0.4818222120433446618597197893
2023-09-18 12:00:00+00:00,0,CRASH,1.0,True,31,False,TRANSITION,TRANSITION,0.6,0.4821944707477927375324182761,0.4821944707477927375324182761
2023-09-19 12:00:00+00:00,0,CRASH,1.0,True,32,False,TRANSITION,TRANSITION,0.6,0.4809127117980779598238368687,0.4809127117980779598238368687
2023-09-20 12:00:00+00:00,0,CRASH,1.0,True,33,False,TRANSITION,TRANSITION,0.6,0.4775068322837064825393816073,0.4775068322837064825393816073
2023-09-21 12:00:00+00:00,0,CRASH,1.0,True,34,False,TRANSITION,TRANSITION,0.6,0.4766605876141910441016248286,0.4766605876141910441016248286
2023-09-22 12:00:00+00:00,0,CRASH,1.0,True,35,False,TRANSITION,TRANSITION,0.6,0.4760507596985785989691606113,0.4760507596985785989691606113
2023-09-23 12:00:00+00:00,0,CRASH,1.0,True,36,False,TRANSITION,TRANSITION,0.6,0.4762524741445918171922294349,0.4762524741445918171922294349
2023-09-24 12:00:00+00:00,0,CRASH,1.0,True,37,False,TRANSITION,TRANSITION,0.6,0.4713174185008182362642369103,0.4713174185008182362642369103
2023-09-25 12:00:00+00:00,0,CRASH,1.0,True,38,False,TRANSITION,TRANSITION,0.6,0.4732067492460091719243434679,0.4732067492460091719243434679
2023-09-26 12:00:00+00:00,0,CRASH,1.0,True,39,False,TRANSITION,TRANSITION,0.6,0.4778418797380969842976205454,0.4778418797380969842976205454
2023-09-27 12:00:00+00:00,0,CRASH,1.0,True,40,False,TRANSITION,TRANSITION,0.6,0.4751267081917545209018376071,0.4751267081917545209018376071
2023-09-28 12:00:00+00:00,0,CRASH,1.0,True,41,False,TRANSITION,TRANSITION,0.6,0.4797373304223063363812537608,0.4797373304223063363812537608
2023-09-29 12:00:00+00:00,0,CRASH,1.0,True,42,False,TRANSITION,TRANSITION,0.6,0.4794154600206933543740331189,0.4794154600206933543740331189
2023-09-30 12:00:00+00:00,0,CRASH,1.0,True,43,False,TRANSITION,TRANSITION,0.6,0.4817370990252007951147068319,0.4817370990252007951147068319
2023-10-01 12:00:00+00:00,0,CRASH,1.0,True,44,False,TRANSITION,TRANSITION,0.6,0.4908518515534180659393072389,0.4908518515534180659393072389
2023-10-02 12:00:00+00:00,0,CRASH,1.0,True,45,False,TRANSITION,TRANSITION,0.6,0.4851333667426474406735691266,0.4851333667426474406735691266
2023-10-03 12:00:00+00:00,0,CRASH,1.0,True,46,False,TRANSITION,TRANSITION,0.6,0.4852460870403523939530937080,0.4852460870403523939530937080
2023-10-04 12:00:00+00:00,0,CRASH,1.0,True,47,False,TRANSITION,TRANSITION,0.6,0.4866306649739087945809751617,0.4866306649739087945809751617
2023-10-05 12:00:00+00:00,0,CRASH,1.0,True,48,False,TRANSITION,TRANSITION,0.6,0.4869397179575953596060473610,0.4869397179575953596060473610
2023-10-06 12:00:00+00:00,0,CRASH,1.0,True,49,False,TRANSITION,TRANSITION,0.6,0.4885735093339839724013534013,0.4885735093339839724013534013
2023-10-07 12:00:00+00:00,0,CRASH,1.0,True,50,False,TRANSITION,TRANSITION,0.6,0.4874039478695953671854321834,0.4874039478695953671854321834
2023-10-08 12:00:00+00:00,0,CRASH,1.0,True,51,False,TRANSITION,TRANSITION,0.6,0.4843066648244677160711716920,0.4843066648244677160711716920
2023-10-09 12:00:00+00:00,0,CRASH,1.0,True,52,False,TRANSITION,TRANSITION,0.6,0.4846696437165781604215265759,0.4846696437165781604215265759
2023-10-10 12:00:00+00:00,0,CRASH,1.0,True,53,False,TRANSITION,TRANSITION,0.6,0.4818156023248403051475785817,0.4818156023248403051475785817
2023-10-11 12:00:00+00:00,0,CRASH,1.0,True,54,False,TRANSITION,TRANSITION,0.6,0.4785041786971209145229424260,0.4785041786971209145229424260
2023-10-12 12:00:00+00:00,0,CRASH,1.0,True,55,False,TRANSITION,TRANSITION,0.6,0.4783468092561115152329439168,0.4783468092561115152329439168
2023-10-13 12:00:00+00:00,0,CRASH,1.0,True,56,False,TRANSITION,TRANSITION,0.6,0.4788248549724094698174934748,0.4788248549724094698174934748
2023-10-14 12:00:00+00:00,0,CRASH,1.0,True,57,False,TRANSITION,TRANSITION,0.6,0.4786401727965765225763445766,0.4786401727965765225763445766
2023-10-15 12:00:00+00:00,0,CRASH,0.9999932199473477,True,58,False,TRANSITION,TRANSITION,0.6,0.4868461048403413966940753790,0.4868461048403413966940753790
2023-10-16 12:00:00+00:00,0,CRASH,2.58629965548617e-06,False,58,False,TRANSITION,TRANSITION,0.6,0.4928346178516652783541389463,0.4928346178516652783541389463
2023-10-17 12:00:00+00:00,0,CRASH,5.197411771181872e-06,False,58,False,TRANSITION,TRANSITION,0.6,0.4921125711402293558462809864,0.4921125711402293558462809864
2023-10-18 12:00:00+00:00,0,CRASH,3.720253716569572e-07,False,58,False,TRANSITION,TRANSITION,0.6,0.4930812575383700361880441424,0.4930812575383700361880441424
2023-10-19 12:00:00+00:00,0,CRASH,1.2770756718685652e-28,False,58,False,BULL_STRUCTURE,TRANSITION,0.6,0.25,0.25
2023-10-20 12:00:00+00:00,0,CRASH,6.273865367929575e-32,False,58,False,BULL_STRUCTURE,TRANSITION,0.6,0.2498590991479534351656504809,0.2498590991479534351656504809
2023-10-21 12:00:00+00:00,0,CRASH,5.916514997918772e-34,False,58,False,BULL_STRUCTURE,TRANSITION,0.6,0.2505168051463799799423524751,0.2505168051463799799423524751
2023-10-22 12:00:00+00:00,0,CRASH,2.459998484458273e-64,False,58,False,BULL_STRUCTURE,TRANSITION,0.6,0.2551792389375951859990097555,0.2551792389375951859990097555
2023-10-23 12:00:00+00:00,0,CRASH,3.0648053902662607e-255,False,58,False,BULL_STRUCTURE,BULL_STRUCTURE,1.0,0.2785154539606606026267931106,0.2785154539606606026267931106
2023-10-24 12:00:00+00:00,1,STRONG_BULL,1.0,True,3,False,BULL_STRUCTURE,BULL_STRUCTURE,1.0,0.95,0.95
2023-10-25 12:00:00+00:00,1,STRONG_BULL,1.0,True,4,False,BULL_STRUCTURE,BULL_STRUCTURE,1.0,0.9506993625711127714602727390,0.9506993625711127714602727390
2023-10-26 12:00:00+00:00,1,STRONG_BULL,1.0,True,5,False,BULL_STRUCTURE,BULL_STRUCTURE,1.0,0.9506227593674919051097393999,0.9506227593674919051097393999
2023-10-27 12:00:00+00:00,1,STRONG_BULL,1.0,True,6,False,BULL_STRUCTURE,BULL_STRUCTURE,1.0,0.9507997350832569999750819685,0.9507997350832569999750819685
2023-10-28 12:00:00+00:00,1,STRONG_BULL,1.0,True,7,False,BULL_STRUCTURE,BULL_STRUCTURE,1.0,0.9509062287505996650813749505,0.9509062287505996650813749505
2023-10-29 12:00:00+00:00,1,STRONG_BULL,1.0,True,8,False,BULL_STRUCTURE,BULL_STRUCTURE,1.0,0.9513849260167419904026661156,0.9513849260167419904026661156
2023-10-30 12:00:00+00:00,1,STRONG_BULL,1.0,True,9,False,BULL_STRUCTURE,BULL_STRUCTURE,1.0,0.9512237014673770915615921885,0.9512237014673770915615921885
2023-10-31 12:00:00+00:00,1,STRONG_BULL,1.0,True,10,False,BULL_STRUCTURE,BULL_STRUCTURE,1.0,0.9511371798138944351776978072,0.9511371798138944351776978072
2023-11-01 12:00:00+00:00,1,STRONG_BULL,1.0,True,11,False,BULL_STRUCTURE,BULL_STRUCTURE,1.0,0.9523862973149528585898647661,0.9523862973149528585898647661
2023-11-02 12:00:00+00:00,1,STRONG_BULL,1.0,True,12,False,BULL_STRUCTURE,BULL_STRUCTURE,1.0,0.9509043070252687064623909366,0.9509043070252687064623909366
2023-11-03 12:00:00+00:00,1,STRONG_BULL,1.0,True,13,False,BULL_STRUCTURE,BULL_STRUCTURE,1.0,0.9515233318661105012726255034,0.9515233318661105012726255034
2023-11-04 12:00:00+00:00,1,STRONG_BULL,1.0,True,14,False,BULL_STRUCTURE,BULL_STRUCTURE,1.0,0.9520147614818436220193019734,0.9520147614818436220193019734
2023-11-05 12:00:00+00:00,1,STRONG_BULL,1.0,True,15,False,BULL_STRUCTURE,BULL_STRUCTURE,1.0,0.9522047134606271585760492653,0.9522047134606271585760492653
2023-11-06 12:00:00+00:00,1,STRONG_BULL,1.0,True,16,False,BULL_STRUCTURE,BULL_STRUCTURE,1.0,0.9514107320256195959920809208,0.9514107320256195959920809208
2023-11-07 12:00:00+00:00,1,STRONG_BULL,1.0,True,17,False,BULL_STRUCTURE,BULL_STRUCTURE,1.0,0.9523314057055671482116308347,0.9523314057055671482116308347
2023-11-08 12:00:00+00:00,1,STRONG_BULL,1.0,True,18,False,BULL_STRUCTURE,BULL_STRUCTURE,1.0,0.9541540591984708286001378651,0.9541540591984708286001378651
2023-11-09 12:00:00+00:00,1,STRONG_BULL,1.0,True,19,False,BULL_STRUCTURE,BULL_STRUCTURE,1.0,0.9544673118694634593252408329,0.9544673118694634593252408329
2023-11-10 12:00:00+00:00,1,STRONG_BULL,1.0,True,20,False,BULL_STRUCTURE,BULL_STRUCTURE,1.0,0.9543703065524257951055786295,0.9543703065524257951055786295
2023-11-11 12:00:00+00:00,1,STRONG_BULL,1.0,True,21,False,BULL_STRUCTURE,BULL_STRUCTURE,1.0,0.9544490279429061735181324602,0.9544490279429061735181324602
2023-11-12 12:00:00+00:00,1,STRONG_BULL,0.9999999999972715,True,22,False,BULL_STRUCTURE,BULL_STRUCTURE,1.0,0.9541591811202243262662726570,0.9541591811202243262662726570
2023-11-13 12:00:00+00:00,1,STRONG_BULL,1.0,True,23,False,BULL_STRUCTURE,BULL_STRUCTURE,1.0,0.9534951654114158793590919265,0.9534951654114158793590919265
2023-11-14 12:00:00+00:00,1,STRONG_BULL,0.9999999999890861,True,24,False,BULL_STRUCTURE,BULL_STRUCTURE,1.0,0.9534728486168934487153620715,0.9534728486168934487153620715
2023-11-15 12:00:00+00:00,1,STRONG_BULL,0.999999996560291,True,25,False,BULL_STRUCTURE,BULL_STRUCTURE,1.0,0.9546731638595219364089060376,0.9546731638595219364089060376
2023-11-16 12:00:00+00:00,1,STRONG_BULL,1.0,True,26,False,BULL_STRUCTURE,BULL_STRUCTURE,1.0,0.9536337363178360083007374257,0.9536337363178360083007374257
2023-11-17 12:00:00+00:00,1,STRONG_BULL,0.9570222802745622,True,27,False,BULL_STRUCTURE,BULL_STRUCTURE,1.0,0.9536701405804884064953753202,0.9536701405804884064953753202
2023-11-18 12:00:00+00:00,1,STRONG_BULL,1.0229256829082219e-05,False,27,False,BULL_STRUCTURE,BULL_STRUCTURE,1.0,0.475,0.475
2023-11-19 12:00:00+00:00,1,STRONG_BULL,0.999999801671967,True,28,False,BULL_STRUCTURE,BULL_STRUCTURE,1.0,0.95,0.95
2023-11-20 12:00:00+00:00,1,STRONG_BULL,1.0,True,29,False,BULL_STRUCTURE,BULL_STRUCTURE,1.0,0.9506130938551705452719801017,0.9506130938551705452719801017
2023-11-21 12:00:00+00:00,1,STRONG_BULL,1.3079734144903003e-06,False,29,False,BULL_STRUCTURE,BULL_STRUCTURE,1.0,0.475,0.475
2023-11-22 12:00:00+00:00,1,STRONG_BULL,7.547617984148997e-26,False,29,False,BULL_STRUCTURE,BULL_STRUCTURE,1.0,0.4814159520451148092217985469,0.4814159520451148092217985469
2023-11-23 12:00:00+00:00,3,WEAK_BEAR,0.9999972267153028,True,3,False,BULL_STRUCTURE,BULL_STRUCTURE,1.0,0.95,0.95
2023-11-24 12:00:00+00:00,3,WEAK_BEAR,2.56977704918938e-08,False,3,False,BULL_STRUCTURE,BULL_STRUCTURE,1.0,0.475,0.475
2023-11-25 12:00:00+00:00,3,WEAK_BEAR,3.557801233175851e-17,False,3,False,BULL_STRUCTURE,BULL_STRUCTURE,1.0,0.4754683375491396235470525969,0.4754683375491396235470525969
2023-11-26 12:00:00+00:00,3,WEAK_BEAR,3.0349909269068473e-18,False,3,False,BULL_STRUCTURE,BULL_STRUCTURE,1.0,0.4711751030592352362789099315,0.4711751030592352362789099315
2023-11-27 12:00:00+00:00,3,WEAK_BEAR,8.061325524284638e-19,False,3,False,BULL_STRUCTURE,BULL_STRUCTURE,1.0,0.4726207714234361567661097097,0.4726207714234361567661097097
2023-11-28 12:00:00+00:00,3,WEAK_BEAR,4.183297315074832e-18,False,3,False,BULL_STRUCTURE,BULL_STRUCTURE,1.0,0.4782686200448197001988204237,0.4782686200448197001988204237
2023-11-29 12:00:00+00:00,0,CRASH,1.0,True,3,False,BULL_STRUCTURE,BULL_STRUCTURE,1.0,0.4768272564635211506536189585,0.4768272564635211506536189585
2023-11-30 12:00:00+00:00,0,CRASH,1.0,True,4,False,BULL_STRUCTURE,BULL_STRUCTURE,1.0,0.4813640807081633659930718267,0.4813640807081633659930718267
2023-12-01 12:00:00+00:00,0,CRASH,1.0,True,5,False,BULL_STRUCTURE,BULL_STRUCTURE,1.0,0.4823973152152159641785316632,0.4823973152152159641785316632
2023-12-02 12:00:00+00:00,0,CRASH,1.0,True,6,False,BULL_STRUCTURE,BULL_STRUCTURE,1.0,0.4871203442276504941876565996,0.4871203442276504941876565996
2023-12-03 12:00:00+00:00,0,CRASH,0.9573104509360255,True,7,False,BULL_STRUCTURE,BULL_STRUCTURE,1.0,0.5001719027181423027402726528,0.5001719027181423027402726528
2023-12-04 12:00:00+00:00,0,CRASH,6.021326140727873e-15,False,7,False,BULL_STRUCTURE,BULL_STRUCTURE,1.0,0.25,0.25
2023-12-05 12:00:00+00:00,0,CRASH,2.263220878391108e-84,False,7,False,BULL_STRUCTURE,BULL_STRUCTURE,1.0,0.2594592133649649820981215497,0.2594592133649649820981215497
2023-12-06 12:00:00+00:00,0,CRASH,2.5763469173614606e-127,False,7,False,BULL_STRUCTURE,BULL_STRUCTURE,1.0,0.2565941554707658513635123628,0.2565941554707658513635123628
2023-12-07 12:00:00+00:00,4,STRONG_BEAR,1.0,True,3,False,BULL_STRUCTURE,BULL_STRUCTURE,1.0,0.95,0.95
2023-12-08 12:00:00+00:00,4,STRONG_BEAR,1.0,True,4,False,BULL_STRUCTURE,BULL_STRUCTURE,1.0,0.9510284701777149106179028489,0.9510284701777149106179028489
2023-12-09 12:00:00+00:00,4,STRONG_BEAR,0.9999999987503543,True,5,False,BULL_STRUCTURE,BULL_STRUCTURE,1.0,0.9509440051455947789925052026,0.9509440051455947789925052026
2023-12-10 12:00:00+00:00,4,STRONG_BEAR,1.0,True,6,False,BULL_STRUCTURE,BULL_STRUCTURE,1.0,0.9494107298831100084050301040,0.9494107298831100084050301040
2023-12-11 12:00:00+00:00,4,STRONG_BEAR,1.0,True,7,False,BULL_STRUCTURE,BULL_STRUCTURE,1.0,0.9485343896565864845425213584,0.9485343896565864845425213584
2023-12-12 12:00:00+00:00,4,STRONG_BEAR,1.0,True,8,False,BULL_STRUCTURE,BULL_STRUCTURE,1.0,0.9478445330395417198196586474,0.9478445330395417198196586474
2023-12-13 12:00:00+00:00,4,STRONG_BEAR,1.0,True,9,False,BULL_STRUCTURE,BULL_STRUCTURE,1.0,0.9504364983870680069691349700,0.9504364983870680069691349700
2023-12-14 12:00:00+00:00,4,STRONG_BEAR,1.0,True,10,False,BULL_STRUCTURE,BULL_STRUCTURE,1.0,0.9498960607097200586962091974,0.9498960607097200586962091974
2023-12-15 12:00:00+00:00,4,STRONG_BEAR,2.3886038707254775e-14,False,10,False,BULL_STRUCTURE,BULL_STRUCTURE,1.0,0.475,0.475
2023-12-16 12:00:00+00:00,4,STRONG_BEAR,7.635037513984163e-13,False,10,False,BULL_STRUCTURE,BULL_STRUCTURE,1.0,0.4730891394574633948518882075,0.4730891394574633948518882075
2023-12-17 12:00:00+00:00,0,CRASH,1.0,True,3,False,BULL_STRUCTURE,BULL_STRUCTURE,1.0,0.4679606288001734606538021375,0.4679606288001734606538021375
2023-12-18 12:00:00+00:00,0,CRASH,1.0,True,4,False,BULL_STRUCTURE,BULL_STRUCTURE,1.0,0.4790568521979274545229557589,0.4790568521979274545229557589
2023-12-19 12:00:00+00:00,0,CRASH,1.0,True,5,False,BULL_STRUCTURE,BULL_STRUCTURE,1.0,0.4784075786006862969902323750,0.4784075786006862969902323750
2023-12-20 12:00:00+00:00,0,CRASH,1.0,True,6,False,BULL_STRUCTURE,BULL_STRUCTURE,1.0,0.4845468891184288565237170883,0.4845468891184288565237170883
2023-12-21 12:00:00+00:00,0,CRASH,1.0,True,7,False,BULL_STRUCTURE,BULL_STRUCTURE,1.0,0.4835348682850583490191461463,0.4835348682850583490191461463
2023-12-22 12:00:00+00:00,0,CRASH,1.0,True,8,False,BULL_STRUCTURE,BULL_STRUCTURE,1.0,0.4823555076349940468037107686,0.4823555076349940468037107686
2023-12-23 12:00:00+00:00,0,CRASH,1.0,True,9,False,BULL_STRUCTURE,BULL_STRUCTURE,1.0,0.4828505376828275792279226482,0.4828505376828275792279226482
2023-12-24 12:00:00+00:00,0,CRASH,1.0,True,10,False,BULL_STRUCTURE,BULL_STRUCTURE,1.0,0.4801867571309850829139198018,0.4801867571309850829139198018
2023-12-25 12:00:00+00:00,0,CRASH,1.0,True,11,False,BULL_STRUCTURE,BULL_STRUCTURE,1.0,0.4773640936159941693512744186,0.4773640936159941693512744186
2023-12-26 12:00:00+00:00,0,CRASH,1.0,True,12,False,BULL_STRUCTURE,BULL_STRUCTURE,1.0,0.4793064326815200813757609158,0.4793064326815200813757609158
2023-12-27 12:00:00+00:00,0,CRASH,1.0,True,13,False,BULL_STRUCTURE,BULL_STRUCTURE,1.0,0.4795434286566086311258299353,0.4795434286566086311258299353
2023-12-28 12:00:00+00:00,0,CRASH,1.0,True,14,False,BULL_STRUCTURE,BULL_STRUCTURE,1.0,0.4783934320610274503403802967,0.4783934320610274503403802967
2023-12-29 12:00:00+00:00,0,CRASH,1.0,True,15,False,BULL_STRUCTURE,BULL_STRUCTURE,1.0,0.4726961011202063084899385424,0.4726961011202063084899385424
2023-12-30 12:00:00+00:00,0,CRASH,1.0,True,16,False,BULL_STRUCTURE,BULL_STRUCTURE,1.0,0.4763850744751883437477961324,0.4763850744751883437477961324
2023-12-31 12:00:00+00:00,0,CRASH,1.0,True,17,False,BULL_STRUCTURE,BULL_STRUCTURE,1.0,0.4773912704261246725846011266,0.4773912704261246725846011266
2024-01-01 12:00:00+00:00,0,CRASH,1.0,True,18,False,BULL_STRUCTURE,BULL_STRUCTURE,1.0,0.4929490896038490945617989920,0.4929490896038490945617989920
2024-01-02 12:00:00+00:00,0,CRASH,1.0,True,19,False,BULL_STRUCTURE,BULL_STRUCTURE,1.0,0.4832432749602617351322605024,0.4832432749602617351322605024
2024-01-03 12:00:00+00:00,0,CRASH,1.0,True,20,False,BULL_STRUCTURE,BULL_STRUCTURE,1.0,0.4802168786493168820807553828,0.4802168786493168820807553828
2024-01-04 12:00:00+00:00,0,CRASH,1.0,True,21,False,BULL_STRUCTURE,BULL_STRUCTURE,1.0,0.4836341609990470593388409229,0.4836341609990470593388409229
2024-01-05 12:00:00+00:00,0,CRASH,1.0,True,22,False,BULL_STRUCTURE,BULL_STRUCTURE,1.0,0.4830665369778161735938692910,0.4830665369778161735938692910
2024-01-06 12:00:00+00:00,0,CRASH,1.0,True,23,False,BULL_STRUCTURE,BULL_STRUCTURE,1.0,0.4852820761695523623118162464,0.4852820761695523623118162464
2024-01-07 12:00:00+00:00,0,CRASH,1.0,True,24,False,BULL_STRUCTURE,BULL_STRUCTURE,1.0,0.4885206349755568547211347006,0.4885206349755568547211347006
2024-01-08 12:00:00+00:00,0,CRASH,1.0,True,25,False,BULL_STRUCTURE,BULL_STRUCTURE,1.0,0.4993694004930566309480173161,0.4993694004930566309480173161
2024-01-09 12:00:00+00:00,0,CRASH,1.0,True,26,False,BULL_STRUCTURE,BULL_STRUCTURE,1.0,0.4933992537661320380933877289,0.4933992537661320380933877289
2024-01-10 12:00:00+00:00,0,CRASH,9.220471293615346e-13,False,26,False,BULL_STRUCTURE,BULL_STRUCTURE,1.0,0.25,0.25
2024-01-11 12:00:00+00:00,0,CRASH,0.9999999755254979,True,27,False,BULL_STRUCTURE,BULL_STRUCTURE,1.0,0.50,0.50
2024-01-12 12:00:00+00:00,0,CRASH,0.9999626052511118,True,28,False,BULL_STRUCTURE,BULL_STRUCTURE,1.0,0.4813634042422398286926907214,0.4813634042422398286926907214
2024-01-13 12:00:00+00:00,0,CRASH,0.9999964432654038,True,29,False,BULL_STRUCTURE,BULL_STRUCTURE,1.0,0.4825671063970943659276841220,0.4825671063970943659276841220
2024-01-14 12:00:00+00:00,0,CRASH,0.999999999994543,True,30,False,BULL_STRUCTURE,BULL_STRUCTURE,1.0,0.4817964086452664535940241545,0.4817964086452664535940241545
2024-01-15 12:00:00+00:00,0,CRASH,1.0,True,31,False,BULL_STRUCTURE,BULL_STRUCTURE,1.0,0.4829780816914716378445656270,0.4829780816914716378445656270
2024-01-16 12:00:00+00:00,0,CRASH,0.9906148666245586,True,32,False,BULL_STRUCTURE,BULL_STRUCTURE,1.0,0.4816921300256425190931920148,0.4816921300256425190931920148
2024-01-17 12:00:00+00:00,0,CRASH,5.418109832670743e-05,False,32,False,BULL_STRUCTURE,BULL_STRUCTURE,1.0,0.4808978751040263619270973079,0.4808978751040263619270973079
2024-01-18 12:00:00+00:00,0,CRASH,0.9999997346713269,True,33,False,BULL_STRUCTURE,BULL_STRUCTURE,1.0,0.4745473568296287914910981196,0.4745473568296287914910981196
2024-01-19 12:00:00+00:00,0,CRASH,0.999999992794983,True,34,False,BULL_STRUCTURE,BULL_STRUCTURE,1.0,0.4751806239172985189233116737,0.4751806239172985189233116737
2024-01-20 12:00:00+00:00,0,CRASH,0.9999999870469766,True,35,False,BULL_STRUCTURE,BULL_STRUCTURE,1.0,0.4760133229096708059924935094,0.4760133229096708059924935094
2024-01-21 12:00:00+00:00,0,CRASH,1.0104382875112298e-41,False,35,False,BULL_STRUCTURE,BULL_STRUCTURE,1.0,0.4705529935828504683467772694,0.4705529935828504683467772694
2024-01-22 12:00:00+00:00,0,CRASH,1.8000803893878933e-60,False,35,False,BULL_STRUCTURE,BULL_STRUCTURE,1.0,0.4582463082500910619087904879,0.4582463082500910619087904879
2024-01-23 12:00:00+00:00,3,WEAK_BEAR,0.9999917742472447,True,3,False,BULL_STRUCTURE,BULL_STRUCTURE,1.0,0.95,0.95
2024-01-24 12:00:00+00:00,3,WEAK_BEAR,1.0,True,4,False,BULL_STRUCTURE,BULL_STRUCTURE,1.0,0.9505562503673388246286263193,0.9505562503673388246286263193
2024-01-25 12:00:00+00:00,3,WEAK_BEAR,0.11865411100708037,False,4,False,BULL_STRUCTURE,BULL_STRUCTURE,1.0,0.475,0.475
2024-01-26 12:00:00+00:00,3,WEAK_BEAR,0.0015511845525690324,False,4,False,BULL_STRUCTURE,BULL_STRUCTURE,1.0,0.4781269879576285945821994289,0.4781269879576285945821994289
2024-01-27 12:00:00+00:00,0,CRASH,1.0,True,3,False,BULL_STRUCTURE,BULL_STRUCTURE,1.0,0.4823394106868954980481655334,0.4823394106868954980481655334
2024-01-28 12:00:00+00:00,0,CRASH,3.18721272619394e-23,False,3,False,BULL_STRUCTURE,BULL_STRUCTURE,1.0,0.4810130945270023643584587617,0.4810130945270023643584587617
2024-01-29 12:00:00+00:00,0,CRASH,0.999999938689145,True,4,False,BULL_STRUCTURE,BULL_STRUCTURE,1.0,0.4885299694205307642792069620,0.4885299694205307642792069620
2024-01-30 12:00:00+00:00,0,CRASH,2.6088991020840314e-35,False,4,False,BULL_STRUCTURE,BULL_STRUCTURE,1.0,0.4833720313762944239054130533,0.4833720313762944239054130533
2024-01-31 12:00:00+00:00,0,CRASH,4.503460683342979e-34,False,4,False,BULL_STRUCTURE,BULL_STRUCTURE,1.0,0.4800693008888208363283524414,0.4800693008888208363283524414
2024-02-01 12:00:00+00:00,0,CRASH,0.9999999520659923,True,5,False,BULL_STRUCTURE,BULL_STRUCTURE,1.0,0.4862857526157350580794629729,0.4862857526157350580794629729
2024-02-02 12:00:00+00:00,0,CRASH,0.9999999948704499,True,6,False,BULL_STRUCTURE,BULL_STRUCTURE,1.0,0.4853962646007330767031171407,0.4853962646007330767031171407
2024-02-03 12:00:00+00:00,0,CRASH,0.9999985010046979,True,7,False,BULL_STRUCTURE,BULL_STRUCTURE,1.0,0.4857739639124176957962750987,0.4857739639124176957962750987
2024-02-04 12:00:00+00:00,0,CRASH,0.9999999472784126,True,8,False,BULL_STRUCTURE,BULL_STRUCTURE,1.0,0.4865500275024809925644595381,0.4865500275024809925644595381
2024-02-05 12:00:00+00:00,0,CRASH,0.9999999101055477,True,9,False,BULL_STRUCTURE,BULL_STRUCTURE,1.0,0.4844179198338725140079873685,0.4844179198338725140079873685
2024-02-06 12:00:00+00:00,0,CRASH,0.9957875135146508,True,10,False,BULL_STRUCTURE,BULL_STRUCTURE,1.0,0.4850081770817566737550116541,0.4850081770817566737550116541
2024-02-07 12:00:00+00:00,0,CRASH,0.9999999997307896,True,11,False,BULL_STRUCTURE,BULL_STRUCTURE,1.0,0.4951086904759224927049722599,0.4951086904759224927049722599
2024-02-08 12:00:00+00:00,0,CRASH,9.271324300601904e-14,False,11,False,BULL_STRUCTURE,BULL_STRUCTURE,1.0,0.25,0.25
2024-02-09 12:00:00+00:00,0,CRASH,5.96370373935383e-17,False,11,False,BULL_STRUCTURE,BULL_STRUCTURE,1.0,0.2500868643575256289860500852,0.2500868643575256289860500852
2024-02-10 12:00:00+00:00,1,STRONG_BULL,1.0,True,3,False,BULL_STRUCTURE,BULL_STRUCTURE,1.0,0.95,0.95
2024-02-11 12:00:00+00:00,1,STRONG_BULL,1.0,True,4,False,BULL_STRUCTURE,BULL_STRUCTURE,1.0,0.9503604016352197159473179415,0.9503604016352197159473179415
2024-02-12 12:00:00+00:00,1,STRONG_BULL,1.0,True,5,False,BULL_STRUCTURE,BULL_STRUCTURE,1.0,0.9523322556311615249786167717,0.9523322556311615249786167717
2024-02-13 12:00:00+00:00,1,STRONG_BULL,1.0,True,6,False,BULL_STRUCTURE,BULL_STRUCTURE,1.0,0.9537140390334762287059616450,0.9537140390334762287059616450
2024-02-14 12:00:00+00:00,1,STRONG_BULL,1.0,True,7,False,BULL_STRUCTURE,BULL_STRUCTURE,1.0,0.9543681462450394175473991493,0.9543681462450394175473991493
2024-02-15 12:00:00+00:00,1,STRONG_BULL,1.0,True,8,False,BULL_STRUCTURE,BULL_STRUCTURE,1.0,0.9542712881350360939474304679,0.9542712881350360939474304679
2024-02-16 12:00:00+00:00,2,EUPHORIA,1.0,True,1,False,BULL_STRUCTURE,BULL_STRUCTURE,1.0,0.50,0.50
2024-02-17 12:00:00+00:00,2,EUPHORIA,1.0,True,2,False,BULL_STRUCTURE,BULL_STRUCTURE,1.0,0.5009759025672998258257211391,0.5009759025672998258257211391
2024-02-18 12:00:00+00:00,2,EUPHORIA,0.9999995418345319,True,3,False,BULL_STRUCTURE,BULL_STRUCTURE,1.0,0.5033960421615707385660722669,0.5033960421615707385660722669
2024-02-19 12:00:00+00:00,2,EUPHORIA,0.999999999740794,True,4,False,BULL_STRUCTURE,BULL_STRUCTURE,1.0,0.5031598710078178911808163148,0.5031598710078178911808163148
2024-02-20 12:00:00+00:00,2,EUPHORIA,1.4342696918195493e-08,False,4,False,BULL_STRUCTURE,BULL_STRUCTURE,1.0,0.4967613515459171001043287167,0.4967613515459171001043287167
2024-02-21 12:00:00+00:00,2,EUPHORIA,1.0690116189071017e-12,False,4,False,BULL_STRUCTURE,BULL_STRUCTURE,1.0,0.4999611040558799615951677610,0.4999611040558799615951677610
2024-02-22 12:00:00+00:00,1,STRONG_BULL,0.9996648822425641,True,3,False,BULL_STRUCTURE,BULL_STRUCTURE,1.0,0.95,0.95
2024-02-23 12:00:00+00:00,1,STRONG_BULL,0.9999998956967656,True,4,False,BULL_STRUCTURE,BULL_STRUCTURE,1.0,0.9504662521105991569750847098,0.9504662521105991569750847098
2024-02-24 12:00:00+00:00,1,STRONG_BULL,0.9999999999920419,True,5,False,BULL_STRUCTURE,BULL_STRUCTURE,1.0,0.9509452806865585194119565286,0.9509452806865585194119565286
2024-02-25 12:00:00+00:00,1,STRONG_BULL,0.9999999999998863,True,6,False,BULL_STRUCTURE,BULL_STRUCTURE,1.0,0.9504388102182002439655059925,0.9504388102182002439655059925
2024-02-26 12:00:00+00:00,1,STRONG_BULL,3.877036628450341e-06,False,6,False,BULL_STRUCTURE,BULL_STRUCTURE,1.0,0.475,0.475
2024-02-27 12:00:00+00:00,1,STRONG_BULL,1.2129498265841385e-47,False,6,False,BULL_STRUCTURE,BULL_STRUCTURE,1.0,0.4857298029696593909952206879,0.4857298029696593909952206879
2024-02-28 12:00:00+00:00,2,EUPHORIA,1.0,True,3,False,BULL_STRUCTURE,BULL_STRUCTURE,1.0,0.5021208749807087015302150143,0.5021208749807087015302150143
2024-02-29 12:00:00+00:00,2,EUPHORIA,1.0,True,4,False,BULL_STRUCTURE,BULL_STRUCTURE,1.0,0.4978247130324770534042792968,0.4978247130324770534042792968
2024-03-01 12:00:00+00:00,2,EUPHORIA,1.0,True,5,False,BULL_STRUCTURE,BULL_STRUCTURE,1.0,0.4976735317291405925600374644,0.4976735317291405925600374644
2024-03-02 12:00:00+00:00,2,EUPHORIA,1.0,True,6,False,BULL_STRUCTURE,BULL_STRUCTURE,1.0,0.4976928589048716590963935656,0.4976928589048716590963935656
2024-03-03 12:00:00+00:00,2,EUPHORIA,1.0,True,7,False,BULL_STRUCTURE,BULL_STRUCTURE,1.0,0.5110692865052535178850385033,0.5110692865052535178850385033
2024-03-04 12:00:00+00:00,2,EUPHORIA,1.0,True,8,False,BULL_STRUCTURE,BULL_STRUCTURE,1.0,0.5164726892591373111823179968,0.5164726892591373111823179968
2024-03-05 12:00:00+00:00,2,EUPHORIA,1.0,True,9,False,BULL_STRUCTURE,BULL_STRUCTURE,1.0,0.5188771725908085401420159142,0.5188771725908085401420159142
2024-03-06 12:00:00+00:00,2,EUPHORIA,1.0,True,10,False,BULL_STRUCTURE,BULL_STRUCTURE,1.0,0.5174038862889053889443712260,0.5174038862889053889443712260
2024-03-07 12:00:00+00:00,2,EUPHORIA,1.0,True,11,False,BULL_STRUCTURE,BULL_STRUCTURE,1.0,0.5205033972553126508762323879,0.5205033972553126508762323879
2024-03-08 12:00:00+00:00,2,EUPHORIA,1.0,True,12,False,BULL_STRUCTURE,BULL_STRUCTURE,1.0,0.5225533146214219523807717709,0.5225533146214219523807717709
2024-03-09 12:00:00+00:00,2,EUPHORIA,1.0,True,13,False,BULL_STRUCTURE,BULL_STRUCTURE,1.0,0.5271423414275781584539189855,0.5271423414275781584539189855
2024-03-10 12:00:00+00:00,2,EUPHORIA,1.0,True,14,False,BULL_STRUCTURE,BULL_STRUCTURE,1.0,0.5339186529518411388160789055,0.5339186529518411388160789055
2024-03-11 12:00:00+00:00,2,EUPHORIA,7.326772400748656e-14,False,14,False,BULL_STRUCTURE,BULL_STRUCTURE,1.0,0.25,0.25
2024-03-12 12:00:00+00:00,2,EUPHORIA,7.818455053588507e-24,False,14,False,BULL_STRUCTURE,BULL_STRUCTURE,1.0,0.2527911706014105140681170180,0.2527911706014105140681170180
2024-03-13 12:00:00+00:00,1,STRONG_BULL,1.0,True,3,False,BULL_STRUCTURE,BULL_STRUCTURE,1.0,0.95,0.95
2024-03-14 12:00:00+00:00,1,STRONG_BULL,9.697561547833485e-55,False,3,False,BULL_STRUCTURE,BULL_STRUCTURE,1.0,0.475,0.475
2024-03-15 12:00:00+00:00,1,STRONG_BULL,2.004077694170933e-177,False,3,False,BULL_STRUCTURE,BULL_STRUCTURE,1.0,0.4771179886770543559794604286,0.4771179886770543559794604286
2024-03-16 12:00:00+00:00,1,STRONG_BULL,1.3332608792402877e-182,False,3,False,BULL_STRUCTURE,BULL_STRUCTURE,1.0,0.4723209660406961776436773343,0.4723209660406961776436773343
2024-03-17 12:00:00+00:00,1,STRONG_BULL,1.3823316260743962e-258,False,3,False,BULL_STRUCTURE,BULL_STRUCTURE,1.0,0.4771084489263565478591813012,0.4771084489263565478591813012
2024-03-18 12:00:00+00:00,1,STRONG_BULL,0.0,False,3,False,BULL_STRUCTURE,BULL_STRUCTURE,1.0,0.4574947119410394374524222534,0.4574947119410394374524222534
2024-03-19 12:00:00+00:00,1,STRONG_BULL,0.0,False,3,False,BULL_STRUCTURE,BULL_STRUCTURE,1.0,0.4587179366727787146779656053,0.4587179366727787146779656053
2024-03-20 12:00:00+00:00,0,CRASH,1.0,True,3,False,BULL_STRUCTURE,BULL_STRUCTURE,1.0,0.4726502284368396618104835781,0.4726502284368396618104835781
2024-03-21 12:00:00+00:00,0,CRASH,1.0,True,4,False,BULL_STRUCTURE,BULL_STRUCTURE,1.0,0.4619918638202144558939405017,0.4619918638202144558939405017
2024-03-22 12:00:00+00:00,0,CRASH,1.0,True,5,False,BULL_STRUCTURE,BULL_STRUCTURE,1.0,0.4635187707550218415100225767,0.4635187707550218415100225767
2024-03-23 12:00:00+00:00,0,CRASH,1.0,True,6,False,BULL_STRUCTURE,BULL_STRUCTURE,1.0,0.4662153611117700468399115804,0.4662153611117700468399115804
2024-03-24 12:00:00+00:00,0,CRASH,1.0,True,7,False,BULL_STRUCTURE,BULL_STRUCTURE,1.0,0.4717793998780861984128096212,0.4717793998780861984128096212
2024-03-25 12:00:00+00:00,0,CRASH,0.9999996065681308,True,8,False,BULL_STRUCTURE,BULL_STRUCTURE,1.0,0.4858765855228420220445171739,0.4858765855228420220445171739
2024-03-26 12:00:00+00:00,0,CRASH,1.567332913893345e-41,False,8,False,BULL_STRUCTURE,BULL_STRUCTURE,1.0,0.4842017742021443962496171434,0.4842017742021443962496171434
2024-03-27 12:00:00+00:00,0,CRASH,6.4023670684854e-53,False,8,False,BULL_STRUCTURE,BULL_STRUCTURE,1.0,0.4857140597671010882707633853,0.4857140597671010882707633853
2024-03-28 12:00:00+00:00,4,WEAK_BEAR,1.0,True,3,False,BULL_STRUCTURE,BULL_STRUCTURE,1.0,0.95,0.95
2024-03-29 12:00:00+00:00,4,WEAK_BEAR,1.0,True,4,False,BULL_STRUCTURE,BULL_STRUCTURE,1.0,0.9506001385894858928647473678,0.9506001385894858928647473678
2024-03-30 12:00:00+00:00,4,WEAK_BEAR,1.0,True,5,False,BULL_STRUCTURE,BULL_STRUCTURE,1.0,0.9507245705814214043121845322,0.9507245705814214043121845322
2024-03-31 12:00:00+00:00,4,WEAK_BEAR,1.0,True,6,False,BULL_STRUCTURE,BULL_STRUCTURE,1.0,0.9501112297540442055816460486,0.9501112297540442055816460486
2024-04-01 12:00:00+00:00,4,WEAK_BEAR,1.0,True,7,False,BULL_STRUCTURE,BULL_STRUCTURE,1.0,0.9473475601126108377776230272,0.9473475601126108377776230272
2024-04-02 12:00:00+00:00,4,WEAK_BEAR,1.0,True,8,False,BULL_STRUCTURE,BULL_STRUCTURE,1.0,0.9476776963270342756995037386,0.9476776963270342756995037386
2024-04-03 12:00:00+00:00,4,WEAK_BEAR,1.0,True,9,False,BULL_STRUCTURE,BULL_STRUCTURE,1.0,0.9478973799054344197354833635,0.9478973799054344197354833635
2024-04-04 12:00:00+00:00,4,WEAK_BEAR,1.0,True,10,False,BULL_STRUCTURE,BULL_STRUCTURE,1.0,0.9479897563400959638686719995,0.9479897563400959638686719995
2024-04-05 12:00:00+00:00,4,WEAK_BEAR,1.0,True,11,False,BULL_STRUCTURE,BULL_STRUCTURE,1.0,0.9488577388515917262206951252,0.9488577388515917262206951252
2024-04-06 12:00:00+00:00,4,WEAK_BEAR,1.0,True,12,False,BULL_STRUCTURE,BULL_STRUCTURE,1.0,0.9500408359946574836135553185,0.9500408359946574836135553185
2024-04-07 12:00:00+00:00,4,WEAK_BEAR,1.0,True,13,False,BULL_STRUCTURE,BULL_STRUCTURE,1.0,0.9520424547994150816402623232,0.9520424547994150816402623232
2024-04-08 12:00:00+00:00,4,WEAK_BEAR,1.0,True,14,False,BULL_STRUCTURE,BULL_STRUCTURE,1.0,0.9510057980653132425983812848,0.9510057980653132425983812848
2024-04-09 12:00:00+00:00,4,WEAK_BEAR,1.0,True,15,False,BULL_STRUCTURE,BULL_STRUCTURE,1.0,0.9498250273855829347173445330,0.9498250273855829347173445330
2024-04-10 12:00:00+00:00,4,WEAK_BEAR,1.0,True,16,False,BULL_STRUCTURE,BULL_STRUCTURE,1.0,0.9504656935840248674726961562,0.9504656935840248674726961562
2024-04-11 12:00:00+00:00,4,WEAK_BEAR,1.0,True,17,False,BULL_STRUCTURE,BULL_STRUCTURE,1.0,0.9510775367387486302362706092,0.9510775367387486302362706092
2024-04-12 12:00:00+00:00,4,WEAK_BEAR,1.4090749017213294e-08,False,17,False,BULL_STRUCTURE,BULL_STRUCTURE,1.0,0.475,0.475
2024-04-13 12:00:00+00:00,4,WEAK_BEAR,3.489824005665626e-19,False,17,False,BULL_STRUCTURE,BULL_STRUCTURE,1.0,0.4631916337828463815001296993,0.4631916337828463815001296993
2024-04-14 12:00:00+00:00,0,CRASH,1.0,True,3,False,BULL_STRUCTURE,BULL_STRUCTURE,1.0,0.4696768924635292508887554307,0.4696768924635292508887554307
2024-04-15 12:00:00+00:00,0,CRASH,1.0,True,4,False,BULL_STRUCTURE,BULL_STRUCTURE,1.0,0.4590080429114436389241096022,0.4590080429114436389241096022
2024-04-16 12:00:00+00:00,0,CRASH,0.9999999191286438,True,5,False,BULL_STRUCTURE,BULL_STRUCTURE,1.0,0.4570340985265410032791591483,0.4570340985265410032791591483
2024-04-17 12:00:00+00:00,0,CRASH,4.3901118536672616e-20,False,5,False,BULL_STRUCTURE,BULL_STRUCTURE,1.0,0.4570455158575950098816156876,0.4570455158575950098816156876
2024-04-18 12:00:00+00:00,0,CRASH,8.446357487175862e-40,False,5,False,BULL_STRUCTURE,BULL_STRUCTURE,1.0,0.4659085057415996753971765779,0.4659085057415996753971765779
2024-04-19 12:00:00+00:00,4,WEAK_BEAR,1.0,True,3,False,BULL_STRUCTURE,BULL_STRUCTURE,1.0,0.4614075518694556477951789991,0.4614075518694556477951789991
2024-04-20 12:00:00+00:00,4,WEAK_BEAR,1.0,True,4,False,BULL_STRUCTURE,BULL_STRUCTURE,1.0,0.95,0.95
2024-04-21 12:00:00+00:00,4,WEAK_BEAR,1.0,True,5,False,BULL_STRUCTURE,BULL_STRUCTURE,1.0,0.9510525312455316485177837943,0.9510525312455316485177837943
2024-04-22 12:00:00+00:00,4,WEAK_BEAR,1.0,True,6,False,BULL_STRUCTURE,BULL_STRUCTURE,1.0,0.9511699186348456533469884597,0.9511699186348456533469884597
2024-04-23 12:00:00+00:00,4,WEAK_BEAR,0.9999999951678546,True,7,False,BULL_STRUCTURE,BULL_STRUCTURE,1.0,0.9515381089186334398554667949,0.9515381089186334398554667949
2024-04-24 12:00:00+00:00,4,WEAK_BEAR,0.42225573524005106,False,7,False,BULL_STRUCTURE,BULL_STRUCTURE,1.0,0.30,0.30
2024-04-25 12:00:00+00:00,4,WEAK_BEAR,0.013633993694931103,False,7,False,BULL_STRUCTURE,BULL_STRUCTURE,1.0,0.3015060622851728674970833006,0.3015060622851728674970833006
2024-04-26 12:00:00+00:00,0,CRASH,1.0,True,3,False,BULL_STRUCTURE,BULL_STRUCTURE,1.0,0.2969465116937965766290785449,0.2969465116937965766290785449
2024-04-27 12:00:00+00:00,0,CRASH,1.0,True,4,False,BULL_STRUCTURE,BULL_STRUCTURE,1.0,0.2990057335468417570925289741,0.2990057335468417570925289741
2024-04-28 12:00:00+00:00,0,CRASH,1.0,True,5,False,BULL_STRUCTURE,BULL_STRUCTURE,1.0,0.2949277006885001040820767663,0.2949277006885001040820767663
2024-04-29 12:00:00+00:00,0,CRASH,1.0,True,6,False,BULL_STRUCTURE,BULL_STRUCTURE,1.0,0.2913976637567913706062332482,0.2913976637567913706062332482
2024-04-30 12:00:00+00:00,0,CRASH,1.0,True,7,False,BULL_STRUCTURE,BULL_STRUCTURE,1.0,0.2800660380477081027236958507,0.2800660380477081027236958507
2024-05-01 12:00:00+00:00,0,CRASH,1.0,True,8,False,BULL_STRUCTURE,BULL_STRUCTURE,1.0,0.2823612643349961184539342895,0.2823612643349961184539342895
2024-05-02 12:00:00+00:00,0,CRASH,1.0,True,9,False,BULL_STRUCTURE,BULL_STRUCTURE,1.0,0.2848833291477657873822867829,0.2848833291477657873822867829
2024-05-03 12:00:00+00:00,0,CRASH,1.0,True,10,False,BULL_STRUCTURE,BULL_STRUCTURE,1.0,0.3002887093046628409142563654,0.3002887093046628409142563654
2024-05-04 12:00:00+00:00,0,CRASH,1.0,True,11,False,BULL_STRUCTURE,BULL_STRUCTURE,1.0,0.3002437051620594237361176394,0.3002437051620594237361176394
2024-05-05 12:00:00+00:00,0,CRASH,1.0,True,12,False,BULL_STRUCTURE,BULL_STRUCTURE,1.0,0.3013734040139538330851690863,0.3013734040139538330851690863
2024-05-06 12:00:00+00:00,0,CRASH,1.0,True,13,False,BULL_STRUCTURE,BULL_STRUCTURE,1.0,0.2990269294304852359991231819,0.2990269294304852359991231819
2024-05-07 12:00:00+00:00,0,CRASH,1.0,True,14,False,BULL_STRUCTURE,BULL_STRUCTURE,1.0,0.2948856120891542345524062160,0.2948856120891542345524062160
2024-05-08 12:00:00+00:00,0,CRASH,1.0,True,15,False,BULL_STRUCTURE,BULL_STRUCTURE,1.0,0.2908897950313686707676877446,0.2908897950313686707676877446
2024-05-09 12:00:00+00:00,0,CRASH,1.0,True,16,False,BULL_STRUCTURE,BULL_STRUCTURE,1.0,0.2983964481708211399095019388,0.2983964481708211399095019388
2024-05-10 12:00:00+00:00,0,CRASH,1.0,True,17,False,BULL_STRUCTURE,BULL_STRUCTURE,1.0,0.2896375980586392243250651127,0.2896375980586392243250651127
2024-05-11 12:00:00+00:00,0,CRASH,1.0,True,18,False,BULL_STRUCTURE,BULL_STRUCTURE,1.0,0.2912005176418054470455521247,0.2912005176418054470455521247
2024-05-12 12:00:00+00:00,0,CRASH,1.0,True,19,False,BULL_STRUCTURE,BULL_STRUCTURE,1.0,0.2965339927246481267801843668,0.2965339927246481267801843668
2024-05-13 12:00:00+00:00,0,CRASH,1.0,True,20,False,BULL_STRUCTURE,BULL_STRUCTURE,1.0,0.2933964905870737443684208373,0.2933964905870737443684208373
2024-05-14 12:00:00+00:00,0,CRASH,1.0,True,21,False,BULL_STRUCTURE,BULL_STRUCTURE,1.0,0.2956323718933453731543637912,0.2956323718933453731543637912
2024-05-15 12:00:00+00:00,0,CRASH,1.0,True,22,False,BULL_STRUCTURE,BULL_STRUCTURE,1.0,0.3088361724511902000270809839,0.3088361724511902000270809839
2024-05-16 12:00:00+00:00,0,CRASH,1.0,True,23,False,BULL_STRUCTURE,BULL_STRUCTURE,1.0,0.3079176247513842226950256357,0.3079176247513842226950256357
2024-05-17 12:00:00+00:00,0,CRASH,0.9999999999990905,True,24,False,BULL_STRUCTURE,BULL_STRUCTURE,1.0,0.3110342787697055255401900190,0.3110342787697055255401900190
2024-05-18 12:00:00+00:00,0,CRASH,0.04885051412068826,False,24,False,BULL_STRUCTURE,BULL_STRUCTURE,1.0,0.3114778803072940614676580151,0.3114778803072940614676580151
2024-05-19 12:00:00+00:00,0,CRASH,1.944908101330164e-11,False,24,False,BULL_STRUCTURE,BULL_STRUCTURE,1.0,0.3104066265271471201535831957,0.3104066265271471201535831957
2024-05-20 12:00:00+00:00,2,EUPHORIA,1.0,True,3,False,BULL_STRUCTURE,BULL_STRUCTURE,1.0,0.3233725343585584618736703351,0.3233725343585584618736703351
2024-05-21 12:00:00+00:00,2,EUPHORIA,1.0,True,4,False,BULL_STRUCTURE,BULL_STRUCTURE,1.0,0.3190575122457555797810471321,0.3190575122457555797810471321
2024-05-22 12:00:00+00:00,2,EUPHORIA,1.0,True,5,False,BULL_STRUCTURE,BULL_STRUCTURE,1.0,0.3198248866871823833739360143,0.3198248866871823833739360143
2024-05-23 12:00:00+00:00,2,EUPHORIA,0.25614330347107017,False,5,False,BULL_STRUCTURE,BULL_STRUCTURE,1.0,0.3115415465363077630731510820,0.3115415465363077630731510820
2024-05-24 12:00:00+00:00,2,EUPHORIA,1.6313298292013695e-12,False,5,False,BULL_STRUCTURE,BULL_STRUCTURE,1.0,0.3170845265786322967745000771,0.3170845265786322967745000771
2024-05-25 12:00:00+00:00,0,CRASH,0.976012432650828,True,3,False,BULL_STRUCTURE,BULL_STRUCTURE,1.0,0.3171792715426934794286001039,0.3171792715426934794286001039
2024-05-26 12:00:00+00:00,0,CRASH,0.9994640636265029,True,4,False,BULL_STRUCTURE,BULL_STRUCTURE,1.0,0.3149772909304452962870011686,0.3149772909304452962870011686
2024-05-27 12:00:00+00:00,0,CRASH,0.016487524915567188,False,4,False,BULL_STRUCTURE,BULL_STRUCTURE,1.0,0.3148373049569242395425479600,0.3148373049569242395425479600
2024-05-28 12:00:00+00:00,0,CRASH,0.9904867081840449,True,5,False,BULL_STRUCTURE,BULL_STRUCTURE,1.0,0.3128561858248603144502062849,0.3128561858248603144502062849
2024-05-29 12:00:00+00:00,0,CRASH,1.0,True,6,False,BULL_STRUCTURE,BULL_STRUCTURE,1.0,0.3130256167829653129128575702,0.3130256167829653129128575702
2024-05-30 12:00:00+00:00,0,CRASH,2.7493931359650462e-14,False,6,False,BULL_STRUCTURE,BULL_STRUCTURE,1.0,0.3147106722925785836476627514,0.3147106722925785836476627514
2024-05-31 12:00:00+00:00,0,CRASH,1.3589210117952164e-10,False,6,False,BULL_STRUCTURE,BULL_STRUCTURE,1.0,0.3125292036034909419078586585,0.3125292036034909419078586585
2024-06-01 12:00:00+00:00,2,EUPHORIA,0.9999999949704943,True,3,False,BULL_STRUCTURE,BULL_STRUCTURE,1.0,0.3144006443921672260836132055,0.3144006443921672260836132055
2024-06-02 12:00:00+00:00,2,EUPHORIA,1.0,True,4,False,BULL_STRUCTURE,BULL_STRUCTURE,1.0,0.3170072135087284690716367683,0.3170072135087284690716367683
2024-06-03 12:00:00+00:00,2,EUPHORIA,1.0,True,5,False,BULL_STRUCTURE,BULL_STRUCTURE,1.0,0.3166178751851909002341964592,0.3166178751851909002341964592
2024-06-04 12:00:00+00:00,2,EUPHORIA,0.9999999999990905,True,6,False,BULL_STRUCTURE,BULL_STRUCTURE,1.0,0.3228852684093905008969829130,0.3228852684093905008969829130
2024-06-05 12:00:00+00:00,2,EUPHORIA,1.0,True,7,False,BULL_STRUCTURE,BULL_STRUCTURE,1.0,0.3234955865938485302713445136,0.3234955865938485302713445136
2024-06-06 12:00:00+00:00,2,EUPHORIA,1.0,True,8,False,BULL_STRUCTURE,BULL_STRUCTURE,1.0,0.3251213468607988732971542059,0.3251213468607988732971542059
2024-06-07 12:00:00+00:00,2,EUPHORIA,1.3998612075675082e-10,False,8,False,BULL_STRUCTURE,BULL_STRUCTURE,1.0,0.3179022138070575118845050250,0.3179022138070575118845050250
2024-06-08 12:00:00+00:00,2,EUPHORIA,8.619643154881299e-20,False,8,False,BULL_STRUCTURE,BULL_STRUCTURE,1.0,0.3179077155860884450276794070,0.3179077155860884450276794070
2024-06-09 12:00:00+00:00,2,EUPHORIA,4.2632561466339455e-62,False,8,False,BULL_STRUCTURE,BULL_STRUCTURE,1.0,0.3182395337581634261346742929,0.3182395337581634261346742929
2024-06-10 12:00:00+00:00,2,EUPHORIA,8.300178223281665e-128,False,8,False,BULL_STRUCTURE,BULL_STRUCTURE,1.0,0.3100735664324413876027068613,0.3100735664324413876027068613
2024-06-11 12:00:00+00:00,2,EUPHORIA,6.657348649943407e-81,False,8,False,BULL_STRUCTURE,BULL_STRUCTURE,1.0,0.3129032618870541296327473934,0.3129032618870541296327473934
2024-06-12 12:00:00+00:00,2,EUPHORIA,3.000384132092718e-51,False,8,False,BULL_STRUCTURE,BULL_STRUCTURE,1.0,0.3127813076401818745647815836,0.3127813076401818745647815836
2024-06-13 12:00:00+00:00,2,EUPHORIA,3.3318165012542755e-84,False,8,False,BULL_STRUCTURE,BULL_STRUCTURE,1.0,0.3105401565848571003772467248,0.3105401565848571003772467248
2024-06-14 12:00:00+00:00,2,EUPHORIA,3.081677599499154e-122,False,8,False,BULL_STRUCTURE,BULL_STRUCTURE,1.0,0.3082455672259336303010822083,0.3082455672259336303010822083
2024-06-15 12:00:00+00:00,2,EUPHORIA,1.889921021875684e-108,False,8,False,BULL_STRUCTURE,BULL_STRUCTURE,1.0,0.3088009603895369754439688606,0.3088009603895369754439688606
2024-06-16 12:00:00+00:00,4,WEAK_BEAR,1.0,True,3,False,BULL_STRUCTURE,BULL_STRUCTURE,1.0,0.60,0.60
2024-06-17 12:00:00+00:00,4,WEAK_BEAR,1.0,True,4,False,BULL_STRUCTURE,BULL_STRUCTURE,1.0,0.5985707634963644472920535475,0.5985707634963644472920535475
2024-06-18 12:00:00+00:00,4,WEAK_BEAR,1.0,True,5,False,BULL_STRUCTURE,BULL_STRUCTURE,1.0,0.5979964909788110894927772016,0.5979964909788110894927772016
2024-06-19 12:00:00+00:00,4,WEAK_BEAR,1.0,True,6,False,BULL_STRUCTURE,BULL_STRUCTURE,1.0,0.6015041038722258727031731314,0.6015041038722258727031731314
2024-06-20 12:00:00+00:00,4,WEAK_BEAR,0.999997789039014,True,7,False,BULL_STRUCTURE,BULL_STRUCTURE,1.0,0.5926168914708578192087836775,0.5926168914708578192087836775
2024-06-21 12:00:00+00:00,4,WEAK_BEAR,1.0,True,8,False,BULL_STRUCTURE,BULL_STRUCTURE,1.0,0.5944832696103770334319892170,0.5944832696103770334319892170
2024-06-22 12:00:00+00:00,4,WEAK_BEAR,1.0,True,9,False,BULL_STRUCTURE,BULL_STRUCTURE,1.0,0.5947688735135650397580422238,0.5947688735135650397580422238
2024-06-23 12:00:00+00:00,4,WEAK_BEAR,1.8898515587215355e-34,False,9,False,BULL_STRUCTURE,BULL_STRUCTURE,1.0,0.30,0.30
2024-06-24 12:00:00+00:00,4,WEAK_BEAR,2.4629829692395842e-70,False,9,False,BULL_STRUCTURE,BULL_STRUCTURE,1.0,0.2997495150702536304663084644,0.2997495150702536304663084644
2024-06-25 12:00:00+00:00,0,CRASH,1.0,True,3,False,BULL_STRUCTURE,BULL_STRUCTURE,1.0,0.3006321477991564811606142289,0.3006321477991564811606142289
2024-06-26 12:00:00+00:00,0,CRASH,1.0,True,4,False,BULL_STRUCTURE,BULL_STRUCTURE,1.0,0.2997782608699303387300350731,0.2997782608699303387300350731
2024-06-27 12:00:00+00:00,0,CRASH,1.0,True,5,False,BULL_STRUCTURE,BULL_STRUCTURE,1.0,0.3014685938324455888919844257,0.3014685938324455888919844257
2024-06-28 12:00:00+00:00,0,CRASH,1.0,True,6,False,BULL_STRUCTURE,BULL_STRUCTURE,1.0,0.2994567429718399054802219638,0.2994567429718399054802219638
2024-06-29 12:00:00+00:00,0,CRASH,1.0,True,7,False,BULL_STRUCTURE,BULL_STRUCTURE,1.0,0.3010245431069685044212362772,0.3010245431069685044212362772
2024-06-30 12:00:00+00:00,0,CRASH,3.905581521067932e-50,False,7,False,BULL_STRUCTURE,BULL_STRUCTURE,1.0,0.3047712359316817748063312607,0.3047712359316817748063312607
2024-07-01 12:00:00+00:00,0,CRASH,6.046792203113686e-91,False,7,False,BULL_STRUCTURE,BULL_STRUCTURE,1.0,0.3053453293391616625523393695,0.3053453293391616625523393695
2024-07-02 12:00:00+00:00,0,CRASH,1.4199069851832565e-41,False,7,False,BULL_STRUCTURE,BULL_STRUCTURE,1.0,0.2969887399709116968115419155,0.2969887399709116968115419155
2024-07-03 12:00:00+00:00,4,WEAK_BEAR,0.9865716138147785,True,3,False,BULL_STRUCTURE,BULL_STRUCTURE,1.0,0.60,0.60
2024-07-04 12:00:00+00:00,4,WEAK_BEAR,0.9999999999854481,True,4,False,TRANSITION,BULL_STRUCTURE,0.6,0.5905613382467195116435220864,0.5905613382467195116435220864
2024-07-05 12:00:00+00:00,4,WEAK_BEAR,1.0,True,5,False,TRANSITION,BULL_STRUCTURE,0.6,0.5959154979257560807579090412,0.5959154979257560807579090412
2024-07-06 12:00:00+00:00,4,WEAK_BEAR,1.0,True,6,False,TRANSITION,BULL_STRUCTURE,0.6,0.5989845157702894401848420439,0.5989845157702894401848420439
2024-07-07 12:00:00+00:00,4,WEAK_BEAR,1.0,True,7,False,TRANSITION,BULL_STRUCTURE,0.6,0.5977012817746415919313587917,0.5977012817746415919313587917
2024-07-08 12:00:00+00:00,4,WEAK_BEAR,1.0,True,8,False,TRANSITION,TRANSITION,0.6,0.5988507422342065406100823909,0.5988507422342065406100823909
2024-07-09 12:00:00+00:00,4,WEAK_BEAR,1.0,True,9,False,TRANSITION,TRANSITION,0.6,0.6032527048072200768947737551,0.6
2024-07-10 12:00:00+00:00,4,WEAK_BEAR,1.0,True,10,False,TRANSITION,TRANSITION,0.6,0.6011703146146390683707663407,0.6
2024-07-11 12:00:00+00:00,4,WEAK_BEAR,1.0,True,11,False,TRANSITION,TRANSITION,0.6,0.5934649462569457956521073233,0.5934649462569457956521073233
2024-07-12 12:00:00+00:00,4,WEAK_BEAR,1.0,True,12,False,TRANSITION,TRANSITION,0.6,0.5989999562385729999504352762,0.5989999562385729999504352762
2024-07-13 12:00:00+00:00,4,WEAK_BEAR,1.0,True,13,False,TRANSITION,TRANSITION,0.6,0.6053212277910418640347934565,0.6
2024-07-14 12:00:00+00:00,4,WEAK_BEAR,1.0,True,14,False,BULL_STRUCTURE,TRANSITION,0.6,0.95,0.6
2024-07-15 12:00:00+00:00,4,WEAK_BEAR,4.0356869532788835e-05,False,14,False,BULL_STRUCTURE,TRANSITION,0.6,0.6049101755411482217127364795,0.6
2024-07-16 12:00:00+00:00,4,WEAK_BEAR,3.4331644652737377e-28,False,14,False,BULL_STRUCTURE,TRANSITION,0.6,0.6036447792273594438133124413,0.6
2024-07-17 12:00:00+00:00,2,EUPHORIA,1.0,True,3,False,BULL_STRUCTURE,TRANSITION,0.6,0.6001265354315368091542435553,0.6
2024-07-18 12:00:00+00:00,2,EUPHORIA,1.0,True,4,False,BULL_STRUCTURE,BULL_STRUCTURE,1.0,0.5977332274350918297712006731,0.5977332274350918297712006731
2024-07-19 12:00:00+00:00,2,EUPHORIA,1.0,True,5,False,BULL_STRUCTURE,BULL_STRUCTURE,1.0,0.6064207904426001544820301350,0.6064207904426001544820301350
2024-07-20 12:00:00+00:00,2,EUPHORIA,1.0,True,6,False,BULL_STRUCTURE,BULL_STRUCTURE,1.0,0.6078383722636669298903319781,0.6078383722636669298903319781
2024-07-21 12:00:00+00:00,2,EUPHORIA,1.0,True,7,False,BULL_STRUCTURE,BULL_STRUCTURE,1.0,0.6100922200731332656618018814,0.6100922200731332656618018814
2024-07-22 12:00:00+00:00,2,EUPHORIA,1.0,True,8,False,BULL_STRUCTURE,BULL_STRUCTURE,1.0,0.6071100049118374188258419380,0.6071100049118374188258419380
2024-07-23 12:00:00+00:00,2,EUPHORIA,1.0,True,9,False,BULL_STRUCTURE,BULL_STRUCTURE,1.0,0.6060049918214893389154197262,0.6060049918214893389154197262
2024-07-24 12:00:00+00:00,2,EUPHORIA,1.0,True,10,False,BULL_STRUCTURE,BULL_STRUCTURE,1.0,0.5976582093250811823949737567,0.5976582093250811823949737567
2024-07-25 12:00:00+00:00,2,EUPHORIA,1.0,True,11,False,BULL_STRUCTURE,BULL_STRUCTURE,1.0,0.6094074626086264548600610535,0.6094074626086264548600610535
2024-07-26 12:00:00+00:00,2,EUPHORIA,1.0,True,12,False,BULL_STRUCTURE,BULL_STRUCTURE,1.0,0.6125217050001181690535346818,0.6125217050001181690535346818
2024-07-27 12:00:00+00:00,2,EUPHORIA,1.0,True,13,False,BULL_STRUCTURE,BULL_STRUCTURE,1.0,0.6112163928633114789471409716,0.6112163928633114789471409716
2024-07-28 12:00:00+00:00,2,EUPHORIA,1.0,True,14,False,BULL_STRUCTURE,BULL_STRUCTURE,1.0,0.6172311803255823165152744519,0.6172311803255823165152744519
2024-07-29 12:00:00+00:00,2,EUPHORIA,1.0,True,15,False,BULL_STRUCTURE,BULL_STRUCTURE,1.0,0.6067447698469257130133810083,0.6067447698469257130133810083
2024-07-30 12:00:00+00:00,2,EUPHORIA,1.0,True,16,False,BULL_STRUCTURE,BULL_STRUCTURE,1.0,0.6050168598390143862963654624,0.6050168598390143862963654624
2024-07-31 12:00:00+00:00,2,EUPHORIA,1.0,True,17,False,BULL_STRUCTURE,BULL_STRUCTURE,1.0,0.5998159407580694027701342253,0.5998159407580694027701342253
2024-08-01 12:00:00+00:00,2,EUPHORIA,1.0,True,18,False,BULL_STRUCTURE,BULL_STRUCTURE,1.0,0.5997630823916926541290901956,0.5997630823916926541290901956
2024-08-02 12:00:00+00:00,2,EUPHORIA,3.4790229100435804e-05,False,18,False,BULL_STRUCTURE,BULL_STRUCTURE,1.0,0.25,0.25
2024-08-03 12:00:00+00:00,2,EUPHORIA,5.919294963997453e-113,False,18,False,BULL_STRUCTURE,BULL_STRUCTURE,1.0,0.2469931637037970348486680263,0.2469931637037970348486680263
2024-08-04 12:00:00+00:00,4,WEAK_BEAR,1.0,True,3,False,TRANSITION,BULL_STRUCTURE,0.6,0.60,0.60
2024-08-05 12:00:00+00:00,4,WEAK_BEAR,1.0,True,4,False,TRANSITION,BULL_STRUCTURE,0.6,0.6175992662958678678395896444,0.6
2024-08-06 12:00:00+00:00,4,WEAK_BEAR,1.0,True,5,False,TRANSITION,BULL_STRUCTURE,0.6,0.6074905036222971690025892042,0.6
2024-08-07 12:00:00+00:00,4,WEAK_BEAR,1.0,True,6,False,TRANSITION,BULL_STRUCTURE,0.6,0.6015017643894126694116181127,0.6
2024-08-08 12:00:00+00:00,4,WEAK_BEAR,1.0,True,7,False,TRANSITION,TRANSITION,0.6,0.6134908011694946427174754803,0.6
2024-08-09 12:00:00+00:00,4,WEAK_BEAR,1.0,True,8,False,TRANSITION,TRANSITION,0.6,0.6010573487100505443649535261,0.6
2024-08-10 12:00:00+00:00,4,WEAK_BEAR,1.0,True,9,False,TRANSITION,TRANSITION,0.6,0.5990028530691656011371789568,0.5990028530691656011371789568
2024-08-11 12:00:00+00:00,4,WEAK_BEAR,1.0,True,10,False,TRANSITION,TRANSITION,0.6,0.5957401103297103299182966660,0.5957401103297103299182966660
2024-08-12 12:00:00+00:00,4,WEAK_BEAR,1.0,True,11,False,TRANSITION,TRANSITION,0.6,0.5915867117655536733442091633,0.5915867117655536733442091633
2024-08-13 12:00:00+00:00,4,WEAK_BEAR,1.926530061098656e-58,False,11,False,TRANSITION,TRANSITION,0.6,0.30,0.30
2024-08-14 12:00:00+00:00,4,WEAK_BEAR,1.0,True,12,False,TRANSITION,TRANSITION,0.6,0.60,0.60
2024-08-15 12:00:00+00:00,4,WEAK_BEAR,1.0,True,13,False,TRANSITION,TRANSITION,0.6,0.5988231200625069206593147170,0.5988231200625069206593147170
2024-08-16 12:00:00+00:00,0,CRASH,1.0,True,1,False,TRANSITION,TRANSITION,0.6,0.6018325873060657829521111573,0.6
2024-08-17 12:00:00+00:00,0,CRASH,1.0,True,2,False,TRANSITION,TRANSITION,0.6,0.6035661379496575294185460861,0.6
2024-08-18 12:00:00+00:00,0,CRASH,1.0,True,3,False,TRANSITION,TRANSITION,0.6,0.5933887438387633906427774800,0.5933887438387633906427774800
2024-08-19 12:00:00+00:00,0,CRASH,1.0,True,4,False,TRANSITION,TRANSITION,0.6,0.6019706354399952932900809823,0.6
2024-08-20 12:00:00+00:00,0,CRASH,1.0,True,5,False,TRANSITION,TRANSITION,0.6,0.5953562701273356075792682304,0.5953562701273356075792682304
2024-08-21 12:00:00+00:00,0,CRASH,1.0,True,6,False,TRANSITION,TRANSITION,0.6,0.6032155977958131124295486962,0.6
2024-08-22 12:00:00+00:00,0,CRASH,1.0,True,7,False,TRANSITION,TRANSITION,0.6,0.5976591672928982399811426296,0.5976591672928982399811426296
2024-08-23 12:00:00+00:00,0,CRASH,1.0,True,8,False,TRANSITION,TRANSITION,0.6,0.6098040694856795316021161097,0.6
2024-08-24 12:00:00+00:00,0,CRASH,0.0,False,8,False,TRANSITION,TRANSITION,0.6,0.25,0.25
2024-08-25 12:00:00+00:00,0,CRASH,3.923195310340573e-188,False,8,False,TRANSITION,TRANSITION,0.6,0.2500666628175635333382580108,0.2500666628175635333382580108
2024-08-26 12:00:00+00:00,4,BULL,1.0,True,3,False,TRANSITION,TRANSITION,0.6,0.95,0.6
2024-08-27 12:00:00+00:00,4,BULL,0.9999999999995453,True,4,False,TRANSITION,TRANSITION,0.6,0.95,0.6
2024-08-28 12:00:00+00:00,4,BULL,0.9991854836152815,True,5,False,TRANSITION,TRANSITION,0.6,0.95,0.6
2024-08-29 12:00:00+00:00,4,BULL,2.9526954734744335e-05,False,5,False,TRANSITION,TRANSITION,0.6,0.5972973038345745781026187360,0.5972973038345745781026187360
2024-08-30 12:00:00+00:00,4,BULL,6.661215927112901e-07,False,5,False,TRANSITION,TRANSITION,0.6,0.5961805200305504844158231799,0.5961805200305504844158231799
2024-08-31 12:00:00+00:00,2,BEAR,0.9999999999276952,True,3,False,TRANSITION,TRANSITION,0.6,0.95,0.6
2024-09-01 12:00:00+00:00,2,BEAR,0.9999999998244675,True,4,False,TRANSITION,TRANSITION,0.6,0.95,0.6
2024-09-02 12:00:00+00:00,2,BEAR,1.0,True,5,False,TRANSITION,TRANSITION,0.6,0.95,0.6
2024-09-03 12:00:00+00:00,2,BEAR,0.9999999999699867,True,6,False,TRANSITION,TRANSITION,0.6,0.95,0.6
2024-09-04 12:00:00+00:00,2,BEAR,1.0,True,7,False,TRANSITION,TRANSITION,0.6,0.95,0.6
2024-09-05 12:00:00+00:00,2,BEAR,1.0,True,8,False,TRANSITION,TRANSITION,0.6,0.95,0.6
2024-09-06 12:00:00+00:00,2,BEAR,1.0,True,9,False,TRANSITION,TRANSITION,0.6,0.95,0.6
2024-09-07 12:00:00+00:00,2,BEAR,1.0,True,10,False,TRANSITION,TRANSITION,0.6,0.95,0.6
2024-09-08 12:00:00+00:00,2,BEAR,1.0,True,11,False,TRANSITION,TRANSITION,0.6,0.95,0.6
2024-09-09 12:00:00+00:00,2,BEAR,0.9999826415111354,True,12,False,TRANSITION,TRANSITION,0.6,0.95,0.6
2024-09-10 12:00:00+00:00,2,BEAR,1.0,True,13,False,TRANSITION,TRANSITION,0.6,0.95,0.6
2024-09-11 12:00:00+00:00,2,BEAR,0.9999999999995453,True,14,False,TRANSITION,TRANSITION,0.6,0.95,0.6
2024-09-12 12:00:00+00:00,2,BEAR,1.0,True,15,False,TRANSITION,TRANSITION,0.6,0.95,0.6
2024-09-13 12:00:00+00:00,2,BEAR,1.0,True,16,False,TRANSITION,TRANSITION,0.6,0.95,0.6
2024-09-14 12:00:00+00:00,2,BEAR,1.0,True,17,False,TRANSITION,TRANSITION,0.6,0.95,0.6
2024-09-15 12:00:00+00:00,2,BEAR,1.0,True,18,False,TRANSITION,TRANSITION,0.6,0.95,0.6
2024-09-16 12:00:00+00:00,2,BEAR,2.3193573371999188e-07,False,18,False,TRANSITION,TRANSITION,0.6,0.6016985957436557023217892542,0.6
2024-09-17 12:00:00+00:00,2,BEAR,1.8296410474762242e-09,False,18,False,TRANSITION,TRANSITION,0.6,0.6030819564141181308062712802,0.6
2024-09-18 12:00:00+00:00,4,BULL,0.9999999448969008,True,3,False,TRANSITION,TRANSITION,0.6,0.95,0.6
2024-09-19 12:00:00+00:00,4,BULL,0.7235863236264775,True,4,False,TRANSITION,TRANSITION,0.6,0.95,0.6
2024-09-20 12:00:00+00:00,4,BULL,0.9998431877342742,True,5,False,TRANSITION,TRANSITION,0.6,0.95,0.6
2024-09-21 12:00:00+00:00,4,BULL,0.8591446500231599,True,6,False,TRANSITION,TRANSITION,0.6,0.95,0.6
2024-09-22 12:00:00+00:00,4,BULL,0.9987284950084984,True,7,False,TRANSITION,TRANSITION,0.6,0.95,0.6
2024-09-23 12:00:00+00:00,4,BULL,1.0,True,8,False,TRANSITION,TRANSITION,0.6,0.95,0.6
2024-09-24 12:00:00+00:00,4,BULL,0.999999999994543,True,9,False,TRANSITION,TRANSITION,0.6,0.95,0.6
2024-09-25 12:00:00+00:00,4,BULL,1.0,True,10,False,TRANSITION,TRANSITION,0.6,0.95,0.6
2024-09-26 12:00:00+00:00,4,BULL,0.010464127690148553,False,10,False,BULL_STRUCTURE,TRANSITION,0.6,0.6038528560403110074573669216,0.6
2024-09-27 12:00:00+00:00,4,BULL,2.615518378807459e-07,False,10,False,BULL_STRUCTURE,TRANSITION,0.6,0.6013184607151360028859548536,0.6
2024-09-28 12:00:00+00:00,4,BULL,0.9152552588751812,True,11,False,BULL_STRUCTURE,TRANSITION,0.6,0.95,0.6
2024-09-29 12:00:00+00:00,4,BULL,1.0,True,12,False,BULL_STRUCTURE,TRANSITION,0.6,0.95,0.6
2024-09-30 12:00:00+00:00,4,BULL,1.0,True,13,False,TRANSITION,TRANSITION,0.6,0.95,0.6
2024-10-01 12:00:00+00:00,4,BULL,0.9999990613432459,True,14,False,BEAR_STRUCTURE,TRANSITION,0.3,0.95,0.3
2024-10-02 12:00:00+00:00,4,BULL,0.9999995482559026,True,15,False,BEAR_STRUCTURE,TRANSITION,0.3,0.95,0.3
2024-10-03 12:00:00+00:00,4,BULL,0.9999999997348823,True,16,False,BEAR_STRUCTURE,TRANSITION,0.3,0.95,0.3
2024-10-04 12:00:00+00:00,4,BULL,0.9999964458824655,True,17,False,BEAR_STRUCTURE,TRANSITION,0.3,0.95,0.3
2024-10-05 12:00:00+00:00,4,BULL,0.9711706980417265,True,18,False,BEAR_STRUCTURE,BEAR_STRUCTURE,0.3,0.95,0.3
2024-10-06 12:00:00+00:00,4,BULL,0.9999006114307085,True,19,False,BEAR_STRUCTURE,BEAR_STRUCTURE,0.3,0.95,0.3
2024-10-07 12:00:00+00:00,4,BULL,0.9999996338565995,True,20,False,BEAR_STRUCTURE,BEAR_STRUCTURE,0.3,0.95,0.3
2024-10-08 12:00:00+00:00,4,BULL,0.9999963405242508,True,21,False,BEAR_STRUCTURE,BEAR_STRUCTURE,0.3,0.95,0.3
2024-10-09 12:00:00+00:00,4,BULL,0.921322440899458,True,22,False,BEAR_STRUCTURE,BEAR_STRUCTURE,0.3,0.95,0.3
2024-10-10 12:00:00+00:00,4,BULL,0.5074233969113323,True,23,False,BEAR_STRUCTURE,BEAR_STRUCTURE,0.3,0.2997002969828329037663396637,0.2997002969828329037663396637
2024-10-11 12:00:00+00:00,4,BULL,0.08022077764361771,False,23,False,BEAR_STRUCTURE,BEAR_STRUCTURE,0.3,0.3056938026872781798691241139,0.3
2024-10-12 12:00:00+00:00,4,BULL,4.644408414309648e-05,False,23,False,BEAR_STRUCTURE,BEAR_STRUCTURE,0.3,0.2987433033866249331277651996,0.2987433033866249331277651996
2024-10-13 12:00:00+00:00,2,BEAR,0.9987796415013945,True,3,False,TRANSITION,BEAR_STRUCTURE,0.3,0.95,0.3
2024-10-14 12:00:00+00:00,2,BEAR,0.999989149442377,True,4,False,TRANSITION,BEAR_STRUCTURE,0.3,0.95,0.3
2024-10-15 12:00:00+00:00,2,BEAR,0.9768743633752355,True,5,False,TRANSITION,BEAR_STRUCTURE,0.3,0.95,0.3
2024-10-16 12:00:00+00:00,2,BEAR,0.9999999999986358,True,6,False,TRANSITION,BEAR_STRUCTURE,0.3,0.95,0.3
2024-10-17 12:00:00+00:00,2,BEAR,0.9999999999540705,True,7,False,TRANSITION,TRANSITION,0.6,0.95,0.6
2024-10-18 12:00:00+00:00,2,BEAR,0.9999999999995453,True,8,False,TRANSITION,TRANSITION,0.6,0.95,0.6
2024-10-19 12:00:00+00:00,2,BEAR,0.9999999999872671,True,9,False,TRANSITION,TRANSITION,0.6,0.95,0.6
2024-10-20 12:00:00+00:00,2,BEAR,0.9999999614401539,True,10,False,TRANSITION,TRANSITION,0.6,0.95,0.6
2024-10-21 12:00:00+00:00,2,BEAR,0.8311263426257214,True,11,False,TRANSITION,TRANSITION,0.6,0.95,0.6
2024-10-22 12:00:00+00:00,2,BEAR,0.9999993429521394,True,12,False,TRANSITION,TRANSITION,0.6,0.95,0.6
2024-10-23 12:00:00+00:00,2,BEAR,0.9999999423494063,True,13,False,TRANSITION,TRANSITION,0.6,0.95,0.6
2024-10-24 12:00:00+00:00,2,BEAR,0.9999995912781667,True,14,False,TRANSITION,TRANSITION,0.6,0.95,0.6
2024-10-25 12:00:00+00:00,2,BEAR,0.14705515125954316,False,14,False,TRANSITION,TRANSITION,0.6,0.5965620920585054503965495352,0.5965620920585054503965495352
2024-10-26 12:00:00+00:00,2,BEAR,0.9999991519824974,True,15,False,TRANSITION,TRANSITION,0.6,0.95,0.6
2024-10-27 12:00:00+00:00,2,BEAR,0.8152624191923935,True,16,False,TRANSITION,TRANSITION,0.6,0.95,0.6
2024-10-28 12:00:00+00:00,2,BEAR,5.309317546477906e-33,False,16,False,TRANSITION,TRANSITION,0.6,0.6092023317693316840533918077,0.6
2024-10-29 12:00:00+00:00,2,BEAR,5.286347245010322e-63,False,16,False,TRANSITION,TRANSITION,0.6,0.6017840783591981916239435751,0.6
2024-10-30 12:00:00+00:00,4,BULL,0.9363547284701792,True,3,False,TRANSITION,TRANSITION,0.6,0.95,0.6
2024-10-31 12:00:00+00:00,4,BULL,1.0,True,4,False,TRANSITION,TRANSITION,0.6,0.95,0.6
2024-11-01 12:00:00+00:00,4,BULL,0.9999999999690772,True,5,False,TRANSITION,TRANSITION,0.6,0.95,0.6
2024-11-02 12:00:00+00:00,4,BULL,3.860700346574823e-08,False,5,False,TRANSITION,TRANSITION,0.6,0.5956471654526531183163674129,0.5956471654526531183163674129
2024-11-03 12:00:00+00:00,4,BULL,7.101797380202939e-13,False,5,False,TRANSITION,TRANSITION,0.6,0.5971700103235907830885760934,0.5971700103235907830885760934
2024-11-04 12:00:00+00:00,2,BEAR,0.9999999998944986,True,3,False,TRANSITION,TRANSITION,0.6,0.95,0.6
2024-11-05 12:00:00+00:00,2,BEAR,5.67662110991305e-09,False,3,False,TRANSITION,TRANSITION,0.6,0.6181864179288497778388545121,0.6
2024-11-06 12:00:00+00:00,2,BEAR,0.9832024358560524,True,4,False,BULL_STRUCTURE,TRANSITION,0.6,0.95,0.6
2024-11-07 12:00:00+00:00,2,BEAR,2.889212512124004e-12,False,4,False,BULL_STRUCTURE,TRANSITION,0.6,0.6037769148856121448890246789,0.6
2024-11-08 12:00:00+00:00,2,BEAR,1.224024740872445e-25,False,4,False,BULL_STRUCTURE,TRANSITION,0.6,0.6017389519370235393994038597,0.6
2024-11-09 12:00:00+00:00,2,BEAR,2.3977052205437806e-123,False,4,False,BULL_STRUCTURE,TRANSITION,0.6,0.6102618379876901748980254906,0.6
2024-11-10 12:00:00+00:00,2,BEAR,5.714319092983178e-276,False,4,False,BULL_STRUCTURE,BULL_STRUCTURE,1.0,0.6067703641584891189571694439,0.6067703641584891189571694439
2024-11-11 12:00:00+00:00,3,EUPHORIA,1.0,True,3,False,BULL_STRUCTURE,BULL_STRUCTURE,1.0,0.6208362156425311463762985719,0.6208362156425311463762985719
2024-11-12 12:00:00+00:00,3,EUPHORIA,1.0,True,4,False,BULL_STRUCTURE,BULL_STRUCTURE,1.0,0.6222189859082841892943297445,0.6222189859082841892943297445
2024-11-13 12:00:00+00:00,3,EUPHORIA,1.0,True,5,False,BULL_STRUCTURE,BULL_STRUCTURE,1.0,0.6321972351809343320772914008,0.6321972351809343320772914008
2024-11-14 12:00:00+00:00,3,EUPHORIA,1.0,True,6,False,BULL_STRUCTURE,BULL_STRUCTURE,1.0,0.6276936331785555169947219968,0.6276936331785555169947219968
2024-11-15 12:00:00+00:00,3,EUPHORIA,1.0,True,7,False,BULL_STRUCTURE,BULL_STRUCTURE,1.0,0.6313766227221246878499453756,0.6313766227221246878499453756
2024-11-16 12:00:00+00:00,3,EUPHORIA,1.0,True,8,False,BULL_STRUCTURE,BULL_STRUCTURE,1.0,0.6301330454239773451791128081,0.6301330454239773451791128081
2024-11-17 12:00:00+00:00,3,EUPHORIA,1.0,True,9,False,BULL_STRUCTURE,BULL_STRUCTURE,1.0,0.6290787327525865963997798826,0.6290787327525865963997798826
2024-11-18 12:00:00+00:00,3,EUPHORIA,1.0,True,10,False,BULL_STRUCTURE,BULL_STRUCTURE,1.0,0.6326038271754927741502749943,0.6326038271754927741502749943
2024-11-19 12:00:00+00:00,3,EUPHORIA,1.0,True,11,False,BULL_STRUCTURE,BULL_STRUCTURE,1.0,0.6371188584957290103703505750,0.6371188584957290103703505750
2024-11-20 12:00:00+00:00,3,EUPHORIA,1.0,True,12,False,BULL_STRUCTURE,BULL_STRUCTURE,1.0,0.6479674527070383987602568022,0.6479674527070383987602568022
2024-11-21 12:00:00+00:00,3,EUPHORIA,1.0,True,13,False,BULL_STRUCTURE,BULL_STRUCTURE,1.0,0.6500398299883490980358717807,0.6500398299883490980358717807
2024-11-22 12:00:00+00:00,3,EUPHORIA,1.0,True,14,False,BULL_STRUCTURE,BULL_STRUCTURE,1.0,0.6490236067537893416976277702,0.6490236067537893416976277702
2024-11-23 12:00:00+00:00,3,EUPHORIA,1.0,True,15,False,BULL_STRUCTURE,BULL_STRUCTURE,1.0,0.6463419739765029619876799970,0.6463419739765029619876799970
2024-11-24 12:00:00+00:00,3,EUPHORIA,1.0,True,16,False,BULL_STRUCTURE,BULL_STRUCTURE,1.0,0.6484628944402936678321111579,0.6484628944402936678321111579
2024-11-25 12:00:00+00:00,3,EUPHORIA,1.0,True,17,False,BULL_STRUCTURE,BULL_STRUCTURE,1.0,0.6343825206219287190628311243,0.6343825206219287190628311243
2024-11-26 12:00:00+00:00,3,EUPHORIA,1.0,True,18,False,BULL_STRUCTURE,BULL_STRUCTURE,1.0,0.6369043426962413125577923287,0.6369043426962413125577923287
2024-11-27 12:00:00+00:00,3,EUPHORIA,1.0,True,19,False,BULL_STRUCTURE,BULL_STRUCTURE,1.0,0.6419937671340539318881993651,0.6419937671340539318881993651
2024-11-28 12:00:00+00:00,3,EUPHORIA,1.0,True,20,False,BULL_STRUCTURE,BULL_STRUCTURE,1.0,0.6462429746818699561255666391,0.6462429746818699561255666391
2024-11-29 12:00:00+00:00,3,EUPHORIA,2.5301129444269177e-05,False,20,False,BULL_STRUCTURE,BULL_STRUCTURE,1.0,0.25,0.25
2024-11-30 12:00:00+00:00,3,EUPHORIA,1.2796315427569956e-05,False,20,False,BULL_STRUCTURE,BULL_STRUCTURE,1.0,0.2517584972772727163868771745,0.2517584972772727163868771745
2024-12-01 12:00:00+00:00,1,NEUTRAL,1.0,True,3,False,BULL_STRUCTURE,BULL_STRUCTURE,1.0,0.95,0.95
2024-12-02 12:00:00+00:00,1,NEUTRAL,1.0,True,4,False,BULL_STRUCTURE,BULL_STRUCTURE,1.0,0.9507939712496983676903138807,0.9507939712496983676903138807
2024-12-03 12:00:00+00:00,1,NEUTRAL,1.0,True,5,False,BULL_STRUCTURE,BULL_STRUCTURE,1.0,0.9513791507954702060838378923,0.9513791507954702060838378923
2024-12-04 12:00:00+00:00,1,NEUTRAL,1.0,True,6,False,BULL_STRUCTURE,BULL_STRUCTURE,1.0,0.9542636206172438347378284280,0.9542636206172438347378284280
2024-12-05 12:00:00+00:00,1,NEUTRAL,1.0,True,7,False,BULL_STRUCTURE,BULL_STRUCTURE,1.0,0.9522663513424167992865949861,0.9522663513424167992865949861
2024-12-06 12:00:00+00:00,1,NEUTRAL,1.0,True,8,False,BULL_STRUCTURE,BULL_STRUCTURE,1.0,0.9529742929497271313144961131,0.9529742929497271313144961131
2024-12-07 12:00:00+00:00,1,NEUTRAL,1.0,True,9,False,BULL_STRUCTURE,BULL_STRUCTURE,1.0,0.9530107746416824603388182866,0.9530107746416824603388182866
2024-12-08 12:00:00+00:00,1,NEUTRAL,1.0,True,10,False,BULL_STRUCTURE,BULL_STRUCTURE,1.0,0.9522750866951977921311778273,0.9522750866951977921311778273
2024-12-09 12:00:00+00:00,1,NEUTRAL,1.0,True,11,False,BULL_STRUCTURE,BULL_STRUCTURE,1.0,0.9521049268607273382614710404,0.9521049268607273382614710404
2024-12-10 12:00:00+00:00,1,NEUTRAL,1.0,True,12,False,BULL_STRUCTURE,BULL_STRUCTURE,1.0,0.9523694836234848719266164639,0.9523694836234848719266164639
2024-12-11 12:00:00+00:00,1,NEUTRAL,1.0,True,13,False,BULL_STRUCTURE,BULL_STRUCTURE,1.0,0.9533041429206255277705365089,0.9533041429206255277705365089
2024-12-12 12:00:00+00:00,1,NEUTRAL,1.0,True,14,False,BULL_STRUCTURE,BULL_STRUCTURE,1.0,0.9533019028163868019645132362,0.9533019028163868019645132362
2024-12-13 12:00:00+00:00,1,NEUTRAL,1.0,True,15,False,BULL_STRUCTURE,BULL_STRUCTURE,1.0,0.9538415055026701861671872685,0.9538415055026701861671872685
2024-12-14 12:00:00+00:00,1,NEUTRAL,1.0,True,16,False,BULL_STRUCTURE,BULL_STRUCTURE,1.0,0.9543080573039471095171594740,0.9543080573039471095171594740
2024-12-15 12:00:00+00:00,1,NEUTRAL,1.0,True,17,False,BULL_STRUCTURE,BULL_STRUCTURE,1.0,0.9547648974198950761551654465,0.9547648974198950761551654465
2024-12-16 12:00:00+00:00,1,NEUTRAL,1.0,True,18,False,BULL_STRUCTURE,BULL_STRUCTURE,1.0,0.9559999168575542685817641712,0.9559999168575542685817641712
2024-12-17 12:00:00+00:00,1,NEUTRAL,1.0,True,19,False,BULL_STRUCTURE,BULL_STRUCTURE,1.0,0.9552875621758091907605495855,0.9552875621758091907605495855
2024-12-18 12:00:00+00:00,1,NEUTRAL,1.0,True,20,False,BULL_STRUCTURE,BULL_STRUCTURE,1.0,0.9542138143072096568117759221,0.9542138143072096568117759221
2024-12-19 12:00:00+00:00,1,NEUTRAL,1.0,True,21,False,BULL_STRUCTURE,BULL_STRUCTURE,1.0,0.9496530034845733799521235986,0.9496530034845733799521235986
2024-12-20 12:00:00+00:00,1,NEUTRAL,1.0,True,22,False,BULL_STRUCTURE,BULL_STRUCTURE,1.0,0.9523553899182148367989968954,0.9523553899182148367989968954
2024-12-21 12:00:00+00:00,1,NEUTRAL,1.0,True,23,False,BULL_STRUCTURE,BULL_STRUCTURE,1.0,0.9518132667402669927030166202,0.9518132667402669927030166202
2024-12-22 12:00:00+00:00,1,NEUTRAL,1.0,True,24,False,BULL_STRUCTURE,BULL_STRUCTURE,1.0,0.9512547689892069361169968830,0.9512547689892069361169968830
2024-12-23 12:00:00+00:00,1,NEUTRAL,1.0,True,25,False,BULL_STRUCTURE,BULL_STRUCTURE,1.0,0.9505019440715292391674974366,0.9505019440715292391674974366
2024-12-24 12:00:00+00:00,1,NEUTRAL,1.0,True,26,False,BULL_STRUCTURE,BULL_STRUCTURE,1.0,0.9521911415929844986250769415,0.9521911415929844986250769415
2024-12-25 12:00:00+00:00,1,NEUTRAL,1.0,True,27,False,BULL_STRUCTURE,BULL_STRUCTURE,1.0,0.9511401341006466137001298981,0.9511401341006466137001298981
2024-12-26 12:00:00+00:00,1,NEUTRAL,1.0,True,28,False,BULL_STRUCTURE,BULL_STRUCTURE,1.0,0.9517428325829515712434097669,0.9517428325829515712434097669
2024-12-27 12:00:00+00:00,1,NEUTRAL,1.0,True,29,False,BULL_STRUCTURE,BULL_STRUCTURE,1.0,0.9506788535531478492582268695,0.9506788535531478492582268695
2024-12-28 12:00:00+00:00,1,NEUTRAL,1.0,True,30,False,BULL_STRUCTURE,BULL_STRUCTURE,1.0,0.9508159087663567106965744348,0.9508159087663567106965744348
2024-12-29 12:00:00+00:00,1,NEUTRAL,1.0,True,31,False,BULL_STRUCTURE,BULL_STRUCTURE,1.0,0.9502638362143937830704314107,0.9502638362143937830704314107
2024-12-30 12:00:00+00:00,1,NEUTRAL,1.0,True,32,False,BULL_STRUCTURE,BULL_STRUCTURE,1.0,0.9504191116230304285849473890,0.9504191116230304285849473890
2024-12-31 12:00:00+00:00,1,NEUTRAL,1.0,True,33,False,BULL_STRUCTURE,BULL_STRUCTURE,1.0,0.9500218818613791414864068900,0.9500218818613791414864068900
2025-01-01 12:00:00+00:00,1,NEUTRAL,1.0,True,34,False,BULL_STRUCTURE,BULL_STRUCTURE,1.0,0.9516386785411845453404256130,0.9516386785411845453404256130
2025-01-02 12:00:00+00:00,1,NEUTRAL,1.0,True,35,False,BULL_STRUCTURE,BULL_STRUCTURE,1.0,0.9516503748577294353048875540,0.9516503748577294353048875540
2025-01-03 12:00:00+00:00,1,NEUTRAL,1.0,True,36,False,BULL_STRUCTURE,BULL_STRUCTURE,1.0,0.9521826685112401007084785035,0.9521826685112401007084785035
2025-01-04 12:00:00+00:00,1,NEUTRAL,1.0,True,37,False,BULL_STRUCTURE,BULL_STRUCTURE,1.0,0.9520671506635751870619876972,0.9520671506635751870619876972
2025-01-05 12:00:00+00:00,1,NEUTRAL,1.0,True,38,False,BULL_STRUCTURE,BULL_STRUCTURE,1.0,0.9528117819395020638486390940,0.9528117819395020638486390940
2025-01-06 12:00:00+00:00,1,NEUTRAL,1.0,True,39,False,BULL_STRUCTURE,BULL_STRUCTURE,1.0,0.9535127639344223410136907439,0.9535127639344223410136907439
2025-01-07 12:00:00+00:00,1,NEUTRAL,1.0,True,40,False,BULL_STRUCTURE,BULL_STRUCTURE,1.0,0.9508662231273814692080472006,0.9508662231273814692080472006
2025-01-08 12:00:00+00:00,1,NEUTRAL,1.0,True,41,False,BULL_STRUCTURE,BULL_STRUCTURE,1.0,0.60,0.60
2025-01-09 12:00:00+00:00,1,NEUTRAL,1.0,True,42,False,BULL_STRUCTURE,BULL_STRUCTURE,1.0,0.95,0.95
2025-01-10 12:00:00+00:00,1,NEUTRAL,1.0,True,43,False,BULL_STRUCTURE,BULL_STRUCTURE,1.0,0.9502032404105453061387721451,0.9502032404105453061387721451
2025-01-11 12:00:00+00:00,1,NEUTRAL,1.0,True,44,False,BULL_STRUCTURE,BULL_STRUCTURE,1.0,0.60,0.60
2025-01-12 12:00:00+00:00,1,NEUTRAL,1.0,True,45,False,BULL_STRUCTURE,BULL_STRUCTURE,1.0,0.5914090414258268674170896383,0.5914090414258268674170896383
2025-01-13 12:00:00+00:00,1,NEUTRAL,1.0,True,46,False,BULL_STRUCTURE,BULL_STRUCTURE,1.0,0.95,0.95
2025-01-14 12:00:00+00:00,1,NEUTRAL,1.0,True,47,False,BULL_STRUCTURE,BULL_STRUCTURE,1.0,0.9505283621631701584752447421,0.9505283621631701584752447421
2025-01-15 12:00:00+00:00,1,NEUTRAL,1.0,True,48,False,BULL_STRUCTURE,BULL_STRUCTURE,1.0,0.9516662329567035784980210976,0.9516662329567035784980210976
2025-01-16 12:00:00+00:00,1,NEUTRAL,0.9999999999763531,True,49,False,BULL_STRUCTURE,BULL_STRUCTURE,1.0,0.9530534724354590198625338184,0.9530534724354590198625338184
2025-01-17 12:00:00+00:00,1,NEUTRAL,0.9999790520253063,True,50,False,BULL_STRUCTURE,BULL_STRUCTURE,1.0,0.9536376556992075062297965642,0.9536376556992075062297965642
2025-01-18 12:00:00+00:00,1,NEUTRAL,4.704996704687077e-08,False,50,False,BULL_STRUCTURE,BULL_STRUCTURE,1.0,0.475,0.475
2025-01-19 12:00:00+00:00,1,NEUTRAL,2.8790967506137545e-31,False,50,False,BULL_STRUCTURE,BULL_STRUCTURE,1.0,0.4843913003337868027207463347,0.4843913003337868027207463347
2025-01-20 12:00:00+00:00,4,BULL,1.0,True,3,False,BULL_STRUCTURE,BULL_STRUCTURE,1.0,0.95,0.95
2025-01-21 12:00:00+00:00,4,BULL,1.0,True,4,False,BULL_STRUCTURE,BULL_STRUCTURE,1.0,0.9511819288571912900887915625,0.9511819288571912900887915625
2025-01-22 12:00:00+00:00,4,BULL,1.0,True,5,False,BULL_STRUCTURE,BULL_STRUCTURE,1.0,0.9497466118043154608715569054,0.9497466118043154608715569054
2025-01-23 12:00:00+00:00,4,BULL,1.0,True,6,False,BULL_STRUCTURE,BULL_STRUCTURE,1.0,0.9513227738156686898011811608,0.9513227738156686898011811608
2025-01-24 12:00:00+00:00,4,BULL,1.0,True,7,False,BULL_STRUCTURE,BULL_STRUCTURE,1.0,0.9509914736077787220898204891,0.9509914736077787220898204891
2025-01-25 12:00:00+00:00,4,BULL,1.0,True,8,False,BULL_STRUCTURE,BULL_STRUCTURE,1.0,0.9510571516241276742656510323,0.9510571516241276742656510323
2025-01-26 12:00:00+00:00,4,BULL,0.7798471014944871,True,9,False,BULL_STRUCTURE,BULL_STRUCTURE,1.0,0.9482106871960414588047117657,0.9482106871960414588047117657
2025-01-27 12:00:00+00:00,4,BULL,1.0,True,10,False,BULL_STRUCTURE,BULL_STRUCTURE,1.0,0.9501264621778772652610941501,0.9501264621778772652610941501
2025-01-28 12:00:00+00:00,4,BULL,1.0,True,11,False,BULL_STRUCTURE,BULL_STRUCTURE,1.0,0.9500729095844103591548108021,0.9500729095844103591548108021
2025-01-29 12:00:00+00:00,4,BULL,1.0,True,12,False,BULL_STRUCTURE,BULL_STRUCTURE,1.0,0.9512702377403495682380181143,0.9512702377403495682380181143
2025-01-30 12:00:00+00:00,4,BULL,1.0,True,13,False,BULL_STRUCTURE,BULL_STRUCTURE,1.0,0.9510204034230879853207479994,0.9510204034230879853207479994
2025-01-31 12:00:00+00:00,4,BULL,1.0,True,14,False,BULL_STRUCTURE,BULL_STRUCTURE,1.0,0.9497860574359478007939091684,0.9497860574359478007939091684
2025-02-01 12:00:00+00:00,4,BULL,1.0,True,15,False,BULL_STRUCTURE,BULL_STRUCTURE,1.0,0.9482620847167247004514413826,0.9482620847167247004514413826
2025-02-02 12:00:00+00:00,4,BULL,0.9990818690452753,True,16,False,BULL_STRUCTURE,BULL_STRUCTURE,1.0,0.9463281500050711794580509023,0.9463281500050711794580509023
2025-02-03 12:00:00+00:00,4,BULL,0.9999989647800149,True,17,False,BULL_STRUCTURE,BULL_STRUCTURE,1.0,0.9483131970736205617772059783,0.9483131970736205617772059783
2025-02-04 12:00:00+00:00,4,BULL,0.9999260815275021,True,18,False,BULL_STRUCTURE,BULL_STRUCTURE,1.0,0.9479291588992957887444929711,0.9479291588992957887444929711
2025-02-05 12:00:00+00:00,4,BULL,0.9543359003253706,True,19,False,BULL_STRUCTURE,BULL_STRUCTURE,1.0,0.9482687285894134429832993947,0.9482687285894134429832993947
2025-02-06 12:00:00+00:00,4,BULL,1.4982502717618989e-12,False,19,False,BULL_STRUCTURE,BULL_STRUCTURE,1.0,0.475,0.475
2025-02-07 12:00:00+00:00,4,BULL,6.260797269976608e-33,False,19,False,BULL_STRUCTURE,BULL_STRUCTURE,1.0,0.4710980410244753457507999187,0.4710980410244753457507999187
2025-02-08 12:00:00+00:00,0,CRASH,1.0,True,3,False,BULL_STRUCTURE,BULL_STRUCTURE,1.0,0.4722207045717028301701256370,0.4722207045717028301701256370
2025-02-09 12:00:00+00:00,0,CRASH,0.9999999999918145,True,4,False,BULL_STRUCTURE,BULL_STRUCTURE,1.0,0.4750631246079692500931776473,0.4750631246079692500931776473
2025-02-10 12:00:00+00:00,0,CRASH,1.0,True,5,False,BULL_STRUCTURE,BULL_STRUCTURE,1.0,0.4763122811536961815665054819,0.4763122811536961815665054819
2025-02-11 12:00:00+00:00,0,CRASH,0.9999997478444447,True,6,False,BULL_STRUCTURE,BULL_STRUCTURE,1.0,0.4710323199526991174610159745,0.4710323199526991174610159745
2025-02-12 12:00:00+00:00,0,CRASH,0.9999992625783297,True,7,False,BULL_STRUCTURE,BULL_STRUCTURE,1.0,0.4705923592552276488186174177,0.4705923592552276488186174177
2025-02-13 12:00:00+00:00,0,CRASH,0.7984372628843075,True,8,False,BULL_STRUCTURE,BULL_STRUCTURE,1.0,0.4730802723225049745629189805,0.4730802723225049745629189805
2025-02-14 12:00:00+00:00,2,WEAK_BEAR,0.9999999763265354,True,1,False,BULL_STRUCTURE,BULL_STRUCTURE,1.0,0.95,0.95
2025-02-15 12:00:00+00:00,2,WEAK_BEAR,0.9989634574364076,True,2,False,BULL_STRUCTURE,BULL_STRUCTURE,1.0,0.9504487991272260376211675442,0.9504487991272260376211675442
2025-02-16 12:00:00+00:00,2,WEAK_BEAR,0.9999999993974598,True,3,False,BULL_STRUCTURE,BULL_STRUCTURE,1.0,0.9498251965491255165101208682,0.9498251965491255165101208682
2025-02-17 12:00:00+00:00,2,WEAK_BEAR,0.9999999999965894,True,4,False,BULL_STRUCTURE,BULL_STRUCTURE,1.0,0.9496145433835028828541263860,0.9496145433835028828541263860
2025-02-18 12:00:00+00:00,2,WEAK_BEAR,1.0,True,5,False,BULL_STRUCTURE,BULL_STRUCTURE,1.0,0.9500028746899883643481079439,0.9500028746899883643481079439
2025-02-19 12:00:00+00:00,2,WEAK_BEAR,0.9999999999988631,True,6,False,BULL_STRUCTURE,BULL_STRUCTURE,1.0,0.9503867502074006357683090909,0.9503867502074006357683090909
2025-02-20 12:00:00+00:00,2,WEAK_BEAR,0.9999999851900158,True,7,False,BULL_STRUCTURE,BULL_STRUCTURE,1.0,0.9510667564919580558807371167,0.9510667564919580558807371167
2025-02-21 12:00:00+00:00,2,WEAK_BEAR,0.9999999986209787,True,8,False,BULL_STRUCTURE,BULL_STRUCTURE,1.0,0.9500802892891598567394635459,0.9500802892891598567394635459
2025-02-22 12:00:00+00:00,2,WEAK_BEAR,0.9995917572513694,True,9,False,BULL_STRUCTURE,BULL_STRUCTURE,1.0,0.9498513821089292546626703341,0.9498513821089292546626703341
2025-02-23 12:00:00+00:00,2,WEAK_BEAR,0.9999999923563792,True,10,False,BULL_STRUCTURE,BULL_STRUCTURE,1.0,0.9497049861022484007508230498,0.9497049861022484007508230498
2025-02-24 12:00:00+00:00,2,WEAK_BEAR,1.0,True,11,False,BULL_STRUCTURE,BULL_STRUCTURE,1.0,0.9461949562904538427051419701,0.9461949562904538427051419701
2025-02-25 12:00:00+00:00,2,WEAK_BEAR,1.0,True,12,False,BULL_STRUCTURE,BULL_STRUCTURE,1.0,0.9458374155330190182048662674,0.9458374155330190182048662674
2025-02-26 12:00:00+00:00,2,WEAK_BEAR,1.0,True,13,False,BULL_STRUCTURE,BULL_STRUCTURE,1.0,0.9447053344092576020208188571,0.9447053344092576020208188571
2025-02-27 12:00:00+00:00,2,WEAK_BEAR,1.0,True,14,False,BULL_STRUCTURE,BULL_STRUCTURE,1.0,0.9407093316393351539251337509,0.9407093316393351539251337509
2025-02-28 12:00:00+00:00,2,WEAK_BEAR,1.0,True,15,False,BULL_STRUCTURE,BULL_STRUCTURE,1.0,0.9434319909788984278359068732,0.9434319909788984278359068732
2025-03-01 12:00:00+00:00,2,WEAK_BEAR,1.0,True,16,False,BULL_STRUCTURE,BULL_STRUCTURE,1.0,0.9443458966253222664157755250,0.9443458966253222664157755250
2025-03-02 12:00:00+00:00,2,WEAK_BEAR,1.0,True,17,False,BULL_STRUCTURE,BULL_STRUCTURE,1.0,0.9481205381531494128851007274,0.9481205381531494128851007274
2025-03-03 12:00:00+00:00,2,WEAK_BEAR,1.0,True,18,False,BULL_STRUCTURE,BULL_STRUCTURE,1.0,0.9429904094237931366527424469,0.9429904094237931366527424469
2025-03-04 12:00:00+00:00,2,WEAK_BEAR,1.0,True,19,False,BULL_STRUCTURE,BULL_STRUCTURE,1.0,0.9465209262344432542521834712,0.9465209262344432542521834712
2025-03-05 12:00:00+00:00,2,WEAK_BEAR,0.9999999977558218,True,20,False,BULL_STRUCTURE,BULL_STRUCTURE,1.0,0.9473726796379495473749634366,0.9473726796379495473749634366
2025-03-06 12:00:00+00:00,2,WEAK_BEAR,1.0,True,21,False,BULL_STRUCTURE,BULL_STRUCTURE,1.0,0.9460390878289902612391413424,0.9460390878289902612391413424
2025-03-07 12:00:00+00:00,2,WEAK_BEAR,1.0,True,22,False,BULL_STRUCTURE,BULL_STRUCTURE,1.0,0.9442541836615480574350082732,0.9442541836615480574350082732
2025-03-08 12:00:00+00:00,2,WEAK_BEAR,1.0,True,23,False,BULL_STRUCTURE,BULL_STRUCTURE,1.0,0.9436776167960361909146536890,0.9436776167960361909146536890
2025-03-09 12:00:00+00:00,2,WEAK_BEAR,1.0,True,24,False,BULL_STRUCTURE,BULL_STRUCTURE,1.0,0.9427615262800144986987700135,0.9427615262800144986987700135
2025-03-10 12:00:00+00:00,2,WEAK_BEAR,1.0,True,25,False,TRANSITION,BULL_STRUCTURE,0.6,0.9415338208625519722317811000,0.6
2025-03-11 12:00:00+00:00,2,WEAK_BEAR,1.0,True,26,False,TRANSITION,BULL_STRUCTURE,0.6,0.95,0.6
2025-03-12 12:00:00+00:00,2,WEAK_BEAR,1.0,True,27,False,TRANSITION,BULL_STRUCTURE,0.6,0.95,0.6
2025-03-13 12:00:00+00:00,2,WEAK_BEAR,1.0,True,28,False,TRANSITION,BULL_STRUCTURE,0.6,0.95,0.6
2025-03-14 12:00:00+00:00,2,WEAK_BEAR,1.0,True,29,False,TRANSITION,TRANSITION,0.6,0.95,0.6
2025-03-15 12:00:00+00:00,2,WEAK_BEAR,1.0,True,30,False,TRANSITION,TRANSITION,0.6,0.95,0.6
2025-03-16 12:00:00+00:00,2,WEAK_BEAR,0.9995093356745531,True,31,False,TRANSITION,TRANSITION,0.6,0.95,0.6
2025-03-17 12:00:00+00:00,2,WEAK_BEAR,0.9621234457550649,True,32,False,TRANSITION,TRANSITION,0.6,0.95,0.6
2025-03-18 12:00:00+00:00,2,WEAK_BEAR,0.6619561360211347,True,33,False,TRANSITION,TRANSITION,0.6,0.95,0.6
2025-03-19 12:00:00+00:00,2,WEAK_BEAR,0.9999999772644517,True,34,False,TRANSITION,TRANSITION,0.6,0.95,0.6
2025-03-20 12:00:00+00:00,2,WEAK_BEAR,0.9815066982829896,True,35,False,TRANSITION,TRANSITION,0.6,0.95,0.6
2025-03-21 12:00:00+00:00,2,WEAK_BEAR,3.6903012470147668e-06,False,35,False,TRANSITION,TRANSITION,0.6,0.6005495400561199342852900913,0.6
2025-03-22 12:00:00+00:00,2,WEAK_BEAR,5.0570631386398545e-08,False,35,False,TRANSITION,TRANSITION,0.6,0.6012470136769411208652799696,0.6
2025-03-23 12:00:00+00:00,5,STRONG_BULL,0.9999999999636202,True,3,False,BULL_STRUCTURE,TRANSITION,0.6,0.95,0.6
2025-03-24 12:00:00+00:00,5,STRONG_BULL,1.0,True,4,False,BULL_STRUCTURE,TRANSITION,0.6,0.95,0.6
2025-03-25 12:00:00+00:00,5,STRONG_BULL,0.9999999999645297,True,5,False,BULL_STRUCTURE,TRANSITION,0.6,0.95,0.6
2025-03-26 12:00:00+00:00,5,STRONG_BULL,1.0,True,6,False,BULL_STRUCTURE,TRANSITION,0.6,0.95,0.6
2025-03-27 12:00:00+00:00,5,STRONG_BULL,1.0,True,7,False,BULL_STRUCTURE,BULL_STRUCTURE,1.0,0.95,0.95
2025-03-28 12:00:00+00:00,5,STRONG_BULL,1.0,True,8,False,TRANSITION,BULL_STRUCTURE,0.6,0.9487449136564944412949178209,0.6
2025-03-29 12:00:00+00:00,5,STRONG_BULL,1.0,True,9,False,TRANSITION,BULL_STRUCTURE,0.6,0.95,0.6
2025-03-30 12:00:00+00:00,5,STRONG_BULL,1.0,True,10,False,TRANSITION,BULL_STRUCTURE,0.6,0.95,0.6
2025-03-31 12:00:00+00:00,5,STRONG_BULL,1.0,True,11,False,TRANSITION,BULL_STRUCTURE,0.6,0.95,0.6
2025-04-01 12:00:00+00:00,5,STRONG_BULL,0.9999999999995453,True,12,False,TRANSITION,TRANSITION,0.6,0.95,0.6
2025-04-02 12:00:00+00:00,5,STRONG_BULL,1.0,True,13,False,TRANSITION,TRANSITION,0.6,0.95,0.6
2025-04-03 12:00:00+00:00,5,STRONG_BULL,1.0,True,14,False,TRANSITION,TRANSITION,0.6,0.95,0.6
2025-04-04 12:00:00+00:00,5,STRONG_BULL,1.0,True,15,False,TRANSITION,TRANSITION,0.6,0.95,0.6
2025-04-05 12:00:00+00:00,5,STRONG_BULL,1.0,True,16,False,TRANSITION,TRANSITION,0.6,0.95,0.6
2025-04-06 12:00:00+00:00,5,STRONG_BULL,1.0,True,17,False,TRANSITION,TRANSITION,0.6,0.95,0.6
2025-04-07 12:00:00+00:00,5,STRONG_BULL,1.0,True,18,False,TRANSITION,TRANSITION,0.6,0.95,0.6
2025-04-08 12:00:00+00:00,5,STRONG_BULL,0.0004270398028977563,False,18,False,TRANSITION,TRANSITION,0.6,0.5884160785351593516168341698,0.5884160785351593516168341698
2025-04-09 12:00:00+00:00,5,STRONG_BULL,0.9999851173258947,True,19,False,TRANSITION,TRANSITION,0.6,0.95,0.6
2025-04-10 12:00:00+00:00,5,STRONG_BULL,0.9999988182201085,True,20,False,TRANSITION,TRANSITION,0.6,0.95,0.6
2025-04-11 12:00:00+00:00,5,STRONG_BULL,0.9999999999940883,True,21,False,TRANSITION,TRANSITION,0.6,0.95,0.6
2025-04-12 12:00:00+00:00,5,STRONG_BULL,1.0,True,22,False,TRANSITION,TRANSITION,0.6,0.95,0.6
2025-04-13 12:00:00+00:00,5,STRONG_BULL,1.0,True,23,False,TRANSITION,TRANSITION,0.6,0.95,0.6
2025-04-14 12:00:00+00:00,5,STRONG_BULL,1.0,True,24,False,TRANSITION,TRANSITION,0.6,0.95,0.6
2025-04-15 12:00:00+00:00,5,STRONG_BULL,1.0,True,25,False,TRANSITION,TRANSITION,0.6,0.95,0.6
2025-04-16 12:00:00+00:00,5,STRONG_BULL,0.9999999999995453,True,26,False,TRANSITION,TRANSITION,0.6,0.95,0.6
2025-04-17 12:00:00+00:00,5,STRONG_BULL,0.9999998578559927,True,27,False,TRANSITION,TRANSITION,0.6,0.95,0.6
2025-04-18 12:00:00+00:00,5,STRONG_BULL,0.9999955818486627,True,28,False,TRANSITION,TRANSITION,0.6,0.95,0.6
2025-04-19 12:00:00+00:00,5,STRONG_BULL,0.9999999821448001,True,29,False,TRANSITION,TRANSITION,0.6,0.95,0.6
2025-04-20 12:00:00+00:00,5,STRONG_BULL,0.9999999989890966,True,30,False,TRANSITION,TRANSITION,0.6,0.95,0.6
2025-04-21 12:00:00+00:00,5,STRONG_BULL,0.9999999999449756,True,31,False,TRANSITION,TRANSITION,0.6,0.95,0.6
2025-04-22 12:00:00+00:00,5,STRONG_BULL,1.0,True,32,False,BULL_STRUCTURE,TRANSITION,0.6,0.95,0.6
2025-04-23 12:00:00+00:00,5,STRONG_BULL,1.0,True,33,False,BULL_STRUCTURE,TRANSITION,0.6,0.95,0.6
2025-04-24 12:00:00+00:00,5,STRONG_BULL,1.0,True,34,False,BULL_STRUCTURE,TRANSITION,0.6,0.95,0.6
2025-04-25 12:00:00+00:00,5,STRONG_BULL,1.0,True,35,False,BULL_STRUCTURE,TRANSITION,0.6,0.95,0.6
2025-04-26 12:00:00+00:00,5,STRONG_BULL,1.0,True,36,False,BULL_STRUCTURE,BULL_STRUCTURE,1.0,0.95,0.95
2025-04-27 12:00:00+00:00,5,STRONG_BULL,1.0,True,37,False,BULL_STRUCTURE,BULL_STRUCTURE,1.0,0.9511255054292349395233474128,0.9511255054292349395233474128
2025-04-28 12:00:00+00:00,5,STRONG_BULL,1.0,True,38,False,BULL_STRUCTURE,BULL_STRUCTURE,1.0,0.9510325475910793367773991082,0.9510325475910793367773991082
2025-04-29 12:00:00+00:00,5,STRONG_BULL,0.9988864980853066,True,39,False,BULL_STRUCTURE,BULL_STRUCTURE,1.0,0.9510555059540267869977447736,0.9510555059540267869977447736
2025-04-30 12:00:00+00:00,5,STRONG_BULL,0.5264696516241125,True,40,False,BULL_STRUCTURE,BULL_STRUCTURE,1.0,0.475,0.475
2025-05-01 12:00:00+00:00,5,STRONG_BULL,0.013330710725261222,False,40,False,BULL_STRUCTURE,BULL_STRUCTURE,1.0,0.4772251920110746851949165100,0.4772251920110746851949165100
2025-05-02 12:00:00+00:00,5,STRONG_BULL,0.33358000899548684,False,40,False,BULL_STRUCTURE,BULL_STRUCTURE,1.0,0.4746725198946964331993780807,0.4746725198946964331993780807
2025-05-03 12:00:00+00:00,5,STRONG_BULL,0.9999999581191341,True,41,False,BULL_STRUCTURE,BULL_STRUCTURE,1.0,0.95,0.95
2025-05-04 12:00:00+00:00,5,STRONG_BULL,1.0,True,42,False,BULL_STRUCTURE,BULL_STRUCTURE,1.0,0.9498922178471249805598017540,0.9498922178471249805598017540
2025-05-05 12:00:00+00:00,5,STRONG_BULL,1.0,True,43,False,BULL_STRUCTURE,BULL_STRUCTURE,1.0,0.9497777503021621204837259690,0.9497777503021621204837259690
2025-05-06 12:00:00+00:00,5,STRONG_BULL,1.0,True,44,False,BULL_STRUCTURE,BULL_STRUCTURE,1.0,0.9513704037210084655902160108,0.9513704037210084655902160108
2025-05-07 12:00:00+00:00,5,STRONG_BULL,1.0,True,45,False,BULL_STRUCTURE,BULL_STRUCTURE,1.0,0.9524708088101899447183510618,0.9524708088101899447183510618
2025-05-08 12:00:00+00:00,5,STRONG_BULL,1.0,True,46,False,BULL_STRUCTURE,BULL_STRUCTURE,1.0,0.9540339191509881878902143881,0.9540339191509881878902143881
2025-05-09 12:00:00+00:00,5,STRONG_BULL,0.999999999998181,True,47,False,BULL_STRUCTURE,BULL_STRUCTURE,1.0,0.9542360382707956185050363607,0.9542360382707956185050363607
2025-05-10 12:00:00+00:00,5,STRONG_BULL,1.0,True,48,False,BULL_STRUCTURE,BULL_STRUCTURE,1.0,0.9547441726900558870679539910,0.9547441726900558870679539910
2025-05-11 12:00:00+00:00,5,STRONG_BULL,0.9999999999918145,True,49,False,BULL_STRUCTURE,BULL_STRUCTURE,1.0,0.9543740833809781380321782944,0.9543740833809781380321782944
2025-05-12 12:00:00+00:00,5,STRONG_BULL,1.0,True,50,False,BULL_STRUCTURE,BULL_STRUCTURE,1.0,0.9543599367614100375059232828,0.9543599367614100375059232828
2025-05-13 12:00:00+00:00,5,STRONG_BULL,1.0,True,51,False,BULL_STRUCTURE,BULL_STRUCTURE,1.0,0.9544503447503997410657393935,0.9544503447503997410657393935
2025-05-14 12:00:00+00:00,5,STRONG_BULL,1.0,True,52,False,BULL_STRUCTURE,BULL_STRUCTURE,1.0,0.9537826590942568626853606097,0.9537826590942568626853606097
2025-05-15 12:00:00+00:00,5,STRONG_BULL,1.0,True,53,False,BULL_STRUCTURE,BULL_STRUCTURE,1.0,0.9543273746311920187839419396,0.9543273746311920187839419396
2025-05-16 12:00:00+00:00,5,STRONG_BULL,1.0,True,54,False,BULL_STRUCTURE,BULL_STRUCTURE,1.0,0.9540491879854243909589464544,0.9540491879854243909589464544
2025-05-17 12:00:00+00:00,5,STRONG_BULL,1.0,True,55,False,BULL_STRUCTURE,BULL_STRUCTURE,1.0,0.9543898735735682258141100035,0.9543898735735682258141100035
2025-05-18 12:00:00+00:00,5,STRONG_BULL,1.0,True,56,False,BULL_STRUCTURE,BULL_STRUCTURE,1.0,0.9540360912996236917450120594,0.9540360912996236917450120594
2025-05-19 12:00:00+00:00,5,STRONG_BULL,1.0,True,57,False,BULL_STRUCTURE,BULL_STRUCTURE,1.0,0.9549708331136151235863218292,0.9549708331136151235863218292
2025-05-20 12:00:00+00:00,5,STRONG_BULL,1.0,True,58,False,BULL_STRUCTURE,BULL_STRUCTURE,1.0,0.9555130388477603744184981477,0.9555130388477603744184981477
2025-05-21 12:00:00+00:00,5,STRONG_BULL,1.0,True,59,False,BULL_STRUCTURE,BULL_STRUCTURE,1.0,0.9572149438006522254643603795,0.9572149438006522254643603795
2025-05-22 12:00:00+00:00,5,STRONG_BULL,1.0,True,60,False,BULL_STRUCTURE,BULL_STRUCTURE,1.0,0.9564999820992609353441055577,0.9564999820992609353441055577
2025-05-23 12:00:00+00:00,5,STRONG_BULL,1.0,True,61,False,BULL_STRUCTURE,BULL_STRUCTURE,1.0,0.9565503559206447535834451829,0.9565503559206447535834451829
2025-05-24 12:00:00+00:00,5,STRONG_BULL,1.0,True,62,False,BULL_STRUCTURE,BULL_STRUCTURE,1.0,0.9557959112725185492588880042,0.9557959112725185492588880042
2025-05-25 12:00:00+00:00,5,STRONG_BULL,1.0,True,63,False,BULL_STRUCTURE,BULL_STRUCTURE,1.0,0.9567640039621352369235000181,0.9567640039621352369235000181
2025-05-26 12:00:00+00:00,5,STRONG_BULL,1.0,True,64,False,BULL_STRUCTURE,BULL_STRUCTURE,1.0,0.9566933330658511472985079958,0.9566933330658511472985079958
2025-05-27 12:00:00+00:00,5,STRONG_BULL,1.0,True,65,False,BULL_STRUCTURE,BULL_STRUCTURE,1.0,0.9564212715591579062264533257,0.9564212715591579062264533257
2025-05-28 12:00:00+00:00,5,STRONG_BULL,4.907540295062088e-07,False,65,False,BULL_STRUCTURE,BULL_STRUCTURE,1.0,0.475,0.475
2025-05-29 12:00:00+00:00,5,STRONG_BULL,1.0041552532414322e-29,False,65,False,BULL_STRUCTURE,BULL_STRUCTURE,1.0,0.4685631019936123722425084023,0.4685631019936123722425084023
2025-05-30 12:00:00+00:00,4,CRASH,1.0,True,3,False,BULL_STRUCTURE,BULL_STRUCTURE,1.0,0.95,0.95
2025-05-31 12:00:00+00:00,4,CRASH,0.9999999999845386,True,4,False,BULL_STRUCTURE,BULL_STRUCTURE,1.0,0.9508593444156879615394870098,0.9508593444156879615394870098
2025-06-01 12:00:00+00:00,4,CRASH,0.999985659156722,True,5,False,BULL_STRUCTURE,BULL_STRUCTURE,1.0,0.9508436088666302703424323668,0.9508436088666302703424323668
2025-06-02 12:00:00+00:00,4,CRASH,0.009385975453572643,False,5,False,BULL_STRUCTURE,BULL_STRUCTURE,1.0,0.475,0.475
2025-06-03 12:00:00+00:00,4,CRASH,2.13569862724188e-16,False,5,False,BULL_STRUCTURE,BULL_STRUCTURE,1.0,0.4748132052546526159555223285,0.4748132052546526159555223285
2025-06-04 12:00:00+00:00,5,STRONG_BULL,1.0,True,3,False,BULL_STRUCTURE,BULL_STRUCTURE,1.0,0.95,0.95
2025-06-05 12:00:00+00:00,5,STRONG_BULL,1.0,True,4,False,BULL_STRUCTURE,BULL_STRUCTURE,1.0,0.9501798599585624039724426839,0.9501798599585624039724426839
2025-06-06 12:00:00+00:00,5,STRONG_BULL,1.0,True,5,False,BULL_STRUCTURE,BULL_STRUCTURE,1.0,0.9507303269565567464139336713,0.9507303269565567464139336713
2025-06-07 12:00:00+00:00,5,STRONG_BULL,1.0,True,6,False,BULL_STRUCTURE,BULL_STRUCTURE,1.0,0.9509682611831896005473516864,0.9509682611831896005473516864
2025-06-08 12:00:00+00:00,5,STRONG_BULL,1.0,True,7,False,BULL_STRUCTURE,BULL_STRUCTURE,1.0,0.9518658825794389090011364025,0.9518658825794389090011364025
2025-06-09 12:00:00+00:00,5,STRONG_BULL,1.0,True,8,False,BULL_STRUCTURE,BULL_STRUCTURE,1.0,0.9526118432615575646519613022,0.9526118432615575646519613022
2025-06-10 12:00:00+00:00,5,STRONG_BULL,1.0,True,9,False,BULL_STRUCTURE,BULL_STRUCTURE,1.0,0.9524923661162569692380998827,0.9524923661162569692380998827
2025-06-11 12:00:00+00:00,5,STRONG_BULL,1.0,True,10,False,BULL_STRUCTURE,BULL_STRUCTURE,1.0,0.9514981786406555573158176932,0.9514981786406555573158176932
2025-06-12 12:00:00+00:00,5,STRONG_BULL,1.0,True,11,False,BULL_STRUCTURE,BULL_STRUCTURE,1.0,0.9506810388517498115964759025,0.9506810388517498115964759025
2025-06-13 12:00:00+00:00,5,STRONG_BULL,1.0,True,12,False,BULL_STRUCTURE,BULL_STRUCTURE,1.0,0.9507000157151968360015300189,0.9507000157151968360015300189
2025-06-14 12:00:00+00:00,5,STRONG_BULL,1.0,True,13,False,BULL_STRUCTURE,BULL_STRUCTURE,1.0,0.9506502333988614168581021365,0.9506502333988614168581021365
2025-06-15 12:00:00+00:00,5,STRONG_BULL,1.0,True,14,False,BULL_STRUCTURE,BULL_STRUCTURE,1.0,0.9514908558628457729217432031,0.9514908558628457729217432031
2025-06-16 12:00:00+00:00,5,STRONG_BULL,1.0,True,15,False,BULL_STRUCTURE,BULL_STRUCTURE,1.0,0.9509482937445300389215405785,0.9509482937445300389215405785
2025-06-17 12:00:00+00:00,5,STRONG_BULL,1.0,True,16,False,BULL_STRUCTURE,BULL_STRUCTURE,1.0,0.9505920999807373842588506753,0.9505920999807373842588506753
2025-06-18 12:00:00+00:00,5,STRONG_BULL,1.0,True,17,False,BULL_STRUCTURE,BULL_STRUCTURE,1.0,0.9505632509860700524332399638,0.9505632509860700524332399638
2025-06-19 12:00:00+00:00,5,STRONG_BULL,1.0,True,18,False,BULL_STRUCTURE,BULL_STRUCTURE,1.0,0.9510963596574189066542540245,0.9510963596574189066542540245
2025-06-20 12:00:00+00:00,5,STRONG_BULL,1.0,True,19,False,BULL_STRUCTURE,BULL_STRUCTURE,1.0,0.9501555477426193137671218544,0.9501555477426193137671218544
2025-06-21 12:00:00+00:00,5,STRONG_BULL,1.0,True,20,False,BULL_STRUCTURE,BULL_STRUCTURE,1.0,0.9496325592412148837750148067,0.9496325592412148837750148067
2025-06-22 12:00:00+00:00,5,STRONG_BULL,1.0,True,21,False,BULL_STRUCTURE,BULL_STRUCTURE,1.0,0.9489481138938825471786825189,0.9489481138938825471786825189
2025-06-23 12:00:00+00:00,5,STRONG_BULL,1.0,True,22,False,BULL_STRUCTURE,BULL_STRUCTURE,1.0,0.9507392304822256475032939522,0.9507392304822256475032939522
2025-06-24 12:00:00+00:00,5,STRONG_BULL,1.0,True,23,False,BULL_STRUCTURE,BULL_STRUCTURE,1.0,0.9516260862608484970397523811,0.9516260862608484970397523811
2025-06-25 12:00:00+00:00,5,STRONG_BULL,1.0,True,24,False,BULL_STRUCTURE,BULL_STRUCTURE,1.0,0.9516807293549213269996498181,0.9516807293549213269996498181
2025-06-26 12:00:00+00:00,5,STRONG_BULL,1.0,True,25,False,BULL_STRUCTURE,BULL_STRUCTURE,1.0,0.9515338326137491565701853764,0.9515338326137491565701853764
2025-06-27 12:00:00+00:00,5,STRONG_BULL,1.0,True,26,False,BULL_STRUCTURE,BULL_STRUCTURE,1.0,0.9517012780667382845219123628,0.9517012780667382845219123628
2025-06-28 12:00:00+00:00,5,STRONG_BULL,1.0,True,27,False,BULL_STRUCTURE,BULL_STRUCTURE,1.0,0.9521691969505493949904611717,0.9521691969505493949904611717
2025-06-29 12:00:00+00:00,5,STRONG_BULL,1.0,True,28,False,BULL_STRUCTURE,BULL_STRUCTURE,1.0,0.9518211928151579368405851167,0.9518211928151579368405851167
2025-06-30 12:00:00+00:00,5,STRONG_BULL,1.0,True,29,False,BULL_STRUCTURE,BULL_STRUCTURE,1.0,0.9513704260697537080937737781,0.9513704260697537080937737781
2025-07-01 12:00:00+00:00,5,STRONG_BULL,1.0,True,30,False,BULL_STRUCTURE,BULL_STRUCTURE,1.0,0.9517468698609018952042564229,0.9517468698609018952042564229
2025-07-02 12:00:00+00:00,5,STRONG_BULL,1.0,True,31,False,BULL_STRUCTURE,BULL_STRUCTURE,1.0,0.9526356962549371355670285913,0.9526356962549371355670285913
2025-07-03 12:00:00+00:00,5,STRONG_BULL,1.0,True,32,False,BULL_STRUCTURE,BULL_STRUCTURE,1.0,0.9523410850239900627207479535,0.9523410850239900627207479535
2025-07-04 12:00:00+00:00,5,STRONG_BULL,1.0,True,33,False,BULL_STRUCTURE,BULL_STRUCTURE,1.0,0.9520155051097389451760631898,0.9520155051097389451760631898
2025-07-05 12:00:00+00:00,5,STRONG_BULL,1.0,True,34,False,BULL_STRUCTURE,BULL_STRUCTURE,1.0,0.9520002042005787120824315707,0.9520002042005787120824315707
2025-07-06 12:00:00+00:00,5,STRONG_BULL,1.0,True,35,False,BULL_STRUCTURE,BULL_STRUCTURE,1.0,0.9522383284846463506180623075,0.9522383284846463506180623075
2025-07-07 12:00:00+00:00,5,STRONG_BULL,1.0,True,36,False,BULL_STRUCTURE,BULL_STRUCTURE,1.0,0.9522861547457709639196326747,0.9522861547457709639196326747
2025-07-08 12:00:00+00:00,5,STRONG_BULL,1.0,True,37,False,BULL_STRUCTURE,BULL_STRUCTURE,1.0,0.9524119527536524432033029398,0.9524119527536524432033029398
2025-07-09 12:00:00+00:00,5,STRONG_BULL,1.0,True,38,False,BULL_STRUCTURE,BULL_STRUCTURE,1.0,0.9532134903540708476137313588,0.9532134903540708476137313588
2025-07-10 12:00:00+00:00,5,STRONG_BULL,1.0,True,39,False,BULL_STRUCTURE,BULL_STRUCTURE,1.0,0.9557951019840812992460807382,0.9557951019840812992460807382
2025-07-11 12:00:00+00:00,5,STRONG_BULL,1.0,True,40,False,BULL_STRUCTURE,BULL_STRUCTURE,1.0,0.9557908306567146297972133031,0.9557908306567146297972133031
2025-07-12 12:00:00+00:00,5,STRONG_BULL,1.0,True,41,False,BULL_STRUCTURE,BULL_STRUCTURE,1.0,0.9558846060152155595736340309,0.9558846060152155595736340309
2025-07-13 12:00:00+00:00,5,STRONG_BULL,1.0,True,42,False,BULL_STRUCTURE,BULL_STRUCTURE,1.0,0.9570647677449406356341581793,0.9570647677449406356341581793
2025-07-14 12:00:00+00:00,5,STRONG_BULL,1.0,True,43,False,BULL_STRUCTURE,BULL_STRUCTURE,1.0,0.9555397726350355060425992832,0.9555397726350355060425992832
2025-07-15 12:00:00+00:00,5,STRONG_BULL,1.0,True,44,False,BULL_STRUCTURE,BULL_STRUCTURE,1.0,0.9561321593039514421325173964,0.9561321593039514421325173964
2025-07-16 12:00:00+00:00,5,STRONG_BULL,1.0,True,45,False,BULL_STRUCTURE,BULL_STRUCTURE,1.0,0.9558570848609650686920862742,0.9558570848609650686920862742
2025-07-17 12:00:00+00:00,5,STRONG_BULL,1.0,True,46,False,BULL_STRUCTURE,BULL_STRUCTURE,1.0,0.9562737664331139070919610106,0.9562737664331139070919610106
2025-07-18 12:00:00+00:00,5,STRONG_BULL,1.0,True,47,False,BULL_STRUCTURE,BULL_STRUCTURE,1.0,0.9559755090081390227646943099,0.9559755090081390227646943099
2025-07-19 12:00:00+00:00,5,STRONG_BULL,1.0,True,48,False,BULL_STRUCTURE,BULL_STRUCTURE,1.0,0.9558153714618428907619883213,0.9558153714618428907619883213
2025-07-20 12:00:00+00:00,5,STRONG_BULL,1.0,True,49,False,BULL_STRUCTURE,BULL_STRUCTURE,1.0,0.9558839488524241996944422761,0.9558839488524241996944422761
2025-07-21 12:00:00+00:00,5,STRONG_BULL,1.0,True,50,False,BULL_STRUCTURE,BULL_STRUCTURE,1.0,0.9562680288732631362633473876,0.9562680288732631362633473876
2025-07-22 12:00:00+00:00,5,STRONG_BULL,1.0,True,51,False,BULL_STRUCTURE,BULL_STRUCTURE,1.0,0.9560505711427798643433616344,0.9560505711427798643433616344
2025-07-23 12:00:00+00:00,5,STRONG_BULL,1.0,True,52,False,BULL_STRUCTURE,BULL_STRUCTURE,1.0,0.9560723741705457648363673149,0.9560723741705457648363673149
2025-07-24 12:00:00+00:00,5,STRONG_BULL,1.0,True,53,False,BULL_STRUCTURE,BULL_STRUCTURE,1.0,0.9553318905247175376972490412,0.9553318905247175376972490412
2025-07-25 12:00:00+00:00,5,STRONG_BULL,1.0,True,54,False,BULL_STRUCTURE,BULL_STRUCTURE,1.0,0.9557786720432254286185491546,0.9557786720432254286185491546
2025-07-26 12:00:00+00:00,5,STRONG_BULL,1.0,True,55,False,BULL_STRUCTURE,BULL_STRUCTURE,1.0,0.9558848560176582841927287784,0.9558848560176582841927287784
2025-07-27 12:00:00+00:00,5,STRONG_BULL,0.9999999980282155,True,56,False,BULL_STRUCTURE,BULL_STRUCTURE,1.0,0.9561527842354307160820585033,0.9561527842354307160820585033
2025-07-28 12:00:00+00:00,5,STRONG_BULL,0.999999998806743,True,57,False,BULL_STRUCTURE,BULL_STRUCTURE,1.0,0.9560696756516623481793587673,0.9560696756516623481793587673
2025-07-29 12:00:00+00:00,5,STRONG_BULL,1.0,True,58,False,BULL_STRUCTURE,BULL_STRUCTURE,1.0,0.9557081791154166513242895787,0.9557081791154166513242895787
2025-07-30 12:00:00+00:00,5,STRONG_BULL,1.0,True,59,False,BULL_STRUCTURE,BULL_STRUCTURE,1.0,0.9559912208107787660232847129,0.9559912208107787660232847129
2025-07-31 12:00:00+00:00,5,STRONG_BULL,1.0,True,60,False,BULL_STRUCTURE,BULL_STRUCTURE,1.0,0.9548739710368886136390781378,0.9548739710368886136390781378
2025-08-01 12:00:00+00:00,5,STRONG_BULL,0.9999999997726263,True,61,False,BULL_STRUCTURE,BULL_STRUCTURE,1.0,0.9542992700005711304467384794,0.9542992700005711304467384794
2025-08-02 12:00:00+00:00,5,STRONG_BULL,0.9999998664971006,True,62,False,BULL_STRUCTURE,BULL_STRUCTURE,1.0,0.9543280207969280269227652973,0.9543280207969280269227652973
2025-08-03 12:00:00+00:00,5,STRONG_BULL,1.0,True,63,False,BULL_STRUCTURE,BULL_STRUCTURE,1.0,0.9545682605964625622187965583,0.9545682605964625622187965583
2025-08-04 12:00:00+00:00,5,STRONG_BULL,1.0,True,64,False,BULL_STRUCTURE,BULL_STRUCTURE,1.0,0.9546944142763379431226758660,0.9546944142763379431226758660
2025-08-05 12:00:00+00:00,5,STRONG_BULL,0.9999999900182956,True,65,False,BULL_STRUCTURE,BULL_STRUCTURE,1.0,0.9544671289753070608584767721,0.9544671289753070608584767721
2025-08-06 12:00:00+00:00,5,STRONG_BULL,1.0,True,66,False,BULL_STRUCTURE,BULL_STRUCTURE,1.0,0.9553230827905212639085687454,0.9553230827905212639085687454
2025-08-07 12:00:00+00:00,5,STRONG_BULL,1.0,True,67,False,BULL_STRUCTURE,BULL_STRUCTURE,1.0,0.9554589240941486450003834539,0.9554589240941486450003834539
2025-08-08 12:00:00+00:00,5,STRONG_BULL,1.0,True,68,False,BULL_STRUCTURE,BULL_STRUCTURE,1.0,0.9555383288289011403079655505,0.9555383288289011403079655505
2025-08-09 12:00:00+00:00,5,STRONG_BULL,1.0,True,69,False,BULL_STRUCTURE,BULL_STRUCTURE,1.0,0.9559767609591888738884152191,0.9559767609591888738884152191
2025-08-10 12:00:00+00:00,5,STRONG_BULL,1.0,True,70,False,BULL_STRUCTURE,BULL_STRUCTURE,1.0,0.9567561714768727955692645737,0.9567561714768727955692645737
2025-08-11 12:00:00+00:00,5,STRONG_BULL,1.0,True,71,False,BULL_STRUCTURE,BULL_STRUCTURE,1.0,0.9560448138577227442770222971,0.9560448138577227442770222971
2025-08-12 12:00:00+00:00,5,STRONG_BULL,1.0,True,72,False,BULL_STRUCTURE,BULL_STRUCTURE,1.0,0.9567592152317367397526557222,0.9567592152317367397526557222
2025-08-13 12:00:00+00:00,5,STRONG_BULL,1.0,True,73,False,BULL_STRUCTURE,BULL_STRUCTURE,1.0,0.9568889592857525354261842421,0.9568889592857525354261842421
2025-08-14 12:00:00+00:00,5,STRONG_BULL,1.0,True,74,False,BULL_STRUCTURE,BULL_STRUCTURE,1.0,0.9562156791983967787155492046,0.9562156791983967787155492046
2025-08-15 12:00:00+00:00,3,NEUTRAL,1.0,True,1,False,BULL_STRUCTURE,BULL_STRUCTURE,1.0,0.9556355287873517163962959035,0.9556355287873517163962959035
2025-08-16 12:00:00+00:00,3,NEUTRAL,1.0,True,2,False,BULL_STRUCTURE,BULL_STRUCTURE,1.0,0.9559687322987524788113002018,0.9559687322987524788113002018
2025-08-17 12:00:00+00:00,3,NEUTRAL,1.0,True,3,False,BULL_STRUCTURE,BULL_STRUCTURE,1.0,0.9547396459349279781319544367,0.9547396459349279781319544367
2025-08-18 12:00:00+00:00,3,NEUTRAL,1.0,True,4,False,BULL_STRUCTURE,BULL_STRUCTURE,1.0,0.9549497270786707738977931845,0.9549497270786707738977931845
2025-08-19 12:00:00+00:00,3,NEUTRAL,1.0,True,5,False,BULL_STRUCTURE,BULL_STRUCTURE,1.0,0.9542530612452223076759816756,0.9542530612452223076759816756
2025-08-20 12:00:00+00:00,3,NEUTRAL,1.0,True,6,False,BULL_STRUCTURE,BULL_STRUCTURE,1.0,0.9540532445540633827779758647,0.9540532445540633827779758647
2025-08-21 12:00:00+00:00,3,NEUTRAL,1.0,True,7,False,BULL_STRUCTURE,BULL_STRUCTURE,1.0,0.9537299491354209304748573534,0.9537299491354209304748573534
2025-08-22 12:00:00+00:00,3,NEUTRAL,1.0,True,8,False,BULL_STRUCTURE,BULL_STRUCTURE,1.0,0.9548756451488002541155058509,0.9548756451488002541155058509
2025-08-23 12:00:00+00:00,3,NEUTRAL,1.0,True,9,False,BULL_STRUCTURE,BULL_STRUCTURE,1.0,0.9546579034787336866261103330,0.9546579034787336866261103330
2025-08-24 12:00:00+00:00,3,NEUTRAL,1.0,True,10,False,BULL_STRUCTURE,BULL_STRUCTURE,1.0,0.9532916843250810444614740404,0.9532916843250810444614740404
2025-08-25 12:00:00+00:00,3,NEUTRAL,1.0,True,11,False,BULL_STRUCTURE,BULL_STRUCTURE,1.0,0.9527495957729731962976645262,0.9527495957729731962976645262
2025-08-26 12:00:00+00:00,3,NEUTRAL,1.0,True,12,False,BULL_STRUCTURE,BULL_STRUCTURE,1.0,0.9533345241537338239219057121,0.9533345241537338239219057121
2025-08-27 12:00:00+00:00,3,NEUTRAL,0.9999999999254214,True,13,False,BULL_STRUCTURE,BULL_STRUCTURE,1.0,0.9539602783418387692899217227,0.9539602783418387692899217227
2025-08-28 12:00:00+00:00,3,NEUTRAL,0.7010194527044733,True,14,False,BULL_STRUCTURE,BULL_STRUCTURE,1.0,0.9528404955955373029802014531,0.9528404955955373029802014531
2025-08-29 12:00:00+00:00,3,NEUTRAL,7.144610728072843e-18,False,14,False,BULL_STRUCTURE,BULL_STRUCTURE,1.0,0.475,0.475
2025-08-30 12:00:00+00:00,3,NEUTRAL,3.69239698387968e-48,False,14,False,BULL_STRUCTURE,BULL_STRUCTURE,1.0,0.4746279785964969853114649282,0.4746279785964969853114649282
2025-08-31 12:00:00+00:00,4,CRASH,1.0,True,3,False,BULL_STRUCTURE,BULL_STRUCTURE,1.0,0.4755308173544375969408115488,0.4755308173544375969408115488
2025-09-01 12:00:00+00:00,4,CRASH,1.0,True,4,False,BULL_STRUCTURE,BULL_STRUCTURE,1.0,0.4777008749337705618417775281,0.4777008749337705618417775281
2025-09-02 12:00:00+00:00,4,CRASH,1.0,True,5,False,BULL_STRUCTURE,BULL_STRUCTURE,1.0,0.4815477261697626068954806249,0.4815477261697626068954806249
2025-09-03 12:00:00+00:00,4,CRASH,1.0,True,6,False,BULL_STRUCTURE,BULL_STRUCTURE,1.0,0.4801374765477324023382749423,0.4801374765477324023382749423
2025-09-04 12:00:00+00:00,4,CRASH,0.9999999999595275,True,7,False,BULL_STRUCTURE,BULL_STRUCTURE,1.0,0.4835923062978509077586024178,0.4835923062978509077586024178
2025-09-05 12:00:00+00:00,4,CRASH,0.9999999600254349,True,8,False,BULL_STRUCTURE,BULL_STRUCTURE,1.0,0.4800721893421882211710223480,0.4800721893421882211710223480
2025-09-06 12:00:00+00:00,4,CRASH,0.9999999935218966,True,9,False,BULL_STRUCTURE,BULL_STRUCTURE,1.0,0.4812212362449358593354556119,0.4812212362449358593354556119
2025-09-07 12:00:00+00:00,4,CRASH,0.9999190710469225,True,10,False,BULL_STRUCTURE,BULL_STRUCTURE,1.0,0.4829211312999413719072583574,0.4829211312999413719072583574
2025-09-08 12:00:00+00:00,4,CRASH,0.9352290393246284,True,11,False,BULL_STRUCTURE,BULL_STRUCTURE,1.0,0.4837691515082486690023767314,0.4837691515082486690023767314
2025-09-09 12:00:00+00:00,4,CRASH,0.9653469903931134,True,12,False,BULL_STRUCTURE,BULL_STRUCTURE,1.0,0.4834722296107812388139923728,0.4834722296107812388139923728
2025-09-10 12:00:00+00:00,4,CRASH,0.9867507309398027,True,13,False,BULL_STRUCTURE,BULL_STRUCTURE,1.0,0.4872251337153560649884978694,0.4872251337153560649884978694
2025-09-11 12:00:00+00:00,4,CRASH,0.6861637431740766,True,14,False,BULL_STRUCTURE,BULL_STRUCTURE,1.0,0.4892192428929963760068958067,0.4892192428929963760068958067
2025-09-12 12:00:00+00:00,4,CRASH,0.0013381521253773257,False,14,False,BULL_STRUCTURE,BULL_STRUCTURE,1.0,0.4915153213832720154181644571,0.4915153213832720154181644571
2025-09-13 12:00:00+00:00,4,CRASH,1.5404553341505026e-05,False,14,False,BULL_STRUCTURE,BULL_STRUCTURE,1.0,0.4911288459879428443574387789,0.4911288459879428443574387789
2025-09-14 12:00:00+00:00,3,NEUTRAL,0.9998407784092909,True,3,False,BULL_STRUCTURE,BULL_STRUCTURE,1.0,0.95,0.95
2025-09-15 12:00:00+00:00,3,NEUTRAL,0.999959102613088,True,4,False,BULL_STRUCTURE,BULL_STRUCTURE,1.0,0.9506555349286613848512083716,0.9506555349286613848512083716
2025-09-16 12:00:00+00:00,3,NEUTRAL,0.9999999983115231,True,5,False,BULL_STRUCTURE,BULL_STRUCTURE,1.0,0.9510472075533422997920950052,0.9510472075533422997920950052
2025-09-17 12:00:00+00:00,3,NEUTRAL,1.0,True,6,False,BULL_STRUCTURE,BULL_STRUCTURE,1.0,0.9513675733931544680187998158,0.9513675733931544680187998158
2025-09-18 12:00:00+00:00,3,NEUTRAL,1.0,True,7,False,BULL_STRUCTURE,BULL_STRUCTURE,1.0,0.9511018449653200699287641442,0.9511018449653200699287641442
2025-09-19 12:00:00+00:00,3,NEUTRAL,1.0,True,8,False,BULL_STRUCTURE,BULL_STRUCTURE,1.0,0.9509009775530319197112952109,0.9509009775530319197112952109
2025-09-20 12:00:00+00:00,3,NEUTRAL,0.9999999999995453,True,9,False,BULL_STRUCTURE,BULL_STRUCTURE,1.0,0.9507836245255488481950165120,0.9507836245255488481950165120
2025-09-21 12:00:00+00:00,3,NEUTRAL,0.9999999690662666,True,10,False,BULL_STRUCTURE,BULL_STRUCTURE,1.0,0.9496546807496914773739470846,0.9496546807496914773739470846
2025-09-22 12:00:00+00:00,3,NEUTRAL,0.9585252580670851,True,11,False,BULL_STRUCTURE,BULL_STRUCTURE,1.0,0.9496965871872006454473764270,0.9496965871872006454473764270
2025-09-23 12:00:00+00:00,3,NEUTRAL,1.9752822618086516e-07,False,11,False,BULL_STRUCTURE,BULL_STRUCTURE,1.0,0.475,0.475
2025-09-24 12:00:00+00:00,3,NEUTRAL,6.633058085023072e-16,False,11,False,BULL_STRUCTURE,BULL_STRUCTURE,1.0,0.4715547781768807649673188330,0.4715547781768807649673188330
2025-09-25 12:00:00+00:00,4,CRASH,1.0,True,3,False,BULL_STRUCTURE,BULL_STRUCTURE,1.0,0.4665519272267368295061168769,0.4665519272267368295061168769
2025-09-26 12:00:00+00:00,4,CRASH,1.0,True,4,False,BULL_STRUCTURE,BULL_STRUCTURE,1.0,0.4669546138652790350648052134,0.4669546138652790350648052134
2025-09-27 12:00:00+00:00,4,CRASH,1.0,True,5,False,BULL_STRUCTURE,BULL_STRUCTURE,1.0,0.4670884952568439720013223804,0.4670884952568439720013223804
2025-09-28 12:00:00+00:00,4,CRASH,1.0,True,6,False,BULL_STRUCTURE,BULL_STRUCTURE,1.0,0.4732323713424190332175583525,0.4732323713424190332175583525
2025-09-29 12:00:00+00:00,4,CRASH,0.999999999998181,True,7,False,BULL_STRUCTURE,BULL_STRUCTURE,1.0,0.4753475567952406494367817280,0.4753475567952406494367817280
2025-09-30 12:00:00+00:00,4,CRASH,1.0,True,8,False,BULL_STRUCTURE,BULL_STRUCTURE,1.0,0.4834584249153239789326154722,0.4834584249153239789326154722
2025-10-01 12:00:00+00:00,4,CRASH,1.0,True,9,False,BULL_STRUCTURE,BULL_STRUCTURE,1.0,0.4876496595280816702391670246,0.4876496595280816702391670246
2025-10-02 12:00:00+00:00,4,CRASH,1.0,True,10,False,BULL_STRUCTURE,BULL_STRUCTURE,1.0,0.4909287592272209701440091123,0.4909287592272209701440091123
2025-10-03 12:00:00+00:00,4,CRASH,1.0,True,11,False,BULL_STRUCTURE,BULL_STRUCTURE,1.0,0.4943096283276370976385338124,0.4943096283276370976385338124
2025-10-04 12:00:00+00:00,4,CRASH,1.0,True,12,False,BULL_STRUCTURE,BULL_STRUCTURE,1.0,0.4973476472382538736675919762,0.4973476472382538736675919762
2025-10-05 12:00:00+00:00,4,CRASH,0.999999999917236,True,13,False,BULL_STRUCTURE,BULL_STRUCTURE,1.0,0.4988624082896094705935975393,0.4988624082896094705935975393
2025-10-06 12:00:00+00:00,4,CRASH,3.3222476622553894e-12,False,13,False,BULL_STRUCTURE,BULL_STRUCTURE,1.0,0.4993417199052494527178049535,0.4993417199052494527178049535
2025-10-07 12:00:00+00:00,4,CRASH,1.3474233573489039e-24,False,13,False,BULL_STRUCTURE,BULL_STRUCTURE,1.0,0.4961694875396729504849165425,0.4961694875396729504849165425
2025-10-08 12:00:00+00:00,3,NEUTRAL,1.0,True,3,False,BULL_STRUCTURE,BULL_STRUCTURE,1.0,0.95,0.95
2025-10-09 12:00:00+00:00,3,NEUTRAL,1.0,True,4,False,BULL_STRUCTURE,BULL_STRUCTURE,1.0,0.9500974928141515733629724727,0.9500974928141515733629724727
2025-10-10 12:00:00+00:00,3,NEUTRAL,7.738413942218168e-08,False,4,False,BULL_STRUCTURE,BULL_STRUCTURE,1.0,0.475,0.475
2025-10-11 12:00:00+00:00,3,NEUTRAL,3.0714749298749196e-48,False,4,False,BULL_STRUCTURE,BULL_STRUCTURE,1.0,0.4743268015503867592150652488,0.4743268015503867592150652488
2025-10-12 12:00:00+00:00,4,CRASH,1.0,True,3,False,BULL_STRUCTURE,BULL_STRUCTURE,1.0,0.4794737776807969577964725133,0.4794737776807969577964725133
2025-10-13 12:00:00+00:00,4,CRASH,1.0,True,4,False,BULL_STRUCTURE,BULL_STRUCTURE,1.0,0.4731328151229206607760458301,0.4731328151229206607760458301
2025-10-14 12:00:00+00:00,4,CRASH,1.0,True,5,False,BULL_STRUCTURE,BULL_STRUCTURE,1.0,0.4744546640176637110262792617,0.4744546640176637110262792617
2025-10-15 12:00:00+00:00,4,CRASH,1.0,True,6,False,BULL_STRUCTURE,BULL_STRUCTURE,1.0,0.4733359412630707780189804309,0.4733359412630707780189804309
2025-10-16 12:00:00+00:00,4,CRASH,1.0,True,7,False,BULL_STRUCTURE,BULL_STRUCTURE,1.0,0.4602151963358796213528915041,0.4602151963358796213528915041
2025-10-17 12:00:00+00:00,4,CRASH,1.0,True,8,False,BULL_STRUCTURE,BULL_STRUCTURE,1.0,0.4637758920921494986799019217,0.4637758920921494986799019217
2025-10-18 12:00:00+00:00,4,CRASH,1.0,True,9,False,BULL_STRUCTURE,BULL_STRUCTURE,1.0,0.4651060887255033494980292102,0.4651060887255033494980292102
2025-10-19 12:00:00+00:00,4,CRASH,1.0,True,10,False,BULL_STRUCTURE,BULL_STRUCTURE,1.0,0.4724663519342459248900084646,0.4724663519342459248900084646
2025-10-20 12:00:00+00:00,4,CRASH,1.0,True,11,False,BULL_STRUCTURE,BULL_STRUCTURE,1.0,0.4669383394464780269482495536,0.4669383394464780269482495536
2025-10-21 12:00:00+00:00,4,CRASH,1.0,True,12,False,BULL_STRUCTURE,BULL_STRUCTURE,1.0,0.4645783366745110522325956086,0.4645783366745110522325956086
2025-10-22 12:00:00+00:00,4,CRASH,1.0,True,13,False,BULL_STRUCTURE,BULL_STRUCTURE,1.0,0.4684786664346533037047457875,0.4684786664346533037047457875
2025-10-23 12:00:00+00:00,4,CRASH,1.0,True,14,False,BULL_STRUCTURE,BULL_STRUCTURE,1.0,0.4725775499376052544449224802,0.4725775499376052544449224802
2025-10-24 12:00:00+00:00,4,CRASH,0.9999999690003283,True,15,False,BULL_STRUCTURE,BULL_STRUCTURE,1.0,0.4736916946114057923763544031,0.4736916946114057923763544031
2025-10-25 12:00:00+00:00,4,CRASH,0.9999999997276063,True,16,False,BULL_STRUCTURE,BULL_STRUCTURE,1.0,0.4775124753564907892190287367,0.4775124753564907892190287367
2025-10-26 12:00:00+00:00,4,CRASH,1.0,True,17,False,BULL_STRUCTURE,BULL_STRUCTURE,1.0,0.4820447175170763472872883439,0.4820447175170763472872883439
2025-10-27 12:00:00+00:00,4,CRASH,0.9999999982996997,True,18,False,BULL_STRUCTURE,BULL_STRUCTURE,1.0,0.4798619764606041387416038207,0.4798619764606041387416038207
2025-10-28 12:00:00+00:00,4,CRASH,0.9999926354460668,True,19,False,BULL_STRUCTURE,BULL_STRUCTURE,1.0,0.4771736903388918568246362248,0.4771736903388918568246362248
2025-10-29 12:00:00+00:00,4,CRASH,0.9999999985930117,True,20,False,BULL_STRUCTURE,BULL_STRUCTURE,1.0,0.4695327317690984995641675847,0.4695327317690984995641675847
2025-10-30 12:00:00+00:00,4,CRASH,0.9999998870712324,True,21,False,BULL_STRUCTURE,BULL_STRUCTURE,1.0,0.4711132806917647840038720592,0.4711132806917647840038720592
2025-10-31 12:00:00+00:00,4,CRASH,0.9999993292292377,True,22,False,BULL_STRUCTURE,BULL_STRUCTURE,1.0,0.4704851513903415260573650806,0.4704851513903415260573650806
2025-11-01 12:00:00+00:00,4,CRASH,0.9999988300899099,True,23,False,BULL_STRUCTURE,BULL_STRUCTURE,1.0,0.4728706956652708373229967068,0.4728706956652708373229967068
2025-11-02 12:00:00+00:00,4,CRASH,0.999999999994543,True,24,False,BULL_STRUCTURE,BULL_STRUCTURE,1.0,0.4651152058358487773780490804,0.4651152058358487773780490804
2025-11-03 12:00:00+00:00,4,CRASH,1.0,True,25,False,TRANSITION,BULL_STRUCTURE,0.6,0.4576195904928970432709200149,0.4576195904928970432709200149
2025-11-04 12:00:00+00:00,4,CRASH,1.0,True,26,False,TRANSITION,BULL_STRUCTURE,0.6,0.4515865605859237098811116170,0.4515865605859237098811116170
2025-11-05 12:00:00+00:00,4,CRASH,1.0,True,27,False,TRANSITION,BULL_STRUCTURE,0.6,0.4543794460040366623073471069,0.4543794460040366623073471069
2025-11-06 12:00:00+00:00,4,CRASH,1.0,True,28,False,TRANSITION,BULL_STRUCTURE,0.6,0.4475322190061405414990021224,0.4475322190061405414990021224
2025-11-07 12:00:00+00:00,4,CRASH,1.0,True,29,False,TRANSITION,TRANSITION,0.6,0.4510680268147417919841759147,0.4510680268147417919841759147
2025-11-08 12:00:00+00:00,4,CRASH,1.0,True,30,False,TRANSITION,TRANSITION,0.6,0.4519958180542832390754724877,0.4519958180542832390754724877
2025-11-09 12:00:00+00:00,4,CRASH,1.0,True,31,False,TRANSITION,TRANSITION,0.6,0.4613710308106132090336608152,0.4613710308106132090336608152
2025-11-10 12:00:00+00:00,4,CRASH,1.0,True,32,False,TRANSITION,TRANSITION,0.6,0.4593397893277429237345372538,0.4593397893277429237345372538
2025-11-11 12:00:00+00:00,4,CRASH,1.0,True,33,False,TRANSITION,TRANSITION,0.6,0.4586525148949265730530540973,0.4586525148949265730530540973
2025-11-12 12:00:00+00:00,4,CRASH,1.0,True,34,False,TRANSITION,TRANSITION,0.6,0.4536794705379336628496156603,0.4536794705379336628496156603
2025-11-13 12:00:00+00:00,4,CRASH,1.0,True,35,False,TRANSITION,TRANSITION,0.6,0.4368794636637213588152530618,0.4368794636637213588152530618
2025-11-14 12:00:00+00:00,4,CRASH,1.0,True,36,False,TRANSITION,TRANSITION,0.6,0.4356730712816589971442237811,0.4356730712816589971442237811
2025-11-15 12:00:00+00:00,4,CRASH,1.0,True,37,False,TRANSITION,TRANSITION,0.6,0.4354938400817567118446428775,0.4354938400817567118446428775
2025-11-16 12:00:00+00:00,4,CRASH,1.0,True,38,False,TRANSITION,TRANSITION,0.6,0.4353350480560377312176912035,0.4353350480560377312176912035
2025-11-17 12:00:00+00:00,4,CRASH,1.0,True,39,False,TRANSITION,TRANSITION,0.6,0.4247281234913409453469545888,0.4247281234913409453469545888
2025-11-18 12:00:00+00:00,4,CRASH,1.0,True,40,False,TRANSITION,TRANSITION,0.6,0.4244407096413707618347474561,0.4244407096413707618347474561
2025-11-19 12:00:00+00:00,4,CRASH,1.0,True,41,False,TRANSITION,TRANSITION,0.6,0.4258370983139197445067575062,0.4258370983139197445067575062
2025-11-20 12:00:00+00:00,4,CRASH,1.0,True,42,False,TRANSITION,TRANSITION,0.6,0.3990467098095617758225846645,0.3990467098095617758225846645
2025-11-21 12:00:00+00:00,4,CRASH,1.0,True,43,False,TRANSITION,TRANSITION,0.6,0.4042149281320460569761499365,0.4042149281320460569761499365
2025-11-22 12:00:00+00:00,4,CRASH,1.0,True,44,False,TRANSITION,TRANSITION,0.6,0.4105395827612722492794986050,0.4105395827612722492794986050
2025-11-23 12:00:00+00:00,4,CRASH,1.0,True,45,False,TRANSITION,TRANSITION,0.6,0.4103529481006674216324024470,0.4103529481006674216324024470
2025-11-24 12:00:00+00:00,4,CRASH,1.0,True,46,False,TRANSITION,TRANSITION,0.6,0.4134139159302056723428370979,0.4134139159302056723428370979
2025-11-25 12:00:00+00:00,4,CRASH,1.0,True,47,False,TRANSITION,TRANSITION,0.6,0.4126748323080653770146306317,0.4126748323080653770146306317
2025-11-26 12:00:00+00:00,4,CRASH,1.0,True,48,False,TRANSITION,TRANSITION,0.6,0.4243382290139174090718691217,0.4243382290139174090718691217
2025-11-27 12:00:00+00:00,4,CRASH,1.0,True,49,False,TRANSITION,TRANSITION,0.6,0.4245139793571272208209401419,0.4245139793571272208209401419
2025-11-28 12:00:00+00:00,4,CRASH,1.0,True,50,False,TRANSITION,TRANSITION,0.6,0.4224642574640424753288753237,0.4224642574640424753288753237
2025-11-29 12:00:00+00:00,4,CRASH,1.0,True,51,False,TRANSITION,TRANSITION,0.6,0.4234731493649554655346056910,0.4234731493649554655346056910
2025-11-30 12:00:00+00:00,4,CRASH,1.0,True,52,False,TRANSITION,TRANSITION,0.6,0.4100286081793559667410598887,0.4100286081793559667410598887
2025-12-01 12:00:00+00:00,4,CRASH,1.0,True,53,False,BEAR_STRUCTURE,TRANSITION,0.3,0.4134339291132723284667596979,0.3
2025-12-02 12:00:00+00:00,4,CRASH,1.0,True,54,False,BEAR_STRUCTURE,TRANSITION,0.3,0.3133305879491849746577995752,0.3
2025-12-03 12:00:00+00:00,4,CRASH,0.998944900802475,True,55,False,BEAR_STRUCTURE,TRANSITION,0.3,0.2998688810593568809841268195,0.2998688810593568809841268195
2025-12-04 12:00:00+00:00,4,CRASH,0.6136257067795102,True,56,False,BEAR_STRUCTURE,TRANSITION,0.3,0.2962432403688343877646023743,0.2962432403688343877646023743
2025-12-05 12:00:00+00:00,4,CRASH,0.9999999702477003,True,57,False,BEAR_STRUCTURE,BEAR_STRUCTURE,0.3,0.2922954744639538886545248087,0.2922954744639538886545248087
2025-12-06 12:00:00+00:00,4,CRASH,0.9999586932290606,True,58,False,BEAR_STRUCTURE,BEAR_STRUCTURE,0.3,0.2911810903322093787602846955,0.2911810903322093787602846955
2025-12-07 12:00:00+00:00,4,CRASH,0.9999956016105311,True,59,False,BEAR_STRUCTURE,BEAR_STRUCTURE,0.3,0.2976482341034818768514419035,0.2976482341034818768514419035
2025-12-08 12:00:00+00:00,4,CRASH,0.9999999874071365,True,60,False,BEAR_STRUCTURE,BEAR_STRUCTURE,0.3,0.2940296761721537070630383214,0.2940296761721537070630383214
2025-12-09 12:00:00+00:00,4,CRASH,0.999999998975909,True,61,False,BEAR_STRUCTURE,BEAR_STRUCTURE,0.3,0.2979939398188754838862315180,0.2979939398188754838862315180
2025-12-10 12:00:00+00:00,4,CRASH,0.9999987269774382,True,62,False,BEAR_STRUCTURE,BEAR_STRUCTURE,0.3,0.2937029499777953647732244954,0.2937029499777953647732244954
2025-12-11 12:00:00+00:00,4,CRASH,2.4944135063638978e-05,False,62,False,BEAR_STRUCTURE,BEAR_STRUCTURE,0.3,0.2986694180265525246800404156,0.2986694180265525246800404156
2025-12-12 12:00:00+00:00,4,CRASH,1.0,True,63,False,BEAR_STRUCTURE,BEAR_STRUCTURE,0.3,0.2939052020338687554281744693,0.2939052020338687554281744693
2025-12-13 12:00:00+00:00,4,CRASH,1.0,True,64,False,BEAR_STRUCTURE,BEAR_STRUCTURE,0.3,0.2916688366206630802191615066,0.2916688366206630802191615066
2025-12-14 12:00:00+00:00,4,CRASH,1.0,True,65,False,BEAR_STRUCTURE,BEAR_STRUCTURE,0.3,0.2923185525773584655661900014,0.2923185525773584655661900014
2025-12-15 12:00:00+00:00,4,CRASH,1.0,True,66,False,BEAR_STRUCTURE,BEAR_STRUCTURE,0.3,0.2867835783962347803112993527,0.2867835783962347803112993527
2025-12-16 12:00:00+00:00,4,CRASH,1.0,True,67,False,BEAR_STRUCTURE,BEAR_STRUCTURE,0.3,0.2861309109584987679532739558,0.2861309109584987679532739558
2025-12-17 12:00:00+00:00,4,CRASH,1.0,True,68,False,BEAR_STRUCTURE,BEAR_STRUCTURE,0.3,0.2868756613288372734893595704,0.2868756613288372734893595704
2025-12-18 12:00:00+00:00,4,CRASH,1.0,True,69,False,BEAR_STRUCTURE,BEAR_STRUCTURE,0.3,0.2889737238259926445226584599,0.2889737238259926445226584599
2025-12-19 12:00:00+00:00,4,CRASH,1.0,True,70,False,BEAR_STRUCTURE,BEAR_STRUCTURE,0.3,0.2891576216631469321235721364,0.2891576216631469321235721364
2025-12-20 12:00:00+00:00,4,CRASH,0.9999998251532969,True,71,False,BEAR_STRUCTURE,BEAR_STRUCTURE,0.3,0.2899110135935085836652108139,0.2899110135935085836652108139
2025-12-21 12:00:00+00:00,4,CRASH,0.9999999999763531,True,72,False,BEAR_STRUCTURE,BEAR_STRUCTURE,0.3,0.2930197550351613255491700497,0.2930197550351613255491700497
2025-12-22 12:00:00+00:00,4,CRASH,1.0,True,73,False,BEAR_STRUCTURE,BEAR_STRUCTURE,0.3,0.2881759892820465427976665808,0.2881759892820465427976665808
2025-12-23 12:00:00+00:00,4,CRASH,1.0,True,74,False,BEAR_STRUCTURE,BEAR_STRUCTURE,0.3,0.2866487508446906056097286832,0.2866487508446906056097286832
2025-12-24 12:00:00+00:00,4,CRASH,1.0,True,75,False,BEAR_STRUCTURE,BEAR_STRUCTURE,0.3,0.2873877885049451285064053463,0.2873877885049451285064053463
2025-12-25 12:00:00+00:00,4,CRASH,0.9999999988795025,True,76,False,BEAR_STRUCTURE,BEAR_STRUCTURE,0.3,0.2897526341587659003560246074,0.2897526341587659003560246074
2025-12-26 12:00:00+00:00,4,CRASH,0.9999999997671694,True,77,False,BEAR_STRUCTURE,BEAR_STRUCTURE,0.3,0.2872860773127201737247125067,0.2872860773127201737247125067
2025-12-27 12:00:00+00:00,4,CRASH,0.9999999999990905,True,78,False,BEAR_STRUCTURE,BEAR_STRUCTURE,0.3,0.2882380904163212160097633396,0.2882380904163212160097633396
2025-12-28 12:00:00+00:00,4,CRASH,0.9999999992105586,True,79,False,BEAR_STRUCTURE,BEAR_STRUCTURE,0.3,0.2875006057488437094962601878,0.2875006057488437094962601878
2025-12-29 12:00:00+00:00,4,CRASH,0.9999999999990905,True,80,False,BEAR_STRUCTURE,BEAR_STRUCTURE,0.3,0.2882862696957073237188792894,0.2882862696957073237188792894
2025-12-30 12:00:00+00:00,4,CRASH,0.9999999699375626,True,81,False,BEAR_STRUCTURE,BEAR_STRUCTURE,0.3,0.2908622419701943215975364697,0.2908622419701943215975364697
2025-12-31 12:00:00+00:00,4,CRASH,1.0,True,82,False,BEAR_STRUCTURE,BEAR_STRUCTURE,0.3,0.2885680018384455809049499698,0.2885680018384455809049499698
2026-01-01 12:00:00+00:00,4,CRASH,0.9999985719988409,True,83,False,BEAR_STRUCTURE,BEAR_STRUCTURE,0.3,0.2919991793784188058792093969,0.2919991793784188058792093969
2026-01-02 12:00:00+00:00,4,CRASH,0.9994919374823342,True,84,False,BEAR_STRUCTURE,BEAR_STRUCTURE,0.3,0.2925756793835656103184898159,0.2925756793835656103184898159
2026-01-03 12:00:00+00:00,4,CRASH,0.9928217956728538,True,85,False,BEAR_STRUCTURE,BEAR_STRUCTURE,0.3,0.2961258467091849180743426543,0.2961258467091849180743426543
2026-01-04 12:00:00+00:00,4,CRASH,1.542573012709042e-12,False,85,False,BEAR_STRUCTURE,BEAR_STRUCTURE,0.3,0.3002886448817005045721955147,0.3
2026-01-05 12:00:00+00:00,4,CRASH,3.0408748690036705e-18,False,85,False,BEAR_STRUCTURE,BEAR_STRUCTURE,0.3,0.3018772135347322064892563190,0.3
2026-01-06 12:00:00+00:00,2,EUPHORIA,0.9999997036639326,True,3,False,BEAR_STRUCTURE,BEAR_STRUCTURE,0.3,0.95,0.3
2026-01-07 12:00:00+00:00,2,EUPHORIA,9.495430267711216e-05,False,3,False,BEAR_STRUCTURE,BEAR_STRUCTURE,0.3,0.2957329511595274654907747410,0.2957329511595274654907747410
2026-01-08 12:00:00+00:00,2,EUPHORIA,4.002022049707315e-08,False,3,False,BEAR_STRUCTURE,BEAR_STRUCTURE,0.3,0.2962780843365426855428629140,0.2962780843365426855428629140
2026-01-09 12:00:00+00:00,4,CRASH,0.9999999484871309,True,3,False,BEAR_STRUCTURE,BEAR_STRUCTURE,0.3,0.2968785424019605297466663824,0.2968785424019605297466663824
2026-01-10 12:00:00+00:00,4,CRASH,0.9999999996907718,True,4,False,BEAR_STRUCTURE,BEAR_STRUCTURE,0.3,0.2969501604571567006502019270,0.2969501604571567006502019270
2026-01-11 12:00:00+00:00,4,CRASH,0.999998329658896,True,5,False,BEAR_STRUCTURE,BEAR_STRUCTURE,0.3,0.2966417055513081412272218798,0.2966417055513081412272218798
2026-01-12 12:00:00+00:00,4,CRASH,0.9975412941443054,True,6,False,BEAR_STRUCTURE,BEAR_STRUCTURE,0.3,0.2998042226606190493823770209,0.2998042226606190493823770209
2026-01-13 12:00:00+00:00,4,CRASH,4.4706547573261133e-07,False,6,False,BEAR_STRUCTURE,BEAR_STRUCTURE,0.3,0.3061179579902035779928812177,0.3
2026-01-14 12:00:00+00:00,4,CRASH,1.0572547410770662e-14,False,6,False,BEAR_STRUCTURE,BEAR_STRUCTURE,0.3,0.3039375424754122039307216944,0.3
2026-01-15 12:00:00+00:00,2,EUPHORIA,0.9999980940065117,True,3,False,BEAR_STRUCTURE,BEAR_STRUCTURE,0.3,0.95,0.3
2026-01-16 12:00:00+00:00,2,EUPHORIA,0.9998137656709082,True,4,False,BEAR_STRUCTURE,BEAR_STRUCTURE,0.3,0.95,0.3
2026-01-17 12:00:00+00:00,2,EUPHORIA,0.9021560093256614,True,5,False,BEAR_STRUCTURE,BEAR_STRUCTURE,0.3,0.95,0.3
2026-01-18 12:00:00+00:00,2,EUPHORIA,3.495248494598582e-07,False,5,False,BEAR_STRUCTURE,BEAR_STRUCTURE,0.3,0.2956086321973267900463323417,0.2956086321973267900463323417
2026-01-19 12:00:00+00:00,2,EUPHORIA,4.031196538032311e-25,False,5,False,BEAR_STRUCTURE,BEAR_STRUCTURE,0.3,0.2911725490679973813628926345,0.2911725490679973813628926345
2026-01-20 12:00:00+00:00,2,EUPHORIA,2.5119824368146023e-39,False,5,False,BEAR_STRUCTURE,BEAR_STRUCTURE,0.3,0.2856337756831310636194904843,0.2856337756831310636194904843
2026-01-21 12:00:00+00:00,4,CRASH,1.0,True,3,False,BEAR_STRUCTURE,BEAR_STRUCTURE,0.3,0.2882697318080968828555774513,0.2882697318080968828555774513
2026-01-22 12:00:00+00:00,4,CRASH,1.0,True,4,False,BEAR_STRUCTURE,BEAR_STRUCTURE,0.3,0.2865804573782743902598824157,0.2865804573782743902598824157
2026-01-23 12:00:00+00:00,4,CRASH,1.0,True,5,False,BEAR_STRUCTURE,BEAR_STRUCTURE,0.3,0.2874798946938875245316771749,0.2874798946938875245316771749
2026-01-24 12:00:00+00:00,4,CRASH,1.0,True,6,False,BEAR_STRUCTURE,BEAR_STRUCTURE,0.3,0.2851282527169238295494045025,0.2851282527169238295494045025
2026-01-25 12:00:00+00:00,4,CRASH,1.0,True,7,False,BEAR_STRUCTURE,BEAR_STRUCTURE,0.3,0.2834786049419446873378755194,0.2834786049419446873378755194
2026-01-26 12:00:00+00:00,4,CRASH,1.0,True,8,False,BEAR_STRUCTURE,BEAR_STRUCTURE,0.3,0.2837969147860621354409514353,0.2837969147860621354409514353
2026-01-27 12:00:00+00:00,4,CRASH,1.0,True,9,False,BEAR_STRUCTURE,BEAR_STRUCTURE,0.3,0.2885860791036446545203586458,0.2885860791036446545203586458
2026-01-28 12:00:00+00:00,4,CRASH,1.0,True,10,False,BEAR_STRUCTURE,BEAR_STRUCTURE,0.3,0.2834589526230078073429827817,0.2834589526230078073429827817
2026-01-29 12:00:00+00:00,4,CRASH,1.0,True,11,False,BEAR_STRUCTURE,BEAR_STRUCTURE,0.3,0.2724363215511907516582766357,0.2724363215511907516582766357
2026-01-30 12:00:00+00:00,4,CRASH,1.0,True,12,False,BEAR_STRUCTURE,BEAR_STRUCTURE,0.3,0.2721230530310236382488365452,0.2721230530310236382488365452
2026-01-31 12:00:00+00:00,4,CRASH,1.0,True,13,False,BEAR_STRUCTURE,BEAR_STRUCTURE,0.3,0.2617751186144140175737635474,0.2617751186144140175737635474
2026-02-01 12:00:00+00:00,4,CRASH,1.0,True,14,False,BEAR_STRUCTURE,BEAR_STRUCTURE,0.3,0.2593533667291613297596715596,0.2593533667291613297596715596
2026-02-02 12:00:00+00:00,4,CRASH,1.0,True,15,False,BEAR_STRUCTURE,BEAR_STRUCTURE,0.3,0.2601418067065451591731469702,0.2601418067065451591731469702
2026-02-03 12:00:00+00:00,4,CRASH,1.0,True,16,False,BEAR_STRUCTURE,BEAR_STRUCTURE,0.3,0.2550231355862650090914970478,0.2550231355862650090914970478
2026-02-04 12:00:00+00:00,4,CRASH,1.0,True,17,False,BEAR_STRUCTURE,BEAR_STRUCTURE,0.3,0.50,0.3
2026-02-05 12:00:00+00:00,4,CRASH,1.0,True,18,False,BEAR_STRUCTURE,BEAR_STRUCTURE,0.3,0.2888298507277919293065633347,0.2888298507277919293065633347
2026-02-06 12:00:00+00:00,4,CRASH,1.0,True,19,False,BEAR_STRUCTURE,BEAR_STRUCTURE,0.3,0.2929409219383615119887905712,0.2929409219383615119887905712
2026-02-07 12:00:00+00:00,4,CRASH,1.0,True,20,False,BEAR_STRUCTURE,BEAR_STRUCTURE,0.3,0.3020470086154263772057630896,0.3
2026-02-08 12:00:00+00:00,4,CRASH,1.0,True,21,False,BEAR_STRUCTURE,BEAR_STRUCTURE,0.3,0.2938157610206575406023085456,0.2938157610206575406023085456
2026-02-09 12:00:00+00:00,4,CRASH,1.0,True,22,False,BEAR_STRUCTURE,BEAR_STRUCTURE,0.3,0.2926286296018045325990254393,0.2926286296018045325990254393
2026-02-10 12:00:00+00:00,4,CRASH,1.0,True,23,False,BEAR_STRUCTURE,BEAR_STRUCTURE,0.3,0.2881240841245146062681782585,0.2881240841245146062681782585
2026-02-11 12:00:00+00:00,4,CRASH,1.0,True,24,False,BEAR_STRUCTURE,BEAR_STRUCTURE,0.3,0.2912395840986004724793178820,0.2912395840986004724793178820
2026-02-12 12:00:00+00:00,4,CRASH,1.0,True,25,False,BEAR_STRUCTURE,BEAR_STRUCTURE,0.3,0.2884860433069590910035066472,0.2884860433069590910035066472
2026-02-13 12:00:00+00:00,2,CRASH,1.0,True,1,False,BEAR_STRUCTURE,BEAR_STRUCTURE,0.3,0.2985311817313485958799016057,0.2985311817313485958799016057
2026-02-14 12:00:00+00:00,2,CRASH,1.0,True,2,False,BEAR_STRUCTURE,BEAR_STRUCTURE,0.3,0.2979053548017996209780912980,0.2979053548017996209780912980
2026-02-15 12:00:00+00:00,2,CRASH,1.0,True,3,False,BEAR_STRUCTURE,BEAR_STRUCTURE,0.3,0.2934667385007103731768457575,0.2934667385007103731768457575
2026-02-16 12:00:00+00:00,2,CRASH,1.0,True,4,False,BEAR_STRUCTURE,BEAR_STRUCTURE,0.3,0.2905675913835983380510004025,0.2905675913835983380510004025
2026-02-17 12:00:00+00:00,2,CRASH,1.0,True,5,False,BEAR_STRUCTURE,BEAR_STRUCTURE,0.3,0.2890915826233111448667183844,0.2890915826233111448667183844
2026-02-18 12:00:00+00:00,2,CRASH,1.0,True,6,False,BEAR_STRUCTURE,BEAR_STRUCTURE,0.3,0.2864161577131852158457498409,0.2864161577131852158457498409
2026-02-19 12:00:00+00:00,2,CRASH,1.0,True,7,False,BEAR_STRUCTURE,BEAR_STRUCTURE,0.3,0.2889349307041234623686245079,0.2889349307041234623686245079
2026-02-20 12:00:00+00:00,2,CRASH,1.0,True,8,False,BEAR_STRUCTURE,BEAR_STRUCTURE,0.3,0.2912894297220338606188229213,0.2912894297220338606188229213
2026-02-21 12:00:00+00:00,2,CRASH,1.0,True,9,False,BEAR_STRUCTURE,BEAR_STRUCTURE,0.3,0.2916758288439755699686650780,0.2916758288439755699686650780
2026-02-22 12:00:00+00:00,2,CRASH,1.0,True,10,False,BEAR_STRUCTURE,BEAR_STRUCTURE,0.3,0.2855274282584363339566055682,0.2855274282584363339566055682
2026-02-23 12:00:00+00:00,2,CRASH,1.0,True,11,False,BEAR_STRUCTURE,BEAR_STRUCTURE,0.3,0.2762253282146095930457532089,0.2762253282146095930457532089
2026-02-24 12:00:00+00:00,2,CRASH,2.5477175845066563e-57,False,11,False,BEAR_STRUCTURE,BEAR_STRUCTURE,0.3,0.2831246523691433952103246006,0.2831246523691433952103246006
2026-02-25 12:00:00+00:00,2,CRASH,1.6287446093257106e-225,False,11,False,BEAR_STRUCTURE,BEAR_STRUCTURE,0.3,0.2911646812023379941111710812,0.2911646812023379941111710812
2026-02-26 12:00:00+00:00,0,WEAK_BEAR,1.0,True,3,False,BEAR_STRUCTURE,BEAR_STRUCTURE,0.3,0.95,0.3
2026-02-27 12:00:00+00:00,0,WEAK_BEAR,1.0,True,4,False,BEAR_STRUCTURE,BEAR_STRUCTURE,0.3,0.95,0.3
2026-02-28 12:00:00+00:00,0,WEAK_BEAR,1.0,True,5,False,BEAR_STRUCTURE,BEAR_STRUCTURE,0.3,0.95,0.3
2026-03-01 12:00:00+00:00,0,WEAK_BEAR,1.0,True,6,False,BEAR_STRUCTURE,BEAR_STRUCTURE,0.3,0.95,0.3
2026-03-02 12:00:00+00:00,0,WEAK_BEAR,1.0,True,7,False,BEAR_STRUCTURE,BEAR_STRUCTURE,0.3,0.95,0.3
2026-03-03 12:00:00+00:00,0,WEAK_BEAR,1.0,True,8,False,BEAR_STRUCTURE,BEAR_STRUCTURE,0.3,0.95,0.3
2026-03-04 12:00:00+00:00,0,WEAK_BEAR,2.2937193139643782e-48,False,8,False,BEAR_STRUCTURE,BEAR_STRUCTURE,0.3,0.3052884148131343158155262522,0.3
2026-03-05 12:00:00+00:00,0,WEAK_BEAR,1.6109474913755657e-28,False,8,False,BEAR_STRUCTURE,BEAR_STRUCTURE,0.3,0.2921274701222410788397278389,0.2921274701222410788397278389
2026-03-06 12:00:00+00:00,0,WEAK_BEAR,0.35274194997217834,False,8,False,BEAR_STRUCTURE,BEAR_STRUCTURE,0.3,0.2855794229281263976330450260,0.2855794229281263976330450260
2026-03-07 12:00:00+00:00,0,WEAK_BEAR,0.9998858589295787,True,9,False,BEAR_STRUCTURE,BEAR_STRUCTURE,0.3,0.95,0.3
2026-03-08 12:00:00+00:00,0,WEAK_BEAR,0.00013036756165000138,False,9,False,BEAR_STRUCTURE,BEAR_STRUCTURE,0.3,0.3007797125643770185019502817,0.3
2026-03-09 12:00:00+00:00,0,WEAK_BEAR,2.0702399405200774e-19,False,9,False,BEAR_STRUCTURE,BEAR_STRUCTURE,0.3,0.3086179816231194493427548767,0.3
2026-03-10 12:00:00+00:00,1,WEAK_BULL,0.9999999999990905,True,3,False,BEAR_STRUCTURE,BEAR_STRUCTURE,0.3,0.95,0.3
2026-03-11 12:00:00+00:00,1,WEAK_BULL,0.9999999999995453,True,4,False,BEAR_STRUCTURE,BEAR_STRUCTURE,0.3,0.95,0.3
2026-03-12 12:00:00+00:00,1,WEAK_BULL,1.0,True,5,False,BEAR_STRUCTURE,BEAR_STRUCTURE,0.3,0.95,0.3
2026-03-13 12:00:00+00:00,1,WEAK_BULL,1.0,True,6,False,BEAR_STRUCTURE,BEAR_STRUCTURE,0.3,0.95,0.3
2026-03-14 12:00:00+00:00,1,WEAK_BULL,1.0,True,7,False,BEAR_STRUCTURE,BEAR_STRUCTURE,0.3,0.95,0.3
2026-03-15 12:00:00+00:00,1,WEAK_BULL,2.2876978504978149e-206,False,7,False,BEAR_STRUCTURE,BEAR_STRUCTURE,0.3,0.3049740229119715032289828280,0.3
2026-03-16 12:00:00+00:00,1,WEAK_BULL,2.2798377389491582e-86,False,7,False,BEAR_STRUCTURE,BEAR_STRUCTURE,0.3,0.3013647279697771390829602307,0.3
2026-03-17 12:00:00+00:00,1,WEAK_BULL,0.9999999974070306,True,8,False,BEAR_STRUCTURE,BEAR_STRUCTURE,0.3,0.95,0.3
2026-03-18 12:00:00+00:00,1,WEAK_BULL,1.0,True,9,False,BEAR_STRUCTURE,BEAR_STRUCTURE,0.3,0.95,0.3
2026-03-19 12:00:00+00:00,1,WEAK_BULL,2.3108386497213624e-28,False,9,False,BEAR_STRUCTURE,BEAR_STRUCTURE,0.3,0.3015783779505558231141584370,0.3
2026-03-20 12:00:00+00:00,1,WEAK_BULL,0.9999999561691776,True,10,False,BEAR_STRUCTURE,BEAR_STRUCTURE,0.3,0.95,0.3
2026-03-21 12:00:00+00:00,1,WEAK_BULL,0.999998495990661,True,11,False,BEAR_STRUCTURE,BEAR_STRUCTURE,0.3,0.95,0.3
2026-03-22 12:00:00+00:00,1,WEAK_BULL,0.9999999981914698,True,12,False,BEAR_STRUCTURE,BEAR_STRUCTURE,0.3,0.95,0.3
2026-03-23 12:00:00+00:00,1,WEAK_BULL,0.9999999989149728,True,13,False,BEAR_STRUCTURE,BEAR_STRUCTURE,0.3,0.95,0.3
2026-03-24 12:00:00+00:00,1,WEAK_BULL,0.9998842855363443,True,14,False,BEAR_STRUCTURE,BEAR_STRUCTURE,0.3,0.95,0.3
2026-03-25 12:00:00+00:00,1,WEAK_BULL,4.76834003656183e-10,False,14,False,BEAR_STRUCTURE,BEAR_STRUCTURE,0.3,0.2928843188232722558582957622,0.2928843188232722558582957622
2026-03-26 12:00:00+00:00,1,WEAK_BULL,2.2026129149862057e-12,False,14,False,BEAR_STRUCTURE,BEAR_STRUCTURE,0.3,0.2851069456573371917445491278,0.2851069456573371917445491278
2026-03-27 12:00:00+00:00,3,STRONG_BEAR,0.9999985449377745,True,3,False,BEAR_STRUCTURE,BEAR_STRUCTURE,0.3,0.2839337587382286770416621919,0.2839337587382286770416621919
2026-03-28 12:00:00+00:00,3,STRONG_BEAR,0.9999990658602471,True,4,False,BEAR_STRUCTURE,BEAR_STRUCTURE,0.3,0.2854535948261264729181439958,0.2854535948261264729181439958
2026-03-29 12:00:00+00:00,3,STRONG_BEAR,3.6372457000329238e-09,False,4,False,BEAR_STRUCTURE,BEAR_STRUCTURE,0.3,0.2880819401231119328793134420,0.2880819401231119328793134420
2026-03-30 12:00:00+00:00,3,STRONG_BEAR,1.4499661206605384e-16,False,4,False,BEAR_STRUCTURE,BEAR_STRUCTURE,0.3,0.2850547206236669404341982440,0.2850547206236669404341982440
2026-03-31 12:00:00+00:00,3,STRONG_BEAR,3.830840846711018e-24,False,4,False,BEAR_STRUCTURE,BEAR_STRUCTURE,0.3,0.2911957226660169042664747744,0.2911957226660169042664747744
2026-04-01 12:00:00+00:00,3,STRONG_BEAR,1.691254229512852e-32,False,4,False,BEAR_STRUCTURE,BEAR_STRUCTURE,0.3,0.2836295430949936083105966007,0.2836295430949936083105966007
2026-04-02 12:00:00+00:00,0,WEAK_BEAR,1.0,True,3,False,BEAR_STRUCTURE,BEAR_STRUCTURE,0.3,0.95,0.3
2026-04-03 12:00:00+00:00,0,WEAK_BEAR,1.0,True,4,False,BEAR_STRUCTURE,BEAR_STRUCTURE,0.3,0.95,0.3
2026-04-04 12:00:00+00:00,0,WEAK_BEAR,1.0,True,5,False,BEAR_STRUCTURE,BEAR_STRUCTURE,0.3,0.95,0.3
2026-04-05 12:00:00+00:00,0,WEAK_BEAR,1.0,True,6,False,BEAR_STRUCTURE,BEAR_STRUCTURE,0.3,0.95,0.3
2026-04-06 12:00:00+00:00,0,WEAK_BEAR,1.0,True,7,False,BEAR_STRUCTURE,BEAR_STRUCTURE,0.3,0.95,0.3
2026-04-07 12:00:00+00:00,0,WEAK_BEAR,1.0,True,8,False,BEAR_STRUCTURE,BEAR_STRUCTURE,0.3,0.95,0.3
2026-04-08 12:00:00+00:00,0,WEAK_BEAR,1.0,True,9,False,BEAR_STRUCTURE,BEAR_STRUCTURE,0.3,0.95,0.3
2026-04-09 12:00:00+00:00,0,WEAK_BEAR,1.0,True,10,False,BEAR_STRUCTURE,BEAR_STRUCTURE,0.3,0.95,0.3
2026-04-10 12:00:00+00:00,0,WEAK_BEAR,8.258553074061934e-12,False,10,False,BEAR_STRUCTURE,BEAR_STRUCTURE,0.3,0.3022590929855695930241891484,0.3
2026-04-11 12:00:00+00:00,0,WEAK_BEAR,1.0,True,11,False,BEAR_STRUCTURE,BEAR_STRUCTURE,0.3,0.95,0.3
2026-04-12 12:00:00+00:00,0,WEAK_BEAR,1.0,True,12,False,BEAR_STRUCTURE,BEAR_STRUCTURE,0.3,0.95,0.3
2026-04-13 12:00:00+00:00,0,WEAK_BEAR,1.0,True,13,False,BEAR_STRUCTURE,BEAR_STRUCTURE,0.3,0.95,0.3
2026-04-14 12:00:00+00:00,0,WEAK_BEAR,2.5695410599304095e-11,False,13,False,BEAR_STRUCTURE,BEAR_STRUCTURE,0.3,0.2995073892656038273044375553,0.2995073892656038273044375553
2026-04-15 12:00:00+00:00,0,WEAK_BEAR,1.4025580914141194e-93,False,13,False,BEAR_STRUCTURE,BEAR_STRUCTURE,0.3,0.3005604753237206629921889534,0.3
2026-04-16 12:00:00+00:00,4,EUPHORIA,1.0,True,3,False,BEAR_STRUCTURE,BEAR_STRUCTURE,0.3,0.95,0.3
2026-04-17 12:00:00+00:00,4,EUPHORIA,1.0,True,4,False,BEAR_STRUCTURE,BEAR_STRUCTURE,0.3,0.95,0.3
2026-04-18 12:00:00+00:00,4,EUPHORIA,1.0,True,5,False,BEAR_STRUCTURE,BEAR_STRUCTURE,0.3,0.95,0.3
2026-04-19 12:00:00+00:00,4,EUPHORIA,1.0,True,6,False,BEAR_STRUCTURE,BEAR_STRUCTURE,0.3,0.95,0.3
2026-04-20 12:00:00+00:00,4,EUPHORIA,1.0,True,7,False,BEAR_STRUCTURE,BEAR_STRUCTURE,0.3,0.95,0.3
2026-04-21 12:00:00+00:00,4,EUPHORIA,1.0,True,8,False,BEAR_STRUCTURE,BEAR_STRUCTURE,0.3,0.95,0.3
2026-04-22 12:00:00+00:00,4,EUPHORIA,1.0,True,9,False,BEAR_STRUCTURE,BEAR_STRUCTURE,0.3,0.95,0.3
2026-04-23 12:00:00+00:00,4,EUPHORIA,1.0,True,10,False,BEAR_STRUCTURE,BEAR_STRUCTURE,0.3,0.95,0.3
2026-04-24 12:00:00+00:00,4,EUPHORIA,1.0,True,11,False,BEAR_STRUCTURE,BEAR_STRUCTURE,0.3,0.95,0.3
2026-04-25 12:00:00+00:00,4,EUPHORIA,1.0,True,12,False,BEAR_STRUCTURE,BEAR_STRUCTURE,0.3,0.95,0.3
2026-04-26 12:00:00+00:00,4,EUPHORIA,1.0,True,13,False,BEAR_STRUCTURE,BEAR_STRUCTURE,0.3,0.95,0.3
2026-04-27 12:00:00+00:00,4,EUPHORIA,1.0,True,14,False,BEAR_STRUCTURE,BEAR_STRUCTURE,0.3,0.95,0.3
2026-04-28 12:00:00+00:00,4,EUPHORIA,1.0,True,15,False,BEAR_STRUCTURE,BEAR_STRUCTURE,0.3,0.95,0.3
2026-04-29 12:00:00+00:00,4,EUPHORIA,1.0,True,16,False,BEAR_STRUCTURE,BEAR_STRUCTURE,0.3,0.95,0.3
2026-04-30 12:00:00+00:00,4,EUPHORIA,1.0,True,17,False,BEAR_STRUCTURE,BEAR_STRUCTURE,0.3,0.95,0.3
2026-05-01 12:00:00+00:00,4,EUPHORIA,1.0,True,18,False,BEAR_STRUCTURE,BEAR_STRUCTURE,0.3,0.95,0.3
2026-05-02 12:00:00+00:00,4,EUPHORIA,1.0,True,19,False,BEAR_STRUCTURE,BEAR_STRUCTURE,0.3,0.95,0.3
2026-05-03 12:00:00+00:00,4,EUPHORIA,1.0,True,20,False,BEAR_STRUCTURE,BEAR_STRUCTURE,0.3,0.95,0.3
2026-05-04 12:00:00+00:00,4,EUPHORIA,1.0,True,21,False,BEAR_STRUCTURE,BEAR_STRUCTURE,0.3,0.95,0.3
2026-05-05 12:00:00+00:00,4,EUPHORIA,1.0,True,22,False,BEAR_STRUCTURE,BEAR_STRUCTURE,0.3,0.95,0.3
2026-05-06 12:00:00+00:00,4,EUPHORIA,1.0,True,23,False,BEAR_STRUCTURE,BEAR_STRUCTURE,0.3,0.95,0.3
2026-05-07 12:00:00+00:00,4,EUPHORIA,1.0,True,24,False,BEAR_STRUCTURE,BEAR_STRUCTURE,0.3,0.95,0.3
2026-05-08 12:00:00+00:00,4,EUPHORIA,1.0,True,25,False,BEAR_STRUCTURE,BEAR_STRUCTURE,0.3,0.95,0.3
2026-05-09 12:00:00+00:00,4,EUPHORIA,1.0,True,26,False,BEAR_STRUCTURE,BEAR_STRUCTURE,0.3,0.95,0.3
2026-05-10 12:00:00+00:00,4,EUPHORIA,1.0,True,27,False,BEAR_STRUCTURE,BEAR_STRUCTURE,0.3,0.95,0.3
2026-05-11 12:00:00+00:00,4,EUPHORIA,0.967555252982473,True,28,False,BEAR_STRUCTURE,BEAR_STRUCTURE,0.3,0.95,0.3
2026-05-12 12:00:00+00:00,4,EUPHORIA,0.999997340053496,True,29,False,BEAR_STRUCTURE,BEAR_STRUCTURE,0.3,0.95,0.3
2026-05-13 12:00:00+00:00,4,EUPHORIA,0.0017813437055586529,False,29,False,BEAR_STRUCTURE,BEAR_STRUCTURE,0.3,0.2967427116584881512954853265,0.2967427116584881512954853265
2026-05-14 12:00:00+00:00,4,EUPHORIA,0.9999999584015322,True,30,False,BEAR_STRUCTURE,BEAR_STRUCTURE,0.3,0.95,0.3
2026-05-15 12:00:00+00:00,4,EUPHORIA,9.371525628151258e-10,False,30,False,BEAR_STRUCTURE,BEAR_STRUCTURE,0.3,0.2936311307167197795530248548,0.2936311307167197795530248548
2026-05-16 12:00:00+00:00,4,EUPHORIA,7.680762600483256e-08,False,30,False,BEAR_STRUCTURE,BEAR_STRUCTURE,0.3,0.2945179785835778176131870901,0.2945179785835778176131870901
2026-05-17 12:00:00+00:00,0,WEAK_BEAR,0.9998584189970595,True,3,False,BEAR_STRUCTURE,BEAR_STRUCTURE,0.3,0.95,0.3
2026-05-18 12:00:00+00:00,0,WEAK_BEAR,0.999999999996362,True,4,False,BEAR_STRUCTURE,BEAR_STRUCTURE,0.3,0.95,0.3
2026-05-19 12:00:00+00:00,0,WEAK_BEAR,0.9999874128799107,True,5,False,BEAR_STRUCTURE,BEAR_STRUCTURE,0.3,0.95,0.3
2026-05-20 12:00:00+00:00,0,WEAK_BEAR,1.0,True,6,False,BEAR_STRUCTURE,BEAR_STRUCTURE,0.3,0.95,0.3
2026-05-21 12:00:00+00:00,0,WEAK_BEAR,1.0,True,7,False,BEAR_STRUCTURE,BEAR_STRUCTURE,0.3,0.95,0.3
2026-05-22 12:00:00+00:00,0,WEAK_BEAR,1.0,True,8,False,BEAR_STRUCTURE,BEAR_STRUCTURE,0.3,0.95,0.3
2026-05-23 12:00:00+00:00,0,WEAK_BEAR,1.0,True,9,False,BEAR_STRUCTURE,BEAR_STRUCTURE,0.3,0.95,0.3
2026-05-24 12:00:00+00:00,0,WEAK_BEAR,1.0,True,10,False,BEAR_STRUCTURE,BEAR_STRUCTURE,0.3,0.95,0.3
2026-05-25 12:00:00+00:00,0,WEAK_BEAR,1.0,True,11,False,BEAR_STRUCTURE,BEAR_STRUCTURE,0.3,0.95,0.3
2026-05-26 12:00:00+00:00,0,WEAK_BEAR,1.0,True,12,False,BEAR_STRUCTURE,BEAR_STRUCTURE,0.3,0.95,0.3
2026-05-27 12:00:00+00:00,0,WEAK_BEAR,1.0,True,13,False,BEAR_STRUCTURE,BEAR_STRUCTURE,0.3,0.95,0.3
2026-05-28 12:00:00+00:00,0,WEAK_BEAR,1.0,True,14,False,BEAR_STRUCTURE,BEAR_STRUCTURE,0.3,0.95,0.3
2026-05-29 12:00:00+00:00,0,WEAK_BEAR,1.0,True,15,False,BEAR_STRUCTURE,BEAR_STRUCTURE,0.3,0.95,0.3
2026-05-30 12:00:00+00:00,0,WEAK_BEAR,1.0,True,16,False,BEAR_STRUCTURE,BEAR_STRUCTURE,0.3,0.95,0.3
2026-05-31 12:00:00+00:00,0,WEAK_BEAR,1.0,True,17,False,BEAR_STRUCTURE,BEAR_STRUCTURE,0.3,0.95,0.3
2026-06-01 12:00:00+00:00,0,WEAK_BEAR,1.0,True,18,False,BEAR_STRUCTURE,BEAR_STRUCTURE,0.3,0.95,0.3
2026-06-02 12:00:00+00:00,0,WEAK_BEAR,1.0,True,19,False,BEAR_STRUCTURE,BEAR_STRUCTURE,0.3,0.95,0.3
2026-06-03 12:00:00+00:00,0,WEAK_BEAR,1.0,True,20,False,BEAR_STRUCTURE,BEAR_STRUCTURE,0.3,0.95,0.3
2026-06-04 12:00:00+00:00,0,WEAK_BEAR,1.0,True,21,False,BEAR_STRUCTURE,BEAR_STRUCTURE,0.3,0.95,0.3
2026-06-05 12:00:00+00:00,0,WEAK_BEAR,1.0,True,22,False,BEAR_STRUCTURE,BEAR_STRUCTURE,0.3,0.95,0.3
2026-06-06 12:00:00+00:00,0,WEAK_BEAR,1.0,True,23,False,BEAR_STRUCTURE,BEAR_STRUCTURE,0.3,0.95,0.3
2026-06-07 12:00:00+00:00,0,WEAK_BEAR,1.0,True,24,False,BEAR_STRUCTURE,BEAR_STRUCTURE,0.3,0.95,0.3
2026-06-08 12:00:00+00:00,0,WEAK_BEAR,1.0,True,25,False,BEAR_STRUCTURE,BEAR_STRUCTURE,0.3,0.95,0.3
2026-06-09 12:00:00+00:00,0,WEAK_BEAR,1.0,True,26,False,BEAR_STRUCTURE,BEAR_STRUCTURE,0.3,0.95,0.3
2026-06-10 12:00:00+00:00,0,WEAK_BEAR,1.0,True,27,False,BEAR_STRUCTURE,BEAR_STRUCTURE,0.3,0.95,0.3
2026-06-11 12:00:00+00:00,0,WEAK_BEAR,1.0,True,28,False,BEAR_STRUCTURE,BEAR_STRUCTURE,0.3,0.95,0.3
2026-06-12 12:00:00+00:00,0,WEAK_BEAR,1.0,True,29,False,BEAR_STRUCTURE,BEAR_STRUCTURE,0.3,0.95,0.3
2026-06-13 12:00:00+00:00,0,WEAK_BEAR,1.0,True,30,False,BEAR_STRUCTURE,BEAR_STRUCTURE,0.3,0.95,0.3
2026-06-14 12:00:00+00:00,0,WEAK_BEAR,1.0,True,31,False,BEAR_STRUCTURE,BEAR_STRUCTURE,0.3,0.95,0.3
2026-06-15 12:00:00+00:00,0,WEAK_BEAR,1.0,True,32,False,BEAR_STRUCTURE,BEAR_STRUCTURE,0.3,0.95,0.3
2026-06-16 12:00:00+00:00,0,WEAK_BEAR,1.0,True,33,False,BEAR_STRUCTURE,BEAR_STRUCTURE,0.3,0.95,0.3
2026-06-17 12:00:00+00:00,0,WEAK_BEAR,1.0,True,34,False,BEAR_STRUCTURE,BEAR_STRUCTURE,0.3,0.95,0.3
2026-06-18 12:00:00+00:00,0,WEAK_BEAR,1.0,True,35,False,BEAR_STRUCTURE,BEAR_STRUCTURE,0.3,0.95,0.3
2026-06-19 12:00:00+00:00,0,WEAK_BEAR,1.0,True,36,False,BEAR_STRUCTURE,BEAR_STRUCTURE,0.3,0.95,0.3
2026-06-20 12:00:00+00:00,0,WEAK_BEAR,1.0,True,37,False,BEAR_STRUCTURE,BEAR_STRUCTURE,0.3,0.95,0.3
2026-06-21 12:00:00+00:00,0,WEAK_BEAR,1.0,True,38,False,BEAR_STRUCTURE,BEAR_STRUCTURE,0.3,0.95,0.3
2026-06-22 12:00:00+00:00,0,WEAK_BEAR,1.0,True,39,False,BEAR_STRUCTURE,BEAR_STRUCTURE,0.3,0.95,0.3
2026-06-23 12:00:00+00:00,0,WEAK_BEAR,0.9999999133579005,True,40,False,BEAR_STRUCTURE,BEAR_STRUCTURE,0.3,0.95,0.3
2026-06-24 12:00:00+00:00,0,WEAK_BEAR,1.0,True,41,False,BEAR_STRUCTURE,BEAR_STRUCTURE,0.3,0.95,0.3
2026-06-25 12:00:00+00:00,0,WEAK_BEAR,1.0,True,42,False,BEAR_STRUCTURE,BEAR_STRUCTURE,0.3,0.95,0.3
2026-06-26 12:00:00+00:00,0,WEAK_BEAR,1.0,True,43,False,BEAR_STRUCTURE,BEAR_STRUCTURE,0.3,0.95,0.3
2026-06-27 12:00:00+00:00,0,WEAK_BEAR,1.0,True,44,False,BEAR_STRUCTURE,BEAR_STRUCTURE,0.3,0.95,0.3
2026-06-28 12:00:00+00:00,0,WEAK_BEAR,1.0,True,45,False,BEAR_STRUCTURE,BEAR_STRUCTURE,0.3,0.95,0.3
2026-06-29 12:00:00+00:00,0,WEAK_BEAR,1.0,True,46,False,BEAR_STRUCTURE,BEAR_STRUCTURE,0.3,0.95,0.3
2026-06-30 12:00:00+00:00,0,WEAK_BEAR,0.9999999999763531,True,47,False,BEAR_STRUCTURE,BEAR_STRUCTURE,0.3,0.95,0.3
2026-07-01 12:00:00+00:00,0,WEAK_BEAR,0.9999999999599822,True,48,False,BEAR_STRUCTURE,BEAR_STRUCTURE,0.3,0.95,0.3
2026-07-02 12:00:00+00:00,0,WEAK_BEAR,0.9999999659758038,True,49,False,BEAR_STRUCTURE,BEAR_STRUCTURE,0.3,0.95,0.3
2026-07-03 12:00:00+00:00,0,WEAK_BEAR,0.9999999996798579,True,50,False,BEAR_STRUCTURE,BEAR_STRUCTURE,0.3,0.95,0.3
2026-07-04 12:00:00+00:00,0,WEAK_BEAR,0.999999999992724,True,51,False,BEAR_STRUCTURE,BEAR_STRUCTURE,0.3,0.95,0.3
2026-07-05 12:00:00+00:00,0,WEAK_BEAR,0.999999821804538,True,52,False,BEAR_STRUCTURE,BEAR_STRUCTURE,0.3,0.95,0.3
2026-07-06 12:00:00+00:00,0,WEAK_BEAR,1.0,True,53,False,BEAR_STRUCTURE,BEAR_STRUCTURE,0.3,0.95,0.3
2026-07-07 12:00:00+00:00,0,WEAK_BEAR,0.9999999999654392,True,54,False,BEAR_STRUCTURE,BEAR_STRUCTURE,0.3,0.95,0.3
2026-07-08 12:00:00+00:00,0,WEAK_BEAR,0.9999998977637058,True,55,False,BEAR_STRUCTURE,BEAR_STRUCTURE,0.3,0.95,0.3
2026-07-09 12:00:00+00:00,0,WEAK_BEAR,0.9999999960145942,True,56,False,BEAR_STRUCTURE,BEAR_STRUCTURE,0.3,0.95,0.3
2026-07-10 12:00:00+00:00,0,WEAK_BEAR,0.9999999998053681,True,57,False,BEAR_STRUCTURE,BEAR_STRUCTURE,0.3,0.95,0.3
2026-07-11 12:00:00+00:00,0,WEAK_BEAR,1.0,True,58,False,BEAR_STRUCTURE,BEAR_STRUCTURE,0.3,0.95,0.3
2026-07-12 12:00:00+00:00,0,WEAK_BEAR,0.9999999871215551,True,59,False,BEAR_STRUCTURE,BEAR_STRUCTURE,0.3,0.95,0.3
2026-07-13 12:00:00+00:00,0,WEAK_BEAR,0.9999999999636202,True,60,False,BEAR_STRUCTURE,BEAR_STRUCTURE,0.3,0.95,0.3
2026-07-14 12:00:00+00:00,0,WEAK_BEAR,9.778516914457918e-21,False,60,False,BEAR_STRUCTURE,BEAR_STRUCTURE,0.3,0.3060546217133636705171691813,0.3
2026-07-15 12:00:00+00:00,0,WEAK_BEAR,3.887813299187435e-60,False,60,False,BEAR_STRUCTURE,BEAR_STRUCTURE,0.3,0.2984552991045738456081640279,0.2984552991045738456081640279
2026-07-16 12:00:00+00:00,4,EUPHORIA,1.0,True,3,False,BEAR_STRUCTURE,BEAR_STRUCTURE,0.3,0.60,0.3
2026-07-17 12:00:00+00:00,4,EUPHORIA,1.0,True,4,False,BEAR_STRUCTURE,BEAR_STRUCTURE,0.3,0.60,0.3
2026-07-18 12:00:00+00:00,4,EUPHORIA,1.0,True,5,False,BEAR_STRUCTURE,BEAR_STRUCTURE,0.3,0.60,0.3
2026-07-19 12:00:00+00:00,4,EUPHORIA,1.0,True,6,False,BEAR_STRUCTURE,BEAR_STRUCTURE,0.3,0.95,0.3
2026-07-20 12:00:00+00:00,4,EUPHORIA,1.0,True,7,False,BEAR_STRUCTURE,BEAR_STRUCTURE,0.3,0.95,0.3
2026-07-21 12:00:00+00:00,4,EUPHORIA,1.0,True,8,False,BEAR_STRUCTURE,BEAR_STRUCTURE,0.3,0.95,0.3
2026-07-22 12:00:00+00:00,4,EUPHORIA,1.0,True,9,False,BEAR_STRUCTURE,BEAR_STRUCTURE,0.3,0.95,0.3
2026-07-23 12:00:00+00:00,4,EUPHORIA,1.0,True,10,False,BEAR_STRUCTURE,BEAR_STRUCTURE,0.3,0.95,0.3
2026-07-24 12:00:00+00:00,4,EUPHORIA,0.9526077158629048,True,11,False,BEAR_STRUCTURE,BEAR_STRUCTURE,0.3,0.60,0.3
2026-07-25 12:00:00+00:00,4,EUPHORIA,0.9999998180719724,True,12,False,BEAR_STRUCTURE,BEAR_STRUCTURE,0.3,0.60,0.3
2026-07-26 12:00:00+00:00,4,EUPHORIA,0.999811399420079,True,13,False,BEAR_STRUCTURE,BEAR_STRUCTURE,0.3,0.95,0.3
2026-07-27 12:00:00+00:00,4,EUPHORIA,0.9924156693338914,True,14,False,BEAR_STRUCTURE,BEAR_STRUCTURE,0.3,0.60,0.3
2026-07-28 12:00:00+00:00,4,EUPHORIA,0.9999999998799467,True,15,False,BEAR_STRUCTURE,BEAR_STRUCTURE,0.3,0.60,0.3
2026-07-29 12:00:00+00:00,4,EUPHORIA,0.32199318843160524,False,15,False,BEAR_STRUCTURE,BEAR_STRUCTURE,0.3,0.3009118109983611721116419124,0.3
2026-07-30 12:00:00+00:00,4,EUPHORIA,6.611923824703839e-10,False,15,False,BEAR_STRUCTURE,BEAR_STRUCTURE,0.3,0.2968003986576725701901686260,0.2968003986576725701901686260
2026-07-31 12:00:00+00:00,0,WEAK_BEAR,1.0,True,3,False,BEAR_STRUCTURE,BEAR_STRUCTURE,0.3,0.95,0.3
2026-08-01 12:00:00+00:00,0,WEAK_BEAR,0.999998120927504,True,4,False,BEAR_STRUCTURE,BEAR_STRUCTURE,0.3,0.95,0.3
2026-08-02 12:00:00+00:00,0,WEAK_BEAR,0.9999999998926796,True,5,False,BEAR_STRUCTURE,BEAR_STRUCTURE,0.3,0.95,0.3
2026-08-03 12:00:00+00:00,0,WEAK_BEAR,1.0,True,6,False,BEAR_STRUCTURE,BEAR_STRUCTURE,0.3,0.95,0.3
