timestamp,regime_id,regime_label,regime_probability,is_confirmed,consecutive_bars,is_flickering,trend_gate_raw_state,trend_gate_confirmed_state,trend_gate_cap,strategy_target_allocation_pct,final_allocation_pct
2022-10-22 00:00:00+00:00,0,EUPHORIA,0.9999999999940883,True,1,False,BEAR_STRUCTURE,BEAR_STRUCTURE,0.3,0.95,0.3
2022-10-23 00:00:00+00:00,0,EUPHORIA,0.9999999999995453,True,2,False,BEAR_STRUCTURE,BEAR_STRUCTURE,0.3,0.95,0.3
2022-10-24 00:00:00+00:00,0,EUPHORIA,1.0,True,3,False,BEAR_STRUCTURE,BEAR_STRUCTURE,0.3,0.95,0.3
2022-10-25 00:00:00+00:00,0,EUPHORIA,0.9999999999990905,True,4,False,BEAR_STRUCTURE,BEAR_STRUCTURE,0.3,0.95,0.3
2022-10-26 00:00:00+00:00,0,EUPHORIA,0.9999999995893631,True,5,False,BEAR_STRUCTURE,BEAR_STRUCTURE,0.3,0.95,0.3
2022-10-27 00:00:00+00:00,0,EUPHORIA,0.9985462828386625,True,6,False,BEAR_STRUCTURE,BEAR_STRUCTURE,0.3,0.95,0.3
2022-10-28 00:00:00+00:00,0,EUPHORIA,0.9991909359004899,True,7,False,BEAR_STRUCTURE,BEAR_STRUCTURE,0.3,0.95,0.3
2022-10-29 00:00:00+00:00,0,EUPHORIA,0.9995317388873082,True,8,False,BEAR_STRUCTURE,BEAR_STRUCTURE,0.3,0.95,0.3
2022-10-30 00:00:00+00:00,0,EUPHORIA,0.9975557068207582,True,9,False,BEAR_STRUCTURE,BEAR_STRUCTURE,0.3,0.95,0.3
2022-10-31 00:00:00+00:00,0,EUPHORIA,0.9880504104977452,True,10,False,BEAR_STRUCTURE,BEAR_STRUCTURE,0.3,0.95,0.3
2022-11-01 00:00:00+00:00,0,EUPHORIA,0.8614615143171458,True,11,False,BEAR_STRUCTURE,BEAR_STRUCTURE,0.3,0.95,0.3
2022-11-02 00:00:00+00:00,0,EUPHORIA,0.22256330605433777,False,11,False,BEAR_STRUCTURE,BEAR_STRUCTURE,0.3,0.2965097995694896616865800766,0.2965097995694896616865800766
2022-11-03 00:00:00+00:00,0,EUPHORIA,0.01891104912639993,False,11,False,BEAR_STRUCTURE,BEAR_STRUCTURE,0.3,0.2970887717810958799319431386,0.2970887717810958799319431386
2022-11-04 00:00:00+00:00,1,BEAR,0.9997674872639449,True,3,False,BEAR_STRUCTURE,BEAR_STRUCTURE,0.3,0.95,0.3
2022-11-05 00:00:00+00:00,1,BEAR,0.999997933650636,True,4,False,BEAR_STRUCTURE,BEAR_STRUCTURE,0.3,0.95,0.3
2022-11-06 00:00:00+00:00,1,BEAR,0.999999999312422,True,5,False,BEAR_STRUCTURE,BEAR_STRUCTURE,0.3,0.95,0.3
2022-11-07 00:00:00+00:00,1,BEAR,0.9997997656407658,True,6,False,BEAR_STRUCTURE,BEAR_STRUCTURE,0.3,0.95,0.3
2022-11-08 00:00:00+00:00,1,BEAR,0.9986224397084708,True,7,False,BEAR_STRUCTURE,BEAR_STRUCTURE,0.3,0.60,0.3
2022-11-09 00:00:00+00:00,1,BEAR,2.1542742174059545e-22,False,7,False,BEAR_STRUCTURE,BEAR_STRUCTURE,0.3,0.2689952772004322914401271157,0.2689952772004322914401271157
2022-11-10 00:00:00+00:00,1,BEAR,1.2773055462812542e-25,False,7,False,BEAR_STRUCTURE,BEAR_STRUCTURE,0.3,0.2891502719371785011103479428,0.2891502719371785011103479428
2022-11-11 00:00:00+00:00,3,CRASH,1.0,True,3,False,BEAR_STRUCTURE,BEAR_STRUCTURE,0.3,0.2828967033046874208723675816,0.2828967033046874208723675816
2022-11-12 00:00:00+00:00,3,CRASH,1.0,True,4,False,BEAR_STRUCTURE,BEAR_STRUCTURE,0.3,0.2798146691667592356363116142,0.2798146691667592356363116142
2022-11-13 00:00:00+00:00,3,CRASH,1.0,True,5,False,BEAR_STRUCTURE,BEAR_STRUCTURE,0.3,0.2739876389478189898047385910,0.2739876389478189898047385910
2022-11-14 00:00:00+00:00,3,CRASH,1.0,True,6,False,BEAR_STRUCTURE,BEAR_STRUCTURE,0.3,0.2774983989502788012904084532,0.2774983989502788012904084532
2022-11-15 00:00:00+00:00,3,CRASH,1.0,True,7,False,BEAR_STRUCTURE,BEAR_STRUCTURE,0.3,0.2808737968977358479321583567,0.2808737968977358479321583567
2022-11-16 00:00:00+00:00,3,CRASH,1.0,True,8,False,BEAR_STRUCTURE,BEAR_STRUCTURE,0.3,0.2780203820076902378829382571,0.2780203820076902378829382571
2022-11-17 00:00:00+00:00,3,CRASH,1.0,True,9,False,BEAR_STRUCTURE,BEAR_STRUCTURE,0.3,0.2783791841381740267252950970,0.2783791841381740267252950970
2022-11-18 00:00:00+00:00,3,CRASH,1.0,True,10,False,BEAR_STRUCTURE,BEAR_STRUCTURE,0.3,0.2784741227170418034046342986,0.2784741227170418034046342986
2022-11-19 00:00:00+00:00,3,CRASH,1.0,True,11,False,BEAR_STRUCTURE,BEAR_STRUCTURE,0.3,0.2784768898801107903343116310,0.2784768898801107903343116310
2022-11-20 00:00:00+00:00,3,CRASH,0.9999999999854481,True,12,False,BEAR_STRUCTURE,BEAR_STRUCTURE,0.3,0.2733827003882612415211846746,0.2733827003882612415211846746
2022-11-21 00:00:00+00:00,3,CRASH,0.9998368217338987,True,13,False,BEAR_STRUCTURE,BEAR_STRUCTURE,0.3,0.2672434046890388832651585085,0.2672434046890388832651585085
2022-11-22 00:00:00+00:00,3,CRASH,0.9873120737240582,True,14,False,BEAR_STRUCTURE,BEAR_STRUCTURE,0.3,0.2727318955777736354680331537,0.2727318955777736354680331537
2022-11-23 00:00:00+00:00,3,CRASH,0.9999999977435436,True,15,False,BEAR_STRUCTURE,BEAR_STRUCTURE,0.3,0.2773011027495610519307014590,0.2773011027495610519307014590
2022-11-24 00:00:00+00:00,3,CRASH,1.0,True,16,False,BEAR_STRUCTURE,BEAR_STRUCTURE,0.3,0.2772508866415689027808280900,0.2772508866415689027808280900
2022-11-25 00:00:00+00:00,3,CRASH,1.0,True,17,False,BEAR_STRUCTURE,BEAR_STRUCTURE,0.3,0.2763224437490767411392476955,0.2763224437490767411392476955
2022-11-26 00:00:00+00:00,3,CRASH,1.0,True,18,False,BEAR_STRUCTURE,BEAR_STRUCTURE,0.3,0.2755522337502081131966680775,0.2755522337502081131966680775
2022-11-27 00:00:00+00:00,3,CRASH,1.0,True,19,False,BEAR_STRUCTURE,BEAR_STRUCTURE,0.3,0.2751907356027422452680775035,0.2751907356027422452680775035
2022-11-28 00:00:00+00:00,3,CRASH,1.0,True,20,False,BEAR_STRUCTURE,BEAR_STRUCTURE,0.3,0.2725603601085822061668187120,0.2725603601085822061668187120
2022-11-29 00:00:00+00:00,3,CRASH,0.999869304984077,True,21,False,BEAR_STRUCTURE,BEAR_STRUCTURE,0.3,0.2753576350560215124016367162,0.2753576350560215124016367162
2022-11-30 00:00:00+00:00,3,CRASH,0.9994407633192856,True,22,False,BEAR_STRUCTURE,BEAR_STRUCTURE,0.3,0.2840041383336542810755800101,0.2840041383336542810755800101
2022-12-01 00:00:00+00:00,3,CRASH,0.004227615613504,False,22,False,BEAR_STRUCTURE,BEAR_STRUCTURE,0.3,0.2817904863761958537317249359,0.2817904863761958537317249359
2022-12-02 00:00:00+00:00,3,CRASH,2.1412024296465756e-05,False,22,False,BEAR_STRUCTURE,BEAR_STRUCTURE,0.3,0.2831631657844403897003091350,0.2831631657844403897003091350
2022-12-03 00:00:00+00:00,2,BULL,0.9999998498196987,True,3,False,BEAR_STRUCTURE,BEAR_STRUCTURE,0.3,0.60,0.3
2022-12-04 00:00:00+00:00,2,BULL,0.8113198205722199,True,4,False,BEAR_STRUCTURE,BEAR_STRUCTURE,0.3,0.60,0.3
2022-12-05 00:00:00+00:00,2,BULL,0.9862954714357853,True,5,False,BEAR_STRUCTURE,BEAR_STRUCTURE,0.3,0.60,0.3
2022-12-06 00:00:00+00:00,2,BULL,0.0006056687074109015,False,5,False,BEAR_STRUCTURE,BEAR_STRUCTURE,0.3,0.3015147592612655044024963484,0.3
2022-12-07 00:00:00+00:00,2,BULL,8.777535490340487e-07,False,5,False,BEAR_STRUCTURE,BEAR_STRUCTURE,0.3,0.2968856912352066985186106739,0.2968856912352066985186106739
2022-12-08 00:00:00+00:00,1,BEAR,0.9997210270614234,True,3,False,BEAR_STRUCTURE,BEAR_STRUCTURE,0.3,0.60,0.3
2022-12-09 00:00:00+00:00,1,BEAR,0.9988178335692209,True,4,False,BEAR_STRUCTURE,BEAR_STRUCTURE,0.3,0.60,0.3
2022-12-10 00:00:00+00:00,1,BEAR,0.9999968327379201,True,5,False,BEAR_STRUCTURE,BEAR_STRUCTURE,0.3,0.60,0.3
2022-12-11 00:00:00+00:00,1,BEAR,0.9999858864416713,True,6,False,BEAR_STRUCTURE,BEAR_STRUCTURE,0.3,0.60,0.3
2022-12-12 00:00:00+00:00,1,BEAR,0.9999984122699842,True,7,False,BEAR_STRUCTURE,BEAR_STRUCTURE,0.3,0.60,0.3
2022-12-13 00:00:00+00:00,1,BEAR,0.9999978228803281,True,8,False,BEAR_STRUCTURE,BEAR_STRUCTURE,0.3,0.95,0.3
2022-12-14 00:00:00+00:00,1,BEAR,0.9999995342960749,True,9,False,BEAR_STRUCTURE,BEAR_STRUCTURE,0.3,0.95,0.3
2022-12-15 00:00:00+00:00,1,BEAR,0.9999999999636202,True,10,False,BEAR_STRUCTURE,BEAR_STRUCTURE,0.3,0.60,0.3
2022-12-16 00:00:00+00:00,1,BEAR,1.0,True,11,False,BEAR_STRUCTURE,BEAR_STRUCTURE,0.3,0.60,0.3
2022-12-17 00:00:00+00:00,1,BEAR,0.9989573706062466,True,12,False,BEAR_STRUCTURE,BEAR_STRUCTURE,0.3,0.60,0.3
2022-12-18 00:00:00+00:00,1,BEAR,0.999728192995278,True,13,False,BEAR_STRUCTURE,BEAR_STRUCTURE,0.3,0.60,0.3
2022-12-19 00:00:00+00:00,1,BEAR,0.9999999078017978,True,14,False,BEAR_STRUCTURE,BEAR_STRUCTURE,0.3,0.60,0.3
2022-12-20 00:00:00+00:00,1,BEAR,0.9999929083166066,True,15,False,BEAR_STRUCTURE,BEAR_STRUCTURE,0.3,0.60,0.3
2022-12-21 00:00:00+00:00,1,BEAR,0.9999990891814887,True,16,False,BEAR_STRUCTURE,BEAR_STRUCTURE,0.3,0.60,0.3
2022-12-22 00:00:00+00:00,1,BEAR,1.0,True,17,False,BEAR_STRUCTURE,BEAR_STRUCTURE,0.3,0.60,0.3
2022-12-23 00:00:00+00:00,1,BEAR,1.0,True,18,False,BEAR_STRUCTURE,BEAR_STRUCTURE,0.3,0.60,0.3
2022-12-24 00:00:00+00:00,1,BEAR,0.9999999978244887,True,19,False,BEAR_STRUCTURE,BEAR_STRUCTURE,0.3,0.60,0.3
2022-12-25 00:00:00+00:00,1,BEAR,0.9999999976198524,True,20,False,BEAR_STRUCTURE,BEAR_STRUCTURE,0.3,0.60,0.3
2022-12-26 00:00:00+00:00,1,BEAR,0.9999994859218944,True,21,False,BEAR_STRUCTURE,BEAR_STRUCTURE,0.3,0.60,0.3
2022-12-27 00:00:00+00:00,1,BEAR,1.0,True,22,False,BEAR_STRUCTURE,BEAR_STRUCTURE,0.3,0.60,0.3
2022-12-28 00:00:00+00:00,1,BEAR,0.999999999998181,True,23,False,BEAR_STRUCTURE,BEAR_STRUCTURE,0.3,0.60,0.3
2022-12-29 00:00:00+00:00,1,BEAR,1.0,True,24,False,BEAR_STRUCTURE,BEAR_STRUCTURE,0.3,0.60,0.3
2022-12-30 00:00:00+00:00,1,BEAR,1.0,True,25,False,BEAR_STRUCTURE,BEAR_STRUCTURE,0.3,0.60,0.3
2022-12-31 00:00:00+00:00,1,BEAR,1.0,True,26,False,BEAR_STRUCTURE,BEAR_STRUCTURE,0.3,0.60,0.3
2023-01-01 00:00:00+00:00,1,BEAR,1.0,True,27,False,BEAR_STRUCTURE,BEAR_STRUCTURE,0.3,0.60,0.3
2023-01-02 00:00:00+00:00,1,BEAR,1.0,True,28,False,BEAR_STRUCTURE,BEAR_STRUCTURE,0.3,0.60,0.3
2023-01-03 00:00:00+00:00,1,BEAR,1.0,True,29,False,BEAR_STRUCTURE,BEAR_STRUCTURE,0.3,0.60,0.3
2023-01-04 00:00:00+00:00,1,BEAR,0.999999999996362,True,30,False,BEAR_STRUCTURE,BEAR_STRUCTURE,0.3,0.60,0.3
2023-01-05 00:00:00+00:00,1,BEAR,0.9999989136746524,True,31,False,BEAR_STRUCTURE,BEAR_STRUCTURE,0.3,0.60,0.3
2023-01-06 00:00:00+00:00,1,BEAR,0.9715685874624131,True,32,False,BEAR_STRUCTURE,BEAR_STRUCTURE,0.3,0.60,0.3
2023-01-07 00:00:00+00:00,1,BEAR,0.9488356454634819,True,33,False,BEAR_STRUCTURE,BEAR_STRUCTURE,0.3,0.60,0.3
2023-01-08 00:00:00+00:00,1,BEAR,0.9406481627520833,True,34,False,BEAR_STRUCTURE,BEAR_STRUCTURE,0.3,0.95,0.3
2023-01-09 00:00:00+00:00,1,BEAR,0.020807064235945694,False,34,False,BEAR_STRUCTURE,BEAR_STRUCTURE,0.3,0.3006184030513221389608931133,0.3
2023-01-10 00:00:00+00:00,1,BEAR,0.5785073477894364,True,35,False,BEAR_STRUCTURE,BEAR_STRUCTURE,0.3,0.95,0.3
2023-01-11 00:00:00+00:00,1,BEAR,0.9999999999463398,True,36,False,BEAR_STRUCTURE,BEAR_STRUCTURE,0.3,0.95,0.3
2023-01-12 00:00:00+00:00,1,BEAR,1.0,True,37,False,BEAR_STRUCTURE,BEAR_STRUCTURE,0.3,0.95,0.3
2023-01-13 00:00:00+00:00,1,BEAR,1.0,True,38,False,TRANSITION,BEAR_STRUCTURE,0.3,0.95,0.3
2023-01-14 00:00:00+00:00,1,BEAR,0.9999988911683212,True,39,False,TRANSITION,BEAR_STRUCTURE,0.3,0.95,0.3
2023-01-15 00:00:00+00:00,1,BEAR,2.5600591531934035e-17,False,39,False,TRANSITION,BEAR_STRUCTURE,0.3,0.2991881298387235693910136272,0.2991881298387235693910136272
2023-01-16 00:00:00+00:00,1,BEAR,2.3693624382022612e-15,False,39,False,TRANSITION,BEAR_STRUCTURE,0.3,0.3023299249259280760922840741,0.3
2023-01-17 00:00:00+00:00,1,BEAR,1.165136450339178e-08,False,39,False,TRANSITION,TRANSITION,0.6,0.2994960072362971813355933612,0.2994960072362971813355933612
2023-01-18 00:00:00+00:00,0,EUPHORIA,1.0,True,3,False,TRANSITION,TRANSITION,0.6,0.95,0.6
2023-01-19 00:00:00+00:00,0,EUPHORIA,1.0,True,4,False,TRANSITION,TRANSITION,0.6,0.95,0.6
2023-01-20 00:00:00+00:00,0,EUPHORIA,1.0,True,5,False,TRANSITION,TRANSITION,0.6,0.95,0.6
2023-01-21 00:00:00+00:00,0,EUPHORIA,1.0,True,6,False,TRANSITION,TRANSITION,0.6,0.95,0.6
2023-01-22 00:00:00+00:00,0,EUPHORIA,1.0,True,7,False,TRANSITION,TRANSITION,0.6,0.95,0.6
2023-01-23 00:00:00+00:00,0,EUPHORIA,1.0,True,8,False,TRANSITION,TRANSITION,0.6,0.95,0.6
2023-01-24 00:00:00+00:00,0,EUPHORIA,1.0,True,9,False,TRANSITION,TRANSITION,0.6,0.95,0.6
2023-01-25 00:00:00+00:00,0,EUPHORIA,1.0,True,10,False,TRANSITION,TRANSITION,0.6,0.95,0.6
2023-01-26 00:00:00+00:00,0,EUPHORIA,1.0,True,11,False,TRANSITION,TRANSITION,0.6,0.95,0.6
2023-01-27 00:00:00+00:00,0,EUPHORIA,1.0,True,12,False,TRANSITION,TRANSITION,0.6,0.95,0.6
2023-01-28 00:00:00+00:00,0,EUPHORIA,1.0,True,13,False,TRANSITION,TRANSITION,0.6,0.95,0.6
2023-01-29 00:00:00+00:00,0,EUPHORIA,1.0,True,14,False,TRANSITION,TRANSITION,0.6,0.95,0.6
2023-01-30 00:00:00+00:00,0,EUPHORIA,1.0,True,15,False,TRANSITION,TRANSITION,0.6,0.95,0.6
2023-01-31 00:00:00+00:00,0,EUPHORIA,1.0,True,16,False,TRANSITION,TRANSITION,0.6,0.95,0.6
2023-02-01 00:00:00+00:00,0,EUPHORIA,1.0,True,17,False,BULL_STRUCTURE,TRANSITION,0.6,0.95,0.6
2023-02-02 00:00:00+00:00,0,EUPHORIA,1.0,True,18,False,BULL_STRUCTURE,TRANSITION,0.6,0.95,0.6
2023-02-03 00:00:00+00:00,0,EUPHORIA,1.0,True,19,False,BULL_STRUCTURE,TRANSITION,0.6,0.95,0.6
2023-02-04 00:00:00+00:00,0,EUPHORIA,1.0,True,20,False,BULL_STRUCTURE,TRANSITION,0.6,0.95,0.6
2023-02-05 00:00:00+00:00,0,EUPHORIA,1.0,True,21,False,BULL_STRUCTURE,BULL_STRUCTURE,1.0,0.95,0.95
2023-02-06 00:00:00+00:00,0,EUPHORIA,1.0,True,22,False,BULL_STRUCTURE,BULL_STRUCTURE,1.0,0.9500848784037780570315102132,0.9500848784037780570315102132
2023-02-07 00:00:00+00:00,0,EUPHORIA,1.0,True,23,False,BULL_STRUCTURE,BULL_STRUCTURE,1.0,0.9510611468052126244305644537,0.9510611468052126244305644537
2023-02-08 00:00:00+00:00,0,EUPHORIA,1.0,True,24,False,BULL_STRUCTURE,BULL_STRUCTURE,1.0,0.9504990938295711263779763774,0.9504990938295711263779763774
2023-02-09 00:00:00+00:00,0,EUPHORIA,1.0,True,25,False,BULL_STRUCTURE,BULL_STRUCTURE,1.0,0.9479873663836501662917724587,0.9479873663836501662917724587
2023-02-10 00:00:00+00:00,0,EUPHORIA,1.0,True,26,False,BULL_STRUCTURE,BULL_STRUCTURE,1.0,0.9475972672462411494041390661,0.9475972672462411494041390661
2023-02-11 00:00:00+00:00,0,EUPHORIA,1.0,True,27,False,BULL_STRUCTURE,BULL_STRUCTURE,1.0,0.9481366929133298593115759842,0.9481366929133298593115759842
2023-02-12 00:00:00+00:00,0,EUPHORIA,1.0,True,28,False,BULL_STRUCTURE,BULL_STRUCTURE,1.0,0.9479583716727389656654423509,0.9479583716727389656654423509
2023-02-13 00:00:00+00:00,0,EUPHORIA,1.0,True,29,False,BULL_STRUCTURE,BULL_STRUCTURE,1.0,0.9479366894137816364726442525,0.9479366894137816364726442525
2023-02-14 00:00:00+00:00,0,EUPHORIA,1.0,True,30,False,BULL_STRUCTURE,BULL_STRUCTURE,1.0,0.9488843924828160496096792320,0.9488843924828160496096792320
2023-02-15 00:00:00+00:00,0,EUPHORIA,1.0,True,31,False,BULL_STRUCTURE,BULL_STRUCTURE,1.0,0.9531391163697027589163387200,0.9531391163697027589163387200
2023-02-16 00:00:00+00:00,0,EUPHORIA,1.0,True,32,False,BULL_STRUCTURE,BULL_STRUCTURE,1.0,0.9516101879287175930834142207,0.9516101879287175930834142207
2023-02-17 00:00:00+00:00,0,EUPHORIA,1.0,True,33,False,BULL_STRUCTURE,BULL_STRUCTURE,1.0,0.9535863760357463354433406050,0.9535863760357463354433406050
2023-02-18 00:00:00+00:00,0,EUPHORIA,1.0,True,34,False,BULL_STRUCTURE,BULL_STRUCTURE,1.0,0.9536977564984969844768396961,0.9536977564984969844768396961
2023-02-19 00:00:00+00:00,0,EUPHORIA,1.0,True,35,False,BULL_STRUCTURE,BULL_STRUCTURE,1.0,0.9530429019206247528439500365,0.9530429019206247528439500365
2023-02-20 00:00:00+00:00,0,EUPHORIA,1.0,True,36,False,BULL_STRUCTURE,BULL_STRUCTURE,1.0,0.9540716336875325518721302681,0.9540716336875325518721302681
2023-02-21 00:00:00+00:00,0,EUPHORIA,1.0,True,37,False,BULL_STRUCTURE,BULL_STRUCTURE,1.0,0.9533731828407865436195664070,0.9533731828407865436195664070
2023-02-22 00:00:00+00:00,0,EUPHORIA,1.0,True,38,False,BULL_STRUCTURE,BULL_STRUCTURE,1.0,0.9528772075358912472847322220,0.9528772075358912472847322220
2023-02-23 00:00:00+00:00,0,EUPHORIA,1.0,True,39,False,BULL_STRUCTURE,BULL_STRUCTURE,1.0,0.9524235097467171731449968373,0.9524235097467171731449968373
2023-02-24 00:00:00+00:00,0,EUPHORIA,1.0,True,40,False,BULL_STRUCTURE,BULL_STRUCTURE,1.0,0.9509504074198981068296700118,0.9509504074198981068296700118
2023-02-25 00:00:00+00:00,0,EUPHORIA,1.0,True,41,False,BULL_STRUCTURE,BULL_STRUCTURE,1.0,0.9508935691675800942000344026,0.9508935691675800942000344026
2023-02-26 00:00:00+00:00,0,EUPHORIA,1.0,True,42,False,BULL_STRUCTURE,BULL_STRUCTURE,1.0,0.9516827802615273424455386998,0.9516827802615273424455386998
2023-02-27 00:00:00+00:00,0,EUPHORIA,1.0,True,43,False,BULL_STRUCTURE,BULL_STRUCTURE,1.0,0.9515599516985869065789212079,0.9515599516985869065789212079
2023-02-28 00:00:00+00:00,0,EUPHORIA,1.0,True,44,False,BULL_STRUCTURE,BULL_STRUCTURE,1.0,0.9508622943435699147477089723,0.9508622943435699147477089723
2023-03-01 00:00:00+00:00,0,EUPHORIA,1.0,True,45,False,BULL_STRUCTURE,BULL_STRUCTURE,1.0,0.9518270418118592411969320575,0.9518270418118592411969320575
2023-03-02 00:00:00+00:00,0,EUPHORIA,1.0,True,46,False,BULL_STRUCTURE,BULL_STRUCTURE,1.0,0.9515073695153964360854432604,0.9515073695153964360854432604
2023-03-03 00:00:00+00:00,0,EUPHORIA,1.0,True,47,False,BULL_STRUCTURE,BULL_STRUCTURE,1.0,0.9492197336849399554518840199,0.9492197336849399554518840199
2023-03-04 00:00:00+00:00,0,EUPHORIA,1.0,True,48,False,TRANSITION,BULL_STRUCTURE,0.6,0.9492029740632564694247173942,0.6
2023-03-05 00:00:00+00:00,0,EUPHORIA,1.0,True,49,False,TRANSITION,BULL_STRUCTURE,0.6,0.95,0.6
2023-03-06 00:00:00+00:00,0,EUPHORIA,1.0,True,50,False,TRANSITION,BULL_STRUCTURE,0.6,0.95,0.6
2023-03-07 00:00:00+00:00,0,EUPHORIA,1.0,True,51,False,TRANSITION,BULL_STRUCTURE,0.6,0.95,0.6
2023-03-08 00:00:00+00:00,0,EUPHORIA,1.0,True,52,False,TRANSITION,TRANSITION,0.6,0.95,0.6
2023-03-09 00:00:00+00:00,0,EUPHORIA,1.0,True,53,False,TRANSITION,TRANSITION,0.6,0.95,0.6
2023-03-10 00:00:00+00:00,0,EUPHORIA,1.0,True,54,False,TRANSITION,TRANSITION,0.6,0.95,0.6
2023-03-11 00:00:00+00:00,0,EUPHORIA,1.0,True,55,False,TRANSITION,TRANSITION,0.6,0.95,0.6
2023-03-12 00:00:00+00:00,0,EUPHORIA,1.0,True,56,False,TRANSITION,TRANSITION,0.6,0.95,0.6
2023-03-13 00:00:00+00:00,0,EUPHORIA,1.0,True,57,False,TRANSITION,TRANSITION,0.6,0.95,0.6
2023-03-14 00:00:00+00:00,0,EUPHORIA,1.0,True,58,False,BULL_STRUCTURE,TRANSITION,0.6,0.95,0.6
2023-03-15 00:00:00+00:00,0,EUPHORIA,1.0,True,59,False,BULL_STRUCTURE,TRANSITION,0.6,0.95,0.6
2023-03-16 00:00:00+00:00,0,EUPHORIA,1.0,True,60,False,BULL_STRUCTURE,TRANSITION,0.6,0.95,0.6
2023-03-17 00:00:00+00:00,0,EUPHORIA,1.0,True,61,False,BULL_STRUCTURE,TRANSITION,0.6,0.95,0.6
2023-03-18 00:00:00+00:00,0,EUPHORIA,1.0,True,62,False,BULL_STRUCTURE,BULL_STRUCTURE,1.0,0.95,0.95
2023-03-19 00:00:00+00:00,0,EUPHORIA,1.0,True,63,False,BULL_STRUCTURE,BULL_STRUCTURE,1.0,0.9522333952255047470059721111,0.9522333952255047470059721111
2023-03-20 00:00:00+00:00,0,EUPHORIA,1.0,True,64,False,BULL_STRUCTURE,BULL_STRUCTURE,1.0,0.9518137016296819976882357859,0.9518137016296819976882357859
2023-03-21 00:00:00+00:00,0,EUPHORIA,1.0,True,65,False,BULL_STRUCTURE,BULL_STRUCTURE,1.0,0.9524480390197475747985416217,0.9524480390197475747985416217
2023-03-22 00:00:00+00:00,0,EUPHORIA,1.0,True,66,False,BULL_STRUCTURE,BULL_STRUCTURE,1.0,0.9510299851058968960299567508,0.9510299851058968960299567508
2023-03-23 00:00:00+00:00,0,EUPHORIA,1.0,True,67,False,BULL_STRUCTURE,BULL_STRUCTURE,1.0,0.9527521617051322767195793420,0.9527521617051322767195793420
2023-03-24 00:00:00+00:00,0,EUPHORIA,1.0,True,68,False,BULL_STRUCTURE,BULL_STRUCTURE,1.0,0.9513753144342415120442948687,0.9513753144342415120442948687
2023-03-25 00:00:00+00:00,0,EUPHORIA,1.0,True,69,False,BULL_STRUCTURE,BULL_STRUCTURE,1.0,0.9513895988956857912521759793,0.9513895988956857912521759793
2023-03-26 00:00:00+00:00,0,EUPHORIA,1.0,True,70,False,BULL_STRUCTURE,BULL_STRUCTURE,1.0,0.9522255564350160946597824072,0.9522255564350160946597824072
2023-03-27 00:00:00+00:00,0,EUPHORIA,1.0,True,71,False,BULL_STRUCTURE,BULL_STRUCTURE,1.0,0.9508135963866566679953928722,0.9508135963866566679953928722
2023-03-28 00:00:00+00:00,0,EUPHORIA,1.0,True,72,False,BULL_STRUCTURE,BULL_STRUCTURE,1.0,0.9510472399405310216483114334,0.9510472399405310216483114334
2023-03-29 00:00:00+00:00,0,EUPHORIA,1.0,True,73,False,BULL_STRUCTURE,BULL_STRUCTURE,1.0,0.9528366309793039964277222601,0.9528366309793039964277222601
2023-03-30 00:00:00+00:00,0,EUPHORIA,1.0,True,74,False,BULL_STRUCTURE,BULL_STRUCTURE,1.0,0.9523237293541532752445034666,0.9523237293541532752445034666
2023-03-31 00:00:00+00:00,0,EUPHORIA,1.0,True,75,False,BULL_STRUCTURE,BULL_STRUCTURE,1.0,0.9530209986190775337588304041,0.9530209986190775337588304041
2023-04-01 00:00:00+00:00,0,EUPHORIA,1.0,True,76,False,BULL_STRUCTURE,BULL_STRUCTURE,1.0,0.9530011250164406703639756698,0.9530011250164406703639756698
2023-04-02 00:00:00+00:00,0,EUPHORIA,1.0,True,77,False,BULL_STRUCTURE,BULL_STRUCTURE,1.0,0.9525547995702922039615310622,0.9525547995702922039615310622
2023-04-03 00:00:00+00:00,0,EUPHORIA,1.0,True,78,False,BULL_STRUCTURE,BULL_STRUCTURE,1.0,0.9519506380477022872588353769,0.9519506380477022872588353769
2023-04-04 00:00:00+00:00,0,EUPHORIA,1.0,True,79,False,BULL_STRUCTURE,BULL_STRUCTURE,1.0,0.9525445302773101850345712150,0.9525445302773101850345712150
2023-04-05 00:00:00+00:00,0,EUPHORIA,1.0,True,80,False,BULL_STRUCTURE,BULL_STRUCTURE,1.0,0.9525518155151938689316046142,0.9525518155151938689316046142
2023-04-06 00:00:00+00:00,0,EUPHORIA,1.0,True,81,False,BULL_STRUCTURE,BULL_STRUCTURE,1.0,0.9523322970527713613309776576,0.9523322970527713613309776576
2023-04-07 00:00:00+00:00,0,EUPHORIA,1.0,True,82,False,BULL_STRUCTURE,BULL_STRUCTURE,1.0,0.9521249530076728489030792168,0.9521249530076728489030792168
2023-04-08 00:00:00+00:00,0,EUPHORIA,1.0,True,83,False,BULL_STRUCTURE,BULL_STRUCTURE,1.0,0.9521772472441726640377279236,0.9521772472441726640377279236
2023-04-09 00:00:00+00:00,0,EUPHORIA,1.0,True,84,False,BULL_STRUCTURE,BULL_STRUCTURE,1.0,0.9527972210198525878756070805,0.9527972210198525878756070805
2023-04-10 00:00:00+00:00,0,EUPHORIA,1.0,True,85,False,BULL_STRUCTURE,BULL_STRUCTURE,1.0,0.9547947583255223387008970756,0.9547947583255223387008970756
2023-04-11 00:00:00+00:00,0,EUPHORIA,1.0,True,86,False,BULL_STRUCTURE,BULL_STRUCTURE,1.0,0.9556001778187641480818159088,0.9556001778187641480818159088
2023-04-12 00:00:00+00:00,0,EUPHORIA,1.0,True,87,False,BULL_STRUCTURE,BULL_STRUCTURE,1.0,0.9551569779509719863759993635,0.9551569779509719863759993635
2023-04-13 00:00:00+00:00,0,EUPHORIA,1.0,True,88,False,BULL_STRUCTURE,BULL_STRUCTURE,1.0,0.9558424854220853628859003404,0.9558424854220853628859003404
2023-04-14 00:00:00+00:00,0,EUPHORIA,1.0,True,89,False,BULL_STRUCTURE,BULL_STRUCTURE,1.0,0.9559714658715629428475684805,0.9559714658715629428475684805
2023-04-15 00:00:00+00:00,0,EUPHORIA,1.0,True,90,False,BULL_STRUCTURE,BULL_STRUCTURE,1.0,0.9557327821909463474313953175,0.9557327821909463474313953175
2023-04-16 00:00:00+00:00,0,EUPHORIA,1.0,True,91,False,BULL_STRUCTURE,BULL_STRUCTURE,1.0,0.9557461288754606308577258053,0.9557461288754606308577258053
2023-04-17 00:00:00+00:00,0,EUPHORIA,1.0,True,92,False,BULL_STRUCTURE,BULL_STRUCTURE,1.0,0.9544911709917711442567105001,0.9544911709917711442567105001
2023-04-18 00:00:00+00:00,0,EUPHORIA,1.0,True,93,False,BULL_STRUCTURE,BULL_STRUCTURE,1.0,0.9558510576181859706985229768,0.9558510576181859706985229768
2023-04-19 00:00:00+00:00,0,EUPHORIA,1.0,True,94,False,BULL_STRUCTURE,BULL_STRUCTURE,1.0,0.9535370470212377319554661881,0.9535370470212377319554661881
2023-04-20 00:00:00+00:00,0,EUPHORIA,1.0,True,95,False,BULL_STRUCTURE,BULL_STRUCTURE,1.0,0.9526696723839259721137138332,0.9526696723839259721137138332
2023-04-21 00:00:00+00:00,0,EUPHORIA,1.0,True,96,False,BULL_STRUCTURE,BULL_STRUCTURE,1.0,0.9510502625554711397771115090,0.9510502625554711397771115090
2023-04-22 00:00:00+00:00,5,CRASH,1.0,True,1,False,BULL_STRUCTURE,BULL_STRUCTURE,1.0,0.50,0.50
2023-04-23 00:00:00+00:00,5,CRASH,0.9999590965515537,True,2,False,BULL_STRUCTURE,BULL_STRUCTURE,1.0,0.4982511774435236966559949259,0.4982511774435236966559949259
2023-04-24 00:00:00+00:00,5,CRASH,0.9999999999158717,True,3,False,BULL_STRUCTURE,BULL_STRUCTURE,1.0,0.4975282517601697812441656501,0.4975282517601697812441656501
2023-04-25 00:00:00+00:00,5,CRASH,0.999995612900494,True,4,False,BULL_STRUCTURE,BULL_STRUCTURE,1.0,0.5046046862398958368776538985,0.5046046862398958368776538985
2023-04-26 00:00:00+00:00,5,CRASH,0.9999986684119674,True,5,False,BULL_STRUCTURE,BULL_STRUCTURE,1.0,0.5056139957724340469806009054,0.5056139957724340469806009054
2023-04-27 00:00:00+00:00,5,CRASH,0.9995390731051026,True,6,False,BULL_STRUCTURE,BULL_STRUCTURE,1.0,0.5147448066746986641391503897,0.5147448066746986641391503897
2023-04-28 00:00:00+00:00,5,CRASH,0.003954387367381312,False,6,False,BULL_STRUCTURE,BULL_STRUCTURE,1.0,0.25,0.25
2023-04-29 00:00:00+00:00,5,CRASH,0.9999987160407784,True,7,False,BULL_STRUCTURE,BULL_STRUCTURE,1.0,0.50,0.50
2023-04-30 00:00:00+00:00,5,CRASH,0.9954133974778246,True,8,False,BULL_STRUCTURE,BULL_STRUCTURE,1.0,0.5001854590850652739998168143,0.5001854590850652739998168143
2023-05-01 00:00:00+00:00,5,CRASH,0.9999975012842083,True,9,False,BULL_STRUCTURE,BULL_STRUCTURE,1.0,0.4900202868434935465299418445,0.4900202868434935465299418445
2023-05-02 00:00:00+00:00,5,CRASH,0.9999999195720225,True,10,False,BULL_STRUCTURE,BULL_STRUCTURE,1.0,0.4953208469368558236955288946,0.4953208469368558236955288946
2023-05-03 00:00:00+00:00,5,CRASH,0.9830267431205311,True,11,False,BULL_STRUCTURE,BULL_STRUCTURE,1.0,0.4984084896082964502271048778,0.4984084896082964502271048778
2023-05-04 00:00:00+00:00,5,CRASH,0.999997724974351,True,12,False,BULL_STRUCTURE,BULL_STRUCTURE,1.0,0.4967840330253808843851054335,0.4967840330253808843851054335
2023-05-05 00:00:00+00:00,5,CRASH,4.0553154622758705e-05,False,12,False,BULL_STRUCTURE,BULL_STRUCTURE,1.0,0.25,0.25
2023-05-06 00:00:00+00:00,5,CRASH,0.001446329577469382,False,12,False,BULL_STRUCTURE,BULL_STRUCTURE,1.0,0.2458791575136671206776156379,0.2458791575136671206776156379
2023-05-07 00:00:00+00:00,5,CRASH,1.7404312694449895e-06,False,12,False,BULL_STRUCTURE,BULL_STRUCTURE,1.0,0.2431821975278244905254609557,0.2431821975278244905254609557
2023-05-08 00:00:00+00:00,0,STRONG_BEAR,0.9999776874021347,True,3,False,BULL_STRUCTURE,BULL_STRUCTURE,1.0,0.60,0.60
2023-05-09 00:00:00+00:00,0,STRONG_BEAR,0.04655096340148783,False,3,False,BULL_STRUCTURE,BULL_STRUCTURE,1.0,0.30,0.30
2023-05-10 00:00:00+00:00,0,STRONG_BEAR,0.22220497005950626,False,3,False,BULL_STRUCTURE,BULL_STRUCTURE,1.0,0.2998904148937146867998305981,0.2998904148937146867998305981
2023-05-11 00:00:00+00:00,5,CRASH,0.9987174028918029,True,3,False,BULL_STRUCTURE,BULL_STRUCTURE,1.0,0.2950636825728981907870794891,0.2950636825728981907870794891
2023-05-12 00:00:00+00:00,5,CRASH,0.5904969306348534,True,4,False,BULL_STRUCTURE,BULL_STRUCTURE,1.0,0.2937221310101505349243536637,0.2937221310101505349243536637
2023-05-13 00:00:00+00:00,5,CRASH,0.9989112725525219,True,5,False,BULL_STRUCTURE,BULL_STRUCTURE,1.0,0.2935693464852093009890985268,0.2935693464852093009890985268
2023-05-14 00:00:00+00:00,5,CRASH,0.9891204844817648,True,6,False,BULL_STRUCTURE,BULL_STRUCTURE,1.0,0.2946701148300661524890460327,0.2946701148300661524890460327
2023-05-15 00:00:00+00:00,5,CRASH,0.9950025148797603,True,7,False,BULL_STRUCTURE,BULL_STRUCTURE,1.0,0.2965530923986564631451889290,0.2965530923986564631451889290
2023-05-16 00:00:00+00:00,5,CRASH,0.004186627700915205,False,7,False,BULL_STRUCTURE,BULL_STRUCTURE,1.0,0.2955663467368130209680039498,0.2955663467368130209680039498
2023-05-17 00:00:00+00:00,5,CRASH,0.21927064962984397,False,7,False,BULL_STRUCTURE,BULL_STRUCTURE,1.0,0.2984180216215189917401411013,0.2984180216215189917401411013
2023-05-18 00:00:00+00:00,0,STRONG_BEAR,0.9724695678519115,True,3,False,BULL_STRUCTURE,BULL_STRUCTURE,1.0,0.60,0.60
2023-05-19 00:00:00+00:00,0,STRONG_BEAR,0.3424246238440902,False,3,False,BULL_STRUCTURE,BULL_STRUCTURE,1.0,0.30,0.30
2023-05-20 00:00:00+00:00,0,STRONG_BEAR,0.6859791225188487,True,4,False,BULL_STRUCTURE,BULL_STRUCTURE,1.0,0.60,0.60
2023-05-21 00:00:00+00:00,0,STRONG_BEAR,0.9435657382506665,True,5,False,BULL_STRUCTURE,BULL_STRUCTURE,1.0,0.5970673394765822123558886388,0.5970673394765822123558886388
2023-05-22 00:00:00+00:00,0,STRONG_BEAR,0.9416416174305813,True,6,False,BULL_STRUCTURE,BULL_STRUCTURE,1.0,0.5979781090788516602817937149,0.5979781090788516602817937149
2023-05-23 00:00:00+00:00,0,STRONG_BEAR,0.998708410010914,True,7,False,BULL_STRUCTURE,BULL_STRUCTURE,1.0,0.6012668958679274956232513768,0.6012668958679274956232513768
2023-05-24 00:00:00+00:00,0,STRONG_BEAR,0.7804494297111804,True,8,False,BULL_STRUCTURE,BULL_STRUCTURE,1.0,0.5932652492912560009423943648,0.5932652492912560009423943648
2023-05-25 00:00:00+00:00,0,STRONG_BEAR,0.0011784157725140186,False,8,False,BULL_STRUCTURE,BULL_STRUCTURE,1.0,0.30,0.30
2023-05-26 00:00:00+00:00,0,STRONG_BEAR,6.858566301186955e-06,False,8,False,BULL_STRUCTURE,BULL_STRUCTURE,1.0,0.3019496867370084891235920505,0.3019496867370084891235920505
2023-05-27 00:00:00+00:00,5,CRASH,0.9872500301773716,True,3,False,BULL_STRUCTURE,BULL_STRUCTURE,1.0,0.3031185762932064105809785882,0.3031185762932064105809785882
2023-05-28 00:00:00+00:00,5,CRASH,0.9999983336224674,True,4,False,BULL_STRUCTURE,BULL_STRUCTURE,1.0,0.3125138718052289833970381209,0.3125138718052289833970381209
2023-05-29 00:00:00+00:00,5,CRASH,0.0010506634107449214,False,4,False,BULL_STRUCTURE,BULL_STRUCTURE,1.0,0.3099890671400668183805267930,0.3099890671400668183805267930
2023-05-30 00:00:00+00:00,5,CRASH,5.369951676974213e-06,False,4,False,BULL_STRUCTURE,BULL_STRUCTURE,1.0,0.3096650220431940615609066625,0.3096650220431940615609066625
2023-05-31 00:00:00+00:00,0,STRONG_BEAR,0.9999997088907973,True,3,False,BULL_STRUCTURE,BULL_STRUCTURE,1.0,0.60,0.60
2023-06-01 00:00:00+00:00,0,STRONG_BEAR,0.999452306039312,True,4,False,BULL_STRUCTURE,BULL_STRUCTURE,1.0,0.5967376956352959635977051903,0.5967376956352959635977051903
2023-06-02 00:00:00+00:00,0,STRONG_BEAR,2.1679580932782654e-12,False,4,False,BULL_STRUCTURE,BULL_STRUCTURE,1.0,0.30,0.30
2023-06-03 00:00:00+00:00,0,STRONG_BEAR,0.9708011574363125,True,5,False,BULL_STRUCTURE,BULL_STRUCTURE,1.0,0.60,0.60
2023-06-04 00:00:00+00:00,0,STRONG_BEAR,0.0018922187387300712,False,5,False,BULL_STRUCTURE,BULL_STRUCTURE,1.0,0.30,0.30
2023-06-05 00:00:00+00:00,0,STRONG_BEAR,0.9999993758449037,True,6,False,BULL_STRUCTURE,BULL_STRUCTURE,1.0,0.60,0.60
2023-06-06 00:00:00+00:00,0,STRONG_BEAR,0.006534361778476431,False,6,False,BULL_STRUCTURE,BULL_STRUCTURE,1.0,0.30,0.30
2023-06-07 00:00:00+00:00,0,STRONG_BEAR,0.01586510488818148,False,6,False,BULL_STRUCTURE,BULL_STRUCTURE,1.0,0.2931813621723849046786316806,0.2931813621723849046786316806
2023-06-08 00:00:00+00:00,5,CRASH,0.9999997398427124,True,3,False,BULL_STRUCTURE,BULL_STRUCTURE,1.0,0.2944322091888403376998064792,0.2944322091888403376998064792
2023-06-09 00:00:00+00:00,5,CRASH,0.9999999992751327,True,4,False,BULL_STRUCTURE,BULL_STRUCTURE,1.0,0.2942691051598221853174029801,0.2942691051598221853174029801
2023-06-10 00:00:00+00:00,5,CRASH,0.9881762320209109,True,5,False,BULL_STRUCTURE,BULL_STRUCTURE,1.0,0.2892404489467826686123191197,0.2892404489467826686123191197
2023-06-11 00:00:00+00:00,5,CRASH,0.9999998755183774,True,6,False,BULL_STRUCTURE,BULL_STRUCTURE,1.0,0.2899107851800321320397730750,0.2899107851800321320397730750
2023-06-12 00:00:00+00:00,5,CRASH,0.9172772554685696,True,7,False,BULL_STRUCTURE,BULL_STRUCTURE,1.0,0.2897490792402543298123074969,0.2897490792402543298123074969
2023-06-13 00:00:00+00:00,5,CRASH,9.038573614973249e-05,False,7,False,BULL_STRUCTURE,BULL_STRUCTURE,1.0,0.2899798610420684894623448093,0.2899798610420684894623448093
2023-06-14 00:00:00+00:00,5,CRASH,1.0,True,8,False,BULL_STRUCTURE,BULL_STRUCTURE,1.0,0.2835256793789259590354595683,0.2835256793789259590354595683
2023-06-15 00:00:00+00:00,5,CRASH,0.9999912989029524,True,9,False,BULL_STRUCTURE,BULL_STRUCTURE,1.0,0.2873042234704242118380968458,0.2873042234704242118380968458
2023-06-16 00:00:00+00:00,5,CRASH,0.9370919846709544,True,10,False,BULL_STRUCTURE,BULL_STRUCTURE,1.0,0.2932258896950815904018421523,0.2932258896950815904018421523
2023-06-17 00:00:00+00:00,5,CRASH,0.0002421382024467412,False,10,False,BULL_STRUCTURE,BULL_STRUCTURE,1.0,0.2945762739600266955012271125,0.2945762739600266955012271125
2023-06-18 00:00:00+00:00,5,CRASH,4.87003785158532e-07,False,10,False,BULL_STRUCTURE,BULL_STRUCTURE,1.0,0.2931863186935683938422569029,0.2931863186935683938422569029
2023-06-19 00:00:00+00:00,0,STRONG_BEAR,1.0,True,3,False,BULL_STRUCTURE,BULL_STRUCTURE,1.0,0.95,0.95
2023-06-20 00:00:00+00:00,0,STRONG_BEAR,0.999998318127432,True,4,False,BULL_STRUCTURE,BULL_STRUCTURE,1.0,0.9532299431464855568441212890,0.9532299431464855568441212890
2023-06-21 00:00:00+00:00,0,STRONG_BEAR,0.7476114701914389,True,5,False,BULL_STRUCTURE,BULL_STRUCTURE,1.0,0.9557424531030185468622528337,0.9557424531030185468622528337
2023-06-22 00:00:00+00:00,0,STRONG_BEAR,0.9999999779811335,True,6,False,BULL_STRUCTURE,BULL_STRUCTURE,1.0,0.9555882429424705234085255821,0.9555882429424705234085255821
2023-06-23 00:00:00+00:00,0,STRONG_BEAR,0.9999999996462066,True,7,False,BULL_STRUCTURE,BULL_STRUCTURE,1.0,0.9567008134838669951879485647,0.9567008134838669951879485647
2023-06-24 00:00:00+00:00,0,STRONG_BEAR,0.9999999999126885,True,8,False,BULL_STRUCTURE,BULL_STRUCTURE,1.0,0.9564822985672810497487086007,0.9564822985672810497487086007
2023-06-25 00:00:00+00:00,0,STRONG_BEAR,0.9995820564112139,True,9,False,BULL_STRUCTURE,BULL_STRUCTURE,1.0,0.9563938055961602420882253089,0.9563938055961602420882253089
2023-06-26 00:00:00+00:00,0,STRONG_BEAR,2.422781880553954e-08,False,9,False,BULL_STRUCTURE,BULL_STRUCTURE,1.0,0.475,0.475
2023-06-27 00:00:00+00:00,0,STRONG_BEAR,6.775857540979347e-16,False,9,False,BULL_STRUCTURE,BULL_STRUCTURE,1.0,0.4787697953028688127535722709,0.4787697953028688127535722709
2023-06-28 00:00:00+00:00,0,STRONG_BEAR,1.0857092629980128e-12,False,9,False,BULL_STRUCTURE,BULL_STRUCTURE,1.0,0.4737207663368939242310330687,0.4737207663368939242310330687
2023-06-29 00:00:00+00:00,0,STRONG_BEAR,7.334569163044989e-15,False,9,False,BULL_STRUCTURE,BULL_STRUCTURE,1.0,0.4767690804626549657280903947,0.4767690804626549657280903947
2023-06-30 00:00:00+00:00,5,CRASH,0.9998527467431018,True,3,False,BULL_STRUCTURE,BULL_STRUCTURE,1.0,0.4769712919253780884532998490,0.4769712919253780884532998490
2023-07-01 00:00:00+00:00,5,CRASH,0.9999999998562998,True,4,False,BULL_STRUCTURE,BULL_STRUCTURE,1.0,0.4779021145679114713374703663,0.4779021145679114713374703663
2023-07-02 00:00:00+00:00,5,CRASH,0.9999957960823993,True,5,False,BULL_STRUCTURE,BULL_STRUCTURE,1.0,0.4781559414129791703541801615,0.4781559414129791703541801615
2023-07-03 00:00:00+00:00,5,CRASH,0.999126903986602,True,6,False,BULL_STRUCTURE,BULL_STRUCTURE,1.0,0.4825133806637428446062248989,0.4825133806637428446062248989
2023-07-04 00:00:00+00:00,5,CRASH,0.9998004891392268,True,7,False,BULL_STRUCTURE,BULL_STRUCTURE,1.0,0.4793713370144942271845891067,0.4793713370144942271845891067
2023-07-05 00:00:00+00:00,5,CRASH,0.7521970281915616,True,8,False,BULL_STRUCTURE,BULL_STRUCTURE,1.0,0.4772397645793397264097400054,0.4772397645793397264097400054
2023-07-06 00:00:00+00:00,5,CRASH,0.999487019816119,True,9,False,BULL_STRUCTURE,BULL_STRUCTURE,1.0,0.4722080118795167863691820269,0.4722080118795167863691820269
2023-07-07 00:00:00+00:00,5,CRASH,1.0,True,10,False,BULL_STRUCTURE,BULL_STRUCTURE,1.0,0.4759270251775467033313446946,0.4759270251775467033313446946
2023-07-08 00:00:00+00:00,5,CRASH,0.9999999372103068,True,11,False,BULL_STRUCTURE,BULL_STRUCTURE,1.0,0.4754328097778210337087206056,0.4754328097778210337087206056
2023-07-09 00:00:00+00:00,5,CRASH,0.9999998696321285,True,12,False,BULL_STRUCTURE,BULL_STRUCTURE,1.0,0.4744103291144457822115505306,0.4744103291144457822115505306
2023-07-10 00:00:00+00:00,5,CRASH,0.9999856073963032,True,13,False,BULL_STRUCTURE,BULL_STRUCTURE,1.0,0.4764760922008601996183010546,0.4764760922008601996183010546
2023-07-11 00:00:00+00:00,5,CRASH,0.9997829127023893,True,14,False,BULL_STRUCTURE,BULL_STRUCTURE,1.0,0.4781972576550573193061830452,0.4781972576550573193061830452
2023-07-12 00:00:00+00:00,5,CRASH,0.9999999118936141,True,15,False,BULL_STRUCTURE,BULL_STRUCTURE,1.0,0.4762170155699358238375337206,0.4762170155699358238375337206
2023-07-13 00:00:00+00:00,5,CRASH,0.999999936234419,True,16,False,BULL_STRUCTURE,BULL_STRUCTURE,1.0,0.4848909001397985929263938169,0.4848909001397985929263938169
2023-07-14 00:00:00+00:00,5,CRASH,1.0,True,17,False,BULL_STRUCTURE,BULL_STRUCTURE,1.0,0.4756581894849873605141482681,0.4756581894849873605141482681
2023-07-15 00:00:00+00:00,5,CRASH,1.0,True,18,False,BULL_STRUCTURE,BULL_STRUCTURE,1.0,0.4754730762444022013617670666,0.4754730762444022013617670666
2023-07-16 00:00:00+00:00,5,CRASH,1.0,True,19,False,BULL_STRUCTURE,BULL_STRUCTURE,1.0,0.4749989564585794032769121891,0.4749989564585794032769121891
2023-07-17 00:00:00+00:00,5,CRASH,1.0,True,20,False,BULL_STRUCTURE,BULL_STRUCTURE,1.0,0.4742225134999909601238179947,0.4742225134999909601238179947
2023-07-18 00:00:00+00:00,5,CRASH,1.0,True,21,False,BULL_STRUCTURE,BULL_STRUCTURE,1.0,0.4719052180307272236880406482,0.4719052180307272236880406482
2023-07-19 00:00:00+00:00,5,CRASH,0.9999999999954525,True,22,False,BULL_STRUCTURE,BULL_STRUCTURE,1.0,0.4723228658570142506485263748,0.4723228658570142506485263748
2023-07-20 00:00:00+00:00,5,CRASH,1.0,True,23,False,BULL_STRUCTURE,BULL_STRUCTURE,1.0,0.4714112447834190640843972219,0.4714112447834190640843972219
2023-07-21 00:00:00+00:00,5,CRASH,1.0,True,24,False,BULL_STRUCTURE,BULL_STRUCTURE,1.0,0.4722604441711466002947607204,0.4722604441711466002947607204
2023-07-22 00:00:00+00:00,5,CRASH,0.999999989789103,True,25,False,BULL_STRUCTURE,BULL_STRUCTURE,1.0,0.4713610690109696987002542534,0.4713610690109696987002542534
2023-07-23 00:00:00+00:00,5,CRASH,0.9998768810701509,True,26,False,BULL_STRUCTURE,BULL_STRUCTURE,1.0,0.4737733128756476247514190458,0.4737733128756476247514190458
2023-07-24 00:00:00+00:00,5,CRASH,0.9991909271518684,True,27,False,BULL_STRUCTURE,BULL_STRUCTURE,1.0,0.4661457053163981853201791529,0.4661457053163981853201791529
2023-07-25 00:00:00+00:00,5,CRASH,0.9998368303499549,True,28,False,BULL_STRUCTURE,BULL_STRUCTURE,1.0,0.4665923497175370020018288674,0.4665923497175370020018288674
2023-07-26 00:00:00+00:00,5,CRASH,0.9999990617247786,True,29,False,BULL_STRUCTURE,BULL_STRUCTURE,1.0,0.4676380653646837484263612428,0.4676380653646837484263612428
2023-07-27 00:00:00+00:00,5,CRASH,0.9999928747828658,True,30,False,BULL_STRUCTURE,BULL_STRUCTURE,1.0,0.4665401477095614799209691067,0.4665401477095614799209691067
2023-07-28 00:00:00+00:00,5,CRASH,0.9984123811295023,True,31,False,BULL_STRUCTURE,BULL_STRUCTURE,1.0,0.4673170964075808338985013236,0.4673170964075808338985013236
2023-07-29 00:00:00+00:00,5,CRASH,0.013772283822703712,False,31,False,BULL_STRUCTURE,BULL_STRUCTURE,1.0,0.4676460379851926575116361431,0.4676460379851926575116361431
2023-07-30 00:00:00+00:00,5,CRASH,2.190018785032494e-06,False,31,False,BULL_STRUCTURE,BULL_STRUCTURE,1.0,0.4670362921990150437555695286,0.4670362921990150437555695286
2023-07-31 00:00:00+00:00,5,CRASH,3.592709121104207e-09,False,31,False,BULL_STRUCTURE,BULL_STRUCTURE,1.0,0.4666207882738623622699160749,0.4666207882738623622699160749
2023-08-01 00:00:00+00:00,0,STRONG_BEAR,0.9503041172626935,True,3,False,BULL_STRUCTURE,BULL_STRUCTURE,1.0,0.95,0.95
2023-08-02 00:00:00+00:00,0,STRONG_BEAR,0.999877319979273,True,4,False,BULL_STRUCTURE,BULL_STRUCTURE,1.0,0.60,0.60
2023-08-03 00:00:00+00:00,0,STRONG_BEAR,0.9991994595324516,True,5,False,BULL_STRUCTURE,BULL_STRUCTURE,1.0,0.6003336761700238514382456598,0.6003336761700238514382456598
2023-08-04 00:00:00+00:00,0,STRONG_BEAR,0.9983813172585473,True,6,False,BULL_STRUCTURE,BULL_STRUCTURE,1.0,0.5996779844301391625213040760,0.5996779844301391625213040760
2023-08-05 00:00:00+00:00,0,STRONG_BEAR,0.9999999974952516,True,7,False,BULL_STRUCTURE,BULL_STRUCTURE,1.0,0.5993325229001725707100967175,0.5993325229001725707100967175
2023-08-06 00:00:00+00:00,0,STRONG_BEAR,0.9999999945730451,True,8,False,BULL_STRUCTURE,BULL_STRUCTURE,1.0,0.5994670315913957483514930128,0.5994670315913957483514930128
2023-08-07 00:00:00+00:00,0,STRONG_BEAR,0.9999932946072644,True,9,False,BULL_STRUCTURE,BULL_STRUCTURE,1.0,0.6004767942885666438849876846,0.6004767942885666438849876846
2023-08-08 00:00:00+00:00,0,STRONG_BEAR,0.9984885161620851,True,10,False,BULL_STRUCTURE,BULL_STRUCTURE,1.0,0.95,0.95
2023-08-09 00:00:00+00:00,0,STRONG_BEAR,0.9946655502115516,True,11,False,BULL_STRUCTURE,BULL_STRUCTURE,1.0,0.9501257319602186816544649113,0.9501257319602186816544649113
2023-08-10 00:00:00+00:00,0,STRONG_BEAR,0.7608413867023088,True,12,False,BULL_STRUCTURE,BULL_STRUCTURE,1.0,0.9499226872424135594848772207,0.9499226872424135594848772207
2023-08-11 00:00:00+00:00,0,STRONG_BEAR,0.9999996514234833,True,13,False,BULL_STRUCTURE,BULL_STRUCTURE,1.0,0.9498746448703150434662164297,0.9498746448703150434662164297
2023-08-12 00:00:00+00:00,0,STRONG_BEAR,1.0,True,14,False,BULL_STRUCTURE,BULL_STRUCTURE,1.0,0.9498813427044792794655022962,0.9498813427044792794655022962
2023-08-13 00:00:00+00:00,0,STRONG_BEAR,0.9999999991196091,True,15,False,BULL_STRUCTURE,BULL_STRUCTURE,1.0,0.60,0.60
2023-08-14 00:00:00+00:00,0,STRONG_BEAR,0.9999983842894246,True,16,False,BULL_STRUCTURE,BULL_STRUCTURE,1.0,0.95,0.95
2023-08-15 00:00:00+00:00,0,STRONG_BEAR,1.0,True,17,False,BULL_STRUCTURE,BULL_STRUCTURE,1.0,0.60,0.60
2023-08-16 00:00:00+00:00,0,STRONG_BEAR,0.9999998229941568,True,18,False,BULL_STRUCTURE,BULL_STRUCTURE,1.0,0.5963762241508020259314483978,0.5963762241508020259314483978
2023-08-17 00:00:00+00:00,0,STRONG_BEAR,1.6873601268207386e-13,False,18,False,TRANSITION,BULL_STRUCTURE,0.6,0.30,0.30
2023-08-18 00:00:00+00:00,0,STRONG_BEAR,1.0694035887187719e-29,False,18,False,TRANSITION,BULL_STRUCTURE,0.6,0.2955865612583559317291995020,0.2955865612583559317291995020
2023-08-19 00:00:00+00:00,5,CRASH,0.9999991922426112,True,3,False,TRANSITION,BULL_STRUCTURE,0.6,0.2959540664714636132870153536,0.2959540664714636132870153536
2023-08-20 00:00:00+00:00,5,CRASH,0.999999999821739,True,4,False,TRANSITION,BULL_STRUCTURE,0.6,0.2966716752364600366686484235,0.2966716752364600366686484235
2023-08-21 00:00:00+00:00,5,CRASH,1.0,True,5,False,TRANSITION,TRANSITION,0.6,0.2961688326206690628199384817,0.2961688326206690628199384817
2023-08-22 00:00:00+00:00,5,CRASH,0.9902700237652371,True,6,False,TRANSITION,TRANSITION,0.6,0.2956025442491983754527107726,0.2956025442491983754527107726
2023-08-23 00:00:00+00:00,5,CRASH,0.10923470275837725,False,6,False,TRANSITION,TRANSITION,0.6,0.2986002204820278106358790540,0.2986002204820278106358790540
2023-08-24 00:00:00+00:00,5,CRASH,0.999999997343366,True,7,False,TRANSITION,TRANSITION,0.6,0.2965924736015242513302171409,0.2965924736015242513302171409
2023-08-25 00:00:00+00:00,5,CRASH,0.9928930967293041,True,8,False,TRANSITION,TRANSITION,0.6,0.2956345879609575979837914424,0.2956345879609575979837914424
2023-08-26 00:00:00+00:00,5,CRASH,1.0,True,9,False,TRANSITION,TRANSITION,0.6,0.2952937044356266986052119338,0.2952937044356266986052119338
2023-08-27 00:00:00+00:00,5,CRASH,0.004680032915987443,False,9,False,TRANSITION,TRANSITION,0.6,0.2959681168696733783024799908,0.2959681168696733783024799908
2023-08-28 00:00:00+00:00,5,CRASH,1.3522340905645396e-10,False,9,False,TRANSITION,TRANSITION,0.6,0.2961136172749175019669430654,0.2961136172749175019669430654
2023-08-29 00:00:00+00:00,0,STRONG_BEAR,0.9999994017191027,True,3,False,TRANSITION,TRANSITION,0.6,0.60,0.60
2023-08-30 00:00:00+00:00,0,STRONG_BEAR,1.0,True,4,False,TRANSITION,TRANSITION,0.6,0.5965890785886304347624498600,0.5965890785886304347624498600
2023-08-31 00:00:00+00:00,0,STRONG_BEAR,0.000286815378078934,False,4,False,TRANSITION,TRANSITION,0.6,0.30,0.30
2023-09-01 00:00:00+00:00,0,STRONG_BEAR,0.014868136406217756,False,4,False,TRANSITION,TRANSITION,0.6,0.2990084686408072437328120537,0.2990084686408072437328120537
2023-09-02 00:00:00+00:00,0,STRONG_BEAR,0.9999999928350007,True,5,False,TRANSITION,TRANSITION,0.6,0.60,0.60
2023-09-03 00:00:00+00:00,0,STRONG_BEAR,0.9998709116915094,True,6,False,TRANSITION,TRANSITION,0.6,0.6011749357938868178567325183,0.6
2023-09-04 00:00:00+00:00,0,STRONG_BEAR,0.9999999999799911,True,7,False,TRANSITION,TRANSITION,0.6,0.5986531603614565493954129224,0.5986531603614565493954129224
2023-09-05 00:00:00+00:00,0,STRONG_BEAR,1.0,True,8,False,TRANSITION,TRANSITION,0.6,0.5983373436578554443073095210,0.5983373436578554443073095210
2023-09-06 00:00:00+00:00,0,STRONG_BEAR,0.999999999994543,True,9,False,TRANSITION,TRANSITION,0.6,0.5980375476333411032699310697,0.5980375476333411032699310697
2023-09-07 00:00:00+00:00,0,STRONG_BEAR,1.871920067761252e-06,False,9,False,TRANSITION,TRANSITION,0.6,0.30,0.30
2023-09-08 00:00:00+00:00,0,STRONG_BEAR,0.0011135616790357988,False,9,False,TRANSITION,TRANSITION,0.6,0.2973499486403915615116798863,0.2973499486403915615116798863
2023-09-09 00:00:00+00:00,0,STRONG_BEAR,0.9999706332392837,True,10,False,TRANSITION,TRANSITION,0.6,0.60,0.60
2023-09-10 00:00:00+00:00,0,STRONG_BEAR,1.0,True,11,False,TRANSITION,TRANSITION,0.6,0.5996778803531448110950941862,0.5996778803531448110950941862
2023-09-11 00:00:00+00:00,0,STRONG_BEAR,0.9999999936262611,True,12,False,TRANSITION,TRANSITION,0.6,0.5932682366800903974824327377,0.5932682366800903974824327377
2023-09-12 00:00:00+00:00,0,STRONG_BEAR,0.9983083158832549,True,13,False,TRANSITION,TRANSITION,0.6,0.5996638522091503270179274050,0.5996638522091503270179274050
2023-09-13 00:00:00+00:00,0,STRONG_BEAR,0.7253052419006065,True,14,False,TRANSITION,TRANSITION,0.6,0.6031807204911851486947697068,0.6
2023-09-14 00:00:00+00:00,0,STRONG_BEAR,0.7405946778517499,True,15,False,TRANSITION,TRANSITION,0.6,0.6027353847940381218685518352,0.6
2023-09-15 00:00:00+00:00,0,STRONG_BEAR,0.9999482383891445,True,16,False,TRANSITION,TRANSITION,0.6,0.6006981979063960100617779853,0.6
2023-09-16 00:00:00+00:00,0,STRONG_BEAR,1.0,True,17,False,TRANSITION,TRANSITION,0.6,0.5996351887924095244681461023,0.5996351887924095244681461023
2023-09-17 00:00:00+00:00,0,STRONG_BEAR,0.9999898241493852,True,18,False,TRANSITION,TRANSITION,0.6,0.5993442833676176835615528600,0.5993442833676176835615528600
2023-09-18 00:00:00+00:00,0,STRONG_BEAR,0.9999414025812684,True,19,False,TRANSITION,TRANSITION,0.6,0.6014603012368018691363795229,0.6
2023-09-19 00:00:00+00:00,0,STRONG_BEAR,0.9899791307310207,True,20,False,TRANSITION,TRANSITION,0.6,0.95,0.6
2023-09-20 00:00:00+00:00,0,STRONG_BEAR,1.5496073033872233e-05,False,20,False,TRANSITION,TRANSITION,0.6,0.5992483473477995711565292286,0.5992483473477995711565292286
2023-09-21 00:00:00+00:00,0,STRONG_BEAR,1.1830309253436417e-08,False,20,False,TRANSITION,TRANSITION,0.6,0.30,0.30
2023-09-22 00:00:00+00:00,0,STRONG_BEAR,0.9997993146363721,True,21,False,TRANSITION,TRANSITION,0.6,0.60,0.60
2023-09-23 00:00:00+00:00,0,STRONG_BEAR,0.9999999999990905,True,22,False,TRANSITION,TRANSITION,0.6,0.6001944755368940498500358484,0.6
2023-09-24 00:00:00+00:00,0,STRONG_BEAR,0.9999999491965368,True,23,False,TRANSITION,TRANSITION,0.6,0.5972146276090295506173458042,0.5972146276090295506173458042
2023-09-25 00:00:00+00:00,0,STRONG_BEAR,0.9999894071904121,True,24,False,TRANSITION,TRANSITION,0.6,0.5977311087051876803331561918,0.5977311087051876803331561918
2023-09-26 00:00:00+00:00,0,STRONG_BEAR,0.9999999995552571,True,25,False,TRANSITION,TRANSITION,0.6,0.5969696989986154684681395222,0.5969696989986154684681395222
2023-09-27 00:00:00+00:00,0,STRONG_BEAR,0.9999999504334495,True,26,False,TRANSITION,TRANSITION,0.6,0.5983533686063728339315153952,0.5983533686063728339315153952
2023-09-28 00:00:00+00:00,0,STRONG_BEAR,0.8806953830072626,True,27,False,TRANSITION,TRANSITION,0.6,0.95,0.6
2023-09-29 00:00:00+00:00,0,STRONG_BEAR,0.6807903707741467,True,28,False,TRANSITION,TRANSITION,0.6,0.95,0.6
2023-09-30 00:00:00+00:00,0,STRONG_BEAR,0.9968652431627592,True,29,False,TRANSITION,TRANSITION,0.6,0.95,0.6
2023-10-01 00:00:00+00:00,0,STRONG_BEAR,0.9999782480855341,True,30,False,TRANSITION,TRANSITION,0.6,0.95,0.6
2023-10-02 00:00:00+00:00,0,STRONG_BEAR,1.3652199427997067e-06,False,30,False,TRANSITION,TRANSITION,0.6,0.5956902984290353573427525753,0.5956902984290353573427525753
2023-10-03 00:00:00+00:00,0,STRONG_BEAR,0.9999999935307642,True,31,False,TRANSITION,TRANSITION,0.6,0.95,0.6
2023-10-04 00:00:00+00:00,0,STRONG_BEAR,1.5833635982924032e-09,False,31,False,TRANSITION,TRANSITION,0.6,0.6030599708643995809829933716,0.6
2023-10-05 00:00:00+00:00,0,STRONG_BEAR,1.7970723200693368e-14,False,31,False,TRANSITION,TRANSITION,0.6,0.5967956738279498207985819725,0.5967956738279498207985819725
2023-10-06 00:00:00+00:00,1,WEAK_BULL,0.9999996426168493,True,3,False,TRANSITION,TRANSITION,0.6,0.95,0.6
2023-10-07 00:00:00+00:00,1,WEAK_BULL,0.9999999999990905,True,4,False,TRANSITION,TRANSITION,0.6,0.95,0.6
2023-10-08 00:00:00+00:00,1,WEAK_BULL,0.9999886068074934,True,5,False,TRANSITION,TRANSITION,0.6,0.95,0.6
2023-10-09 00:00:00+00:00,1,WEAK_BULL,0.999999991750883,True,6,False,TRANSITION,TRANSITION,0.6,0.95,0.6
2023-10-10 00:00:00+00:00,1,WEAK_BULL,0.9999966601691378,True,7,False,TRANSITION,TRANSITION,0.6,0.95,0.6
2023-10-11 00:00:00+00:00,1,WEAK_BULL,0.0009079268907405136,False,7,False,TRANSITION,TRANSITION,0.6,0.30,0.30
2023-10-12 00:00:00+00:00,1,WEAK_BULL,2.4345413835875175e-07,False,7,False,TRANSITION,TRANSITION,0.6,0.2992070958412319359380470127,0.2992070958412319359380470127
2023-10-13 00:00:00+00:00,1,WEAK_BULL,2.400554012674162e-18,False,7,False,TRANSITION,TRANSITION,0.6,0.3000083261367453802772630336,0.3000083261367453802772630336
2023-10-14 00:00:00+00:00,1,WEAK_BULL,1.8908014647991903e-92,False,7,False,TRANSITION,TRANSITION,0.6,0.2999338922042578539041870007,0.2999338922042578539041870007
2023-10-15 00:00:00+00:00,0,STRONG_BEAR,1.0,True,3,False,TRANSITION,TRANSITION,0.6,0.95,0.6
2023-10-16 00:00:00+00:00,0,STRONG_BEAR,0.9999869231805959,True,4,False,TRANSITION,TRANSITION,0.6,0.95,0.6
2023-10-17 00:00:00+00:00,0,STRONG_BEAR,0.9986784155274734,True,5,False,TRANSITION,TRANSITION,0.6,0.95,0.6
2023-10-18 00:00:00+00:00,0,STRONG_BEAR,0.9896555761342051,True,6,False,TRANSITION,TRANSITION,0.6,0.95,0.6
2023-10-19 00:00:00+00:00,0,STRONG_BEAR,0.011376852299421869,False,6,False,BULL_STRUCTURE,TRANSITION,0.6,0.6033081088721217003102145368,0.6
2023-10-20 00:00:00+00:00,0,STRONG_BEAR,0.32262393633490677,False,6,False,BULL_STRUCTURE,TRANSITION,0.6,0.6078312766154881882689480508,0.6
2023-10-21 00:00:00+00:00,0,BEAR,0.9999434470658473,True,1,False,BULL_STRUCTURE,TRANSITION,0.6,0.95,0.6
2023-10-22 00:00:00+00:00,0,BEAR,0.9999999999972715,True,2,False,BULL_STRUCTURE,TRANSITION,0.6,0.95,0.6
2023-10-23 00:00:00+00:00,0,BEAR,3.594864602071994e-20,False,2,False,BULL_STRUCTURE,BULL_STRUCTURE,1.0,0.6231971200098912582965031052,0.6231971200098912582965031052
2023-10-24 00:00:00+00:00,0,BEAR,1.1264804278934706e-18,False,2,False,BULL_STRUCTURE,BULL_STRUCTURE,1.0,0.6291564676170290792688144361,0.6291564676170290792688144361
2023-10-25 00:00:00+00:00,1,BULL,0.9999999999990905,True,3,False,BULL_STRUCTURE,BULL_STRUCTURE,1.0,0.6330582415215838335334234797,0.6330582415215838335334234797
2023-10-26 00:00:00+00:00,1,BULL,1.0,True,4,False,BULL_STRUCTURE,BULL_STRUCTURE,1.0,0.6307243779289192962726153316,0.6307243779289192962726153316
2023-10-27 00:00:00+00:00,1,BULL,1.0,True,5,False,BULL_STRUCTURE,BULL_STRUCTURE,1.0,0.6289451256100773325030097622,0.6289451256100773325030097622
2023-10-28 00:00:00+00:00,1,BULL,0.9999524048093031,True,6,False,BULL_STRUCTURE,BULL_STRUCTURE,1.0,0.6302418536359803147899828441,0.6302418536359803147899828441
2023-10-29 00:00:00+00:00,1,BULL,0.9999999808496798,True,7,False,BULL_STRUCTURE,BULL_STRUCTURE,1.0,0.6332590733282806175619410683,0.6332590733282806175619410683
2023-10-30 00:00:00+00:00,1,BULL,1.0,True,8,False,BULL_STRUCTURE,BULL_STRUCTURE,1.0,0.6329146170015390542281429486,0.6329146170015390542281429486
2023-10-31 00:00:00+00:00,1,BULL,1.0,True,9,False,BULL_STRUCTURE,BULL_STRUCTURE,1.0,0.6340235023972749565020003484,0.6340235023972749565020003484
2023-11-01 00:00:00+00:00,1,BULL,1.0,True,10,False,BULL_STRUCTURE,BULL_STRUCTURE,1.0,0.6391856690870555568055078398,0.6391856690870555568055078398
2023-11-02 00:00:00+00:00,1,BULL,0.9995757270755141,True,11,False,BULL_STRUCTURE,BULL_STRUCTURE,1.0,0.6360341640352881237017099565,0.6360341640352881237017099565
2023-11-03 00:00:00+00:00,1,BULL,0.9999891366641153,True,12,False,BULL_STRUCTURE,BULL_STRUCTURE,1.0,0.6345386348996621241320266580,0.6345386348996621241320266580
2023-11-04 00:00:00+00:00,1,BULL,0.99999990752804,True,13,False,BULL_STRUCTURE,BULL_STRUCTURE,1.0,0.6368306203567631524016866363,0.6368306203567631524016866363
2023-11-05 00:00:00+00:00,1,BULL,1.0,True,14,False,BULL_STRUCTURE,BULL_STRUCTURE,1.0,0.6364992536380441878721810696,0.6364992536380441878721810696
2023-11-06 00:00:00+00:00,1,BULL,0.9676958078659534,True,15,False,BULL_STRUCTURE,BULL_STRUCTURE,1.0,0.6367251820425870824962857657,0.6367251820425870824962857657
2023-11-07 00:00:00+00:00,1,BULL,1.0,True,16,False,BULL_STRUCTURE,BULL_STRUCTURE,1.0,0.6390403511697647127952413910,0.6390403511697647127952413910
2023-11-08 00:00:00+00:00,1,BULL,3.394294950820574e-07,False,16,False,BULL_STRUCTURE,BULL_STRUCTURE,1.0,0.25,0.25
2023-11-09 00:00:00+00:00,1,BULL,4.7838675051280613e-32,False,16,False,BULL_STRUCTURE,BULL_STRUCTURE,1.0,0.2557509892046411023160132511,0.2557509892046411023160132511
2023-11-10 00:00:00+00:00,1,BULL,7.288621015968185e-48,False,16,False,BULL_STRUCTURE,BULL_STRUCTURE,1.0,0.2588525828523808639797019689,0.2588525828523808639797019689
2023-11-11 00:00:00+00:00,1,BULL,0.863489778608261,True,17,False,BULL_STRUCTURE,BULL_STRUCTURE,1.0,0.2579688112245594971050670222,0.2579688112245594971050670222
2023-11-12 00:00:00+00:00,1,BULL,1.0,True,18,False,BULL_STRUCTURE,BULL_STRUCTURE,1.0,0.2576290679447402215335428068,0.2576290679447402215335428068
2023-11-13 00:00:00+00:00,1,BULL,5.003840655980877e-09,False,18,False,BULL_STRUCTURE,BULL_STRUCTURE,1.0,0.2545137695595992304066831084,0.2545137695595992304066831084
2023-11-14 00:00:00+00:00,1,BULL,1.0,True,19,False,BULL_STRUCTURE,BULL_STRUCTURE,1.0,0.50,0.50
2023-11-15 00:00:00+00:00,1,BULL,1.0,True,20,False,BULL_STRUCTURE,BULL_STRUCTURE,1.0,0.5158746595725523139542697716,0.5158746595725523139542697716
2023-11-16 00:00:00+00:00,1,BULL,1.0,True,21,False,BULL_STRUCTURE,BULL_STRUCTURE,1.0,0.5044306303977660850098982980,0.5044306303977660850098982980
2023-11-17 00:00:00+00:00,1,BULL,1.0,True,22,False,BULL_STRUCTURE,BULL_STRUCTURE,1.0,0.5075246523713900743813701593,0.5075246523713900743813701593
2023-11-18 00:00:00+00:00,1,BULL,1.0,True,23,False,BULL_STRUCTURE,BULL_STRUCTURE,1.0,0.5072116652861707349937589108,0.5072116652861707349937589108
2023-11-19 00:00:00+00:00,1,BULL,1.0,True,24,False,BULL_STRUCTURE,BULL_STRUCTURE,1.0,0.5125646672330580689360787604,0.5125646672330580689360787604
2023-11-20 00:00:00+00:00,1,BULL,1.0,True,25,False,BULL_STRUCTURE,BULL_STRUCTURE,1.0,0.5131585905703067406755316078,0.5131585905703067406755316078
2023-11-21 00:00:00+00:00,1,BULL,0.9999999650963224,True,26,False,BULL_STRUCTURE,BULL_STRUCTURE,1.0,0.5014972609021400651544735273,0.5014972609021400651544735273
2023-11-22 00:00:00+00:00,1,BULL,1.0,True,27,False,BULL_STRUCTURE,BULL_STRUCTURE,1.0,0.5128886592260629260957007158,0.5128886592260629260957007158
2023-11-23 00:00:00+00:00,1,BULL,0.9999989260883322,True,28,False,BULL_STRUCTURE,BULL_STRUCTURE,1.0,0.5121257094331008736200589198,0.5121257094331008736200589198
2023-11-24 00:00:00+00:00,1,BULL,0.9999999993906385,True,29,False,BULL_STRUCTURE,BULL_STRUCTURE,1.0,0.5149186611231326831946175104,0.5149186611231326831946175104
2023-11-25 00:00:00+00:00,1,BULL,0.9999664914342182,True,30,False,BULL_STRUCTURE,BULL_STRUCTURE,1.0,0.5153626584752791684675199338,0.5153626584752791684675199338
2023-11-26 00:00:00+00:00,1,BULL,0.9999998597404655,True,31,False,BULL_STRUCTURE,BULL_STRUCTURE,1.0,0.5131495843359591068744723235,0.5131495843359591068744723235
2023-11-27 00:00:00+00:00,1,BULL,0.9999997676277687,True,32,False,BULL_STRUCTURE,BULL_STRUCTURE,1.0,0.5117799043755737942183036940,0.5117799043755737942183036940
2023-11-28 00:00:00+00:00,1,BULL,0.9998894761002292,True,33,False,BULL_STRUCTURE,BULL_STRUCTURE,1.0,0.5156150630863319782382705117,0.5156150630863319782382705117
2023-11-29 00:00:00+00:00,1,BULL,0.9999843963613352,True,34,False,BULL_STRUCTURE,BULL_STRUCTURE,1.0,0.5158511733530379400584820822,0.5158511733530379400584820822
2023-11-30 00:00:00+00:00,1,BULL,0.9997089812222071,True,35,False,BULL_STRUCTURE,BULL_STRUCTURE,1.0,0.5149874644593430296555719281,0.5149874644593430296555719281
2023-12-01 00:00:00+00:00,1,BULL,0.9994900810840003,True,36,False,BULL_STRUCTURE,BULL_STRUCTURE,1.0,0.5212522389176426767781122464,0.5212522389176426767781122464
2023-12-02 00:00:00+00:00,1,BULL,0.9999637027224859,True,37,False,BULL_STRUCTURE,BULL_STRUCTURE,1.0,0.5261549309868787802446911533,0.5261549309868787802446911533
2023-12-03 00:00:00+00:00,1,BULL,0.9999999999881766,True,38,False,BULL_STRUCTURE,BULL_STRUCTURE,1.0,0.5294304657203294269384872565,0.5294304657203294269384872565
2023-12-04 00:00:00+00:00,1,BULL,0.9999505933719832,True,39,False,BULL_STRUCTURE,BULL_STRUCTURE,1.0,0.5416855327975123230466417339,0.5416855327975123230466417339
2023-12-05 00:00:00+00:00,1,BULL,1.0,True,40,False,BULL_STRUCTURE,BULL_STRUCTURE,1.0,0.5536741377989405628921720480,0.5536741377989405628921720480
2023-12-06 00:00:00+00:00,1,BULL,1.0,True,41,False,BULL_STRUCTURE,BULL_STRUCTURE,1.0,0.5519256122275675597333813760,0.5519256122275675597333813760
2023-12-07 00:00:00+00:00,1,BULL,1.0,True,42,False,BULL_STRUCTURE,BULL_STRUCTURE,1.0,0.5491419700860602889095561296,0.5491419700860602889095561296
2023-12-08 00:00:00+00:00,1,BULL,1.16293391937345e-18,False,42,False,BULL_STRUCTURE,BULL_STRUCTURE,1.0,0.25,0.25
2023-12-09 00:00:00+00:00,1,BULL,0.0019695105276553155,False,42,False,BULL_STRUCTURE,BULL_STRUCTURE,1.0,0.2481516094417086107485979186,0.2481516094417086107485979186
2023-12-10 00:00:00+00:00,1,BULL,0.9526064797333264,True,43,False,BULL_STRUCTURE,BULL_STRUCTURE,1.0,0.50,0.50
2023-12-11 00:00:00+00:00,1,BULL,1.0,True,44,False,BULL_STRUCTURE,BULL_STRUCTURE,1.0,0.4852507492894401641325020432,0.4852507492894401641325020432
2023-12-12 00:00:00+00:00,1,BULL,1.0,True,45,False,BULL_STRUCTURE,BULL_STRUCTURE,1.0,0.4866937374207590966429472904,0.4866937374207590966429472904
2023-12-13 00:00:00+00:00,1,BULL,0.999999999996362,True,46,False,BULL_STRUCTURE,BULL_STRUCTURE,1.0,0.4948506810833825325853921280,0.4948506810833825325853921280
2023-12-14 00:00:00+00:00,1,BULL,0.9999999999936335,True,47,False,BULL_STRUCTURE,BULL_STRUCTURE,1.0,0.4957426025060336429920003678,0.4957426025060336429920003678
2023-12-15 00:00:00+00:00,1,BULL,1.0,True,48,False,BULL_STRUCTURE,BULL_STRUCTURE,1.0,0.4893764792508639031373618677,0.4893764792508639031373618677
2023-12-16 00:00:00+00:00,1,BULL,0.9999999838728401,True,49,False,BULL_STRUCTURE,BULL_STRUCTURE,1.0,0.4913808309268312484736197684,0.4913808309268312484736197684
2023-12-17 00:00:00+00:00,1,BULL,0.9999999990377546,True,50,False,BULL_STRUCTURE,BULL_STRUCTURE,1.0,0.4859838522555431798028639669,0.4859838522555431798028639669
2023-12-18 00:00:00+00:00,1,BULL,0.99999999947795,True,51,False,BULL_STRUCTURE,BULL_STRUCTURE,1.0,0.4936159678092444842717904133,0.4936159678092444842717904133
2023-12-19 00:00:00+00:00,1,BULL,0.9999999997226041,True,52,False,BULL_STRUCTURE,BULL_STRUCTURE,1.0,0.4913687712226043196725736226,0.4913687712226043196725736226
2023-12-20 00:00:00+00:00,1,BULL,1.0,True,53,False,BULL_STRUCTURE,BULL_STRUCTURE,1.0,0.4994723020793898478130310725,0.4994723020793898478130310725
2023-12-21 00:00:00+00:00,1,BULL,0.9999999999718057,True,54,False,BULL_STRUCTURE,BULL_STRUCTURE,1.0,0.5005740307733739205355972675,0.5005740307733739205355972675
2023-12-22 00:00:00+00:00,1,BULL,1.0,True,55,False,BULL_STRUCTURE,BULL_STRUCTURE,1.0,0.5011845208263441805946078191,0.5011845208263441805946078191
2023-12-23 00:00:00+00:00,1,BULL,0.9999999995197868,True,56,False,BULL_STRUCTURE,BULL_STRUCTURE,1.0,0.4996624678214273477209063329,0.4996624678214273477209063329
2023-12-24 00:00:00+00:00,1,BULL,0.9999999998699423,True,57,False,BULL_STRUCTURE,BULL_STRUCTURE,1.0,0.4955638074144784927409017076,0.4955638074144784927409017076
2023-12-25 00:00:00+00:00,1,BULL,0.9999999907604433,True,58,False,BULL_STRUCTURE,BULL_STRUCTURE,1.0,0.4989404679992865378433132879,0.4989404679992865378433132879
2023-12-26 00:00:00+00:00,1,BULL,0.32607242520143837,False,58,False,BULL_STRUCTURE,BULL_STRUCTURE,1.0,0.4927421382705393970439172010,0.4927421382705393970439172010
2023-12-27 00:00:00+00:00,1,BULL,2.5877643348146136e-38,False,58,False,BULL_STRUCTURE,BULL_STRUCTURE,1.0,0.4980940865028192662245941573,0.4980940865028192662245941573
2023-12-28 00:00:00+00:00,1,BULL,7.988469910869381e-38,False,58,False,BULL_STRUCTURE,BULL_STRUCTURE,1.0,0.4930643272117615640328946989,0.4930643272117615640328946989
2023-12-29 00:00:00+00:00,1,BULL,9.260233056627221e-67,False,58,False,BULL_STRUCTURE,BULL_STRUCTURE,1.0,0.4901299670790605050482826919,0.4901299670790605050482826919
2023-12-30 00:00:00+00:00,2,NEUTRAL,1.0,True,3,False,BULL_STRUCTURE,BULL_STRUCTURE,1.0,0.95,0.95
2023-12-31 00:00:00+00:00,2,NEUTRAL,1.0,True,4,False,BULL_STRUCTURE,BULL_STRUCTURE,1.0,0.9507248895972322800668274269,0.9507248895972322800668274269
2024-01-01 00:00:00+00:00,2,NEUTRAL,1.0,True,5,False,BULL_STRUCTURE,BULL_STRUCTURE,1.0,0.9527395970578431414598456864,0.9527395970578431414598456864
2024-01-02 00:00:00+00:00,2,NEUTRAL,1.0,True,6,False,BULL_STRUCTURE,BULL_STRUCTURE,1.0,0.9535089427164361117069542687,0.9535089427164361117069542687
2024-01-03 00:00:00+00:00,2,NEUTRAL,1.0,True,7,False,BULL_STRUCTURE,BULL_STRUCTURE,1.0,0.9513393959435037233533312501,0.9513393959435037233533312501
2024-01-04 00:00:00+00:00,2,NEUTRAL,1.0,True,8,False,BULL_STRUCTURE,BULL_STRUCTURE,1.0,0.9527105836226474033357080994,0.9527105836226474033357080994
2024-01-05 00:00:00+00:00,2,NEUTRAL,0.9815396695431856,True,9,False,BULL_STRUCTURE,BULL_STRUCTURE,1.0,0.9527044704540100772369812187,0.9527044704540100772369812187
2024-01-06 00:00:00+00:00,2,NEUTRAL,0.007423803123173889,False,9,False,BULL_STRUCTURE,BULL_STRUCTURE,1.0,0.475,0.475
2024-01-07 00:00:00+00:00,2,NEUTRAL,0.00020938085373651308,False,9,False,BULL_STRUCTURE,BULL_STRUCTURE,1.0,0.4750707874819154243609273992,0.4750707874819154243609273992
2024-01-08 00:00:00+00:00,2,NEUTRAL,7.670321334408187e-09,False,9,False,BULL_STRUCTURE,BULL_STRUCTURE,1.0,0.4916834186181903579012206729,0.4916834186181903579012206729
2024-01-09 00:00:00+00:00,2,NEUTRAL,0.18106507395428284,False,9,False,BULL_STRUCTURE,BULL_STRUCTURE,1.0,0.4871665931939278779310232549,0.4871665931939278779310232549
2024-01-10 00:00:00+00:00,2,NEUTRAL,6.67088015218122e-09,False,9,False,BULL_STRUCTURE,BULL_STRUCTURE,1.0,0.4900972210436837517667951325,0.4900972210436837517667951325
2024-01-11 00:00:00+00:00,2,NEUTRAL,2.1061555738845147e-07,False,9,False,BULL_STRUCTURE,BULL_STRUCTURE,1.0,0.4884052394061367326715530574,0.4884052394061367326715530574
2024-01-12 00:00:00+00:00,2,NEUTRAL,0.9999999694045987,True,10,False,BULL_STRUCTURE,BULL_STRUCTURE,1.0,0.95,0.95
2024-01-13 00:00:00+00:00,2,NEUTRAL,0.999999999996362,True,11,False,BULL_STRUCTURE,BULL_STRUCTURE,1.0,0.9506654263017619205396284181,0.9506654263017619205396284181
2024-01-14 00:00:00+00:00,2,NEUTRAL,0.999999999990905,True,12,False,BULL_STRUCTURE,BULL_STRUCTURE,1.0,0.60,0.60
2024-01-15 00:00:00+00:00,2,NEUTRAL,0.9999999999381544,True,13,False,BULL_STRUCTURE,BULL_STRUCTURE,1.0,0.95,0.95
2024-01-16 00:00:00+00:00,2,NEUTRAL,9.431880318424363e-07,False,13,False,BULL_STRUCTURE,BULL_STRUCTURE,1.0,0.475,0.475
2024-01-17 00:00:00+00:00,2,NEUTRAL,0.9183174479137555,True,14,False,BULL_STRUCTURE,BULL_STRUCTURE,1.0,0.95,0.95
2024-01-18 00:00:00+00:00,2,NEUTRAL,0.9999998399444067,True,15,False,BULL_STRUCTURE,BULL_STRUCTURE,1.0,0.60,0.60
2024-01-19 00:00:00+00:00,2,NEUTRAL,0.9999951843344654,True,16,False,BULL_STRUCTURE,BULL_STRUCTURE,1.0,0.6021871111307122004124629446,0.6021871111307122004124629446
2024-01-20 00:00:00+00:00,2,NEUTRAL,0.500256544608573,True,17,False,BULL_STRUCTURE,BULL_STRUCTURE,1.0,0.30,0.30
2024-01-21 00:00:00+00:00,2,NEUTRAL,0.0008195897843890147,False,17,False,BULL_STRUCTURE,BULL_STRUCTURE,1.0,0.2995331081946353501150767972,0.2995331081946353501150767972
2024-01-22 00:00:00+00:00,2,NEUTRAL,0.38079561093693826,False,17,False,BULL_STRUCTURE,BULL_STRUCTURE,1.0,0.2892296963127442396227428414,0.2892296963127442396227428414
2024-01-23 00:00:00+00:00,0,BEAR,1.0,True,3,False,BULL_STRUCTURE,BULL_STRUCTURE,1.0,0.95,0.95
2024-01-24 00:00:00+00:00,0,BEAR,0.999999999998181,True,4,False,BULL_STRUCTURE,BULL_STRUCTURE,1.0,0.9510322196594738158884276484,0.9510322196594738158884276484
2024-01-25 00:00:00+00:00,0,BEAR,0.9997897350393544,True,5,False,BULL_STRUCTURE,BULL_STRUCTURE,1.0,0.9508879788959529416769472344,0.9508879788959529416769472344
2024-01-26 00:00:00+00:00,0,BEAR,0.9999999998544808,True,6,False,BULL_STRUCTURE,BULL_STRUCTURE,1.0,0.9529721105359546756871283598,0.9529721105359546756871283598
2024-01-27 00:00:00+00:00,0,BEAR,1.0,True,7,False,BULL_STRUCTURE,BULL_STRUCTURE,1.0,0.9532883505369255946963047007,0.9532883505369255946963047007
2024-01-28 00:00:00+00:00,0,BEAR,0.9999999999727152,True,8,False,BULL_STRUCTURE,BULL_STRUCTURE,1.0,0.9531934653339517562903820113,0.9531934653339517562903820113
2024-01-29 00:00:00+00:00,0,BEAR,0.9999999999336069,True,9,False,BULL_STRUCTURE,BULL_STRUCTURE,1.0,0.9545054661742211280073188421,0.9545054661742211280073188421
2024-01-30 00:00:00+00:00,0,BEAR,1.0,True,10,False,BULL_STRUCTURE,BULL_STRUCTURE,1.0,0.9541399332099960150419352177,0.9541399332099960150419352177
2024-01-31 00:00:00+00:00,0,BEAR,0.9999999999881766,True,11,False,BULL_STRUCTURE,BULL_STRUCTURE,1.0,0.9537689965857660663015981363,0.9537689965857660663015981363
2024-02-01 00:00:00+00:00,0,BEAR,0.9999999999990905,True,12,False,BULL_STRUCTURE,BULL_STRUCTURE,1.0,0.9542840138808717186852259977,0.9542840138808717186852259977
2024-02-02 00:00:00+00:00,0,BEAR,1.0,True,13,False,BULL_STRUCTURE,BULL_STRUCTURE,1.0,0.9544022429625908987038761124,0.9544022429625908987038761124
2024-02-03 00:00:00+00:00,0,BEAR,0.9999999991914592,True,14,False,BULL_STRUCTURE,BULL_STRUCTURE,1.0,0.9542111421811703445069488053,0.9542111421811703445069488053
2024-02-04 00:00:00+00:00,0,BEAR,0.9999999263191084,True,15,False,BULL_STRUCTURE,BULL_STRUCTURE,1.0,0.9537719787759455166161217997,0.9537719787759455166161217997
2024-02-05 00:00:00+00:00,0,BEAR,0.9999999999545253,True,16,False,BULL_STRUCTURE,BULL_STRUCTURE,1.0,0.9539018887037101888811637177,0.9539018887037101888811637177
2024-02-06 00:00:00+00:00,0,BEAR,1.0,True,17,False,BULL_STRUCTURE,BULL_STRUCTURE,1.0,0.9543002199526553114377554207,0.9543002199526553114377554207
2024-02-07 00:00:00+00:00,0,BEAR,1.0,True,18,False,BULL_STRUCTURE,BULL_STRUCTURE,1.0,0.9555316372821411488005968310,0.9555316372821411488005968310
2024-02-08 00:00:00+00:00,0,BEAR,1.0,True,19,False,BULL_STRUCTURE,BULL_STRUCTURE,1.0,0.9564134902373011193978246643,0.9564134902373011193978246643
2024-02-09 00:00:00+00:00,0,BEAR,1.0,True,20,False,BULL_STRUCTURE,BULL_STRUCTURE,1.0,0.9580473142149102579381882917,0.9580473142149102579381882917
2024-02-10 00:00:00+00:00,0,BEAR,1.0,True,21,False,BULL_STRUCTURE,BULL_STRUCTURE,1.0,0.9585680443614669498821383332,0.9585680443614669498821383332
2024-02-11 00:00:00+00:00,0,BEAR,1.0,True,22,False,BULL_STRUCTURE,BULL_STRUCTURE,1.0,0.9590195977494400685849917530,0.9590195977494400685849917530
2024-02-12 00:00:00+00:00,0,BEAR,1.0,True,23,False,BULL_STRUCTURE,BULL_STRUCTURE,1.0,0.9602946121783481940412889121,0.9602946121783481940412889121
2024-02-13 00:00:00+00:00,0,BEAR,1.0,True,24,False,BULL_STRUCTURE,BULL_STRUCTURE,1.0,0.9601276399906621369660824322,0.9601276399906621369660824322
2024-02-14 00:00:00+00:00,0,BEAR,1.0,True,25,False,BULL_STRUCTURE,BULL_STRUCTURE,1.0,0.9616790159735909443254708274,0.9616790159735909443254708274
2024-02-15 00:00:00+00:00,0,BEAR,0.9999999999990905,True,26,False,BULL_STRUCTURE,BULL_STRUCTURE,1.0,0.9617392779686371099815694299,0.9617392779686371099815694299
2024-02-16 00:00:00+00:00,0,BEAR,1.0,True,27,False,BULL_STRUCTURE,BULL_STRUCTURE,1.0,0.9619116374817326570678045356,0.9619116374817326570678045356
2024-02-17 00:00:00+00:00,0,BEAR,0.999999999996362,True,28,False,BULL_STRUCTURE,BULL_STRUCTURE,1.0,0.9615701820027453541686129854,0.9615701820027453541686129854
2024-02-18 00:00:00+00:00,0,BEAR,0.9999999999781721,True,29,False,BULL_STRUCTURE,BULL_STRUCTURE,1.0,0.9619211663177629462317094495,0.9619211663177629462317094495
2024-02-19 00:00:00+00:00,0,BEAR,0.9999999999890861,True,30,False,BULL_STRUCTURE,BULL_STRUCTURE,1.0,0.9616644673043380010175105204,0.9616644673043380010175105204
2024-02-20 00:00:00+00:00,0,BEAR,0.999999999996362,True,31,False,BULL_STRUCTURE,BULL_STRUCTURE,1.0,0.9620060893080923284768802128,0.9620060893080923284768802128
2024-02-21 00:00:00+00:00,0,BEAR,1.0,True,32,False,BULL_STRUCTURE,BULL_STRUCTURE,1.0,0.9617175549395682530324194705,0.9617175549395682530324194705
2024-02-22 00:00:00+00:00,0,BEAR,0.9999999999745341,True,33,False,BULL_STRUCTURE,BULL_STRUCTURE,1.0,0.9613150365565471614405032683,0.9613150365565471614405032683
2024-02-23 00:00:00+00:00,0,BEAR,0.9995552395871129,True,34,False,BULL_STRUCTURE,BULL_STRUCTURE,1.0,0.9609163274287983098526223003,0.9609163274287983098526223003
2024-02-24 00:00:00+00:00,0,BEAR,0.9999651203132492,True,35,False,BULL_STRUCTURE,BULL_STRUCTURE,1.0,0.9615168567705927625874620617,0.9615168567705927625874620617
2024-02-25 00:00:00+00:00,0,BEAR,0.9999383745197459,True,36,False,BULL_STRUCTURE,BULL_STRUCTURE,1.0,0.9616317708325454494054592840,0.9616317708325454494054592840
2024-02-26 00:00:00+00:00,0,BEAR,0.9999997541454224,True,37,False,BULL_STRUCTURE,BULL_STRUCTURE,1.0,0.9634963014448248459830028861,0.9634963014448248459830028861
2024-02-27 00:00:00+00:00,0,BEAR,0.9238317246871834,True,38,False,BULL_STRUCTURE,BULL_STRUCTURE,1.0,0.9650780139937383648294850338,0.9650780139937383648294850338
2024-02-28 00:00:00+00:00,0,BEAR,3.08196426333976e-11,False,38,False,BULL_STRUCTURE,BULL_STRUCTURE,1.0,0.475,0.475
2024-02-29 00:00:00+00:00,0,BEAR,9.871538697642009e-58,False,38,False,BULL_STRUCTURE,BULL_STRUCTURE,1.0,0.4700545922227155708365349128,0.4700545922227155708365349128
2024-03-01 00:00:00+00:00,0,BEAR,9.592988589660076e-61,False,38,False,BULL_STRUCTURE,BULL_STRUCTURE,1.0,0.4751274008603926334270915850,0.4751274008603926334270915850
2024-03-02 00:00:00+00:00,2,NEUTRAL,1.0,True,3,False,BULL_STRUCTURE,BULL_STRUCTURE,1.0,0.95,0.95
2024-03-03 00:00:00+00:00,2,NEUTRAL,1.0,True,4,False,BULL_STRUCTURE,BULL_STRUCTURE,1.0,0.9514270935752249192165405003,0.9514270935752249192165405003
2024-03-04 00:00:00+00:00,2,NEUTRAL,1.0,True,5,False,BULL_STRUCTURE,BULL_STRUCTURE,1.0,0.9549148651449737584108863386,0.9549148651449737584108863386
2024-03-05 00:00:00+00:00,2,NEUTRAL,1.0,True,6,False,BULL_STRUCTURE,BULL_STRUCTURE,1.0,0.9518697092733985372912592832,0.9518697092733985372912592832
2024-03-06 00:00:00+00:00,2,NEUTRAL,1.0,True,7,False,BULL_STRUCTURE,BULL_STRUCTURE,1.0,0.9535019439957808858950261368,0.9535019439957808858950261368
2024-03-07 00:00:00+00:00,2,NEUTRAL,0.999999999992724,True,8,False,BULL_STRUCTURE,BULL_STRUCTURE,1.0,0.9539992376749098304585460812,0.9539992376749098304585460812
2024-03-08 00:00:00+00:00,2,NEUTRAL,5.402536229853435e-09,False,8,False,BULL_STRUCTURE,BULL_STRUCTURE,1.0,0.475,0.475
2024-03-09 00:00:00+00:00,2,NEUTRAL,1.9491041873015927e-14,False,8,False,BULL_STRUCTURE,BULL_STRUCTURE,1.0,0.4759873881421008016304932239,0.4759873881421008016304932239
2024-03-10 00:00:00+00:00,1,BULL,1.0,True,3,False,BULL_STRUCTURE,BULL_STRUCTURE,1.0,0.4783232081127595863584338059,0.4783232081127595863584338059
2024-03-11 00:00:00+00:00,1,BULL,1.0,True,4,False,BULL_STRUCTURE,BULL_STRUCTURE,1.0,0.4893820519505581137093839704,0.4893820519505581137093839704
2024-03-12 00:00:00+00:00,1,BULL,1.0,True,5,False,BULL_STRUCTURE,BULL_STRUCTURE,1.0,0.4872021968263888898047052359,0.4872021968263888898047052359
2024-03-13 00:00:00+00:00,1,BULL,1.0,True,6,False,BULL_STRUCTURE,BULL_STRUCTURE,1.0,0.4928061053724552096009870514,0.4928061053724552096009870514
2024-03-14 00:00:00+00:00,1,BULL,1.0,True,7,False,BULL_STRUCTURE,BULL_STRUCTURE,1.0,0.4869815739296571046438657480,0.4869815739296571046438657480
2024-03-15 00:00:00+00:00,1,BULL,1.0,True,8,False,BULL_STRUCTURE,BULL_STRUCTURE,1.0,0.4802842684671260223334015673,0.4802842684671260223334015673
2024-03-16 00:00:00+00:00,1,BULL,2.0317124936182748e-07,False,8,False,BULL_STRUCTURE,BULL_STRUCTURE,1.0,0.4647518789149927801087732814,0.4647518789149927801087732814
2024-03-17 00:00:00+00:00,1,BULL,2.5801115699237375e-08,False,8,False,BULL_STRUCTURE,BULL_STRUCTURE,1.0,0.4762800849433885451118642967,0.4762800849433885451118642967
2024-03-18 00:00:00+00:00,0,BEAR,1.0,True,3,False,BULL_STRUCTURE,BULL_STRUCTURE,1.0,0.95,0.95
2024-03-19 00:00:00+00:00,0,BEAR,0.999999999998181,True,4,False,BULL_STRUCTURE,BULL_STRUCTURE,1.0,0.9463062019165393004666859484,0.9463062019165393004666859484
2024-03-20 00:00:00+00:00,0,BEAR,0.9999981612089494,True,5,False,BULL_STRUCTURE,BULL_STRUCTURE,1.0,0.9507482312624534787054857306,0.9507482312624534787054857306
2024-03-21 00:00:00+00:00,0,BEAR,1.0,True,6,False,BULL_STRUCTURE,BULL_STRUCTURE,1.0,0.9490788743527646148682852000,0.9490788743527646148682852000
2024-03-22 00:00:00+00:00,0,BEAR,1.0,True,7,False,BULL_STRUCTURE,BULL_STRUCTURE,1.0,0.9477893126592362103892374441,0.9477893126592362103892374441
2024-03-23 00:00:00+00:00,0,BEAR,1.0,True,8,False,BULL_STRUCTURE,BULL_STRUCTURE,1.0,0.9479388730747300478135829185,0.9479388730747300478135829185
2024-03-24 00:00:00+00:00,0,BEAR,0.9365772094977939,True,9,False,BULL_STRUCTURE,BULL_STRUCTURE,1.0,0.9503091430530790268561381238,0.9503091430530790268561381238
2024-03-25 00:00:00+00:00,0,BEAR,0.9963238441988488,True,10,False,BULL_STRUCTURE,BULL_STRUCTURE,1.0,0.9521168511118663161006938383,0.9521168511118663161006938383
2024-03-26 00:00:00+00:00,0,BEAR,1.83812476141307e-07,False,10,False,BULL_STRUCTURE,BULL_STRUCTURE,1.0,0.475,0.475
2024-03-27 00:00:00+00:00,0,BEAR,1.6283194152836684e-19,False,10,False,BULL_STRUCTURE,BULL_STRUCTURE,1.0,0.4734411266834549953359797500,0.4734411266834549953359797500
2024-03-28 00:00:00+00:00,1,BULL,1.0,True,3,False,BULL_STRUCTURE,BULL_STRUCTURE,1.0,0.4781026441818551698499207137,0.4781026441818551698499207137
2024-03-29 00:00:00+00:00,1,BULL,1.0,True,4,False,BULL_STRUCTURE,BULL_STRUCTURE,1.0,0.4748032064362455017653083892,0.4748032064362455017653083892
2024-03-30 00:00:00+00:00,1,BULL,1.0,True,5,False,BULL_STRUCTURE,BULL_STRUCTURE,1.0,0.4738434154473696044691605846,0.4738434154473696044691605846
2024-03-31 00:00:00+00:00,1,BULL,1.0,True,6,False,BULL_STRUCTURE,BULL_STRUCTURE,1.0,0.4798572786870119472278322231,0.4798572786870119472278322231
2024-04-01 00:00:00+00:00,1,BULL,1.0,True,7,False,BULL_STRUCTURE,BULL_STRUCTURE,1.0,0.4740855891917618869200897246,0.4740855891917618869200897246
2024-04-02 00:00:00+00:00,1,BULL,0.9999999984756869,True,8,False,BULL_STRUCTURE,BULL_STRUCTURE,1.0,0.4586620198647183752971931415,0.4586620198647183752971931415
2024-04-03 00:00:00+00:00,1,BULL,0.21954670116056035,False,8,False,BULL_STRUCTURE,BULL_STRUCTURE,1.0,0.4605491205866189440828150018,0.4605491205866189440828150018
2024-04-04 00:00:00+00:00,1,BULL,1.0852632076335685e-07,False,8,False,BULL_STRUCTURE,BULL_STRUCTURE,1.0,0.4698927277758737448022919034,0.4698927277758737448022919034
2024-04-05 00:00:00+00:00,0,BEAR,0.9999999999436113,True,3,False,BULL_STRUCTURE,BULL_STRUCTURE,1.0,0.95,0.95
2024-04-06 00:00:00+00:00,0,BEAR,0.9999999412866618,True,4,False,BULL_STRUCTURE,BULL_STRUCTURE,1.0,0.9513291053692114953777471870,0.9513291053692114953777471870
2024-04-07 00:00:00+00:00,0,BEAR,0.999999992445737,True,5,False,BULL_STRUCTURE,BULL_STRUCTURE,1.0,0.9516392133843811161194035522,0.9516392133843811161194035522
2024-04-08 00:00:00+00:00,0,BEAR,0.5841415523745013,True,6,False,BULL_STRUCTURE,BULL_STRUCTURE,1.0,0.9530934263143680004255186648,0.9530934263143680004255186648
2024-04-09 00:00:00+00:00,0,BEAR,1.6828299464019883e-06,False,6,False,BULL_STRUCTURE,BULL_STRUCTURE,1.0,0.475,0.475
2024-04-10 00:00:00+00:00,0,BEAR,1.468606340451471e-05,False,6,False,BULL_STRUCTURE,BULL_STRUCTURE,1.0,0.4805946414408124315545152341,0.4805946414408124315545152341
2024-04-11 00:00:00+00:00,1,BULL,0.999758391847436,True,3,False,BULL_STRUCTURE,BULL_STRUCTURE,1.0,0.4783768756126764826768810621,0.4783768756126764826768810621
2024-04-12 00:00:00+00:00,1,BULL,0.729533321665479,True,4,False,BULL_STRUCTURE,BULL_STRUCTURE,1.0,0.4678692126329254222608872581,0.4678692126329254222608872581
2024-04-13 00:00:00+00:00,1,BULL,0.020131753186752123,False,4,False,BULL_STRUCTURE,BULL_STRUCTURE,1.0,0.4557590351221409323940529969,0.4557590351221409323940529969
2024-04-14 00:00:00+00:00,1,BULL,0.9857899023347835,True,5,False,BULL_STRUCTURE,BULL_STRUCTURE,1.0,0.4624178211796112517717442848,0.4624178211796112517717442848
2024-04-15 00:00:00+00:00,1,BULL,5.142171621701297e-05,False,5,False,BULL_STRUCTURE,BULL_STRUCTURE,1.0,0.4537943068761157693173417155,0.4537943068761157693173417155
2024-04-16 00:00:00+00:00,1,BULL,8.19814102316872e-05,False,5,False,BULL_STRUCTURE,BULL_STRUCTURE,1.0,0.4552497813752276441013714292,0.4552497813752276441013714292
2024-04-17 00:00:00+00:00,0,BEAR,0.9998868043846313,True,3,False,BULL_STRUCTURE,BULL_STRUCTURE,1.0,0.95,0.95
2024-04-18 00:00:00+00:00,0,BEAR,0.9999965612246351,True,4,False,BULL_STRUCTURE,BULL_STRUCTURE,1.0,0.9522462597057115078564812578,0.9522462597057115078564812578
2024-04-19 00:00:00+00:00,0,BEAR,0.03565848204863442,False,4,False,BULL_STRUCTURE,BULL_STRUCTURE,1.0,0.475,0.475
2024-04-20 00:00:00+00:00,2,NEUTRAL,0.9999999885458238,True,1,False,BULL_STRUCTURE,BULL_STRUCTURE,1.0,0.95,0.95
2024-04-21 00:00:00+00:00,2,NEUTRAL,0.9999999786332412,True,2,False,BULL_STRUCTURE,BULL_STRUCTURE,1.0,0.9505795959337118867124191669,0.9505795959337118867124191669
2024-04-22 00:00:00+00:00,2,NEUTRAL,0.9999999999445208,True,3,False,BULL_STRUCTURE,BULL_STRUCTURE,1.0,0.9519018999993067686307891224,0.9519018999993067686307891224
2024-04-23 00:00:00+00:00,2,NEUTRAL,0.9999859747805583,True,4,False,BULL_STRUCTURE,BULL_STRUCTURE,1.0,0.9516225613383507084456596087,0.9516225613383507084456596087
2024-04-24 00:00:00+00:00,2,NEUTRAL,0.9999999882602425,True,5,False,BULL_STRUCTURE,BULL_STRUCTURE,1.0,0.60,0.60
2024-04-25 00:00:00+00:00,2,NEUTRAL,0.9999999999863576,True,6,False,BULL_STRUCTURE,BULL_STRUCTURE,1.0,0.6010492041979456485092129210,0.6010492041979456485092129210
2024-04-26 00:00:00+00:00,2,NEUTRAL,0.9999999998653948,True,7,False,BULL_STRUCTURE,BULL_STRUCTURE,1.0,0.5983229477269349760010629686,0.5983229477269349760010629686
2024-04-27 00:00:00+00:00,2,NEUTRAL,1.0,True,8,False,BULL_STRUCTURE,BULL_STRUCTURE,1.0,0.5971586979010377156359012949,0.5971586979010377156359012949
2024-04-28 00:00:00+00:00,2,NEUTRAL,1.0,True,9,False,BULL_STRUCTURE,BULL_STRUCTURE,1.0,0.5958529321385884164591728438,0.5958529321385884164591728438
2024-04-29 00:00:00+00:00,2,NEUTRAL,1.0,True,10,False,BULL_STRUCTURE,BULL_STRUCTURE,1.0,0.5986843835762468276495173084,0.5986843835762468276495173084
2024-04-30 00:00:00+00:00,2,NEUTRAL,0.9999999996280167,True,11,False,BULL_STRUCTURE,BULL_STRUCTURE,1.0,0.5862978171074002268917516775,0.5862978171074002268917516775
2024-05-01 00:00:00+00:00,2,NEUTRAL,1.0,True,12,False,BULL_STRUCTURE,BULL_STRUCTURE,1.0,0.5768645391628947976016394808,0.5768645391628947976016394808
2024-05-02 00:00:00+00:00,2,NEUTRAL,1.0,True,13,False,BULL_STRUCTURE,BULL_STRUCTURE,1.0,0.5797539530759277846181576723,0.5797539530759277846181576723
2024-05-03 00:00:00+00:00,2,NEUTRAL,1.0,True,14,False,BULL_STRUCTURE,BULL_STRUCTURE,1.0,0.5949481890806629260381383994,0.5949481890806629260381383994
2024-05-04 00:00:00+00:00,2,NEUTRAL,0.9999999950559868,True,15,False,BULL_STRUCTURE,BULL_STRUCTURE,1.0,0.95,0.95
2024-05-05 00:00:00+00:00,2,NEUTRAL,0.9938231329019983,True,16,False,BULL_STRUCTURE,BULL_STRUCTURE,1.0,0.9505215875729855461972335381,0.9505215875729855461972335381
2024-05-06 00:00:00+00:00,2,NEUTRAL,0.9999994179572116,True,17,False,BULL_STRUCTURE,BULL_STRUCTURE,1.0,0.60,0.60
2024-05-07 00:00:00+00:00,2,NEUTRAL,0.999999148622372,True,18,False,BULL_STRUCTURE,BULL_STRUCTURE,1.0,0.5970048429414404313622770594,0.5970048429414404313622770594
2024-05-08 00:00:00+00:00,2,NEUTRAL,1.0,True,19,False,BULL_STRUCTURE,BULL_STRUCTURE,1.0,0.5926373083949485548131028566,0.5926373083949485548131028566
2024-05-09 00:00:00+00:00,2,NEUTRAL,1.0,True,20,False,BULL_STRUCTURE,BULL_STRUCTURE,1.0,0.5999253730536168768044755415,0.5999253730536168768044755415
2024-05-10 00:00:00+00:00,2,NEUTRAL,0.9999999999990905,True,21,False,BULL_STRUCTURE,BULL_STRUCTURE,1.0,0.5910807646831130219744524816,0.5910807646831130219744524816
2024-05-11 00:00:00+00:00,2,NEUTRAL,1.0,True,22,False,BULL_STRUCTURE,BULL_STRUCTURE,1.0,0.5911840989698502966881579958,0.5911840989698502966881579958
2024-05-12 00:00:00+00:00,2,NEUTRAL,1.0,True,23,False,BULL_STRUCTURE,BULL_STRUCTURE,1.0,0.5937819763032321690929089764,0.5937819763032321690929089764
2024-05-13 00:00:00+00:00,2,NEUTRAL,1.0,True,24,False,BULL_STRUCTURE,BULL_STRUCTURE,1.0,0.5994150804750688066594853214,0.5994150804750688066594853214
2024-05-14 00:00:00+00:00,2,NEUTRAL,1.0,True,25,False,BULL_STRUCTURE,BULL_STRUCTURE,1.0,0.5941484508247830873852399824,0.5941484508247830873852399824
2024-05-15 00:00:00+00:00,2,NEUTRAL,1.0,True,26,False,BULL_STRUCTURE,BULL_STRUCTURE,1.0,0.95,0.95
2024-05-16 00:00:00+00:00,2,NEUTRAL,0.99999963498892,True,27,False,BULL_STRUCTURE,BULL_STRUCTURE,1.0,0.9497153826782839382202396218,0.9497153826782839382202396218
2024-05-17 00:00:00+00:00,2,NEUTRAL,0.9999999999581632,True,28,False,BULL_STRUCTURE,BULL_STRUCTURE,1.0,0.9509916477017214622523774939,0.9509916477017214622523774939
2024-05-18 00:00:00+00:00,2,NEUTRAL,1.0,True,29,False,BULL_STRUCTURE,BULL_STRUCTURE,1.0,0.9509158743821268314395494010,0.9509158743821268314395494010
2024-05-19 00:00:00+00:00,2,NEUTRAL,0.999999999994543,True,30,False,BULL_STRUCTURE,BULL_STRUCTURE,1.0,0.9504645170947369892648148603,0.9504645170947369892648148603
2024-05-20 00:00:00+00:00,2,NEUTRAL,0.9999999999890861,True,31,False,BULL_STRUCTURE,BULL_STRUCTURE,1.0,0.9538854192969974791593198571,0.9538854192969974791593198571
2024-05-21 00:00:00+00:00,2,NEUTRAL,0.9987446597492153,True,32,False,BULL_STRUCTURE,BULL_STRUCTURE,1.0,0.9530719991160231974413239146,0.9530719991160231974413239146
2024-05-22 00:00:00+00:00,2,NEUTRAL,0.9639261892779348,True,33,False,BULL_STRUCTURE,BULL_STRUCTURE,1.0,0.9524376042303674935131767333,0.9524376042303674935131767333
2024-05-23 00:00:00+00:00,2,NEUTRAL,0.9998991997583954,True,34,False,BULL_STRUCTURE,BULL_STRUCTURE,1.0,0.9516405187840874468861497679,0.9516405187840874468861497679
2024-05-24 00:00:00+00:00,2,NEUTRAL,0.9999963472931404,True,35,False,BULL_STRUCTURE,BULL_STRUCTURE,1.0,0.9520302879755244449786994390,0.9520302879755244449786994390
2024-05-25 00:00:00+00:00,2,NEUTRAL,0.9999999998663043,True,36,False,BULL_STRUCTURE,BULL_STRUCTURE,1.0,0.9525186461287221284471964223,0.9525186461287221284471964223
2024-05-26 00:00:00+00:00,2,NEUTRAL,0.9999999884057617,True,37,False,BULL_STRUCTURE,BULL_STRUCTURE,1.0,0.9520020774309824229978736164,0.9520020774309824229978736164
2024-05-27 00:00:00+00:00,2,NEUTRAL,0.9999999956071406,True,38,False,BULL_STRUCTURE,BULL_STRUCTURE,1.0,0.9526136603742312861309365995,0.9526136603742312861309365995
2024-05-28 00:00:00+00:00,2,NEUTRAL,0.9998565367522982,True,39,False,BULL_STRUCTURE,BULL_STRUCTURE,1.0,0.9519290776022978453233983125,0.9519290776022978453233983125
2024-05-29 00:00:00+00:00,2,NEUTRAL,0.999999392344037,True,40,False,BULL_STRUCTURE,BULL_STRUCTURE,1.0,0.9514247706728866238675194803,0.9514247706728866238675194803
2024-05-30 00:00:00+00:00,2,NEUTRAL,0.9999999752408261,True,41,False,BULL_STRUCTURE,BULL_STRUCTURE,1.0,0.9518981354466780846089124374,0.9518981354466780846089124374
2024-05-31 00:00:00+00:00,2,NEUTRAL,0.9999998829071115,True,42,False,BULL_STRUCTURE,BULL_STRUCTURE,1.0,0.9513478579774766450064247994,0.9513478579774766450064247994
2024-06-01 00:00:00+00:00,2,NEUTRAL,0.9999999423271236,True,43,False,BULL_STRUCTURE,BULL_STRUCTURE,1.0,0.9515028161134790126087445228,0.9515028161134790126087445228
2024-06-02 00:00:00+00:00,2,NEUTRAL,0.9999999963656592,True,44,False,BULL_STRUCTURE,BULL_STRUCTURE,1.0,0.9515019853515804303601631195,0.9515019853515804303601631195
2024-06-03 00:00:00+00:00,2,NEUTRAL,0.9999994813416814,True,45,False,BULL_STRUCTURE,BULL_STRUCTURE,1.0,0.9522028195704083856083486284,0.9522028195704083856083486284
2024-06-04 00:00:00+00:00,2,NEUTRAL,0.9999988335846391,True,46,False,BULL_STRUCTURE,BULL_STRUCTURE,1.0,0.9533190324858781856865534372,0.9533190324858781856865534372
2024-06-05 00:00:00+00:00,2,NEUTRAL,0.9999996063371193,True,47,False,BULL_STRUCTURE,BULL_STRUCTURE,1.0,0.9536759920153850368227131192,0.9536759920153850368227131192
2024-06-06 00:00:00+00:00,2,NEUTRAL,0.9999963442981853,True,48,False,BULL_STRUCTURE,BULL_STRUCTURE,1.0,0.9534832546808203915731550709,0.9534832546808203915731550709
2024-06-07 00:00:00+00:00,2,NEUTRAL,0.9997737418686969,True,49,False,BULL_STRUCTURE,BULL_STRUCTURE,1.0,0.9525610541623767891364918477,0.9525610541623767891364918477
2024-06-08 00:00:00+00:00,2,NEUTRAL,0.9899054164203505,True,50,False,BULL_STRUCTURE,BULL_STRUCTURE,1.0,0.9525316250470444274633788880,0.9525316250470444274633788880
2024-06-09 00:00:00+00:00,2,NEUTRAL,0.24112856438665836,False,50,False,BULL_STRUCTURE,BULL_STRUCTURE,1.0,0.475,0.475
2024-06-10 00:00:00+00:00,2,NEUTRAL,0.0003972947279022214,False,50,False,BULL_STRUCTURE,BULL_STRUCTURE,1.0,0.4749063086563481136809387239,0.4749063086563481136809387239
2024-06-11 00:00:00+00:00,1,BEAR,0.9999999638257584,True,3,False,BULL_STRUCTURE,BULL_STRUCTURE,1.0,0.95,0.95
2024-06-12 00:00:00+00:00,1,BEAR,0.999999996308361,True,4,False,BULL_STRUCTURE,BULL_STRUCTURE,1.0,0.9512487950910777374709453946,0.9512487950910777374709453946
2024-06-13 00:00:00+00:00,1,BEAR,0.999999999996362,True,5,False,BULL_STRUCTURE,BULL_STRUCTURE,1.0,0.9502144205208721959777431403,0.9502144205208721959777431403
2024-06-14 00:00:00+00:00,1,BEAR,1.0,True,6,False,BULL_STRUCTURE,BULL_STRUCTURE,1.0,0.9496925140023922668635375085,0.9496925140023922668635375085
2024-06-15 00:00:00+00:00,1,BEAR,1.0,True,7,False,BULL_STRUCTURE,BULL_STRUCTURE,1.0,0.9498254566144051554867913254,0.9498254566144051554867913254
2024-06-16 00:00:00+00:00,1,BEAR,1.0,True,8,False,BULL_STRUCTURE,BULL_STRUCTURE,1.0,0.9501462144672678583915939929,0.9501462144672678583915939929
2024-06-17 00:00:00+00:00,1,BEAR,1.0,True,9,False,BULL_STRUCTURE,BULL_STRUCTURE,1.0,0.9500233369901547315156964134,0.9500233369901547315156964134
2024-06-18 00:00:00+00:00,1,BEAR,1.0,True,10,False,BULL_STRUCTURE,BULL_STRUCTURE,1.0,0.9490561638094512662352910752,0.9490561638094512662352910752
2024-06-19 00:00:00+00:00,1,BEAR,1.0,True,11,False,BULL_STRUCTURE,BULL_STRUCTURE,1.0,0.9489066569661136770335470238,0.9489066569661136770335470238
2024-06-20 00:00:00+00:00,1,BEAR,1.0,True,12,False,BULL_STRUCTURE,BULL_STRUCTURE,1.0,0.9488286514038764495486799068,0.9488286514038764495486799068
2024-06-21 00:00:00+00:00,1,BEAR,1.0,True,13,False,BULL_STRUCTURE,BULL_STRUCTURE,1.0,0.9482791057776357844547220773,0.9482791057776357844547220773
2024-06-22 00:00:00+00:00,1,BEAR,1.0,True,14,False,BULL_STRUCTURE,BULL_STRUCTURE,1.0,0.9483695174226201754006412703,0.9483695174226201754006412703
2024-06-23 00:00:00+00:00,1,BEAR,1.0,True,15,False,BULL_STRUCTURE,BULL_STRUCTURE,1.0,0.9475552995522443101502158745,0.9475552995522443101502158745
2024-06-24 00:00:00+00:00,1,BEAR,0.9999999999899956,True,16,False,BULL_STRUCTURE,BULL_STRUCTURE,1.0,0.9451574057407701075753205891,0.9451574057407701075753205891
2024-06-25 00:00:00+00:00,1,BEAR,1.0,True,17,False,BULL_STRUCTURE,BULL_STRUCTURE,1.0,0.9464277763518048526560872748,0.9464277763518048526560872748
2024-06-26 00:00:00+00:00,1,BEAR,0.9999998212079095,True,18,False,BULL_STRUCTURE,BULL_STRUCTURE,1.0,0.9456445290880237509390812592,0.9456445290880237509390812592
2024-06-27 00:00:00+00:00,1,BEAR,0.9999999999990905,True,19,False,BULL_STRUCTURE,BULL_STRUCTURE,1.0,0.9463459945724919701021051439,0.9463459945724919701021051439
2024-06-28 00:00:00+00:00,1,BEAR,0.9999999978572305,True,20,False,BULL_STRUCTURE,BULL_STRUCTURE,1.0,0.9452728279857877094751506022,0.9452728279857877094751506022
2024-06-29 00:00:00+00:00,1,BEAR,1.0,True,21,False,BULL_STRUCTURE,BULL_STRUCTURE,1.0,0.9457471032982266292355871404,0.9457471032982266292355871404
2024-06-30 00:00:00+00:00,1,BEAR,1.0,True,22,False,BULL_STRUCTURE,BULL_STRUCTURE,1.0,0.9472086781676502615488588157,0.9472086781676502615488588157
2024-07-01 00:00:00+00:00,1,BEAR,0.9999999999972715,True,23,False,BULL_STRUCTURE,BULL_STRUCTURE,1.0,0.9473104309714850895310632232,0.9473104309714850895310632232
2024-07-02 00:00:00+00:00,1,BEAR,0.9999999999417923,True,24,False,BULL_STRUCTURE,BULL_STRUCTURE,1.0,0.9466966904915807128138920029,0.9466966904915807128138920029
2024-07-03 00:00:00+00:00,1,BEAR,0.999999999400643,True,25,False,BULL_STRUCTURE,BULL_STRUCTURE,1.0,0.9450844740668741782655066399,0.9450844740668741782655066399
2024-07-04 00:00:00+00:00,1,BEAR,0.9999999999290594,True,26,False,TRANSITION,BULL_STRUCTURE,0.6,0.9422197543720098511713643842,0.6
2024-07-05 00:00:00+00:00,1,BEAR,1.0,True,27,False,TRANSITION,BULL_STRUCTURE,0.6,0.95,0.6
2024-07-06 00:00:00+00:00,1,BEAR,1.0,True,28,False,TRANSITION,BULL_STRUCTURE,0.6,0.95,0.6
2024-07-07 00:00:00+00:00,1,BEAR,1.0,True,29,False,TRANSITION,BULL_STRUCTURE,0.6,0.95,0.6
2024-07-08 00:00:00+00:00,1,BEAR,1.0,True,30,False,TRANSITION,TRANSITION,0.6,0.95,0.6
2024-07-09 00:00:00+00:00,1,BEAR,0.9999999999990905,True,31,False,TRANSITION,TRANSITION,0.6,0.95,0.6
2024-07-10 00:00:00+00:00,1,BEAR,0.9999999999545253,True,32,False,TRANSITION,TRANSITION,0.6,0.95,0.6
2024-07-11 00:00:00+00:00,1,BEAR,1.0,True,33,False,TRANSITION,TRANSITION,0.6,0.95,0.6
2024-07-12 00:00:00+00:00,1,BEAR,1.0,True,34,False,TRANSITION,TRANSITION,0.6,0.95,0.6
2024-07-13 00:00:00+00:00,1,BEAR,1.0,True,35,False,TRANSITION,TRANSITION,0.6,0.95,0.6
2024-07-14 00:00:00+00:00,1,BEAR,1.0,True,36,False,BULL_STRUCTURE,TRANSITION,0.6,0.95,0.6
2024-07-15 00:00:00+00:00,1,BEAR,1.0,True,37,False,BULL_STRUCTURE,TRANSITION,0.6,0.95,0.6
2024-07-16 00:00:00+00:00,1,BEAR,0.9999999998972271,True,38,False,BULL_STRUCTURE,TRANSITION,0.6,0.95,0.6
2024-07-17 00:00:00+00:00,1,BEAR,0.9999999999990905,True,39,False,BULL_STRUCTURE,TRANSITION,0.6,0.95,0.6
2024-07-18 00:00:00+00:00,1,BEAR,1.0,True,40,False,BULL_STRUCTURE,BULL_STRUCTURE,1.0,0.95,0.95
2024-07-19 00:00:00+00:00,1,BEAR,1.0,True,41,False,BULL_STRUCTURE,BULL_STRUCTURE,1.0,0.9523250259128761746896437170,0.9523250259128761746896437170
2024-07-20 00:00:00+00:00,1,BEAR,1.0,True,42,False,BULL_STRUCTURE,BULL_STRUCTURE,1.0,0.9526497000292183519821832836,0.9526497000292183519821832836
2024-07-21 00:00:00+00:00,1,BEAR,1.0,True,43,False,BULL_STRUCTURE,BULL_STRUCTURE,1.0,0.9533287264163556480308284069,0.9533287264163556480308284069
2024-07-22 00:00:00+00:00,1,BEAR,1.0,True,44,False,BULL_STRUCTURE,BULL_STRUCTURE,1.0,0.9529116432421724644413764339,0.9529116432421724644413764339
2024-07-23 00:00:00+00:00,1,BEAR,1.0,True,45,False,BULL_STRUCTURE,BULL_STRUCTURE,1.0,0.9518267633215966630862056669,0.9518267633215966630862056669
2024-07-24 00:00:00+00:00,1,BEAR,1.0,True,46,False,BULL_STRUCTURE,BULL_STRUCTURE,1.0,0.9514341527396403147199373019,0.9514341527396403147199373019
2024-07-25 00:00:00+00:00,1,BEAR,1.0,True,47,False,BULL_STRUCTURE,BULL_STRUCTURE,1.0,0.9517319596006674864154459693,0.9517319596006674864154459693
2024-07-26 00:00:00+00:00,1,BEAR,1.0,True,48,False,BULL_STRUCTURE,BULL_STRUCTURE,1.0,0.9531601414584430206267064962,0.9531601414584430206267064962
2024-07-27 00:00:00+00:00,1,BEAR,1.0,True,49,False,BULL_STRUCTURE,BULL_STRUCTURE,1.0,0.9531525861770045808607797467,0.9531525861770045808607797467
2024-07-28 00:00:00+00:00,1,BEAR,1.0,True,50,False,BULL_STRUCTURE,BULL_STRUCTURE,1.0,0.9533838424289900292126581351,0.9533838424289900292126581351
2024-07-29 00:00:00+00:00,1,BEAR,1.0,True,51,False,BULL_STRUCTURE,BULL_STRUCTURE,1.0,0.9524098011537118773793138199,0.9524098011537118773793138199
2024-07-30 00:00:00+00:00,1,BEAR,1.0,True,52,False,BULL_STRUCTURE,BULL_STRUCTURE,1.0,0.9520013646107749131115216614,0.9520013646107749131115216614
2024-07-31 00:00:00+00:00,1,BEAR,1.0,True,53,False,BULL_STRUCTURE,BULL_STRUCTURE,1.0,0.9508996541781989743086788960,0.9508996541781989743086788960
2024-08-01 00:00:00+00:00,1,BEAR,1.0,True,54,False,BULL_STRUCTURE,BULL_STRUCTURE,1.0,0.9514186124898851146686020076,0.9514186124898851146686020076
2024-08-02 00:00:00+00:00,1,BEAR,1.0,True,55,False,BULL_STRUCTURE,BULL_STRUCTURE,1.0,0.9485295325549153431514218250,0.9485295325549153431514218250
2024-08-03 00:00:00+00:00,1,BEAR,1.0,True,56,False,BULL_STRUCTURE,BULL_STRUCTURE,1.0,0.9478862310899198496455922421,0.9478862310899198496455922421
2024-08-04 00:00:00+00:00,1,BEAR,1.0,True,57,False,TRANSITION,BULL_STRUCTURE,0.6,0.9457363746199901572082576724,0.6
2024-08-05 00:00:00+00:00,1,BEAR,1.0,True,58,False,TRANSITION,BULL_STRUCTURE,0.6,0.95,0.6
2024-08-06 00:00:00+00:00,1,BEAR,1.0,True,59,False,TRANSITION,BULL_STRUCTURE,0.6,0.95,0.6
2024-08-07 00:00:00+00:00,1,BEAR,1.0,True,60,False,TRANSITION,BULL_STRUCTURE,0.6,0.95,0.6
2024-08-08 00:00:00+00:00,1,BEAR,0.9999977034002765,True,61,False,TRANSITION,TRANSITION,0.6,0.95,0.6
2024-08-09 00:00:00+00:00,1,BEAR,0.9999990821156308,True,62,False,TRANSITION,TRANSITION,0.6,0.95,0.6
2024-08-10 00:00:00+00:00,1,BEAR,0.9999918154079087,True,63,False,TRANSITION,TRANSITION,0.6,0.95,0.6
2024-08-11 00:00:00+00:00,1,BEAR,0.9999854749603281,True,64,False,TRANSITION,TRANSITION,0.6,0.95,0.6
2024-08-12 00:00:00+00:00,1,BEAR,0.9999999999545253,True,65,False,TRANSITION,TRANSITION,0.6,0.95,0.6
2024-08-13 00:00:00+00:00,1,BEAR,0.9999999999990905,True,66,False,TRANSITION,TRANSITION,0.6,0.95,0.6
2024-08-14 00:00:00+00:00,1,BEAR,0.9999999994506652,True,67,False,TRANSITION,TRANSITION,0.6,0.95,0.6
2024-08-15 00:00:00+00:00,1,BEAR,0.999999999992724,True,68,False,TRANSITION,TRANSITION,0.6,0.95,0.6
2024-08-16 00:00:00+00:00,1,BEAR,0.9999999999918145,True,69,False,TRANSITION,TRANSITION,0.6,0.95,0.6
2024-08-17 00:00:00+00:00,1,BEAR,0.9999999999863576,True,70,False,TRANSITION,TRANSITION,0.6,0.95,0.6
2024-08-18 00:00:00+00:00,1,BEAR,0.9999999986584953,True,71,False,TRANSITION,TRANSITION,0.6,0.95,0.6
2024-08-19 00:00:00+00:00,1,BEAR,0.9908968518685176,True,72,False,TRANSITION,TRANSITION,0.6,0.95,0.6
2024-08-20 00:00:00+00:00,1,BEAR,0.03538352147370116,False,72,False,TRANSITION,TRANSITION,0.6,0.5982797187230822572141560093,0.5982797187230822572141560093
2024-08-21 00:00:00+00:00,1,BEAR,8.526343077041716e-09,False,72,False,TRANSITION,TRANSITION,0.6,0.6068187690892752418001021211,0.6
2024-08-22 00:00:00+00:00,2,NEUTRAL,0.9993904986784709,True,3,False,TRANSITION,TRANSITION,0.6,0.5969188501308456111641402727,0.5969188501308456111641402727
2024-08-23 00:00:00+00:00,2,NEUTRAL,4.627260148849821e-16,False,3,False,TRANSITION,TRANSITION,0.6,0.6110003368558796708654497758,0.6
2024-08-24 00:00:00+00:00,2,NEUTRAL,2.6593337871120466e-16,False,3,False,TRANSITION,TRANSITION,0.6,0.6004552740117053869577670188,0.6
2024-08-25 00:00:00+00:00,1,BEAR,0.999999999990905,True,3,False,TRANSITION,TRANSITION,0.6,0.95,0.6
2024-08-26 00:00:00+00:00,1,BEAR,1.0,True,4,False,TRANSITION,TRANSITION,0.6,0.95,0.6
2024-08-27 00:00:00+00:00,1,BEAR,1.0,True,5,False,TRANSITION,TRANSITION,0.6,0.95,0.6
2024-08-28 00:00:00+00:00,1,BEAR,1.0,True,6,False,TRANSITION,TRANSITION,0.6,0.95,0.6
2024-08-29 00:00:00+00:00,1,BEAR,1.0,True,7,False,TRANSITION,TRANSITION,0.6,0.95,0.6
2024-08-30 00:00:00+00:00,1,BEAR,1.0,True,8,False,TRANSITION,TRANSITION,0.6,0.95,0.6
2024-08-31 00:00:00+00:00,1,BEAR,1.0,True,9,False,TRANSITION,TRANSITION,0.6,0.95,0.6
2024-09-01 00:00:00+00:00,1,BEAR,1.0,True,10,False,TRANSITION,TRANSITION,0.6,0.95,0.6
2024-09-02 00:00:00+00:00,1,BEAR,1.0,True,11,False,TRANSITION,TRANSITION,0.6,0.95,0.6
2024-09-03 00:00:00+00:00,1,BEAR,1.0,True,12,False,TRANSITION,TRANSITION,0.6,0.95,0.6
2024-09-04 00:00:00+00:00,1,BEAR,1.0,True,13,False,TRANSITION,TRANSITION,0.6,0.95,0.6
2024-09-05 00:00:00+00:00,1,BEAR,1.0,True,14,False,TRANSITION,TRANSITION,0.6,0.95,0.6
2024-09-06 00:00:00+00:00,1,BEAR,1.0,True,15,False,TRANSITION,TRANSITION,0.6,0.95,0.6
2024-09-07 00:00:00+00:00,1,BEAR,1.0,True,16,False,TRANSITION,TRANSITION,0.6,0.95,0.6
2024-09-08 00:00:00+00:00,1,BEAR,1.0,True,17,False,TRANSITION,TRANSITION,0.6,0.95,0.6
2024-09-09 00:00:00+00:00,1,BEAR,1.0,True,18,False,TRANSITION,TRANSITION,0.6,0.95,0.6
2024-09-10 00:00:00+00:00,1,BEAR,1.0,True,19,False,TRANSITION,TRANSITION,0.6,0.95,0.6
2024-09-11 00:00:00+00:00,1,BEAR,1.0,True,20,False,TRANSITION,TRANSITION,0.6,0.95,0.6
2024-09-12 00:00:00+00:00,1,BEAR,1.0,True,21,False,TRANSITION,TRANSITION,0.6,0.95,0.6
2024-09-13 00:00:00+00:00,1,BEAR,1.0,True,22,False,TRANSITION,TRANSITION,0.6,0.95,0.6
2024-09-14 00:00:00+00:00,1,BEAR,1.0,True,23,False,TRANSITION,TRANSITION,0.6,0.95,0.6
2024-09-15 00:00:00+00:00,1,BEAR,1.0,True,24,False,TRANSITION,TRANSITION,0.6,0.95,0.6
2024-09-16 00:00:00+00:00,1,BEAR,1.0,True,25,False,TRANSITION,TRANSITION,0.6,0.95,0.6
2024-09-17 00:00:00+00:00,1,BEAR,1.0,True,26,False,TRANSITION,TRANSITION,0.6,0.95,0.6
2024-09-18 00:00:00+00:00,1,BEAR,1.0,True,27,False,TRANSITION,TRANSITION,0.6,0.95,0.6
2024-09-19 00:00:00+00:00,1,BEAR,1.0,True,28,False,TRANSITION,TRANSITION,0.6,0.95,0.6
2024-09-20 00:00:00+00:00,1,BEAR,1.0,True,29,False,TRANSITION,TRANSITION,0.6,0.95,0.6
2024-09-21 00:00:00+00:00,1,BEAR,1.0,True,30,False,TRANSITION,TRANSITION,0.6,0.95,0.6
2024-09-22 00:00:00+00:00,1,BEAR,1.0,True,31,False,TRANSITION,TRANSITION,0.6,0.95,0.6
2024-09-23 00:00:00+00:00,1,BEAR,1.0,True,32,False,TRANSITION,TRANSITION,0.6,0.95,0.6
2024-09-24 00:00:00+00:00,1,BEAR,1.0,True,33,False,TRANSITION,TRANSITION,0.6,0.95,0.6
2024-09-25 00:00:00+00:00,1,BEAR,1.0,True,34,False,TRANSITION,TRANSITION,0.6,0.95,0.6
2024-09-26 00:00:00+00:00,1,BEAR,1.0,True,35,False,BULL_STRUCTURE,TRANSITION,0.6,0.95,0.6
2024-09-27 00:00:00+00:00,1,BEAR,1.0,True,36,False,BULL_STRUCTURE,TRANSITION,0.6,0.95,0.6
2024-09-28 00:00:00+00:00,1,BEAR,1.0,True,37,False,BULL_STRUCTURE,TRANSITION,0.6,0.95,0.6
2024-09-29 00:00:00+00:00,1,BEAR,1.0,True,38,False,BULL_STRUCTURE,TRANSITION,0.6,0.95,0.6
2024-09-30 00:00:00+00:00,1,BEAR,1.0,True,39,False,BULL_STRUCTURE,BULL_STRUCTURE,1.0,0.95,0.95
2024-10-01 00:00:00+00:00,1,BEAR,1.0,True,40,False,BEAR_STRUCTURE,BULL_STRUCTURE,0.3,0.9484926845559687366661867608,0.3
2024-10-02 00:00:00+00:00,1,BEAR,1.0,True,41,False,BEAR_STRUCTURE,BULL_STRUCTURE,0.3,0.95,0.3
2024-10-03 00:00:00+00:00,1,BEAR,1.0,True,42,False,BEAR_STRUCTURE,BULL_STRUCTURE,0.3,0.95,0.3
2024-10-04 00:00:00+00:00,1,BEAR,1.0,True,43,False,BEAR_STRUCTURE,BULL_STRUCTURE,0.3,0.95,0.3
2024-10-05 00:00:00+00:00,1,BEAR,1.0,True,44,False,BEAR_STRUCTURE,BEAR_STRUCTURE,0.3,0.95,0.3
2024-10-06 00:00:00+00:00,1,BEAR,1.0,True,45,False,BEAR_STRUCTURE,BEAR_STRUCTURE,0.3,0.95,0.3
2024-10-07 00:00:00+00:00,1,BEAR,1.0,True,46,False,BEAR_STRUCTURE,BEAR_STRUCTURE,0.3,0.95,0.3
2024-10-08 00:00:00+00:00,1,BEAR,1.0,True,47,False,BEAR_STRUCTURE,BEAR_STRUCTURE,0.3,0.95,0.3
2024-10-09 00:00:00+00:00,1,BEAR,1.0,True,48,False,BEAR_STRUCTURE,BEAR_STRUCTURE,0.3,0.95,0.3
2024-10-10 00:00:00+00:00,1,BEAR,1.0,True,49,False,BEAR_STRUCTURE,BEAR_STRUCTURE,0.3,0.95,0.3
2024-10-11 00:00:00+00:00,1,BEAR,1.0,True,50,False,BEAR_STRUCTURE,BEAR_STRUCTURE,0.3,0.95,0.3
2024-10-12 00:00:00+00:00,1,BEAR,1.0,True,51,False,BEAR_STRUCTURE,BEAR_STRUCTURE,0.3,0.95,0.3
2024-10-13 00:00:00+00:00,1,BEAR,1.0,True,52,False,BEAR_STRUCTURE,BEAR_STRUCTURE,0.3,0.95,0.3
2024-10-14 00:00:00+00:00,1,BEAR,0.9999999999818101,True,53,False,TRANSITION,BEAR_STRUCTURE,0.3,0.95,0.3
2024-10-15 00:00:00+00:00,1,BEAR,1.0,True,54,False,TRANSITION,BEAR_STRUCTURE,0.3,0.95,0.3
2024-10-16 00:00:00+00:00,1,BEAR,1.0,True,55,False,TRANSITION,BEAR_STRUCTURE,0.3,0.95,0.3
2024-10-17 00:00:00+00:00,1,BEAR,1.0,True,56,False,TRANSITION,BEAR_STRUCTURE,0.3,0.95,0.3
2024-10-18 00:00:00+00:00,1,BEAR,1.0,True,57,False,TRANSITION,TRANSITION,0.6,0.95,0.6
2024-10-19 00:00:00+00:00,1,CRASH,0.999987382285804,True,1,False,TRANSITION,TRANSITION,0.6,0.95,0.6
2024-10-20 00:00:00+00:00,1,CRASH,0.9989086868166661,True,2,False,TRANSITION,TRANSITION,0.6,0.95,0.6
2024-10-21 00:00:00+00:00,1,CRASH,0.9999999998472049,True,3,False,TRANSITION,TRANSITION,0.6,0.95,0.6
2024-10-22 00:00:00+00:00,1,CRASH,0.9999999986684998,True,4,False,TRANSITION,TRANSITION,0.6,0.95,0.6
2024-10-23 00:00:00+00:00,1,CRASH,0.9999999999663487,True,5,False,TRANSITION,TRANSITION,0.6,0.95,0.6
2024-10-24 00:00:00+00:00,1,CRASH,0.9999999996980478,True,6,False,TRANSITION,TRANSITION,0.6,0.95,0.6
2024-10-25 00:00:00+00:00,1,CRASH,0.9999999964056769,True,7,False,TRANSITION,TRANSITION,0.6,0.95,0.6
2024-10-26 00:00:00+00:00,1,CRASH,0.9999998431440086,True,8,False,TRANSITION,TRANSITION,0.6,0.95,0.6
2024-10-27 00:00:00+00:00,1,CRASH,0.9999999887349987,True,9,False,TRANSITION,TRANSITION,0.6,0.95,0.6
2024-10-28 00:00:00+00:00,1,CRASH,0.9999997219884267,True,10,False,TRANSITION,TRANSITION,0.6,0.95,0.6
2024-10-29 00:00:00+00:00,1,CRASH,0.9999691356158235,True,11,False,TRANSITION,TRANSITION,0.6,0.95,0.6
2024-10-30 00:00:00+00:00,1,CRASH,0.007278400296856953,False,11,False,TRANSITION,TRANSITION,0.6,0.5987106485381271815809298567,0.5987106485381271815809298567
2024-10-31 00:00:00+00:00,1,CRASH,7.3736478666729e-13,False,11,False,TRANSITION,TRANSITION,0.6,0.5917757412264153914012124731,0.5917757412264153914012124731
2024-11-01 00:00:00+00:00,1,CRASH,2.2109319530572968e-06,False,11,False,TRANSITION,TRANSITION,0.6,0.5890216188050605976085259858,0.5890216188050605976085259858
2024-11-02 00:00:00+00:00,1,CRASH,0.664933058434992,True,12,False,TRANSITION,TRANSITION,0.6,0.95,0.6
2024-11-03 00:00:00+00:00,1,CRASH,0.9999336017679794,True,13,False,TRANSITION,TRANSITION,0.6,0.95,0.6
2024-11-04 00:00:00+00:00,1,CRASH,0.9999847324371772,True,14,False,TRANSITION,TRANSITION,0.6,0.95,0.6
2024-11-05 00:00:00+00:00,1,CRASH,0.9999997746936314,True,15,False,TRANSITION,TRANSITION,0.6,0.95,0.6
2024-11-06 00:00:00+00:00,1,CRASH,0.05225877515283331,False,15,False,BULL_STRUCTURE,TRANSITION,0.6,0.6203608045637174598142361551,0.6
2024-11-07 00:00:00+00:00,1,CRASH,5.971116301271484e-10,False,15,False,BULL_STRUCTURE,TRANSITION,0.6,0.6009202454345642129049173600,0.6
2024-11-08 00:00:00+00:00,3,EUPHORIA,0.9999935365430854,True,3,False,BULL_STRUCTURE,TRANSITION,0.6,0.95,0.6
2024-11-09 00:00:00+00:00,3,EUPHORIA,0.9999993996381801,True,4,False,BULL_STRUCTURE,TRANSITION,0.6,0.95,0.6
2024-11-10 00:00:00+00:00,3,EUPHORIA,1.0,True,5,False,BULL_STRUCTURE,BULL_STRUCTURE,1.0,0.95,0.95
2024-11-11 00:00:00+00:00,3,EUPHORIA,1.0,True,6,False,BULL_STRUCTURE,BULL_STRUCTURE,1.0,0.9548377740398264949534775987,0.9548377740398264949534775987
2024-11-12 00:00:00+00:00,3,EUPHORIA,1.0,True,7,False,BULL_STRUCTURE,BULL_STRUCTURE,1.0,0.9544966590984119489433637404,0.9544966590984119489433637404
2024-11-13 00:00:00+00:00,3,EUPHORIA,1.0,True,8,False,BULL_STRUCTURE,BULL_STRUCTURE,1.0,0.9556626256252835265943920175,0.9556626256252835265943920175
2024-11-14 00:00:00+00:00,3,EUPHORIA,0.9999999987285264,True,9,False,BULL_STRUCTURE,BULL_STRUCTURE,1.0,0.9541852006991418966753198484,0.9541852006991418966753198484
2024-11-15 00:00:00+00:00,3,EUPHORIA,0.9656798591448048,True,10,False,BULL_STRUCTURE,BULL_STRUCTURE,1.0,0.9559684686274322864740846053,0.9559684686274322864740846053
2024-11-16 00:00:00+00:00,3,EUPHORIA,1.0,True,11,False,BULL_STRUCTURE,BULL_STRUCTURE,1.0,0.9557616668428411889940461821,0.9557616668428411889940461821
2024-11-17 00:00:00+00:00,3,EUPHORIA,1.0,True,12,False,BULL_STRUCTURE,BULL_STRUCTURE,1.0,0.9554178549764431760636934947,0.9554178549764431760636934947
2024-11-18 00:00:00+00:00,3,EUPHORIA,1.0,True,13,False,BULL_STRUCTURE,BULL_STRUCTURE,1.0,0.9557042570589064258882545538,0.9557042570589064258882545538
2024-11-19 00:00:00+00:00,3,EUPHORIA,1.0,True,14,False,BULL_STRUCTURE,BULL_STRUCTURE,1.0,0.9565519074475581764729809345,0.9565519074475581764729809345
2024-11-20 00:00:00+00:00,3,EUPHORIA,0.9998218253292531,True,15,False,BULL_STRUCTURE,BULL_STRUCTURE,1.0,0.9574235961903567908340932621,0.9574235961903567908340932621
2024-11-21 00:00:00+00:00,3,EUPHORIA,0.997193875182125,True,16,False,BULL_STRUCTURE,BULL_STRUCTURE,1.0,0.9590976447169597101852958203,0.9590976447169597101852958203
2024-11-22 00:00:00+00:00,3,EUPHORIA,0.9999999991814548,True,17,False,BULL_STRUCTURE,BULL_STRUCTURE,1.0,0.9593257474333216297427427006,0.9593257474333216297427427006
2024-11-23 00:00:00+00:00,3,EUPHORIA,0.9884277821226214,True,18,False,BULL_STRUCTURE,BULL_STRUCTURE,1.0,0.9588387678849227364532841656,0.9588387678849227364532841656
2024-11-24 00:00:00+00:00,3,EUPHORIA,1.0,True,19,False,BULL_STRUCTURE,BULL_STRUCTURE,1.0,0.9589305464423654372719693086,0.9589305464423654372719693086
2024-11-25 00:00:00+00:00,3,EUPHORIA,0.9999999443434733,True,20,False,BULL_STRUCTURE,BULL_STRUCTURE,1.0,0.9568644472147785134887697201,0.9568644472147785134887697201
2024-11-26 00:00:00+00:00,3,EUPHORIA,0.9999816456031169,True,21,False,BULL_STRUCTURE,BULL_STRUCTURE,1.0,0.9563957378656838901313588816,0.9563957378656838901313588816
2024-11-27 00:00:00+00:00,3,EUPHORIA,0.018654670364544622,False,21,False,BULL_STRUCTURE,BULL_STRUCTURE,1.0,0.475,0.475
2024-11-28 00:00:00+00:00,3,EUPHORIA,0.099116329602083,False,21,False,BULL_STRUCTURE,BULL_STRUCTURE,1.0,0.4747264613237244209940408353,0.4747264613237244209940408353
2024-11-29 00:00:00+00:00,3,EUPHORIA,0.9981170031034168,True,22,False,BULL_STRUCTURE,BULL_STRUCTURE,1.0,0.95,0.95
2024-11-30 00:00:00+00:00,3,EUPHORIA,0.9161820700732326,True,23,False,BULL_STRUCTURE,BULL_STRUCTURE,1.0,0.9500691372532485945006599414,0.9500691372532485945006599414
2024-12-01 00:00:00+00:00,3,EUPHORIA,0.8041073557801501,True,24,False,BULL_STRUCTURE,BULL_STRUCTURE,1.0,0.9504486487077168037449190084,0.9504486487077168037449190084
2024-12-02 00:00:00+00:00,3,EUPHORIA,0.23671245354344195,False,24,False,BULL_STRUCTURE,BULL_STRUCTURE,1.0,0.475,0.475
2024-12-03 00:00:00+00:00,3,EUPHORIA,0.035722029258388445,False,24,False,BULL_STRUCTURE,BULL_STRUCTURE,1.0,0.4753161243941511590776335746,0.4753161243941511590776335746
2024-12-04 00:00:00+00:00,3,EUPHORIA,0.9999999994215614,True,25,False,BULL_STRUCTURE,BULL_STRUCTURE,1.0,0.95,0.95
2024-12-05 00:00:00+00:00,3,EUPHORIA,1.0,True,26,False,BULL_STRUCTURE,BULL_STRUCTURE,1.0,0.9497826053750808924157274852,0.9497826053750808924157274852
2024-12-06 00:00:00+00:00,3,EUPHORIA,0.9999999999972715,True,27,False,BULL_STRUCTURE,BULL_STRUCTURE,1.0,0.9511211456219864091547743232,0.9511211456219864091547743232
2024-12-07 00:00:00+00:00,3,EUPHORIA,0.9999889578321308,True,28,False,BULL_STRUCTURE,BULL_STRUCTURE,1.0,0.9511635942035262457234025070,0.9511635942035262457234025070
2024-12-08 00:00:00+00:00,3,EUPHORIA,0.7645491338576479,True,29,False,BULL_STRUCTURE,BULL_STRUCTURE,1.0,0.9517509071129864866021483229,0.9517509071129864866021483229
2024-12-09 00:00:00+00:00,3,EUPHORIA,0.8342510956592739,True,30,False,BULL_STRUCTURE,BULL_STRUCTURE,1.0,0.9499448471833124421041712216,0.9499448471833124421041712216
2024-12-10 00:00:00+00:00,3,EUPHORIA,0.796240153175454,True,31,False,BULL_STRUCTURE,BULL_STRUCTURE,1.0,0.9496085159544066056838062194,0.9496085159544066056838062194
2024-12-11 00:00:00+00:00,3,EUPHORIA,0.006290227659376607,False,31,False,BULL_STRUCTURE,BULL_STRUCTURE,1.0,0.475,0.475
2024-12-12 00:00:00+00:00,3,EUPHORIA,7.687715342776801e-05,False,31,False,BULL_STRUCTURE,BULL_STRUCTURE,1.0,0.4725154004252412255572386508,0.4725154004252412255572386508
2024-12-13 00:00:00+00:00,0,BEAR,0.99996366343647,True,3,False,BULL_STRUCTURE,BULL_STRUCTURE,1.0,0.4760308362684414335572388855,0.4760308362684414335572388855
2024-12-14 00:00:00+00:00,0,BEAR,0.9999995478402638,True,4,False,BULL_STRUCTURE,BULL_STRUCTURE,1.0,0.4760203843357706264920312125,0.4760203843357706264920312125
2024-12-15 00:00:00+00:00,0,BEAR,0.9999999985939212,True,5,False,BULL_STRUCTURE,BULL_STRUCTURE,1.0,0.4834011028161915859983808865,0.4834011028161915859983808865
2024-12-16 00:00:00+00:00,0,BEAR,0.9999997468803806,True,6,False,BULL_STRUCTURE,BULL_STRUCTURE,1.0,0.4871852875354451359998887666,0.4871852875354451359998887666
2024-12-17 00:00:00+00:00,0,BEAR,0.999999999998181,True,7,False,BULL_STRUCTURE,BULL_STRUCTURE,1.0,0.4873620878421773191849002096,0.4873620878421773191849002096
2024-12-18 00:00:00+00:00,0,BEAR,0.9999972036078352,True,8,False,BULL_STRUCTURE,BULL_STRUCTURE,1.0,0.4730127010932456773432235638,0.4730127010932456773432235638
2024-12-19 00:00:00+00:00,0,BEAR,0.9083853534158823,True,9,False,BULL_STRUCTURE,BULL_STRUCTURE,1.0,0.4661017566718961931622313237,0.4661017566718961931622313237
2024-12-20 00:00:00+00:00,0,BEAR,0.9999999901465344,True,10,False,BULL_STRUCTURE,BULL_STRUCTURE,1.0,0.4669775858139878974165951249,0.4669775858139878974165951249
2024-12-21 00:00:00+00:00,0,BEAR,0.999999422255481,True,11,False,BULL_STRUCTURE,BULL_STRUCTURE,1.0,0.4656676722690171510564705479,0.4656676722690171510564705479
2024-12-22 00:00:00+00:00,0,BEAR,0.9999999797082639,True,12,False,BULL_STRUCTURE,BULL_STRUCTURE,1.0,0.4602275287612826146819942692,0.4602275287612826146819942692
2024-12-23 00:00:00+00:00,0,BEAR,0.9999999486699394,True,13,False,BULL_STRUCTURE,BULL_STRUCTURE,1.0,0.4594308844191959658276818404,0.4594308844191959658276818404
2024-12-24 00:00:00+00:00,0,BEAR,0.999999994157406,True,14,False,BULL_STRUCTURE,BULL_STRUCTURE,1.0,0.4691525938706587014286253369,0.4691525938706587014286253369
2024-12-25 00:00:00+00:00,0,BEAR,0.999999998880412,True,15,False,BULL_STRUCTURE,BULL_STRUCTURE,1.0,0.4710791782062565893037496548,0.4710791782062565893037496548
2024-12-26 00:00:00+00:00,0,BEAR,0.9999999101555699,True,16,False,BULL_STRUCTURE,BULL_STRUCTURE,1.0,0.4618027152728601068081639201,0.4618027152728601068081639201
2024-12-27 00:00:00+00:00,0,BEAR,0.9999780758691974,True,17,False,BULL_STRUCTURE,BULL_STRUCTURE,1.0,0.4579020242698090732288108746,0.4579020242698090732288108746
2024-12-28 00:00:00+00:00,0,BEAR,0.999997778156934,True,18,False,BULL_STRUCTURE,BULL_STRUCTURE,1.0,0.4605241794133922734352798548,0.4605241794133922734352798548
2024-12-29 00:00:00+00:00,0,BEAR,1.0,True,19,False,BULL_STRUCTURE,BULL_STRUCTURE,1.0,0.4564216937568733675824172436,0.4564216937568733675824172436
2024-12-30 00:00:00+00:00,0,BEAR,0.9999999994406608,True,20,False,BULL_STRUCTURE,BULL_STRUCTURE,1.0,0.4539058877111129566650285421,0.4539058877111129566650285421
2024-12-31 00:00:00+00:00,0,BEAR,0.9999999998781277,True,21,False,BULL_STRUCTURE,BULL_STRUCTURE,1.0,0.4559920527134351916709015066,0.4559920527134351916709015066
2025-01-01 00:00:00+00:00,0,BEAR,0.9999999921519702,True,22,False,BULL_STRUCTURE,BULL_STRUCTURE,1.0,0.4586715761576990111680890853,0.4586715761576990111680890853
2025-01-02 00:00:00+00:00,0,BEAR,0.9999999976071194,True,23,False,BULL_STRUCTURE,BULL_STRUCTURE,1.0,0.4648808607698379622466035283,0.4648808607698379622466035283
2025-01-03 00:00:00+00:00,0,BEAR,0.9999999997289706,True,24,False,BULL_STRUCTURE,BULL_STRUCTURE,1.0,0.4679143597832999607156997381,0.4679143597832999607156997381
2025-01-04 00:00:00+00:00,0,BEAR,0.9999999999445208,True,25,False,BULL_STRUCTURE,BULL_STRUCTURE,1.0,0.4680318017490866376961390968,0.4680318017490866376961390968
2025-01-05 00:00:00+00:00,0,BEAR,0.9999999996061888,True,26,False,BULL_STRUCTURE,BULL_STRUCTURE,1.0,0.4683943224534272675493195450,0.4683943224534272675493195450
2025-01-06 00:00:00+00:00,0,BEAR,0.9999999999954525,True,27,False,BULL_STRUCTURE,BULL_STRUCTURE,1.0,0.4780185625543166987142305350,0.4780185625543166987142305350
2025-01-07 00:00:00+00:00,0,BEAR,0.9999972944379117,True,28,False,BULL_STRUCTURE,BULL_STRUCTURE,1.0,0.4648034376642939405416907582,0.4648034376642939405416907582
2025-01-08 00:00:00+00:00,0,BEAR,0.9999999936053428,True,29,False,BULL_STRUCTURE,BULL_STRUCTURE,1.0,0.4598993805701122783158443534,0.4598993805701122783158443534
2025-01-09 00:00:00+00:00,0,BEAR,1.0,True,30,False,BULL_STRUCTURE,BULL_STRUCTURE,1.0,0.4532652004800312821928394372,0.4532652004800312821928394372
2025-01-10 00:00:00+00:00,0,BEAR,0.9999999999990905,True,31,False,BULL_STRUCTURE,BULL_STRUCTURE,1.0,0.4590239203596788652610611624,0.4590239203596788652610611624
2025-01-11 00:00:00+00:00,0,BEAR,0.9999999999990905,True,32,False,BULL_STRUCTURE,BULL_STRUCTURE,1.0,0.4586930993060872147476717135,0.4586930993060872147476717135
2025-01-12 00:00:00+00:00,0,BEAR,1.0,True,33,False,BULL_STRUCTURE,BULL_STRUCTURE,1.0,0.4585488877824813138676277829,0.4585488877824813138676277829
2025-01-13 00:00:00+00:00,0,BEAR,0.999999999996362,True,34,False,BULL_STRUCTURE,BULL_STRUCTURE,1.0,0.4585253571860311781841617865,0.4585253571860311781841617865
2025-01-14 00:00:00+00:00,0,BEAR,0.9999997699224232,True,35,False,BULL_STRUCTURE,BULL_STRUCTURE,1.0,0.4637912633309323758486011529,0.4637912633309323758486011529
2025-01-15 00:00:00+00:00,0,BEAR,0.9999999030851587,True,36,False,BULL_STRUCTURE,BULL_STRUCTURE,1.0,0.4737414168839886534716791426,0.4737414168839886534716791426
2025-01-16 00:00:00+00:00,0,BEAR,0.9999971580077184,True,37,False,BULL_STRUCTURE,BULL_STRUCTURE,1.0,0.4724730521852545149010244605,0.4724730521852545149010244605
2025-01-17 00:00:00+00:00,0,BEAR,0.9999403500398091,True,38,False,BULL_STRUCTURE,BULL_STRUCTURE,1.0,0.4824754828998125226057208282,0.4824754828998125226057208282
2025-01-18 00:00:00+00:00,0,BEAR,0.9998399538011473,True,39,False,BULL_STRUCTURE,BULL_STRUCTURE,1.0,0.4836215113794048626711914267,0.4836215113794048626711914267
2025-01-19 00:00:00+00:00,0,BEAR,0.9809022860422008,True,40,False,BULL_STRUCTURE,BULL_STRUCTURE,1.0,0.4758028157176891068714693622,0.4758028157176891068714693622
2025-01-20 00:00:00+00:00,0,BEAR,0.9995339312091712,True,41,False,BULL_STRUCTURE,BULL_STRUCTURE,1.0,0.4780781309475056017186925441,0.4780781309475056017186925441
2025-01-21 00:00:00+00:00,0,BEAR,0.9985751391543425,True,42,False,BULL_STRUCTURE,BULL_STRUCTURE,1.0,0.4873858152024979212607352269,0.4873858152024979212607352269
2025-01-22 00:00:00+00:00,0,BEAR,0.9988956166668292,True,43,False,BULL_STRUCTURE,BULL_STRUCTURE,1.0,0.4815843145291509862188166147,0.4815843145291509862188166147
2025-01-23 00:00:00+00:00,0,BEAR,0.9810833645948147,True,44,False,BULL_STRUCTURE,BULL_STRUCTURE,1.0,0.4820741854158306058399721894,0.4820741854158306058399721894
2025-01-24 00:00:00+00:00,0,BEAR,0.6982296748944194,True,45,False,BULL_STRUCTURE,BULL_STRUCTURE,1.0,0.4843710532705338847964484472,0.4843710532705338847964484472
2025-01-25 00:00:00+00:00,0,BEAR,0.8506269084365286,True,46,False,BULL_STRUCTURE,BULL_STRUCTURE,1.0,0.4840764046897238983450968622,0.4840764046897238983450968622
2025-01-26 00:00:00+00:00,0,BEAR,0.978590801509939,True,47,False,BULL_STRUCTURE,BULL_STRUCTURE,1.0,0.4789550483249550233705192005,0.4789550483249550233705192005
2025-01-27 00:00:00+00:00,0,BEAR,0.9976767528037429,True,48,False,BULL_STRUCTURE,BULL_STRUCTURE,1.0,0.4776454446610962084780979715,0.4776454446610962084780979715
2025-01-28 00:00:00+00:00,0,BEAR,0.9837084728622801,True,49,False,BULL_STRUCTURE,BULL_STRUCTURE,1.0,0.4758125379492513952993232186,0.4758125379492513952993232186
2025-01-29 00:00:00+00:00,0,BEAR,0.8927426270620125,True,50,False,BULL_STRUCTURE,BULL_STRUCTURE,1.0,0.4816482946703251905183581061,0.4816482946703251905183581061
2025-01-30 00:00:00+00:00,0,BEAR,0.10675669005087567,False,50,False,BULL_STRUCTURE,BULL_STRUCTURE,1.0,0.4840193901135233171512131371,0.4840193901135233171512131371
2025-01-31 00:00:00+00:00,0,BEAR,0.09447122478771976,False,50,False,BULL_STRUCTURE,BULL_STRUCTURE,1.0,0.4784915135748656803291545472,0.4784915135748656803291545472
2025-02-01 00:00:00+00:00,1,CRASH,0.9999994880273735,True,3,False,BULL_STRUCTURE,BULL_STRUCTURE,1.0,0.95,0.95
2025-02-02 00:00:00+00:00,1,CRASH,0.9999996848173892,True,4,False,BULL_STRUCTURE,BULL_STRUCTURE,1.0,0.9491787197013428060442049117,0.9491787197013428060442049117
2025-02-03 00:00:00+00:00,1,CRASH,0.9999964551851991,True,5,False,BULL_STRUCTURE,BULL_STRUCTURE,1.0,0.9509089812252228572358157236,0.9509089812252228572358157236
2025-02-04 00:00:00+00:00,1,CRASH,0.9999999985602699,True,6,False,BULL_STRUCTURE,BULL_STRUCTURE,1.0,0.9492095793156230496553825846,0.9492095793156230496553825846
2025-02-05 00:00:00+00:00,1,CRASH,0.9999999999854481,True,7,False,BULL_STRUCTURE,BULL_STRUCTURE,1.0,0.9486357134566237183556555991,0.9486357134566237183556555991
2025-02-06 00:00:00+00:00,1,CRASH,0.9999999830934031,True,8,False,BULL_STRUCTURE,BULL_STRUCTURE,1.0,0.9486064043840935797566543381,0.9486064043840935797566543381
2025-02-07 00:00:00+00:00,1,CRASH,0.9999927787991215,True,9,False,BULL_STRUCTURE,BULL_STRUCTURE,1.0,0.9485823841816065981219136373,0.9485823841816065981219136373
2025-02-08 00:00:00+00:00,1,CRASH,0.9999999547726485,True,10,False,BULL_STRUCTURE,BULL_STRUCTURE,1.0,0.9485510003585911401105934131,0.9485510003585911401105934131
2025-02-09 00:00:00+00:00,1,CRASH,0.9999996938777727,True,11,False,BULL_STRUCTURE,BULL_STRUCTURE,1.0,0.9485601119842102786919709956,0.9485601119842102786919709956
2025-02-10 00:00:00+00:00,1,CRASH,0.9999999706551539,True,12,False,BULL_STRUCTURE,BULL_STRUCTURE,1.0,0.9490451740406500527878860320,0.9490451740406500527878860320
2025-02-11 00:00:00+00:00,1,CRASH,0.9999993061712891,True,13,False,BULL_STRUCTURE,BULL_STRUCTURE,1.0,0.9482114988575298789944678055,0.9482114988575298789944678055
2025-02-12 00:00:00+00:00,1,CRASH,0.9999921173604523,True,14,False,BULL_STRUCTURE,BULL_STRUCTURE,1.0,0.9492622214674198254005937295,0.9492622214674198254005937295
2025-02-13 00:00:00+00:00,1,CRASH,0.9999998656430852,True,15,False,BULL_STRUCTURE,BULL_STRUCTURE,1.0,0.9486335497254031594836698875,0.9486335497254031594836698875
2025-02-14 00:00:00+00:00,1,CRASH,0.9999566923098678,True,16,False,BULL_STRUCTURE,BULL_STRUCTURE,1.0,0.9490797253678904867636433331,0.9490797253678904867636433331
2025-02-15 00:00:00+00:00,1,CRASH,0.9998971996193838,True,17,False,BULL_STRUCTURE,BULL_STRUCTURE,1.0,0.9491139922727976245906077258,0.9491139922727976245906077258
2025-02-16 00:00:00+00:00,1,CRASH,0.9999974377902701,True,18,False,BULL_STRUCTURE,BULL_STRUCTURE,1.0,0.9483851947537507248087850988,0.9483851947537507248087850988
2025-02-17 00:00:00+00:00,1,CRASH,0.9999997971190374,True,19,False,BULL_STRUCTURE,BULL_STRUCTURE,1.0,0.9482124217192980344090385307,0.9482124217192980344090385307
2025-02-18 00:00:00+00:00,1,CRASH,0.9999958849942315,True,20,False,BULL_STRUCTURE,BULL_STRUCTURE,1.0,0.9481568581490541811218342701,0.9481568581490541811218342701
2025-02-19 00:00:00+00:00,1,CRASH,0.991417628044122,True,21,False,BULL_STRUCTURE,BULL_STRUCTURE,1.0,0.9486518171856991336989953136,0.9486518171856991336989953136
2025-02-20 00:00:00+00:00,1,CRASH,0.9307980558665104,True,22,False,BULL_STRUCTURE,BULL_STRUCTURE,1.0,0.9494753977072744793958823744,0.9494753977072744793958823744
2025-02-21 00:00:00+00:00,1,CRASH,0.008444013516536421,False,22,False,BULL_STRUCTURE,BULL_STRUCTURE,1.0,0.475,0.475
2025-02-22 00:00:00+00:00,1,CRASH,0.9921228270501873,True,23,False,BULL_STRUCTURE,BULL_STRUCTURE,1.0,0.95,0.95
2025-02-23 00:00:00+00:00,1,CRASH,0.8419247141367199,True,24,False,BULL_STRUCTURE,BULL_STRUCTURE,1.0,0.9504408768547747321976564828,0.9504408768547747321976564828
2025-02-24 00:00:00+00:00,1,CRASH,0.9998518550988902,True,25,False,BULL_STRUCTURE,BULL_STRUCTURE,1.0,0.9480262907958127309211791474,0.9480262907958127309211791474
2025-02-25 00:00:00+00:00,1,CRASH,0.9971433573159436,True,26,False,BULL_STRUCTURE,BULL_STRUCTURE,1.0,0.9464329710298013610150129724,0.9464329710298013610150129724
2025-02-26 00:00:00+00:00,1,CRASH,0.999777789668362,True,27,False,BULL_STRUCTURE,BULL_STRUCTURE,1.0,0.9437745145963578010214588404,0.9437745145963578010214588404
2025-02-27 00:00:00+00:00,1,CRASH,0.9874728765892808,True,28,False,BULL_STRUCTURE,BULL_STRUCTURE,1.0,0.9440618149175480494757490114,0.9440618149175480494757490114
2025-02-28 00:00:00+00:00,1,CRASH,0.30166790680721306,False,28,False,BULL_STRUCTURE,BULL_STRUCTURE,1.0,0.475,0.475
2025-03-01 00:00:00+00:00,1,CRASH,1.0263750450843065e-06,False,28,False,BULL_STRUCTURE,BULL_STRUCTURE,1.0,0.4803081711180487689048707624,0.4803081711180487689048707624
2025-03-02 00:00:00+00:00,1,CRASH,2.9393231109004964e-14,False,28,False,BULL_STRUCTURE,BULL_STRUCTURE,1.0,0.5030643525355717362253760019,0.5030643525355717362253760019
2025-03-03 00:00:00+00:00,1,CRASH,2.1981192882742066e-13,False,28,False,BULL_STRUCTURE,BULL_STRUCTURE,1.0,0.4807604546666458884675991747,0.4807604546666458884675991747
2025-03-04 00:00:00+00:00,2,BULL,0.9999999999572537,True,3,False,BULL_STRUCTURE,BULL_STRUCTURE,1.0,0.4838153024819548708275612962,0.4838153024819548708275612962
2025-03-05 00:00:00+00:00,2,BULL,1.0,True,4,False,BULL_STRUCTURE,BULL_STRUCTURE,1.0,0.4931542039669754017160274107,0.4931542039669754017160274107
2025-03-06 00:00:00+00:00,2,BULL,0.999999999996362,True,5,False,BULL_STRUCTURE,BULL_STRUCTURE,1.0,0.4912876729661569623131068914,0.4912876729661569623131068914
2025-03-07 00:00:00+00:00,2,BULL,0.9999999671117626,True,6,False,BULL_STRUCTURE,BULL_STRUCTURE,1.0,0.4824375631824242601036704095,0.4824375631824242601036704095
2025-03-08 00:00:00+00:00,2,BULL,0.9999999505607787,True,7,False,BULL_STRUCTURE,BULL_STRUCTURE,1.0,0.4807657818638551507151561374,0.4807657818638551507151561374
2025-03-09 00:00:00+00:00,2,BULL,0.9999987461522908,True,8,False,TRANSITION,BULL_STRUCTURE,0.6,0.4643752027357279293965710146,0.4643752027357279293965710146
2025-03-10 00:00:00+00:00,2,BULL,1.5946604759379e-13,False,8,False,TRANSITION,BULL_STRUCTURE,0.6,0.4577047136950203073453971078,0.4577047136950203073453971078
2025-03-11 00:00:00+00:00,2,BULL,4.5551357312411354e-08,False,8,False,TRANSITION,BULL_STRUCTURE,0.6,0.4710642407371942416001764263,0.4710642407371942416001764263
2025-03-12 00:00:00+00:00,1,CRASH,0.999751191340412,True,3,False,TRANSITION,BULL_STRUCTURE,0.6,0.95,0.6
2025-03-13 00:00:00+00:00,1,CRASH,0.021468804951221495,False,3,False,TRANSITION,TRANSITION,0.6,0.5926053738926700330167247006,0.5926053738926700330167247006
2025-03-14 00:00:00+00:00,1,CRASH,4.646208468129872e-05,False,3,False,TRANSITION,TRANSITION,0.6,0.6009645415502975943912474197,0.6
2025-03-15 00:00:00+00:00,2,BULL,0.9999776535537713,True,3,False,TRANSITION,TRANSITION,0.6,0.6010126759400749989629489780,0.6
2025-03-16 00:00:00+00:00,2,BULL,0.9999993114136129,True,4,False,TRANSITION,TRANSITION,0.6,0.5949155552065214255208344586,0.5949155552065214255208344586
2025-03-17 00:00:00+00:00,2,BULL,0.9997434542981425,True,5,False,TRANSITION,TRANSITION,0.6,0.5990621298717255129031039305,0.5990621298717255129031039305
2025-03-18 00:00:00+00:00,2,BULL,0.999069297419892,True,6,False,TRANSITION,TRANSITION,0.6,0.5953251851683412020617283378,0.5953251851683412020617283378
2025-03-19 00:00:00+00:00,2,BULL,0.9999999694728108,True,7,False,BULL_STRUCTURE,TRANSITION,0.6,0.6070093526125290388297305880,0.6
2025-03-20 00:00:00+00:00,2,BULL,0.9999956471196279,True,8,False,BULL_STRUCTURE,TRANSITION,0.6,0.5926235724885773249334386217,0.5926235724885773249334386217
2025-03-21 00:00:00+00:00,2,BULL,0.9949596668740212,True,9,False,BULL_STRUCTURE,TRANSITION,0.6,0.5922373845814152318378407115,0.5922373845814152318378407115
2025-03-22 00:00:00+00:00,2,BULL,0.964734907859551,True,10,False,BULL_STRUCTURE,TRANSITION,0.6,0.5915233376761258793093386995,0.5915233376761258793093386995
2025-03-23 00:00:00+00:00,2,BULL,0.001985070424483878,False,10,False,BULL_STRUCTURE,BULL_STRUCTURE,1.0,0.30,0.30
2025-03-24 00:00:00+00:00,2,BULL,0.05065114572341549,False,10,False,BULL_STRUCTURE,BULL_STRUCTURE,1.0,0.3035513538431500189625319831,0.3035513538431500189625319831
2025-03-25 00:00:00+00:00,1,CRASH,0.9988582956188983,True,3,False,BULL_STRUCTURE,BULL_STRUCTURE,1.0,0.95,0.95
2025-03-26 00:00:00+00:00,1,CRASH,0.9991844628148151,True,4,False,BULL_STRUCTURE,BULL_STRUCTURE,1.0,0.9505369715758624114174875137,0.9505369715758624114174875137
2025-03-27 00:00:00+00:00,1,CRASH,0.9998797047584269,True,5,False,BULL_STRUCTURE,BULL_STRUCTURE,1.0,0.9507110082136601618182414551,0.9507110082136601618182414551
2025-03-28 00:00:00+00:00,1,CRASH,0.9999935829997757,True,6,False,BULL_STRUCTURE,BULL_STRUCTURE,1.0,0.9491551889110702506562338406,0.9491551889110702506562338406
2025-03-29 00:00:00+00:00,1,CRASH,0.9999995414419715,True,7,False,TRANSITION,BULL_STRUCTURE,0.6,0.9481193831759079281873836285,0.6
2025-03-30 00:00:00+00:00,1,CRASH,0.9999999934943844,True,8,False,TRANSITION,BULL_STRUCTURE,0.6,0.95,0.6
2025-03-31 00:00:00+00:00,1,CRASH,0.9999999999254214,True,9,False,TRANSITION,BULL_STRUCTURE,0.6,0.95,0.6
2025-04-01 00:00:00+00:00,1,CRASH,0.9999999999763531,True,10,False,TRANSITION,BULL_STRUCTURE,0.6,0.95,0.6
2025-04-02 00:00:00+00:00,1,CRASH,1.0,True,11,False,TRANSITION,TRANSITION,0.6,0.95,0.6
2025-04-03 00:00:00+00:00,1,CRASH,1.0,True,12,False,TRANSITION,TRANSITION,0.6,0.95,0.6
2025-04-04 00:00:00+00:00,1,CRASH,0.9999993869780215,True,13,False,TRANSITION,TRANSITION,0.6,0.95,0.6
2025-04-05 00:00:00+00:00,1,CRASH,0.9998228004571457,True,14,False,TRANSITION,TRANSITION,0.6,0.95,0.6
2025-04-06 00:00:00+00:00,1,CRASH,0.9999998679532015,True,15,False,TRANSITION,TRANSITION,0.6,0.95,0.6
2025-04-07 00:00:00+00:00,1,CRASH,0.11255967662628472,False,15,False,TRANSITION,TRANSITION,0.6,0.6022423289066278091217994522,0.6
2025-04-08 00:00:00+00:00,1,CRASH,0.9988062893506436,True,16,False,TRANSITION,TRANSITION,0.6,0.95,0.6
2025-04-09 00:00:00+00:00,1,CRASH,3.207255225948479e-05,False,16,False,TRANSITION,TRANSITION,0.6,0.6188605580086216598469714327,0.6
2025-04-10 00:00:00+00:00,1,CRASH,0.0011676748134216476,False,16,False,TRANSITION,TRANSITION,0.6,0.5910803602579397533868468090,0.5910803602579397533868468090
2025-04-11 00:00:00+00:00,2,BULL,0.9999999977917469,True,3,False,TRANSITION,TRANSITION,0.6,0.6023488495572723987749916155,0.6
2025-04-12 00:00:00+00:00,2,BULL,0.9999999993169695,True,4,False,TRANSITION,TRANSITION,0.6,0.6052621307185416759958780125,0.6
2025-04-13 00:00:00+00:00,2,BULL,0.9999999995379767,True,5,False,TRANSITION,TRANSITION,0.6,0.5956859841853022636156728633,0.5956859841853022636156728633
2025-04-14 00:00:00+00:00,2,BULL,0.9994329861746403,True,6,False,TRANSITION,TRANSITION,0.6,0.5980630580264468968884105482,0.5980630580264468968884105482
2025-04-15 00:00:00+00:00,2,BULL,0.9758089046309805,True,7,False,TRANSITION,TRANSITION,0.6,0.5953521326362043027668576860,0.5953521326362043027668576860
2025-04-16 00:00:00+00:00,2,BULL,0.3311805996266625,False,7,False,TRANSITION,TRANSITION,0.6,0.30,0.30
2025-04-17 00:00:00+00:00,2,BULL,0.00010133771941316813,False,7,False,TRANSITION,TRANSITION,0.6,0.3024012439877365557812850806,0.3024012439877365557812850806
2025-04-18 00:00:00+00:00,1,CRASH,0.9999999996980478,True,3,False,TRANSITION,TRANSITION,0.6,0.95,0.6
2025-04-19 00:00:00+00:00,1,BEAR,0.5515843247384336,True,1,False,TRANSITION,TRANSITION,0.6,0.95,0.6
2025-04-20 00:00:00+00:00,1,BEAR,0.00102372293311869,False,1,False,TRANSITION,TRANSITION,0.6,0.6002894003984528469553774344,0.6
2025-04-21 00:00:00+00:00,1,BEAR,0.0014003093343294521,False,1,False,TRANSITION,TRANSITION,0.6,0.6064754796597382421657669187,0.6
2025-04-22 00:00:00+00:00,0,BULL,0.9999830737765526,True,3,False,BULL_STRUCTURE,TRANSITION,0.6,0.6156230656831521737748828748,0.6
2025-04-23 00:00:00+00:00,0,BULL,0.99992084586448,True,4,False,BULL_STRUCTURE,TRANSITION,0.6,0.6006471113043182369885392967,0.6
2025-04-24 00:00:00+00:00,0,BULL,0.9901843149299824,True,5,False,BULL_STRUCTURE,TRANSITION,0.6,0.6007392930895174633525177103,0.6
2025-04-25 00:00:00+00:00,0,BULL,0.9992908306990854,True,6,False,BULL_STRUCTURE,TRANSITION,0.6,0.6016719461168131019740849514,0.6
2025-04-26 00:00:00+00:00,0,BULL,0.9255557474844095,True,7,False,BULL_STRUCTURE,BULL_STRUCTURE,1.0,0.5999725034548540845639325006,0.5999725034548540845639325006
2025-04-27 00:00:00+00:00,0,BULL,0.971766395786932,True,8,False,BULL_STRUCTURE,BULL_STRUCTURE,1.0,0.5977313660548251665497525818,0.5977313660548251665497525818
2025-04-28 00:00:00+00:00,0,BULL,0.2792143670357845,False,8,False,BULL_STRUCTURE,BULL_STRUCTURE,1.0,0.25,0.25
2025-04-29 00:00:00+00:00,0,BULL,0.08070597211197773,False,8,False,BULL_STRUCTURE,BULL_STRUCTURE,1.0,0.2486211230502787785171047994,0.2486211230502787785171047994
2025-04-30 00:00:00+00:00,1,BEAR,0.9611809879725173,True,3,False,BULL_STRUCTURE,BULL_STRUCTURE,1.0,0.95,0.95
2025-05-01 00:00:00+00:00,1,BEAR,0.9484336177456557,True,4,False,BULL_STRUCTURE,BULL_STRUCTURE,1.0,0.9519907618728073470430365092,0.9519907618728073470430365092
2025-05-02 00:00:00+00:00,1,BEAR,0.9962496981600266,True,5,False,BULL_STRUCTURE,BULL_STRUCTURE,1.0,0.9521781831722395351893165289,0.9521781831722395351893165289
2025-05-03 00:00:00+00:00,1,BEAR,0.9912259130553253,True,6,False,BULL_STRUCTURE,BULL_STRUCTURE,1.0,0.9516888095774629855103397183,0.9516888095774629855103397183
2025-05-04 00:00:00+00:00,1,BEAR,0.9999516679147434,True,7,False,BULL_STRUCTURE,BULL_STRUCTURE,1.0,0.9509194843171843517502895556,0.9509194843171843517502895556
2025-05-05 00:00:00+00:00,1,BEAR,0.9999944120146815,True,8,False,BULL_STRUCTURE,BULL_STRUCTURE,1.0,0.9511442205337713392757213312,0.9511442205337713392757213312
2025-05-06 00:00:00+00:00,1,BEAR,0.9998177214339361,True,9,False,BULL_STRUCTURE,BULL_STRUCTURE,1.0,0.9521532048646183743007341599,0.9521532048646183743007341599
2025-05-07 00:00:00+00:00,1,BEAR,0.9999758689992913,True,10,False,BULL_STRUCTURE,BULL_STRUCTURE,1.0,0.9522454645238621365390922711,0.9522454645238621365390922711
2025-05-08 00:00:00+00:00,1,BEAR,0.7057016229129671,True,11,False,BULL_STRUCTURE,BULL_STRUCTURE,1.0,0.9549974282050695834067692363,0.9549974282050695834067692363
2025-05-09 00:00:00+00:00,1,BEAR,0.0003630840621218589,False,11,False,BULL_STRUCTURE,BULL_STRUCTURE,1.0,0.475,0.475
2025-05-10 00:00:00+00:00,1,BEAR,3.0060575287637696e-06,False,11,False,BULL_STRUCTURE,BULL_STRUCTURE,1.0,0.4797065865769169685200567306,0.4797065865769169685200567306
2025-05-11 00:00:00+00:00,2,NEUTRAL,0.9999999703341023,True,3,False,BULL_STRUCTURE,BULL_STRUCTURE,1.0,0.95,0.95
2025-05-12 00:00:00+00:00,2,NEUTRAL,0.9999995294448324,True,4,False,BULL_STRUCTURE,BULL_STRUCTURE,1.0,0.9499749702290376900238284117,0.9499749702290376900238284117
2025-05-13 00:00:00+00:00,2,NEUTRAL,0.9999994616020188,True,5,False,BULL_STRUCTURE,BULL_STRUCTURE,1.0,0.9505744485262612120134911403,0.9505744485262612120134911403
2025-05-14 00:00:00+00:00,2,NEUTRAL,0.9999977692366299,True,6,False,BULL_STRUCTURE,BULL_STRUCTURE,1.0,0.9503040437711151827917256159,0.9503040437711151827917256159
2025-05-15 00:00:00+00:00,2,NEUTRAL,0.9998933736421507,True,7,False,BULL_STRUCTURE,BULL_STRUCTURE,1.0,0.9504205219789447616383357742,0.9504205219789447616383357742
2025-05-16 00:00:00+00:00,2,NEUTRAL,0.9999703750977409,True,8,False,BULL_STRUCTURE,BULL_STRUCTURE,1.0,0.9502839968374275088950057141,0.9502839968374275088950057141
2025-05-17 00:00:00+00:00,2,NEUTRAL,0.9998131166392604,True,9,False,BULL_STRUCTURE,BULL_STRUCTURE,1.0,0.9501295211746498875399919770,0.9501295211746498875399919770
2025-05-18 00:00:00+00:00,2,NEUTRAL,0.9999979540673859,True,10,False,BULL_STRUCTURE,BULL_STRUCTURE,1.0,0.9516129723846728145930594342,0.9516129723846728145930594342
2025-05-19 00:00:00+00:00,2,NEUTRAL,0.9999879812661792,True,11,False,BULL_STRUCTURE,BULL_STRUCTURE,1.0,0.9512290907053469465481252832,0.9512290907053469465481252832
2025-05-20 00:00:00+00:00,2,NEUTRAL,0.9999961492505026,True,12,False,BULL_STRUCTURE,BULL_STRUCTURE,1.0,0.9517835380539525397850261606,0.9517835380539525397850261606
2025-05-21 00:00:00+00:00,2,NEUTRAL,0.9999999489464257,True,13,False,BULL_STRUCTURE,BULL_STRUCTURE,1.0,0.9529544090105408529481702881,0.9529544090105408529481702881
2025-05-22 00:00:00+00:00,2,NEUTRAL,0.9999999992433004,True,14,False,BULL_STRUCTURE,BULL_STRUCTURE,1.0,0.9537788357862867333751657102,0.9537788357862867333751657102
2025-05-23 00:00:00+00:00,2,NEUTRAL,0.9999999993751771,True,15,False,BULL_STRUCTURE,BULL_STRUCTURE,1.0,0.9519838397203847235343423456,0.9519838397203847235343423456
2025-05-24 00:00:00+00:00,2,NEUTRAL,0.9999999711953937,True,16,False,BULL_STRUCTURE,BULL_STRUCTURE,1.0,0.9521720480772851660247093888,0.9521720480772851660247093888
2025-05-25 00:00:00+00:00,2,NEUTRAL,0.9999999963674782,True,17,False,BULL_STRUCTURE,BULL_STRUCTURE,1.0,0.9526913384870465383809362498,0.9526913384870465383809362498
2025-05-26 00:00:00+00:00,2,NEUTRAL,0.9999999994543032,True,18,False,BULL_STRUCTURE,BULL_STRUCTURE,1.0,0.9528687134611436059073841933,0.9528687134611436059073841933
2025-05-27 00:00:00+00:00,2,NEUTRAL,0.9999999997071427,True,19,False,BULL_STRUCTURE,BULL_STRUCTURE,1.0,0.9526640250803822601736497133,0.9526640250803822601736497133
2025-05-28 00:00:00+00:00,2,NEUTRAL,0.9999989977382504,True,20,False,BULL_STRUCTURE,BULL_STRUCTURE,1.0,0.9521804437124324949926943730,0.9521804437124324949926943730
2025-05-29 00:00:00+00:00,2,NEUTRAL,0.9999998875055162,True,21,False,BULL_STRUCTURE,BULL_STRUCTURE,1.0,0.9512361249708775280516215776,0.9512361249708775280516215776
2025-05-30 00:00:00+00:00,2,NEUTRAL,0.9999999660476538,True,22,False,BULL_STRUCTURE,BULL_STRUCTURE,1.0,0.9505210283922569920850162314,0.9505210283922569920850162314
2025-05-31 00:00:00+00:00,2,NEUTRAL,0.9999987025766363,True,23,False,BULL_STRUCTURE,BULL_STRUCTURE,1.0,0.9507937805656980587371713228,0.9507937805656980587371713228
2025-06-01 00:00:00+00:00,2,NEUTRAL,0.9999502850512803,True,24,False,BULL_STRUCTURE,BULL_STRUCTURE,1.0,0.9512594759502811560821518599,0.9512594759502811560821518599
2025-06-02 00:00:00+00:00,2,NEUTRAL,0.9999304688180606,True,25,False,BULL_STRUCTURE,BULL_STRUCTURE,1.0,0.9513536797010159313278801226,0.9513536797010159313278801226
2025-06-03 00:00:00+00:00,2,NEUTRAL,0.9999750342582612,True,26,False,BULL_STRUCTURE,BULL_STRUCTURE,1.0,0.9511424351414030017111555229,0.9511424351414030017111555229
2025-06-04 00:00:00+00:00,2,NEUTRAL,0.9999993240646756,True,27,False,BULL_STRUCTURE,BULL_STRUCTURE,1.0,0.9508406943720833531299770681,0.9508406943720833531299770681
2025-06-05 00:00:00+00:00,2,NEUTRAL,0.9999999956626198,True,28,False,BULL_STRUCTURE,BULL_STRUCTURE,1.0,0.9493748660033373457043190242,0.9493748660033373457043190242
2025-06-06 00:00:00+00:00,2,NEUTRAL,0.9999999997307896,True,29,False,BULL_STRUCTURE,BULL_STRUCTURE,1.0,0.9506576734547356740437493582,0.9506576734547356740437493582
2025-06-07 00:00:00+00:00,2,NEUTRAL,0.9999999772580852,True,30,False,BULL_STRUCTURE,BULL_STRUCTURE,1.0,0.9512196015577403909968330941,0.9512196015577403909968330941
2025-06-08 00:00:00+00:00,2,NEUTRAL,0.9999960040611571,True,31,False,BULL_STRUCTURE,BULL_STRUCTURE,1.0,0.9512994122752053784827474142,0.9512994122752053784827474142
2025-06-09 00:00:00+00:00,2,NEUTRAL,0.9999998850016776,True,32,False,BULL_STRUCTURE,BULL_STRUCTURE,1.0,0.9532061695071787254418297156,0.9532061695071787254418297156
2025-06-10 00:00:00+00:00,2,NEUTRAL,0.9999999721731004,True,33,False,BULL_STRUCTURE,BULL_STRUCTURE,1.0,0.9532107685064217594891114251,0.9532107685064217594891114251
2025-06-11 00:00:00+00:00,2,NEUTRAL,0.9999945639967749,True,34,False,BULL_STRUCTURE,BULL_STRUCTURE,1.0,0.9525424044790788737667336412,0.9525424044790788737667336412
2025-06-12 00:00:00+00:00,2,NEUTRAL,0.9999988160759773,True,35,False,BULL_STRUCTURE,BULL_STRUCTURE,1.0,0.9512721125034707963513306961,0.9512721125034707963513306961
2025-06-13 00:00:00+00:00,2,NEUTRAL,0.9999283410107972,True,36,False,BULL_STRUCTURE,BULL_STRUCTURE,1.0,0.9514447064949352970909335869,0.9514447064949352970909335869
2025-06-14 00:00:00+00:00,2,NEUTRAL,0.9999631390501126,True,37,False,BULL_STRUCTURE,BULL_STRUCTURE,1.0,0.9511590769682886388339851702,0.9511590769682886388339851702
2025-06-15 00:00:00+00:00,2,NEUTRAL,0.9999994854835181,True,38,False,BULL_STRUCTURE,BULL_STRUCTURE,1.0,0.9512379963324851251994397425,0.9512379963324851251994397425
2025-06-16 00:00:00+00:00,2,NEUTRAL,0.9998988753216438,True,39,False,BULL_STRUCTURE,BULL_STRUCTURE,1.0,0.9517597064369670736328037787,0.9517597064369670736328037787
2025-06-17 00:00:00+00:00,2,NEUTRAL,0.9948491243071769,True,40,False,BULL_STRUCTURE,BULL_STRUCTURE,1.0,0.9507755638443402656949185917,0.9507755638443402656949185917
2025-06-18 00:00:00+00:00,2,NEUTRAL,0.9250148146334874,True,41,False,BULL_STRUCTURE,BULL_STRUCTURE,1.0,0.9509253395279240918241438055,0.9509253395279240918241438055
2025-06-19 00:00:00+00:00,2,NEUTRAL,0.9671855063841043,True,42,False,BULL_STRUCTURE,BULL_STRUCTURE,1.0,0.9508236025140676793003342803,0.9508236025140676793003342803
2025-06-20 00:00:00+00:00,2,NEUTRAL,0.9964174637648974,True,43,False,BULL_STRUCTURE,BULL_STRUCTURE,1.0,0.9502081223731390817140964838,0.9502081223731390817140964838
2025-06-21 00:00:00+00:00,2,NEUTRAL,0.9683395356501928,True,44,False,BULL_STRUCTURE,BULL_STRUCTURE,1.0,0.60,0.60
2025-06-22 00:00:00+00:00,2,NEUTRAL,0.5299355193714895,True,45,False,BULL_STRUCTURE,BULL_STRUCTURE,1.0,0.30,0.30
2025-06-23 00:00:00+00:00,2,NEUTRAL,0.9996842040282862,True,46,False,BULL_STRUCTURE,BULL_STRUCTURE,1.0,0.95,0.95
2025-06-24 00:00:00+00:00,2,NEUTRAL,0.9999397005894961,True,47,False,BULL_STRUCTURE,BULL_STRUCTURE,1.0,0.9511193908126122201710630296,0.9511193908126122201710630296
2025-06-25 00:00:00+00:00,2,NEUTRAL,0.9952875574545496,True,48,False,BULL_STRUCTURE,BULL_STRUCTURE,1.0,0.9516643853017967743661527816,0.9516643853017967743661527816
2025-06-26 00:00:00+00:00,2,NEUTRAL,0.9994647662421015,True,49,False,BULL_STRUCTURE,BULL_STRUCTURE,1.0,0.9514951574709617451285453823,0.9514951574709617451285453823
2025-06-27 00:00:00+00:00,2,NEUTRAL,0.9999947937148148,True,50,False,BULL_STRUCTURE,BULL_STRUCTURE,1.0,0.9515385015972272183278567361,0.9515385015972272183278567361
2025-06-28 00:00:00+00:00,2,NEUTRAL,0.9990429423192158,True,51,False,BULL_STRUCTURE,BULL_STRUCTURE,1.0,0.9516456124301219916958689952,0.9516456124301219916958689952
2025-06-29 00:00:00+00:00,2,NEUTRAL,0.06563838771869154,False,51,False,BULL_STRUCTURE,BULL_STRUCTURE,1.0,0.475,0.475
2025-06-30 00:00:00+00:00,2,NEUTRAL,0.0957215977493482,False,51,False,BULL_STRUCTURE,BULL_STRUCTURE,1.0,0.4724933258194445068794507127,0.4724933258194445068794507127
2025-07-01 00:00:00+00:00,1,BEAR,0.6153366360321522,True,3,False,BULL_STRUCTURE,BULL_STRUCTURE,1.0,0.95,0.95
2025-07-02 00:00:00+00:00,1,BEAR,0.039810225124638846,False,3,False,BULL_STRUCTURE,BULL_STRUCTURE,1.0,0.475,0.475
2025-07-03 00:00:00+00:00,1,BEAR,0.0004797624059206644,False,3,False,BULL_STRUCTURE,BULL_STRUCTURE,1.0,0.4769711394247752812629992291,0.4769711394247752812629992291
2025-07-04 00:00:00+00:00,2,NEUTRAL,0.9999982386095376,True,3,False,BULL_STRUCTURE,BULL_STRUCTURE,1.0,0.95,0.95
2025-07-05 00:00:00+00:00,2,NEUTRAL,0.9997772803918908,True,4,False,BULL_STRUCTURE,BULL_STRUCTURE,1.0,0.9506793288230916318360473749,0.9506793288230916318360473749
2025-07-06 00:00:00+00:00,2,NEUTRAL,0.999943596314593,True,5,False,BULL_STRUCTURE,BULL_STRUCTURE,1.0,0.9511113445097971637387754586,0.9511113445097971637387754586
2025-07-07 00:00:00+00:00,2,NEUTRAL,0.9996551658394537,True,6,False,BULL_STRUCTURE,BULL_STRUCTURE,1.0,0.9507074028727458218476700097,0.9507074028727458218476700097
2025-07-08 00:00:00+00:00,2,NEUTRAL,0.999821024983167,True,7,False,BULL_STRUCTURE,BULL_STRUCTURE,1.0,0.9509914622037093352522054854,0.9509914622037093352522054854
2025-07-09 00:00:00+00:00,2,NEUTRAL,0.9869156687048112,True,8,False,BULL_STRUCTURE,BULL_STRUCTURE,1.0,0.9519607552543184073589973843,0.9519607552543184073589973843
2025-07-10 00:00:00+00:00,2,NEUTRAL,0.9963485824180767,True,9,False,BULL_STRUCTURE,BULL_STRUCTURE,1.0,0.9538472030102811484532339111,0.9538472030102811484532339111
2025-07-11 00:00:00+00:00,2,NEUTRAL,0.9841107909623299,True,10,False,BULL_STRUCTURE,BULL_STRUCTURE,1.0,0.9544160168349567130214696211,0.9544160168349567130214696211
2025-07-12 00:00:00+00:00,2,NEUTRAL,0.6471146005063867,True,11,False,BULL_STRUCTURE,BULL_STRUCTURE,1.0,0.9543761286624900661934959276,0.9543761286624900661934959276
2025-07-13 00:00:00+00:00,2,NEUTRAL,0.31095233373328307,False,11,False,BULL_STRUCTURE,BULL_STRUCTURE,1.0,0.475,0.475
2025-07-14 00:00:00+00:00,2,NEUTRAL,0.01334005308080692,False,11,False,BULL_STRUCTURE,BULL_STRUCTURE,1.0,0.4768697874537810975034589730,0.4768697874537810975034589730
2025-07-15 00:00:00+00:00,1,BEAR,0.9999912758983939,True,3,False,BULL_STRUCTURE,BULL_STRUCTURE,1.0,0.95,0.95
2025-07-16 00:00:00+00:00,1,BEAR,0.9999894519161602,True,4,False,BULL_STRUCTURE,BULL_STRUCTURE,1.0,0.9509334462377185019149664464,0.9509334462377185019149664464
2025-07-17 00:00:00+00:00,1,BEAR,0.8513134443539696,True,5,False,BULL_STRUCTURE,BULL_STRUCTURE,1.0,0.9511477005428269770382795607,0.9511477005428269770382795607
2025-07-18 00:00:00+00:00,1,BEAR,0.9996036372561776,True,6,False,BULL_STRUCTURE,BULL_STRUCTURE,1.0,0.9506543491422969998601101819,0.9506543491422969998601101819
2025-07-19 00:00:00+00:00,1,BEAR,0.9975012260569593,True,7,False,BULL_STRUCTURE,BULL_STRUCTURE,1.0,0.9506205765794797719539382406,0.9506205765794797719539382406
2025-07-20 00:00:00+00:00,1,BEAR,0.999990981064655,True,8,False,BULL_STRUCTURE,BULL_STRUCTURE,1.0,0.9503905084548100962053616620,0.9503905084548100962053616620
2025-07-21 00:00:00+00:00,1,BEAR,0.9999673542487584,True,9,False,BULL_STRUCTURE,BULL_STRUCTURE,1.0,0.9504367993768728961460573608,0.9504367993768728961460573608
2025-07-22 00:00:00+00:00,1,BEAR,0.43014094517783985,False,9,False,BULL_STRUCTURE,BULL_STRUCTURE,1.0,0.475,0.475
2025-07-23 00:00:00+00:00,1,BEAR,0.018817929439437543,False,9,False,BULL_STRUCTURE,BULL_STRUCTURE,1.0,0.4727893580592155165106934466,0.4727893580592155165106934466
2025-07-24 00:00:00+00:00,2,NEUTRAL,0.9946730930389952,True,3,False,BULL_STRUCTURE,BULL_STRUCTURE,1.0,0.95,0.95
2025-07-25 00:00:00+00:00,2,NEUTRAL,0.9969159500972874,True,4,False,BULL_STRUCTURE,BULL_STRUCTURE,1.0,0.9502979147523302360991743747,0.9502979147523302360991743747
2025-07-26 00:00:00+00:00,2,NEUTRAL,0.9708569746106159,True,5,False,BULL_STRUCTURE,BULL_STRUCTURE,1.0,0.9504203678950842645061976835,0.9504203678950842645061976835
2025-07-27 00:00:00+00:00,2,NEUTRAL,0.3785864981119871,False,5,False,BULL_STRUCTURE,BULL_STRUCTURE,1.0,0.475,0.475
2025-07-28 00:00:00+00:00,2,NEUTRAL,0.0036442681802188607,False,5,False,BULL_STRUCTURE,BULL_STRUCTURE,1.0,0.4724512848921822659609712468,0.4724512848921822659609712468
2025-07-29 00:00:00+00:00,1,BEAR,0.9947167641690048,True,3,False,BULL_STRUCTURE,BULL_STRUCTURE,1.0,0.95,0.95
2025-07-30 00:00:00+00:00,1,BEAR,0.9997129466422362,True,4,False,BULL_STRUCTURE,BULL_STRUCTURE,1.0,0.9505446086796824307745117248,0.9505446086796824307745117248
2025-07-31 00:00:00+00:00,1,BEAR,0.9979261902639821,True,5,False,BULL_STRUCTURE,BULL_STRUCTURE,1.0,0.9497022430238482009927779568,0.9497022430238482009927779568
2025-08-01 00:00:00+00:00,1,BEAR,0.9991114132263286,True,6,False,BULL_STRUCTURE,BULL_STRUCTURE,1.0,0.9486636189680349476961241654,0.9486636189680349476961241654
2025-08-02 00:00:00+00:00,1,BEAR,0.9999933469110458,True,7,False,BULL_STRUCTURE,BULL_STRUCTURE,1.0,0.9483385073907707869883094511,0.9483385073907707869883094511
2025-08-03 00:00:00+00:00,1,BEAR,0.9999887189469188,True,8,False,BULL_STRUCTURE,BULL_STRUCTURE,1.0,0.9490521915707561949529903987,0.9490521915707561949529903987
2025-08-04 00:00:00+00:00,1,BEAR,0.8946068415706538,True,9,False,BULL_STRUCTURE,BULL_STRUCTURE,1.0,0.9494079549003252932928925702,0.9494079549003252932928925702
2025-08-05 00:00:00+00:00,1,BEAR,0.995392823386675,True,10,False,BULL_STRUCTURE,BULL_STRUCTURE,1.0,0.9490187024853765979213090669,0.9490187024853765979213090669
2025-08-06 00:00:00+00:00,1,BEAR,0.9999993765443048,True,11,False,BULL_STRUCTURE,BULL_STRUCTURE,1.0,0.9493817406526841897360663867,0.9493817406526841897360663867
2025-08-07 00:00:00+00:00,1,BEAR,0.9999627527319969,True,12,False,BULL_STRUCTURE,BULL_STRUCTURE,1.0,0.9503972504685089247642396768,0.9503972504685089247642396768
2025-08-08 00:00:00+00:00,1,BEAR,0.9997188781054157,True,13,False,BULL_STRUCTURE,BULL_STRUCTURE,1.0,0.9500752234405662179400462936,0.9500752234405662179400462936
2025-08-09 00:00:00+00:00,1,BEAR,0.9999883029806536,True,14,False,BULL_STRUCTURE,BULL_STRUCTURE,1.0,0.9499886892203191099560114525,0.9499886892203191099560114525
2025-08-10 00:00:00+00:00,1,BEAR,0.9999965770525171,True,15,False,BULL_STRUCTURE,BULL_STRUCTURE,1.0,0.9511178098879201203792629597,0.9511178098879201203792629597
2025-08-11 00:00:00+00:00,1,BEAR,0.9990734898852932,True,16,False,BULL_STRUCTURE,BULL_STRUCTURE,1.0,0.9508796945022213234882290469,0.9508796945022213234882290469
2025-08-12 00:00:00+00:00,1,BEAR,0.9999980138147009,True,17,False,BULL_STRUCTURE,BULL_STRUCTURE,1.0,0.9514430339691123530859335422,0.9514430339691123530859335422
2025-08-13 00:00:00+00:00,1,BEAR,0.9985499108483896,True,18,False,BULL_STRUCTURE,BULL_STRUCTURE,1.0,0.9526331041802398044629231608,0.9526331041802398044629231608
2025-08-14 00:00:00+00:00,1,BEAR,0.7575709343660105,True,19,False,BULL_STRUCTURE,BULL_STRUCTURE,1.0,0.9507253730842457145383410101,0.9507253730842457145383410101
2025-08-15 00:00:00+00:00,1,BEAR,0.05284811406193634,False,19,False,BULL_STRUCTURE,BULL_STRUCTURE,1.0,0.475,0.475
2025-08-16 00:00:00+00:00,1,BEAR,0.021527751806714956,False,19,False,BULL_STRUCTURE,BULL_STRUCTURE,1.0,0.4753732503923390173663260665,0.4753732503923390173663260665
2025-08-17 00:00:00+00:00,2,NEUTRAL,0.7670176691630115,True,3,False,BULL_STRUCTURE,BULL_STRUCTURE,1.0,0.95,0.95
2025-08-18 00:00:00+00:00,2,NEUTRAL,0.01630093407571931,False,3,False,BULL_STRUCTURE,BULL_STRUCTURE,1.0,0.475,0.475
2025-08-19 00:00:00+00:00,2,NEUTRAL,1.5315425503460945e-06,False,3,False,BULL_STRUCTURE,BULL_STRUCTURE,1.0,0.4679934027420549884211621778,0.4679934027420549884211621778
2025-08-20 00:00:00+00:00,1,BEAR,0.9999470376989142,True,3,False,BULL_STRUCTURE,BULL_STRUCTURE,1.0,0.95,0.95
2025-08-21 00:00:00+00:00,1,BEAR,0.9999992804298787,True,4,False,BULL_STRUCTURE,BULL_STRUCTURE,1.0,0.9498503818430812181261418503,0.9498503818430812181261418503
2025-08-22 00:00:00+00:00,1,BEAR,0.9945062064250455,True,5,False,BULL_STRUCTURE,BULL_STRUCTURE,1.0,0.9516608554504066364887853981,0.9516608554504066364887853981
2025-08-23 00:00:00+00:00,1,BEAR,0.9645058461819176,True,6,False,BULL_STRUCTURE,BULL_STRUCTURE,1.0,0.9510642952522806222524976412,0.9510642952522806222524976412
2025-08-24 00:00:00+00:00,1,BEAR,0.9279501273783012,True,7,False,BULL_STRUCTURE,BULL_STRUCTURE,1.0,0.9502675867663308332461932659,0.9502675867663308332461932659
2025-08-25 00:00:00+00:00,1,BEAR,0.8660826846246223,True,8,False,BULL_STRUCTURE,BULL_STRUCTURE,1.0,0.9488184425818288651420854593,0.9488184425818288651420854593
2025-08-26 00:00:00+00:00,1,BEAR,0.986134928318665,True,9,False,BULL_STRUCTURE,BULL_STRUCTURE,1.0,0.9495364624112434003520313119,0.9495364624112434003520313119
2025-08-27 00:00:00+00:00,1,BEAR,0.9953789279341282,True,10,False,BULL_STRUCTURE,BULL_STRUCTURE,1.0,0.9493206564441368515873683844,0.9493206564441368515873683844
2025-08-28 00:00:00+00:00,1,BEAR,0.9985301138027628,True,11,False,BULL_STRUCTURE,BULL_STRUCTURE,1.0,0.9498786925809128987619318117,0.9498786925809128987619318117
2025-08-29 00:00:00+00:00,1,BEAR,0.9999607248846948,True,12,False,BULL_STRUCTURE,BULL_STRUCTURE,1.0,0.9480418439698813236509489275,0.9480418439698813236509489275
2025-08-30 00:00:00+00:00,1,BEAR,0.9957317977312823,True,13,False,BULL_STRUCTURE,BULL_STRUCTURE,1.0,0.9482405785568786895355556785,0.9482405785568786895355556785
2025-08-31 00:00:00+00:00,1,BEAR,0.999603397356598,True,14,False,BULL_STRUCTURE,BULL_STRUCTURE,1.0,0.9479822122023577028616865417,0.9479822122023577028616865417
2025-09-01 00:00:00+00:00,1,BEAR,0.9967228207207486,True,15,False,BULL_STRUCTURE,BULL_STRUCTURE,1.0,0.9484298120924455005397543169,0.9484298120924455005397543169
2025-09-02 00:00:00+00:00,1,BEAR,0.9987431031295498,True,16,False,BULL_STRUCTURE,BULL_STRUCTURE,1.0,0.9493111416100343070192810003,0.9493111416100343070192810003
2025-09-03 00:00:00+00:00,1,BEAR,0.999958272792573,True,17,False,BULL_STRUCTURE,BULL_STRUCTURE,1.0,0.9495117937233793801142475751,0.9495117937233793801142475751
2025-09-04 00:00:00+00:00,1,BEAR,0.9999102561250565,True,18,False,BULL_STRUCTURE,BULL_STRUCTURE,1.0,0.9490899399477269215693598578,0.9490899399477269215693598578
2025-09-05 00:00:00+00:00,1,BEAR,0.9999627956840136,True,19,False,BULL_STRUCTURE,BULL_STRUCTURE,1.0,0.9490589921392908618876027565,0.9490589921392908618876027565
2025-09-06 00:00:00+00:00,1,BEAR,0.9995079288658043,True,20,False,BULL_STRUCTURE,BULL_STRUCTURE,1.0,0.9488519340515723118104769799,0.9488519340515723118104769799
2025-09-07 00:00:00+00:00,1,BEAR,0.9999096304817919,True,21,False,BULL_STRUCTURE,BULL_STRUCTURE,1.0,0.9492666903254548378436006243,0.9492666903254548378436006243
2025-09-08 00:00:00+00:00,1,BEAR,0.9999464689903284,True,22,False,BULL_STRUCTURE,BULL_STRUCTURE,1.0,0.9496656137289732865049582445,0.9496656137289732865049582445
2025-09-09 00:00:00+00:00,1,BEAR,0.9999552956730504,True,23,False,BULL_STRUCTURE,BULL_STRUCTURE,1.0,0.9494433279108649234201589750,0.9494433279108649234201589750
2025-09-10 00:00:00+00:00,1,BEAR,0.9999425342926155,True,24,False,BULL_STRUCTURE,BULL_STRUCTURE,1.0,0.9504610459133457557958119160,0.9504610459133457557958119160
2025-09-11 00:00:00+00:00,1,BEAR,0.999962085854608,True,25,False,BULL_STRUCTURE,BULL_STRUCTURE,1.0,0.9510822860837196606156357194,0.9510822860837196606156357194
2025-09-12 00:00:00+00:00,1,BEAR,0.9999945479970312,True,26,False,BULL_STRUCTURE,BULL_STRUCTURE,1.0,0.9513015610969914853870041374,0.9513015610969914853870041374
2025-09-13 00:00:00+00:00,1,BEAR,0.991976541073799,True,27,False,BULL_STRUCTURE,BULL_STRUCTURE,1.0,0.9512571499160143712519981863,0.9512571499160143712519981863
2025-09-14 00:00:00+00:00,1,BEAR,0.9996247038543007,True,28,False,BULL_STRUCTURE,BULL_STRUCTURE,1.0,0.9509956442826253858030974359,0.9509956442826253858030974359
2025-09-15 00:00:00+00:00,1,BEAR,0.9999992623336759,True,29,False,BULL_STRUCTURE,BULL_STRUCTURE,1.0,0.9510286533941627763116696109,0.9510286533941627763116696109
2025-09-16 00:00:00+00:00,1,BEAR,0.9999992765636195,True,30,False,BULL_STRUCTURE,BULL_STRUCTURE,1.0,0.9516029447384848911630012114,0.9516029447384848911630012114
2025-09-17 00:00:00+00:00,1,BEAR,0.9999997025952767,True,31,False,BULL_STRUCTURE,BULL_STRUCTURE,1.0,0.9514679527639070210998388900,0.9514679527639070210998388900
2025-09-18 00:00:00+00:00,1,BEAR,0.9999864367774849,True,32,False,BULL_STRUCTURE,BULL_STRUCTURE,1.0,0.9517149030159841697726908303,0.9517149030159841697726908303
2025-09-19 00:00:00+00:00,1,BEAR,0.9998904355733892,True,33,False,BULL_STRUCTURE,BULL_STRUCTURE,1.0,0.9511425177769900452434937010,0.9511425177769900452434937010
2025-09-20 00:00:00+00:00,1,BEAR,0.9998475283326185,True,34,False,BULL_STRUCTURE,BULL_STRUCTURE,1.0,0.9511639085580004098615201472,0.9511639085580004098615201472
2025-09-21 00:00:00+00:00,1,BEAR,0.9999973876954315,True,35,False,BULL_STRUCTURE,BULL_STRUCTURE,1.0,0.9509811984069813096752045300,0.9509811984069813096752045300
2025-09-22 00:00:00+00:00,1,BEAR,0.9981926291023746,True,36,False,BULL_STRUCTURE,BULL_STRUCTURE,1.0,0.9499142324746978983361289613,0.9499142324746978983361289613
2025-09-23 00:00:00+00:00,1,BEAR,0.9913256752637356,True,37,False,BULL_STRUCTURE,BULL_STRUCTURE,1.0,0.9496372624008746127319523872,0.9496372624008746127319523872
2025-09-24 00:00:00+00:00,1,BEAR,0.9951917074108834,True,38,False,BULL_STRUCTURE,BULL_STRUCTURE,1.0,0.9501897685079147885406759979,0.9501897685079147885406759979
2025-09-25 00:00:00+00:00,1,BEAR,0.9996218858619367,True,39,False,BULL_STRUCTURE,BULL_STRUCTURE,1.0,0.9483208110624571746735603772,0.9483208110624571746735603772
2025-09-26 00:00:00+00:00,1,BEAR,0.9966558533430409,True,40,False,BULL_STRUCTURE,BULL_STRUCTURE,1.0,0.9486109765285551914674817584,0.9486109765285551914674817584
2025-09-27 00:00:00+00:00,1,BEAR,0.9986575741862674,True,41,False,BULL_STRUCTURE,BULL_STRUCTURE,1.0,0.9486075928505349967744538806,0.9486075928505349967744538806
2025-09-28 00:00:00+00:00,1,BEAR,0.9913655282175771,True,42,False,BULL_STRUCTURE,BULL_STRUCTURE,1.0,0.9497076870294926538731715532,0.9497076870294926538731715532
2025-09-29 00:00:00+00:00,1,BEAR,0.9976424065986204,True,43,False,BULL_STRUCTURE,BULL_STRUCTURE,1.0,0.9506060395825035729467792298,0.9506060395825035729467792298
2025-09-30 00:00:00+00:00,1,BEAR,0.9999751714584874,True,44,False,BULL_STRUCTURE,BULL_STRUCTURE,1.0,0.9504977618835626896338084366,0.9504977618835626896338084366
2025-10-01 00:00:00+00:00,1,BEAR,0.9043701949187013,True,45,False,BULL_STRUCTURE,BULL_STRUCTURE,1.0,0.9523048096524314746063871347,0.9523048096524314746063871347
2025-10-02 00:00:00+00:00,1,BEAR,0.9039698905914679,True,46,False,BULL_STRUCTURE,BULL_STRUCTURE,1.0,0.9530343135429110907272545144,0.9530343135429110907272545144
2025-10-03 00:00:00+00:00,1,BEAR,0.2111017751084469,False,46,False,BULL_STRUCTURE,BULL_STRUCTURE,1.0,0.475,0.475
2025-10-04 00:00:00+00:00,1,BEAR,0.6882496612728985,True,47,False,BULL_STRUCTURE,BULL_STRUCTURE,1.0,0.95,0.95
2025-10-05 00:00:00+00:00,1,BEAR,0.9659186845943173,True,48,False,BULL_STRUCTURE,BULL_STRUCTURE,1.0,0.9510000712439129277172748561,0.9510000712439129277172748561
2025-10-06 00:00:00+00:00,1,BEAR,0.7449347357308839,True,49,False,BULL_STRUCTURE,BULL_STRUCTURE,1.0,0.9514399642468168717825764178,0.9514399642468168717825764178
2025-10-07 00:00:00+00:00,1,BEAR,0.408740035445822,True,50,False,BULL_STRUCTURE,BULL_STRUCTURE,1.0,0.475,0.475
2025-10-08 00:00:00+00:00,1,BEAR,4.073709047269356e-08,False,50,False,BULL_STRUCTURE,BULL_STRUCTURE,1.0,0.4793149840918997144944085846,0.4793149840918997144944085846
2025-10-09 00:00:00+00:00,1,BEAR,2.582037903359437e-07,False,50,False,BULL_STRUCTURE,BULL_STRUCTURE,1.0,0.4759669365355586954404051593,0.4759669365355586954404051593
2025-10-10 00:00:00+00:00,0,BULL,0.999999999996362,True,3,False,BULL_STRUCTURE,BULL_STRUCTURE,1.0,0.4570892844042331865013356788,0.4570892844042331865013356788
2025-10-11 00:00:00+00:00,0,BULL,1.0,True,4,False,BULL_STRUCTURE,BULL_STRUCTURE,1.0,0.4523612097559001555180406090,0.4523612097559001555180406090
2025-10-12 00:00:00+00:00,0,BULL,1.0,True,5,False,BULL_STRUCTURE,BULL_STRUCTURE,1.0,0.4618536253682733681164677776,0.4618536253682733681164677776
2025-10-13 00:00:00+00:00,0,BULL,0.9999999999481588,True,6,False,BULL_STRUCTURE,BULL_STRUCTURE,1.0,0.4623012262489740258130407843,0.4623012262489740258130407843
2025-10-14 00:00:00+00:00,0,BULL,0.9999999999863576,True,7,False,BULL_STRUCTURE,BULL_STRUCTURE,1.0,0.4576468423988894539712478770,0.4576468423988894539712478770
2025-10-15 00:00:00+00:00,0,BULL,0.9999999999990905,True,8,False,BULL_STRUCTURE,BULL_STRUCTURE,1.0,0.4526272503371122022378385925,0.4526272503371122022378385925
2025-10-16 00:00:00+00:00,0,BULL,0.9999999999790816,True,9,False,BULL_STRUCTURE,BULL_STRUCTURE,1.0,0.4468199335736889199763337922,0.4468199335736889199763337922
2025-10-17 00:00:00+00:00,0,BULL,1.0,True,10,False,BULL_STRUCTURE,BULL_STRUCTURE,1.0,0.4427637145944559603928438546,0.4427637145944559603928438546
2025-10-18 00:00:00+00:00,2,CRASH,1.0,True,1,False,BULL_STRUCTURE,BULL_STRUCTURE,1.0,0.4445045866139658646457023866,0.4445045866139658646457023866
2025-10-19 00:00:00+00:00,2,CRASH,0.9999999999809006,True,2,False,BULL_STRUCTURE,BULL_STRUCTURE,1.0,0.4478426460325319623912946363,0.4478426460325319623912946363
2025-10-20 00:00:00+00:00,2,CRASH,0.9999996946672138,True,3,False,BULL_STRUCTURE,BULL_STRUCTURE,1.0,0.4521096344498898276932315664,0.4521096344498898276932315664
2025-10-21 00:00:00+00:00,2,CRASH,0.9999999584251791,True,4,False,BULL_STRUCTURE,BULL_STRUCTURE,1.0,0.4470560291777047638028451206,0.4470560291777047638028451206
2025-10-22 00:00:00+00:00,2,CRASH,0.9999906623933693,True,5,False,BULL_STRUCTURE,BULL_STRUCTURE,1.0,0.4453841889894803603396729194,0.4453841889894803603396729194
2025-10-23 00:00:00+00:00,2,CRASH,0.9798310808962971,True,6,False,BULL_STRUCTURE,BULL_STRUCTURE,1.0,0.4510905131760498879800077152,0.4510905131760498879800077152
2025-10-24 00:00:00+00:00,2,CRASH,0.6366062465693327,True,7,False,BULL_STRUCTURE,BULL_STRUCTURE,1.0,0.4531671516571310300674030928,0.4531671516571310300674030928
2025-10-25 00:00:00+00:00,2,CRASH,0.0020446959724613007,False,7,False,BULL_STRUCTURE,BULL_STRUCTURE,1.0,0.4545952254850124052715231324,0.4545952254850124052715231324
2025-10-26 00:00:00+00:00,2,CRASH,1.228368235740698e-07,False,7,False,BULL_STRUCTURE,BULL_STRUCTURE,1.0,0.4609887210832175659287549658,0.4609887210832175659287549658
2025-10-27 00:00:00+00:00,3,BULL,0.9999999563779066,True,3,False,BULL_STRUCTURE,BULL_STRUCTURE,1.0,0.95,0.95
2025-10-28 00:00:00+00:00,3,BULL,0.999999832465633,True,4,False,BULL_STRUCTURE,BULL_STRUCTURE,1.0,0.9501003460448668609986816321,0.9501003460448668609986816321
2025-10-29 00:00:00+00:00,3,BULL,0.9999986468628836,True,5,False,BULL_STRUCTURE,BULL_STRUCTURE,1.0,0.9488621541981540705320471397,0.9488621541981540705320471397
2025-10-30 00:00:00+00:00,3,BULL,0.9346213384632805,True,6,False,BULL_STRUCTURE,BULL_STRUCTURE,1.0,0.9481019682849757912801065590,0.9481019682849757912801065590
2025-10-31 00:00:00+00:00,3,BULL,0.9997967724573575,True,7,False,BULL_STRUCTURE,BULL_STRUCTURE,1.0,0.9486792330498743276651788524,0.9486792330498743276651788524
2025-11-01 00:00:00+00:00,3,BULL,0.8006476206752388,True,8,False,BULL_STRUCTURE,BULL_STRUCTURE,1.0,0.9488960073406583441333702909,0.9488960073406583441333702909
2025-11-02 00:00:00+00:00,3,BULL,0.9373252055956028,True,9,False,BULL_STRUCTURE,BULL_STRUCTURE,1.0,0.9490901996263586694319903414,0.9490901996263586694319903414
2025-11-03 00:00:00+00:00,3,BULL,0.9662211516056645,True,10,False,TRANSITION,BULL_STRUCTURE,0.6,0.9472994417949418442541599339,0.6
2025-11-04 00:00:00+00:00,3,BULL,0.056598002965275375,False,10,False,TRANSITION,BULL_STRUCTURE,0.6,0.5884837349412163034666740972,0.5884837349412163034666740972
2025-11-05 00:00:00+00:00,3,BULL,1.7692903921350405e-05,False,10,False,TRANSITION,BULL_STRUCTURE,0.6,0.5941035111540373279867596621,0.5941035111540373279867596621
2025-11-06 00:00:00+00:00,3,BULL,8.521332005341693e-06,False,10,False,TRANSITION,BULL_STRUCTURE,0.6,0.5881227055915736908481356738,0.5881227055915736908481356738
2025-11-07 00:00:00+00:00,3,BULL,2.0358016189105846e-10,False,10,False,TRANSITION,TRANSITION,0.6,0.5928319461311390888371814358,0.5928319461311390888371814358
2025-11-08 00:00:00+00:00,2,CRASH,0.999998278147932,True,3,False,TRANSITION,TRANSITION,0.6,0.5904208670937158347645611982,0.5904208670937158347645611982
2025-11-09 00:00:00+00:00,2,CRASH,0.983896204464161,True,4,False,TRANSITION,TRANSITION,0.6,0.5960389899221666376794369149,0.5960389899221666376794369149
2025-11-10 00:00:00+00:00,2,CRASH,0.989106669062765,True,5,False,TRANSITION,TRANSITION,0.6,0.5989791628940284014211906684,0.5989791628940284014211906684
2025-11-11 00:00:00+00:00,2,CRASH,0.9999978858963524,True,6,False,TRANSITION,TRANSITION,0.6,0.5921766513674430488440645672,0.5921766513674430488440645672
2025-11-12 00:00:00+00:00,2,CRASH,0.9999999947194738,True,7,False,TRANSITION,TRANSITION,0.6,0.5888583508147788873790357208,0.5888583508147788873790357208
2025-11-13 00:00:00+00:00,2,CRASH,0.9999999977808329,True,8,False,TRANSITION,TRANSITION,0.6,0.5841310003238986996022060340,0.5841310003238986996022060340
2025-11-14 00:00:00+00:00,2,CRASH,1.0,True,9,False,TRANSITION,TRANSITION,0.6,0.5713260320996808230900298565,0.5713260320996808230900298565
2025-11-15 00:00:00+00:00,2,CRASH,1.0,True,10,False,TRANSITION,TRANSITION,0.6,0.5739053108213802762351080294,0.5739053108213802762351080294
2025-11-16 00:00:00+00:00,2,CRASH,0.9999999999990905,True,11,False,TRANSITION,TRANSITION,0.6,0.5704632706333623756415425410,0.5704632706333623756415425410
2025-11-17 00:00:00+00:00,2,CRASH,1.0,True,12,False,TRANSITION,TRANSITION,0.6,0.5650771616673812150232845698,0.5650771616673812150232845698
2025-11-18 00:00:00+00:00,2,CRASH,1.0,True,13,False,TRANSITION,TRANSITION,0.6,0.5670554796173531629060324957,0.5670554796173531629060324957
2025-11-19 00:00:00+00:00,2,CRASH,1.0,True,14,False,TRANSITION,TRANSITION,0.6,0.5633105520665153621702068509,0.5633105520665153621702068509
2025-11-20 00:00:00+00:00,2,CRASH,1.0,True,15,False,TRANSITION,TRANSITION,0.6,0.5496852265927745342190925316,0.5496852265927745342190925316
2025-11-21 00:00:00+00:00,2,CRASH,1.0,True,16,False,TRANSITION,TRANSITION,0.6,0.5453356786631089537222354581,0.5453356786631089537222354581
2025-11-22 00:00:00+00:00,2,CRASH,1.0,True,17,False,TRANSITION,TRANSITION,0.6,0.5441978422578188739061242321,0.5441978422578188739061242321
2025-11-23 00:00:00+00:00,2,CRASH,1.0,True,18,False,TRANSITION,TRANSITION,0.6,0.5502353172942463037047250763,0.5502353172942463037047250763
2025-11-24 00:00:00+00:00,2,CRASH,1.0,True,19,False,TRANSITION,TRANSITION,0.6,0.5543863621314658309109702422,0.5543863621314658309109702422
2025-11-25 00:00:00+00:00,2,CRASH,0.9999999997380655,True,20,False,TRANSITION,TRANSITION,0.6,0.5517690232955249484470014876,0.5517690232955249484470014876
2025-11-26 00:00:00+00:00,2,CRASH,0.9999999996416591,True,21,False,TRANSITION,TRANSITION,0.6,0.5604140425495870032537316860,0.5604140425495870032537316860
2025-11-27 00:00:00+00:00,2,CRASH,0.9999974164663121,True,22,False,TRANSITION,TRANSITION,0.6,0.5627159292204216476832680427,0.5627159292204216476832680427
2025-11-28 00:00:00+00:00,2,CRASH,0.999986286879341,True,23,False,TRANSITION,TRANSITION,0.6,0.5615184802706891583746461901,0.5615184802706891583746461901
2025-11-29 00:00:00+00:00,2,CRASH,0.9734206218137551,True,24,False,TRANSITION,TRANSITION,0.6,0.5612792607070337415602010452,0.5612792607070337415602010452
2025-11-30 00:00:00+00:00,2,CRASH,0.9999970468787018,True,25,False,TRANSITION,TRANSITION,0.6,0.5600761283998045356596626949,0.5600761283998045356596626949
2025-12-01 00:00:00+00:00,2,CRASH,0.999999999224201,True,26,False,TRANSITION,TRANSITION,0.6,0.5486795142223538170487717035,0.5486795142223538170487717035
2025-12-02 00:00:00+00:00,2,CRASH,1.0,True,27,False,BEAR_STRUCTURE,TRANSITION,0.3,0.5625648164262534697756501863,0.3
2025-12-03 00:00:00+00:00,2,CRASH,0.9999999999990905,True,28,False,BEAR_STRUCTURE,TRANSITION,0.3,0.3050170489964988631615846859,0.3
2025-12-04 00:00:00+00:00,2,CRASH,1.0,True,29,False,BEAR_STRUCTURE,TRANSITION,0.3,0.2969488033215202154809244364,0.2969488033215202154809244364
2025-12-05 00:00:00+00:00,2,CRASH,1.0,True,30,False,BEAR_STRUCTURE,TRANSITION,0.3,0.2906624577112015534607979220,0.2906624577112015534607979220
2025-12-06 00:00:00+00:00,2,CRASH,0.9999999885012586,True,31,False,BEAR_STRUCTURE,BEAR_STRUCTURE,0.3,0.2904471671490580537312020589,0.2904471671490580537312020589
2025-12-07 00:00:00+00:00,2,CRASH,0.9999999986957846,True,32,False,BEAR_STRUCTURE,BEAR_STRUCTURE,0.3,0.2931126564699783198031357609,0.2931126564699783198031357609
2025-12-08 00:00:00+00:00,2,CRASH,0.9999992793612232,True,33,False,BEAR_STRUCTURE,BEAR_STRUCTURE,0.3,0.2936601195192586315397326175,0.2936601195192586315397326175
2025-12-09 00:00:00+00:00,2,CRASH,0.9999995492226951,True,34,False,BEAR_STRUCTURE,BEAR_STRUCTURE,0.3,0.2983082380081969192486392474,0.2983082380081969192486392474
2025-12-10 00:00:00+00:00,2,CRASH,0.9839730259410289,True,35,False,BEAR_STRUCTURE,BEAR_STRUCTURE,0.3,0.2968066364350797912953847791,0.2968066364350797912953847791
2025-12-11 00:00:00+00:00,2,CRASH,0.0032081785700976318,False,35,False,BEAR_STRUCTURE,BEAR_STRUCTURE,0.3,0.2979344283330758302150296941,0.2979344283330758302150296941
2025-12-12 00:00:00+00:00,2,CRASH,0.9947235085408549,True,36,False,BEAR_STRUCTURE,BEAR_STRUCTURE,0.3,0.2928216886212349923014017009,0.2928216886212349923014017009
2025-12-13 00:00:00+00:00,2,CRASH,0.9999766301218683,True,37,False,BEAR_STRUCTURE,BEAR_STRUCTURE,0.3,0.2927565096363498298521094131,0.2927565096363498298521094131
2025-12-14 00:00:00+00:00,2,CRASH,0.9999998488674579,True,38,False,BEAR_STRUCTURE,BEAR_STRUCTURE,0.3,0.2879799347551963519754970712,0.2879799347551963519754970712
2025-12-15 00:00:00+00:00,2,CRASH,0.9999998906205352,True,39,False,BEAR_STRUCTURE,BEAR_STRUCTURE,0.3,0.2839101642479447215669739421,0.2839101642479447215669739421
2025-12-16 00:00:00+00:00,2,CRASH,0.9999999998071871,True,40,False,BEAR_STRUCTURE,BEAR_STRUCTURE,0.3,0.2872612009586818493850975571,0.2872612009586818493850975571
2025-12-17 00:00:00+00:00,2,CRASH,0.9999999999872671,True,41,False,BEAR_STRUCTURE,BEAR_STRUCTURE,0.3,0.2834656527746363220789680805,0.2834656527746363220789680805
2025-12-18 00:00:00+00:00,2,CRASH,0.9999999998999556,True,42,False,BEAR_STRUCTURE,BEAR_STRUCTURE,0.3,0.2817498312523300465218414836,0.2817498312523300465218414836
2025-12-19 00:00:00+00:00,2,CRASH,0.9999998688863428,True,43,False,BEAR_STRUCTURE,BEAR_STRUCTURE,0.3,0.2878979967191258144452891856,0.2878979967191258144452891856
2025-12-20 00:00:00+00:00,2,CRASH,0.9997995543674637,True,44,False,BEAR_STRUCTURE,BEAR_STRUCTURE,0.3,0.2884185626524985461264105616,0.2884185626524985461264105616
2025-12-21 00:00:00+00:00,2,CRASH,0.9749456463715646,True,45,False,BEAR_STRUCTURE,BEAR_STRUCTURE,0.3,0.2891099532621329361003989035,0.2891099532621329361003989035
2025-12-22 00:00:00+00:00,2,CRASH,0.9999974854522189,True,46,False,BEAR_STRUCTURE,BEAR_STRUCTURE,0.3,0.2890216899685287184250841531,0.2890216899685287184250841531
2025-12-23 00:00:00+00:00,2,CRASH,0.9999945869723055,True,47,False,BEAR_STRUCTURE,BEAR_STRUCTURE,0.3,0.2863806380192787366793968551,0.2863806380192787366793968551
2025-12-24 00:00:00+00:00,2,CRASH,0.46008338146561556,True,48,False,BEAR_STRUCTURE,BEAR_STRUCTURE,0.3,0.2868089189240193010577996236,0.2868089189240193010577996236
2025-12-25 00:00:00+00:00,2,CRASH,0.8629954814826498,True,49,False,BEAR_STRUCTURE,BEAR_STRUCTURE,0.3,0.2857710540412670362004794398,0.2857710540412670362004794398
2025-12-26 00:00:00+00:00,2,CRASH,7.843940474551792e-06,False,49,False,BEAR_STRUCTURE,BEAR_STRUCTURE,0.3,0.2861085311655332665041091452,0.2861085311655332665041091452
2025-12-27 00:00:00+00:00,2,CRASH,1.3175333019160047e-08,False,49,False,BEAR_STRUCTURE,BEAR_STRUCTURE,0.3,0.2872928674123885357064824429,0.2872928674123885357064824429
2025-12-28 00:00:00+00:00,0,BEAR,0.9999999606816353,True,3,False,BEAR_STRUCTURE,BEAR_STRUCTURE,0.3,0.60,0.3
2025-12-29 00:00:00+00:00,0,BEAR,0.999992915406977,True,4,False,BEAR_STRUCTURE,BEAR_STRUCTURE,0.3,0.60,0.3
2025-12-30 00:00:00+00:00,0,BEAR,0.9999999533538368,True,5,False,BEAR_STRUCTURE,BEAR_STRUCTURE,0.3,0.60,0.3
2025-12-31 00:00:00+00:00,0,BEAR,0.9635879716758036,True,6,False,BEAR_STRUCTURE,BEAR_STRUCTURE,0.3,0.60,0.3
2026-01-01 00:00:00+00:00,0,BEAR,0.9999958594611826,True,7,False,BEAR_STRUCTURE,BEAR_STRUCTURE,0.3,0.60,0.3
2026-01-02 00:00:00+00:00,0,BEAR,0.9999988511942552,True,8,False,BEAR_STRUCTURE,BEAR_STRUCTURE,0.3,0.60,0.3
2026-01-03 00:00:00+00:00,0,BEAR,0.99999980373561,True,9,False,BEAR_STRUCTURE,BEAR_STRUCTURE,0.3,0.60,0.3
2026-01-04 00:00:00+00:00,0,BEAR,0.999987716264471,True,10,False,BEAR_STRUCTURE,BEAR_STRUCTURE,0.3,0.60,0.3
2026-01-05 00:00:00+00:00,0,BEAR,0.9990695808109603,True,11,False,BEAR_STRUCTURE,BEAR_STRUCTURE,0.3,0.95,0.3
2026-01-06 00:00:00+00:00,0,BEAR,0.9578256982416173,True,12,False,BEAR_STRUCTURE,BEAR_STRUCTURE,0.3,0.95,0.3
2026-01-07 00:00:00+00:00,0,BEAR,0.9995983474463971,True,13,False,BEAR_STRUCTURE,BEAR_STRUCTURE,0.3,0.60,0.3
2026-01-08 00:00:00+00:00,0,BEAR,0.9921810817807524,True,14,False,BEAR_STRUCTURE,BEAR_STRUCTURE,0.3,0.60,0.3
2026-01-09 00:00:00+00:00,0,BEAR,0.9999797579168999,True,15,False,BEAR_STRUCTURE,BEAR_STRUCTURE,0.3,0.60,0.3
2026-01-10 00:00:00+00:00,0,BEAR,0.9999999893007044,True,16,False,BEAR_STRUCTURE,BEAR_STRUCTURE,0.3,0.60,0.3
2026-01-11 00:00:00+00:00,0,BEAR,0.9998602775690683,True,17,False,BEAR_STRUCTURE,BEAR_STRUCTURE,0.3,0.60,0.3
2026-01-12 00:00:00+00:00,0,BEAR,0.9992855657520031,True,18,False,BEAR_STRUCTURE,BEAR_STRUCTURE,0.3,0.60,0.3
2026-01-13 00:00:00+00:00,0,BEAR,0.9999999955352905,True,19,False,BEAR_STRUCTURE,BEAR_STRUCTURE,0.3,0.95,0.3
2026-01-14 00:00:00+00:00,0,BEAR,0.999747464657126,True,20,False,BEAR_STRUCTURE,BEAR_STRUCTURE,0.3,0.95,0.3
2026-01-15 00:00:00+00:00,0,BEAR,0.9986272965561185,True,21,False,BEAR_STRUCTURE,BEAR_STRUCTURE,0.3,0.95,0.3
2026-01-16 00:00:00+00:00,0,BEAR,0.9012144509122757,True,22,False,BEAR_STRUCTURE,BEAR_STRUCTURE,0.3,0.95,0.3
2026-01-17 00:00:00+00:00,0,BEAR,0.0004691568661762451,False,22,False,BEAR_STRUCTURE,BEAR_STRUCTURE,0.3,0.2989957075499969027179324905,0.2989957075499969027179324905
2026-01-18 00:00:00+00:00,0,BEAR,5.945824003120022e-05,False,22,False,BEAR_STRUCTURE,BEAR_STRUCTURE,0.3,0.2957321802577048929947501458,0.2957321802577048929947501458
2026-01-19 00:00:00+00:00,3,BULL,0.9979450679114359,True,3,False,BEAR_STRUCTURE,BEAR_STRUCTURE,0.3,0.95,0.3
2026-01-20 00:00:00+00:00,3,BULL,0.9520998661527867,True,4,False,BEAR_STRUCTURE,BEAR_STRUCTURE,0.3,0.95,0.3
2026-01-21 00:00:00+00:00,3,BULL,0.6340526690371241,True,5,False,BEAR_STRUCTURE,BEAR_STRUCTURE,0.3,0.95,0.3
2026-01-22 00:00:00+00:00,3,BULL,0.19390319392781255,False,5,False,BEAR_STRUCTURE,BEAR_STRUCTURE,0.3,0.3002462968263955389343377260,0.3
2026-01-23 00:00:00+00:00,3,BULL,0.05913379450908079,False,5,False,BEAR_STRUCTURE,BEAR_STRUCTURE,0.3,0.3000931751399418766644187011,0.3
2026-01-24 00:00:00+00:00,0,BEAR,0.994502483832493,True,3,False,BEAR_STRUCTURE,BEAR_STRUCTURE,0.3,0.60,0.3
2026-01-25 00:00:00+00:00,0,BEAR,0.5329978095628882,True,4,False,BEAR_STRUCTURE,BEAR_STRUCTURE,0.3,0.2939344233879211499626570295,0.2939344233879211499626570295
2026-01-26 00:00:00+00:00,0,BEAR,0.2210913385291312,False,4,False,BEAR_STRUCTURE,BEAR_STRUCTURE,0.3,0.2979267203563434525109211115,0.2979267203563434525109211115
2026-01-27 00:00:00+00:00,0,BEAR,0.39626425555811406,False,4,False,BEAR_STRUCTURE,BEAR_STRUCTURE,0.3,0.3000579420040806131634362294,0.3
2026-01-28 00:00:00+00:00,3,BULL,0.9909402400394851,True,3,False,BEAR_STRUCTURE,BEAR_STRUCTURE,0.3,0.95,0.3
2026-01-29 00:00:00+00:00,3,BULL,0.41169058278752413,True,4,False,BEAR_STRUCTURE,BEAR_STRUCTURE,0.3,0.2888916402802535885757900332,0.2888916402802535885757900332
2026-01-30 00:00:00+00:00,3,BULL,1.2299148356172235e-05,False,4,False,BEAR_STRUCTURE,BEAR_STRUCTURE,0.3,0.2879447102710130827157577086,0.2879447102710130827157577086
2026-01-31 00:00:00+00:00,3,BULL,2.7469620869589665e-05,False,4,False,BEAR_STRUCTURE,BEAR_STRUCTURE,0.3,0.2742560669460977489760015895,0.2742560669460977489760015895
2026-02-01 00:00:00+00:00,1,EUPHORIA,0.9999061295953293,True,3,False,BEAR_STRUCTURE,BEAR_STRUCTURE,0.3,0.60,0.3
2026-02-02 00:00:00+00:00,1,EUPHORIA,0.00020198433282774767,False,3,False,BEAR_STRUCTURE,BEAR_STRUCTURE,0.3,0.3048079809026957869366647839,0.3
2026-02-03 00:00:00+00:00,1,EUPHORIA,1.4137798851630787e-08,False,3,False,BEAR_STRUCTURE,BEAR_STRUCTURE,0.3,0.2919942185625260523904064753,0.2919942185625260523904064753
2026-02-04 00:00:00+00:00,1,EUPHORIA,0.0001747974159693532,False,3,False,BEAR_STRUCTURE,BEAR_STRUCTURE,0.3,0.2848163134519122030596231946,0.2848163134519122030596231946
2026-02-05 00:00:00+00:00,1,EUPHORIA,1.7926073226062004e-19,False,3,False,BEAR_STRUCTURE,BEAR_STRUCTURE,0.3,0.2550760196801956665358973896,0.2550760196801956665358973896
2026-02-06 00:00:00+00:00,2,CRASH,1.0,True,3,True,BEAR_STRUCTURE,BEAR_STRUCTURE,0.3,0.2775448174769505775302014910,0.2775448174769505775302014910
2026-02-07 00:00:00+00:00,2,CRASH,1.0,True,4,True,BEAR_STRUCTURE,BEAR_STRUCTURE,0.3,0.2738588048699114696327694321,0.2738588048699114696327694321
2026-02-08 00:00:00+00:00,2,CRASH,1.0,True,5,False,BEAR_STRUCTURE,BEAR_STRUCTURE,0.3,0.2768342272525563423648150591,0.2768342272525563423648150591
2026-02-09 00:00:00+00:00,2,CRASH,1.0,True,6,False,BEAR_STRUCTURE,BEAR_STRUCTURE,0.3,0.2762861981827233056000236414,0.2762861981827233056000236414
2026-02-10 00:00:00+00:00,2,CRASH,1.0,True,7,False,BEAR_STRUCTURE,BEAR_STRUCTURE,0.3,0.2725705072924263643931856120,0.2725705072924263643931856120
2026-02-11 00:00:00+00:00,2,CRASH,1.0,True,8,False,BEAR_STRUCTURE,BEAR_STRUCTURE,0.3,0.2674693973428506375360609948,0.2674693973428506375360609948
2026-02-12 00:00:00+00:00,2,CRASH,1.0,True,9,False,BEAR_STRUCTURE,BEAR_STRUCTURE,0.3,0.2650949167839267974152102749,0.2650949167839267974152102749
2026-02-13 00:00:00+00:00,2,CRASH,1.0,True,10,False,BEAR_STRUCTURE,BEAR_STRUCTURE,0.3,0.2726069974380339863638993177,0.2726069974380339863638993177
2026-02-14 00:00:00+00:00,2,CRASH,1.0,True,11,False,BEAR_STRUCTURE,BEAR_STRUCTURE,0.3,0.2753869253724719121828845178,0.2753869253724719121828845178
2026-02-15 00:00:00+00:00,2,CRASH,1.0,True,12,False,BEAR_STRUCTURE,BEAR_STRUCTURE,0.3,0.2725454199937628996853488327,0.2725454199937628996853488327
2026-02-16 00:00:00+00:00,2,CRASH,1.0,True,13,False,BEAR_STRUCTURE,BEAR_STRUCTURE,0.3,0.2727177702649471971257623447,0.2727177702649471971257623447
2026-02-17 00:00:00+00:00,2,CRASH,1.0,True,14,False,BEAR_STRUCTURE,BEAR_STRUCTURE,0.3,0.2686969615135785944914270695,0.2686969615135785944914270695
2026-02-18 00:00:00+00:00,2,CRASH,1.0,True,15,False,BEAR_STRUCTURE,BEAR_STRUCTURE,0.3,0.2656495993783237740465872114,0.2656495993783237740465872114
2026-02-19 00:00:00+00:00,2,CRASH,1.0,True,16,False,BEAR_STRUCTURE,BEAR_STRUCTURE,0.3,0.2672392011915685522351676420,0.2672392011915685522351676420
2026-02-20 00:00:00+00:00,2,CRASH,1.0,True,17,False,BEAR_STRUCTURE,BEAR_STRUCTURE,0.3,0.2701973498827885625210743635,0.2701973498827885625210743635
2026-02-21 00:00:00+00:00,2,CRASH,1.0,True,18,False,BEAR_STRUCTURE,BEAR_STRUCTURE,0.3,0.2700695391081079082415055506,0.2700695391081079082415055506
2026-02-22 00:00:00+00:00,2,CRASH,1.0,True,19,False,BEAR_STRUCTURE,BEAR_STRUCTURE,0.3,0.2691039176421606411024222967,0.2691039176421606411024222967
2026-02-23 00:00:00+00:00,2,CRASH,1.0,True,20,False,BEAR_STRUCTURE,BEAR_STRUCTURE,0.3,0.2603130238562321350127694324,0.2603130238562321350127694324
2026-02-24 00:00:00+00:00,2,CRASH,1.0,True,21,False,BEAR_STRUCTURE,BEAR_STRUCTURE,0.3,0.2585282289700604340346354852,0.2585282289700604340346354852
2026-02-25 00:00:00+00:00,2,CRASH,1.0,True,22,False,BEAR_STRUCTURE,BEAR_STRUCTURE,0.3,0.2701046567366907325464552885,0.2701046567366907325464552885
2026-02-26 00:00:00+00:00,2,CRASH,1.0,True,23,False,BEAR_STRUCTURE,BEAR_STRUCTURE,0.3,0.2686435709198720027294037301,0.2686435709198720027294037301
2026-02-27 00:00:00+00:00,2,CRASH,1.0,True,24,False,BEAR_STRUCTURE,BEAR_STRUCTURE,0.3,0.2639169500872528861779859163,0.2639169500872528861779859163
2026-02-28 00:00:00+00:00,2,CRASH,0.999999993984602,True,25,False,BEAR_STRUCTURE,BEAR_STRUCTURE,0.3,0.2671501399698292140928860745,0.2671501399698292140928860745
2026-03-01 00:00:00+00:00,2,CRASH,0.9999999999754436,True,26,False,BEAR_STRUCTURE,BEAR_STRUCTURE,0.3,0.2636348175489820268331926389,0.2636348175489820268331926389
2026-03-02 00:00:00+00:00,2,CRASH,0.9999999999954525,True,27,False,BEAR_STRUCTURE,BEAR_STRUCTURE,0.3,0.2725381613480938147366725938,0.2725381613480938147366725938
2026-03-03 00:00:00+00:00,2,CRASH,0.9999999999872671,True,28,False,BEAR_STRUCTURE,BEAR_STRUCTURE,0.3,0.2711180433377842060180704446,0.2711180433377842060180704446
2026-03-04 00:00:00+00:00,2,CRASH,0.9999999984011083,True,29,False,BEAR_STRUCTURE,BEAR_STRUCTURE,0.3,0.2834242101920336179889221650,0.2834242101920336179889221650
2026-03-05 00:00:00+00:00,2,CRASH,1.0,True,30,False,BEAR_STRUCTURE,BEAR_STRUCTURE,0.3,0.2784257376504092173489174727,0.2784257376504092173489174727
2026-03-06 00:00:00+00:00,2,CRASH,1.0,True,31,False,BEAR_STRUCTURE,BEAR_STRUCTURE,0.3,0.2704697841485827333861337794,0.2704697841485827333861337794
2026-03-07 00:00:00+00:00,2,CRASH,0.999999999998181,True,32,False,BEAR_STRUCTURE,BEAR_STRUCTURE,0.3,0.2679958880494333180750894891,0.2679958880494333180750894891
2026-03-08 00:00:00+00:00,2,CRASH,0.9999999990386641,True,33,False,BEAR_STRUCTURE,BEAR_STRUCTURE,0.3,0.2642090919851339419816921683,0.2642090919851339419816921683
2026-03-09 00:00:00+00:00,2,CRASH,1.0,True,34,False,BEAR_STRUCTURE,BEAR_STRUCTURE,0.3,0.2713902242095887127464742025,0.2713902242095887127464742025
2026-03-10 00:00:00+00:00,2,CRASH,1.0,True,35,False,BEAR_STRUCTURE,BEAR_STRUCTURE,0.3,0.2757459318122891636297497431,0.2757459318122891636297497431
2026-03-11 00:00:00+00:00,2,CRASH,0.9999972455972701,True,36,False,BEAR_STRUCTURE,BEAR_STRUCTURE,0.3,0.2764397117927921904187423327,0.2764397117927921904187423327
2026-03-12 00:00:00+00:00,2,CRASH,0.9849783622894254,True,37,False,BEAR_STRUCTURE,BEAR_STRUCTURE,0.3,0.2774342314938680111016817914,0.2774342314938680111016817914
2026-03-13 00:00:00+00:00,2,CRASH,0.9998472916691024,True,38,False,BEAR_STRUCTURE,BEAR_STRUCTURE,0.3,0.2785370403017689900987683511,0.2785370403017689900987683511
2026-03-14 00:00:00+00:00,2,CRASH,0.1497377049269665,False,38,False,BEAR_STRUCTURE,BEAR_STRUCTURE,0.3,0.2793349588320424437806815227,0.2793349588320424437806815227
2026-03-15 00:00:00+00:00,2,CRASH,0.17464669623061987,False,38,False,BEAR_STRUCTURE,BEAR_STRUCTURE,0.3,0.2838389259227149910462658085,0.2838389259227149910462658085
2026-03-16 00:00:00+00:00,3,BULL,0.9997958726810997,True,3,False,BEAR_STRUCTURE,BEAR_STRUCTURE,0.3,0.95,0.3
2026-03-17 00:00:00+00:00,3,BULL,7.730162248539608e-06,False,3,False,BEAR_STRUCTURE,BEAR_STRUCTURE,0.3,0.2972563508911392505729926775,0.2972563508911392505729926775
2026-03-18 00:00:00+00:00,3,BULL,4.3443101568738753e-08,False,3,False,BEAR_STRUCTURE,BEAR_STRUCTURE,0.3,0.2896487687855830693362265484,0.2896487687855830693362265484
2026-03-19 00:00:00+00:00,2,CRASH,1.0,True,3,False,BEAR_STRUCTURE,BEAR_STRUCTURE,0.3,0.2858262834302506910413016485,0.2858262834302506910413016485
2026-03-20 00:00:00+00:00,2,CRASH,0.999999999998181,True,4,False,BEAR_STRUCTURE,BEAR_STRUCTURE,0.3,0.2875174528862113858542695092,0.2875174528862113858542695092
2026-03-21 00:00:00+00:00,2,CRASH,0.999999999996362,True,5,False,BEAR_STRUCTURE,BEAR_STRUCTURE,0.3,0.2828602815468654077796585895,0.2828602815468654077796585895
2026-03-22 00:00:00+00:00,2,CRASH,0.9999999999599822,True,6,False,BEAR_STRUCTURE,BEAR_STRUCTURE,0.3,0.2797293075526153126769072529,0.2797293075526153126769072529
2026-03-23 00:00:00+00:00,2,CRASH,0.999999999998181,True,7,False,BEAR_STRUCTURE,BEAR_STRUCTURE,0.3,0.2886652655648130998681719828,0.2886652655648130998681719828
2026-03-24 00:00:00+00:00,2,CRASH,1.0,True,8,False,BEAR_STRUCTURE,BEAR_STRUCTURE,0.3,0.2876510982796105035334009305,0.2876510982796105035334009305
2026-03-25 00:00:00+00:00,2,CRASH,0.9999999999763531,True,9,False,BEAR_STRUCTURE,BEAR_STRUCTURE,0.3,0.2899085552029000635023726328,0.2899085552029000635023726328
2026-03-26 00:00:00+00:00,2,CRASH,0.9999999990050128,True,10,False,BEAR_STRUCTURE,BEAR_STRUCTURE,0.3,0.2825722765907790912657307057,0.2825722765907790912657307057
2026-03-27 00:00:00+00:00,2,CRASH,1.0,True,11,False,BEAR_STRUCTURE,BEAR_STRUCTURE,0.3,0.2753930419556901499300463406,0.2753930419556901499300463406
2026-03-28 00:00:00+00:00,2,CRASH,0.999999999648935,True,12,False,BEAR_STRUCTURE,BEAR_STRUCTURE,0.3,0.2753021302858718512350655649,0.2753021302858718512350655649
2026-03-29 00:00:00+00:00,2,CRASH,0.9999971455749612,True,13,False,BEAR_STRUCTURE,BEAR_STRUCTURE,0.3,0.2742000622377700796280574630,0.2742000622377700796280574630
2026-03-30 00:00:00+00:00,2,CRASH,0.999999993298843,True,14,False,BEAR_STRUCTURE,BEAR_STRUCTURE,0.3,0.2765633564699716138641629143,0.2765633564699716138641629143
2026-03-31 00:00:00+00:00,2,CRASH,0.9998474357138019,True,15,False,BEAR_STRUCTURE,BEAR_STRUCTURE,0.3,0.2809903925495255257693304557,0.2809903925495255257693304557
2026-04-01 00:00:00+00:00,2,CRASH,0.020178205846714863,False,15,False,BEAR_STRUCTURE,BEAR_STRUCTURE,0.3,0.2804853984966859868958550310,0.2804853984966859868958550310
2026-04-02 00:00:00+00:00,2,CRASH,0.0007432254245084816,False,15,False,BEAR_STRUCTURE,BEAR_STRUCTURE,0.3,0.2768765857941754614267507136,0.2768765857941754614267507136
2026-04-03 00:00:00+00:00,3,BULL,0.9999997092200342,True,3,False,BEAR_STRUCTURE,BEAR_STRUCTURE,0.3,0.95,0.3
2026-04-04 00:00:00+00:00,3,BULL,0.9999998106068413,True,4,False,BEAR_STRUCTURE,BEAR_STRUCTURE,0.3,0.95,0.3
2026-04-05 00:00:00+00:00,3,BULL,0.9999923029377626,True,5,False,BEAR_STRUCTURE,BEAR_STRUCTURE,0.3,0.95,0.3
2026-04-06 00:00:00+00:00,3,BULL,0.9999990327364816,True,6,False,BEAR_STRUCTURE,BEAR_STRUCTURE,0.3,0.95,0.3
2026-04-07 00:00:00+00:00,3,BULL,0.9999765524573863,True,7,False,BEAR_STRUCTURE,BEAR_STRUCTURE,0.3,0.95,0.3
2026-04-08 00:00:00+00:00,3,BULL,0.9999985940313187,True,8,False,BEAR_STRUCTURE,BEAR_STRUCTURE,0.3,0.95,0.3
2026-04-09 00:00:00+00:00,3,BULL,0.9999999423398566,True,9,False,BEAR_STRUCTURE,BEAR_STRUCTURE,0.3,0.95,0.3
2026-04-10 00:00:00+00:00,3,BULL,0.9999999944557203,True,10,False,BEAR_STRUCTURE,BEAR_STRUCTURE,0.3,0.95,0.3
2026-04-11 00:00:00+00:00,3,BULL,0.9999997376217269,True,11,False,BEAR_STRUCTURE,BEAR_STRUCTURE,0.3,0.95,0.3
2026-04-12 00:00:00+00:00,3,BULL,0.999998416951146,True,12,False,BEAR_STRUCTURE,BEAR_STRUCTURE,0.3,0.95,0.3
2026-04-13 00:00:00+00:00,3,BULL,0.02858886268569652,False,12,False,BEAR_STRUCTURE,BEAR_STRUCTURE,0.3,0.3107483916098421301120362737,0.3
2026-04-14 00:00:00+00:00,3,BULL,0.11100266877466299,False,12,False,BEAR_STRUCTURE,BEAR_STRUCTURE,0.3,0.2991939985848100759795672668,0.2991939985848100759795672668
2026-04-15 00:00:00+00:00,0,BEAR,0.9691740181661399,True,3,False,BEAR_STRUCTURE,BEAR_STRUCTURE,0.3,0.95,0.3
2026-04-16 00:00:00+00:00,0,BEAR,0.9999540056678892,True,4,False,BEAR_STRUCTURE,BEAR_STRUCTURE,0.3,0.95,0.3
2026-04-17 00:00:00+00:00,0,BEAR,0.9999989222057035,True,5,False,BEAR_STRUCTURE,BEAR_STRUCTURE,0.3,0.95,0.3
2026-04-18 00:00:00+00:00,0,BULL,0.9950740321943256,True,1,False,BEAR_STRUCTURE,BEAR_STRUCTURE,0.3,0.95,0.3
2026-04-19 00:00:00+00:00,0,BULL,0.9998268433822426,True,2,False,BEAR_STRUCTURE,BEAR_STRUCTURE,0.3,0.95,0.3
2026-04-20 00:00:00+00:00,0,BULL,0.9999897273001036,True,3,False,BEAR_STRUCTURE,BEAR_STRUCTURE,0.3,0.95,0.3
2026-04-21 00:00:00+00:00,0,BULL,0.9975238182636786,True,4,False,BEAR_STRUCTURE,BEAR_STRUCTURE,0.3,0.95,0.3
2026-04-22 00:00:00+00:00,0,BULL,0.9927243424042982,True,5,False,BEAR_STRUCTURE,BEAR_STRUCTURE,0.3,0.95,0.3
2026-04-23 00:00:00+00:00,0,BULL,0.93727061038733,True,6,False,BEAR_STRUCTURE,BEAR_STRUCTURE,0.3,0.95,0.3
2026-04-24 00:00:00+00:00,0,BULL,0.995993346808931,True,7,False,BEAR_STRUCTURE,BEAR_STRUCTURE,0.3,0.95,0.3
2026-04-25 00:00:00+00:00,0,BULL,0.9547632413362472,True,8,False,BEAR_STRUCTURE,BEAR_STRUCTURE,0.3,0.95,0.3
2026-04-26 00:00:00+00:00,0,BULL,0.24575200865814376,False,8,False,BEAR_STRUCTURE,BEAR_STRUCTURE,0.3,0.3027819732869298573374799669,0.3
2026-04-27 00:00:00+00:00,0,BULL,0.00194341274109645,False,8,False,BEAR_STRUCTURE,BEAR_STRUCTURE,0.3,0.2965498509248104434289383868,0.2965498509248104434289383868
2026-04-28 00:00:00+00:00,1,NEUTRAL,0.9998630356330448,True,3,False,BEAR_STRUCTURE,BEAR_STRUCTURE,0.3,0.95,0.3
2026-04-29 00:00:00+00:00,1,NEUTRAL,0.9935686474355095,True,4,False,BEAR_STRUCTURE,BEAR_STRUCTURE,0.3,0.95,0.3
2026-04-30 00:00:00+00:00,1,NEUTRAL,0.9997630846056071,True,5,False,BEAR_STRUCTURE,BEAR_STRUCTURE,0.3,0.95,0.3
2026-05-01 00:00:00+00:00,1,NEUTRAL,0.9999603275603339,True,6,False,BEAR_STRUCTURE,BEAR_STRUCTURE,0.3,0.95,0.3
2026-05-02 00:00:00+00:00,1,NEUTRAL,0.9973474352552242,True,7,False,BEAR_STRUCTURE,BEAR_STRUCTURE,0.3,0.95,0.3
2026-05-03 00:00:00+00:00,1,NEUTRAL,0.9999999756182664,True,8,False,BEAR_STRUCTURE,BEAR_STRUCTURE,0.3,0.95,0.3
2026-05-04 00:00:00+00:00,1,NEUTRAL,0.999998461370798,True,9,False,BEAR_STRUCTURE,BEAR_STRUCTURE,0.3,0.95,0.3
2026-05-05 00:00:00+00:00,1,NEUTRAL,0.9987677875339938,True,10,False,BEAR_STRUCTURE,BEAR_STRUCTURE,0.3,0.95,0.3
2026-05-06 00:00:00+00:00,1,NEUTRAL,0.9999878844352658,True,11,False,BEAR_STRUCTURE,BEAR_STRUCTURE,0.3,0.95,0.3
2026-05-07 00:00:00+00:00,1,NEUTRAL,0.9999435887607561,True,12,False,BEAR_STRUCTURE,BEAR_STRUCTURE,0.3,0.95,0.3
2026-05-08 00:00:00+00:00,1,NEUTRAL,0.999999452075067,True,13,False,BEAR_STRUCTURE,BEAR_STRUCTURE,0.3,0.95,0.3
2026-05-09 00:00:00+00:00,1,NEUTRAL,0.9999993993571464,True,14,False,BEAR_STRUCTURE,BEAR_STRUCTURE,0.3,0.95,0.3
2026-05-10 00:00:00+00:00,1,NEUTRAL,0.9999344015257435,True,15,False,BEAR_STRUCTURE,BEAR_STRUCTURE,0.3,0.95,0.3
2026-05-11 00:00:00+00:00,1,NEUTRAL,0.9999999875144568,True,16,False,BEAR_STRUCTURE,BEAR_STRUCTURE,0.3,0.95,0.3
2026-05-12 00:00:00+00:00,1,NEUTRAL,0.9999997675286337,True,17,False,BEAR_STRUCTURE,BEAR_STRUCTURE,0.3,0.95,0.3
2026-05-13 00:00:00+00:00,1,NEUTRAL,0.9983638930886356,True,18,False,BEAR_STRUCTURE,BEAR_STRUCTURE,0.3,0.95,0.3
2026-05-14 00:00:00+00:00,1,NEUTRAL,0.9999985294572878,True,19,False,BEAR_STRUCTURE,BEAR_STRUCTURE,0.3,0.95,0.3
2026-05-15 00:00:00+00:00,1,NEUTRAL,0.9999993566645822,True,20,False,BEAR_STRUCTURE,BEAR_STRUCTURE,0.3,0.95,0.3
2026-05-16 00:00:00+00:00,1,NEUTRAL,0.9999999776409825,True,21,False,BEAR_STRUCTURE,BEAR_STRUCTURE,0.3,0.95,0.3
2026-05-17 00:00:00+00:00,1,NEUTRAL,0.9999999969622877,True,22,False,BEAR_STRUCTURE,BEAR_STRUCTURE,0.3,0.95,0.3
2026-05-18 00:00:00+00:00,1,NEUTRAL,0.9999996839997538,True,23,False,BEAR_STRUCTURE,BEAR_STRUCTURE,0.3,0.95,0.3
2026-05-19 00:00:00+00:00,1,NEUTRAL,0.9976177668686843,True,24,False,BEAR_STRUCTURE,BEAR_STRUCTURE,0.3,0.95,0.3
2026-05-20 00:00:00+00:00,1,NEUTRAL,0.9828652355783324,True,25,False,BEAR_STRUCTURE,BEAR_STRUCTURE,0.3,0.95,0.3
2026-05-21 00:00:00+00:00,1,NEUTRAL,0.2777072813586865,False,25,False,BEAR_STRUCTURE,BEAR_STRUCTURE,0.3,0.3001698002246150038231420329,0.3
2026-05-22 00:00:00+00:00,1,NEUTRAL,0.01241793886966529,False,25,False,BEAR_STRUCTURE,BEAR_STRUCTURE,0.3,0.2943359217663617800984466095,0.2943359217663617800984466095
2026-05-23 00:00:00+00:00,1,NEUTRAL,0.6396198928844546,True,26,False,BEAR_STRUCTURE,BEAR_STRUCTURE,0.3,0.95,0.3
2026-05-24 00:00:00+00:00,1,NEUTRAL,0.9725692067920118,True,27,False,BEAR_STRUCTURE,BEAR_STRUCTURE,0.3,0.95,0.3
2026-05-25 00:00:00+00:00,1,NEUTRAL,0.9998902257086771,True,28,False,BEAR_STRUCTURE,BEAR_STRUCTURE,0.3,0.95,0.3
2026-05-26 00:00:00+00:00,1,NEUTRAL,0.9968534040081962,True,29,False,BEAR_STRUCTURE,BEAR_STRUCTURE,0.3,0.95,0.3
2026-05-27 00:00:00+00:00,1,NEUTRAL,0.9995688018711879,True,30,False,BEAR_STRUCTURE,BEAR_STRUCTURE,0.3,0.95,0.3
2026-05-28 00:00:00+00:00,1,NEUTRAL,0.739431332626832,True,31,False,BEAR_STRUCTURE,BEAR_STRUCTURE,0.3,0.95,0.3
2026-05-29 00:00:00+00:00,1,NEUTRAL,0.5162748369850321,True,32,False,BEAR_STRUCTURE,BEAR_STRUCTURE,0.3,0.2995511860384191582233689628,0.2995511860384191582233689628
2026-05-30 00:00:00+00:00,1,NEUTRAL,0.8379759661591026,True,33,False,BEAR_STRUCTURE,BEAR_STRUCTURE,0.3,0.95,0.3
2026-05-31 00:00:00+00:00,1,NEUTRAL,0.5829737364846668,True,34,False,BEAR_STRUCTURE,BEAR_STRUCTURE,0.3,0.95,0.3
2026-06-01 00:00:00+00:00,1,NEUTRAL,3.362625413446621e-05,False,34,False,BEAR_STRUCTURE,BEAR_STRUCTURE,0.3,0.2934801589549680383276021217,0.2934801589549680383276021217
2026-06-02 00:00:00+00:00,1,NEUTRAL,6.82708824704231e-05,False,34,False,BEAR_STRUCTURE,BEAR_STRUCTURE,0.3,0.2797207439537114767905031025,0.2797207439537114767905031025
2026-06-03 00:00:00+00:00,0,BULL,0.9999987918115971,True,3,False,BEAR_STRUCTURE,BEAR_STRUCTURE,0.3,0.60,0.3
2026-06-04 00:00:00+00:00,0,BULL,0.999445146977894,True,4,False,BEAR_STRUCTURE,BEAR_STRUCTURE,0.3,0.60,0.3
2026-06-05 00:00:00+00:00,0,BULL,0.0021679902765024215,False,4,False,BEAR_STRUCTURE,BEAR_STRUCTURE,0.3,0.2905731362951620586583296045,0.2905731362951620586583296045
2026-06-06 00:00:00+00:00,0,BULL,2.2339578018960095e-06,False,4,False,BEAR_STRUCTURE,BEAR_STRUCTURE,0.3,0.2899924570973613377877300718,0.2899924570973613377877300718
2026-06-07 00:00:00+00:00,2,BEAR,0.9997721223546061,True,3,False,BEAR_STRUCTURE,BEAR_STRUCTURE,0.3,0.2981735628535982190273693542,0.2981735628535982190273693542
2026-06-08 00:00:00+00:00,2,BEAR,0.9864195208638674,True,4,False,BEAR_STRUCTURE,BEAR_STRUCTURE,0.3,0.2973597035542998114671005176,0.2973597035542998114671005176
2026-06-09 00:00:00+00:00,2,BEAR,0.9981524192300859,True,5,False,BEAR_STRUCTURE,BEAR_STRUCTURE,0.3,0.2928398594822419610331128170,0.2928398594822419610331128170
2026-06-10 00:00:00+00:00,2,BEAR,0.9981365185701243,True,6,False,BEAR_STRUCTURE,BEAR_STRUCTURE,0.3,0.2921043858968862046964483312,0.2921043858968862046964483312
2026-06-11 00:00:00+00:00,2,BEAR,0.23103234368060946,False,6,False,BEAR_STRUCTURE,BEAR_STRUCTURE,0.3,0.2991436096509292154397379019,0.2991436096509292154397379019
2026-06-12 00:00:00+00:00,2,BEAR,0.0011350416962945637,False,6,False,BEAR_STRUCTURE,BEAR_STRUCTURE,0.3,0.2989920662333829154441051099,0.2989920662333829154441051099
2026-06-13 00:00:00+00:00,1,NEUTRAL,0.9990689872283325,True,3,False,BEAR_STRUCTURE,BEAR_STRUCTURE,0.3,0.95,0.3
2026-06-14 00:00:00+00:00,1,NEUTRAL,0.9875102571595716,True,4,False,BEAR_STRUCTURE,BEAR_STRUCTURE,0.3,0.95,0.3
2026-06-15 00:00:00+00:00,1,NEUTRAL,0.02078101419744913,False,4,False,BEAR_STRUCTURE,BEAR_STRUCTURE,0.3,0.3018544588609068825998686325,0.3
2026-06-16 00:00:00+00:00,1,NEUTRAL,0.0017644867541452048,False,4,False,BEAR_STRUCTURE,BEAR_STRUCTURE,0.3,0.2979226522459329716190984952,0.2979226522459329716190984952
2026-06-17 00:00:00+00:00,0,BULL,0.9741346664397359,True,3,False,BEAR_STRUCTURE,BEAR_STRUCTURE,0.3,0.60,0.3
2026-06-18 00:00:00+00:00,0,BULL,0.7986340300024206,True,4,False,BEAR_STRUCTURE,BEAR_STRUCTURE,0.3,0.60,0.3
2026-06-19 00:00:00+00:00,0,BULL,0.36224549727977184,False,4,False,BEAR_STRUCTURE,BEAR_STRUCTURE,0.3,0.3019503320998839924055302859,0.3
2026-06-20 00:00:00+00:00,0,BULL,0.0018559523518210728,False,4,False,BEAR_STRUCTURE,BEAR_STRUCTURE,0.3,0.3024840992926402102984753521,0.3
2026-06-21 00:00:00+00:00,2,BEAR,0.999928698886841,True,3,True,BEAR_STRUCTURE,BEAR_STRUCTURE,0.3,0.2967650181174707779980759700,0.2967650181174707779980759700
2026-06-22 00:00:00+00:00,2,BEAR,0.9944601191618162,True,4,True,BEAR_STRUCTURE,BEAR_STRUCTURE,0.3,0.2990911472094437861688362730,0.2990911472094437861688362730
2026-06-23 00:00:00+00:00,2,BEAR,0.7862053162449617,True,5,False,BEAR_STRUCTURE,BEAR_STRUCTURE,0.3,0.2948565009513715919555670676,0.2948565009513715919555670676
2026-06-24 00:00:00+00:00,2,BEAR,0.9019045428156028,True,6,False,BEAR_STRUCTURE,BEAR_STRUCTURE,0.3,0.2893231480955578266808598832,0.2893231480955578266808598832
2026-06-25 00:00:00+00:00,2,BEAR,0.9951692509424166,True,7,False,BEAR_STRUCTURE,BEAR_STRUCTURE,0.3,0.2849742244326341770610812014,0.2849742244326341770610812014
2026-06-26 00:00:00+00:00,2,BEAR,0.8658033050310325,True,8,False,BEAR_STRUCTURE,BEAR_STRUCTURE,0.3,0.2860062058130599309935244084,0.2860062058130599309935244084
2026-06-27 00:00:00+00:00,2,BEAR,0.6135253160900451,True,9,False,BEAR_STRUCTURE,BEAR_STRUCTURE,0.3,0.2857741533524047709562345885,0.2857741533524047709562345885
2026-06-28 00:00:00+00:00,2,BEAR,0.42267939933496196,False,9,False,BEAR_STRUCTURE,BEAR_STRUCTURE,0.3,0.2842340079470779037039436308,0.2842340079470779037039436308
2026-06-29 00:00:00+00:00,2,BEAR,0.09325066977218037,False,9,False,BEAR_STRUCTURE,BEAR_STRUCTURE,0.3,0.2865594364500737288329659774,0.2865594364500737288329659774
2026-06-30 00:00:00+00:00,0,BULL,0.9977943419928802,True,3,False,BEAR_STRUCTURE,BEAR_STRUCTURE,0.3,0.60,0.3
2026-07-01 00:00:00+00:00,0,BULL,0.9464744148809741,True,4,False,BEAR_STRUCTURE,BEAR_STRUCTURE,0.3,0.60,0.3
2026-07-02 00:00:00+00:00,0,BULL,0.16197180257095503,False,4,False,BEAR_STRUCTURE,BEAR_STRUCTURE,0.3,0.3053338336445170950141005999,0.3
2026-07-03 00:00:00+00:00,0,BULL,0.004709076942652596,False,4,False,BEAR_STRUCTURE,BEAR_STRUCTURE,0.3,0.3034735787618250156018613011,0.3
2026-07-04 00:00:00+00:00,1,NEUTRAL,0.9940843730384591,True,3,False,BEAR_STRUCTURE,BEAR_STRUCTURE,0.3,0.95,0.3
2026-07-05 00:00:00+00:00,1,NEUTRAL,0.08655604364798278,False,3,False,BEAR_STRUCTURE,BEAR_STRUCTURE,0.3,0.3016775254359564248595462839,0.3
2026-07-06 00:00:00+00:00,1,NEUTRAL,8.595407267713132e-06,False,3,False,BEAR_STRUCTURE,BEAR_STRUCTURE,0.3,0.3012914440517993093947867616,0.3
2026-07-07 00:00:00+00:00,0,BULL,0.999997295286468,True,3,False,BEAR_STRUCTURE,BEAR_STRUCTURE,0.3,0.60,0.3
2026-07-08 00:00:00+00:00,0,BULL,0.9999927464813706,True,4,False,BEAR_STRUCTURE,BEAR_STRUCTURE,0.3,0.60,0.3
2026-07-09 00:00:00+00:00,0,BULL,0.9999997438772298,True,5,False,BEAR_STRUCTURE,BEAR_STRUCTURE,0.3,0.60,0.3
2026-07-10 00:00:00+00:00,0,BULL,0.9999997902123361,True,6,False,BEAR_STRUCTURE,BEAR_STRUCTURE,0.3,0.60,0.3
2026-07-11 00:00:00+00:00,0,BULL,0.9999999994570317,True,7,False,BEAR_STRUCTURE,BEAR_STRUCTURE,0.3,0.60,0.3
2026-07-12 00:00:00+00:00,0,BULL,0.9999999469182527,True,8,False,BEAR_STRUCTURE,BEAR_STRUCTURE,0.3,0.60,0.3
2026-07-13 00:00:00+00:00,0,BULL,0.9999881186500785,True,9,False,BEAR_STRUCTURE,BEAR_STRUCTURE,0.3,0.60,0.3
2026-07-14 00:00:00+00:00,0,BULL,0.9998568101908825,True,10,False,BEAR_STRUCTURE,BEAR_STRUCTURE,0.3,0.60,0.3
2026-07-15 00:00:00+00:00,0,BULL,0.9999364862140369,True,11,False,BEAR_STRUCTURE,BEAR_STRUCTURE,0.3,0.60,0.3
2026-07-16 00:00:00+00:00,0,BULL,0.9996119836558399,True,12,False,BEAR_STRUCTURE,BEAR_STRUCTURE,0.3,0.60,0.3
2026-07-17 00:00:00+00:00,0,BULL,0.9999702555864088,True,13,False,BEAR_STRUCTURE,BEAR_STRUCTURE,0.3,0.60,0.3
2026-07-18 00:00:00+00:00,0,BULL,0.9958911882593894,True,14,False,BEAR_STRUCTURE,BEAR_STRUCTURE,0.3,0.60,0.3
2026-07-19 00:00:00+00:00,0,BULL,0.9999996567149217,True,15,False,BEAR_STRUCTURE,BEAR_STRUCTURE,0.3,0.60,0.3
2026-07-20 00:00:00+00:00,0,BULL,0.9998459076650663,True,16,False,BEAR_STRUCTURE,BEAR_STRUCTURE,0.3,0.95,0.3
2026-07-21 00:00:00+00:00,0,BULL,0.9996917188700754,True,17,False,BEAR_STRUCTURE,BEAR_STRUCTURE,0.3,0.95,0.3
2026-07-22 00:00:00+00:00,0,BULL,0.9586512617997394,True,18,False,BEAR_STRUCTURE,BEAR_STRUCTURE,0.3,0.95,0.3
2026-07-23 00:00:00+00:00,0,BULL,0.9033026717578578,True,19,False,BEAR_STRUCTURE,BEAR_STRUCTURE,0.3,0.60,0.3
2026-07-24 00:00:00+00:00,0,BULL,0.9994224472658284,True,20,False,BEAR_STRUCTURE,BEAR_STRUCTURE,0.3,0.60,0.3
2026-07-25 00:00:00+00:00,0,BULL,0.9944620469958152,True,21,False,BEAR_STRUCTURE,BEAR_STRUCTURE,0.3,0.60,0.3
2026-07-26 00:00:00+00:00,0,BULL,0.9999892496603349,True,22,False,BEAR_STRUCTURE,BEAR_STRUCTURE,0.3,0.95,0.3
2026-07-27 00:00:00+00:00,0,BULL,0.9952812554111127,True,23,False,BEAR_STRUCTURE,BEAR_STRUCTURE,0.3,0.60,0.3
2026-07-28 00:00:00+00:00,0,BULL,1.0,True,24,False,BEAR_STRUCTURE,BEAR_STRUCTURE,0.3,0.60,0.3
2026-07-29 00:00:00+00:00,0,BULL,0.9968209843876988,True,25,False,BEAR_STRUCTURE,BEAR_STRUCTURE,0.3,0.60,0.3
2026-07-30 00:00:00+00:00,0,BULL,0.9979805360083889,True,26,False,BEAR_STRUCTURE,BEAR_STRUCTURE,0.3,0.60,0.3
2026-07-31 00:00:00+00:00,0,BULL,0.9999958202002787,True,27,False,BEAR_STRUCTURE,BEAR_STRUCTURE,0.3,0.60,0.3
2026-08-01 00:00:00+00:00,0,BULL,0.999750637271494,True,28,False,BEAR_STRUCTURE,BEAR_STRUCTURE,0.3,0.60,0.3
2026-08-02 00:00:00+00:00,0,BULL,0.9999699314685616,True,29,False,BEAR_STRUCTURE,BEAR_STRUCTURE,0.3,0.60,0.3
2026-08-03 00:00:00+00:00,0,BULL,0.9999999999772626,True,30,False,BEAR_STRUCTURE,BEAR_STRUCTURE,0.3,0.60,0.3
2026-08-04 00:00:00+00:00,0,BULL,1.0,True,31,False,BEAR_STRUCTURE,BEAR_STRUCTURE,0.3,0.60,0.3
