timestamp,regime_id,regime_label,regime_probability,is_confirmed,consecutive_bars,is_flickering,trend_gate_raw_state,trend_gate_confirmed_state,trend_gate_cap,strategy_target_allocation_pct,final_allocation_pct
2022-10-22 00:00:00+00:00,1,EUPHORIA,0.9934068076152038,True,1,False,BEAR_STRUCTURE,BEAR_STRUCTURE,0.3,0.95,0.3
2022-10-23 00:00:00+00:00,1,EUPHORIA,0.9999980037002305,True,2,False,BEAR_STRUCTURE,BEAR_STRUCTURE,0.3,0.95,0.3
2022-10-24 00:00:00+00:00,1,EUPHORIA,0.9950250447045744,True,3,False,BEAR_STRUCTURE,BEAR_STRUCTURE,0.3,0.95,0.3
2022-10-25 00:00:00+00:00,1,EUPHORIA,0.3538566178244482,False,3,False,BEAR_STRUCTURE,BEAR_STRUCTURE,0.3,0.3080492427395918133493848822,0.3
2022-10-26 00:00:00+00:00,1,EUPHORIA,2.5865723573528063e-05,False,3,False,BEAR_STRUCTURE,BEAR_STRUCTURE,0.3,0.3071709738412977808448864502,0.3
2022-10-27 00:00:00+00:00,3,BEAR,0.9999999975698302,True,3,False,BEAR_STRUCTURE,BEAR_STRUCTURE,0.3,0.2951506517244422896551175563,0.2951506517244422896551175563
2022-10-28 00:00:00+00:00,3,BEAR,0.9999902952734167,True,4,False,BEAR_STRUCTURE,BEAR_STRUCTURE,0.3,0.2981792383849175325335448073,0.2981792383849175325335448073
2022-10-29 00:00:00+00:00,3,BEAR,0.8435143083257072,True,5,False,BEAR_STRUCTURE,BEAR_STRUCTURE,0.3,0.3003860152362581285185223323,0.3
2022-10-30 00:00:00+00:00,3,BEAR,0.022307519005907002,False,5,False,BEAR_STRUCTURE,BEAR_STRUCTURE,0.3,0.2985412496445660585326387670,0.2985412496445660585326387670
2022-10-31 00:00:00+00:00,3,BEAR,1.007175222227753e-05,False,5,False,BEAR_STRUCTURE,BEAR_STRUCTURE,0.3,0.2971502845859249295826681178,0.2971502845859249295826681178
2022-11-01 00:00:00+00:00,1,EUPHORIA,0.9717950851161996,True,3,False,BEAR_STRUCTURE,BEAR_STRUCTURE,0.3,0.95,0.3
2022-11-02 00:00:00+00:00,1,EUPHORIA,0.9867909658842812,True,4,False,BEAR_STRUCTURE,BEAR_STRUCTURE,0.3,0.95,0.3
2022-11-03 00:00:00+00:00,1,EUPHORIA,0.9986819029443812,True,5,False,BEAR_STRUCTURE,BEAR_STRUCTURE,0.3,0.95,0.3
2022-11-04 00:00:00+00:00,1,EUPHORIA,0.4475763400138991,False,5,False,BEAR_STRUCTURE,BEAR_STRUCTURE,0.3,0.3096473060065190140808459176,0.3
2022-11-05 00:00:00+00:00,1,EUPHORIA,0.5171976834290756,True,6,False,BEAR_STRUCTURE,BEAR_STRUCTURE,0.3,0.3014972297705450242433782812,0.3
2022-11-06 00:00:00+00:00,1,EUPHORIA,0.000543653072819013,False,6,False,BEAR_STRUCTURE,BEAR_STRUCTURE,0.3,0.2960948207274283926513439986,0.2960948207274283926513439986
2022-11-07 00:00:00+00:00,1,EUPHORIA,8.424362297783864e-05,False,6,False,BEAR_STRUCTURE,BEAR_STRUCTURE,0.3,0.2929458191115953888177334418,0.2929458191115953888177334418
2022-11-08 00:00:00+00:00,2,CRASH,0.9991065914818628,True,3,False,BEAR_STRUCTURE,BEAR_STRUCTURE,0.3,0.60,0.3
2022-11-09 00:00:00+00:00,2,CRASH,1.2685942708827454e-50,False,3,False,BEAR_STRUCTURE,BEAR_STRUCTURE,0.3,0.2689975072664279750377893719,0.2689975072664279750377893719
2022-11-10 00:00:00+00:00,2,CRASH,4.6843165710386576e-23,False,3,False,BEAR_STRUCTURE,BEAR_STRUCTURE,0.3,0.2891526030011127500822499893,0.2891526030011127500822499893
2022-11-11 00:00:00+00:00,2,CRASH,0.9999999990304786,True,4,False,BEAR_STRUCTURE,BEAR_STRUCTURE,0.3,0.60,0.3
2022-11-12 00:00:00+00:00,2,CRASH,1.0,True,5,False,BEAR_STRUCTURE,BEAR_STRUCTURE,0.3,0.60,0.3
2022-11-13 00:00:00+00:00,2,CRASH,1.3951188168886571e-11,False,5,False,BEAR_STRUCTURE,BEAR_STRUCTURE,0.3,0.2939104944623587854955729238,0.2939104944623587854955729238
2022-11-14 00:00:00+00:00,2,CRASH,6.945837894909758e-28,False,5,False,BEAR_STRUCTURE,BEAR_STRUCTURE,0.3,0.2975719041457035793716524175,0.2975719041457035793716524175
2022-11-15 00:00:00+00:00,3,BEAR,1.0,True,3,False,BEAR_STRUCTURE,BEAR_STRUCTURE,0.3,0.3010897170753330213118239660,0.3
2022-11-16 00:00:00+00:00,3,BEAR,1.0,True,4,False,BEAR_STRUCTURE,BEAR_STRUCTURE,0.3,0.2970317039220914355028082741,0.2970317039220914355028082741
2022-11-17 00:00:00+00:00,3,BEAR,1.0,True,5,False,BEAR_STRUCTURE,BEAR_STRUCTURE,0.3,0.2974049345082736631039670347,0.2974049345082736631039670347
2022-11-18 00:00:00+00:00,3,BEAR,1.0,True,6,False,BEAR_STRUCTURE,BEAR_STRUCTURE,0.3,0.2975036865939296557353721106,0.2975036865939296557353721106
2022-11-19 00:00:00+00:00,3,BEAR,1.0,True,7,False,BEAR_STRUCTURE,BEAR_STRUCTURE,0.3,0.2975065648821766062533068303,0.2975065648821766062533068303
2022-11-20 00:00:00+00:00,3,BEAR,0.9999999912006388,True,8,False,BEAR_STRUCTURE,BEAR_STRUCTURE,0.3,0.2922052439509501518919718973,0.2922052439509501518919718973
2022-11-21 00:00:00+00:00,3,BEAR,0.040981298355576776,False,8,False,BEAR_STRUCTURE,BEAR_STRUCTURE,0.3,0.2858095179445019577166381313,0.2858095179445019577166381313
2022-11-22 00:00:00+00:00,3,BEAR,3.587289902790689e-05,False,8,False,BEAR_STRUCTURE,BEAR_STRUCTURE,0.3,0.2915276084965073983959750791,0.2915276084965073983959750791
2022-11-23 00:00:00+00:00,3,BEAR,0.883231003122966,True,9,False,BEAR_STRUCTURE,BEAR_STRUCTURE,0.3,0.2962834239929441401165310409,0.2962834239929441401165310409
2022-11-24 00:00:00+00:00,3,BEAR,0.9999999999972715,True,10,False,BEAR_STRUCTURE,BEAR_STRUCTURE,0.3,0.2962311794105018671179166811,0.2962311794105018671179166811
2022-11-25 00:00:00+00:00,3,BEAR,1.0,True,11,False,BEAR_STRUCTURE,BEAR_STRUCTURE,0.3,0.2952651426141462130268881845,0.2952651426141462130268881845
2022-11-26 00:00:00+00:00,3,BEAR,1.0,True,12,False,BEAR_STRUCTURE,BEAR_STRUCTURE,0.3,0.2944636168116802075603488859,0.2944636168116802075603488859
2022-11-27 00:00:00+00:00,3,BEAR,1.0,True,13,False,BEAR_STRUCTURE,BEAR_STRUCTURE,0.3,0.2940873802539210073637783910,0.2940873802539210073637783910
2022-11-28 00:00:00+00:00,3,BEAR,1.0,True,14,False,BEAR_STRUCTURE,BEAR_STRUCTURE,0.3,0.2913489872388843018442699319,0.2913489872388843018442699319
2022-11-29 00:00:00+00:00,3,BEAR,0.9997548875324306,True,15,False,BEAR_STRUCTURE,BEAR_STRUCTURE,0.3,0.2942610874606682045744832561,0.2942610874606682045744832561
2022-11-30 00:00:00+00:00,3,BEAR,0.19482982104788227,False,15,False,BEAR_STRUCTURE,BEAR_STRUCTURE,0.3,0.3032527699262122961717572695,0.3
2022-12-01 00:00:00+00:00,3,BEAR,0.0658579577176322,False,15,False,BEAR_STRUCTURE,BEAR_STRUCTURE,0.3,0.2976909691967576703108609909,0.2976909691967576703108609909
2022-12-02 00:00:00+00:00,3,BEAR,0.00022575017371138448,False,15,False,BEAR_STRUCTURE,BEAR_STRUCTURE,0.3,0.2991088467178764199090644505,0.2991088467178764199090644505
2022-12-03 00:00:00+00:00,2,CRASH,0.9948909602971945,True,3,False,BEAR_STRUCTURE,BEAR_STRUCTURE,0.3,0.60,0.3
2022-12-04 00:00:00+00:00,2,CRASH,0.9945840766326612,True,4,False,BEAR_STRUCTURE,BEAR_STRUCTURE,0.3,0.60,0.3
2022-12-05 00:00:00+00:00,2,CRASH,0.9999996098250301,True,5,False,BEAR_STRUCTURE,BEAR_STRUCTURE,0.3,0.60,0.3
2022-12-06 00:00:00+00:00,2,CRASH,0.9998130118150388,True,6,False,BEAR_STRUCTURE,BEAR_STRUCTURE,0.3,0.60,0.3
2022-12-07 00:00:00+00:00,2,CRASH,0.9999038586645881,True,7,False,BEAR_STRUCTURE,BEAR_STRUCTURE,0.3,0.60,0.3
2022-12-08 00:00:00+00:00,2,CRASH,0.998641485681962,True,8,False,BEAR_STRUCTURE,BEAR_STRUCTURE,0.3,0.60,0.3
2022-12-09 00:00:00+00:00,2,CRASH,0.9993643848775979,True,9,False,BEAR_STRUCTURE,BEAR_STRUCTURE,0.3,0.60,0.3
2022-12-10 00:00:00+00:00,2,CRASH,0.9818849497335568,True,10,False,BEAR_STRUCTURE,BEAR_STRUCTURE,0.3,0.60,0.3
2022-12-11 00:00:00+00:00,2,CRASH,0.9220506418428865,True,11,False,BEAR_STRUCTURE,BEAR_STRUCTURE,0.3,0.60,0.3
2022-12-12 00:00:00+00:00,2,CRASH,0.9956269389043164,True,12,False,BEAR_STRUCTURE,BEAR_STRUCTURE,0.3,0.60,0.3
2022-12-13 00:00:00+00:00,2,CRASH,0.9893267076820373,True,13,False,BEAR_STRUCTURE,BEAR_STRUCTURE,0.3,0.95,0.3
2022-12-14 00:00:00+00:00,2,CRASH,0.9999178018112179,True,14,False,BEAR_STRUCTURE,BEAR_STRUCTURE,0.3,0.95,0.3
2022-12-15 00:00:00+00:00,2,CRASH,0.9999999997853593,True,15,False,BEAR_STRUCTURE,BEAR_STRUCTURE,0.3,0.60,0.3
2022-12-16 00:00:00+00:00,2,CRASH,0.9999974882316277,True,16,False,BEAR_STRUCTURE,BEAR_STRUCTURE,0.3,0.60,0.3
2022-12-17 00:00:00+00:00,2,CRASH,0.015216619797970602,False,16,False,BEAR_STRUCTURE,BEAR_STRUCTURE,0.3,0.3018297589991049943192321977,0.3
2022-12-18 00:00:00+00:00,2,CRASH,0.9165124239592161,True,17,False,BEAR_STRUCTURE,BEAR_STRUCTURE,0.3,0.60,0.3
2022-12-19 00:00:00+00:00,2,CRASH,0.9999995237495792,True,18,False,BEAR_STRUCTURE,BEAR_STRUCTURE,0.3,0.60,0.3
2022-12-20 00:00:00+00:00,2,CRASH,0.9999986123594304,True,19,False,BEAR_STRUCTURE,BEAR_STRUCTURE,0.3,0.60,0.3
2022-12-21 00:00:00+00:00,2,CRASH,0.9999999227993642,True,20,False,BEAR_STRUCTURE,BEAR_STRUCTURE,0.3,0.60,0.3
2022-12-22 00:00:00+00:00,2,CRASH,1.0,True,21,False,BEAR_STRUCTURE,BEAR_STRUCTURE,0.3,0.60,0.3
2022-12-23 00:00:00+00:00,2,CRASH,1.0,True,22,False,BEAR_STRUCTURE,BEAR_STRUCTURE,0.3,0.60,0.3
2022-12-24 00:00:00+00:00,2,CRASH,1.0,True,23,False,BEAR_STRUCTURE,BEAR_STRUCTURE,0.3,0.60,0.3
2022-12-25 00:00:00+00:00,2,CRASH,1.0,True,24,False,BEAR_STRUCTURE,BEAR_STRUCTURE,0.3,0.60,0.3
2022-12-26 00:00:00+00:00,2,CRASH,0.9999999999881766,True,25,False,BEAR_STRUCTURE,BEAR_STRUCTURE,0.3,0.60,0.3
2022-12-27 00:00:00+00:00,2,CRASH,1.0,True,26,False,BEAR_STRUCTURE,BEAR_STRUCTURE,0.3,0.60,0.3
2022-12-28 00:00:00+00:00,2,CRASH,1.0,True,27,False,BEAR_STRUCTURE,BEAR_STRUCTURE,0.3,0.60,0.3
2022-12-29 00:00:00+00:00,2,CRASH,1.0,True,28,False,BEAR_STRUCTURE,BEAR_STRUCTURE,0.3,0.60,0.3
2022-12-30 00:00:00+00:00,2,CRASH,1.0,True,29,False,BEAR_STRUCTURE,BEAR_STRUCTURE,0.3,0.60,0.3
2022-12-31 00:00:00+00:00,2,CRASH,1.0,True,30,False,BEAR_STRUCTURE,BEAR_STRUCTURE,0.3,0.60,0.3
2023-01-01 00:00:00+00:00,2,CRASH,1.0,True,31,False,BEAR_STRUCTURE,BEAR_STRUCTURE,0.3,0.60,0.3
2023-01-02 00:00:00+00:00,2,CRASH,1.0,True,32,False,BEAR_STRUCTURE,BEAR_STRUCTURE,0.3,0.60,0.3
2023-01-03 00:00:00+00:00,2,CRASH,1.0,True,33,False,BEAR_STRUCTURE,BEAR_STRUCTURE,0.3,0.60,0.3
2023-01-04 00:00:00+00:00,2,CRASH,0.9999999998381099,True,34,False,BEAR_STRUCTURE,BEAR_STRUCTURE,0.3,0.60,0.3
2023-01-05 00:00:00+00:00,2,CRASH,0.9999989466874558,True,35,False,BEAR_STRUCTURE,BEAR_STRUCTURE,0.3,0.60,0.3
2023-01-06 00:00:00+00:00,2,CRASH,0.7967397544798146,True,36,False,BEAR_STRUCTURE,BEAR_STRUCTURE,0.3,0.60,0.3
2023-01-07 00:00:00+00:00,2,CRASH,0.9300747592678027,True,37,False,BEAR_STRUCTURE,BEAR_STRUCTURE,0.3,0.60,0.3
2023-01-08 00:00:00+00:00,2,CRASH,0.9480619261129714,True,38,False,BEAR_STRUCTURE,BEAR_STRUCTURE,0.3,0.95,0.3
2023-01-09 00:00:00+00:00,2,CRASH,0.0004794071708178913,False,38,False,BEAR_STRUCTURE,BEAR_STRUCTURE,0.3,0.3006175766126591603311926616,0.3
2023-01-10 00:00:00+00:00,2,CRASH,0.02920420701843875,False,38,False,BEAR_STRUCTURE,BEAR_STRUCTURE,0.3,0.3031824922482338091002527776,0.3
2023-01-11 00:00:00+00:00,2,CRASH,0.00032064276532644864,False,38,False,BEAR_STRUCTURE,BEAR_STRUCTURE,0.3,0.3060009968622487371449503433,0.3
2023-01-12 00:00:00+00:00,2,CRASH,0.9999999993888196,True,39,False,BEAR_STRUCTURE,BEAR_STRUCTURE,0.3,0.95,0.3
2023-01-13 00:00:00+00:00,2,CRASH,1.0,True,40,False,TRANSITION,BEAR_STRUCTURE,0.3,0.95,0.3
2023-01-14 00:00:00+00:00,2,CRASH,0.999999999994543,True,41,False,TRANSITION,BEAR_STRUCTURE,0.3,0.95,0.3
2023-01-15 00:00:00+00:00,2,CRASH,1.488119372878283e-32,False,41,False,TRANSITION,BEAR_STRUCTURE,0.3,0.2991878854509996249121608766,0.2991878854509996249121608766
2023-01-16 00:00:00+00:00,2,CRASH,1.6350668198830393e-27,False,41,False,TRANSITION,BEAR_STRUCTURE,0.3,0.3023296790789855496422116259,0.3
2023-01-17 00:00:00+00:00,2,CRASH,6.701430312299662e-11,False,41,False,TRANSITION,TRANSITION,0.6,0.2994955313309073470752931590,0.2994955313309073470752931590
2023-01-18 00:00:00+00:00,1,EUPHORIA,0.9999999979872882,True,3,False,TRANSITION,TRANSITION,0.6,0.95,0.6
2023-01-19 00:00:00+00:00,1,EUPHORIA,0.9999999997717168,True,4,False,TRANSITION,TRANSITION,0.6,0.95,0.6
2023-01-20 00:00:00+00:00,1,EUPHORIA,0.999930719241868,True,5,False,TRANSITION,TRANSITION,0.6,0.95,0.6
2023-01-21 00:00:00+00:00,1,EUPHORIA,0.9999999980173016,True,6,False,TRANSITION,TRANSITION,0.6,0.95,0.6
2023-01-22 00:00:00+00:00,1,EUPHORIA,0.9999999999308784,True,7,False,TRANSITION,TRANSITION,0.6,0.95,0.6
2023-01-23 00:00:00+00:00,1,EUPHORIA,0.9999999996070983,True,8,False,TRANSITION,TRANSITION,0.6,0.95,0.6
2023-01-24 00:00:00+00:00,1,EUPHORIA,0.9999999998071871,True,9,False,TRANSITION,TRANSITION,0.6,0.95,0.6
2023-01-25 00:00:00+00:00,1,EUPHORIA,1.0,True,10,False,TRANSITION,TRANSITION,0.6,0.95,0.6
2023-01-26 00:00:00+00:00,1,EUPHORIA,1.0,True,11,False,TRANSITION,TRANSITION,0.6,0.95,0.6
2023-01-27 00:00:00+00:00,1,EUPHORIA,1.0,True,12,False,TRANSITION,TRANSITION,0.6,0.95,0.6
2023-01-28 00:00:00+00:00,1,EUPHORIA,1.0,True,13,False,TRANSITION,TRANSITION,0.6,0.95,0.6
2023-01-29 00:00:00+00:00,1,EUPHORIA,1.0,True,14,False,TRANSITION,TRANSITION,0.6,0.95,0.6
2023-01-30 00:00:00+00:00,1,EUPHORIA,1.0,True,15,False,TRANSITION,TRANSITION,0.6,0.95,0.6
2023-01-31 00:00:00+00:00,1,EUPHORIA,1.0,True,16,False,TRANSITION,TRANSITION,0.6,0.95,0.6
2023-02-01 00:00:00+00:00,1,EUPHORIA,1.0,True,17,False,BULL_STRUCTURE,TRANSITION,0.6,0.95,0.6
2023-02-02 00:00:00+00:00,1,EUPHORIA,1.0,True,18,False,BULL_STRUCTURE,TRANSITION,0.6,0.95,0.6
2023-02-03 00:00:00+00:00,1,EUPHORIA,1.0,True,19,False,BULL_STRUCTURE,TRANSITION,0.6,0.95,0.6
2023-02-04 00:00:00+00:00,1,EUPHORIA,1.0,True,20,False,BULL_STRUCTURE,TRANSITION,0.6,0.95,0.6
2023-02-05 00:00:00+00:00,1,EUPHORIA,1.0,True,21,False,BULL_STRUCTURE,BULL_STRUCTURE,1.0,0.95,0.95
2023-02-06 00:00:00+00:00,1,EUPHORIA,1.0,True,22,False,BULL_STRUCTURE,BULL_STRUCTURE,1.0,0.9500842023784895159326952041,0.9500842023784895159326952041
2023-02-07 00:00:00+00:00,1,EUPHORIA,1.0,True,23,False,BULL_STRUCTURE,BULL_STRUCTURE,1.0,0.9510604833209333122688756549,0.9510604833209333122688756549
2023-02-08 00:00:00+00:00,1,EUPHORIA,1.0,True,24,False,BULL_STRUCTURE,BULL_STRUCTURE,1.0,0.9504984231219180399635137681,0.9504984231219180399635137681
2023-02-09 00:00:00+00:00,1,EUPHORIA,1.0,True,25,False,BULL_STRUCTURE,BULL_STRUCTURE,1.0,0.9479866635059190892118008794,0.9479866635059190892118008794
2023-02-10 00:00:00+00:00,1,EUPHORIA,1.0,True,26,False,BULL_STRUCTURE,BULL_STRUCTURE,1.0,0.9475965593882769767949252075,0.9475965593882769767949252075
2023-02-11 00:00:00+00:00,1,EUPHORIA,1.0,True,27,False,BULL_STRUCTURE,BULL_STRUCTURE,1.0,0.9481359919431366139719727615,0.9481359919431366139719727615
2023-02-12 00:00:00+00:00,1,EUPHORIA,1.0,True,28,False,BULL_STRUCTURE,BULL_STRUCTURE,1.0,0.9479576684246952454171235625,0.9479576684246952454171235625
2023-02-13 00:00:00+00:00,1,EUPHORIA,1.0,True,29,False,BULL_STRUCTURE,BULL_STRUCTURE,1.0,0.9479359858888336046076525485,0.9479359858888336046076525485
2023-02-14 00:00:00+00:00,1,EUPHORIA,1.0,True,30,False,BULL_STRUCTURE,BULL_STRUCTURE,1.0,0.9488837010735021664474213240,0.9488837010735021664474213240
2023-02-15 00:00:00+00:00,1,EUPHORIA,0.9999999999854481,True,31,False,BULL_STRUCTURE,BULL_STRUCTURE,1.0,0.9531384796692062477221205844,0.9531384796692062477221205844
2023-02-16 00:00:00+00:00,1,EUPHORIA,0.9999999992542143,True,32,False,BULL_STRUCTURE,BULL_STRUCTURE,1.0,0.9516095315092829696388223402,0.9516095315092829696388223402
2023-02-17 00:00:00+00:00,1,EUPHORIA,0.9999999999326974,True,33,False,BULL_STRUCTURE,BULL_STRUCTURE,1.0,0.9535857451162592940654208430,0.9535857451162592940654208430
2023-02-18 00:00:00+00:00,1,EUPHORIA,1.0,True,34,False,BULL_STRUCTURE,BULL_STRUCTURE,1.0,0.9536971270195338052946921324,0.9536971270195338052946921324
2023-02-19 00:00:00+00:00,1,EUPHORIA,1.0,True,35,False,BULL_STRUCTURE,BULL_STRUCTURE,1.0,0.9530422639772635409439293172,0.9530422639772635409439293172
2023-02-20 00:00:00+00:00,1,EUPHORIA,1.0,True,36,False,BULL_STRUCTURE,BULL_STRUCTURE,1.0,0.9540710090466447406823886503,0.9540710090466447406823886503
2023-02-21 00:00:00+00:00,1,EUPHORIA,1.0,True,37,False,BULL_STRUCTURE,BULL_STRUCTURE,1.0,0.9533725491649811192096746223,0.9533725491649811192096746223
2023-02-22 00:00:00+00:00,1,EUPHORIA,1.0,True,38,False,BULL_STRUCTURE,BULL_STRUCTURE,1.0,0.9528765674527663867553401116,0.9528765674527663867553401116
2023-02-23 00:00:00+00:00,1,EUPHORIA,1.0,True,39,False,BULL_STRUCTURE,BULL_STRUCTURE,1.0,0.9524228638085823583799295202,0.9524228638085823583799295202
2023-02-24 00:00:00+00:00,1,EUPHORIA,1.0,True,40,False,BULL_STRUCTURE,BULL_STRUCTURE,1.0,0.9509497425117095884290535086,0.9509497425117095884290535086
2023-02-25 00:00:00+00:00,1,EUPHORIA,1.0,True,41,False,BULL_STRUCTURE,BULL_STRUCTURE,1.0,0.9508929035286897167197613453,0.9508929035286897167197613453
2023-02-26 00:00:00+00:00,1,EUPHORIA,1.0,True,42,False,BULL_STRUCTURE,BULL_STRUCTURE,1.0,0.9516821247768255128693657575,0.9516821247768255128693657575
2023-02-27 00:00:00+00:00,1,EUPHORIA,1.0,True,43,False,BULL_STRUCTURE,BULL_STRUCTURE,1.0,0.9515592946323750736383608387,0.9515592946323750736383608387
2023-02-28 00:00:00+00:00,1,EUPHORIA,1.0,True,44,False,BULL_STRUCTURE,BULL_STRUCTURE,1.0,0.9508616283026555778016758404,0.9508616283026555778016758404
2023-03-01 00:00:00+00:00,1,EUPHORIA,1.0,True,45,False,BULL_STRUCTURE,BULL_STRUCTURE,1.0,0.9518263881851824914035676717,0.9518263881851824914035676717
2023-03-02 00:00:00+00:00,1,EUPHORIA,1.0,True,46,False,BULL_STRUCTURE,BULL_STRUCTURE,1.0,0.9515067117722809832899911825,0.9515067117722809832899911825
2023-03-03 00:00:00+00:00,1,EUPHORIA,1.0,True,47,False,BULL_STRUCTURE,BULL_STRUCTURE,1.0,0.9492190465688315194240358292,0.9492190465688315194240358292
2023-03-04 00:00:00+00:00,1,EUPHORIA,1.0,True,48,False,TRANSITION,BULL_STRUCTURE,0.6,0.9492022867325068784419855140,0.6
2023-03-05 00:00:00+00:00,1,EUPHORIA,1.0,True,49,False,TRANSITION,BULL_STRUCTURE,0.6,0.95,0.6
2023-03-06 00:00:00+00:00,1,EUPHORIA,1.0,True,50,False,TRANSITION,BULL_STRUCTURE,0.6,0.95,0.6
2023-03-07 00:00:00+00:00,1,EUPHORIA,1.0,True,51,False,TRANSITION,BULL_STRUCTURE,0.6,0.95,0.6
2023-03-08 00:00:00+00:00,1,EUPHORIA,1.0,True,52,False,TRANSITION,TRANSITION,0.6,0.95,0.6
2023-03-09 00:00:00+00:00,1,EUPHORIA,0.9999999983429007,True,53,False,TRANSITION,TRANSITION,0.6,0.95,0.6
2023-03-10 00:00:00+00:00,1,EUPHORIA,0.9999999903611752,True,54,False,TRANSITION,TRANSITION,0.6,0.95,0.6
2023-03-11 00:00:00+00:00,1,EUPHORIA,0.9999999998472049,True,55,False,TRANSITION,TRANSITION,0.6,0.95,0.6
2023-03-12 00:00:00+00:00,1,EUPHORIA,0.9993561848155271,True,56,False,TRANSITION,TRANSITION,0.6,0.95,0.6
2023-03-13 00:00:00+00:00,1,EUPHORIA,0.00010333870545648336,False,56,False,TRANSITION,TRANSITION,0.6,0.6218328133396627794896584842,0.6
2023-03-14 00:00:00+00:00,1,EUPHORIA,0.001066214479397181,False,56,False,BULL_STRUCTURE,TRANSITION,0.6,0.6054954339181061913046545443,0.6
2023-03-15 00:00:00+00:00,3,BEAR,0.997942828325623,True,3,False,BULL_STRUCTURE,TRANSITION,0.6,0.5962247007301860692918893200,0.5962247007301860692918893200
2023-03-16 00:00:00+00:00,3,BEAR,0.9999724907957341,True,4,False,BULL_STRUCTURE,TRANSITION,0.6,0.6031721410415323024225799345,0.6
2023-03-17 00:00:00+00:00,3,BEAR,0.9999999999836291,True,5,False,BULL_STRUCTURE,TRANSITION,0.6,0.6217552916868480652839892603,0.6
2023-03-18 00:00:00+00:00,3,BEAR,0.9697982567468498,True,6,False,BULL_STRUCTURE,BULL_STRUCTURE,1.0,0.5956987381268833074533702330,0.5956987381268833074533702330
2023-03-19 00:00:00+00:00,3,BEAR,0.9999005455811995,True,7,False,BULL_STRUCTURE,BULL_STRUCTURE,1.0,0.6050149360315044491045408477,0.6050149360315044491045408477
2023-03-20 00:00:00+00:00,3,BEAR,0.999598569915841,True,8,False,BULL_STRUCTURE,BULL_STRUCTURE,1.0,0.6028169640302066852787133192,0.6028169640302066852787133192
2023-03-21 00:00:00+00:00,3,BEAR,0.9972700519439096,True,9,False,BULL_STRUCTURE,BULL_STRUCTURE,1.0,0.6061444965696087830802552044,0.6061444965696087830802552044
2023-03-22 00:00:00+00:00,3,BEAR,0.021579449911890723,False,9,False,BULL_STRUCTURE,BULL_STRUCTURE,1.0,0.25,0.25
2023-03-23 00:00:00+00:00,3,BEAR,2.5718120214245945e-07,False,9,False,BULL_STRUCTURE,BULL_STRUCTURE,1.0,0.2572331920585638017169684993,0.2572331920585638017169684993
2023-03-24 00:00:00+00:00,1,EUPHORIA,0.9999089150035736,True,3,False,BULL_STRUCTURE,BULL_STRUCTURE,1.0,0.95,0.95
2023-03-25 00:00:00+00:00,1,EUPHORIA,0.9999997591803839,True,4,False,BULL_STRUCTURE,BULL_STRUCTURE,1.0,0.9508765702815574108595468604,0.9508765702815574108595468604
2023-03-26 00:00:00+00:00,1,EUPHORIA,0.9999999938609108,True,5,False,BULL_STRUCTURE,BULL_STRUCTURE,1.0,0.9517209027105900095695107789,0.9517209027105900095695107789
2023-03-27 00:00:00+00:00,1,EUPHORIA,0.9999903173443654,True,6,False,BULL_STRUCTURE,BULL_STRUCTURE,1.0,0.9502948063076544193439227105,0.9502948063076544193439227105
2023-03-28 00:00:00+00:00,1,EUPHORIA,0.9999999927240424,True,7,False,BULL_STRUCTURE,BULL_STRUCTURE,1.0,0.9505307859848750494031781349,0.9505307859848750494031781349
2023-03-29 00:00:00+00:00,1,EUPHORIA,0.9999987033742621,True,8,False,BULL_STRUCTURE,BULL_STRUCTURE,1.0,0.9523381091023551339052690221,0.9523381091023551339052690221
2023-03-30 00:00:00+00:00,1,EUPHORIA,0.9999316385540478,True,9,False,BULL_STRUCTURE,BULL_STRUCTURE,1.0,0.9518200601849077436795837127,0.9518200601849077436795837127
2023-03-31 00:00:00+00:00,1,EUPHORIA,0.9999927208947421,True,10,False,BULL_STRUCTURE,BULL_STRUCTURE,1.0,0.9525243284284365102386775673,0.9525243284284365102386775673
2023-04-01 00:00:00+00:00,1,EUPHORIA,0.9996238982783695,True,11,False,BULL_STRUCTURE,BULL_STRUCTURE,1.0,0.9525042551897290649073150443,0.9525042551897290649073150443
2023-04-02 00:00:00+00:00,1,EUPHORIA,0.0001398267781565516,False,11,False,BULL_STRUCTURE,BULL_STRUCTURE,1.0,0.475,0.475
2023-04-03 00:00:00+00:00,1,EUPHORIA,0.9999142245333329,True,12,False,BULL_STRUCTURE,BULL_STRUCTURE,1.0,0.95,0.95
2023-04-04 00:00:00+00:00,1,EUPHORIA,0.9999990674591372,True,13,False,BULL_STRUCTURE,BULL_STRUCTURE,1.0,0.9512004436562946439668663951,0.9512004436562946439668663951
2023-04-05 00:00:00+00:00,1,EUPHORIA,0.999999984904207,True,14,False,BULL_STRUCTURE,BULL_STRUCTURE,1.0,0.9512079246654317680072430284,0.9512079246654317680072430284
2023-04-06 00:00:00+00:00,1,EUPHORIA,0.8591684548467029,True,15,False,BULL_STRUCTURE,BULL_STRUCTURE,1.0,0.9509825086548523177559864851,0.9509825086548523177559864851
2023-04-07 00:00:00+00:00,1,EUPHORIA,0.996996395262219,True,16,False,BULL_STRUCTURE,BULL_STRUCTURE,1.0,0.9507695968399218956766644126,0.9507695968399218956766644126
2023-04-08 00:00:00+00:00,1,EUPHORIA,0.9999999548399511,True,17,False,BULL_STRUCTURE,BULL_STRUCTURE,1.0,0.9508232950759515504091108818,0.9508232950759515504091108818
2023-04-09 00:00:00+00:00,1,EUPHORIA,0.969329114731391,True,18,False,BULL_STRUCTURE,BULL_STRUCTURE,1.0,0.9514599266790990464755657803,0.9514599266790990464755657803
2023-04-10 00:00:00+00:00,1,EUPHORIA,0.015434026930737317,False,18,False,BULL_STRUCTURE,BULL_STRUCTURE,1.0,0.475,0.475
2023-04-11 00:00:00+00:00,1,EUPHORIA,0.9999999987412593,True,19,False,BULL_STRUCTURE,BULL_STRUCTURE,1.0,0.95,0.95
2023-04-12 00:00:00+00:00,1,EUPHORIA,0.999999999998181,True,20,False,BULL_STRUCTURE,BULL_STRUCTURE,1.0,0.9500895552287455418893786554,0.9500895552287455418893786554
2023-04-13 00:00:00+00:00,1,EUPHORIA,0.9999999584524639,True,21,False,BULL_STRUCTURE,BULL_STRUCTURE,1.0,0.9508485412442911985525775955,0.9508485412442911985525775955
2023-04-14 00:00:00+00:00,1,EUPHORIA,0.9999999992578523,True,22,False,BULL_STRUCTURE,BULL_STRUCTURE,1.0,0.9509913606819833507348902111,0.9509913606819833507348902111
2023-04-15 00:00:00+00:00,1,EUPHORIA,1.0,True,23,False,BULL_STRUCTURE,BULL_STRUCTURE,1.0,0.9507270708091581799962905924,0.9507270708091581799962905924
2023-04-16 00:00:00+00:00,1,EUPHORIA,0.999999999998181,True,24,False,BULL_STRUCTURE,BULL_STRUCTURE,1.0,0.9507418489435456379205544288,0.9507418489435456379205544288
2023-04-17 00:00:00+00:00,1,EUPHORIA,0.999999999321517,True,25,False,BULL_STRUCTURE,BULL_STRUCTURE,1.0,0.9493524992387893901981157244,0.9493524992387893901981157244
2023-04-18 00:00:00+00:00,1,EUPHORIA,0.004552201527810565,False,25,False,BULL_STRUCTURE,BULL_STRUCTURE,1.0,0.475,0.475
2023-04-19 00:00:00+00:00,1,EUPHORIA,0.9999999976371328,True,26,False,BULL_STRUCTURE,BULL_STRUCTURE,1.0,0.95,0.95
2023-04-20 00:00:00+00:00,1,EUPHORIA,0.9999998869789188,True,27,False,BULL_STRUCTURE,BULL_STRUCTURE,1.0,0.9496817743830097791560299371,0.9496817743830097791560299371
2023-04-21 00:00:00+00:00,1,EUPHORIA,0.9999999624888012,True,28,False,BULL_STRUCTURE,BULL_STRUCTURE,1.0,0.9479657172611782835954034727,0.9479657172611782835954034727
2023-04-22 00:00:00+00:00,4,BULL,0.9999999999990905,True,1,False,BULL_STRUCTURE,BULL_STRUCTURE,1.0,0.50,0.50
2023-04-23 00:00:00+00:00,4,BULL,1.0,True,2,False,BULL_STRUCTURE,BULL_STRUCTURE,1.0,0.4982480911151444510941777232,0.4982480911151444510941777232
2023-04-24 00:00:00+00:00,4,BULL,0.9999992762934998,True,3,False,BULL_STRUCTURE,BULL_STRUCTURE,1.0,0.4975251654694860559654806288,0.4975251654694860559654806288
2023-04-25 00:00:00+00:00,4,BULL,0.9999999783249225,True,4,False,BULL_STRUCTURE,BULL_STRUCTURE,1.0,0.5046016001352799564306859596,0.5046016001352799564306859596
2023-04-26 00:00:00+00:00,4,BULL,1.4955034872883314e-14,False,4,False,BULL_STRUCTURE,BULL_STRUCTURE,1.0,0.25,0.25
2023-04-27 00:00:00+00:00,4,BULL,1.0,True,5,False,BULL_STRUCTURE,BULL_STRUCTURE,1.0,0.2569976069851125080394373132,0.2569976069851125080394373132
2023-04-28 00:00:00+00:00,4,BULL,1.0,True,6,False,BULL_STRUCTURE,BULL_STRUCTURE,1.0,0.2559525898960169499940561393,0.2559525898960169499940561393
2023-04-29 00:00:00+00:00,4,BULL,8.988045624001372e-22,False,6,False,BULL_STRUCTURE,BULL_STRUCTURE,1.0,0.2554243262382993346686233517,0.2554243262382993346686233517
2023-04-30 00:00:00+00:00,4,BULL,1.4126700217612828e-40,False,6,False,BULL_STRUCTURE,BULL_STRUCTURE,1.0,0.2554422832558163400719138399,0.2554422832558163400719138399
2023-05-01 00:00:00+00:00,0,NEUTRAL,0.9838827103575915,True,3,False,BULL_STRUCTURE,BULL_STRUCTURE,1.0,0.95,0.95
2023-05-02 00:00:00+00:00,0,NEUTRAL,1.1818422832496371e-05,False,3,False,BULL_STRUCTURE,BULL_STRUCTURE,1.0,0.475,0.475
2023-05-03 00:00:00+00:00,0,NEUTRAL,0.0002311881607670105,False,3,False,BULL_STRUCTURE,BULL_STRUCTURE,1.0,0.4783750331733067186332232519,0.4783750331733067186332232519
2023-05-04 00:00:00+00:00,4,BULL,0.9999999978754204,True,3,False,BULL_STRUCTURE,BULL_STRUCTURE,1.0,0.4767538098440116507008681199,0.4767538098440116507008681199
2023-05-05 00:00:00+00:00,4,BULL,0.9999999999990905,True,4,False,BULL_STRUCTURE,BULL_STRUCTURE,1.0,0.4824644598192173497022510364,0.4824644598192173497022510364
2023-05-06 00:00:00+00:00,4,BULL,0.9999999975079845,True,5,False,BULL_STRUCTURE,BULL_STRUCTURE,1.0,0.4768406447490938375947794213,0.4768406447490938375947794213
2023-05-07 00:00:00+00:00,4,BULL,0.0008253402429914508,False,5,False,BULL_STRUCTURE,BULL_STRUCTURE,1.0,0.4731999816220906537630835494,0.4731999816220906537630835494
2023-05-08 00:00:00+00:00,4,BULL,0.29905036515606925,False,5,False,BULL_STRUCTURE,BULL_STRUCTURE,1.0,0.4664389654907998198823965284,0.4664389654907998198823965284
2023-05-09 00:00:00+00:00,4,BULL,0.999991370073934,True,6,False,BULL_STRUCTURE,BULL_STRUCTURE,1.0,0.4660742493700807517449651823,0.4660742493700807517449651823
2023-05-10 00:00:00+00:00,4,BULL,0.00026373832931679217,False,6,False,BULL_STRUCTURE,BULL_STRUCTURE,1.0,0.4658082289566607013098244183,0.4658082289566607013098244183
2023-05-11 00:00:00+00:00,4,BULL,9.854218763720772e-17,False,6,False,BULL_STRUCTURE,BULL_STRUCTURE,1.0,0.4600658921265901640733869560,0.4600658921265901640733869560
2023-05-12 00:00:00+00:00,4,BULL,0.8676312954471991,True,7,False,BULL_STRUCTURE,BULL_STRUCTURE,1.0,0.4584620376640396422313098435,0.4584620376640396422313098435
2023-05-13 00:00:00+00:00,4,BULL,6.602671886731207e-06,False,7,False,BULL_STRUCTURE,BULL_STRUCTURE,1.0,0.4582791636143006942838582274,0.4582791636143006942838582274
2023-05-14 00:00:00+00:00,4,BULL,0.03195807942609585,False,7,False,BULL_STRUCTURE,BULL_STRUCTURE,1.0,0.4595957271619570078421602706,0.4595957271619570078421602706
2023-05-15 00:00:00+00:00,0,NEUTRAL,0.9999996298111685,True,3,False,BULL_STRUCTURE,BULL_STRUCTURE,1.0,0.95,0.95
2023-05-16 00:00:00+00:00,0,NEUTRAL,0.9999989884395859,True,4,False,BULL_STRUCTURE,BULL_STRUCTURE,1.0,0.9503800997071526484623002537,0.9503800997071526484623002537
2023-05-17 00:00:00+00:00,0,NEUTRAL,0.7886501195243977,True,5,False,BULL_STRUCTURE,BULL_STRUCTURE,1.0,0.9510202478929564063404269019,0.9510202478929564063404269019
2023-05-18 00:00:00+00:00,0,NEUTRAL,0.9999999148240059,True,6,False,BULL_STRUCTURE,BULL_STRUCTURE,1.0,0.9500065189361194447992560265,0.9500065189361194447992560265
2023-05-19 00:00:00+00:00,0,NEUTRAL,0.9999987515774199,True,7,False,BULL_STRUCTURE,BULL_STRUCTURE,1.0,0.9501107408175142956190130058,0.9501107408175142956190130058
2023-05-20 00:00:00+00:00,0,NEUTRAL,0.9999999797219064,True,8,False,BULL_STRUCTURE,BULL_STRUCTURE,1.0,0.9504994601257604633654773883,0.9504994601257604633654773883
2023-05-21 00:00:00+00:00,0,NEUTRAL,0.9999999999608917,True,9,False,BULL_STRUCTURE,BULL_STRUCTURE,1.0,0.9498760281335901691938737948,0.9498760281335901691938737948
2023-05-22 00:00:00+00:00,0,NEUTRAL,0.9999982203623777,True,10,False,BULL_STRUCTURE,BULL_STRUCTURE,1.0,0.9500560335064186445099215273,0.9500560335064186445099215273
2023-05-23 00:00:00+00:00,0,NEUTRAL,0.999999985422619,True,11,False,BULL_STRUCTURE,BULL_STRUCTURE,1.0,0.9507020538383029320272374115,0.9507020538383029320272374115
2023-05-24 00:00:00+00:00,0,NEUTRAL,6.072148013374416e-06,False,11,False,BULL_STRUCTURE,BULL_STRUCTURE,1.0,0.475,0.475
2023-05-25 00:00:00+00:00,0,NEUTRAL,7.940531899179971e-08,False,11,False,BULL_STRUCTURE,BULL_STRUCTURE,1.0,0.4766587406870889728753818228,0.4766587406870889728753818228
2023-05-26 00:00:00+00:00,0,NEUTRAL,0.9995787128724604,True,12,False,BULL_STRUCTURE,BULL_STRUCTURE,1.0,0.95,0.95
2023-05-27 00:00:00+00:00,0,NEUTRAL,0.0237453891941319,False,12,False,BULL_STRUCTURE,BULL_STRUCTURE,1.0,0.475,0.475
2023-05-28 00:00:00+00:00,0,NEUTRAL,0.0018891668734297572,False,12,False,BULL_STRUCTURE,BULL_STRUCTURE,1.0,0.4862998035995867077500490602,0.4862998035995867077500490602
2023-05-29 00:00:00+00:00,0,NEUTRAL,7.755791684131653e-05,False,12,False,BULL_STRUCTURE,BULL_STRUCTURE,1.0,0.4833581182594367240661546794,0.4833581182594367240661546794
2023-05-30 00:00:00+00:00,0,NEUTRAL,8.352834569074831e-08,False,12,False,BULL_STRUCTURE,BULL_STRUCTURE,1.0,0.4829796967499042193210535248,0.4829796967499042193210535248
2023-05-31 00:00:00+00:00,0,NEUTRAL,6.210209550636833e-07,False,12,False,BULL_STRUCTURE,BULL_STRUCTURE,1.0,0.4785780370993249752893063732,0.4785780370993249752893063732
2023-06-01 00:00:00+00:00,2,CRASH,0.6417905513833039,True,3,False,BULL_STRUCTURE,BULL_STRUCTURE,1.0,0.4749542143553762859407318649,0.4749542143553762859407318649
2023-06-02 00:00:00+00:00,2,CRASH,1.0739089673104417e-26,False,3,False,BULL_STRUCTURE,BULL_STRUCTURE,1.0,0.4788735366309594496378502698,0.4788735366309594496378502698
2023-06-03 00:00:00+00:00,2,CRASH,1.3176148402459923e-11,False,3,False,BULL_STRUCTURE,BULL_STRUCTURE,1.0,0.4772805392498835346206224077,0.4772805392498835346206224077
2023-06-04 00:00:00+00:00,2,CRASH,1.0564661588116185e-32,False,3,False,BULL_STRUCTURE,BULL_STRUCTURE,1.0,0.4777040632655160102440935832,0.4777040632655160102440935832
2023-06-05 00:00:00+00:00,2,CRASH,0.9998906245520649,True,4,False,BULL_STRUCTURE,BULL_STRUCTURE,1.0,0.4646216964376254664690098374,0.4646216964376254664690098374
2023-06-06 00:00:00+00:00,2,CRASH,3.727307393153719e-10,False,4,False,BULL_STRUCTURE,BULL_STRUCTURE,1.0,0.4787589145223008666642951277,0.4787589145223008666642951277
2023-06-07 00:00:00+00:00,2,CRASH,0.9445658556217528,True,5,False,BULL_STRUCTURE,BULL_STRUCTURE,1.0,0.4704658918883909842242442616,0.4704658918883909842242442616
2023-06-08 00:00:00+00:00,2,CRASH,0.9967821583027902,True,6,False,BULL_STRUCTURE,BULL_STRUCTURE,1.0,0.4719680561704016539487067292,0.4719680561704016539487067292
2023-06-09 00:00:00+00:00,2,CRASH,1.0,True,7,False,BULL_STRUCTURE,BULL_STRUCTURE,1.0,0.4717723637672787933967609361,0.4717723637672787933967609361
2023-06-10 00:00:00+00:00,2,CRASH,0.9401896501487162,True,8,False,BULL_STRUCTURE,BULL_STRUCTURE,1.0,0.4657120875600278141970953197,0.4657120875600278141970953197
2023-06-11 00:00:00+00:00,2,CRASH,0.667167447423271,True,9,False,BULL_STRUCTURE,BULL_STRUCTURE,1.0,0.4665229627115581488781481448,0.4665229627115581488781481448
2023-06-12 00:00:00+00:00,2,CRASH,3.9268355313802395e-06,False,9,False,BULL_STRUCTURE,BULL_STRUCTURE,1.0,0.4663274397830334566550134736,0.4663274397830334566550134736
2023-06-13 00:00:00+00:00,2,CRASH,1.0739562126086654e-16,False,9,False,BULL_STRUCTURE,BULL_STRUCTURE,1.0,0.4666064676277438170199595186,0.4666064676277438170199595186
2023-06-14 00:00:00+00:00,0,NEUTRAL,0.9999999418605529,True,3,False,BULL_STRUCTURE,BULL_STRUCTURE,1.0,0.95,0.95
2023-06-15 00:00:00+00:00,0,NEUTRAL,0.9999998733610562,True,4,False,BULL_STRUCTURE,BULL_STRUCTURE,1.0,0.9514696854207711124821903562,0.9514696854207711124821903562
2023-06-16 00:00:00+00:00,0,NEUTRAL,0.9998240033852009,True,5,False,BULL_STRUCTURE,BULL_STRUCTURE,1.0,0.9527799020914002348323886540,0.9527799020914002348323886540
2023-06-17 00:00:00+00:00,0,NEUTRAL,0.6538341194688282,True,6,False,BULL_STRUCTURE,BULL_STRUCTURE,1.0,0.9530718003302030468351519579,0.9530718003302030468351519579
2023-06-18 00:00:00+00:00,0,NEUTRAL,0.12071008834349072,False,6,False,BULL_STRUCTURE,BULL_STRUCTURE,1.0,0.475,0.475
2023-06-19 00:00:00+00:00,0,NEUTRAL,0.9990301065520202,True,7,False,BULL_STRUCTURE,BULL_STRUCTURE,1.0,0.95,0.95
2023-06-20 00:00:00+00:00,0,NEUTRAL,0.024173160591938855,False,7,False,BULL_STRUCTURE,BULL_STRUCTURE,1.0,0.475,0.475
2023-06-21 00:00:00+00:00,0,NEUTRAL,3.324331567434156e-14,False,7,False,BULL_STRUCTURE,BULL_STRUCTURE,1.0,0.4897368525188091953456358486,0.4897368525188091953456358486
2023-06-22 00:00:00+00:00,0,NEUTRAL,2.1793881748660136e-26,False,7,False,BULL_STRUCTURE,BULL_STRUCTURE,1.0,0.4888273486464369846852317200,0.4888273486464369846852317200
2023-06-23 00:00:00+00:00,0,NEUTRAL,2.2885488808997495e-49,False,7,False,BULL_STRUCTURE,BULL_STRUCTURE,1.0,0.4954591099486041522604585017,0.4954591099486041522604585017
2023-06-24 00:00:00+00:00,2,CRASH,0.9983815578663832,True,3,False,BULL_STRUCTURE,BULL_STRUCTURE,1.0,0.4941436609578977179643452443,0.4941436609578977179643452443
2023-06-25 00:00:00+00:00,2,CRASH,0.00015092258954039537,False,3,False,BULL_STRUCTURE,BULL_STRUCTURE,1.0,0.4936127525030747696351194501,0.4936127525030747696351194501
2023-06-26 00:00:00+00:00,2,CRASH,1.9506873913143521e-16,False,3,False,BULL_STRUCTURE,BULL_STRUCTURE,1.0,0.4920103469427297583821706044,0.4920103469427297583821706044
2023-06-27 00:00:00+00:00,2,CRASH,3.3505461999781845e-22,False,3,False,BULL_STRUCTURE,BULL_STRUCTURE,1.0,0.4954912019736729426726950464,0.4954912019736729426726950464
2023-06-28 00:00:00+00:00,0,NEUTRAL,0.9999985524465519,True,3,False,BULL_STRUCTURE,BULL_STRUCTURE,1.0,0.95,0.95
2023-06-29 00:00:00+00:00,0,NEUTRAL,0.9999994438623344,True,4,False,BULL_STRUCTURE,BULL_STRUCTURE,1.0,0.9511374900459655182078736699,0.9511374900459655182078736699
2023-06-30 00:00:00+00:00,0,NEUTRAL,0.999993706362853,True,5,False,BULL_STRUCTURE,BULL_STRUCTURE,1.0,0.9511751479718910586583811485,0.9511751479718910586583811485
2023-07-01 00:00:00+00:00,0,NEUTRAL,1.0,True,6,False,BULL_STRUCTURE,BULL_STRUCTURE,1.0,0.9513481227814463916086531607,0.9513481227814463916086531607
2023-07-02 00:00:00+00:00,0,NEUTRAL,1.0,True,7,False,BULL_STRUCTURE,BULL_STRUCTURE,1.0,0.9513951854568676091340309667,0.9513951854568676091340309667
2023-07-03 00:00:00+00:00,0,NEUTRAL,1.0,True,8,False,BULL_STRUCTURE,BULL_STRUCTURE,1.0,0.9521961013761165150731229586,0.9521961013761165150731229586
2023-07-04 00:00:00+00:00,0,NEUTRAL,1.0,True,9,False,BULL_STRUCTURE,BULL_STRUCTURE,1.0,0.9516199085292822104057590196,0.9516199085292822104057590196
2023-07-05 00:00:00+00:00,0,NEUTRAL,0.9999999999899956,True,10,False,BULL_STRUCTURE,BULL_STRUCTURE,1.0,0.9512251010372537024391677264,0.9512251010372537024391677264
2023-07-06 00:00:00+00:00,0,NEUTRAL,0.9999718508803378,True,11,False,BULL_STRUCTURE,BULL_STRUCTURE,1.0,0.9502803192659860055421547432,0.9502803192659860055421547432
2023-07-07 00:00:00+00:00,0,NEUTRAL,0.9999994296496687,True,12,False,BULL_STRUCTURE,BULL_STRUCTURE,1.0,0.9509803618370941132363072592,0.9509803618370941132363072592
2023-07-08 00:00:00+00:00,0,NEUTRAL,0.9999995909903118,True,13,False,BULL_STRUCTURE,BULL_STRUCTURE,1.0,0.9508879059042486322857980173,0.9508879059042486322857980173
2023-07-09 00:00:00+00:00,0,NEUTRAL,1.0,True,14,False,BULL_STRUCTURE,BULL_STRUCTURE,1.0,0.9506960699552049591691652129,0.9506960699552049591691652129
2023-07-10 00:00:00+00:00,0,NEUTRAL,0.9999999926558303,True,15,False,BULL_STRUCTURE,BULL_STRUCTURE,1.0,0.9510828753096809589195297265,0.9510828753096809589195297265
2023-07-11 00:00:00+00:00,0,NEUTRAL,0.9999998932999062,True,16,False,BULL_STRUCTURE,BULL_STRUCTURE,1.0,0.9514028417177541886943973664,0.9514028417177541886943973664
2023-07-12 00:00:00+00:00,0,NEUTRAL,0.9999998278244824,True,17,False,BULL_STRUCTURE,BULL_STRUCTURE,1.0,0.9510345311495196383843194887,0.9510345311495196383843194887
2023-07-13 00:00:00+00:00,0,NEUTRAL,0.00016551425503393848,False,17,False,BULL_STRUCTURE,BULL_STRUCTURE,1.0,0.475,0.475
2023-07-14 00:00:00+00:00,0,NEUTRAL,2.517034878423938e-16,False,17,False,BULL_STRUCTURE,BULL_STRUCTURE,1.0,0.4660784602376395482987721930,0.4660784602376395482987721930
2023-07-15 00:00:00+00:00,0,NEUTRAL,5.9669800074111195e-12,False,17,False,BULL_STRUCTURE,BULL_STRUCTURE,1.0,0.4658937625738228602696111106,0.4658937625738228602696111106
2023-07-16 00:00:00+00:00,0,NEUTRAL,1.016030189697655e-10,False,17,False,BULL_STRUCTURE,BULL_STRUCTURE,1.0,0.4654207191586110797654330230,0.4654207191586110797654330230
2023-07-17 00:00:00+00:00,0,NEUTRAL,3.6112940190908495e-12,False,17,False,BULL_STRUCTURE,BULL_STRUCTURE,1.0,0.4646460761289048115511628404,0.4646460761289048115511628404
2023-07-18 00:00:00+00:00,0,NEUTRAL,0.08346422675293849,False,17,False,BULL_STRUCTURE,BULL_STRUCTURE,1.0,0.4623344272378533030296084159,0.4623344272378533030296084159
2023-07-19 00:00:00+00:00,0,NEUTRAL,0.8559347439717362,True,18,False,BULL_STRUCTURE,BULL_STRUCTURE,1.0,0.95,0.95
2023-07-20 00:00:00+00:00,0,NEUTRAL,0.9997772733912507,True,19,False,BULL_STRUCTURE,BULL_STRUCTURE,1.0,0.9504279213071812419571599037,0.9504279213071812419571599037
2023-07-21 00:00:00+00:00,0,NEUTRAL,0.9999650645904541,True,20,False,BULL_STRUCTURE,BULL_STRUCTURE,1.0,0.9505882236026129553365452922,0.9505882236026129553365452922
2023-07-22 00:00:00+00:00,0,NEUTRAL,0.9999999984020178,True,21,False,BULL_STRUCTURE,BULL_STRUCTURE,1.0,0.9504184333128131232173198639,0.9504184333128131232173198639
2023-07-23 00:00:00+00:00,0,NEUTRAL,0.9999999356396095,True,22,False,BULL_STRUCTURE,BULL_STRUCTURE,1.0,0.9508725150272619238342193986,0.9508725150272619238342193986
2023-07-24 00:00:00+00:00,0,NEUTRAL,0.9999886805393915,True,23,False,BULL_STRUCTURE,BULL_STRUCTURE,1.0,0.9494221488129880185279833003,0.9494221488129880185279833003
2023-07-25 00:00:00+00:00,0,NEUTRAL,0.9965817922408104,True,24,False,BULL_STRUCTURE,BULL_STRUCTURE,1.0,0.9495082602151970441540988181,0.9495082602151970441540988181
2023-07-26 00:00:00+00:00,0,NEUTRAL,0.6496368693155979,True,25,False,BULL_STRUCTURE,BULL_STRUCTURE,1.0,0.9497092877429582751232560680,0.9497092877429582751232560680
2023-07-27 00:00:00+00:00,0,NEUTRAL,0.07364207281863994,False,25,False,BULL_STRUCTURE,BULL_STRUCTURE,1.0,0.475,0.475
2023-07-28 00:00:00+00:00,0,NEUTRAL,4.4880985902373975e-06,False,25,False,BULL_STRUCTURE,BULL_STRUCTURE,1.0,0.4760712499665485772450701448,0.4760712499665485772450701448
2023-07-29 00:00:00+00:00,3,BEAR,0.9994555158331853,True,3,False,BULL_STRUCTURE,BULL_STRUCTURE,1.0,0.95,0.95
2023-07-30 00:00:00+00:00,3,BEAR,0.1948574921403037,False,3,False,BULL_STRUCTURE,BULL_STRUCTURE,1.0,0.475,0.475
2023-07-31 00:00:00+00:00,3,BEAR,0.0008577762987645081,False,3,False,BULL_STRUCTURE,BULL_STRUCTURE,1.0,0.4748772495667460589617419804,0.4748772495667460589617419804
2023-08-01 00:00:00+00:00,0,NEUTRAL,0.9626516857845491,True,3,False,BULL_STRUCTURE,BULL_STRUCTURE,1.0,0.95,0.95
2023-08-02 00:00:00+00:00,0,NEUTRAL,0.9382298403388097,True,4,False,BULL_STRUCTURE,BULL_STRUCTURE,1.0,0.9497440126382148148812738053,0.9497440126382148148812738053
2023-08-03 00:00:00+00:00,0,NEUTRAL,0.0022591423427765537,False,4,False,BULL_STRUCTURE,BULL_STRUCTURE,1.0,0.475,0.475
2023-08-04 00:00:00+00:00,0,NEUTRAL,0.8678056939165234,True,5,False,BULL_STRUCTURE,BULL_STRUCTURE,1.0,0.95,0.95
2023-08-05 00:00:00+00:00,0,NEUTRAL,0.017257359292576505,False,5,False,BULL_STRUCTURE,BULL_STRUCTURE,1.0,0.475,0.475
2023-08-06 00:00:00+00:00,0,NEUTRAL,0.24639479554520669,False,5,False,BULL_STRUCTURE,BULL_STRUCTURE,1.0,0.4754323755251683259064439704,0.4754323755251683259064439704
2023-08-07 00:00:00+00:00,0,NEUTRAL,0.9998175948799103,True,6,False,BULL_STRUCTURE,BULL_STRUCTURE,1.0,0.95,0.95
2023-08-08 00:00:00+00:00,0,NEUTRAL,1.0,True,7,False,BULL_STRUCTURE,BULL_STRUCTURE,1.0,0.9514677093604548823344128091,0.9514677093604548823344128091
2023-08-09 00:00:00+00:00,0,NEUTRAL,0.9983540848750851,True,8,False,BULL_STRUCTURE,BULL_STRUCTURE,1.0,0.9511736647190420658244188800,0.9511736647190420658244188800
2023-08-10 00:00:00+00:00,0,NEUTRAL,0.9996657048092928,True,9,False,BULL_STRUCTURE,BULL_STRUCTURE,1.0,0.9509746661391260025261542749,0.9509746661391260025261542749
2023-08-11 00:00:00+00:00,0,NEUTRAL,0.9993725471211807,True,10,False,BULL_STRUCTURE,BULL_STRUCTURE,1.0,0.9509275808614965956953752132,0.9509275808614965956953752132
2023-08-12 00:00:00+00:00,0,NEUTRAL,0.9999991801499796,True,11,False,BULL_STRUCTURE,BULL_STRUCTURE,1.0,0.9509341452682007303540680277,0.9509341452682007303540680277
2023-08-13 00:00:00+00:00,0,NEUTRAL,0.9999999368519659,True,12,False,BULL_STRUCTURE,BULL_STRUCTURE,1.0,0.9507330416344218046007401312,0.9507330416344218046007401312
2023-08-14 00:00:00+00:00,0,NEUTRAL,0.9999978651362704,True,13,False,BULL_STRUCTURE,BULL_STRUCTURE,1.0,0.9509353501375803041298293929,0.9509353501375803041298293929
2023-08-15 00:00:00+00:00,0,NEUTRAL,0.999999999060492,True,14,False,BULL_STRUCTURE,BULL_STRUCTURE,1.0,0.9505665010501484500656004722,0.9505665010501484500656004722
2023-08-16 00:00:00+00:00,0,NEUTRAL,0.9999999687033783,True,15,False,BULL_STRUCTURE,BULL_STRUCTURE,1.0,0.9497992523068674548879517107,0.9497992523068674548879517107
2023-08-17 00:00:00+00:00,0,NEUTRAL,1.2492348970722899e-45,False,15,False,TRANSITION,BULL_STRUCTURE,0.6,0.475,0.475
2023-08-18 00:00:00+00:00,0,NEUTRAL,2.4240553622503454e-47,False,15,False,TRANSITION,BULL_STRUCTURE,0.6,0.4699002415474063730727955244,0.4699002415474063730727955244
2023-08-19 00:00:00+00:00,0,NEUTRAL,4.345427245062133e-60,False,15,False,TRANSITION,BULL_STRUCTURE,0.6,0.4703397637946449211712753827,0.4703397637946449211712753827
2023-08-20 00:00:00+00:00,0,NEUTRAL,2.2841663941173594e-50,False,15,False,TRANSITION,BULL_STRUCTURE,0.6,0.4711972176223888243675623338,0.4711972176223888243675623338
2023-08-21 00:00:00+00:00,0,NEUTRAL,1.4429271670715089e-52,False,15,False,TRANSITION,TRANSITION,0.6,0.4705964907891124921186242669,0.4705964907891124921186242669
2023-08-22 00:00:00+00:00,0,NEUTRAL,1.600473424749439e-25,False,15,False,TRANSITION,TRANSITION,0.6,0.4699193622213705844174178057,0.4699193622213705844174178057
2023-08-23 00:00:00+00:00,0,NEUTRAL,2.1983668099897594e-20,False,15,False,TRANSITION,TRANSITION,0.6,0.4734964989056822464970642260,0.4734964989056822464970642260
2023-08-24 00:00:00+00:00,0,NEUTRAL,6.61828199319664e-19,False,15,False,TRANSITION,TRANSITION,0.6,0.4711026319893262888394690897,0.4711026319893262888394690897
2023-08-25 00:00:00+00:00,0,NEUTRAL,3.6009342614034055e-18,False,15,False,TRANSITION,TRANSITION,0.6,0.4699576950176190392564224584,0.4699576950176190392564224584
2023-08-26 00:00:00+00:00,0,NEUTRAL,2.0482703295100764e-22,False,15,False,TRANSITION,TRANSITION,0.6,0.4695498022557939458947132373,0.4695498022557939458947132373
2023-08-27 00:00:00+00:00,3,BEAR,0.99999999906413,True,3,False,TRANSITION,TRANSITION,0.6,0.95,0.6
2023-08-28 00:00:00+00:00,3,BEAR,0.9999999918745743,True,4,False,TRANSITION,TRANSITION,0.6,0.95,0.6
2023-08-29 00:00:00+00:00,3,BEAR,0.9898171841898671,True,5,False,TRANSITION,TRANSITION,0.6,0.95,0.6
2023-08-30 00:00:00+00:00,3,BEAR,0.9762694983790129,True,6,False,TRANSITION,TRANSITION,0.6,0.95,0.6
2023-08-31 00:00:00+00:00,3,BEAR,0.008766791228586559,False,6,False,TRANSITION,TRANSITION,0.6,0.5876843972997144052348985220,0.5876843972997144052348985220
2023-09-01 00:00:00+00:00,3,BEAR,0.2353302818863639,False,6,False,TRANSITION,TRANSITION,0.6,0.5864126400073580917318792869,0.5864126400073580917318792869
2023-09-02 00:00:00+00:00,2,CRASH,0.9859007107867701,True,3,False,TRANSITION,TRANSITION,0.6,0.5870175913876799943368845373,0.5870175913876799943368845373
2023-09-03 00:00:00+00:00,2,CRASH,0.0002035172216533982,False,3,False,TRANSITION,TRANSITION,0.6,0.25,0.25
2023-09-04 00:00:00+00:00,2,CRASH,0.013969584049587563,False,3,False,TRANSITION,TRANSITION,0.6,0.2490584466002848397436481120,0.2490584466002848397436481120
2023-09-05 00:00:00+00:00,3,BEAR,0.9999986714373975,True,3,False,TRANSITION,TRANSITION,0.6,0.95,0.6
2023-09-06 00:00:00+00:00,3,BEAR,0.999934610583964,True,4,False,TRANSITION,TRANSITION,0.6,0.95,0.6
2023-09-07 00:00:00+00:00,3,BEAR,0.9949946208070465,True,5,False,TRANSITION,TRANSITION,0.6,0.95,0.6
2023-09-08 00:00:00+00:00,3,BEAR,0.9999964606858036,True,6,False,TRANSITION,TRANSITION,0.6,0.95,0.6
2023-09-09 00:00:00+00:00,3,BEAR,0.9999936064773215,True,7,False,TRANSITION,TRANSITION,0.6,0.95,0.6
2023-09-10 00:00:00+00:00,3,BEAR,0.9998359137829561,True,8,False,TRANSITION,TRANSITION,0.6,0.95,0.6
2023-09-11 00:00:00+00:00,3,BEAR,0.9999442356198602,True,9,False,TRANSITION,TRANSITION,0.6,0.95,0.6
2023-09-12 00:00:00+00:00,3,BEAR,0.9926119529658906,True,10,False,TRANSITION,TRANSITION,0.6,0.95,0.6
2023-09-13 00:00:00+00:00,3,BEAR,0.9983230972804985,True,11,False,TRANSITION,TRANSITION,0.6,0.95,0.6
2023-09-14 00:00:00+00:00,3,BEAR,0.9998905516494899,True,12,False,TRANSITION,TRANSITION,0.6,0.95,0.6
2023-09-15 00:00:00+00:00,3,BEAR,0.9976975160141569,True,13,False,TRANSITION,TRANSITION,0.6,0.95,0.6
2023-09-16 00:00:00+00:00,3,BEAR,0.9988650143355772,True,14,False,TRANSITION,TRANSITION,0.6,0.95,0.6
2023-09-17 00:00:00+00:00,3,BEAR,0.9999997181749165,True,15,False,TRANSITION,TRANSITION,0.6,0.95,0.6
2023-09-18 00:00:00+00:00,3,BEAR,0.9999997843106263,True,16,False,TRANSITION,TRANSITION,0.6,0.95,0.6
2023-09-19 00:00:00+00:00,3,BEAR,0.9999907917605151,True,17,False,TRANSITION,TRANSITION,0.6,0.95,0.6
2023-09-20 00:00:00+00:00,3,BEAR,0.9999610921261177,True,18,False,TRANSITION,TRANSITION,0.6,0.95,0.6
2023-09-21 00:00:00+00:00,3,BEAR,0.9962549176414681,True,19,False,TRANSITION,TRANSITION,0.6,0.95,0.6
2023-09-22 00:00:00+00:00,3,BEAR,0.908399172801927,True,20,False,TRANSITION,TRANSITION,0.6,0.95,0.6
2023-09-23 00:00:00+00:00,3,BEAR,0.9512141169580275,True,21,False,TRANSITION,TRANSITION,0.6,0.95,0.6
2023-09-24 00:00:00+00:00,3,BEAR,0.9999977652857938,True,22,False,TRANSITION,TRANSITION,0.6,0.95,0.6
2023-09-25 00:00:00+00:00,3,BEAR,0.9998951128613572,True,23,False,TRANSITION,TRANSITION,0.6,0.95,0.6
2023-09-26 00:00:00+00:00,3,BEAR,0.9999993542080385,True,24,False,TRANSITION,TRANSITION,0.6,0.95,0.6
2023-09-27 00:00:00+00:00,3,BEAR,0.999966064359913,True,25,False,TRANSITION,TRANSITION,0.6,0.95,0.6
2023-09-28 00:00:00+00:00,3,BEAR,0.9995678788616342,True,26,False,TRANSITION,TRANSITION,0.6,0.95,0.6
2023-09-29 00:00:00+00:00,3,BEAR,0.9998923931463728,True,27,False,TRANSITION,TRANSITION,0.6,0.95,0.6
2023-09-30 00:00:00+00:00,3,BEAR,0.9999856456836608,True,28,False,TRANSITION,TRANSITION,0.6,0.95,0.6
2023-10-01 00:00:00+00:00,3,BEAR,0.9999993551157137,True,29,False,TRANSITION,TRANSITION,0.6,0.95,0.6
2023-10-02 00:00:00+00:00,3,BEAR,0.11217022312026804,False,29,False,TRANSITION,TRANSITION,0.6,0.5956904473534979541147976347,0.5956904473534979541147976347
2023-10-03 00:00:00+00:00,3,BEAR,0.00041049918681660346,False,29,False,TRANSITION,TRANSITION,0.6,0.5950934704054955452737098449,0.5950934704054955452737098449
2023-10-04 00:00:00+00:00,2,CRASH,0.7036126071926686,True,3,False,TRANSITION,TRANSITION,0.6,0.5981635042725021740445119003,0.5981635042725021740445119003
2023-10-05 00:00:00+00:00,2,CRASH,0.9552943711499843,True,4,False,TRANSITION,TRANSITION,0.6,0.5949522369632905740055758847,0.5949522369632905740055758847
2023-10-06 00:00:00+00:00,2,CRASH,0.9836799598891544,True,5,False,TRANSITION,TRANSITION,0.6,0.5994789174998206306909655650,0.5994789174998206306909655650
2023-10-07 00:00:00+00:00,2,CRASH,0.5179815777110787,True,6,False,TRANSITION,TRANSITION,0.6,0.25,0.25
2023-10-08 00:00:00+00:00,2,CRASH,0.72569219401051,True,7,False,TRANSITION,TRANSITION,0.6,0.50,0.50
2023-10-09 00:00:00+00:00,2,CRASH,0.15180679323938465,False,7,False,TRANSITION,TRANSITION,0.6,0.4972154833968851659459705077,0.4972154833968851659459705077
2023-10-10 00:00:00+00:00,2,CRASH,0.6817375264485172,True,8,False,TRANSITION,TRANSITION,0.6,0.4953967413750247279064600112,0.4953967413750247279064600112
2023-10-11 00:00:00+00:00,2,CRASH,0.9518788762099466,True,9,False,TRANSITION,TRANSITION,0.6,0.4906560669539097252313686362,0.4906560669539097252313686362
2023-10-12 00:00:00+00:00,2,CRASH,8.217556192552261e-05,False,9,False,TRANSITION,TRANSITION,0.6,0.4895761329060433264638456581,0.4895761329060433264638456581
2023-10-13 00:00:00+00:00,2,CRASH,0.0024774416324473904,False,9,False,TRANSITION,TRANSITION,0.6,0.4905303148278379974517996164,0.4905303148278379974517996164
2023-10-14 00:00:00+00:00,2,CRASH,0.9999999999799911,True,10,False,TRANSITION,TRANSITION,0.6,0.4904417302112292234730955615,0.4904417302112292234730955615
2023-10-15 00:00:00+00:00,2,CRASH,2.7659599450894157e-12,False,10,False,TRANSITION,TRANSITION,0.6,0.4932339055552810039001393845,0.4932339055552810039001393845
2023-10-16 00:00:00+00:00,2,CRASH,0.9914158533430667,True,11,False,TRANSITION,TRANSITION,0.6,0.5053336817097002642093509747,0.5053336817097002642093509747
2023-10-17 00:00:00+00:00,2,CRASH,0.8094274158056313,True,12,False,TRANSITION,TRANSITION,0.6,0.5044121858520733072776072950,0.5044121858520733072776072950
2023-10-18 00:00:00+00:00,2,CRASH,0.18878918395049285,False,12,False,TRANSITION,TRANSITION,0.6,0.25,0.25
2023-10-19 00:00:00+00:00,2,CRASH,0.006476376926752601,False,12,False,BULL_STRUCTURE,TRANSITION,0.6,0.2526805081863168073697899951,0.2526805081863168073697899951
2023-10-20 00:00:00+00:00,2,CRASH,0.66723061132597,True,13,False,BULL_STRUCTURE,TRANSITION,0.6,0.2589107707447583000977622750,0.2589107707447583000977622750
2023-10-21 00:00:00+00:00,1,BEAR,0.999942944556734,True,1,False,BULL_STRUCTURE,TRANSITION,0.6,0.95,0.6
2023-10-22 00:00:00+00:00,1,BEAR,0.9999998386565624,True,2,False,BULL_STRUCTURE,TRANSITION,0.6,0.95,0.6
2023-10-23 00:00:00+00:00,1,BEAR,6.314149869483447e-21,False,2,False,BULL_STRUCTURE,BULL_STRUCTURE,1.0,0.6231981090912534056127262041,0.6231981090912534056127262041
2023-10-24 00:00:00+00:00,1,BEAR,9.40495348835349e-20,False,2,False,BULL_STRUCTURE,BULL_STRUCTURE,1.0,0.6291574503640382541885194822,0.6291574503640382541885194822
2023-10-25 00:00:00+00:00,0,BULL,0.9999999632200349,True,3,False,BULL_STRUCTURE,BULL_STRUCTURE,1.0,0.6330592199592295309695337483,0.6330592199592295309695337483
2023-10-26 00:00:00+00:00,0,BULL,0.9999999998781277,True,4,False,BULL_STRUCTURE,BULL_STRUCTURE,1.0,0.6307253589596431698303264187,0.6307253589596431698303264187
2023-10-27 00:00:00+00:00,0,BULL,0.9999999993851816,True,5,False,BULL_STRUCTURE,BULL_STRUCTURE,1.0,0.6289461085868444443089012794,0.6289461085868444443089012794
2023-10-28 00:00:00+00:00,0,BULL,7.629898388907378e-18,False,5,False,BULL_STRUCTURE,BULL_STRUCTURE,1.0,0.25,0.25
2023-10-29 00:00:00+00:00,0,BULL,1.901127868108682e-09,False,5,False,BULL_STRUCTURE,BULL_STRUCTURE,1.0,0.2525636067780899858428988047,0.2525636067780899858428988047
2023-10-30 00:00:00+00:00,0,BULL,0.909877790086889,True,6,False,BULL_STRUCTURE,BULL_STRUCTURE,1.0,0.2522837774514124255369532884,0.2522837774514124255369532884
2023-10-31 00:00:00+00:00,0,BULL,3.969704137669523e-08,False,6,False,BULL_STRUCTURE,BULL_STRUCTURE,1.0,0.2531857436578546173146949245,0.2531857436578546173146949245
2023-11-01 00:00:00+00:00,0,BULL,7.417979761041024e-06,False,6,False,BULL_STRUCTURE,BULL_STRUCTURE,1.0,0.2574282311499524469374635513,0.2574282311499524469374635513
2023-11-02 00:00:00+00:00,2,NEUTRAL,0.9999999831461538,True,3,False,BULL_STRUCTURE,BULL_STRUCTURE,1.0,0.95,0.95
2023-11-03 00:00:00+00:00,2,NEUTRAL,0.782988026635278,True,4,False,BULL_STRUCTURE,BULL_STRUCTURE,1.0,0.9505549025226908066347480508,0.9505549025226908066347480508
2023-11-04 00:00:00+00:00,2,NEUTRAL,0.0003186900155299901,False,4,False,BULL_STRUCTURE,BULL_STRUCTURE,1.0,0.475,0.475
2023-11-05 00:00:00+00:00,2,NEUTRAL,2.214863095721709e-05,False,4,False,BULL_STRUCTURE,BULL_STRUCTURE,1.0,0.4749367450198187513024273549,0.4749367450198187513024273549
2023-11-06 00:00:00+00:00,2,NEUTRAL,0.00033717968614698234,False,4,False,BULL_STRUCTURE,BULL_STRUCTURE,1.0,0.4751802924487961937063179736,0.4751802924487961937063179736
2023-11-07 00:00:00+00:00,2,NEUTRAL,3.818765597187679e-06,False,4,False,BULL_STRUCTURE,BULL_STRUCTURE,1.0,0.4776804463644082382448894615,0.4776804463644082382448894615
2023-11-08 00:00:00+00:00,1,BEAR,0.999999999998181,True,3,False,BULL_STRUCTURE,BULL_STRUCTURE,1.0,0.95,0.95
2023-11-09 00:00:00+00:00,1,BEAR,0.9996407977732052,True,4,False,BULL_STRUCTURE,BULL_STRUCTURE,1.0,0.9519604190918824538143010597,0.9519604190918824538143010597
2023-11-10 00:00:00+00:00,1,BEAR,0.9967153067912826,True,5,False,BULL_STRUCTURE,BULL_STRUCTURE,1.0,0.9526972507067248748436692856,0.9526972507067248748436692856
2023-11-11 00:00:00+00:00,1,BEAR,0.9999999997962732,True,6,False,BULL_STRUCTURE,BULL_STRUCTURE,1.0,0.9524889865178866681221011034,0.9524889865178866681221011034
2023-11-12 00:00:00+00:00,1,BEAR,0.9999999999990905,True,7,False,BULL_STRUCTURE,BULL_STRUCTURE,1.0,0.9524085688560413698614316115,0.9524085688560413698614316115
2023-11-13 00:00:00+00:00,1,BEAR,1.0,True,8,False,BULL_STRUCTURE,BULL_STRUCTURE,1.0,0.9516618126925675836629275071,0.9516618126925675836629275071
2023-11-14 00:00:00+00:00,1,BEAR,0.9720859543621394,True,9,False,BULL_STRUCTURE,BULL_STRUCTURE,1.0,0.9504835237031044898341522508,0.9504835237031044898341522508
2023-11-15 00:00:00+00:00,1,BEAR,0.9999897376836979,True,10,False,BULL_STRUCTURE,BULL_STRUCTURE,1.0,0.9533602350139839887845816292,0.9533602350139839887845816292
2023-11-16 00:00:00+00:00,1,BEAR,0.5426708486868058,True,11,False,BULL_STRUCTURE,BULL_STRUCTURE,1.0,0.475,0.475
2023-11-17 00:00:00+00:00,1,BEAR,0.0004626213291370292,False,11,False,BULL_STRUCTURE,BULL_STRUCTURE,1.0,0.4783811580125373277125762382,0.4783811580125373277125762382
2023-11-18 00:00:00+00:00,1,BEAR,6.6035041397357144e-06,False,11,False,BULL_STRUCTURE,BULL_STRUCTURE,1.0,0.4780686966896121168947276144,0.4780686966896121168947276144
2023-11-19 00:00:00+00:00,0,BULL,0.9999999953588485,True,3,False,BULL_STRUCTURE,BULL_STRUCTURE,1.0,0.4834158488996537119972674361,0.4834158488996537119972674361
2023-11-20 00:00:00+00:00,0,BULL,0.999999985429895,True,4,False,BULL_STRUCTURE,BULL_STRUCTURE,1.0,0.4840095348551059656690352394,0.4840095348551059656690352394
2023-11-21 00:00:00+00:00,0,BULL,0.9999999525434771,True,5,False,BULL_STRUCTURE,BULL_STRUCTURE,1.0,0.4723678979818375192018383631,0.4723678979818375192018383631
2023-11-22 00:00:00+00:00,0,BULL,0.9999999985093382,True,6,False,BULL_STRUCTURE,BULL_STRUCTURE,1.0,0.4837397011985061759775003175,0.4837397011985061759775003175
2023-11-23 00:00:00+00:00,0,BULL,0.9999957016345046,True,7,False,BULL_STRUCTURE,BULL_STRUCTURE,1.0,0.4829771194170384836810900441,0.4829771194170384836810900441
2023-11-24 00:00:00+00:00,0,BULL,0.9999995604749585,True,8,False,BULL_STRUCTURE,BULL_STRUCTURE,1.0,0.4857693852572521785346178751,0.4857693852572521785346178751
2023-11-25 00:00:00+00:00,0,BULL,0.9957285866934017,True,9,False,BULL_STRUCTURE,BULL_STRUCTURE,1.0,0.4862134412692097094880936458,0.4862134412692097094880936458
2023-11-26 00:00:00+00:00,0,BULL,0.9999999982401278,True,10,False,BULL_STRUCTURE,BULL_STRUCTURE,1.0,0.4840005316060115530872261265,0.4840005316060115530872261265
2023-11-27 00:00:00+00:00,0,BULL,0.9999999996261977,True,11,False,BULL_STRUCTURE,BULL_STRUCTURE,1.0,0.4826315258665126276859343559,0.4826315258665126276859343559
2023-11-28 00:00:00+00:00,0,BULL,0.9999999877245501,True,12,False,BULL_STRUCTURE,BULL_STRUCTURE,1.0,0.4864658997448269159293606327,0.4864658997448269159293606327
2023-11-29 00:00:00+00:00,0,BULL,0.9999995437266211,True,13,False,BULL_STRUCTURE,BULL_STRUCTURE,1.0,0.4867020738638177913580871243,0.4867020738638177913580871243
2023-11-30 00:00:00+00:00,0,BULL,0.9999481275220286,True,14,False,BULL_STRUCTURE,BULL_STRUCTURE,1.0,0.4858381946705740788294826919,0.4858381946705740788294826919
2023-12-01 00:00:00+00:00,0,BULL,0.999997924266944,True,15,False,BULL_STRUCTURE,BULL_STRUCTURE,1.0,0.4921081568178001319067293944,0.4921081568178001319067293944
2023-12-02 00:00:00+00:00,0,BULL,0.9999999923720679,True,16,False,BULL_STRUCTURE,BULL_STRUCTURE,1.0,0.4970213118154111495459618261,0.4970213118154111495459618261
2023-12-03 00:00:00+00:00,0,BULL,0.9999999999990905,True,17,False,BULL_STRUCTURE,BULL_STRUCTURE,1.0,0.5003069751101757330766069427,0.5003069751101757330766069427
2023-12-04 00:00:00+00:00,0,BULL,0.9999999999990905,True,18,False,BULL_STRUCTURE,BULL_STRUCTURE,1.0,0.5126222871604416358623182843,0.5126222871604416358623182843
2023-12-05 00:00:00+00:00,0,BULL,1.0,True,19,False,BULL_STRUCTURE,BULL_STRUCTURE,1.0,0.5247040677228370753371875745,0.5247040677228370753371875745
2023-12-06 00:00:00+00:00,0,BULL,1.0,True,20,False,BULL_STRUCTURE,BULL_STRUCTURE,1.0,0.5229398376830103488363259937,0.5229398376830103488363259937
2023-12-07 00:00:00+00:00,0,BULL,1.0,True,21,False,BULL_STRUCTURE,BULL_STRUCTURE,1.0,0.5201326855948690659536414062,0.5201326855948690659536414062
2023-12-08 00:00:00+00:00,0,BULL,2.8840079967619588e-15,False,21,False,BULL_STRUCTURE,BULL_STRUCTURE,1.0,0.25,0.25
2023-12-09 00:00:00+00:00,0,BULL,1.2362984643433798e-06,False,21,False,BULL_STRUCTURE,BULL_STRUCTURE,1.0,0.2481408874171894190739078251,0.2481408874171894190739078251
2023-12-10 00:00:00+00:00,1,BEAR,0.9999999308674912,True,3,False,BULL_STRUCTURE,BULL_STRUCTURE,1.0,0.95,0.95
2023-12-11 00:00:00+00:00,1,BEAR,5.2066340290989724e-14,False,3,False,BULL_STRUCTURE,BULL_STRUCTURE,1.0,0.475,0.475
2023-12-12 00:00:00+00:00,1,BEAR,0.05708664154313017,False,3,False,BULL_STRUCTURE,BULL_STRUCTURE,1.0,0.4767322132486903859927993519,0.4767322132486903859927993519
2023-12-13 00:00:00+00:00,0,BULL,0.9998239456242667,True,3,False,BULL_STRUCTURE,BULL_STRUCTURE,1.0,0.4848799111632400222909329769,0.4848799111632400222909329769
2023-12-14 00:00:00+00:00,0,BULL,0.9999981322224974,True,4,False,BULL_STRUCTURE,BULL_STRUCTURE,1.0,0.4857711431811973142065057380,0.4857711431811973142065057380
2023-12-15 00:00:00+00:00,0,BULL,0.9999976950920615,True,5,False,BULL_STRUCTURE,BULL_STRUCTURE,1.0,0.4794113292513061448538426382,0.4794113292513061448538426382
2023-12-16 00:00:00+00:00,0,BULL,0.9997420169988056,True,6,False,BULL_STRUCTURE,BULL_STRUCTURE,1.0,0.4814133461362817254167821630,0.4814133461362817254167821630
2023-12-17 00:00:00+00:00,0,BULL,0.9999999472520372,True,7,False,BULL_STRUCTURE,BULL_STRUCTURE,1.0,0.4760233834201134326640929706,0.4760233834201134326640929706
2023-12-18 00:00:00+00:00,0,BULL,0.9999999998772182,True,8,False,BULL_STRUCTURE,BULL_STRUCTURE,1.0,0.4836462569018190341208737600,0.4836462569018190341208737600
2023-12-19 00:00:00+00:00,0,BULL,0.9999999297178899,True,9,False,BULL_STRUCTURE,BULL_STRUCTURE,1.0,0.4814012995228320157885513820,0.4814012995228320157885513820
2023-12-20 00:00:00+00:00,0,BULL,1.0,True,10,False,BULL_STRUCTURE,BULL_STRUCTURE,1.0,0.4894986470513184276439102530,0.4894986470513184276439102530
2023-12-21 00:00:00+00:00,0,BULL,0.9997906405805337,True,11,False,BULL_STRUCTURE,BULL_STRUCTURE,1.0,0.4905999393895720601753568863,0.4905999393895720601753568863
2023-12-22 00:00:00+00:00,0,BULL,0.9999999445353767,True,12,False,BULL_STRUCTURE,BULL_STRUCTURE,1.0,0.4912102293369712245457406158,0.4912102293369712245457406158
2023-12-23 00:00:00+00:00,0,BULL,0.9997286746565249,True,13,False,BULL_STRUCTURE,BULL_STRUCTURE,1.0,0.4896887305624625635931655693,0.4896887305624625635931655693
2023-12-24 00:00:00+00:00,0,BULL,0.9999955481252034,True,14,False,BULL_STRUCTURE,BULL_STRUCTURE,1.0,0.4855924812061267606445710027,0.4855924812061267606445710027
2023-12-25 00:00:00+00:00,0,BULL,0.9996270900347258,True,15,False,BULL_STRUCTURE,BULL_STRUCTURE,1.0,0.4889670582572631560345139039,0.4889670582572631560345139039
2023-12-26 00:00:00+00:00,0,BULL,7.056194914175026e-25,False,15,False,BULL_STRUCTURE,BULL_STRUCTURE,1.0,0.4827732502695401535078219136,0.4827732502695401535078219136
2023-12-27 00:00:00+00:00,0,BULL,6.779938333487941e-64,False,15,False,BULL_STRUCTURE,BULL_STRUCTURE,1.0,0.4881211136315312525593923592,0.4881211136315312525593923592
2023-12-28 00:00:00+00:00,0,BULL,3.750264200575298e-45,False,15,False,BULL_STRUCTURE,BULL_STRUCTURE,1.0,0.4830951287155477125485943033,0.4830951287155477125485943033
2023-12-29 00:00:00+00:00,0,BULL,3.054256111010509e-73,False,15,False,BULL_STRUCTURE,BULL_STRUCTURE,1.0,0.4801639018276027923771766582,0.4801639018276027923771766582
2023-12-30 00:00:00+00:00,2,NEUTRAL,1.0,True,3,False,BULL_STRUCTURE,BULL_STRUCTURE,1.0,0.95,0.95
2023-12-31 00:00:00+00:00,2,NEUTRAL,1.0,True,4,False,BULL_STRUCTURE,BULL_STRUCTURE,1.0,0.9507391354170478435201969345,0.9507391354170478435201969345
2024-01-01 00:00:00+00:00,2,NEUTRAL,1.0,True,5,False,BULL_STRUCTURE,BULL_STRUCTURE,1.0,0.9527532893559735741593537027,0.9527532893559735741593537027
2024-01-02 00:00:00+00:00,2,NEUTRAL,1.0,True,6,False,BULL_STRUCTURE,BULL_STRUCTURE,1.0,0.9535224229930198244463424820,0.9535224229930198244463424820
2024-01-03 00:00:00+00:00,2,NEUTRAL,1.0,True,7,False,BULL_STRUCTURE,BULL_STRUCTURE,1.0,0.9513534731951323800100646308,0.9513534731951323800100646308
2024-01-04 00:00:00+00:00,2,NEUTRAL,1.0,True,8,False,BULL_STRUCTURE,BULL_STRUCTURE,1.0,0.9527242839094572735281463507,0.9527242839094572735281463507
2024-01-05 00:00:00+00:00,2,NEUTRAL,0.29643153434617864,False,8,False,BULL_STRUCTURE,BULL_STRUCTURE,1.0,0.475,0.475
2024-01-06 00:00:00+00:00,2,NEUTRAL,1.269165099534755e-09,False,8,False,BULL_STRUCTURE,BULL_STRUCTURE,1.0,0.4742936831108635752361001052,0.4742936831108635752361001052
2024-01-07 00:00:00+00:00,1,BEAR,0.9999992942523693,True,3,False,BULL_STRUCTURE,BULL_STRUCTURE,1.0,0.95,0.95
2024-01-08 00:00:00+00:00,1,BEAR,8.090893648577041e-06,False,3,False,BULL_STRUCTURE,BULL_STRUCTURE,1.0,0.475,0.475
2024-01-09 00:00:00+00:00,1,BEAR,0.00034763297631880267,False,3,False,BULL_STRUCTURE,BULL_STRUCTURE,1.0,0.4707896817324545451728542063,0.4707896817324545451728542063
2024-01-10 00:00:00+00:00,0,BULL,0.9960915418499642,True,3,False,BULL_STRUCTURE,BULL_STRUCTURE,1.0,0.4737127943135323288756738989,0.4737127943135323288756738989
2024-01-11 00:00:00+00:00,0,BULL,0.9745562514102801,True,4,False,BULL_STRUCTURE,BULL_STRUCTURE,1.0,0.4720250145363493552738007774,0.4720250145363493552738007774
2024-01-12 00:00:00+00:00,0,BULL,0.5521443829803818,True,5,False,BULL_STRUCTURE,BULL_STRUCTURE,1.0,0.4521791662554993619567289234,0.4521791662554993619567289234
2024-01-13 00:00:00+00:00,0,BULL,3.8368440253399395e-13,False,5,False,BULL_STRUCTURE,BULL_STRUCTURE,1.0,0.4525567629809204417352737381,0.4525567629809204417352737381
2024-01-14 00:00:00+00:00,0,BULL,7.936685856361868e-13,False,5,False,BULL_STRUCTURE,BULL_STRUCTURE,1.0,0.4460291622026841722742796430,0.4460291622026841722742796430
2024-01-15 00:00:00+00:00,2,NEUTRAL,0.9999999996798579,True,3,False,BULL_STRUCTURE,BULL_STRUCTURE,1.0,0.95,0.95
2024-01-16 00:00:00+00:00,2,NEUTRAL,1.4925037483101653e-10,False,3,False,BULL_STRUCTURE,BULL_STRUCTURE,1.0,0.475,0.475
2024-01-17 00:00:00+00:00,2,NEUTRAL,0.06966652335501715,False,3,False,BULL_STRUCTURE,BULL_STRUCTURE,1.0,0.4731921017521878461405312218,0.4731921017521878461405312218
2024-01-18 00:00:00+00:00,2,NEUTRAL,0.9797680116490788,True,4,False,BULL_STRUCTURE,BULL_STRUCTURE,1.0,0.4646127834919588206802546429,0.4646127834919588206802546429
2024-01-19 00:00:00+00:00,2,NEUTRAL,0.9999366048237185,True,5,False,BULL_STRUCTURE,BULL_STRUCTURE,1.0,0.4666008329625021258035775959,0.4666008329625021258035775959
2024-01-20 00:00:00+00:00,2,NEUTRAL,0.9876387505608203,True,6,False,BULL_STRUCTURE,BULL_STRUCTURE,1.0,0.4668218510333841815703038662,0.4668218510333841815703038662
2024-01-21 00:00:00+00:00,2,NEUTRAL,0.9982789612798212,True,7,False,BULL_STRUCTURE,BULL_STRUCTURE,1.0,0.4661302389347786415983975408,0.4661302389347786415983975408
2024-01-22 00:00:00+00:00,2,NEUTRAL,0.9998149596657826,True,8,False,BULL_STRUCTURE,BULL_STRUCTURE,1.0,0.4538088725405078184662138668,0.4538088725405078184662138668
2024-01-23 00:00:00+00:00,2,NEUTRAL,2.7718495771922156e-14,False,8,False,BULL_STRUCTURE,BULL_STRUCTURE,1.0,0.4558656894064916335734464921,0.4558656894064916335734464921
2024-01-24 00:00:00+00:00,2,NEUTRAL,4.653220605654383e-13,False,8,False,BULL_STRUCTURE,BULL_STRUCTURE,1.0,0.4570275641686227536646006971,0.4570275641686227536646006971
2024-01-25 00:00:00+00:00,1,BEAR,0.990397969957902,True,3,False,BULL_STRUCTURE,BULL_STRUCTURE,1.0,0.95,0.95
2024-01-26 00:00:00+00:00,1,BEAR,0.9723111403184826,True,4,False,BULL_STRUCTURE,BULL_STRUCTURE,1.0,0.9527032840381525778719536713,0.9527032840381525778719536713
2024-01-27 00:00:00+00:00,1,BEAR,0.9997676398448655,True,5,False,BULL_STRUCTURE,BULL_STRUCTURE,1.0,0.9530212426525832764024567767,0.9530212426525832764024567767
2024-01-28 00:00:00+00:00,1,BEAR,0.999999997589839,True,6,False,BULL_STRUCTURE,BULL_STRUCTURE,1.0,0.9529258416671499356487377201,0.9529258416671499356487377201
2024-01-29 00:00:00+00:00,1,BEAR,0.16680231815037702,False,6,False,BULL_STRUCTURE,BULL_STRUCTURE,1.0,0.475,0.475
2024-01-30 00:00:00+00:00,1,BEAR,0.16238641381190022,False,6,False,BULL_STRUCTURE,BULL_STRUCTURE,1.0,0.4732028787574760735419915897,0.4732028787574760735419915897
2024-01-31 00:00:00+00:00,1,BEAR,0.5515241245297694,True,7,False,BULL_STRUCTURE,BULL_STRUCTURE,1.0,0.95,0.95
2024-02-01 00:00:00+00:00,1,BEAR,0.9999815606596933,True,8,False,BULL_STRUCTURE,BULL_STRUCTURE,1.0,0.9511383046294978246165990900,0.9511383046294978246165990900
2024-02-02 00:00:00+00:00,1,BEAR,0.9999999594074332,True,9,False,BULL_STRUCTURE,BULL_STRUCTURE,1.0,0.9512642535593922624468572548,0.9512642535593922624468572548
2024-02-03 00:00:00+00:00,1,BEAR,0.9999999980582288,True,10,False,BULL_STRUCTURE,BULL_STRUCTURE,1.0,0.9510606757923805570938132962,0.9510606757923805570938132962
2024-02-04 00:00:00+00:00,1,BEAR,0.9999874429310568,True,11,False,BULL_STRUCTURE,BULL_STRUCTURE,1.0,0.9505928606331419636698228293,0.9505928606331419636698228293
2024-02-05 00:00:00+00:00,1,BEAR,0.9999996950255546,True,12,False,BULL_STRUCTURE,BULL_STRUCTURE,1.0,0.9507312430157725067050318701,0.9507312430157725067050318701
2024-02-06 00:00:00+00:00,1,BEAR,0.9999999954470695,True,13,False,BULL_STRUCTURE,BULL_STRUCTURE,1.0,0.9511555687607388040538221184,0.9511555687607388040538221184
2024-02-07 00:00:00+00:00,1,BEAR,0.9999867956238211,True,14,False,BULL_STRUCTURE,BULL_STRUCTURE,1.0,0.9524675006937948114926590758,0.9524675006937948114926590758
2024-02-08 00:00:00+00:00,1,BEAR,0.9999999503770608,True,15,False,BULL_STRUCTURE,BULL_STRUCTURE,1.0,0.9534071556301197671376360138,0.9534071556301197671376360138
2024-02-09 00:00:00+00:00,1,BEAR,0.9999845659003399,True,16,False,BULL_STRUCTURE,BULL_STRUCTURE,1.0,0.9551483862025993835014909288,0.9551483862025993835014909288
2024-02-10 00:00:00+00:00,1,BEAR,0.9990578923113781,True,17,False,BULL_STRUCTURE,BULL_STRUCTURE,1.0,0.9557034350762255300242073774,0.9557034350762255300242073774
2024-02-11 00:00:00+00:00,1,BEAR,0.9999999999872671,True,18,False,BULL_STRUCTURE,BULL_STRUCTURE,1.0,0.9561847818513744948868746000,0.9561847818513744948868746000
2024-02-12 00:00:00+00:00,1,BEAR,0.9999999969459168,True,19,False,BULL_STRUCTURE,BULL_STRUCTURE,1.0,0.9575440907160281538409812462,0.9575440907160281538409812462
2024-02-13 00:00:00+00:00,1,BEAR,0.9999999987594492,True,20,False,BULL_STRUCTURE,BULL_STRUCTURE,1.0,0.9573660653452719619305545464,0.9573660653452719619305545464
2024-02-14 00:00:00+00:00,1,BEAR,0.9999999932842911,True,21,False,BULL_STRUCTURE,BULL_STRUCTURE,1.0,0.9590203041316301190183525803,0.9590203041316301190183525803
2024-02-15 00:00:00+00:00,1,BEAR,0.9999999993888196,True,22,False,BULL_STRUCTURE,BULL_STRUCTURE,1.0,0.9590845692237181670431015720,0.9590845692237181670431015720
2024-02-16 00:00:00+00:00,1,BEAR,0.999999999996362,True,23,False,BULL_STRUCTURE,BULL_STRUCTURE,1.0,0.9592683813572145536303746008,0.9592683813572145536303746008
2024-02-17 00:00:00+00:00,1,BEAR,0.9999999990368451,True,24,False,BULL_STRUCTURE,BULL_STRUCTURE,1.0,0.9589042419297596363704287416,0.9589042419297596363704287416
2024-02-18 00:00:00+00:00,1,BEAR,0.999999999990905,True,25,False,BULL_STRUCTURE,BULL_STRUCTURE,1.0,0.9592785434807509408204310227,0.9592785434807509408204310227
2024-02-19 00:00:00+00:00,1,BEAR,0.9999999999890861,True,26,False,BULL_STRUCTURE,BULL_STRUCTURE,1.0,0.9590047891039187810189480451,0.9590047891039187810189480451
2024-02-20 00:00:00+00:00,1,BEAR,0.9999998873090653,True,27,False,BULL_STRUCTURE,BULL_STRUCTURE,1.0,0.9593691110796520073231959346,0.9593691110796520073231959346
2024-02-21 00:00:00+00:00,1,BEAR,0.999999999994543,True,28,False,BULL_STRUCTURE,BULL_STRUCTURE,1.0,0.9590614031080927735456336918,0.9590614031080927735456336918
2024-02-22 00:00:00+00:00,1,BEAR,0.999999902809582,True,29,False,BULL_STRUCTURE,BULL_STRUCTURE,1.0,0.9586321580898817806624277136,0.9586321580898817806624277136
2024-02-23 00:00:00+00:00,1,BEAR,0.9996359418886595,True,30,False,BULL_STRUCTURE,BULL_STRUCTURE,1.0,0.9582069998320069617746368481,0.9582069998320069617746368481
2024-02-24 00:00:00+00:00,1,BEAR,0.9995011936362344,True,31,False,BULL_STRUCTURE,BULL_STRUCTURE,1.0,0.9588473757563905517519120556,0.9588473757563905517519120556
2024-02-25 00:00:00+00:00,1,BEAR,0.9999153263068098,True,32,False,BULL_STRUCTURE,BULL_STRUCTURE,1.0,0.9589699209707561732449082903,0.9589699209707561732449082903
2024-02-26 00:00:00+00:00,1,BEAR,0.9999970330635182,True,33,False,BULL_STRUCTURE,BULL_STRUCTURE,1.0,0.9609585543348231101434990797,0.9609585543348231101434990797
2024-02-27 00:00:00+00:00,1,BEAR,0.9950106561452339,True,34,False,BULL_STRUCTURE,BULL_STRUCTURE,1.0,0.9626459648631955046623346505,0.9626459648631955046623346505
2024-02-28 00:00:00+00:00,1,BEAR,7.269230204908521e-22,False,34,False,BULL_STRUCTURE,BULL_STRUCTURE,1.0,0.475,0.475
2024-02-29 00:00:00+00:00,1,BEAR,4.1346255361171264e-51,False,34,False,BULL_STRUCTURE,BULL_STRUCTURE,1.0,0.4700516486115587875050608586,0.4700516486115587875050608586
2024-03-01 00:00:00+00:00,1,BEAR,1.696219579388351e-57,False,34,False,BULL_STRUCTURE,BULL_STRUCTURE,1.0,0.4751244539630200880938273612,0.4751244539630200880938273612
2024-03-02 00:00:00+00:00,2,NEUTRAL,1.0,True,3,False,BULL_STRUCTURE,BULL_STRUCTURE,1.0,0.95,0.95
2024-03-03 00:00:00+00:00,2,NEUTRAL,1.0,True,4,False,BULL_STRUCTURE,BULL_STRUCTURE,1.0,0.9514259565297102072568819178,0.9514259565297102072568819178
2024-03-04 00:00:00+00:00,2,NEUTRAL,1.0,True,5,False,BULL_STRUCTURE,BULL_STRUCTURE,1.0,0.9549138058758623216512285448,0.9549138058758623216512285448
2024-03-05 00:00:00+00:00,2,NEUTRAL,1.0,True,6,False,BULL_STRUCTURE,BULL_STRUCTURE,1.0,0.9518685820649362982683161127,0.9518685820649362982683161127
2024-03-06 00:00:00+00:00,2,NEUTRAL,1.0,True,7,False,BULL_STRUCTURE,BULL_STRUCTURE,1.0,0.9535008531467624055638556033,0.9535008531467624055638556033
2024-03-07 00:00:00+00:00,2,NEUTRAL,1.0,True,8,False,BULL_STRUCTURE,BULL_STRUCTURE,1.0,0.9539981579295956527043832232,0.9539981579295956527043832232
2024-03-08 00:00:00+00:00,2,NEUTRAL,0.3815022007203214,False,8,False,BULL_STRUCTURE,BULL_STRUCTURE,1.0,0.475,0.475
2024-03-09 00:00:00+00:00,2,NEUTRAL,2.555220994750558e-08,False,8,False,BULL_STRUCTURE,BULL_STRUCTURE,1.0,0.4759869008545291840580805085,0.4759869008545291840580805085
2024-03-10 00:00:00+00:00,0,BULL,1.0,True,3,False,BULL_STRUCTURE,BULL_STRUCTURE,1.0,0.4783227206166872094915214210,0.4783227206166872094915214210
2024-03-11 00:00:00+00:00,0,BULL,0.9999999999436113,True,4,False,BULL_STRUCTURE,BULL_STRUCTURE,1.0,0.4893815637567415394368425288,0.4893815637567415394368425288
2024-03-12 00:00:00+00:00,0,BULL,1.0,True,5,False,BULL_STRUCTURE,BULL_STRUCTURE,1.0,0.4872017087322947654794717077,0.4872017087322947654794717077
2024-03-13 00:00:00+00:00,0,BULL,1.0,True,6,False,BULL_STRUCTURE,BULL_STRUCTURE,1.0,0.4928056170594844095089276916,0.4928056170594844095089276916
2024-03-14 00:00:00+00:00,0,BULL,1.0,True,7,False,BULL_STRUCTURE,BULL_STRUCTURE,1.0,0.4869810858466905356115162204,0.4869810858466905356115162204
2024-03-15 00:00:00+00:00,0,BULL,1.0,True,8,False,BULL_STRUCTURE,BULL_STRUCTURE,1.0,0.4802837808124671759294905600,0.4802837808124671759294905600
2024-03-16 00:00:00+00:00,0,BULL,1.0,True,9,False,BULL_STRUCTURE,BULL_STRUCTURE,1.0,0.4647513929282240439141534615,0.4647513929282240439141534615
2024-03-17 00:00:00+00:00,0,BULL,1.0,True,10,False,BULL_STRUCTURE,BULL_STRUCTURE,1.0,0.4762795976285218089449966364,0.4762795976285218089449966364
2024-03-18 00:00:00+00:00,0,BULL,0.9999518164717146,True,11,False,BULL_STRUCTURE,BULL_STRUCTURE,1.0,0.4734064611253160318514687430,0.4734064611253160318514687430
2024-03-19 00:00:00+00:00,0,BULL,0.9999999993397068,True,12,False,BULL_STRUCTURE,BULL_STRUCTURE,1.0,0.4516252432604562599020115367,0.4516252432604562599020115367
2024-03-20 00:00:00+00:00,0,BULL,1.0,True,13,False,BULL_STRUCTURE,BULL_STRUCTURE,1.0,0.4742550689156559514434193571,0.4742550689156559514434193571
2024-03-21 00:00:00+00:00,0,BULL,1.0,True,14,False,BULL_STRUCTURE,BULL_STRUCTURE,1.0,0.4655146251099406822744878894,0.4655146251099406822744878894
2024-03-22 00:00:00+00:00,0,BULL,0.9999999992687663,True,15,False,BULL_STRUCTURE,BULL_STRUCTURE,1.0,0.4589600725130436615193750116,0.4589600725130436615193750116
2024-03-23 00:00:00+00:00,0,BULL,0.9999999989540811,True,16,False,BULL_STRUCTURE,BULL_STRUCTURE,1.0,0.4597116811717281710499119216,0.4597116811717281710499119216
2024-03-24 00:00:00+00:00,0,BULL,1.0,True,17,False,BULL_STRUCTURE,BULL_STRUCTURE,1.0,0.4719274313788048099249287010,0.4719274313788048099249287010
2024-03-25 00:00:00+00:00,0,BULL,1.0,True,18,False,BULL_STRUCTURE,BULL_STRUCTURE,1.0,0.4816455618854529925782415570,0.4816455618854529925782415570
2024-03-26 00:00:00+00:00,0,BULL,1.0,True,19,False,BULL_STRUCTURE,BULL_STRUCTURE,1.0,0.4820310951308267063005483215,0.4820310951308267063005483215
2024-03-27 00:00:00+00:00,0,BULL,1.0,True,20,False,BULL_STRUCTURE,BULL_STRUCTURE,1.0,0.4801765153886435070457993893,0.4801765153886435070457993893
2024-03-28 00:00:00+00:00,0,BULL,1.0,True,21,False,BULL_STRUCTURE,BULL_STRUCTURE,1.0,0.4848432867098464350411409999,0.4848432867098464350411409999
2024-03-29 00:00:00+00:00,0,BULL,1.0,True,22,False,BULL_STRUCTURE,BULL_STRUCTURE,1.0,0.4815402518437398897464949944,0.4815402518437398897464949944
2024-03-30 00:00:00+00:00,0,BULL,1.0,True,23,False,BULL_STRUCTURE,BULL_STRUCTURE,1.0,0.4805793039022671104535464223,0.4805793039022671104535464223
2024-03-31 00:00:00+00:00,0,BULL,1.0,True,24,False,BULL_STRUCTURE,BULL_STRUCTURE,1.0,0.4865995943419104835670942746,0.4865995943419104835670942746
2024-04-01 00:00:00+00:00,0,BULL,1.0,True,25,False,BULL_STRUCTURE,BULL_STRUCTURE,1.0,0.4808217742690196589353960513,0.4808217742690196589353960513
2024-04-02 00:00:00+00:00,0,BULL,1.0,True,26,False,BULL_STRUCTURE,BULL_STRUCTURE,1.0,0.4653729771188972776635259130,0.4653729771188972776635259130
2024-04-03 00:00:00+00:00,0,BULL,1.0,True,27,False,BULL_STRUCTURE,BULL_STRUCTURE,1.0,0.4672638560395538127703681705,0.4672638560395538127703681705
2024-04-04 00:00:00+00:00,0,BULL,0.999999999996362,True,28,False,BULL_STRUCTURE,BULL_STRUCTURE,1.0,0.4766233291664327301301879662,0.4766233291664327301301879662
2024-04-05 00:00:00+00:00,0,BULL,0.9999999980300345,True,29,False,BULL_STRUCTURE,BULL_STRUCTURE,1.0,0.4741819561612505251263061885,0.4741819561612505251263061885
2024-04-06 00:00:00+00:00,0,BULL,0.9999999998562998,True,30,False,BULL_STRUCTURE,BULL_STRUCTURE,1.0,0.4781059432939929223548813222,0.4781059432939929223548813222
2024-04-07 00:00:00+00:00,0,BULL,0.9999999968913471,True,31,False,BULL_STRUCTURE,BULL_STRUCTURE,1.0,0.4797824219027677573173433067,0.4797824219027677573173433067
2024-04-08 00:00:00+00:00,0,BULL,0.9999617560989383,True,32,False,BULL_STRUCTURE,BULL_STRUCTURE,1.0,0.4877884237060307384990432301,0.4877884237060307384990432301
2024-04-09 00:00:00+00:00,0,BULL,0.9999999950068741,True,33,False,BULL_STRUCTURE,BULL_STRUCTURE,1.0,0.4790098002338230063307676043,0.4790098002338230063307676043
2024-04-10 00:00:00+00:00,0,BULL,0.9998185472386082,True,34,False,BULL_STRUCTURE,BULL_STRUCTURE,1.0,0.4843151202326905911468324476,0.4843151202326905911468324476
2024-04-11 00:00:00+00:00,0,BULL,0.9999928823125188,True,35,False,BULL_STRUCTURE,BULL_STRUCTURE,1.0,0.4820961211704037578981619184,0.4820961211704037578981619184
2024-04-12 00:00:00+00:00,0,BULL,0.9918357998547076,True,36,False,BULL_STRUCTURE,BULL_STRUCTURE,1.0,0.4715806207727803647442604228,0.4715806207727803647442604228
2024-04-13 00:00:00+00:00,0,BULL,0.9990548575836583,True,37,False,BULL_STRUCTURE,BULL_STRUCTURE,1.0,0.4594573236125682783881831745,0.4594573236125682783881831745
2024-04-14 00:00:00+00:00,0,BULL,0.9999999983938324,True,38,False,BULL_STRUCTURE,BULL_STRUCTURE,1.0,0.4661238652707642306643790118,0.4661238652707642306643790118
2024-04-15 00:00:00+00:00,0,BULL,0.9915637886163191,True,39,False,BULL_STRUCTURE,BULL_STRUCTURE,1.0,0.4574900540965821838430400372,0.4574900540965821838430400372
2024-04-16 00:00:00+00:00,0,BULL,0.9948027588114081,True,40,False,BULL_STRUCTURE,BULL_STRUCTURE,1.0,0.4589474222390864721796539816,0.4589474222390864721796539816
2024-04-17 00:00:00+00:00,0,BULL,0.4050208760396039,False,40,False,BULL_STRUCTURE,BULL_STRUCTURE,1.0,0.4489733163900109240054995973,0.4489733163900109240054995973
2024-04-18 00:00:00+00:00,0,BULL,0.3447232349336373,False,40,False,BULL_STRUCTURE,BULL_STRUCTURE,1.0,0.4576860095379943451780378505,0.4576860095379943451780378505
2024-04-19 00:00:00+00:00,0,BULL,0.9835397981188413,True,41,False,BULL_STRUCTURE,BULL_STRUCTURE,1.0,0.4590432381992347028702696714,0.4590432381992347028702696714
2024-04-20 00:00:00+00:00,2,NEUTRAL,0.9999999796291379,True,1,False,BULL_STRUCTURE,BULL_STRUCTURE,1.0,0.4633763257674320545077994271,0.4633763257674320545077994271
2024-04-21 00:00:00+00:00,2,NEUTRAL,0.999999962694347,True,2,False,BULL_STRUCTURE,BULL_STRUCTURE,1.0,0.4633784700091031131261742007,0.4633784700091031131261742007
2024-04-22 00:00:00+00:00,2,NEUTRAL,0.9999999997053237,True,3,False,BULL_STRUCTURE,BULL_STRUCTURE,1.0,0.4704748581392629155780256537,0.4704748581392629155780256537
2024-04-23 00:00:00+00:00,2,NEUTRAL,0.9998638063954609,True,4,False,BULL_STRUCTURE,BULL_STRUCTURE,1.0,0.4689593433654618871282107613,0.4689593433654618871282107613
2024-04-24 00:00:00+00:00,2,NEUTRAL,0.9999999629262681,True,5,False,BULL_STRUCTURE,BULL_STRUCTURE,1.0,0.4608720019352819499990688958,0.4608720019352819499990688958
2024-04-25 00:00:00+00:00,2,NEUTRAL,0.9999999949677658,True,6,False,BULL_STRUCTURE,BULL_STRUCTURE,1.0,0.4616775818316830430201866731,0.4616775818316830430201866731
2024-04-26 00:00:00+00:00,2,NEUTRAL,0.9999999997235136,True,7,False,BULL_STRUCTURE,BULL_STRUCTURE,1.0,0.4588564006765999210469191103,0.4588564006765999210469191103
2024-04-27 00:00:00+00:00,2,NEUTRAL,0.9999999999845386,True,8,False,BULL_STRUCTURE,BULL_STRUCTURE,1.0,0.4576543313897812492650371405,0.4576543313897812492650371405
2024-04-28 00:00:00+00:00,2,NEUTRAL,0.9999999998826752,True,9,False,BULL_STRUCTURE,BULL_STRUCTURE,1.0,0.4563080788388951159217132876,0.4563080788388951159217132876
2024-04-29 00:00:00+00:00,2,NEUTRAL,1.0,True,10,False,BULL_STRUCTURE,BULL_STRUCTURE,1.0,0.4592299078655837873569298794,0.4592299078655837873569298794
2024-04-30 00:00:00+00:00,2,NEUTRAL,0.9999997973600535,True,11,False,BULL_STRUCTURE,BULL_STRUCTURE,1.0,0.4465183557656947098381297452,0.4465183557656947098381297452
2024-05-01 00:00:00+00:00,2,NEUTRAL,0.9999999998181011,True,12,False,BULL_STRUCTURE,BULL_STRUCTURE,1.0,0.4369586497128403304633534453,0.4369586497128403304633534453
2024-05-02 00:00:00+00:00,2,NEUTRAL,0.9999999999990905,True,13,False,BULL_STRUCTURE,BULL_STRUCTURE,1.0,0.4398757876598986166046852874,0.4398757876598986166046852874
2024-05-03 00:00:00+00:00,2,NEUTRAL,0.9999999996334736,True,14,False,BULL_STRUCTURE,BULL_STRUCTURE,1.0,0.4553764773944133574710651286,0.4553764773944133574710651286
2024-05-04 00:00:00+00:00,2,NEUTRAL,0.9990750855122712,True,15,False,BULL_STRUCTURE,BULL_STRUCTURE,1.0,0.4593311433538275736607685087,0.4593311433538275736607685087
2024-05-05 00:00:00+00:00,2,NEUTRAL,0.023783297142863844,False,15,False,BULL_STRUCTURE,BULL_STRUCTURE,1.0,0.4597970217467422409684886516,0.4597970217467422409684886516
2024-05-06 00:00:00+00:00,2,NEUTRAL,0.9998663112378275,True,16,False,BULL_STRUCTURE,BULL_STRUCTURE,1.0,0.4564910630383778964373583562,0.4564910630383778964373583562
2024-05-07 00:00:00+00:00,2,NEUTRAL,0.9999997209870733,True,17,False,BULL_STRUCTURE,BULL_STRUCTURE,1.0,0.4531193386158274981467724246,0.4531193386158274981467724246
2024-05-08 00:00:00+00:00,2,NEUTRAL,0.999999999990905,True,18,False,BULL_STRUCTURE,BULL_STRUCTURE,1.0,0.4486325983758853332132797168,0.4486325983758853332132797168
2024-05-09 00:00:00+00:00,2,NEUTRAL,0.9999999999990905,True,19,False,BULL_STRUCTURE,BULL_STRUCTURE,1.0,0.4561326803492006536013028041,0.4561326803492006536013028041
2024-05-10 00:00:00+00:00,2,NEUTRAL,0.9999999999990905,True,20,False,BULL_STRUCTURE,BULL_STRUCTURE,1.0,0.4470392162094937302006469389,0.4470392162094937302006469389
2024-05-11 00:00:00+00:00,2,NEUTRAL,0.9999999957872205,True,21,False,BULL_STRUCTURE,BULL_STRUCTURE,1.0,0.4471449044772562366766678660,0.4471449044772562366766678660
2024-05-12 00:00:00+00:00,2,NEUTRAL,0.9999999986393959,True,22,False,BULL_STRUCTURE,BULL_STRUCTURE,1.0,0.4498062462395969634528813213,0.4498062462395969634528813213
2024-05-13 00:00:00+00:00,2,NEUTRAL,0.9999999997144187,True,23,False,BULL_STRUCTURE,BULL_STRUCTURE,1.0,0.4556054111346887891015765953,0.4556054111346887891015765953
2024-05-14 00:00:00+00:00,2,NEUTRAL,0.999999996826773,True,24,False,BULL_STRUCTURE,BULL_STRUCTURE,1.0,0.4501823379286326571802091159,0.4501823379286326571802091159
2024-05-15 00:00:00+00:00,2,NEUTRAL,0.999999950430721,True,25,False,BULL_STRUCTURE,BULL_STRUCTURE,1.0,0.4681801267251279954925690240,0.4681801267251279954925690240
2024-05-16 00:00:00+00:00,2,NEUTRAL,0.9999839291067373,True,26,False,BULL_STRUCTURE,BULL_STRUCTURE,1.0,0.4645020645745200389986474183,0.4645020645745200389986474183
2024-05-17 00:00:00+00:00,2,NEUTRAL,0.12622538273240114,False,26,False,BULL_STRUCTURE,BULL_STRUCTURE,1.0,0.4712368861370245896097647463,0.4712368861370245896097647463
2024-05-18 00:00:00+00:00,2,NEUTRAL,0.01978542806668451,False,26,False,BULL_STRUCTURE,BULL_STRUCTURE,1.0,0.4708320946917155255244145134,0.4708320946917155255244145134
2024-05-19 00:00:00+00:00,0,BEAR,0.9991464176916314,True,3,False,BULL_STRUCTURE,BULL_STRUCTURE,1.0,0.95,0.95
2024-05-20 00:00:00+00:00,0,BEAR,0.9999945172990244,True,4,False,BULL_STRUCTURE,BULL_STRUCTURE,1.0,0.9540060506977074175730552543,0.9540060506977074175730552543
2024-05-21 00:00:00+00:00,0,BEAR,0.9999999741949072,True,5,False,BULL_STRUCTURE,BULL_STRUCTURE,1.0,0.9531946539387237551988560785,0.9531946539387237551988560785
2024-05-22 00:00:00+00:00,0,BEAR,0.9999996452816678,True,6,False,BULL_STRUCTURE,BULL_STRUCTURE,1.0,0.9525618346284160188594546842,0.9525618346284160188594546842
2024-05-23 00:00:00+00:00,0,BEAR,0.9999999896981535,True,7,False,BULL_STRUCTURE,BULL_STRUCTURE,1.0,0.9517667256924383124477852525,0.9517667256924383124477852525
2024-05-24 00:00:00+00:00,0,BEAR,0.9999999994370228,True,8,False,BULL_STRUCTURE,BULL_STRUCTURE,1.0,0.9521555288185025609904599158,0.9521555288185025609904599158
2024-05-25 00:00:00+00:00,0,BEAR,0.999999999994543,True,9,False,BULL_STRUCTURE,BULL_STRUCTURE,1.0,0.9526426753747830059381557866,0.9526426753747830059381557866
2024-05-26 00:00:00+00:00,0,BEAR,0.9999999998399289,True,10,False,BULL_STRUCTURE,BULL_STRUCTURE,1.0,0.9521273882233210818445750687,0.9521273882233210818445750687
2024-05-27 00:00:00+00:00,0,BEAR,0.9999999999881766,True,11,False,BULL_STRUCTURE,BULL_STRUCTURE,1.0,0.9527374537421449139313051153,0.9527374537421449139313051153
2024-05-28 00:00:00+00:00,0,BEAR,0.9999998266466869,True,12,False,BULL_STRUCTURE,BULL_STRUCTURE,1.0,0.9520545693809040097002401449,0.9520545693809040097002401449
2024-05-29 00:00:00+00:00,0,BEAR,0.9999999995116013,True,13,False,BULL_STRUCTURE,BULL_STRUCTURE,1.0,0.9515515119679723351617040140,0.9515515119679723351617040140
2024-05-30 00:00:00+00:00,0,BEAR,0.9999999999672582,True,14,False,BULL_STRUCTURE,BULL_STRUCTURE,1.0,0.9520237039304367275696323231,0.9520237039304367275696323231
2024-05-31 00:00:00+00:00,0,BEAR,0.9999999999008651,True,15,False,BULL_STRUCTURE,BULL_STRUCTURE,1.0,0.9514747897161261126146194752,0.9514747897161261126146194752
2024-06-01 00:00:00+00:00,0,BEAR,0.9999999999281499,True,16,False,BULL_STRUCTURE,BULL_STRUCTURE,1.0,0.9516293641271263605763501579,0.9516293641271263605763501579
2024-06-02 00:00:00+00:00,0,BEAR,0.9999999999672582,True,17,False,BULL_STRUCTURE,BULL_STRUCTURE,1.0,0.9516285354228053755797646857,0.9516285354228053755797646857
2024-06-03 00:00:00+00:00,0,BEAR,0.9999999984993337,True,18,False,BULL_STRUCTURE,BULL_STRUCTURE,1.0,0.9523276325185073620803293223,0.9523276325185073620803293223
2024-06-04 00:00:00+00:00,0,BEAR,0.9999999999690772,True,19,False,BULL_STRUCTURE,BULL_STRUCTURE,1.0,0.9534410731838874689930735835,0.9534410731838874689930735835
2024-06-05 00:00:00+00:00,0,BEAR,0.9999999996662154,True,20,False,BULL_STRUCTURE,BULL_STRUCTURE,1.0,0.9537971447226005626068228111,0.9537971447226005626068228111
2024-06-06 00:00:00+00:00,0,BEAR,0.9999999988222044,True,21,False,BULL_STRUCTURE,BULL_STRUCTURE,1.0,0.9536048869378780590321955050,0.9536048869378780590321955050
2024-06-07 00:00:00+00:00,0,BEAR,0.999999936477254,True,22,False,BULL_STRUCTURE,BULL_STRUCTURE,1.0,0.9526849781342390968894900743,0.9526849781342390968894900743
2024-06-08 00:00:00+00:00,0,BEAR,0.9999999999899956,True,23,False,BULL_STRUCTURE,BULL_STRUCTURE,1.0,0.9526556220751315886681386601,0.9526556220751315886681386601
2024-06-09 00:00:00+00:00,0,BEAR,1.0,True,24,False,BULL_STRUCTURE,BULL_STRUCTURE,1.0,0.9528743478009921586747693212,0.9528743478009921586747693212
2024-06-10 00:00:00+00:00,0,BEAR,1.0,True,25,False,BULL_STRUCTURE,BULL_STRUCTURE,1.0,0.9528045224926052800428893980,0.9528045224926052800428893980
2024-06-11 00:00:00+00:00,0,BEAR,1.0,True,26,False,BULL_STRUCTURE,BULL_STRUCTURE,1.0,0.9513199603551521470226502028,0.9513199603551521470226502028
2024-06-12 00:00:00+00:00,0,BEAR,1.0,True,27,False,BULL_STRUCTURE,BULL_STRUCTURE,1.0,0.9519647074655246415482706605,0.9519647074655246415482706605
2024-06-13 00:00:00+00:00,0,BEAR,1.0,True,28,False,BULL_STRUCTURE,BULL_STRUCTURE,1.0,0.9509447393773206015751262164,0.9509447393773206015751262164
2024-06-14 00:00:00+00:00,0,BEAR,0.999999999994543,True,29,False,BULL_STRUCTURE,BULL_STRUCTURE,1.0,0.9504300894634067807962069484,0.9504300894634067807962069484
2024-06-15 00:00:00+00:00,0,BEAR,1.0,True,30,False,BULL_STRUCTURE,BULL_STRUCTURE,1.0,0.9505611844243773316749645326,0.9505611844243773316749645326
2024-06-16 00:00:00+00:00,0,BEAR,1.0,True,31,False,BULL_STRUCTURE,BULL_STRUCTURE,1.0,0.9508774821339049282139345566,0.9508774821339049282139345566
2024-06-17 00:00:00+00:00,0,BEAR,1.0,True,32,False,BULL_STRUCTURE,BULL_STRUCTURE,1.0,0.9507563136403302265153234775,0.9507563136403302265153234775
2024-06-18 00:00:00+00:00,0,BEAR,0.9999999998553903,True,33,False,BULL_STRUCTURE,BULL_STRUCTURE,1.0,0.9498025758828836847501941344,0.9498025758828836847501941344
2024-06-19 00:00:00+00:00,0,BEAR,1.0,True,34,False,BULL_STRUCTURE,BULL_STRUCTURE,1.0,0.9496551433625041835104991411,0.9496551433625041835104991411
2024-06-20 00:00:00+00:00,0,BEAR,1.0,True,35,False,BULL_STRUCTURE,BULL_STRUCTURE,1.0,0.9495782198131745352611435408,0.9495782198131745352611435408
2024-06-21 00:00:00+00:00,0,BEAR,1.0,True,36,False,BULL_STRUCTURE,BULL_STRUCTURE,1.0,0.9490362916681566237837865473,0.9490362916681566237837865473
2024-06-22 00:00:00+00:00,0,BEAR,1.0,True,37,False,BULL_STRUCTURE,BULL_STRUCTURE,1.0,0.9491254507115829767511270974,0.9491254507115829767511270974
2024-06-23 00:00:00+00:00,0,BEAR,1.0,True,38,False,BULL_STRUCTURE,BULL_STRUCTURE,1.0,0.9483225043910478713074061188,0.9483225043910478713074061188
2024-06-24 00:00:00+00:00,0,BEAR,0.9999999443762151,True,39,False,BULL_STRUCTURE,BULL_STRUCTURE,1.0,0.9459576883307359707208600071,0.9459576883307359707208600071
2024-06-25 00:00:00+00:00,0,BEAR,0.9999999993287929,True,40,False,BULL_STRUCTURE,BULL_STRUCTURE,1.0,0.9472105566207541238133182218,0.9472105566207541238133182218
2024-06-26 00:00:00+00:00,0,BEAR,0.9999998538578545,True,41,False,BULL_STRUCTURE,BULL_STRUCTURE,1.0,0.9464381062260201162551333729,0.9464381062260201162551333729
2024-06-27 00:00:00+00:00,0,BEAR,0.999999999742613,True,42,False,BULL_STRUCTURE,BULL_STRUCTURE,1.0,0.9471299030564319493563599602,0.9471299030564319493563599602
2024-06-28 00:00:00+00:00,0,BEAR,0.9999999966739779,True,43,False,BULL_STRUCTURE,BULL_STRUCTURE,1.0,0.9460715223946331006792976528,0.9460715223946331006792976528
2024-06-29 00:00:00+00:00,0,BEAR,0.9999999999954525,True,44,False,BULL_STRUCTURE,BULL_STRUCTURE,1.0,0.9465392675392845078449669562,0.9465392675392845078449669562
2024-06-30 00:00:00+00:00,0,BEAR,0.9999999999918145,True,45,False,BULL_STRUCTURE,BULL_STRUCTURE,1.0,0.9479806753015038843614813564,0.9479806753015038843614813564
2024-07-01 00:00:00+00:00,0,BEAR,0.9999999998926796,True,46,False,BULL_STRUCTURE,BULL_STRUCTURE,1.0,0.9480810216774925237085166786,0.9480810216774925237085166786
2024-07-02 00:00:00+00:00,0,BEAR,0.9999999996862243,True,47,False,BULL_STRUCTURE,BULL_STRUCTURE,1.0,0.9474757595378567116150551712,0.9474757595378567116150551712
2024-07-03 00:00:00+00:00,0,BEAR,0.9999999277233682,True,48,False,BULL_STRUCTURE,BULL_STRUCTURE,1.0,0.9458857599691989847433707232,0.9458857599691989847433707232
2024-07-04 00:00:00+00:00,0,BEAR,0.9999998698222128,True,49,False,TRANSITION,BULL_STRUCTURE,0.6,0.9430603217356111900752478720,0.6
2024-07-05 00:00:00+00:00,0,BEAR,0.9999999936117092,True,50,False,TRANSITION,BULL_STRUCTURE,0.6,0.95,0.6
2024-07-06 00:00:00+00:00,0,BEAR,0.9999999999990905,True,51,False,TRANSITION,BULL_STRUCTURE,0.6,0.95,0.6
2024-07-07 00:00:00+00:00,0,BEAR,0.9999999999736247,True,52,False,TRANSITION,BULL_STRUCTURE,0.6,0.95,0.6
2024-07-08 00:00:00+00:00,0,BEAR,0.9999999999545253,True,53,False,TRANSITION,TRANSITION,0.6,0.95,0.6
2024-07-09 00:00:00+00:00,0,BEAR,0.999999999998181,True,54,False,TRANSITION,TRANSITION,0.6,0.95,0.6
2024-07-10 00:00:00+00:00,0,BEAR,0.9999999999790816,True,55,False,TRANSITION,TRANSITION,0.6,0.95,0.6
2024-07-11 00:00:00+00:00,0,BEAR,1.0,True,56,False,TRANSITION,TRANSITION,0.6,0.95,0.6
2024-07-12 00:00:00+00:00,0,BEAR,1.0,True,57,False,TRANSITION,TRANSITION,0.6,0.95,0.6
2024-07-13 00:00:00+00:00,0,BEAR,1.0,True,58,False,TRANSITION,TRANSITION,0.6,0.95,0.6
2024-07-14 00:00:00+00:00,0,BEAR,1.0,True,59,False,BULL_STRUCTURE,TRANSITION,0.6,0.95,0.6
2024-07-15 00:00:00+00:00,0,BEAR,0.9999999999699867,True,60,False,BULL_STRUCTURE,TRANSITION,0.6,0.95,0.6
2024-07-16 00:00:00+00:00,0,BEAR,0.9999999998435669,True,61,False,BULL_STRUCTURE,TRANSITION,0.6,0.95,0.6
2024-07-17 00:00:00+00:00,0,BEAR,0.9999999999972715,True,62,False,BULL_STRUCTURE,TRANSITION,0.6,0.95,0.6
2024-07-18 00:00:00+00:00,0,BEAR,1.0,True,63,False,BULL_STRUCTURE,BULL_STRUCTURE,1.0,0.95,0.95
2024-07-19 00:00:00+00:00,0,BEAR,1.0,True,64,False,BULL_STRUCTURE,BULL_STRUCTURE,1.0,0.9523229463366407178115476756,0.9523229463366407178115476756
2024-07-20 00:00:00+00:00,0,BEAR,1.0,True,65,False,BULL_STRUCTURE,BULL_STRUCTURE,1.0,0.9526476339110382131645917611,0.9526476339110382131645917611
2024-07-21 00:00:00+00:00,0,BEAR,1.0,True,66,False,BULL_STRUCTURE,BULL_STRUCTURE,1.0,0.9533266884756924863435340697,0.9533266884756924863435340697
2024-07-22 00:00:00+00:00,0,BEAR,1.0,True,67,False,BULL_STRUCTURE,BULL_STRUCTURE,1.0,0.9529095879888296708517191346,0.9529095879888296708517191346
2024-07-23 00:00:00+00:00,0,BEAR,1.0,True,68,False,BULL_STRUCTURE,BULL_STRUCTURE,1.0,0.9518246631106781529173539019,0.9518246631106781529173539019
2024-07-24 00:00:00+00:00,0,BEAR,1.0,True,69,False,BULL_STRUCTURE,BULL_STRUCTURE,1.0,0.9514320362854551029542775807,0.9514320362854551029542775807
2024-07-25 00:00:00+00:00,0,BEAR,1.0,True,70,False,BULL_STRUCTURE,BULL_STRUCTURE,1.0,0.9517298554661923233442658186,0.9517298554661923233442658186
2024-07-26 00:00:00+00:00,0,BEAR,1.0,True,71,False,BULL_STRUCTURE,BULL_STRUCTURE,1.0,0.9531580965180783567520485325,0.9531580965180783567520485325
2024-07-27 00:00:00+00:00,0,BEAR,1.0,True,72,False,BULL_STRUCTURE,BULL_STRUCTURE,1.0,0.9531505409230031667833469925,0.9531505409230031667833469925
2024-07-28 00:00:00+00:00,0,BEAR,1.0,True,73,False,BULL_STRUCTURE,BULL_STRUCTURE,1.0,0.9533818067773261413840260651,0.9533818067773261413840260651
2024-07-29 00:00:00+00:00,0,BEAR,1.0,True,74,False,BULL_STRUCTURE,BULL_STRUCTURE,1.0,0.9524077250905603635426238333,0.9524077250905603635426238333
2024-07-30 00:00:00+00:00,0,BEAR,1.0,True,75,False,BULL_STRUCTURE,BULL_STRUCTURE,1.0,0.9519992716280781313585525481,0.9519992716280781313585525481
2024-07-31 00:00:00+00:00,0,BEAR,1.0,True,76,False,BULL_STRUCTURE,BULL_STRUCTURE,1.0,0.9508975156331902687010802638,0.9508975156331902687010802638
2024-08-01 00:00:00+00:00,0,BEAR,1.0,True,77,False,BULL_STRUCTURE,BULL_STRUCTURE,1.0,0.9514164953930520310464283509,0.9514164953930520310464283509
2024-08-02 00:00:00+00:00,0,BEAR,1.0,True,78,False,BULL_STRUCTURE,BULL_STRUCTURE,1.0,0.9485272963681275707888967763,0.9485272963681275707888967763
2024-08-03 00:00:00+00:00,0,BEAR,1.0,True,79,False,BULL_STRUCTURE,BULL_STRUCTURE,1.0,0.9478839684898702265257196785,0.9478839684898702265257196785
2024-08-04 00:00:00+00:00,0,BEAR,1.0,True,80,False,TRANSITION,BULL_STRUCTURE,0.6,0.9457340240242173138261869887,0.6
2024-08-05 00:00:00+00:00,0,BEAR,0.9999996054330819,True,81,False,TRANSITION,BULL_STRUCTURE,0.6,0.95,0.6
2024-08-06 00:00:00+00:00,0,BEAR,0.9999999999645297,True,82,False,TRANSITION,BULL_STRUCTURE,0.6,0.95,0.6
2024-08-07 00:00:00+00:00,0,BEAR,1.0,True,83,False,TRANSITION,BULL_STRUCTURE,0.6,0.95,0.6
2024-08-08 00:00:00+00:00,0,BEAR,0.9972075975095348,True,84,False,TRANSITION,TRANSITION,0.6,0.95,0.6
2024-08-09 00:00:00+00:00,0,BEAR,0.9991190223455654,True,85,False,TRANSITION,TRANSITION,0.6,0.95,0.6
2024-08-10 00:00:00+00:00,0,BEAR,0.9999951707566844,True,86,False,TRANSITION,TRANSITION,0.6,0.95,0.6
2024-08-11 00:00:00+00:00,0,BEAR,0.9999775455618801,True,87,False,TRANSITION,TRANSITION,0.6,0.95,0.6
2024-08-12 00:00:00+00:00,0,BEAR,0.9999999996853148,True,88,False,TRANSITION,TRANSITION,0.6,0.95,0.6
2024-08-13 00:00:00+00:00,0,BEAR,0.9999999996234692,True,89,False,TRANSITION,TRANSITION,0.6,0.95,0.6
2024-08-14 00:00:00+00:00,0,BEAR,0.9999999425108416,True,90,False,TRANSITION,TRANSITION,0.6,0.95,0.6
2024-08-15 00:00:00+00:00,0,BEAR,0.9999999998262865,True,91,False,TRANSITION,TRANSITION,0.6,0.95,0.6
2024-08-16 00:00:00+00:00,0,BEAR,0.9999999982228474,True,92,False,TRANSITION,TRANSITION,0.6,0.95,0.6
2024-08-17 00:00:00+00:00,0,BEAR,0.999999999317879,True,93,False,TRANSITION,TRANSITION,0.6,0.95,0.6
2024-08-18 00:00:00+00:00,0,BEAR,0.999999996729457,True,94,False,TRANSITION,TRANSITION,0.6,0.95,0.6
2024-08-19 00:00:00+00:00,0,BEAR,0.9999985239393916,True,95,False,TRANSITION,TRANSITION,0.6,0.95,0.6
2024-08-20 00:00:00+00:00,0,BEAR,0.9999996379047589,True,96,False,TRANSITION,TRANSITION,0.6,0.95,0.6
2024-08-21 00:00:00+00:00,0,BEAR,0.9999902096939827,True,97,False,TRANSITION,TRANSITION,0.6,0.95,0.6
2024-08-22 00:00:00+00:00,0,BEAR,0.9999999858273442,True,98,False,TRANSITION,TRANSITION,0.6,0.95,0.6
2024-08-23 00:00:00+00:00,0,BEAR,0.9999999970932549,True,99,False,TRANSITION,TRANSITION,0.6,0.95,0.6
2024-08-24 00:00:00+00:00,0,BEAR,0.9999999998826752,True,100,False,TRANSITION,TRANSITION,0.6,0.95,0.6
2024-08-25 00:00:00+00:00,0,BEAR,0.9999999999990905,True,101,False,TRANSITION,TRANSITION,0.6,0.95,0.6
2024-08-26 00:00:00+00:00,0,BEAR,0.999999999990905,True,102,False,TRANSITION,TRANSITION,0.6,0.95,0.6
2024-08-27 00:00:00+00:00,0,BEAR,0.9999999999918145,True,103,False,TRANSITION,TRANSITION,0.6,0.95,0.6
2024-08-28 00:00:00+00:00,0,BEAR,1.0,True,104,False,TRANSITION,TRANSITION,0.6,0.95,0.6
2024-08-29 00:00:00+00:00,0,BEAR,1.0,True,105,False,TRANSITION,TRANSITION,0.6,0.95,0.6
2024-08-30 00:00:00+00:00,0,BEAR,0.9999999999936335,True,106,False,TRANSITION,TRANSITION,0.6,0.95,0.6
2024-08-31 00:00:00+00:00,0,BEAR,1.0,True,107,False,TRANSITION,TRANSITION,0.6,0.95,0.6
2024-09-01 00:00:00+00:00,0,BEAR,1.0,True,108,False,TRANSITION,TRANSITION,0.6,0.95,0.6
2024-09-02 00:00:00+00:00,0,BEAR,0.9999999999990905,True,109,False,TRANSITION,TRANSITION,0.6,0.95,0.6
2024-09-03 00:00:00+00:00,0,BEAR,1.0,True,110,False,TRANSITION,TRANSITION,0.6,0.95,0.6
2024-09-04 00:00:00+00:00,0,BEAR,0.9999999999990905,True,111,False,TRANSITION,TRANSITION,0.6,0.95,0.6
2024-09-05 00:00:00+00:00,0,BEAR,0.999999999998181,True,112,False,TRANSITION,TRANSITION,0.6,0.95,0.6
2024-09-06 00:00:00+00:00,0,BEAR,0.9999999991805453,True,113,False,TRANSITION,TRANSITION,0.6,0.95,0.6
2024-09-07 00:00:00+00:00,0,BEAR,0.9999999999645297,True,114,False,TRANSITION,TRANSITION,0.6,0.95,0.6
2024-09-08 00:00:00+00:00,0,BEAR,0.999999999998181,True,115,False,TRANSITION,TRANSITION,0.6,0.95,0.6
2024-09-09 00:00:00+00:00,0,BEAR,0.9999999999990905,True,116,False,TRANSITION,TRANSITION,0.6,0.95,0.6
2024-09-10 00:00:00+00:00,0,BEAR,0.999999999998181,True,117,False,TRANSITION,TRANSITION,0.6,0.95,0.6
2024-09-11 00:00:00+00:00,0,BEAR,0.999999999996362,True,118,False,TRANSITION,TRANSITION,0.6,0.95,0.6
2024-09-12 00:00:00+00:00,0,BEAR,1.0,True,119,False,TRANSITION,TRANSITION,0.6,0.95,0.6
2024-09-13 00:00:00+00:00,0,BEAR,1.0,True,120,False,TRANSITION,TRANSITION,0.6,0.95,0.6
2024-09-14 00:00:00+00:00,0,BEAR,1.0,True,121,False,TRANSITION,TRANSITION,0.6,0.95,0.6
2024-09-15 00:00:00+00:00,0,BEAR,1.0,True,122,False,TRANSITION,TRANSITION,0.6,0.95,0.6
2024-09-16 00:00:00+00:00,0,BEAR,1.0,True,123,False,TRANSITION,TRANSITION,0.6,0.95,0.6
2024-09-17 00:00:00+00:00,0,BEAR,1.0,True,124,False,TRANSITION,TRANSITION,0.6,0.95,0.6
2024-09-18 00:00:00+00:00,0,BEAR,0.999999999998181,True,125,False,TRANSITION,TRANSITION,0.6,0.95,0.6
2024-09-19 00:00:00+00:00,0,BEAR,1.0,True,126,False,TRANSITION,TRANSITION,0.6,0.95,0.6
2024-09-20 00:00:00+00:00,0,BEAR,1.0,True,127,False,TRANSITION,TRANSITION,0.6,0.95,0.6
2024-09-21 00:00:00+00:00,0,BEAR,1.0,True,128,False,TRANSITION,TRANSITION,0.6,0.95,0.6
2024-09-22 00:00:00+00:00,0,BEAR,1.0,True,129,False,TRANSITION,TRANSITION,0.6,0.95,0.6
2024-09-23 00:00:00+00:00,0,BEAR,1.0,True,130,False,TRANSITION,TRANSITION,0.6,0.95,0.6
2024-09-24 00:00:00+00:00,0,BEAR,0.999999999998181,True,131,False,TRANSITION,TRANSITION,0.6,0.95,0.6
2024-09-25 00:00:00+00:00,0,BEAR,1.0,True,132,False,TRANSITION,TRANSITION,0.6,0.95,0.6
2024-09-26 00:00:00+00:00,0,BEAR,1.0,True,133,False,BULL_STRUCTURE,TRANSITION,0.6,0.95,0.6
2024-09-27 00:00:00+00:00,0,BEAR,1.0,True,134,False,BULL_STRUCTURE,TRANSITION,0.6,0.95,0.6
2024-09-28 00:00:00+00:00,0,BEAR,1.0,True,135,False,BULL_STRUCTURE,TRANSITION,0.6,0.95,0.6
2024-09-29 00:00:00+00:00,0,BEAR,1.0,True,136,False,BULL_STRUCTURE,TRANSITION,0.6,0.95,0.6
2024-09-30 00:00:00+00:00,0,BEAR,1.0,True,137,False,BULL_STRUCTURE,BULL_STRUCTURE,1.0,0.95,0.95
2024-10-01 00:00:00+00:00,0,BEAR,0.999999999996362,True,138,False,BEAR_STRUCTURE,BULL_STRUCTURE,0.3,0.9484926656093758546920993893,0.3
2024-10-02 00:00:00+00:00,0,BEAR,1.0,True,139,False,BEAR_STRUCTURE,BULL_STRUCTURE,0.3,0.95,0.3
2024-10-03 00:00:00+00:00,0,BEAR,1.0,True,140,False,BEAR_STRUCTURE,BULL_STRUCTURE,0.3,0.95,0.3
2024-10-04 00:00:00+00:00,0,BEAR,1.0,True,141,False,BEAR_STRUCTURE,BULL_STRUCTURE,0.3,0.95,0.3
2024-10-05 00:00:00+00:00,0,BEAR,1.0,True,142,False,BEAR_STRUCTURE,BEAR_STRUCTURE,0.3,0.95,0.3
2024-10-06 00:00:00+00:00,0,BEAR,1.0,True,143,False,BEAR_STRUCTURE,BEAR_STRUCTURE,0.3,0.95,0.3
2024-10-07 00:00:00+00:00,0,BEAR,1.0,True,144,False,BEAR_STRUCTURE,BEAR_STRUCTURE,0.3,0.95,0.3
2024-10-08 00:00:00+00:00,0,BEAR,1.0,True,145,False,BEAR_STRUCTURE,BEAR_STRUCTURE,0.3,0.95,0.3
2024-10-09 00:00:00+00:00,0,BEAR,1.0,True,146,False,BEAR_STRUCTURE,BEAR_STRUCTURE,0.3,0.95,0.3
2024-10-10 00:00:00+00:00,0,BEAR,1.0,True,147,False,BEAR_STRUCTURE,BEAR_STRUCTURE,0.3,0.95,0.3
2024-10-11 00:00:00+00:00,0,BEAR,1.0,True,148,False,BEAR_STRUCTURE,BEAR_STRUCTURE,0.3,0.95,0.3
2024-10-12 00:00:00+00:00,0,BEAR,1.0,True,149,False,BEAR_STRUCTURE,BEAR_STRUCTURE,0.3,0.95,0.3
2024-10-13 00:00:00+00:00,0,BEAR,1.0,True,150,False,BEAR_STRUCTURE,BEAR_STRUCTURE,0.3,0.95,0.3
2024-10-14 00:00:00+00:00,0,BEAR,0.9999999988685886,True,151,False,TRANSITION,BEAR_STRUCTURE,0.3,0.95,0.3
2024-10-15 00:00:00+00:00,0,BEAR,0.9999999987358024,True,152,False,TRANSITION,BEAR_STRUCTURE,0.3,0.95,0.3
2024-10-16 00:00:00+00:00,0,BEAR,0.999999999998181,True,153,False,TRANSITION,BEAR_STRUCTURE,0.3,0.95,0.3
2024-10-17 00:00:00+00:00,0,BEAR,0.999999999998181,True,154,False,TRANSITION,BEAR_STRUCTURE,0.3,0.95,0.3
2024-10-18 00:00:00+00:00,0,BEAR,0.999999999998181,True,155,False,TRANSITION,TRANSITION,0.6,0.95,0.6
2024-10-19 00:00:00+00:00,0,NEUTRAL,0.9999999999990905,True,1,False,TRANSITION,TRANSITION,0.6,0.95,0.6
2024-10-20 00:00:00+00:00,0,NEUTRAL,0.999999999994543,True,2,False,TRANSITION,TRANSITION,0.6,0.95,0.6
2024-10-21 00:00:00+00:00,0,NEUTRAL,1.0,True,3,False,TRANSITION,TRANSITION,0.6,0.95,0.6
2024-10-22 00:00:00+00:00,0,NEUTRAL,1.0,True,4,False,TRANSITION,TRANSITION,0.6,0.95,0.6
2024-10-23 00:00:00+00:00,0,NEUTRAL,1.0,True,5,False,TRANSITION,TRANSITION,0.6,0.95,0.6
2024-10-24 00:00:00+00:00,0,NEUTRAL,1.0,True,6,False,TRANSITION,TRANSITION,0.6,0.95,0.6
2024-10-25 00:00:00+00:00,0,NEUTRAL,1.0,True,7,False,TRANSITION,TRANSITION,0.6,0.95,0.6
2024-10-26 00:00:00+00:00,0,NEUTRAL,1.0,True,8,False,TRANSITION,TRANSITION,0.6,0.95,0.6
2024-10-27 00:00:00+00:00,0,NEUTRAL,1.0,True,9,False,TRANSITION,TRANSITION,0.6,0.95,0.6
2024-10-28 00:00:00+00:00,0,NEUTRAL,0.9999999999672582,True,10,False,TRANSITION,TRANSITION,0.6,0.95,0.6
2024-10-29 00:00:00+00:00,0,NEUTRAL,0.9999343089288908,True,11,False,TRANSITION,TRANSITION,0.6,0.95,0.6
2024-10-30 00:00:00+00:00,0,NEUTRAL,0.931145031463368,True,12,False,TRANSITION,TRANSITION,0.6,0.95,0.6
2024-10-31 00:00:00+00:00,0,NEUTRAL,0.0013867210885171255,False,12,False,TRANSITION,TRANSITION,0.6,0.5930704429896949745541801918,0.5930704429896949745541801918
2024-11-01 00:00:00+00:00,0,NEUTRAL,0.9576116491352754,True,13,False,TRANSITION,TRANSITION,0.6,0.95,0.6
2024-11-02 00:00:00+00:00,0,NEUTRAL,0.999999999821739,True,14,False,TRANSITION,TRANSITION,0.6,0.95,0.6
2024-11-03 00:00:00+00:00,0,NEUTRAL,1.0,True,15,False,TRANSITION,TRANSITION,0.6,0.95,0.6
2024-11-04 00:00:00+00:00,0,NEUTRAL,0.999999999990905,True,16,False,TRANSITION,TRANSITION,0.6,0.95,0.6
2024-11-05 00:00:00+00:00,0,NEUTRAL,1.0,True,17,False,TRANSITION,TRANSITION,0.6,0.95,0.6
2024-11-06 00:00:00+00:00,0,NEUTRAL,0.00032564199521191895,False,17,False,BULL_STRUCTURE,TRANSITION,0.6,0.6203605735722040197706477826,0.6
2024-11-07 00:00:00+00:00,0,NEUTRAL,2.601023021220096e-08,False,17,False,BULL_STRUCTURE,TRANSITION,0.6,0.6009201083324628876973955056,0.6
2024-11-08 00:00:00+00:00,1,BULL,0.999999999920874,True,3,False,BULL_STRUCTURE,TRANSITION,0.6,0.6020523664464471859826276049,0.6
2024-11-09 00:00:00+00:00,1,BULL,0.9999999999090505,True,4,False,BULL_STRUCTURE,TRANSITION,0.6,0.6005263838948843627215869128,0.6
2024-11-10 00:00:00+00:00,1,BULL,1.0,True,5,False,BULL_STRUCTURE,BULL_STRUCTURE,1.0,0.6112321714271680025967338703,0.6112321714271680025967338703
2024-11-11 00:00:00+00:00,1,BULL,1.0,True,6,False,BULL_STRUCTURE,BULL_STRUCTURE,1.0,0.6342578066479423629870947113,0.6342578066479423629870947113
2024-11-12 00:00:00+00:00,1,BULL,1.0,True,7,False,BULL_STRUCTURE,BULL_STRUCTURE,1.0,0.6324274456016072493833223848,0.6324274456016072493833223848
2024-11-13 00:00:00+00:00,1,BULL,1.0,True,8,False,BULL_STRUCTURE,BULL_STRUCTURE,1.0,0.6387224121774432008161067229,0.6387224121774432008161067229
2024-11-14 00:00:00+00:00,1,BULL,0.9999999999599822,True,9,False,BULL_STRUCTURE,BULL_STRUCTURE,1.0,0.6307642847351304197523404585,0.6307642847351304197523404585
2024-11-15 00:00:00+00:00,1,BULL,0.994429271010459,True,10,False,BULL_STRUCTURE,BULL_STRUCTURE,1.0,0.6403918560793839787672150934,0.6403918560793839787672150934
2024-11-16 00:00:00+00:00,1,BULL,1.0,True,11,False,BULL_STRUCTURE,BULL_STRUCTURE,1.0,0.6392621917333191418597252864,0.6392621917333191418597252864
2024-11-17 00:00:00+00:00,1,BULL,1.0,True,12,False,BULL_STRUCTURE,BULL_STRUCTURE,1.0,0.6373918244172143063805411876,0.6373918244172143063805411876
2024-11-18 00:00:00+00:00,1,BULL,1.0,True,13,False,BULL_STRUCTURE,BULL_STRUCTURE,1.0,0.6389492080945150179686790890,0.6389492080945150179686790890
2024-11-19 00:00:00+00:00,1,BULL,1.0,True,14,False,BULL_STRUCTURE,BULL_STRUCTURE,1.0,0.6435978826350662030106850099,0.6435978826350662030106850099
2024-11-20 00:00:00+00:00,1,BULL,0.5766459108911264,True,15,False,BULL_STRUCTURE,BULL_STRUCTURE,1.0,0.6484406892849853557113976414,0.6484406892849853557113976414
2024-11-21 00:00:00+00:00,1,BULL,0.6897582056943683,True,16,False,BULL_STRUCTURE,BULL_STRUCTURE,1.0,0.6579229054820337156579328116,0.6579229054820337156579328116
2024-11-22 00:00:00+00:00,1,BULL,1.0,True,17,False,BULL_STRUCTURE,BULL_STRUCTURE,1.0,0.6592338355482792984993955116,0.6592338355482792984993955116
2024-11-23 00:00:00+00:00,1,BULL,0.999942247791915,True,18,False,BULL_STRUCTURE,BULL_STRUCTURE,1.0,0.6564406647114033047535503874,0.6564406647114033047535503874
2024-11-24 00:00:00+00:00,1,BULL,1.0,True,19,False,BULL_STRUCTURE,BULL_STRUCTURE,1.0,0.6569654842736247071324066235,0.6569654842736247071324066235
2024-11-25 00:00:00+00:00,1,BULL,1.0,True,20,False,BULL_STRUCTURE,BULL_STRUCTURE,1.0,0.6453269193217676143163294977,0.6453269193217676143163294977
2024-11-26 00:00:00+00:00,1,BULL,0.9749424503605435,True,21,False,BULL_STRUCTURE,BULL_STRUCTURE,1.0,0.6427369649014653973512421716,0.6427369649014653973512421716
2024-11-27 00:00:00+00:00,1,BULL,0.8353535636444641,True,22,False,BULL_STRUCTURE,BULL_STRUCTURE,1.0,0.6522115747433230589489779740,0.6522115747433230589489779740
2024-11-28 00:00:00+00:00,1,BULL,0.8991798314382229,True,23,False,BULL_STRUCTURE,BULL_STRUCTURE,1.0,0.6516922943694164340345497005,0.6516922943694164340345497005
2024-11-29 00:00:00+00:00,1,BULL,0.9999999846986612,True,24,False,BULL_STRUCTURE,BULL_STRUCTURE,1.0,0.6559495303898529075982248974,0.6559495303898529075982248974
2024-11-30 00:00:00+00:00,1,BULL,0.529975760729536,True,25,False,BULL_STRUCTURE,BULL_STRUCTURE,1.0,0.25,0.25
2024-12-01 00:00:00+00:00,1,BULL,0.2618593780274496,False,25,False,BULL_STRUCTURE,BULL_STRUCTURE,1.0,0.2516370024510969780839882128,0.2516370024510969780839882128
2024-12-02 00:00:00+00:00,1,BULL,0.0018216308082624197,False,25,False,BULL_STRUCTURE,BULL_STRUCTURE,1.0,0.2490225451943933107930411051,0.2490225451943933107930411051
2024-12-03 00:00:00+00:00,2,BEAR,0.9990065579427494,True,3,False,BULL_STRUCTURE,BULL_STRUCTURE,1.0,0.95,0.95
2024-12-04 00:00:00+00:00,2,BEAR,1.20904006463235e-12,False,3,False,BULL_STRUCTURE,BULL_STRUCTURE,1.0,0.475,0.475
2024-12-05 00:00:00+00:00,2,BEAR,3.447043338718807e-62,False,3,False,BULL_STRUCTURE,BULL_STRUCTURE,1.0,0.4711062477257801351364310921,0.4711062477257801351364310921
2024-12-06 00:00:00+00:00,1,BULL,0.9999999998644853,True,3,False,BULL_STRUCTURE,BULL_STRUCTURE,1.0,0.4781940902724558058868952328,0.4781940902724558058868952328
2024-12-07 00:00:00+00:00,1,BULL,0.9999873217060377,True,4,False,BULL_STRUCTURE,BULL_STRUCTURE,1.0,0.4784220232172983448442883402,0.4784220232172983448442883402
2024-12-08 00:00:00+00:00,1,BULL,0.61723146464989,True,5,False,BULL_STRUCTURE,BULL_STRUCTURE,1.0,0.4815960068028729953924060506,0.4815960068028729953924060506
2024-12-09 00:00:00+00:00,1,BULL,0.0710795683773649,False,5,False,BULL_STRUCTURE,BULL_STRUCTURE,1.0,0.4719551924527007399503736846,0.4719551924527007399503736846
2024-12-10 00:00:00+00:00,1,BULL,0.03634643791687994,False,5,False,BULL_STRUCTURE,BULL_STRUCTURE,1.0,0.4701983787682864585614892782,0.4701983787682864585614892782
2024-12-11 00:00:00+00:00,2,BEAR,0.9999946191336835,True,3,False,BULL_STRUCTURE,BULL_STRUCTURE,1.0,0.95,0.95
2024-12-12 00:00:00+00:00,2,BEAR,0.9999973939527387,True,4,False,BULL_STRUCTURE,BULL_STRUCTURE,1.0,0.9500506166488281764826045700,0.9500506166488281764826045700
2024-12-13 00:00:00+00:00,2,BEAR,0.9999968694750239,True,5,False,BULL_STRUCTURE,BULL_STRUCTURE,1.0,0.9507154533560191474486197584,0.9507154533560191474486197584
2024-12-14 00:00:00+00:00,2,BEAR,0.9999994408582751,True,6,False,BULL_STRUCTURE,BULL_STRUCTURE,1.0,0.9507134898793460816143350629,0.9507134898793460816143350629
2024-12-15 00:00:00+00:00,2,BEAR,0.9999999778501663,True,7,False,BULL_STRUCTURE,BULL_STRUCTURE,1.0,0.9520808361264743556963508530,0.9520808361264743556963508530
2024-12-16 00:00:00+00:00,2,BEAR,0.9999910425650435,True,8,False,BULL_STRUCTURE,BULL_STRUCTURE,1.0,0.9527673048665389582704797922,0.9527673048665389582704797922
2024-12-17 00:00:00+00:00,2,BEAR,0.999999999998181,True,9,False,BULL_STRUCTURE,BULL_STRUCTURE,1.0,0.9527991406014481907870394735,0.9527991406014481907870394735
2024-12-18 00:00:00+00:00,2,BEAR,0.9999999652263801,True,10,False,BULL_STRUCTURE,BULL_STRUCTURE,1.0,0.9501452091196392562888427622,0.9501452091196392562888427622
2024-12-19 00:00:00+00:00,2,BEAR,0.9990803261214537,True,11,False,BULL_STRUCTURE,BULL_STRUCTURE,1.0,0.9488143115314561829438846007,0.9488143115314561829438846007
2024-12-20 00:00:00+00:00,2,BEAR,0.9999999996052793,True,12,False,BULL_STRUCTURE,BULL_STRUCTURE,1.0,0.9489849483469431769400248578,0.9489849483469431769400248578
2024-12-21 00:00:00+00:00,2,BEAR,0.9999995530416617,True,13,False,BULL_STRUCTURE,BULL_STRUCTURE,1.0,0.9487295242783698535348754984,0.9487295242783698535348754984
2024-12-22 00:00:00+00:00,2,BEAR,0.9999999953197403,True,14,False,BULL_STRUCTURE,BULL_STRUCTURE,1.0,0.9476546843924572807024411777,0.9476546843924572807024411777
2024-12-23 00:00:00+00:00,2,BEAR,0.9999999472347568,True,15,False,BULL_STRUCTURE,BULL_STRUCTURE,1.0,0.9474953577253006648147326781,0.9474953577253006648147326781
2024-12-24 00:00:00+00:00,2,BEAR,0.9999999970677891,True,16,False,BULL_STRUCTURE,BULL_STRUCTURE,1.0,0.9494062097548651276227492947,0.9494062097548651276227492947
2024-12-25 00:00:00+00:00,2,BEAR,0.9999999982355803,True,17,False,BULL_STRUCTURE,BULL_STRUCTURE,1.0,0.9497764153800536320086468002,0.9497764153800536320086468002
2024-12-26 00:00:00+00:00,2,BEAR,0.9999999661622502,True,18,False,BULL_STRUCTURE,BULL_STRUCTURE,1.0,0.9479682557511963454404860860,0.9479682557511963454404860860
2024-12-27 00:00:00+00:00,2,BEAR,0.9999848188233068,True,19,False,BULL_STRUCTURE,BULL_STRUCTURE,1.0,0.9471881883281927272556423693,0.9471881883281927272556423693
2024-12-28 00:00:00+00:00,2,BEAR,0.9999996321194652,True,20,False,BULL_STRUCTURE,BULL_STRUCTURE,1.0,0.9477138865051658797607041820,0.9477138865051658797607041820
2024-12-29 00:00:00+00:00,2,BEAR,0.9999999999899956,True,21,False,BULL_STRUCTURE,BULL_STRUCTURE,1.0,0.9468889999191159197182753711,0.9468889999191159197182753711
2024-12-30 00:00:00+00:00,2,BEAR,0.9999999952478902,True,22,False,BULL_STRUCTURE,BULL_STRUCTURE,1.0,0.60,0.60
2024-12-31 00:00:00+00:00,2,BEAR,0.9999999999126885,True,23,False,BULL_STRUCTURE,BULL_STRUCTURE,1.0,0.95,0.95
2025-01-01 00:00:00+00:00,2,BEAR,0.9999999986457624,True,24,False,BULL_STRUCTURE,BULL_STRUCTURE,1.0,0.9509337785141701531437846809,0.9509337785141701531437846809
2025-01-02 00:00:00+00:00,2,BEAR,0.9999999966958057,True,25,False,BULL_STRUCTURE,BULL_STRUCTURE,1.0,0.9520864301184438768353523202,0.9520864301184438768353523202
2025-01-03 00:00:00+00:00,2,BEAR,0.9999999991177901,True,26,False,BULL_STRUCTURE,BULL_STRUCTURE,1.0,0.9526394160427466827742158395,0.9526394160427466827742158395
2025-01-04 00:00:00+00:00,2,BEAR,0.9999999998481144,True,27,False,BULL_STRUCTURE,BULL_STRUCTURE,1.0,0.9526606935969477912696816571,0.9526606935969477912696816571
2025-01-05 00:00:00+00:00,2,BEAR,0.9999999986830517,True,28,False,BULL_STRUCTURE,BULL_STRUCTURE,1.0,0.9527263119872743619524079440,0.9527263119872743619524079440
2025-01-06 00:00:00+00:00,2,BEAR,0.9999999992587618,True,29,False,BULL_STRUCTURE,BULL_STRUCTURE,1.0,0.9544351385314994263394827280,0.9544351385314994263394827280
2025-01-07 00:00:00+00:00,2,BEAR,0.9999681818859066,True,30,False,BULL_STRUCTURE,BULL_STRUCTURE,1.0,0.9520722304174434412034765960,0.9520722304174434412034765960
2025-01-08 00:00:00+00:00,2,BEAR,0.9999997197728983,True,31,False,BULL_STRUCTURE,BULL_STRUCTURE,1.0,0.9511639457639547625664313667,0.9511639457639547625664313667
2025-01-09 00:00:00+00:00,2,BEAR,0.9999996626275448,True,32,False,BULL_STRUCTURE,BULL_STRUCTURE,1.0,0.60,0.60
2025-01-10 00:00:00+00:00,2,BEAR,0.9999981022610699,True,33,False,BULL_STRUCTURE,BULL_STRUCTURE,1.0,0.95,0.95
2025-01-11 00:00:00+00:00,2,BEAR,0.9999999214996964,True,34,False,BULL_STRUCTURE,BULL_STRUCTURE,1.0,0.9503598568897625202133907508,0.9503598568897625202133907508
2025-01-12 00:00:00+00:00,2,BEAR,0.9999998421290126,True,35,False,BULL_STRUCTURE,BULL_STRUCTURE,1.0,0.9503324487638696536313810001,0.9503324487638696536313810001
2025-01-13 00:00:00+00:00,2,BEAR,0.9999851010480009,True,36,False,BULL_STRUCTURE,BULL_STRUCTURE,1.0,0.9503279751696337492784953356,0.9503279751696337492784953356
2025-01-14 00:00:00+00:00,2,BEAR,0.9999173974413597,True,37,False,BULL_STRUCTURE,BULL_STRUCTURE,1.0,0.9513188308076402923715717356,0.9513188308076402923715717356
2025-01-15 00:00:00+00:00,2,BEAR,0.9999276733014945,True,38,False,BULL_STRUCTURE,BULL_STRUCTURE,1.0,0.9531363146528618959532471782,0.9531363146528618959532471782
2025-01-16 00:00:00+00:00,2,BEAR,0.9992471149851554,True,39,False,BULL_STRUCTURE,BULL_STRUCTURE,1.0,0.9529085136895113884097960875,0.9529085136895113884097960875
2025-01-17 00:00:00+00:00,2,BEAR,0.9978156095485952,True,40,False,BULL_STRUCTURE,BULL_STRUCTURE,1.0,0.9546752988232892899108107737,0.9546752988232892899108107737
2025-01-18 00:00:00+00:00,2,BEAR,0.9863653691480302,True,41,False,BULL_STRUCTURE,BULL_STRUCTURE,1.0,0.9548734696166431900828391072,0.9548734696166431900828391072
2025-01-19 00:00:00+00:00,2,BEAR,0.6756649648665782,True,42,False,BULL_STRUCTURE,BULL_STRUCTURE,1.0,0.9535041850727832121113308685,0.9535041850727832121113308685
2025-01-20 00:00:00+00:00,2,BEAR,0.4308210666066286,False,42,False,BULL_STRUCTURE,BULL_STRUCTURE,1.0,0.475,0.475
2025-01-21 00:00:00+00:00,2,BEAR,0.5310224259886842,True,43,False,BULL_STRUCTURE,BULL_STRUCTURE,1.0,0.4845967085960305046386062575,0.4845967085960305046386062575
2025-01-22 00:00:00+00:00,2,BEAR,0.45615313163984905,False,43,False,BULL_STRUCTURE,BULL_STRUCTURE,1.0,0.4787973980748764728164473954,0.4787973980748764728164473954
2025-01-23 00:00:00+00:00,2,BEAR,0.02744783608092759,False,43,False,BULL_STRUCTURE,BULL_STRUCTURE,1.0,0.4792870549930962570599668916,0.4792870549930962570599668916
2025-01-24 00:00:00+00:00,0,NEUTRAL,0.9989926469963228,True,3,False,BULL_STRUCTURE,BULL_STRUCTURE,1.0,0.95,0.95
2025-01-25 00:00:00+00:00,0,NEUTRAL,0.9987765537468373,True,4,False,BULL_STRUCTURE,BULL_STRUCTURE,1.0,0.9505209052094289776628853453,0.9505209052094289776628853453
2025-01-26 00:00:00+00:00,0,NEUTRAL,0.9997344984246822,True,5,False,BULL_STRUCTURE,BULL_STRUCTURE,1.0,0.9495471649229975870687601559,0.9495471649229975870687601559
2025-01-27 00:00:00+00:00,0,NEUTRAL,0.9999978784248692,True,6,False,BULL_STRUCTURE,BULL_STRUCTURE,1.0,0.9492951386128854017755268906,0.9492951386128854017755268906
2025-01-28 00:00:00+00:00,0,NEUTRAL,0.9992874666947706,True,7,False,BULL_STRUCTURE,BULL_STRUCTURE,1.0,0.9489403026861585939904794365,0.9489403026861585939904794365
2025-01-29 00:00:00+00:00,0,NEUTRAL,0.9970378046205806,True,8,False,BULL_STRUCTURE,BULL_STRUCTURE,1.0,0.9500615734844039205024579031,0.9500615734844039205024579031
2025-01-30 00:00:00+00:00,0,NEUTRAL,0.9999604808932501,True,9,False,BULL_STRUCTURE,BULL_STRUCTURE,1.0,0.9505101673858950386465508893,0.9505101673858950386465508893
2025-01-31 00:00:00+00:00,0,NEUTRAL,0.9998894552405456,True,10,False,BULL_STRUCTURE,BULL_STRUCTURE,1.0,0.9494581025533372112331872583,0.9494581025533372112331872583
2025-02-01 00:00:00+00:00,0,NEUTRAL,0.9999999980300345,True,11,False,BULL_STRUCTURE,BULL_STRUCTURE,1.0,0.9486034589609273022433922836,0.9486034589609273022433922836
2025-02-02 00:00:00+00:00,0,NEUTRAL,0.999999909216062,True,12,False,BULL_STRUCTURE,BULL_STRUCTURE,1.0,0.9471410516482036616825364262,0.9471410516482036616825364262
2025-02-03 00:00:00+00:00,0,NEUTRAL,0.9999997448112806,True,13,False,BULL_STRUCTURE,BULL_STRUCTURE,1.0,0.9489369554840478897605809123,0.9489369554840478897605809123
2025-02-04 00:00:00+00:00,0,NEUTRAL,0.9999999824540283,True,14,False,BULL_STRUCTURE,BULL_STRUCTURE,1.0,0.9471730797089787240283320385,0.9471730797089787240283320385
2025-02-05 00:00:00+00:00,0,NEUTRAL,0.9999976681292441,True,15,False,BULL_STRUCTURE,BULL_STRUCTURE,1.0,0.9465774990621827415033710095,0.9465774990621827415033710095
2025-02-06 00:00:00+00:00,0,NEUTRAL,0.9999994556984919,True,16,False,BULL_STRUCTURE,BULL_STRUCTURE,1.0,0.9465470817244870961385301840,0.9465470817244870961385301840
2025-02-07 00:00:00+00:00,0,NEUTRAL,0.9999998875109731,True,17,False,BULL_STRUCTURE,BULL_STRUCTURE,1.0,0.9465221533012504113157687893,0.9465221533012504113157687893
2025-02-08 00:00:00+00:00,0,NEUTRAL,0.999905773083292,True,18,False,BULL_STRUCTURE,BULL_STRUCTURE,1.0,0.9464895829100384877712224905,0.9464895829100384877712224905
2025-02-09 00:00:00+00:00,0,NEUTRAL,0.998889844958506,True,19,False,BULL_STRUCTURE,BULL_STRUCTURE,1.0,0.9464990390216042768594382731,0.9464990390216042768594382731
2025-02-10 00:00:00+00:00,0,NEUTRAL,0.9998988888708351,True,20,False,BULL_STRUCTURE,BULL_STRUCTURE,1.0,0.9470024504721110165895231528,0.9470024504721110165895231528
2025-02-11 00:00:00+00:00,0,NEUTRAL,0.9997891490598209,True,21,False,BULL_STRUCTURE,BULL_STRUCTURE,1.0,0.9461372509627855443118273417,0.9461372509627855443118273417
2025-02-12 00:00:00+00:00,0,NEUTRAL,0.9999921046812867,True,22,False,BULL_STRUCTURE,BULL_STRUCTURE,1.0,0.9472277152584970077503061945,0.9472277152584970077503061945
2025-02-13 00:00:00+00:00,0,NEUTRAL,0.9999997043742479,True,23,False,BULL_STRUCTURE,BULL_STRUCTURE,1.0,0.9465752535111296885050303028,0.9465752535111296885050303028
2025-02-14 00:00:00+00:00,0,NEUTRAL,0.9999999837527868,True,24,False,BULL_STRUCTURE,BULL_STRUCTURE,1.0,0.9470383096272561498147344529,0.9470383096272561498147344529
2025-02-15 00:00:00+00:00,0,NEUTRAL,0.9999831325325554,True,25,False,BULL_STRUCTURE,BULL_STRUCTURE,1.0,0.9470738736975711404079207102,0.9470738736975711404079207102
2025-02-16 00:00:00+00:00,0,NEUTRAL,0.9999964520583674,True,26,False,BULL_STRUCTURE,BULL_STRUCTURE,1.0,0.9463175099146320277327048793,0.9463175099146320277327048793
2025-02-17 00:00:00+00:00,0,NEUTRAL,0.9999445842188946,True,27,False,BULL_STRUCTURE,BULL_STRUCTURE,1.0,0.9461382086876633926502287034,0.9461382086876633926502287034
2025-02-18 00:00:00+00:00,0,NEUTRAL,0.9999967913360343,True,28,False,BULL_STRUCTURE,BULL_STRUCTURE,1.0,0.9460805462158381798354819666,0.9460805462158381798354819666
2025-02-19 00:00:00+00:00,0,NEUTRAL,0.9999991242533921,True,29,False,BULL_STRUCTURE,BULL_STRUCTURE,1.0,0.9465942117542875761210789183,0.9465942117542875761210789183
2025-02-20 00:00:00+00:00,0,NEUTRAL,0.9999998169860359,True,30,False,BULL_STRUCTURE,BULL_STRUCTURE,1.0,0.9474489663166717336449564689,0.9474489663166717336449564689
2025-02-21 00:00:00+00:00,0,NEUTRAL,0.999915203618186,True,31,False,BULL_STRUCTURE,BULL_STRUCTURE,1.0,0.9463512402150452429072620606,0.9463512402150452429072620606
2025-02-22 00:00:00+00:00,0,NEUTRAL,1.0,True,32,False,BULL_STRUCTURE,BULL_STRUCTURE,1.0,0.9465453314648241003386775439,0.9465453314648241003386775439
2025-02-23 00:00:00+00:00,0,NEUTRAL,0.9966828967065255,True,33,False,BULL_STRUCTURE,BULL_STRUCTURE,1.0,0.9463913381008626988387211143,0.9463913381008626988387211143
2025-02-24 00:00:00+00:00,0,NEUTRAL,0.999999994587597,True,34,False,BULL_STRUCTURE,BULL_STRUCTURE,1.0,0.9437911213709535905597482971,0.9437911213709535905597482971
2025-02-25 00:00:00+00:00,0,NEUTRAL,0.9999999996925908,True,35,False,BULL_STRUCTURE,BULL_STRUCTURE,1.0,0.9420758999760594224326972906,0.9420758999760594224326972906
2025-02-26 00:00:00+00:00,0,NEUTRAL,0.9999999991969162,True,36,False,BULL_STRUCTURE,BULL_STRUCTURE,1.0,0.9392150959936940721362780183,0.9392150959936940721362780183
2025-02-27 00:00:00+00:00,0,NEUTRAL,0.9990256722007844,True,37,False,BULL_STRUCTURE,BULL_STRUCTURE,1.0,0.9395242010953394657313751773,0.9395242010953394657313751773
2025-02-28 00:00:00+00:00,0,NEUTRAL,0.9999990649862235,True,38,False,BULL_STRUCTURE,BULL_STRUCTURE,1.0,0.9392826817754208105258178207,0.9392826817754208105258178207
2025-03-01 00:00:00+00:00,0,NEUTRAL,0.9999999652627599,True,39,False,BULL_STRUCTURE,BULL_STRUCTURE,1.0,0.9404202321303719021705408182,0.9404202321303719021705408182
2025-03-02 00:00:00+00:00,0,NEUTRAL,0.9999999999990905,True,40,False,BULL_STRUCTURE,BULL_STRUCTURE,1.0,0.9453226329660842244953987513,0.9453226329660842244953987513
2025-03-03 00:00:00+00:00,0,NEUTRAL,0.9999999964211383,True,41,False,BULL_STRUCTURE,BULL_STRUCTURE,1.0,0.9405216708546614037909381986,0.9405216708546614037909381986
2025-03-04 00:00:00+00:00,0,NEUTRAL,0.9999992826863334,True,42,False,BULL_STRUCTURE,BULL_STRUCTURE,1.0,0.9412024151507304425990720127,0.9412024151507304425990720127
2025-03-05 00:00:00+00:00,0,NEUTRAL,0.9999999999899956,True,43,False,BULL_STRUCTURE,BULL_STRUCTURE,1.0,0.9432370583987886847597661571,0.9432370583987886847597661571
2025-03-06 00:00:00+00:00,0,NEUTRAL,0.999999998106432,True,44,False,BULL_STRUCTURE,BULL_STRUCTURE,1.0,0.9428358920533792418270666228,0.9428358920533792418270666228
2025-03-07 00:00:00+00:00,0,NEUTRAL,1.0,True,45,False,BULL_STRUCTURE,BULL_STRUCTURE,1.0,0.9408963442267704355278777655,0.9408963442267704355278777655
2025-03-08 00:00:00+00:00,0,NEUTRAL,1.0,True,46,False,BULL_STRUCTURE,BULL_STRUCTURE,1.0,0.9405228646381883328808009431,0.9405228646381883328808009431
2025-03-09 00:00:00+00:00,0,NEUTRAL,0.9999999866313375,True,47,False,TRANSITION,BULL_STRUCTURE,0.6,0.9367355705678092637580361865,0.6
2025-03-10 00:00:00+00:00,0,NEUTRAL,1.0,True,48,False,TRANSITION,BULL_STRUCTURE,0.6,0.95,0.6
2025-03-11 00:00:00+00:00,0,NEUTRAL,1.0,True,49,False,TRANSITION,BULL_STRUCTURE,0.6,0.95,0.6
2025-03-12 00:00:00+00:00,0,NEUTRAL,1.0,True,50,False,TRANSITION,BULL_STRUCTURE,0.6,0.95,0.6
2025-03-13 00:00:00+00:00,0,NEUTRAL,1.0,True,51,False,TRANSITION,TRANSITION,0.6,0.95,0.6
2025-03-14 00:00:00+00:00,0,NEUTRAL,0.9999999851306712,True,52,False,TRANSITION,TRANSITION,0.6,0.95,0.6
2025-03-15 00:00:00+00:00,0,NEUTRAL,1.0,True,53,False,TRANSITION,TRANSITION,0.6,0.95,0.6
2025-03-16 00:00:00+00:00,0,NEUTRAL,0.9999999999990905,True,54,False,TRANSITION,TRANSITION,0.6,0.95,0.6
2025-03-17 00:00:00+00:00,0,NEUTRAL,1.0,True,55,False,TRANSITION,TRANSITION,0.6,0.95,0.6
2025-03-18 00:00:00+00:00,0,NEUTRAL,1.0,True,56,False,TRANSITION,TRANSITION,0.6,0.95,0.6
2025-03-19 00:00:00+00:00,0,NEUTRAL,1.0,True,57,False,BULL_STRUCTURE,TRANSITION,0.6,0.95,0.6
2025-03-20 00:00:00+00:00,0,NEUTRAL,1.0,True,58,False,BULL_STRUCTURE,TRANSITION,0.6,0.95,0.6
2025-03-21 00:00:00+00:00,0,NEUTRAL,1.0,True,59,False,BULL_STRUCTURE,TRANSITION,0.6,0.95,0.6
2025-03-22 00:00:00+00:00,0,NEUTRAL,1.0,True,60,False,BULL_STRUCTURE,TRANSITION,0.6,0.95,0.6
2025-03-23 00:00:00+00:00,0,NEUTRAL,0.9999944689942079,True,61,False,BULL_STRUCTURE,BULL_STRUCTURE,1.0,0.95,0.95
2025-03-24 00:00:00+00:00,0,NEUTRAL,1.0,True,62,False,BULL_STRUCTURE,BULL_STRUCTURE,1.0,0.9511872431264790122126249574,0.9511872431264790122126249574
2025-03-25 00:00:00+00:00,0,NEUTRAL,0.9999999999990905,True,63,False,BULL_STRUCTURE,BULL_STRUCTURE,1.0,0.9511313079596347596864072622,0.9511313079596347596864072622
2025-03-26 00:00:00+00:00,0,NEUTRAL,0.999999991245204,True,64,False,BULL_STRUCTURE,BULL_STRUCTURE,1.0,0.9508726870866725071479714105,0.9508726870866725071479714105
2025-03-27 00:00:00+00:00,0,NEUTRAL,0.999999780466193,True,65,False,BULL_STRUCTURE,BULL_STRUCTURE,1.0,0.9510456033379255344411330036,0.9510456033379255344411330036
2025-03-28 00:00:00+00:00,0,NEUTRAL,1.0,True,66,False,BULL_STRUCTURE,BULL_STRUCTURE,1.0,0.9494997845999835048491914535,0.9494997845999835048491914535
2025-03-29 00:00:00+00:00,0,NEUTRAL,0.9999944696017469,True,67,False,TRANSITION,BULL_STRUCTURE,0.6,0.9484706178181693562998507789,0.6
2025-03-30 00:00:00+00:00,0,NEUTRAL,0.9999945197528277,True,68,False,TRANSITION,BULL_STRUCTURE,0.6,0.95,0.6
2025-03-31 00:00:00+00:00,0,NEUTRAL,0.9999931677199699,True,69,False,TRANSITION,BULL_STRUCTURE,0.6,0.95,0.6
2025-04-01 00:00:00+00:00,0,NEUTRAL,0.8465903962428492,True,70,False,TRANSITION,BULL_STRUCTURE,0.6,0.95,0.6
2025-04-02 00:00:00+00:00,0,NEUTRAL,0.47009285927078925,False,70,False,TRANSITION,TRANSITION,0.6,0.5924157587125766069263766610,0.5924157587125766069263766610
2025-04-03 00:00:00+00:00,0,NEUTRAL,0.9766669482603635,True,71,False,TRANSITION,TRANSITION,0.6,0.95,0.6
2025-04-04 00:00:00+00:00,0,NEUTRAL,1.0,True,72,False,TRANSITION,TRANSITION,0.6,0.95,0.6
2025-04-05 00:00:00+00:00,0,NEUTRAL,1.0,True,73,False,TRANSITION,TRANSITION,0.6,0.95,0.6
2025-04-06 00:00:00+00:00,0,NEUTRAL,1.0,True,74,False,TRANSITION,TRANSITION,0.6,0.95,0.6
2025-04-07 00:00:00+00:00,0,NEUTRAL,0.9998601896605038,True,75,False,TRANSITION,TRANSITION,0.6,0.95,0.6
2025-04-08 00:00:00+00:00,0,NEUTRAL,1.0,True,76,False,TRANSITION,TRANSITION,0.6,0.95,0.6
2025-04-09 00:00:00+00:00,0,NEUTRAL,1.0,True,77,False,TRANSITION,TRANSITION,0.6,0.95,0.6
2025-04-10 00:00:00+00:00,0,NEUTRAL,1.0,True,78,False,TRANSITION,TRANSITION,0.6,0.95,0.6
2025-04-11 00:00:00+00:00,0,NEUTRAL,1.0,True,79,False,TRANSITION,TRANSITION,0.6,0.95,0.6
2025-04-12 00:00:00+00:00,0,NEUTRAL,0.9999999999972715,True,80,False,TRANSITION,TRANSITION,0.6,0.95,0.6
2025-04-13 00:00:00+00:00,0,NEUTRAL,1.0,True,81,False,TRANSITION,TRANSITION,0.6,0.95,0.6
2025-04-14 00:00:00+00:00,0,NEUTRAL,1.0,True,82,False,TRANSITION,TRANSITION,0.6,0.95,0.6
2025-04-15 00:00:00+00:00,0,NEUTRAL,1.0,True,83,False,TRANSITION,TRANSITION,0.6,0.95,0.6
2025-04-16 00:00:00+00:00,0,NEUTRAL,0.9995926043842832,True,84,False,TRANSITION,TRANSITION,0.6,0.95,0.6
2025-04-17 00:00:00+00:00,0,NEUTRAL,0.9999999996271072,True,85,False,TRANSITION,TRANSITION,0.6,0.95,0.6
2025-04-18 00:00:00+00:00,0,NEUTRAL,0.999999999575266,True,86,False,TRANSITION,TRANSITION,0.6,0.95,0.6
2025-04-19 00:00:00+00:00,1,BEAR,0.9999999717119867,True,1,False,TRANSITION,TRANSITION,0.6,0.95,0.6
2025-04-20 00:00:00+00:00,1,BEAR,0.9999777028309134,True,2,False,TRANSITION,TRANSITION,0.6,0.95,0.6
2025-04-21 00:00:00+00:00,1,BEAR,0.9999999422279887,True,3,False,TRANSITION,TRANSITION,0.6,0.95,0.6
2025-04-22 00:00:00+00:00,1,BEAR,0.9999153000419179,True,4,False,BULL_STRUCTURE,TRANSITION,0.6,0.95,0.6
2025-04-23 00:00:00+00:00,1,BEAR,0.9993886635913696,True,5,False,BULL_STRUCTURE,TRANSITION,0.6,0.95,0.6
2025-04-24 00:00:00+00:00,1,BEAR,0.9935331060774787,True,6,False,BULL_STRUCTURE,TRANSITION,0.6,0.95,0.6
2025-04-25 00:00:00+00:00,1,BEAR,0.9990792020763768,True,7,False,BULL_STRUCTURE,TRANSITION,0.6,0.95,0.6
2025-04-26 00:00:00+00:00,1,BEAR,0.9995544772961845,True,8,False,BULL_STRUCTURE,BULL_STRUCTURE,1.0,0.95,0.95
2025-04-27 00:00:00+00:00,1,BEAR,0.999948137151259,True,9,False,BULL_STRUCTURE,BULL_STRUCTURE,1.0,0.9499891899006142739327552383,0.9499891899006142739327552383
2025-04-28 00:00:00+00:00,1,BEAR,0.9999985823361429,True,10,False,BULL_STRUCTURE,BULL_STRUCTURE,1.0,0.9506206042653976175317429119,0.9506206042653976175317429119
2025-04-29 00:00:00+00:00,1,BEAR,0.999999999060492,True,11,False,BULL_STRUCTURE,BULL_STRUCTURE,1.0,0.9502450719929233432807441040,0.9502450719929233432807441040
2025-04-30 00:00:00+00:00,1,BEAR,0.9999999667570597,True,12,False,BULL_STRUCTURE,BULL_STRUCTURE,1.0,0.9502024897296851141941604317,0.9502024897296851141941604317
2025-05-01 00:00:00+00:00,1,BEAR,0.9999999555375335,True,13,False,BULL_STRUCTURE,BULL_STRUCTURE,1.0,0.9513405317497676311339829814,0.9513405317497676311339829814
2025-05-02 00:00:00+00:00,1,BEAR,0.9999999300007427,True,14,False,BULL_STRUCTURE,BULL_STRUCTURE,1.0,0.9515303622155707246992591434,0.9515303622155707246992591434
2025-05-03 00:00:00+00:00,1,BEAR,0.9998821319061753,True,15,False,BULL_STRUCTURE,BULL_STRUCTURE,1.0,0.9510347002035341440286114709,0.9510347002035341440286114709
2025-05-04 00:00:00+00:00,1,BEAR,0.9999999678884711,True,16,False,BULL_STRUCTURE,BULL_STRUCTURE,1.0,0.9502555031196131953479452255,0.9502555031196131953479452255
2025-05-05 00:00:00+00:00,1,BEAR,0.9997473998038005,True,17,False,BULL_STRUCTURE,BULL_STRUCTURE,1.0,0.9504831213416147444930255503,0.9504831213416147444930255503
2025-05-06 00:00:00+00:00,1,BEAR,0.9999658434320725,True,18,False,BULL_STRUCTURE,BULL_STRUCTURE,1.0,0.9515050627712530614187166416,0.9515050627712530614187166416
2025-05-07 00:00:00+00:00,1,BEAR,0.9999883078463934,True,19,False,BULL_STRUCTURE,BULL_STRUCTURE,1.0,0.9515985086676460061007089541,0.9515985086676460061007089541
2025-05-08 00:00:00+00:00,1,BEAR,0.054492034127672444,False,19,False,BULL_STRUCTURE,BULL_STRUCTURE,1.0,0.475,0.475
2025-05-09 00:00:00+00:00,1,BEAR,0.1916805877176194,False,19,False,BULL_STRUCTURE,BULL_STRUCTURE,1.0,0.4745927747924931876331098395,0.4745927747924931876331098395
2025-05-10 00:00:00+00:00,0,BULL,0.9834804847236468,True,3,False,BULL_STRUCTURE,BULL_STRUCTURE,1.0,0.4790051481133172428248493934,0.4790051481133172428248493934
2025-05-11 00:00:00+00:00,0,BULL,0.9999716201889798,True,4,False,BULL_STRUCTURE,BULL_STRUCTURE,1.0,0.4773533437490226161794624759,0.4773533437490226161794624759
2025-05-12 00:00:00+00:00,0,BULL,0.9992734991189279,True,5,False,BULL_STRUCTURE,BULL_STRUCTURE,1.0,0.4741549040889938431989928898,0.4741549040889938431989928898
2025-05-13 00:00:00+00:00,0,BULL,0.061378705942635274,False,5,False,BULL_STRUCTURE,BULL_STRUCTURE,1.0,0.4773191238306103276852474185,0.4773191238306103276852474185
2025-05-14 00:00:00+00:00,0,BULL,4.879100263520157e-06,False,5,False,BULL_STRUCTURE,BULL_STRUCTURE,1.0,0.4758871311610435679619660992,0.4758871311610435679619660992
2025-05-15 00:00:00+00:00,0,BULL,3.08991060048857e-07,False,5,False,BULL_STRUCTURE,BULL_STRUCTURE,1.0,0.4765030142773755762309450534,0.4765030142773755762309450534
2025-05-16 00:00:00+00:00,0,BULL,1.1395031785372039e-05,False,5,False,BULL_STRUCTURE,BULL_STRUCTURE,1.0,0.4757812775548406677413845959,0.4757812775548406677413845959
2025-05-17 00:00:00+00:00,1,BEAR,0.9999166789910592,True,3,False,BULL_STRUCTURE,BULL_STRUCTURE,1.0,0.95,0.95
2025-05-18 00:00:00+00:00,1,BEAR,0.902540760784406,True,4,False,BULL_STRUCTURE,BULL_STRUCTURE,1.0,0.9520559108102283488899067939,0.9520559108102283488899067939
2025-05-19 00:00:00+00:00,1,BEAR,0.0601527336934688,False,4,False,BULL_STRUCTURE,BULL_STRUCTURE,1.0,0.475,0.475
2025-05-20 00:00:00+00:00,1,BEAR,0.00039316373870397763,False,4,False,BULL_STRUCTURE,BULL_STRUCTURE,1.0,0.4782911756845270386521350944,0.4782911756845270386521350944
2025-05-21 00:00:00+00:00,1,BEAR,0.012030098459168395,False,4,False,BULL_STRUCTURE,BULL_STRUCTURE,1.0,0.4847354577611702919748122954,0.4847354577611702919748122954
2025-05-22 00:00:00+00:00,1,BEAR,0.2503586068445836,False,4,False,BULL_STRUCTURE,BULL_STRUCTURE,1.0,0.4893683437043521379037828212,0.4893683437043521379037828212
2025-05-23 00:00:00+00:00,1,BEAR,2.193374894753195e-09,False,4,False,BULL_STRUCTURE,BULL_STRUCTURE,1.0,0.4793825407361421786366080772,0.4793825407361421786366080772
2025-05-24 00:00:00+00:00,1,BEAR,9.30129227764884e-11,False,4,False,BULL_STRUCTURE,BULL_STRUCTURE,1.0,0.4804121412490631367284217842,0.4804121412490631367284217842
2025-05-25 00:00:00+00:00,1,BEAR,2.787889210009329e-06,False,4,False,BULL_STRUCTURE,BULL_STRUCTURE,1.0,0.4832738709473842856993188684,0.4832738709473842856993188684
2025-05-26 00:00:00+00:00,1,BEAR,9.396826354188176e-08,False,4,False,BULL_STRUCTURE,BULL_STRUCTURE,1.0,0.4842584628474269763651847956,0.4842584628474269763651847956
2025-05-27 00:00:00+00:00,1,BEAR,5.744573135864561e-08,False,4,False,BULL_STRUCTURE,BULL_STRUCTURE,1.0,0.4831225799091823323862501609,0.4831225799091823323862501609
2025-05-28 00:00:00+00:00,1,BEAR,4.481191547681786e-06,False,4,False,BULL_STRUCTURE,BULL_STRUCTURE,1.0,0.4804581634184624046829634620,0.4804581634184624046829634620
2025-05-29 00:00:00+00:00,1,BEAR,1.140104529705657e-06,False,4,False,BULL_STRUCTURE,BULL_STRUCTURE,1.0,0.4753314176955990890774614269,0.4753314176955990890774614269
2025-05-30 00:00:00+00:00,0,BULL,1.0,True,3,False,BULL_STRUCTURE,BULL_STRUCTURE,1.0,0.4715147434247340582613495674,0.4715147434247340582613495674
2025-05-31 00:00:00+00:00,0,BULL,0.9999999999972715,True,4,False,BULL_STRUCTURE,BULL_STRUCTURE,1.0,0.4729639226972237758799309303,0.4729639226972237758799309303
2025-06-01 00:00:00+00:00,0,BULL,0.9999999924075382,True,5,False,BULL_STRUCTURE,BULL_STRUCTURE,1.0,0.4754569929866723762564681783,0.4754569929866723762564681783
2025-06-02 00:00:00+00:00,0,BULL,0.9845275990833064,True,6,False,BULL_STRUCTURE,BULL_STRUCTURE,1.0,0.4759642071758069979980005415,0.4759642071758069979980005415
2025-06-03 00:00:00+00:00,0,BULL,4.0825495329770665e-05,False,6,False,BULL_STRUCTURE,BULL_STRUCTURE,1.0,0.4748281834028393879205047150,0.4748281834028393879205047150
2025-06-04 00:00:00+00:00,0,BULL,7.956480602180887e-15,False,6,False,BULL_STRUCTURE,BULL_STRUCTURE,1.0,0.4732139980209096445739028168,0.4732139980209096445739028168
2025-06-05 00:00:00+00:00,2,NEUTRAL,0.9999999977926564,True,3,False,BULL_STRUCTURE,BULL_STRUCTURE,1.0,0.95,0.95
2025-06-06 00:00:00+00:00,2,NEUTRAL,0.9999999935034793,True,4,False,BULL_STRUCTURE,BULL_STRUCTURE,1.0,0.9518517452138969175648884026,0.9518517452138969175648884026
2025-06-07 00:00:00+00:00,2,NEUTRAL,0.999999999994543,True,5,False,BULL_STRUCTURE,BULL_STRUCTURE,1.0,0.9524007556747624656502964950,0.9524007556747624656502964950
2025-06-08 00:00:00+00:00,2,NEUTRAL,1.0,True,6,False,BULL_STRUCTURE,BULL_STRUCTURE,1.0,0.9524787304241351043180928786,0.9524787304241351043180928786
2025-06-09 00:00:00+00:00,2,NEUTRAL,0.999999999998181,True,7,False,BULL_STRUCTURE,BULL_STRUCTURE,1.0,0.9543415303568335233868757977,0.9543415303568335233868757977
2025-06-10 00:00:00+00:00,2,NEUTRAL,0.6105738804234627,True,8,False,BULL_STRUCTURE,BULL_STRUCTURE,1.0,0.9543460231147656462032882185,0.9543460231147656462032882185
2025-06-11 00:00:00+00:00,2,NEUTRAL,0.554135691741219,True,9,False,BULL_STRUCTURE,BULL_STRUCTURE,1.0,0.9536930879083128572570120040,0.9536930879083128572570120040
2025-06-12 00:00:00+00:00,2,NEUTRAL,0.7513869394382379,True,10,False,BULL_STRUCTURE,BULL_STRUCTURE,1.0,0.9524520586928043809242813361,0.9524520586928043809242813361
2025-06-13 00:00:00+00:00,2,NEUTRAL,0.8786015016578835,True,11,False,BULL_STRUCTURE,BULL_STRUCTURE,1.0,0.9526206814779604239098256170,0.9526206814779604239098256170
2025-06-14 00:00:00+00:00,2,NEUTRAL,0.9999998383718907,True,12,False,BULL_STRUCTURE,BULL_STRUCTURE,1.0,0.9523416231835086015322509834,0.9523416231835086015322509834
2025-06-15 00:00:00+00:00,2,NEUTRAL,0.0008126424841198565,False,12,False,BULL_STRUCTURE,BULL_STRUCTURE,1.0,0.475,0.475
2025-06-16 00:00:00+00:00,2,NEUTRAL,7.284450320407138e-05,False,12,False,BULL_STRUCTURE,BULL_STRUCTURE,1.0,0.4781117396162910929883129248,0.4781117396162910929883129248
2025-06-17 00:00:00+00:00,2,NEUTRAL,0.9137718269703784,True,13,False,BULL_STRUCTURE,BULL_STRUCTURE,1.0,0.95,0.95
2025-06-18 00:00:00+00:00,2,NEUTRAL,0.9999963359945291,True,14,False,BULL_STRUCTURE,BULL_STRUCTURE,1.0,0.9507398231879347200881350098,0.9507398231879347200881350098
2025-06-19 00:00:00+00:00,2,NEUTRAL,0.9999999568835856,True,15,False,BULL_STRUCTURE,BULL_STRUCTURE,1.0,0.9506377215431195002016599543,0.9506377215431195002016599543
2025-06-20 00:00:00+00:00,2,NEUTRAL,0.7570580893284405,True,16,False,BULL_STRUCTURE,BULL_STRUCTURE,1.0,0.9500200372492326962482772737,0.9500200372492326962482772737
2025-06-21 00:00:00+00:00,2,NEUTRAL,0.9999957739972325,True,17,False,BULL_STRUCTURE,BULL_STRUCTURE,1.0,0.60,0.60
2025-06-22 00:00:00+00:00,2,NEUTRAL,0.6748481668091467,True,18,False,BULL_STRUCTURE,BULL_STRUCTURE,1.0,0.5975348632206979862195808137,0.5975348632206979862195808137
2025-06-23 00:00:00+00:00,2,NEUTRAL,0.999417474010178,True,19,False,BULL_STRUCTURE,BULL_STRUCTURE,1.0,0.95,0.95
2025-06-24 00:00:00+00:00,2,NEUTRAL,0.9881743594363959,True,20,False,BULL_STRUCTURE,BULL_STRUCTURE,1.0,0.9507539215950138030393008018,0.9507539215950138030393008018
2025-06-25 00:00:00+00:00,2,NEUTRAL,0.9999365936940281,True,21,False,BULL_STRUCTURE,BULL_STRUCTURE,1.0,0.9513027822549085429176132239,0.9513027822549085429176132239
2025-06-26 00:00:00+00:00,2,NEUTRAL,0.999992691368212,True,22,False,BULL_STRUCTURE,BULL_STRUCTURE,1.0,0.9511323534246811268903196189,0.9511323534246811268903196189
2025-06-27 00:00:00+00:00,2,NEUTRAL,0.9804212125680276,True,23,False,BULL_STRUCTURE,BULL_STRUCTURE,1.0,0.9511760051183186442161900768,0.9511760051183186442161900768
2025-06-28 00:00:00+00:00,2,NEUTRAL,0.970459676642174,True,24,False,BULL_STRUCTURE,BULL_STRUCTURE,1.0,0.9512838761309699241242550617,0.9512838761309699241242550617
2025-06-29 00:00:00+00:00,2,NEUTRAL,0.5171339516350566,True,25,False,BULL_STRUCTURE,BULL_STRUCTURE,1.0,0.475,0.475
2025-06-30 00:00:00+00:00,2,NEUTRAL,0.012188101140323726,False,25,False,BULL_STRUCTURE,BULL_STRUCTURE,1.0,0.4724932657708123963799688921,0.4724932657708123963799688921
2025-07-01 00:00:00+00:00,2,NEUTRAL,0.003567145218033534,False,25,False,BULL_STRUCTURE,BULL_STRUCTURE,1.0,0.4690623863106861066218295249,0.4690623863106861066218295249
2025-07-02 00:00:00+00:00,1,BEAR,0.999645922867329,True,3,False,BULL_STRUCTURE,BULL_STRUCTURE,1.0,0.95,0.95
2025-07-03 00:00:00+00:00,1,BEAR,0.9975135465554529,True,4,False,BULL_STRUCTURE,BULL_STRUCTURE,1.0,0.9509002086479339122694411236,0.9509002086479339122694411236
2025-07-04 00:00:00+00:00,1,BEAR,0.9650314698716654,True,5,False,BULL_STRUCTURE,BULL_STRUCTURE,1.0,0.9502086885605128679067914876,0.9502086885605128679067914876
2025-07-05 00:00:00+00:00,1,BEAR,0.9937904946175781,True,6,False,BULL_STRUCTURE,BULL_STRUCTURE,1.0,0.9503022217556935206881934499,0.9503022217556935206881934499
2025-07-06 00:00:00+00:00,1,BEAR,0.9842287948222853,True,7,False,BULL_STRUCTURE,BULL_STRUCTURE,1.0,0.9507373694784921965210308115,0.9507373694784921965210308115
2025-07-07 00:00:00+00:00,1,BEAR,0.9999996699153234,True,8,False,BULL_STRUCTURE,BULL_STRUCTURE,1.0,0.9503304992452949968721607883,0.9503304992452949968721607883
2025-07-08 00:00:00+00:00,1,BEAR,0.9993095743524927,True,9,False,BULL_STRUCTURE,BULL_STRUCTURE,1.0,0.9506166177440942977091416111,0.9506166177440942977091416111
2025-07-09 00:00:00+00:00,1,BEAR,0.9923007608994953,True,10,False,BULL_STRUCTURE,BULL_STRUCTURE,1.0,0.9515929471159560292204391034,0.9515929471159560292204391034
2025-07-10 00:00:00+00:00,1,BEAR,0.19631816506822625,False,10,False,BULL_STRUCTURE,BULL_STRUCTURE,1.0,0.475,0.475
2025-07-11 00:00:00+00:00,1,BEAR,2.8685393041597008e-05,False,10,False,BULL_STRUCTURE,BULL_STRUCTURE,1.0,0.4785362312311961337497543809,0.4785362312311961337497543809
2025-07-12 00:00:00+00:00,0,BULL,0.6327088674644668,True,3,False,BULL_STRUCTURE,BULL_STRUCTURE,1.0,0.4783075430774033928076823869,0.4783075430774033928076823869
2025-07-13 00:00:00+00:00,0,BULL,0.8611061693024601,True,4,False,BULL_STRUCTURE,BULL_STRUCTURE,1.0,0.4818254394521273342687758195,0.4818254394521273342687758195
2025-07-14 00:00:00+00:00,0,BULL,0.9999980246531278,True,5,False,BULL_STRUCTURE,BULL_STRUCTURE,1.0,0.4834025466465667654660796193,0.4834025466465667654660796193
2025-07-15 00:00:00+00:00,0,BULL,0.999715458947922,True,6,False,BULL_STRUCTURE,BULL_STRUCTURE,1.0,0.4790250305739326669095706657,0.4790250305739326669095706657
2025-07-16 00:00:00+00:00,0,BULL,0.9996530030209324,True,7,False,BULL_STRUCTURE,BULL_STRUCTURE,1.0,0.4808672090476733811597825667,0.4808672090476733811597825667
2025-07-17 00:00:00+00:00,0,BULL,0.9999997642189833,True,8,False,BULL_STRUCTURE,BULL_STRUCTURE,1.0,0.4820159866065714746525771125,0.4820159866065714746525771125
2025-07-18 00:00:00+00:00,0,BULL,0.9994974062120939,True,9,False,BULL_STRUCTURE,BULL_STRUCTURE,1.0,0.4793781776907483359243279017,0.4793781776907483359243279017
2025-07-19 00:00:00+00:00,0,BULL,0.9997108251960364,True,10,False,BULL_STRUCTURE,BULL_STRUCTURE,1.0,0.4791985613685637685936509193,0.4791985613685637685936509193
2025-07-20 00:00:00+00:00,0,BULL,0.9997990203238888,True,11,False,BULL_STRUCTURE,BULL_STRUCTURE,1.0,0.4779781995489649439439803738,0.4779781995489649439439803738
2025-07-21 00:00:00+00:00,0,BULL,0.9998982768284268,True,12,False,BULL_STRUCTURE,BULL_STRUCTURE,1.0,0.4782232904429767593186612103,0.4782232904429767593186612103
2025-07-22 00:00:00+00:00,0,BULL,0.9999385441464391,True,13,False,BULL_STRUCTURE,BULL_STRUCTURE,1.0,0.4836384079255843691321111651,0.4836384079255843691321111651
2025-07-23 00:00:00+00:00,0,BULL,0.9999646821841025,True,14,False,BULL_STRUCTURE,BULL_STRUCTURE,1.0,0.4811312904677429907236689145,0.4811312904677429907236689145
2025-07-24 00:00:00+00:00,0,BULL,0.9997580866375215,True,15,False,BULL_STRUCTURE,BULL_STRUCTURE,1.0,0.4802574252208486993465374330,0.4802574252208486993465374330
2025-07-25 00:00:00+00:00,0,BULL,0.9994684922715589,True,16,False,BULL_STRUCTURE,BULL_STRUCTURE,1.0,0.4787201450001322227005384503,0.4787201450001322227005384503
2025-07-26 00:00:00+00:00,0,BULL,0.9394994248719423,True,17,False,BULL_STRUCTURE,BULL_STRUCTURE,1.0,0.4793679130055777901869941127,0.4793679130055777901869941127
2025-07-27 00:00:00+00:00,0,BULL,0.9989938554800797,True,18,False,BULL_STRUCTURE,BULL_STRUCTURE,1.0,0.4825140953747571025043929993,0.4825140953747571025043929993
2025-07-28 00:00:00+00:00,0,BULL,0.9998001893141425,True,19,False,BULL_STRUCTURE,BULL_STRUCTURE,1.0,0.4796689762219548154786605946,0.4796689762219548154786605946
2025-07-29 00:00:00+00:00,0,BULL,0.9362748637882773,True,20,False,BULL_STRUCTURE,BULL_STRUCTURE,1.0,0.4794330286934900645077404286,0.4794330286934900645077404286
2025-07-30 00:00:00+00:00,0,BULL,0.005129375220656287,False,20,False,BULL_STRUCTURE,BULL_STRUCTURE,1.0,0.4791991967224224503847712963,0.4791991967224224503847712963
2025-07-31 00:00:00+00:00,0,BULL,2.504037673718957e-05,False,20,False,BULL_STRUCTURE,BULL_STRUCTURE,1.0,0.4747646466537105067484811637,0.4747646466537105067484811637
2025-08-01 00:00:00+00:00,1,BEAR,0.9964552618450155,True,3,False,BULL_STRUCTURE,BULL_STRUCTURE,1.0,0.95,0.95
2025-08-02 00:00:00+00:00,1,BEAR,0.9999947886425893,True,4,False,BULL_STRUCTURE,BULL_STRUCTURE,1.0,0.9502798679156074443345486368,0.9502798679156074443345486368
2025-08-03 00:00:00+00:00,1,BEAR,0.9999802220836942,True,5,False,BULL_STRUCTURE,BULL_STRUCTURE,1.0,0.9509681195563638553783964845,0.9509681195563638553783964845
2025-08-04 00:00:00+00:00,1,BEAR,0.8849785997310133,True,6,False,BULL_STRUCTURE,BULL_STRUCTURE,1.0,0.9513111905200662455044730682,0.9513111905200662455044730682
2025-08-05 00:00:00+00:00,1,BEAR,0.9845114017687546,True,7,False,BULL_STRUCTURE,BULL_STRUCTURE,1.0,0.9509358247439211034743742742,0.9509358247439211034743742742
2025-08-06 00:00:00+00:00,1,BEAR,0.9999881200224897,True,8,False,BULL_STRUCTURE,BULL_STRUCTURE,1.0,0.9512859118333157960433037528,0.9512859118333157960433037528
2025-08-07 00:00:00+00:00,1,BEAR,0.9999988731812646,True,9,False,BULL_STRUCTURE,BULL_STRUCTURE,1.0,0.9522651407102781701921691603,0.9522651407102781701921691603
2025-08-08 00:00:00+00:00,1,BEAR,0.9982721377867769,True,10,False,BULL_STRUCTURE,BULL_STRUCTURE,1.0,0.9519546272172355549755472080,0.9519546272172355549755472080
2025-08-09 00:00:00+00:00,1,BEAR,0.9999115811989948,True,11,False,BULL_STRUCTURE,BULL_STRUCTURE,1.0,0.9518711855317595734322468467,0.9518711855317595734322468467
2025-08-10 00:00:00+00:00,1,BEAR,0.9994191529306544,True,12,False,BULL_STRUCTURE,BULL_STRUCTURE,1.0,0.9529599090381908502116558536,0.9529599090381908502116558536
2025-08-11 00:00:00+00:00,1,BEAR,0.00018086185137010903,False,12,False,BULL_STRUCTURE,BULL_STRUCTURE,1.0,0.475,0.475
2025-08-12 00:00:00+00:00,1,BEAR,0.9622407816859961,True,13,False,BULL_STRUCTURE,BULL_STRUCTURE,1.0,0.95,0.95
2025-08-13 00:00:00+00:00,1,BEAR,5.805887016367851e-12,False,13,False,BULL_STRUCTURE,BULL_STRUCTURE,1.0,0.475,0.475
2025-08-14 00:00:00+00:00,1,BEAR,2.8828570861004987e-06,False,13,False,BULL_STRUCTURE,BULL_STRUCTURE,1.0,0.4649565198616777862947929363,0.4649565198616777862947929363
2025-08-15 00:00:00+00:00,0,BULL,0.999760202082767,True,3,False,BULL_STRUCTURE,BULL_STRUCTURE,1.0,0.4629447619940300970607011157,0.4629447619940300970607011157
2025-08-16 00:00:00+00:00,0,BULL,0.7958031723968004,True,4,False,BULL_STRUCTURE,BULL_STRUCTURE,1.0,0.4630265572493266226877479359,0.4630265572493266226877479359
2025-08-17 00:00:00+00:00,0,BULL,0.0927018980983536,False,4,False,BULL_STRUCTURE,BULL_STRUCTURE,1.0,0.4630781298952837524718225381,0.4630781298952837524718225381
2025-08-18 00:00:00+00:00,0,BULL,0.0007990201682784672,False,4,False,BULL_STRUCTURE,BULL_STRUCTURE,1.0,0.4605718371272965743572469872,0.4605718371272965743572469872
2025-08-19 00:00:00+00:00,0,BULL,0.007469827224081902,False,4,False,BULL_STRUCTURE,BULL_STRUCTURE,1.0,0.4533055572094580639671212693,0.4533055572094580639671212693
2025-08-20 00:00:00+00:00,1,BEAR,0.9997872420715265,True,3,False,BULL_STRUCTURE,BULL_STRUCTURE,1.0,0.95,0.95
2025-08-21 00:00:00+00:00,1,BEAR,0.8809180884362282,True,4,False,BULL_STRUCTURE,BULL_STRUCTURE,1.0,0.9498682398138928350778230540,0.9498682398138928350778230540
2025-08-22 00:00:00+00:00,1,BEAR,0.001072935514407421,False,4,False,BULL_STRUCTURE,BULL_STRUCTURE,1.0,0.475,0.475
2025-08-23 00:00:00+00:00,1,BEAR,2.1298784641357593e-07,False,4,False,BULL_STRUCTURE,BULL_STRUCTURE,1.0,0.4720789951723913208616231504,0.4720789951723913208616231504
2025-08-24 00:00:00+00:00,0,BULL,0.9929198920807699,True,3,False,BULL_STRUCTURE,BULL_STRUCTURE,1.0,0.4678474315842357983947001311,0.4678474315842357983947001311
2025-08-25 00:00:00+00:00,0,BULL,0.9981215583844913,True,4,False,BULL_STRUCTURE,BULL_STRUCTURE,1.0,0.4603244644210038449998505807,0.4603244644210038449998505807
2025-08-26 00:00:00+00:00,0,BULL,0.9997923313805519,True,5,False,BULL_STRUCTURE,BULL_STRUCTURE,1.0,0.4640243199737231826484937665,0.4640243199737231826484937665
2025-08-27 00:00:00+00:00,0,BULL,0.9654716366325563,True,6,False,BULL_STRUCTURE,BULL_STRUCTURE,1.0,0.4629066557869025194793895942,0.4629066557869025194793895942
2025-08-28 00:00:00+00:00,0,BULL,0.4596486681169866,False,6,False,BULL_STRUCTURE,BULL_STRUCTURE,1.0,0.4658067946061202726845707116,0.4658067946061202726845707116
2025-08-29 00:00:00+00:00,0,BULL,0.09820622337398799,False,6,False,BULL_STRUCTURE,BULL_STRUCTURE,1.0,0.4563824584181904489667740805,0.4563824584181904489667740805
2025-08-30 00:00:00+00:00,0,BULL,0.9881451427482782,True,7,False,BULL_STRUCTURE,BULL_STRUCTURE,1.0,0.4573854030383306900531734353,0.4573854030383306900531734353
2025-08-31 00:00:00+00:00,0,BULL,0.40258521593662333,False,7,False,BULL_STRUCTURE,BULL_STRUCTURE,1.0,0.4560822931507544694677596766,0.4560822931507544694677596766
2025-09-01 00:00:00+00:00,0,BULL,0.40359319203070293,False,7,False,BULL_STRUCTURE,BULL_STRUCTURE,1.0,0.4583441116370350491768058659,0.4583441116370350491768058659
2025-09-02 00:00:00+00:00,0,BULL,0.9973849795039528,True,8,False,BULL_STRUCTURE,BULL_STRUCTURE,1.0,0.4628574904829433913551299148,0.4628574904829433913551299148
2025-09-03 00:00:00+00:00,0,BULL,0.06732580616886623,False,8,False,BULL_STRUCTURE,BULL_STRUCTURE,1.0,0.4638963128913383551776425501,0.4638963128913383551776425501
2025-09-04 00:00:00+00:00,0,BULL,0.0008653597017527553,False,8,False,BULL_STRUCTURE,BULL_STRUCTURE,1.0,0.4617171513257909026357897658,0.4617171513257909026357897658
2025-09-05 00:00:00+00:00,0,BULL,0.0004727397273980083,False,8,False,BULL_STRUCTURE,BULL_STRUCTURE,1.0,0.4615580147821924591915330286,0.4615580147821924591915330286
2025-09-06 00:00:00+00:00,0,BULL,0.0003955168748867403,False,8,False,BULL_STRUCTURE,BULL_STRUCTURE,1.0,0.4604958525416972368509231811,0.4604958525416972368509231811
2025-09-07 00:00:00+00:00,0,BULL,1.5816947236821494e-05,False,8,False,BULL_STRUCTURE,BULL_STRUCTURE,1.0,0.4626279258754793355412727862,0.4626279258754793355412727862
2025-09-08 00:00:00+00:00,0,BULL,2.1548269370974925e-06,False,8,False,BULL_STRUCTURE,BULL_STRUCTURE,1.0,0.4646955386368852525767426468,0.4646955386368852525767426468
2025-09-09 00:00:00+00:00,0,BULL,1.9985177884778362e-05,False,8,False,BULL_STRUCTURE,BULL_STRUCTURE,1.0,0.4635413752351838673820726757,0.4635413752351838673820726757
2025-09-10 00:00:00+00:00,1,BEAR,0.9999977530794927,True,3,False,BULL_STRUCTURE,BULL_STRUCTURE,1.0,0.95,0.95
2025-09-11 00:00:00+00:00,1,BEAR,0.9999989949797558,True,4,False,BULL_STRUCTURE,BULL_STRUCTURE,1.0,0.9512107516060838153025426302,0.9512107516060838153025426302
2025-09-12 00:00:00+00:00,1,BEAR,0.9999999732335713,True,5,False,BULL_STRUCTURE,BULL_STRUCTURE,1.0,0.9514294801769936787618217601,0.9514294801769936787618217601
2025-09-13 00:00:00+00:00,1,BEAR,0.9999949698048207,True,6,False,BULL_STRUCTURE,BULL_STRUCTURE,1.0,0.9513851796918982399390772288,0.9513851796918982399390772288
2025-09-14 00:00:00+00:00,1,BEAR,0.9999986691964056,True,7,False,BULL_STRUCTURE,BULL_STRUCTURE,1.0,0.9511243256469209374986934315,0.9511243256469209374986934315
2025-09-15 00:00:00+00:00,1,BEAR,0.9999980792854586,True,8,False,BULL_STRUCTURE,BULL_STRUCTURE,1.0,0.9511572525310829250858807331,0.9511572525310829250858807331
2025-09-16 00:00:00+00:00,1,BEAR,0.9999994468236475,True,9,False,BULL_STRUCTURE,BULL_STRUCTURE,1.0,0.9517301123258366202432738586,0.9517301123258366202432738586
2025-09-17 00:00:00+00:00,1,BEAR,0.9999994352630668,True,10,False,BULL_STRUCTURE,BULL_STRUCTURE,1.0,0.9515954570122728778143043446,0.9515954570122728778143043446
2025-09-18 00:00:00+00:00,1,BEAR,0.9999972449269743,True,11,False,BULL_STRUCTURE,BULL_STRUCTURE,1.0,0.9518417913106793905227049588,0.9518417913106793905227049588
2025-09-19 00:00:00+00:00,1,BEAR,0.999997004476366,True,12,False,BULL_STRUCTURE,BULL_STRUCTURE,1.0,0.9512708332258795887140127928,0.9512708332258795887140127928
2025-09-20 00:00:00+00:00,1,BEAR,0.999991530939434,True,13,False,BULL_STRUCTURE,BULL_STRUCTURE,1.0,0.9512921707047443377902074418,0.9512921707047443377902074418
2025-09-21 00:00:00+00:00,1,BEAR,0.9999999449446493,True,14,False,BULL_STRUCTURE,BULL_STRUCTURE,1.0,0.9511099157547994984384581386,0.9511099157547994984384581386
2025-09-22 00:00:00+00:00,1,BEAR,0.999957253318449,True,15,False,BULL_STRUCTURE,BULL_STRUCTURE,1.0,0.9500456043713883644102218156,0.9500456043713883644102218156
2025-09-23 00:00:00+00:00,1,BEAR,0.9999385486181497,True,16,False,BULL_STRUCTURE,BULL_STRUCTURE,1.0,0.9497693223576598736715556886,0.9497693223576598736715556886
2025-09-24 00:00:00+00:00,1,BEAR,0.9999189510022081,True,17,False,BULL_STRUCTURE,BULL_STRUCTURE,1.0,0.9503204554876979579344607844,0.9503204554876979579344607844
2025-09-25 00:00:00+00:00,1,BEAR,0.9999946751327915,True,18,False,BULL_STRUCTURE,BULL_STRUCTURE,1.0,0.9484561356223402483254550194,0.9484561356223402483254550194
2025-09-26 00:00:00+00:00,1,BEAR,0.9999110839950461,True,19,False,BULL_STRUCTURE,BULL_STRUCTURE,1.0,0.9487455823415726834187107326,0.9487455823415726834187107326
2025-09-27 00:00:00+00:00,1,BEAR,0.9998023808808436,True,20,False,BULL_STRUCTURE,BULL_STRUCTURE,1.0,0.9487422070476774582677893614,0.9487422070476774582677893614
2025-09-28 00:00:00+00:00,1,BEAR,0.9388137952881083,True,21,False,BULL_STRUCTURE,BULL_STRUCTURE,1.0,0.9498395720746739323532723753,0.9498395720746739323532723753
2025-09-29 00:00:00+00:00,1,BEAR,0.9974970072772688,True,22,False,BULL_STRUCTURE,BULL_STRUCTURE,1.0,0.9507356910184083658406822770,0.9507356910184083658406822770
2025-09-30 00:00:00+00:00,1,BEAR,0.9998712447655498,True,23,False,BULL_STRUCTURE,BULL_STRUCTURE,1.0,0.9506276827701971474544300942,0.9506276827701971474544300942
2025-10-01 00:00:00+00:00,1,BEAR,0.9908694234183661,True,24,False,BULL_STRUCTURE,BULL_STRUCTURE,1.0,0.9524302252175417757804944811,0.9524302252175417757804944811
2025-10-02 00:00:00+00:00,1,BEAR,0.9996906043948772,True,25,False,BULL_STRUCTURE,BULL_STRUCTURE,1.0,0.9531579052162698715632055017,0.9531579052162698715632055017
2025-10-03 00:00:00+00:00,1,BEAR,0.9892448705991046,True,26,False,BULL_STRUCTURE,BULL_STRUCTURE,1.0,0.9537802414606702651530808283,0.9537802414606702651530808283
2025-10-04 00:00:00+00:00,1,BEAR,0.8140823204370713,True,27,False,BULL_STRUCTURE,BULL_STRUCTURE,1.0,0.9538375144316962654585252939,0.9538375144316962654585252939
2025-10-05 00:00:00+00:00,1,BEAR,0.999956785177992,True,28,False,BULL_STRUCTURE,BULL_STRUCTURE,1.0,0.9542268142407199998570768926,0.9542268142407199998570768926
2025-10-06 00:00:00+00:00,1,BEAR,0.9999999527517514,True,29,False,BULL_STRUCTURE,BULL_STRUCTURE,1.0,0.9546391211223684652946320433,0.9546391211223684652946320433
2025-10-07 00:00:00+00:00,1,BEAR,0.9095804921302446,True,30,False,BULL_STRUCTURE,BULL_STRUCTURE,1.0,0.9534537044810650525436327918,0.9534537044810650525436327918
2025-10-08 00:00:00+00:00,1,BEAR,0.9999474770626346,True,31,False,BULL_STRUCTURE,BULL_STRUCTURE,1.0,0.9541643650134822124605539139,0.9541643650134822124605539139
2025-10-09 00:00:00+00:00,1,BEAR,0.999707129184196,True,32,False,BULL_STRUCTURE,BULL_STRUCTURE,1.0,0.9535738956637280796398763957,0.9535738956637280796398763957
2025-10-10 00:00:00+00:00,1,BEAR,0.9975218639579185,True,33,False,BULL_STRUCTURE,BULL_STRUCTURE,1.0,0.9500975839954540711513661600,0.9500975839954540711513661600
2025-10-11 00:00:00+00:00,1,BEAR,1.4286794238906306e-06,False,33,False,BULL_STRUCTURE,BULL_STRUCTURE,1.0,0.475,0.475
2025-10-12 00:00:00+00:00,1,BEAR,1.4480662997051928e-06,False,33,False,BULL_STRUCTURE,BULL_STRUCTURE,1.0,0.4848388527325555918524836997,0.4848388527325555918524836997
2025-10-13 00:00:00+00:00,0,BULL,0.9993091568273686,True,3,False,BULL_STRUCTURE,BULL_STRUCTURE,1.0,0.4852886415939910140683151663,0.4852886415939910140683151663
2025-10-14 00:00:00+00:00,0,BULL,0.9994053771504102,True,4,False,BULL_STRUCTURE,BULL_STRUCTURE,1.0,0.4806096856959622798828233788,0.4806096856959622798828233788
2025-10-15 00:00:00+00:00,0,BULL,0.998853115321828,True,5,False,BULL_STRUCTURE,BULL_STRUCTURE,1.0,0.4755590752314445649715112488,0.4755590752314445649715112488
2025-10-16 00:00:00+00:00,0,BULL,0.9640394405345616,True,6,False,BULL_STRUCTURE,BULL_STRUCTURE,1.0,0.4697100136137546705878872914,0.4697100136137546705878872914
2025-10-17 00:00:00+00:00,0,BULL,0.06730832910044479,False,6,False,BULL_STRUCTURE,BULL_STRUCTURE,1.0,0.4656209040766016432096890973,0.4656209040766016432096890973
2025-10-18 00:00:00+00:00,0,BEAR,0.9999999071988029,True,1,False,BULL_STRUCTURE,BULL_STRUCTURE,1.0,0.4673762686444642395708422296,0.4673762686444642395708422296
2025-10-19 00:00:00+00:00,0,BEAR,0.9999999517613116,True,2,False,BULL_STRUCTURE,BULL_STRUCTURE,1.0,0.4707405340278532074066167178,0.4707405340278532074066167178
2025-10-20 00:00:00+00:00,0,BEAR,0.9999997441991909,True,3,False,BULL_STRUCTURE,BULL_STRUCTURE,1.0,0.4750379938166004066538323818,0.4750379938166004066538323818
2025-10-21 00:00:00+00:00,0,BEAR,0.9999791931686612,True,4,False,BULL_STRUCTURE,BULL_STRUCTURE,1.0,0.4699479290325915413388451536,0.4699479290325915413388451536
2025-10-22 00:00:00+00:00,0,BEAR,0.9999689405798141,True,5,False,BULL_STRUCTURE,BULL_STRUCTURE,1.0,0.4682629783383496552088664380,0.4682629783383496552088664380
2025-10-23 00:00:00+00:00,0,BEAR,0.9985787179244778,True,6,False,BULL_STRUCTURE,BULL_STRUCTURE,1.0,0.4740119034014837718351427046,0.4740119034014837718351427046
2025-10-24 00:00:00+00:00,0,BEAR,0.9999611317685406,True,7,False,BULL_STRUCTURE,BULL_STRUCTURE,1.0,0.4761025380861997675257153716,0.4761025380861997675257153716
2025-10-25 00:00:00+00:00,0,BEAR,0.9922815713915973,True,8,False,BULL_STRUCTURE,BULL_STRUCTURE,1.0,0.4775397706082350888827380772,0.4775397706082350888827380772
2025-10-26 00:00:00+00:00,0,BEAR,0.9991622670607315,True,9,False,BULL_STRUCTURE,BULL_STRUCTURE,1.0,0.4839696150841875679067957623,0.4839696150841875679067957623
2025-10-27 00:00:00+00:00,0,BEAR,0.9999528349599066,True,10,False,BULL_STRUCTURE,BULL_STRUCTURE,1.0,0.4829829030341576739331950025,0.4829829030341576739331950025
2025-10-28 00:00:00+00:00,0,BEAR,0.997571547062244,True,11,False,BULL_STRUCTURE,BULL_STRUCTURE,1.0,0.4803231057238893099519601394,0.4803231057238893099519601394
2025-10-29 00:00:00+00:00,0,BEAR,0.9998486703898709,True,12,False,BULL_STRUCTURE,BULL_STRUCTURE,1.0,0.4738830172482172627764798093,0.4738830172482172627764798093
2025-10-30 00:00:00+00:00,0,BEAR,0.9708168041201377,True,13,False,BULL_STRUCTURE,BULL_STRUCTURE,1.0,0.4700059085372609761641230638,0.4700059085372609761641230638
2025-10-31 00:00:00+00:00,0,BEAR,0.6679531248163926,True,14,False,BULL_STRUCTURE,BULL_STRUCTURE,1.0,0.4729448184152607979592281892,0.4729448184152607979592281892
2025-11-01 00:00:00+00:00,0,BEAR,0.0006980353326887046,False,14,False,BULL_STRUCTURE,BULL_STRUCTURE,1.0,0.4740570178866789411407385960,0.4740570178866789411407385960
2025-11-02 00:00:00+00:00,0,BEAR,3.412352951953693e-08,False,14,False,BULL_STRUCTURE,BULL_STRUCTURE,1.0,0.4750573734236989205841478672,0.4750573734236989205841478672
2025-11-03 00:00:00+00:00,0,BEAR,0.00027370597275892404,False,14,False,TRANSITION,BULL_STRUCTURE,0.6,0.4659745223086672210517045921,0.4659745223086672210517045921
2025-11-04 00:00:00+00:00,0,BEAR,0.1367023367281447,False,14,False,TRANSITION,BULL_STRUCTURE,0.6,0.4538305016714589710535932382,0.4538305016714589710535932382
2025-11-05 00:00:00+00:00,1,BULL,0.5345197311110533,True,3,False,TRANSITION,BULL_STRUCTURE,0.6,0.4596005288630502386149273469,0.4596005288630502386149273469
2025-11-06 00:00:00+00:00,1,BULL,0.01584746975368874,False,3,False,TRANSITION,BULL_STRUCTURE,0.6,0.4534610522495043429514540949,0.4534610522495043429514540949
2025-11-07 00:00:00+00:00,1,BULL,0.0002361816075487374,False,3,False,TRANSITION,TRANSITION,0.6,0.4582918030001705142011345811,0.4582918030001705142011345811
2025-11-08 00:00:00+00:00,0,BEAR,0.9967682658890717,True,3,False,TRANSITION,TRANSITION,0.6,0.4558153482060798791194264786,0.4558153482060798791194264786
2025-11-09 00:00:00+00:00,0,BEAR,0.9968715219981168,True,4,False,TRANSITION,TRANSITION,0.6,0.4615961382084344619377442993,0.4615961382084344619377442993
2025-11-10 00:00:00+00:00,0,BEAR,0.9986141549498875,True,5,False,TRANSITION,TRANSITION,0.6,0.4646359217973445981520944598,0.4646359217973445981520944598
2025-11-11 00:00:00+00:00,0,BEAR,0.9999763541858436,True,6,False,TRANSITION,TRANSITION,0.6,0.4576180816581293537263384471,0.4576180816581293537263384471
2025-11-12 00:00:00+00:00,0,BEAR,0.9997781935434832,True,7,False,TRANSITION,TRANSITION,0.6,0.4542140113262990530480429302,0.4542140113262990530480429302
2025-11-13 00:00:00+00:00,0,BEAR,0.9998781617683046,True,8,False,TRANSITION,TRANSITION,0.6,0.4493861131289097960876794809,0.4493861131289097960876794809
2025-11-14 00:00:00+00:00,0,BEAR,0.9999999996189217,True,9,False,TRANSITION,TRANSITION,0.6,0.4364350700994719338541935797,0.4364350700994719338541935797
2025-11-15 00:00:00+00:00,0,BEAR,0.9999999864794519,True,10,False,TRANSITION,TRANSITION,0.6,0.4390290592026754910730221331,0.4390290592026754910730221331
2025-11-16 00:00:00+00:00,0,BEAR,0.9999991521766743,True,11,False,TRANSITION,TRANSITION,0.6,0.4355690322039453949384671851,0.4355690322039453949384671851
2025-11-17 00:00:00+00:00,0,BEAR,0.9999999593201218,True,12,False,TRANSITION,TRANSITION,0.6,0.4301810128676872084600986728,0.4301810128676872084600986728
2025-11-18 00:00:00+00:00,0,BEAR,0.9999998916791869,True,13,False,TRANSITION,TRANSITION,0.6,0.4321563267606858237320639070,0.4321563267606858237320639070
2025-11-19 00:00:00+00:00,0,BEAR,0.9998995062872822,True,14,False,TRANSITION,TRANSITION,0.6,0.4284207081323797389969659347,0.4284207081323797389969659347
2025-11-20 00:00:00+00:00,0,BEAR,0.9999999999236024,True,15,False,TRANSITION,TRANSITION,0.6,0.4149577501978869288935271512,0.4149577501978869288935271512
2025-11-21 00:00:00+00:00,0,BEAR,0.9999999999990905,True,16,False,TRANSITION,TRANSITION,0.6,0.4107019812452987518484058272,0.4107019812452987518484058272
2025-11-22 00:00:00+00:00,0,BEAR,0.9999999933324943,True,17,False,TRANSITION,TRANSITION,0.6,0.4095919925064435782277979859,0.4095919925064435782277979859
2025-11-23 00:00:00+00:00,0,BEAR,0.9999999999809006,True,18,False,TRANSITION,TRANSITION,0.6,0.4154974163804900242309550206,0.4154974163804900242309550206
2025-11-24 00:00:00+00:00,0,BEAR,0.9995465184792865,True,19,False,TRANSITION,TRANSITION,0.6,0.4195802436078180804048601124,0.4195802436078180804048601124
2025-11-25 00:00:00+00:00,0,BEAR,0.9999672621672492,True,20,False,TRANSITION,TRANSITION,0.6,0.4170037662854943928300758967,0.4170037662854943928300758967
2025-11-26 00:00:00+00:00,0,BEAR,0.999999994155587,True,21,False,TRANSITION,TRANSITION,0.6,0.4255419043035023021560678792,0.4255419043035023021560678792
2025-11-27 00:00:00+00:00,0,BEAR,0.9999999999754436,True,22,False,TRANSITION,TRANSITION,0.6,0.4278289743504951595137147667,0.4278289743504951595137147667
2025-11-28 00:00:00+00:00,0,BEAR,0.9999999997398845,True,23,False,TRANSITION,TRANSITION,0.6,0.4266385132335346691424219020,0.4266385132335346691424219020
2025-11-29 00:00:00+00:00,0,BEAR,0.9999998907123941,True,24,False,TRANSITION,TRANSITION,0.6,0.4264008768081381803153638280,0.4264008768081381803153638280
2025-11-30 00:00:00+00:00,0,BEAR,0.9999999999772626,True,25,False,TRANSITION,TRANSITION,0.6,0.4252066503504794734132658439,0.4252066503504794734132658439
2025-12-01 00:00:00+00:00,0,BEAR,0.9999999999990905,True,26,False,TRANSITION,TRANSITION,0.6,0.4139719316660576522208958565,0.4139719316660576522208958565
2025-12-02 00:00:00+00:00,0,BEAR,1.0,True,27,False,BEAR_STRUCTURE,TRANSITION,0.3,0.4276786572288989925673710780,0.3
2025-12-03 00:00:00+00:00,0,BEAR,1.0,True,28,False,BEAR_STRUCTURE,TRANSITION,0.3,0.3049638947741790528910100510,0.3
2025-12-04 00:00:00+00:00,0,BEAR,0.999999999990905,True,29,False,BEAR_STRUCTURE,TRANSITION,0.3,0.2969487494807963334014195701,0.2969487494807963334014195701
2025-12-05 00:00:00+00:00,0,BEAR,0.9999999997007762,True,30,False,BEAR_STRUCTURE,TRANSITION,0.3,0.2906624045390485665378352140,0.2906624045390485665378352140
2025-12-06 00:00:00+00:00,0,BEAR,0.999999996135557,True,31,False,BEAR_STRUCTURE,BEAR_STRUCTURE,0.3,0.2904471140001628215708524460,0.2904471140001628215708524460
2025-12-07 00:00:00+00:00,0,BEAR,0.999999998547537,True,32,False,BEAR_STRUCTURE,BEAR_STRUCTURE,0.3,0.2931126030348156289061767978,0.2931126030348156289061767978
2025-12-08 00:00:00+00:00,0,BEAR,1.0,True,33,False,BEAR_STRUCTURE,BEAR_STRUCTURE,0.3,0.2936600660257532904879956386,0.2936600660257532904879956386
2025-12-09 00:00:00+00:00,0,BEAR,0.9999999999809006,True,34,False,BEAR_STRUCTURE,BEAR_STRUCTURE,0.3,0.2983081840255737982869878745,0.2983081840255737982869878745
2025-12-10 00:00:00+00:00,0,BEAR,0.9999992014730656,True,35,False,BEAR_STRUCTURE,BEAR_STRUCTURE,0.3,0.2968065826092504949091453037,0.2968065826092504949091453037
2025-12-11 00:00:00+00:00,0,BEAR,0.9999966228390532,True,36,False,BEAR_STRUCTURE,BEAR_STRUCTURE,0.3,0.2979343743893763431225509671,0.2979343743893763431225509671
2025-12-12 00:00:00+00:00,0,BEAR,0.9999999914825821,True,37,False,BEAR_STRUCTURE,BEAR_STRUCTURE,0.3,0.2928216352171434012649523902,0.2928216352171434012649523902
2025-12-13 00:00:00+00:00,0,BEAR,0.9995570873655502,True,38,False,BEAR_STRUCTURE,BEAR_STRUCTURE,0.3,0.2927564562392243852818090243,0.2927564562392243852818090243
2025-12-14 00:00:00+00:00,0,BEAR,0.9995669707949145,True,39,False,BEAR_STRUCTURE,BEAR_STRUCTURE,0.3,0.2879798818745421168628480986,0.2879798818745421168628480986
2025-12-15 00:00:00+00:00,0,BEAR,0.999999999479769,True,40,False,BEAR_STRUCTURE,BEAR_STRUCTURE,0.3,0.2839101118166227499348794838,0.2839101118166227499348794838
2025-12-16 00:00:00+00:00,0,BEAR,0.9999999543888417,True,41,False,BEAR_STRUCTURE,BEAR_STRUCTURE,0.3,0.2872611481567599126728769808,0.2872611481567599126728769808
2025-12-17 00:00:00+00:00,0,BEAR,0.9999931929782846,True,42,False,BEAR_STRUCTURE,BEAR_STRUCTURE,0.3,0.2834656003929091543426429598,0.2834656003929091543426429598
2025-12-18 00:00:00+00:00,0,BEAR,0.9970194230649716,True,43,False,BEAR_STRUCTURE,BEAR_STRUCTURE,0.3,0.2817497790629955789510519872,0.2817497790629955789510519872
2025-12-19 00:00:00+00:00,0,BEAR,0.999752460310757,True,44,False,BEAR_STRUCTURE,BEAR_STRUCTURE,0.3,0.2878979438474338660475173145,0.2878979438474338660475173145
2025-12-20 00:00:00+00:00,0,BEAR,0.9999991945945627,True,45,False,BEAR_STRUCTURE,BEAR_STRUCTURE,0.3,0.2884185097239265900520355411,0.2884185097239265900520355411
2025-12-21 00:00:00+00:00,0,BEAR,0.999999491585315,True,46,False,BEAR_STRUCTURE,BEAR_STRUCTURE,0.3,0.2891099002582317914030705469,0.2891099002582317914030705469
2025-12-22 00:00:00+00:00,0,BEAR,0.99993921194576,True,47,False,BEAR_STRUCTURE,BEAR_STRUCTURE,0.3,0.2890216369742304093193658804,0.2890216369742304093193658804
2025-12-23 00:00:00+00:00,0,BEAR,0.9935162553885439,True,48,False,BEAR_STRUCTURE,BEAR_STRUCTURE,0.3,0.2863805853141795458815905807,0.2863805853141795458815905807
2025-12-24 00:00:00+00:00,0,BEAR,0.8489930127577701,True,49,False,BEAR_STRUCTURE,BEAR_STRUCTURE,0.3,0.2868088661717783103668267294,0.2868088661717783103668267294
2025-12-25 00:00:00+00:00,0,BEAR,0.7330075239284272,True,50,False,BEAR_STRUCTURE,BEAR_STRUCTURE,0.3,0.2857710014034292254494164400,0.2857710014034292254494164400
2025-12-26 00:00:00+00:00,0,BEAR,3.349554649723912e-07,False,50,False,BEAR_STRUCTURE,BEAR_STRUCTURE,0.3,0.2861084784904346117066800673,0.2861084784904346117066800673
2025-12-27 00:00:00+00:00,0,BEAR,9.937511602847295e-14,False,50,False,BEAR_STRUCTURE,BEAR_STRUCTURE,0.3,0.2872928146069921477896774475,0.2872928146069921477896774475
2025-12-28 00:00:00+00:00,2,NEUTRAL,0.9999979645774852,True,3,False,BEAR_STRUCTURE,BEAR_STRUCTURE,0.3,0.95,0.3
2025-12-29 00:00:00+00:00,2,NEUTRAL,0.9999964299131597,True,4,False,BEAR_STRUCTURE,BEAR_STRUCTURE,0.3,0.95,0.3
2025-12-30 00:00:00+00:00,2,NEUTRAL,0.9982951054614683,True,5,False,BEAR_STRUCTURE,BEAR_STRUCTURE,0.3,0.95,0.3
2025-12-31 00:00:00+00:00,2,NEUTRAL,0.9995085811900818,True,6,False,BEAR_STRUCTURE,BEAR_STRUCTURE,0.3,0.95,0.3
2026-01-01 00:00:00+00:00,2,NEUTRAL,0.9968535114559856,True,7,False,BEAR_STRUCTURE,BEAR_STRUCTURE,0.3,0.95,0.3
2026-01-02 00:00:00+00:00,2,NEUTRAL,0.9999662242081994,True,8,False,BEAR_STRUCTURE,BEAR_STRUCTURE,0.3,0.95,0.3
2026-01-03 00:00:00+00:00,2,NEUTRAL,0.9994593468843528,True,9,False,BEAR_STRUCTURE,BEAR_STRUCTURE,0.3,0.95,0.3
2026-01-04 00:00:00+00:00,2,NEUTRAL,0.9999215372196869,True,10,False,BEAR_STRUCTURE,BEAR_STRUCTURE,0.3,0.95,0.3
2026-01-05 00:00:00+00:00,2,NEUTRAL,0.9978466208161302,True,11,False,BEAR_STRUCTURE,BEAR_STRUCTURE,0.3,0.95,0.3
2026-01-06 00:00:00+00:00,2,NEUTRAL,0.40199109839303526,False,11,False,BEAR_STRUCTURE,BEAR_STRUCTURE,0.3,0.2997509293538450053732441677,0.2997509293538450053732441677
2026-01-07 00:00:00+00:00,2,NEUTRAL,4.5440922533627356e-05,False,11,False,BEAR_STRUCTURE,BEAR_STRUCTURE,0.3,0.2943726206416168831388875236,0.2943726206416168831388875236
2026-01-08 00:00:00+00:00,1,BULL,0.9983675033278719,True,3,False,BEAR_STRUCTURE,BEAR_STRUCTURE,0.3,0.60,0.3
2026-01-09 00:00:00+00:00,1,BULL,0.9996321169256417,True,4,False,BEAR_STRUCTURE,BEAR_STRUCTURE,0.3,0.60,0.3
2026-01-10 00:00:00+00:00,1,BULL,0.9999883408643035,True,5,False,BEAR_STRUCTURE,BEAR_STRUCTURE,0.3,0.60,0.3
2026-01-11 00:00:00+00:00,1,BULL,0.9991111353400287,True,6,False,BEAR_STRUCTURE,BEAR_STRUCTURE,0.3,0.60,0.3
2026-01-12 00:00:00+00:00,1,BULL,0.7513273342536639,True,7,False,BEAR_STRUCTURE,BEAR_STRUCTURE,0.3,0.60,0.3
2026-01-13 00:00:00+00:00,1,BULL,0.9999830886529056,True,8,False,BEAR_STRUCTURE,BEAR_STRUCTURE,0.3,0.95,0.3
2026-01-14 00:00:00+00:00,1,BULL,0.9998748189605553,True,9,False,BEAR_STRUCTURE,BEAR_STRUCTURE,0.3,0.95,0.3
2026-01-15 00:00:00+00:00,1,BULL,0.9996445378691908,True,10,False,BEAR_STRUCTURE,BEAR_STRUCTURE,0.3,0.95,0.3
2026-01-16 00:00:00+00:00,1,BULL,0.9985286008474441,True,11,False,BEAR_STRUCTURE,BEAR_STRUCTURE,0.3,0.95,0.3
2026-01-17 00:00:00+00:00,1,BULL,0.9985213218191289,True,12,False,BEAR_STRUCTURE,BEAR_STRUCTURE,0.3,0.95,0.3
2026-01-18 00:00:00+00:00,1,BULL,0.09893370668542,False,12,False,BEAR_STRUCTURE,BEAR_STRUCTURE,0.3,0.2967280987025456899815685278,0.2967280987025456899815685278
2026-01-19 00:00:00+00:00,1,BULL,0.0004598531641197318,False,12,False,BEAR_STRUCTURE,BEAR_STRUCTURE,0.3,0.2943987796217080285829648808,0.2943987796217080285829648808
2026-01-20 00:00:00+00:00,2,NEUTRAL,0.9228536506932355,True,3,False,BEAR_STRUCTURE,BEAR_STRUCTURE,0.3,0.95,0.3
2026-01-21 00:00:00+00:00,2,NEUTRAL,0.354797458428057,False,3,False,BEAR_STRUCTURE,BEAR_STRUCTURE,0.3,0.3024341911655731741851754560,0.3
2026-01-22 00:00:00+00:00,2,NEUTRAL,0.8420917425950105,True,4,False,BEAR_STRUCTURE,BEAR_STRUCTURE,0.3,0.95,0.3
2026-01-23 00:00:00+00:00,2,NEUTRAL,0.9828954957481351,True,5,False,BEAR_STRUCTURE,BEAR_STRUCTURE,0.3,0.95,0.3
2026-01-24 00:00:00+00:00,2,NEUTRAL,0.9995314586014304,True,6,False,BEAR_STRUCTURE,BEAR_STRUCTURE,0.3,0.95,0.3
2026-01-25 00:00:00+00:00,2,NEUTRAL,0.9969998281737797,True,7,False,BEAR_STRUCTURE,BEAR_STRUCTURE,0.3,0.95,0.3
2026-01-26 00:00:00+00:00,2,NEUTRAL,0.9087124355847486,True,8,False,BEAR_STRUCTURE,BEAR_STRUCTURE,0.3,0.95,0.3
2026-01-27 00:00:00+00:00,2,NEUTRAL,0.9982386168737006,True,9,False,BEAR_STRUCTURE,BEAR_STRUCTURE,0.3,0.95,0.3
2026-01-28 00:00:00+00:00,2,NEUTRAL,0.7716622297167914,True,10,False,BEAR_STRUCTURE,BEAR_STRUCTURE,0.3,0.95,0.3
2026-01-29 00:00:00+00:00,2,NEUTRAL,0.6009240128254373,True,11,False,BEAR_STRUCTURE,BEAR_STRUCTURE,0.3,0.95,0.3
2026-01-30 00:00:00+00:00,2,NEUTRAL,1.9316223492481698e-07,False,11,False,BEAR_STRUCTURE,BEAR_STRUCTURE,0.3,0.2990337690263129979999994261,0.2990337690263129979999994261
2026-01-31 00:00:00+00:00,2,NEUTRAL,1.8567742716668872e-13,False,11,False,BEAR_STRUCTURE,BEAR_STRUCTURE,0.3,0.2850289802749114378349599322,0.2850289802749114378349599322
2026-02-01 00:00:00+00:00,1,BULL,0.9979742405622094,True,3,False,BEAR_STRUCTURE,BEAR_STRUCTURE,0.3,0.60,0.3
2026-02-02 00:00:00+00:00,1,BULL,0.4079304312170216,False,3,False,BEAR_STRUCTURE,BEAR_STRUCTURE,0.3,0.3048037238907186247772602481,0.3
2026-02-03 00:00:00+00:00,1,BULL,0.0021651410011457946,False,3,False,BEAR_STRUCTURE,BEAR_STRUCTURE,0.3,0.2919927423591560483879951870,0.2919927423591560483879951870
2026-02-04 00:00:00+00:00,0,BEAR,0.9999999666297305,True,3,False,BEAR_STRUCTURE,BEAR_STRUCTURE,0.3,0.2848148589390236579677262777,0.2848148589390236579677262777
2026-02-05 00:00:00+00:00,0,BEAR,1.0,True,4,False,BEAR_STRUCTURE,BEAR_STRUCTURE,0.3,0.2550746628777807440223973640,0.2550746628777807440223973640
2026-02-06 00:00:00+00:00,0,BEAR,1.0,True,5,False,BEAR_STRUCTURE,BEAR_STRUCTURE,0.3,0.2775433856876125171344091216,0.2775433856876125171344091216
2026-02-07 00:00:00+00:00,0,BEAR,1.0,True,6,False,BEAR_STRUCTURE,BEAR_STRUCTURE,0.3,0.2738573848878311719450482478,0.2738573848878311719450482478
2026-02-08 00:00:00+00:00,0,BEAR,1.0,True,7,False,BEAR_STRUCTURE,BEAR_STRUCTURE,0.3,0.2768327977243263418192530292,0.2768327977243263418192530292
2026-02-09 00:00:00+00:00,0,BEAR,1.0,True,8,False,BEAR_STRUCTURE,BEAR_STRUCTURE,0.3,0.2762847704032547798489276470,0.2762847704032547798489276470
2026-02-10 00:00:00+00:00,0,BEAR,1.0,True,9,False,BEAR_STRUCTURE,BEAR_STRUCTURE,0.3,0.2725690914828581755472788281,0.2725690914828581755472788281
2026-02-11 00:00:00+00:00,0,BEAR,1.0,True,10,False,BEAR_STRUCTURE,BEAR_STRUCTURE,0.3,0.2674679982873875812776593106,0.2674679982873875812776593106
2026-02-12 00:00:00+00:00,0,BEAR,1.0,True,11,False,BEAR_STRUCTURE,BEAR_STRUCTURE,0.3,0.2650935256539667547757188619,0.2650935256539667547757188619
2026-02-13 00:00:00+00:00,0,BEAR,1.0,True,12,False,BEAR_STRUCTURE,BEAR_STRUCTURE,0.3,0.2726055815099560806811469562,0.2726055815099560806811469562
2026-02-14 00:00:00+00:00,0,BEAR,1.0,True,13,False,BEAR_STRUCTURE,BEAR_STRUCTURE,0.3,0.2753855004718777005057907738,0.2753855004718777005057907738
2026-02-15 00:00:00+00:00,0,BEAR,1.0,True,14,False,BEAR_STRUCTURE,BEAR_STRUCTURE,0.3,0.2725440042656822228470163976,0.2725440042656822228470163976
2026-02-16 00:00:00+00:00,0,BEAR,1.0,True,15,False,BEAR_STRUCTURE,BEAR_STRUCTURE,0.3,0.2727163539772268271309800704,0.2727163539772268271309800704
2026-02-17 00:00:00+00:00,0,BEAR,1.0,True,16,False,BEAR_STRUCTURE,BEAR_STRUCTURE,0.3,0.2686955583923454005972079016,0.2686955583923454005972079016
2026-02-18 00:00:00+00:00,0,BEAR,1.0,True,17,False,BEAR_STRUCTURE,BEAR_STRUCTURE,0.3,0.2656482063897453138658948994,0.2656482063897453138658948994
2026-02-19 00:00:00+00:00,0,BEAR,1.0,True,18,False,BEAR_STRUCTURE,BEAR_STRUCTURE,0.3,0.2672378029009258725493541185,0.2672378029009258725493541185
2026-02-20 00:00:00+00:00,0,BEAR,1.0,True,19,False,BEAR_STRUCTURE,BEAR_STRUCTURE,0.3,0.2701959418214005578029534145,0.2701959418214005578029534145
2026-02-21 00:00:00+00:00,0,BEAR,1.0,True,20,False,BEAR_STRUCTURE,BEAR_STRUCTURE,0.3,0.2700681314662949476001644738,0.2700681314662949476001644738
2026-02-22 00:00:00+00:00,0,BEAR,1.0,True,21,False,BEAR_STRUCTURE,BEAR_STRUCTURE,0.3,0.2691025131778127809841695155,0.2691025131778127809841695155
2026-02-23 00:00:00+00:00,0,BEAR,1.0,True,22,False,BEAR_STRUCTURE,BEAR_STRUCTURE,0.3,0.2603116489315553125437232497,0.2603116489315553125437232497
2026-02-24 00:00:00+00:00,0,BEAR,1.0,True,23,False,BEAR_STRUCTURE,BEAR_STRUCTURE,0.3,0.2585268601775364590379229396,0.2585268601775364590379229396
2026-02-25 00:00:00+00:00,0,BEAR,1.0,True,24,False,BEAR_STRUCTURE,BEAR_STRUCTURE,0.3,0.2701032489795709724530238866,0.2701032489795709724530238866
2026-02-26 00:00:00+00:00,0,BEAR,0.9999999118244925,True,25,False,BEAR_STRUCTURE,BEAR_STRUCTURE,0.3,0.2686421679750241885931781139,0.2686421679750241885931781139
2026-02-27 00:00:00+00:00,0,BEAR,0.9997561964754687,True,26,False,BEAR_STRUCTURE,BEAR_STRUCTURE,0.3,0.2639155629189720745149034136,0.2639155629189720745149034136
2026-02-28 00:00:00+00:00,0,BEAR,0.9999974247454211,True,27,False,BEAR_STRUCTURE,BEAR_STRUCTURE,0.3,0.2671487419752930236552061061,0.2671487419752930236552061061
2026-03-01 00:00:00+00:00,0,BEAR,0.9999999991132427,True,28,False,BEAR_STRUCTURE,BEAR_STRUCTURE,0.3,0.2636334313324968913301722379,0.2636334313324968913301722379
2026-03-02 00:00:00+00:00,0,BEAR,0.9999999961119101,True,29,False,BEAR_STRUCTURE,BEAR_STRUCTURE,0.3,0.2725367456435920430425734870,0.2725367456435920430425734870
2026-03-03 00:00:00+00:00,0,BEAR,0.9999970551368893,True,30,False,BEAR_STRUCTURE,BEAR_STRUCTURE,0.3,0.2711166322608525060854640761,0.2711166322608525060854640761
2026-03-04 00:00:00+00:00,0,BEAR,0.9999987550671467,True,31,False,BEAR_STRUCTURE,BEAR_STRUCTURE,0.3,0.2834227599710481027030464784,0.2834227599710481027030464784
2026-03-05 00:00:00+00:00,0,BEAR,0.9999985164742702,True,32,False,BEAR_STRUCTURE,BEAR_STRUCTURE,0.3,0.2784243030679818630546598292,0.2784243030679818630546598292
2026-03-06 00:00:00+00:00,0,BEAR,0.9999988313745697,True,33,False,BEAR_STRUCTURE,BEAR_STRUCTURE,0.3,0.2704683751936307525009819573,0.2704683751936307525009819573
2026-03-07 00:00:00+00:00,0,BEAR,0.9999996626257258,True,34,False,BEAR_STRUCTURE,BEAR_STRUCTURE,0.3,0.2679944872475641071587676626,0.2679944872475641071587676626
2026-03-08 00:00:00+00:00,0,BEAR,0.9999834912494693,True,35,False,BEAR_STRUCTURE,BEAR_STRUCTURE,0.3,0.2642077038324880873610984656,0.2642077038324880873610984656
2026-03-09 00:00:00+00:00,0,BEAR,0.9999999870105968,True,36,False,BEAR_STRUCTURE,BEAR_STRUCTURE,0.3,0.2713888122435024481709035225,0.2713888122435024481709035225
2026-03-10 00:00:00+00:00,0,BEAR,0.9999999999918145,True,37,False,BEAR_STRUCTURE,BEAR_STRUCTURE,0.3,0.2757445057610097735608298931,0.2757445057610097735608298931
2026-03-11 00:00:00+00:00,0,BEAR,0.9999999999990905,True,38,False,BEAR_STRUCTURE,BEAR_STRUCTURE,0.3,0.2764382835230290765500121381,0.2764382835230290765500121381
2026-03-12 00:00:00+00:00,0,BEAR,0.9400654011283605,True,39,False,BEAR_STRUCTURE,BEAR_STRUCTURE,0.3,0.2774328000559423073877843801,0.2774328000559423073877843801
2026-03-13 00:00:00+00:00,0,BEAR,0.9999918857831257,True,40,False,BEAR_STRUCTURE,BEAR_STRUCTURE,0.3,0.2785356053672285012426028436,0.2785356053672285012426028436
2026-03-14 00:00:00+00:00,0,BEAR,1.0,True,41,False,BEAR_STRUCTURE,BEAR_STRUCTURE,0.3,0.2793335213784154722634034128,0.2793335213784154722634034128
2026-03-15 00:00:00+00:00,0,BEAR,1.0,True,42,False,BEAR_STRUCTURE,BEAR_STRUCTURE,0.3,0.2838374744202520259521098537,0.2838374744202520259521098537
2026-03-16 00:00:00+00:00,0,BEAR,1.0,True,43,False,BEAR_STRUCTURE,BEAR_STRUCTURE,0.3,0.2895683435932454633691094533,0.2895683435932454633691094533
2026-03-17 00:00:00+00:00,0,BEAR,0.9999999999809006,True,44,False,BEAR_STRUCTURE,BEAR_STRUCTURE,0.3,0.2868788895242631332685895831,0.2868788895242631332685895831
2026-03-18 00:00:00+00:00,0,BEAR,1.0,True,45,False,BEAR_STRUCTURE,BEAR_STRUCTURE,0.3,0.2794312892453234212775127401,0.2794312892453234212775127401
2026-03-19 00:00:00+00:00,0,BEAR,0.9999999299470825,True,46,False,BEAR_STRUCTURE,BEAR_STRUCTURE,0.3,0.2756913115704645940346732430,0.2756913115704645940346732430
2026-03-20 00:00:00+00:00,0,BEAR,0.9999999999990905,True,47,False,BEAR_STRUCTURE,BEAR_STRUCTURE,0.3,0.2773458023182703685649337895,0.2773458023182703685649337895
2026-03-21 00:00:00+00:00,0,BEAR,0.9999999499596027,True,48,False,BEAR_STRUCTURE,BEAR_STRUCTURE,0.3,0.2727903082789666800682830289,0.2727903082789666800682830289
2026-03-22 00:00:00+00:00,0,BEAR,0.999999999998181,True,49,False,BEAR_STRUCTURE,BEAR_STRUCTURE,0.3,0.2697288749014407998777110746,0.2697288749014407998777110746
2026-03-23 00:00:00+00:00,0,BEAR,0.9999999999954525,True,50,False,BEAR_STRUCTURE,BEAR_STRUCTURE,0.3,0.2784688791141235024864027556,0.2784688791141235024864027556
2026-03-24 00:00:00+00:00,0,BEAR,0.9999999999490683,True,51,False,BEAR_STRUCTURE,BEAR_STRUCTURE,0.3,0.2774765610079188161568308775,0.2774765610079188161568308775
2026-03-25 00:00:00+00:00,0,BEAR,0.9999999487636173,True,52,False,BEAR_STRUCTURE,BEAR_STRUCTURE,0.3,0.2796855197464130369201898599,0.2796855197464130369201898599
2026-03-26 00:00:00+00:00,0,BEAR,0.9999999651199692,True,53,False,BEAR_STRUCTURE,BEAR_STRUCTURE,0.3,0.2725086603245985603796269600,0.2725086603245985603796269600
2026-03-27 00:00:00+00:00,0,BEAR,1.0,True,54,False,BEAR_STRUCTURE,BEAR_STRUCTURE,0.3,0.2654904912290347749255611172,0.2654904912290347749255611172
2026-03-28 00:00:00+00:00,0,BEAR,0.9999999999045031,True,55,False,BEAR_STRUCTURE,BEAR_STRUCTURE,0.3,0.2654016512176181540464775453,0.2654016512176181540464775453
2026-03-29 00:00:00+00:00,0,BEAR,0.9999625962465416,True,56,False,BEAR_STRUCTURE,BEAR_STRUCTURE,0.3,0.2643247604033104887250485397,0.2643247604033104887250485397
2026-03-30 00:00:00+00:00,0,BEAR,0.9999999788833522,True,57,False,BEAR_STRUCTURE,BEAR_STRUCTURE,0.3,0.2666342086705911349828633597,0.2666342086705911349828633597
2026-03-31 00:00:00+00:00,0,BEAR,0.9999984640929114,True,58,False,BEAR_STRUCTURE,BEAR_STRUCTURE,0.3,0.2709618360716399286599369472,0.2709618360716399286599369472
2026-04-01 00:00:00+00:00,0,BEAR,0.999999929526896,True,59,False,BEAR_STRUCTURE,BEAR_STRUCTURE,0.3,0.2704680855097865687825731469,0.2704680855097865687825731469
2026-04-02 00:00:00+00:00,0,BEAR,0.9999999777019186,True,60,False,BEAR_STRUCTURE,BEAR_STRUCTURE,0.3,0.2669403419473262864295705363,0.2669403419473262864295705363
2026-04-03 00:00:00+00:00,0,BEAR,0.9999997783170574,True,61,False,BEAR_STRUCTURE,BEAR_STRUCTURE,0.3,0.2671225486242325022825987930,0.2671225486242325022825987930
2026-04-04 00:00:00+00:00,0,BEAR,0.9999996623501489,True,62,False,BEAR_STRUCTURE,BEAR_STRUCTURE,0.3,0.2681038694650384471705266527,0.2681038694650384471705266527
2026-04-05 00:00:00+00:00,0,BEAR,0.9999041712160904,True,63,False,BEAR_STRUCTURE,BEAR_STRUCTURE,0.3,0.2731242250837128730857151427,0.2731242250837128730857151427
2026-04-06 00:00:00+00:00,0,BEAR,0.9757004688558496,True,64,False,BEAR_STRUCTURE,BEAR_STRUCTURE,0.3,0.2726047175421583155910008013,0.2726047175421583155910008013
2026-04-07 00:00:00+00:00,0,BEAR,0.999868176994927,True,65,False,BEAR_STRUCTURE,BEAR_STRUCTURE,0.3,0.2813414000097387586665088177,0.2813414000097387586665088177
2026-04-08 00:00:00+00:00,0,BEAR,0.9991726561114693,True,66,False,BEAR_STRUCTURE,BEAR_STRUCTURE,0.3,0.2789318267601370990800805223,0.2789318267601370990800805223
2026-04-09 00:00:00+00:00,0,BEAR,0.9708225576223509,True,67,False,BEAR_STRUCTURE,BEAR_STRUCTURE,0.3,0.2809581791463885679675026130,0.2809581791463885679675026130
2026-04-10 00:00:00+00:00,0,BEAR,1.091779084323842e-06,False,67,False,BEAR_STRUCTURE,BEAR_STRUCTURE,0.3,0.2842488928161891725407395233,0.2842488928161891725407395233
2026-04-11 00:00:00+00:00,0,BEAR,1.3654635975552475e-08,False,67,False,BEAR_STRUCTURE,BEAR_STRUCTURE,0.3,0.2844731796759348057785172927,0.2844731796759348057785172927
2026-04-12 00:00:00+00:00,1,BULL,0.9999942844924217,True,3,False,BEAR_STRUCTURE,BEAR_STRUCTURE,0.3,0.95,0.3
2026-04-13 00:00:00+00:00,1,BULL,0.9999741844379854,True,4,False,BEAR_STRUCTURE,BEAR_STRUCTURE,0.3,0.95,0.3
2026-04-14 00:00:00+00:00,1,BULL,0.9999905463993239,True,5,False,BEAR_STRUCTURE,BEAR_STRUCTURE,0.3,0.95,0.3
2026-04-15 00:00:00+00:00,1,BULL,0.9999996094748748,True,6,False,BEAR_STRUCTURE,BEAR_STRUCTURE,0.3,0.95,0.3
2026-04-16 00:00:00+00:00,1,BULL,0.9937327602426822,True,7,False,BEAR_STRUCTURE,BEAR_STRUCTURE,0.3,0.95,0.3
2026-04-17 00:00:00+00:00,1,BULL,0.9999999653919082,True,8,False,BEAR_STRUCTURE,BEAR_STRUCTURE,0.3,0.95,0.3
2026-04-18 00:00:00+00:00,0,BULL,0.9999999999972715,True,1,False,BEAR_STRUCTURE,BEAR_STRUCTURE,0.3,0.95,0.3
2026-04-19 00:00:00+00:00,0,BULL,0.9999999999936335,True,2,False,BEAR_STRUCTURE,BEAR_STRUCTURE,0.3,0.95,0.3
2026-04-20 00:00:00+00:00,0,BULL,0.999897068686535,True,3,False,BEAR_STRUCTURE,BEAR_STRUCTURE,0.3,0.95,0.3
2026-04-21 00:00:00+00:00,0,BULL,0.9999999527553893,True,4,False,BEAR_STRUCTURE,BEAR_STRUCTURE,0.3,0.95,0.3
2026-04-22 00:00:00+00:00,0,BULL,0.99979514228251,True,5,False,BEAR_STRUCTURE,BEAR_STRUCTURE,0.3,0.95,0.3
2026-04-23 00:00:00+00:00,0,BULL,0.9997670107355401,True,6,False,BEAR_STRUCTURE,BEAR_STRUCTURE,0.3,0.95,0.3
2026-04-24 00:00:00+00:00,0,BULL,0.9999999950568963,True,7,False,BEAR_STRUCTURE,BEAR_STRUCTURE,0.3,0.95,0.3
2026-04-25 00:00:00+00:00,0,BULL,0.9999999933770596,True,8,False,BEAR_STRUCTURE,BEAR_STRUCTURE,0.3,0.95,0.3
2026-04-26 00:00:00+00:00,0,BULL,0.9999981181035282,True,9,False,BEAR_STRUCTURE,BEAR_STRUCTURE,0.3,0.95,0.3
2026-04-27 00:00:00+00:00,0,BULL,0.9998794870306954,True,10,False,BEAR_STRUCTURE,BEAR_STRUCTURE,0.3,0.95,0.3
2026-04-28 00:00:00+00:00,0,BULL,0.9998382060527229,True,11,False,BEAR_STRUCTURE,BEAR_STRUCTURE,0.3,0.95,0.3
2026-04-29 00:00:00+00:00,0,BULL,0.9999992080869058,True,12,False,BEAR_STRUCTURE,BEAR_STRUCTURE,0.3,0.95,0.3
2026-04-30 00:00:00+00:00,0,BULL,0.9914214690459664,True,13,False,BEAR_STRUCTURE,BEAR_STRUCTURE,0.3,0.95,0.3
2026-05-01 00:00:00+00:00,0,BULL,0.9102468618912786,True,14,False,BEAR_STRUCTURE,BEAR_STRUCTURE,0.3,0.95,0.3
2026-05-02 00:00:00+00:00,0,BULL,0.9999949420144408,True,15,False,BEAR_STRUCTURE,BEAR_STRUCTURE,0.3,0.95,0.3
2026-05-03 00:00:00+00:00,0,BULL,0.1404407147564561,False,15,False,BEAR_STRUCTURE,BEAR_STRUCTURE,0.3,0.2996828784895618469907365187,0.2996828784895618469907365187
2026-05-04 00:00:00+00:00,0,BULL,0.0002675391777084582,False,15,False,BEAR_STRUCTURE,BEAR_STRUCTURE,0.3,0.3031183197019196612950390878,0.3
2026-05-05 00:00:00+00:00,1,NEUTRAL,0.9999999123892888,True,3,False,BEAR_STRUCTURE,BEAR_STRUCTURE,0.3,0.95,0.3
2026-05-06 00:00:00+00:00,1,NEUTRAL,0.9999999988667696,True,4,False,BEAR_STRUCTURE,BEAR_STRUCTURE,0.3,0.95,0.3
2026-05-07 00:00:00+00:00,1,NEUTRAL,0.9999986490438489,True,5,False,BEAR_STRUCTURE,BEAR_STRUCTURE,0.3,0.95,0.3
2026-05-08 00:00:00+00:00,1,NEUTRAL,0.9999981536637953,True,6,False,BEAR_STRUCTURE,BEAR_STRUCTURE,0.3,0.95,0.3
2026-05-09 00:00:00+00:00,1,NEUTRAL,0.9999999957572072,True,7,False,BEAR_STRUCTURE,BEAR_STRUCTURE,0.3,0.95,0.3
2026-05-10 00:00:00+00:00,1,NEUTRAL,0.9999999977217158,True,8,False,BEAR_STRUCTURE,BEAR_STRUCTURE,0.3,0.95,0.3
2026-05-11 00:00:00+00:00,1,NEUTRAL,0.9999997125351414,True,9,False,BEAR_STRUCTURE,BEAR_STRUCTURE,0.3,0.95,0.3
2026-05-12 00:00:00+00:00,1,NEUTRAL,0.9999998399589586,True,10,False,BEAR_STRUCTURE,BEAR_STRUCTURE,0.3,0.95,0.3
2026-05-13 00:00:00+00:00,1,NEUTRAL,0.9999999272877202,True,11,False,BEAR_STRUCTURE,BEAR_STRUCTURE,0.3,0.95,0.3
2026-05-14 00:00:00+00:00,1,NEUTRAL,0.9999992845116881,True,12,False,BEAR_STRUCTURE,BEAR_STRUCTURE,0.3,0.95,0.3
2026-05-15 00:00:00+00:00,1,NEUTRAL,0.9999273099355974,True,13,False,BEAR_STRUCTURE,BEAR_STRUCTURE,0.3,0.95,0.3
2026-05-16 00:00:00+00:00,1,NEUTRAL,0.9999815641821014,True,14,False,BEAR_STRUCTURE,BEAR_STRUCTURE,0.3,0.95,0.3
2026-05-17 00:00:00+00:00,1,NEUTRAL,0.9999855937213378,True,15,False,BEAR_STRUCTURE,BEAR_STRUCTURE,0.3,0.95,0.3
2026-05-18 00:00:00+00:00,1,NEUTRAL,0.9999884409011929,True,16,False,BEAR_STRUCTURE,BEAR_STRUCTURE,0.3,0.95,0.3
2026-05-19 00:00:00+00:00,1,NEUTRAL,0.9999999815236154,True,17,False,BEAR_STRUCTURE,BEAR_STRUCTURE,0.3,0.95,0.3
2026-05-20 00:00:00+00:00,1,NEUTRAL,0.999993771562301,True,18,False,BEAR_STRUCTURE,BEAR_STRUCTURE,0.3,0.95,0.3
2026-05-21 00:00:00+00:00,1,NEUTRAL,0.9999999971532816,True,19,False,BEAR_STRUCTURE,BEAR_STRUCTURE,0.3,0.95,0.3
2026-05-22 00:00:00+00:00,1,NEUTRAL,0.9999864813566736,True,20,False,BEAR_STRUCTURE,BEAR_STRUCTURE,0.3,0.95,0.3
2026-05-23 00:00:00+00:00,1,NEUTRAL,0.9999986797447111,True,21,False,BEAR_STRUCTURE,BEAR_STRUCTURE,0.3,0.95,0.3
2026-05-24 00:00:00+00:00,1,NEUTRAL,0.9999994762112245,True,22,False,BEAR_STRUCTURE,BEAR_STRUCTURE,0.3,0.95,0.3
2026-05-25 00:00:00+00:00,1,NEUTRAL,0.9999917256415204,True,23,False,BEAR_STRUCTURE,BEAR_STRUCTURE,0.3,0.95,0.3
2026-05-26 00:00:00+00:00,1,NEUTRAL,0.9999596298794011,True,24,False,BEAR_STRUCTURE,BEAR_STRUCTURE,0.3,0.95,0.3
2026-05-27 00:00:00+00:00,1,NEUTRAL,0.9999958343856084,True,25,False,BEAR_STRUCTURE,BEAR_STRUCTURE,0.3,0.95,0.3
2026-05-28 00:00:00+00:00,1,NEUTRAL,0.9999965389821094,True,26,False,BEAR_STRUCTURE,BEAR_STRUCTURE,0.3,0.95,0.3
2026-05-29 00:00:00+00:00,1,NEUTRAL,0.99999999802003,True,27,False,BEAR_STRUCTURE,BEAR_STRUCTURE,0.3,0.95,0.3
2026-05-30 00:00:00+00:00,1,NEUTRAL,0.9999999960309651,True,28,False,BEAR_STRUCTURE,BEAR_STRUCTURE,0.3,0.95,0.3
2026-05-31 00:00:00+00:00,1,NEUTRAL,0.9999999610345193,True,29,False,BEAR_STRUCTURE,BEAR_STRUCTURE,0.3,0.95,0.3
2026-06-01 00:00:00+00:00,1,NEUTRAL,0.9999952890977516,True,30,False,BEAR_STRUCTURE,BEAR_STRUCTURE,0.3,0.95,0.3
2026-06-02 00:00:00+00:00,1,NEUTRAL,1.6916539817292861e-18,False,30,False,BEAR_STRUCTURE,BEAR_STRUCTURE,0.3,0.2860599527702665736615639541,0.2860599527702665736615639541
2026-06-03 00:00:00+00:00,1,NEUTRAL,6.417256621816736e-22,False,30,False,BEAR_STRUCTURE,BEAR_STRUCTURE,0.3,0.2779600562244172587140166140,0.2779600562244172587140166140
2026-06-04 00:00:00+00:00,2,BEAR,1.0,True,3,False,BEAR_STRUCTURE,BEAR_STRUCTURE,0.3,0.2771557769141003105452607313,0.2771557769141003105452607313
2026-06-05 00:00:00+00:00,2,BEAR,1.0,True,4,False,BEAR_STRUCTURE,BEAR_STRUCTURE,0.3,0.2681723950410451618282256969,0.2681723950410451618282256969
2026-06-06 00:00:00+00:00,2,BEAR,0.9999999999954525,True,5,False,BEAR_STRUCTURE,BEAR_STRUCTURE,0.3,0.2676195942804387189326080153,0.2676195942804387189326080153
2026-06-07 00:00:00+00:00,2,BEAR,0.9999916596591374,True,6,False,BEAR_STRUCTURE,BEAR_STRUCTURE,0.3,0.2754143625864489699159295608,0.2754143625864489699159295608
2026-06-08 00:00:00+00:00,2,BEAR,0.999999751413301,True,7,False,BEAR_STRUCTURE,BEAR_STRUCTURE,0.3,0.2746383150249696838222866546,0.2746383150249696838222866546
2026-06-09 00:00:00+00:00,2,BEAR,0.999999932570065,True,8,False,BEAR_STRUCTURE,BEAR_STRUCTURE,0.3,0.2703309605959140809186476888,0.2703309605959140809186476888
2026-06-10 00:00:00+00:00,2,BEAR,0.9999999068086297,True,9,False,BEAR_STRUCTURE,BEAR_STRUCTURE,0.3,0.2696304638756711121436140775,0.2696304638756711121436140775
2026-06-11 00:00:00+00:00,2,BEAR,0.9999994136289287,True,10,False,BEAR_STRUCTURE,BEAR_STRUCTURE,0.3,0.2763395206830322414949636589,0.2763395206830322414949636589
2026-06-12 00:00:00+00:00,2,BEAR,0.9999975823822872,True,11,False,BEAR_STRUCTURE,BEAR_STRUCTURE,0.3,0.2761949770365669009375144570,0.2761949770365669009375144570
2026-06-13 00:00:00+00:00,2,BEAR,0.9999687212965626,True,12,False,BEAR_STRUCTURE,BEAR_STRUCTURE,0.3,0.2789451373467373898961423088,0.2789451373467373898961423088
2026-06-14 00:00:00+00:00,2,BEAR,0.9982517383168874,True,13,False,BEAR_STRUCTURE,BEAR_STRUCTURE,0.3,0.2829432921332312196666772458,0.2829432921332312196666772458
2026-06-15 00:00:00+00:00,2,BEAR,0.20816402175779683,False,13,False,BEAR_STRUCTURE,BEAR_STRUCTURE,0.3,0.2847356840848685568638681363,0.2847356840848685568638681363
2026-06-16 00:00:00+00:00,2,BEAR,0.0517515361302391,False,13,False,BEAR_STRUCTURE,BEAR_STRUCTURE,0.3,0.2827227682732009694714027069,0.2827227682732009694714027069
2026-06-17 00:00:00+00:00,0,BULL,0.9200257794091008,True,3,False,BEAR_STRUCTURE,BEAR_STRUCTURE,0.3,0.60,0.3
2026-06-18 00:00:00+00:00,0,BULL,0.5361429280959324,True,4,False,BEAR_STRUCTURE,BEAR_STRUCTURE,0.3,0.2949187231435592391995730799,0.2949187231435592391995730799
2026-06-19 00:00:00+00:00,0,BULL,0.5750011199411244,True,5,False,BEAR_STRUCTURE,BEAR_STRUCTURE,0.3,0.60,0.3
2026-06-20 00:00:00+00:00,0,BULL,0.9806819520954834,True,6,False,BEAR_STRUCTURE,BEAR_STRUCTURE,0.3,0.60,0.3
2026-06-21 00:00:00+00:00,0,BULL,0.9982541452894576,True,7,False,BEAR_STRUCTURE,BEAR_STRUCTURE,0.3,0.60,0.3
2026-06-22 00:00:00+00:00,0,BULL,0.9991323570766804,True,8,False,BEAR_STRUCTURE,BEAR_STRUCTURE,0.3,0.60,0.3
2026-06-23 00:00:00+00:00,0,BULL,0.9999845296802731,True,9,False,BEAR_STRUCTURE,BEAR_STRUCTURE,0.3,0.60,0.3
2026-06-24 00:00:00+00:00,0,BULL,0.9999866766034662,True,10,False,BEAR_STRUCTURE,BEAR_STRUCTURE,0.3,0.60,0.3
2026-06-25 00:00:00+00:00,0,BULL,0.996811395696679,True,11,False,BEAR_STRUCTURE,BEAR_STRUCTURE,0.3,0.60,0.3
2026-06-26 00:00:00+00:00,0,BULL,0.9998470575009141,True,12,False,BEAR_STRUCTURE,BEAR_STRUCTURE,0.3,0.60,0.3
2026-06-27 00:00:00+00:00,0,BULL,0.9999826490543535,True,13,False,BEAR_STRUCTURE,BEAR_STRUCTURE,0.3,0.60,0.3
2026-06-28 00:00:00+00:00,0,BULL,0.9999908558420143,True,14,False,BEAR_STRUCTURE,BEAR_STRUCTURE,0.3,0.60,0.3
2026-06-29 00:00:00+00:00,0,BULL,0.9999994960045475,True,15,False,BEAR_STRUCTURE,BEAR_STRUCTURE,0.3,0.60,0.3
2026-06-30 00:00:00+00:00,0,BULL,0.9999999978272172,True,16,False,BEAR_STRUCTURE,BEAR_STRUCTURE,0.3,0.60,0.3
2026-07-01 00:00:00+00:00,0,BULL,0.9998936973577832,True,17,False,BEAR_STRUCTURE,BEAR_STRUCTURE,0.3,0.60,0.3
2026-07-02 00:00:00+00:00,0,BULL,0.9999908206858187,True,18,False,BEAR_STRUCTURE,BEAR_STRUCTURE,0.3,0.60,0.3
2026-07-03 00:00:00+00:00,0,BULL,0.9999998430394167,True,19,False,BEAR_STRUCTURE,BEAR_STRUCTURE,0.3,0.60,0.3
2026-07-04 00:00:00+00:00,0,BULL,0.999999997503437,True,20,False,BEAR_STRUCTURE,BEAR_STRUCTURE,0.3,0.60,0.3
2026-07-05 00:00:00+00:00,0,BULL,0.9999999996998667,True,21,False,BEAR_STRUCTURE,BEAR_STRUCTURE,0.3,0.60,0.3
2026-07-06 00:00:00+00:00,0,BULL,0.9999999999972715,True,22,False,BEAR_STRUCTURE,BEAR_STRUCTURE,0.3,0.60,0.3
2026-07-07 00:00:00+00:00,0,BULL,0.9999999999990905,True,23,False,BEAR_STRUCTURE,BEAR_STRUCTURE,0.3,0.60,0.3
2026-07-08 00:00:00+00:00,0,BULL,0.999999999998181,True,24,False,BEAR_STRUCTURE,BEAR_STRUCTURE,0.3,0.60,0.3
2026-07-09 00:00:00+00:00,0,BULL,1.0,True,25,False,BEAR_STRUCTURE,BEAR_STRUCTURE,0.3,0.60,0.3
2026-07-10 00:00:00+00:00,0,BULL,0.9999999999990905,True,26,False,BEAR_STRUCTURE,BEAR_STRUCTURE,0.3,0.60,0.3
2026-07-11 00:00:00+00:00,0,BULL,1.0,True,27,False,BEAR_STRUCTURE,BEAR_STRUCTURE,0.3,0.60,0.3
2026-07-12 00:00:00+00:00,0,BULL,1.0,True,28,False,BEAR_STRUCTURE,BEAR_STRUCTURE,0.3,0.60,0.3
2026-07-13 00:00:00+00:00,0,BULL,1.0,True,29,False,BEAR_STRUCTURE,BEAR_STRUCTURE,0.3,0.60,0.3
2026-07-14 00:00:00+00:00,0,BULL,0.999999999908141,True,30,False,BEAR_STRUCTURE,BEAR_STRUCTURE,0.3,0.60,0.3
2026-07-15 00:00:00+00:00,0,BULL,0.9999999999145075,True,31,False,BEAR_STRUCTURE,BEAR_STRUCTURE,0.3,0.60,0.3
2026-07-16 00:00:00+00:00,0,BULL,0.9999999999990905,True,32,False,BEAR_STRUCTURE,BEAR_STRUCTURE,0.3,0.60,0.3
2026-07-17 00:00:00+00:00,0,BULL,1.0,True,33,False,BEAR_STRUCTURE,BEAR_STRUCTURE,0.3,0.60,0.3
2026-07-18 00:00:00+00:00,0,BULL,0.999999999992724,True,34,False,BEAR_STRUCTURE,BEAR_STRUCTURE,0.3,0.60,0.3
2026-07-19 00:00:00+00:00,0,BULL,1.0,True,35,False,BEAR_STRUCTURE,BEAR_STRUCTURE,0.3,0.60,0.3
2026-07-20 00:00:00+00:00,0,BULL,0.9999999998908606,True,36,False,BEAR_STRUCTURE,BEAR_STRUCTURE,0.3,0.95,0.3
2026-07-21 00:00:00+00:00,0,BULL,0.9999999994142854,True,37,False,BEAR_STRUCTURE,BEAR_STRUCTURE,0.3,0.95,0.3
2026-07-22 00:00:00+00:00,0,BULL,0.9999999861111065,True,38,False,BEAR_STRUCTURE,BEAR_STRUCTURE,0.3,0.95,0.3
2026-07-23 00:00:00+00:00,0,BULL,0.9999999441633933,True,39,False,BEAR_STRUCTURE,BEAR_STRUCTURE,0.3,0.60,0.3
2026-07-24 00:00:00+00:00,0,BULL,0.9999999990095603,True,40,False,BEAR_STRUCTURE,BEAR_STRUCTURE,0.3,0.60,0.3
2026-07-25 00:00:00+00:00,0,BULL,0.9999999079291271,True,41,False,BEAR_STRUCTURE,BEAR_STRUCTURE,0.3,0.60,0.3
2026-07-26 00:00:00+00:00,0,BULL,0.9999999917408786,True,42,False,BEAR_STRUCTURE,BEAR_STRUCTURE,0.3,0.95,0.3
2026-07-27 00:00:00+00:00,0,BULL,0.9999999981846486,True,43,False,BEAR_STRUCTURE,BEAR_STRUCTURE,0.3,0.60,0.3
2026-07-28 00:00:00+00:00,0,BULL,0.9999999998854037,True,44,False,BEAR_STRUCTURE,BEAR_STRUCTURE,0.3,0.60,0.3
2026-07-29 00:00:00+00:00,0,BULL,0.9998531476930792,True,45,False,BEAR_STRUCTURE,BEAR_STRUCTURE,0.3,0.60,0.3
2026-07-30 00:00:00+00:00,0,BULL,0.9979300436452797,True,46,False,BEAR_STRUCTURE,BEAR_STRUCTURE,0.3,0.60,0.3
2026-07-31 00:00:00+00:00,0,BULL,0.9974740424512668,True,47,False,BEAR_STRUCTURE,BEAR_STRUCTURE,0.3,0.60,0.3
2026-08-01 00:00:00+00:00,0,BULL,0.8984113240718911,True,48,False,BEAR_STRUCTURE,BEAR_STRUCTURE,0.3,0.60,0.3
2026-08-02 00:00:00+00:00,0,BULL,0.9990203549286334,True,49,False,BEAR_STRUCTURE,BEAR_STRUCTURE,0.3,0.60,0.3
2026-08-03 00:00:00+00:00,0,BULL,0.9838071843093604,True,50,False,BEAR_STRUCTURE,BEAR_STRUCTURE,0.3,0.60,0.3
2026-08-04 00:00:00+00:00,0,BULL,0.0009338320731066353,False,50,False,BEAR_STRUCTURE,BEAR_STRUCTURE,0.3,0.3018651467522847420780360725,0.3
