timestamp,cash,qty,price,equity,allocation_pct
2020-04-27 00:00:00+00:00,10000,0,7774.62,10000.00,0
2020-04-28 00:00:00+00:00,6996.100380233662,0.385926,7738.98,9982.773975713662,0.2991827324495228444551263746
2020-04-29 00:00:00+00:00,6987.824832549190,0.386994,8778.57,10385.078751129190,0.3271283733125865715885072484
2020-04-30 00:00:00+00:00,7269.198317398714,0.354900,8620.0,10328.436317398714,0.2961956588575345566585127222
2020-05-01 00:00:00+00:00,7269.198317398714,0.354900,8826.96,10401.886421398714,0.3011653826132390862063946575
2020-05-02 00:00:00+00:00,7280.991712488316,0.353562,8972.05,10453.167654588316,0.3034655184840170726709323103
2020-05-03 00:00:00+00:00,7317.301342685908,0.349510,8894.16,10425.899204285908,0.2981611274663108999272809374
2020-05-04 00:00:00+00:00,4166.273277374613,0.703331,8871.96,10406.197776134613,0.5996353935411962595750341376
2020-05-05 00:00:00+00:00,4166.273277374613,0.703331,9021.83,10511.605993104613,0.6036501672429885134350668049
2020-05-06 00:00:00+00:00,4204.465108406061,0.699092,9142.92,10596.207337046061,0.6032103775747603160361346717
2020-05-07 00:00:00+00:00,4238.580443140941,0.695356,9986.4,11182.683601540941,0.6209692955493369188006811906
2020-05-08 00:00:00+00:00,4472.743972001931,0.671877,9800.01,11057.145290771931,0.5954883602972285873388754250
2020-05-09 00:00:00+00:00,4472.743972001931,0.671877,9539.4,10882.047425801931,0.5889795553181646822518005042
2020-05-10 00:00:00+00:00,4352.586091560531,0.684457,8722.77,10322.947077450531,0.5783581898750280405372859727
2020-05-11 00:00:00+00:00,4128.896810569320,0.710068,8561.52,10208.158193929320,0.5955296996646535353615717793
2020-05-12 00:00:00+00:00,4083.356128065896,0.715380,8810.79,10386.419078265896,0.6068562131668147350239045139
2020-05-13 00:00:00+00:00,4154.535572448353,0.707291,9309.37,10738.969189118353,0.6131346035839188662246223761
2020-05-14 00:00:00+00:00,4295.407471795793,0.692139,9791.98,11072.818717015793,0.6120764205057411739698540239
2020-05-15 00:00:00+00:00,4428.952779230777,0.678483,9316.42,10749.985370090777,0.5880038319351333941534865918
2020-05-16 00:00:00+00:00,4299.703030946489,0.692339,9381.27,10794.722121476489,0.6016846953019684740081379575
2020-05-17 00:00:00+00:00,4317.746983334411,0.690413,9680.04,11000.972439854411,0.6075122443092355479200470840
2020-05-18 00:00:00+00:00,4400.577233214230,0.681846,9733.93,11037.618467994230,0.6013109851572982966767607618
2020-05-19 00:00:00+00:00,546.885088940829,1.077235,9775.53,11077.428148490829,0.9506306805505810710040309298
2020-05-20 00:00:00+00:00,546.885088940829,1.077235,9511.43,10792.930384990829,0.9493293230445223796578431572
2020-05-21 00:00:00+00:00,546.885088940829,1.077235,9068.65,10315.952271690829,0.9469864657631658294867364759
2020-05-22 00:00:00+00:00,546.885088940829,1.077235,9170.0,10425.130038940829,0.9475416530155444123521098247
2020-05-23 00:00:00+00:00,546.885088940829,1.077235,9179.15,10434.986739190829,0.9475912042238745884897058168
2020-05-24 00:00:00+00:00,546.885088940829,1.077235,8720.34,9940.740548840829,0.9449854780683718540061879666
2020-05-25 00:00:00+00:00,546.885088940829,1.077235,8900.35,10134.653621190829,0.9460381075286745109745286056
2020-05-26 00:00:00+00:00,546.885088940829,1.077235,8841.18,10070.913626240829,0.9456965763745741849547154158
2020-05-27 00:00:00+00:00,546.885088940829,1.077235,9204.07,10461.831435390829,0.9477256833740603390722285492
2020-05-28 00:00:00+00:00,546.885088940829,1.077235,9575.89,10862.368953090829,0.9496532394266339321530978259
2020-05-29 00:00:00+00:00,546.885088940829,1.077235,9427.07,10702.054840390829,0.9488990575083936619271754744
2020-05-30 00:00:00+00:00,546.885088940829,1.077235,9697.72,10993.608493140829,0.9502542691708510927711220443
2020-05-31 00:00:00+00:00,546.885088940829,1.077235,9448.27,10724.892222390829,0.9490078708857257365573927626
2020-06-01 00:00:00+00:00,546.885088940829,1.077235,10200.77,11535.511559890829,0.9525911715226953776106574486
2020-06-02 00:00:00+00:00,546.885088940829,1.077235,9518.04,10800.050908340829,0.9493627304554210764227269224
2020-06-03 00:00:00+00:00,546.885088940829,1.077235,9666.24,10959.697135340829,0.9501003465527040997912382927
2020-06-04 00:00:00+00:00,546.885088940829,1.077235,9789.06,11092.003138040829,0.9506955522699730461702984483
2020-06-05 00:00:00+00:00,546.885088940829,1.077235,9621.16,10911.135381540829,0.9498782601610795915424031604
2020-06-06 00:00:00+00:00,546.885088940829,1.077235,9666.3,10959.761769440829,0.9501006408309246237780284300
2020-06-07 00:00:00+00:00,546.885088940829,1.077235,9746.99,11046.683861590829,0.9504932796309722333683169306
2020-06-08 00:00:00+00:00,546.885088940829,1.077235,9782.01,11084.408631290829,0.9506617712200725873562246074
2020-06-09 00:00:00+00:00,546.885088940829,1.077235,9772.43,11074.088719990829,0.9506157930671444085593544695
2020-06-10 00:00:00+00:00,546.885088940829,1.077235,9885.0,11195.353063940829,0.9511507063852864067608403013
2020-06-11 00:00:00+00:00,546.885088940829,1.077235,9280.4,10544.056782940829,0.9481333323407712150413535736
2020-06-12 00:00:00+00:00,546.885088940829,1.077235,9465.13,10743.054404490829,0.9490940780573335633981210009
2020-06-13 00:00:00+00:00,546.885088940829,1.077235,9473.34,10751.898503840829,0.9491359513163680919459484535
2020-06-14 00:00:00+00:00,546.885088940829,1.077235,9342.1,10610.522182440829,0.9484582304680669020367533628
2020-06-15 00:00:00+00:00,546.885088940829,1.077235,9426.02,10700.923743640829,0.9488936560952671978365415791
2020-06-16 00:00:00+00:00,546.885088940829,1.077235,9525.59,10808.184032590829,0.9494008348403616869642976065
2020-06-17 00:00:00+00:00,546.885088940829,1.077235,9465.14,10743.065176840829,0.9490941291020213887345475468
2020-06-18 00:00:00+00:00,546.885088940829,1.077235,9386.32,10658.157514140829,0.9486885901043174557219439380
2020-06-19 00:00:00+00:00,546.885088940829,1.077235,9310.23,10576.190702990829,0.9482909202094686147632375041
2020-06-20 00:00:00+00:00,546.885088940829,1.077235,9358.95,10628.673592190829,0.9485462523430355304123663291
2020-06-21 00:00:00+00:00,546.885088940829,1.077235,9294.69,10559.450471090829,0.9482089441644652352487449616
2020-06-22 00:00:00+00:00,546.885088940829,1.077235,9685.69,10980.649356090829,0.9501955602800959422108077345
2020-06-23 00:00:00+00:00,546.885088940829,1.077235,9624.89,10915.153468090829,0.9498967109771215386853284533
2020-06-24 00:00:00+00:00,546.885088940829,1.077235,9296.49,10561.389494090829,0.9482184527663888338510775189
2020-06-25 00:00:00+00:00,546.885088940829,1.077235,9249.49,10510.759449090829,0.9479690224488836478993793351
2020-06-26 00:00:00+00:00,546.885088940829,1.077235,9162.21,10416.738378290829,0.9474993928924457143608683330
2020-06-27 00:00:00+00:00,546.885088940829,1.077235,9012.0,10254.926908940829,0.9466709910468475937931458756
2020-06-28 00:00:00+00:00,546.885088940829,1.077235,9116.35,10367.336381190829,0.9472492191983827729867880530
2020-06-29 00:00:00+00:00,546.885088940829,1.077235,9192.56,10449.432460540829,0.9476636562793263905586417071
2020-06-30 00:00:00+00:00,546.885088940829,1.077235,9138.55,10391.250998190829,0.9473706208197603400629151037
2020-07-01 00:00:00+00:00,546.885088940829,1.077235,9232.0,10491.918608940829,0.9478755879334792451603940860
2020-07-02 00:00:00+00:00,546.885088940829,1.077235,9086.54,10335.224005840829,0.9470853182638553946784553251
2020-07-03 00:00:00+00:00,546.885088940829,1.077235,9058.26,10304.759800040829,0.9469288853352348727760396410
2020-07-04 00:00:00+00:00,546.885088940829,1.077235,9135.46,10387.922342040829,0.9473537565132213897980372179
2020-07-05 00:00:00+00:00,546.885088940829,1.077235,9069.41,10316.770970290829,0.9469906727099310269603129001
2020-07-06 00:00:00+00:00,546.885088940829,1.077235,9344.2,10612.784375940829,0.9484692169775335377112327413
2020-07-07 00:00:00+00:00,546.885088940829,1.077235,9257.39,10519.269605590829,0.9480111158430459811793719100
2020-07-08 00:00:00+00:00,546.885088940829,1.077235,9436.06,10711.739183040829,0.9489452571990666918475715939
2020-07-09 00:00:00+00:00,546.885088940829,1.077235,9232.43,10492.381819990829,0.9478778890891232347586104476
2020-07-10 00:00:00+00:00,546.885088940829,1.077235,9288.34,10552.610028840829,0.9481753720220719076607625872
2020-07-11 00:00:00+00:00,546.885088940829,1.077235,9234.03,10494.105395990829,0.9478864497444669143125315059
2020-07-12 00:00:00+00:00,546.885088940829,1.077235,9302.75,10568.132985190829,0.9482514944023526702029567091
2020-07-13 00:00:00+00:00,546.885088940829,1.077235,9242.62,10503.358844640829,0.9479323617301842089253108816
2020-07-14 00:00:00+00:00,546.885088940829,1.077235,9255.85,10517.610663690829,0.9480029156404505419170623270
2020-07-15 00:00:00+00:00,546.885088940829,1.077235,9197.6,10454.861724940829,0.9476908348164763331087409213
2020-07-16 00:00:00+00:00,546.885088940829,1.077235,9133.72,10386.047953140829,0.9473442553502320090687224441
2020-07-17 00:00:00+00:00,546.885088940829,1.077235,9154.32,10408.238994140829,0.9474565208150302630944890564
2020-07-18 00:00:00+00:00,5457.931429546113,0.540063,9170.28,10410.460357186113,0.4757262174502569086044193978
2020-07-19 00:00:00+00:00,5457.931429546113,0.540063,9208.99,10431.366195916113,0.4767769315122982752252495235
2020-07-20 00:00:00+00:00,515.154789731694,1.076100,9160.78,10373.070147731694,0.9503372885370543622142892413
2020-07-21 00:00:00+00:00,515.154789731694,1.076100,9390.0,10619.733789731694,0.9514908000584909850739764619
2020-07-22 00:00:00+00:00,5568.791170673694,0.537206,9518.16,10682.003831633694,0.4786754191023343641569384237
2020-07-23 00:00:00+00:00,5568.791170673694,0.537206,9603.27,10727.725434293694,0.4808973062573222589932349677
2020-07-24 00:00:00+00:00,529.847470522164,1.061236,9537.8,10651.704191322164,0.9502570235705732992842187185
2020-07-25 00:00:00+00:00,529.847470522164,1.061236,9700.42,10824.282389642164,0.9510501064690275477835580509
2020-07-26 00:00:00+00:00,529.847470522164,1.061236,9931.54,11069.555253962164,0.9521347101698133832625959861
2020-07-27 00:00:00+00:00,529.847470522164,1.061236,11029.96,12235.238101082164,0.9566949603967820744638534434
2020-07-28 00:00:00+00:00,529.847470522164,1.061236,10906.27,12103.973820242164,0.9562253291033999154339714412
2020-07-29 00:00:00+00:00,529.847470522164,1.061236,11100.53,12310.129525602164,0.9569584162847185064217534109
2020-07-30 00:00:00+00:00,529.847470522164,1.061236,11099.61,12309.153188482164,0.9569550023134045302178393539
2020-07-31 00:00:00+00:00,529.847470522164,1.061236,11335.46,12559.445699082164,0.9578128300231526218276599826
2020-08-01 00:00:00+00:00,529.847470522164,1.061236,11801.17,13053.673916642164,0.9594100883854115557334005166
2020-08-02 00:00:00+00:00,529.847470522164,1.061236,11071.35,12279.162659122164,0.9568498695529095028771976432
2020-08-03 00:00:00+00:00,529.847470522164,1.061236,11219.81,12436.713755682164,0.9573965051434842298873268732
2020-08-04 00:00:00+00:00,529.847470522164,1.061236,11191.97,12407.168945442164,0.9572950547500357737259380232
2020-08-05 00:00:00+00:00,529.847470522164,1.061236,11744.91,12993.968779282164,0.9592235844550463219575992110
2020-08-06 00:00:00+00:00,529.847470522164,1.061236,11762.46,13012.593471082164,0.9592819470077473811297286353
2020-08-07 00:00:00+00:00,529.847470522164,1.061236,11594.23,12834.061738802164,0.9587155273750758793255463481
2020-08-08 00:00:00+00:00,529.847470522164,1.061236,11761.41,13011.479173282164,0.9592784599302010620550877431
2020-08-09 00:00:00+00:00,529.847470522164,1.061236,11681.68,12926.866827002164,0.9590119185404310731829185036
2020-08-10 00:00:00+00:00,529.847470522164,1.061236,11892.92,13151.042319642164,0.9597106101825257456783299503
2020-08-11 00:00:00+00:00,529.847470522164,1.061236,11392.08,12619.532881402164,0.9580137018143501739352164914
2020-08-12 00:00:00+00:00,529.847470522164,1.061236,11564.33,12802.330782402164,0.9586132025856977486113610598
2020-08-13 00:00:00+00:00,529.847470522164,1.061236,11780.0,13031.207550522164,0.9593401096200840674201631009
2020-08-14 00:00:00+00:00,529.847470522164,1.061236,11760.54,13010.555897962164,0.9592755701848870493568448897
2020-08-15 00:00:00+00:00,529.847470522164,1.061236,11852.4,13108.041036922164,0.9595784397508588412757231017
2020-08-16 00:00:00+00:00,529.847470522164,1.061236,11911.0,13170.229466522164,0.9597693060801255913410049086
2020-08-17 00:00:00+00:00,529.847470522164,1.061236,12281.13,13563.024747202164,0.9609344168872461067510877394
2020-08-18 00:00:00+00:00,529.847470522164,1.061236,11945.01,13206.322102882164,0.9598792558295598866622564324
2020-08-19 00:00:00+00:00,529.847470522164,1.061236,11754.59,13004.241543762164,0.9592557959847862359494971881
2020-08-20 00:00:00+00:00,529.847470522164,1.061236,11853.55,13109.261458322164,0.9595822028413507258620593975
2020-08-21 00:00:00+00:00,529.847470522164,1.061236,11531.34,12767.320606762164,0.9584997129122353007517135028
2020-08-22 00:00:00+00:00,529.847470522164,1.061236,11662.96,12907.000489082164,0.9589488300577385163161851316
2020-08-23 00:00:00+00:00,529.847470522164,1.061236,11648.13,12891.262359202164,0.9588987132711682639124734874
2020-08-24 00:00:00+00:00,529.847470522164,1.061236,11748.2,12997.460245722164,0.9592345380939670917248424597
2020-08-25 00:00:00+00:00,529.847470522164,1.061236,11318.42,12541.362237642164,0.9577520001031580238380252465
2020-08-26 00:00:00+00:00,529.847470522164,1.061236,11461.43,12693.129598002164,0.9582571448253739267886578377
2020-08-27 00:00:00+00:00,529.847470522164,1.061236,11330.38,12554.054620202164,0.9577947136163064096591028717
2020-08-28 00:00:00+00:00,529.847470522164,1.061236,11526.91,12762.619331282164,0.9584844257460953177820499519
2020-08-29 00:00:00+00:00,529.847470522164,1.061236,11465.84,12697.809648762164,0.9582725300521562185734640340
2020-08-30 00:00:00+00:00,529.847470522164,1.061236,11711.16,12958.152064282164,0.9591108772382263532013258136
2020-08-31 00:00:00+00:00,529.847470522164,1.061236,11649.51,12892.726864882164,0.9589033820327499305109347107
2020-09-01 00:00:00+00:00,529.847470522164,1.061236,11921.97,13181.871225442164,0.9598048363953433215488030544
2020-09-02 00:00:00+00:00,529.847470522164,1.061236,11388.54,12615.776105962164,0.9580011989693000131437337697
2020-09-03 00:00:00+00:00,529.847470522164,1.061236,10140.85,11291.682561122164,0.9530763048240077412762011065
2020-09-04 00:00:00+00:00,529.847470522164,1.061236,10446.25,11615.784035522164,0.9543855611552487182450384382
2020-09-05 00:00:00+00:00,529.847470522164,1.061236,10166.69,11319.104899362164,0.9531899849649753565982165270
2020-09-06 00:00:00+00:00,529.847470522164,1.061236,10256.2,11414.096133722164,0.9535795507314183208242649571
2020-09-07 00:00:00+00:00,529.847470522164,1.061236,10373.44,11538.515442362164,0.9540801004107601500677384508
2020-09-08 00:00:00+00:00,529.847470522164,1.061236,10126.65,11276.613009922164,0.9530135981383809823961227718
2020-09-09 00:00:00+00:00,529.847470522164,1.061236,10219.2,11374.830401722164,0.9534193080855126939484056938
2020-09-10 00:00:00+00:00,529.847470522164,1.061236,10336.87,11499.706041842164,0.9539251291646680621026986203
2020-09-11 00:00:00+00:00,529.847470522164,1.061236,10387.89,11553.850302562164,0.9541410476467168833576887597
2020-09-12 00:00:00+00:00,529.847470522164,1.061236,10440.92,11610.127647642164,0.9543633380611652651003183125
2020-09-13 00:00:00+00:00,529.847470522164,1.061236,10332.83,11495.418648402164,0.9539079448319342814833871705
2020-09-14 00:00:00+00:00,529.847470522164,1.061236,10671.77,11855.113978242164,0.9553064212208672512698359063
2020-09-15 00:00:00+00:00,529.847470522164,1.061236,10785.31,11975.606713682164,0.9557561062925678921723150876
2020-09-16 00:00:00+00:00,529.847470522164,1.061236,10954.01,12154.637226882164,0.9564077922991966289652034330
2020-09-17 00:00:00+00:00,529.847470522164,1.061236,10939.99,12139.758698162164,0.9563543655441538950649987481
2020-09-18 00:00:00+00:00,529.847470522164,1.061236,10933.39,12132.754540562164,0.9563291692129119896394601044
2020-09-19 00:00:00+00:00,529.847470522164,1.061236,11080.65,12289.032153922164,0.9568845240303925779615491790
2020-09-20 00:00:00+00:00,529.847470522164,1.061236,10920.28,12118.841736602164,0.9562790337527156557232335268
2020-09-21 00:00:00+00:00,529.847470522164,1.061236,10417.22,11584.976354442164,0.9542642596487477213798265740
2020-09-22 00:00:00+00:00,529.847470522164,1.061236,10529.61,11704.248668482164,0.9547303303672139141010962901
2020-09-23 00:00:00+00:00,529.847470522164,1.061236,10241.46,11398.453515082164,0.9535158458275868420772712301
2020-09-24 00:00:00+00:00,529.847470522164,1.061236,10736.32,11923.616762042164,0.9555631918488952885366883095
2020-09-25 00:00:00+00:00,529.847470522164,1.061236,10686.67,11870.926394642164,0.9553659543570832099025344203
2020-09-26 00:00:00+00:00,529.847470522164,1.061236,10728.6,11915.424020122164,0.9555326382319769356208801346
2020-09-27 00:00:00+00:00,529.847470522164,1.061236,10774.25,11963.869443522164,0.9557127003915067074100609016
2020-09-28 00:00:00+00:00,529.847470522164,1.061236,10696.12,11880.955074842164,0.9554036298273602458948302379
2020-09-29 00:00:00+00:00,529.847470522164,1.061236,10840.48,12034.155103802164,0.9559713610177120042359643557
2020-09-30 00:00:00+00:00,529.847470522164,1.061236,10776.59,11966.352735762164,0.9557218910204206996955377714
2020-10-01 00:00:00+00:00,6274.859092755399,0.527441,10619.13,11875.823639085399,0.4716274606753381315084201545
2020-10-02 00:00:00+00:00,6274.859092755399,0.527441,10570.4,11850.121439155399,0.4704814524497707683593602768
2020-10-03 00:00:00+00:00,585.120967565959,1.065013,10542.06,11812.551914345959,0.9504661675302058422892123526
2020-10-04 00:00:00+00:00,585.120967565959,1.065013,10666.63,11945.220583755959,0.9510163112130677562383261778
2020-10-05 00:00:00+00:00,585.120967565959,1.065013,10792.21,12078.964916295959,0.9515586830808191780092826488
2020-10-06 00:00:00+00:00,585.120967565959,1.065013,10599.66,11873.896663145959,0.9507220768240261344767980797
2020-10-07 00:00:00+00:00,585.120967565959,1.065013,10666.39,11944.964980635959,0.9510152630405780632378193055
2020-10-08 00:00:00+00:00,585.120967565959,1.065013,10925.57,12220.995049975959,0.9521216590651421593371470257
2020-10-09 00:00:00+00:00,585.120967565959,1.065013,11050.64,12354.196225885959,0.9526378764860521631860589710
2020-10-10 00:00:00+00:00,585.120967565959,1.065013,11293.22,12612.547079425959,0.9536080250974500310317149130
2020-10-11 00:00:00+00:00,585.120967565959,1.065013,11369.02,12693.275064825959,0.9539030735111559835103088975
2020-10-12 00:00:00+00:00,585.120967565959,1.065013,11528.25,12862.857084815959,0.9545108086245730937257066677
2020-10-13 00:00:00+00:00,585.120967565959,1.065013,11420.56,12748.165834845959,0.9541015566359684681561691670
2020-10-14 00:00:00+00:00,585.120967565959,1.065013,11417.89,12745.322250135959,0.9540913163211924828910690737
2020-10-15 00:00:00+00:00,585.120967565959,1.065013,11505.12,12838.223334125959,0.9544235247870616119039814257
2020-10-16 00:00:00+00:00,585.120967565959,1.065013,11319.32,12640.343918725959,0.9537100437038635336269010314
2020-10-17 00:00:00+00:00,585.120967565959,1.065013,11360.2,12683.881650165959,0.9538689351017160322841276518
2020-10-18 00:00:00+00:00,585.120967565959,1.065013,11503.14,12836.114608385959,0.9544160374523538642278946342
2020-10-19 00:00:00+00:00,585.120967565959,1.065013,11751.47,13100.589286675959,0.9553362864248358544536814342
2020-10-20 00:00:00+00:00,585.120967565959,1.065013,11909.99,13269.415147435959,0.9559045397958611937861270194
2020-10-21 00:00:00+00:00,585.120967565959,1.065013,12780.96,14197.009520045959,0.9587856184262060825724338878
2020-10-22 00:00:00+00:00,7444.388432110609,0.527627,12968.52,14286.929734150609,0.4789371425047331835575264571
2020-10-23 00:00:00+00:00,7444.388432110609,0.527627,12923.07,14262.949087000609,0.4780610667049567419387912088
2020-10-24 00:00:00+00:00,704.403565369749,1.048497,13111.73,14452.013135179749,0.9512591388631485713805703587
2020-10-25 00:00:00+00:00,704.403565369749,1.048497,13028.83,14365.092733879749,0.9509642173274364605363807992
2020-10-26 00:00:00+00:00,704.403565369749,1.048497,13052.19,14389.585623799749,0.9510476824152117258669524953
2020-10-27 00:00:00+00:00,704.403565369749,1.048497,13636.17,15001.886901859749,0.9530456688563339502572907540
2020-10-28 00:00:00+00:00,704.403565369749,1.048497,13266.4,14614.184166169749,0.9518000076254433114214244824
2020-10-29 00:00:00+00:00,704.403565369749,1.048497,13455.7,14812.664648269749,0.9524458575080190178611184189
2020-10-30 00:00:00+00:00,704.403565369749,1.048497,13560.1,14922.127735069749,0.9527946967164561349801851097
2020-10-31 00:00:00+00:00,704.403565369749,1.048497,13791.0,15164.225692369749,0.9535483327893103780309711627
2020-11-01 00:00:00+00:00,704.403565369749,1.048497,13761.5,15133.295030869749,0.9534533910868144137777795144
2020-11-02 00:00:00+00:00,7935.571251317073,0.522349,13549.37,15013.071121447073,0.4714225232716953381741961675
2020-11-03 00:00:00+00:00,7935.571251317073,0.522349,14023.53,15260.748123287073,0.4800011646081870547148426924
2020-11-04 00:00:00+00:00,7935.571251317073,0.522349,14144.01,15323.680730807073,0.4821367404658058582810241485
2020-11-05 00:00:00+00:00,756.864540005568,1.029234,15590.02,16802.643184685568,0.9549556262257954153815728548
2020-11-06 00:00:00+00:00,756.864540005568,1.029234,15579.92,16792.247921285568,0.9549277414463265888516210532
2020-11-07 00:00:00+00:00,756.864540005568,1.029234,14818.3,16008.362722205568,0.9527206777395352371325684671
2020-11-08 00:00:00+00:00,756.864540005568,1.029234,15475.1,16684.363613405568,0.9546362955433648200297748220
2020-11-09 00:00:00+00:00,756.864540005568,1.029234,15328.41,16533.385277945568,0.9542220466479315183380885469
2020-11-10 00:00:00+00:00,756.864540005568,1.029234,15297.21,16501.273177145568,0.9541329610218299322886225957
2020-11-11 00:00:00+00:00,756.864540005568,1.029234,15684.24,16899.617612165568,0.9552141026279362605175671385
2020-11-12 00:00:00+00:00,756.864540005568,1.029234,16291.86,17525.000775245568,0.9568122963466766247838148421
2020-11-13 00:00:00+00:00,756.864540005568,1.029234,16320.7,17554.683883805568,0.9568853221729736917523370893
2020-11-14 00:00:00+00:00,756.864540005568,1.029234,16070.45,17297.118075305568,0.9562433154060435956524512579
2020-11-15 00:00:00+00:00,756.864540005568,1.029234,15957.0,17180.351478005568,0.9559459222371257993366288966
2020-11-16 00:00:00+00:00,756.864540005568,1.029234,16713.57,17959.039045385568,0.9578560669035329975806140684
2020-11-17 00:00:00+00:00,756.864540005568,1.029234,17659.38,18932.498854925568,0.9600229982420593909395566138
2020-11-18 00:00:00+00:00,756.864540005568,1.029234,17776.12,19052.651632085568,0.9602751073907753471493687013
2020-11-19 00:00:00+00:00,756.864540005568,1.029234,17802.82,19080.132179885568,0.9603323219739818777433714138
2020-11-20 00:00:00+00:00,756.864540005568,1.029234,18655.67,19957.914396785568,0.9620769723249504971473590084
2020-11-21 00:00:00+00:00,756.864540005568,1.029234,18703.8,20007.451429205568,0.9621708670550239754477443111
2020-11-22 00:00:00+00:00,756.864540005568,1.029234,18414.43,19709.621986625568,0.9615992361233941267257321504
2020-11-23 00:00:00+00:00,756.864540005568,1.029234,18368.0,19661.834652005568,0.9615059045403799347912204772
2020-11-24 00:00:00+00:00,756.864540005568,1.029234,19160.01,20476.998272345568,0.9630383062039067196831830822
2020-11-25 00:00:00+00:00,756.864540005568,1.029234,18719.11,20023.209001745568,0.9622006372734966387253799838
2020-11-26 00:00:00+00:00,756.864540005568,1.029234,17149.47,18407.682145985568,0.9588832241885147663441998161
2020-11-27 00:00:00+00:00,756.864540005568,1.029234,17139.52,18397.441267685568,0.9588603366635026114533580286
2020-11-28 00:00:00+00:00,9647.101302846471,0.509861,17719.85,18681.761743696471,0.4836085892112632667923990161
2020-11-29 00:00:00+00:00,9647.101302846471,0.509861,18184.99,18918.918489236471,0.4900817766969612674133178814
2020-11-30 00:00:00+00:00,934.649205046971,0.988340,19695.87,20400.865360846971,0.9541858059197461559921959447
2020-12-01 00:00:00+00:00,934.649205046971,0.988340,18764.96,19480.809771446971,0.9520220557557680875583551522
2020-12-02 00:00:00+00:00,934.649205046971,0.988340,19204.09,19914.819515646971,0.9530676537483745740583358911
2020-12-03 00:00:00+00:00,934.649205046971,0.988340,19421.9,20130.089851046971,0.9535695462880231673955137412
2020-12-04 00:00:00+00:00,934.649205046971,0.988340,18650.52,19367.704141846971,0.9517418689276900720254783559
2020-12-05 00:00:00+00:00,934.649205046971,0.988340,19147.66,19859.047489446971,0.9529358492372990019859131839
2020-12-06 00:00:00+00:00,934.649205046971,0.988340,19359.4,20068.318601046971,0.9534266311180544027535869131
2020-12-07 00:00:00+00:00,934.649205046971,0.988340,19166.9,19878.063151046971,0.9529808715293399530202244790
2020-12-08 00:00:00+00:00,934.649205046971,0.988340,18324.11,19045.100082446971,0.9509244267028874287053055405
2020-12-09 00:00:00+00:00,9986.905289520678,0.493689,18541.28,19140.531271440678,0.4782325972099843819181887380
2020-12-10 00:00:00+00:00,9986.905289520678,0.493689,18254.63,18999.015319590678,0.4743461636549783212869993642
2020-12-11 00:00:00+00:00,938.223113470546,0.988733,18036.53,18771.535529960546,0.9500188403887852877919944536
2020-12-12 00:00:00+00:00,938.223113470546,0.988733,18808.69,19534.995603240546,0.9519721871186441596598786100
2020-12-13 00:00:00+00:00,938.223113470546,0.988733,19174.99,19897.168501140546,0.9528464005611268180809550390
2020-12-14 00:00:00+00:00,938.223113470546,0.988733,19273.14,19994.212645090546,0.9530752658219366880691133572
2020-12-15 00:00:00+00:00,938.223113470546,0.988733,19426.43,20145.775526660546,0.9534282950671757997928640920
2020-12-16 00:00:00+00:00,938.223113470546,0.988733,21335.52,22033.355809630546,0.9574180564423845670481579151
2020-12-17 00:00:00+00:00,938.223113470546,0.988733,22797.16,23478.527511750546,0.9600390990022273077123671371
2020-12-18 00:00:00+00:00,938.223113470546,0.988733,23107.39,23785.262150340546,0.9605544346099581260873896738
2020-12-19 00:00:00+00:00,938.223113470546,0.988733,23821.61,24491.435033600546,0.9616917868559613137378057473
2020-12-20 00:00:00+00:00,938.223113470546,0.988733,23455.52,24129.469769630546,0.9611171267985590951907699069
2020-12-21 00:00:00+00:00,938.223113470546,0.988733,22719.71,23401.950140900546,0.9599083363642085935715337529
2020-12-22 00:00:00+00:00,12271.369309067866,0.489263,23810.79,23921.107856837866,0.4870066477477093019164646251
2020-12-23 00:00:00+00:00,12271.369309067866,0.489263,23232.76,23638.299164947866,0.4808691935304504229348819354
2020-12-24 00:00:00+00:00,1167.506006409877,0.966590,23729.2,24103.913434409877,0.9515636326197891353144285727
2020-12-25 00:00:00+00:00,1167.506006409877,0.966590,24712.47,25054.332383709877,0.9534010330616919609840423700
2020-12-26 00:00:00+00:00,1167.506006409877,0.966590,26493.39,26775.751846509877,0.9563968917435998268337270932
2020-12-27 00:00:00+00:00,1167.506006409877,0.966590,26281.66,26571.095745809877,0.9560610515434243392644538501
2020-12-28 00:00:00+00:00,1167.506006409877,0.966590,27079.41,27342.192918309877,0.9573002059528279817281609425
2020-12-29 00:00:00+00:00,1167.506006409877,0.966590,27385.0,27637.573156409877,0.9577565656795339216696660700
2020-12-30 00:00:00+00:00,1167.506006409877,0.966590,28875.54,29078.314215009877,0.9598495979589069711660710822
2020-12-31 00:00:00+00:00,1167.506006409877,0.966590,28923.63,29124.797528109877,0.9599136781883872179886178599
2021-01-01 00:00:00+00:00,1167.506006409877,0.966590,29331.69,29519.224243509877,0.9604492991828345247575533952
2021-01-02 00:00:00+00:00,1167.506006409877,0.966590,32178.33,32270.758001109877,0.9638215499502762417172177132
2021-01-03 00:00:00+00:00,1167.506006409877,0.966590,33000.05,33065.024335909877,0.9646906049561886767755278567
2021-01-04 00:00:00+00:00,1167.506006409877,0.966590,31988.71,32087.473205309877,0.9636148973482687137768475633
2021-01-05 00:00:00+00:00,1167.506006409877,0.966590,33949.53,33982.782209109877,0.9656441900717328613159252292
2021-01-06 00:00:00+00:00,1167.506006409877,0.966590,36769.36,36708.401688809877,0.9681951282895060662246254238
2021-01-07 00:00:00+00:00,1167.506006409877,0.966590,39432.28,39282.353531609877,0.9702791227753091798179703818
2021-01-08 00:00:00+00:00,1167.506006409877,0.966590,40582.81,40394.444324309877,0.9710973618788646778760194699
2021-01-09 00:00:00+00:00,1167.506006409877,0.966590,40088.22,39916.378576209877,0.9707512041910107183446311055
2021-01-10 00:00:00+00:00,1167.506006409877,0.966590,38150.02,38042.933838209877,0.9693108315101279689746295553
2021-01-11 00:00:00+00:00,1167.506006409877,0.966590,35404.47,35389.112663709877,0.9670094580357447666180258873
2021-01-12 00:00:00+00:00,1167.506006409877,0.966590,34051.24,34081.094078009877,0.9657432943984275971423885088
2021-01-13 00:00:00+00:00,1167.506006409877,0.966590,37371.38,37290.308200609877,0.9686914358516676827352446625
2021-01-14 00:00:00+00:00,19553.499688826803,0.473969,39144.5,38106.779209326803,0.4868760862360942500820152610
2021-01-15 00:00:00+00:00,19553.499688826803,0.473969,36742.22,36968.172960006803,0.4710720567667673911683033762
2021-01-16 00:00:00+00:00,1825.282651697002,0.955908,35994.98,36233.171993537002,0.9496239895302961039427164881
2021-01-17 00:00:00+00:00,1825.282651697002,0.955908,35828.61,36074.137579577002,0.9494019046839149718316699580
2021-01-18 00:00:00+00:00,1825.282651697002,0.955908,36631.27,36841.406694857002,0.9504556743227774641984746976
2021-01-19 00:00:00+00:00,1825.282651697002,0.955908,35891.49,36134.245074617002,0.9494860720646631986299667249
2021-01-20 00:00:00+00:00,1825.282651697002,0.955908,35468.23,35729.647454537002,0.9489140592831339290252163627
2021-01-21 00:00:00+00:00,1825.282651697002,0.955908,30850.13,31315.168719737002,0.9417125078254302474705961764
2021-01-22 00:00:00+00:00,1825.282651697002,0.955908,32945.17,33317.834216057002,0.9452160473618859666778131188
2021-01-23 00:00:00+00:00,1825.282651697002,0.955908,32078.0,32488.899475697002,0.9438182677421133785494964505
2021-01-24 00:00:00+00:00,1825.282651697002,0.955908,32259.9,32662.779140897002,0.9441173500937166379998133860
2021-01-25 00:00:00+00:00,1825.282651697002,0.955908,32254.2,32657.330465297002,0.9441080264157959559031107649
2021-01-26 00:00:00+00:00,1825.282651697002,0.955908,32467.77,32861.483736857002,0.9444552575193131247661882388
2021-01-27 00:00:00+00:00,1825.282651697002,0.955908,30366.15,30852.528365897002,0.9408384742394536651754978974
2021-01-28 00:00:00+00:00,1825.282651697002,0.955908,33364.86,33719.019244577002,0.9458678605549726810649718331
2021-01-29 00:00:00+00:00,1825.282651697002,0.955908,34252.2,34567.234649297002,0.9471961621976572258907215951
2021-01-30 00:00:00+00:00,1825.282651697002,0.955908,34262.88,34577.443746737002,0.9472117526944353731937872716
2021-01-31 00:00:00+00:00,1825.282651697002,0.955908,33092.98,33459.126977537002,0.9454473915914656968313701300
2021-02-01 00:00:00+00:00,1825.282651697002,0.955908,33526.37,33873.407945657002,0.9461145847909576440925531222
2021-02-02 00:00:00+00:00,1825.282651697002,0.955908,35466.24,35727.745197617002,0.9489113393078400543381591356
2021-02-03 00:00:00+00:00,1825.282651697002,0.955908,37618.87,37785.461435657002,0.9516935196145431286890993590
2021-02-04 00:00:00+00:00,1825.282651697002,0.955908,36936.66,37133.331438977002,0.9508451684520529167376023946
2021-02-05 00:00:00+00:00,1825.282651697002,0.955908,38290.24,38427.229389617002,0.9525002796014694855440579452
2021-02-06 00:00:00+00:00,20150.016236804758,0.476699,39186.94,38830.391347864758,0.4810761484145385518318490016
2021-02-07 00:00:00+00:00,20150.016236804758,0.476699,38795.69,38643.882864114758,0.4785716459275281399956747557
2021-02-08 00:00:00+00:00,1908.536604088307,0.946282,46374.87,45792.241337428307,0.9583218346962990030842554358
2021-02-09 00:00:00+00:00,24012.166416572807,0.469032,46420.42,45784.828850012807,0.4755431652865927382118449179
2021-02-10 00:00:00+00:00,2261.026903706647,0.936992,44807.58,44245.370903066647,0.9488980009081597458641485733
2021-02-11 00:00:00+00:00,23201.565444187639,0.469040,47969.51,45701.184414587639,0.4923202594989684727304950777
2021-02-12 00:00:00+00:00,23201.565444187639,0.469040,47287.6,45381.341348187639,0.4887421844547522893824864724
2021-02-13 00:00:00+00:00,2242.131589782034,0.911599,47153.69,45227.388240092034,0.9504253577969270009879420271
2021-02-14 00:00:00+00:00,2242.131589782034,0.911599,48577.79,46525.596375992034,0.9518086437482183368124075974
2021-02-15 00:00:00+00:00,24398.388456530497,0.454932,47911.1,46194.681001730497,0.4718355462695692173453292010
2021-02-16 00:00:00+00:00,24398.388456530497,0.454932,49133.45,46750.767131930497,0.4781179015163894023031898601
2021-02-17 00:00:00+00:00,2308.888606412467,0.903930,52119.71,49421.458066712467,0.9532816574675767130239052228
2021-02-18 00:00:00+00:00,2308.888606412467,0.903930,51552.6,48908.830324412467,0.9527919888679079085213336379
2021-02-19 00:00:00+00:00,2308.888606412467,0.903930,55906.0,52843.999186412467,0.9563074588986417809939607836
2021-02-20 00:00:00+00:00,2308.888606412467,0.903930,55841.19,52785.415483112467,0.9562589668892320239458532471
2021-02-21 00:00:00+00:00,2308.888606412467,0.903930,57408.57,54202.217286512467,0.9574023218606039463697644179
2021-02-22 00:00:00+00:00,2308.888606412467,0.903930,54087.67,51200.356149512467,0.9549048330900242696454539956
2021-02-23 00:00:00+00:00,2308.888606412467,0.903930,48891.0,46502.930236412467,0.9503496103433806021735119641
2021-02-24 00:00:00+00:00,24385.337477116867,0.451798,49676.2,46828.945284716867,0.4792678475063736756006680174
2021-02-25 00:00:00+00:00,24385.337477116867,0.451798,47073.73,45653.154543656867,0.4658564622561222223142094640
2021-02-26 00:00:00+00:00,2253.934338458350,0.921331,46276.87,44890.249252428350,0.9497901130870548057579575694
2021-02-27 00:00:00+00:00,2253.934338458350,0.921331,46106.43,44733.217596788350,0.9496138561108071810371689848
2021-02-28 00:00:00+00:00,2253.934338458350,0.921331,45135.66,43838.817101918350,0.9485858769131861517089973978
2021-03-01 00:00:00+00:00,2253.934338458350,0.921331,49587.03,47940.002275388350,0.9529842671781539576458304186
2021-03-02 00:00:00+00:00,2253.934338458350,0.921331,48440.65,46883.806843608350,0.9519250997262900818316450769
2021-03-03 00:00:00+00:00,2253.934338458350,0.921331,50349.37,48642.369749928350,0.9536631469633185370143263173
2021-03-04 00:00:00+00:00,2253.934338458350,0.921331,48374.09,46822.483052248350,0.9518621356337888784253139000
2021-03-05 00:00:00+00:00,2253.934338458350,0.921331,48751.71,47170.396064468350,0.9522171843675454681825980455
2021-03-06 00:00:00+00:00,2253.934338458350,0.921331,48882.2,47290.620546658350,0.9523386601316734568336935601
2021-03-07 00:00:00+00:00,2253.934338458350,0.921331,50971.75,49215.787737708350,0.9542030221994918607762888877
2021-03-08 00:00:00+00:00,2253.934338458350,0.921331,52375.17,50508.802089728350,0.9553754148741389746836215227
2021-03-09 00:00:00+00:00,2253.934338458350,0.921331,54884.5,52820.725607958350,0.9573285994746206958650933865
2021-03-10 00:00:00+00:00,2253.934338458350,0.921331,55851.59,53711.735604748350,0.9580364642273988918556902948
2021-03-11 00:00:00+00:00,2253.934338458350,0.921331,57773.16,55482.137614418350,0.9593754956933632694366410948
2021-03-12 00:00:00+00:00,2253.934338458350,0.921331,57221.72,54974.078847778350,0.9590000526484594742230310238
2021-03-13 00:00:00+00:00,2253.934338458350,0.921331,61188.39,58628.694885548350,0.9615557818085776221870825031
2021-03-14 00:00:00+00:00,2253.934338458350,0.921331,58968.31,56583.266359068350,0.9601660617442046643880596976
2021-03-15 00:00:00+00:00,2253.934338458350,0.921331,55605.2,53484.728859658350,0.9578583572074829493253588226
2021-03-16 00:00:00+00:00,2253.934338458350,0.921331,56900.75,54678.359236708350,0.9587783106530166362442773660
2021-03-17 00:00:00+00:00,2253.934338458350,0.921331,58912.97,56532.279901528350,0.9601301355193103596619506232
2021-03-18 00:00:00+00:00,2253.934338458350,0.921331,57648.16,55366.971239418350,0.9592909944683109526533041591
2021-03-19 00:00:00+00:00,2253.934338458350,0.921331,58030.01,55718.781481768350,0.9595480324853145592650995999
2021-03-20 00:00:00+00:00,2253.934338458350,0.921331,58102.28,55785.366073138350,0.9595963153579866954469240871
2021-03-21 00:00:00+00:00,29251.104837641278,0.456059,57351.56,55406.799939681278,0.4720665176569383007872129908
2021-03-22 00:00:00+00:00,29251.104837641278,0.456059,54083.25,53916.257749391278,0.4574715297637375988792701748
2021-03-23 00:00:00+00:00,2661.328674258703,0.947066,54340.89,54125.738002998703,0.9508306256422543624327985129
2021-03-24 00:00:00+00:00,2661.328674258703,0.947066,52303.65,52196.337265158703,0.9490131144501751807296552430
2021-03-25 00:00:00+00:00,2661.328674258703,0.947066,51293.78,51239.923723738703,0.9480614239668403610580336368
2021-03-26 00:00:00+00:00,2661.328674258703,0.947066,55025.59,54774.194093198703,0.9514127278672428798328097245
2021-03-27 00:00:00+00:00,2661.328674258703,0.947066,55817.14,55523.844185498703,0.9520687244678608066895990698
2021-03-28 00:00:00+00:00,2661.328674258703,0.947066,55777.63,55486.425607838703,0.9520364008835571741763963568
2021-03-29 00:00:00+00:00,2661.328674258703,0.947066,57635.47,57245.922705278703,0.9535105986856021231043327391
2021-03-30 00:00:00+00:00,2661.328674258703,0.947066,58746.57,58298.207737878703,0.9543497342795749423544467181
2021-03-31 00:00:00+00:00,2661.328674258703,0.947066,58740.55,58292.506400558703,0.9543452694250045908977494517
2021-04-01 00:00:00+00:00,30566.719432714381,0.471377,58720.44,58246.184278594381,0.4752150752654929336579643653
2021-04-02 00:00:00+00:00,30566.719432714381,0.471377,58950.01,58354.398296484381,0.4761882510138759577072213866
2021-04-03 00:00:00+00:00,2881.806282137069,0.940401,57051.94,56533.507710077069,0.9490248102609173763383662747
2021-04-04 00:00:00+00:00,29645.296306031939,0.470683,58202.01,57039.992978861939,0.4802717399173245574372448021
2021-04-05 00:00:00+00:00,29645.296306031939,0.470683,59129.99,57476.777389201939,0.4842213211556751503493230080
2021-04-06 00:00:00+00:00,2839.094865372754,0.923438,57991.15,56390.326439072754,0.9496528031551604857692043880
2021-04-07 00:00:00+00:00,2839.094865372754,0.923438,55953.45,54508.636826472754,0.9479147703801333272520996882
2021-04-08 00:00:00+00:00,2839.094865372754,0.923438,58077.52,56470.083779132754,0.9497239126388213809790166259
2021-04-09 00:00:00+00:00,2839.094865372754,0.923438,58142.54,56530.125717892754,0.9497773120204802269037994433
2021-04-10 00:00:00+00:00,2839.094865372754,0.923438,59769.13,58032.180734312754,0.9510772328482551901461993540
2021-04-11 00:00:00+00:00,2839.094865372754,0.923438,60002.43,58247.618819712754,0.9512581814861774483024124853
2021-04-12 00:00:00+00:00,2839.094865372754,0.923438,59860.0,58116.093545372754,0.9511478715761203324059126562
2021-04-13 00:00:00+00:00,30475.027230547153,0.461161,63575.0,59793.337805547153,0.4903273784505149169251777550
2021-04-14 00:00:00+00:00,2953.975815609376,0.893490,62959.53,59207.686275309376,0.9501082376049334873942890973
2021-04-15 00:00:00+00:00,31047.472895473732,0.446694,63159.98,59260.657001593732,0.4760862523910466619498381940
2021-04-16 00:00:00+00:00,31047.472895473732,0.446694,61334.8,58445.360046673732,0.4687777974046252896104365457
2021-04-17 00:00:00+00:00,2885.710340620076,0.905246,60006.66,57206.499278980076,0.9495562501290758095984063074
2021-04-18 00:00:00+00:00,2885.710340620076,0.905246,56150.01,53715.282293080076,0.9462776659187020512234152100
2021-04-19 00:00:00+00:00,28167.640008404117,0.454403,55633.14,53447.505723824117,0.4729849479982664796207764583
2021-04-20 00:00:00+00:00,28167.640008404117,0.454403,56425.0,53807.329283404117,0.4765092342709544497013411581
2021-04-21 00:00:00+00:00,2657.277894194117,0.905927,53787.63,51384.944177204117,0.9482868389419606654153139884
2021-04-22 00:00:00+00:00,20530.713197854643,0.573198,51690.96,50159.868087934643,0.5906944340072325513991971864
2021-04-23 00:00:00+00:00,20530.713197854643,0.573198,51125.14,49835.541195574643,0.5880306964605060967773010937
2021-04-24 00:00:00+00:00,20530.713197854643,0.573198,50047.84,49218.034990174643,0.5828619894729000686090268537
2021-04-25 00:00:00+00:00,20530.713197854643,0.573198,49066.77,48655.687628314643,0.5780408375955821461674320918
2021-04-26 00:00:00+00:00,20530.713197854643,0.573198,54001.39,51484.201943074643,0.6012230466239883948419397496
2021-04-27 00:00:00+00:00,20530.713197854643,0.573198,55011.97,52063.464377914643,0.6056598721739349811215352037
2021-04-28 00:00:00+00:00,20530.713197854643,0.573198,54846.22,51968.456809414643,0.6049389483865665944528306547
2021-04-29 00:00:00+00:00,20530.713197854643,0.573198,53555.0,51228.332087854643,0.5992312776717920471373309310
2021-04-30 00:00:00+00:00,20530.713197854643,0.573198,57694.27,53600.953373314643,0.6169711188742417885023772773
2021-05-01 00:00:00+00:00,20530.713197854643,0.573198,57800.37,53661.769681114643,0.6174052156710723968466175425
2021-05-02 00:00:00+00:00,20530.713197854643,0.573198,56578.21,52961.230013434643,0.6123444792984107530660628740
2021-05-03 00:00:00+00:00,20530.713197854643,0.573198,57169.39,53300.093207074643,0.6148090563727277950237444597
2021-05-04 00:00:00+00:00,20530.713197854643,0.573198,53200.01,51024.852529834643,0.5976330713381254883908482394
2021-05-05 00:00:00+00:00,20530.713197854643,0.573198,57436.11,53452.976577634643,0.6159107590942852003359656713
2021-05-06 00:00:00+00:00,20530.713197854643,0.573198,56393.68,52855.457786494643,0.6115687185836739432139598453
2021-05-07 00:00:00+00:00,20530.713197854643,0.573198,57314.75,53383.413268354643,0.6154102568404871420834925830
2021-05-08 00:00:00+00:00,20530.713197854643,0.573198,58862.05,54270.322533754643,0.6216953900525447228368801685
2021-05-09 00:00:00+00:00,20530.713197854643,0.573198,58240.84,53914.246204174643,0.6191968794276692322867983756
2021-05-10 00:00:00+00:00,20530.713197854643,0.573198,55816.14,52524.413013574643,0.6091205589951363353205029728
2021-05-11 00:00:00+00:00,39368.809778355599,0.235256,56670.02,52700.772003475599,0.2529747045117434213292679864
2021-05-12 00:00:00+00:00,39368.809778355599,0.235256,49631.32,51044.875596275599,0.2287411945181021057009768479
2021-05-13 00:00:00+00:00,2503.302234417864,0.978489,49670.97,51105.799998747864,0.9510172576404400859572273614
2021-05-14 00:00:00+00:00,26799.442724335440,0.488720,49841.45,51157.956168335440,0.4761432095498151512820345010
2021-05-15 00:00:00+00:00,26799.442724335440,0.488720,46762.99,49653.451197135440,0.4602702918285460863828208577
2021-05-16 00:00:00+00:00,26799.442724335440,0.488720,46431.5,49491.445404335440,0.4585035351990787772255385757
2021-05-17 00:00:00+00:00,26799.442724335440,0.488720,43538.04,48077.353633135440,0.4425765833778136693463813663
2021-05-18 00:00:00+00:00,26799.442724335440,0.488720,42849.78,47740.987205935440,0.4386491714397649523650730354
2021-05-19 00:00:00+00:00,26799.442724335440,0.488720,36690.09,44730.623509135440,0.4008703518549852754198674051
2021-05-20 00:00:00+00:00,26793.934888945590,0.488870,40526.64,46606.193385745590,0.4250992637999811243306364716
2021-05-21 00:00:00+00:00,26793.934888945590,0.488870,37252.01,45005.325017645590,0.4046496747120416916531086987
2021-05-22 00:00:00+00:00,26793.934888945590,0.488870,37449.73,45101.984394045590,0.4059255873344022392167702057
2021-05-23 00:00:00+00:00,26793.934888945590,0.488870,34655.25,43735.846956445590,0.3873690175560479944959866064
2021-05-24 00:00:00+00:00,26801.797341332646,0.488643,38796.29,45759.332875802646,0.4142878478128921698381376009
2021-05-25 00:00:00+00:00,26801.797341332646,0.488643,38324.72,45528.903496292646,0.4113234608534976397551295715
2021-05-26 00:00:00+00:00,26801.797341332646,0.488643,39241.91,45977.081969462646,0.4170618013745623062475495017
2021-05-27 00:00:00+00:00,26801.797341332646,0.488643,38529.98,45629.202358472646,0.4126174476868548291054174034
2021-05-28 00:00:00+00:00,26801.797341332646,0.488643,35663.49,44228.512085402646,0.3940153969100304016364642735
2021-05-29 00:00:00+00:00,26801.797341332646,0.488643,34605.15,43711.361652782646,0.3868459748696376882465042625
2021-05-30 00:00:00+00:00,26801.797341332646,0.488643,35641.27,44217.654437942646,0.3938665973576757415072920276
2021-05-31 00:00:00+00:00,26801.797341332646,0.488643,37253.81,45005.610821162646,0.4044787560414613742199048572
2021-06-01 00:00:00+00:00,26801.797341332646,0.488643,36693.09,44731.618918202646,0.4008310454771806699213602392
2021-06-02 00:00:00+00:00,17881.440249944746,0.731423,37568.68,45360.036881584746,0.6057886748058565251491946780
2021-06-03 00:00:00+00:00,18143.703936549586,0.724433,39246.79,46575.373756619586,0.6104442654317746980348717063
2021-06-04 00:00:00+00:00,18629.535371660056,0.712038,36829.0,44853.182873660056,0.5846552200289845150514642853
2021-06-05 00:00:00+00:00,18629.535371660056,0.712038,35513.2,43916.283273260056,0.5757943527292235303413229499
2021-06-06 00:00:00+00:00,18629.535371660056,0.712038,35796.31,44117.868351440056,0.5777326496543669166524753682
2021-06-07 00:00:00+00:00,18629.535371660056,0.712038,33552.79,42520.396857680056,0.5618682620951318868625919182
2021-06-08 00:00:00+00:00,18629.535371660056,0.712038,33380.81,42397.940562440056,0.5606028235210134394520838498
2021-06-09 00:00:00+00:00,18629.535371660056,0.712038,37388.05,45251.247717560056,0.5883089127632885699763265968
2021-06-10 00:00:00+00:00,18629.535371660056,0.712038,36675.72,44744.041689020056,0.5836420969491532889516387600
2021-06-11 00:00:00+00:00,18629.535371660056,0.712038,37331.98,45211.323746900056,0.5879453679358945493309221828
2021-06-12 00:00:00+00:00,18629.535371660056,0.712038,35546.11,43939.716443840056,0.5760205827574987578836221172
2021-06-13 00:00:00+00:00,18629.535371660056,0.712038,39020.57,46413.663993320056,0.5986195924040546627510793054
2021-06-14 00:00:00+00:00,18629.535371660056,0.712038,40516.29,47478.673470680056,0.6076230861175065233882843986
2021-06-15 00:00:00+00:00,18990.996789392044,0.703105,40144.04,47216.472033592044,0.5977887383055441838207580256
2021-06-16 00:00:00+00:00,18990.996789392044,0.703105,38349.01,45954.377465442044,0.5867423771832534833930516808
2021-06-17 00:00:00+00:00,18990.996789392044,0.703105,38092.97,45774.354461242044,0.5851171029517836877645691823
2021-06-18 00:00:00+00:00,18990.996789392044,0.703105,35819.84,44176.105392592044,0.5701070381687229461844823505
2021-06-19 00:00:00+00:00,18990.996789392044,0.703105,35483.72,43939.777739992044,0.5677948827650241404267803775
2021-06-20 00:00:00+00:00,18990.996789392044,0.703105,35600.16,44021.647286192044,0.5685986790560467177715999422
2021-06-21 00:00:00+00:00,18990.996789392044,0.703105,31608.93,41215.393517042044,0.5392256346760462934297325906
2021-06-22 00:00:00+00:00,30898.793475448288,0.325954,32509.56,41495.414595688288,0.2553684840478994842261712643
2021-06-23 00:00:00+00:00,30898.793475448288,0.325954,33678.07,41876.295104228288,0.2621411851611388509027241651
2021-06-24 00:00:00+00:00,30898.793475448288,0.325954,34663.09,42197.366313308288,0.2677554033578781427066738667
2021-06-25 00:00:00+00:00,30898.793475448288,0.325954,31584.45,41193.871290748288,0.2499177060256574292848763439
2021-06-26 00:00:00+00:00,20582.184281109022,0.652252,32283.65,41639.259560909022,0.5057024428832159894911784842
2021-06-27 00:00:00+00:00,20582.184281109022,0.652252,34700.34,43215.550446789022,0.5237319884088550789864366674
2021-06-28 00:00:00+00:00,20582.184281109022,0.652252,34494.89,43081.545273389022,0.5222505564622260211381984592
2021-06-29 00:00:00+00:00,20582.184281109022,0.652252,35911.73,44005.681997069022,0.5322834836992211864932754801
2021-06-30 00:00:00+00:00,20582.184281109022,0.652252,35045.0,43440.355621109022,0.5261966899942343587671857605
2021-07-01 00:00:00+00:00,20582.184281109022,0.652252,33504.69,42435.685342989022,0.5149793360292815159012366478
2021-07-02 00:00:00+00:00,20582.184281109022,0.652252,33786.55,42619.529091709022,0.5170715228500032540335100577
2021-07-03 00:00:00+00:00,20582.184281109022,0.652252,34669.13,43195.193661869022,0.5235075355321732084329445871
2021-07-04 00:00:00+00:00,20582.184281109022,0.652252,35286.51,43597.881001629022,0.5279086091285038660879015284
2021-07-05 00:00:00+00:00,20582.184281109022,0.652252,33690.14,42556.645476389022,0.5163579259900011534197531019
2021-07-06 00:00:00+00:00,20582.184281109022,0.652252,34220.01,42902.254243629022,0.5202540135949739022169279052
2021-07-07 00:00:00+00:00,20582.184281109022,0.652252,33862.12,42668.819775349022,0.5176293980130209953117152837
2021-07-08 00:00:00+00:00,20582.184281109022,0.652252,32875.71,42025.431880029022,0.5102445504934854147810741800
2021-07-09 00:00:00+00:00,20582.184281109022,0.652252,33815.81,42638.613985229022,0.5172876799363329431864416443
2021-07-10 00:00:00+00:00,20582.184281109022,0.652252,33502.87,42434.498244349022,0.5149657676499111244644623426
2021-07-11 00:00:00+00:00,20582.184281109022,0.652252,34258.99,42927.679026589022,0.5205381528230165810443525265
2021-07-12 00:00:00+00:00,20582.184281109022,0.652252,33086.63,42163.004871869022,0.5118425656886383815317356843
2021-07-13 00:00:00+00:00,20582.184281109022,0.652252,32729.77,41930.242223149022,0.5091327120990032260462475493
2021-07-14 00:00:00+00:00,20582.184281109022,0.652252,32820.02,41989.107966149022,0.5098208731249526701089616880
2021-07-15 00:00:00+00:00,20582.184281109022,0.652252,31880.0,41375.978041109022,0.5025571537992495768488968542
2021-07-16 00:00:00+00:00,20582.184281109022,0.652252,31383.87,41052.376256349022,0.4986359826631022163078890090
2021-07-17 00:00:00+00:00,20582.184281109022,0.652252,31520.07,41141.212978749022,0.4997185840937531092427317897
2021-07-18 00:00:00+00:00,20582.184281109022,0.652252,31778.56,41309.813598229022,0.5017604174812497014179243025
2021-07-19 00:00:00+00:00,20582.184281109022,0.652252,30839.65,40697.407672909022,0.4942630143292902768204690257
2021-07-20 00:00:00+00:00,20582.184281109022,0.652252,29790.35,40012.999649309022,0.4856125643790754287652993989
2021-07-21 00:00:00+00:00,20582.184281109022,0.652252,32144.51,41548.505217629022,0.5046227494033646834800592807
2021-07-22 00:00:00+00:00,20582.184281109022,0.652252,32287.83,41641.985974269022,0.5057348058801290400495276802
2021-07-23 00:00:00+00:00,20582.184281109022,0.652252,33634.09,42520.086751789022,0.5159420910578685084261139229
2021-07-24 00:00:00+00:00,20582.184281109022,0.652252,34258.14,42927.124612389022,0.5205319604572610505151761967
2021-07-25 00:00:00+00:00,20582.184281109022,0.652252,35381.02,43659.525338149022,0.5285751706712984849014581322
2021-07-26 00:00:00+00:00,20582.184281109022,0.652252,37237.6,44870.483356309022,0.5412979147634909430322196617
2021-07-27 00:00:00+00:00,20582.184281109022,0.652252,39457.87,46318.658904349022,0.5556394600367739007277680377
2021-07-28 00:00:00+00:00,20582.184281109022,0.652252,40019.56,46685.022330229022,0.5591266051985617140996281280
2021-07-29 00:00:00+00:00,20582.184281109022,0.652252,40016.48,46683.013394069022,0.5591076328477984471767705111
2021-07-30 00:00:00+00:00,34994.491572026452,0.291642,42206.37,47303.641731566452,0.2602156981779674196589118844
2021-07-31 00:00:00+00:00,34994.491572026452,0.291642,41461.83,47086.502596886452,0.2568041871442703447521428071
2021-08-01 00:00:00+00:00,18813.607207023276,0.681395,39845.44,45964.090795823276,0.5906890165500052704612793997
2021-08-02 00:00:00+00:00,18386.415588315470,0.692101,39147.82,45480.660958135470,0.5957311261320499190169858744
2021-08-03 00:00:00+00:00,18191.759557256682,0.697067,38207.05,44824.633279606682,0.5941570911739468597563583778
2021-08-04 00:00:00+00:00,17929.548072728874,0.703921,39723.18,45891.528661508874,0.6093059308401916747767241761
2021-08-05 00:00:00+00:00,18356.056690458003,0.693170,40862.46,46680.688088658003,0.6067740763461888590626033424
2021-08-06 00:00:00+00:00,18671.880163446681,0.685431,42836.87,48033.598804416681,0.6112745946962065876234650066
2021-08-07 00:00:00+00:00,19212.762648345048,0.672788,44572.54,49200.632689865048,0.6095017157715793080291546586
2021-08-08 00:00:00+00:00,19679.676242621370,0.662299,43794.37,48684.643699251370,0.5957724089716612858466591754
2021-08-09 00:00:00+00:00,19679.676242621370,0.662299,46253.4,50313.256809221370,0.6088570390654079853895170381
2021-08-10 00:00:00+00:00,20123.550096188460,0.652689,45584.99,49876.371634298460,0.5965313947907528184553255692
2021-08-11 00:00:00+00:00,37384.816330571460,0.273535,45511.0,49833.667715571460,0.2498080505744136495255905243
2021-08-12 00:00:00+00:00,37384.816330571460,0.273535,44399.0,49529.496795571460,0.2452009661056334876076803212
2021-08-13 00:00:00+00:00,19789.093842400230,0.669320,47800.0,51782.589842400230,0.6178427169705468592964021653
2021-08-14 00:00:00+00:00,2566.815747048033,1.029151,47068.51,51007.419882058033,0.9496776007690027107926041415
2021-08-15 00:00:00+00:00,26747.423507038983,0.514750,46973.82,50927.197352038983,0.4747909781458238692376676332
2021-08-16 00:00:00+00:00,26747.423507038983,0.514750,45901.29,50375.112534538983,0.4690349626772547534794024248
2021-08-17 00:00:00+00:00,26747.423507038983,0.514750,44695.95,49754.663769538983,0.4624137421381911309448955896
2021-08-18 00:00:00+00:00,26747.423507038983,0.514750,44705.29,49759.471534538983,0.4624656837749353027194859526
2021-08-19 00:00:00+00:00,26747.423507038983,0.514750,46760.62,50817.452652038983,0.4736567436745419381388896016
2021-08-20 00:00:00+00:00,26747.423507038983,0.514750,49322.47,52136.164939538983,0.4869698694167991365167896925
2021-08-21 00:00:00+00:00,26747.423507038983,0.514750,48821.87,51878.481089538983,0.4844216147948776925070126437
2021-08-22 00:00:00+00:00,26747.423507038983,0.514750,49239.22,52093.312002038983,0.4865478411894397734420885453
2021-08-23 00:00:00+00:00,26747.423507038983,0.514750,49488.85,52221.809044538983,0.4878112421531276976355407772
2021-08-24 00:00:00+00:00,2579.740298024423,1.002462,47674.01,50371.123710644423,0.9487853335803332013650278944
2021-08-25 00:00:00+00:00,2579.740298024423,1.002462,48973.32,51673.632611864423,0.9500762735726052518334251980
2021-08-26 00:00:00+00:00,2579.740298024423,1.002462,46843.87,49538.939905964423,0.9479249999511227798400369972
2021-08-27 00:00:00+00:00,25977.490706064011,0.502328,49069.9,50626.675433264011,0.4868813627648236406472765542
2021-08-28 00:00:00+00:00,25977.490706064011,0.502328,48895.35,50538.994080864011,0.4859911405339965228820415242
2021-08-29 00:00:00+00:00,2496.501819762281,0.981934,48767.83,50383.292202982281,0.9504498076524164015860905565
2021-08-30 00:00:00+00:00,2496.501819762281,0.981934,46982.91,48630.618567702281,0.9486639920837791490018209107
2021-08-31 00:00:00+00:00,2496.501819762281,0.981934,47100.89,48746.467141022281,0.9487859948385599889118537269
2021-09-01 00:00:00+00:00,2496.501819762281,0.981934,48810.52,50425.210965442281,0.9504909990069610389079351324
2021-09-02 00:00:00+00:00,2496.501819762281,0.981934,49246.64,50853.452021522281,0.9509079183315675910564134591
2021-09-03 00:00:00+00:00,2496.501819762281,0.981934,49999.14,51592.357356522281,0.9516110147378897692331234711
2021-09-04 00:00:00+00:00,2496.501819762281,0.981934,49915.64,51510.365867522281,0.9515339916982351236088504108
2021-09-05 00:00:00+00:00,2496.501819762281,0.981934,51756.88,53318.342025682281,0.9531774296627646337641771276
2021-09-06 00:00:00+00:00,2496.501819762281,0.981934,52663.9,54208.975802362281,0.9539467074813560638772340487
2021-09-07 00:00:00+00:00,2496.501819762281,0.981934,46863.73,48513.591673582281,0.9485401568170898243967744276
2021-09-08 00:00:00+00:00,25442.262675816107,0.491720,46048.31,48085.137669016107,0.4708913417084806839623961960
2021-09-09 00:00:00+00:00,25442.262675816107,0.491720,46395.14,48255.680916616107,0.4727612958196710000874051278
2021-09-10 00:00:00+00:00,2382.890398959675,0.988096,44850.91,46699.895166319675,0.9489743951143120776024448750
2021-09-11 00:00:00+00:00,18655.346251104375,0.624741,45173.69,46877.202515394375,0.6020379790159620038500836292
2021-09-12 00:00:00+00:00,18750.764379271215,0.622626,46025.24,47407.275459511215,0.6044749630194305685332344212
2021-09-13 00:00:00+00:00,18962.664860367825,0.618016,44940.73,46736.755052047825,0.5942665501862446075375285096
2021-09-14 00:00:00+00:00,18962.664860367825,0.618016,47111.52,48078.338004687825,0.6055881786404743981887376827
2021-09-15 00:00:00+00:00,2382.168528915681,0.969562,48121.41,49038.859051335681,0.9514228394583581281418377689
2021-09-16 00:00:00+00:00,2382.168528915681,0.969562,47737.82,48666.944763755681,0.9510516113045628865033373415
2021-09-17 00:00:00+00:00,2382.168528915681,0.969562,47299.98,48242.431737675681,0.9506208861553865399631656687
2021-09-18 00:00:00+00:00,25297.465563548229,0.484464,48292.74,48693.559554908229,0.4804761493145290716403602556
2021-09-19 00:00:00+00:00,25297.465563548229,0.484464,47241.75,48184.392735548229,0.4749863155401993410059256619
2021-09-20 00:00:00+00:00,2379.508200789204,0.968955,43015.62,44059.708277889204,0.9459935552504933519375657647
2021-09-21 00:00:00+00:00,23104.918680908340,0.486528,40734.38,42923.335113548340,0.4617166019418772166482186337
2021-09-22 00:00:00+00:00,30037.228288105638,0.316122,43543.61,43802.321368525638,0.3142548762338192362299871916
2021-09-23 00:00:00+00:00,30661.436809352445,0.301769,44865.26,44200.381454292445,0.3063083213193669933292914997
2021-09-24 00:00:00+00:00,30939.911911384275,0.295554,42810.57,43592.747117164275,0.2902509257279189292431956948
2021-09-25 00:00:00+00:00,30939.911911384275,0.295554,42670.64,43551.390245944275,0.2895769403304971288791844129
2021-09-26 00:00:00+00:00,30939.911911384275,0.295554,43160.9,43696.288549984275,0.2919327261400691808210460151
2021-09-27 00:00:00+00:00,30939.911911384275,0.295554,42147.35,43396.729793284275,0.2870450824575200096387684163
2021-09-28 00:00:00+00:00,30939.911911384275,0.295554,41026.54,43065.469914544275,0.2815610285275187249683980018
2021-09-29 00:00:00+00:00,30939.911911384275,0.295554,41524.28,43212.578962504275,0.2840068180556647995469153095
2021-09-30 00:00:00+00:00,30939.911911384275,0.295554,43824.1,43892.299962784275,0.2950947674736153201184948729
2021-10-01 00:00:00+00:00,30939.911911384275,0.295554,48141.61,45168.357313324275,0.3150091402093724490692683196
2021-10-02 00:00:00+00:00,31617.008692585635,0.281471,47634.9,45024.851630485635,0.2977876095614217555219657022
2021-10-03 00:00:00+00:00,31617.008692585635,0.281471,48200.01,45183.913707295635,0.3002596256401626264192500026
2021-10-04 00:00:00+00:00,31628.754205982463,0.281227,49224.94,45472.136407362463,0.3044365911767144695144632188
2021-10-05 00:00:00+00:00,31830.264889167972,0.277128,51471.99,46094.594533887972,0.3094577528875561392554083192
2021-10-06 00:00:00+00:00,31830.264889167972,0.277128,55315.0,47159.600209167972,0.3250522746590190526549417986
2021-10-07 00:00:00+00:00,31830.264889167972,0.277128,53785.22,46735.655337327972,0.3189297409135718176441389658
2021-10-08 00:00:00+00:00,31830.264889167972,0.277128,53951.43,46781.716782207972,0.3196003251151812781111617632
2021-10-09 00:00:00+00:00,31830.264889167972,0.277128,54949.72,47058.370893327972,0.3236003651439423436787652874
2021-10-10 00:00:00+00:00,31830.264889167972,0.277128,54659.0,46977.804241167972,0.3224403438321151875687095068
2021-10-11 00:00:00+00:00,31830.264889167972,0.277128,57471.35,47757.185171967972,0.3334978857202124649182589593
2021-10-12 00:00:00+00:00,31830.264889167972,0.277128,55996.93,47348.582106207972,0.3277461864059781602559310208
2021-10-13 00:00:00+00:00,31830.264889167972,0.277128,57367.0,47728.266865167972,0.3330940555816063262639035368
2021-10-14 00:00:00+00:00,31830.264889167972,0.277128,57347.94,47722.984805487972,0.3330202413176049759615148964
2021-10-15 00:00:00+00:00,31830.264889167972,0.277128,61672.42,48921.419298927972,0.3493593328788505321820752731
2021-10-16 00:00:00+00:00,31830.264889167972,0.277128,60875.57,48700.589852127972,0.3464090479023808218930037226
2021-10-17 00:00:00+00:00,31830.264889167972,0.277128,61528.33,48881.487925407972,0.3488278233727208706943833138
2021-10-18 00:00:00+00:00,31830.264889167972,0.277128,62009.84,49014.927828687972,0.3506005966097124374684333344
2021-10-19 00:00:00+00:00,31830.264889167972,0.277128,64280.59,49644.216234687972,0.3588323614840923421034075343
2021-10-20 00:00:00+00:00,31830.264889167972,0.277128,66001.41,50121.103639647972,0.3649328810072560204349726550
2021-10-21 00:00:00+00:00,20033.170666683412,0.455636,62193.15,48370.608760083412,0.5858400135907475792700023187
2021-10-22 00:00:00+00:00,19347.409366625272,0.466648,60688.22,47667.445853185272,0.5941169278040429343696366847
2021-10-23 00:00:00+00:00,19066.665250515892,0.471268,61286.75,47949.149349515892,0.6023565483605728580858283820
2021-10-24 00:00:00+00:00,19179.531100918792,0.469424,60852.22,47745.023622198792,0.5982925623268228493191031441
2021-10-25 00:00:00+00:00,19097.944052879438,0.470763,63078.78,48793.099762019438,0.6085933431975706778953734639
2021-10-26 00:00:00+00:00,19516.746630271166,0.464115,60328.81,47516.252283421166,0.5892616590664763186348285690
2021-10-27 00:00:00+00:00,19005.882623131145,0.472572,58413.44,46610.438790811145,0.5922397832719396216822845863
2021-10-28 00:00:00+00:00,18643.716397824521,0.478764,60575.89,47645.271797784521,0.6086974489944783233580134145
2021-10-29 00:00:00+00:00,19057.577410073051,0.471923,62253.71,48436.534994403051,0.6065454018898090806983151261
2021-10-30 00:00:00+00:00,19374.223328650721,0.466830,61859.19,48251.948996350721,0.5984779116359426823338659600
2021-10-31 00:00:00+00:00,19300.701015204632,0.468017,61299.8,47990.049511804632,0.5978186892585507829197062019
2021-11-01 00:00:00+00:00,19300.701015204632,0.468017,60911.11,47808.135984074632,0.5962883593362876887010741686
2021-11-02 00:00:00+00:00,19300.701015204632,0.468017,63219.99,48888.731075034632,0.6052116593989352240476758186
2021-11-03 00:00:00+00:00,19555.274976504920,0.463985,62896.48,48738.298249304920,0.5987698446819733379517727833
2021-11-04 00:00:00+00:00,2414.672128982941,0.736152,61395.01,47610.731530502941,0.9492830281879637954918042676
2021-11-05 00:00:00+00:00,2414.672128982941,0.736152,60937.12,47273.654891222941,0.9489213995715135431680309763
2021-11-06 00:00:00+00:00,2414.672128982941,0.736152,61470.61,47666.384621702941,0.9493422430052830419878053737
2021-11-07 00:00:00+00:00,2414.672128982941,0.736152,63273.59,48993.651954662941,0.9507145919390251526238645722
2021-11-08 00:00:00+00:00,2414.672128982941,0.736152,67525.83,52123.946935142941,0.9536744189386217827267169607
2021-11-09 00:00:00+00:00,2414.672128982941,0.736152,66947.66,51698.325933302941,0.9532930305693426418521220547
2021-11-10 00:00:00+00:00,2414.672128982941,0.736152,64882.43,50178.002738342941,0.9518778748214743670240749302
2021-11-11 00:00:00+00:00,2414.672128982941,0.736152,64774.26,50098.373176502941,0.9518013864347302465569611800
2021-11-12 00:00:00+00:00,2414.672128982941,0.736152,64122.23,49618.379987942941,0.9513351276367810428855033075
2021-11-13 00:00:00+00:00,2414.672128982941,0.736152,64380.0,49808.137888982941,0.9515205299510495817628624971
2021-11-14 00:00:00+00:00,2414.672128982941,0.736152,65519.1,50646.688632182941,0.9523231983334728560141747303
2021-11-15 00:00:00+00:00,26558.092919601859,0.367178,63606.74,49913.088499321859,0.4679132524535585723358334891
2021-11-16 00:00:00+00:00,26558.092919601859,0.367178,60058.87,48610.388688461859,0.4536539691173941067639753055
2021-11-17 00:00:00+00:00,26558.092919601859,0.367178,60344.87,48715.401596461859,0.4548316949206728630950734973
2021-11-18 00:00:00+00:00,26558.092919601859,0.367178,56891.62,47447.444167961859,0.4402629396519782647775276919
2021-11-19 00:00:00+00:00,26558.092919601859,0.367178,58052.24,47873.598298321859,0.4452455243889027821320779580
2021-11-20 00:00:00+00:00,26558.092919601859,0.367178,59707.51,48481.377026381859,0.4522001117016565023163976570
2021-11-21 00:00:00+00:00,26558.092919601859,0.367178,58622.02,48082.808979161859,0.4476592885596261103415396508
2021-11-22 00:00:00+00:00,26558.092919601859,0.367178,56247.18,47210.819977641859,0.4374574952907137889411074598
2021-11-23 00:00:00+00:00,26558.092919601859,0.367178,57541.27,47685.981355661859,0.4430628842149526282411636376
2021-11-24 00:00:00+00:00,26558.092919601859,0.367178,57138.29,47538.015965221859,0.4413293785960401745890166563
2021-11-25 00:00:00+00:00,26558.092919601859,0.367178,58960.36,48207.039983681859,0.4490826873296554738167751329
2021-11-26 00:00:00+00:00,2379.009704560461,0.776736,53726.53,44110.339710640461,0.9460668469078557699723176262
2021-11-27 00:00:00+00:00,23129.808432874953,0.389983,54721.03,44470.079875364953,0.4798793144131915415087156397
2021-11-28 00:00:00+00:00,2196.287747753018,0.772068,57274.88,46416.389799593018,0.9526829260690956366153546194
2021-11-29 00:00:00+00:00,2196.287747753018,0.772068,57776.25,46803.481532753018,0.9530742655070209131026238915
2021-11-30 00:00:00+00:00,2196.287747753018,0.772068,56950.56,46165.992705833018,0.9524262856915558177066560180
2021-12-01 00:00:00+00:00,2196.287747753018,0.772068,57184.07,46346.278304513018,0.9526113459785798560786366636
2021-12-02 00:00:00+00:00,2196.287747753018,0.772068,56480.34,45802.950890873018,0.9520492085109157451511137203
2021-12-03 00:00:00+00:00,2196.287747753018,0.772068,53601.05,43579.943219153018,0.9496032443936786032173964519
2021-12-04 00:00:00+00:00,2196.287747753018,0.772068,49152.47,40145.336955713018,0.9452915851677646003339381068
2021-12-05 00:00:00+00:00,21051.793398642842,0.387956,49396.33,40215.396000122842,0.4765240307821776225953526788
2021-12-06 00:00:00+00:00,21051.793398642842,0.387956,50441.92,40621.038914162842,0.4817514775255300016597893468
2021-12-07 00:00:00+00:00,21051.793398642842,0.387956,50588.95,40678.080084842842,0.4824781957571541889128173400
2021-12-08 00:00:00+00:00,21051.793398642842,0.387956,50471.19,40632.394386282842,0.4818963116347937360617789232
2021-12-09 00:00:00+00:00,21051.793398642842,0.387956,47545.59,39497.390312682842,0.4670079913638499663810681275
2021-12-10 00:00:00+00:00,21051.793398642842,0.387956,47140.54,39340.248734882842,0.4648789960502638975858843618
2021-12-11 00:00:00+00:00,21051.793398642842,0.387956,49389.99,40212.936359082842,0.4764920121559861753125893831
2021-12-12 00:00:00+00:00,21051.793398642842,0.387956,50053.9,40470.504227042842,0.4798237926431418412551122307
2021-12-13 00:00:00+00:00,21051.793398642842,0.387956,46702.75,39170.405477642842,0.4625587061982674159130224971
2021-12-14 00:00:00+00:00,21051.793398642842,0.387956,48343.28,39806.858934322842,0.4711516064762582373177204336
2021-12-15 00:00:00+00:00,21051.793398642842,0.387956,48864.98,40009.255579522842,0.4738269159544830077431550453
2021-12-16 00:00:00+00:00,21051.793398642842,0.387956,47632.38,39531.061013922842,0.4674619689254381729253918719
2021-12-17 00:00:00+00:00,21051.793398642842,0.387956,46131.2,38948.669225842842,0.4594990325195819297323663701
2021-12-18 00:00:00+00:00,21051.793398642842,0.387956,46834.48,39221.510921522842,0.4632589896711334993529930978
2021-12-19 00:00:00+00:00,21051.793398642842,0.387956,46681.23,39162.056664522842,0.4624441310889119749631035641
2021-12-20 00:00:00+00:00,21051.793398642842,0.387956,46914.16,39252.423255602842,0.4636816875850350147788057199
2021-12-21 00:00:00+00:00,21051.793398642842,0.387956,48889.88,40018.915683922842,0.4739539280645685306814722736
2021-12-22 00:00:00+00:00,21051.793398642842,0.387956,48588.16,39901.861599602842,0.4724107458973197808650383302
2021-12-23 00:00:00+00:00,21051.793398642842,0.387956,50838.81,40775.014771002842,0.4837085034334842693914677831
2021-12-24 00:00:00+00:00,21051.793398642842,0.387956,50820.0,40767.717318642842,0.4836160868635149631972456544
2021-12-25 00:00:00+00:00,21051.793398642842,0.387956,50399.66,40604.643893602842,0.4815422232539392294935684284
2021-12-26 00:00:00+00:00,21051.793398642842,0.387956,50775.49,40750.449397082842,0.4833972702114579922638967602
2021-12-27 00:00:00+00:00,2012.825450431694,0.762433,50701.44,40669.276453951694,0.9505074683905246939844678233
2021-12-28 00:00:00+00:00,2012.825450431694,0.762433,47543.74,38261.741769851694,0.9473932613277501638685716663
2021-12-29 00:00:00+00:00,2012.825450431694,0.762433,46464.66,37439.015568211694,0.9462372228574107698702838736
2021-12-30 00:00:00+00:00,14958.777581642738,0.483451,47120.87,37739.409304012738,0.6036297902507920759302562032
2021-12-31 00:00:00+00:00,15095.626964907986,0.480543,46216.93,37304.849157897986,0.5953441092600686889490211793
2022-01-01 00:00:00+00:00,14921.717953778164,0.484301,47722.65,38033.845071428164,0.6076726419389114845810133711
2022-01-02 00:00:00+00:00,15213.162648392494,0.478186,47286.18,37824.751917872494,0.5977987461378654937441499990
2022-01-03 00:00:00+00:00,15129.830780812654,0.479946,46446.1,37421.450691412654,0.5956909606317160865176433315
2022-01-04 00:00:00+00:00,14968.406788975624,0.483417,45832.01,37124.379567145624,0.5968038533303225408125949924
2022-01-05 00:00:00+00:00,14849.639349881180,0.486005,43451.13,35967.105785531180,0.5871327696360021928693740281
2022-01-06 00:00:00+00:00,14386.283127847880,0.496655,43082.31,35783.327800897880,0.5979612849901875957281147664
2022-01-07 00:00:00+00:00,14313.249974113810,0.498348,41566.48,35027.822149153810,0.5913748244705078092535278846
2022-01-08 00:00:00+00:00,14010.752060744178,0.505616,41679.74,35084.695480584178,0.6006591515523425639880872532
2022-01-09 00:00:00+00:00,14033.854244511768,0.505061,41864.62,35178.041086331768,0.6010620884184326020048811041
2022-01-10 00:00:00+00:00,14071.190749534410,0.504168,41822.49,35156.751887854410,0.5997585102736530380326339989
2022-01-11 00:00:00+00:00,14071.190749534410,0.504168,42729.29,35613.931430254410,0.6048964496634936182399762257
2022-01-12 00:00:00+00:00,14245.384964064096,0.500086,43902.66,36200.490592824096,0.6064864113502397745171395826
2022-01-13 00:00:00+00:00,14479.914953056791,0.494737,42560.11,35535.976094126791,0.5925280083850022859397091639
2022-01-14 00:00:00+00:00,14479.914953056791,0.494737,43059.96,35783.270383576791,0.5953440029980451140691020097
2022-01-15 00:00:00+00:00,14479.914953056791,0.494737,43084.29,35795.307334786791,0.5954800773847570517533349925
2022-01-16 00:00:00+00:00,14479.914953056791,0.494737,43071.66,35789.058806476791,0.5954094509343078177533334164
2022-01-17 00:00:00+00:00,14479.914953056791,0.494737,42201.62,35358.617826996791,0.5904841353272249010184779547
2022-01-18 00:00:00+00:00,14479.914953056791,0.494737,42352.12,35433.075745496791,0.5913446787103416693728745521
2022-01-19 00:00:00+00:00,14479.914953056791,0.494737,41660.01,35090.663320426791,0.5873570464931103302600709843
2022-01-20 00:00:00+00:00,14479.914953056791,0.494737,40680.91,34606.266323726791,0.5815811270247014815793767416
2022-01-21 00:00:00+00:00,14479.914953056791,0.494737,36445.31,32510.758286526791,0.5546115896331583831728027158
2022-01-22 00:00:00+00:00,14479.914953056791,0.494737,35071.42,31831.044069596791,0.5451008480464143810234731863
2022-01-23 00:00:00+00:00,14479.914953056791,0.494737,36244.55,32411.434886406791,0.5532467166663577195778389852
2022-01-24 00:00:00+00:00,14479.914953056791,0.494737,36660.35,32617.146531006791,0.5560643252685586608209820786
2022-01-25 00:00:00+00:00,14479.914953056791,0.494737,36958.32,32764.563314896791,0.5580617139959460799985884872
2022-01-26 00:00:00+00:00,14479.914953056791,0.494737,36809.34,32690.857396636791,0.5570653049146862402904371971
2022-01-27 00:00:00+00:00,14479.914953056791,0.494737,37160.1,32864.391346756791,0.5594041343934478349407204086
2022-01-28 00:00:00+00:00,14479.914953056791,0.494737,37716.56,33139.692697776791,0.5630642961867841825479909859
2022-01-29 00:00:00+00:00,23186.465127546969,0.263595,38166.84,33247.053317346969,0.3026008980035169493640758108
2022-01-30 00:00:00+00:00,23186.465127546969,0.263595,37881.76,33171.907654746969,0.3010210516419022527788959073
2022-01-31 00:00:00+00:00,13255.902716774319,0.525401,38466.9,33466.450443674319,0.6039047302287210049136820279
2022-02-01 00:00:00+00:00,13386.443319290259,0.522003,38694.59,33585.135383060259,0.6014176162576333889736737188
2022-02-02 00:00:00+00:00,13434.014436627882,0.520772,36896.36,32648.605626547882,0.5885271613038153876902890743
2022-02-03 00:00:00+00:00,13434.014436627882,0.520772,37311.61,32864.856199547882,0.5912346503188809883681423756
2022-02-04 00:00:00+00:00,13434.014436627882,0.520772,41574.25,35084.719757627882,0.6170978554358511122575596217
2022-02-05 00:00:00+00:00,14032.616012226102,0.506354,41382.59,34986.855989086102,0.5989174901396262755876060121
2022-02-06 00:00:00+00:00,14032.616012226102,0.506354,42380.87,35492.339060206102,0.6046297205596284136628897477
2022-02-07 00:00:00+00:00,14196.755367168084,0.502476,43839.99,36225.298182408084,0.6080983158321555098160862021
2022-02-08 00:00:00+00:00,14489.751189871080,0.495784,44042.99,36325.560944031080,0.6011141792910978418642760073
2022-02-09 00:00:00+00:00,14530.174088698980,0.494865,44372.72,36488.680171498980,0.6017895407450668971185745034
2022-02-10 00:00:00+00:00,14595.405806201124,0.493393,43495.44,36055.751434121124,0.5951989564586121093015161889
2022-02-11 00:00:00+00:00,14422.112461578636,0.497372,42373.73,35497.619299138636,0.5937160647297664168813678871
2022-02-12 00:00:00+00:00,24834.784129508790,0.251318,42217.87,35444.894782168790,0.2993410113886869946552661069
2022-02-13 00:00:00+00:00,24834.784129508790,0.251318,42053.66,35403.625853388790,0.2985242745375009075148177881
2022-02-14 00:00:00+00:00,14147.608361588300,0.505120,42535.94,35633.362374388300,0.6029673480446801402024282263
2022-02-15 00:00:00+00:00,14253.215240777408,0.502634,44544.86,36642.976402017408,0.6110246317219829887991036051
2022-02-16 00:00:00+00:00,14656.667315009363,0.493565,43873.56,36311.120956409363,0.5963587207179766363203630901
2022-02-17 00:00:00+00:00,14524.304430382199,0.496578,40515.7,34643.509704982199,0.5807496251370452168243172677
2022-02-18 00:00:00+00:00,13856.548888619619,0.513038,39974.44,34364.955637339619,0.5967825759808741317575166206
2022-02-19 00:00:00+00:00,13745.875846209094,0.515803,40079.17,34418.831969719094,0.6006292177984888297490620017
2022-02-20 00:00:00+00:00,13767.530489498833,0.515262,38386.89,33546.836204678833,0.5896027152754675374985000343
2022-02-21 00:00:00+00:00,13767.530489498833,0.515262,37008.16,32836.429027418833,0.5807238820639488191172338505
2022-02-22 00:00:00+00:00,13767.530489498833,0.515262,38230.33,33466.166785958833,0.5886134621406602180792688696
2022-02-23 00:00:00+00:00,13767.530489498833,0.515262,37250.01,32961.045142118833,0.5823090429888651395935915978
2022-02-24 00:00:00+00:00,13767.530489498833,0.515262,38327.21,33516.085368518833,0.5892261778748638618294693311
2022-02-25 00:00:00+00:00,13767.530489498833,0.515262,39219.17,33975.678462038833,0.5947827648274529047105465723
2022-02-26 00:00:00+00:00,25466.555203203037,0.216575,39116.72,33938.258837203037,0.2496210449286024959401434874
2022-02-27 00:00:00+00:00,25466.555203203037,0.216575,37699.07,33631.231288453037,0.2427706560970684348223246178
2022-02-28 00:00:00+00:00,13436.881018877905,0.535258,43160.0,36538.616298877905,0.6322553402414817376652619834
2022-03-01 00:00:00+00:00,14613.918997721905,0.507951,44421.2,37177.711958921905,0.6069172031385633017884532936
2022-03-02 00:00:00+00:00,14870.783387349505,0.502161,43892.98,36912.126117129505,0.5971301317035611347061688496
2022-03-03 00:00:00+00:00,14764.731914559174,0.504574,42454.0,36185.916510559174,0.5919757370177213886250922724
2022-03-04 00:00:00+00:00,14474.011562781374,0.511413,39148.66,34495.145219361374,0.5804043881903292747701161069
2022-03-05 00:00:00+00:00,14474.011562781374,0.511413,39397.96,34622.640480261374,0.5819495173675989234327618562
2022-03-06 00:00:00+00:00,14474.011562781374,0.511413,38420.81,34122.913267311374,0.5758272029883509412753537159
2022-03-07 00:00:00+00:00,14474.011562781374,0.511413,37988.0,33901.568606781374,0.5730577622922698919097513545
2022-03-08 00:00:00+00:00,23719.085538949469,0.267728,38730.63,34088.359647589469,0.3041881221578010104775800272
2022-03-09 00:00:00+00:00,23861.699731976816,0.264041,41941.71,34936.030782086816,0.3169888164796408124171346370
2022-03-10 00:00:00+00:00,24454.487043756896,0.249889,39422.0,34305.611201756896,0.2871578092593637740972083547
2022-03-11 00:00:00+00:00,24013.373378756621,0.261064,38729.57,34124.269841236621,0.2962963459590786577944765833
2022-03-12 00:00:00+00:00,23886.834504883638,0.264327,38807.36,34144.667551603638,0.3004226950289410783907069843
2022-03-13 00:00:00+00:00,23901.252071849178,0.263955,37777.34,33872.769851549178,0.2943815289803928039766494926
2022-03-14 00:00:00+00:00,23710.720190033643,0.268992,39671.37,34382.001349073643,0.3103740544564755878576608036
2022-03-15 00:00:00+00:00,24066.941786829672,0.260001,39280.33,34279.866867159672,0.2979277930076807399356717461
2022-03-16 00:00:00+00:00,23995.830625702040,0.261809,41114.0,34759.845851702040,0.3096680943846283632651261352
2022-03-17 00:00:00+00:00,24331.459657748978,0.253635,40917.9,34709.671224248978,0.2990005724758793363633187180
2022-03-18 00:00:00+00:00,24296.757150230299,0.254482,41757.51,34923.291810050299,0.3042821598152403638390997720
2022-03-19 00:00:00+00:00,24446.138103029233,0.250900,42201.13,35034.401620029233,0.3022247570213007412477677795
2022-03-20 00:00:00+00:00,24523.982261005990,0.249053,41262.11,34800.434542835990,0.2952966655971112942698688595
2022-03-21 00:00:00+00:00,24523.982261005990,0.249053,41002.25,34735.715630255990,0.2939836759935710908162569425
2022-03-22 00:00:00+00:00,24523.982261005990,0.249053,42364.13,35074.895929895990,0.3008109757468149200460771323
2022-03-23 00:00:00+00:00,24552.413947062022,0.248381,42882.76,35203.676758622022,0.3025610899847644926976947338
2022-03-24 00:00:00+00:00,24642.479154164458,0.246278,43991.46,35476.607940044458,0.3053879560354163629278075073
2022-03-25 00:00:00+00:00,24833.417496373750,0.241932,44313.16,35554.188921493750,0.3015332862406803190738624160
2022-03-26 00:00:00+00:00,24887.896081983802,0.240701,44511.27,35601.803282253802,0.3009372057738011051599910846
2022-03-27 00:00:00+00:00,24921.236135995552,0.239951,46827.76,36157.603975755552,0.3107608526077730518727075542
2022-03-28 00:00:00+00:00,25309.822174420360,0.231642,47122.21,36225.305143240360,0.3013220434074612215516095155
2022-03-29 00:00:00+00:00,25357.683161716519,0.230625,47434.8,36297.333911716519,0.3013899251280480194119339423
2022-03-30 00:00:00+00:00,25408.088166474991,0.229561,47067.99,36213.063018864991,0.2983722986028883906397864753
2022-03-31 00:00:00+00:00,25349.082435134467,0.230813,45510.34,35853.460541554467,0.2929808712396209580506718956
2022-04-01 00:00:00+00:00,25097.128595241772,0.236342,46283.49,36035.861188821772,0.3035513023058587445905639903
2022-04-02 00:00:00+00:00,25224.982302408430,0.233576,45811.0,35925.332438408430,0.2978497180045593664570280188
2022-04-03 00:00:00+00:00,25224.982302408430,0.233576,46407.35,36064.625486008430,0.3005616455882878723796458373
2022-04-04 00:00:00+00:00,25245.235954707214,0.233139,46580.51,36104.969475597214,0.3007822379750223742996249961
2022-04-05 00:00:00+00:00,25273.473561534664,0.232532,45497.55,35853.109858134664,0.2950828069995049679876564158
2022-04-06 00:00:00+00:00,25273.473561534664,0.232532,43170.47,35311.989291574664,0.2842806630674630416430876862
2022-04-07 00:00:00+00:00,25273.473561534664,0.232532,43444.19,35375.637950614664,0.2855684017114515777638557703
2022-04-08 00:00:00+00:00,25273.473561534664,0.232532,42252.01,35098.417950854664,0.2799255625446433462113737505
2022-04-09 00:00:00+00:00,25273.473561534664,0.232532,42753.97,35215.139713574664,0.2823122734398155957046616250
2022-04-10 00:00:00+00:00,25273.473561534664,0.232532,42158.85,35076.755269734664,0.2794808594128597212553169701
2022-04-11 00:00:00+00:00,25273.473561534664,0.232532,39530.45,34465.568160934664,0.2667037014007176503668581809
2022-04-12 00:00:00+00:00,25273.473561534664,0.232532,40074.94,34592.179509614664,0.2693876500464484540227889868
2022-04-13 00:00:00+00:00,25273.473561534664,0.232532,41147.79,34841.651465814664,0.2746189546631548518051366029
2022-04-14 00:00:00+00:00,25273.473561534664,0.232532,39942.38,34561.355067694664,0.2687360344514271631745402884
2022-04-15 00:00:00+00:00,25273.473561534664,0.232532,40551.9,34703.087972334664,0.2717226322429086979177329333
2022-04-16 00:00:00+00:00,25273.473561534664,0.232532,40378.71,34662.815755254664,0.2708764994747039559174950815
2022-04-17 00:00:00+00:00,25273.473561534664,0.232532,39678.12,34499.906161374664,0.2674335563894869654230793505
2022-04-18 00:00:00+00:00,25273.473561534664,0.232532,40801.13,34761.041922694664,0.2729368234202954227113964786
2022-04-19 00:00:00+00:00,25273.473561534664,0.232532,41493.18,34921.965693294664,0.2762872003397162293981954018
2022-04-20 00:00:00+00:00,25273.473561534664,0.232532,41358.19,34890.576198614664,0.2756361082240266534670367579
2022-04-21 00:00:00+00:00,25273.473561534664,0.232532,40480.01,34686.371246854664,0.2713716467580492441949336392
2022-04-22 00:00:00+00:00,24279.208049195774,0.257062,39709.18,34486.929278355774,0.2959881161575737530052806969
2022-04-23 00:00:00+00:00,24140.681380372426,0.260546,39441.6,34417.032493972426,0.2985832992835664414587702676
2022-04-24 00:00:00+00:00,24091.868175633478,0.261782,39450.13,34419.202107293478,0.3000457099344445063588138073
2022-04-25 00:00:00+00:00,24091.868175633478,0.261782,40426.08,34674.688250193478,0.3052030345074825561637042632
2022-04-26 00:00:00+00:00,24272.055222599926,0.257319,38112.65,34079.164207949926,0.2877743399312068601978231723
2022-04-27 00:00:00+00:00,23854.904362711734,0.268250,39235.72,34379.886252711734,0.3061377752280909825939179170
2022-04-28 00:00:00+00:00,24065.678936972490,0.262871,39742.07,34512.716619942490,0.3027011115356067366256609893
2022-04-29 00:00:00+00:00,24158.792604397902,0.260525,38596.11,34214.044162147902,0.2938925170639268758929829281
2022-04-30 00:00:00+00:00,23949.561617716500,0.265939,37630.8,33957.058938916500,0.2947103675616295491594486603
2022-05-01 00:00:00+00:00,23769.716313965580,0.270712,38468.35,34183.560279165580,0.3046448023597792931820689521
2022-05-02 00:00:00+00:00,23928.307226212140,0.266584,38525.16,34198.498479652140,0.3003111747596371735573312044
2022-05-03 00:00:00+00:00,23938.964822622024,0.266307,37728.95,33986.448310272024,0.2956320529854618688285843635
2022-05-04 00:00:00+00:00,23790.346179925934,0.270241,39690.0,34516.211469925934,0.3107486260288292267707401222
2022-05-05 00:00:00+00:00,24160.885971169934,0.260893,36552.97,33697.299973379934,0.2830023179822579370703496456
2022-05-06 00:00:00+00:00,23587.392911206925,0.276562,36013.77,33547.433169946925,0.2968942574021605141694248934
2022-05-07 00:00:00+00:00,23483.069630409332,0.279455,35472.39,33396.006377859332,0.2968300052194868006134686926
2022-05-08 00:00:00+00:00,23377.082384275252,0.282439,34038.4,32990.854041875252,0.2914071774376392623904231640
2022-05-09 00:00:00+00:00,23093.242159129756,0.290767,30076.31,31838.440588899756,0.2746742072794529616914876183
2022-05-10 00:00:00+00:00,23093.242159129756,0.290767,31017.1,32111.991274829756,0.2808530009401546693180600863
2022-05-11 00:00:00+00:00,23093.242159129756,0.290767,29103.94,31555.707481109756,0.2681754268081582150300464622
2022-05-12 00:00:00+00:00,23093.242159129756,0.290767,29029.75,31534.135477379756,0.2676747971830358002023167073
2022-05-13 00:00:00+00:00,23093.242159129756,0.290767,29287.05,31608.949826479756,0.2694081174508410521592965719
2022-05-14 00:00:00+00:00,23093.242159129756,0.290767,30086.74,31841.473288709756,0.2747432899934915631365989010
2022-05-15 00:00:00+00:00,23093.242159129756,0.290767,31328.89,32202.649517759756,0.2828775735861784700428896510
2022-05-16 00:00:00+00:00,22541.168259744113,0.308366,29874.01,31753.297227404113,0.2901156658373618444361959486
2022-05-17 00:00:00+00:00,22226.903897430335,0.318872,30444.93,31934.939616390335,0.3039941780249189381313857333
2022-05-18 00:00:00+00:00,22354.302320596625,0.314682,28715.32,31390.496648836625,0.2878640127719958771617148244
2022-05-19 00:00:00+00:00,21972.869533978511,0.327948,30319.23,31916.000374018511,0.3115406292617507747686723264
2022-05-20 00:00:00+00:00,22340.738885093597,0.315799,29201.01,31562.388642083597,0.2921721122429354593818522984
2022-05-21 00:00:00+00:00,22340.738885093597,0.315799,29445.06,31639.459388033597,0.2938963143743499529583670573
2022-05-22 00:00:00+00:00,22340.738885093597,0.315799,30293.94,31907.534843153597,0.2998287396719006759237597386
2022-05-23 00:00:00+00:00,22335.278888913977,0.315979,29109.15,31533.158996763977,0.2916891424926349045446554810
2022-05-24 00:00:00+00:00,22072.868611030331,0.324982,29654.58,31710.073328590331,0.3039161914794733536406703012
2022-05-25 00:00:00+00:00,22196.900540674979,0.320794,29542.15,31673.845007774979,0.2992041056200689989513487092
2022-05-26 00:00:00+00:00,22196.900540674979,0.320794,29201.35,31564.518412574979,0.2967768349720183765750217601
2022-05-27 00:00:00+00:00,22196.900540674979,0.320794,28629.8,31381.168601874979,0.2926681341194939883327597074
2022-05-28 00:00:00+00:00,21966.532297615871,0.328830,29031.33,31512.904541515871,0.3029353334067754934154773988
2022-05-29 00:00:00+00:00,22058.934866622548,0.325643,29468.1,31655.015354922548,0.3031456589329295947699177246
2022-05-30 00:00:00+00:00,22158.407561791148,0.322263,31734.22,32385.172501651148,0.3157854088731067143060605157
2022-05-31 00:00:00+00:00,22668.981397112258,0.306153,31801.04,32404.965196232258,0.3004472845492211129664182282
2022-06-01 00:00:00+00:00,22683.463824249818,0.305697,29805.83,31795.016637759818,0.2865717265481504344173253666
2022-06-02 00:00:00+00:00,22683.463824249818,0.305697,30452.62,31992.738400389818,0.2909808613327882686840265959
2022-06-03 00:00:00+00:00,22683.463824249818,0.305697,29700.21,31762.728920619818,0.2858465064214270664147608108
2022-06-04 00:00:00+00:00,22683.463824249818,0.305697,29864.04,31812.811260129818,0.2869707854873416184398412165
2022-06-05 00:00:00+00:00,22683.463824249818,0.305697,29919.21,31829.676563619818,0.2873485918428650974319716351
2022-06-06 00:00:00+00:00,22683.463824249818,0.305697,31373.1,32274.126374949818,0.2971625765877888061785941500
2022-06-07 00:00:00+00:00,22683.463824249818,0.305697,31125.33,32198.383829259818,0.2955092421863563647660256377
2022-06-08 00:00:00+00:00,22683.463824249818,0.305697,30204.77,31916.971398939818,0.2892977362819803213736909405
2022-06-09 00:00:00+00:00,22683.463824249818,0.305697,30109.93,31887.979095459818,0.2886515712913437862937095256
2022-06-10 00:00:00+00:00,22683.463824249818,0.305697,29091.88,31576.764264609818,0.2816406508860476845455532889
2022-06-11 00:00:00+00:00,22683.463824249818,0.305697,28424.7,31372.809340149818,0.2769705900956622719887108481
2022-06-12 00:00:00+00:00,22683.463824249818,0.305697,26574.53,30807.217921659818,0.2636964531515967502372516403
2022-06-13 00:00:00+00:00,22683.463824249818,0.305697,22487.41,29557.797599019818,0.2325725978649357648392736970
2022-06-14 00:00:00+00:00,20687.418236803562,0.394353,22136.41,29416.977929533562,0.2967524303020210550256619816
2022-06-15 00:00:00+00:00,20687.418236803562,0.394353,22583.72,29593.375969963562,0.3009442972035125267359451450
2022-06-16 00:00:00+00:00,20715.340535924594,0.393115,20401.31,28735.401516574594,0.2791003625275263617198262126
2022-06-17 00:00:00+00:00,20715.340535924594,0.393115,20468.81,28761.936779074594,0.2797654519915434091245397077
2022-06-18 00:00:00+00:00,20715.340535924594,0.393115,18970.79,28173.042646774594,0.2647105676285127496902579244
2022-06-19 00:00:00+00:00,20715.340535924594,0.393115,20574.0,28803.288545924594,0.2807994648633401210675593329
2022-06-20 00:00:00+00:00,20715.340535924594,0.393115,20573.89,28803.245303274594,0.2807983851191413938650576401
2022-06-21 00:00:00+00:00,20715.340535924594,0.393115,20723.52,28862.067100724594,0.2822641405540725493407006304
2022-06-22 00:00:00+00:00,20715.340535924594,0.393115,19987.99,28572.919224774594,0.2750009065239985766395190033
2022-06-23 00:00:00+00:00,20715.340535924594,0.393115,21110.13,29014.049290874594,0.2860238042526550521670894083
2022-06-24 00:00:00+00:00,20715.340535924594,0.393115,21237.69,29064.195040274594,0.2872556591634791520284149458
2022-06-25 00:00:00+00:00,20715.340535924594,0.393115,21491.19,29163.849692774594,0.2896911500316481254388569475
2022-06-26 00:00:00+00:00,20715.340535924594,0.393115,21038.07,28985.721423974594,0.2853260323274004909644821934
2022-06-27 00:00:00+00:00,20715.340535924594,0.393115,20742.56,28869.552010324594,0.2824502254653558911084501539
2022-06-28 00:00:00+00:00,20715.340535924594,0.393115,20281.29,28688.219854274594,0.2779147454547280770566073339
2022-06-29 00:00:00+00:00,20715.340535924594,0.393115,20123.01,28625.997612074594,0.2763452014267353913606123339
2022-06-30 00:00:00+00:00,20715.340535924594,0.393115,19942.21,28554.922420074594,0.2745439741989507624370076459
2022-07-01 00:00:00+00:00,19987.502019803744,0.429565,19279.8,28269.429306803744,0.2929640778070729363257642542
2022-07-02 00:00:00+00:00,19788.353045461904,0.439881,19252.81,28257.298361071904,0.2997082455439926753411118414
2022-07-03 00:00:00+00:00,19780.102126232856,0.440309,19315.83,28285.035917702856,0.3006866887571101455740439812
2022-07-04 00:00:00+00:00,19799.508589970382,0.439303,20236.71,28689.556003100382,0.3098705121881036793208379641
2022-07-05 00:00:00+00:00,20082.332959434720,0.425309,20175.83,28663.295040904720,0.2993710970502277947831052263
2022-07-06 00:00:00+00:00,20064.292512182064,0.426202,20564.51,28828.927803202064,0.3040222428961267619818679748
2022-07-07 00:00:00+00:00,20180.105031818607,0.420563,21624.98,29274.771495558607,0.3106656687352722232677770655
2022-07-08 00:00:00+00:00,20491.942346228814,0.406124,21594.75,29262.088595228814,0.2997101939753532521787419433
2022-07-09 00:00:00+00:00,20491.942346228814,0.406124,21591.83,29260.902713148814,0.2996818127206834116349014710
2022-07-10 00:00:00+00:00,20482.732132596144,0.406550,20862.47,28964.369311096144,0.2928300315260348445654771297
2022-07-11 00:00:00+00:00,20274.413820361105,0.416523,19963.61,28589.716548391105,0.2908494288131704541775306925
2022-07-12 00:00:00+00:00,20012.470590832033,0.429627,19328.75,28316.623467082033,0.2932607020008422300370861131
2022-07-13 00:00:00+00:00,19822.158361183585,0.439459,20234.87,28714.554096513585,0.3096825291258721588430439037
2022-07-14 00:00:00+00:00,20099.844248300314,0.425718,20588.84,28864.884035420314,0.3036575437602435697141007753
2022-07-15 00:00:00+00:00,20205.286566377338,0.420590,20830.04,28966.193089977338,0.3024528109850715003157684084
2022-07-16 00:00:00+00:00,20276.245466170966,0.417179,21195.6,29118.604678570966,0.3036669960668579145000915694
2022-07-17 00:00:00+00:00,20382.890080508326,0.412141,20798.16,28954.664541068326,0.2960412284660415360680876225
2022-07-18 00:00:00+00:00,20268.531113086412,0.417632,22432.58,29637.094363646412,0.3161093707638124548298123075
2022-07-19 00:00:00+00:00,20745.365454263876,0.396348,23396.62,30018.568998023876,0.3089155763677627499310233208
2022-07-20 00:00:00+00:00,21013.186812570812,0.384887,23223.3,29951.533079670812,0.2984270034967518460135893901
2022-07-21 00:00:00+00:00,20966.028734262692,0.386915,23152.19,29923.958328112692,0.2993564385977066624733854375
2022-07-22 00:00:00+00:00,20946.764253061835,0.387746,22684.83,29742.716346241835,0.2957346595645229171162204648
2022-07-23 00:00:00+00:00,20819.745774061667,0.393338,22451.07,29650.604745721667,0.2978306529459308485406228743
2022-07-24 00:00:00+00:00,20754.672649730837,0.396233,22579.68,29701.486995170837,0.3012244587920686264325312232
2022-07-25 00:00:00+00:00,20790.298141705817,0.394653,21310.9,29200.708759405817,0.2880207698722699443513444011
2022-07-26 00:00:00+00:00,20440.046292859437,0.411067,21254.67,29177.139725749437,0.2994499637392260223521675467
2022-07-27 00:00:00+00:00,20423.978155550832,0.411822,22952.45,29876.302019450832,0.3163819892350166723968676641
2022-07-28 00:00:00+00:00,20913.323879299194,0.390476,23842.93,30223.415813979194,0.3080423467678930015023765368
2022-07-29 00:00:00+00:00,21156.729340558869,0.380255,23773.75,30196.816646808869,0.2993721958173805017493760640
2022-07-30 00:00:00+00:00,21156.729340558869,0.380255,23643.51,30147.292235608869,0.2982212407265777224911041616
2022-07-31 00:00:00+00:00,21156.729340558869,0.380255,23293.32,30014.130737158869,0.2951077102371027941985185775
2022-08-01 00:00:00+00:00,21156.729340558869,0.380255,23268.01,30004.506483108869,0.2948816087853630881575845550
2022-08-02 00:00:00+00:00,21156.729340558869,0.380255,22987.79,29897.951427008869,0.2923685961491480278108203914
2022-08-03 00:00:00+00:00,21156.729340558869,0.380255,22818.37,29833.528624908869,0.2908405302450710216100615073
2022-08-04 00:00:00+00:00,21156.729340558869,0.380255,22622.98,29759.230600458869,0.2890700158009916671340089940
2022-08-05 00:00:00+00:00,20830.905574149797,0.394639,23312.42,30030.895690529797,0.3063508398546102853217145264
2022-08-06 00:00:00+00:00,21021.711827338337,0.386444,22954.21,29892.228556578337,0.2967499299174159082989098846
2022-08-07 00:00:00+00:00,20924.443325736601,0.390676,23174.39,29978.121313376601,0.3020095186418549574327676209
2022-08-08 00:00:00+00:00,20984.618410298401,0.388076,23810.0,30224.707970298401,0.3057131128969109739060432969
2022-08-09 00:00:00+00:00,21157.356517172065,0.380812,23149.95,29973.135276572065,0.2941226761249326805754943735
2022-08-10 00:00:00+00:00,20981.340020047477,0.388405,23954.05,30285.212810297477,0.3072084336513735251108737498
2022-08-11 00:00:00+00:00,21199.373419372267,0.379291,23934.39,30277.472136862267,0.2998301402592187118262502051
2022-08-12 00:00:00+00:00,21199.373419372267,0.379291,24403.68,30455.469610252267,0.3039222940684555228121544940
2022-08-13 00:00:00+00:00,21318.152691120727,0.374417,24441.38,30469.420866580727,0.3003427014754072577127364417
2022-08-14 00:00:00+00:00,21329.040123794539,0.373971,24305.24,30418.495031834539,0.2988134323715690777417956314
2022-08-15 00:00:00+00:00,21329.040123794539,0.373971,24094.82,30339.804054014539,0.2969947964785126160608788916
2022-08-16 00:00:00+00:00,21329.040123794539,0.373971,23854.74,30250.021096334539,0.2949082562332815930432888386
2022-08-17 00:00:00+00:00,21175.206794106739,0.380411,23342.66,30055.011427366739,0.2954517137589390520895429121
2022-08-18 00:00:00+00:00,21038.334474144691,0.386267,23191.2,29996.329724544691,0.2986363776055596025240454559
2022-08-19 00:00:00+00:00,20997.464460107091,0.388027,20834.39,29081.770308637091,0.2779853414263785485381644279
2022-08-20 00:00:00+00:00,20356.412203835688,0.418756,21140.07,29208.943356755688,0.3030760491674038174870286788
2022-08-21 00:00:00+00:00,20446.161815036847,0.414505,21515.61,29364.489738086847,0.3037113194404530532094803933
2022-08-22 00:00:00+00:00,20555.324554750047,0.409425,21399.83,29316.949952500047,0.2988586947805202777136113582
2022-08-23 00:00:00+00:00,20522.088841167822,0.410976,21529.12,29370.040462287822,0.3012577266443022103113976857
2022-08-24 00:00:00+00:00,20558.984766789234,0.409260,21368.08,29304.085187589234,0.2984259827535477899946290523
2022-08-25 00:00:00+00:00,20512.791173133299,0.411419,21559.04,29382.589850893299,0.3018725960771745078760256421
2022-08-26 00:00:00+00:00,20567.759849955443,0.408866,20241.05,28843.636999255443,0.2869221086617346440900936023
2022-08-27 00:00:00+00:00,20189.525474693795,0.427530,20037.6,28756.200602693795,0.2979070582501604699482103688
2022-08-28 00:00:00+00:00,20129.274337107155,0.430533,19555.61,28548.609777237155,0.2949122743918354437902899031
2022-08-29 00:00:00+00:00,19983.846010267044,0.437960,20285.73,28868.184321067044,0.3077553548913883162810314717
2022-08-30 00:00:00+00:00,20207.890231252164,0.426902,19811.66,28665.527508572164,0.2950455830540994187036899604
2022-08-31 00:00:00+00:00,20066.102420999131,0.434049,20050.02,28768.793551979131,0.3025045563782880236502125563
2022-09-01 00:00:00+00:00,20137.602329366119,0.430478,20131.46,28803.752967246119,0.3008688016361833447677514305
2022-09-02 00:00:00+00:00,20162.956584969367,0.429217,19951.86,28726.634078589367,0.2981093249627428279408141785
2022-09-03 00:00:00+00:00,20108.319718959977,0.431952,19831.9,28674.748587759977,0.2987446896903794257829380604
2022-09-04 00:00:00+00:00,20072.455751633867,0.433758,20000.3,28747.745879033867,0.3017728820862789934989039559
2022-09-05 00:00:00+00:00,20123.370241339757,0.431209,19796.84,28659.945820899757,0.2978573523099563473723849003
2022-09-06 00:00:00+00:00,20061.429385271007,0.434334,18790.61,28222.830189011007,0.2891772635516110260595979741
2022-09-07 00:00:00+00:00,19755.590945945792,0.450589,19292.84,28448.732428705792,0.3055721904146530008828293947
2022-09-08 00:00:00+00:00,19913.914206242807,0.442372,19319.77,28460.439500682807,0.3002949161847959701804537494
2022-09-09 00:00:00+00:00,19922.539260457013,0.441925,21360.11,29362.105872207013,0.3214880653599547715412460687
2022-09-10 00:00:00+00:00,20553.125195623865,0.412367,21648.34,29480.186216403865,0.3028156252219551233352947113
2022-09-11 00:00:00+00:00,20635.710037779005,0.408547,21826.87,29553.012295669005,0.3017391989918006078228950446
2022-09-12 00:00:00+00:00,20687.045493666500,0.406192,22395.74,29784.015915746500,0.3054312906564935785465224609
2022-09-13 00:00:00+00:00,20848.530366866660,0.398972,20173.57,28897.219936906660,0.2785281624880618985298425006
2022-09-14 00:00:00+00:00,20227.263912332924,0.429728,20226.71,28919.247547212924,0.3005605045805448340188341648
2022-09-15 00:00:00+00:00,20243.606419948235,0.428919,19701.88,28694.117087668235,0.2945032475437881599934929797
2022-09-16 00:00:00+00:00,20085.687842934015,0.436924,19803.3,28738.224892134015,0.3010811238925303143661383576
2022-09-17 00:00:00+00:00,20116.718827843005,0.435355,20113.62,28873.283862943005,0.3032756882336645352105745586
2022-09-18 00:00:00+00:00,20210.884169232621,0.430667,19416.18,28572.792161292621,0.2926528126777831441946005208
2022-09-19 00:00:00+00:00,20001.078072468786,0.441458,19537.02,28625.851847628786,0.3012931744727949674417927949
2022-09-20 00:00:00+00:00,20038.052595920016,0.439563,18875.0,28334.804220920016,0.2928113270277824031548296240
2022-09-21 00:00:00+00:00,19833.888356067807,0.450366,18461.36,28148.257213827807,0.2953777491302578226026859300
2022-09-22 00:00:00+00:00,19703.622025782711,0.457413,19401.63,28578.179808972711,0.3105361447968652264439729859
2022-09-23 00:00:00+00:00,20004.343876095831,0.441893,19289.91,28528.420075725831,0.2987924384527321983359225664
2022-09-24 00:00:00+00:00,20004.343876095831,0.441893,18920.5,28365.180382595831,0.2947570363991057598008150899
2022-09-25 00:00:00+00:00,19855.897354516686,0.449728,18807.38,28314.102747156686,0.2987276506047636106410482261
2022-09-26 00:00:00+00:00,19820.377219111752,0.451614,19227.82,28503.929920591752,0.3046440517385234391249733075
2022-09-27 00:00:00+00:00,19952.235192176724,0.444747,19079.13,28437.621022286724,0.2983859241762858877118514617
2022-09-28 00:00:00+00:00,19905.967964671064,0.447169,19412.82,28586.779271251064,0.3036652441399739168659858502
2022-09-29 00:00:00+00:00,20010.622139507996,0.441771,19591.51,28665.583103717996,0.3019286554504949340015232984
2022-09-30 00:00:00+00:00,20065.541297448482,0.438964,19422.61,28591.367873488482,0.2981958265783297490938258870
2022-10-01 00:00:00+00:00,20065.541297448482,0.438964,19310.95,28542.353153248482,0.2969906444043570821519334084
2022-10-02 00:00:00+00:00,19979.934867096058,0.443391,19056.8,28429.548475896058,0.2972123745111178897863349455
2022-10-03 00:00:00+00:00,19900.876007194192,0.447534,19629.08,28685.556695914192,0.3062405510146937498082525915
2022-10-04 00:00:00+00:00,20079.660494421712,0.438414,20337.82,28996.045511901712,0.3075034840119899140830321671
2022-10-05 00:00:00+00:00,20296.951646583844,0.427716,20158.26,28918.961980743844,0.2981438386308991404019072423
2022-10-06 00:00:00+00:00,20243.220598789288,0.430378,19960.67,28833.853832049288,0.2979356586635454976893284811
2022-10-07 00:00:00+00:00,20183.620501315966,0.433360,19530.09,28647.180303715966,0.2954412864606486323024248688
2022-10-08 00:00:00+00:00,20052.872567939704,0.440046,19417.96,28597.668194099704,0.2987934389672711054380592413
2022-10-09 00:00:00+00:00,20052.872567939704,0.440046,19439.02,28606.935562859704,0.2990205985581242592284476703
2022-10-10 00:00:00+00:00,20025.115147181856,0.441472,19131.87,28471.300059821856,0.2966561026329490169669282067
2022-10-11 00:00:00+00:00,19929.791201821200,0.446448,19060.0,28439.090081821200,0.2992113620906353649188390233
2022-10-12 00:00:00+00:00,19907.347502893200,0.447624,19155.53,28481.822463613200,0.3010507832381258130349290792
2022-10-13 00:00:00+00:00,19937.114091556920,0.446068,19375.13,28579.739580396920,0.3024039272481002023600903668
2022-10-14 00:00:00+00:00,20005.885383822204,0.442514,19176.93,28491.945385842204,0.2978406664445161893376892940
2022-10-15 00:00:00+00:00,19944.285816913332,0.445722,19069.39,28443.932466493332,0.2988210810721231585992799951
2022-10-16 00:00:00+00:00,19910.414499769252,0.447496,19262.98,28530.520997849252,0.3021363156575310726582176203
2022-10-17 00:00:00+00:00,19971.302573938042,0.444331,19549.86,28657.911417598042,0.3031138144395892843297680553
2022-10-18 00:00:00+00:00,20059.995867210010,0.439788,19327.44,28559.972049930010,0.2976185049432088053868027222
2022-10-19 00:00:00+00:00,19991.894188610242,0.443307,19123.97,28469.683957400242,0.2977830657156393634711341966
2022-10-20 00:00:00+00:00,19928.513612335192,0.446617,19041.92,28432.958796975192,0.2991051773881772632612958202
2022-10-21 00:00:00+00:00,19903.040535208536,0.447953,19164.37,28487.777569818536,0.3013480786126723407907235346
2022-10-22 00:00:00+00:00,19941.396005671812,0.445949,19204.35,28505.556683821812,0.3004382890375386747822272749
2022-10-23 00:00:00+00:00,19953.862566546762,0.445299,19570.4,28668.542116146762,0.3039805621888145546721405245
2022-10-24 00:00:00+00:00,20067.848764402122,0.439467,19329.72,28562.622823642122,0.2974087538000405886672100994
2022-10-25 00:00:00+00:00,19994.026011021202,0.443281,20080.07,28895.139520691202,0.3080488157288910035507092468
2022-10-26 00:00:00+00:00,20225.978105129560,0.431714,20771.59,29193.364310389560,0.3071720720475035255576260962
2022-10-27 00:00:00+00:00,20435.104487359027,0.421633,20295.11,28992.192601989027,0.2951514648134248310490510486
2022-10-28 00:00:00+00:00,20294.357822387609,0.428559,20591.84,29119.176180947609,0.3030586546721741387982067471
2022-10-29 00:00:00+00:00,20383.322317837817,0.424233,20809.67,29211.471050947817,0.3022151372559361523579104505
2022-10-30 00:00:00+00:00,20447.956289101577,0.421123,20627.48,29134.662549141577,0.2981570919308946966103300351
2022-10-31 00:00:00+00:00,20394.213811627729,0.423725,20490.74,29076.652618127729,0.2986051702900273463728604324
2022-11-01 00:00:00+00:00,20353.609920640931,0.425704,20483.62,29073.568889120931,0.2999273670781756181791565653
2022-11-02 00:00:00+00:00,20353.609920640931,0.425704,20151.84,28932.328816000931,0.2965097953198833833335401281
2022-11-03 00:00:00+00:00,20252.517953307011,0.430714,20207.82,28956.308936787011,0.3005835792980654575743489783
2022-11-04 00:00:00+00:00,20269.187336021555,0.429888,21148.52,29360.682301781555,0.3096486271100158983747123488
2022-11-05 00:00:00+00:00,20552.124612695459,0.416492,21299.37,29423.141822735459,0.3014979591059614684711452663
2022-11-06 00:00:00+00:00,20596.156991990789,0.414422,20905.58,29259.889266750789,0.2960958667948533199436941051
2022-11-07 00:00:00+00:00,20481.780406354933,0.419886,20591.13,29127.707617534933,0.2968282751497799326557042174
2022-11-08 00:00:00+00:00,20389.146258000530,0.424379,18547.23,28260.201178170530,0.2785208382115114694269424832
2022-11-09 00:00:00+00:00,19780.809798557090,0.457139,15922.81,27059.747239147090,0.2689950270510889128512844248
2022-11-10 00:00:00+00:00,18940.705303406678,0.509832,17601.15,27914.334810206678,0.3214702971721488484188978824
2022-11-11 00:00:00+00:00,19539.729042627803,0.475757,17070.31,27661.048517297803,0.2936012880925805382261014469
2022-11-12 00:00:00+00:00,19362.397768772553,0.486132,16812.08,27535.287843332553,0.2968151312258389612675258924
2022-11-13 00:00:00+00:00,19274.956689913601,0.491326,16329.85,27298.236571013601,0.2939120210284737261170829542
2022-11-14 00:00:00+00:00,19109.218920246211,0.501461,16619.46,27443.229951306211,0.3036818569041406665038488123
2022-11-15 00:00:00+00:00,19209.525851176627,0.495417,16900.57,27582.355538866627,0.3035574563561747136039841942
2022-11-16 00:00:00+00:00,19307.522998474381,0.489611,16662.76,27465.793584834381,0.2970338563552266079646100375
2022-11-17 00:00:00+00:00,19225.558092507472,0.494524,16692.56,27480.429633947472,0.3003909200619806777744723713
2022-11-18 00:00:00+00:00,19236.294126136240,0.493880,16700.45,27484.312372136240,0.3000991305266159814572003380
2022-11-19 00:00:00+00:00,19236.294126136240,0.493880,16700.68,27484.425964536240,0.3001020231982558459186077868
2022-11-20 00:00:00+00:00,19236.294126136240,0.493880,16280.23,27276.774118536240,0.2947738598948180234869957867
2022-11-21 00:00:00+00:00,19093.304707230040,0.502652,15781.29,27025.801688310040,0.2935156955773558695456374573
2022-11-22 00:00:00+00:00,18917.841456992632,0.513756,16226.94,27254.529243632632,0.3058826557640017735425285485
2022-11-23 00:00:00+00:00,19078.338027738388,0.503853,16603.11,27443.864810568388,0.3048232033124033651408906527
2022-11-24 00:00:00+00:00,19210.542534193549,0.495880,16598.95,27441.629860193549,0.2999489231483258985213046916
2022-11-25 00:00:00+00:00,19210.542534193549,0.495880,16522.14,27403.541317393549,0.2989759129415783867478077438
2022-11-26 00:00:00+00:00,19210.542534193549,0.495880,16458.57,27372.018225793549,0.2981685758162024833603452102
2022-11-27 00:00:00+00:00,19210.542534193549,0.495880,16428.78,27357.245960593549,0.2977896034613583332587442301
2022-11-28 00:00:00+00:00,19210.542534193549,0.495880,16212.91,27250.200344993549,0.2950311450564090612713166419
2022-11-29 00:00:00+00:00,19210.542534193549,0.495880,16442.53,27364.064310593549,0.2979645744087619937633545829
2022-11-30 00:00:00+00:00,19210.542534193549,0.495880,17163.64,27721.648337393549,0.3070201922920804602927116349
2022-12-01 00:00:00+00:00,19405.563745883485,0.484504,16977.37,27631.167420363485,0.2976929475812858390964219461
2022-12-02 00:00:00+00:00,19341.949478704685,0.488246,17092.74,27687.411412744685,0.3014171967769631498845930175
2022-12-03 00:00:00+00:00,19380.937153672289,0.485962,16885.2,27586.502716072289,0.2974485619599515508555295140
2022-12-04 00:00:00+00:00,19310.468149304609,0.490130,17105.7,27694.484890304609,0.3027323589591337222690556147
2022-12-05 00:00:00+00:00,19386.374188954874,0.485687,16966.35,27626.709821404874,0.2982742311958363447176128703
2022-12-06 00:00:00+00:00,19338.636767378324,0.488497,17088.96,27686.542460498324,0.3015149220972732424733687172
2022-12-07 00:00:00+00:00,19380.535624762484,0.486042,16836.64,27563.849803642484,0.2968857484413733241092567820
2022-12-08 00:00:00+00:00,19294.590850894548,0.491140,17224.1,27754.035324894548,0.3048005226977616749401296067
2022-12-09 00:00:00+00:00,19427.663269165668,0.483404,17128.56,27707.677687405668,0.2988346591747608970763285859
2022-12-10 00:00:00+00:00,19427.663269165668,0.483404,17127.49,27707.160445125668,0.2988215696934239805669760251
2022-12-11 00:00:00+00:00,19427.663269165668,0.483404,17085.05,27686.644779365668,0.2983019999720320933826875595
2022-12-12 00:00:00+00:00,19380.601195351353,0.486155,17209.83,27747.246099001353,0.3015306410516581921293556876
2022-12-13 00:00:00+00:00,19422.725449967694,0.483704,17774.7,28020.418938767694,0.3068367217345436567985092572
2022-12-14 00:00:00+00:00,19614.436980743460,0.472905,17803.15,28033.635631493460,0.3003248940459128305984260602
2022-12-15 00:00:00+00:00,19623.825277350996,0.472377,17356.34,27822.561097530996,0.2946794075297246677951772141
2022-12-16 00:00:00+00:00,19475.821250558228,0.480893,16632.12,27474.091333718228,0.2911204591266657828898749511
2022-12-17 00:00:00+00:00,19231.353435012228,0.495573,16776.52,27545.343780972228,0.3018292460631091515735860428
2022-12-18 00:00:00+00:00,19282.039515836178,0.492548,16738.21,27526.411374916178,0.2995076890623235239472832329
2022-12-19 00:00:00+00:00,19268.748232601078,0.493341,16438.88,27378.721730681078,0.2962144682230295943919364072
2022-12-20 00:00:00+00:00,19164.982813171702,0.499645,16895.56,27606.764889371702,0.3057867196692066001940991344
2022-12-21 00:00:00+00:00,19324.747596799042,0.490177,16824.67,27571.813863389042,0.2991122131990302123255206196
2022-12-22 00:00:00+00:00,19300.252710068906,0.491631,16821.43,27570.189162398906,0.2999593656618359479531995991
2022-12-23 00:00:00+00:00,19300.252710068906,0.491631,16778.5,27549.083443568906,0.2994230552314660694804621549
2022-12-24 00:00:00+00:00,19284.359595925010,0.492577,16836.12,27577.445077165010,0.3007198621204737723989666246
2022-12-25 00:00:00+00:00,19304.065420566782,0.491405,16832.11,27575.448435116782,0.2999546148455942852618600329
2022-12-26 00:00:00+00:00,19304.065420566782,0.491405,16919.39,27618.338263516782,0.3010417485520108839974705292
2022-12-27 00:00:00+00:00,19332.807889109675,0.489704,16706.36,27513.979206549675,0.2973459875077786065662937680
2022-12-28 00:00:00+00:00,19259.590405337669,0.494081,16547.31,27435.301877447669,0.2979996906405680070618684070
2022-12-29 00:00:00+00:00,19204.648160030613,0.497397,16633.47,27478.086237620613,0.3010922233100326320958874978
2022-12-30 00:00:00+00:00,19234.632542943258,0.495592,16607.48,27465.166771103258,0.2996717368131744557030035750
2022-12-31 00:00:00+00:00,19225.619587152850,0.496134,16542.4,27432.866668752850,0.2991756997437088106525385757
2023-01-01 00:00:00+00:00,19202.762268617470,0.497514,16616.75,27469.828028117470,0.3009507650007137246587558491
2023-01-02 00:00:00+00:00,19228.999861117969,0.495933,16672.87,27497.626298827969,0.3007032806341699962190898963
2023-01-03 00:00:00+00:00,19248.298492260343,0.494774,16675.18,27498.744001580343,0.3000299035056237420226979115
2023-01-04 00:00:00+00:00,19248.298492260343,0.494774,16850.36,27585.418510900343,0.3022292380790089387373311544
2023-01-05 00:00:00+00:00,19309.722351302143,0.491124,16831.85,27576.247850702143,0.2997697708605965678459271661
2023-01-06 00:00:00+00:00,19303.368494562458,0.491501,16950.65,27634.629920212458,0.3014790301047732781876892267
2023-01-07 00:00:00+00:00,19344.080994968243,0.489096,16943.57,27631.113307688243,0.2999166997159744385987356338
2023-01-08 00:00:00+00:00,19344.080994968243,0.489096,17127.83,27721.234136648243,0.3021926477149576257042913612
2023-01-09 00:00:00+00:00,19404.788640968972,0.485547,17178.26,27745.641249188972,0.3006184839380423405348868123
2023-01-10 00:00:00+00:00,19422.202698825692,0.484532,17440.66,27872.760569945692,0.3031833840036629455113376639
2023-01-11 00:00:00+00:00,19510.825315776476,0.479444,17943.26,28113.613663216476,0.3060008026892603945020299636
2023-01-12 00:00:00+00:00,19679.326452940562,0.470041,18846.62,28538.010564360562,0.3104170170321223453698369688
2023-01-13 00:00:00+00:00,19976.226564261518,0.454267,19930.01,29029.772416931518,0.3118710585340155666791332412
2023-01-14 00:00:00+00:00,20320.408278528722,0.436975,20954.92,29477.184445528722,0.3106394433267847366907967835
2023-01-15 00:00:00+00:00,20632.972791859766,0.422038,20871.5,29441.538908859766,0.2991883727364964956921413299
2023-01-16 00:00:00+00:00,20632.972791859766,0.422038,21185.65,29574.122146559766,0.3023301692740214278029633361
2023-01-17 00:00:00+00:00,20701.800119314481,0.418785,21134.81,29552.741525164481,0.2994964578265379229692373935
2023-01-18 00:00:00+00:00,11809.135071574530,0.839048,20677.47,29158.524920134530,0.5950023156548604427303434259
2023-01-19 00:00:00+00:00,11809.135071574530,0.839048,21071.59,29489.210517894530,0.5995438716676204065255533581
2023-01-20 00:00:00+00:00,11809.135071574530,0.839048,22667.21,30828.012287654530,0.6169349174580532886134495649
2023-01-21 00:00:00+00:00,12330.137542721730,0.816032,22783.55,30922.243416321730,0.6012534609240707079238554666
2023-01-22 00:00:00+00:00,12368.796132786585,0.814333,22707.88,30860.572176826585,0.5992039272015053977084155687
2023-01-23 00:00:00+00:00,12343.605156875377,0.815441,22916.45,31030.618061325377,0.6022120754256043962956965583
2023-01-24 00:00:00+00:00,12412.612527669082,0.812426,22632.89,30800.160818809082,0.5969952039961774567887700940
2023-01-25 00:00:00+00:00,12412.612527669082,0.812426,23060.94,31147.919768109082,0.6014946545361984881331379958
2023-01-26 00:00:00+00:00,12458.949775874530,0.810414,23009.65,31106.292270974530,0.5994717188618441803709564062
2023-01-27 00:00:00+00:00,12442.499528217400,0.811128,23074.16,31158.596780697400,0.6006720194817801205749101306
2023-01-28 00:00:00+00:00,12463.423628758936,0.810220,23022.6,31116.794600758936,0.5994631263062373992973443805
2023-01-29 00:00:00+00:00,12446.319543516496,0.810962,23742.3,31700.422636116496,0.6073768578297652140353080330
2023-01-30 00:00:00+00:00,12680.219679214312,0.801098,22826.15,30966.202791914312,0.5905142207967040036605734560
2023-01-31 00:00:00+00:00,12386.506514831412,0.813948,23125.13,31209.159828071412,0.6031131057975410002725429986
2023-02-01 00:00:00+00:00,12483.551987756274,0.809746,23732.66,31700.978492116274,0.6062092534190762487858398541
2023-02-02 00:00:00+00:00,12679.745216540700,0.801468,23488.94,31505.378980460700,0.5975371309005823183973044125
2023-02-03 00:00:00+00:00,12679.745216540700,0.801468,23431.9,31459.663245740700,0.5969522903822754329840204425
2023-02-04 00:00:00+00:00,12583.760695766930,0.805559,23326.84,31374.906599326930,0.5989227679155263827112366079
2023-02-05 00:00:00+00:00,12550.195269945284,0.806996,22932.91,31056.961908305284,0.5958975218825541929736911189
2023-02-06 00:00:00+00:00,1538.559335694332,1.286540,22762.52,30823.451816494332,0.9500847813913231543906479018
2023-02-07 00:00:00+00:00,16163.288905847804,0.643212,23240.46,31111.831663367804,0.4804777461920043419411964962
2023-02-08 00:00:00+00:00,16163.288905847804,0.643212,22963.0,30933.366061847804,0.4774804373526270466906331348
2023-02-09 00:00:00+00:00,1527.646112640194,1.279774,21796.35,29422.048137540194,0.9480781859407320108560643612
2023-02-10 00:00:00+00:00,1527.646112640194,1.279774,21625.19,29203.002019700194,0.9476887303706087531715169442
2023-02-11 00:00:00+00:00,1527.646112640194,1.279774,21862.55,29506.769176340194,0.9482272659703751353695977481
2023-02-12 00:00:00+00:00,1527.646112640194,1.279774,21783.54,29405.654232600194,0.9480492390831900241939056426
2023-02-13 00:00:00+00:00,15419.109931073105,0.641205,21773.97,29380.688364923105,0.4751957564928394140330931245
2023-02-14 00:00:00+00:00,15419.109931073105,0.641205,22199.84,29653.758338273105,0.4800284754741465521147133726
2023-02-15 00:00:00+00:00,1464.576833949473,1.268976,24324.05,32331.212506749473,0.9547008379706227371163363280
2023-02-16 00:00:00+00:00,1464.576833949473,1.268976,23517.72,31307.999088669473,0.9532203629557562194838569435
2023-02-17 00:00:00+00:00,1464.576833949473,1.268976,24569.97,32643.279084669473,0.9551338935604268366483822316
2023-02-18 00:00:00+00:00,1464.576833949473,1.268976,24631.95,32721.930217149473,0.9552417346950427656121031900
2023-02-19 00:00:00+00:00,1464.576833949473,1.268976,24271.76,32264.857751709473,0.9546076773305508824073681587
2023-02-20 00:00:00+00:00,1464.576833949473,1.268976,24842.2,32988.732421149473,0.9556037250764289693591452631
2023-02-21 00:00:00+00:00,1464.576833949473,1.268976,24452.16,32493.781022109473,0.9549274726461367123318767306
2023-02-22 00:00:00+00:00,1464.576833949473,1.268976,24182.21,32151.220950909473,0.9544472405515895658324547760
2023-02-23 00:00:00+00:00,16859.366409889988,0.631531,23940.2,31978.344856089988,0.4727880230899669784766355154
2023-02-24 00:00:00+00:00,16859.366409889988,0.631531,23185.29,31501.595788879988,0.4648091314840209815596672446
2023-02-25 00:00:00+00:00,1555.186596216468,1.290791,23157.07,31446.124138586468,0.9505444108354151190518389273
2023-02-26 00:00:00+00:00,1555.186596216468,1.290791,23554.85,31959.574982566468,0.9513389462449108901544195704
2023-02-27 00:00:00+00:00,1555.186596216468,1.290791,23492.09,31878.564939406468,0.9512152884180167462884959562
2023-02-28 00:00:00+00:00,1555.186596216468,1.290791,23141.57,31426.116878086468,0.9505129252128218043720437322
2023-03-01 00:00:00+00:00,1555.186596216468,1.290791,23628.97,32055.248411486468,0.9514841820517855475534543343
2023-03-02 00:00:00+00:00,1555.186596216468,1.290791,23465.32,31844.010464336468,0.9511623513012536204517172902
2023-03-03 00:00:00+00:00,1555.186596216468,1.290791,22354.34,30409.967479156468,0.9488593140626532887995675704
2023-03-04 00:00:00+00:00,1555.186596216468,1.290791,22346.57,30399.938033086468,0.9488424418982747566488745144
2023-03-05 00:00:00+00:00,12146.210948198967,0.816230,22430.24,30454.445743398967,0.6011678869305421215938161427
2023-03-06 00:00:00+00:00,12181.739062170135,0.814644,22410.0,30437.911102170135,0.5997839989321207969320024078
2023-03-07 00:00:00+00:00,12174.985060958002,0.814945,22197.96,30265.101573158002,0.5977219824778005125951784812
2023-03-08 00:00:00+00:00,12106.168974433714,0.818041,21705.44,29862.108817473714,0.5945976538887357697550563923
2023-03-09 00:00:00+00:00,11944.304676281626,0.825489,20362.22,28753.093301861626,0.5845906194896849899416524931
2023-03-10 00:00:00+00:00,11500.667369166019,0.847248,20150.69,28573.299170286019,0.5975029939445772019743622057
2023-03-11 00:00:00+00:00,11429.241193090639,0.850788,20455.73,28832.730808330639,0.6036018485703619478120209312
2023-03-12 00:00:00+00:00,11532.959924437066,0.845711,21997.11,30136.157819647066,0.6173049001980527817545952698
2023-03-13 00:00:00+00:00,12054.119277472336,0.821989,24113.48,31875.134589192336,0.6218331488532934300728687962
2023-03-14 00:00:00+00:00,12748.757612589790,0.793143,24670.41,32315.920611219790,0.6054960721693461898292661145
2023-03-15 00:00:00+00:00,12926.153649552190,0.785943,24285.66,32013.298126932190,0.5962254935964358425043687257
2023-03-16 00:00:00+00:00,12805.175423546140,0.790918,24998.78,32577.160503586140,0.6069278222656474881983735481
2023-03-17 00:00:00+00:00,13030.571013704548,0.781890,27395.13,34450.549209404548,0.6217601369865136125964504908
2023-03-18 00:00:00+00:00,13779.264178102363,0.754525,26907.49,34081.638070352363,0.5956983009543501662911950028
2023-03-19 00:00:00+00:00,1688.399804107821,1.203291,27972.87,35347.902519277821,0.9522347951710285516579448298
2023-03-20 00:00:00+00:00,1688.399804107821,1.203291,27717.01,35040.028484017821,0.9518151132531778481549340260
2023-03-21 00:00:00+00:00,1688.399804107821,1.203291,28105.47,35507.458905877821,0.9524494329886184201523192044
2023-03-22 00:00:00+00:00,18620.877490738833,0.600095,27250.97,34974.048332888833,0.4675801521887826311645067286
2023-03-23 00:00:00+00:00,18620.877490738833,0.600095,28295.41,35600.811554688833,0.4769535671361301979910735275
2023-03-24 00:00:00+00:00,1758.172951048645,1.195273,27454.47,34573.759671358645,0.9491471865437550755306172893
2023-03-25 00:00:00+00:00,1758.172951048645,1.195273,27462.95,34583.895586398645,0.9491620905847255260215685319
2023-03-26 00:00:00+00:00,1758.172951048645,1.195273,27968.05,35187.627978698645,0.9500343429766569886989122208
2023-03-27 00:00:00+00:00,1758.172951048645,1.195273,27124.91,34179.845501478645,0.9485611205886643004822000870
2023-03-28 00:00:00+00:00,1758.172951048645,1.195273,27261.07,34342.593873158645,0.9488048876697461345713545172
2023-03-29 00:00:00+00:00,1758.172951048645,1.195273,28348.6,35642.489118848645,0.9506719930477897260996775733
2023-03-30 00:00:00+00:00,1758.172951048645,1.195273,28028.53,35259.918089738645,0.9501367828883213097359687376
2023-03-31 00:00:00+00:00,18489.690702090298,0.597550,28465.36,35499.166570090298,0.4791514142850687659282950558
2023-04-01 00:00:00+00:00,18489.690702090298,0.597550,28452.73,35491.619513590298,0.4790406593023937576577478162
2023-04-02 00:00:00+00:00,1752.858353500720,1.185019,28171.87,35137.059569030720,0.9501136869447760165687032331
2023-04-03 00:00:00+00:00,1752.858353500720,1.185019,27800.0,34696.386553500720,0.9494800892076219983809551349
2023-04-04 00:00:00+00:00,1752.858353500720,1.185019,28165.47,35129.475447430720,0.9501029169614623557520482704
2023-04-05 00:00:00+00:00,1752.858353500720,1.185019,28170.01,35134.855433690720,0.9501105573976573485961065778
2023-04-06 00:00:00+00:00,1752.858353500720,1.185019,28033.82,34973.467696080720,0.9498803387547082445609061789
2023-04-07 00:00:00+00:00,18339.489740851855,0.592584,27906.33,34876.334397571855,0.4741566148612028738201384906
2023-04-08 00:00:00+00:00,18339.489740851855,0.592584,27938.38,34895.326714771855,0.4744428131951433931607023783
2023-04-09 00:00:00+00:00,1723.217371313205,1.186559,28323.76,35331.029713153205,0.9512265171634191747973178685
2023-04-10 00:00:00+00:00,1723.217371313205,1.186559,29637.34,36889.669884373205,0.9532872650605318825911097220
2023-04-11 00:00:00+00:00,1723.217371313205,1.186559,30200.42,37557.797526093205,0.9541182528044674833589803833
2023-04-12 00:00:00+00:00,1723.217371313205,1.186559,29888.07,37187.175822443205,0.9536609776568940515764014308
2023-04-13 00:00:00+00:00,1723.217371313205,1.186559,30373.84,37763.570587873205,0.9543682616742133029081085227
2023-04-14 00:00:00+00:00,1723.217371313205,1.186559,30466.93,37874.027365183205,0.9545013432372042270507090552
2023-04-15 00:00:00+00:00,1723.217371313205,1.186559,30295.09,37670.129066623205,0.9542550712192801030192464099
2023-04-16 00:00:00+00:00,1723.217371313205,1.186559,30304.65,37681.472570663205,0.9542688421191158382736843180
2023-04-17 00:00:00+00:00,1723.217371313205,1.186559,29430.27,36643.969112243205,0.9529740524004137782329096012
2023-04-18 00:00:00+00:00,1723.217371313205,1.186559,30380.01,37770.891656903205,0.9543771063980624663709087522
2023-04-19 00:00:00+00:00,1723.217371313205,1.186559,28797.1,35892.675550213205,0.9519897208860215780586603767
2023-04-20 00:00:00+00:00,1723.217371313205,1.186559,28243.65,35235.974471663205,0.9510949421109662342426578107
2023-04-21 00:00:00+00:00,1723.217371313205,1.186559,27262.84,34072.185538873205,0.9494245131605316679167954919
2023-04-22 00:00:00+00:00,1723.217371313205,1.186559,27816.85,34729.551090463205,0.9503818126867063513332171373
2023-04-23 00:00:00+00:00,1723.217371313205,1.186559,27590.6,34461.092116713205,0.9499952768334505042935302351
2023-04-24 00:00:00+00:00,1723.217371313205,1.186559,27510.93,34366.558961183205,0.9498577272964812298965810375
2023-04-25 00:00:00+00:00,17163.189014389356,0.624598,28300.79,34839.805846809356,0.5073684081405072458870507914
2023-04-26 00:00:00+00:00,17163.189014389356,0.624598,28415.29,34911.322317809356,0.5083775728072643877903046122
2023-04-27 00:00:00+00:00,17163.189014389356,0.624598,29472.77,35571.822210849356,0.5175060497981852791782412471
2023-04-28 00:00:00+00:00,17163.189014389356,0.624598,29311.7,35471.218210989356,0.5161375932368733883218255529
2023-04-29 00:00:00+00:00,17163.189014389356,0.624598,29230.45,35420.469623489356,0.5154443406078541766503529600
2023-04-30 00:00:00+00:00,26553.145037527011,0.302941,29233.21,35409.082908137011,0.2501035650537818515491165540
2023-05-01 00:00:00+00:00,26553.145037527011,0.302941,28068.26,35056.171790187011,0.2425543440268107971172514067
2023-05-02 00:00:00+00:00,1720.575985594875,1.186513,28669.86,35737.737583774875,0.9518554866109928081233431152
2023-05-03 00:00:00+00:00,1720.575985594875,1.186513,29026.16,36160.492165674875,0.9524183471366542631783936189
2023-05-04 00:00:00+00:00,1720.575985594875,1.186513,28838.16,35937.427721674875,0.9521230067182257689733952838
2023-05-05 00:00:00+00:00,1720.575985594875,1.186513,29505.61,36729.365823524875,0.9531553037462776072159075389
2023-05-06 00:00:00+00:00,1720.575985594875,1.186513,28848.2,35949.340312194875,0.9521388717942283206745899565
2023-05-07 00:00:00+00:00,1720.575985594875,1.186513,28430.1,35453.259226894875,0.9514691731278222094281775554
2023-05-08 00:00:00+00:00,1720.575985594875,1.186513,27668.79,34549.955014864875,0.9502003407861281066576440971
2023-05-09 00:00:00+00:00,1720.575985594875,1.186513,27628.27,34501.877508104875,0.9501309462016757623524601858
2023-05-10 00:00:00+00:00,1720.575985594875,1.186513,27598.75,34466.851644344875,0.9500802683300150705073109419
2023-05-11 00:00:00+00:00,18073.814735451741,0.593206,26968.62,34071.761931171741,0.4695368331123410277254221356
2023-05-12 00:00:00+00:00,18073.814735451741,0.593206,26795.01,33968.775437511741,0.4679285755031129108418869817
2023-05-13 00:00:00+00:00,18073.814735451741,0.593206,26775.28,33957.071483131741,0.4677451869066520344295536598
2023-05-14 00:00:00+00:00,18073.814735451741,0.593206,26917.62,34041.508425171741,0.4690653977575449416802311243
2023-05-15 00:00:00+00:00,18073.814735451741,0.593206,27162.14,34186.559156291741,0.4713181091778459526086371383
2023-05-16 00:00:00+00:00,18073.814735451741,0.593206,27033.84,34110.450826491741,0.4701384972193100625201006615
2023-05-17 00:00:00+00:00,18073.814735451741,0.593206,27405.61,34330.987021111741,0.4735422338909947158097114227
2023-05-18 00:00:00+00:00,18073.814735451741,0.593206,26821.28,33984.358959131741,0.4681725567580485277441933675
2023-05-19 00:00:00+00:00,18073.814735451741,0.593206,26880.26,34019.346249011741,0.4687195161495267205586120023
2023-05-20 00:00:00+00:00,18073.814735451741,0.593206,27102.43,34151.138826031741,0.4707697793762895845994244852
2023-05-21 00:00:00+00:00,18073.814735451741,0.593206,26747.78,33940.758318131741,0.4674893658520176285547801692
2023-05-22 00:00:00+00:00,18073.814735451741,0.593206,26849.27,34000.962795071741,0.4684322663336038099617867285
2023-05-23 00:00:00+00:00,18073.814735451741,0.593206,27219.61,34220.650705111741,0.4718447965470174887075993641
2023-05-24 00:00:00+00:00,18073.814735451741,0.593206,26329.01,33692.341441511741,0.4635631136878094226908819221
2023-05-25 00:00:00+00:00,18073.814735451741,0.593206,26473.79,33778.225806191741,0.4649270556969659456546060622
2023-05-26 00:00:00+00:00,18073.814735451741,0.593206,26705.92,33915.926714971741,0.4670994872897489619549474550
2023-05-27 00:00:00+00:00,18073.814735451741,0.593206,26854.27,34003.928825071741,0.4684786329123952597967547314
2023-05-28 00:00:00+00:00,18073.814735451741,0.593206,28065.0,34722.141125451741,0.4794729198827136678685814496
2023-05-29 00:00:00+00:00,18073.814735451741,0.593206,27736.4,34527.213633851741,0.4765342223349435567508718823
2023-05-30 00:00:00+00:00,18073.814735451741,0.593206,27694.4,34502.298981851741,0.4761562194751545801482953175
2023-05-31 00:00:00+00:00,18073.814735451741,0.593206,27210.35,34215.157617551741,0.4717600036370953498692241718
2023-06-01 00:00:00+00:00,18073.814735451741,0.593206,26817.93,33982.371719031741,0.4681414562559932523242074574
2023-06-02 00:00:00+00:00,18073.814735451741,0.593206,27242.59,34234.282578991741,0.4720551045943943893128675429
2023-06-03 00:00:00+00:00,18073.814735451741,0.593206,27069.22,34131.438454771741,0.4704643122673625890536419209
2023-06-04 00:00:00+00:00,18073.814735451741,0.593206,27115.21,34158.719998711741,0.4708872365201806367578249825
2023-06-05 00:00:00+00:00,18073.814735451741,0.593206,25728.2,33335.937344651741,0.4578279126040108859886495634
2023-06-06 00:00:00+00:00,18073.814735451741,0.593206,27230.08,34226.861571931741,0.4719406365241080712636394652
2023-06-07 00:00:00+00:00,18073.814735451741,0.593206,26339.34,33698.469259491741,0.4636606607773156668240312137
2023-06-08 00:00:00+00:00,18073.814735451741,0.593206,26498.61,33792.949179111741,0.4651601835739269063553568407
2023-06-09 00:00:00+00:00,18073.814735451741,0.593206,26477.81,33780.610494311741,0.4649648283148950303709181482
2023-06-10 00:00:00+00:00,18073.814735451741,0.593206,25841.21,33402.975554711741,0.4589160266321754841915598999
2023-06-11 00:00:00+00:00,18073.814735451741,0.593206,25925.55,33453.006548751741,0.4597252504311561252295855158
2023-06-12 00:00:00+00:00,18073.814735451741,0.593206,25905.19,33440.928874591741,0.4595301224068527704209501957
2023-06-13 00:00:00+00:00,18073.814735451741,0.593206,25934.25,33458.167440951741,0.4598085873247809090195325322
2023-06-14 00:00:00+00:00,18073.814735451741,0.593206,25128.6,32980.251027051741,0.4519806801765437049845468252
2023-06-15 00:00:00+00:00,18073.814735451741,0.593206,25598.49,33258.992594391741,0.4565735963241587473923467608
2023-06-16 00:00:00+00:00,18073.814735451741,0.593206,26345.0,33701.826805451741,0.4637140936072922570358496680
2023-06-17 00:00:00+00:00,18073.814735451741,0.593206,26516.99,33803.852305391741,0.4653326913107784064486440891
2023-06-18 00:00:00+00:00,1668.914230612530,1.211059,26339.97,33568.171958842530,0.9502828383786057045966730905
2023-06-19 00:00:00+00:00,1668.914230612530,1.211059,26844.35,34179.005897262530,0.9511713642102681246906798621
2023-06-20 00:00:00+00:00,1668.914230612530,1.211059,28307.99,35951.560292022530,0.9535788094576008247709829398
2023-06-21 00:00:00+00:00,1668.914230612530,1.211059,29993.89,37993.284660122530,0.9560734417794571468667211338
2023-06-22 00:00:00+00:00,19922.740074424041,0.601682,29884.92,37903.958509864041,0.4743889330387644898502981551
2023-06-23 00:00:00+00:00,19922.740074424041,0.601682,30688.5,38387.458131424041,0.4810091356865525096805305477
2023-06-24 00:00:00+00:00,19922.740074424041,0.601682,30527.43,38290.545211684041,0.4796955759108704783743527628
2023-06-25 00:00:00+00:00,19922.740074424041,0.601682,30462.66,38251.574268544041,0.4791654865089463755179475142
2023-06-26 00:00:00+00:00,19922.740074424041,0.601682,30267.99,38134.444833604041,0.4775657502985820563662876858
2023-06-27 00:00:00+00:00,19922.740074424041,0.601682,30692.44,38389.828758504041,0.4810411841180512181256224958
2023-06-28 00:00:00+00:00,1896.102032074173,1.188251,30077.41,37635.614541984173,0.9496194746611885848617017285
2023-06-29 00:00:00+00:00,1896.102032074173,1.188251,30447.31,38075.148586884173,0.9502010602073572135945985866
2023-06-30 00:00:00+00:00,1896.102032074173,1.188251,30472.0,38104.486504074173,0.9502394020748333738739812145
2023-07-01 00:00:00+00:00,1896.102032074173,1.188251,30585.9,38239.828292974173,0.9504155191925235452995444052
2023-07-02 00:00:00+00:00,1896.102032074173,1.188251,30617.03,38276.818546604173,0.9504634370339436008845794107
2023-07-03 00:00:00+00:00,1896.102032074173,1.188251,31156.2,38917.487838274173,0.9512789201617116210280526237
2023-07-04 00:00:00+00:00,1896.102032074173,1.188251,30766.51,38454.438306084173,0.9506922447551606523700350071
2023-07-05 00:00:00+00:00,1896.102032074173,1.188251,30504.81,38143.473019384173,0.9502902624752971275574049655
2023-07-06 00:00:00+00:00,1896.102032074173,1.188251,29895.43,37419.376625004173,0.9493283372655874235277587472
2023-07-07 00:00:00+00:00,1896.102032074173,1.188251,30344.7,37953.222151774173,0.9500410788709401520201706378
2023-07-08 00:00:00+00:00,1896.102032074173,1.188251,30284.63,37881.843914204173,0.9499469446004656932254971203
2023-07-09 00:00:00+00:00,1896.102032074173,1.188251,30160.71,37734.595850284173,0.9497516274032150852037268119
2023-07-10 00:00:00+00:00,1896.102032074173,1.188251,30411.57,38032.680496144173,0.9501454536640823013819711568
2023-07-11 00:00:00+00:00,1896.102032074173,1.188251,30622.1,38282.842979174173,0.9504712324237348165321340420
2023-07-12 00:00:00+00:00,1896.102032074173,1.188251,30380.0,37995.167412074173,0.9500962316730936085343050318
2023-07-13 00:00:00+00:00,1896.102032074173,1.188251,31454.23,39271.622283804173,0.9517182657143212640912259593
2023-07-14 00:00:00+00:00,1896.102032074173,1.188251,30312.01,37914.378226584173,0.9499898951067409112944530935
2023-07-15 00:00:00+00:00,1896.102032074173,1.188251,30289.52,37887.654461594173,0.9499546208647936447684787432
2023-07-16 00:00:00+00:00,1896.102032074173,1.188251,30231.99,37819.294381564173,0.9498641615852444713110674224
2023-07-17 00:00:00+00:00,1896.102032074173,1.188251,30138.0,37707.610670074173,0.9497156675169828982376427731
2023-07-18 00:00:00+00:00,1896.102032074173,1.188251,29859.13,37376.243113704173,0.9492698603680968034433016015
2023-07-19 00:00:00+00:00,1896.102032074173,1.188251,29909.21,37435.750723784173,0.9493505006467115792333236133
2023-07-20 00:00:00+00:00,1896.102032074173,1.188251,29800.0,37305.981832074173,0.9491743163171762114376565563
2023-07-21 00:00:00+00:00,1896.102032074173,1.188251,29901.72,37426.850723794173,0.9493384563380128730505336166
2023-07-22 00:00:00+00:00,1896.102032074173,1.188251,29794.0,37298.852326074173,0.9491646012188776645640373473
2023-07-23 00:00:00+00:00,1896.102032074173,1.188251,30083.75,37643.148053324173,0.9496295572998249030774664223
2023-07-24 00:00:00+00:00,1896.102032074173,1.188251,29176.5,36565.107333574173,0.9481444970261808209665781450
2023-07-25 00:00:00+00:00,1896.102032074173,1.188251,29228.91,36627.383568484173,0.9482326650897973675826245285
2023-07-26 00:00:00+00:00,1896.102032074173,1.188251,29351.96,36773.597854034173,0.9484384954770977088222459665
2023-07-27 00:00:00+00:00,19283.519405103993,0.595103,29222.78,36674.083451443993,0.4741921926791948168814179714
2023-07-28 00:00:00+00:00,19283.519405103993,0.595103,29314.14,36728.452061523993,0.4749705385676999376383899602
2023-07-29 00:00:00+00:00,19283.519405103993,0.595103,29352.9,36751.518253803993,0.4753000604782351242602396959
2023-07-30 00:00:00+00:00,19283.519405103993,0.595103,29281.09,36708.783907373993,0.4746892336787448007417530274
2023-07-31 00:00:00+00:00,19283.519405103993,0.595103,29232.25,36679.719076853993,0.4742729799893022003743547931
2023-08-01 00:00:00+00:00,1811.309757239467,1.192030,29705.99,37221.741016939467,0.9513373177139901355155673310
2023-08-02 00:00:00+00:00,1811.309757239467,1.192030,29186.01,36601.909257539467,0.9505132438722069331605302423
2023-08-03 00:00:00+00:00,1811.309757239467,1.192030,29193.64,36611.004446439467,0.9505255377549297898194971110
2023-08-04 00:00:00+00:00,1811.309757239467,1.192030,29113.99,36516.059256939467,0.9503968994985337055237582572
2023-08-05 00:00:00+00:00,1811.309757239467,1.192030,29072.13,36466.160881139467,0.9503290252257871198371416834
2023-08-06 00:00:00+00:00,1811.309757239467,1.192030,29088.42,36485.579049839467,0.9503554608585159185844961980
2023-08-07 00:00:00+00:00,1811.309757239467,1.192030,29211.06,36631.769609039467,0.9505535829535109943244449439
2023-08-08 00:00:00+00:00,1811.309757239467,1.192030,29770.42,37298.543509839467,0.9514375204286023103068606878
2023-08-09 00:00:00+00:00,1811.309757239467,1.192030,29581.99,37073.929296939467,0.9511433022722791205283246099
2023-08-10 00:00:00+00:00,1811.309757239467,1.192030,29455.75,36923.447429739467,0.9509441863280465721587851462
2023-08-11 00:00:00+00:00,1811.309757239467,1.192030,29426.03,36888.020298139467,0.9508970732882939609653242743
2023-08-12 00:00:00+00:00,1811.309757239467,1.192030,29430.17,36892.955302339467,0.9509036415652880025682892466
2023-08-13 00:00:00+00:00,1811.309757239467,1.192030,29303.84,36742.366152439467,0.9507024193889808270031738582
2023-08-14 00:00:00+00:00,1811.309757239467,1.192030,29430.93,36893.861245139467,0.9509048471450492157257860208
2023-08-15 00:00:00+00:00,1811.309757239467,1.192030,29200.0,36618.585757239467,0.9505357806757631972031736544
2023-08-16 00:00:00+00:00,1811.309757239467,1.192030,28730.51,36058.939592539467,0.9497680803232986947180948322
2023-08-17 00:00:00+00:00,1811.309757239467,1.192030,26623.41,33547.213179539467,0.9460071467771221737389844317
2023-08-18 00:00:00+00:00,17591.762300253967,0.598530,26054.0,33185.862920253967,0.4699019174963994101774946984
2023-08-19 00:00:00+00:00,17591.762300253967,0.598530,26100.01,33213.401285553967,0.4703414399203543168087682677
2023-08-20 00:00:00+00:00,17591.762300253967,0.598530,26189.99,33267.257014953967,0.4711988940853677021646514529
2023-08-21 00:00:00+00:00,17591.762300253967,0.598530,26126.92,33229.507727853967,0.4705981670168401015959814345
2023-08-22 00:00:00+00:00,17591.762300253967,0.598530,26056.0,33187.059980253967,0.4699210381781054521629553849
2023-08-23 00:00:00+00:00,17591.762300253967,0.598530,26432.72,33412.538201853967,0.4734981762242220199457971072
2023-08-24 00:00:00+00:00,17591.762300253967,0.598530,26180.05,33261.307626753967,0.4711043084155864900239693752
2023-08-25 00:00:00+00:00,17591.762300253967,0.598530,26060.01,33189.460085553967,0.4699593709898597772603946940
2023-08-26 00:00:00+00:00,17591.762300253967,0.598530,26017.37,33163.938766353967,0.4695514780620251453990041161
2023-08-27 00:00:00+00:00,17591.762300253967,0.598530,26101.77,33214.454698353967,0.4703582383026214542088501878
2023-08-28 00:00:00+00:00,17591.762300253967,0.598530,26120.0,33225.365900253967,0.4705321725254649597625718018
2023-08-29 00:00:00+00:00,13284.571902437967,0.763216,27716.34,34438.126051877967,0.6142481190054899140685274634
2023-08-30 00:00:00+00:00,13774.624088689599,0.745512,27299.99,34127.094233569599,0.5963727824462712339207724176
2023-08-31 00:00:00+00:00,13650.685022428541,0.750046,25940.78,33107.463298308541,0.5876855650512507262426240763
2023-09-01 00:00:00+00:00,13242.469890424825,0.765762,25805.05,33002.996588524825,0.5987494694639563409601434557
2023-09-02 00:00:00+00:00,13201.153990528177,0.767361,25869.51,33052.407053638177,0.6005993158348482030725178144
2023-09-03 00:00:00+00:00,13220.944281980161,0.766595,25971.21,33130.344011930161,0.6009415333200485559674525625
2023-09-04 00:00:00+00:00,13252.121093787415,0.765393,25826.02,33019.176019647415,0.5986537917874752692625606884
2023-09-05 00:00:00+00:00,13207.616715580496,0.767114,25792.1,32993.097714980496,0.5996854605870007276224407976
2023-09-06 00:00:00+00:00,13197.234808403810,0.767516,25759.95,32968.408592603810,0.5997005808959641272893263316
2023-09-07 00:00:00+00:00,13187.355921674705,0.767899,26255.0,33348.544166674705,0.6045597716120733310482851398
2023-09-08 00:00:00+00:00,13339.227192026705,0.762107,25910.5,33085.800615526705,0.5968292456623585033401921039
2023-09-09 00:00:00+00:00,13234.205136611505,0.766155,25901.61,33078.853146161505,0.5999194688481147624543973731
2023-09-10 00:00:00+00:00,13234.205136611505,0.766155,25841.61,33032.883846161505,0.5993627078324452969976250533
2023-09-11 00:00:00+00:00,13213.142728630385,0.766969,25162.52,32512.015530510385,0.5935920147358836949829368515
2023-09-12 00:00:00+00:00,13004.551325998754,0.775248,25840.1,33037.037170798754,0.6063644793942538627057494741
2023-09-13 00:00:00+00:00,13214.564687044814,0.767110,26222.0,33329.723107044814,0.6035201179258615870095314212
2023-09-14 00:00:00+00:00,13331.755590559814,0.762635,26522.73,33558.917784109814,0.6027358308654275037830982739
2023-09-15 00:00:00+00:00,13423.457913621176,0.759173,26600.0,33617.459713621176,0.6006998140855289583101286801
2023-09-16 00:00:00+00:00,13446.968301482681,0.758288,26559.67,33586.847346442681,0.5996358883351133025784385482
2023-09-17 00:00:00+00:00,13446.968301482681,0.758288,26527.51,33562.460804362681,0.5993449830789895188458878119
2023-09-18 00:00:00+00:00,13446.968301482681,0.758288,26762.51,33740.658484362681,0.6014609997100453009393662508
2023-09-19 00:00:00+00:00,13496.200741000181,0.756446,27210.26,34079.293076960181,0.6039765053071335380054845130
2023-09-20 00:00:00+00:00,13631.558801718356,0.751465,27125.0,34015.046926718356,0.5992491549082370292560900664
2023-09-21 00:00:00+00:00,13631.558801718356,0.751465,26568.08,33596.541038918356,0.5942570758719622822389948263
2023-09-22 00:00:00+00:00,13631.558801718356,0.751465,26580.14,33605.603706818356,0.5943664955213227619851749849
2023-09-23 00:00:00+00:00,13631.558801718356,0.751465,26575.96,33602.462583118356,0.5943285773178196606729027761
2023-09-24 00:00:00+00:00,13631.558801718356,0.751465,26248.38,33356.297678418356,0.5913347778240382073283117159
2023-09-25 00:00:00+00:00,13631.558801718356,0.751465,26304.81,33398.702848368356,0.5918536458255202701708918374
2023-09-26 00:00:00+00:00,13631.558801718356,0.751465,26221.67,33336.226048268356,0.5910887218612904515830391198
2023-09-27 00:00:00+00:00,13631.558801718356,0.751465,26372.99,33449.937732068356,0.5924787988872750263696443472
2023-09-28 00:00:00+00:00,13631.558801718356,0.751465,27021.39,33937.187638068356,0.5983297453196319146311027401
2023-09-29 00:00:00+00:00,13631.558801718356,0.751465,26906.96,33851.197498118356,0.5973094067801862448562269257
2023-09-30 00:00:00+00:00,13631.558801718356,0.751465,26962.56,33892.978952118356,0.5978058222330921563811845412
2023-10-01 00:00:00+00:00,13631.558801718356,0.751465,27992.57,34666.995416768356,0.6067856865632838083222649452
2023-10-02 00:00:00+00:00,13866.502619503340,0.743061,27494.51,34296.600714613340,0.5956887175236873617233558231
2023-10-03 00:00:00+00:00,13866.502619503340,0.743061,27426.46,34246.035413563340,0.5950917397576645734143952262
2023-10-04 00:00:00+00:00,13866.502619503340,0.743061,27778.57,34507.674622273340,0.5981617778859819011432617335
2023-10-05 00:00:00+00:00,13866.502619503340,0.743061,27410.39,34234.094423293340,0.5949505061226803060317648105
2023-10-06 00:00:00+00:00,13866.502619503340,0.743061,27931.09,34621.006285993340,0.5994771929805712556608514347
2023-10-07 00:00:00+00:00,13866.502619503340,0.743061,27956.67,34640.013786373340,0.5996969659129254347331416047
2023-10-08 00:00:00+00:00,13866.502619503340,0.743061,27917.05,34610.573709553340,0.5993564644183908432067744090
2023-10-09 00:00:00+00:00,13866.502619503340,0.743061,27590.12,34367.644776823340,0.5965245011827358488522863993
2023-10-10 00:00:00+00:00,13866.502619503340,0.743061,27390.12,34219.032576823340,0.5947722195718891687914935626
2023-10-11 00:00:00+00:00,13866.502619503340,0.743061,26875.52,33836.653386223340,0.5901928461651850645504457149
2023-10-12 00:00:00+00:00,13866.502619503340,0.743061,26759.63,33750.540046933340,0.5891472373413685351344557591
2023-10-13 00:00:00+00:00,13866.502619503340,0.743061,26862.0,33826.607201503340,0.5900711372884278638641836612
2023-10-14 00:00:00+00:00,13866.502619503340,0.743061,26852.48,33819.533260783340,0.5899853935718638844928700280
2023-10-15 00:00:00+00:00,13866.502619503340,0.743061,27154.15,34043.692472653340,0.5926851169084539927375898624
2023-10-16 00:00:00+00:00,13866.502619503340,0.743061,28500.78,35044.320707083340,0.6043152687876021373125382418
2023-10-17 00:00:00+00:00,26267.120293483676,0.307397,28395.91,34995.937839753676,0.2494237355843765852409596684
2023-10-18 00:00:00+00:00,26267.120293483676,0.307397,28320.0,34972.603333483676,0.2489229342462231034636807086
2023-10-19 00:00:00+00:00,17474.890994971676,0.617454,28713.71,35204.286089311676,0.5036146749109278718366815067
2023-10-20 00:00:00+00:00,17474.890994971676,0.617454,29669.04,35794.158419131676,0.5117948914918057120047727247
2023-10-21 00:00:00+00:00,17474.890994971676,0.617454,29909.8,35942.816644171676,0.5138140906437468916626244832
2023-10-22 00:00:00+00:00,26944.808152074956,0.300426,29992.46,35955.322940034956,0.2506030832482696627010735865
2023-10-23 00:00:00+00:00,26944.808152074956,0.300426,33069.99,36879.892967814956,0.2693902833289222970932651731
2023-10-24 00:00:00+00:00,1811.393323322216,1.059446,33922.73,37750.693930902216,0.9520169529429647512914899711
2023-10-25 00:00:00+00:00,1811.393323322216,1.059446,34496.05,38358.095511622216,0.9527767659170310639309719351
2023-10-26 00:00:00+00:00,1811.393323322216,1.059446,34151.66,37993.232903682216,0.9523232643056637604272274500
2023-10-27 00:00:00+00:00,1811.393323322216,1.059446,33892.02,37718.158344242216,0.9519755628896252741989158696
2023-10-28 00:00:00+00:00,1811.393323322216,1.059446,34081.0,37918.372449322216,0.9522291383749886046157119087
2023-10-29 00:00:00+00:00,19883.658190750484,0.528482,34525.89,38129.969589730484,0.4785293981428788055130960340
2023-10-30 00:00:00+00:00,19883.658190750484,0.528482,34474.73,38102.932450610484,0.4781593722077968661390285025
2023-10-31 00:00:00+00:00,19883.658190750484,0.528482,34639.77,38190.153119890484,0.4793511791290900334503163004
2023-11-01 00:00:00+00:00,1886.160294908166,1.047369,35421.43,38985.468012578166,0.9516188879841170473623753963
2023-11-02 00:00:00+00:00,20443.236756905382,0.522793,34941.59,38710.455417775382,0.4718936644822295180347720245
2023-11-03 00:00:00+00:00,20443.236756905382,0.522793,34716.78,38592.926323445382,0.4702853941271092284512607064
2023-11-04 00:00:00+00:00,1905.612996206346,1.056067,35062.07,38933.508074896346,0.9510546803914889866199476657
2023-11-05 00:00:00+00:00,1905.612996206346,1.056067,35011.88,38880.504072166346,0.9509879554887116217004038326
2023-11-06 00:00:00+00:00,1905.612996206346,1.056067,35046.09,38916.632124236346,0.9510334555641166110407700113
2023-11-07 00:00:00+00:00,1905.612996206346,1.056067,35399.12,39289.455457246346,0.9514981061959492112064741843
2023-11-08 00:00:00+00:00,1905.612996206346,1.056067,35624.72,39527.704172446346,0.9517904458125676983897597375
2023-11-09 00:00:00+00:00,1905.612996206346,1.056067,36701.09,40664.423009236346,0.9531380785662810688494619514
2023-11-10 00:00:00+00:00,1905.612996206346,1.056067,37301.63,41298.633485416346,0.9538577227529993454591583500
2023-11-11 00:00:00+00:00,1905.612996206346,1.056067,37130.0,41117.380706206346,0.9536543193297643915786930000
2023-11-12 00:00:00+00:00,1905.612996206346,1.056067,37064.13,41047.817572916346,0.9535757779857294150943194704
2023-11-13 00:00:00+00:00,1905.612996206346,1.056067,36462.93,40412.910092516346,0.9528464297214956810341403758
2023-11-14 00:00:00+00:00,1905.612996206346,1.056067,35551.19,39450.051565936346,0.9516955511953811479744363585
2023-11-15 00:00:00+00:00,1905.612996206346,1.056067,37858.2,41886.408695606346,0.9545052188633628471681290172
2023-11-16 00:00:00+00:00,1905.612996206346,1.056067,36163.51,40096.702511376346,0.9524745708037791817502875684
2023-11-17 00:00:00+00:00,1905.612996206346,1.056067,36613.92,40572.365648846346,0.9530317504111192710546023927
2023-11-18 00:00:00+00:00,1905.612996206346,1.056067,36568.1,40523.976658906346,0.9529756664246935149993749839
2023-11-19 00:00:00+00:00,1905.612996206346,1.056067,37359.86,41360.128266826346,0.9539263276962615692970758602
2023-11-20 00:00:00+00:00,1905.612996206346,1.056067,37448.78,41454.033744466346,0.9540306980026829304186914840
2023-11-21 00:00:00+00:00,1905.612996206346,1.056067,35741.65,39651.190086756346,0.9519405850861755530873427481
2023-11-22 00:00:00+00:00,1905.612996206346,1.056067,37408.34,41411.326394986346,0.9539832900296316550244626520
2023-11-23 00:00:00+00:00,1905.612996206346,1.056067,37294.28,41290.871392966346,0.9538490486657310936902124611
2023-11-24 00:00:00+00:00,1905.612996206346,1.056067,37713.57,41733.669725396346,0.9543387147896386355405266457
2023-11-25 00:00:00+00:00,1905.612996206346,1.056067,37780.67,41804.531821096346,0.9544161143973225271882725043
2023-11-26 00:00:00+00:00,1905.612996206346,1.056067,37447.43,41452.608054016346,0.9540291169683903392462292450
2023-11-27 00:00:00+00:00,1905.612996206346,1.056067,37242.7,41236.399457106346,0.9537880847674748154804042770
2023-11-28 00:00:00+00:00,21623.456227174536,0.525936,37818.87,41513.761439494536,0.4791255844476949119939171106
2023-11-29 00:00:00+00:00,21623.456227174536,0.525936,37854.64,41532.574170214536,0.4793615214276317440364183811
2023-11-30 00:00:00+00:00,2051.229018673111,1.042301,37723.96,41370.950250633111,0.9504186148433532662290712012
2023-12-01 00:00:00+00:00,2051.229018673111,1.042301,38682.52,42370.058297193111,0.9515877697338689109946428743
2023-12-02 00:00:00+00:00,2051.229018673111,1.042301,39450.35,43170.368274023111,0.9524852554962474979895564424
2023-12-03 00:00:00+00:00,2051.229018673111,1.042301,39972.26,43714.355588933111,0.9530765353614772769371451949
2023-12-04 00:00:00+00:00,2051.229018673111,1.042301,41991.1,45818.594539773111,0.9552315159538006100399089602
2023-12-05 00:00:00+00:00,24026.170763910961,0.518296,44073.32,46869.196226630961,0.4873782207031032807045720992
2023-12-06 00:00:00+00:00,24026.170763910961,0.518296,43762.69,46708.197940150961,0.4856112668980157969575010463
2023-12-07 00:00:00+00:00,2307.214292830396,1.013941,43273.14,46183.625137570396,0.9500425900747779037818519911
2023-12-08 00:00:00+00:00,2307.214292830396,1.013941,44170.99,47093.992064420396,0.9510083093046278199415626351
2023-12-09 00:00:00+00:00,2307.214292830396,1.013941,43713.6,46630.225590430396,0.9505210565975925732021452686
2023-12-10 00:00:00+00:00,2307.214292830396,1.013941,43789.51,46707.193851740396,0.9506025923939246684289508667
2023-12-11 00:00:00+00:00,2307.214292830396,1.013941,41253.4,44135.727942230396,0.9477245669120870268999022823
2023-12-12 00:00:00+00:00,2307.214292830396,1.013941,41492.39,44378.049701820396,0.9480100115184702757920392068
2023-12-13 00:00:00+00:00,2307.214292830396,1.013941,42869.03,45773.881440060396,0.9495953976319087577110791599
2023-12-14 00:00:00+00:00,2307.214292830396,1.013941,43022.26,45929.247619490396,0.9497659027218352788486339708
2023-12-15 00:00:00+00:00,2307.214292830396,1.013941,41940.3,44832.204015130396,0.9485366748408859062368238521
2023-12-16 00:00:00+00:00,2307.214292830396,1.013941,42278.03,45174.642309060396,0.9489267833700666085331899126
2023-12-17 00:00:00+00:00,2307.214292830396,1.013941,41374.65,44258.668288480396,0.9478697759771747235970442846
2023-12-18 00:00:00+00:00,2307.214292830396,1.013941,42657.8,45559.706682630396,0.9493584471712584638175398899
2023-12-19 00:00:00+00:00,2307.214292830396,1.013941,42275.99,45172.573869420396,0.9489244447416296937226089379
2023-12-20 00:00:00+00:00,2307.214292830396,1.013941,43668.93,46584.932845960396,0.9504729501175943914919013299
2023-12-21 00:00:00+00:00,2307.214292830396,1.013941,43861.8,46780.491646630396,0.9506799904913657549958577234
2023-12-22 00:00:00+00:00,2307.214292830396,1.013941,43969.04,46889.226679470396,0.9507943624533998072226848325
2023-12-23 00:00:00+00:00,2307.214292830396,1.013941,43702.16,46618.626105390396,0.9505087454183121338432603862
2023-12-24 00:00:00+00:00,24445.962427369006,0.506699,42991.5,46229.712485869006,0.4712066955890893543439027040
2023-12-25 00:00:00+00:00,24445.962427369006,0.506699,43576.13,46525.943922239006,0.4745735310985481456177012929
2023-12-26 00:00:00+00:00,2297.576210382802,1.014308,42508.93,45414.723980822802,0.9494090019934284839914555627
2023-12-27 00:00:00+00:00,23814.751044008851,0.507469,43428.85,45853.546124658851,0.4806344752646754639764967310
2023-12-28 00:00:00+00:00,23814.751044008851,0.507469,42563.76,45414.539767448851,0.4756139517001508976706709949
2023-12-29 00:00:00+00:00,2242.756226004547,1.013627,42066.95,44882.952553654547,0.9500310006717253510227938009
2023-12-30 00:00:00+00:00,2242.756226004547,1.013627,42140.28,44957.281821564547,0.9501136159675745848390524222
2023-12-31 00:00:00+00:00,2242.756226004547,1.013627,42283.58,45102.534570664547,0.9502742751077392075107937162
2024-01-01 00:00:00+00:00,2242.756226004547,1.013627,44179.55,47024.340953854547,0.9523064825468710775120051040
2024-01-02 00:00:00+00:00,2242.756226004547,1.013627,44946.91,47802.157768574547,0.9530825316115970459869336113
2024-01-03 00:00:00+00:00,2242.756226004547,1.013627,42845.23,45671.838175214547,0.9508941107778390511696313385
2024-01-04 00:00:00+00:00,2242.756226004547,1.013627,44151.1,46995.503265704547,0.9522772165386891073634577920
2024-01-05 00:00:00+00:00,2242.756226004547,1.013627,44145.11,46989.431639974547,0.9522710501546776775408468637
2024-01-06 00:00:00+00:00,24640.337766577459,0.505604,43968.32,46870.896231857459,0.4742934369189684126284079346
2024-01-07 00:00:00+00:00,2314.577204195699,1.012714,43929.02,46802.110764475699,0.9505454526219245387779067117
2024-01-08 00:00:00+00:00,2314.577204195699,1.012714,46951.04,49862.552726755699,0.9535808522102856107103821320
2024-01-09 00:00:00+00:00,26146.843568324531,0.504455,46110.0,49407.263618324531,0.4707894820828126887217359335
2024-01-10 00:00:00+00:00,26146.843568324531,0.504455,46653.99,49681.682093774531,0.4737125945338932691286699006
2024-01-11 00:00:00+00:00,26146.843568324531,0.504455,46339.16,49522.864526124531,0.4720248148300987939056276586
2024-01-12 00:00:00+00:00,26146.843568324531,0.504455,42782.73,47728.805630474531,0.4521789677546437078579043665
2024-01-13 00:00:00+00:00,26146.843568324531,0.504455,42847.99,47761.726363774531,0.4525565644512396393668651719
2024-01-14 00:00:00+00:00,26146.843568324531,0.504455,41732.35,47198.936187574531,0.4460289642034796340984576234
2024-01-15 00:00:00+00:00,26146.843568324531,0.504455,42511.1,47591.780518824531,0.4506016945934106086128424971
2024-01-16 00:00:00+00:00,26146.843568324531,0.504455,43137.95,47907.998135574531,0.4542280081431966918952014579
2024-01-17 00:00:00+00:00,26146.843568324531,0.504455,42776.1,47725.461093824531,0.4521405771874706961828249884
2024-01-18 00:00:00+00:00,26146.843568324531,0.504455,41327.5,46994.707580824531,0.4436215285869051958767972926
2024-01-19 00:00:00+00:00,26146.843568324531,0.504455,41659.03,47161.949546974531,0.4455945138086034102060991147
2024-01-20 00:00:00+00:00,2327.195692006405,1.075489,41696.04,47170.828055566405,0.9506645147448967941490574016
2024-01-21 00:00:00+00:00,24735.547037897740,0.537368,41580.33,47079.485809337740,0.4746003144963895433903503573
2024-01-22 00:00:00+00:00,24735.547037897740,0.537368,39568.02,45998.134809257740,0.4622489120380728950137484931
2024-01-23 00:00:00+00:00,24735.547037897740,0.537368,39897.6,46175.240554697740,0.4643114634433406425583565461
2024-01-24 00:00:00+00:00,24735.547037897740,0.537368,40084.88,46275.878833737740,0.4654764499066817626146377242
2024-01-25 00:00:00+00:00,24735.547037897740,0.537368,39961.09,46209.358049017740,0.4647069753347604246493599964
2024-01-26 00:00:00+00:00,24735.547037897740,0.537368,41823.51,47210.162959577740,0.4760546143618102609798832603
2024-01-27 00:00:00+00:00,24735.547037897740,0.537368,42120.63,47369.825739737740,0.4778206030606629213105205199
2024-01-28 00:00:00+00:00,24735.547037897740,0.537368,42031.06,47321.693687977740,0.4772894816277063693388791191
2024-01-29 00:00:00+00:00,24735.547037897740,0.537368,43302.7,48005.032331497740,0.4847301243943147304508785247
2024-01-30 00:00:00+00:00,24735.547037897740,0.537368,42941.1,47810.720062697740,0.4826359652090538636245949698
2024-01-31 00:00:00+00:00,24735.547037897740,0.537368,42580.0,47616.676477897740,0.4805276456163576842789646982
2024-02-01 00:00:00+00:00,24735.547037897740,0.537368,43082.94,47886.940339817740,0.4834594387871078446377377861
2024-02-02 00:00:00+00:00,24735.547037897740,0.537368,43200.0,47949.844637897740,0.4841370764661935724338943364
2024-02-03 00:00:00+00:00,24735.547037897740,0.537368,43011.09,47848.330449017740,0.4830426306252546258770866395
2024-02-04 00:00:00+00:00,24735.547037897740,0.537368,42582.88,47618.224097737740,0.4805445287684955194633521974
2024-02-05 00:00:00+00:00,24735.547037897740,0.537368,42708.7,47685.835739497740,0.4812810417536729160412781256
2024-02-06 00:00:00+00:00,24735.547037897740,0.537368,43098.95,47895.543601497740,0.4835522226513734462353222343
2024-02-07 00:00:00+00:00,24735.547037897740,0.537368,44349.6,48567.602890697740,0.4906986228337121857673796686
2024-02-08 00:00:00+00:00,24735.547037897740,0.537368,45288.65,49072.218311097740,0.4959358290859297288404815034
2024-02-09 00:00:00+00:00,24735.547037897740,0.537368,47132.77,50063.189387257740,0.5059134797314068267540764383
2024-02-10 00:00:00+00:00,24735.547037897740,0.537368,47751.09,50395.454769017740,0.5091710720486497234407337540
2024-02-11 00:00:00+00:00,24735.547037897740,0.537368,48299.99,50690.416064217740,0.5120271451991787543557916459
2024-02-12 00:00:00+00:00,24735.547037897740,0.537368,49917.27,51559.490583257740,0.5202522996623670922486821868
2024-02-13 00:00:00+00:00,24735.547037897740,0.537368,49699.59,51442.516317017740,0.5191614094951464517527511853
2024-02-14 00:00:00+00:00,24735.547037897740,0.537368,51795.17,52568.613950457740,0.5294616848523099439332983145
2024-02-15 00:00:00+00:00,24735.547037897740,0.537368,51880.0,52614.198877897740,0.5298693591191656505727994690
2024-02-16 00:00:00+00:00,24735.547037897740,0.537368,52124.11,52745.375780377740,0.5310385664727821850376543333
2024-02-17 00:00:00+00:00,24735.547037897740,0.537368,51642.64,52486.649209417740,0.5287268779684374999553510728
2024-02-18 00:00:00+00:00,24735.547037897740,0.537368,52137.67,52752.662490457740,0.5311033439805607194732956906
2024-02-19 00:00:00+00:00,24735.547037897740,0.537368,51774.73,52557.630148537740,0.5293633489944193545549461888
2024-02-20 00:00:00+00:00,39399.154501560484,0.253780,52258.82,52661.397841160484,0.2518399412716338138432014190
2024-02-21 00:00:00+00:00,39399.154501560484,0.253780,51849.39,52557.492695760484,0.2503608433219914389302112933
2024-02-22 00:00:00+00:00,2580.082651880848,0.962974,51288.42,51969.497612960848,0.9503539043017919707605164176
2024-02-23 00:00:00+00:00,2580.082651880848,0.962974,50744.15,51445.379753980848,0.9498481172805182572691590144
2024-02-24 00:00:00+00:00,2580.082651880848,0.962974,51568.22,52238.937738160848,0.9506099709604913614254501801
2024-02-25 00:00:00+00:00,2580.082651880848,0.962974,51728.85,52393.620251780848,0.9507557859242766958854751728
2024-02-26 00:00:00+00:00,2580.082651880848,0.962974,54476.47,55039.506873660848,0.9531230783407409784611403273
2024-02-27 00:00:00+00:00,28861.553078026288,0.479909,57037.34,56234.285880086288,0.4867623438915802988564648830
2024-02-28 00:00:00+00:00,28861.553078026288,0.479909,62432.1,58823.279756926288,0.5093515152964942372466077178
2024-02-29 00:00:00+00:00,28861.553078026288,0.479909,61130.98,58198.860558846288,0.5040873171590074784593712815
2024-03-01 00:00:00+00:00,43629.976748120701,0.238008,62387.9,58478.796051320701,0.2539180062833159205435389325
2024-03-02 00:00:00+00:00,43629.976748120701,0.238008,61987.28,58383.445286360701,0.2526995189454268862076360194
2024-03-03 00:00:00+00:00,43629.976748120701,0.238008,63113.97,58651.606519880701,0.2561162543206421690531418762
2024-03-04 00:00:00+00:00,43629.976748120701,0.238008,68245.71,59873.001693800701,0.2712913080381239000854943515
2024-03-05 00:00:00+00:00,43629.976748120701,0.238008,63724.01,58796.800920200701,0.2579532208336383164335170764
2024-03-06 00:00:00+00:00,43629.976748120701,0.238008,66074.04,59356.126860440701,0.2649456921152492827686351084
2024-03-07 00:00:00+00:00,43629.976748120701,0.238008,66823.17,59534.425793480701,0.2671470973875020023263791085
2024-03-08 00:00:00+00:00,43629.976748120701,0.238008,68124.19,59844.078961640701,0.2709391220460262207955612712
2024-03-09 00:00:00+00:00,43629.976748120701,0.238008,68313.27,59889.081514280701,0.2714869614803322017503450683
2024-03-10 00:00:00+00:00,43629.976748120701,0.238008,68955.88,60042.027835160701,0.2733427180723746045654031053
2024-03-11 00:00:00+00:00,43629.976748120701,0.238008,72078.1,60785.141172920701,0.2822262825054108764597636608
2024-03-12 00:00:00+00:00,43629.976748120701,0.238008,71452.01,60636.126744200701,0.2804623400142636084185964093
2024-03-13 00:00:00+00:00,43629.976748120701,0.238008,73072.41,61021.794907400701,0.2850099408854118554529668808
2024-03-14 00:00:00+00:00,43629.976748120701,0.238008,71388.94,60621.115579640701,0.2802841661532601215224073283
2024-03-15 00:00:00+00:00,43629.976748120701,0.238008,69499.85,60171.497046920701,0.2749062448272012624753227080
2024-03-16 00:00:00+00:00,43629.976748120701,0.238008,65300.63,59172.049093160701,0.2626590186283814795835094855
2024-03-17 00:00:00+00:00,43629.976748120701,0.238008,68393.48,59908.172135960701,0.2717191128932606879731556270
2024-03-18 00:00:00+00:00,43629.976748120701,0.238008,67609.99,59721.695248040701,0.2694451058880135109112007162
2024-03-19 00:00:00+00:00,43629.976748120701,0.238008,61937.4,58371.573447320701,0.2525475300490919068194657668
2024-03-20 00:00:00+00:00,43629.976748120701,0.238008,67840.51,59776.560852200701,0.2701156418818222500131509639
2024-03-21 00:00:00+00:00,43629.976748120701,0.238008,65501.27,59219.803018280701,0.2632535988906876247377149810
2024-03-22 00:00:00+00:00,43629.976748120701,0.238008,63796.64,58814.087441240701,0.2581713217652142590638243337
2024-03-23 00:00:00+00:00,43629.976748120701,0.238008,63990.01,58860.111048200701,0.2587513687768615088110479896
2024-03-24 00:00:00+00:00,43629.976748120701,0.238008,67209.99,59626.492048040701,0.2682786585370761905721239699
2024-03-25 00:00:00+00:00,43629.976748120701,0.238008,69880.01,60261.978168200701,0.2759949461608687418671292013
2024-03-26 00:00:00+00:00,43629.976748120701,0.238008,69988.0,60287.680652120701,0.2763036116801425276659122905
2024-03-27 00:00:00+00:00,43629.976748120701,0.238008,69469.99,60164.390128040701,0.2748205931238026115978660105
2024-03-28 00:00:00+00:00,43629.976748120701,0.238008,70780.6,60476.325792920701,0.2785610538326059647928564069
2024-03-29 00:00:00+00:00,43629.976748120701,0.238008,69850.54,60254.964072440701,0.2759106669507401559929709796
2024-03-30 00:00:00+00:00,43629.976748120701,0.238008,69582.18,60191.092245560701,0.2751422989613789394665279656
2024-03-31 00:00:00+00:00,43629.976748120701,0.238008,71280.01,60595.189368200701,0.2799762290863150239053172801
2024-04-01 00:00:00+00:00,2977.035178352701,0.807595,69649.8,59225.865409352701,0.9497342055236126603945765619
2024-04-02 00:00:00+00:00,2977.035178352701,0.807595,65463.99,55845.426182402701,0.9466915129516768485898497818
2024-04-03 00:00:00+00:00,2977.035178352701,0.807595,65963.28,56248.650289952701,0.9470736602032837086419261548
2024-04-04 00:00:00+00:00,2977.035178352701,0.807595,68487.79,58287.431943402701,0.9489249212206944971409804337
2024-04-05 00:00:00+00:00,2977.035178352701,0.807595,67820.62,57748.628787252701,0.9484483832625677014778668822
2024-04-06 00:00:00+00:00,2977.035178352701,0.807595,68896.0,58617.100298352701,0.9492121725025629809694168631
2024-04-07 00:00:00+00:00,2977.035178352701,0.807595,69360.39,58992.139340402701,0.9495350531165805536384688756
2024-04-08 00:00:00+00:00,2977.035178352701,0.807595,71620.0,60816.989078352701,0.9510492837039781735606480889
2024-04-09 00:00:00+00:00,31891.352916488701,0.403351,69146.0,59781.461162488701,0.4665344021985918178704142323
2024-04-10 00:00:00+00:00,31891.352916488701,0.403351,70631.08,60380.469665568701,0.4718266834768528740837185122
2024-04-11 00:00:00+00:00,2981.528580943197,0.812127,70006.23,59835.478132153197,0.9501712249318345034003399004
2024-04-12 00:00:00+00:00,2981.528580943197,0.812127,67116.52,57488.666618983197,0.9481371067326394820206923774
2024-04-13 00:00:00+00:00,2981.528580943197,0.812127,63924.51,54896.349113713197,0.9456880351957976322475895487
2024-04-14 00:00:00+00:00,21933.875013742581,0.515261,65661.84,55766.860353982581,0.6066862133798397171848585978
2024-04-15 00:00:00+00:00,2763.500645483896,0.806838,63419.99,53933.158537103896,0.9487606377886673180209836562
2024-04-16 00:00:00+00:00,21548.846161843579,0.510247,63793.39,54099.232029173579,0.6016792595092082377444214411
2024-04-17 00:00:00+00:00,21548.846161843579,0.510247,61277.37,52815.440372233579,0.5919972263798001809049354764
2024-04-18 00:00:00+00:00,21548.846161843579,0.510247,63470.08,53934.264071603579,0.6004609215908619604868606334
2024-04-19 00:00:00+00:00,37732.962802251139,0.254927,63818.01,54001.896637521139,0.3012659711652823249162965493
2024-04-20 00:00:00+00:00,37732.962802251139,0.254927,64940.59,54288.072589181139,0.3049493009672478978229892170
2024-04-21 00:00:00+00:00,37732.962802251139,0.254927,64941.15,54288.215348301139,0.3049511287087846695897940331
2024-04-22 00:00:00+00:00,37732.962802251139,0.254927,66819.32,54767.011591891139,0.3110275381934857857824611950
2024-04-23 00:00:00+00:00,37732.962802251139,0.254927,66414.0,54663.684580251139,0.3097252208300045755489754343
2024-04-24 00:00:00+00:00,37732.962802251139,0.254927,64289.59,54122.115112181139,0.3028180305954327250157816026
2024-04-25 00:00:00+00:00,37732.962802251139,0.254927,64498.34,54175.331123431139,0.3035028670838816919470390356
2024-04-26 00:00:00+00:00,37732.962802251139,0.254927,63770.01,53989.660141521139,0.3011076064686628619441401181
2024-04-27 00:00:00+00:00,37732.962802251139,0.254927,63461.98,53911.134977711139,0.3000896230834067191582674668
2024-04-28 00:00:00+00:00,37732.962802251139,0.254927,63118.62,53823.603242991139,0.2989513795294875332390613132
2024-04-29 00:00:00+00:00,37732.962802251139,0.254927,63866.0,54014.130584251139,0.3014242311390102855462815626
2024-04-30 00:00:00+00:00,37732.962802251139,0.254927,60672.0,53199.893746251139,0.2907323653271378051542191127
2024-05-01 00:00:00+00:00,37732.962802251139,0.254927,58364.97,52611.769509441139,0.2828037689270270658324095451
2024-05-02 00:00:00+00:00,37732.962802251139,0.254927,59060.61,52789.106927721139,0.2852130865954007716290774840
2024-05-03 00:00:00+00:00,37732.962802251139,0.254927,62882.01,53763.284965521139,0.2981648568079570408126373696
2024-05-04 00:00:00+00:00,37732.962802251139,0.254927,63892.04,54020.768883331139,0.3015100750649594980377514738
2024-05-05 00:00:00+00:00,2655.549103366717,0.803225,64012.0,54071.587803366717,0.9508882721731102612262139404
2024-05-06 00:00:00+00:00,2655.549103366717,0.803225,63165.19,53391.408841116717,0.9502626141357468922771765379
2024-05-07 00:00:00+00:00,27997.530414285301,0.401501,62312.08,53015.892846365301,0.4719030669648568524597449694
2024-05-08 00:00:00+00:00,27997.530414285301,0.401501,61193.03,52566.593152315301,0.4673892916521993228250206901
2024-05-09 00:00:00+00:00,2595.388898918437,0.816077,63074.01,54068.637757688437,0.9519982561693191795521485680
2024-05-10 00:00:00+00:00,2595.388898918437,0.816077,60799.99,52212.862338148437,0.9502921544099649870353339836
2024-05-11 00:00:00+00:00,2595.388898918437,0.816077,60825.99,52234.080340148437,0.9503123462303297151581975866
2024-05-12 00:00:00+00:00,2595.388898918437,0.816077,61483.99,52771.059006148437,0.9508179493116474266735511681
2024-05-13 00:00:00+00:00,2595.388898918437,0.816077,62940.08,53959.340565078437,0.9519010263702494478250412018
2024-05-14 00:00:00+00:00,2595.388898918437,0.816077,61577.49,52847.362205648437,0.9508889603833237983877897254
2024-05-15 00:00:00+00:00,2595.388898918437,0.816077,66206.5,56624.990799418437,0.9541653100110509376044959431
2024-05-16 00:00:00+00:00,2595.388898918437,0.816077,65235.21,55832.343370088437,0.9535145984879279128393410853
2024-05-17 00:00:00+00:00,29277.280897256698,0.406534,67024.0,56524.815713256698,0.4820455311915270512017670448
2024-05-18 00:00:00+00:00,29277.280897256698,0.406534,66915.2,56480.584814056698,0.4816399123054004428080302420
2024-05-19 00:00:00+00:00,2789.640230384698,0.801859,66274.01,55932.051614974698,0.9501244787230757126154570660
2024-05-20 00:00:00+00:00,2789.640230384698,0.801859,71446.62,60079.755496964698,0.9535677166574748460403748933
2024-05-21 00:00:00+00:00,2789.640230384698,0.801859,70148.34,59038.717994444698,0.9527489700801566907158152490
2024-05-22 00:00:00+00:00,2789.640230384698,0.801859,69166.62,58251.516976964698,0.9521104277595406011622015119
2024-05-23 00:00:00+00:00,30545.972111458384,0.400040,67969.65,57736.550897458384,0.4709422084164877651530562760
2024-05-24 00:00:00+00:00,30545.972111458384,0.400040,68549.99,57968.710111058384,0.4730610349456216280398810688
2024-05-25 00:00:00+00:00,30545.972111458384,0.400040,69290.57,58264.971734258384,0.4757403770695026953569803583
2024-05-26 00:00:00+00:00,30545.972111458384,0.400040,68507.67,57951.780418258384,0.4729070980909066360061400242
2024-05-27 00:00:00+00:00,30545.972111458384,0.400040,69436.43,58323.321568658384,0.4762648750123125845240593481
2024-05-28 00:00:00+00:00,2880.256331851899,0.797955,68398.39,57459.093624301899,0.9498729243679939310628870180
2024-05-29 00:00:00+00:00,2880.256331851899,0.797955,67652.42,56863.843132951899,0.9493481943329499336021532709
2024-05-30 00:00:00+00:00,2880.256331851899,0.797955,68352.17,57422.212144201899,0.9498407284515818235936047097
2024-05-31 00:00:00+00:00,2880.256331851899,0.797955,67540.01,56774.145011401899,0.9492681689654074088397366483
2024-06-01 00:00:00+00:00,2880.256331851899,0.797955,67766.85,56955.153123601899,0.9494293988534930866620590363
2024-06-02 00:00:00+00:00,2880.256331851899,0.797955,67765.63,56954.179618501899,0.9494285344614773302375112615
2024-06-03 00:00:00+00:00,2880.256331851899,0.797955,68809.9,57787.460086351899,0.9501577621243791108134808068
2024-06-04 00:00:00+00:00,2880.256331851899,0.797955,70537.84,59166.278449051899,0.9513192918778542301902830847
2024-06-05 00:00:00+00:00,2880.256331851899,0.797955,71108.0,59621.240471851899,0.9516907681045027545405252360
2024-06-06 00:00:00+00:00,2880.256331851899,0.797955,70799.06,59374.720254151899,0.9514901911196711503997432050
2024-06-07 00:00:00+00:00,2880.256331851899,0.797955,69355.6,58222.904129851899,0.9505305278927998145823759607
2024-06-08 00:00:00+00:00,2880.256331851899,0.797955,69310.46,58186.884441151899,0.9504999045830528078091868714
2024-06-09 00:00:00+00:00,2880.256331851899,0.797955,69648.14,58456.337885551899,0.9507280743879136370308289430
2024-06-10 00:00:00+00:00,30653.496046949919,0.398671,69540.0,58377.077386949919,0.4749052638629961999560202942
2024-06-11 00:00:00+00:00,30653.496046949919,0.398671,67314.24,57489.731421989919,0.4668005000415621147766669243
2024-06-12 00:00:00+00:00,2838.416210136595,0.811347,68263.99,58224.199704666595,0.9512502322997305263467835870
2024-06-13 00:00:00+00:00,30531.674635515577,0.405140,66773.01,57584.091906915577,0.4697897696316911559093246406
2024-06-14 00:00:00+00:00,30531.674635515577,0.405140,66043.99,57288.736744115577,0.4670562422786946248096197209
2024-06-15 00:00:00+00:00,30531.674635515577,0.405140,66228.25,57363.387840515577,0.4677498002663093575267484937
2024-06-16 00:00:00+00:00,2832.238322829802,0.822839,66676.87,57696.567356759802,0.9509114934807647024523676416
2024-06-17 00:00:00+00:00,2832.238322829802,0.822839,66504.33,57554.594715699802,0.9507904045398964282033893808
2024-06-18 00:00:00+00:00,2832.238322829802,0.822839,65175.32,56461.033456309802,0.9498372922093000540701788040
2024-06-19 00:00:00+00:00,2832.238322829802,0.822839,64974.37,56295.683959259802,0.9496899562517182819255973628
2024-06-20 00:00:00+00:00,2832.238322829802,0.822839,64869.99,56209.796024439802,0.9496130830718838451773354071
2024-06-21 00:00:00+00:00,2832.238322829802,0.822839,64143.56,55612.061089669802,0.9490715095370578992922219967
2024-06-22 00:00:00+00:00,2832.238322829802,0.822839,64262.01,55709.526369219802,0.9491606102687197053226434489
2024-06-23 00:00:00+00:00,2832.238322829802,0.822839,63210.01,54843.899741219802,0.9483581886737872368654311339
2024-06-24 00:00:00+00:00,28759.345996086598,0.412131,60293.3,53608.084018386598,0.4635259490672588617778586593
2024-06-25 00:00:00+00:00,28759.345996086598,0.412131,61806.01,54231.518703396598,0.4696931473857958028192874626
2024-06-26 00:00:00+00:00,2677.773700302439,0.833574,60864.99,53413.246874562439,0.9498668615560664639675929455
2024-06-27 00:00:00+00:00,2677.773700302439,0.833574,61706.47,54114.682724082439,0.9505166885306201717778775793
2024-06-28 00:00:00+00:00,2677.773700302439,0.833574,60427.84,53048.850000462439,0.9495224929422768593077185732
2024-06-29 00:00:00+00:00,27817.957650471463,0.416996,60986.68,53249.159263751463,0.4775887913519020566791314905
2024-06-30 00:00:00+00:00,27817.957650471463,0.416996,62772.01,53993.634732431463,0.4847919057806547193788976454
2024-07-01 00:00:00+00:00,2667.084163229513,0.817146,62899.99,54065.559391769513,0.9506694429275519988666289222
2024-07-02 00:00:00+00:00,2667.084163229513,0.817146,62135.47,53440.834931849513,0.9500927677003790231563316799
2024-07-03 00:00:00+00:00,2667.084163229513,0.817146,60208.58,51866.284475909513,0.9485776899159163503876861265
2024-07-04 00:00:00+00:00,2667.084163229513,0.817146,57050.01,49285.271634689513,0.9458847628354698612052906164
2024-07-05 00:00:00+00:00,25844.634063232817,0.410350,56628.79,49082.258039732817,0.4734424393777645314559425527
2024-07-06 00:00:00+00:00,25844.634063232817,0.410350,58230.13,49739.367908732817,0.4803988239123715318416427921
2024-07-07 00:00:00+00:00,19888.052249498608,0.512511,55857.81,48515.794310408608,0.5900705629541385622098544046
2024-07-08 00:00:00+00:00,19405.708262979136,0.521135,56714.62,48961.681756679136,0.6036551938836967107026388342
2024-07-09 00:00:00+00:00,19584.466883437228,0.517979,58050.0,49653.147833437228,0.6055745156554055742874902763
2024-07-10 00:00:00+00:00,19860.947440852228,0.513210,57725.85,49486.430919352228,0.5986587217570911933026111732
2024-07-11 00:00:00+00:00,19794.534214100083,0.514359,57339.89,49287.822694610083,0.5983889502129552737448262500
2024-07-12 00:00:00+00:00,19715.072640409995,0.515743,57889.1,49570.970741709995,0.6022859277229900395334345161
2024-07-13 00:00:00+00:00,19828.272127740309,0.513785,59204.02,50246.409543440309,0.6053793234599605595040251417
2024-07-14 00:00:00+00:00,20098.246214237751,0.509219,60797.91,51057.697146527751,0.6063620700213158769787846578
2024-07-15 00:00:00+00:00,20422.667151164682,0.503876,64724.14,53035.607917804682,0.6149253689555889742523921592
2024-07-16 00:00:00+00:00,21213.213357134742,0.491646,65043.99,53191.830864674742,0.6011941493214767012818069666
2024-07-17 00:00:00+00:00,21276.678732750342,0.490669,64087.99,52722.668698060342,0.5964415448201106066913241457
2024-07-18 00:00:00+00:00,21088.849324809593,0.493596,63987.92,52673.030685129593,0.5996271896546993328491266887
2024-07-19 00:00:00+00:00,2609.717708174457,0.782012,66660.0,54738.637628174457,0.9523240288532279363673452150
2024-07-20 00:00:00+00:00,2609.717708174457,0.782012,67139.96,55113.972107694457,0.9526487094220865541506898603
2024-07-21 00:00:00+00:00,2609.717708174457,0.782012,68165.34,55915.831572254457,0.9533277493190425171432971209
2024-07-22 00:00:00+00:00,2609.717708174457,0.782012,67532.01,55420.559912294457,0.9529106578442286883552834278
2024-07-23 00:00:00+00:00,2609.717708174457,0.782012,65936.01,54172.468760294457,0.9518257563685699791846994272
2024-07-24 00:00:00+00:00,2609.717708174457,0.782012,65376.0,53734.534220174457,0.9514331379987165324505562991
2024-07-25 00:00:00+00:00,2609.717708174457,0.782012,65799.95,54066.068207574457,0.9517309507664763911545209706
2024-07-26 00:00:00+00:00,2609.717708174457,0.782012,67907.99,55714.580784054457,0.9531591610050961809920085475
2024-07-27 00:00:00+00:00,2609.717708174457,0.782012,67896.5,55705.595466174457,0.9531516055732833987895908456
2024-07-28 00:00:00+00:00,2609.717708174457,0.782012,68249.88,55981.942866734457,0.9533828664291463656696706909
2024-07-29 00:00:00+00:00,2609.717708174457,0.782012,66784.69,54836.146704454457,0.9524088057784252723256839105
2024-07-30 00:00:00+00:00,2609.717708174457,0.782012,66188.0,54369.527964174457,0.9520003611233470681121233698
2024-07-31 00:00:00+00:00,2609.717708174457,0.782012,64628.0,53149.589244174457,0.9508986288457441061217970308
2024-08-01 00:00:00+00:00,2609.717708174457,0.782012,65354.02,53717.345596414457,0.9514175974408413193555272490
2024-08-02 00:00:00+00:00,2609.717708174457,0.782012,61498.33,50702.149748134457,0.9485284604077270043094062744
2024-08-03 00:00:00+00:00,2609.717708174457,0.782012,60697.99,50076.274264054457,0.9478851462787886814619810591
2024-08-04 00:00:00+00:00,2609.717708174457,0.782012,58161.0,48092.317640174457,0.9457352476189585831302876536
2024-08-05 00:00:00+00:00,19215.343457662557,0.496129,54018.81,46015.641644152557,0.5824171353241501740752376245
2024-08-06 00:00:00+00:00,18405.251838695275,0.511106,56022.01,47038.437281755275,0.6087188924145213640931802021
2024-08-07 00:00:00+00:00,18814.855722514675,0.503785,55134.16,46590.618518114675,0.5961664317635242134142108892
2024-08-08 00:00:00+00:00,18814.855722514675,0.503785,61685.99,49891.332194664675,0.6228832766159987349027183012
2024-08-09 00:00:00+00:00,19955.056020680275,0.485277,60837.99,49478.333293910275,0.5966910222673908103443995051
2024-08-10 00:00:00+00:00,19955.056020680275,0.485277,60923.51,49519.834182950275,0.5970290218065629274425337456
2024-08-11 00:00:00+00:00,37117.592916503176,0.203204,58712.59,49048.226054863176,0.2432429080108814032753642029
2024-08-12 00:00:00+00:00,37117.592916503176,0.203204,59346.64,49177.067551063176,0.2452255743398689508637778767
2024-08-13 00:00:00+00:00,24572.279933437864,0.414320,60587.15,49674.747921437864,0.5053365953200270352113095262
2024-08-14 00:00:00+00:00,24572.279933437864,0.414320,58683.39,48885.982078237864,0.4973552971869928663600225838
2024-08-15 00:00:00+00:00,24572.279933437864,0.414320,57541.06,48412.691912637864,0.4924413627364644234906073210
2024-08-16 00:00:00+00:00,24572.279933437864,0.414320,58874.6,48965.204205437864,0.4981685396359692345034882913
2024-08-17 00:00:00+00:00,24572.279933437864,0.414320,59491.99,49221.001230237864,0.5007765116662760599400552444
2024-08-18 00:00:00+00:00,36899.750430427930,0.206838,58427.35,48984.746649727930,0.2467093747716080556597940760
2024-08-19 00:00:00+00:00,19571.422344870260,0.503032,59438.5,49470.889876870260,0.6043850758783150505838323066
2024-08-20 00:00:00+00:00,19788.090834187760,0.499382,59013.8,49258.520305787760,0.5982808514882915396666944898
2024-08-21 00:00:00+00:00,19703.355031461800,0.500816,61156.03,50331.273351941800,0.6085265935219650678815788043
2024-08-22 00:00:00+00:00,20131.990099077698,0.493798,60375.84,49945.459139397698,0.5969205119750857578802431668
2024-08-23 00:00:00+00:00,19978.012949656985,0.496345,64037.24,51762.576837456985,0.6140452394325105676975309149
2024-08-24 00:00:00+00:00,20704.146570147137,0.484991,64157.01,51819.719007057137,0.6004581466887631057214204964
2024-08-25 00:00:00+00:00,20727.917881636391,0.484620,64220.0,51850.214281636391,0.6002346727238594043408595723
2024-08-26 00:00:00+00:00,20740.103817398861,0.484430,62834.0,51178.778437398861,0.5947518785981213878059266721
2024-08-27 00:00:00+00:00,20740.103817398861,0.484430,59415.0,49522.512267398861,0.5811984718099152689000923174
2024-08-28 00:00:00+00:00,20740.103817398861,0.484430,59034.9,49338.380424398861,0.5796354959567654171210860942
2024-08-29 00:00:00+00:00,36982.662710881451,0.208937,59359.01,49384.956183251451,0.2511350506488076565593681103
2024-08-30 00:00:00+00:00,36982.662710881451,0.208937,59123.99,49335.851809511451,0.2503896992865628529460420194
2024-08-31 00:00:00+00:00,19711.939193246754,0.500668,58973.99,49238.328818566754,0.5996627085805196947872812782
2024-09-01 00:00:00+00:00,19695.345956044554,0.500949,57301.86,48400.655421184554,0.5930768749998358682435264515
2024-09-02 00:00:00+00:00,19359.809574108306,0.506797,59132.13,49327.795661718306,0.6075273724600504897310803627
2024-09-03 00:00:00+00:00,19730.676533080626,0.500517,57487.73,48504.262689490626,0.5932176794565387024596681885
2024-09-04 00:00:00+00:00,19401.304056497862,0.506239,57970.9,48748.434501597862,0.6020117516622624732383033543
2024-09-05 00:00:00+00:00,19499.263306506222,0.504547,56180.0,47844.713766506222,0.5924468604480038423940247552
2024-09-06 00:00:00+00:00,19499.263306506222,0.504547,53962.97,46726.117931096222,0.5826902775175879478117628144
2024-09-07 00:00:00+00:00,19499.263306506222,0.504547,54160.86,46825.962736926222,0.5835800874814815528582691860
2024-09-08 00:00:00+00:00,18729.396210107094,0.518743,54869.95,47192.798682957094,0.6031302077265676433816663229
2024-09-09 00:00:00+00:00,18876.968891249139,0.516050,57042.0,48313.492991249139,0.6092816370228445067186379197
2024-09-10 00:00:00+00:00,19324.850170301733,0.508188,57635.99,48614.768656421733,0.6024901340809110118803000636
2024-09-11 00:00:00+00:00,19445.785964112246,0.506087,57338.0,48463.802370112246,0.5987564942674718153474603928
2024-09-12 00:00:00+00:00,19385.445385202846,0.507138,58132.32,48866.553885362846,0.6032982921063023846561222803
2024-09-13 00:00:00+00:00,19546.436719668527,0.504365,60498.0,50059.510489668527,0.6095359996837644811421162673
2024-09-14 00:00:00+00:00,20023.205752227710,0.496474,59993.03,49808.185328447710,0.5979936707151715779064792861
2024-09-15 00:00:00+00:00,19923.187519035920,0.498139,59132.0,49379.142867035920,0.5965262586132077094239411756
2024-09-16 00:00:00+00:00,19751.481791395920,0.501039,58213.99,48918.961127005920,0.5962407758391248686381171109
2024-09-17 00:00:00+00:00,19567.403019261374,0.504197,60313.99,49977.535835291374,0.6084760344377772362802153968
2024-09-18 00:00:00+00:00,19990.497745915886,0.497173,61759.99,50695.897254185886,0.6056781943184702214910899118
2024-09-19 00:00:00+00:00,20277.986790449072,0.492512,62947.99,51280.627241329072,0.6045682769241510789104744320
2024-09-20 00:00:00+00:00,20511.974666256272,0.488790,63201.05,51404.015895756272,0.6009655216850544591674494597
2024-09-21 00:00:00+00:00,20561.586112723382,0.488004,63348.96,51476.131988563382,0.6005607780069486223993728344
2024-09-22 00:00:00+00:00,20590.435689773966,0.487548,63578.76,51588.132970253966,0.6008687559666767247522306869
2024-09-23 00:00:00+00:00,20635.200445640426,0.486843,63339.99,51471.831197210426,0.5990972155900531865297694524
2024-09-24 00:00:00+00:00,20588.711876293955,0.487576,64262.7,51921.662091493955,0.6034658551566882085603779613
2024-09-25 00:00:00+00:00,20768.477699224445,0.484775,63152.01,51382.993346974445,0.5958102798920074354013605273
2024-09-26 00:00:00+00:00,20552.975860479341,0.488183,65173.99,52369.809820649341,0.6075415219022748473411671241
2024-09-27 00:00:00+00:00,20947.416799186121,0.482123,65769.95,52656.622403036121,0.6021883697960407586740025113
2024-09-28 00:00:00+00:00,21062.561638397066,0.480370,65858.0,52698.769098397066,0.6003215635061631040083854264
2024-09-29 00:00:00+00:00,21079.530913623866,0.480112,65602.01,52575.843138743866,0.5990643296390606408950654785
2024-09-30 00:00:00+00:00,21079.530913623866,0.480112,63327.59,51483.866803703866,0.5905604566573201374929063854
2024-10-01 00:00:00+00:00,21079.530913623866,0.480112,60805.78,50273.115560983866,0.5806997302951452344632335860
2024-10-02 00:00:00+00:00,35172.548756145770,0.248036,60649.28,50215.753570225770,0.2995714241954442855443420670
2024-10-03 00:00:00+00:00,35151.051003771716,0.248390,60752.71,50241.416640671716,0.3003570887506376917673788080
2024-10-04 00:00:00+00:00,35169.010431245060,0.248094,62086.0,50572.174515245060,0.3045778480289925526561474392
2024-10-05 00:00:00+00:00,35400.228150942860,0.244365,62058.0,50565.031320942860,0.2999069272546676186765321297
2024-10-06 00:00:00+00:00,35400.228150942860,0.244365,62819.91,50751.215458092860,0.3024752642589589454431330572
2024-10-07 00:00:00+00:00,35525.704639176860,0.242365,62224.0,50606.624399176860,0.2980028788532534110237802586
2024-10-08 00:00:00+00:00,35424.521479606948,0.243989,62160.49,50590.997274216948,0.2997860609942828622493031332
2024-10-09 00:00:00+00:00,35413.691491901848,0.244163,60636.02,50218.764043161848,0.2948115676151525340200141889
2024-10-10 00:00:00+00:00,35152.799838116387,0.248460,60326.39,50141.494697516387,0.2989279627546169136110911025
2024-10-11 00:00:00+00:00,35098.979139647267,0.249351,62540.0,50693.390679647267,0.3076221836994019058526081044
2024-10-12 00:00:00+00:00,35484.911372879594,0.243172,63206.22,50854.894302719594,0.3022321281084257669529576416
2024-10-13 00:00:00+00:00,35598.282188053790,0.241376,62870.02,50773.596135573790,0.2988819997504103221496822595
2024-10-14 00:00:00+00:00,35541.499708628338,0.242278,66083.99,51552.196637848338,0.3105725453697805251100437435
2024-10-15 00:00:00+00:00,36085.851961546738,0.234030,67074.14,51783.212945746738,0.3031360954880517361904578751
2024-10-16 00:00:00+00:00,36248.094338989534,0.231608,67620.01,51909.429615069534,0.3017050156824194039728621404
2024-10-17 00:00:00+00:00,36336.493850035534,0.230299,67421.78,51863.662362255534,0.2993843435846540250763951443
2024-10-18 00:00:00+00:00,36304.561890443012,0.230772,68428.0,52095.828306443012,0.3031195957402024224502200095
2024-10-19 00:00:00+00:00,20818.224634160498,0.456794,68378.0,52052.884766160498,0.6000562749272563951251639878
2024-10-20 00:00:00+00:00,20818.224634160498,0.456794,69031.99,52351.623474220498,0.6023385092458113892834558073
2024-10-21 00:00:00+00:00,20940.528200562098,0.455020,67377.5,51598.638250562098,0.5941650998835423914638999332
2024-10-22 00:00:00+00:00,20639.094175091098,0.459488,67426.0,51620.532063091098,0.6001766477364897421116397542
2024-10-23 00:00:00+00:00,20648.252191532530,0.459352,66668.65,51272.629906332530,0.5972850967611020515685975848
2024-10-24 00:00:00+00:00,20508.933840268215,0.461439,68198.28,51978.279965188215,0.6054326181242663307467862113
2024-10-25 00:00:00+00:00,20790.975744591324,0.457298,66698.33,51291.988656931324,0.5946545203452207511829955753
2024-10-26 00:00:00+00:00,20516.489280267564,0.461408,67092.76,51473.625486347564,0.6014174426919046754465526486
2024-10-27 00:00:00+00:00,20589.391307147820,0.460320,68021.7,51901.140251147820,0.6032959737008383898746175173
2024-10-28 00:00:00+00:00,20760.243460582365,0.457805,69962.21,52789.293009632365,0.6067338227698127792928738850
2024-10-29 00:00:00+00:00,21115.259328206652,0.452724,72736.42,54044.782336286652,0.6093006870335847019639377770
2024-10-30 00:00:00+00:00,21617.287171988289,0.445813,72344.74,53869.512745608289,0.5987101781656520009133005146
2024-10-31 00:00:00+00:00,21617.287171988289,0.445813,70292.01,52954.379026118289,0.5917752682676883534094883111
2024-11-01 00:00:00+00:00,21181.191689946141,0.452009,69496.01,52594.013674036141,0.5972699132410468952730408290
2024-11-02 00:00:00+00:00,21037.426301589341,0.454075,69374.74,52538.761367089341,0.5995827508265671343888042077
2024-11-03 00:00:00+00:00,21015.544849533311,0.454390,68775.99,52266.666945633311,0.5979168736473431664857719282
2024-11-04 00:00:00+00:00,21015.544849533311,0.454390,67850.01,51845.910893433311,0.5946537636742516241281490866
2024-11-05 00:00:00+00:00,21015.544849533311,0.454390,69372.01,52537.492473433311,0.5999895720154466139200966508
2024-11-06 00:00:00+00:00,21015.544849533311,0.454390,75571.99,55354.701385633311,0.6203476069155047621745333125
2024-11-07 00:00:00+00:00,22140.481039819076,0.439485,75857.89,55478.885826469076,0.6009205896983638997542591034
2024-11-08 00:00:00+00:00,41583.871624785797,0.182838,76509.78,55572.766780425797,0.2517221287705844447562679271
2024-11-09 00:00:00+00:00,41583.871624785797,0.182838,76677.46,55603.425056265797,0.2521347096387217084345746870
2024-11-10 00:00:00+00:00,22216.300443730411,0.435095,80370.01,57184.889944680411,0.6115005123692282527352089545
2024-11-11 00:00:00+00:00,22216.300443730411,0.435095,88647.99,60786.597652780411,0.6345197576177513578308041778
2024-11-12 00:00:00+00:00,22216.300443730411,0.435095,87952.01,60483.780234680411,0.6326899483211873148869829388
2024-11-13 00:00:00+00:00,22216.300443730411,0.435095,90375.2,61538.098087730411,0.6389829855960410094516122723
2024-11-14 00:00:00+00:00,22216.300443730411,0.435095,87325.59,60211.228024780411,0.6310272822439842049688983112
2024-11-15 00:00:00+00:00,22216.300443730411,0.435095,91032.07,61823.898940380411,0.6406519028320326923883225992
2024-11-16 00:00:00+00:00,22216.300443730411,0.435095,90586.92,61630.216401130411,0.6395225955539087904815033298
2024-11-17 00:00:00+00:00,22216.300443730411,0.435095,89855.99,61312.192412780411,0.6376528130953042705635792801
2024-11-18 00:00:00+00:00,22216.300443730411,0.435095,90464.08,61576.769331330411,0.6392097103342720687367453151
2024-11-19 00:00:00+00:00,22216.300443730411,0.435095,92310.79,62380.263618780411,0.6438569003250910082192848774
2024-11-20 00:00:00+00:00,22216.300443730411,0.435095,94286.56,63239.911266930411,0.6486981085416572972731224593
2024-11-21 00:00:00+00:00,22216.300443730411,0.435095,98317.12,64993.587770130411,0.6581770416751708808430056498
2024-11-22 00:00:00+00:00,22216.300443730411,0.435095,98892.0,65243.715183730411,0.6594875018817075365789731765
2024-11-23 00:00:00+00:00,48898.132738754011,0.164936,97672.4,65007.827705154011,0.2478116180018545088977130033
2024-11-24 00:00:00+00:00,48898.132738754011,0.164936,97900.04,65045.373736194011,0.2482458024290663533566345809
2024-11-25 00:00:00+00:00,3192.992785767826,0.631185,93010.01,61899.515947617826,0.9484165144607935041844075407
2024-11-26 00:00:00+00:00,3192.992785767826,0.631185,91965.16,61240.022300367826,0.9478610120338142345089846619
2024-11-27 00:00:00+00:00,3192.992785767826,0.631185,95863.11,63700.349871117826,0.9498747998680058937635901943
2024-11-28 00:00:00+00:00,3192.992785767826,0.631185,95643.98,63562.038302067826,0.9497657269800935527242470616
2024-11-29 00:00:00+00:00,3192.992785767826,0.631185,97460.0,64708.282885767826,0.9506555784920989706430644627
2024-11-30 00:00:00+00:00,3192.992785767826,0.631185,96407.99,64044.269953917826,0.9501439740344405508331435655
2024-12-01 00:00:00+00:00,3192.992785767826,0.631185,97185.18,64534.820624067826,0.9505229462964212395986793707
2024-12-02 00:00:00+00:00,3192.992785767826,0.631185,95840.62,63686.154520467826,0.9498636271916583777234071759
2024-12-03 00:00:00+00:00,3192.992785767826,0.631185,95849.69,63691.879368417826,0.9498681336234663013123704937
2024-12-04 00:00:00+00:00,3192.992785767826,0.631185,98587.32,65419.830359967826,0.9511922796467276510437798362
2024-12-05 00:00:00+00:00,3192.992785767826,0.631185,96945.63,64383.620257317826,0.9504067529442022756203949255
2024-12-06 00:00:00+00:00,3192.992785767826,0.631185,99740.84,66147.914881167826,0.9517295021089642174745160577
2024-12-07 00:00:00+00:00,3192.992785767826,0.631185,99831.99,66205.447393917826,0.9517714491562946459599144289
2024-12-08 00:00:00+00:00,3192.992785767826,0.631185,101109.59,67011.849349917826,0.9523518181225699684156292288
2024-12-09 00:00:00+00:00,3192.992785767826,0.631185,97276.47,64592.441502717826,0.9505670832146285113947135603
2024-12-10 00:00:00+00:00,3192.992785767826,0.631185,96593.0,64161.045490767826,0.9502347138930697789128301781
2024-12-11 00:00:00+00:00,3192.992785767826,0.631185,101125.0,67021.575910767826,0.9523587331038148100656296593
2024-12-12 00:00:00+00:00,3192.992785767826,0.631185,100004.29,66314.200569417826,0.9518505424426342087425392924
2024-12-13 00:00:00+00:00,3192.992785767826,0.631185,101424.25,67210.458022017826,0.9524926197538809099020704085
2024-12-14 00:00:00+00:00,3192.992785767826,0.631185,101420.0,67207.775485767826,0.9524907235407012349459052704
2024-12-15 00:00:00+00:00,3192.992785767826,0.631185,104463.99,69129.096313917826,0.9538111597572702862259188816
2024-12-16 00:00:00+00:00,3192.992785767826,0.631185,106058.66,70135.628097867826,0.9544740259356870962673448660
2024-12-17 00:00:00+00:00,3192.992785767826,0.631185,106133.74,70183.017467667826,0.9545047662386590058749988700
2024-12-18 00:00:00+00:00,3192.992785767826,0.631185,100204.01,66440.260837617826,0.9519418986994707174992558767
2024-12-19 00:00:00+00:00,3192.992785767826,0.631185,97461.86,64709.456889867826,0.9506564737330103724930086786
2024-12-20 00:00:00+00:00,3192.992785767826,0.631185,97805.44,64926.319432167826,0.9508212876735801269064441943
2024-12-21 00:00:00+00:00,3192.992785767826,0.631185,97291.99,64602.237493917826,0.9505745789986230738439418804
2024-12-22 00:00:00+00:00,3192.992785767826,0.631185,95186.27,63273.138615717826,0.9495363616279555426899388557
2024-12-23 00:00:00+00:00,3192.992785767826,0.631185,94881.47,63080.753427717826,0.9493824564187145910900532431
2024-12-24 00:00:00+00:00,3192.992785767826,0.631185,98663.58,65467.964528067826,0.9512281646636668135286358469
2024-12-25 00:00:00+00:00,3192.992785767826,0.631185,99429.6,65951.464861767826,0.9515857184907077138365694543
2024-12-26 00:00:00+00:00,3192.992785767826,0.631185,95791.6,63655.213831767826,0.9498392575633085335385305158
2024-12-27 00:00:00+00:00,3192.992785767826,0.631185,94299.03,62713.126036317826,0.9490857339192638787681844532
2024-12-28 00:00:00+00:00,3192.992785767826,0.631185,95300.0,63344.923285767826,0.9495935487779615105396368139
2024-12-29 00:00:00+00:00,3192.992785767826,0.631185,93738.2,62359.138552767826,0.9487967143249430886401629111
2024-12-30 00:00:00+00:00,3192.992785767826,0.631185,92792.05,61761.942865017826,0.9483016136207666493626842970
2024-12-31 00:00:00+00:00,43181.359360262671,0.199678,93576.0,61866.427888262671,0.3020227474866855914390873035
2025-01-01 00:00:00+00:00,43181.359360262671,0.199678,94591.79,62069.258803882671,0.3043036087042574641359924209
2025-01-02 00:00:00+00:00,3051.383079166069,0.623371,96984.79,63508.888606256069,0.9519534486253710561801852020
2025-01-03 00:00:00+00:00,3051.383079166069,0.623371,98174.18,64250.319839946069,0.9525078927736489490939345908
2025-01-04 00:00:00+00:00,3051.383079166069,0.623371,98220.5,64279.194384666069,0.9525292264724776549815058939
2025-01-05 00:00:00+00:00,3051.383079166069,0.623371,98363.61,64368.405008476069,0.9525950180253144209206549583
2025-01-06 00:00:00+00:00,3051.383079166069,0.623371,102235.6,66782.091286766069,0.9543083629103009391303366059
2025-01-07 00:00:00+00:00,3051.383079166069,0.623371,96954.61,63490.075269476069,0.9519392115032965917449625617
2025-01-08 00:00:00+00:00,3051.383079166069,0.623371,95060.61,62309.410595476069,0.9510285356577002748016120002
2025-01-09 00:00:00+00:00,3051.383079166069,0.623371,92552.49,60745.921322956069,0.9497680994425391647685522781
2025-01-10 00:00:00+00:00,24270.759454282690,0.393804,94726.11,61574.280476722690,0.6058295888092770023660458633
2025-01-11 00:00:00+00:00,3051.181451507020,0.617523,94599.99,61468.851076277020,0.9503621525686108413069412911
2025-01-12 00:00:00+00:00,3051.181451507020,0.617523,94545.06,61434.930537887020,0.9503347456440053836325354865
2025-01-13 00:00:00+00:00,3051.181451507020,0.617523,94536.1,61429.397531807020,0.9503302722458384200182196555
2025-01-14 00:00:00+00:00,3051.181451507020,0.617523,96560.86,62679.733401287020,0.9513210844090097986591614349
2025-01-15 00:00:00+00:00,3051.181451507020,0.617523,100497.35,65110.606515557020,0.9531384882618472533402169590
2025-01-16 00:00:00+00:00,3051.181451507020,0.617523,99987.3,64795.638909407020,0.9529106973422550821068832705
2025-01-17 00:00:00+00:00,33977.491661236570,0.307818,104077.48,66014.413399876570,0.4853019225449922852196355107
2025-01-18 00:00:00+00:00,33977.491661236570,0.307818,104556.23,66161.781267376570,0.4864483541649990888428068400
2025-01-19 00:00:00+00:00,3268.247084859999,0.601147,101331.57,64183.416395649999,0.9490795711977478513248754759
2025-01-20 00:00:00+00:00,3268.247084859999,0.601147,102260.01,64741.545316329999,0.9495185499683209295984454852
2025-01-21 00:00:00+00:00,3268.247084859999,0.601147,106143.82,67076.286046399999,0.9512756701735216803032932415
2025-01-22 00:00:00+00:00,3268.247084859999,0.601147,103706.66,65611.194623879999,0.9501876607552199577136339500
2025-01-23 00:00:00+00:00,3268.247084859999,0.601147,103910.34,65733.636244839999,0.9502804458787786603090125532
2025-01-24 00:00:00+00:00,3268.247084859999,0.601147,104870.5,66310.833548359999,0.9507132257283948836880183259
2025-01-25 00:00:00+00:00,3268.247084859999,0.601147,104746.85,66236.501721809999,0.9506579151992888510318386177
2025-01-26 00:00:00+00:00,3268.247084859999,0.601147,102620.0,64957.952224859999,0.9496867285232983203340195857
2025-01-27 00:00:00+00:00,3268.247084859999,0.601147,102082.83,64635.034090869999,0.9494353622485107624746231163
2025-01-28 00:00:00+00:00,3268.247084859999,0.601147,101335.52,64185.790926299999,0.9490814549810144768829322665
2025-01-29 00:00:00+00:00,3268.247084859999,0.601147,103733.24,65627.173111139999,0.9501997887471824579254378422
2025-01-30 00:00:00+00:00,3268.247084859999,0.601147,104722.94,66222.128297039999,0.9506472055654834137839244963
2025-01-31 00:00:00+00:00,3268.247084859999,0.601147,102429.56,64843.469790179999,0.9495978994425287883364244667
2025-02-01 00:00:00+00:00,3268.247084859999,0.601147,100635.65,63765.066175409999,0.9487454921497384503728086876
2025-02-02 00:00:00+00:00,3268.247084859999,0.601147,97700.59,62000.663661589999,0.9472869015935274711824462576
2025-02-03 00:00:00+00:00,3268.247084859999,0.601147,101328.52,64181.582897299999,0.9490781165355538755919980902
2025-02-04 00:00:00+00:00,3268.247084859999,0.601147,97763.13,62038.259394969999,0.9473188461969488258029608547
2025-02-05 00:00:00+00:00,3268.247084859999,0.601147,96612.43,61346.519542069999,0.9467248165135315935242347754
2025-02-06 00:00:00+00:00,3268.247084859999,0.601147,96554.35,61311.604924309999,0.9466944783309017275205963061
2025-02-07 00:00:00+00:00,3268.247084859999,0.601147,96506.8,61283.020384459999,0.9466696147749148271463426628
2025-02-08 00:00:00+00:00,3268.247084859999,0.601147,96444.74,61245.713201639999,0.9466371291309824449046062855
2025-02-09 00:00:00+00:00,3268.247084859999,0.601147,96462.75,61256.539859109999,0.9466465606386360521672297199
2025-02-10 00:00:00+00:00,3268.247084859999,0.601147,97430.82,61838.492235399999,0.9471486615097471333510879651
2025-02-11 00:00:00+00:00,32427.287388121845,0.301478,95778.2,61302.307567721845,0.4710266436169830417900734826
2025-02-12 00:00:00+00:00,32427.287388121845,0.301478,97869.99,61932.936233341845,0.4764128852869648932091037533
2025-02-13 00:00:00+00:00,32427.287388121845,0.301478,96608.14,61552.516219041845,0.4731769003118322367897226414
2025-02-14 00:00:00+00:00,32427.287388121845,0.301478,97500.48,61821.537097561845,0.4754694090354357772347720050
2025-02-15 00:00:00+00:00,32427.287388121845,0.301478,97569.66,61842.393345601845,0.4756463061365649131942281735
2025-02-16 00:00:00+00:00,32427.287388121845,0.301478,96118.12,61404.785969481845,0.4719094468591064814591239641
2025-02-17 00:00:00+00:00,32427.287388121845,0.301478,95780.0,61302.850228121845,0.4710313261544522779095848137
2025-02-18 00:00:00+00:00,32427.287388121845,0.301478,95671.74,61270.212219841845,0.4707495500134641347759702508
2025-02-19 00:00:00+00:00,32427.287388121845,0.301478,96644.37,61563.438766981845,0.4732703689464227004613032016
2025-02-20 00:00:00+00:00,32427.287388121845,0.301478,98305.0,62064.082178121845,0.4775192631535803240277324061
2025-02-21 00:00:00+00:00,32427.287388121845,0.301478,96181.98,61424.038354561845,0.4720749684196963445938824426
2025-02-22 00:00:00+00:00,32427.287388121845,0.301478,96551.01,61535.292780901845,0.4730294450116598723715938352
2025-02-23 00:00:00+00:00,32427.287388121845,0.301478,96258.0,61446.956712121845,0.4722718727952102721487058502
2025-02-24 00:00:00+00:00,32427.287388121845,0.301478,91552.88,60028.466544761845,0.4598015032760904591755421015
2025-02-25 00:00:00+00:00,32427.287388121845,0.301478,88680.4,59162.477019321845,0.4518943590287568121678206667
2025-02-26 00:00:00+00:00,32427.287388121845,0.301478,84250.09,57826.836021141845,0.4392346249712463887912660376
2025-02-27 00:00:00+00:00,32427.287388121845,0.301478,84708.58,57965.060669361845,0.4405718373506043484809566562
2025-02-28 00:00:00+00:00,32427.287388121845,0.301478,84349.94,57856.938599441845,0.4395263874463852785115238914
2025-03-01 00:00:00+00:00,32427.287388121845,0.301478,86064.53,58373.849763461845,0.4444894842549998419254377111
2025-03-02 00:00:00+00:00,32427.287388121845,0.301478,94270.0,60847.618448121845,0.4670738442167778396573376880
2025-03-03 00:00:00+00:00,32427.287388121845,0.301478,86220.61,58420.904449701845,0.4449369160992621394826689559
2025-03-04 00:00:00+00:00,32427.287388121845,0.301478,87281.98,58740.884154561845,0.4479605158342934741244256108
2025-03-05 00:00:00+00:00,32427.287388121845,0.301478,90606.01,59743.006070901845,0.4572203589883346843338404734
2025-03-06 00:00:00+00:00,32427.287388121845,0.301478,89931.89,59539.773721541845,0.4553676414730904637175521136
2025-03-07 00:00:00+00:00,32427.287388121845,0.301478,86801.75,58596.105374621845,0.4465965411727482530664211506
2025-03-08 00:00:00+00:00,32427.287388121845,0.301478,86222.45,58421.459169221845,0.4449421864970209368211778153
2025-03-09 00:00:00+00:00,32427.287388121845,0.301478,80734.37,56766.923786981845,0.4287644067202690575452232667
2025-03-10 00:00:00+00:00,32427.287388121845,0.301478,78595.86,56122.210069201845,0.4222022377925392849217369424
2025-03-11 00:00:00+00:00,32427.287388121845,0.301478,82932.99,57429.759347341845,0.4353574217158416058611095842
2025-03-12 00:00:00+00:00,32427.287388121845,0.301478,83680.12,57655.002605481845,0.4375633349630851568125553505
2025-03-13 00:00:00+00:00,32427.287388121845,0.301478,81115.78,56881.910510961845,0.4299191588884359434047946209
2025-03-14 00:00:00+00:00,32427.287388121845,0.301478,83983.2,57746.374557721845,0.4384532771713948534616784961
2025-03-15 00:00:00+00:00,32427.287388121845,0.301478,84338.44,57853.471602441845,0.4394927998278814905932851007
2025-03-16 00:00:00+00:00,32427.287388121845,0.301478,82574.53,57321.691543461845,0.4342929087580192729476558425
2025-03-17 00:00:00+00:00,32427.287388121845,0.301478,84010.03,57754.463212461845,0.4385319231722178511370167636
2025-03-18 00:00:00+00:00,32427.287388121845,0.301478,82715.03,57364.049202461845,0.4347106273186483811831177719
2025-03-19 00:00:00+00:00,32427.287388121845,0.301478,86845.94,58609.427687441845,0.4467223334605263225520111322
2025-03-20 00:00:00+00:00,32427.287388121845,0.301478,84223.39,57818.786558541845,0.4391565558836307464655393763
2025-03-21 00:00:00+00:00,32427.287388121845,0.301478,84088.79,57778.207619741845,0.4387626628791097271361765475
2025-03-22 00:00:00+00:00,32427.287388121845,0.301478,83840.59,57703.380780141845,0.4380348785511465996057347926
2025-03-23 00:00:00+00:00,32427.287388121845,0.301478,86082.5,58379.267323121845,0.4445410352849939088906797570
2025-03-24 00:00:00+00:00,32427.287388121845,0.301478,87498.16,58806.057668601845,0.4485723295572038241248769689
2025-03-25 00:00:00+00:00,32427.287388121845,0.301478,87392.87,58774.315049981845,0.4482745165035851561803462070
2025-03-26 00:00:00+00:00,32427.287388121845,0.301478,86909.17,58628.490141381845,0.4469022260350921326568642573
2025-03-27 00:00:00+00:00,32427.287388121845,0.301478,87232.01,58725.819298901845,0.4478189018858315794701979642
2025-03-28 00:00:00+00:00,32427.287388121845,0.301478,84424.38,57879.380621761845,0.4397437042384376461111831059
2025-03-29 00:00:00+00:00,32427.287388121845,0.301478,82648.54,57344.003930241845,0.4345130237579996482427216270
2025-03-30 00:00:00+00:00,22925.329314015954,0.416297,82389.99,57224.034981045954,0.5993758685208164328718432146
2025-03-31 00:00:00+00:00,22889.608066684954,0.416730,82550.01,57290.673733984954,0.6004653711533019026578859709
2025-04-01 00:00:00+00:00,22916.237053939954,0.416407,85158.34,58376.765938319954,0.6074425041265061102713035988
2025-04-02 00:00:00+00:00,23350.150134367744,0.411305,82516.29,57289.512792817744,0.5924184201249639663972328841
2025-04-03 00:00:00+00:00,22915.302384591612,0.416568,83213.09,57579.212859711612,0.6020212634649346908096674107
2025-04-04 00:00:00+00:00,23031.566157854829,0.415169,83889.87,57860.039595884829,0.6019434774204181557787882952
2025-04-05 00:00:00+00:00,23143.916228314458,0.413828,83537.99,57714.275554034458,0.5989914799043751322278869792
2025-04-06 00:00:00+00:00,23143.916228314458,0.413828,78430.0,55600.446268314458,0.5837458549050586272527841408
2025-04-07 00:00:00+00:00,23143.916228314458,0.413828,79163.24,55903.881511034458,0.5860052003053446338864518282
2025-04-08 00:00:00+00:00,23143.916228314458,0.413828,76322.42,54728.270652074458,0.5771122318947749340888049599
2025-04-09 00:00:00+00:00,23143.916228314458,0.413828,82615.22,57332.407490474458,0.5963205237428809560173242288
2025-04-10 00:00:00+00:00,23143.916228314458,0.413828,79607.3,56087.645972714458,0.5873616047360318836560264425
2025-04-11 00:00:00+00:00,23143.916228314458,0.413828,83423.84,57667.037087834458,0.5986629902094113267913704256
2025-04-12 00:00:00+00:00,23143.916228314458,0.413828,85276.9,58433.885201514458,0.6039298747892493989033339672
2025-04-13 00:00:00+00:00,23373.268401010239,0.411135,83760.0,57809.936001010239,0.5956876963053239335427080538
2025-04-14 00:00:00+00:00,23373.268401010239,0.411135,84591.58,58151.827644310239,0.5980647668724277075412750358
2025-04-15 00:00:00+00:00,23373.268401010239,0.411135,83643.99,57762.240229660239,0.5953538452096195303296716603
2025-04-16 00:00:00+00:00,23373.268401010239,0.411135,84030.38,57921.098682310239,0.5964636560295652596166864213
2025-04-17 00:00:00+00:00,23373.268401010239,0.411135,84947.91,58298.327378860239,0.5990748027963886002025812266
2025-04-18 00:00:00+00:00,23373.268401010239,0.411135,84474.69,58103.770074160239,0.5977323266428671977418832026
2025-04-19 00:00:00+00:00,23373.268401010239,0.411135,85077.01,58351.404907360239,0.5994394918491153942028216489
2025-04-20 00:00:00+00:00,23373.268401010239,0.411135,85179.24,58393.435238410239,0.5997278066347484145309116476
2025-04-21 00:00:00+00:00,43768.613088397215,0.171383,87516.23,58767.407134487215,0.2552230016166234679818323801
2025-04-22 00:00:00+00:00,23480.692812148667,0.402901,93442.99,61128.966926138667,0.6158827149734088963027142375
2025-04-23 00:00:00+00:00,24450.396665296850,0.392510,93691.08,61225.082476096850,0.6006473870436575498222089445
2025-04-24 00:00:00+00:00,24490.070036459066,0.392086,93980.47,61338.496596879066,0.6007389910872850891231332364
2025-04-25 00:00:00+00:00,24535.403593131953,0.391603,94638.68,61596.194597171953,0.6016733865851764910151129469
2025-04-26 00:00:00+00:00,24638.425651322393,0.390513,94628.0,61591.889815322393,0.5999728905023300581106269520
2025-04-27 00:00:00+00:00,3051.585837959593,0.618340,93749.3,61020.527999959593,0.9499908319711423388461577708
2025-04-28 00:00:00+00:00,3051.585837959593,0.618340,95011.18,61800.798879159593,0.9506222266814637263093368104
2025-04-29 00:00:00+00:00,3051.585837959593,0.618340,94256.82,61334.347916759593,0.9502467061017575758092298303
2025-04-30 00:00:00+00:00,3051.585837959593,0.618340,94172.0,61281.900317959593,0.9502041251637674924571109863
2025-05-01 00:00:00+00:00,3051.585837959593,0.618340,96489.91,62715.156787359593,0.9513421317225400246662624462
2025-05-02 00:00:00+00:00,3051.585837959593,0.618340,96887.14,62960.779985559593,0.9515319562645270392451613546
2025-05-03 00:00:00+00:00,3051.585837959593,0.618340,95856.42,62323.444580759593,0.9510363097147927165548655471
2025-05-04 00:00:00+00:00,3051.585837959593,0.618340,94277.62,61347.209388759593,0.9502571369037900682969504430
2025-05-05 00:00:00+00:00,3051.585837959593,0.618340,94733.68,61629.209529159593,0.9504847480395517906887824333
2025-05-06 00:00:00+00:00,3051.585837959593,0.618340,96834.02,62927.933764759593,0.9515066576098432438501663171
2025-05-07 00:00:00+00:00,3051.585837959593,0.618340,97030.5,63049.425207959593,0.9516001005894285377331098767
2025-05-08 00:00:00+00:00,3051.585837959593,0.618340,103261.6,66902.363581959593,0.9543874734078533879478564807
2025-05-09 00:00:00+00:00,35082.121912114537,0.307748,102971.99,66771.545890634537,0.4745947327687196682043620561
2025-05-10 00:00:00+00:00,35082.121912114537,0.307748,104809.53,67337.045150554537,0.4790071076971569910878238418
2025-05-11 00:00:00+00:00,35082.121912114537,0.307748,104118.0,67124.228176114537,0.4773553027668458528673450616
2025-05-12 00:00:00+00:00,35082.121912114537,0.307748,102791.32,66715.945059474537,0.4741568618890092941616614565
2025-05-13 00:00:00+00:00,35082.121912114537,0.307748,104103.72,67119.833534674537,0.4773210828362545394620835439
2025-05-14 00:00:00+00:00,35082.121912114537,0.307748,103507.82,66936.446501474537,0.4758890896405485751238481778
2025-05-15 00:00:00+00:00,35082.121912114537,0.307748,103763.71,67015.196137194537,0.4765049729871135623155597105
2025-05-16 00:00:00+00:00,35082.121912114537,0.307748,103463.9,66922.930209314537,0.4757832359941749747884249906
2025-05-17 00:00:00+00:00,3304.969344841157,0.614482,103126.65,66674.439490141157,0.9504312391657998470198024186
2025-05-18 00:00:00+00:00,3304.969344841157,0.614482,106454.26,68719.195938161157,0.9519061697430915254228874735
2025-05-19 00:00:00+00:00,3304.969344841157,0.614482,105573.74,68178.132247521157,0.9515244956719781632830666664
2025-05-20 00:00:00+00:00,3304.969344841157,0.614482,106849.99,68962.364900021157,0.9520757539328506545063979191
2025-05-21 00:00:00+00:00,3304.969344841157,0.614482,109643.99,70679.227608021157,0.9532398774478672045410113938
2025-05-22 00:00:00+00:00,3304.969344841157,0.614482,111696.21,71940.279858061157,0.9540595428407855468998735304
2025-05-23 00:00:00+00:00,3304.969344841157,0.614482,107318.3,69250.132965441157,0.9522749025407578473494968096
2025-05-24 00:00:00+00:00,3304.969344841157,0.614482,107761.91,69522.723325461157,0.9524620269926798853433455704
2025-05-25 00:00:00+00:00,3304.969344841157,0.614482,109004.19,70286.082024421157,0.9529783244470386999389428155
2025-05-26 00:00:00+00:00,3304.969344841157,0.614482,109434.79,70550.677973621157,0.9531546763295898809308971875
2025-05-27 00:00:00+00:00,3304.969344841157,0.614482,108938.17,70245.513922781157,0.9529511685475856390024073777
2025-05-28 00:00:00+00:00,3304.969344841157,0.614482,107781.78,69534.933082801157,0.9524703742663324490803010779
2025-05-29 00:00:00+00:00,3304.969344841157,0.614482,105589.75,68187.970104341157,0.9515314895019767191108694883
2025-05-30 00:00:00+00:00,3304.969344841157,0.614482,103985.48,67202.175066201157,0.9508205003545582085283599284
2025-05-31 00:00:00+00:00,3304.969344841157,0.614482,104591.88,67574.796951001157,0.9510916866352168580253994562
2025-06-01 00:00:00+00:00,3304.969344841157,0.614482,105642.93,68220.648257101157,0.9515547062469149233986028030
2025-06-02 00:00:00+00:00,3304.969344841157,0.614482,105857.99,68352.798756021157,0.9516483683917913568260317465
2025-06-03 00:00:00+00:00,3304.969344841157,0.614482,105376.89,68057.171465821157,0.9514383381845227227080647507
2025-06-04 00:00:00+00:00,3304.969344841157,0.614482,104696.86,67639.305271361157,0.9511383310106158250725714941
2025-06-05 00:00:00+00:00,3304.969344841157,0.614482,101508.68,65680.226048601157,0.9496809078824486550351178050
2025-06-06 00:00:00+00:00,3304.969344841157,0.614482,104288.44,67388.338532921157,0.9509563610441800154772456035
2025-06-07 00:00:00+00:00,3304.969344841157,0.614482,105552.15,68164.865581141157,0.9515150610704713712347352083
2025-06-08 00:00:00+00:00,3304.969344841157,0.614482,105734.0,68276.609132841157,0.9515944129795476102959518407
2025-06-09 00:00:00+00:00,3304.969344841157,0.614482,110263.02,71059.610400481157,0.9534901848431921816887896163
2025-06-10 00:00:00+00:00,3304.969344841157,0.614482,110274.39,71066.597060821157,0.9534947572906487371014621472
2025-06-11 00:00:00+00:00,3304.969344841157,0.614482,108645.12,70065.439972681157,0.9528302491766300187782626464
2025-06-12 00:00:00+00:00,3304.969344841157,0.614482,105671.73,68238.345338701157,0.9515672701552633586743748076
2025-06-13 00:00:00+00:00,3304.969344841157,0.614482,106066.59,68480.979701221157,0.9517388717383927469513780850
2025-06-14 00:00:00+00:00,3304.969344841157,0.614482,105414.64,68080.368161321157,0.9514548843653459279315467889
2025-06-15 00:00:00+00:00,3304.969344841157,0.614482,105594.01,68190.587797661157,0.9515333501062075771571872687
2025-06-16 00:00:00+00:00,3304.969344841157,0.614482,106794.53,68928.285728301157,0.9520520594713677202728905986
2025-06-17 00:00:00+00:00,3304.969344841157,0.614482,104551.17,67549.781388781157,0.9510735745269183819159819901
2025-06-18 00:00:00+00:00,3304.969344841157,0.614482,104886.78,67756.007692801157,0.9512224899698112137052866187
2025-06-19 00:00:00+00:00,3304.969344841157,0.614482,104658.59,67615.789045221157,0.9511213373161879791001877499
2025-06-20 00:00:00+00:00,3304.969344841157,0.614482,103297.99,66779.724836021157,0.9505093895945727534270960113
2025-06-21 00:00:00+00:00,3304.969344841157,0.614482,102120.01,66055.877329661157,0.9499670660894072738004906463
2025-06-22 00:00:00+00:00,34638.618442837151,0.307251,100963.87,65659.868464207151,0.4724537338706437579283019362
2025-06-23 00:00:00+00:00,34638.618442837151,0.307251,105333.93,67002.573769267151,0.4830255541806477801271444135
2025-06-24 00:00:00+00:00,3309.549993638271,0.604291,106083.0,67414.552146638271,0.9509074837960885758787072362
2025-06-25 00:00:00+00:00,3309.549993638271,0.604291,107340.58,68174.496422418271,0.9514547203527275374916203778
2025-06-26 00:00:00+00:00,3309.549993638271,0.604291,106947.06,67936.695828098271,0.9512847960399413773474982626
2025-06-27 00:00:00+00:00,35624.746345849659,0.301737,107047.59,67924.965009679659,0.4755279396791305184910061737
2025-06-28 00:00:00+00:00,35624.746345849659,0.301737,107296.79,68000.157870079659,0.4761078876623507127422012381
2025-06-29 00:00:00+00:00,3358.194754175095,0.602069,108356.93,68596.543242345095,0.9510442568175642500285035378
2025-06-30 00:00:00+00:00,35970.837697618801,0.300703,107146.5,68190.111687118801,0.4724918788421087440050210727
2025-07-01 00:00:00+00:00,35970.837697618801,0.300703,105681.14,67749.473539038801,0.4690610004977886794161717995
2025-07-02 00:00:00+00:00,3345.190463763128,0.609020,108849.6,69636.773855763128,0.9519622998231949169331679245
2025-07-03 00:00:00+00:00,3345.190463763128,0.609020,109584.78,70084.513179363128,0.9522691916942908496728852701
2025-07-04 00:00:00+00:00,3345.190463763128,0.609020,107984.24,69109.752308563128,0.9515959708721364046494726669
2025-07-05 00:00:00+00:00,3345.190463763128,0.609020,108198.12,69240.009506163128,0.9516870305532617093988171285
2025-07-06 00:00:00+00:00,3345.190463763128,0.609020,109203.84,69852.513100563128,0.9521106640938282838380824221
2025-07-07 00:00:00+00:00,3345.190463763128,0.609020,108262.94,69279.486182563128,0.9517145601376432402822350545
2025-07-08 00:00:00+00:00,3345.190463763128,0.609020,108922.98,69681.463743363128,0.9519931085821694784151539915
2025-07-09 00:00:00+00:00,3345.190463763128,0.609020,111233.99,71088.915053563128,0.9529435712833338575300194738
2025-07-10 00:00:00+00:00,3345.190463763128,0.609020,116010.0,73997.600663763128,0.9547932577035395833566016936
2025-07-11 00:00:00+00:00,38802.623250467621,0.302981,117527.66,74411.271204927621,0.4785383635819669253319766503
2025-07-12 00:00:00+00:00,38802.623250467621,0.302981,117420.0,74378.652270467621,0.4783096753438435535033396019
2025-07-13 00:00:00+00:00,38802.623250467621,0.302981,119086.64,74883.612524307621,0.4818275729169438503008260240
2025-07-14 00:00:00+00:00,38802.623250467621,0.302981,119841.18,75112.223808047621,0.4834046805799636349079361497
2025-07-15 00:00:00+00:00,38802.623250467621,0.302981,117758.09,74481.087116757621,0.4790271631019553734740298587
2025-07-16 00:00:00+00:00,38802.623250467621,0.302981,118630.43,74745.389562297621,0.4808693422070264811272053207
2025-07-17 00:00:00+00:00,38802.623250467621,0.302981,119177.56,74911.159556827621,0.4820181201302598573995523617
2025-07-18 00:00:00+00:00,38802.623250467621,0.302981,117924.84,74531.609198507621,0.4793803103442910381729863779
2025-07-19 00:00:00+00:00,3680.988294565973,0.600425,117840.0,74435.070294565973,0.9505476614719513693698418323
2025-07-20 00:00:00+00:00,3680.988294565973,0.600425,117265.12,74089.897970565973,0.9503172713771540652449201636
2025-07-21 00:00:00+00:00,3680.988294565973,0.600425,117380.36,74159.090947565973,0.9503636270680743926797234279
2025-07-22 00:00:00+00:00,3680.988294565973,0.600425,119954.42,75704.620923065973,0.9513769668260179421936603932
2025-07-23 00:00:00+00:00,3680.988294565973,0.600425,118755.99,74985.053590315973,0.9509103732234798553091419802
2025-07-24 00:00:00+00:00,3680.988294565973,0.600425,118340.99,74735.877215315973,0.9507467038359508163263999378
2025-07-25 00:00:00+00:00,39190.195336755947,0.299976,117614.31,74471.665593315947,0.4737569648197396656853378525
2025-07-26 00:00:00+00:00,39190.195336755947,0.299976,117919.99,74563.362256995947,0.4744041289114627319203841165
2025-07-27 00:00:00+00:00,3682.134115171424,0.600705,119415.55,75415.652077921424,0.9511754653879151407868348050
2025-07-28 00:00:00+00:00,3682.134115171424,0.600705,118062.32,74602.760050771424,0.9506434599381373802075662254
2025-07-29 00:00:00+00:00,3682.134115171424,0.600705,117950.76,74535.745400971424,0.9505990837635946582437214591
2025-07-30 00:00:00+00:00,3682.134115171424,0.600705,117840.3,74469.391526671424,0.9505550664550192113122074549
2025-07-31 00:00:00+00:00,3682.134115171424,0.600705,115764.08,73222.195791571424,0.9497128695013094253418970616
2025-08-01 00:00:00+00:00,3682.134115171424,0.600705,113297.93,71740.767155821424,0.9486744530181311808151382266
2025-08-02 00:00:00+00:00,37619.742833980256,0.300772,112546.35,71470.533616180256,0.4736328255780155478249341133
2025-08-03 00:00:00+00:00,37619.742833980256,0.300772,114208.8,71970.552027580256,0.4772897834719431578857313598
2025-08-04 00:00:00+00:00,3554.309691071898,0.598658,115055.03,72432.923840811898,0.9509296394153118053617147367
2025-08-05 00:00:00+00:00,3554.309691071898,0.598658,114129.75,71878.997566571898,0.9505514849761223158186235521
2025-08-06 00:00:00+00:00,3554.309691071898,0.598658,114992.27,72395.352064731898,0.9509041728549944487454958511
2025-08-07 00:00:00+00:00,3554.309691071898,0.598658,117472.01,73879.868253651898,0.9518906872049516994526802137
2025-08-08 00:00:00+00:00,3554.309691071898,0.598658,116674.74,73402.576189991898,0.9515778617650682443143828381
2025-08-09 00:00:00+00:00,3554.309691071898,0.598658,116462.25,73275.367351571898,0.9514937990823235197361326340
2025-08-10 00:00:00+00:00,3554.309691071898,0.598658,119294.01,74970.623129651898,0.9525906342685029608205970159
2025-08-11 00:00:00+00:00,3554.309691071898,0.598658,118686.0,74606.633079071898,0.9523593339575469098834806606
2025-08-12 00:00:00+00:00,39122.237902354098,0.298587,120134.08,74992.712447314098,0.4783194709774058749056109971
2025-08-13 00:00:00+00:00,3703.731896327984,0.593029,123306.43,76828.020772797984,0.9517919131708343949782401260
2025-08-14 00:00:00+00:00,3703.731896327984,0.593029,118295.09,73856.150823937984,0.9498520860482273598505882361
2025-08-15 00:00:00+00:00,38728.966858389611,0.296560,117342.05,73527.925206389611,0.4732754018329889483460974043
2025-08-16 00:00:00+00:00,38728.966858389611,0.296560,117380.66,73539.375387989611,0.4733574135752750311375765901
2025-08-17 00:00:00+00:00,38728.966858389611,0.296560,117405.01,73546.596623989611,0.4734091224316843413120290950
2025-08-18 00:00:00+00:00,38728.966858389611,0.296560,116227.05,73197.260806389611,0.4708959538686884582613388679
2025-08-19 00:00:00+00:00,38728.966858389611,0.296560,112872.94,72202.565944789611,0.4636067797368297222609468837
2025-08-20 00:00:00+00:00,38728.966858389611,0.296560,114271.24,72617.245792789611,0.4666698463213386031028330508
2025-08-21 00:00:00+00:00,3585.273892454558,0.603707,112500.0,71502.311392454558,0.9498579301475154538873848112
2025-08-22 00:00:00+00:00,3585.273892454558,0.603707,116935.99,74180.349607384558,0.9516681451161879046420279162
2025-08-23 00:00:00+00:00,3585.273892454558,0.603707,115438.05,73276.032743804558,0.9510716702555421761819022159
2025-08-24 00:00:00+00:00,3585.273892454558,0.603707,113493.59,72102.148630584558,0.9502750755622594142154550764
2025-08-25 00:00:00+00:00,3585.273892454558,0.603707,110111.98,70060.647002314558,0.9488261378411747592346757265
2025-08-26 00:00:00+00:00,3585.273892454558,0.603707,111763.22,71057.512148994558,0.9495440554555738337118992853
2025-08-27 00:00:00+00:00,3585.273892454558,0.603707,111262.01,70754.928163524558,0.9493282802270890951788561792
2025-08-28 00:00:00+00:00,3585.273892454558,0.603707,112566.9,71542.699390754558,0.9498862368489567799196753914
2025-08-29 00:00:00+00:00,3585.273892454558,0.603707,108377.4,69013.468914254558,0.9480496495994272689414875540
2025-08-30 00:00:00+00:00,3585.273892454558,0.603707,108816.33,69278.454027764558,0.9482483559604592724100220658
2025-08-31 00:00:00+00:00,3585.273892454558,0.603707,108246.35,68934.353111904558,0.9479900262988701020899777695
2025-09-01 00:00:00+00:00,3585.273892454558,0.603707,109237.42,69532.669008394558,0.9484375626078482025666206918
2025-09-02 00:00:00+00:00,3585.273892454558,0.603707,111240.01,70741.646609524558,0.9493187667479054459218808062
2025-09-03 00:00:00+00:00,37095.756455059277,0.302070,111705.71,70838.700274759277,0.4763348803524425584388389039
2025-09-04 00:00:00+00:00,3498.419271783341,0.602446,110730.87,70207.788979803341,0.9501704964275440935507572566
2025-09-05 00:00:00+00:00,3498.419271783341,0.602446,110659.99,70165.087607323341,0.9501401709727474142021632562
2025-09-06 00:00:00+00:00,3498.419271783341,0.602446,110187.97,69880.721046403341,0.9499372756978242492258036148
2025-09-07 00:00:00+00:00,3498.419271783341,0.602446,111137.34,70452.665205423341,0.9503436915894838580686000368
2025-09-08 00:00:00+00:00,3498.419271783341,0.602446,112065.23,71011.668824363341,0.9507345858828335137455992452
2025-09-09 00:00:00+00:00,3498.419271783341,0.602446,111546.39,70699.095741723341,0.9505167748599826076176631833
2025-09-10 00:00:00+00:00,3498.419271783341,0.602446,113960.0,72153.165431783341,0.9515139876282920009624444569
2025-09-11 00:00:00+00:00,3498.419271783341,0.602446,115482.69,73070.503931523341,0.9521226885876985421173915081
2025-09-12 00:00:00+00:00,3498.419271783341,0.602446,116029.42,73399.879233103341,0.9523375336807699524860592294
2025-09-13 00:00:00+00:00,3498.419271783341,0.602446,115918.29,73332.929409123341,0.9522940198902226988395845503
2025-09-14 00:00:00+00:00,3498.419271783341,0.602446,115268.01,72941.170824243341,0.9520377965934627286280966126
2025-09-15 00:00:00+00:00,3498.419271783341,0.602446,115349.71,72990.390662443341,0.9520701390959477842349606606
2025-09-16 00:00:00+00:00,3498.419271783341,0.602446,116788.96,73857.461067943341,0.9526328251581102024680910653
2025-09-17 00:00:00+00:00,3498.419271783341,0.602446,116447.59,73651.804076923341,0.9525005624013021383116815003
2025-09-18 00:00:00+00:00,3498.419271783341,0.602446,117073.53,74028.899126163341,0.9527425192988324823323701819
2025-09-19 00:00:00+00:00,3498.419271783341,0.602446,115632.38,73160.684073263341,0.9521817036554768562733482995
2025-09-20 00:00:00+00:00,3498.419271783341,0.602446,115685.63,73192.764322763341,0.9522026623238861070917843186
2025-09-21 00:00:00+00:00,3498.419271783341,0.602446,115232.29,72919.651453123341,0.9520236424329001030163314550
2025-09-22 00:00:00+00:00,3498.419271783341,0.602446,112650.99,71364.557593323341,0.9509781971644893534504593121
2025-09-23 00:00:00+00:00,3498.419271783341,0.602446,111998.8,70971.648336583341,0.9507068054106328082370629534
2025-09-24 00:00:00+00:00,3498.419271783341,0.602446,113307.0,71759.768193783341,0.9512481804242169439179965479
2025-09-25 00:00:00+00:00,3498.419271783341,0.602446,108994.49,69161.713794323341,0.9494168221136462865962530445
2025-09-26 00:00:00+00:00,3498.419271783341,0.602446,109643.46,69552.683174943341,0.9497011601553329882450396352
2025-09-27 00:00:00+00:00,3498.419271783341,0.602446,109635.85,69548.098560883341,0.9496978444533493937175258684
2025-09-28 00:00:00+00:00,3498.419271783341,0.602446,112163.95,71071.142293483341,0.9507758119696900066858020391
2025-09-29 00:00:00+00:00,3498.419271783341,0.602446,114311.96,72365.202325943341,0.9516560562350678651855086186
2025-09-30 00:00:00+00:00,3498.419271783341,0.602446,114048.93,72206.740954563341,0.9515499629877389313241060832
2025-10-01 00:00:00+00:00,3498.419271783341,0.602446,118594.99,74945.496617323341,0.9533204871582010988859384170
2025-10-02 00:00:00+00:00,3498.419271783341,0.602446,120529.35,76110.844061883341,0.9540352059564746650791344154
2025-10-03 00:00:00+00:00,3498.419271783341,0.602446,122232.0,77136.598743783341,0.9546464411348537893641435548
2025-10-04 00:00:00+00:00,3498.419271783341,0.602446,122391.0,77232.387657783341,0.9547026917349126315222664670
2025-10-05 00:00:00+00:00,3498.419271783341,0.602446,123482.31,77889.843002043341,0.9550850388581273116908785563
2025-10-06 00:00:00+00:00,3498.419271783341,0.602446,124658.54,78598.458060623341,0.9554899757819040848879234632
2025-10-07 00:00:00+00:00,41215.127054618033,0.299492,121332.95,77553.374916018033,0.4685579177018461876356143413
2025-10-08 00:00:00+00:00,41215.127054618033,0.299492,123306.0,78144.287606618033,0.4725765847134355674558505780
2025-10-09 00:00:00+00:00,3858.790563793314,0.602055,121662.4,77106.246795793314,0.9499548905030631310472599560
2025-10-10 00:00:00+00:00,40433.270532244452,0.301041,112774.5,74383.018786744452,0.4564179944327571528095488538
2025-10-11 00:00:00+00:00,40433.270532244452,0.301041,110644.4,73741.771352644452,0.4516910864686670508492709333
2025-10-12 00:00:00+00:00,40433.270532244452,0.301041,114958.8,75040.582643044452,0.4611812820726781569593536786
2025-10-13 00:00:00+00:00,40433.270532244452,0.301041,115166.0,75102.958338244452,0.4616287903048588684870454649
2025-10-14 00:00:00+00:00,40433.270532244452,0.301041,113028.14,74459.374825984452,0.4569754228162783883682395544
2025-10-15 00:00:00+00:00,40433.270532244452,0.301041,110763.28,73777.559106724452,0.4519570581922496329391983174
2025-10-16 00:00:00+00:00,40433.270532244452,0.301041,108194.28,73004.184777724452,0.4461513315250150618851836862
2025-10-17 00:00:00+00:00,40433.270532244452,0.301041,106431.68,72473.569911124452,0.4420963313684085621717945018
2025-10-18 00:00:00+00:00,40433.270532244452,0.301041,107185.01,72700.353127654452,0.4438366693866297071754879733
2025-10-19 00:00:00+00:00,40433.270532244452,0.301041,108642.78,73139.201666224452,0.4471737507231164991220933168
2025-10-20 00:00:00+00:00,40433.270532244452,0.301041,110532.09,73707.961437934452,0.4514395766284873407106104707
2025-10-21 00:00:00+00:00,40433.270532244452,0.301041,108297.67,73035.309406714452,0.4463873589268693302075443028
2025-10-22 00:00:00+00:00,40433.270532244452,0.301041,107567.44,72815.480237284452,0.4447160081828177978461800021
2025-10-23 00:00:00+00:00,40433.270532244452,0.301041,110078.18,73571.315917624452,0.4504207240561478331403227927
2025-10-24 00:00:00+00:00,40433.270532244452,0.301041,111004.89,73850.293622734452,0.4524968209497102492760599929
2025-10-25 00:00:00+00:00,40433.270532244452,0.301041,111646.27,74043.375299314452,0.4539245358710867285073287544
2025-10-26 00:00:00+00:00,40433.270532244452,0.301041,114559.4,74920.346867644452,0.4603165598835981170357959633
2025-10-27 00:00:00+00:00,40433.270532244452,0.301041,114107.65,74784.351595894452,0.4593351460646457285090028666
2025-10-28 00:00:00+00:00,40433.270532244452,0.301041,112898.45,74420.332818694452,0.4566905440916332551609481449
2025-10-29 00:00:00+00:00,40433.270532244452,0.301041,110021.29,73554.189695134452,0.4502927610265132326354351696
2025-10-30 00:00:00+00:00,40433.270532244452,0.301041,108322.88,73042.898650324452,0.4464448799354316159222576162
2025-10-31 00:00:00+00:00,40433.270532244452,0.301041,109608.01,73429.775470654452,0.4493613759121019759371950186
2025-11-01 00:00:00+00:00,40433.270532244452,0.301041,110098.1,73577.312654344452,0.4504655161544959496072539388
2025-11-02 00:00:00+00:00,40433.270532244452,0.301041,110540.68,73710.547380124452,0.4514588214393452120196998408
2025-11-03 00:00:00+00:00,3637.793695137360,0.633477,106583.04,71155.698125217360,0.9488755814223662696109909675
2025-11-04 00:00:00+00:00,28430.099668485315,0.400564,101497.22,69086.232100565315,0.5884838584466284889136723410
2025-11-05 00:00:00+00:00,27633.530183869953,0.408402,103885.16,70060.437298189953,0.6055758249658558826216743089
2025-11-06 00:00:00+00:00,28023.734344917165,0.404641,101346.04,69032.497316557165,0.5940501150290011922717425359
2025-11-07 00:00:00+00:00,28023.734344917165,0.404641,103339.08,69838.963015197165,0.5987378229138494297722812613
2025-11-08 00:00:00+00:00,28023.734344917165,0.404641,102312.94,69423.744699457165,0.5963379033177349346548210996
2025-11-09 00:00:00+00:00,28023.734344917165,0.404641,104722.96,70398.937602277165,0.6019295844599408701560189276
2025-11-10 00:00:00+00:00,28159.488024511335,0.403343,106011.13,70918.335232101335,0.6029307804201686482330274085
2025-11-11 00:00:00+00:00,28367.105596267626,0.401382,103058.99,69733.129120447626,0.5932047513991505524160852949
2025-11-12 00:00:00+00:00,28367.105596267626,0.401382,101654.37,69169.339935607626,0.5898890227566773742794492543
2025-11-13 00:00:00+00:00,28367.105596267626,0.401382,99692.02,68381.687967907626,0.5851651744896870582004102650
2025-11-14 00:00:00+00:00,28367.105596267626,0.401382,94594.0,66335.434504267626,0.5723687376398709545448278940
2025-11-15 00:00:00+00:00,28367.105596267626,0.401382,95596.24,66737.715599947626,0.5749464101182107624205754380
2025-11-16 00:00:00+00:00,28367.105596267626,0.401382,94261.44,66201.950906347626,0.5715065008220519144279919082
2025-11-17 00:00:00+00:00,28367.105596267626,0.401382,92215.14,65380.602919747626,0.5661235239588224167180192141
2025-11-18 00:00:00+00:00,28367.105596267626,0.401382,92960.83,65679.909463327626,0.5681007201737024634584699253
2025-11-19 00:00:00+00:00,28367.105596267626,0.401382,91554.96,65115.618550987626,0.5643578878997322444479050263
2025-11-20 00:00:00+00:00,28367.105596267626,0.401382,86637.23,63141.730248127626,0.5507391785940359104869608700
2025-11-21 00:00:00+00:00,28367.105596267626,0.401382,85129.43,62536.526468527626,0.5463914099779148239903005659
2025-11-22 00:00:00+00:00,28367.105596267626,0.401382,84739.74,62380.111916947626,0.5452540124641751231253854422
2025-11-23 00:00:00+00:00,28367.105596267626,0.401382,86830.0,63219.104656267626,0.5512890327931072102671904675
2025-11-24 00:00:00+00:00,28367.105596267626,0.401382,88300.01,63809.140210087626,0.5554382099042442053211757372
2025-11-25 00:00:00+00:00,28367.105596267626,0.401382,87369.96,63435.834880987626,0.5528220658010202979209406998
2025-11-26 00:00:00+00:00,28367.105596267626,0.401382,90484.02,64685.762511907626,0.5614629171133958507506915856
2025-11-27 00:00:00+00:00,28367.105596267626,0.401382,91333.95,65026.909115167626,0.5637635867633303327891876534
2025-11-28 00:00:00+00:00,28367.105596267626,0.401382,90890.7,64848.996543667626,0.5625667765396191504989955666
2025-11-29 00:00:00+00:00,28367.105596267626,0.401382,90802.44,64813.570568347626,0.5623276831145452451973857299
2025-11-30 00:00:00+00:00,28367.105596267626,0.401382,90360.0,64635.983116267626,0.5611251778248550453000190326
2025-12-01 00:00:00+00:00,28367.105596267626,0.401382,86286.01,63000.756862087626,0.5497338919536332890029411045
2025-12-02 00:00:00+00:00,28367.105596267626,0.401382,91277.88,65004.403626427626,0.5636125552464119243306693121
2025-12-03 00:00:00+00:00,45480.881529425286,0.213647,93429.95,65441.910057075286,0.3050190391790360504974764981
2025-12-04 00:00:00+00:00,45808.954184009826,0.210131,92078.06,65157.409009869826,0.2969494201792026581663242770
2025-12-05 00:00:00+00:00,45808.954184009826,0.210131,89330.04,64579.964819249826,0.2906630669090235635646388363
2025-12-06 00:00:00+00:00,45808.954184009826,0.210131,89236.79,64560.370103499826,0.2904477760804144355676732322
2025-12-07 00:00:00+00:00,45808.954184009826,0.210131,90395.31,64803.811069619826,0.2931132686811197760596084651
2025-12-08 00:00:00+00:00,45808.954184009826,0.210131,90634.34,64854.038682549826,0.2936607323988356468743267246
2025-12-09 00:00:00+00:00,45808.954184009826,0.210131,92678.8,65283.643106809826,0.2983088564916281241209261194
2025-12-10 00:00:00+00:00,45808.954184009826,0.210131,92015.37,65144.235897479826,0.2968072531221139999944303672
2025-12-11 00:00:00+00:00,45808.954184009826,0.210131,92513.38,65248.883236789826,0.2979350463705564463166979817
2025-12-12 00:00:00+00:00,45808.954184009826,0.210131,90268.42,64777.147547029826,0.2928223004763928229423120002
2025-12-13 00:00:00+00:00,45808.954184009826,0.210131,90240.01,64771.177725319826,0.2927571214116960640904786465
2025-12-14 00:00:00+00:00,45808.954184009826,0.210131,88172.17,64336.660438279826,0.2879805406132979046257275568
2025-12-15 00:00:00+00:00,45808.954184009826,0.210131,86432.08,63971.013586489826,0.2839107649580166076195470360
2025-12-16 00:00:00+00:00,45808.954184009826,0.210131,87863.42,64271.782492029826,0.2872618059147422366369677827
2025-12-17 00:00:00+00:00,45808.954184009826,0.210131,86243.22,63931.328245829826,0.2834662529164972197772193303
2025-12-18 00:00:00+00:00,45808.954184009826,0.210131,85516.41,63778.602933719826,0.2817504291899348668907589905
2025-12-19 00:00:00+00:00,45808.954184009826,0.210131,88136.94,64329.257523149826,0.2878986024745458541484190774
2025-12-20 00:00:00+00:00,45808.954184009826,0.210131,88360.9,64376.318461909826,0.2884191690595966020395442610
2025-12-21 00:00:00+00:00,45808.954184009826,0.210131,88658.86,64438.929094669826,0.2891105605322824893574247541
2025-12-22 00:00:00+00:00,45808.954184009826,0.210131,88620.79,64430.929407499826,0.2890222971286579495066971014
2025-12-23 00:00:00+00:00,45808.954184009826,0.210131,87486.0,64192.474850009826,0.2863812418660344892111201154
2025-12-24 00:00:00+00:00,45808.954184009826,0.210131,87669.45,64231.023381959826,0.2868095233108817896459884769
2025-12-25 00:00:00+00:00,45808.954184009826,0.210131,87225.27,64137.687394379826,0.2857716571174046795654835651
2025-12-26 00:00:00+00:00,45808.954184009826,0.210131,87369.56,64168.007196369826,0.2861091346685708815628661853
2025-12-27 00:00:00+00:00,45808.954184009826,0.210131,87877.01,64274.638172319826,0.2872934724082559410707771745
2025-12-28 00:00:00+00:00,45808.954184009826,0.210131,87952.71,64290.545089019826,0.2874698119205473738413657398
2025-12-29 00:00:00+00:00,45808.954184009826,0.210131,87237.13,64140.179548039826,0.2857994083147248777758357167
2025-12-30 00:00:00+00:00,45808.954184009826,0.210131,88485.49,64402.498683199826,0.2887084333583527857077963212
2025-12-31 00:00:00+00:00,45808.954184009826,0.210131,87648.22,64226.562300829826,0.2867599861651327881785217783
2026-01-01 00:00:00+00:00,45808.954184009826,0.210131,88839.04,64476.790498249826,0.2895280017814584673067723849
2026-01-02 00:00:00+00:00,45808.954184009826,0.210131,89995.13,64719.720846039826,0.2921948119494576326995565438
2026-01-03 00:00:00+00:00,45808.954184009826,0.210131,90628.01,64852.708553319826,0.2936462453785231389505319133
2026-01-04 00:00:00+00:00,45808.954184009826,0.210131,91529.73,65042.187878639826,0.2957039780168017445017568387
2026-01-05 00:00:00+00:00,45808.954184009826,0.210131,93859.71,65531.788906019826,0.3009659136620675644003872213
2026-01-06 00:00:00+00:00,45872.227126364301,0.209456,93747.97,65508.301930684301,0.2997494092443021928213903066
2026-01-07 00:00:00+00:00,45872.227126364301,0.209456,91364.16,65008.998623324301,0.2943711163410229714991481435
2026-01-08 00:00:00+00:00,45872.227126364301,0.209456,91099.99,64953.666631804301,0.2937700132250401715523299134
2026-01-09 00:00:00+00:00,45872.227126364301,0.209456,90641.28,64857.587070044301,0.2927238092156645512795814968
2026-01-10 00:00:00+00:00,45872.227126364301,0.209456,90504.7,64828.979569564301,0.2924117049051895710320754967
2026-01-11 00:00:00+00:00,45872.227126364301,0.209456,91013.65,64935.582200764301,0.2935733295723899986937283940
2026-01-12 00:00:00+00:00,45872.227126364301,0.209456,91296.2,64994.763993564301,0.2942165751858640385048107876
2026-01-13 00:00:00+00:00,45872.227126364301,0.209456,95414.0,65857.261910364301,0.3034598494422807271154636391
2026-01-14 00:00:00+00:00,46099.874821245558,0.207067,96951.78,66175.389050505558,0.3033682841507469722537478102
2026-01-15 00:00:00+00:00,46322.574029423358,0.204767,95604.8,65899.282111023358,0.2970701266307920772181438545
2026-01-16 00:00:00+00:00,46322.574029423358,0.204767,95550.94,65888.253360403358,0.2969524662303208130925975157
2026-01-17 00:00:00+00:00,46322.574029423358,0.204767,95147.77,65805.697449013358,0.2960704646385009259615689983
2026-01-18 00:00:00+00:00,46322.574029423358,0.204767,93673.14,65503.741887803358,0.2928255288260331909916707691
2026-01-19 00:00:00+00:00,46322.574029423358,0.204767,92631.0,65290.346006423358,0.2905141898793724167785052656
2026-01-20 00:00:00+00:00,46322.574029423358,0.204767,88427.66,64429.640684643358,0.2810362817922058281553326013
2026-01-21 00:00:00+00:00,46322.574029423358,0.204767,89454.73,64639.950727333358,0.2833754743282067000674138319
2026-01-22 00:00:00+00:00,46322.574029423358,0.204767,89559.67,64661.438976313358,0.2836136225426077255022097318
2026-01-23 00:00:00+00:00,46322.574029423358,0.204767,89600.26,64669.750468843358,0.2837056940286064153318610351
2026-01-24 00:00:00+00:00,46322.574029423358,0.204767,89225.34,64592.979225203358,0.2828543506575265774166493667
2026-01-25 00:00:00+00:00,46322.574029423358,0.204767,86670.36,64069.803635543358,0.2769983455400282925022587563
2026-01-26 00:00:00+00:00,46322.574029423358,0.204767,88347.08,64413.140559783358,0.2808521114347734322477111056
2026-01-27 00:00:00+00:00,45087.645469815518,0.218727,89250.0,64609.030219815518,0.3021463823800409392511422641
2026-01-28 00:00:00+00:00,45226.159651445720,0.217173,89299.99,64619.706379715720,0.3001181499388192916091768777
2026-01-29 00:00:00+00:00,45233.829467705720,0.217087,84650.16,63610.278751625720,0.2888911925016575062646806175
2026-01-30 00:00:00+00:00,45233.829467705720,0.217087,84260.49,63525.686460335720,0.2879442633658292206969851895
2026-01-31 00:00:00+00:00,45233.829467705720,0.217087,78741.09,62327.496472535720,0.2742556331034767857093563098
2026-02-01 00:00:00+00:00,45233.829467705720,0.217087,76968.21,61942.627271975720,0.2697463530390072318831718265
2026-02-02 00:00:00+00:00,45233.829467705720,0.217087,78738.61,62326.958096775720,0.2742493641760812443680875745
2026-02-03 00:00:00+00:00,45233.829467705720,0.217087,75770.21,61682.557045975720,0.2666674075461847980382966396
2026-02-04 00:00:00+00:00,45233.829467705720,0.217087,73165.83,61117.180004915720,0.2598835636057240397661029227
2026-02-05 00:00:00+00:00,45233.829467705720,0.217087,62909.86,58890.742245525720,0.2319025411648228444918767102
2026-02-06 00:00:00+00:00,41218.363566340794,0.280833,70580.26,61039.629722920794,0.3247278243094744795434816212
2026-02-07 00:00:00+00:00,42725.830748428326,0.259447,69289.38,60702.752521288326,0.2961467318398046584256563762
2026-02-08 00:00:00+00:00,42725.830748428326,0.259447,70330.38,60972.836848288326,0.2992645092971796551678198763
2026-02-09 00:00:00+00:00,42725.830748428326,0.259447,70138.0,60922.924434428326,0.2986904167016084500487501148
2026-02-10 00:00:00+00:00,42725.830748428326,0.259447,68841.29,60586.496915058326,0.2947961522130992101711946086
2026-02-11 00:00:00+00:00,42725.830748428326,0.259447,67082.52,60130.189314868326,0.2894445995388949047448992627
2026-02-12 00:00:00+00:00,42725.830748428326,0.259447,66272.17,59919.946438418326,0.2869514529299680003579381405
2026-02-13 00:00:00+00:00,42725.830748428326,0.259447,68853.96,60589.784108548326,0.2948344118228944032781203519
2026-02-14 00:00:00+00:00,42725.830748428326,0.259447,69822.95,60841.185657078326,0.2977482229020703019843019829
2026-02-15 00:00:00+00:00,42725.830748428326,0.259447,68832.58,60584.237131688326,0.2947698482105543746284697598
2026-02-16 00:00:00+00:00,42725.830748428326,0.259447,68892.43,60599.765034638326,0.2949505542800934384310801893
2026-02-17 00:00:00+00:00,42725.830748428326,0.259447,67503.52,60239.416501868326,0.2907329912947748422049572558
2026-02-18 00:00:00+00:00,42725.830748428326,0.259447,66461.0,59968.937815428326,0.2875339750067047560332260352
2026-02-19 00:00:00+00:00,42725.830748428326,0.259447,67003.73,60109.747485738326,0.2892029573312467881734847032
2026-02-20 00:00:00+00:00,42725.830748428326,0.259447,68020.01,60373.418282898326,0.2923072444196677729262097694
2026-02-21 00:00:00+00:00,42725.830748428326,0.259447,67975.93,60361.981859138326,0.2921731621050150525538704825
2026-02-22 00:00:00+00:00,42725.830748428326,0.259447,67643.4,60275.707948228326,0.2911600344018164395991769308
2026-02-23 00:00:00+00:00,42725.830748428326,0.259447,64656.02,59500.641169368326,0.2819265488785334659081338224
2026-02-24 00:00:00+00:00,42725.830748428326,0.259447,64058.15,59345.525591478326,0.2800496697502750230831135340
2026-02-25 00:00:00+00:00,42725.830748428326,0.259447,67988.04,60365.123762308326,0.2922100033015070894955959475
2026-02-26 00:00:00+00:00,42725.830748428326,0.259447,67485.18,60234.658243888326,0.2906769624983557175590047559
2026-02-27 00:00:00+00:00,42725.830748428326,0.259447,65872.1,59816.149477128326,0.2857141236621183764694793278
2026-02-28 00:00:00+00:00,42725.830748428326,0.259447,66973.26,60101.842135648326,0.2891094643655478167883238351
2026-03-01 00:00:00+00:00,42725.830748428326,0.259447,65776.47,59791.338560518326,0.2854177247565213327178914277
2026-03-02 00:00:00+00:00,42725.830748428326,0.259447,68830.06,60583.583325248326,0.2947622375016854926616402225
2026-03-03 00:00:00+00:00,42725.830748428326,0.259447,68338.0,60455.919834428326,0.2932730017930039249402318473
2026-03-04 00:00:00+00:00,42725.830748428326,0.259447,72666.77,61579.006224618326,0.3061623860479384380083418739
2026-03-05 00:00:00+00:00,43104.875888036703,0.254224,70890.72,61126.998289316703,0.2948308097181628678954716514
2026-03-06 00:00:00+00:00,43104.875888036703,0.254224,68114.02,60421.094508516703,0.2865922698245590164840256038
2026-03-07 00:00:00+00:00,43104.875888036703,0.254224,67262.91,60204.721919876703,0.2840283201473347132402003781
2026-03-08 00:00:00+00:00,43104.875888036703,0.254224,65971.2,59876.338236836703,0.2801016702534754866333624387
2026-03-09 00:00:00+00:00,43104.875888036703,0.254224,68432.16,60501.973331876703,0.2875459507479235082925107578
2026-03-10 00:00:00+00:00,43104.875888036703,0.254224,69948.63,60887.496401156703,0.2920570160408529586605649507
2026-03-11 00:00:00+00:00,43104.875888036703,0.254224,70191.86,60949.331304676703,0.2927752451858446744355606188
2026-03-12 00:00:00+00:00,43104.875888036703,0.254224,70541.34,61038.177508196703,0.2938046703270550693836855914
2026-03-13 00:00:00+00:00,43104.875888036703,0.254224,70930.0,61136.984208036703,0.2949459897897549005863247573
2026-03-14 00:00:00+00:00,43104.875888036703,0.254224,71211.95,61208.662664836703,0.2957716438918425538211782496
2026-03-15 00:00:00+00:00,43104.875888036703,0.254224,72815.24,61616.257461796703,0.3004301516566049522156116184
2026-03-16 00:00:00+00:00,43131.418903450578,0.253859,74884.67,62141.566344980578,0.3059167729373710159182500989
2026-03-17 00:00:00+00:00,43498.624644301968,0.248949,73909.36,61898.285906941968,0.2972563939864521454406002667
2026-03-18 00:00:00+00:00,43498.624644301968,0.248949,71246.54,61235.379530761968,0.2896488112325625831652740759
2026-03-19 00:00:00+00:00,43498.624644301968,0.248949,69930.0,60907.628214301968,0.2858263255424567827537602335
2026-03-20 00:00:00+00:00,43498.624644301968,0.248949,70510.73,61052.200367071968,0.2875174951472737628105092044
2026-03-21 00:00:00+00:00,43498.624644301968,0.248949,68918.12,60655.721700181968,0.2828603233951551263575589508
2026-03-22 00:00:00+00:00,43498.624644301968,0.248949,67859.0,60392.054835301968,0.2797293491183711713806835514
2026-03-23 00:00:00+00:00,43498.624644301968,0.248949,70906.45,61150.714465351968,0.2886653079262333856510865132
2026-03-24 00:00:00+00:00,43498.624644301968,0.248949,70556.74,61063.654510561968,0.2876511405523860000603500851
2026-03-25 00:00:00+00:00,43498.624644301968,0.248949,71336.53,61257.782451271968,0.2899085976724128958546036352
2026-03-26 00:00:00+00:00,43498.624644301968,0.248949,68820.31,60631.371998491968,0.2825723184132486412888919646
2026-03-27 00:00:00+00:00,43498.624644301968,0.248949,66407.28,60030.650593021968,0.2753930831234686259857764064
2026-03-28 00:00:00+00:00,43498.624644301968,0.248949,66377.03,60023.119885771968,0.2753021714452235280257753913
2026-03-29 00:00:00+00:00,43498.624644301968,0.248949,66010.93,59931.979656871968,0.2742001032946974523068694351
2026-03-30 00:00:00+00:00,43498.624644301968,0.248949,66797.37,60127.763108431968,0.2765633977459245657557996188
2026-03-31 00:00:00+00:00,43498.624644301968,0.248949,68284.48,60497.977655821968,0.2809904342295660635791411736
2026-04-01 00:00:00+00:00,43498.624644301968,0.248949,68113.92,60455.516914381968,0.2804854401310406689380147752
2026-04-02 00:00:00+00:00,43498.624644301968,0.248949,66901.99,60153.808152811968,0.2768766270989849507083903795
2026-04-03 00:00:00+00:00,43498.624644301968,0.248949,66964.3,60169.320165001968,0.2770630526484934689790571903
2026-04-04 00:00:00+00:00,43498.624644301968,0.248949,67300.42,60252.996902881968,0.2780670359946630256396181513
2026-04-05 00:00:00+00:00,43498.624644301968,0.248949,69034.18,60684.614721121968,0.2832017663092820354426979124
2026-04-06 00:00:00+00:00,43498.624644301968,0.248949,68853.66,60639.674447641968,0.2826705446471364786447229438
2026-04-07 00:00:00+00:00,43498.624644301968,0.248949,71924.22,61404.087289081968,0.2916005014533243230224422123
2026-04-08 00:00:00+00:00,43498.624644301968,0.248949,71069.93,61191.412647871968,0.2891384140023656701350280434
2026-04-09 00:00:00+00:00,43498.624644301968,0.248949,71787.97,61370.167987831968,0.2912089689419367411992825636
2026-04-10 00:00:00+00:00,43498.624644301968,0.248949,72962.7,61662.615846601968,0.2945705587237256361838418321
2026-04-11 00:00:00+00:00,43498.624644301968,0.248949,73043.16,61682.646283141968,0.2947996354658626520093358494
2026-04-12 00:00:00+00:00,43498.624644301968,0.248949,70740.98,61109.520874321968,0.2881858011329956969673885917
2026-04-13 00:00:00+00:00,43498.624644301968,0.248949,74417.99,62024.908836811968,0.2986910346172825842475354234
2026-04-14 00:00:00+00:00,43498.624644301968,0.248949,74131.55,61953.599885251968,0.2978838239445582268386749703
2026-04-15 00:00:00+00:00,43367.389679947448,0.250717,74809.99,62123.525942777448,0.3019168016977408829760027781
2026-04-16 00:00:00+00:00,43486.332357272144,0.249125,75154.29,62209.144853522144,0.3009655982305301826373832159
2026-04-17 00:00:00+00:00,43546.377620820944,0.248325,77072.0,62685.282020820944,0.3053173533405019137326238195
2026-04-18 00:00:00+00:00,43879.280726694719,0.244000,75691.76,62348.070166694719,0.2962207072427674576644571975
2026-04-19 00:00:00+00:00,43879.280726694719,0.244000,73801.79,61886.917486694719,0.2909764695239753004567472214
2026-04-20 00:00:00+00:00,43879.280726694719,0.244000,75840.97,62384.477406694719,0.2966314289909261295877633819
2026-04-21 00:00:00+00:00,43668.928136461749,0.246770,76336.15,62506.399871961749,0.3013686882317125885885727314
2026-04-22 00:00:00+00:00,43754.389704744927,0.245649,78178.23,62958.793726014927,0.3050313210390279833213532943
2026-04-23 00:00:00+00:00,44070.756040593255,0.241597,78257.48,62977.528436153255,0.3002145823288019929716442747
2026-04-24 00:00:00+00:00,44084.276984526003,0.241424,77437.13,62779.458657646003,0.2977913806977863484620949895
2026-04-25 00:00:00+00:00,43945.484325624493,0.243214,77625.0,62824.971075624493,0.3005092788228129567656964507
2026-04-26 00:00:00+00:00,43977.501773761993,0.242801,78657.55,63075.633571311993,0.3027814500817982486253896105
2026-04-27 00:00:00+00:00,44152.758637319728,0.240570,77371.32,62765.977089719728,0.2965494893163801223072727679
2026-04-28 00:00:00+00:00,43935.914781617644,0.243369,76342.77,62515.378373747644,0.2971982906518271243285514164
2026-04-29 00:00:00+00:00,43760.556774859128,0.245663,75780.0,62376.898914859128,0.2984493051732218058842940493
2026-04-30 00:00:00+00:00,43663.735790995128,0.246939,76346.57,62516.681440225128,0.3015666413332593059208602484
2026-05-01 00:00:00+00:00,43761.561114674346,0.245656,78231.13,62979.507585954346,0.3051460261903663327997315693
2026-05-02 00:00:00+00:00,44085.251341221279,0.241513,78686.85,63089.148545271279,0.3012229145938346812880084832
2026-05-03 00:00:00+00:00,44162.342781934227,0.240532,78568.57,63060.598061174227,0.2996840477298845157778746397
2026-05-04 00:00:00+00:00,44162.342781934227,0.240532,79861.01,63371.471239254227,0.3031194965443894961132103107
2026-05-05 00:00:00+00:00,44359.821586075239,0.238056,80905.52,63619.866055195239,0.3027363253548883012116872487
2026-05-06 00:00:00+00:00,44533.703945324511,0.235904,81447.01,63747.379392364511,0.3014033773652091833666013211
2026-05-07 00:00:00+00:00,44623.097845971324,0.234805,80006.0,63408.906675971324,0.2962645125865077245250644904
2026-05-08 00:00:00+00:00,44385.972222883324,0.237765,80193.17,63453.101287933324,0.3004916809113621016070461350
2026-05-09 00:00:00+00:00,44417.206905141064,0.237375,80678.4,63568.242105141064,0.3012673398821447875865697596
2026-05-10 00:00:00+00:00,44497.699859679997,0.236376,82210.07,63930.187365999997,0.3039641882334726788526610166
2026-05-11 00:00:00+00:00,44750.824015750444,0.233293,81745.65,63821.511941200444,0.2988128507989604344389885154
2026-05-12 00:00:00+00:00,44675.029129164936,0.234219,80504.47,63530.705588094936,0.2967962701560704622674505419
2026-05-13 00:00:00+00:00,44471.249259114728,0.236747,79313.61,63248.508485784728,0.2968806644806531587560396525
2026-05-14 00:00:00+00:00,44273.739882212237,0.239234,81089.99,63673.222549872237,0.3046725435086201063994410918
2026-05-15 00:00:00+00:00,44570.872317239237,0.235565,79113.21,63207.175630889237,0.2948447407693133961861937109
2026-05-16 00:00:00+00:00,44244.660635034357,0.239683,78148.05,62975.419703184357,0.2974296821907941601143147170
2026-05-17 00:00:00+00:00,44082.605625489342,0.241754,77457.67,62808.307178669342,0.2981405230348181320320129192
2026-05-18 00:00:00+00:00,43965.725169478045,0.243261,77001.87,62697.277067548045,0.2987618087128285316248178732
2026-05-19 00:00:00+00:00,43888.006371174493,0.244269,76834.36,62656.258654014493,0.2995431372064135555033944438
2026-05-20 00:00:00+00:00,43859.386832157997,0.244641,77552.23,62831.841931587997,0.3019560547037188328850676844
2026-05-21 00:00:00+00:00,43982.147336167477,0.243056,77615.52,62847.065165287477,0.3001718183578717236377721014
2026-05-22 00:00:00+00:00,43992.999382942837,0.242916,75539.5,62342.752564942837,0.2943365896923615432679698278
2026-05-23 00:00:00+00:00,43639.468766832937,0.247590,76752.01,62642.498922732937,0.3033568341412990502673960153
2026-05-24 00:00:00+00:00,43849.495856208937,0.244850,77064.96,62718.851312208937,0.3008562028993484702539926331
2026-05-25 00:00:00+00:00,43903.140304768681,0.244153,77322.01,62781.541012298681,0.3006998618245415212518578647
2026-05-26 00:00:00+00:00,43947.079333367884,0.243584,75930.01,62442.414889207884,0.2961982746608444533291055340
2026-05-27 00:00:00+00:00,43709.413557733246,0.246710,74449.3,62076.800360733246,0.2958816610435081702005185598
2026-05-28 00:00:00+00:00,43453.496816677647,0.250143,73617.51,61868.401620607647,0.2976463642434914432125349476
2026-05-29 00:00:00+00:00,43307.765775249495,0.252120,73460.78,61828.697628849495,0.2995523529345387002261032657
2026-05-30 00:00:00+00:00,43280.108614340231,0.252496,73884.38,61935.619026820231,0.3012081045706757053052512765
2026-05-31 00:00:00+00:00,43354.856192940209,0.251483,73674.39,61882.712813310209,0.2994027859810451998059467482
2026-06-01 00:00:00+00:00,43317.897339420002,0.251984,71408.9,61311.797597020002,0.2934818576983718276917301255
2026-06-02 00:00:00+00:00,42917.773649554282,0.257580,66760.83,60114.028240954282,0.2860605934187686625206128526
2026-06-03 00:00:00+00:00,42917.773649554282,0.257580,64142.75,59439.663194554282,0.2779606857953006623013269889
2026-06-04 00:00:00+00:00,42917.773649554282,0.257580,63885.99,59373.526953754282,0.2771564053625666698946644347
2026-06-05 00:00:00+00:00,42917.773649554282,0.257580,61056.47,58644.699192154282,0.2681730106768798946620189805
2026-06-06 00:00:00+00:00,42917.773649554282,0.257580,60884.62,58600.434069154282,0.2676202091112996977158601132
2026-06-07 00:00:00+00:00,42917.773649554282,0.257580,63332.01,59230.832785354282,0.2754149885907673791119411112
2026-06-08 00:00:00+00:00,42917.773649554282,0.257580,63085.99,59167.462953754282,0.2746389399339443533011400065
2026-06-09 00:00:00+00:00,42917.773649554282,0.257580,61730.0,58818.187049554282,0.2703315793566352645833153193
2026-06-10 00:00:00+00:00,42917.773649554282,0.257580,61510.99,58761.774453754282,0.2696310816255095047357409903
2026-06-11 00:00:00+00:00,42917.773649554282,0.257580,63625.99,59306.556153754282,0.2763401479882176762767651982
2026-06-12 00:00:00+00:00,42917.773649554282,0.257580,63580.01,59294.712625354282,0.2761956041388631128216801152
2026-06-13 00:00:00+00:00,42917.773649554282,0.257580,64458.01,59520.867865354282,0.2789457682868276258007785709
2026-06-14 00:00:00+00:00,42917.773649554282,0.257580,65746.45,59852.744240554282,0.2829439285680306723624583270
2026-06-15 00:00:00+00:00,42917.773649554282,0.257580,66328.74,60002.730498754282,0.2847363229504147509212625709
2026-06-16 00:00:00+00:00,42917.773649554282,0.257580,65675.01,59834.342725354282,0.2827234044075452186199257036
2026-06-17 00:00:00+00:00,42917.773649554282,0.257580,64509.4,59534.104901554282,0.2791060901894267067065317964
2026-06-18 00:00:00+00:00,42917.773649554282,0.257580,62958.01,59134.497865354282,0.2742345805104240843180043114
2026-06-19 00:00:00+00:00,42917.773649554282,0.257580,63543.91,59285.413987354282,0.2760820788278758770869186961
2026-06-20 00:00:00+00:00,42917.773649554282,0.257580,64298.01,59479.655065354282,0.2784461577257358215372261736
2026-06-21 00:00:00+00:00,42917.773649554282,0.257580,63311.99,59225.676033754282,0.2753518993165345101545837464
2026-06-22 00:00:00+00:00,42917.773649554282,0.257580,64020.01,59408.047825354282,0.2775764358438024413429946936
2026-06-23 00:00:00+00:00,42917.773649554282,0.257580,62734.57,59076.944190154282,0.2735275285835294593939131080
2026-06-24 00:00:00+00:00,42917.773649554282,0.257580,61077.99,58650.242313754282,0.2682421767336930755853151273
2026-06-25 00:00:00+00:00,42917.773649554282,0.257580,59794.0,58319.512169554282,0.2640923757253319755524893225
2026-06-26 00:00:00+00:00,42917.773649554282,0.257580,60097.27,58397.628456154282,0.2650767713661947995999983444
2026-06-27 00:00:00+00:00,42917.773649554282,0.257580,60029.0,58380.043469554282,0.2648554009395986977602021997
2026-06-28 00:00:00+00:00,42917.773649554282,0.257580,59577.01,58263.619885354282,0.2633864196216459806131663599
2026-06-29 00:00:00+00:00,42917.773649554282,0.257580,60260.21,58439.598541354282,0.2656045777045527339328830871
2026-06-30 00:00:00+00:00,42917.773649554282,0.257580,58624.71,58018.326451354282,0.2602721196113976871407747598
2026-07-01 00:00:00+00:00,42917.773649554282,0.257580,60024.0,58378.755569554282,0.2648391828356002003571847986
2026-07-02 00:00:00+00:00,42917.773649554282,0.257580,61560.0,58774.398449554282,0.2697879556114835803649001743
2026-07-03 00:00:00+00:00,42917.773649554282,0.257580,62583.26,59037.969760354282,0.2730479414558930460959185142
2026-07-04 00:00:00+00:00,42917.773649554282,0.257580,63144.01,59182.407745354282,0.2748221087216031020178611865
2026-07-05 00:00:00+00:00,42917.773649554282,0.257580,63650.0,59312.740649554282,0.2764156034682103904761420563
2026-07-06 00:00:00+00:00,42917.773649554282,0.257580,64042.02,59413.717161154282,0.2776453704597586391192051933
2026-07-07 00:00:00+00:00,42917.773649554282,0.257580,63363.99,59239.070193754282,0.2755157447748191302034226356
2026-07-08 00:00:00+00:00,42917.773649554282,0.257580,62290.0,58962.431849554282,0.2721166291264712698531784272
2026-07-09 00:00:00+00:00,42917.773649554282,0.257580,63230.0,59204.557049554282,0.2750934085423178431476612969
2026-07-10 00:00:00+00:00,41441.332935371122,0.280900,64161.72,59464.360083371122,0.3030895669730756832321164559
2026-07-11 00:00:00+00:00,41624.853214535218,0.278036,63819.0,59368.832698535218,0.2988770147141159753906863024
2026-07-12 00:00:00+00:00,41558.139552934846,0.279080,63780.0,59357.861952934846,0.2998713534209418026030831900
2026-07-13 00:00:00+00:00,41550.539866168846,0.279199,62334.52,58954.275515648846,0.2952073534490360345079377025
2026-07-14 00:00:00+00:00,41267.672571470814,0.283731,65043.98,59722.666060850814,0.3090115479870974910862997337
2026-07-15 00:00:00+00:00,41805.211877998389,0.275456,64756.28,59642.717741678389,0.2990726536127500039030842147
2026-07-16 00:00:00+00:00,41749.838122456333,0.276310,63830.2,59386.760684456333,0.2969840812788467457814941565
2026-07-17 00:00:00+00:00,41570.561654632033,0.279115,63931.67,59414.849726682033,0.3003338080317736362645473593
2026-07-18 00:00:00+00:00,41590.418556427852,0.278804,64834.22,59666.458429307852,0.3029514462350113921049875637
2026-07-19 00:00:00+00:00,41766.344104084711,0.276087,64722.54,59635.396005064711,0.2996383540315959054302964949
2026-07-20 00:00:00+00:00,41744.763476542816,0.276420,65255.51,59782.691550742816,0.3017249241595224546014191656
2026-07-21 00:00:00+00:00,41847.798318203113,0.274839,66556.16,60140.026776443113,0.3041606304273392442323552853
2026-07-22 00:00:00+00:00,42097.724115741913,0.271079,66114.49,60019.973950451913,0.2986047586342722267661249149
2026-07-23 00:00:00+00:00,42013.914347497813,0.272345,65098.97,59743.293332147813,0.2967593180054879388236209062
2026-07-24 00:00:00+00:00,41820.058295301337,0.275319,64139.99,59479.016202111337,0.2968939137595076243847614691
2026-07-25 00:00:00+00:00,41635.094955141337,0.278199,64375.0,59544.155580141337,0.3007694113807011209227343257
2026-07-26 00:00:00+00:00,41680.870376752081,0.277487,65399.99,59828.517401882081,0.3033277074748155581904506907
2026-07-27 00:00:00+00:00,41879.754490852081,0.274442,63755.86,59377.040220972081,0.2946810023706760336147740520
2026-07-28 00:00:00+00:00,41563.561198665127,0.279395,63915.0,59421.092623665127,0.3005251272994605739674180694
2026-07-29 00:00:00+00:00,41594.775002899627,0.278906,63984.28,59440.374600579627,0.3002269033059892657661255614
2026-07-30 00:00:00+00:00,41608.258137198880,0.278695,64780.02,59662.125811098880,0.3026018169560672735168052637
2026-07-31 00:00:00+00:00,41763.334008057397,0.276298,62887.88,59139.129476297397,0.2938121616281841453828751810
2026-08-01 00:00:00+00:00,41396.976676025805,0.282116,62823.64,59120.530698265805,0.2997867883273227915963768835
2026-08-02 00:00:00+00:00,41384.395611876805,0.282316,63570.0,59331.223731876805,0.3024853861282778890508402028
2026-08-03 00:00:00+00:00,41531.686307926645,0.279996,63520.0,59317.032227926645,0.2998353972204732674300899418
2026-08-04 00:00:00+00:00,41531.686307926645,0.279996,64136.0,59489.509763926645,0.3018653797495116862757195914
