timestamp,regime_id,regime_label,regime_probability,is_confirmed,consecutive_bars,is_flickering,trend_gate_raw_state,trend_gate_confirmed_state,trend_gate_cap,strategy_target_allocation_pct,final_allocation_pct
2021-04-02 00:00:00+00:00,3,CRASH,1.0,True,1,False,BULL_STRUCTURE,BULL_STRUCTURE,1.0,0.50,0.50
2021-04-03 00:00:00+00:00,3,CRASH,1.0,True,2,False,BULL_STRUCTURE,BULL_STRUCTURE,1.0,0.4921402250168570049049357631,0.4921402250168570049049357631
2021-04-04 00:00:00+00:00,3,CRASH,1.0,True,3,False,BULL_STRUCTURE,BULL_STRUCTURE,1.0,0.4971290613864432599029853503,0.4971290613864432599029853503
2021-04-05 00:00:00+00:00,3,CRASH,1.0,True,4,False,BULL_STRUCTURE,BULL_STRUCTURE,1.0,0.5010836157610472716972853169,0.5010836157610472716972853169
2021-04-06 00:00:00+00:00,3,CRASH,1.0,True,5,False,BULL_STRUCTURE,BULL_STRUCTURE,1.0,0.4962217323704357827677211995,0.4962217323704357827677211995
2021-04-07 00:00:00+00:00,3,CRASH,1.0,True,6,False,BULL_STRUCTURE,BULL_STRUCTURE,1.0,0.4872818250281522592899910688,0.4872818250281522592899910688
2021-04-08 00:00:00+00:00,3,CRASH,1.0,True,7,False,BULL_STRUCTURE,BULL_STRUCTURE,1.0,0.4965937774442853273201309907,0.4965937774442853273201309907
2021-04-09 00:00:00+00:00,3,CRASH,1.0,True,8,False,BULL_STRUCTURE,BULL_STRUCTURE,1.0,0.4968734934858103938261805078,0.4968734934858103938261805078
2021-04-10 00:00:00+00:00,3,CRASH,1.0,True,9,False,BULL_STRUCTURE,BULL_STRUCTURE,1.0,0.5037713124917914915483244934,0.5037713124917914915483244934
2021-04-11 00:00:00+00:00,3,CRASH,0.016067508184935752,False,9,False,BULL_STRUCTURE,BULL_STRUCTURE,1.0,0.25,0.25
2021-04-12 00:00:00+00:00,3,CRASH,0.9483342702688864,True,10,False,BULL_STRUCTURE,BULL_STRUCTURE,1.0,0.50,0.50
2021-04-13 00:00:00+00:00,3,CRASH,1.8439796543854368e-06,False,10,False,BULL_STRUCTURE,BULL_STRUCTURE,1.0,0.25,0.25
2021-04-14 00:00:00+00:00,3,CRASH,6.268726585269517e-08,False,10,False,BULL_STRUCTURE,BULL_STRUCTURE,1.0,0.2482655713735870307647736943,0.2482655713735870307647736943
2021-04-15 00:00:00+00:00,0,BEAR,1.0,True,3,False,BULL_STRUCTURE,BULL_STRUCTURE,1.0,0.95,0.95
2021-04-16 00:00:00+00:00,0,BEAR,0.030318990509290412,False,3,False,BULL_STRUCTURE,BULL_STRUCTURE,1.0,0.475,0.475
2021-04-17 00:00:00+00:00,0,BEAR,9.092195514325518e-15,False,3,False,BULL_STRUCTURE,BULL_STRUCTURE,1.0,0.4698326621941752746714208007,0.4698326621941752746714208007
2021-04-18 00:00:00+00:00,3,CRASH,1.0,True,3,False,BULL_STRUCTURE,BULL_STRUCTURE,1.0,0.4533250933328779577217410752,0.4533250933328779577217410752
2021-04-19 00:00:00+00:00,3,CRASH,1.0,True,4,False,BULL_STRUCTURE,BULL_STRUCTURE,1.0,0.4510342971024743793700700023,0.4510342971024743793700700023
2021-04-20 00:00:00+00:00,3,CRASH,1.0,True,5,False,BULL_STRUCTURE,BULL_STRUCTURE,1.0,0.4545360897109130948438031735,0.4545360897109130948438031735
2021-04-21 00:00:00+00:00,3,CRASH,1.0,True,6,False,BULL_STRUCTURE,BULL_STRUCTURE,1.0,0.4426958598153178656290860465,0.4426958598153178656290860465
2021-04-22 00:00:00+00:00,3,CRASH,1.0,True,7,False,BULL_STRUCTURE,BULL_STRUCTURE,1.0,0.4329098594070389399608075710,0.4329098594070389399608075710
2021-04-23 00:00:00+00:00,3,CRASH,1.0,True,8,False,BULL_STRUCTURE,BULL_STRUCTURE,1.0,0.4302097823276606212935188723,0.4302097823276606212935188723
2021-04-24 00:00:00+00:00,3,CRASH,1.0,True,9,False,BULL_STRUCTURE,BULL_STRUCTURE,1.0,0.4249972065024057291674137157,0.4249972065024057291674137157
2021-04-25 00:00:00+00:00,3,CRASH,1.0,True,10,False,BULL_STRUCTURE,BULL_STRUCTURE,1.0,0.4201665742115797274739339697,0.4201665742115797274739339697
2021-04-26 00:00:00+00:00,3,CRASH,1.0,True,11,False,BULL_STRUCTURE,BULL_STRUCTURE,1.0,0.4436746246602117497103949614,0.4436746246602117497103949614
2021-04-27 00:00:00+00:00,3,CRASH,1.0,True,12,False,BULL_STRUCTURE,BULL_STRUCTURE,1.0,0.4482557080751130100406703522,0.4482557080751130100406703522
2021-04-28 00:00:00+00:00,3,CRASH,1.0,True,13,False,BULL_STRUCTURE,BULL_STRUCTURE,1.0,0.4475095223003642459172674014,0.4475095223003642459172674014
2021-04-29 00:00:00+00:00,3,CRASH,1.0,True,14,False,BULL_STRUCTURE,BULL_STRUCTURE,1.0,0.4416267720498943464916596215,0.4416267720498943464916596215
2021-04-30 00:00:00+00:00,3,CRASH,1.0,True,15,False,BULL_STRUCTURE,BULL_STRUCTURE,1.0,0.4600568495521294981641316315,0.4600568495521294981641316315
2021-05-01 00:00:00+00:00,3,CRASH,1.0,True,16,False,BULL_STRUCTURE,BULL_STRUCTURE,1.0,0.4605132803706578707304405012,0.4605132803706578707304405012
2021-05-02 00:00:00+00:00,3,CRASH,1.0,True,17,False,BULL_STRUCTURE,BULL_STRUCTURE,1.0,0.4552084689015431272716826267,0.4552084689015431272716826267
2021-05-03 00:00:00+00:00,3,CRASH,1.0,True,18,False,BULL_STRUCTURE,BULL_STRUCTURE,1.0,0.4577874634131213193158458981,0.4577874634131213193158458981
2021-05-04 00:00:00+00:00,3,CRASH,1.0,True,19,False,BULL_STRUCTURE,BULL_STRUCTURE,1.0,0.4399874311923763413116660426,0.4399874311923763413116660426
2021-05-05 00:00:00+00:00,3,CRASH,1.0,True,20,False,BULL_STRUCTURE,BULL_STRUCTURE,1.0,0.4589430404606201640337482834,0.4589430404606201640337482834
2021-05-06 00:00:00+00:00,3,CRASH,1.0,True,21,False,BULL_STRUCTURE,BULL_STRUCTURE,1.0,0.4543984340216745147121927330,0.4543984340216745147121927330
2021-05-07 00:00:00+00:00,3,CRASH,1.0,True,22,False,BULL_STRUCTURE,BULL_STRUCTURE,1.0,0.4584178538122736869665511337,0.4584178538122736869665511337
2021-05-08 00:00:00+00:00,3,CRASH,1.0,True,23,False,BULL_STRUCTURE,BULL_STRUCTURE,1.0,0.4650383764506156982457039089,0.4650383764506156982457039089
2021-05-09 00:00:00+00:00,3,CRASH,1.0,True,24,False,BULL_STRUCTURE,BULL_STRUCTURE,1.0,0.4623999124107361797515919373,0.4623999124107361797515919373
2021-05-10 00:00:00+00:00,3,CRASH,1.0,True,25,False,BULL_STRUCTURE,BULL_STRUCTURE,1.0,0.4518475552814551024990761556,0.4518475552814551024990761556
2021-05-11 00:00:00+00:00,3,CRASH,1.0,True,26,False,BULL_STRUCTURE,BULL_STRUCTURE,1.0,0.4556105936319592934768327738,0.4556105936319592934768327738
2021-05-12 00:00:00+00:00,3,CRASH,1.0,True,27,False,BULL_STRUCTURE,BULL_STRUCTURE,1.0,0.4229561953433591278808927199,0.4229561953433591278808927199
2021-05-13 00:00:00+00:00,3,CRASH,1.0,True,28,False,BULL_STRUCTURE,BULL_STRUCTURE,1.0,0.4231511101438430654921665268,0.4231511101438430654921665268
2021-05-14 00:00:00+00:00,3,CRASH,1.0,True,29,False,BULL_STRUCTURE,BULL_STRUCTURE,1.0,0.4239876719998199584530899087,0.4239876719998199584530899087
2021-05-15 00:00:00+00:00,3,CRASH,1.0,True,30,False,BULL_STRUCTURE,BULL_STRUCTURE,1.0,0.4084976311217720391223175557,0.4084976311217720391223175557
2021-05-16 00:00:00+00:00,3,CRASH,1.0,True,31,False,BULL_STRUCTURE,BULL_STRUCTURE,1.0,0.4067798271077101579364458017,0.4067798271077101579364458017
2021-05-17 00:00:00+00:00,3,CRASH,1.0,True,32,False,BULL_STRUCTURE,BULL_STRUCTURE,1.0,0.3913510664620233815693001593,0.3913510664620233815693001593
2021-05-18 00:00:00+00:00,3,CRASH,1.0,True,33,False,BULL_STRUCTURE,BULL_STRUCTURE,1.0,0.3875621748354687095229420291,0.3875621748354687095229420291
2021-05-19 00:00:00+00:00,3,CRASH,1.0,True,34,False,TRANSITION,BULL_STRUCTURE,0.6,0.3514287315232502327326824761,0.3514287315232502327326824761
2021-05-20 00:00:00+00:00,3,CRASH,1.0,True,35,False,TRANSITION,BULL_STRUCTURE,0.6,0.3744174098962047706191060113,0.3744174098962047706191060113
2021-05-21 00:00:00+00:00,3,CRASH,1.0,True,36,False,TRANSITION,BULL_STRUCTURE,0.6,0.3549008095363470482094847298,0.3549008095363470482094847298
2021-05-22 00:00:00+00:00,3,CRASH,1.0,True,37,False,TRANSITION,BULL_STRUCTURE,0.6,0.3561136874120265358616947359,0.3561136874120265358616947359
2021-05-23 00:00:00+00:00,3,CRASH,1.0,True,38,False,TRANSITION,TRANSITION,0.6,0.3385366046779824588058135744,0.3385366046779824588058135744
2021-05-24 00:00:00+00:00,3,CRASH,1.0,True,39,False,TRANSITION,TRANSITION,0.6,0.3642541524807394006683953160,0.3642541524807394006683953160
2021-05-25 00:00:00+00:00,3,CRASH,1.0,True,40,False,TRANSITION,TRANSITION,0.6,0.3614268574368578411028842208,0.3614268574368578411028842208
2021-05-26 00:00:00+00:00,3,CRASH,1.0,True,41,False,TRANSITION,TRANSITION,0.6,0.3669029531436026991502242521,0.3669029531436026991502242521
2021-05-27 00:00:00+00:00,3,CRASH,1.0,True,42,False,TRANSITION,TRANSITION,0.6,0.3626605772467537891143363932,0.3626605772467537891143363932
2021-05-28 00:00:00+00:00,3,CRASH,1.0,True,43,False,TRANSITION,TRANSITION,0.6,0.3449879429660565100259854619,0.3449879429660565100259854619
2021-05-29 00:00:00+00:00,3,CRASH,1.0,True,44,False,TRANSITION,TRANSITION,0.6,0.3382127182569941391854075504,0.3382127182569941391854075504
2021-05-30 00:00:00+00:00,3,CRASH,1.0,True,45,False,TRANSITION,TRANSITION,0.6,0.3448471221735346592796684735,0.3448471221735346592796684735
2021-05-31 00:00:00+00:00,3,CRASH,1.0,True,46,False,TRANSITION,TRANSITION,0.6,0.3549118719229935209605837751,0.3549118719229935209605837751
2021-06-01 00:00:00+00:00,3,CRASH,1.0,True,47,False,TRANSITION,TRANSITION,0.6,0.3514473676205388885123253642,0.3514473676205388885123253642
2021-06-02 00:00:00+00:00,3,CRASH,1.0,True,48,False,TRANSITION,TRANSITION,0.6,0.3568411700922906955100937214,0.3568411700922906955100937214
2021-06-03 00:00:00+00:00,3,CRASH,1.0,True,49,False,TRANSITION,TRANSITION,0.6,0.3669318380766086694893437719,0.3669318380766086694893437719
2021-06-04 00:00:00+00:00,3,CRASH,1.0,True,50,False,TRANSITION,TRANSITION,0.6,0.3522905231112664385949988530,0.3522905231112664385949988530
2021-06-05 00:00:00+00:00,3,CRASH,1.0,True,51,False,TRANSITION,TRANSITION,0.6,0.3440342879445029696195380347,0.3440342879445029696195380347
2021-06-06 00:00:00+00:00,3,CRASH,1.0,True,52,False,TRANSITION,TRANSITION,0.6,0.3458284381184554361667400149,0.3458284381184554361667400149
2021-06-07 00:00:00+00:00,3,CRASH,1.0,True,53,False,TRANSITION,TRANSITION,0.6,0.3313353561524878485643960588,0.3313353561524878485643960588
2021-06-08 00:00:00+00:00,3,CRASH,2.6578224452433397e-37,False,53,False,TRANSITION,TRANSITION,0.6,0.3301978241044075763741116695,0.3301978241044075763741116695
2021-06-09 00:00:00+00:00,3,CRASH,5.521529233721659e-18,False,53,False,TRANSITION,TRANSITION,0.6,0.3557358122628518809895152512,0.3557358122628518809895152512
2021-06-10 00:00:00+00:00,0,BEAR,1.0,True,3,False,TRANSITION,TRANSITION,0.6,0.95,0.6
2021-06-11 00:00:00+00:00,0,BEAR,1.0,True,4,False,TRANSITION,TRANSITION,0.6,0.95,0.6
2021-06-12 00:00:00+00:00,0,BEAR,1.0,True,5,False,TRANSITION,TRANSITION,0.6,0.95,0.6
2021-06-13 00:00:00+00:00,0,BEAR,1.0,True,6,False,TRANSITION,TRANSITION,0.6,0.95,0.6
2021-06-14 00:00:00+00:00,0,BEAR,1.0,True,7,False,TRANSITION,TRANSITION,0.6,0.95,0.6
2021-06-15 00:00:00+00:00,0,BEAR,1.0,True,8,False,TRANSITION,TRANSITION,0.6,0.95,0.6
2021-06-16 00:00:00+00:00,0,BEAR,1.0,True,9,False,TRANSITION,TRANSITION,0.6,0.95,0.6
2021-06-17 00:00:00+00:00,0,BEAR,1.0,True,10,False,TRANSITION,TRANSITION,0.6,0.95,0.6
2021-06-18 00:00:00+00:00,0,BEAR,1.0,True,11,False,TRANSITION,TRANSITION,0.6,0.95,0.6
2021-06-19 00:00:00+00:00,0,BEAR,1.0,True,12,False,TRANSITION,TRANSITION,0.6,0.95,0.6
2021-06-20 00:00:00+00:00,0,BEAR,1.0,True,13,False,TRANSITION,TRANSITION,0.6,0.95,0.6
2021-06-21 00:00:00+00:00,0,BEAR,3.5586095955616453e-118,False,13,False,TRANSITION,TRANSITION,0.6,0.5711504117952748015820659211,0.5711504117952748015820659211
2021-06-22 00:00:00+00:00,0,BEAR,1.158466406121814e-108,False,13,False,TRANSITION,TRANSITION,0.6,0.5780176388450726879259590946,0.5780176388450726879259590946
2021-06-23 00:00:00+00:00,3,CRASH,1.0,True,3,False,TRANSITION,TRANSITION,0.6,0.5866063158514618594225725334,0.5866063158514618594225725334
2021-06-24 00:00:00+00:00,3,CRASH,1.0,True,4,False,TRANSITION,TRANSITION,0.6,0.5935793272999983821033418939,0.5935793272999983821033418939
2021-06-25 00:00:00+00:00,3,CRASH,1.0,True,5,False,TRANSITION,TRANSITION,0.6,0.5709606323132654256052316224,0.5709606323132654256052316224
2021-06-26 00:00:00+00:00,3,CRASH,1.0,True,6,False,TRANSITION,TRANSITION,0.6,0.5763158421299716360596233841,0.5763158421299716360596233841
2021-06-27 00:00:00+00:00,3,CRASH,2.947074448023562e-06,False,6,False,TRANSITION,TRANSITION,0.6,0.25,0.25
2021-06-28 00:00:00+00:00,3,CRASH,4.8372147197224693e-26,False,6,False,TRANSITION,TRANSITION,0.6,0.2489864833701992379904073048,0.2489864833701992379904073048
2021-06-29 00:00:00+00:00,0,BEAR,1.0,True,3,False,TRANSITION,TRANSITION,0.6,0.95,0.6
2021-06-30 00:00:00+00:00,0,BEAR,0.08316700379316595,False,3,False,TRANSITION,TRANSITION,0.6,0.5943881374472825835173183006,0.5943881374472825835173183006
2021-07-01 00:00:00+00:00,0,BEAR,2.5238583327307965e-34,False,3,False,TRANSITION,TRANSITION,0.6,0.5835073700899537018036758078,0.5835073700899537018036758078
2021-07-02 00:00:00+00:00,0,BEAR,1.0,True,4,False,TRANSITION,TRANSITION,0.6,0.95,0.6
2021-07-03 00:00:00+00:00,0,BEAR,0.9602068158535976,True,5,False,TRANSITION,TRANSITION,0.6,0.95,0.6
2021-07-04 00:00:00+00:00,0,BEAR,2.791839314651036e-20,False,5,False,TRANSITION,TRANSITION,0.6,0.6042325803109163701833365327,0.6
2021-07-05 00:00:00+00:00,0,BEAR,7.70905271420012e-99,False,5,False,TRANSITION,TRANSITION,0.6,0.5888296852796619836857488329,0.5888296852796619836857488329
2021-07-06 00:00:00+00:00,0,BEAR,0.9999956373962624,True,6,False,TRANSITION,TRANSITION,0.6,0.95,0.6
2021-07-07 00:00:00+00:00,0,BEAR,0.10344074492240224,False,6,False,TRANSITION,TRANSITION,0.6,0.5974769328906609677824332458,0.5974769328906609677824332458
2021-07-08 00:00:00+00:00,0,BEAR,1.0,True,7,False,TRANSITION,TRANSITION,0.6,0.95,0.6
2021-07-09 00:00:00+00:00,0,BEAR,1.0,True,8,False,TRANSITION,TRANSITION,0.6,0.95,0.6
2021-07-10 00:00:00+00:00,0,BEAR,1.0,True,9,False,TRANSITION,TRANSITION,0.6,0.95,0.6
2021-07-11 00:00:00+00:00,0,BEAR,1.0,True,10,False,TRANSITION,TRANSITION,0.6,0.95,0.6
2021-07-12 00:00:00+00:00,0,BEAR,1.0,True,11,False,TRANSITION,TRANSITION,0.6,0.95,0.6
2021-07-13 00:00:00+00:00,0,BEAR,1.0,True,12,False,TRANSITION,TRANSITION,0.6,0.95,0.6
2021-07-14 00:00:00+00:00,0,BEAR,1.0,True,13,False,TRANSITION,TRANSITION,0.6,0.95,0.6
2021-07-15 00:00:00+00:00,0,BEAR,1.0,True,14,False,TRANSITION,TRANSITION,0.6,0.95,0.6
2021-07-16 00:00:00+00:00,0,BEAR,1.0,True,15,False,TRANSITION,TRANSITION,0.6,0.95,0.6
2021-07-17 00:00:00+00:00,0,BEAR,1.0,True,16,False,TRANSITION,TRANSITION,0.6,0.95,0.6
2021-07-18 00:00:00+00:00,0,BEAR,1.0,True,17,False,TRANSITION,TRANSITION,0.6,0.95,0.6
2021-07-19 00:00:00+00:00,0,BEAR,1.0,True,18,False,TRANSITION,TRANSITION,0.6,0.95,0.6
2021-07-20 00:00:00+00:00,0,BEAR,0.14052681574955567,False,18,False,TRANSITION,TRANSITION,0.6,0.5916676789479562469072297783,0.5916676789479562469072297783
2021-07-21 00:00:00+00:00,0,BEAR,1.0,True,19,False,TRANSITION,TRANSITION,0.6,0.95,0.6
2021-07-22 00:00:00+00:00,0,BEAR,1.0,True,20,False,TRANSITION,TRANSITION,0.6,0.95,0.6
2021-07-23 00:00:00+00:00,0,BEAR,1.0,True,21,False,TRANSITION,TRANSITION,0.6,0.95,0.6
2021-07-24 00:00:00+00:00,0,BEAR,1.0,True,22,False,TRANSITION,TRANSITION,0.6,0.95,0.6
2021-07-25 00:00:00+00:00,0,BEAR,1.0,True,23,False,TRANSITION,TRANSITION,0.6,0.95,0.6
2021-07-26 00:00:00+00:00,0,BEAR,1.0,True,24,False,TRANSITION,TRANSITION,0.6,0.95,0.6
2021-07-27 00:00:00+00:00,0,BEAR,1.0,True,25,False,TRANSITION,TRANSITION,0.6,0.95,0.6
2021-07-28 00:00:00+00:00,0,BEAR,1.0,True,26,False,TRANSITION,TRANSITION,0.6,0.95,0.6
2021-07-29 00:00:00+00:00,0,BEAR,1.0,True,27,False,TRANSITION,TRANSITION,0.6,0.95,0.6
2021-07-30 00:00:00+00:00,0,BEAR,1.0,True,28,False,TRANSITION,TRANSITION,0.6,0.95,0.6
2021-07-31 00:00:00+00:00,0,BEAR,1.0,True,29,False,TRANSITION,TRANSITION,0.6,0.95,0.6
2021-08-01 00:00:00+00:00,0,BEAR,1.0,True,30,False,TRANSITION,TRANSITION,0.6,0.95,0.6
2021-08-02 00:00:00+00:00,0,BEAR,1.0,True,31,False,TRANSITION,TRANSITION,0.6,0.95,0.6
2021-08-03 00:00:00+00:00,0,BEAR,1.0,True,32,False,TRANSITION,TRANSITION,0.6,0.95,0.6
2021-08-04 00:00:00+00:00,0,BEAR,1.0,True,33,False,TRANSITION,TRANSITION,0.6,0.95,0.6
2021-08-05 00:00:00+00:00,0,BEAR,1.0,True,34,False,TRANSITION,TRANSITION,0.6,0.95,0.6
2021-08-06 00:00:00+00:00,0,BEAR,1.0,True,35,False,TRANSITION,TRANSITION,0.6,0.95,0.6
2021-08-07 00:00:00+00:00,0,BEAR,1.0,True,36,False,TRANSITION,TRANSITION,0.6,0.95,0.6
2021-08-08 00:00:00+00:00,0,BEAR,1.0,True,37,False,TRANSITION,TRANSITION,0.6,0.95,0.6
2021-08-09 00:00:00+00:00,0,BEAR,1.0983031939230866e-09,False,37,False,BULL_STRUCTURE,TRANSITION,0.6,0.6130391163838297178589377792,0.6
2021-08-10 00:00:00+00:00,0,BEAR,1.0,True,38,False,BULL_STRUCTURE,TRANSITION,0.6,0.95,0.6
2021-08-11 00:00:00+00:00,0,BEAR,1.0,True,39,False,BULL_STRUCTURE,TRANSITION,0.6,0.95,0.6
2021-08-12 00:00:00+00:00,0,BEAR,1.0,True,40,False,BULL_STRUCTURE,TRANSITION,0.6,0.95,0.6
2021-08-13 00:00:00+00:00,0,BEAR,1.0,True,41,False,BULL_STRUCTURE,BULL_STRUCTURE,1.0,0.95,0.95
2021-08-14 00:00:00+00:00,0,BEAR,1.0,True,42,False,BULL_STRUCTURE,BULL_STRUCTURE,1.0,0.9496776123587288618200111232,0.9496776123587288618200111232
2021-08-15 00:00:00+00:00,0,BEAR,1.0,True,43,False,BULL_STRUCTURE,BULL_STRUCTURE,1.0,0.9495812867807427158102900565,0.9495812867807427158102900565
2021-08-16 00:00:00+00:00,0,BEAR,1.0,True,44,False,BULL_STRUCTURE,BULL_STRUCTURE,1.0,0.9484639164682119734379050369,0.9484639164682119734379050369
2021-08-17 00:00:00+00:00,0,BEAR,1.0,True,45,False,BULL_STRUCTURE,BULL_STRUCTURE,1.0,0.9471475692588862483322186825,0.9471475692588862483322186825
2021-08-18 00:00:00+00:00,0,BEAR,1.0,True,46,False,BULL_STRUCTURE,BULL_STRUCTURE,1.0,0.9471580279026400308562565346,0.9471580279026400308562565346
2021-08-19 00:00:00+00:00,0,BEAR,1.0,True,47,False,BULL_STRUCTURE,BULL_STRUCTURE,1.0,0.9493630484551706062158024862,0.9493630484551706062158024862
2021-08-20 00:00:00+00:00,0,BEAR,1.0,True,48,False,BULL_STRUCTURE,BULL_STRUCTURE,1.0,0.9518665767845139998922567044,0.9518665767845139998922567044
2021-08-21 00:00:00+00:00,0,BEAR,1.0,True,49,False,BULL_STRUCTURE,BULL_STRUCTURE,1.0,0.9513970234023098251085289069,0.9513970234023098251085289069
2021-08-22 00:00:00+00:00,0,BEAR,1.0,True,50,False,BULL_STRUCTURE,BULL_STRUCTURE,1.0,0.9517891198040031632551017304,0.9517891198040031632551017304
2021-08-23 00:00:00+00:00,0,BEAR,1.0,True,51,False,BULL_STRUCTURE,BULL_STRUCTURE,1.0,0.9520206357118200600108322427,0.9520206357118200600108322427
2021-08-24 00:00:00+00:00,0,BEAR,1.0,True,52,False,BULL_STRUCTURE,BULL_STRUCTURE,1.0,0.9502849742872955605666064978,0.9502849742872955605666064978
2021-08-25 00:00:00+00:00,0,BEAR,1.0,True,53,False,BULL_STRUCTURE,BULL_STRUCTURE,1.0,0.9515400443555548308302980037,0.9515400443555548308302980037
2021-08-26 00:00:00+00:00,0,BEAR,1.0,True,54,False,BULL_STRUCTURE,BULL_STRUCTURE,1.0,0.9494484902643454802128771429,0.9494484902643454802128771429
2021-08-27 00:00:00+00:00,0,BEAR,1.0,True,55,False,BULL_STRUCTURE,BULL_STRUCTURE,1.0,0.9516308104262263073737316543,0.9516308104262263073737316543
2021-08-28 00:00:00+00:00,0,BEAR,1.0,True,56,False,BULL_STRUCTURE,BULL_STRUCTURE,1.0,0.9514665191075779868129717348,0.9514665191075779868129717348
2021-08-29 00:00:00+00:00,0,BEAR,1.0,True,57,False,BULL_STRUCTURE,BULL_STRUCTURE,1.0,0.9513457864633840507579476371,0.9513457864633840507579476371
2021-08-30 00:00:00+00:00,0,BEAR,1.0,True,58,False,BULL_STRUCTURE,BULL_STRUCTURE,1.0,0.9495905497903024653129785719,0.9495905497903024653129785719
2021-08-31 00:00:00+00:00,0,BEAR,1.0,True,59,False,BULL_STRUCTURE,BULL_STRUCTURE,1.0,0.9497104672621144195806798448,0.9497104672621144195806798448
2021-09-01 00:00:00+00:00,0,BEAR,1.0,True,60,False,BULL_STRUCTURE,BULL_STRUCTURE,1.0,0.9513862710824617533134251550,0.9513862710824617533134251550
2021-09-02 00:00:00+00:00,0,BEAR,1.0,True,61,False,BULL_STRUCTURE,BULL_STRUCTURE,1.0,0.9517960335950787847744949641,0.9517960335950787847744949641
2021-09-03 00:00:00+00:00,0,BEAR,1.0,True,62,False,BULL_STRUCTURE,BULL_STRUCTURE,1.0,0.9524870459666433014649905687,0.9524870459666433014649905687
2021-09-04 00:00:00+00:00,0,BEAR,1.0,True,63,False,BULL_STRUCTURE,BULL_STRUCTURE,1.0,0.9524113476144948651030481974,0.9524113476144948651030481974
2021-09-05 00:00:00+00:00,0,BEAR,1.0,True,64,False,BULL_STRUCTURE,BULL_STRUCTURE,1.0,0.9540264726357942495141577029,0.9540264726357942495141577029
2021-09-06 00:00:00+00:00,0,BEAR,1.0,True,65,False,BULL_STRUCTURE,BULL_STRUCTURE,1.0,0.9547824627320013389635377460,0.9547824627320013389635377460
2021-09-07 00:00:00+00:00,0,BEAR,1.0,True,66,False,BULL_STRUCTURE,BULL_STRUCTURE,1.0,0.9494688305587487935059301557,0.9494688305587487935059301557
2021-09-08 00:00:00+00:00,0,BEAR,1.0,True,67,False,BULL_STRUCTURE,BULL_STRUCTURE,1.0,0.9486200033527013934220595102,0.9486200033527013934220595102
2021-09-09 00:00:00+00:00,0,BEAR,1.0,True,68,False,BULL_STRUCTURE,BULL_STRUCTURE,1.0,0.9489845032064856596371693546,0.9489845032064856596371693546
2021-09-10 00:00:00+00:00,0,BEAR,0.9999999889223546,True,69,False,TRANSITION,BULL_STRUCTURE,0.6,0.9473205549875072789736006974,0.6
2021-09-11 00:00:00+00:00,0,BEAR,0.9199779387247532,True,70,False,TRANSITION,BULL_STRUCTURE,0.6,0.95,0.6
2021-09-12 00:00:00+00:00,0,BEAR,1.0,True,71,False,TRANSITION,BULL_STRUCTURE,0.6,0.95,0.6
2021-09-13 00:00:00+00:00,0,BEAR,1.0,True,72,False,TRANSITION,BULL_STRUCTURE,0.6,0.95,0.6
2021-09-14 00:00:00+00:00,0,BEAR,1.0,True,73,False,BULL_STRUCTURE,BULL_STRUCTURE,1.0,0.95,0.95
2021-09-15 00:00:00+00:00,0,BEAR,1.0,True,74,False,BULL_STRUCTURE,BULL_STRUCTURE,1.0,0.9514129161686707153713985853,0.9514129161686707153713985853
2021-09-16 00:00:00+00:00,0,BEAR,1.0,True,75,False,BULL_STRUCTURE,BULL_STRUCTURE,1.0,0.9510416160830664167882801582,0.9510416160830664167882801582
2021-09-17 00:00:00+00:00,0,BEAR,1.0,True,76,False,BULL_STRUCTURE,BULL_STRUCTURE,1.0,0.9506108075476991626185794571,0.9506108075476991626185794571
2021-09-18 00:00:00+00:00,0,BEAR,1.0,True,77,False,BULL_STRUCTURE,BULL_STRUCTURE,1.0,0.9515769435352579889373139246,0.9515769435352579889373139246
2021-09-19 00:00:00+00:00,0,BEAR,1.0,True,78,False,BULL_STRUCTURE,BULL_STRUCTURE,1.0,0.9505529408034909668528662937,0.9505529408034909668528662937
2021-09-20 00:00:00+00:00,0,BEAR,1.348678873799328e-06,False,78,False,TRANSITION,BULL_STRUCTURE,0.6,0.475,0.475
2021-09-21 00:00:00+00:00,0,BEAR,7.052154306967152e-166,False,78,False,BEAR_STRUCTURE,BULL_STRUCTURE,0.3,0.4617125169903293619515212571,0.3
2021-09-22 00:00:00+00:00,3,CRASH,1.0,True,3,False,BEAR_STRUCTURE,BULL_STRUCTURE,0.3,0.3142508061956352519607377709,0.3
2021-09-23 00:00:00+00:00,3,CRASH,1.0,True,4,False,BEAR_STRUCTURE,BULL_STRUCTURE,0.3,0.3063081880507830038661813305,0.3
2021-09-24 00:00:00+00:00,3,CRASH,1.0,True,5,False,BEAR_STRUCTURE,BULL_STRUCTURE,0.3,0.2902504941270982632123477971,0.2902504941270982632123477971
2021-09-25 00:00:00+00:00,3,CRASH,1.0,True,6,False,BEAR_STRUCTURE,BEAR_STRUCTURE,0.3,0.2895765093229869058984436057,0.2895765093229869058984436057
2021-09-26 00:00:00+00:00,3,CRASH,1.0,True,7,False,BEAR_STRUCTURE,BEAR_STRUCTURE,0.3,0.2919322930670575532023597812,0.2919322930670575532023597812
2021-09-27 00:00:00+00:00,3,CRASH,0.00013825379654501175,False,7,False,BEAR_STRUCTURE,BEAR_STRUCTURE,0.3,0.2870446536958137247540935090,0.2870446536958137247540935090
2021-09-28 00:00:00+00:00,3,CRASH,1.0,True,8,False,BEAR_STRUCTURE,BEAR_STRUCTURE,0.3,0.2815606047223675918149099904,0.2815606047223675918149099904
2021-09-29 00:00:00+00:00,3,CRASH,1.0,True,9,False,BEAR_STRUCTURE,BEAR_STRUCTURE,0.3,0.2840063920244105702249469229,0.2840063920244105702249469229
2021-09-30 00:00:00+00:00,3,CRASH,9.564283904084316e-62,False,9,False,BEAR_STRUCTURE,BEAR_STRUCTURE,0.3,0.2950943316647494523826106299,0.2950943316647494523826106299
2021-10-01 00:00:00+00:00,2,STRONG_BEAR,1.0,True,1,False,TRANSITION,BEAR_STRUCTURE,0.3,0.95,0.3
2021-10-02 00:00:00+00:00,2,STRONG_BEAR,1.0,True,2,False,TRANSITION,BEAR_STRUCTURE,0.3,0.95,0.3
2021-10-03 00:00:00+00:00,2,STRONG_BEAR,1.0,True,3,False,TRANSITION,BEAR_STRUCTURE,0.3,0.95,0.3
2021-10-04 00:00:00+00:00,2,STRONG_BEAR,1.0,True,4,False,TRANSITION,BEAR_STRUCTURE,0.3,0.95,0.3
2021-10-05 00:00:00+00:00,2,STRONG_BEAR,1.0,True,5,False,TRANSITION,TRANSITION,0.6,0.95,0.6
2021-10-06 00:00:00+00:00,2,STRONG_BEAR,1.0,True,6,False,TRANSITION,TRANSITION,0.6,0.95,0.6
2021-10-07 00:00:00+00:00,2,STRONG_BEAR,1.0,True,7,False,TRANSITION,TRANSITION,0.6,0.95,0.6
2021-10-08 00:00:00+00:00,2,STRONG_BEAR,1.0,True,8,False,TRANSITION,TRANSITION,0.6,0.95,0.6
2021-10-09 00:00:00+00:00,2,STRONG_BEAR,1.0,True,9,False,TRANSITION,TRANSITION,0.6,0.95,0.6
2021-10-10 00:00:00+00:00,2,STRONG_BEAR,1.768511548647016e-07,False,9,False,TRANSITION,TRANSITION,0.6,0.5987264972322751836009703575,0.5987264972322751836009703575
2021-10-11 00:00:00+00:00,2,STRONG_BEAR,6.609002028954277e-74,False,9,False,TRANSITION,TRANSITION,0.6,0.6107187199236192748862140591,0.6
2021-10-12 00:00:00+00:00,0,WEAK_BULL,1.0,True,3,False,TRANSITION,TRANSITION,0.6,0.95,0.6
2021-10-13 00:00:00+00:00,0,WEAK_BULL,1.0,True,4,False,TRANSITION,TRANSITION,0.6,0.95,0.6
2021-10-14 00:00:00+00:00,0,WEAK_BULL,1.0,True,5,False,TRANSITION,TRANSITION,0.6,0.95,0.6
2021-10-15 00:00:00+00:00,0,WEAK_BULL,1.0,True,6,False,TRANSITION,TRANSITION,0.6,0.95,0.6
2021-10-16 00:00:00+00:00,0,WEAK_BULL,1.0,True,7,False,TRANSITION,TRANSITION,0.6,0.95,0.6
2021-10-17 00:00:00+00:00,0,WEAK_BULL,1.0,True,8,False,TRANSITION,TRANSITION,0.6,0.95,0.6
2021-10-18 00:00:00+00:00,0,WEAK_BULL,1.0,True,9,False,TRANSITION,TRANSITION,0.6,0.95,0.6
2021-10-19 00:00:00+00:00,0,WEAK_BULL,1.0,True,10,False,TRANSITION,TRANSITION,0.6,0.95,0.6
2021-10-20 00:00:00+00:00,0,WEAK_BULL,1.0,True,11,False,TRANSITION,TRANSITION,0.6,0.95,0.6
2021-10-21 00:00:00+00:00,0,WEAK_BULL,1.0,True,12,False,TRANSITION,TRANSITION,0.6,0.95,0.6
2021-10-22 00:00:00+00:00,0,WEAK_BULL,1.0,True,13,False,TRANSITION,TRANSITION,0.6,0.95,0.6
2021-10-23 00:00:00+00:00,0,WEAK_BULL,1.0,True,14,False,TRANSITION,TRANSITION,0.6,0.95,0.6
2021-10-24 00:00:00+00:00,0,WEAK_BULL,1.0,True,15,False,TRANSITION,TRANSITION,0.6,0.95,0.6
2021-10-25 00:00:00+00:00,0,WEAK_BULL,1.0,True,16,False,TRANSITION,TRANSITION,0.6,0.95,0.6
2021-10-26 00:00:00+00:00,0,WEAK_BULL,1.0,True,17,False,TRANSITION,TRANSITION,0.6,0.95,0.6
2021-10-27 00:00:00+00:00,0,WEAK_BULL,0.9999999999959073,True,18,False,TRANSITION,TRANSITION,0.6,0.95,0.6
2021-10-28 00:00:00+00:00,0,WEAK_BULL,0.9999999999488409,True,19,False,TRANSITION,TRANSITION,0.6,0.95,0.6
2021-10-29 00:00:00+00:00,0,WEAK_BULL,0.9999999999995453,True,20,False,TRANSITION,TRANSITION,0.6,0.95,0.6
2021-10-30 00:00:00+00:00,0,WEAK_BULL,1.0,True,21,False,BULL_STRUCTURE,TRANSITION,0.6,0.95,0.6
2021-10-31 00:00:00+00:00,0,WEAK_BULL,0.9999999999995453,True,22,False,BULL_STRUCTURE,TRANSITION,0.6,0.95,0.6
2021-11-01 00:00:00+00:00,0,WEAK_BULL,0.9999989490355412,True,23,False,BULL_STRUCTURE,TRANSITION,0.6,0.95,0.6
2021-11-02 00:00:00+00:00,0,WEAK_BULL,0.999999999906322,True,24,False,BULL_STRUCTURE,TRANSITION,0.6,0.95,0.6
2021-11-03 00:00:00+00:00,0,WEAK_BULL,0.9999999999836291,True,25,False,BULL_STRUCTURE,BULL_STRUCTURE,1.0,0.95,0.95
2021-11-04 00:00:00+00:00,0,WEAK_BULL,0.9999972717037892,True,26,False,BULL_STRUCTURE,BULL_STRUCTURE,1.0,0.9492774299263692881996422276,0.9492774299263692881996422276
2021-11-05 00:00:00+00:00,0,WEAK_BULL,0.9896127380331418,True,27,False,BULL_STRUCTURE,BULL_STRUCTURE,1.0,0.9489157635405775238237624075,0.9489157635405775238237624075
2021-11-06 00:00:00+00:00,0,WEAK_BULL,0.9999036779783406,True,28,False,BULL_STRUCTURE,BULL_STRUCTURE,1.0,0.9493366509311210576759785428,0.9493366509311210576759785428
2021-11-07 00:00:00+00:00,0,WEAK_BULL,0.9999999993751771,True,29,False,BULL_STRUCTURE,BULL_STRUCTURE,1.0,0.9507091434918383898331424114,0.9507091434918383898331424114
2021-11-08 00:00:00+00:00,0,WEAK_BULL,0.9997166248222615,True,30,False,BULL_STRUCTURE,BULL_STRUCTURE,1.0,0.9536692817514732086647921935,0.9536692817514732086647921935
2021-11-09 00:00:00+00:00,0,WEAK_BULL,0.9999490241399236,True,31,False,BULL_STRUCTURE,BULL_STRUCTURE,1.0,0.9532878531604364055518756747,0.9532878531604364055518756747
2021-11-10 00:00:00+00:00,0,WEAK_BULL,1.5062353055647031e-07,False,31,False,BULL_STRUCTURE,BULL_STRUCTURE,1.0,0.475,0.475
2021-11-11 00:00:00+00:00,0,WEAK_BULL,8.050494251432942e-08,False,31,False,BULL_STRUCTURE,BULL_STRUCTURE,1.0,0.4748734343894976747441849327,0.4748734343894976747441849327
2021-11-12 00:00:00+00:00,2,STRONG_BEAR,0.9998688098424705,True,3,False,BULL_STRUCTURE,BULL_STRUCTURE,1.0,0.95,0.95
2021-11-13 00:00:00+00:00,2,STRONG_BEAR,0.0011552641768098105,False,3,False,BULL_STRUCTURE,BULL_STRUCTURE,1.0,0.475,0.475
2021-11-14 00:00:00+00:00,2,STRONG_BEAR,8.910925535214171e-10,False,3,False,BULL_STRUCTURE,BULL_STRUCTURE,1.0,0.4796653250848719079093145428,0.4796653250848719079093145428
2021-11-15 00:00:00+00:00,2,STRONG_BEAR,0.9736966117151855,True,4,False,BULL_STRUCTURE,BULL_STRUCTURE,1.0,0.95,0.95
2021-11-16 00:00:00+00:00,2,STRONG_BEAR,1.0,True,5,False,BULL_STRUCTURE,BULL_STRUCTURE,1.0,0.9478234846105509393552305751,0.9478234846105509393552305751
2021-11-17 00:00:00+00:00,2,STRONG_BEAR,1.0,True,6,False,BULL_STRUCTURE,BULL_STRUCTURE,1.0,0.9480579267209580466682086715,0.9480579267209580466682086715
2021-11-18 00:00:00+00:00,2,STRONG_BEAR,1.0,True,7,False,BULL_STRUCTURE,BULL_STRUCTURE,1.0,0.60,0.60
2021-11-19 00:00:00+00:00,2,STRONG_BEAR,1.0,True,8,False,BULL_STRUCTURE,BULL_STRUCTURE,1.0,0.6051049296729367776310750426,0.6051049296729367776310750426
2021-11-20 00:00:00+00:00,2,STRONG_BEAR,0.999999995145572,True,9,False,BULL_STRUCTURE,BULL_STRUCTURE,1.0,0.95,0.95
2021-11-21 00:00:00+00:00,2,STRONG_BEAR,0.9999999999986358,True,10,False,BULL_STRUCTURE,BULL_STRUCTURE,1.0,0.60,0.60
2021-11-22 00:00:00+00:00,2,STRONG_BEAR,1.0,True,11,False,BULL_STRUCTURE,BULL_STRUCTURE,1.0,0.5903240354247119543247495453,0.5903240354247119543247495453
2021-11-23 00:00:00+00:00,2,STRONG_BEAR,1.0,True,12,False,BULL_STRUCTURE,BULL_STRUCTURE,1.0,0.5958135749582575535584157318,0.5958135749582575535584157318
2021-11-24 00:00:00+00:00,2,STRONG_BEAR,1.0,True,13,False,BULL_STRUCTURE,BULL_STRUCTURE,1.0,0.5941199699578830384027867942,0.5941199699578830384027867942
2021-11-25 00:00:00+00:00,2,STRONG_BEAR,1.0,True,14,False,BULL_STRUCTURE,BULL_STRUCTURE,1.0,0.95,0.95
2021-11-26 00:00:00+00:00,2,STRONG_BEAR,1.0,True,15,False,BULL_STRUCTURE,BULL_STRUCTURE,1.0,0.60,0.60
2021-11-27 00:00:00+00:00,2,STRONG_BEAR,1.0,True,16,False,BULL_STRUCTURE,BULL_STRUCTURE,1.0,0.6046690723034554230445749782,0.6046690723034554230445749782
2021-11-28 00:00:00+00:00,2,STRONG_BEAR,1.0,True,17,False,BULL_STRUCTURE,BULL_STRUCTURE,1.0,0.6155191680607528491781939607,0.6155191680607528491781939607
2021-11-29 00:00:00+00:00,2,STRONG_BEAR,1.0,True,18,False,BULL_STRUCTURE,BULL_STRUCTURE,1.0,0.6175796873769417968250406572,0.6175796873769417968250406572
2021-11-30 00:00:00+00:00,2,STRONG_BEAR,1.0,True,19,False,BULL_STRUCTURE,BULL_STRUCTURE,1.0,0.6141744162202737886478625101,0.6141744162202737886478625101
2021-12-01 00:00:00+00:00,2,STRONG_BEAR,1.0,True,20,False,BULL_STRUCTURE,BULL_STRUCTURE,1.0,0.6151435817079949508996526901,0.6151435817079949508996526901
2021-12-02 00:00:00+00:00,2,STRONG_BEAR,1.0,True,21,False,BULL_STRUCTURE,BULL_STRUCTURE,1.0,0.6122079170915864568733929363,0.6122079170915864568733929363
2021-12-03 00:00:00+00:00,2,STRONG_BEAR,1.0,True,22,False,BULL_STRUCTURE,BULL_STRUCTURE,1.0,0.5997152225079673356530994784,0.5997152225079673356530994784
2021-12-04 00:00:00+00:00,2,STRONG_BEAR,1.0,True,23,False,BULL_STRUCTURE,BULL_STRUCTURE,1.0,0.5787482920318794195594376945,0.5787482920318794195594376945
2021-12-05 00:00:00+00:00,2,STRONG_BEAR,1.0,True,24,False,BULL_STRUCTURE,BULL_STRUCTURE,1.0,0.5799543867029059031341261627,0.5799543867029059031341261627
2021-12-06 00:00:00+00:00,2,STRONG_BEAR,1.0,True,25,False,BULL_STRUCTURE,BULL_STRUCTURE,1.0,0.5850483761841611434443023997,0.5850483761841611434443023997
2021-12-07 00:00:00+00:00,2,STRONG_BEAR,1.0,True,26,False,BULL_STRUCTURE,BULL_STRUCTURE,1.0,0.5857547972054137769319422819,0.5857547972054137769319422819
2021-12-08 00:00:00+00:00,2,STRONG_BEAR,1.0,True,27,False,BULL_STRUCTURE,BULL_STRUCTURE,1.0,0.5851891989753124961721880851,0.5851891989753124961721880851
2021-12-09 00:00:00+00:00,2,STRONG_BEAR,1.0,True,28,False,BULL_STRUCTURE,BULL_STRUCTURE,1.0,0.5706243801842954416725358002,0.5706243801842954416725358002
2021-12-10 00:00:00+00:00,2,STRONG_BEAR,1.0,True,29,False,BULL_STRUCTURE,BULL_STRUCTURE,1.0,0.5685268777862696629396349131,0.5685268777862696629396349131
2021-12-11 00:00:00+00:00,2,STRONG_BEAR,1.0,True,30,False,BULL_STRUCTURE,BULL_STRUCTURE,1.0,0.5799231174723555844335340548,0.5799231174723555844335340548
2021-12-12 00:00:00+00:00,2,STRONG_BEAR,1.0,True,31,False,BULL_STRUCTURE,BULL_STRUCTURE,1.0,0.5831724719075675616408302518,0.5831724719075675616408302518
2021-12-13 00:00:00+00:00,2,STRONG_BEAR,1.0,True,32,False,BULL_STRUCTURE,BULL_STRUCTURE,1.0,0.5662366687655469682197067638,0.5662366687655469682197067638
2021-12-14 00:00:00+00:00,2,STRONG_BEAR,1.0,True,33,False,BULL_STRUCTURE,BULL_STRUCTURE,1.0,0.5746960601556592568212535899,0.5746960601556592568212535899
2021-12-15 00:00:00+00:00,2,STRONG_BEAR,1.0,True,34,False,BULL_STRUCTURE,BULL_STRUCTURE,1.0,0.5773174838912163996717893123,0.5773174838912163996717893123
2021-12-16 00:00:00+00:00,2,STRONG_BEAR,1.0,True,35,False,BULL_STRUCTURE,BULL_STRUCTURE,1.0,0.5710711615146667605264658913,0.5710711615146667605264658913
2021-12-17 00:00:00+00:00,2,STRONG_BEAR,1.0,True,36,False,BULL_STRUCTURE,BULL_STRUCTURE,1.0,0.5632098767828867974644897668,0.5632098767828867974644897668
2021-12-18 00:00:00+00:00,2,STRONG_BEAR,1.0,True,37,False,BULL_STRUCTURE,BULL_STRUCTURE,1.0,0.5669283404427593504377222391,0.5669283404427593504377222391
2021-12-19 00:00:00+00:00,2,STRONG_BEAR,1.0,True,38,False,BULL_STRUCTURE,BULL_STRUCTURE,1.0,0.5661234641934749983382086546,0.5661234641934749983382086546
2021-12-20 00:00:00+00:00,2,STRONG_BEAR,1.0,True,39,False,BULL_STRUCTURE,BULL_STRUCTURE,1.0,0.5673456447528201317607831438,0.5673456447528201317607831438
2021-12-21 00:00:00+00:00,2,STRONG_BEAR,1.0,True,40,False,BULL_STRUCTURE,BULL_STRUCTURE,1.0,0.5774417929771469133046194157,0.5774417929771469133046194157
2021-12-22 00:00:00+00:00,2,STRONG_BEAR,1.0,True,41,False,BULL_STRUCTURE,BULL_STRUCTURE,1.0,0.5759305638560920812481914295,0.5759305638560920812481914295
2021-12-23 00:00:00+00:00,2,STRONG_BEAR,0.9998727875467535,True,42,False,BULL_STRUCTURE,BULL_STRUCTURE,1.0,0.5869497748685844033550415310,0.5869497748685844033550415310
2021-12-24 00:00:00+00:00,2,STRONG_BEAR,1.6322154897614157e-11,False,42,False,BULL_STRUCTURE,BULL_STRUCTURE,1.0,0.30,0.30
2021-12-25 00:00:00+00:00,2,STRONG_BEAR,3.314373476051485e-10,False,42,False,BULL_STRUCTURE,BULL_STRUCTURE,1.0,0.2983654438159966019981871095,0.2983654438159966019981871095
2021-12-26 00:00:00+00:00,0,WEAK_BULL,0.9999998410162461,True,3,False,BULL_STRUCTURE,BULL_STRUCTURE,1.0,0.95,0.95
2021-12-27 00:00:00+00:00,0,WEAK_BULL,0.6754344460691313,True,4,False,BULL_STRUCTURE,BULL_STRUCTURE,1.0,0.9507348566640988581346955694,0.9507348566640988581346955694
2021-12-28 00:00:00+00:00,0,WEAK_BULL,7.153970796844276e-18,False,4,False,BULL_STRUCTURE,BULL_STRUCTURE,1.0,0.475,0.475
2021-12-29 00:00:00+00:00,0,WEAK_BULL,6.57873974182985e-12,False,4,False,TRANSITION,BULL_STRUCTURE,0.6,0.4695662782481196962785396342,0.4695662782481196962785396342
2021-12-30 00:00:00+00:00,2,STRONG_BEAR,0.9999999998599378,True,3,False,TRANSITION,BULL_STRUCTURE,0.6,0.4730607179965493458139753826,0.4730607179965493458139753826
2021-12-31 00:00:00+00:00,2,STRONG_BEAR,0.9999972422830805,True,4,False,TRANSITION,BULL_STRUCTURE,0.6,0.4682349887742731118444384593,0.4682349887742731118444384593
2022-01-01 00:00:00+00:00,2,STRONG_BEAR,0.9976334340927578,True,5,False,TRANSITION,BULL_STRUCTURE,0.6,0.4762250790908541350904001055,0.4762250790908541350904001055
2022-01-02 00:00:00+00:00,2,STRONG_BEAR,0.9999357483562923,True,6,False,TRANSITION,TRANSITION,0.6,0.4739337760665215192349345822,0.4739337760665215192349345822
2022-01-03 00:00:00+00:00,2,STRONG_BEAR,0.9997080535661601,True,7,False,TRANSITION,TRANSITION,0.6,0.4694667687121283456223253847,0.4694667687121283456223253847
2022-01-04 00:00:00+00:00,2,STRONG_BEAR,0.9999999999304237,True,8,False,TRANSITION,TRANSITION,0.6,0.4661531363422923878411506880,0.4661531363422923878411506880
2022-01-05 00:00:00+00:00,2,STRONG_BEAR,1.0,True,9,False,TRANSITION,TRANSITION,0.6,0.4529048383703679820436033890,0.4529048383703679820436033890
2022-01-06 00:00:00+00:00,2,STRONG_BEAR,1.0,True,10,False,TRANSITION,TRANSITION,0.6,0.4507935088985171475836346637,0.4507935088985171475836346637
2022-01-07 00:00:00+00:00,2,STRONG_BEAR,1.0,True,11,False,TRANSITION,TRANSITION,0.6,0.4419421822752086777958251573,0.4419421822752086777958251573
2022-01-08 00:00:00+00:00,2,STRONG_BEAR,1.0,True,12,False,TRANSITION,TRANSITION,0.6,0.4426133874532628906661132496,0.4426133874532628906661132496
2022-01-09 00:00:00+00:00,2,STRONG_BEAR,1.0,True,13,False,TRANSITION,TRANSITION,0.6,0.4437055673804024015304343611,0.4437055673804024015304343611
2022-01-10 00:00:00+00:00,2,STRONG_BEAR,1.0,True,14,False,TRANSITION,TRANSITION,0.6,0.4434570608185054207894541745,0.4434570608185054207894541745
2022-01-11 00:00:00+00:00,2,STRONG_BEAR,1.0,True,15,False,TRANSITION,TRANSITION,0.6,0.4487573070432680735848356281,0.4487573070432680735848356281
2022-01-12 00:00:00+00:00,2,STRONG_BEAR,1.0,True,16,False,TRANSITION,TRANSITION,0.6,0.4554676470345922597707690057,0.4554676470345922597707690057
2022-01-13 00:00:00+00:00,2,STRONG_BEAR,1.0,True,17,False,TRANSITION,TRANSITION,0.6,0.4477761239478837933008207653,0.4477761239478837933008207653
2022-01-14 00:00:00+00:00,2,STRONG_BEAR,1.0,True,18,False,TRANSITION,TRANSITION,0.6,0.4506650413497644913471555669,0.4506650413497644913471555669
2022-01-15 00:00:00+00:00,2,STRONG_BEAR,1.0,True,19,False,TRANSITION,TRANSITION,0.6,0.4508048870189628772994051964,0.4508048870189628772994051964
2022-01-16 00:00:00+00:00,2,STRONG_BEAR,1.0,True,20,False,TRANSITION,TRANSITION,0.6,0.4507323003133566322258184920,0.4507323003133566322258184920
2022-01-17 00:00:00+00:00,2,STRONG_BEAR,1.0,True,21,False,TRANSITION,TRANSITION,0.6,0.4456854248366027524849225019,0.4456854248366027524849225019
2022-01-18 00:00:00+00:00,2,STRONG_BEAR,1.0,True,22,False,TRANSITION,TRANSITION,0.6,0.4465650595976181980176413208,0.4465650595976181980176413208
2022-01-19 00:00:00+00:00,2,STRONG_BEAR,1.0,True,23,False,TRANSITION,TRANSITION,0.6,0.4424965790287265121042402034,0.4424965790287265121042402034
2022-01-20 00:00:00+00:00,2,STRONG_BEAR,1.0,True,24,False,TRANSITION,TRANSITION,0.6,0.4366378247620019273027187657,0.4366378247620019273027187657
2022-01-21 00:00:00+00:00,2,STRONG_BEAR,1.0,True,25,False,TRANSITION,TRANSITION,0.6,0.4098066332374613661031760028,0.4098066332374613661031760028
2022-01-22 00:00:00+00:00,2,STRONG_BEAR,1.0,True,26,False,TRANSITION,TRANSITION,0.6,0.4005459030690073938027402616,0.4005459030690073938027402616
2022-01-23 00:00:00+00:00,2,STRONG_BEAR,1.0,True,27,False,TRANSITION,TRANSITION,0.6,0.4084712978928577733945765037,0.4084712978928577733945765037
2022-01-24 00:00:00+00:00,2,STRONG_BEAR,1.0,True,28,False,TRANSITION,TRANSITION,0.6,0.4112302793723531391978292031,0.4112302793723531391978292031
2022-01-25 00:00:00+00:00,2,STRONG_BEAR,1.0,True,29,False,TRANSITION,TRANSITION,0.6,0.4131916393618738544829710549,0.4131916393618738544829710549
2022-01-26 00:00:00+00:00,2,STRONG_BEAR,1.0,True,30,False,TRANSITION,TRANSITION,0.6,0.4122126284668492533086578582,0.4122126284668492533086578582
2022-01-27 00:00:00+00:00,2,STRONG_BEAR,1.0,True,31,False,TRANSITION,TRANSITION,0.6,0.4145124333953789097950452157,0.4145124333953789097950452157
2022-01-28 00:00:00+00:00,2,STRONG_BEAR,1.0,True,32,False,TRANSITION,TRANSITION,0.6,0.4181242434463131749556723156,0.4181242434463131749556723156
2022-01-29 00:00:00+00:00,2,STRONG_BEAR,1.0,True,33,False,TRANSITION,TRANSITION,0.6,0.4210144154000094873265181200,0.4210144154000094873265181200
2022-01-30 00:00:00+00:00,2,STRONG_BEAR,1.0,True,34,False,TRANSITION,TRANSITION,0.6,0.4191879429099707787129145811,0.4191879429099707787129145811
2022-01-31 00:00:00+00:00,2,STRONG_BEAR,1.0,True,35,False,TRANSITION,TRANSITION,0.6,0.4229244951791456023494015772,0.4229244951791456023494015772
2022-02-01 00:00:00+00:00,2,STRONG_BEAR,1.0,True,36,False,TRANSITION,TRANSITION,0.6,0.4243655032749174455693753695,0.4243655032749174455693753695
2022-02-02 00:00:00+00:00,2,STRONG_BEAR,1.0,True,37,False,TRANSITION,TRANSITION,0.6,0.4127848702664251547702878169,0.4127848702664251547702878169
2022-02-03 00:00:00+00:00,2,STRONG_BEAR,0.9999999999681677,True,38,False,TRANSITION,TRANSITION,0.6,0.4155002726927228805960134393,0.4155002726927228805960134393
2022-02-04 00:00:00+00:00,2,STRONG_BEAR,0.9999999998708518,True,39,False,TRANSITION,TRANSITION,0.6,0.4419882807488978466031342699,0.4419882807488978466031342699
2022-02-05 00:00:00+00:00,2,STRONG_BEAR,1.0,True,40,False,TRANSITION,TRANSITION,0.6,0.4408489575155248279642190251,0.4408489575155248279642190251
2022-02-06 00:00:00+00:00,2,STRONG_BEAR,1.0,True,41,False,TRANSITION,TRANSITION,0.6,0.4467327786404499449903648501,0.4467327786404499449903648501
2022-02-07 00:00:00+00:00,2,STRONG_BEAR,1.0,True,42,False,TRANSITION,TRANSITION,0.6,0.95,0.6
2022-02-08 00:00:00+00:00,2,STRONG_BEAR,1.0,True,43,False,TRANSITION,TRANSITION,0.6,0.95,0.6
2022-02-09 00:00:00+00:00,2,STRONG_BEAR,1.0,True,44,False,TRANSITION,TRANSITION,0.6,0.95,0.6
2022-02-10 00:00:00+00:00,2,STRONG_BEAR,1.9277612412571804e-40,False,44,False,TRANSITION,TRANSITION,0.6,0.5951954372175714384627789916,0.5951954372175714384627789916
2022-02-11 00:00:00+00:00,2,STRONG_BEAR,4.9760972940438956e-46,False,44,False,TRANSITION,TRANSITION,0.6,0.30,0.30
2022-02-12 00:00:00+00:00,0,WEAK_BULL,1.0,True,3,False,TRANSITION,TRANSITION,0.6,0.95,0.6
2022-02-13 00:00:00+00:00,0,WEAK_BULL,1.0,True,4,False,TRANSITION,TRANSITION,0.6,0.95,0.6
2022-02-14 00:00:00+00:00,0,WEAK_BULL,0.9999999902975105,True,5,False,TRANSITION,TRANSITION,0.6,0.95,0.6
2022-02-15 00:00:00+00:00,0,WEAK_BULL,1.0,True,6,False,TRANSITION,TRANSITION,0.6,0.95,0.6
2022-02-16 00:00:00+00:00,0,WEAK_BULL,0.9999930624384976,True,7,False,TRANSITION,TRANSITION,0.6,0.95,0.6
2022-02-17 00:00:00+00:00,0,WEAK_BULL,1.0268662311212888e-09,False,7,False,TRANSITION,TRANSITION,0.6,0.5807502898749153222989531616,0.5807502898749153222989531616
2022-02-18 00:00:00+00:00,0,WEAK_BULL,1.2065026541833919e-14,False,7,False,TRANSITION,TRANSITION,0.6,0.5774721509053327854094386660,0.5774721509053327854094386660
2022-02-19 00:00:00+00:00,2,STRONG_BEAR,1.0,True,3,False,TRANSITION,TRANSITION,0.6,0.5781104416348049325637450975,0.5781104416348049325637450975
2022-02-20 00:00:00+00:00,2,STRONG_BEAR,1.0,True,4,False,TRANSITION,TRANSITION,0.6,0.5675545319361699426694348919,0.5675545319361699426694348919
2022-02-21 00:00:00+00:00,2,STRONG_BEAR,1.0,True,5,False,TRANSITION,TRANSITION,0.6,0.5585558339777704386911575052,0.5585558339777704386911575052
2022-02-22 00:00:00+00:00,2,STRONG_BEAR,0.9999999994670361,True,6,False,TRANSITION,TRANSITION,0.6,0.5665512031280153031724183194,0.5665512031280153031724183194
2022-02-23 00:00:00+00:00,2,STRONG_BEAR,0.9999999999308784,True,7,False,TRANSITION,TRANSITION,0.6,0.5601613276659276511011753648,0.5601613276659276511011753648
2022-02-24 00:00:00+00:00,2,STRONG_BEAR,1.801019673456517e-39,False,7,False,TRANSITION,TRANSITION,0.6,0.30,0.30
2022-02-25 00:00:00+00:00,2,STRONG_BEAR,1.0197615436672127e-42,False,7,False,TRANSITION,TRANSITION,0.6,0.3049466343621351595996739843,0.3049466343621351595996739843
2022-02-26 00:00:00+00:00,0,WEAK_BULL,1.0,True,3,False,TRANSITION,TRANSITION,0.6,0.95,0.6
2022-02-27 00:00:00+00:00,0,WEAK_BULL,1.0,True,4,False,TRANSITION,TRANSITION,0.6,0.95,0.6
2022-02-28 00:00:00+00:00,0,WEAK_BULL,1.011173427324185e-07,False,4,False,TRANSITION,TRANSITION,0.6,0.6319911636859779600844444011,0.6
2022-03-01 00:00:00+00:00,0,WEAK_BULL,2.893166143660597e-17,False,4,False,TRANSITION,TRANSITION,0.6,0.6069148613920420273143568276,0.6
2022-03-02 00:00:00+00:00,2,STRONG_BEAR,0.9999999999954525,True,3,False,TRANSITION,TRANSITION,0.6,0.95,0.6
2022-03-03 00:00:00+00:00,2,STRONG_BEAR,0.9999994902729148,True,4,False,TRANSITION,TRANSITION,0.6,0.95,0.6
2022-03-04 00:00:00+00:00,2,STRONG_BEAR,1.0,True,5,False,TRANSITION,TRANSITION,0.6,0.5804044799766380048314641508,0.5804044799766380048314641508
2022-03-05 00:00:00+00:00,2,STRONG_BEAR,1.0,True,6,False,TRANSITION,TRANSITION,0.6,0.5819496090593614577190939163,0.5819496090593614577190939163
2022-03-06 00:00:00+00:00,2,STRONG_BEAR,1.0,True,7,False,TRANSITION,TRANSITION,0.6,0.5758272950441752520216495370,0.5758272950441752520216495370
2022-03-07 00:00:00+00:00,2,STRONG_BEAR,1.0,True,8,False,BEAR_STRUCTURE,TRANSITION,0.3,0.5730578545034972258228919942,0.3
2022-03-08 00:00:00+00:00,2,STRONG_BEAR,1.0,True,9,False,BEAR_STRUCTURE,TRANSITION,0.3,0.60,0.3
2022-03-09 00:00:00+00:00,2,STRONG_BEAR,1.0,True,10,False,BEAR_STRUCTURE,TRANSITION,0.3,0.95,0.3
2022-03-10 00:00:00+00:00,2,STRONG_BEAR,1.0,True,11,False,BEAR_STRUCTURE,TRANSITION,0.3,0.60,0.3
2022-03-11 00:00:00+00:00,2,STRONG_BEAR,1.0,True,12,False,BEAR_STRUCTURE,BEAR_STRUCTURE,0.3,0.60,0.3
2022-03-12 00:00:00+00:00,2,STRONG_BEAR,1.0,True,13,False,BEAR_STRUCTURE,BEAR_STRUCTURE,0.3,0.60,0.3
2022-03-13 00:00:00+00:00,2,STRONG_BEAR,1.0,True,14,False,BEAR_STRUCTURE,BEAR_STRUCTURE,0.3,0.60,0.3
2022-03-14 00:00:00+00:00,2,STRONG_BEAR,1.0,True,15,False,BEAR_STRUCTURE,BEAR_STRUCTURE,0.3,0.60,0.3
2022-03-15 00:00:00+00:00,2,STRONG_BEAR,1.0,True,16,False,BEAR_STRUCTURE,BEAR_STRUCTURE,0.3,0.60,0.3
2022-03-16 00:00:00+00:00,2,STRONG_BEAR,1.0,True,17,False,BEAR_STRUCTURE,BEAR_STRUCTURE,0.3,0.95,0.3
2022-03-17 00:00:00+00:00,2,STRONG_BEAR,1.0,True,18,False,BEAR_STRUCTURE,BEAR_STRUCTURE,0.3,0.95,0.3
2022-03-18 00:00:00+00:00,2,STRONG_BEAR,1.0,True,19,False,BEAR_STRUCTURE,BEAR_STRUCTURE,0.3,0.95,0.3
2022-03-19 00:00:00+00:00,2,STRONG_BEAR,1.0,True,20,False,BEAR_STRUCTURE,BEAR_STRUCTURE,0.3,0.95,0.3
2022-03-20 00:00:00+00:00,2,STRONG_BEAR,1.1335714769760907e-09,False,20,False,BEAR_STRUCTURE,BEAR_STRUCTURE,0.3,0.2952961022074802511749115667,0.2952961022074802511749115667
2022-03-21 00:00:00+00:00,2,STRONG_BEAR,0.0003424641895337839,False,20,False,BEAR_STRUCTURE,BEAR_STRUCTURE,0.3,0.2939831140639349917373457039,0.2939831140639349917373457039
2022-03-22 00:00:00+00:00,0,WEAK_BULL,0.9999999999936335,True,3,False,BEAR_STRUCTURE,BEAR_STRUCTURE,0.3,0.95,0.3
2022-03-23 00:00:00+00:00,0,WEAK_BULL,0.9999999980136636,True,4,False,BEAR_STRUCTURE,BEAR_STRUCTURE,0.3,0.95,0.3
2022-03-24 00:00:00+00:00,0,WEAK_BULL,1.0,True,5,False,BEAR_STRUCTURE,BEAR_STRUCTURE,0.3,0.95,0.3
2022-03-25 00:00:00+00:00,0,WEAK_BULL,1.0,True,6,False,BEAR_STRUCTURE,BEAR_STRUCTURE,0.3,0.95,0.3
2022-03-26 00:00:00+00:00,0,WEAK_BULL,1.0,True,7,False,BEAR_STRUCTURE,BEAR_STRUCTURE,0.3,0.95,0.3
2022-03-27 00:00:00+00:00,0,WEAK_BULL,1.0,True,8,False,BEAR_STRUCTURE,BEAR_STRUCTURE,0.3,0.95,0.3
2022-03-28 00:00:00+00:00,0,WEAK_BULL,1.0,True,9,False,BEAR_STRUCTURE,BEAR_STRUCTURE,0.3,0.95,0.3
2022-03-29 00:00:00+00:00,0,WEAK_BULL,1.0,True,10,False,BEAR_STRUCTURE,BEAR_STRUCTURE,0.3,0.95,0.3
2022-03-30 00:00:00+00:00,0,WEAK_BULL,1.0,True,11,False,BEAR_STRUCTURE,BEAR_STRUCTURE,0.3,0.95,0.3
2022-03-31 00:00:00+00:00,0,WEAK_BULL,1.0,True,12,False,BEAR_STRUCTURE,BEAR_STRUCTURE,0.3,0.95,0.3
2022-04-01 00:00:00+00:00,0,EUPHORIA,1.0,True,1,False,BEAR_STRUCTURE,BEAR_STRUCTURE,0.3,0.95,0.3
2022-04-02 00:00:00+00:00,0,EUPHORIA,1.0,True,2,False,BEAR_STRUCTURE,BEAR_STRUCTURE,0.3,0.95,0.3
2022-04-03 00:00:00+00:00,0,EUPHORIA,1.0,True,3,False,BEAR_STRUCTURE,BEAR_STRUCTURE,0.3,0.95,0.3
2022-04-04 00:00:00+00:00,0,EUPHORIA,1.0,True,4,False,BEAR_STRUCTURE,BEAR_STRUCTURE,0.3,0.95,0.3
2022-04-05 00:00:00+00:00,0,EUPHORIA,1.0,True,5,False,BEAR_STRUCTURE,BEAR_STRUCTURE,0.3,0.95,0.3
2022-04-06 00:00:00+00:00,0,EUPHORIA,1.0,True,6,False,BEAR_STRUCTURE,BEAR_STRUCTURE,0.3,0.95,0.3
2022-04-07 00:00:00+00:00,0,EUPHORIA,1.0,True,7,False,BEAR_STRUCTURE,BEAR_STRUCTURE,0.3,0.95,0.3
2022-04-08 00:00:00+00:00,0,EUPHORIA,0.9999999605411184,True,8,False,BEAR_STRUCTURE,BEAR_STRUCTURE,0.3,0.60,0.3
2022-04-09 00:00:00+00:00,0,EUPHORIA,0.9999999999986358,True,9,False,BEAR_STRUCTURE,BEAR_STRUCTURE,0.3,0.60,0.3
2022-04-10 00:00:00+00:00,0,EUPHORIA,0.9999999999504325,True,10,False,BEAR_STRUCTURE,BEAR_STRUCTURE,0.3,0.60,0.3
2022-04-11 00:00:00+00:00,0,EUPHORIA,0.7307967187338694,True,11,False,BEAR_STRUCTURE,BEAR_STRUCTURE,0.3,0.60,0.3
2022-04-12 00:00:00+00:00,0,EUPHORIA,0.31214133296482177,False,11,False,BEAR_STRUCTURE,BEAR_STRUCTURE,0.3,0.3028853438420892257539464453,0.3
2022-04-13 00:00:00+00:00,0,EUPHORIA,0.916104931325917,True,12,False,BEAR_STRUCTURE,BEAR_STRUCTURE,0.3,0.60,0.3
2022-04-14 00:00:00+00:00,0,EUPHORIA,0.9267749866727043,True,13,False,BEAR_STRUCTURE,BEAR_STRUCTURE,0.3,0.60,0.3
2022-04-15 00:00:00+00:00,0,EUPHORIA,0.719193377166096,True,14,False,BEAR_STRUCTURE,BEAR_STRUCTURE,0.3,0.60,0.3
2022-04-16 00:00:00+00:00,0,EUPHORIA,0.5708588352198674,True,15,False,BEAR_STRUCTURE,BEAR_STRUCTURE,0.3,0.60,0.3
2022-04-17 00:00:00+00:00,0,EUPHORIA,0.00022274418865556053,False,15,False,BEAR_STRUCTURE,BEAR_STRUCTURE,0.3,0.2963362225775713865601200566,0.2963362225775713865601200566
2022-04-18 00:00:00+00:00,0,EUPHORIA,0.8507602298722228,True,16,False,BEAR_STRUCTURE,BEAR_STRUCTURE,0.3,0.60,0.3
2022-04-19 00:00:00+00:00,0,EUPHORIA,0.9998270625098025,True,17,False,BEAR_STRUCTURE,BEAR_STRUCTURE,0.3,0.60,0.3
2022-04-20 00:00:00+00:00,0,EUPHORIA,0.9999930323944586,True,18,False,BEAR_STRUCTURE,BEAR_STRUCTURE,0.3,0.60,0.3
2022-04-21 00:00:00+00:00,0,EUPHORIA,0.9999977659351715,True,19,False,BEAR_STRUCTURE,BEAR_STRUCTURE,0.3,0.60,0.3
2022-04-22 00:00:00+00:00,0,EUPHORIA,0.997868905232373,True,20,False,BEAR_STRUCTURE,BEAR_STRUCTURE,0.3,0.60,0.3
2022-04-23 00:00:00+00:00,0,EUPHORIA,0.029777158347679387,False,20,False,BEAR_STRUCTURE,BEAR_STRUCTURE,0.3,0.2985801236876151235023878514,0.2985801236876151235023878514
2022-04-24 00:00:00+00:00,0,EUPHORIA,7.37669011750849e-07,False,20,False,BEAR_STRUCTURE,BEAR_STRUCTURE,0.3,0.2986254140114286483881115079,0.2986254140114286483881115079
2022-04-25 00:00:00+00:00,1,BEAR,0.9188596133136121,True,3,False,BEAR_STRUCTURE,BEAR_STRUCTURE,0.3,0.95,0.3
2022-04-26 00:00:00+00:00,1,BEAR,0.9999897535101078,True,4,False,BEAR_STRUCTURE,BEAR_STRUCTURE,0.3,0.95,0.3
2022-04-27 00:00:00+00:00,1,BEAR,0.9990114385698116,True,5,False,BEAR_STRUCTURE,BEAR_STRUCTURE,0.3,0.95,0.3
2022-04-28 00:00:00+00:00,1,BEAR,0.9536827765526005,True,6,False,BEAR_STRUCTURE,BEAR_STRUCTURE,0.3,0.95,0.3
2022-04-29 00:00:00+00:00,1,BEAR,0.9999080511781746,True,7,False,BEAR_STRUCTURE,BEAR_STRUCTURE,0.3,0.95,0.3
2022-04-30 00:00:00+00:00,1,BEAR,0.9999999507617771,True,8,False,BEAR_STRUCTURE,BEAR_STRUCTURE,0.3,0.95,0.3
2022-05-01 00:00:00+00:00,1,BEAR,0.2020763376645948,False,8,False,BEAR_STRUCTURE,BEAR_STRUCTURE,0.3,0.3046410179671949116666657252,0.3
2022-05-02 00:00:00+00:00,1,BEAR,0.04064377940393711,False,8,False,BEAR_STRUCTURE,BEAR_STRUCTURE,0.3,0.3003099108992878585716096917,0.3
2022-05-03 00:00:00+00:00,1,BEAR,0.9901482410360122,True,9,False,BEAR_STRUCTURE,BEAR_STRUCTURE,0.3,0.95,0.3
2022-05-04 00:00:00+00:00,1,BEAR,0.00219411197739175,False,9,False,BEAR_STRUCTURE,BEAR_STRUCTURE,0.3,0.3107488698419349090352712454,0.3
2022-05-05 00:00:00+00:00,1,BEAR,0.999992860240604,True,10,False,BEAR_STRUCTURE,BEAR_STRUCTURE,0.3,0.95,0.3
2022-05-06 00:00:00+00:00,1,BEAR,0.9999972621709465,True,11,False,BEAR_STRUCTURE,BEAR_STRUCTURE,0.3,0.95,0.3
2022-05-07 00:00:00+00:00,1,BEAR,0.9999969956465631,True,12,False,BEAR_STRUCTURE,BEAR_STRUCTURE,0.3,0.95,0.3
2022-05-08 00:00:00+00:00,1,BEAR,0.9999999999995453,True,13,False,BEAR_STRUCTURE,BEAR_STRUCTURE,0.3,0.95,0.3
2022-05-09 00:00:00+00:00,1,BEAR,1.0,True,14,False,BEAR_STRUCTURE,BEAR_STRUCTURE,0.3,0.95,0.3
2022-05-10 00:00:00+00:00,1,BEAR,1.0,True,15,False,BEAR_STRUCTURE,BEAR_STRUCTURE,0.3,0.95,0.3
2022-05-11 00:00:00+00:00,1,BEAR,1.0,True,16,False,BEAR_STRUCTURE,BEAR_STRUCTURE,0.3,0.95,0.3
2022-05-12 00:00:00+00:00,1,BEAR,1.0,True,17,False,BEAR_STRUCTURE,BEAR_STRUCTURE,0.3,0.95,0.3
2022-05-13 00:00:00+00:00,1,BEAR,1.0,True,18,False,BEAR_STRUCTURE,BEAR_STRUCTURE,0.3,0.95,0.3
2022-05-14 00:00:00+00:00,1,BEAR,1.0,True,19,False,BEAR_STRUCTURE,BEAR_STRUCTURE,0.3,0.95,0.3
2022-05-15 00:00:00+00:00,1,BEAR,1.0,True,20,False,BEAR_STRUCTURE,BEAR_STRUCTURE,0.3,0.95,0.3
2022-05-16 00:00:00+00:00,1,BEAR,1.0,True,21,False,BEAR_STRUCTURE,BEAR_STRUCTURE,0.3,0.95,0.3
2022-05-17 00:00:00+00:00,1,BEAR,1.0,True,22,False,BEAR_STRUCTURE,BEAR_STRUCTURE,0.3,0.95,0.3
2022-05-18 00:00:00+00:00,1,BEAR,1.0,True,23,False,BEAR_STRUCTURE,BEAR_STRUCTURE,0.3,0.95,0.3
2022-05-19 00:00:00+00:00,1,BEAR,1.0,True,24,False,BEAR_STRUCTURE,BEAR_STRUCTURE,0.3,0.95,0.3
2022-05-20 00:00:00+00:00,1,BEAR,1.0,True,25,False,BEAR_STRUCTURE,BEAR_STRUCTURE,0.3,0.95,0.3
2022-05-21 00:00:00+00:00,1,BEAR,1.0,True,26,False,BEAR_STRUCTURE,BEAR_STRUCTURE,0.3,0.95,0.3
2022-05-22 00:00:00+00:00,1,BEAR,1.0,True,27,False,BEAR_STRUCTURE,BEAR_STRUCTURE,0.3,0.95,0.3
2022-05-23 00:00:00+00:00,1,BEAR,1.0,True,28,False,BEAR_STRUCTURE,BEAR_STRUCTURE,0.3,0.95,0.3
2022-05-24 00:00:00+00:00,1,BEAR,1.0,True,29,False,BEAR_STRUCTURE,BEAR_STRUCTURE,0.3,0.95,0.3
2022-05-25 00:00:00+00:00,1,BEAR,1.0,True,30,False,BEAR_STRUCTURE,BEAR_STRUCTURE,0.3,0.95,0.3
2022-05-26 00:00:00+00:00,1,BEAR,1.0,True,31,False,BEAR_STRUCTURE,BEAR_STRUCTURE,0.3,0.95,0.3
2022-05-27 00:00:00+00:00,1,BEAR,1.0,True,32,False,BEAR_STRUCTURE,BEAR_STRUCTURE,0.3,0.95,0.3
2022-05-28 00:00:00+00:00,1,BEAR,1.0,True,33,False,BEAR_STRUCTURE,BEAR_STRUCTURE,0.3,0.95,0.3
2022-05-29 00:00:00+00:00,1,BEAR,0.9357918599814722,True,34,False,BEAR_STRUCTURE,BEAR_STRUCTURE,0.3,0.95,0.3
2022-05-30 00:00:00+00:00,1,BEAR,1.6743309994252715e-07,False,34,False,BEAR_STRUCTURE,BEAR_STRUCTURE,0.3,0.3157816605357801690932783134,0.3
2022-05-31 00:00:00+00:00,1,BEAR,3.590838311905632e-24,False,34,False,BEAR_STRUCTURE,BEAR_STRUCTURE,0.3,0.3004474677121680151712687318,0.3
2022-06-01 00:00:00+00:00,0,EUPHORIA,0.9999999999986358,True,3,False,BEAR_STRUCTURE,BEAR_STRUCTURE,0.3,0.60,0.3
2022-06-02 00:00:00+00:00,0,EUPHORIA,1.0,True,4,False,BEAR_STRUCTURE,BEAR_STRUCTURE,0.3,0.60,0.3
2022-06-03 00:00:00+00:00,0,EUPHORIA,0.9999999911196937,True,5,False,BEAR_STRUCTURE,BEAR_STRUCTURE,0.3,0.60,0.3
2022-06-04 00:00:00+00:00,0,EUPHORIA,0.9999965809997106,True,6,False,BEAR_STRUCTURE,BEAR_STRUCTURE,0.3,0.60,0.3
2022-06-05 00:00:00+00:00,0,EUPHORIA,0.9999999852702787,True,7,False,BEAR_STRUCTURE,BEAR_STRUCTURE,0.3,0.60,0.3
2022-06-06 00:00:00+00:00,0,EUPHORIA,0.9999999999972715,True,8,False,BEAR_STRUCTURE,BEAR_STRUCTURE,0.3,0.60,0.3
2022-06-07 00:00:00+00:00,0,EUPHORIA,1.0,True,9,False,BEAR_STRUCTURE,BEAR_STRUCTURE,0.3,0.60,0.3
2022-06-08 00:00:00+00:00,0,EUPHORIA,1.0,True,10,False,BEAR_STRUCTURE,BEAR_STRUCTURE,0.3,0.60,0.3
2022-06-09 00:00:00+00:00,0,EUPHORIA,1.0,True,11,False,BEAR_STRUCTURE,BEAR_STRUCTURE,0.3,0.60,0.3
2022-06-10 00:00:00+00:00,0,EUPHORIA,1.0,True,12,False,BEAR_STRUCTURE,BEAR_STRUCTURE,0.3,0.60,0.3
2022-06-11 00:00:00+00:00,0,EUPHORIA,1.0,True,13,False,BEAR_STRUCTURE,BEAR_STRUCTURE,0.3,0.60,0.3
2022-06-12 00:00:00+00:00,0,EUPHORIA,1.0,True,14,False,BEAR_STRUCTURE,BEAR_STRUCTURE,0.3,0.60,0.3
2022-06-13 00:00:00+00:00,0,EUPHORIA,0.9970379646654587,True,15,False,BEAR_STRUCTURE,BEAR_STRUCTURE,0.3,0.60,0.3
2022-06-14 00:00:00+00:00,0,EUPHORIA,0.9999964370844998,True,16,False,BEAR_STRUCTURE,BEAR_STRUCTURE,0.3,0.60,0.3
2022-06-15 00:00:00+00:00,0,EUPHORIA,0.9999999999954525,True,17,False,BEAR_STRUCTURE,BEAR_STRUCTURE,0.3,0.60,0.3
2022-06-16 00:00:00+00:00,0,EUPHORIA,0.9999999847473192,True,18,False,BEAR_STRUCTURE,BEAR_STRUCTURE,0.3,0.60,0.3
2022-06-17 00:00:00+00:00,0,EUPHORIA,9.953396844945537e-14,False,18,False,BEAR_STRUCTURE,BEAR_STRUCTURE,0.3,0.3007080578670708083829577249,0.3
2022-06-18 00:00:00+00:00,0,EUPHORIA,3.303867108220404e-33,False,18,False,BEAR_STRUCTURE,BEAR_STRUCTURE,0.3,0.2849721041993314869184366236,0.2849721041993314869184366236
2022-06-19 00:00:00+00:00,1,BEAR,1.0,True,3,False,BEAR_STRUCTURE,BEAR_STRUCTURE,0.3,0.95,0.3
2022-06-20 00:00:00+00:00,1,BEAR,1.0,True,4,False,BEAR_STRUCTURE,BEAR_STRUCTURE,0.3,0.95,0.3
2022-06-21 00:00:00+00:00,1,BEAR,1.0,True,5,False,BEAR_STRUCTURE,BEAR_STRUCTURE,0.3,0.95,0.3
2022-06-22 00:00:00+00:00,1,BEAR,1.0,True,6,False,BEAR_STRUCTURE,BEAR_STRUCTURE,0.3,0.95,0.3
2022-06-23 00:00:00+00:00,1,BEAR,1.0,True,7,False,BEAR_STRUCTURE,BEAR_STRUCTURE,0.3,0.95,0.3
2022-06-24 00:00:00+00:00,1,BEAR,1.0,True,8,False,BEAR_STRUCTURE,BEAR_STRUCTURE,0.3,0.95,0.3
2022-06-25 00:00:00+00:00,1,BEAR,1.0,True,9,False,BEAR_STRUCTURE,BEAR_STRUCTURE,0.3,0.95,0.3
2022-06-26 00:00:00+00:00,1,BEAR,1.0,True,10,False,BEAR_STRUCTURE,BEAR_STRUCTURE,0.3,0.95,0.3
2022-06-27 00:00:00+00:00,1,BEAR,1.0,True,11,False,BEAR_STRUCTURE,BEAR_STRUCTURE,0.3,0.95,0.3
2022-06-28 00:00:00+00:00,1,BEAR,1.0,True,12,False,BEAR_STRUCTURE,BEAR_STRUCTURE,0.3,0.95,0.3
2022-06-29 00:00:00+00:00,1,BEAR,1.0,True,13,False,BEAR_STRUCTURE,BEAR_STRUCTURE,0.3,0.95,0.3
2022-06-30 00:00:00+00:00,1,BEAR,1.0,True,14,False,BEAR_STRUCTURE,BEAR_STRUCTURE,0.3,0.95,0.3
2022-07-01 00:00:00+00:00,1,BEAR,1.0,True,15,False,BEAR_STRUCTURE,BEAR_STRUCTURE,0.3,0.95,0.3
2022-07-02 00:00:00+00:00,1,BEAR,1.0,True,16,False,BEAR_STRUCTURE,BEAR_STRUCTURE,0.3,0.95,0.3
2022-07-03 00:00:00+00:00,1,BEAR,0.999999999990905,True,17,False,BEAR_STRUCTURE,BEAR_STRUCTURE,0.3,0.95,0.3
2022-07-04 00:00:00+00:00,1,BEAR,0.9996528586987601,True,18,False,BEAR_STRUCTURE,BEAR_STRUCTURE,0.3,0.95,0.3
2022-07-05 00:00:00+00:00,1,BEAR,0.6844157310388623,True,19,False,BEAR_STRUCTURE,BEAR_STRUCTURE,0.3,0.95,0.3
2022-07-06 00:00:00+00:00,1,BEAR,3.083364618908236e-18,False,19,False,BEAR_STRUCTURE,BEAR_STRUCTURE,0.3,0.3033884731720788207533737470,0.3
2022-07-07 00:00:00+00:00,1,BEAR,8.549129988556008e-29,False,19,False,BEAR_STRUCTURE,BEAR_STRUCTURE,0.3,0.3106644554880121471919642827,0.3
2022-07-08 00:00:00+00:00,0,EUPHORIA,1.0,True,3,False,BEAR_STRUCTURE,BEAR_STRUCTURE,0.3,0.60,0.3
2022-07-09 00:00:00+00:00,0,EUPHORIA,1.0,True,4,False,BEAR_STRUCTURE,BEAR_STRUCTURE,0.3,0.60,0.3
2022-07-10 00:00:00+00:00,0,EUPHORIA,1.0,True,5,False,BEAR_STRUCTURE,BEAR_STRUCTURE,0.3,0.60,0.3
2022-07-11 00:00:00+00:00,0,EUPHORIA,1.0,True,6,False,BEAR_STRUCTURE,BEAR_STRUCTURE,0.3,0.60,0.3
2022-07-12 00:00:00+00:00,0,EUPHORIA,1.0,True,7,False,BEAR_STRUCTURE,BEAR_STRUCTURE,0.3,0.60,0.3
2022-07-13 00:00:00+00:00,0,EUPHORIA,1.0,True,8,False,BEAR_STRUCTURE,BEAR_STRUCTURE,0.3,0.60,0.3
2022-07-14 00:00:00+00:00,0,EUPHORIA,1.0,True,9,False,BEAR_STRUCTURE,BEAR_STRUCTURE,0.3,0.60,0.3
2022-07-15 00:00:00+00:00,0,EUPHORIA,1.0,True,10,False,BEAR_STRUCTURE,BEAR_STRUCTURE,0.3,0.60,0.3
2022-07-16 00:00:00+00:00,0,EUPHORIA,1.0,True,11,False,BEAR_STRUCTURE,BEAR_STRUCTURE,0.3,0.60,0.3
2022-07-17 00:00:00+00:00,0,EUPHORIA,1.0,True,12,False,BEAR_STRUCTURE,BEAR_STRUCTURE,0.3,0.60,0.3
2022-07-18 00:00:00+00:00,0,EUPHORIA,1.0,True,13,False,BEAR_STRUCTURE,BEAR_STRUCTURE,0.3,0.60,0.3
2022-07-19 00:00:00+00:00,0,EUPHORIA,1.0,True,14,False,BEAR_STRUCTURE,BEAR_STRUCTURE,0.3,0.60,0.3
2022-07-20 00:00:00+00:00,0,EUPHORIA,1.0,True,15,False,BEAR_STRUCTURE,BEAR_STRUCTURE,0.3,0.60,0.3
2022-07-21 00:00:00+00:00,0,EUPHORIA,1.0,True,16,False,BEAR_STRUCTURE,BEAR_STRUCTURE,0.3,0.60,0.3
2022-07-22 00:00:00+00:00,0,EUPHORIA,1.0,True,17,False,BEAR_STRUCTURE,BEAR_STRUCTURE,0.3,0.60,0.3
2022-07-23 00:00:00+00:00,0,EUPHORIA,1.0,True,18,False,BEAR_STRUCTURE,BEAR_STRUCTURE,0.3,0.60,0.3
2022-07-24 00:00:00+00:00,0,EUPHORIA,1.0,True,19,False,BEAR_STRUCTURE,BEAR_STRUCTURE,0.3,0.60,0.3
2022-07-25 00:00:00+00:00,0,EUPHORIA,1.0,True,20,False,BEAR_STRUCTURE,BEAR_STRUCTURE,0.3,0.60,0.3
2022-07-26 00:00:00+00:00,0,EUPHORIA,1.0,True,21,False,BEAR_STRUCTURE,BEAR_STRUCTURE,0.3,0.60,0.3
2022-07-27 00:00:00+00:00,0,EUPHORIA,1.0,True,22,False,BEAR_STRUCTURE,BEAR_STRUCTURE,0.3,0.60,0.3
2022-07-28 00:00:00+00:00,0,EUPHORIA,1.0,True,23,False,BEAR_STRUCTURE,BEAR_STRUCTURE,0.3,0.95,0.3
2022-07-29 00:00:00+00:00,0,EUPHORIA,1.0,True,24,False,BEAR_STRUCTURE,BEAR_STRUCTURE,0.3,0.95,0.3
2022-07-30 00:00:00+00:00,0,EUPHORIA,1.0,True,25,False,BEAR_STRUCTURE,BEAR_STRUCTURE,0.3,0.95,0.3
2022-07-31 00:00:00+00:00,0,EUPHORIA,1.0,True,26,False,BEAR_STRUCTURE,BEAR_STRUCTURE,0.3,0.95,0.3
2022-08-01 00:00:00+00:00,0,EUPHORIA,1.0,True,27,False,BEAR_STRUCTURE,BEAR_STRUCTURE,0.3,0.95,0.3
2022-08-02 00:00:00+00:00,0,EUPHORIA,1.0,True,28,False,BEAR_STRUCTURE,BEAR_STRUCTURE,0.3,0.60,0.3
2022-08-03 00:00:00+00:00,0,EUPHORIA,1.0,True,29,False,BEAR_STRUCTURE,BEAR_STRUCTURE,0.3,0.60,0.3
2022-08-04 00:00:00+00:00,0,EUPHORIA,1.0,True,30,False,BEAR_STRUCTURE,BEAR_STRUCTURE,0.3,0.60,0.3
2022-08-05 00:00:00+00:00,0,EUPHORIA,1.0,True,31,False,BEAR_STRUCTURE,BEAR_STRUCTURE,0.3,0.95,0.3
2022-08-06 00:00:00+00:00,0,EUPHORIA,1.0,True,32,False,BEAR_STRUCTURE,BEAR_STRUCTURE,0.3,0.60,0.3
2022-08-07 00:00:00+00:00,0,EUPHORIA,1.0,True,33,False,BEAR_STRUCTURE,BEAR_STRUCTURE,0.3,0.95,0.3
2022-08-08 00:00:00+00:00,0,EUPHORIA,1.0,True,34,False,BEAR_STRUCTURE,BEAR_STRUCTURE,0.3,0.95,0.3
2022-08-09 00:00:00+00:00,0,EUPHORIA,1.0,True,35,False,BEAR_STRUCTURE,BEAR_STRUCTURE,0.3,0.60,0.3
2022-08-10 00:00:00+00:00,0,EUPHORIA,1.0,True,36,False,BEAR_STRUCTURE,BEAR_STRUCTURE,0.3,0.95,0.3
2022-08-11 00:00:00+00:00,0,EUPHORIA,1.0,True,37,False,BEAR_STRUCTURE,BEAR_STRUCTURE,0.3,0.95,0.3
2022-08-12 00:00:00+00:00,0,EUPHORIA,1.0,True,38,False,BEAR_STRUCTURE,BEAR_STRUCTURE,0.3,0.95,0.3
2022-08-13 00:00:00+00:00,0,EUPHORIA,1.0,True,39,False,BEAR_STRUCTURE,BEAR_STRUCTURE,0.3,0.95,0.3
2022-08-14 00:00:00+00:00,0,EUPHORIA,1.0,True,40,False,BEAR_STRUCTURE,BEAR_STRUCTURE,0.3,0.95,0.3
2022-08-15 00:00:00+00:00,0,EUPHORIA,1.0,True,41,False,BEAR_STRUCTURE,BEAR_STRUCTURE,0.3,0.95,0.3
2022-08-16 00:00:00+00:00,0,EUPHORIA,1.0,True,42,False,BEAR_STRUCTURE,BEAR_STRUCTURE,0.3,0.95,0.3
2022-08-17 00:00:00+00:00,0,EUPHORIA,1.0,True,43,False,BEAR_STRUCTURE,BEAR_STRUCTURE,0.3,0.60,0.3
2022-08-18 00:00:00+00:00,0,EUPHORIA,1.0,True,44,False,BEAR_STRUCTURE,BEAR_STRUCTURE,0.3,0.60,0.3
2022-08-19 00:00:00+00:00,0,EUPHORIA,0.9918832123503982,True,45,False,BEAR_STRUCTURE,BEAR_STRUCTURE,0.3,0.60,0.3
2022-08-20 00:00:00+00:00,0,EUPHORIA,0.9468444990712817,True,46,False,BEAR_STRUCTURE,BEAR_STRUCTURE,0.3,0.60,0.3
2022-08-21 00:00:00+00:00,0,EUPHORIA,0.36913234227394404,False,46,False,BEAR_STRUCTURE,BEAR_STRUCTURE,0.3,0.3037096312701184078299674193,0.3
2022-08-22 00:00:00+00:00,0,EUPHORIA,5.272421428058351e-05,False,46,False,BEAR_STRUCTURE,BEAR_STRUCTURE,0.3,0.2988574077174313739605970875,0.2988574077174313739605970875
2022-08-23 00:00:00+00:00,1,BEAR,0.9999996477454881,True,3,False,BEAR_STRUCTURE,BEAR_STRUCTURE,0.3,0.95,0.3
2022-08-24 00:00:00+00:00,1,BEAR,0.999871875531877,True,4,False,BEAR_STRUCTURE,BEAR_STRUCTURE,0.3,0.95,0.3
2022-08-25 00:00:00+00:00,1,BEAR,0.9999996845108896,True,5,False,BEAR_STRUCTURE,BEAR_STRUCTURE,0.3,0.95,0.3
2022-08-26 00:00:00+00:00,1,BEAR,0.999999755785241,True,6,False,BEAR_STRUCTURE,BEAR_STRUCTURE,0.3,0.95,0.3
2022-08-27 00:00:00+00:00,1,BEAR,0.9999999426681841,True,7,False,BEAR_STRUCTURE,BEAR_STRUCTURE,0.3,0.95,0.3
2022-08-28 00:00:00+00:00,1,BEAR,0.9999999999990905,True,8,False,BEAR_STRUCTURE,BEAR_STRUCTURE,0.3,0.95,0.3
2022-08-29 00:00:00+00:00,1,BEAR,0.9999998542771316,True,9,False,BEAR_STRUCTURE,BEAR_STRUCTURE,0.3,0.95,0.3
2022-08-30 00:00:00+00:00,1,BEAR,0.999999999998181,True,10,False,BEAR_STRUCTURE,BEAR_STRUCTURE,0.3,0.95,0.3
2022-08-31 00:00:00+00:00,1,BEAR,0.9999999999681677,True,11,False,BEAR_STRUCTURE,BEAR_STRUCTURE,0.3,0.95,0.3
2022-09-01 00:00:00+00:00,1,BEAR,1.0,True,12,False,BEAR_STRUCTURE,BEAR_STRUCTURE,0.3,0.95,0.3
2022-09-02 00:00:00+00:00,1,BEAR,1.0,True,13,False,BEAR_STRUCTURE,BEAR_STRUCTURE,0.3,0.95,0.3
2022-09-03 00:00:00+00:00,1,BEAR,1.0,True,14,False,BEAR_STRUCTURE,BEAR_STRUCTURE,0.3,0.95,0.3
2022-09-04 00:00:00+00:00,1,BEAR,1.0,True,15,False,BEAR_STRUCTURE,BEAR_STRUCTURE,0.3,0.95,0.3
2022-09-05 00:00:00+00:00,1,BEAR,1.0,True,16,False,BEAR_STRUCTURE,BEAR_STRUCTURE,0.3,0.95,0.3
2022-09-06 00:00:00+00:00,1,BEAR,1.0,True,17,False,BEAR_STRUCTURE,BEAR_STRUCTURE,0.3,0.95,0.3
2022-09-07 00:00:00+00:00,1,BEAR,0.9999999999972715,True,18,False,BEAR_STRUCTURE,BEAR_STRUCTURE,0.3,0.95,0.3
2022-09-08 00:00:00+00:00,1,BEAR,0.9994175416617107,True,19,False,BEAR_STRUCTURE,BEAR_STRUCTURE,0.3,0.95,0.3
2022-09-09 00:00:00+00:00,1,BEAR,5.0353297533308745e-08,False,19,False,BEAR_STRUCTURE,BEAR_STRUCTURE,0.3,0.3218026290102343707125429289,0.3
2022-09-10 00:00:00+00:00,1,BEAR,2.392812544053745e-11,False,19,False,BEAR_STRUCTURE,BEAR_STRUCTURE,0.3,0.3028130593182715660844571920,0.3
2022-09-11 00:00:00+00:00,0,EUPHORIA,1.0,True,3,False,BEAR_STRUCTURE,BEAR_STRUCTURE,0.3,0.95,0.3
2022-09-12 00:00:00+00:00,0,EUPHORIA,1.0,True,4,False,BEAR_STRUCTURE,BEAR_STRUCTURE,0.3,0.95,0.3
2022-09-13 00:00:00+00:00,0,EUPHORIA,0.9995284756282886,True,5,False,BEAR_STRUCTURE,BEAR_STRUCTURE,0.3,0.60,0.3
2022-09-14 00:00:00+00:00,0,EUPHORIA,0.9999923070213624,True,6,False,BEAR_STRUCTURE,BEAR_STRUCTURE,0.3,0.60,0.3
2022-09-15 00:00:00+00:00,0,EUPHORIA,0.9999999903111529,True,7,False,BEAR_STRUCTURE,BEAR_STRUCTURE,0.3,0.60,0.3
2022-09-16 00:00:00+00:00,0,EUPHORIA,1.0,True,8,False,BEAR_STRUCTURE,BEAR_STRUCTURE,0.3,0.60,0.3
2022-09-17 00:00:00+00:00,0,EUPHORIA,1.0,True,9,False,BEAR_STRUCTURE,BEAR_STRUCTURE,0.3,0.60,0.3
2022-09-18 00:00:00+00:00,0,EUPHORIA,0.9999999905949153,True,10,False,BEAR_STRUCTURE,BEAR_STRUCTURE,0.3,0.60,0.3
2022-09-19 00:00:00+00:00,0,EUPHORIA,0.999999998198291,True,11,False,BEAR_STRUCTURE,BEAR_STRUCTURE,0.3,0.60,0.3
2022-09-20 00:00:00+00:00,0,EUPHORIA,0.9999565306041789,True,12,False,BEAR_STRUCTURE,BEAR_STRUCTURE,0.3,0.60,0.3
2022-09-21 00:00:00+00:00,0,EUPHORIA,0.9998600801190047,True,13,False,BEAR_STRUCTURE,BEAR_STRUCTURE,0.3,0.60,0.3
2022-09-22 00:00:00+00:00,0,EUPHORIA,0.9999999868277883,True,14,False,BEAR_STRUCTURE,BEAR_STRUCTURE,0.3,0.60,0.3
2022-09-23 00:00:00+00:00,0,EUPHORIA,0.9999997960467434,True,15,False,BEAR_STRUCTURE,BEAR_STRUCTURE,0.3,0.60,0.3
2022-09-24 00:00:00+00:00,0,EUPHORIA,0.9999931572599429,True,16,False,BEAR_STRUCTURE,BEAR_STRUCTURE,0.3,0.60,0.3
2022-09-25 00:00:00+00:00,0,EUPHORIA,0.9999978261344932,True,17,False,BEAR_STRUCTURE,BEAR_STRUCTURE,0.3,0.60,0.3
2022-09-26 00:00:00+00:00,0,EUPHORIA,1.0,True,18,False,BEAR_STRUCTURE,BEAR_STRUCTURE,0.3,0.60,0.3
2022-09-27 00:00:00+00:00,0,EUPHORIA,0.9999999391748152,True,19,False,BEAR_STRUCTURE,BEAR_STRUCTURE,0.3,0.60,0.3
2022-09-28 00:00:00+00:00,0,EUPHORIA,0.9999999999836291,True,20,False,BEAR_STRUCTURE,BEAR_STRUCTURE,0.3,0.60,0.3
2022-09-29 00:00:00+00:00,0,EUPHORIA,0.9999999986166586,True,21,False,BEAR_STRUCTURE,BEAR_STRUCTURE,0.3,0.60,0.3
2022-09-30 00:00:00+00:00,0,STRONG_BEAR,0.9999999997833129,True,1,False,BEAR_STRUCTURE,BEAR_STRUCTURE,0.3,0.95,0.3
2022-10-01 00:00:00+00:00,0,STRONG_BEAR,0.9999999999783995,True,2,False,BEAR_STRUCTURE,BEAR_STRUCTURE,0.3,0.95,0.3
2022-10-02 00:00:00+00:00,0,STRONG_BEAR,0.9999999999952252,True,3,False,BEAR_STRUCTURE,BEAR_STRUCTURE,0.3,0.95,0.3
2022-10-03 00:00:00+00:00,0,STRONG_BEAR,0.9999999950675829,True,4,False,BEAR_STRUCTURE,BEAR_STRUCTURE,0.3,0.95,0.3
2022-10-04 00:00:00+00:00,0,STRONG_BEAR,6.113023076679253e-07,False,4,False,BEAR_STRUCTURE,BEAR_STRUCTURE,0.3,0.3075028804777340961049582526,0.3
2022-10-05 00:00:00+00:00,0,STRONG_BEAR,1.6042655406665491e-22,False,4,False,BEAR_STRUCTURE,BEAR_STRUCTURE,0.3,0.2981409975981937297015125686,0.2981409975981937297015125686
2022-10-06 00:00:00+00:00,4,WEAK_BEAR,0.9999998449745937,True,3,False,BEAR_STRUCTURE,BEAR_STRUCTURE,0.3,0.95,0.3
2022-10-07 00:00:00+00:00,4,WEAK_BEAR,1.0314542347346116e-06,False,3,False,BEAR_STRUCTURE,BEAR_STRUCTURE,0.3,0.2954418238924736066829702041,0.2954418238924736066829702041
2022-10-08 00:00:00+00:00,4,WEAK_BEAR,3.8611814181097505e-11,False,3,False,BEAR_STRUCTURE,BEAR_STRUCTURE,0.3,0.2942446872906784605557206549,0.2942446872906784605557206549
2022-10-09 00:00:00+00:00,0,STRONG_BEAR,0.9999998879079676,True,3,False,BEAR_STRUCTURE,BEAR_STRUCTURE,0.3,0.95,0.3
2022-10-10 00:00:00+00:00,0,STRONG_BEAR,0.9985834015731841,True,4,False,BEAR_STRUCTURE,BEAR_STRUCTURE,0.3,0.95,0.3
2022-10-11 00:00:00+00:00,0,STRONG_BEAR,9.269215021312872e-10,False,4,False,BEAR_STRUCTURE,BEAR_STRUCTURE,0.3,0.2992103984979321142244634948,0.2992103984979321142244634948
2022-10-12 00:00:00+00:00,0,STRONG_BEAR,0.9993508774000338,True,5,False,BEAR_STRUCTURE,BEAR_STRUCTURE,0.3,0.95,0.3
2022-10-13 00:00:00+00:00,0,STRONG_BEAR,0.5161723083256009,True,6,False,BEAR_STRUCTURE,BEAR_STRUCTURE,0.3,0.3026601516383932793740986065,0.3
2022-10-14 00:00:00+00:00,0,STRONG_BEAR,0.9233227940481258,True,7,False,BEAR_STRUCTURE,BEAR_STRUCTURE,0.3,0.95,0.3
2022-10-15 00:00:00+00:00,0,STRONG_BEAR,0.788986285531359,True,8,False,BEAR_STRUCTURE,BEAR_STRUCTURE,0.3,0.95,0.3
2022-10-16 00:00:00+00:00,0,STRONG_BEAR,0.9974148952087816,True,9,False,BEAR_STRUCTURE,BEAR_STRUCTURE,0.3,0.95,0.3
2022-10-17 00:00:00+00:00,0,STRONG_BEAR,1.9441604117442307e-13,False,9,False,BEAR_STRUCTURE,BEAR_STRUCTURE,0.3,0.3031117876550006491670517926,0.3
2022-10-18 00:00:00+00:00,0,STRONG_BEAR,0.0006633208196700533,False,9,False,BEAR_STRUCTURE,BEAR_STRUCTURE,0.3,0.2976169574305404981134911331,0.2976169574305404981134911331
2022-10-19 00:00:00+00:00,0,STRONG_BEAR,0.9971969637611566,True,10,False,BEAR_STRUCTURE,BEAR_STRUCTURE,0.3,0.95,0.3
2022-10-20 00:00:00+00:00,0,STRONG_BEAR,0.9941635644277601,True,11,False,BEAR_STRUCTURE,BEAR_STRUCTURE,0.3,0.95,0.3
2022-10-21 00:00:00+00:00,0,STRONG_BEAR,6.721136659039872e-05,False,11,False,BEAR_STRUCTURE,BEAR_STRUCTURE,0.3,0.3013464314655655307584304847,0.3
2022-10-22 00:00:00+00:00,0,STRONG_BEAR,1.2722450871943142e-14,False,11,False,BEAR_STRUCTURE,BEAR_STRUCTURE,0.3,0.3004375961873215106979255630,0.3
2022-10-23 00:00:00+00:00,3,WEAK_BULL,0.9999999982924237,True,3,False,BEAR_STRUCTURE,BEAR_STRUCTURE,0.3,0.60,0.3
2022-10-24 00:00:00+00:00,3,WEAK_BULL,6.006211062473277e-19,False,3,False,BEAR_STRUCTURE,BEAR_STRUCTURE,0.3,0.2974072644334761089864102584,0.2974072644334761089864102584
2022-10-25 00:00:00+00:00,3,WEAK_BULL,0.9999999999913598,True,4,False,BEAR_STRUCTURE,BEAR_STRUCTURE,0.3,0.95,0.3
2022-10-26 00:00:00+00:00,3,WEAK_BULL,1.5511611076359118e-06,False,4,False,BEAR_STRUCTURE,BEAR_STRUCTURE,0.3,0.3071693471251939963093704304,0.3
2022-10-27 00:00:00+00:00,3,WEAK_BULL,6.573408060844249e-20,False,4,False,BEAR_STRUCTURE,BEAR_STRUCTURE,0.3,0.2951501795370005495427304131,0.2951501795370005495427304131
2022-10-28 00:00:00+00:00,4,WEAK_BEAR,1.0,True,3,False,BEAR_STRUCTURE,BEAR_STRUCTURE,0.3,0.95,0.3
2022-10-29 00:00:00+00:00,4,WEAK_BEAR,1.0,True,4,False,BEAR_STRUCTURE,BEAR_STRUCTURE,0.3,0.95,0.3
2022-10-30 00:00:00+00:00,4,WEAK_BEAR,1.0,True,5,False,BEAR_STRUCTURE,BEAR_STRUCTURE,0.3,0.95,0.3
2022-10-31 00:00:00+00:00,4,WEAK_BEAR,1.0,True,6,False,BEAR_STRUCTURE,BEAR_STRUCTURE,0.3,0.95,0.3
2022-11-01 00:00:00+00:00,4,WEAK_BEAR,1.0,True,7,False,BEAR_STRUCTURE,BEAR_STRUCTURE,0.3,0.95,0.3
2022-11-02 00:00:00+00:00,4,WEAK_BEAR,1.0,True,8,False,BEAR_STRUCTURE,BEAR_STRUCTURE,0.3,0.95,0.3
2022-11-03 00:00:00+00:00,4,WEAK_BEAR,1.0,True,9,False,BEAR_STRUCTURE,BEAR_STRUCTURE,0.3,0.95,0.3
2022-11-04 00:00:00+00:00,4,WEAK_BEAR,1.0,True,10,False,BEAR_STRUCTURE,BEAR_STRUCTURE,0.3,0.95,0.3
2022-11-05 00:00:00+00:00,4,WEAK_BEAR,1.0,True,11,False,BEAR_STRUCTURE,BEAR_STRUCTURE,0.3,0.95,0.3
2022-11-06 00:00:00+00:00,4,WEAK_BEAR,1.0,True,12,False,BEAR_STRUCTURE,BEAR_STRUCTURE,0.3,0.95,0.3
2022-11-07 00:00:00+00:00,4,WEAK_BEAR,1.0,True,13,False,BEAR_STRUCTURE,BEAR_STRUCTURE,0.3,0.95,0.3
2022-11-08 00:00:00+00:00,4,WEAK_BEAR,5.246879603072552e-12,False,13,False,BEAR_STRUCTURE,BEAR_STRUCTURE,0.3,0.2785195488458433000626771835,0.2785195488458433000626771835
2022-11-09 00:00:00+00:00,4,WEAK_BEAR,6.071683024788633e-72,False,13,False,BEAR_STRUCTURE,BEAR_STRUCTURE,0.3,0.2489192145439713104688184512,0.2489192145439713104688184512
2022-11-10 00:00:00+00:00,4,WEAK_BEAR,1.1783002054473852e-72,False,13,False,BEAR_STRUCTURE,BEAR_STRUCTURE,0.3,0.2681217034501672744454833431,0.2681217034501672744454833431
2022-11-11 00:00:00+00:00,4,WEAK_BEAR,1.0428413912705554e-100,False,13,False,BEAR_STRUCTURE,BEAR_STRUCTURE,0.3,0.2621552042775707936421799009,0.2621552042775707936421799009
2022-11-12 00:00:00+00:00,0,STRONG_BEAR,0.989882360164675,True,3,False,BEAR_STRUCTURE,BEAR_STRUCTURE,0.3,0.95,0.3
2022-11-13 00:00:00+00:00,0,STRONG_BEAR,0.8992977540394256,True,4,False,BEAR_STRUCTURE,BEAR_STRUCTURE,0.3,0.95,0.3
2022-11-14 00:00:00+00:00,0,STRONG_BEAR,0.9775407421189535,True,5,False,BEAR_STRUCTURE,BEAR_STRUCTURE,0.3,0.95,0.3
2022-11-15 00:00:00+00:00,0,STRONG_BEAR,0.25440927959385423,False,5,False,BEAR_STRUCTURE,BEAR_STRUCTURE,0.3,0.3035562457024323139120677453,0.3
2022-11-16 00:00:00+00:00,0,STRONG_BEAR,0.5092761255208137,True,6,False,BEAR_STRUCTURE,BEAR_STRUCTURE,0.3,0.2970330361566445688070226747,0.2970330361566445688070226747
2022-11-17 00:00:00+00:00,0,STRONG_BEAR,0.9999852774937262,True,7,False,BEAR_STRUCTURE,BEAR_STRUCTURE,0.3,0.95,0.3
2022-11-18 00:00:00+00:00,0,STRONG_BEAR,1.0,True,8,False,BEAR_STRUCTURE,BEAR_STRUCTURE,0.3,0.95,0.3
2022-11-19 00:00:00+00:00,0,STRONG_BEAR,0.9999999999990905,True,9,False,BEAR_STRUCTURE,BEAR_STRUCTURE,0.3,0.95,0.3
2022-11-20 00:00:00+00:00,0,STRONG_BEAR,1.0,True,10,False,BEAR_STRUCTURE,BEAR_STRUCTURE,0.3,0.95,0.3
2022-11-21 00:00:00+00:00,0,STRONG_BEAR,1.0,True,11,False,BEAR_STRUCTURE,BEAR_STRUCTURE,0.3,0.95,0.3
2022-11-22 00:00:00+00:00,0,STRONG_BEAR,1.0,True,12,False,BEAR_STRUCTURE,BEAR_STRUCTURE,0.3,0.95,0.3
2022-11-23 00:00:00+00:00,0,STRONG_BEAR,1.0,True,13,False,BEAR_STRUCTURE,BEAR_STRUCTURE,0.3,0.95,0.3
2022-11-24 00:00:00+00:00,0,STRONG_BEAR,1.0,True,14,False,BEAR_STRUCTURE,BEAR_STRUCTURE,0.3,0.95,0.3
2022-11-25 00:00:00+00:00,0,STRONG_BEAR,1.0,True,15,False,BEAR_STRUCTURE,BEAR_STRUCTURE,0.3,0.95,0.3
2022-11-26 00:00:00+00:00,0,STRONG_BEAR,1.0,True,16,False,BEAR_STRUCTURE,BEAR_STRUCTURE,0.3,0.95,0.3
2022-11-27 00:00:00+00:00,0,STRONG_BEAR,1.0,True,17,False,BEAR_STRUCTURE,BEAR_STRUCTURE,0.3,0.95,0.3
2022-11-28 00:00:00+00:00,0,STRONG_BEAR,1.0,True,18,False,BEAR_STRUCTURE,BEAR_STRUCTURE,0.3,0.95,0.3
2022-11-29 00:00:00+00:00,0,STRONG_BEAR,0.16958703956489388,False,18,False,BEAR_STRUCTURE,BEAR_STRUCTURE,0.3,0.3029706593962450776548275477,0.3
2022-11-30 00:00:00+00:00,0,STRONG_BEAR,4.444644705912211e-15,False,18,False,BEAR_STRUCTURE,BEAR_STRUCTURE,0.3,0.3090836446062800061322168741,0.3
2022-12-01 00:00:00+00:00,4,WEAK_BEAR,1.0,True,3,False,BEAR_STRUCTURE,BEAR_STRUCTURE,0.3,0.95,0.3
2022-12-02 00:00:00+00:00,4,WEAK_BEAR,1.0,True,4,False,BEAR_STRUCTURE,BEAR_STRUCTURE,0.3,0.95,0.3
2022-12-03 00:00:00+00:00,4,WEAK_BEAR,1.0,True,5,False,BEAR_STRUCTURE,BEAR_STRUCTURE,0.3,0.95,0.3
2022-12-04 00:00:00+00:00,4,WEAK_BEAR,1.0,True,6,False,BEAR_STRUCTURE,BEAR_STRUCTURE,0.3,0.95,0.3
2022-12-05 00:00:00+00:00,4,WEAK_BEAR,1.0,True,7,False,BEAR_STRUCTURE,BEAR_STRUCTURE,0.3,0.95,0.3
2022-12-06 00:00:00+00:00,4,WEAK_BEAR,1.0,True,8,False,BEAR_STRUCTURE,BEAR_STRUCTURE,0.3,0.95,0.3
2022-12-07 00:00:00+00:00,4,WEAK_BEAR,1.0,True,9,False,BEAR_STRUCTURE,BEAR_STRUCTURE,0.3,0.95,0.3
2022-12-08 00:00:00+00:00,4,WEAK_BEAR,1.0,True,10,False,BEAR_STRUCTURE,BEAR_STRUCTURE,0.3,0.95,0.3
2022-12-09 00:00:00+00:00,4,WEAK_BEAR,0.9999949883784283,True,11,False,BEAR_STRUCTURE,BEAR_STRUCTURE,0.3,0.95,0.3
2022-12-10 00:00:00+00:00,4,WEAK_BEAR,1.0,True,12,False,BEAR_STRUCTURE,BEAR_STRUCTURE,0.3,0.95,0.3
2022-12-11 00:00:00+00:00,4,WEAK_BEAR,1.0,True,13,False,BEAR_STRUCTURE,BEAR_STRUCTURE,0.3,0.95,0.3
2022-12-12 00:00:00+00:00,4,WEAK_BEAR,0.001739892143618739,False,13,False,BEAR_STRUCTURE,BEAR_STRUCTURE,0.3,0.3009926264097675618469467183,0.3
2022-12-13 00:00:00+00:00,4,WEAK_BEAR,2.1818707084360798e-26,False,13,False,BEAR_STRUCTURE,BEAR_STRUCTURE,0.3,0.3068344833932295616837863798,0.3
2022-12-14 00:00:00+00:00,0,STRONG_BEAR,1.0,True,3,False,BEAR_STRUCTURE,BEAR_STRUCTURE,0.3,0.95,0.3
2022-12-15 00:00:00+00:00,0,STRONG_BEAR,1.0,True,4,False,BEAR_STRUCTURE,BEAR_STRUCTURE,0.3,0.95,0.3
2022-12-16 00:00:00+00:00,0,STRONG_BEAR,1.0,True,5,False,BEAR_STRUCTURE,BEAR_STRUCTURE,0.3,0.95,0.3
2022-12-17 00:00:00+00:00,0,STRONG_BEAR,1.0,True,6,False,BEAR_STRUCTURE,BEAR_STRUCTURE,0.3,0.95,0.3
2022-12-18 00:00:00+00:00,0,STRONG_BEAR,1.0,True,7,False,BEAR_STRUCTURE,BEAR_STRUCTURE,0.3,0.95,0.3
2022-12-19 00:00:00+00:00,0,STRONG_BEAR,1.0,True,8,False,BEAR_STRUCTURE,BEAR_STRUCTURE,0.3,0.95,0.3
2022-12-20 00:00:00+00:00,0,STRONG_BEAR,1.0,True,9,False,BEAR_STRUCTURE,BEAR_STRUCTURE,0.3,0.95,0.3
2022-12-21 00:00:00+00:00,0,STRONG_BEAR,1.0,True,10,False,BEAR_STRUCTURE,BEAR_STRUCTURE,0.3,0.95,0.3
2022-12-22 00:00:00+00:00,0,STRONG_BEAR,1.0,True,11,False,BEAR_STRUCTURE,BEAR_STRUCTURE,0.3,0.95,0.3
2022-12-23 00:00:00+00:00,0,STRONG_BEAR,1.0,True,12,False,BEAR_STRUCTURE,BEAR_STRUCTURE,0.3,0.95,0.3
2022-12-24 00:00:00+00:00,0,STRONG_BEAR,1.0,True,13,False,BEAR_STRUCTURE,BEAR_STRUCTURE,0.3,0.95,0.3
2022-12-25 00:00:00+00:00,0,STRONG_BEAR,1.0,True,14,False,BEAR_STRUCTURE,BEAR_STRUCTURE,0.3,0.95,0.3
2022-12-26 00:00:00+00:00,0,STRONG_BEAR,1.0,True,15,False,BEAR_STRUCTURE,BEAR_STRUCTURE,0.3,0.95,0.3
2022-12-27 00:00:00+00:00,0,STRONG_BEAR,1.0,True,16,False,BEAR_STRUCTURE,BEAR_STRUCTURE,0.3,0.95,0.3
2022-12-28 00:00:00+00:00,0,STRONG_BEAR,1.0,True,17,False,BEAR_STRUCTURE,BEAR_STRUCTURE,0.3,0.95,0.3
2022-12-29 00:00:00+00:00,0,STRONG_BEAR,1.0,True,18,False,BEAR_STRUCTURE,BEAR_STRUCTURE,0.3,0.95,0.3
2022-12-30 00:00:00+00:00,0,STRONG_BEAR,1.0,True,19,False,BEAR_STRUCTURE,BEAR_STRUCTURE,0.3,0.95,0.3
2022-12-31 00:00:00+00:00,0,STRONG_BEAR,1.0,True,20,False,BEAR_STRUCTURE,BEAR_STRUCTURE,0.3,0.95,0.3
2023-01-01 00:00:00+00:00,0,STRONG_BEAR,1.0,True,21,False,BEAR_STRUCTURE,BEAR_STRUCTURE,0.3,0.95,0.3
2023-01-02 00:00:00+00:00,0,STRONG_BEAR,1.0,True,22,False,BEAR_STRUCTURE,BEAR_STRUCTURE,0.3,0.95,0.3
2023-01-03 00:00:00+00:00,0,STRONG_BEAR,1.0,True,23,False,BEAR_STRUCTURE,BEAR_STRUCTURE,0.3,0.95,0.3
2023-01-04 00:00:00+00:00,0,STRONG_BEAR,1.0,True,24,False,BEAR_STRUCTURE,BEAR_STRUCTURE,0.3,0.95,0.3
2023-01-05 00:00:00+00:00,0,STRONG_BEAR,1.0,True,25,False,BEAR_STRUCTURE,BEAR_STRUCTURE,0.3,0.95,0.3
2023-01-06 00:00:00+00:00,0,STRONG_BEAR,1.0,True,26,False,BEAR_STRUCTURE,BEAR_STRUCTURE,0.3,0.95,0.3
2023-01-07 00:00:00+00:00,0,STRONG_BEAR,1.0,True,27,False,BEAR_STRUCTURE,BEAR_STRUCTURE,0.3,0.95,0.3
2023-01-08 00:00:00+00:00,0,STRONG_BEAR,1.0,True,28,False,BEAR_STRUCTURE,BEAR_STRUCTURE,0.3,0.95,0.3
2023-01-09 00:00:00+00:00,0,STRONG_BEAR,1.0,True,29,False,BEAR_STRUCTURE,BEAR_STRUCTURE,0.3,0.95,0.3
2023-01-10 00:00:00+00:00,0,STRONG_BEAR,1.0,True,30,False,BEAR_STRUCTURE,BEAR_STRUCTURE,0.3,0.95,0.3
2023-01-11 00:00:00+00:00,0,STRONG_BEAR,1.0,True,31,False,BEAR_STRUCTURE,BEAR_STRUCTURE,0.3,0.95,0.3
2023-01-12 00:00:00+00:00,0,STRONG_BEAR,1.0,True,32,False,BEAR_STRUCTURE,BEAR_STRUCTURE,0.3,0.95,0.3
2023-01-13 00:00:00+00:00,0,STRONG_BEAR,1.0,True,33,False,TRANSITION,BEAR_STRUCTURE,0.3,0.95,0.3
2023-01-14 00:00:00+00:00,0,STRONG_BEAR,1.0,True,34,False,TRANSITION,BEAR_STRUCTURE,0.3,0.95,0.3
2023-01-15 00:00:00+00:00,0,STRONG_BEAR,1.0,True,35,False,TRANSITION,BEAR_STRUCTURE,0.3,0.95,0.3
2023-01-16 00:00:00+00:00,0,STRONG_BEAR,1.7820990573400698e-34,False,35,False,TRANSITION,BEAR_STRUCTURE,0.3,0.3023275575694655796679075141,0.3
2023-01-17 00:00:00+00:00,0,STRONG_BEAR,9.5816e-318,False,35,False,TRANSITION,TRANSITION,0.6,0.2994932518064371298552084164,0.2994932518064371298552084164
2023-01-18 00:00:00+00:00,4,WEAK_BEAR,1.0,True,3,False,TRANSITION,TRANSITION,0.6,0.95,0.6
2023-01-19 00:00:00+00:00,4,WEAK_BEAR,1.0,True,4,False,TRANSITION,TRANSITION,0.6,0.95,0.6
2023-01-20 00:00:00+00:00,4,WEAK_BEAR,1.0,True,5,False,TRANSITION,TRANSITION,0.6,0.95,0.6
2023-01-21 00:00:00+00:00,4,WEAK_BEAR,1.0,True,6,False,TRANSITION,TRANSITION,0.6,0.95,0.6
2023-01-22 00:00:00+00:00,4,WEAK_BEAR,1.0,True,7,False,TRANSITION,TRANSITION,0.6,0.95,0.6
2023-01-23 00:00:00+00:00,4,WEAK_BEAR,1.0,True,8,False,TRANSITION,TRANSITION,0.6,0.95,0.6
2023-01-24 00:00:00+00:00,4,WEAK_BEAR,1.0,True,9,False,TRANSITION,TRANSITION,0.6,0.95,0.6
2023-01-25 00:00:00+00:00,4,WEAK_BEAR,1.0,True,10,False,TRANSITION,TRANSITION,0.6,0.95,0.6
2023-01-26 00:00:00+00:00,4,WEAK_BEAR,1.0,True,11,False,TRANSITION,TRANSITION,0.6,0.95,0.6
2023-01-27 00:00:00+00:00,4,WEAK_BEAR,1.0,True,12,False,TRANSITION,TRANSITION,0.6,0.95,0.6
2023-01-28 00:00:00+00:00,4,WEAK_BEAR,1.0,True,13,False,TRANSITION,TRANSITION,0.6,0.95,0.6
2023-01-29 00:00:00+00:00,4,WEAK_BEAR,1.0,True,14,False,TRANSITION,TRANSITION,0.6,0.95,0.6
2023-01-30 00:00:00+00:00,4,WEAK_BEAR,1.0,True,15,False,TRANSITION,TRANSITION,0.6,0.95,0.6
2023-01-31 00:00:00+00:00,4,WEAK_BEAR,1.0,True,16,False,TRANSITION,TRANSITION,0.6,0.95,0.6
2023-02-01 00:00:00+00:00,4,WEAK_BEAR,1.0,True,17,False,BULL_STRUCTURE,TRANSITION,0.6,0.95,0.6
2023-02-02 00:00:00+00:00,4,WEAK_BEAR,3.835635506876071e-122,False,17,False,BULL_STRUCTURE,TRANSITION,0.6,0.5975373776223167287372936689,0.5975373776223167287372936689
2023-02-03 00:00:00+00:00,4,WEAK_BEAR,3.9633770267974033e-303,False,17,False,BULL_STRUCTURE,TRANSITION,0.6,0.5969525372207044223387740418,0.5969525372207044223387740418
2023-02-04 00:00:00+00:00,0,STRONG_BEAR,1.0,True,3,False,BULL_STRUCTURE,TRANSITION,0.6,0.95,0.6
2023-02-05 00:00:00+00:00,0,STRONG_BEAR,1.0,True,4,False,BULL_STRUCTURE,BULL_STRUCTURE,1.0,0.95,0.95
2023-02-06 00:00:00+00:00,0,STRONG_BEAR,1.0,True,5,False,BULL_STRUCTURE,BULL_STRUCTURE,1.0,0.9500845106545917380082226758,0.9500845106545917380082226758
2023-02-07 00:00:00+00:00,0,STRONG_BEAR,1.0,True,6,False,BULL_STRUCTURE,BULL_STRUCTURE,1.0,0.9510607858781786215770808443,0.9510607858781786215770808443
2023-02-08 00:00:00+00:00,0,STRONG_BEAR,1.0,True,7,False,BULL_STRUCTURE,BULL_STRUCTURE,1.0,0.9504987289731120601426355509,0.9504987289731120601426355509
2023-02-09 00:00:00+00:00,0,STRONG_BEAR,1.0,True,8,False,BULL_STRUCTURE,BULL_STRUCTURE,1.0,0.9479869840270703295431976015,0.9479869840270703295431976015
2023-02-10 00:00:00+00:00,0,STRONG_BEAR,1.0,True,9,False,BULL_STRUCTURE,BULL_STRUCTURE,1.0,0.9475968821804766346725367705,0.9475968821804766346725367705
2023-02-11 00:00:00+00:00,0,STRONG_BEAR,1.0,True,10,False,BULL_STRUCTURE,BULL_STRUCTURE,1.0,0.9481363115944268035611770817,0.9481363115944268035611770817
2023-02-12 00:00:00+00:00,0,STRONG_BEAR,1.0,True,11,False,BULL_STRUCTURE,BULL_STRUCTURE,1.0,0.9479579891147136710052662217,0.9479579891147136710052662217
2023-02-13 00:00:00+00:00,0,STRONG_BEAR,1.0,True,12,False,BULL_STRUCTURE,BULL_STRUCTURE,1.0,0.9479363067051238508622093491,0.9479363067051238508622093491
2023-02-14 00:00:00+00:00,0,STRONG_BEAR,1.0,True,13,False,BULL_STRUCTURE,BULL_STRUCTURE,1.0,0.9488840163649120480246054754,0.9488840163649120480246054754
2023-02-15 00:00:00+00:00,0,STRONG_BEAR,1.0,True,14,False,BULL_STRUCTURE,BULL_STRUCTURE,1.0,0.9531387700127116210966385675,0.9531387700127116210966385675
2023-02-16 00:00:00+00:00,0,STRONG_BEAR,1.0,True,15,False,BULL_STRUCTURE,BULL_STRUCTURE,1.0,0.9516098308448707828576939574,0.9516098308448707828576939574
2023-02-17 00:00:00+00:00,0,STRONG_BEAR,1.0,True,16,False,BULL_STRUCTURE,BULL_STRUCTURE,1.0,0.9535860328235519929955619260,0.9535860328235519929955619260
2023-02-18 00:00:00+00:00,0,STRONG_BEAR,1.0,True,17,False,BULL_STRUCTURE,BULL_STRUCTURE,1.0,0.9536974140699295901956066099,0.9536974140699295901956066099
2023-02-19 00:00:00+00:00,0,STRONG_BEAR,1.0,True,18,False,BULL_STRUCTURE,BULL_STRUCTURE,1.0,0.9530425548875307712515999992,0.9530425548875307712515999992
2023-02-20 00:00:00+00:00,0,STRONG_BEAR,1.0,True,19,False,BULL_STRUCTURE,BULL_STRUCTURE,1.0,0.9540712938908175846935920043,0.9540712938908175846935920043
2023-02-21 00:00:00+00:00,0,STRONG_BEAR,1.0,True,20,False,BULL_STRUCTURE,BULL_STRUCTURE,1.0,0.9533728381291895018088949639,0.9533728381291895018088949639
2023-02-22 00:00:00+00:00,0,STRONG_BEAR,1.0,True,21,False,BULL_STRUCTURE,BULL_STRUCTURE,1.0,0.9528768593387926160990454034,0.9528768593387926160990454034
2023-02-23 00:00:00+00:00,0,STRONG_BEAR,1.0,True,22,False,BULL_STRUCTURE,BULL_STRUCTURE,1.0,0.9524231583645663781588430562,0.9524231583645663781588430562
2023-02-24 00:00:00+00:00,0,STRONG_BEAR,1.0,True,23,False,BULL_STRUCTURE,BULL_STRUCTURE,1.0,0.9509500457182752926419792077,0.9509500457182752926419792077
2023-02-25 00:00:00+00:00,0,STRONG_BEAR,1.0,True,24,False,BULL_STRUCTURE,BULL_STRUCTURE,1.0,0.9508932070684646009593621193,0.9508932070684646009593621193
2023-02-26 00:00:00+00:00,0,STRONG_BEAR,1.0,True,25,False,BULL_STRUCTURE,BULL_STRUCTURE,1.0,0.9516824236861634847644417938,0.9516824236861634847644417938
2023-02-27 00:00:00+00:00,0,STRONG_BEAR,1.0,True,26,False,BULL_STRUCTURE,BULL_STRUCTURE,1.0,0.9515595942629013809921693228,0.9515595942629013809921693228
2023-02-28 00:00:00+00:00,0,STRONG_BEAR,1.0,True,27,False,BULL_STRUCTURE,BULL_STRUCTURE,1.0,0.9508619320257584119066315700,0.9508619320257584119066315700
2023-03-01 00:00:00+00:00,0,STRONG_BEAR,1.0,True,28,False,BULL_STRUCTURE,BULL_STRUCTURE,1.0,0.9518266862472377938180408908,0.9518266862472377938180408908
2023-03-02 00:00:00+00:00,0,STRONG_BEAR,1.0,True,29,False,BULL_STRUCTURE,BULL_STRUCTURE,1.0,0.9515070117114838043105336834,0.9515070117114838043105336834
2023-03-03 00:00:00+00:00,0,STRONG_BEAR,1.0,True,30,False,BULL_STRUCTURE,BULL_STRUCTURE,1.0,0.9492193599024861208828023993,0.9492193599024861208828023993
2023-03-04 00:00:00+00:00,0,STRONG_BEAR,1.0,True,31,False,TRANSITION,BULL_STRUCTURE,0.6,0.9492026001640405263890260490,0.6
2023-03-05 00:00:00+00:00,0,STRONG_BEAR,1.0,True,32,False,TRANSITION,BULL_STRUCTURE,0.6,0.95,0.6
2023-03-06 00:00:00+00:00,0,STRONG_BEAR,1.0,True,33,False,TRANSITION,BULL_STRUCTURE,0.6,0.95,0.6
2023-03-07 00:00:00+00:00,0,STRONG_BEAR,1.0,True,34,False,TRANSITION,BULL_STRUCTURE,0.6,0.95,0.6
2023-03-08 00:00:00+00:00,0,STRONG_BEAR,1.0,True,35,False,TRANSITION,TRANSITION,0.6,0.95,0.6
2023-03-09 00:00:00+00:00,0,STRONG_BEAR,1.0,True,36,False,TRANSITION,TRANSITION,0.6,0.95,0.6
2023-03-10 00:00:00+00:00,0,STRONG_BEAR,1.0,True,37,False,TRANSITION,TRANSITION,0.6,0.95,0.6
2023-03-11 00:00:00+00:00,0,STRONG_BEAR,1.0,True,38,False,TRANSITION,TRANSITION,0.6,0.95,0.6
2023-03-12 00:00:00+00:00,0,STRONG_BEAR,1.0,True,39,False,TRANSITION,TRANSITION,0.6,0.95,0.6
2023-03-13 00:00:00+00:00,0,STRONG_BEAR,1.0,True,40,False,TRANSITION,TRANSITION,0.6,0.95,0.6
2023-03-14 00:00:00+00:00,0,STRONG_BEAR,1.0,True,41,False,BULL_STRUCTURE,TRANSITION,0.6,0.95,0.6
2023-03-15 00:00:00+00:00,0,STRONG_BEAR,1.0,True,42,False,BULL_STRUCTURE,TRANSITION,0.6,0.95,0.6
2023-03-16 00:00:00+00:00,0,STRONG_BEAR,1.0,True,43,False,BULL_STRUCTURE,TRANSITION,0.6,0.95,0.6
2023-03-17 00:00:00+00:00,0,STRONG_BEAR,1.0,True,44,False,BULL_STRUCTURE,TRANSITION,0.6,0.95,0.6
2023-03-18 00:00:00+00:00,0,STRONG_BEAR,1.0,True,45,False,BULL_STRUCTURE,BULL_STRUCTURE,1.0,0.95,0.95
2023-03-19 00:00:00+00:00,0,STRONG_BEAR,1.0,True,46,False,BULL_STRUCTURE,BULL_STRUCTURE,1.0,0.9522347245673031481884572091,0.9522347245673031481884572091
2023-03-20 00:00:00+00:00,0,STRONG_BEAR,1.0,True,47,False,BULL_STRUCTURE,BULL_STRUCTURE,1.0,0.9518150420604941316161706127,0.9518150420604941316161706127
2023-03-21 00:00:00+00:00,0,STRONG_BEAR,1.0,True,48,False,BULL_STRUCTURE,BULL_STRUCTURE,1.0,0.9524493626863151610425188528,0.9524493626863151610425188528
2023-03-22 00:00:00+00:00,0,STRONG_BEAR,1.0,True,49,False,BULL_STRUCTURE,BULL_STRUCTURE,1.0,0.9510313462162601854201609165,0.9510313462162601854201609165
2023-03-23 00:00:00+00:00,0,STRONG_BEAR,1.0,True,50,False,BULL_STRUCTURE,BULL_STRUCTURE,1.0,0.9527534773260159638269959916,0.9527534773260159638269959916
2023-03-24 00:00:00+00:00,0,STRONG_BEAR,1.0,True,51,False,BULL_STRUCTURE,BULL_STRUCTURE,1.0,0.9513766664369901679412080427,0.9513766664369901679412080427
2023-03-25 00:00:00+00:00,0,STRONG_BEAR,1.0,True,52,False,BULL_STRUCTURE,BULL_STRUCTURE,1.0,0.9513909505215501152485607139,0.9513909505215501152485607139
2023-03-26 00:00:00+00:00,0,STRONG_BEAR,1.0,True,53,False,BULL_STRUCTURE,BULL_STRUCTURE,1.0,0.9522268859840229334401939306,0.9522268859840229334401939306
2023-03-27 00:00:00+00:00,0,STRONG_BEAR,1.0,True,54,False,BULL_STRUCTURE,BULL_STRUCTURE,1.0,0.9508149632004403986203266838,0.9508149632004403986203266838
2023-03-28 00:00:00+00:00,0,STRONG_BEAR,1.0,True,55,False,BULL_STRUCTURE,BULL_STRUCTURE,1.0,0.9510486005959857926784657946,0.9510486005959857926784657946
2023-03-29 00:00:00+00:00,0,STRONG_BEAR,4.117126361574814e-291,False,55,False,BULL_STRUCTURE,BULL_STRUCTURE,1.0,0.475,0.475
2023-03-30 00:00:00+00:00,0,STRONG_BEAR,0.0,False,55,False,BULL_STRUCTURE,BULL_STRUCTURE,1.0,0.4724641176723938010611088591,0.4724641176723938010611088591
2023-03-31 00:00:00+00:00,6,EUPHORIA,1.0,True,1,False,BULL_STRUCTURE,BULL_STRUCTURE,1.0,0.95,0.95
2023-04-01 00:00:00+00:00,6,EUPHORIA,1.0,True,2,False,BULL_STRUCTURE,BULL_STRUCTURE,1.0,0.9505613991861361130881862352,0.9505613991861361130881862352
2023-04-02 00:00:00+00:00,6,EUPHORIA,1.0,True,3,False,BULL_STRUCTURE,BULL_STRUCTURE,1.0,0.9500931181622162230713096951,0.9500931181622162230713096951
2023-04-03 00:00:00+00:00,6,EUPHORIA,1.0,True,4,False,BULL_STRUCTURE,BULL_STRUCTURE,1.0,0.9494592730809281930306600439,0.9494592730809281930306600439
2023-04-04 00:00:00+00:00,6,EUPHORIA,0.9999999999985221,True,5,False,BULL_STRUCTURE,BULL_STRUCTURE,1.0,0.9500823439716001519082723088,0.9500823439716001519082723088
2023-04-05 00:00:00+00:00,6,EUPHORIA,0.9999999991293862,True,6,False,BULL_STRUCTURE,BULL_STRUCTURE,1.0,0.9500899873925271433651002530,0.9500899873925271433651002530
2023-04-06 00:00:00+00:00,6,EUPHORIA,3.841298098611855e-46,False,6,False,BULL_STRUCTURE,BULL_STRUCTURE,1.0,0.475,0.475
2023-04-07 00:00:00+00:00,6,EUPHORIA,1.6193798530897658e-44,False,6,False,BULL_STRUCTURE,BULL_STRUCTURE,1.0,0.4741561109155659840496810676,0.4741561109155659840496810676
2023-04-08 00:00:00+00:00,3,NEUTRAL,1.0,True,3,False,BULL_STRUCTURE,BULL_STRUCTURE,1.0,0.4744423092197730898185695558,0.4744423092197730898185695558
2023-04-09 00:00:00+00:00,3,NEUTRAL,1.0,True,4,False,BULL_STRUCTURE,BULL_STRUCTURE,1.0,0.4778594180622680089086738087,0.4778594180622680089086738087
2023-04-10 00:00:00+00:00,3,NEUTRAL,1.0,True,5,False,BULL_STRUCTURE,BULL_STRUCTURE,1.0,0.4891801252599492437098137630,0.4891801252599492437098137630
2023-04-11 00:00:00+00:00,3,NEUTRAL,1.0,True,6,False,BULL_STRUCTURE,BULL_STRUCTURE,1.0,0.4938839356349585739260419308,0.4938839356349585739260419308
2023-04-12 00:00:00+00:00,3,NEUTRAL,1.0,True,7,False,BULL_STRUCTURE,BULL_STRUCTURE,1.0,0.4912854062975645863254679263,0.4912854062975645863254679263
2023-04-13 00:00:00+00:00,3,NEUTRAL,1.0,True,8,False,BULL_STRUCTURE,BULL_STRUCTURE,1.0,0.4953152376803081027996385256,0.4953152376803081027996385256
2023-04-14 00:00:00+00:00,3,NEUTRAL,1.0,True,9,False,BULL_STRUCTURE,BULL_STRUCTURE,1.0,0.4960802112518915161062168995,0.4960802112518915161062168995
2023-04-15 00:00:00+00:00,3,NEUTRAL,1.0,True,10,False,BULL_STRUCTURE,BULL_STRUCTURE,1.0,0.4946662883001150835063379011,0.4946662883001150835063379011
2023-04-16 00:00:00+00:00,3,NEUTRAL,1.0,True,11,False,BULL_STRUCTURE,BULL_STRUCTURE,1.0,0.4947451576831883004558329748,0.4947451576831883004558329748
2023-04-17 00:00:00+00:00,3,NEUTRAL,1.0,True,12,False,BULL_STRUCTURE,BULL_STRUCTURE,1.0,0.4874282570747037948324899515,0.4874282570747037948324899515
2023-04-18 00:00:00+00:00,3,NEUTRAL,0.9999999997050963,True,13,False,BULL_STRUCTURE,BULL_STRUCTURE,1.0,0.4953660119457958602376277662,0.4953660119457958602376277662
2023-04-19 00:00:00+00:00,3,NEUTRAL,0.9999980042493368,True,14,False,BULL_STRUCTURE,BULL_STRUCTURE,1.0,0.4819961316567304887828910499,0.4819961316567304887828910499
2023-04-20 00:00:00+00:00,3,NEUTRAL,1.0,True,15,False,BULL_STRUCTURE,BULL_STRUCTURE,1.0,0.4771527575926810973033287423,0.4771527575926810973033287423
2023-04-21 00:00:00+00:00,3,NEUTRAL,1.0,True,16,False,BULL_STRUCTURE,BULL_STRUCTURE,1.0,0.4683432252462907786867843735,0.4683432252462907786867843735
2023-04-22 00:00:00+00:00,3,NEUTRAL,1.0,True,17,False,BULL_STRUCTURE,BULL_STRUCTURE,1.0,0.4733554249489036008019241259,0.4733554249489036008019241259
2023-04-23 00:00:00+00:00,3,NEUTRAL,1.0,True,18,False,BULL_STRUCTURE,BULL_STRUCTURE,1.0,0.4713199727782991727545435567,0.4713199727782991727545435567
2023-04-24 00:00:00+00:00,3,NEUTRAL,1.0,True,19,False,BULL_STRUCTURE,BULL_STRUCTURE,1.0,0.4705994729437099030520710246,0.4705994729437099030520710246
2023-04-25 00:00:00+00:00,3,NEUTRAL,1.0,True,20,False,BULL_STRUCTURE,BULL_STRUCTURE,1.0,0.4776569921874442427891103503,0.4776569921874442427891103503
2023-04-26 00:00:00+00:00,3,NEUTRAL,1.0,True,21,False,BULL_STRUCTURE,BULL_STRUCTURE,1.0,0.4786644813470947719680275368,0.4786644813470947719680275368
2023-04-27 00:00:00+00:00,3,NEUTRAL,1.0,True,22,False,BULL_STRUCTURE,BULL_STRUCTURE,1.0,0.4877887979081149705287455602,0.4877887979081149705287455602
2023-04-28 00:00:00+00:00,3,NEUTRAL,1.0,True,23,False,BULL_STRUCTURE,BULL_STRUCTURE,1.0,0.4864197019724767408442057830,0.4864197019724767408442057830
2023-04-29 00:00:00+00:00,3,NEUTRAL,1.0,True,24,False,BULL_STRUCTURE,BULL_STRUCTURE,1.0,0.4857262955838915628691805258,0.4857262955838915628691805258
2023-04-30 00:00:00+00:00,3,NEUTRAL,1.0,True,25,False,BULL_STRUCTURE,BULL_STRUCTURE,1.0,0.4857498807857249348311704407,0.4857498807857249348311704407
2023-05-01 00:00:00+00:00,3,NEUTRAL,1.0,True,26,False,BULL_STRUCTURE,BULL_STRUCTURE,1.0,0.4755989221592368268912554027,0.4755989221592368268912554027
2023-05-02 00:00:00+00:00,3,NEUTRAL,1.0,True,27,False,BULL_STRUCTURE,BULL_STRUCTURE,1.0,0.4808905842633363454626710037,0.4808905842633363454626710037
2023-05-03 00:00:00+00:00,3,NEUTRAL,1.0,True,28,False,BULL_STRUCTURE,BULL_STRUCTURE,1.0,0.4839745365938597124957848603,0.4839745365938597124957848603
2023-05-04 00:00:00+00:00,3,NEUTRAL,1.0,True,29,False,BULL_STRUCTURE,BULL_STRUCTURE,1.0,0.4823518845006552974822623313,0.4823518845006552974822623313
2023-05-05 00:00:00+00:00,3,NEUTRAL,1.0,True,30,False,BULL_STRUCTURE,BULL_STRUCTURE,1.0,0.4880670427393457545851279610,0.4880670427393457545851279610
2023-05-06 00:00:00+00:00,3,NEUTRAL,1.0,True,31,False,BULL_STRUCTURE,BULL_STRUCTURE,1.0,0.4824387989248646597198269977,0.4824387989248646597198269977
2023-05-07 00:00:00+00:00,3,NEUTRAL,1.0,True,32,False,BULL_STRUCTURE,BULL_STRUCTURE,1.0,0.4787945112232271775199428321,0.4787945112232271775199428321
2023-05-08 00:00:00+00:00,3,NEUTRAL,1.0,True,33,False,BULL_STRUCTURE,BULL_STRUCTURE,1.0,0.4720251838462230046471327363,0.4720251838462230046471327363
2023-05-09 00:00:00+00:00,3,NEUTRAL,1.0,True,34,False,BULL_STRUCTURE,BULL_STRUCTURE,1.0,0.4716599609774157392774004887,0.4716599609774157392774004887
2023-05-10 00:00:00+00:00,3,NEUTRAL,1.0,True,35,False,BULL_STRUCTURE,BULL_STRUCTURE,1.0,0.4713935671753642648631438274,0.4713935671753642648631438274
2023-05-11 00:00:00+00:00,3,NEUTRAL,1.0,True,36,False,BULL_STRUCTURE,BULL_STRUCTURE,1.0,0.4656423947198330531142001701,0.4656423947198330531142001701
2023-05-12 00:00:00+00:00,3,NEUTRAL,1.0,True,37,False,BULL_STRUCTURE,BULL_STRUCTURE,1.0,0.4640358075185282382921435891,0.4640358075185282382921435891
2023-05-13 00:00:00+00:00,3,NEUTRAL,1.0,True,38,False,BULL_STRUCTURE,BULL_STRUCTURE,1.0,0.4638526145295585109608704177,0.4638526145295585109608704177
2023-05-14 00:00:00+00:00,3,NEUTRAL,1.0,True,39,False,BULL_STRUCTURE,BULL_STRUCTURE,1.0,0.4651714406477222442595511518,0.4651714406477222442595511518
2023-05-15 00:00:00+00:00,3,NEUTRAL,1.0,True,40,False,BULL_STRUCTURE,BULL_STRUCTURE,1.0,0.4674219149814786791251081928,0.4674219149814786791251081928
2023-05-16 00:00:00+00:00,3,NEUTRAL,1.0,True,41,False,BULL_STRUCTURE,BULL_STRUCTURE,1.0,0.4662434546801172658025509512,0.4662434546801172658025509512
2023-05-17 00:00:00+00:00,3,NEUTRAL,1.0,True,42,False,BULL_STRUCTURE,BULL_STRUCTURE,1.0,0.4696439865379014292317358854,0.4696439865379014292317358854
2023-05-18 00:00:00+00:00,3,NEUTRAL,1.0,True,43,False,BULL_STRUCTURE,BULL_STRUCTURE,1.0,0.4642795301646945415216056198,0.4642795301646945415216056198
2023-05-19 00:00:00+00:00,3,NEUTRAL,1.0,True,44,False,BULL_STRUCTURE,BULL_STRUCTURE,1.0,0.4648259165616692118028301716,0.4648259165616692118028301716
2023-05-20 00:00:00+00:00,3,NEUTRAL,1.0,True,45,False,BULL_STRUCTURE,BULL_STRUCTURE,1.0,0.4668741151080832022393563713,0.4668741151080832022393563713
2023-05-21 00:00:00+00:00,3,NEUTRAL,1.0,True,46,False,BULL_STRUCTURE,BULL_STRUCTURE,1.0,0.4635970680958278664283827019,0.4635970680958278664283827019
2023-05-22 00:00:00+00:00,3,NEUTRAL,1.0,True,47,False,BULL_STRUCTURE,BULL_STRUCTURE,1.0,0.4645389665033600517468860298,0.4645389665033600517468860298
2023-05-23 00:00:00+00:00,3,NEUTRAL,1.0,True,48,False,BULL_STRUCTURE,BULL_STRUCTURE,1.0,0.4679481021833318438665310424,0.4679481021833318438665310424
2023-05-24 00:00:00+00:00,3,NEUTRAL,1.0,True,49,False,BULL_STRUCTURE,BULL_STRUCTURE,1.0,0.4596752871555088997423196301,0.4596752871555088997423196301
2023-05-25 00:00:00+00:00,3,NEUTRAL,1.0,True,50,False,BULL_STRUCTURE,BULL_STRUCTURE,1.0,0.4610376213262792509331484172,0.4610376213262792509331484172
2023-05-26 00:00:00+00:00,3,NEUTRAL,1.0,True,51,False,BULL_STRUCTURE,BULL_STRUCTURE,1.0,0.4632076119954749908917907301,0.4632076119954749908917907301
2023-05-27 00:00:00+00:00,3,NEUTRAL,1.0,True,52,False,BULL_STRUCTURE,BULL_STRUCTURE,1.0,0.4645852845221700159871774935,0.4645852845221700159871774935
2023-05-28 00:00:00+00:00,3,NEUTRAL,1.0,True,53,False,BULL_STRUCTURE,BULL_STRUCTURE,1.0,0.4755699533571209869615102642,0.4755699533571209869615102642
2023-05-29 00:00:00+00:00,3,NEUTRAL,1.0,True,54,False,BULL_STRUCTURE,BULL_STRUCTURE,1.0,0.4726334568091305480126111342,0.4726334568091305480126111342
2023-05-30 00:00:00+00:00,3,NEUTRAL,1.0,True,55,False,BULL_STRUCTURE,BULL_STRUCTURE,1.0,0.4722557566528788609826647888,0.4722557566528788609826647888
2023-05-31 00:00:00+00:00,3,NEUTRAL,0.984469593806819,True,56,False,BULL_STRUCTURE,BULL_STRUCTURE,1.0,0.4678633892114509702196997984,0.4678633892114509702196997984
2023-06-01 00:00:00+00:00,3,NEUTRAL,4.964816936566321e-91,False,56,False,BULL_STRUCTURE,BULL_STRUCTURE,1.0,0.4642484625243153668861752222,0.4642484625243153668861752222
2023-06-02 00:00:00+00:00,3,NEUTRAL,1.466991723416479e-177,False,56,False,BULL_STRUCTURE,BULL_STRUCTURE,1.0,0.4681582129334877655933544661,0.4681582129334877655933544661
2023-06-03 00:00:00+00:00,0,STRONG_BULL,1.0,True,3,False,BULL_STRUCTURE,BULL_STRUCTURE,1.0,0.95,0.95
2023-06-04 00:00:00+00:00,0,STRONG_BULL,1.0,True,4,False,BULL_STRUCTURE,BULL_STRUCTURE,1.0,0.9506766930493036671300533822,0.9506766930493036671300533822
2023-06-05 00:00:00+00:00,0,STRONG_BULL,1.0,True,5,False,BULL_STRUCTURE,BULL_STRUCTURE,1.0,0.9481555240660473919026738812,0.9481555240660473919026738812
2023-06-06 00:00:00+00:00,0,STRONG_BULL,1.0,True,6,False,BULL_STRUCTURE,BULL_STRUCTURE,1.0,0.9508745417080889201889830926,0.9508745417080889201889830926
2023-06-07 00:00:00+00:00,0,STRONG_BULL,1.0,True,7,False,BULL_STRUCTURE,BULL_STRUCTURE,1.0,0.9492974570771815842424190965,0.9492974570771815842424190965
2023-06-08 00:00:00+00:00,0,STRONG_BULL,1.0,True,8,False,BULL_STRUCTURE,BULL_STRUCTURE,1.0,0.9495868416107087698844950603,0.9495868416107087698844950603
2023-06-09 00:00:00+00:00,0,STRONG_BULL,1.0,True,9,False,BULL_STRUCTURE,BULL_STRUCTURE,1.0,0.9495492368638513025420640756,0.9495492368638513025420640756
2023-06-10 00:00:00+00:00,0,STRONG_BULL,1.0,True,10,False,BULL_STRUCTURE,BULL_STRUCTURE,1.0,0.9483705468973770851282288881,0.9483705468973770851282288881
2023-06-11 00:00:00+00:00,0,STRONG_BULL,1.0,True,11,False,BULL_STRUCTURE,BULL_STRUCTURE,1.0,0.9485298609738881901525031683,0.9485298609738881901525031683
2023-06-12 00:00:00+00:00,0,STRONG_BULL,1.0,True,12,False,BULL_STRUCTURE,BULL_STRUCTURE,1.0,0.9484914920364193027974269404,0.9484914920364193027974269404
2023-06-13 00:00:00+00:00,0,STRONG_BULL,1.0,True,13,False,BULL_STRUCTURE,BULL_STRUCTURE,1.0,0.9485462389188479126262975907,0.9485462389188479126262975907
2023-06-14 00:00:00+00:00,0,STRONG_BULL,1.0,True,14,False,BULL_STRUCTURE,BULL_STRUCTURE,1.0,0.9469840343598507754061554574,0.9469840343598507754061554574
2023-06-15 00:00:00+00:00,0,STRONG_BULL,1.0,True,15,False,BULL_STRUCTURE,BULL_STRUCTURE,1.0,0.9479065081505873322499368280,0.9479065081505873322499368280
2023-06-16 00:00:00+00:00,0,STRONG_BULL,1.0,True,16,False,BULL_STRUCTURE,BULL_STRUCTURE,1.0,0.9493077978981204192984480243,0.9493077978981204192984480243
2023-06-17 00:00:00+00:00,0,STRONG_BULL,1.0,True,17,False,BULL_STRUCTURE,BULL_STRUCTURE,1.0,0.9496200245653251889907400727,0.9496200245653251889907400727
2023-06-18 00:00:00+00:00,0,STRONG_BULL,1.0,True,18,False,BULL_STRUCTURE,BULL_STRUCTURE,1.0,0.9492986082959439149905565406,0.9492986082959439149905565406
2023-06-19 00:00:00+00:00,0,STRONG_BULL,1.0,True,19,False,BULL_STRUCTURE,BULL_STRUCTURE,1.0,0.9502038021760737444050309838,0.9502038021760737444050309838
2023-06-20 00:00:00+00:00,0,STRONG_BULL,1.0,True,20,False,BULL_STRUCTURE,BULL_STRUCTURE,1.0,0.9526565776242423978861745308,0.9526565776242423978861745308
2023-06-21 00:00:00+00:00,0,STRONG_BULL,1.0,True,21,False,BULL_STRUCTURE,BULL_STRUCTURE,1.0,0.9551984413913583398337634536,0.9551984413913583398337634536
2023-06-22 00:00:00+00:00,0,STRONG_BULL,1.0,True,22,False,BULL_STRUCTURE,BULL_STRUCTURE,1.0,0.9550424248519820886023505357,0.9550424248519820886023505357
2023-06-23 00:00:00+00:00,0,STRONG_BULL,1.0,True,23,False,BULL_STRUCTURE,BULL_STRUCTURE,1.0,0.9561680416373124927935524310,0.9561680416373124927935524310
2023-06-24 00:00:00+00:00,0,STRONG_BULL,1.0,True,24,False,BULL_STRUCTURE,BULL_STRUCTURE,1.0,0.9559469618252296095808049932,0.9559469618252296095808049932
2023-06-25 00:00:00+00:00,0,STRONG_BULL,1.0,True,25,False,BULL_STRUCTURE,BULL_STRUCTURE,1.0,0.9558574304903302412096671858,0.9558574304903302412096671858
2023-06-26 00:00:00+00:00,0,STRONG_BULL,1.0,True,26,False,BULL_STRUCTURE,BULL_STRUCTURE,1.0,0.9555861347990852943077190781,0.9555861347990852943077190781
2023-06-27 00:00:00+00:00,0,STRONG_BULL,1.0,True,27,False,BULL_STRUCTURE,BULL_STRUCTURE,1.0,0.9561734217620997084105941153,0.9561734217620997084105941153
2023-06-28 00:00:00+00:00,0,STRONG_BULL,1.0,True,28,False,BULL_STRUCTURE,BULL_STRUCTURE,1.0,0.9553172890992486017030402738,0.9553172890992486017030402738
2023-06-29 00:00:00+00:00,0,STRONG_BULL,1.0,True,29,False,BULL_STRUCTURE,BULL_STRUCTURE,1.0,0.9558361588727826654968048244,0.9558361588727826654968048244
2023-06-30 00:00:00+00:00,0,STRONG_BULL,1.0,True,30,False,BULL_STRUCTURE,BULL_STRUCTURE,1.0,0.9558703635869714389299427085,0.9558703635869714389299427085
2023-07-01 00:00:00+00:00,0,STRONG_BULL,1.0,True,31,False,BULL_STRUCTURE,BULL_STRUCTURE,1.0,0.9560274733529980230792594146,0.9560274733529980230792594146
2023-07-02 00:00:00+00:00,0,STRONG_BULL,1.0,True,32,False,BULL_STRUCTURE,BULL_STRUCTURE,1.0,0.9560702185449716915083021918,0.9560702185449716915083021918
2023-07-03 00:00:00+00:00,0,STRONG_BULL,1.0,True,33,False,BULL_STRUCTURE,BULL_STRUCTURE,1.0,0.9567975968694120920303415958,0.9567975968694120920303415958
2023-07-04 00:00:00+00:00,0,STRONG_BULL,1.0,True,34,False,BULL_STRUCTURE,BULL_STRUCTURE,1.0,0.9562743201361112150050494460,0.9562743201361112150050494460
2023-07-05 00:00:00+00:00,0,STRONG_BULL,1.0,True,35,False,BULL_STRUCTURE,BULL_STRUCTURE,1.0,0.9559157355809784979626250023,0.9559157355809784979626250023
2023-07-06 00:00:00+00:00,0,STRONG_BULL,1.0,True,36,False,BULL_STRUCTURE,BULL_STRUCTURE,1.0,0.9550575197547133822436674465,0.9550575197547133822436674465
2023-07-07 00:00:00+00:00,0,STRONG_BULL,1.0,True,37,False,BULL_STRUCTURE,BULL_STRUCTURE,1.0,0.9556934364262850131152798793,0.9556934364262850131152798793
2023-07-08 00:00:00+00:00,0,STRONG_BULL,1.0,True,38,False,BULL_STRUCTURE,BULL_STRUCTURE,1.0,0.9556094548802719941555304939,0.9556094548802719941555304939
2023-07-09 00:00:00+00:00,0,STRONG_BULL,1.0,True,39,False,BULL_STRUCTURE,BULL_STRUCTURE,1.0,0.9554351973484621223243905436,0.9554351973484621223243905436
2023-07-10 00:00:00+00:00,0,STRONG_BULL,1.0,True,40,False,BULL_STRUCTURE,BULL_STRUCTURE,1.0,0.9557865518159315155331993136,0.9557865518159315155331993136
2023-07-11 00:00:00+00:00,0,STRONG_BULL,1.0,True,41,False,BULL_STRUCTURE,BULL_STRUCTURE,1.0,0.9560771723895634301473840802,0.9560771723895634301473840802
2023-07-12 00:00:00+00:00,0,STRONG_BULL,1.0,True,42,False,BULL_STRUCTURE,BULL_STRUCTURE,1.0,0.9557426399227585295928800687,0.9557426399227585295928800687
2023-07-13 00:00:00+00:00,0,STRONG_BULL,1.0,True,43,False,BULL_STRUCTURE,BULL_STRUCTURE,1.0,0.9571894169756336408242833025,0.9571894169756336408242833025
2023-07-14 00:00:00+00:00,0,STRONG_BULL,1.0,True,44,False,BULL_STRUCTURE,BULL_STRUCTURE,1.0,0.9556477732513350835866059491,0.9556477732513350835866059491
2023-07-15 00:00:00+00:00,0,STRONG_BULL,1.0,True,45,False,BULL_STRUCTURE,BULL_STRUCTURE,1.0,0.9556163033020031803875182238,0.9556163033020031803875182238
2023-07-16 00:00:00+00:00,0,STRONG_BULL,1.0,True,46,False,BULL_STRUCTURE,BULL_STRUCTURE,1.0,0.9555355987591485680372260720,0.9555355987591485680372260720
2023-07-17 00:00:00+00:00,0,STRONG_BULL,1.0,True,47,False,BULL_STRUCTURE,BULL_STRUCTURE,1.0,0.9554031138775527835256135253,0.9554031138775527835256135253
2023-07-18 00:00:00+00:00,0,STRONG_BULL,1.0,True,48,False,BULL_STRUCTURE,BULL_STRUCTURE,1.0,0.9550053411679605562521959793,0.9550053411679605562521959793
2023-07-19 00:00:00+00:00,0,STRONG_BULL,1.0,True,49,False,BULL_STRUCTURE,BULL_STRUCTURE,1.0,0.9550772958175264760381235944,0.9550772958175264760381235944
2023-07-20 00:00:00+00:00,0,STRONG_BULL,1.0,True,50,False,BULL_STRUCTURE,BULL_STRUCTURE,1.0,0.9549200862174425839803437989,0.9549200862174425839803437989
2023-07-21 00:00:00+00:00,0,STRONG_BULL,1.0,True,51,False,BULL_STRUCTURE,BULL_STRUCTURE,1.0,0.9550665488689011090893155622,0.9550665488689011090893155622
2023-07-22 00:00:00+00:00,0,STRONG_BULL,1.0,True,52,False,BULL_STRUCTURE,BULL_STRUCTURE,1.0,0.9549114172254928280034504306,0.9549114172254928280034504306
2023-07-23 00:00:00+00:00,0,STRONG_BULL,0.999999974650564,True,53,False,BULL_STRUCTURE,BULL_STRUCTURE,1.0,0.9553262850802172273742354441,0.9553262850802172273742354441
2023-07-24 00:00:00+00:00,0,STRONG_BULL,7.856936442163714e-34,False,53,False,BULL_STRUCTURE,BULL_STRUCTURE,1.0,0.475,0.475
2023-07-25 00:00:00+00:00,0,STRONG_BULL,4.103302077161368e-15,False,53,False,BULL_STRUCTURE,BULL_STRUCTURE,1.0,0.4757426601871836606368247257,0.4757426601871836606368247257
2023-07-26 00:00:00+00:00,0,STRONG_BULL,1.0,True,54,False,BULL_STRUCTURE,BULL_STRUCTURE,1.0,0.95,0.95
2023-07-27 00:00:00+00:00,0,STRONG_BULL,0.40588116878448427,False,54,False,BULL_STRUCTURE,BULL_STRUCTURE,1.0,0.475,0.475
2023-07-28 00:00:00+00:00,0,STRONG_BULL,0.9809633021369007,True,55,False,BULL_STRUCTURE,BULL_STRUCTURE,1.0,0.95,0.95
2023-07-29 00:00:00+00:00,0,STRONG_BULL,3.4457630538941405e-06,False,55,False,BULL_STRUCTURE,BULL_STRUCTURE,1.0,0.475,0.475
2023-07-30 00:00:00+00:00,0,STRONG_BULL,1.205510435351568e-21,False,55,False,BULL_STRUCTURE,BULL_STRUCTURE,1.0,0.4746816603480387429546299620,0.4746816603480387429546299620
2023-07-31 00:00:00+00:00,5,STRONG_BEAR,1.0,True,3,False,BULL_STRUCTURE,BULL_STRUCTURE,1.0,0.4742654073039168432965953850,0.4742654073039168432965953850
2023-08-01 00:00:00+00:00,5,STRONG_BEAR,0.9999999365372807,True,4,False,BULL_STRUCTURE,BULL_STRUCTURE,1.0,0.95,0.95
2023-08-02 00:00:00+00:00,5,STRONG_BEAR,1.0,True,5,False,BULL_STRUCTURE,BULL_STRUCTURE,1.0,0.60,0.60
2023-08-03 00:00:00+00:00,5,STRONG_BEAR,0.999999999494321,True,6,False,BULL_STRUCTURE,BULL_STRUCTURE,1.0,0.6003337882560924216112207688,0.6003337882560924216112207688
2023-08-04 00:00:00+00:00,5,STRONG_BEAR,0.9999999999490683,True,7,False,BULL_STRUCTURE,BULL_STRUCTURE,1.0,0.5996780965774733263767299597,0.5996780965774733263767299597
2023-08-05 00:00:00+00:00,5,STRONG_BEAR,0.9999999987448973,True,8,False,BULL_STRUCTURE,BULL_STRUCTURE,1.0,0.5993326350796239081089473563,0.5993326350796239081089473563
2023-08-06 00:00:00+00:00,5,STRONG_BEAR,0.9999638852869327,True,9,False,BULL_STRUCTURE,BULL_STRUCTURE,1.0,0.5994671437583552181195376436,0.5994671437583552181195376436
2023-08-07 00:00:00+00:00,5,STRONG_BEAR,0.7648358238419238,True,10,False,BULL_STRUCTURE,BULL_STRUCTURE,1.0,0.6004769063612093393853794077,0.6004769063612093393853794077
2023-08-08 00:00:00+00:00,5,STRONG_BEAR,2.7973924881507665e-14,False,10,False,BULL_STRUCTURE,BULL_STRUCTURE,1.0,0.6050185918205229410212966461,0.6050185918205229410212966461
2023-08-09 00:00:00+00:00,5,STRONG_BEAR,2.3275495289081852e-18,False,10,False,BULL_STRUCTURE,BULL_STRUCTURE,1.0,0.6035002248346245464327304716,0.6035002248346245464327304716
2023-08-10 00:00:00+00:00,0,STRONG_BULL,1.0,True,3,False,BULL_STRUCTURE,BULL_STRUCTURE,1.0,0.95,0.95
2023-08-11 00:00:00+00:00,0,STRONG_BULL,1.0,True,4,False,BULL_STRUCTURE,BULL_STRUCTURE,1.0,0.9503787368947119924202277389,0.9503787368947119924202277389
2023-08-12 00:00:00+00:00,0,STRONG_BULL,1.0,True,5,False,BULL_STRUCTURE,BULL_STRUCTURE,1.0,0.9503853708895314905860978244,0.9503853708895314905860978244
2023-08-13 00:00:00+00:00,0,STRONG_BULL,1.0,True,6,False,BULL_STRUCTURE,BULL_STRUCTURE,1.0,0.9501821358566892643881224607,0.9501821358566892643881224607
2023-08-14 00:00:00+00:00,0,STRONG_BULL,1.0,True,7,False,BULL_STRUCTURE,BULL_STRUCTURE,1.0,0.9503865885316296908737298124,0.9503865885316296908737298124
2023-08-15 00:00:00+00:00,0,STRONG_BULL,1.0,True,8,False,BULL_STRUCTURE,BULL_STRUCTURE,1.0,0.9500138309179717489768339845,0.9500138309179717489768339845
2023-08-16 00:00:00+00:00,0,STRONG_BULL,1.0,True,9,False,BULL_STRUCTURE,BULL_STRUCTURE,1.0,0.9492384623489611814982140646,0.9492384623489611814982140646
2023-08-17 00:00:00+00:00,0,STRONG_BULL,1.747518088100959e-107,False,9,False,TRANSITION,BULL_STRUCTURE,0.6,0.475,0.475
2023-08-18 00:00:00+00:00,0,STRONG_BULL,1.0008332677088752e-167,False,9,False,TRANSITION,BULL_STRUCTURE,0.6,0.4699020132235364904472327743,0.4699020132235364904472327743
2023-08-19 00:00:00+00:00,5,STRONG_BEAR,1.0,True,3,False,TRANSITION,BULL_STRUCTURE,0.6,0.4703415356575848125487770863,0.4703415356575848125487770863
2023-08-20 00:00:00+00:00,5,STRONG_BEAR,1.0,True,4,False,TRANSITION,BULL_STRUCTURE,0.6,0.4711989898418618289933982033,0.4711989898418618289933982033
2023-08-21 00:00:00+00:00,5,STRONG_BEAR,1.0,True,5,False,TRANSITION,TRANSITION,0.6,0.4705982627598975160284183268,0.4705982627598975160284183268
2023-08-22 00:00:00+00:00,5,STRONG_BEAR,1.0,True,6,False,TRANSITION,TRANSITION,0.6,0.4699211339056847186016791322,0.4699211339056847186016791322
2023-08-23 00:00:00+00:00,5,STRONG_BEAR,1.0,True,7,False,TRANSITION,TRANSITION,0.6,0.4734982720295826510121286835,0.4734982720295826510121286835
2023-08-24 00:00:00+00:00,5,STRONG_BEAR,1.0,True,8,False,TRANSITION,TRANSITION,0.6,0.4711044041699833777297102628,0.4711044041699833777297102628
2023-08-25 00:00:00+00:00,5,STRONG_BEAR,1.0,True,9,False,TRANSITION,TRANSITION,0.6,0.4699594667183246845105423039,0.4699594667183246845105423039
2023-08-26 00:00:00+00:00,5,STRONG_BEAR,1.0,True,10,False,TRANSITION,TRANSITION,0.6,0.4695515737810081695437592980,0.4695515737810081695437592980
2023-08-27 00:00:00+00:00,5,STRONG_BEAR,1.0,True,11,False,TRANSITION,TRANSITION,0.6,0.4703583340402347706627252557,0.4703583340402347706627252557
2023-08-28 00:00:00+00:00,5,STRONG_BEAR,1.0,True,12,False,TRANSITION,TRANSITION,0.6,0.4705322682670293387066443831,0.4705322682670293387066443831
2023-08-29 00:00:00+00:00,5,STRONG_BEAR,1.0,True,13,False,TRANSITION,TRANSITION,0.6,0.4853324955104941793282930931,0.4853324955104941793282930931
2023-08-30 00:00:00+00:00,5,STRONG_BEAR,1.0,True,14,False,TRANSITION,TRANSITION,0.6,0.4815527142771868364327105657,0.4815527142771868364327105657
2023-08-31 00:00:00+00:00,5,STRONG_BEAR,1.0,True,15,False,TRANSITION,TRANSITION,0.6,0.4688173374531620078013530987,0.4688173374531620078013530987
2023-09-01 00:00:00+00:00,5,STRONG_BEAR,1.0,True,16,False,TRANSITION,TRANSITION,0.6,0.4675111454979120421387427053,0.4675111454979120421387427053
2023-09-02 00:00:00+00:00,5,STRONG_BEAR,1.0,True,17,False,TRANSITION,TRANSITION,0.6,0.4681322736353035640449584896,0.4681322736353035640449584896
2023-09-03 00:00:00+00:00,5,STRONG_BEAR,1.0,True,18,False,TRANSITION,TRANSITION,0.6,0.4691093003762863647451741441,0.4691093003762863647451741441
2023-09-04 00:00:00+00:00,5,STRONG_BEAR,1.0,True,19,False,TRANSITION,TRANSITION,0.6,0.4677133688258328346159121731,0.4677133688258328346159121731
2023-09-05 00:00:00+00:00,5,STRONG_BEAR,1.0,True,20,False,TRANSITION,TRANSITION,0.6,0.4673861859461422728185361987,0.4673861859461422728185361987
2023-09-06 00:00:00+00:00,5,STRONG_BEAR,0.9999999195861197,True,21,False,TRANSITION,TRANSITION,0.6,0.4670757044908860248313018752,0.4670757044908860248313018752
2023-09-07 00:00:00+00:00,5,STRONG_BEAR,1.3915430555700525e-14,False,21,False,TRANSITION,TRANSITION,0.6,0.4718167697680447501134565594,0.4718167697680447501134565594
2023-09-08 00:00:00+00:00,5,STRONG_BEAR,1.9678387831928514e-10,False,21,False,TRANSITION,TRANSITION,0.6,0.4685264947827602171218158219,0.4685264947827602171218158219
2023-09-09 00:00:00+00:00,0,STRONG_BULL,1.0,True,3,False,TRANSITION,TRANSITION,0.6,0.95,0.6
2023-09-10 00:00:00+00:00,0,STRONG_BULL,1.0,True,4,False,TRANSITION,TRANSITION,0.6,0.95,0.6
2023-09-11 00:00:00+00:00,0,STRONG_BULL,4.2707764714094586e-08,False,4,False,TRANSITION,TRANSITION,0.6,0.5931349766253552904091168050,0.5931349766253552904091168050
2023-09-12 00:00:00+00:00,0,STRONG_BULL,0.8432306338502686,True,5,False,TRANSITION,TRANSITION,0.6,0.95,0.6
2023-09-13 00:00:00+00:00,0,STRONG_BULL,1.0,True,6,False,TRANSITION,TRANSITION,0.6,0.95,0.6
2023-09-14 00:00:00+00:00,0,STRONG_BULL,1.0,True,7,False,TRANSITION,TRANSITION,0.6,0.95,0.6
2023-09-15 00:00:00+00:00,0,STRONG_BULL,1.0,True,8,False,TRANSITION,TRANSITION,0.6,0.95,0.6
2023-09-16 00:00:00+00:00,0,STRONG_BULL,1.0,True,9,False,TRANSITION,TRANSITION,0.6,0.95,0.6
2023-09-17 00:00:00+00:00,0,STRONG_BULL,1.0,True,10,False,TRANSITION,TRANSITION,0.6,0.95,0.6
2023-09-18 00:00:00+00:00,0,STRONG_BULL,9.345267248820132e-18,False,10,False,TRANSITION,TRANSITION,0.6,0.6021567838158205823623093463,0.6
2023-09-19 00:00:00+00:00,0,STRONG_BULL,0.9999985594523795,True,11,False,TRANSITION,TRANSITION,0.6,0.95,0.6
2023-09-20 00:00:00+00:00,0,STRONG_BULL,0.9999996297575083,True,12,False,TRANSITION,TRANSITION,0.6,0.95,0.6
2023-09-21 00:00:00+00:00,0,STRONG_BULL,0.9999999997871782,True,13,False,TRANSITION,TRANSITION,0.6,0.95,0.6
2023-09-22 00:00:00+00:00,0,STRONG_BULL,1.0,True,14,False,TRANSITION,TRANSITION,0.6,0.95,0.6
2023-09-23 00:00:00+00:00,0,STRONG_BULL,1.0,True,15,False,TRANSITION,TRANSITION,0.6,0.95,0.6
2023-09-24 00:00:00+00:00,0,STRONG_BULL,0.999999999998181,True,16,False,TRANSITION,TRANSITION,0.6,0.95,0.6
2023-09-25 00:00:00+00:00,0,STRONG_BULL,1.0,True,17,False,TRANSITION,TRANSITION,0.6,0.95,0.6
2023-09-26 00:00:00+00:00,0,STRONG_BULL,1.0,True,18,False,TRANSITION,TRANSITION,0.6,0.95,0.6
2023-09-27 00:00:00+00:00,0,STRONG_BULL,1.0,True,19,False,TRANSITION,TRANSITION,0.6,0.95,0.6
2023-09-28 00:00:00+00:00,0,STRONG_BULL,1.0,True,20,False,TRANSITION,TRANSITION,0.6,0.95,0.6
2023-09-29 00:00:00+00:00,4,STRONG_BEAR,0.999999999658371,True,1,False,TRANSITION,TRANSITION,0.6,0.95,0.6
2023-09-30 00:00:00+00:00,4,STRONG_BEAR,0.9999999999995453,True,2,False,TRANSITION,TRANSITION,0.6,0.95,0.6
2023-10-01 00:00:00+00:00,4,STRONG_BEAR,0.9999999401907207,True,3,False,TRANSITION,TRANSITION,0.6,0.95,0.6
2023-10-02 00:00:00+00:00,4,STRONG_BEAR,0.999871650067612,True,4,False,TRANSITION,TRANSITION,0.6,0.95,0.6
2023-10-03 00:00:00+00:00,4,STRONG_BEAR,1.0,True,5,False,TRANSITION,TRANSITION,0.6,0.95,0.6
2023-10-04 00:00:00+00:00,4,STRONG_BEAR,1.0,True,6,False,TRANSITION,TRANSITION,0.6,0.95,0.6
2023-10-05 00:00:00+00:00,4,STRONG_BEAR,1.0,True,7,False,TRANSITION,TRANSITION,0.6,0.95,0.6
2023-10-06 00:00:00+00:00,4,STRONG_BEAR,1.0,True,8,False,TRANSITION,TRANSITION,0.6,0.95,0.6
2023-10-07 00:00:00+00:00,4,STRONG_BEAR,1.0,True,9,False,TRANSITION,TRANSITION,0.6,0.95,0.6
2023-10-08 00:00:00+00:00,4,STRONG_BEAR,1.0,True,10,False,TRANSITION,TRANSITION,0.6,0.95,0.6
2023-10-09 00:00:00+00:00,4,STRONG_BEAR,1.0,True,11,False,TRANSITION,TRANSITION,0.6,0.95,0.6
2023-10-10 00:00:00+00:00,4,STRONG_BEAR,1.0,True,12,False,TRANSITION,TRANSITION,0.6,0.95,0.6
2023-10-11 00:00:00+00:00,4,STRONG_BEAR,0.9999999978701908,True,13,False,TRANSITION,TRANSITION,0.6,0.95,0.6
2023-10-12 00:00:00+00:00,4,STRONG_BEAR,0.9999999980923349,True,14,False,TRANSITION,TRANSITION,0.6,0.95,0.6
2023-10-13 00:00:00+00:00,4,STRONG_BEAR,0.9999999992626272,True,15,False,TRANSITION,TRANSITION,0.6,0.95,0.6
2023-10-14 00:00:00+00:00,4,STRONG_BEAR,0.999999999998181,True,16,False,TRANSITION,TRANSITION,0.6,0.95,0.6
2023-10-15 00:00:00+00:00,4,STRONG_BEAR,0.9999999999935199,True,17,False,TRANSITION,TRANSITION,0.6,0.95,0.6
2023-10-16 00:00:00+00:00,4,STRONG_BEAR,1.2061035680329432e-15,False,17,False,TRANSITION,TRANSITION,0.6,0.6115576434375634324660073877,0.6
2023-10-17 00:00:00+00:00,4,STRONG_BEAR,0.2415495849923228,False,17,False,TRANSITION,TRANSITION,0.6,0.5991226160448535375268516991,0.5991226160448535375268516991
2023-10-18 00:00:00+00:00,4,STRONG_BEAR,0.999483108007372,True,18,False,TRANSITION,TRANSITION,0.6,0.95,0.6
2023-10-19 00:00:00+00:00,4,STRONG_BEAR,0.9997441279796693,True,19,False,BULL_STRUCTURE,TRANSITION,0.6,0.95,0.6
2023-10-20 00:00:00+00:00,4,STRONG_BEAR,4.969334641949051e-06,False,19,False,BULL_STRUCTURE,TRANSITION,0.6,0.6078299250422507014974759993,0.6
2023-10-21 00:00:00+00:00,4,STRONG_BEAR,1.878704330028582e-09,False,19,False,BULL_STRUCTURE,TRANSITION,0.6,0.6019429970996598467499188974,0.6
2023-10-22 00:00:00+00:00,2,WEAK_BULL,1.0,True,3,False,BULL_STRUCTURE,TRANSITION,0.6,0.95,0.6
2023-10-23 00:00:00+00:00,2,WEAK_BULL,1.0,True,4,False,BULL_STRUCTURE,BULL_STRUCTURE,1.0,0.95,0.95
2023-10-24 00:00:00+00:00,2,WEAK_BULL,1.0,True,5,False,BULL_STRUCTURE,BULL_STRUCTURE,1.0,0.9515882449552902445024580654,0.9515882449552902445024580654
2023-10-25 00:00:00+00:00,2,WEAK_BULL,1.0,True,6,False,BULL_STRUCTURE,BULL_STRUCTURE,1.0,0.9523545067845213360089564490,0.9523545067845213360089564490
2023-10-26 00:00:00+00:00,2,WEAK_BULL,1.0,True,7,False,BULL_STRUCTURE,BULL_STRUCTURE,1.0,0.9518971547977699980921810505,0.9518971547977699980921810505
2023-10-27 00:00:00+00:00,2,WEAK_BULL,1.0,True,8,False,BULL_STRUCTURE,BULL_STRUCTURE,1.0,0.9515465039208641569974477522,0.9515465039208641569974477522
2023-10-28 00:00:00+00:00,2,WEAK_BULL,1.0,True,9,False,BULL_STRUCTURE,BULL_STRUCTURE,1.0,0.9518022301953557032682599897,0.9518022301953557032682599897
2023-10-29 00:00:00+00:00,2,WEAK_BULL,1.0,True,10,False,BULL_STRUCTURE,BULL_STRUCTURE,1.0,0.9523937254027947289975388323,0.9523937254027947289975388323
2023-10-30 00:00:00+00:00,2,WEAK_BULL,1.0,True,11,False,BULL_STRUCTURE,BULL_STRUCTURE,1.0,0.9523264463753964378315137921,0.9523264463753964378315137921
2023-10-31 00:00:00+00:00,2,WEAK_BULL,1.0,True,12,False,BULL_STRUCTURE,BULL_STRUCTURE,1.0,0.9525428060115450546445486125,0.9525428060115450546445486125
2023-11-01 00:00:00+00:00,2,WEAK_BULL,1.0,True,13,False,BULL_STRUCTURE,BULL_STRUCTURE,1.0,0.9535414102671120791005524306,0.9535414102671120791005524306
2023-11-02 00:00:00+00:00,2,WEAK_BULL,1.0,True,14,False,BULL_STRUCTURE,BULL_STRUCTURE,1.0,0.9529334399521047824751399078,0.9529334399521047824751399078
2023-11-03 00:00:00+00:00,2,WEAK_BULL,1.0,True,15,False,BULL_STRUCTURE,BULL_STRUCTURE,1.0,0.9526430919319235982944602127,0.9526430919319235982944602127
2023-11-04 00:00:00+00:00,2,WEAK_BULL,1.0,True,16,False,BULL_STRUCTURE,BULL_STRUCTURE,1.0,0.9530875825505905903403027791,0.9530875825505905903403027791
2023-11-05 00:00:00+00:00,2,WEAK_BULL,1.0,True,17,False,BULL_STRUCTURE,BULL_STRUCTURE,1.0,0.9530234921208309031557467953,0.9530234921208309031557467953
2023-11-06 00:00:00+00:00,2,WEAK_BULL,1.0,True,18,False,BULL_STRUCTURE,BULL_STRUCTURE,1.0,0.9530671957752154826547764283,0.9530671957752154826547764283
2023-11-07 00:00:00+00:00,2,WEAK_BULL,1.0,True,19,False,BULL_STRUCTURE,BULL_STRUCTURE,1.0,0.9535134912600112129384019441,0.9535134912600112129384019441
2023-11-08 00:00:00+00:00,2,WEAK_BULL,1.0,True,20,False,BULL_STRUCTURE,BULL_STRUCTURE,1.0,0.9537942732689392139120417284,0.9537942732689392139120417284
2023-11-09 00:00:00+00:00,2,WEAK_BULL,1.0,True,21,False,BULL_STRUCTURE,BULL_STRUCTURE,1.0,0.9550885348481058199944396646,0.9550885348481058199944396646
2023-11-10 00:00:00+00:00,2,WEAK_BULL,1.0,True,22,False,BULL_STRUCTURE,BULL_STRUCTURE,1.0,0.9557796161092476662398721784,0.9557796161092476662398721784
2023-11-11 00:00:00+00:00,2,WEAK_BULL,1.0,True,23,False,BULL_STRUCTURE,BULL_STRUCTURE,1.0,0.9555842902411618623576965022,0.9555842902411618623576965022
2023-11-12 00:00:00+00:00,2,WEAK_BULL,1.0,True,24,False,BULL_STRUCTURE,BULL_STRUCTURE,1.0,0.9555088670017929300613140357,0.9555088670017929300613140357
2023-11-13 00:00:00+00:00,2,WEAK_BULL,0.9999999702577047,True,25,False,BULL_STRUCTURE,BULL_STRUCTURE,1.0,0.9548084492779723693857852512,0.9548084492779723693857852512
2023-11-14 00:00:00+00:00,2,WEAK_BULL,2.7964574117152117e-11,False,25,False,BULL_STRUCTURE,BULL_STRUCTURE,1.0,0.475,0.475
2023-11-15 00:00:00+00:00,2,WEAK_BULL,1.2451068057758274e-19,False,25,False,BULL_STRUCTURE,BULL_STRUCTURE,1.0,0.4909922711203837989963765094,0.4909922711203837989963765094
2023-11-16 00:00:00+00:00,4,STRONG_BEAR,1.0,True,3,False,BULL_STRUCTURE,BULL_STRUCTURE,1.0,0.95,0.95
2023-11-17 00:00:00+00:00,4,STRONG_BEAR,1.0,True,4,False,BULL_STRUCTURE,BULL_STRUCTURE,1.0,0.9511570996323447246209252024,0.9511570996323447246209252024
2023-11-18 00:00:00+00:00,4,STRONG_BEAR,1.0,True,5,False,BULL_STRUCTURE,BULL_STRUCTURE,1.0,0.9510988920166818487037768753,0.9510988920166818487037768753
2023-11-19 00:00:00+00:00,4,STRONG_BEAR,1.0,True,6,False,BULL_STRUCTURE,BULL_STRUCTURE,1.0,0.9520855871979980140168565343,0.9520855871979980140168565343
2023-11-20 00:00:00+00:00,4,STRONG_BEAR,1.0,True,7,False,BULL_STRUCTURE,BULL_STRUCTURE,1.0,0.9521939183480367212351961365,0.9521939183480367212351961365
2023-11-21 00:00:00+00:00,4,STRONG_BEAR,0.9999999777537598,True,8,False,BULL_STRUCTURE,BULL_STRUCTURE,1.0,0.9500246662456909665179649275,0.9500246662456909665179649275
2023-11-22 00:00:00+00:00,4,STRONG_BEAR,1.3850161811227721e-05,False,8,False,BULL_STRUCTURE,BULL_STRUCTURE,1.0,0.475,0.475
2023-11-23 00:00:00+00:00,4,STRONG_BEAR,0.9999999990914148,True,9,False,BULL_STRUCTURE,BULL_STRUCTURE,1.0,0.95,0.95
2023-11-24 00:00:00+00:00,4,STRONG_BEAR,0.016278655499901578,False,9,False,BULL_STRUCTURE,BULL_STRUCTURE,1.0,0.475,0.475
2023-11-25 00:00:00+00:00,4,STRONG_BEAR,1.0,True,10,False,BULL_STRUCTURE,BULL_STRUCTURE,1.0,0.95,0.95
2023-11-26 00:00:00+00:00,4,STRONG_BEAR,0.996480575795751,True,11,False,BULL_STRUCTURE,BULL_STRUCTURE,1.0,0.9501642502393318518166096275,0.9501642502393318518166096275
2023-11-27 00:00:00+00:00,4,STRONG_BEAR,0.3010083091160035,False,11,False,BULL_STRUCTURE,BULL_STRUCTURE,1.0,0.475,0.475
2023-11-28 00:00:00+00:00,4,STRONG_BEAR,3.214488964264906e-06,False,11,False,BULL_STRUCTURE,BULL_STRUCTURE,1.0,0.4791193656882164518518659099,0.4791193656882164518518659099
2023-11-29 00:00:00+00:00,5,CRASH,0.9999858916157136,True,3,False,BULL_STRUCTURE,BULL_STRUCTURE,1.0,0.4793553024240545897805273475,0.4793553024240545897805273475
2023-11-30 00:00:00+00:00,5,CRASH,0.9999984427816645,True,4,False,BULL_STRUCTURE,BULL_STRUCTURE,1.0,0.4784923074627429984953086913,0.4784923074627429984953086913
2023-12-01 00:00:00+00:00,5,CRASH,1.0,True,5,False,BULL_STRUCTURE,BULL_STRUCTURE,1.0,0.4847568478752528341734699013,0.4847568478752528341734699013
2023-12-02 00:00:00+00:00,5,CRASH,0.9837821589572707,True,6,False,BULL_STRUCTURE,BULL_STRUCTURE,1.0,0.4896673692818103539163053814,0.4896673692818103539163053814
2023-12-03 00:00:00+00:00,5,CRASH,2.7621863182174158e-11,False,6,False,BULL_STRUCTURE,BULL_STRUCTURE,1.0,0.4929520634657311954794726237,0.4929520634657311954794726237
2023-12-04 00:00:00+00:00,5,CRASH,6.349242403742286e-57,False,6,False,BULL_STRUCTURE,BULL_STRUCTURE,1.0,0.25,0.25
2023-12-05 00:00:00+00:00,4,STRONG_BEAR,1.0,True,3,False,BULL_STRUCTURE,BULL_STRUCTURE,1.0,0.95,0.95
2023-12-06 00:00:00+00:00,4,STRONG_BEAR,6.568392839144487e-37,False,3,False,BULL_STRUCTURE,BULL_STRUCTURE,1.0,0.475,0.475
2023-12-07 00:00:00+00:00,4,STRONG_BEAR,1.0,True,4,False,BULL_STRUCTURE,BULL_STRUCTURE,1.0,0.95,0.95
2023-12-08 00:00:00+00:00,4,STRONG_BEAR,2.3429477379563297e-30,False,4,False,BULL_STRUCTURE,BULL_STRUCTURE,1.0,0.475,0.475
2023-12-09 00:00:00+00:00,4,STRONG_BEAR,1.0,True,5,False,BULL_STRUCTURE,BULL_STRUCTURE,1.0,0.95,0.95
2023-12-10 00:00:00+00:00,4,STRONG_BEAR,1.0,True,6,False,BULL_STRUCTURE,BULL_STRUCTURE,1.0,0.9506670879672500034111855593,0.9506670879672500034111855593
2023-12-11 00:00:00+00:00,4,STRONG_BEAR,1.0,True,7,False,BULL_STRUCTURE,BULL_STRUCTURE,1.0,0.9477926137973113781961743125,0.9477926137973113781961743125
2023-12-12 00:00:00+00:00,4,STRONG_BEAR,1.0,True,8,False,BULL_STRUCTURE,BULL_STRUCTURE,1.0,0.9480777071972517925078667855,0.9480777071972517925078667855
2023-12-13 00:00:00+00:00,4,STRONG_BEAR,1.0,True,9,False,BULL_STRUCTURE,BULL_STRUCTURE,1.0,0.9496611386084085194635952602,0.9496611386084085194635952602
2023-12-14 00:00:00+00:00,4,STRONG_BEAR,1.0,True,10,False,BULL_STRUCTURE,BULL_STRUCTURE,1.0,0.9498314330633319084521214182,0.9498314330633319084521214182
2023-12-15 00:00:00+00:00,4,STRONG_BEAR,1.0,True,11,False,BULL_STRUCTURE,BULL_STRUCTURE,1.0,0.9486037219348719119958582998,0.9486037219348719119958582998
2023-12-16 00:00:00+00:00,4,STRONG_BEAR,1.0,True,12,False,BULL_STRUCTURE,BULL_STRUCTURE,1.0,0.9489933495555900888397508299,0.9489933495555900888397508299
2023-12-17 00:00:00+00:00,4,STRONG_BEAR,1.0,True,13,False,BULL_STRUCTURE,BULL_STRUCTURE,1.0,0.9479376442274407006732922115,0.9479376442274407006732922115
2023-12-18 00:00:00+00:00,4,STRONG_BEAR,1.0,True,14,False,BULL_STRUCTURE,BULL_STRUCTURE,1.0,0.9494244807342074986232204245,0.9494244807342074986232204245
2023-12-19 00:00:00+00:00,4,STRONG_BEAR,1.0,True,15,False,BULL_STRUCTURE,BULL_STRUCTURE,1.0,0.9489910138113544274550208275,0.9489910138113544274550208275
2023-12-20 00:00:00+00:00,4,STRONG_BEAR,1.0,True,16,False,BULL_STRUCTURE,BULL_STRUCTURE,1.0,0.9505376061505426070072929027,0.9505376061505426070072929027
2023-12-21 00:00:00+00:00,4,STRONG_BEAR,1.0,True,17,False,BULL_STRUCTURE,BULL_STRUCTURE,1.0,0.9507443902462611691752103059,0.9507443902462611691752103059
2023-12-22 00:00:00+00:00,4,STRONG_BEAR,1.0,True,18,False,BULL_STRUCTURE,BULL_STRUCTURE,1.0,0.9508586205863313436753595985,0.9508586205863313436753595985
2023-12-23 00:00:00+00:00,4,STRONG_BEAR,1.0,True,19,False,BULL_STRUCTURE,BULL_STRUCTURE,1.0,0.9505733571516445627912550316,0.9505733571516445627912550316
2023-12-24 00:00:00+00:00,4,STRONG_BEAR,1.0,True,20,False,BULL_STRUCTURE,BULL_STRUCTURE,1.0,0.9497973399723468432605403369,0.9497973399723468432605403369
2023-12-25 00:00:00+00:00,4,STRONG_BEAR,8.492134212391352e-05,False,20,False,BULL_STRUCTURE,BULL_STRUCTURE,1.0,0.475,0.475
2023-12-26 00:00:00+00:00,4,STRONG_BEAR,1.4117965480856825e-13,False,20,False,BULL_STRUCTURE,BULL_STRUCTURE,1.0,0.4691120525962468152353812459,0.4691120525962468152353812459
2023-12-27 00:00:00+00:00,5,CRASH,0.9999999999454303,True,3,False,BULL_STRUCTURE,BULL_STRUCTURE,1.0,0.4744473995682882043666797391,0.4744473995682882043666797391
2023-12-28 00:00:00+00:00,5,CRASH,1.0,True,4,False,BULL_STRUCTURE,BULL_STRUCTURE,1.0,0.4694330894014395056481925234,0.4694330894014395056481925234
2023-12-29 00:00:00+00:00,5,CRASH,1.0,True,5,False,BULL_STRUCTURE,BULL_STRUCTURE,1.0,0.4665099443210235244062643964,0.4665099443210235244062643964
2023-12-30 00:00:00+00:00,5,CRASH,1.0,True,6,False,BULL_STRUCTURE,BULL_STRUCTURE,1.0,0.4669434301113380113570082479,0.4669434301113380113570082479
2023-12-31 00:00:00+00:00,5,CRASH,0.0035041961991257946,False,6,False,BULL_STRUCTURE,BULL_STRUCTURE,1.0,0.4677885090726465414297526898,0.4677885090726465414297526898
2024-01-01 00:00:00+00:00,5,CRASH,1.5019784131531796e-10,False,6,False,BULL_STRUCTURE,BULL_STRUCTURE,1.0,0.4787224884319020485678685440,0.4787224884319020485678685440
2024-01-02 00:00:00+00:00,4,STRONG_BEAR,0.989476500178552,True,3,False,BULL_STRUCTURE,BULL_STRUCTURE,1.0,0.95,0.95
2024-01-03 00:00:00+00:00,4,STRONG_BEAR,1.0132402306986897e-12,False,3,False,BULL_STRUCTURE,BULL_STRUCTURE,1.0,0.475,0.475
2024-01-04 00:00:00+00:00,4,STRONG_BEAR,0.002472279113694139,False,3,False,BULL_STRUCTURE,BULL_STRUCTURE,1.0,0.4827843662144396033043325516,0.4827843662144396033043325516
2024-01-05 00:00:00+00:00,4,STRONG_BEAR,0.9440346053493003,True,4,False,BULL_STRUCTURE,BULL_STRUCTURE,1.0,0.95,0.95
2024-01-06 00:00:00+00:00,4,STRONG_BEAR,1.0,True,5,False,BULL_STRUCTURE,BULL_STRUCTURE,1.0,0.9503878129795383053928071383,0.9503878129795383053928071383
2024-01-07 00:00:00+00:00,4,STRONG_BEAR,0.9996653930351348,True,6,False,BULL_STRUCTURE,BULL_STRUCTURE,1.0,0.9503456325506881279988284668,0.9503456325506881279988284668
2024-01-08 00:00:00+00:00,4,STRONG_BEAR,4.0818234731804286e-26,False,6,False,BULL_STRUCTURE,BULL_STRUCTURE,1.0,0.475,0.475
2024-01-09 00:00:00+00:00,4,STRONG_BEAR,1.0,True,7,False,BULL_STRUCTURE,BULL_STRUCTURE,1.0,0.95,0.95
2024-01-10 00:00:00+00:00,4,STRONG_BEAR,0.9999929330364976,True,8,False,BULL_STRUCTURE,BULL_STRUCTURE,1.0,0.9511385083009933952674054208,0.9511385083009933952674054208
2024-01-11 00:00:00+00:00,4,STRONG_BEAR,0.9999999982355803,True,9,False,BULL_STRUCTURE,BULL_STRUCTURE,1.0,0.9508228666607466503963311099,0.9508228666607466503963311099
2024-01-12 00:00:00+00:00,4,STRONG_BEAR,1.3163822734491055e-19,False,9,False,BULL_STRUCTURE,BULL_STRUCTURE,1.0,0.475,0.475
2024-01-13 00:00:00+00:00,4,STRONG_BEAR,6.247655750077727e-23,False,9,False,BULL_STRUCTURE,BULL_STRUCTURE,1.0,0.4756678499371629859058452049,0.4756678499371629859058452049
2024-01-14 00:00:00+00:00,5,CRASH,1.0,True,3,False,BULL_STRUCTURE,BULL_STRUCTURE,1.0,0.4690925396804774666884045772,0.4690925396804774666884045772
2024-01-15 00:00:00+00:00,5,CRASH,1.0,True,4,False,BULL_STRUCTURE,BULL_STRUCTURE,1.0,0.4736995321334360424603640293,0.4736995321334360424603640293
2024-01-16 00:00:00+00:00,5,CRASH,1.0,True,5,False,BULL_STRUCTURE,BULL_STRUCTURE,1.0,0.4773502226108312063532750574,0.4773502226108312063532750574
2024-01-17 00:00:00+00:00,5,CRASH,0.9944623805699169,True,6,False,BULL_STRUCTURE,BULL_STRUCTURE,1.0,0.4752490611427809003348063001,0.4752490611427809003348063001
2024-01-18 00:00:00+00:00,5,CRASH,1.0,True,7,False,BULL_STRUCTURE,BULL_STRUCTURE,1.0,0.4666654852362451528366056245,0.4666654852362451528366056245
2024-01-19 00:00:00+00:00,5,CRASH,1.0,True,8,False,BULL_STRUCTURE,BULL_STRUCTURE,1.0,0.4686546294993744713228542153,0.4686546294993744713228542153
2024-01-20 00:00:00+00:00,5,CRASH,0.9999999948668119,True,9,False,BULL_STRUCTURE,BULL_STRUCTURE,1.0,0.4688757652507861632084878112,0.4688757652507861632084878112
2024-01-21 00:00:00+00:00,5,CRASH,1.0,True,10,False,BULL_STRUCTURE,BULL_STRUCTURE,1.0,0.4681837822178064801900786120,0.4681837822178064801900786120
2024-01-22 00:00:00+00:00,5,CRASH,1.0,True,11,False,BULL_STRUCTURE,BULL_STRUCTURE,1.0,0.4558544835114805094171320686,0.4558544835114805094171320686
2024-01-23 00:00:00+00:00,5,CRASH,1.0,True,12,False,BULL_STRUCTURE,BULL_STRUCTURE,1.0,0.4579127988719438209606510339,0.4579127988719438209606510339
2024-01-24 00:00:00+00:00,5,CRASH,1.0,True,13,False,BULL_STRUCTURE,BULL_STRUCTURE,1.0,0.4590754892331551650058171149,0.4590754892331551650058171149
2024-01-25 00:00:00+00:00,5,CRASH,1.0,True,14,False,BULL_STRUCTURE,BULL_STRUCTURE,1.0,0.4583075234247658753230505888,0.4583075234247658753230505888
2024-01-26 00:00:00+00:00,5,CRASH,1.0,True,15,False,BULL_STRUCTURE,BULL_STRUCTURE,1.0,0.4696359952486534156517861216,0.4696359952486534156517861216
2024-01-27 00:00:00+00:00,5,CRASH,1.0,True,16,False,BULL_STRUCTURE,BULL_STRUCTURE,1.0,0.4713995960006962583716698424,0.4713995960006962583716698424
2024-01-28 00:00:00+00:00,5,CRASH,1.0,True,17,False,BULL_STRUCTURE,BULL_STRUCTURE,1.0,0.4708691758877911992992639684,0.4708691758877911992992639684
2024-01-29 00:00:00+00:00,5,CRASH,1.0,True,18,False,BULL_STRUCTURE,BULL_STRUCTURE,1.0,0.4783013151871778260430721786,0.4783013151871778260430721786
2024-01-30 00:00:00+00:00,5,CRASH,1.0,True,19,False,BULL_STRUCTURE,BULL_STRUCTURE,1.0,0.4762092614499768597959150091,0.4762092614499768597959150091
2024-01-31 00:00:00+00:00,5,CRASH,1.0,True,20,False,BULL_STRUCTURE,BULL_STRUCTURE,1.0,0.4741032893421855301821370745,0.4741032893421855301821370745
2024-02-01 00:00:00+00:00,5,CRASH,0.999993393990727,True,21,False,BULL_STRUCTURE,BULL_STRUCTURE,1.0,0.4770318802104278583767680910,0.4770318802104278583767680910
2024-02-02 00:00:00+00:00,5,CRASH,0.949670417618712,True,22,False,BULL_STRUCTURE,BULL_STRUCTURE,1.0,0.4777088406134139232872536095,0.4777088406134139232872536095
2024-02-03 00:00:00+00:00,5,CRASH,2.071113091684477e-06,False,22,False,BULL_STRUCTURE,BULL_STRUCTURE,1.0,0.4766155003636603198896146333,0.4766155003636603198896146333
2024-02-04 00:00:00+00:00,5,CRASH,0.009461060652804826,False,22,False,BULL_STRUCTURE,BULL_STRUCTURE,1.0,0.4741201527882222184166212049,0.4741201527882222184166212049
2024-02-05 00:00:00+00:00,5,CRASH,0.9978175970448449,True,23,False,BULL_STRUCTURE,BULL_STRUCTURE,1.0,0.4748558203761027904803075421,0.4748558203761027904803075421
2024-02-06 00:00:00+00:00,5,CRASH,0.8221555110587158,True,24,False,BULL_STRUCTURE,BULL_STRUCTURE,1.0,0.4771245699450359059907074641,0.4771245699450359059907074641
2024-02-07 00:00:00+00:00,5,CRASH,0.00013086468752332575,False,24,False,BULL_STRUCTURE,BULL_STRUCTURE,1.0,0.4842650505217020706433093741,0.4842650505217020706433093741
2024-02-08 00:00:00+00:00,5,CRASH,2.383525472393611e-06,False,24,False,BULL_STRUCTURE,BULL_STRUCTURE,1.0,0.4894995870483084148532243542,0.4894995870483084148532243542
2024-02-09 00:00:00+00:00,5,CRASH,5.79049866547995e-10,False,24,False,BULL_STRUCTURE,BULL_STRUCTURE,1.0,0.4994760590478972923777250741,0.4994760590478972923777250741
2024-02-10 00:00:00+00:00,5,CRASH,9.949574984115549e-63,False,24,False,BULL_STRUCTURE,BULL_STRUCTURE,1.0,0.25,0.25
2024-02-11 00:00:00+00:00,5,CRASH,5.446679325038925e-256,False,24,False,BULL_STRUCTURE,BULL_STRUCTURE,1.0,0.2522316639364780769420825736,0.2522316639364780769420825736
2024-02-12 00:00:00+00:00,5,CRASH,0.0,False,24,False,BULL_STRUCTURE,BULL_STRUCTURE,1.0,0.2584942299215987441181649515,0.2584942299215987441181649515
2024-02-13 00:00:00+00:00,1,STRONG_BULL,1.0,True,3,False,BULL_STRUCTURE,BULL_STRUCTURE,1.0,0.2576574275082256484465092536,0.2576574275082256484465092536
2024-02-14 00:00:00+00:00,1,STRONG_BULL,1.0,True,4,False,BULL_STRUCTURE,BULL_STRUCTURE,1.0,0.2656356417779810417094159187,0.2656356417779810417094159187
2024-02-15 00:00:00+00:00,1,STRONG_BULL,1.0,True,5,False,BULL_STRUCTURE,BULL_STRUCTURE,1.0,0.2659549934829029436833238584,0.2659549934829029436833238584
2024-02-16 00:00:00+00:00,1,STRONG_BULL,1.0,True,6,False,BULL_STRUCTURE,BULL_STRUCTURE,1.0,0.2668724242645589139453045342,0.2668724242645589139453045342
2024-02-17 00:00:00+00:00,1,STRONG_BULL,1.0,True,7,False,BULL_STRUCTURE,BULL_STRUCTURE,1.0,0.2650607265536202112877094243,0.2650607265536202112877094243
2024-02-18 00:00:00+00:00,1,STRONG_BULL,1.0,True,8,False,BULL_STRUCTURE,BULL_STRUCTURE,1.0,0.2669233191501584435289207145,0.2669233191501584435289207145
2024-02-19 00:00:00+00:00,1,STRONG_BULL,1.0,True,9,False,BULL_STRUCTURE,BULL_STRUCTURE,1.0,0.2655586516406782978915879551,0.2655586516406782978915879551
2024-02-20 00:00:00+00:00,1,STRONG_BULL,1.0,True,10,False,BULL_STRUCTURE,BULL_STRUCTURE,1.0,0.2673777192713977753433997327,0.2673777192713977753433997327
2024-02-21 00:00:00+00:00,1,STRONG_BULL,0.9999999997835403,True,11,False,BULL_STRUCTURE,BULL_STRUCTURE,1.0,0.2658397908636082944980042231,0.2658397908636082944980042231
2024-02-22 00:00:00+00:00,1,STRONG_BULL,0.18449992018708405,False,11,False,BULL_STRUCTURE,BULL_STRUCTURE,1.0,0.2637221236019818179037870456,0.2637221236019818179037870456
2024-02-23 00:00:00+00:00,1,STRONG_BULL,1.1280639050175928e-13,False,11,False,BULL_STRUCTURE,BULL_STRUCTURE,1.0,0.2616557896367392455869195575,0.2616557896367392455869195575
2024-02-24 00:00:00+00:00,0,WEAK_BEAR,0.9868065744771936,True,3,False,BULL_STRUCTURE,BULL_STRUCTURE,1.0,0.95,0.95
2024-02-25 00:00:00+00:00,0,WEAK_BEAR,7.723564576974806e-06,False,3,False,BULL_STRUCTURE,BULL_STRUCTURE,1.0,0.475,0.475
2024-02-26 00:00:00+00:00,0,WEAK_BEAR,1.0,True,4,False,BULL_STRUCTURE,BULL_STRUCTURE,1.0,0.95,0.95
2024-02-27 00:00:00+00:00,0,WEAK_BEAR,0.9999988817605185,True,5,False,BULL_STRUCTURE,BULL_STRUCTURE,1.0,0.9526813801812632252267220987,0.9526813801812632252267220987
2024-02-28 00:00:00+00:00,0,WEAK_BEAR,1.3294218438837207e-70,False,5,False,BULL_STRUCTURE,BULL_STRUCTURE,1.0,0.475,0.475
2024-02-29 00:00:00+00:00,0,WEAK_BEAR,5.4807841336519636e-55,False,5,False,BULL_STRUCTURE,BULL_STRUCTURE,1.0,0.4700442971255426889058261198,0.4700442971255426889058261198
2024-03-01 00:00:00+00:00,1,STRONG_BULL,1.0,True,3,False,BULL_STRUCTURE,BULL_STRUCTURE,1.0,0.4751170942683412769560088486,0.4751170942683412769560088486
2024-03-02 00:00:00+00:00,1,STRONG_BULL,1.0,True,4,False,BULL_STRUCTURE,BULL_STRUCTURE,1.0,0.4735108101184853495482354027,0.4735108101184853495482354027
2024-03-03 00:00:00+00:00,1,STRONG_BULL,1.0,True,5,False,BULL_STRUCTURE,BULL_STRUCTURE,1.0,0.4780034272581099666175229385,0.4780034272581099666175229385
2024-03-04 00:00:00+00:00,1,STRONG_BULL,1.0,True,6,False,BULL_STRUCTURE,BULL_STRUCTURE,1.0,0.4975323489156152297152459486,0.4975323489156152297152459486
2024-03-05 00:00:00+00:00,1,STRONG_BULL,1.0,True,7,False,BULL_STRUCTURE,BULL_STRUCTURE,1.0,0.4804040811710051181278243438,0.4804040811710051181278243438
2024-03-06 00:00:00+00:00,1,STRONG_BULL,1.0,True,8,False,BULL_STRUCTURE,BULL_STRUCTURE,1.0,0.4894492344182923125781287330,0.4894492344182923125781287330
2024-03-07 00:00:00+00:00,1,STRONG_BULL,1.0,True,9,False,BULL_STRUCTURE,BULL_STRUCTURE,1.0,0.4922667710297840369389380068,0.4922667710297840369389380068
2024-03-08 00:00:00+00:00,1,STRONG_BULL,1.0,True,10,False,BULL_STRUCTURE,BULL_STRUCTURE,1.0,0.4970868088598638772060206399,0.4970868088598638772060206399
2024-03-09 00:00:00+00:00,1,STRONG_BULL,5.178787819726618e-07,False,10,False,BULL_STRUCTURE,BULL_STRUCTURE,1.0,0.4977797091382135971181205240,0.4977797091382135971181205240
2024-03-10 00:00:00+00:00,1,STRONG_BULL,1.0,True,11,False,BULL_STRUCTURE,BULL_STRUCTURE,1.0,0.5001204050890766530316113392,0.5001204050890766530316113392
2024-03-11 00:00:00+00:00,1,STRONG_BULL,1.0,True,12,False,BULL_STRUCTURE,BULL_STRUCTURE,1.0,0.5111893800065143063368257486,0.5111893800065143063368257486
2024-03-12 00:00:00+00:00,1,STRONG_BULL,1.0,True,13,False,BULL_STRUCTURE,BULL_STRUCTURE,1.0,0.5090092188488804633732735898,0.5090092188488804633732735898
2024-03-13 00:00:00+00:00,1,STRONG_BULL,1.0,True,14,False,BULL_STRUCTURE,BULL_STRUCTURE,1.0,0.5146122398837690608498963566,0.5146122398837690608498963566
2024-03-14 00:00:00+00:00,1,STRONG_BULL,1.0,True,15,False,BULL_STRUCTURE,BULL_STRUCTURE,1.0,0.5087885187448392648938222185,0.5087885187448392648938222185
2024-03-15 00:00:00+00:00,1,STRONG_BULL,1.0,True,16,False,BULL_STRUCTURE,BULL_STRUCTURE,1.0,0.5020848216350866365445037787,0.5020848216350866365445037787
2024-03-16 00:00:00+00:00,1,STRONG_BULL,6.464110277380831e-258,False,16,False,BULL_STRUCTURE,BULL_STRUCTURE,1.0,0.4865073827001396904906132053,0.4865073827001396904906132053
2024-03-17 00:00:00+00:00,1,STRONG_BULL,4.50934919111272e-178,False,16,False,BULL_STRUCTURE,BULL_STRUCTURE,1.0,0.4980730692953940791079768622,0.4980730692953940791079768622
2024-03-18 00:00:00+00:00,1,STRONG_BULL,0.0,False,16,False,BULL_STRUCTURE,BULL_STRUCTURE,1.0,0.4951927715738944692950492302,0.4951927715738944692950492302
2024-03-19 00:00:00+00:00,4,STRONG_BEAR,1.0,True,3,False,BULL_STRUCTURE,BULL_STRUCTURE,1.0,0.95,0.95
2024-03-20 00:00:00+00:00,4,STRONG_BEAR,1.0,True,4,False,BULL_STRUCTURE,BULL_STRUCTURE,1.0,0.9546908859411239615665456639,0.9546908859411239615665456639
2024-03-21 00:00:00+00:00,4,STRONG_BEAR,1.0,True,5,False,BULL_STRUCTURE,BULL_STRUCTURE,1.0,0.9531485775001874593733748114,0.9531485775001874593733748114
2024-03-22 00:00:00+00:00,4,STRONG_BEAR,1.0,True,6,False,BULL_STRUCTURE,BULL_STRUCTURE,1.0,0.9519568625938969060468878356,0.9519568625938969060468878356
2024-03-23 00:00:00+00:00,4,STRONG_BEAR,1.0,True,7,False,BULL_STRUCTURE,BULL_STRUCTURE,1.0,0.9520950882323754127071288468,0.9520950882323754127071288468
2024-03-24 00:00:00+00:00,4,STRONG_BEAR,0.3569558129343525,False,7,False,BULL_STRUCTURE,BULL_STRUCTURE,1.0,0.475,0.475
2024-03-25 00:00:00+00:00,4,STRONG_BEAR,1.0,True,8,False,BULL_STRUCTURE,BULL_STRUCTURE,1.0,0.95,0.95
2024-03-26 00:00:00+00:00,4,STRONG_BEAR,1.0,True,9,False,BULL_STRUCTURE,BULL_STRUCTURE,1.0,0.9506442476206026346958118103,0.9506442476206026346958118103
2024-03-27 00:00:00+00:00,4,STRONG_BEAR,1.0,True,10,False,BULL_STRUCTURE,BULL_STRUCTURE,1.0,0.9502945143845959694873263326,0.9502945143845959694873263326
2024-03-28 00:00:00+00:00,4,STRONG_BEAR,1.0,True,11,False,BULL_STRUCTURE,BULL_STRUCTURE,1.0,0.9511699448932380188889303164,0.9511699448932380188889303164
2024-03-29 00:00:00+00:00,4,CRASH,1.0,True,1,False,BULL_STRUCTURE,BULL_STRUCTURE,1.0,0.50,0.50
2024-03-30 00:00:00+00:00,4,CRASH,1.0,True,2,False,BULL_STRUCTURE,BULL_STRUCTURE,1.0,0.4993252226374292260319935181,0.4993252226374292260319935181
2024-03-31 00:00:00+00:00,4,CRASH,1.0,True,3,False,BULL_STRUCTURE,BULL_STRUCTURE,1.0,0.5053518736700855904849351339,0.5053518736700855904849351339
2024-04-01 00:00:00+00:00,4,CRASH,1.0,True,4,False,BULL_STRUCTURE,BULL_STRUCTURE,1.0,0.4995680544967620926835543719,0.4995680544967620926835543719
2024-04-02 00:00:00+00:00,4,CRASH,1.0,True,5,False,BULL_STRUCTURE,BULL_STRUCTURE,1.0,0.4840785369082301903031287688,0.4840785369082301903031287688
2024-04-03 00:00:00+00:00,4,CRASH,1.0,True,6,False,BULL_STRUCTURE,BULL_STRUCTURE,1.0,0.4859763320898750604215358423,0.4859763320898750604215358423
2024-04-04 00:00:00+00:00,4,CRASH,1.0,True,7,False,BULL_STRUCTURE,BULL_STRUCTURE,1.0,0.4953621005327131078884678630,0.4953621005327131078884678630
2024-04-05 00:00:00+00:00,4,CRASH,1.0,True,8,False,BULL_STRUCTURE,BULL_STRUCTURE,1.0,0.4929151410596764070318305634,0.4929151410596764070318305634
2024-04-06 00:00:00+00:00,4,CRASH,1.0,True,9,False,BULL_STRUCTURE,BULL_STRUCTURE,1.0,0.4968476692725333560379902582,0.4968476692725333560379902582
2024-04-07 00:00:00+00:00,4,CRASH,0.9999999999552074,True,10,False,BULL_STRUCTURE,BULL_STRUCTURE,1.0,0.4985270902930225289545110825,0.4985270902930225289545110825
2024-04-08 00:00:00+00:00,4,CRASH,0.9999978856187297,True,11,False,BULL_STRUCTURE,BULL_STRUCTURE,1.0,0.5065413151198202598103870619,0.5065413151198202598103870619
2024-04-09 00:00:00+00:00,4,CRASH,1.0,True,12,False,BULL_STRUCTURE,BULL_STRUCTURE,1.0,0.4977531651260901989933651904,0.4977531651260901989933651904
2024-04-10 00:00:00+00:00,4,CRASH,1.0,True,13,False,BULL_STRUCTURE,BULL_STRUCTURE,1.0,0.5030656273576570081762791639,0.5030656273576570081762791639
2024-04-11 00:00:00+00:00,4,CRASH,0.9999999999986358,True,14,False,BULL_STRUCTURE,BULL_STRUCTURE,1.0,0.5008441559291863416748636760,0.5008441559291863416748636760
2024-04-12 00:00:00+00:00,4,CRASH,1.0,True,15,False,BULL_STRUCTURE,BULL_STRUCTURE,1.0,0.4903068651426179869615164545,0.4903068651426179869615164545
2024-04-13 00:00:00+00:00,4,CRASH,1.0,True,16,False,BULL_STRUCTURE,BULL_STRUCTURE,1.0,0.4781377594888507824411896648,0.4781377594888507824411896648
2024-04-14 00:00:00+00:00,4,CRASH,1.0,True,17,False,BULL_STRUCTURE,BULL_STRUCTURE,1.0,0.4848322361696423907360547311,0.4848322361696423907360547311
2024-04-15 00:00:00+00:00,4,CRASH,1.0,True,18,False,BULL_STRUCTURE,BULL_STRUCTURE,1.0,0.4761609633663029067206703563,0.4761609633663029067206703563
2024-04-16 00:00:00+00:00,4,CRASH,1.0,True,19,False,BULL_STRUCTURE,BULL_STRUCTURE,1.0,0.4776254450581255769532295076,0.4776254450581255769532295076
2024-04-17 00:00:00+00:00,4,CRASH,1.0,True,20,False,BULL_STRUCTURE,BULL_STRUCTURE,1.0,0.4675962290320021104521122709,0.4675962290320021104521122709
2024-04-18 00:00:00+00:00,4,CRASH,1.0,True,21,False,BULL_STRUCTURE,BULL_STRUCTURE,1.0,0.4763578939696820271993512619,0.4763578939696820271993512619
2024-04-19 00:00:00+00:00,4,CRASH,1.0,True,22,False,BULL_STRUCTURE,BULL_STRUCTURE,1.0,0.4777217174562171254679247418,0.4777217174562171254679247418
2024-04-20 00:00:00+00:00,4,CRASH,1.0,True,23,False,BULL_STRUCTURE,BULL_STRUCTURE,1.0,0.4820739966175828368505758582,0.4820739966175828368505758582
2024-04-21 00:00:00+00:00,4,CRASH,1.0,True,24,False,BULL_STRUCTURE,BULL_STRUCTURE,1.0,0.4820761496541885817693838037,0.4820761496541885817693838037
2024-04-22 00:00:00+00:00,4,CRASH,1.0,True,25,False,BULL_STRUCTURE,BULL_STRUCTURE,1.0,0.4891978433729311040422378459,0.4891978433729311040422378459
2024-04-23 00:00:00+00:00,4,CRASH,1.0,True,26,False,BULL_STRUCTURE,BULL_STRUCTURE,1.0,0.4876775622855911974707039150,0.4876775622855911974707039150
2024-04-24 00:00:00+00:00,4,CRASH,1.0,True,27,False,BULL_STRUCTURE,BULL_STRUCTURE,1.0,0.4795589268995238839147479659,0.4795589268995238839147479659
2024-04-25 00:00:00+00:00,4,CRASH,1.0,True,28,False,BULL_STRUCTURE,BULL_STRUCTURE,1.0,0.4803680668412600030390600045,0.4803680668412600030390600045
2024-04-26 00:00:00+00:00,4,CRASH,1.0,True,29,False,BULL_STRUCTURE,BULL_STRUCTURE,1.0,0.4775339886114426492118520514,0.4775339886114426492118520514
2024-04-27 00:00:00+00:00,4,CRASH,1.0,True,30,False,BULL_STRUCTURE,BULL_STRUCTURE,1.0,0.4763260585702541891017454400,0.4763260585702541891017454400
2024-04-28 00:00:00+00:00,4,CRASH,1.0,True,31,False,BULL_STRUCTURE,BULL_STRUCTURE,1.0,0.4749729829287495989614690006,0.4749729829287495989614690006
2024-04-29 00:00:00+00:00,4,CRASH,1.0,True,32,False,BULL_STRUCTURE,BULL_STRUCTURE,1.0,0.4779092723745627527522976558,0.4779092723745627527522976558
2024-04-30 00:00:00+00:00,4,CRASH,1.0,True,33,False,BULL_STRUCTURE,BULL_STRUCTURE,1.0,0.4651253939586799172720035503,0.4651253939586799172720035503
2024-05-01 00:00:00+00:00,4,CRASH,1.0,True,34,False,BULL_STRUCTURE,BULL_STRUCTURE,1.0,0.4554951625294513084024569672,0.4554951625294513084024569672
2024-05-02 00:00:00+00:00,4,CRASH,1.0,True,35,False,BULL_STRUCTURE,BULL_STRUCTURE,1.0,0.4584352916537655864391324498,0.4584352916537655864391324498
2024-05-03 00:00:00+00:00,4,CRASH,1.0,True,36,False,BULL_STRUCTURE,BULL_STRUCTURE,1.0,0.4740364994614602274029317021,0.4740364994614602274029317021
2024-05-04 00:00:00+00:00,4,CRASH,1.0,True,37,False,BULL_STRUCTURE,BULL_STRUCTURE,1.0,0.4780109857537509574547240887,0.4780109857537509574547240887
2024-05-05 00:00:00+00:00,4,CRASH,1.0,True,38,False,BULL_STRUCTURE,BULL_STRUCTURE,1.0,0.4784790434003183880655809293,0.4784790434003183880655809293
2024-05-06 00:00:00+00:00,4,CRASH,1.0,True,39,False,BULL_STRUCTURE,BULL_STRUCTURE,1.0,0.4751569106258311728813702176,0.4751569106258311728813702176
2024-05-07 00:00:00+00:00,4,CRASH,1.0,True,40,False,BULL_STRUCTURE,BULL_STRUCTURE,1.0,0.4717669877704553415062793725,0.4717669877704553415062793725
2024-05-08 00:00:00+00:00,4,CRASH,1.0,True,41,False,BULL_STRUCTURE,BULL_STRUCTURE,1.0,0.4672533624193455402620786296,0.4672533624193455402620786296
2024-05-09 00:00:00+00:00,4,CRASH,1.0,True,42,False,BULL_STRUCTURE,BULL_STRUCTURE,1.0,0.4747966753010174975549859230,0.4747966753010174975549859230
2024-05-10 00:00:00+00:00,4,CRASH,1.0,True,43,False,BULL_STRUCTURE,BULL_STRUCTURE,1.0,0.4656496987628900481158390704,0.4656496987628900481158390704
2024-05-11 00:00:00+00:00,4,CRASH,1.0,True,44,False,BULL_STRUCTURE,BULL_STRUCTURE,1.0,0.4657560809106459351091798590,0.4657560809106459351091798590
2024-05-12 00:00:00+00:00,4,CRASH,1.0,True,45,False,BULL_STRUCTURE,BULL_STRUCTURE,1.0,0.4684343373660196693860303937,0.4684343373660196693860303937
2024-05-13 00:00:00+00:00,4,CRASH,1.0,True,46,False,BULL_STRUCTURE,BULL_STRUCTURE,1.0,0.4742666450870581117689031314,0.4742666450870581117689031314
2024-05-14 00:00:00+00:00,4,CRASH,1.0,True,47,False,BULL_STRUCTURE,BULL_STRUCTURE,1.0,0.4688127328514074210169344130,0.4688127328514074210169344130
2024-05-15 00:00:00+00:00,4,CRASH,1.0,True,48,False,BULL_STRUCTURE,BULL_STRUCTURE,1.0,0.4868957601706415717105163075,0.4868957601706415717105163075
2024-05-16 00:00:00+00:00,4,CRASH,1.0,True,49,False,BULL_STRUCTURE,BULL_STRUCTURE,1.0,0.4832042573212049308425311780,0.4832042573212049308425311780
2024-05-17 00:00:00+00:00,4,CRASH,1.0,True,50,False,BULL_STRUCTURE,BULL_STRUCTURE,1.0,0.4899621371222425391425994795,0.4899621371222425391425994795
2024-05-18 00:00:00+00:00,4,CRASH,1.0,True,51,False,BULL_STRUCTURE,BULL_STRUCTURE,1.0,0.4895561530030117693411127478,0.4895561530030117693411127478
2024-05-19 00:00:00+00:00,4,CRASH,1.0,True,52,False,BULL_STRUCTURE,BULL_STRUCTURE,1.0,0.4871503807538945148893727660,0.4871503807538945148893727660
2024-05-20 00:00:00+00:00,4,CRASH,1.0,True,53,False,BULL_STRUCTURE,BULL_STRUCTURE,1.0,0.5059354677406218698053769280,0.5059354677406218698053769280
2024-05-21 00:00:00+00:00,4,CRASH,0.999984922201277,True,54,False,BULL_STRUCTURE,BULL_STRUCTURE,1.0,0.5013511295928270189101026499,0.5013511295928270189101026499
2024-05-22 00:00:00+00:00,4,CRASH,1.4754271605800613e-05,False,54,False,BULL_STRUCTURE,BULL_STRUCTURE,1.0,0.4978277049527256267756262077,0.4978277049527256267756262077
2024-05-23 00:00:00+00:00,4,CRASH,1.1754577413721823e-05,False,54,False,BULL_STRUCTURE,BULL_STRUCTURE,1.0,0.4934637900711273604634661916,0.4934637900711273604634661916
2024-05-24 00:00:00+00:00,3,EUPHORIA,0.9999793504465937,True,3,False,BULL_STRUCTURE,BULL_STRUCTURE,1.0,0.4955890266772276899733702730,0.4955890266772276899733702730
2024-05-25 00:00:00+00:00,3,EUPHORIA,0.0003645596448154758,False,3,False,BULL_STRUCTURE,BULL_STRUCTURE,1.0,0.4982753095244606323043203315,0.4982753095244606323043203315
2024-05-26 00:00:00+00:00,3,EUPHORIA,1.3351142421458532e-12,False,3,False,BULL_STRUCTURE,BULL_STRUCTURE,1.0,0.4954346515364951474897866955,0.4954346515364951474897866955
2024-05-27 00:00:00+00:00,4,CRASH,1.0,True,3,False,BULL_STRUCTURE,BULL_STRUCTURE,1.0,0.4988010139421882178755284695,0.4988010139421882178755284695
2024-05-28 00:00:00+00:00,4,CRASH,1.0,True,4,False,BULL_STRUCTURE,BULL_STRUCTURE,1.0,0.4950355819373046717665664020,0.4950355819373046717665664020
2024-05-29 00:00:00+00:00,4,CRASH,1.0,True,5,False,BULL_STRUCTURE,BULL_STRUCTURE,1.0,0.4922944888982078327001139206,0.4922944888982078327001139206
2024-05-30 00:00:00+00:00,4,CRASH,1.0,True,6,False,BULL_STRUCTURE,BULL_STRUCTURE,1.0,0.4948666053405746782133943771,0.4948666053405746782133943771
2024-05-31 00:00:00+00:00,4,CRASH,1.0,True,7,False,BULL_STRUCTURE,BULL_STRUCTURE,1.0,0.4918788522290152785266510562,0.4918788522290152785266510562
2024-06-01 00:00:00+00:00,4,CRASH,1.0,True,8,False,BULL_STRUCTURE,BULL_STRUCTURE,1.0,0.4927168967015372552555225921,0.4927168967015372552555225921
2024-06-02 00:00:00+00:00,4,CRASH,1.0,True,9,False,BULL_STRUCTURE,BULL_STRUCTURE,1.0,0.4927123968909112977708423566,0.4927123968909112977708423566
2024-06-03 00:00:00+00:00,4,CRASH,0.9999994625801799,True,10,False,BULL_STRUCTURE,BULL_STRUCTURE,1.0,0.4965350601604907721632684610,0.4965350601604907721632684610
2024-06-04 00:00:00+00:00,4,CRASH,4.5615101619394376e-07,False,10,False,BULL_STRUCTURE,BULL_STRUCTURE,1.0,0.25,0.25
2024-06-05 00:00:00+00:00,4,CRASH,1.2556926117479304e-15,False,10,False,BULL_STRUCTURE,BULL_STRUCTURE,1.0,0.2515900641134222156287942818,0.2515900641134222156287942818
2024-06-06 00:00:00+00:00,5,STRONG_BULL,0.9999999999972715,True,3,False,BULL_STRUCTURE,BULL_STRUCTURE,1.0,0.95,0.95
2024-06-07 00:00:00+00:00,5,STRONG_BULL,0.9999975300932908,True,4,False,BULL_STRUCTURE,BULL_STRUCTURE,1.0,0.9498904125992183842493660220,0.9498904125992183842493660220
2024-06-08 00:00:00+00:00,5,STRONG_BULL,0.3071594388404266,False,4,False,BULL_STRUCTURE,BULL_STRUCTURE,1.0,0.475,0.475
2024-06-09 00:00:00+00:00,5,STRONG_BULL,0.9999998721677994,True,5,False,BULL_STRUCTURE,BULL_STRUCTURE,1.0,0.95,0.95
2024-06-10 00:00:00+00:00,5,STRONG_BULL,0.9999999999972715,True,6,False,BULL_STRUCTURE,BULL_STRUCTURE,1.0,0.9505081411417006317512689106,0.9505081411417006317512689106
2024-06-11 00:00:00+00:00,5,STRONG_BULL,0.06882070323361014,False,6,False,BULL_STRUCTURE,BULL_STRUCTURE,1.0,0.475,0.475
2024-06-12 00:00:00+00:00,5,STRONG_BULL,0.999999999998181,True,7,False,BULL_STRUCTURE,BULL_STRUCTURE,1.0,0.95,0.95
2024-06-13 00:00:00+00:00,5,STRONG_BULL,0.9999886380291818,True,8,False,BULL_STRUCTURE,BULL_STRUCTURE,1.0,0.60,0.60
2024-06-14 00:00:00+00:00,5,STRONG_BULL,0.0017356426735710643,False,8,False,BULL_STRUCTURE,BULL_STRUCTURE,1.0,0.30,0.30
2024-06-15 00:00:00+00:00,5,STRONG_BULL,1.1150564541874077e-05,False,8,False,BULL_STRUCTURE,BULL_STRUCTURE,1.0,0.3006996529112952429866524966,0.3006996529112952429866524966
2024-06-16 00:00:00+00:00,5,STRONG_BULL,2.467922704538496e-08,False,8,False,BULL_STRUCTURE,BULL_STRUCTURE,1.0,0.3021211576452142935706262802,0.3021211576452142935706262802
2024-06-17 00:00:00+00:00,5,STRONG_BULL,1.5558273769851615e-10,False,8,False,BULL_STRUCTURE,BULL_STRUCTURE,1.0,0.3015751290017308367821569648,0.3015751290017308367821569648
2024-06-18 00:00:00+00:00,1,STRONG_BEAR,1.0,True,3,False,BULL_STRUCTURE,BULL_STRUCTURE,1.0,0.60,0.60
2024-06-19 00:00:00+00:00,1,STRONG_BEAR,1.0,True,4,False,BULL_STRUCTURE,BULL_STRUCTURE,1.0,0.5994943470752265971626050891,0.5994943470752265971626050891
2024-06-20 00:00:00+00:00,1,STRONG_BEAR,1.0,True,5,False,BULL_STRUCTURE,BULL_STRUCTURE,1.0,0.5991082580846665741240324925,0.5991082580846665741240324925
2024-06-21 00:00:00+00:00,1,STRONG_BEAR,1.0,True,6,False,BULL_STRUCTURE,BULL_STRUCTURE,1.0,0.5964005250788279211366969382,0.5964005250788279211366969382
2024-06-22 00:00:00+00:00,1,STRONG_BEAR,1.0,True,7,False,BULL_STRUCTURE,BULL_STRUCTURE,1.0,0.5968445348972090196382736813,0.5968445348972090196382736813
2024-06-23 00:00:00+00:00,1,STRONG_BEAR,1.0,True,8,False,BULL_STRUCTURE,BULL_STRUCTURE,1.0,0.5928665841194015580818605877,0.5928665841194015580818605877
2024-06-24 00:00:00+00:00,1,STRONG_BEAR,1.0,True,9,False,BULL_STRUCTURE,BULL_STRUCTURE,1.0,0.5814154755491248213156406317,0.5814154755491248213156406317
2024-06-25 00:00:00+00:00,1,STRONG_BEAR,1.0,True,10,False,BULL_STRUCTURE,BULL_STRUCTURE,1.0,0.5874336806055282214308737747,0.5874336806055282214308737747
2024-06-26 00:00:00+00:00,1,STRONG_BEAR,1.0,True,11,False,BULL_STRUCTURE,BULL_STRUCTURE,1.0,0.5837104278343763181319700894,0.5837104278343763181319700894
2024-06-27 00:00:00+00:00,1,STRONG_BEAR,1.0,True,12,False,BULL_STRUCTURE,BULL_STRUCTURE,1.0,0.5870429921195092147943423731,0.5870429921195092147943423731
2024-06-28 00:00:00+00:00,1,STRONG_BEAR,1.0,True,13,False,BULL_STRUCTURE,BULL_STRUCTURE,1.0,0.5819578372848163747379909158,0.5819578372848163747379909158
2024-06-29 00:00:00+00:00,1,STRONG_BEAR,1.0,True,14,False,BULL_STRUCTURE,BULL_STRUCTURE,1.0,0.5841956870342819754246443593,0.5841956870342819754246443593
2024-06-30 00:00:00+00:00,1,STRONG_BEAR,1.0,True,15,False,BULL_STRUCTURE,BULL_STRUCTURE,1.0,0.5911871236324064747166719352,0.5911871236324064747166719352
2024-07-01 00:00:00+00:00,1,STRONG_BEAR,1.0,True,16,False,BULL_STRUCTURE,BULL_STRUCTURE,1.0,0.5916792792608442638598283924,0.5916792792608442638598283924
2024-07-02 00:00:00+00:00,1,STRONG_BEAR,1.0,True,17,False,BULL_STRUCTURE,BULL_STRUCTURE,1.0,0.5887215351042055345297365334,0.5887215351042055345297365334
2024-07-03 00:00:00+00:00,1,STRONG_BEAR,1.0,True,18,False,BULL_STRUCTURE,BULL_STRUCTURE,1.0,0.5810732270154240517197610673,0.5810732270154240517197610673
2024-07-04 00:00:00+00:00,1,STRONG_BEAR,1.0,True,19,False,TRANSITION,BULL_STRUCTURE,0.6,0.5679014053825389521767355166,0.5679014053825389521767355166
2024-07-05 00:00:00+00:00,1,STRONG_BEAR,1.0,True,20,False,TRANSITION,BULL_STRUCTURE,0.6,0.5660819815175262703531043360,0.5660819815175262703531043360
2024-07-06 00:00:00+00:00,1,STRONG_BEAR,1.0,True,21,False,TRANSITION,BULL_STRUCTURE,0.6,0.5729185212043470397217321195,0.5729185212043470397217321195
2024-07-07 00:00:00+00:00,1,STRONG_BEAR,1.0,True,22,False,TRANSITION,BULL_STRUCTURE,0.6,0.5627118029147892230712192822,0.5627118029147892230712192822
2024-07-08 00:00:00+00:00,1,STRONG_BEAR,1.0,True,23,False,TRANSITION,TRANSITION,0.6,0.5664539587739346806379776391,0.5664539587739346806379776391
2024-07-09 00:00:00+00:00,1,STRONG_BEAR,1.0,True,24,False,TRANSITION,TRANSITION,0.6,0.5721602714791035274512627925,0.5721602714791035274512627925
2024-07-10 00:00:00+00:00,1,STRONG_BEAR,1.0,True,25,False,TRANSITION,TRANSITION,0.6,0.5707889718044962673867090387,0.5707889718044962673867090387
2024-07-11 00:00:00+00:00,1,STRONG_BEAR,1.0,True,26,False,TRANSITION,TRANSITION,0.6,0.5691446796110437242533508833,0.5691446796110437242533508833
2024-07-12 00:00:00+00:00,1,STRONG_BEAR,1.0,True,27,False,TRANSITION,TRANSITION,0.6,0.5714806894021648810019550916,0.5714806894021648810019550916
2024-07-13 00:00:00+00:00,1,STRONG_BEAR,1.0,True,28,False,TRANSITION,TRANSITION,0.6,0.5769719650323838441161572335,0.5769719650323838441161572335
2024-07-14 00:00:00+00:00,1,STRONG_BEAR,7.540985851504141e-14,False,28,False,BULL_STRUCTURE,TRANSITION,0.6,0.30,0.30
2024-07-15 00:00:00+00:00,1,STRONG_BEAR,9.1982986088592e-38,False,28,False,BULL_STRUCTURE,TRANSITION,0.6,0.3134145833501430168410028140,0.3134145833501430168410028140
2024-07-16 00:00:00+00:00,5,STRONG_BULL,1.0,True,3,False,BULL_STRUCTURE,TRANSITION,0.6,0.95,0.6
2024-07-17 00:00:00+00:00,5,STRONG_BULL,0.999999999994543,True,4,False,BULL_STRUCTURE,TRANSITION,0.6,0.95,0.6
2024-07-18 00:00:00+00:00,5,STRONG_BULL,0.9999999060964955,True,5,False,BULL_STRUCTURE,BULL_STRUCTURE,1.0,0.95,0.95
2024-07-19 00:00:00+00:00,5,STRONG_BULL,5.542655869107441e-07,False,5,False,BULL_STRUCTURE,BULL_STRUCTURE,1.0,0.475,0.475
2024-07-20 00:00:00+00:00,5,STRONG_BULL,3.371459211604198e-32,False,5,False,BULL_STRUCTURE,BULL_STRUCTURE,1.0,0.4770794940387544057547970964,0.4770794940387544057547970964
2024-07-21 00:00:00+00:00,3,EUPHORIA,1.0,True,3,False,BULL_STRUCTURE,BULL_STRUCTURE,1.0,0.4808619802220451732175300347,0.4808619802220451732175300347
2024-07-22 00:00:00+00:00,3,EUPHORIA,1.0,True,4,False,BULL_STRUCTURE,BULL_STRUCTURE,1.0,0.4785322030280432848470402473,0.4785322030280432848470402473
2024-07-23 00:00:00+00:00,3,EUPHORIA,0.9999999999126885,True,5,False,BULL_STRUCTURE,BULL_STRUCTURE,1.0,0.4725673271694661594166670652,0.4725673271694661594166670652
2024-07-24 00:00:00+00:00,3,EUPHORIA,0.9465512899795498,True,6,False,BULL_STRUCTURE,BULL_STRUCTURE,1.0,0.4704418793712044747379492413,0.4704418793712044747379492413
2024-07-25 00:00:00+00:00,3,EUPHORIA,3.0042510137237465e-07,False,6,False,BULL_STRUCTURE,BULL_STRUCTURE,1.0,0.4720524990808070412346487368,0.4720524990808070412346487368
2024-07-26 00:00:00+00:00,3,EUPHORIA,1.0,True,7,False,BULL_STRUCTURE,BULL_STRUCTURE,1.0,0.4799178041401682903570839135,0.4799178041401682903570839135
2024-07-27 00:00:00+00:00,3,EUPHORIA,1.0,True,8,False,BULL_STRUCTURE,BULL_STRUCTURE,1.0,0.4798755690653243546207147027,0.4798755690653243546207147027
2024-07-28 00:00:00+00:00,3,EUPHORIA,1.0,True,9,False,BULL_STRUCTURE,BULL_STRUCTURE,1.0,0.4811713963806143954776760120,0.4811713963806143954776760120
2024-07-29 00:00:00+00:00,3,EUPHORIA,7.379045224251425e-08,False,9,False,BULL_STRUCTURE,BULL_STRUCTURE,1.0,0.4757560620583767583477477428,0.4757560620583767583477477428
2024-07-30 00:00:00+00:00,3,EUPHORIA,3.213900738357682e-17,False,9,False,BULL_STRUCTURE,BULL_STRUCTURE,1.0,0.4735181677845824655870687249,0.4735181677845824655870687249
2024-07-31 00:00:00+00:00,5,STRONG_BULL,1.0,True,3,False,BULL_STRUCTURE,BULL_STRUCTURE,1.0,0.95,0.95
2024-08-01 00:00:00+00:00,5,STRONG_BULL,1.0,True,4,False,BULL_STRUCTURE,BULL_STRUCTURE,1.0,0.9511124434171948696854394903,0.9511124434171948696854394903
2024-08-02 00:00:00+00:00,5,STRONG_BULL,1.0,True,5,False,BULL_STRUCTURE,BULL_STRUCTURE,1.0,0.60,0.60
2024-08-03 00:00:00+00:00,5,STRONG_BULL,1.0,True,6,False,BULL_STRUCTURE,BULL_STRUCTURE,1.0,0.5971237600719506228092056594,0.5971237600719506228092056594
2024-08-04 00:00:00+00:00,5,STRONG_BULL,0.15059151718144181,False,6,False,TRANSITION,BULL_STRUCTURE,0.6,0.30,0.30
2024-08-05 00:00:00+00:00,5,STRONG_BULL,7.494542070852692e-13,False,6,False,TRANSITION,BULL_STRUCTURE,0.6,0.2848208405747949767395199001,0.2848208405747949767395199001
2024-08-06 00:00:00+00:00,5,STRONG_BULL,1.0,True,7,False,TRANSITION,BULL_STRUCTURE,0.6,0.60,0.60
2024-08-07 00:00:00+00:00,5,STRONG_BULL,1.0,True,8,False,TRANSITION,BULL_STRUCTURE,0.6,0.5963966375548439747002366265,0.5963966375548439747002366265
2024-08-08 00:00:00+00:00,5,STRONG_BULL,1.0,True,9,False,TRANSITION,TRANSITION,0.6,0.6231078807151855415006917834,0.6
2024-08-09 00:00:00+00:00,5,STRONG_BULL,1.0,True,10,False,TRANSITION,TRANSITION,0.6,0.5966911296272109797651125182,0.5966911296272109797651125182
2024-08-10 00:00:00+00:00,5,STRONG_BULL,1.0,True,11,False,TRANSITION,TRANSITION,0.6,0.5970291291371721731731096725,0.5970291291371721731731096725
2024-08-11 00:00:00+00:00,5,STRONG_BULL,1.0,True,12,False,TRANSITION,TRANSITION,0.6,0.5881049095427538401832040424,0.5881049095427538401832040424
2024-08-12 00:00:00+00:00,5,STRONG_BULL,1.0,True,13,False,TRANSITION,TRANSITION,0.6,0.5907043757412915422095703477,0.5907043757412915422095703477
2024-08-13 00:00:00+00:00,5,STRONG_BULL,1.0,True,14,False,TRANSITION,TRANSITION,0.6,0.5956964595319133512315680087,0.5956964595319133512315680087
2024-08-14 00:00:00+00:00,5,STRONG_BULL,1.0,True,15,False,TRANSITION,TRANSITION,0.6,0.5879844003778400964710960955,0.5879844003778400964710960955
2024-08-15 00:00:00+00:00,5,STRONG_BULL,5.808516090386717e-79,False,15,False,TRANSITION,TRANSITION,0.6,0.30,0.30
2024-08-16 00:00:00+00:00,5,STRONG_BULL,3.6003524573723225e-54,False,15,False,TRANSITION,TRANSITION,0.6,0.3049431845740260338248903559,0.3049431845740260338248903559
2024-08-17 00:00:00+00:00,4,CRASH,1.0,True,3,False,TRANSITION,TRANSITION,0.6,0.3071587485250674062382031722,0.3071587485250674062382031722
2024-08-18 00:00:00+00:00,4,CRASH,1.0,True,4,False,TRANSITION,TRANSITION,0.6,0.3033293134598273910466165988,0.3033293134598273910466165988
2024-08-19 00:00:00+00:00,4,CRASH,1.0,True,5,False,TRANSITION,TRANSITION,0.6,0.3069673534826334569415435591,0.3069673534826334569415435591
2024-08-20 00:00:00+00:00,4,CRASH,4.849491572187581e-07,False,5,False,TRANSITION,TRANSITION,0.6,0.3054439536402070412147924543,0.3054439536402070412147924543
2024-08-21 00:00:00+00:00,4,CRASH,1.0972930727890676e-35,False,5,False,TRANSITION,TRANSITION,0.6,0.3130605771659658974716302254,0.3130605771659658974716302254
2024-08-22 00:00:00+00:00,4,CRASH,1.0870975001090339e-54,False,5,False,TRANSITION,TRANSITION,0.6,0.3103060574343164543401279226,0.3103060574343164543401279226
2024-08-23 00:00:00+00:00,4,CRASH,2.7688675815070075e-128,False,5,False,TRANSITION,TRANSITION,0.6,0.3230450191546592113507219205,0.3230450191546592113507219205
2024-08-24 00:00:00+00:00,3,EUPHORIA,1.0,True,3,False,TRANSITION,TRANSITION,0.6,0.3234537862802405496003934472,0.3234537862802405496003934472
2024-08-25 00:00:00+00:00,3,EUPHORIA,0.9999999998562998,True,4,False,TRANSITION,TRANSITION,0.6,0.3236685689827913400400851598,0.3236685689827913400400851598
2024-08-26 00:00:00+00:00,3,EUPHORIA,4.399844746467083e-10,False,4,False,TRANSITION,TRANSITION,0.6,0.3189108650920328659481125909,0.3189108650920328659481125909
2024-08-27 00:00:00+00:00,3,EUPHORIA,1.6041374723411343e-36,False,4,False,TRANSITION,TRANSITION,0.6,0.3068832336081969769970031260,0.3068832336081969769970031260
2024-08-28 00:00:00+00:00,5,STRONG_BULL,1.0,True,3,False,TRANSITION,TRANSITION,0.6,0.60,0.60
2024-08-29 00:00:00+00:00,5,STRONG_BULL,1.0,True,4,False,TRANSITION,TRANSITION,0.6,0.6015375448711825556356271804,0.6
2024-08-30 00:00:00+00:00,5,STRONG_BULL,1.0,True,5,False,TRANSITION,TRANSITION,0.6,0.5990462192923543991183944141,0.5990462192923543991183944141
2024-08-31 00:00:00+00:00,5,STRONG_BULL,1.0,True,6,False,TRANSITION,TRANSITION,0.6,0.5984359202146051111436369943,0.5984359202146051111436369943
2024-09-01 00:00:00+00:00,5,STRONG_BULL,1.0,True,7,False,TRANSITION,TRANSITION,0.6,0.5915046261740017789148408142,0.5915046261740017789148408142
2024-09-02 00:00:00+00:00,5,STRONG_BULL,1.0,True,8,False,TRANSITION,TRANSITION,0.6,0.5990792851276139877804679404,0.5990792851276139877804679404
2024-09-03 00:00:00+00:00,5,STRONG_BULL,1.0,True,9,False,TRANSITION,TRANSITION,0.6,0.5922868902767395282839423978,0.5922868902767395282839423978
2024-09-04 00:00:00+00:00,5,STRONG_BULL,1.0,True,10,False,TRANSITION,TRANSITION,0.6,0.5943064422413682360681137637,0.5943064422413682360681137637
2024-09-05 00:00:00+00:00,5,STRONG_BULL,1.0,True,11,False,TRANSITION,TRANSITION,0.6,0.5867186124817766844751023383,0.5867186124817766844751023383
2024-09-06 00:00:00+00:00,5,STRONG_BULL,1.0,True,12,False,TRANSITION,TRANSITION,0.6,0.5769228263449706842460376355,0.5769228263449706842460376355
2024-09-07 00:00:00+00:00,5,STRONG_BULL,1.0,True,13,False,TRANSITION,TRANSITION,0.6,0.5778160237909197999144600162,0.5778160237909197999144600162
2024-09-08 00:00:00+00:00,5,STRONG_BULL,1.0,True,14,False,TRANSITION,TRANSITION,0.6,0.5809858400587458748780688217,0.5809858400587458748780688217
2024-09-09 00:00:00+00:00,5,STRONG_BULL,1.0,True,15,False,TRANSITION,TRANSITION,0.6,0.5904059175482973275327713753,0.5904059175482973275327713753
2024-09-10 00:00:00+00:00,5,STRONG_BULL,1.0,True,16,False,TRANSITION,TRANSITION,0.6,0.5929087218272602367973013190,0.5929087218272602367973013190
2024-09-11 00:00:00+00:00,5,STRONG_BULL,1.0,True,17,False,TRANSITION,TRANSITION,0.6,0.5916569622378556824404698183,0.5916569622378556824404698183
2024-09-12 00:00:00+00:00,5,STRONG_BULL,1.0,True,18,False,TRANSITION,TRANSITION,0.6,0.5949766936767680584650515044,0.5949766936767680584650515044
2024-09-13 00:00:00+00:00,5,STRONG_BULL,1.0,True,19,False,TRANSITION,TRANSITION,0.6,0.95,0.6
2024-09-14 00:00:00+00:00,5,STRONG_BULL,1.0,True,20,False,TRANSITION,TRANSITION,0.6,0.95,0.6
2024-09-15 00:00:00+00:00,5,STRONG_BULL,1.0,True,21,False,TRANSITION,TRANSITION,0.6,0.5965260205971714644500868285,0.5965260205971714644500868285
2024-09-16 00:00:00+00:00,5,STRONG_BULL,1.0,True,22,False,TRANSITION,TRANSITION,0.6,0.5927545521842516521991072438,0.5927545521842516521991072438
2024-09-17 00:00:00+00:00,5,STRONG_BULL,1.0,True,23,False,TRANSITION,TRANSITION,0.6,0.95,0.6
2024-09-18 00:00:00+00:00,5,STRONG_BULL,1.0,True,24,False,TRANSITION,TRANSITION,0.6,0.95,0.6
2024-09-19 00:00:00+00:00,5,STRONG_BULL,0.9999999997216946,True,25,False,TRANSITION,TRANSITION,0.6,0.95,0.6
2024-09-20 00:00:00+00:00,5,STRONG_BULL,0.9999998647090342,True,26,False,TRANSITION,TRANSITION,0.6,0.95,0.6
2024-09-21 00:00:00+00:00,5,STRONG_BULL,0.10199685975898251,False,26,False,TRANSITION,TRANSITION,0.6,0.6005610304798658293594316494,0.6
2024-09-22 00:00:00+00:00,5,STRONG_BULL,0.8646268696630169,True,27,False,TRANSITION,TRANSITION,0.6,0.95,0.6
2024-09-23 00:00:00+00:00,5,STRONG_BULL,0.9999554794973753,True,28,False,TRANSITION,TRANSITION,0.6,0.95,0.6
2024-09-24 00:00:00+00:00,5,STRONG_BULL,0.9996493370456486,True,29,False,TRANSITION,TRANSITION,0.6,0.95,0.6
2024-09-25 00:00:00+00:00,5,STRONG_BULL,1.0,True,30,False,TRANSITION,TRANSITION,0.6,0.95,0.6
2024-09-26 00:00:00+00:00,5,STRONG_BULL,4.401722567277956e-16,False,30,False,BULL_STRUCTURE,TRANSITION,0.6,0.6075397213093544551371863083,0.6
2024-09-27 00:00:00+00:00,3,BULL,1.0,True,1,False,BULL_STRUCTURE,TRANSITION,0.6,0.95,0.6
2024-09-28 00:00:00+00:00,3,BULL,1.0,True,2,False,BULL_STRUCTURE,TRANSITION,0.6,0.95,0.6
2024-09-29 00:00:00+00:00,3,BULL,1.0,True,3,False,BULL_STRUCTURE,TRANSITION,0.6,0.95,0.6
2024-09-30 00:00:00+00:00,3,BULL,1.0,True,4,False,BULL_STRUCTURE,BULL_STRUCTURE,1.0,0.95,0.95
2024-10-01 00:00:00+00:00,3,BULL,1.0,True,5,False,BEAR_STRUCTURE,BULL_STRUCTURE,0.3,0.9484900344997734414843026215,0.3
2024-10-02 00:00:00+00:00,3,BULL,1.0,True,6,False,BEAR_STRUCTURE,BULL_STRUCTURE,0.3,0.95,0.3
2024-10-03 00:00:00+00:00,3,BULL,1.0,True,7,False,BEAR_STRUCTURE,BULL_STRUCTURE,0.3,0.95,0.3
2024-10-04 00:00:00+00:00,3,BULL,1.0,True,8,False,BEAR_STRUCTURE,BULL_STRUCTURE,0.3,0.95,0.3
2024-10-05 00:00:00+00:00,3,BULL,1.0,True,9,False,BEAR_STRUCTURE,BEAR_STRUCTURE,0.3,0.95,0.3
2024-10-06 00:00:00+00:00,3,BULL,1.0,True,10,False,BEAR_STRUCTURE,BEAR_STRUCTURE,0.3,0.95,0.3
2024-10-07 00:00:00+00:00,3,BULL,1.0,True,11,False,BEAR_STRUCTURE,BEAR_STRUCTURE,0.3,0.95,0.3
2024-10-08 00:00:00+00:00,3,BULL,1.0,True,12,False,BEAR_STRUCTURE,BEAR_STRUCTURE,0.3,0.95,0.3
2024-10-09 00:00:00+00:00,3,BULL,1.0,True,13,False,BEAR_STRUCTURE,BEAR_STRUCTURE,0.3,0.95,0.3
2024-10-10 00:00:00+00:00,3,BULL,1.0,True,14,False,BEAR_STRUCTURE,BEAR_STRUCTURE,0.3,0.95,0.3
2024-10-11 00:00:00+00:00,3,BULL,1.0,True,15,False,BEAR_STRUCTURE,BEAR_STRUCTURE,0.3,0.95,0.3
2024-10-12 00:00:00+00:00,3,BULL,1.0,True,16,False,BEAR_STRUCTURE,BEAR_STRUCTURE,0.3,0.95,0.3
2024-10-13 00:00:00+00:00,3,BULL,1.0,True,17,False,BEAR_STRUCTURE,BEAR_STRUCTURE,0.3,0.95,0.3
2024-10-14 00:00:00+00:00,3,BULL,1.0,True,18,False,TRANSITION,BEAR_STRUCTURE,0.3,0.95,0.3
2024-10-15 00:00:00+00:00,3,BULL,1.0,True,19,False,TRANSITION,BEAR_STRUCTURE,0.3,0.95,0.3
2024-10-16 00:00:00+00:00,3,BULL,1.0,True,20,False,TRANSITION,BEAR_STRUCTURE,0.3,0.95,0.3
2024-10-17 00:00:00+00:00,3,BULL,1.0,True,21,False,TRANSITION,BEAR_STRUCTURE,0.3,0.95,0.3
2024-10-18 00:00:00+00:00,3,BULL,1.0,True,22,False,TRANSITION,TRANSITION,0.6,0.95,0.6
2024-10-19 00:00:00+00:00,3,BULL,1.0,True,23,False,TRANSITION,TRANSITION,0.6,0.95,0.6
2024-10-20 00:00:00+00:00,3,BULL,1.0,True,24,False,TRANSITION,TRANSITION,0.6,0.95,0.6
2024-10-21 00:00:00+00:00,3,BULL,1.0,True,25,False,TRANSITION,TRANSITION,0.6,0.95,0.6
2024-10-22 00:00:00+00:00,3,BULL,1.0,True,26,False,TRANSITION,TRANSITION,0.6,0.95,0.6
2024-10-23 00:00:00+00:00,3,BULL,1.0,True,27,False,TRANSITION,TRANSITION,0.6,0.95,0.6
2024-10-24 00:00:00+00:00,3,BULL,1.0,True,28,False,TRANSITION,TRANSITION,0.6,0.95,0.6
2024-10-25 00:00:00+00:00,3,BULL,1.0,True,29,False,TRANSITION,TRANSITION,0.6,0.95,0.6
2024-10-26 00:00:00+00:00,3,BULL,1.0,True,30,False,TRANSITION,TRANSITION,0.6,0.95,0.6
2024-10-27 00:00:00+00:00,3,BULL,1.0,True,31,False,TRANSITION,TRANSITION,0.6,0.95,0.6
2024-10-28 00:00:00+00:00,3,BULL,1.0,True,32,False,TRANSITION,TRANSITION,0.6,0.95,0.6
2024-10-29 00:00:00+00:00,3,BULL,1.0,True,33,False,TRANSITION,TRANSITION,0.6,0.95,0.6
2024-10-30 00:00:00+00:00,3,BULL,1.0,True,34,False,TRANSITION,TRANSITION,0.6,0.95,0.6
2024-10-31 00:00:00+00:00,3,BULL,1.0,True,35,False,TRANSITION,TRANSITION,0.6,0.95,0.6
2024-11-01 00:00:00+00:00,3,BULL,1.0,True,36,False,TRANSITION,TRANSITION,0.6,0.95,0.6
2024-11-02 00:00:00+00:00,3,BULL,1.0,True,37,False,TRANSITION,TRANSITION,0.6,0.95,0.6
2024-11-03 00:00:00+00:00,3,BULL,1.0,True,38,False,TRANSITION,TRANSITION,0.6,0.95,0.6
2024-11-04 00:00:00+00:00,3,BULL,1.0,True,39,False,TRANSITION,TRANSITION,0.6,0.95,0.6
2024-11-05 00:00:00+00:00,3,BULL,1.0,True,40,False,TRANSITION,TRANSITION,0.6,0.95,0.6
2024-11-06 00:00:00+00:00,3,BULL,1.0,True,41,False,BULL_STRUCTURE,TRANSITION,0.6,0.95,0.6
2024-11-07 00:00:00+00:00,3,BULL,1.0,True,42,False,BULL_STRUCTURE,TRANSITION,0.6,0.95,0.6
2024-11-08 00:00:00+00:00,3,BULL,1.0,True,43,False,BULL_STRUCTURE,TRANSITION,0.6,0.95,0.6
2024-11-09 00:00:00+00:00,3,BULL,1.0,True,44,False,BULL_STRUCTURE,TRANSITION,0.6,0.95,0.6
2024-11-10 00:00:00+00:00,3,BULL,1.0,True,45,False,BULL_STRUCTURE,BULL_STRUCTURE,1.0,0.95,0.95
2024-11-11 00:00:00+00:00,3,BULL,0.9055635563317251,True,46,False,BULL_STRUCTURE,BULL_STRUCTURE,1.0,0.9548339764666044103745364323,0.9548339764666044103745364323
2024-11-12 00:00:00+00:00,3,BULL,0.9999998400781024,True,47,False,BULL_STRUCTURE,BULL_STRUCTURE,1.0,0.9544928342087700986181094456,0.9544928342087700986181094456
2024-11-13 00:00:00+00:00,3,BULL,4.123788738023498e-13,False,47,False,BULL_STRUCTURE,BULL_STRUCTURE,1.0,0.475,0.475
2024-11-14 00:00:00+00:00,3,BULL,6.568862561930871e-28,False,47,False,BULL_STRUCTURE,BULL_STRUCTURE,1.0,0.4667378936179853769378820782,0.4667378936179853769378820782
2024-11-15 00:00:00+00:00,2,EUPHORIA,1.0,True,3,False,BULL_STRUCTURE,BULL_STRUCTURE,1.0,0.4770968137010570928752861784,0.4770968137010570928752861784
2024-11-16 00:00:00+00:00,2,EUPHORIA,1.0,True,4,False,BULL_STRUCTURE,BULL_STRUCTURE,1.0,0.4758740172624211650489338209,0.4758740172624211650489338209
2024-11-17 00:00:00+00:00,2,EUPHORIA,1.0,True,5,False,BULL_STRUCTURE,BULL_STRUCTURE,1.0,0.4738537502820816742530416122,0.4738537502820816742530416122
2024-11-18 00:00:00+00:00,2,EUPHORIA,1.0,True,6,False,BULL_STRUCTURE,BULL_STRUCTURE,1.0,0.4755355767527149743419640560,0.4755355767527149743419640560
2024-11-19 00:00:00+00:00,2,EUPHORIA,1.0,True,7,False,BULL_STRUCTURE,BULL_STRUCTURE,1.0,0.4805778457737998033844666651,0.4805778457737998033844666651
2024-11-20 00:00:00+00:00,2,EUPHORIA,1.0,True,8,False,BULL_STRUCTURE,BULL_STRUCTURE,1.0,0.4858662395819795925696740695,0.4858662395819795925696740695
2024-11-21 00:00:00+00:00,2,EUPHORIA,1.0,True,9,False,BULL_STRUCTURE,BULL_STRUCTURE,1.0,0.4963274185601333969120909333,0.4963274185601333969120909333
2024-11-22 00:00:00+00:00,2,EUPHORIA,1.0,True,10,False,BULL_STRUCTURE,BULL_STRUCTURE,1.0,0.4977849102146275958908615143,0.4977849102146275958908615143
2024-11-23 00:00:00+00:00,2,EUPHORIA,1.0,True,11,False,BULL_STRUCTURE,BULL_STRUCTURE,1.0,0.4946827652141569194523403706,0.4946827652141569194523403706
2024-11-24 00:00:00+00:00,2,EUPHORIA,1.0,True,12,False,BULL_STRUCTURE,BULL_STRUCTURE,1.0,0.4952646904415430891471747597,0.4952646904415430891471747597
2024-11-25 00:00:00+00:00,2,EUPHORIA,1.0,True,13,False,BULL_STRUCTURE,BULL_STRUCTURE,1.0,0.4824617878330635381923288257,0.4824617878330635381923288257
2024-11-26 00:00:00+00:00,2,EUPHORIA,0.9989830910869819,True,14,False,BULL_STRUCTURE,BULL_STRUCTURE,1.0,0.4796415235243968652653319107,0.4796415235243968652653319107
2024-11-27 00:00:00+00:00,2,EUPHORIA,0.999999999996362,True,15,False,BULL_STRUCTURE,BULL_STRUCTURE,1.0,0.4900094482947005991998794973,0.4900094482947005991998794973
2024-11-28 00:00:00+00:00,2,EUPHORIA,0.975841371434401,True,16,False,BULL_STRUCTURE,BULL_STRUCTURE,1.0,0.4894375699750457777669603019,0.4894375699750457777669603019
2024-11-29 00:00:00+00:00,2,EUPHORIA,0.9993283752685985,True,17,False,BULL_STRUCTURE,BULL_STRUCTURE,1.0,0.4941385872074937310919475524,0.4941385872074937310919475524
2024-11-30 00:00:00+00:00,2,EUPHORIA,1.5843768306181145e-13,False,17,False,BULL_STRUCTURE,BULL_STRUCTURE,1.0,0.4914259204082536397760360728,0.4914259204082536397760360728
2024-12-01 00:00:00+00:00,2,EUPHORIA,1.6796794334615055e-45,False,17,False,BULL_STRUCTURE,BULL_STRUCTURE,1.0,0.4934327446970817721153036486,0.4934327446970817721153036486
2024-12-02 00:00:00+00:00,1,NEUTRAL,1.0,True,3,False,BULL_STRUCTURE,BULL_STRUCTURE,1.0,0.4899508136288716314584689322,0.4899508136288716314584689322
2024-12-03 00:00:00+00:00,1,NEUTRAL,1.0,True,4,False,BULL_STRUCTURE,BULL_STRUCTURE,1.0,0.4899744620460619496816893586,0.4899744620460619496816893586
2024-12-04 00:00:00+00:00,1,NEUTRAL,1.0,True,5,False,BULL_STRUCTURE,BULL_STRUCTURE,1.0,0.4970135080806132683609955949,0.4970135080806132683609955949
2024-12-05 00:00:00+00:00,1,NEUTRAL,1.0,True,6,False,BULL_STRUCTURE,BULL_STRUCTURE,1.0,0.4928158802432290303753206888,0.4928158802432290303753206888
2024-12-06 00:00:00+00:00,1,NEUTRAL,1.0,True,7,False,BULL_STRUCTURE,BULL_STRUCTURE,1.0,0.4999216148261685961881308672,0.4999216148261685961881308672
2024-12-07 00:00:00+00:00,1,NEUTRAL,1.0,True,8,False,BULL_STRUCTURE,BULL_STRUCTURE,1.0,0.5001499775854836907506632071,0.5001499775854836907506632071
2024-12-08 00:00:00+00:00,1,NEUTRAL,1.0,True,9,False,BULL_STRUCTURE,BULL_STRUCTURE,1.0,0.5033290046651441369966664942,0.5033290046651441369966664942
2024-12-09 00:00:00+00:00,1,NEUTRAL,1.0,True,10,False,BULL_STRUCTURE,BULL_STRUCTURE,1.0,0.4936674305949747029777902951,0.4936674305949747029777902951
2024-12-10 00:00:00+00:00,1,NEUTRAL,1.0,True,11,False,BULL_STRUCTURE,BULL_STRUCTURE,1.0,0.4919050854023208363717353981,0.4919050854023208363717353981
2024-12-11 00:00:00+00:00,1,NEUTRAL,1.0,True,12,False,BULL_STRUCTURE,BULL_STRUCTURE,1.0,0.5033671022751304564142215083,0.5033671022751304564142215083
2024-12-12 00:00:00+00:00,1,NEUTRAL,1.0,True,13,False,BULL_STRUCTURE,BULL_STRUCTURE,1.0,0.5005810803360375227141456227,0.5005810803360375227141456227
2024-12-13 00:00:00+00:00,1,NEUTRAL,1.0,True,14,False,BULL_STRUCTURE,BULL_STRUCTURE,1.0,0.5041057706533495795546328465,0.5041057706533495795546328465
2024-12-14 00:00:00+00:00,1,NEUTRAL,1.0,True,15,False,BULL_STRUCTURE,BULL_STRUCTURE,1.0,0.5040952953400090195060769954,0.5040952953400090195060769954
2024-12-15 00:00:00+00:00,1,NEUTRAL,1.0,True,16,False,BULL_STRUCTURE,BULL_STRUCTURE,1.0,0.5114863927263679843346085744,0.5114863927263679843346085744
2024-12-16 00:00:00+00:00,1,NEUTRAL,1.0,True,17,False,BULL_STRUCTURE,BULL_STRUCTURE,1.0,0.5152711425230523234816280914,0.5152711425230523234816280914
2024-12-17 00:00:00+00:00,1,NEUTRAL,1.0,True,18,False,BULL_STRUCTURE,BULL_STRUCTURE,1.0,0.5154478904943004792487119580,0.5154478904943004792487119580
2024-12-18 00:00:00+00:00,1,NEUTRAL,1.0,True,19,False,BULL_STRUCTURE,BULL_STRUCTURE,1.0,0.5010798596042163096335858686,0.5010798596042163096335858686
2024-12-19 00:00:00+00:00,1,NEUTRAL,1.0,True,20,False,BULL_STRUCTURE,BULL_STRUCTURE,1.0,0.4941433576950065373274608469,0.4941433576950065373274608469
2024-12-20 00:00:00+00:00,1,NEUTRAL,1.0,True,21,False,BULL_STRUCTURE,BULL_STRUCTURE,1.0,0.4950230235192657867010868388,0.4950230235192657867010868388
2024-12-21 00:00:00+00:00,1,NEUTRAL,1.0,True,22,False,BULL_STRUCTURE,BULL_STRUCTURE,1.0,0.4937073073719700409237610844,0.4937073073719700409237610844
2024-12-22 00:00:00+00:00,1,NEUTRAL,1.0,True,23,False,BULL_STRUCTURE,BULL_STRUCTURE,1.0,0.4882389063392577719222156780,0.4882389063392577719222156780
2024-12-23 00:00:00+00:00,1,NEUTRAL,1.0,True,24,False,BULL_STRUCTURE,BULL_STRUCTURE,1.0,0.4874375608147376626999370859,0.4874375608147376626999370859
2024-12-24 00:00:00+00:00,1,NEUTRAL,1.0,True,25,False,BULL_STRUCTURE,BULL_STRUCTURE,1.0,0.4972068087332444256754420853,0.4972068087332444256754420853
2024-12-25 00:00:00+00:00,1,NEUTRAL,1.0,True,26,False,BULL_STRUCTURE,BULL_STRUCTURE,1.0,0.4991402741912268644605567945,0.4991402741912268644605567945
2024-12-26 00:00:00+00:00,1,NEUTRAL,1.0,True,27,False,BULL_STRUCTURE,BULL_STRUCTURE,1.0,0.4898229647036826836076036769,0.4898229647036826836076036769
2024-12-27 00:00:00+00:00,1,NEUTRAL,1.0,True,28,False,BULL_STRUCTURE,BULL_STRUCTURE,1.0,0.4858992751365577684977410108,0.4858992751365577684977410108
2024-12-28 00:00:00+00:00,1,NEUTRAL,1.0,True,29,False,BULL_STRUCTURE,BULL_STRUCTURE,1.0,0.4885372708101189946700464982,0.4885372708101189946700464982
2024-12-29 00:00:00+00:00,1,NEUTRAL,1.0,True,30,False,BULL_STRUCTURE,BULL_STRUCTURE,1.0,0.4844093126739427539258145587,0.4844093126739427539258145587
2024-12-30 00:00:00+00:00,1,NEUTRAL,1.0,True,31,False,BULL_STRUCTURE,BULL_STRUCTURE,1.0,0.4818759954187114543451145485,0.4818759954187114543451145485
2024-12-31 00:00:00+00:00,1,NEUTRAL,0.9999999999936335,True,32,False,BULL_STRUCTURE,BULL_STRUCTURE,1.0,0.4839767829422220887522643077,0.4839767829422220887522643077
2025-01-01 00:00:00+00:00,1,NEUTRAL,1.0,True,33,False,BULL_STRUCTURE,BULL_STRUCTURE,1.0,0.4866736376711448909537492122,0.4866736376711448909537492122
2025-01-02 00:00:00+00:00,1,NEUTRAL,1.0,True,34,False,BULL_STRUCTURE,BULL_STRUCTURE,1.0,0.4929168237392427454924148339,0.4929168237392427454924148339
2025-01-03 00:00:00+00:00,1,NEUTRAL,1.0,True,35,False,BULL_STRUCTURE,BULL_STRUCTURE,1.0,0.4959637090105140297788388236,0.4959637090105140297788388236
2025-01-04 00:00:00+00:00,1,NEUTRAL,1.0,True,36,False,BULL_STRUCTURE,BULL_STRUCTURE,1.0,0.4960816273514501143094265626,0.4960816273514501143094265626
2025-01-05 00:00:00+00:00,1,NEUTRAL,1.0,True,37,False,BULL_STRUCTURE,BULL_STRUCTURE,1.0,0.4964455988529109459284545409,0.4964455988529109459284545409
2025-01-06 00:00:00+00:00,1,NEUTRAL,1.0,True,38,False,BULL_STRUCTURE,BULL_STRUCTURE,1.0,0.5060974954623321941898255007,0.5060974954623321941898255007
2025-01-07 00:00:00+00:00,1,NEUTRAL,1.0,True,39,False,BULL_STRUCTURE,BULL_STRUCTURE,1.0,0.4928390317155698743735814432,0.4928390317155698743735814432
2025-01-08 00:00:00+00:00,1,NEUTRAL,1.0,True,40,False,BULL_STRUCTURE,BULL_STRUCTURE,1.0,0.4879088391078261391954761022,0.4879088391078261391954761022
2025-01-09 00:00:00+00:00,1,NEUTRAL,1.0,True,41,False,BULL_STRUCTURE,BULL_STRUCTURE,1.0,0.4812306188961140682718692384,0.4812306188961140682718692384
2025-01-10 00:00:00+00:00,1,NEUTRAL,1.0,True,42,False,BULL_STRUCTURE,BULL_STRUCTURE,1.0,0.4870281396005340934142217963,0.4870281396005340934142217963
2025-01-11 00:00:00+00:00,1,NEUTRAL,1.0,True,43,False,BULL_STRUCTURE,BULL_STRUCTURE,1.0,0.4866952934334894161521871491,0.4866952934334894161521871491
2025-01-12 00:00:00+00:00,1,NEUTRAL,1.0,True,44,False,BULL_STRUCTURE,BULL_STRUCTURE,1.0,0.4865501913490357992090916456,0.4865501913490357992090916456
2025-01-13 00:00:00+00:00,1,NEUTRAL,1.0,True,45,False,BULL_STRUCTURE,BULL_STRUCTURE,1.0,0.4865265149943267936576323076,0.4865265149943267936576323076
2025-01-14 00:00:00+00:00,1,NEUTRAL,1.0,True,46,False,BULL_STRUCTURE,BULL_STRUCTURE,1.0,0.4918219095102971712132271821,0.4918219095102971712132271821
2025-01-15 00:00:00+00:00,1,NEUTRAL,0.9999992569876699,True,47,False,BULL_STRUCTURE,BULL_STRUCTURE,1.0,0.5018106411639467623451985942,0.5018106411639467623451985942
2025-01-16 00:00:00+00:00,1,NEUTRAL,0.0013700012692563722,False,47,False,BULL_STRUCTURE,BULL_STRUCTURE,1.0,0.25,0.25
2025-01-17 00:00:00+00:00,1,NEUTRAL,5.9837638268391e-18,False,47,False,BULL_STRUCTURE,BULL_STRUCTURE,1.0,0.2576703859769485796824033895,0.2576703859769485796824033895
2025-01-18 00:00:00+00:00,3,BULL,1.0,True,3,False,BULL_STRUCTURE,BULL_STRUCTURE,1.0,0.95,0.95
2025-01-19 00:00:00+00:00,3,BULL,1.0,True,4,False,BULL_STRUCTURE,BULL_STRUCTURE,1.0,0.9493695378655335725010130018,0.9493695378655335725010130018
2025-01-20 00:00:00+00:00,3,BULL,1.0,True,5,False,BULL_STRUCTURE,BULL_STRUCTURE,1.0,0.9498061490738965566604416297,0.9498061490738965566604416297
2025-01-21 00:00:00+00:00,3,BULL,1.0,True,6,False,BULL_STRUCTURE,BULL_STRUCTURE,1.0,0.9515537695028195192363186088,0.9515537695028195192363186088
2025-01-22 00:00:00+00:00,3,BULL,1.0,True,7,False,BULL_STRUCTURE,BULL_STRUCTURE,1.0,0.9504716466935342219007103892,0.9504716466935342219007103892
2025-01-23 00:00:00+00:00,3,BULL,1.0,True,8,False,BULL_STRUCTURE,BULL_STRUCTURE,1.0,0.9505639303598585117196870733,0.9505639303598585117196870733
2025-01-24 00:00:00+00:00,3,BULL,1.0,True,9,False,BULL_STRUCTURE,BULL_STRUCTURE,1.0,0.9509943698932768995269664009,0.9509943698932768995269664009
2025-01-25 00:00:00+00:00,3,BULL,1.0,True,10,False,BULL_STRUCTURE,BULL_STRUCTURE,1.0,0.9509393585880081601187955851,0.9509393585880081601187955851
2025-01-26 00:00:00+00:00,3,BULL,1.0,True,11,False,BULL_STRUCTURE,BULL_STRUCTURE,1.0,0.9499734199752132247975160895,0.9499734199752132247975160895
2025-01-27 00:00:00+00:00,3,BULL,1.0,True,12,False,BULL_STRUCTURE,BULL_STRUCTURE,1.0,0.9497234101904553741606291018,0.9497234101904553741606291018
2025-01-28 00:00:00+00:00,3,BULL,1.0,True,13,False,BULL_STRUCTURE,BULL_STRUCTURE,1.0,0.9493714114938283666040932574,0.9493714114938283666040932574
2025-01-29 00:00:00+00:00,3,BULL,1.0,True,14,False,BULL_STRUCTURE,BULL_STRUCTURE,1.0,0.9504837091455972218897090982,0.9504837091455972218897090982
2025-01-30 00:00:00+00:00,3,BULL,1.0,True,15,False,BULL_STRUCTURE,BULL_STRUCTURE,1.0,0.9509287068879162681038119977,0.9509287068879162681038119977
2025-01-31 00:00:00+00:00,3,BULL,1.0,True,16,False,BULL_STRUCTURE,BULL_STRUCTURE,1.0,0.9498850703438863261731224176,0.9498850703438863261731224176
2025-02-01 00:00:00+00:00,3,BULL,1.0,True,17,False,BULL_STRUCTURE,BULL_STRUCTURE,1.0,0.9490372590785297560319255183,0.9490372590785297560319255183
2025-02-02 00:00:00+00:00,3,BULL,1.0,True,18,False,BULL_STRUCTURE,BULL_STRUCTURE,1.0,0.9475865128652599762461240408,0.9475865128652599762461240408
2025-02-03 00:00:00+00:00,3,BULL,1.0,True,19,False,BULL_STRUCTURE,BULL_STRUCTURE,1.0,0.9493680910450054996472713966,0.9493680910450054996472713966
2025-02-04 00:00:00+00:00,3,BULL,1.0,True,20,False,BULL_STRUCTURE,BULL_STRUCTURE,1.0,0.9476182859416393992527415772,0.9476182859416393992527415772
2025-02-05 00:00:00+00:00,3,BULL,1.0,True,21,False,BULL_STRUCTURE,BULL_STRUCTURE,1.0,0.9470274439171387037967903599,0.9470274439171387037967903599
2025-02-06 00:00:00+00:00,3,BULL,1.0,True,22,False,BULL_STRUCTURE,BULL_STRUCTURE,1.0,0.9469972684210356858966469533,0.9469972684210356858966469533
2025-02-07 00:00:00+00:00,3,BULL,1.0,True,23,False,BULL_STRUCTURE,BULL_STRUCTURE,1.0,0.9469725381860560399622512444,0.9469725381860560399622512444
2025-02-08 00:00:00+00:00,3,BULL,1.0,True,24,False,BULL_STRUCTURE,BULL_STRUCTURE,1.0,0.9469402267224512366904405438,0.9469402267224512366904405438
2025-02-09 00:00:00+00:00,3,BULL,1.0,True,25,False,BULL_STRUCTURE,BULL_STRUCTURE,1.0,0.9469496076618925790320287584,0.9469496076618925790320287584
2025-02-10 00:00:00+00:00,3,BULL,1.0,True,26,False,BULL_STRUCTURE,BULL_STRUCTURE,1.0,0.9474490149233442323101657893,0.9474490149233442323101657893
2025-02-11 00:00:00+00:00,3,BULL,1.0,True,27,False,BULL_STRUCTURE,BULL_STRUCTURE,1.0,0.9465906945413609634127035526,0.9465906945413609634127035526
2025-02-12 00:00:00+00:00,3,BULL,1.0,True,28,False,BULL_STRUCTURE,BULL_STRUCTURE,1.0,0.9476724864803943803514816466,0.9476724864803943803514816466
2025-02-13 00:00:00+00:00,3,BULL,1.0,True,29,False,BULL_STRUCTURE,BULL_STRUCTURE,1.0,0.9470252162205288512551270223,0.9470252162205288512551270223
2025-02-14 00:00:00+00:00,3,BULL,1.0,True,30,False,BULL_STRUCTURE,BULL_STRUCTURE,1.0,0.9474845886802029000292991315,0.9474845886802029000292991315
2025-02-15 00:00:00+00:00,3,BULL,1.0,True,31,False,BULL_STRUCTURE,BULL_STRUCTURE,1.0,0.9475198696783515363383914448,0.9475198696783515363383914448
2025-02-16 00:00:00+00:00,3,BULL,1.0,True,32,False,BULL_STRUCTURE,BULL_STRUCTURE,1.0,0.9467695213595297934648953768,0.9467695213595297934648953768
2025-02-17 00:00:00+00:00,3,BULL,0.9999999999681677,True,33,False,BULL_STRUCTURE,BULL_STRUCTURE,1.0,0.9465916446587563436072448316,0.9465916446587563436072448316
2025-02-18 00:00:00+00:00,3,BULL,0.9677629245416566,True,34,False,BULL_STRUCTURE,BULL_STRUCTURE,1.0,0.9465344401875652826738691578,0.9465344401875652826738691578
2025-02-19 00:00:00+00:00,3,BULL,0.0006818839833582481,False,34,False,BULL_STRUCTURE,BULL_STRUCTURE,1.0,0.475,0.475
2025-02-20 00:00:00+00:00,3,BULL,0.19079847104531691,False,34,False,BULL_STRUCTURE,BULL_STRUCTURE,1.0,0.4795377876115701007269768482,0.4795377876115701007269768482
2025-02-21 00:00:00+00:00,3,BULL,0.9999669465593233,True,35,False,BULL_STRUCTURE,BULL_STRUCTURE,1.0,0.95,0.95
2025-02-22 00:00:00+00:00,3,BULL,1.0,True,36,False,BULL_STRUCTURE,BULL_STRUCTURE,1.0,0.9507629350279123301219256790,0.9507629350279123301219256790
2025-02-23 00:00:00+00:00,3,BULL,0.7613205869172476,True,37,False,BULL_STRUCTURE,BULL_STRUCTURE,1.0,0.9506204579755656975291071389,0.9506204579755656975291071389
2025-02-24 00:00:00+00:00,3,BULL,1.0,True,38,False,BULL_STRUCTURE,BULL_STRUCTURE,1.0,0.9482141446237747204410946233,0.9482141446237747204410946233
2025-02-25 00:00:00+00:00,3,BULL,1.0,True,39,False,BULL_STRUCTURE,BULL_STRUCTURE,1.0,0.9466262595293331718284957216,0.9466262595293331718284957216
2025-02-26 00:00:00+00:00,3,BULL,1.0,True,40,False,BULL_STRUCTURE,BULL_STRUCTURE,1.0,0.9439768279059865472024390959,0.9439768279059865472024390959
2025-02-27 00:00:00+00:00,3,BULL,1.0,True,41,False,BULL_STRUCTURE,BULL_STRUCTURE,1.0,0.9442631555012403827734211515,0.9442631555012403827734211515
2025-02-28 00:00:00+00:00,3,BULL,1.0,True,42,False,BULL_STRUCTURE,BULL_STRUCTURE,1.0,0.9440394346506806202412138810,0.9440394346506806202412138810
2025-03-01 00:00:00+00:00,3,BULL,1.0,True,43,False,BULL_STRUCTURE,BULL_STRUCTURE,1.0,0.9450930758883019331789340758,0.9450930758883019331789340758
2025-03-02 00:00:00+00:00,3,BULL,0.9999999997362465,True,44,False,BULL_STRUCTURE,BULL_STRUCTURE,1.0,0.9496315745977762178360773133,0.9496315745977762178360773133
2025-03-03 00:00:00+00:00,3,BULL,1.0,True,45,False,BULL_STRUCTURE,BULL_STRUCTURE,1.0,0.9451870224803622420489481875,0.9451870224803622420489481875
2025-03-04 00:00:00+00:00,3,BULL,1.0,True,46,False,BULL_STRUCTURE,BULL_STRUCTURE,1.0,0.9458174467635931521148154736,0.9458174467635931521148154736
2025-03-05 00:00:00+00:00,3,BULL,0.000251816280111663,False,46,False,BULL_STRUCTURE,BULL_STRUCTURE,1.0,0.475,0.475
2025-03-06 00:00:00+00:00,3,BULL,0.9971965045299352,True,47,False,BULL_STRUCTURE,BULL_STRUCTURE,1.0,0.95,0.95
2025-03-07 00:00:00+00:00,3,BULL,1.0,True,48,False,BULL_STRUCTURE,BULL_STRUCTURE,1.0,0.9488955030880823935259101500,0.9488955030880823935259101500
2025-03-08 00:00:00+00:00,3,BULL,1.0,True,49,False,BULL_STRUCTURE,BULL_STRUCTURE,1.0,0.9485698077187043858453235150,0.9485698077187043858453235150
2025-03-09 00:00:00+00:00,3,BULL,1.0,True,50,False,TRANSITION,BULL_STRUCTURE,0.6,0.9452650947702927059053727169,0.6
2025-03-10 00:00:00+00:00,3,BULL,1.0,True,51,False,TRANSITION,BULL_STRUCTURE,0.6,0.95,0.6
2025-03-11 00:00:00+00:00,3,BULL,1.0,True,52,False,TRANSITION,BULL_STRUCTURE,0.6,0.95,0.6
2025-03-12 00:00:00+00:00,3,BULL,1.0,True,53,False,TRANSITION,BULL_STRUCTURE,0.6,0.95,0.6
2025-03-13 00:00:00+00:00,3,BULL,1.0,True,54,False,TRANSITION,TRANSITION,0.6,0.95,0.6
2025-03-14 00:00:00+00:00,3,BULL,1.0,True,55,False,TRANSITION,TRANSITION,0.6,0.95,0.6
2025-03-15 00:00:00+00:00,3,BULL,1.0,True,56,False,TRANSITION,TRANSITION,0.6,0.95,0.6
2025-03-16 00:00:00+00:00,3,BULL,1.0,True,57,False,TRANSITION,TRANSITION,0.6,0.95,0.6
2025-03-17 00:00:00+00:00,3,BULL,1.0,True,58,False,TRANSITION,TRANSITION,0.6,0.95,0.6
2025-03-18 00:00:00+00:00,3,BULL,1.0,True,59,False,TRANSITION,TRANSITION,0.6,0.95,0.6
2025-03-19 00:00:00+00:00,3,BULL,1.0,True,60,False,BULL_STRUCTURE,TRANSITION,0.6,0.95,0.6
2025-03-20 00:00:00+00:00,3,BULL,1.0,True,61,False,BULL_STRUCTURE,TRANSITION,0.6,0.95,0.6
2025-03-21 00:00:00+00:00,3,BULL,1.0,True,62,False,BULL_STRUCTURE,TRANSITION,0.6,0.95,0.6
2025-03-22 00:00:00+00:00,3,BULL,1.0,True,63,False,BULL_STRUCTURE,TRANSITION,0.6,0.95,0.6
2025-03-23 00:00:00+00:00,3,BULL,1.0,True,64,False,BULL_STRUCTURE,BULL_STRUCTURE,1.0,0.95,0.95
2025-03-24 00:00:00+00:00,3,BULL,1.0,True,65,False,BULL_STRUCTURE,BULL_STRUCTURE,1.0,0.9511849821815269345321060233,0.9511849821815269345321060233
2025-03-25 00:00:00+00:00,3,BULL,1.0,True,66,False,BULL_STRUCTURE,BULL_STRUCTURE,1.0,0.9511290445569515567373731638,0.9511290445569515567373731638
2025-03-26 00:00:00+00:00,3,BULL,1.0,True,67,False,BULL_STRUCTURE,BULL_STRUCTURE,1.0,0.9508704123244276569771101622,0.9508704123244276569771101622
2025-03-27 00:00:00+00:00,3,BULL,1.0,True,68,False,BULL_STRUCTURE,BULL_STRUCTURE,1.0,0.9510433361700645007005656557,0.9510433361700645007005656557
2025-03-28 00:00:00+00:00,2,EUPHORIA,0.9999999999995453,True,1,False,BULL_STRUCTURE,BULL_STRUCTURE,1.0,0.60,0.60
2025-03-29 00:00:00+00:00,2,EUPHORIA,1.0,True,2,False,TRANSITION,BULL_STRUCTURE,0.6,0.5951539146956370226893577209,0.5951539146956370226893577209
2025-03-30 00:00:00+00:00,2,EUPHORIA,1.0,True,3,False,TRANSITION,BULL_STRUCTURE,0.6,0.5943987565204194661757499666,0.5943987565204194661757499666
2025-03-31 00:00:00+00:00,2,EUPHORIA,1.0,True,4,False,TRANSITION,BULL_STRUCTURE,0.6,0.5948664657076481044057822378,0.5948664657076481044057822378
2025-04-01 00:00:00+00:00,2,EUPHORIA,1.0,True,5,False,TRANSITION,BULL_STRUCTURE,0.6,0.6023408576053455977072873802,0.6
2025-04-02 00:00:00+00:00,2,EUPHORIA,1.0,True,6,False,TRANSITION,TRANSITION,0.6,0.5924118744138728913951269771,0.5924118744138728913951269771
2025-04-03 00:00:00+00:00,2,EUPHORIA,1.0,True,7,False,TRANSITION,TRANSITION,0.6,0.5944407086227974694886072271,0.5944407086227974694886072271
2025-04-04 00:00:00+00:00,2,EUPHORIA,1.0,True,8,False,TRANSITION,TRANSITION,0.6,0.5963920091689812359554736299,0.5963920091689812359554736299
2025-04-05 00:00:00+00:00,2,EUPHORIA,1.0,True,9,False,TRANSITION,TRANSITION,0.6,0.5953798136191561740498622771,0.5953798136191561740498622771
2025-04-06 00:00:00+00:00,2,EUPHORIA,1.0,True,10,False,TRANSITION,TRANSITION,0.6,0.5800931363775106347889869540,0.5800931363775106347889869540
2025-04-07 00:00:00+00:00,2,EUPHORIA,1.0,True,11,False,TRANSITION,TRANSITION,0.6,0.5823581233024426263133437269,0.5823581233024426263133437269
2025-04-08 00:00:00+00:00,2,EUPHORIA,1.1188741830844573e-06,False,11,False,TRANSITION,TRANSITION,0.6,0.30,0.30
2025-04-09 00:00:00+00:00,2,EUPHORIA,0.21498265538349318,False,11,False,TRANSITION,TRANSITION,0.6,0.3170047778142499140756582293,0.3170047778142499140756582293
2025-04-10 00:00:00+00:00,4,NEUTRAL,0.9858721103059042,True,3,False,TRANSITION,TRANSITION,0.6,0.3090297654534250355375673848,0.3090297654534250355375673848
2025-04-11 00:00:00+00:00,4,NEUTRAL,0.007759332796836155,False,3,False,TRANSITION,TRANSITION,0.6,0.3191174030190531873520793072,0.3191174030190531873520793072
2025-04-12 00:00:00+00:00,4,NEUTRAL,1.0015334010185315e-09,False,3,False,TRANSITION,TRANSITION,0.6,0.3239098180676519973694985217,0.3239098180676519973694985217
2025-04-13 00:00:00+00:00,2,EUPHORIA,0.8552048078131278,True,3,False,TRANSITION,TRANSITION,0.6,0.60,0.60
2025-04-14 00:00:00+00:00,2,EUPHORIA,0.9985663417460653,True,4,False,TRANSITION,TRANSITION,0.6,0.6025800355634995504133391499,0.6
2025-04-15 00:00:00+00:00,2,EUPHORIA,0.9996227919688648,True,5,False,TRANSITION,TRANSITION,0.6,0.5972902363941570523999182490,0.5972902363941570523999182490
2025-04-16 00:00:00+00:00,2,EUPHORIA,0.9999999899578143,True,6,False,TRANSITION,TRANSITION,0.6,0.5983983188388769779763352233,0.5983983188388769779763352233
2025-04-17 00:00:00+00:00,2,EUPHORIA,1.0,True,7,False,TRANSITION,TRANSITION,0.6,0.6010053211375941439719190158,0.6
2025-04-18 00:00:00+00:00,2,EUPHORIA,1.0,True,8,False,TRANSITION,TRANSITION,0.6,0.5986567607536199117519900604,0.5986567607536199117519900604
2025-04-19 00:00:00+00:00,2,EUPHORIA,1.0,True,9,False,TRANSITION,TRANSITION,0.6,0.6003626257811743516717798728,0.6
2025-04-20 00:00:00+00:00,2,EUPHORIA,1.0,True,10,False,TRANSITION,TRANSITION,0.6,0.6006507187757709858294171141,0.6
2025-04-21 00:00:00+00:00,2,EUPHORIA,1.0,True,11,False,TRANSITION,TRANSITION,0.6,0.95,0.6
2025-04-22 00:00:00+00:00,2,EUPHORIA,1.0,True,12,False,BULL_STRUCTURE,TRANSITION,0.6,0.95,0.6
2025-04-23 00:00:00+00:00,2,EUPHORIA,1.0,True,13,False,BULL_STRUCTURE,TRANSITION,0.6,0.95,0.6
2025-04-24 00:00:00+00:00,2,EUPHORIA,1.0,True,14,False,BULL_STRUCTURE,TRANSITION,0.6,0.95,0.6
2025-04-25 00:00:00+00:00,2,EUPHORIA,1.0,True,15,False,BULL_STRUCTURE,TRANSITION,0.6,0.95,0.6
2025-04-26 00:00:00+00:00,2,EUPHORIA,1.0,True,16,False,BULL_STRUCTURE,BULL_STRUCTURE,1.0,0.95,0.95
2025-04-27 00:00:00+00:00,2,EUPHORIA,1.0,True,17,False,BULL_STRUCTURE,BULL_STRUCTURE,1.0,0.9499843809540407292420131743,0.9499843809540407292420131743
2025-04-28 00:00:00+00:00,2,EUPHORIA,1.0,True,18,False,BULL_STRUCTURE,BULL_STRUCTURE,1.0,0.9506158528782205459499598368,0.9506158528782205459499598368
2025-04-29 00:00:00+00:00,2,EUPHORIA,1.0,True,19,False,BULL_STRUCTURE,BULL_STRUCTURE,1.0,0.9502402863626974137804201452,0.9502402863626974137804201452
2025-04-30 00:00:00+00:00,2,EUPHORIA,1.0,True,20,False,BULL_STRUCTURE,BULL_STRUCTURE,1.0,0.9501977002183821124029128430,0.9501977002183821124029128430
2025-05-01 00:00:00+00:00,2,EUPHORIA,1.0,True,21,False,BULL_STRUCTURE,BULL_STRUCTURE,1.0,0.9513358460892787148708875009,0.9513358460892787148708875009
2025-05-02 00:00:00+00:00,2,EUPHORIA,1.0,True,22,False,BULL_STRUCTURE,BULL_STRUCTURE,1.0,0.9515256939033760420594597345,0.9515256939033760420594597345
2025-05-03 00:00:00+00:00,2,EUPHORIA,1.0,True,23,False,BULL_STRUCTURE,BULL_STRUCTURE,1.0,0.9510299866089482199666137168,0.9510299866089482199666137168
2025-05-04 00:00:00+00:00,2,EUPHORIA,1.0,True,24,False,BULL_STRUCTURE,BULL_STRUCTURE,1.0,0.9502507184401678787229601555,0.9502507184401678787229601555
2025-05-05 00:00:00+00:00,2,EUPHORIA,1.0,True,25,False,BULL_STRUCTURE,BULL_STRUCTURE,1.0,0.9504783574146935186689721193,0.9504783574146935186689721193
2025-05-06 00:00:00+00:00,2,EUPHORIA,1.0,True,26,False,BULL_STRUCTURE,BULL_STRUCTURE,1.0,0.9515003921465623766061647485,0.9515003921465623766061647485
2025-05-07 00:00:00+00:00,2,EUPHORIA,1.0,True,27,False,BULL_STRUCTURE,BULL_STRUCTURE,1.0,0.9515938465850231983743524393,0.9515938465850231983743524393
2025-05-08 00:00:00+00:00,2,EUPHORIA,1.0,True,28,False,BULL_STRUCTURE,BULL_STRUCTURE,1.0,0.9543815623083651568534061583,0.9543815623083651568534061583
2025-05-09 00:00:00+00:00,2,EUPHORIA,1.0,True,29,False,BULL_STRUCTURE,BULL_STRUCTURE,1.0,0.9542591285507274548465076657,0.9542591285507274548465076657
2025-05-10 00:00:00+00:00,2,EUPHORIA,1.0,True,30,False,BULL_STRUCTURE,BULL_STRUCTURE,1.0,0.9550249988055410574387861588,0.9550249988055410574387861588
2025-05-11 00:00:00+00:00,2,EUPHORIA,1.0,True,31,False,BULL_STRUCTURE,BULL_STRUCTURE,1.0,0.9547398041248730487866928958,0.9547398041248730487866928958
2025-05-12 00:00:00+00:00,2,EUPHORIA,1.0,True,32,False,BULL_STRUCTURE,BULL_STRUCTURE,1.0,0.9541824161728406228119384776,0.9541824161728406228119384776
2025-05-13 00:00:00+00:00,2,EUPHORIA,1.0,True,33,False,BULL_STRUCTURE,BULL_STRUCTURE,1.0,0.9547338767728472518437470535,0.9547338767728472518437470535
2025-05-14 00:00:00+00:00,2,EUPHORIA,1.0,True,34,False,BULL_STRUCTURE,BULL_STRUCTURE,1.0,0.9544851384535042214991484265,0.9544851384535042214991484265
2025-05-15 00:00:00+00:00,2,EUPHORIA,1.0,True,35,False,BULL_STRUCTURE,BULL_STRUCTURE,1.0,0.9545922851952961445964986992,0.9545922851952961445964986992
2025-05-16 00:00:00+00:00,2,EUPHORIA,1.0,True,36,False,BULL_STRUCTURE,BULL_STRUCTURE,1.0,0.9544666973250726499198193591,0.9544666973250726499198193591
2025-05-17 00:00:00+00:00,2,EUPHORIA,1.0,True,37,False,BULL_STRUCTURE,BULL_STRUCTURE,1.0,0.9543245933206701308172191781,0.9543245933206701308172191781
2025-05-18 00:00:00+00:00,2,EUPHORIA,1.0,True,38,False,BULL_STRUCTURE,BULL_STRUCTURE,1.0,0.9556890772363642508838553533,0.9556890772363642508838553533
2025-05-19 00:00:00+00:00,2,EUPHORIA,1.0,True,39,False,BULL_STRUCTURE,BULL_STRUCTURE,1.0,0.9553360158168524315972997427,0.9553360158168524315972997427
2025-05-20 00:00:00+00:00,2,EUPHORIA,1.0,True,40,False,BULL_STRUCTURE,BULL_STRUCTURE,1.0,0.9558459411997099113536328289,0.9558459411997099113536328289
2025-05-21 00:00:00+00:00,2,EUPHORIA,1.0,True,41,False,BULL_STRUCTURE,BULL_STRUCTURE,1.0,0.9569226271004732516791226456,0.9569226271004732516791226456
2025-05-22 00:00:00+00:00,2,EUPHORIA,1.0,True,42,False,BULL_STRUCTURE,BULL_STRUCTURE,1.0,0.9576806029692804861542590188,0.9576806029692804861542590188
2025-05-23 00:00:00+00:00,2,EUPHORIA,1.0,True,43,False,BULL_STRUCTURE,BULL_STRUCTURE,1.0,0.9560301463911567544683261776,0.9560301463911567544683261776
2025-05-24 00:00:00+00:00,2,EUPHORIA,1.0,True,44,False,BULL_STRUCTURE,BULL_STRUCTURE,1.0,0.9562032241530855031199163231,0.9562032241530855031199163231
2025-05-25 00:00:00+00:00,2,EUPHORIA,1.0,True,45,False,BULL_STRUCTURE,BULL_STRUCTURE,1.0,0.9566807374521931285810750015,0.9566807374521931285810750015
2025-05-26 00:00:00+00:00,2,EUPHORIA,1.0,True,46,False,BULL_STRUCTURE,BULL_STRUCTURE,1.0,0.9568438324845505408912805719,0.9568438324845505408912805719
2025-05-27 00:00:00+00:00,2,EUPHORIA,1.0,True,47,False,BULL_STRUCTURE,BULL_STRUCTURE,1.0,0.9566556225132000502559052038,0.9566556225132000502559052038
2025-05-28 00:00:00+00:00,2,EUPHORIA,1.0,True,48,False,BULL_STRUCTURE,BULL_STRUCTURE,1.0,0.9562109447053330121617106960,0.9562109447053330121617106960
2025-05-29 00:00:00+00:00,2,EUPHORIA,1.0,True,49,False,BULL_STRUCTURE,BULL_STRUCTURE,1.0,0.9553424855463540123771935201,0.9553424855463540123771935201
2025-05-30 00:00:00+00:00,2,EUPHORIA,1.0,True,50,False,BULL_STRUCTURE,BULL_STRUCTURE,1.0,0.9546847379213914745172441575,0.9546847379213914745172441575
2025-05-31 00:00:00+00:00,2,EUPHORIA,1.0,True,51,False,BULL_STRUCTURE,BULL_STRUCTURE,1.0,0.9549356258785170401078771095,0.9549356258785170401078771095
2025-06-01 00:00:00+00:00,2,EUPHORIA,1.0,True,52,False,BULL_STRUCTURE,BULL_STRUCTURE,1.0,0.9553639624316535255279859147,0.9553639624316535255279859147
2025-06-02 00:00:00+00:00,2,EUPHORIA,1.0,True,53,False,BULL_STRUCTURE,BULL_STRUCTURE,1.0,0.9554506047116114736098428116,0.9554506047116114736098428116
2025-06-03 00:00:00+00:00,2,EUPHORIA,1.0,True,54,False,BULL_STRUCTURE,BULL_STRUCTURE,1.0,0.9552563141470695249803769671,0.9552563141470695249803769671
2025-06-04 00:00:00+00:00,2,EUPHORIA,1.0,True,55,False,BULL_STRUCTURE,BULL_STRUCTURE,1.0,0.9549787777838004917664748538,0.9549787777838004917664748538
2025-06-05 00:00:00+00:00,2,EUPHORIA,1.0,True,56,False,BULL_STRUCTURE,BULL_STRUCTURE,1.0,0.9536303211479848040565000787,0.9536303211479848040565000787
2025-06-06 00:00:00+00:00,2,EUPHORIA,1.0,True,57,False,BULL_STRUCTURE,BULL_STRUCTURE,1.0,0.9548104308287534704460149964,0.9548104308287534704460149964
2025-06-07 00:00:00+00:00,2,EUPHORIA,1.0,True,58,False,BULL_STRUCTURE,BULL_STRUCTURE,1.0,0.9553272882094356057776651136,0.9553272882094356057776651136
2025-06-08 00:00:00+00:00,2,EUPHORIA,1.0,True,59,False,BULL_STRUCTURE,BULL_STRUCTURE,1.0,0.9554006933562762687311453190,0.9554006933562762687311453190
2025-06-09 00:00:00+00:00,2,EUPHORIA,1.0,True,60,False,BULL_STRUCTURE,BULL_STRUCTURE,1.0,0.9571541067895118049717618269,0.9571541067895118049717618269
2025-06-10 00:00:00+00:00,2,EUPHORIA,1.0,True,61,False,BULL_STRUCTURE,BULL_STRUCTURE,1.0,0.9571583352160248886629299357,0.9571583352160248886629299357
2025-06-11 00:00:00+00:00,2,EUPHORIA,1.0,True,62,False,BULL_STRUCTURE,BULL_STRUCTURE,1.0,0.9565437897313369289927873581,0.9565437897313369289927873581
2025-06-12 00:00:00+00:00,2,EUPHORIA,1.0,True,63,False,BULL_STRUCTURE,BULL_STRUCTURE,1.0,0.9553755847680931331704750020,0.9553755847680931331704750020
2025-06-13 00:00:00+00:00,2,EUPHORIA,1.0,True,64,False,BULL_STRUCTURE,BULL_STRUCTURE,1.0,0.9555343236673683011637096149,0.9555343236673683011637096149
2025-06-14 00:00:00+00:00,2,EUPHORIA,1.0,True,65,False,BULL_STRUCTURE,BULL_STRUCTURE,1.0,0.9552716206034776950664936281,0.9552716206034776950664936281
2025-06-15 00:00:00+00:00,2,EUPHORIA,1.0,True,66,False,BULL_STRUCTURE,BULL_STRUCTURE,1.0,0.9553442067201998243588531231,0.9553442067201998243588531231
2025-06-16 00:00:00+00:00,2,EUPHORIA,1.0,True,67,False,BULL_STRUCTURE,BULL_STRUCTURE,1.0,0.9558240242843577614790865603,0.9558240242843577614790865603
2025-06-17 00:00:00+00:00,2,EUPHORIA,1.0,True,68,False,BULL_STRUCTURE,BULL_STRUCTURE,1.0,0.9549188698139865908613530217,0.9549188698139865908613530217
2025-06-18 00:00:00+00:00,2,EUPHORIA,1.0,True,69,False,BULL_STRUCTURE,BULL_STRUCTURE,1.0,0.9550566345489669716954458230,0.9550566345489669716954458230
2025-06-19 00:00:00+00:00,2,EUPHORIA,1.0,True,70,False,BULL_STRUCTURE,BULL_STRUCTURE,1.0,0.9549630565207473874671759702,0.9549630565207473874671759702
2025-06-20 00:00:00+00:00,2,EUPHORIA,1.0,True,71,False,BULL_STRUCTURE,BULL_STRUCTURE,1.0,0.9543968999862405435588025371,0.9543968999862405435588025371
2025-06-21 00:00:00+00:00,2,EUPHORIA,1.0,True,72,False,BULL_STRUCTURE,BULL_STRUCTURE,1.0,0.60,0.60
2025-06-22 00:00:00+00:00,2,EUPHORIA,1.0,True,73,False,BULL_STRUCTURE,BULL_STRUCTURE,1.0,0.5975405293394773079330015334,0.5975405293394773079330015334
2025-06-23 00:00:00+00:00,2,EUPHORIA,1.0,True,74,False,BULL_STRUCTURE,BULL_STRUCTURE,1.0,0.95,0.95
2025-06-24 00:00:00+00:00,2,EUPHORIA,1.0,True,75,False,BULL_STRUCTURE,BULL_STRUCTURE,1.0,0.9507549834527100629249111695,0.9507549834527100629249111695
2025-06-25 00:00:00+00:00,2,EUPHORIA,1.0,True,76,False,BULL_STRUCTURE,BULL_STRUCTURE,1.0,0.9513038328840725918356789416,0.9513038328840725918356789416
2025-06-26 00:00:00+00:00,2,EUPHORIA,1.0,True,77,False,BULL_STRUCTURE,BULL_STRUCTURE,1.0,0.9511334075419224885602635079,0.9511334075419224885602635079
2025-06-27 00:00:00+00:00,2,EUPHORIA,1.0,True,78,False,BULL_STRUCTURE,BULL_STRUCTURE,1.0,0.9511770583422892345451238347,0.9511770583422892345451238347
2025-06-28 00:00:00+00:00,2,EUPHORIA,1.0,True,79,False,BULL_STRUCTURE,BULL_STRUCTURE,1.0,0.9512849271471406448186108793,0.9512849271471406448186108793
2025-06-29 00:00:00+00:00,2,EUPHORIA,1.0,True,80,False,BULL_STRUCTURE,BULL_STRUCTURE,1.0,0.9517385422886149493136742353,0.9517385422886149493136742353
2025-06-30 00:00:00+00:00,2,EUPHORIA,1.0,True,81,False,BULL_STRUCTURE,BULL_STRUCTURE,1.0,0.9512199296860660165671754987,0.9512199296860660165671754987
2025-07-01 00:00:00+00:00,2,EUPHORIA,1.0,True,82,False,BULL_STRUCTURE,BULL_STRUCTURE,1.0,0.9505769806373582789575135388,0.9505769806373582789575135388
2025-07-02 00:00:00+00:00,2,EUPHORIA,1.0,True,83,False,BULL_STRUCTURE,BULL_STRUCTURE,1.0,0.9519464843045310706738099128,0.9519464843045310706738099128
2025-07-03 00:00:00+00:00,2,EUPHORIA,1.0,True,84,False,BULL_STRUCTURE,BULL_STRUCTURE,1.0,0.9522534721463895047399146302,0.9522534721463895047399146302
2025-07-04 00:00:00+00:00,2,EUPHORIA,1.0,True,85,False,BULL_STRUCTURE,BULL_STRUCTURE,1.0,0.9515800408809552131005498783,0.9515800408809552131005498783
2025-07-05 00:00:00+00:00,2,EUPHORIA,1.0,True,86,False,BULL_STRUCTURE,BULL_STRUCTURE,1.0,0.9516711290082468009956795425,0.9516711290082468009956795425
2025-07-06 00:00:00+00:00,2,EUPHORIA,1.0,True,87,False,BULL_STRUCTURE,BULL_STRUCTURE,1.0,0.9520948949632783497960030989,0.9520948949632783497960030989
2025-07-07 00:00:00+00:00,2,EUPHORIA,1.0,True,88,False,BULL_STRUCTURE,BULL_STRUCTURE,1.0,0.9516986671937344585937668259,0.9516986671937344585937668259
2025-07-08 00:00:00+00:00,2,EUPHORIA,1.0,True,89,False,BULL_STRUCTURE,BULL_STRUCTURE,1.0,0.9519773026950316147068152097,0.9519773026950316147068152097
2025-07-09 00:00:00+00:00,2,EUPHORIA,1.0,True,90,False,BULL_STRUCTURE,BULL_STRUCTURE,1.0,0.9529280628553336123744776470,0.9529280628553336123744776470
2025-07-10 00:00:00+00:00,2,EUPHORIA,1.0,True,91,False,BULL_STRUCTURE,BULL_STRUCTURE,1.0,0.9547783299497681944387571822,0.9547783299497681944387571822
2025-07-11 00:00:00+00:00,2,EUPHORIA,1.0,True,92,False,BULL_STRUCTURE,BULL_STRUCTURE,1.0,0.9553362053769684701081642415,0.9553362053769684701081642415
2025-07-12 00:00:00+00:00,2,EUPHORIA,1.0,True,93,False,BULL_STRUCTURE,BULL_STRUCTURE,1.0,0.9552970846992618743711784457,0.9552970846992618743711784457
2025-07-13 00:00:00+00:00,2,EUPHORIA,1.0,True,94,False,BULL_STRUCTURE,BULL_STRUCTURE,1.0,0.9558951172852235889748800322,0.9558951172852235889748800322
2025-07-14 00:00:00+00:00,2,EUPHORIA,1.0,True,95,False,BULL_STRUCTURE,BULL_STRUCTURE,1.0,0.9561606351351225830855547935,0.9561606351351225830855547935
2025-07-15 00:00:00+00:00,2,EUPHORIA,1.0,True,96,False,BULL_STRUCTURE,BULL_STRUCTURE,1.0,0.9554197076081594779560613385,0.9554197076081594779560613385
2025-07-16 00:00:00+00:00,2,EUPHORIA,1.0,True,97,False,BULL_STRUCTURE,BULL_STRUCTURE,1.0,0.9557330139480156670024736132,0.9557330139480156670024736132
2025-07-17 00:00:00+00:00,2,EUPHORIA,1.0,True,98,False,BULL_STRUCTURE,BULL_STRUCTURE,1.0,0.9559272817600955680355804857,0.9559272817600955680355804857
2025-07-18 00:00:00+00:00,2,EUPHORIA,1.0,True,99,False,BULL_STRUCTURE,BULL_STRUCTURE,1.0,0.9554799392959247309939462101,0.9554799392959247309939462101
2025-07-19 00:00:00+00:00,2,EUPHORIA,1.0,True,100,False,BULL_STRUCTURE,BULL_STRUCTURE,1.0,0.9554493146323082565391173981,0.9554493146323082565391173981
2025-07-20 00:00:00+00:00,2,EUPHORIA,1.0,True,101,False,BULL_STRUCTURE,BULL_STRUCTURE,1.0,0.9552406852133069900433685496,0.9552406852133069900433685496
2025-07-21 00:00:00+00:00,2,EUPHORIA,1.0,True,102,False,BULL_STRUCTURE,BULL_STRUCTURE,1.0,0.9552826633481233965334935930,0.9552826633481233965334935930
2025-07-22 00:00:00+00:00,2,EUPHORIA,1.0,True,103,False,BULL_STRUCTURE,BULL_STRUCTURE,1.0,0.9562002079271685982777300973,0.9562002079271685982777300973
2025-07-23 00:00:00+00:00,2,EUPHORIA,1.0,True,104,False,BULL_STRUCTURE,BULL_STRUCTURE,1.0,0.9557777474245407227536735008,0.9557777474245407227536735008
2025-07-24 00:00:00+00:00,2,EUPHORIA,1.0,True,105,False,BULL_STRUCTURE,BULL_STRUCTURE,1.0,0.9556295490878134533458976676,0.9556295490878134533458976676
2025-07-25 00:00:00+00:00,2,EUPHORIA,1.0,True,106,False,BULL_STRUCTURE,BULL_STRUCTURE,1.0,0.9553676419030202424898952303,0.9553676419030202424898952303
2025-07-26 00:00:00+00:00,2,EUPHORIA,1.0,True,107,False,BULL_STRUCTURE,BULL_STRUCTURE,1.0,0.9554781897279084063980694738,0.9554781897279084063980694738
2025-07-27 00:00:00+00:00,2,EUPHORIA,1.0,True,108,False,BULL_STRUCTURE,BULL_STRUCTURE,1.0,0.9560112530195497945787178615,0.9560112530195497945787178615
2025-07-28 00:00:00+00:00,2,EUPHORIA,1.0,True,109,False,BULL_STRUCTURE,BULL_STRUCTURE,1.0,0.9555294761071529674103452916,0.9555294761071529674103452916
2025-07-29 00:00:00+00:00,2,EUPHORIA,1.0,True,110,False,BULL_STRUCTURE,BULL_STRUCTURE,1.0,0.9554892872339331666864273473,0.9554892872339331666864273473
2025-07-30 00:00:00+00:00,2,EUPHORIA,1.0,True,111,False,BULL_STRUCTURE,BULL_STRUCTURE,1.0,0.9554494229974260355186700209,0.9554494229974260355186700209
2025-07-31 00:00:00+00:00,2,EUPHORIA,1.0,True,112,False,BULL_STRUCTURE,BULL_STRUCTURE,1.0,0.9546866176767407970849997846,0.9546866176767407970849997846
2025-08-01 00:00:00+00:00,2,EUPHORIA,1.0,True,113,False,BULL_STRUCTURE,BULL_STRUCTURE,1.0,0.9537459056850967439021804889,0.9537459056850967439021804889
2025-08-02 00:00:00+00:00,2,EUPHORIA,1.0,True,114,False,BULL_STRUCTURE,BULL_STRUCTURE,1.0,0.60,0.60
2025-08-03 00:00:00+00:00,2,EUPHORIA,1.0,True,115,False,BULL_STRUCTURE,BULL_STRUCTURE,1.0,0.95,0.95
2025-08-04 00:00:00+00:00,2,EUPHORIA,1.0,True,116,False,BULL_STRUCTURE,BULL_STRUCTURE,1.0,0.9507738394985814185230301466,0.9507738394985814185230301466
2025-08-05 00:00:00+00:00,2,EUPHORIA,1.0,True,117,False,BULL_STRUCTURE,BULL_STRUCTURE,1.0,0.9503945470395977673613620282,0.9503945470395977673613620282
2025-08-06 00:00:00+00:00,2,EUPHORIA,1.0,True,118,False,BULL_STRUCTURE,BULL_STRUCTURE,1.0,0.9507482962689954109382480084,0.9507482962689954109382480084
2025-08-07 00:00:00+00:00,2,EUPHORIA,1.0,True,119,False,BULL_STRUCTURE,BULL_STRUCTURE,1.0,0.9517377837802743344069025691,0.9517377837802743344069025691
2025-08-08 00:00:00+00:00,2,EUPHORIA,1.0,True,120,False,BULL_STRUCTURE,BULL_STRUCTURE,1.0,0.9514240148399139545715386959,0.9514240148399139545715386959
2025-08-09 00:00:00+00:00,2,EUPHORIA,1.0,True,121,False,BULL_STRUCTURE,BULL_STRUCTURE,1.0,0.9513396987307582826108360855,0.9513396987307582826108360855
2025-08-10 00:00:00+00:00,2,EUPHORIA,1.0,True,122,False,BULL_STRUCTURE,BULL_STRUCTURE,1.0,0.9524398443006046839653270672,0.9524398443006046839653270672
2025-08-11 00:00:00+00:00,2,EUPHORIA,1.0,True,123,False,BULL_STRUCTURE,BULL_STRUCTURE,1.0,0.9522078452263681096741114320,0.9522078452263681096741114320
2025-08-12 00:00:00+00:00,2,EUPHORIA,1.0,True,124,False,BULL_STRUCTURE,BULL_STRUCTURE,1.0,0.9527567094914277061275074149,0.9527567094914277061275074149
2025-08-13 00:00:00+00:00,2,EUPHORIA,1.0,True,125,False,BULL_STRUCTURE,BULL_STRUCTURE,1.0,0.9539161426299124504541123988,0.9539161426299124504541123988
2025-08-14 00:00:00+00:00,2,EUPHORIA,1.0,True,126,False,BULL_STRUCTURE,BULL_STRUCTURE,1.0,0.9520574860820988707087877413,0.9520574860820988707087877413
2025-08-15 00:00:00+00:00,2,EUPHORIA,1.0,True,127,False,BULL_STRUCTURE,BULL_STRUCTURE,1.0,0.9516869142894887657935231112,0.9516869142894887657935231112
2025-08-16 00:00:00+00:00,2,EUPHORIA,1.0,True,128,False,BULL_STRUCTURE,BULL_STRUCTURE,1.0,0.9517020383717322918301809158,0.9517020383717322918301809158
2025-08-17 00:00:00+00:00,2,EUPHORIA,1.0,True,129,False,BULL_STRUCTURE,BULL_STRUCTURE,1.0,0.9517115717425867167300244843,0.9517115717425867167300244843
2025-08-18 00:00:00+00:00,2,EUPHORIA,1.0,True,130,False,BULL_STRUCTURE,BULL_STRUCTURE,1.0,0.9512460293276355755256276823,0.9512460293276355755256276823
2025-08-19 00:00:00+00:00,2,EUPHORIA,1.0,True,131,False,BULL_STRUCTURE,BULL_STRUCTURE,1.0,0.60,0.60
2025-08-20 00:00:00+00:00,2,EUPHORIA,1.0,True,132,False,BULL_STRUCTURE,BULL_STRUCTURE,1.0,0.6032192466257191215838786591,0.6032192466257191215838786591
2025-08-21 00:00:00+00:00,2,EUPHORIA,1.0,True,133,False,BULL_STRUCTURE,BULL_STRUCTURE,1.0,0.5994742963711541150676940350,0.5994742963711541150676940350
2025-08-22 00:00:00+00:00,2,EUPHORIA,1.0,True,134,False,BULL_STRUCTURE,BULL_STRUCTURE,1.0,0.95,0.95
2025-08-23 00:00:00+00:00,2,EUPHORIA,1.0,True,135,False,BULL_STRUCTURE,BULL_STRUCTURE,1.0,0.9498079842913371529993590023,0.9498079842913371529993590023
2025-08-24 00:00:00+00:00,2,EUPHORIA,1.0,True,136,False,BULL_STRUCTURE,BULL_STRUCTURE,1.0,0.60,0.60
2025-08-25 00:00:00+00:00,2,EUPHORIA,1.0,True,137,False,BULL_STRUCTURE,BULL_STRUCTURE,1.0,0.5929880929577382982466788452,0.5929880929577382982466788452
2025-08-26 00:00:00+00:00,2,EUPHORIA,1.0,True,138,False,BULL_STRUCTURE,BULL_STRUCTURE,1.0,0.5965755263185220228428486955,0.5965755263185220228428486955
2025-08-27 00:00:00+00:00,2,EUPHORIA,1.0,True,139,False,BULL_STRUCTURE,BULL_STRUCTURE,1.0,0.5954933152843312673350711567,0.5954933152843312673350711567
2025-08-28 00:00:00+00:00,2,EUPHORIA,1.0,True,140,False,BULL_STRUCTURE,BULL_STRUCTURE,1.0,0.5982987943181388728269632632,0.5982987943181388728269632632
2025-08-29 00:00:00+00:00,2,EUPHORIA,1.0,True,141,False,BULL_STRUCTURE,BULL_STRUCTURE,1.0,0.5891502360591313450304382450,0.5891502360591313450304382450
2025-08-30 00:00:00+00:00,2,EUPHORIA,1.0,True,142,False,BULL_STRUCTURE,BULL_STRUCTURE,1.0,0.5901282175006541428958885542,0.5901282175006541428958885542
2025-08-31 00:00:00+00:00,2,EUPHORIA,1.0,True,143,False,BULL_STRUCTURE,BULL_STRUCTURE,1.0,0.5888573377280636879853784784,0.5888573377280636879853784784
2025-09-01 00:00:00+00:00,2,EUPHORIA,1.0,True,144,False,BULL_STRUCTURE,BULL_STRUCTURE,1.0,0.5910620836094133857779470022,0.5910620836094133857779470022
2025-09-02 00:00:00+00:00,2,EUPHORIA,1.0,True,145,False,BULL_STRUCTURE,BULL_STRUCTURE,1.0,0.5954456799175773630313398355,0.5954456799175773630313398355
2025-09-03 00:00:00+00:00,2,EUPHORIA,1.0,True,146,False,BULL_STRUCTURE,BULL_STRUCTURE,1.0,0.5964516450978179761314125141,0.5964516450978179761314125141
2025-09-04 00:00:00+00:00,2,EUPHORIA,0.9999999996362021,True,147,False,BULL_STRUCTURE,BULL_STRUCTURE,1.0,0.5943401247970462746867106060,0.5943401247970462746867106060
2025-09-05 00:00:00+00:00,2,EUPHORIA,0.9999994105421056,True,148,False,BULL_STRUCTURE,BULL_STRUCTURE,1.0,0.5941857354407489283616245101,0.5941857354407489283616245101
2025-09-06 00:00:00+00:00,2,EUPHORIA,0.99993850308164,True,149,False,BULL_STRUCTURE,BULL_STRUCTURE,1.0,0.5931545864526709243950159512,0.5931545864526709243950159512
2025-09-07 00:00:00+00:00,2,EUPHORIA,0.9999999993342499,True,150,False,BULL_STRUCTURE,BULL_STRUCTURE,1.0,0.5952232258883111111713735735,0.5952232258883111111713735735
2025-09-08 00:00:00+00:00,2,EUPHORIA,1.0,True,151,False,BULL_STRUCTURE,BULL_STRUCTURE,1.0,0.5972248339929606058407265780,0.5972248339929606058407265780
2025-09-09 00:00:00+00:00,2,EUPHORIA,0.9999999999427018,True,152,False,BULL_STRUCTURE,BULL_STRUCTURE,1.0,0.5961080591823059993108656649,0.5961080591823059993108656649
2025-09-10 00:00:00+00:00,2,EUPHORIA,1.0,True,153,False,BULL_STRUCTURE,BULL_STRUCTURE,1.0,0.95,0.95
2025-09-11 00:00:00+00:00,2,EUPHORIA,0.9999999999972715,True,154,False,BULL_STRUCTURE,BULL_STRUCTURE,1.0,0.9510521519230631010719743499,0.9510521519230631010719743499
2025-09-12 00:00:00+00:00,2,EUPHORIA,1.0,True,155,False,BULL_STRUCTURE,BULL_STRUCTURE,1.0,0.9512715550929035846849781208,0.9512715550929035846849781208
2025-09-13 00:00:00+00:00,2,EUPHORIA,1.0,True,156,False,BULL_STRUCTURE,BULL_STRUCTURE,1.0,0.9512271179505181223544895020,0.9512271179505181223544895020
2025-09-14 00:00:00+00:00,2,EUPHORIA,1.0,True,157,False,BULL_STRUCTURE,BULL_STRUCTURE,1.0,0.9509654595008370642500644522,0.9509654595008370642500644522
2025-09-15 00:00:00+00:00,2,EUPHORIA,1.0,True,158,False,BULL_STRUCTURE,BULL_STRUCTURE,1.0,0.9509984878970517793808180960,0.9509984878970517793808180960
2025-09-16 00:00:00+00:00,2,EUPHORIA,1.0,True,159,False,BULL_STRUCTURE,BULL_STRUCTURE,1.0,0.9515731149815308433308878497,0.9515731149815308433308878497
2025-09-17 00:00:00+00:00,2,EUPHORIA,1.0,True,160,False,BULL_STRUCTURE,BULL_STRUCTURE,1.0,0.9514380440499939927003207921,0.9514380440499939927003207921
2025-09-18 00:00:00+00:00,2,EUPHORIA,1.0,True,161,False,BULL_STRUCTURE,BULL_STRUCTURE,1.0,0.9516851387614717778006813029,0.9516851387614717778006813029
2025-09-19 00:00:00+00:00,2,EUPHORIA,1.0,True,162,False,BULL_STRUCTURE,BULL_STRUCTURE,1.0,0.9511124188128919307507094393,0.9511124188128919307507094393
2025-09-20 00:00:00+00:00,2,EUPHORIA,1.0,True,163,False,BULL_STRUCTURE,BULL_STRUCTURE,1.0,0.9511338220947965410785398385,0.9511338220947965410785398385
2025-09-21 00:00:00+00:00,2,EUPHORIA,1.0,True,164,False,BULL_STRUCTURE,BULL_STRUCTURE,1.0,0.9509510051860265794689438990,0.9509510051860265794689438990
2025-09-22 00:00:00+00:00,2,EUPHORIA,1.0,True,165,False,BULL_STRUCTURE,BULL_STRUCTURE,1.0,0.60,0.60
2025-09-23 00:00:00+00:00,2,EUPHORIA,1.0,True,166,False,BULL_STRUCTURE,BULL_STRUCTURE,1.0,0.5988755582643974185836169211,0.5988755582643974185836169211
2025-09-24 00:00:00+00:00,2,EUPHORIA,1.0,True,167,False,BULL_STRUCTURE,BULL_STRUCTURE,1.0,0.6016619944958035302822641532,0.6016619944958035302822641532
2025-09-25 00:00:00+00:00,2,EUPHORIA,1.0,True,168,False,BULL_STRUCTURE,BULL_STRUCTURE,1.0,0.5923264756268722598181322671,0.5923264756268722598181322671
2025-09-26 00:00:00+00:00,4,STRONG_BEAR,1.0,True,1,False,BULL_STRUCTURE,BULL_STRUCTURE,1.0,0.95,0.95
2025-09-27 00:00:00+00:00,4,STRONG_BEAR,1.0,True,2,False,BULL_STRUCTURE,BULL_STRUCTURE,1.0,0.9504315748930729579043272338,0.9504315748930729579043272338
2025-09-28 00:00:00+00:00,4,STRONG_BEAR,0.999999994289567,True,3,False,BULL_STRUCTURE,BULL_STRUCTURE,1.0,0.9514946217603781591912290216,0.9514946217603781591912290216
2025-09-29 00:00:00+00:00,4,STRONG_BEAR,0.9999936764947238,True,4,False,BULL_STRUCTURE,BULL_STRUCTURE,1.0,0.9523626560488220060226085182,0.9523626560488220060226085182
2025-09-30 00:00:00+00:00,4,STRONG_BEAR,0.9998753003483015,True,5,False,BULL_STRUCTURE,BULL_STRUCTURE,1.0,0.9522580356779710065983863692,0.9522580356779710065983863692
2025-10-01 00:00:00+00:00,4,STRONG_BEAR,0.9949839074727053,True,6,False,BULL_STRUCTURE,BULL_STRUCTURE,1.0,0.9540039352986507061073441736,0.9540039352986507061073441736
2025-10-02 00:00:00+00:00,4,STRONG_BEAR,0.9593496384757044,True,7,False,BULL_STRUCTURE,BULL_STRUCTURE,1.0,0.9547086868473697323038515343,0.9547086868473697323038515343
2025-10-03 00:00:00+00:00,4,STRONG_BEAR,0.0006149535382415648,False,7,False,BULL_STRUCTURE,BULL_STRUCTURE,1.0,0.475,0.475
2025-10-04 00:00:00+00:00,4,STRONG_BEAR,1.2575218768486032e-14,False,7,False,BULL_STRUCTURE,BULL_STRUCTURE,1.0,0.4756147126111000020164083174,0.4756147126111000020164083174
2025-10-05 00:00:00+00:00,0,WEAK_BULL,1.0,True,3,False,BULL_STRUCTURE,BULL_STRUCTURE,1.0,0.95,0.95
2025-10-06 00:00:00+00:00,0,WEAK_BULL,1.0,True,4,False,BULL_STRUCTURE,BULL_STRUCTURE,1.0,0.9510263206597778202521577986,0.9510263206597778202521577986
2025-10-07 00:00:00+00:00,0,WEAK_BULL,0.9999999999077431,True,5,False,BULL_STRUCTURE,BULL_STRUCTURE,1.0,0.9497514601986590976407210186,0.9497514601986590976407210186
2025-10-08 00:00:00+00:00,0,WEAK_BULL,1.0,True,6,False,BULL_STRUCTURE,BULL_STRUCTURE,1.0,0.9505157122754702482542446316,0.9505157122754702482542446316
2025-10-09 00:00:00+00:00,0,WEAK_BULL,1.0,True,7,False,BULL_STRUCTURE,BULL_STRUCTURE,1.0,0.9498807087386569255015868750,0.9498807087386569255015868750
2025-10-10 00:00:00+00:00,0,WEAK_BULL,1.0,True,8,False,BULL_STRUCTURE,BULL_STRUCTURE,1.0,0.9461434757878641502244822453,0.9461434757878641502244822453
2025-10-11 00:00:00+00:00,0,WEAK_BULL,1.0,True,9,False,BULL_STRUCTURE,BULL_STRUCTURE,1.0,0.9451634989362178626115351315,0.9451634989362178626115351315
2025-10-12 00:00:00+00:00,0,WEAK_BULL,1.0,True,10,False,BULL_STRUCTURE,BULL_STRUCTURE,1.0,0.9471126682575707453194258576,0.9471126682575707453194258576
2025-10-13 00:00:00+00:00,0,WEAK_BULL,1.0,True,11,False,BULL_STRUCTURE,BULL_STRUCTURE,1.0,0.9472027963327728367311457518,0.9472027963327728367311457518
2025-10-14 00:00:00+00:00,0,WEAK_BULL,1.0,True,12,False,BULL_STRUCTURE,BULL_STRUCTURE,1.0,0.9462578370591692837445021660,0.9462578370591692837445021660
2025-10-15 00:00:00+00:00,0,WEAK_BULL,1.0,True,13,False,BULL_STRUCTURE,BULL_STRUCTURE,1.0,0.9452191297261921053486048430,0.9452191297261921053486048430
2025-10-16 00:00:00+00:00,0,WEAK_BULL,1.0,True,14,False,BULL_STRUCTURE,BULL_STRUCTURE,1.0,0.9439912475418389984747872377,0.9439912475418389984747872377
2025-10-17 00:00:00+00:00,0,WEAK_BULL,1.0,True,15,False,BULL_STRUCTURE,BULL_STRUCTURE,1.0,0.9431164570161676510562088384,0.9431164570161676510562088384
2025-10-18 00:00:00+00:00,0,WEAK_BULL,1.0,True,16,False,BULL_STRUCTURE,BULL_STRUCTURE,1.0,0.9434936614902779181348759431,0.9434936614902779181348759431
2025-10-19 00:00:00+00:00,0,WEAK_BULL,1.0,True,17,False,BULL_STRUCTURE,BULL_STRUCTURE,1.0,0.9442095636957073456615934036,0.9442095636957073456615934036
2025-10-20 00:00:00+00:00,0,WEAK_BULL,1.0,True,18,False,BULL_STRUCTURE,BULL_STRUCTURE,1.0,0.9451108387336767391760472011,0.9451108387336767391760472011
2025-10-21 00:00:00+00:00,0,WEAK_BULL,1.0,True,19,False,BULL_STRUCTURE,BULL_STRUCTURE,1.0,0.9440417260500675617267985729,0.9440417260500675617267985729
2025-10-22 00:00:00+00:00,0,WEAK_BULL,1.0,True,20,False,BULL_STRUCTURE,BULL_STRUCTURE,1.0,0.9436832423683467752670917871,0.9436832423683467752670917871
2025-10-23 00:00:00+00:00,0,WEAK_BULL,0.9999999999993179,True,21,False,BULL_STRUCTURE,BULL_STRUCTURE,1.0,0.9448969738090908794985726671,0.9448969738090908794985726671
2025-10-24 00:00:00+00:00,0,WEAK_BULL,0.9999999980136636,True,22,False,BULL_STRUCTURE,BULL_STRUCTURE,1.0,0.9453318458408966264505604391,0.9453318458408966264505604391
2025-10-25 00:00:00+00:00,0,WEAK_BULL,0.3637314374107633,False,22,False,BULL_STRUCTURE,BULL_STRUCTURE,1.0,0.475,0.475
2025-10-26 00:00:00+00:00,0,WEAK_BULL,5.671302424281377e-08,False,22,False,BULL_STRUCTURE,BULL_STRUCTURE,1.0,0.4817101902569942448290802571,0.4817101902569942448290802571
2025-10-27 00:00:00+00:00,0,WEAK_BULL,0.9999392728118135,True,23,False,BULL_STRUCTURE,BULL_STRUCTURE,1.0,0.95,0.95
2025-10-28 00:00:00+00:00,0,WEAK_BULL,0.9984049883450625,True,24,False,BULL_STRUCTURE,BULL_STRUCTURE,1.0,0.9500716508461031711735484787,0.9500716508461031711735484787
2025-10-29 00:00:00+00:00,0,WEAK_BULL,0.9999999962728907,True,25,False,BULL_STRUCTURE,BULL_STRUCTURE,1.0,0.9488327853133406877869192271,0.9488327853133406877869192271
2025-10-30 00:00:00+00:00,0,WEAK_BULL,1.0,True,26,False,BULL_STRUCTURE,BULL_STRUCTURE,1.0,0.9480721867116582009308431276,0.9480721867116582009308431276
2025-10-31 00:00:00+00:00,0,WEAK_BULL,1.0,True,27,False,BULL_STRUCTURE,BULL_STRUCTURE,1.0,0.9486497647971761126101987719,0.9486497647971761126101987719
2025-11-01 00:00:00+00:00,0,WEAK_BULL,1.0,True,28,False,BULL_STRUCTURE,BULL_STRUCTURE,1.0,0.9488666568502630941196600059,0.9488666568502630941196600059
2025-11-02 00:00:00+00:00,0,WEAK_BULL,1.0,True,29,False,BULL_STRUCTURE,BULL_STRUCTURE,1.0,0.9490609546789564975265207680,0.9490609546789564975265207680
2025-11-03 00:00:00+00:00,0,WEAK_BULL,1.0,True,30,False,TRANSITION,BULL_STRUCTURE,0.6,0.9472692253068146342611410393,0.6
2025-11-04 00:00:00+00:00,0,WEAK_BULL,1.0,True,31,False,TRANSITION,BULL_STRUCTURE,0.6,0.95,0.6
2025-11-05 00:00:00+00:00,0,WEAK_BULL,1.0,True,32,False,TRANSITION,BULL_STRUCTURE,0.6,0.95,0.6
2025-11-06 00:00:00+00:00,0,WEAK_BULL,1.0,True,33,False,TRANSITION,BULL_STRUCTURE,0.6,0.95,0.6
2025-11-07 00:00:00+00:00,0,WEAK_BULL,1.0,True,34,False,TRANSITION,TRANSITION,0.6,0.95,0.6
2025-11-08 00:00:00+00:00,0,WEAK_BULL,1.0,True,35,False,TRANSITION,TRANSITION,0.6,0.95,0.6
2025-11-09 00:00:00+00:00,0,WEAK_BULL,1.0,True,36,False,TRANSITION,TRANSITION,0.6,0.95,0.6
2025-11-10 00:00:00+00:00,0,WEAK_BULL,1.0,True,37,False,TRANSITION,TRANSITION,0.6,0.95,0.6
2025-11-11 00:00:00+00:00,0,WEAK_BULL,1.0,True,38,False,TRANSITION,TRANSITION,0.6,0.95,0.6
2025-11-12 00:00:00+00:00,0,WEAK_BULL,1.0,True,39,False,TRANSITION,TRANSITION,0.6,0.95,0.6
2025-11-13 00:00:00+00:00,0,WEAK_BULL,1.0,True,40,False,TRANSITION,TRANSITION,0.6,0.95,0.6
2025-11-14 00:00:00+00:00,0,WEAK_BULL,1.0,True,41,False,TRANSITION,TRANSITION,0.6,0.95,0.6
2025-11-15 00:00:00+00:00,0,WEAK_BULL,1.0,True,42,False,TRANSITION,TRANSITION,0.6,0.95,0.6
2025-11-16 00:00:00+00:00,0,WEAK_BULL,1.0,True,43,False,TRANSITION,TRANSITION,0.6,0.95,0.6
2025-11-17 00:00:00+00:00,0,WEAK_BULL,1.0,True,44,False,TRANSITION,TRANSITION,0.6,0.95,0.6
2025-11-18 00:00:00+00:00,0,WEAK_BULL,1.0,True,45,False,TRANSITION,TRANSITION,0.6,0.95,0.6
2025-11-19 00:00:00+00:00,0,WEAK_BULL,1.0,True,46,False,TRANSITION,TRANSITION,0.6,0.95,0.6
2025-11-20 00:00:00+00:00,0,WEAK_BULL,1.0,True,47,False,TRANSITION,TRANSITION,0.6,0.95,0.6
2025-11-21 00:00:00+00:00,0,WEAK_BULL,1.0,True,48,False,TRANSITION,TRANSITION,0.6,0.95,0.6
2025-11-22 00:00:00+00:00,0,WEAK_BULL,1.0,True,49,False,TRANSITION,TRANSITION,0.6,0.95,0.6
2025-11-23 00:00:00+00:00,0,WEAK_BULL,1.0,True,50,False,TRANSITION,TRANSITION,0.6,0.95,0.6
2025-11-24 00:00:00+00:00,0,WEAK_BULL,1.0,True,51,False,TRANSITION,TRANSITION,0.6,0.95,0.6
2025-11-25 00:00:00+00:00,0,WEAK_BULL,1.0,True,52,False,TRANSITION,TRANSITION,0.6,0.95,0.6
2025-11-26 00:00:00+00:00,0,WEAK_BULL,1.0,True,53,False,TRANSITION,TRANSITION,0.6,0.95,0.6
2025-11-27 00:00:00+00:00,0,WEAK_BULL,1.0,True,54,False,TRANSITION,TRANSITION,0.6,0.95,0.6
2025-11-28 00:00:00+00:00,0,WEAK_BULL,1.0,True,55,False,TRANSITION,TRANSITION,0.6,0.95,0.6
2025-11-29 00:00:00+00:00,0,WEAK_BULL,1.0,True,56,False,TRANSITION,TRANSITION,0.6,0.95,0.6
2025-11-30 00:00:00+00:00,0,WEAK_BULL,1.0,True,57,False,TRANSITION,TRANSITION,0.6,0.95,0.6
2025-12-01 00:00:00+00:00,0,WEAK_BULL,1.0,True,58,False,TRANSITION,TRANSITION,0.6,0.95,0.6
2025-12-02 00:00:00+00:00,0,WEAK_BULL,1.0,True,59,False,BEAR_STRUCTURE,TRANSITION,0.3,0.95,0.3
2025-12-03 00:00:00+00:00,0,WEAK_BULL,1.0,True,60,False,BEAR_STRUCTURE,TRANSITION,0.3,0.95,0.3
2025-12-04 00:00:00+00:00,0,WEAK_BULL,1.0,True,61,False,BEAR_STRUCTURE,TRANSITION,0.3,0.95,0.3
2025-12-05 00:00:00+00:00,0,WEAK_BULL,1.0,True,62,False,BEAR_STRUCTURE,TRANSITION,0.3,0.95,0.3
2025-12-06 00:00:00+00:00,0,WEAK_BULL,1.0,True,63,False,BEAR_STRUCTURE,BEAR_STRUCTURE,0.3,0.95,0.3
2025-12-07 00:00:00+00:00,0,WEAK_BULL,1.0,True,64,False,BEAR_STRUCTURE,BEAR_STRUCTURE,0.3,0.95,0.3
2025-12-08 00:00:00+00:00,0,WEAK_BULL,1.0,True,65,False,BEAR_STRUCTURE,BEAR_STRUCTURE,0.3,0.95,0.3
2025-12-09 00:00:00+00:00,0,WEAK_BULL,1.0,True,66,False,BEAR_STRUCTURE,BEAR_STRUCTURE,0.3,0.95,0.3
2025-12-10 00:00:00+00:00,0,WEAK_BULL,1.0,True,67,False,BEAR_STRUCTURE,BEAR_STRUCTURE,0.3,0.95,0.3
2025-12-11 00:00:00+00:00,0,WEAK_BULL,1.0,True,68,False,BEAR_STRUCTURE,BEAR_STRUCTURE,0.3,0.95,0.3
2025-12-12 00:00:00+00:00,0,WEAK_BULL,1.0,True,69,False,BEAR_STRUCTURE,BEAR_STRUCTURE,0.3,0.95,0.3
2025-12-13 00:00:00+00:00,0,WEAK_BULL,1.0,True,70,False,BEAR_STRUCTURE,BEAR_STRUCTURE,0.3,0.95,0.3
2025-12-14 00:00:00+00:00,0,WEAK_BULL,1.0,True,71,False,BEAR_STRUCTURE,BEAR_STRUCTURE,0.3,0.95,0.3
2025-12-15 00:00:00+00:00,0,WEAK_BULL,1.0,True,72,False,BEAR_STRUCTURE,BEAR_STRUCTURE,0.3,0.95,0.3
2025-12-16 00:00:00+00:00,0,WEAK_BULL,1.0,True,73,False,BEAR_STRUCTURE,BEAR_STRUCTURE,0.3,0.95,0.3
2025-12-17 00:00:00+00:00,0,WEAK_BULL,1.0,True,74,False,BEAR_STRUCTURE,BEAR_STRUCTURE,0.3,0.95,0.3
2025-12-18 00:00:00+00:00,0,WEAK_BULL,1.0,True,75,False,BEAR_STRUCTURE,BEAR_STRUCTURE,0.3,0.95,0.3
2025-12-19 00:00:00+00:00,0,WEAK_BULL,1.0,True,76,False,BEAR_STRUCTURE,BEAR_STRUCTURE,0.3,0.95,0.3
2025-12-20 00:00:00+00:00,0,WEAK_BULL,1.0,True,77,False,BEAR_STRUCTURE,BEAR_STRUCTURE,0.3,0.95,0.3
2025-12-21 00:00:00+00:00,0,WEAK_BULL,1.0,True,78,False,BEAR_STRUCTURE,BEAR_STRUCTURE,0.3,0.95,0.3
2025-12-22 00:00:00+00:00,0,WEAK_BULL,1.0,True,79,False,BEAR_STRUCTURE,BEAR_STRUCTURE,0.3,0.95,0.3
2025-12-23 00:00:00+00:00,0,WEAK_BULL,1.0,True,80,False,BEAR_STRUCTURE,BEAR_STRUCTURE,0.3,0.95,0.3
2025-12-24 00:00:00+00:00,0,WEAK_BULL,1.0,True,81,False,BEAR_STRUCTURE,BEAR_STRUCTURE,0.3,0.95,0.3
2025-12-25 00:00:00+00:00,0,WEAK_BULL,1.0,True,82,False,BEAR_STRUCTURE,BEAR_STRUCTURE,0.3,0.95,0.3
2025-12-26 00:00:00+00:00,0,WEAK_BULL,1.0,True,83,False,BEAR_STRUCTURE,BEAR_STRUCTURE,0.3,0.95,0.3
2025-12-27 00:00:00+00:00,0,WEAK_BULL,1.0,True,84,False,BEAR_STRUCTURE,BEAR_STRUCTURE,0.3,0.95,0.3
2025-12-28 00:00:00+00:00,0,WEAK_BULL,1.0,True,85,False,BEAR_STRUCTURE,BEAR_STRUCTURE,0.3,0.95,0.3
2025-12-29 00:00:00+00:00,0,WEAK_BULL,1.0,True,86,False,BEAR_STRUCTURE,BEAR_STRUCTURE,0.3,0.95,0.3
2025-12-30 00:00:00+00:00,0,WEAK_BULL,1.0,True,87,False,BEAR_STRUCTURE,BEAR_STRUCTURE,0.3,0.95,0.3
2025-12-31 00:00:00+00:00,0,WEAK_BULL,1.0,True,88,False,BEAR_STRUCTURE,BEAR_STRUCTURE,0.3,0.95,0.3
2026-01-01 00:00:00+00:00,0,WEAK_BULL,1.0,True,89,False,BEAR_STRUCTURE,BEAR_STRUCTURE,0.3,0.95,0.3
2026-01-02 00:00:00+00:00,0,WEAK_BULL,1.0,True,90,False,BEAR_STRUCTURE,BEAR_STRUCTURE,0.3,0.95,0.3
2026-01-03 00:00:00+00:00,0,WEAK_BULL,1.0,True,91,False,BEAR_STRUCTURE,BEAR_STRUCTURE,0.3,0.95,0.3
2026-01-04 00:00:00+00:00,0,WEAK_BULL,1.0,True,92,False,BEAR_STRUCTURE,BEAR_STRUCTURE,0.3,0.95,0.3
2026-01-05 00:00:00+00:00,0,WEAK_BULL,1.0,True,93,False,BEAR_STRUCTURE,BEAR_STRUCTURE,0.3,0.95,0.3
2026-01-06 00:00:00+00:00,0,WEAK_BULL,1.0,True,94,False,BEAR_STRUCTURE,BEAR_STRUCTURE,0.3,0.95,0.3
2026-01-07 00:00:00+00:00,0,WEAK_BULL,1.0,True,95,False,BEAR_STRUCTURE,BEAR_STRUCTURE,0.3,0.95,0.3
2026-01-08 00:00:00+00:00,0,WEAK_BULL,1.0,True,96,False,BEAR_STRUCTURE,BEAR_STRUCTURE,0.3,0.95,0.3
2026-01-09 00:00:00+00:00,0,WEAK_BULL,1.0,True,97,False,BEAR_STRUCTURE,BEAR_STRUCTURE,0.3,0.95,0.3
2026-01-10 00:00:00+00:00,0,WEAK_BULL,1.0,True,98,False,BEAR_STRUCTURE,BEAR_STRUCTURE,0.3,0.95,0.3
2026-01-11 00:00:00+00:00,0,WEAK_BULL,1.0,True,99,False,BEAR_STRUCTURE,BEAR_STRUCTURE,0.3,0.95,0.3
2026-01-12 00:00:00+00:00,0,WEAK_BULL,1.0,True,100,False,BEAR_STRUCTURE,BEAR_STRUCTURE,0.3,0.95,0.3
2026-01-13 00:00:00+00:00,0,WEAK_BULL,1.0,True,101,False,BEAR_STRUCTURE,BEAR_STRUCTURE,0.3,0.95,0.3
2026-01-14 00:00:00+00:00,0,WEAK_BULL,1.0,True,102,False,BEAR_STRUCTURE,BEAR_STRUCTURE,0.3,0.95,0.3
2026-01-15 00:00:00+00:00,0,WEAK_BULL,1.0,True,103,False,BEAR_STRUCTURE,BEAR_STRUCTURE,0.3,0.95,0.3
2026-01-16 00:00:00+00:00,0,WEAK_BULL,1.0,True,104,False,BEAR_STRUCTURE,BEAR_STRUCTURE,0.3,0.95,0.3
2026-01-17 00:00:00+00:00,0,WEAK_BULL,1.0,True,105,False,BEAR_STRUCTURE,BEAR_STRUCTURE,0.3,0.95,0.3
2026-01-18 00:00:00+00:00,0,WEAK_BULL,1.0,True,106,False,BEAR_STRUCTURE,BEAR_STRUCTURE,0.3,0.95,0.3
2026-01-19 00:00:00+00:00,0,WEAK_BULL,1.0,True,107,False,BEAR_STRUCTURE,BEAR_STRUCTURE,0.3,0.95,0.3
2026-01-20 00:00:00+00:00,0,WEAK_BULL,1.0,True,108,False,BEAR_STRUCTURE,BEAR_STRUCTURE,0.3,0.95,0.3
2026-01-21 00:00:00+00:00,0,WEAK_BULL,1.0,True,109,False,BEAR_STRUCTURE,BEAR_STRUCTURE,0.3,0.95,0.3
2026-01-22 00:00:00+00:00,0,WEAK_BULL,1.0,True,110,False,BEAR_STRUCTURE,BEAR_STRUCTURE,0.3,0.95,0.3
2026-01-23 00:00:00+00:00,0,WEAK_BULL,1.0,True,111,False,BEAR_STRUCTURE,BEAR_STRUCTURE,0.3,0.95,0.3
2026-01-24 00:00:00+00:00,0,WEAK_BULL,1.0,True,112,False,BEAR_STRUCTURE,BEAR_STRUCTURE,0.3,0.95,0.3
2026-01-25 00:00:00+00:00,0,WEAK_BULL,1.0,True,113,False,BEAR_STRUCTURE,BEAR_STRUCTURE,0.3,0.95,0.3
2026-01-26 00:00:00+00:00,0,WEAK_BULL,1.0,True,114,False,BEAR_STRUCTURE,BEAR_STRUCTURE,0.3,0.95,0.3
2026-01-27 00:00:00+00:00,0,WEAK_BULL,1.0,True,115,False,BEAR_STRUCTURE,BEAR_STRUCTURE,0.3,0.95,0.3
2026-01-28 00:00:00+00:00,0,WEAK_BULL,1.0,True,116,False,BEAR_STRUCTURE,BEAR_STRUCTURE,0.3,0.95,0.3
2026-01-29 00:00:00+00:00,0,WEAK_BULL,1.0,True,117,False,BEAR_STRUCTURE,BEAR_STRUCTURE,0.3,0.95,0.3
2026-01-30 00:00:00+00:00,0,WEAK_BULL,1.0,True,118,False,BEAR_STRUCTURE,BEAR_STRUCTURE,0.3,0.95,0.3
2026-01-31 00:00:00+00:00,0,WEAK_BULL,1.0,True,119,False,BEAR_STRUCTURE,BEAR_STRUCTURE,0.3,0.95,0.3
2026-02-01 00:00:00+00:00,0,WEAK_BULL,1.0,True,120,False,BEAR_STRUCTURE,BEAR_STRUCTURE,0.3,0.95,0.3
2026-02-02 00:00:00+00:00,0,WEAK_BULL,1.0,True,121,False,BEAR_STRUCTURE,BEAR_STRUCTURE,0.3,0.95,0.3
2026-02-03 00:00:00+00:00,0,WEAK_BULL,1.0,True,122,False,BEAR_STRUCTURE,BEAR_STRUCTURE,0.3,0.95,0.3
2026-02-04 00:00:00+00:00,0,WEAK_BULL,1.0,True,123,False,BEAR_STRUCTURE,BEAR_STRUCTURE,0.3,0.95,0.3
2026-02-05 00:00:00+00:00,0,WEAK_BULL,1.0,True,124,False,BEAR_STRUCTURE,BEAR_STRUCTURE,0.3,0.95,0.3
2026-02-06 00:00:00+00:00,0,WEAK_BULL,1.0,True,125,False,BEAR_STRUCTURE,BEAR_STRUCTURE,0.3,0.95,0.3
2026-02-07 00:00:00+00:00,0,WEAK_BULL,1.0,True,126,False,BEAR_STRUCTURE,BEAR_STRUCTURE,0.3,0.95,0.3
2026-02-08 00:00:00+00:00,0,WEAK_BULL,1.0,True,127,False,BEAR_STRUCTURE,BEAR_STRUCTURE,0.3,0.95,0.3
2026-02-09 00:00:00+00:00,0,WEAK_BULL,1.0,True,128,False,BEAR_STRUCTURE,BEAR_STRUCTURE,0.3,0.95,0.3
2026-02-10 00:00:00+00:00,0,WEAK_BULL,1.0,True,129,False,BEAR_STRUCTURE,BEAR_STRUCTURE,0.3,0.95,0.3
2026-02-11 00:00:00+00:00,0,WEAK_BULL,1.0,True,130,False,BEAR_STRUCTURE,BEAR_STRUCTURE,0.3,0.95,0.3
2026-02-12 00:00:00+00:00,0,WEAK_BULL,1.0,True,131,False,BEAR_STRUCTURE,BEAR_STRUCTURE,0.3,0.95,0.3
2026-02-13 00:00:00+00:00,0,WEAK_BULL,1.0,True,132,False,BEAR_STRUCTURE,BEAR_STRUCTURE,0.3,0.95,0.3
2026-02-14 00:00:00+00:00,0,WEAK_BULL,1.0,True,133,False,BEAR_STRUCTURE,BEAR_STRUCTURE,0.3,0.95,0.3
2026-02-15 00:00:00+00:00,0,WEAK_BULL,1.0,True,134,False,BEAR_STRUCTURE,BEAR_STRUCTURE,0.3,0.95,0.3
2026-02-16 00:00:00+00:00,0,WEAK_BULL,1.0,True,135,False,BEAR_STRUCTURE,BEAR_STRUCTURE,0.3,0.95,0.3
2026-02-17 00:00:00+00:00,0,WEAK_BULL,1.0,True,136,False,BEAR_STRUCTURE,BEAR_STRUCTURE,0.3,0.95,0.3
2026-02-18 00:00:00+00:00,0,WEAK_BULL,1.0,True,137,False,BEAR_STRUCTURE,BEAR_STRUCTURE,0.3,0.95,0.3
2026-02-19 00:00:00+00:00,0,WEAK_BULL,1.0,True,138,False,BEAR_STRUCTURE,BEAR_STRUCTURE,0.3,0.95,0.3
2026-02-20 00:00:00+00:00,0,WEAK_BULL,1.0,True,139,False,BEAR_STRUCTURE,BEAR_STRUCTURE,0.3,0.95,0.3
2026-02-21 00:00:00+00:00,0,WEAK_BULL,1.0,True,140,False,BEAR_STRUCTURE,BEAR_STRUCTURE,0.3,0.95,0.3
2026-02-22 00:00:00+00:00,0,WEAK_BULL,1.0,True,141,False,BEAR_STRUCTURE,BEAR_STRUCTURE,0.3,0.95,0.3
2026-02-23 00:00:00+00:00,0,WEAK_BULL,1.0,True,142,False,BEAR_STRUCTURE,BEAR_STRUCTURE,0.3,0.95,0.3
2026-02-24 00:00:00+00:00,0,WEAK_BULL,1.0,True,143,False,BEAR_STRUCTURE,BEAR_STRUCTURE,0.3,0.95,0.3
2026-02-25 00:00:00+00:00,0,WEAK_BULL,1.0,True,144,False,BEAR_STRUCTURE,BEAR_STRUCTURE,0.3,0.95,0.3
2026-02-26 00:00:00+00:00,0,WEAK_BULL,1.0,True,145,False,BEAR_STRUCTURE,BEAR_STRUCTURE,0.3,0.95,0.3
2026-02-27 00:00:00+00:00,0,WEAK_BULL,1.0,True,146,False,BEAR_STRUCTURE,BEAR_STRUCTURE,0.3,0.95,0.3
2026-02-28 00:00:00+00:00,0,WEAK_BULL,1.0,True,147,False,BEAR_STRUCTURE,BEAR_STRUCTURE,0.3,0.95,0.3
2026-03-01 00:00:00+00:00,0,WEAK_BULL,1.0,True,148,False,BEAR_STRUCTURE,BEAR_STRUCTURE,0.3,0.95,0.3
2026-03-02 00:00:00+00:00,0,WEAK_BULL,1.0,True,149,False,BEAR_STRUCTURE,BEAR_STRUCTURE,0.3,0.95,0.3
2026-03-03 00:00:00+00:00,0,WEAK_BULL,1.0,True,150,False,BEAR_STRUCTURE,BEAR_STRUCTURE,0.3,0.95,0.3
2026-03-04 00:00:00+00:00,0,WEAK_BULL,1.0,True,151,False,BEAR_STRUCTURE,BEAR_STRUCTURE,0.3,0.95,0.3
2026-03-05 00:00:00+00:00,0,WEAK_BULL,1.0,True,152,False,BEAR_STRUCTURE,BEAR_STRUCTURE,0.3,0.95,0.3
2026-03-06 00:00:00+00:00,0,WEAK_BULL,1.0,True,153,False,BEAR_STRUCTURE,BEAR_STRUCTURE,0.3,0.95,0.3
2026-03-07 00:00:00+00:00,0,WEAK_BULL,1.0,True,154,False,BEAR_STRUCTURE,BEAR_STRUCTURE,0.3,0.95,0.3
2026-03-08 00:00:00+00:00,0,WEAK_BULL,1.0,True,155,False,BEAR_STRUCTURE,BEAR_STRUCTURE,0.3,0.95,0.3
2026-03-09 00:00:00+00:00,0,WEAK_BULL,1.0,True,156,False,BEAR_STRUCTURE,BEAR_STRUCTURE,0.3,0.95,0.3
2026-03-10 00:00:00+00:00,0,WEAK_BULL,1.0,True,157,False,BEAR_STRUCTURE,BEAR_STRUCTURE,0.3,0.95,0.3
2026-03-11 00:00:00+00:00,0,WEAK_BULL,1.0,True,158,False,BEAR_STRUCTURE,BEAR_STRUCTURE,0.3,0.95,0.3
2026-03-12 00:00:00+00:00,0,WEAK_BULL,1.0,True,159,False,BEAR_STRUCTURE,BEAR_STRUCTURE,0.3,0.95,0.3
2026-03-13 00:00:00+00:00,0,WEAK_BULL,1.0,True,160,False,BEAR_STRUCTURE,BEAR_STRUCTURE,0.3,0.95,0.3
2026-03-14 00:00:00+00:00,0,WEAK_BULL,1.0,True,161,False,BEAR_STRUCTURE,BEAR_STRUCTURE,0.3,0.95,0.3
2026-03-15 00:00:00+00:00,0,WEAK_BULL,1.0,True,162,False,BEAR_STRUCTURE,BEAR_STRUCTURE,0.3,0.95,0.3
2026-03-16 00:00:00+00:00,0,WEAK_BULL,1.0,True,163,False,BEAR_STRUCTURE,BEAR_STRUCTURE,0.3,0.95,0.3
2026-03-17 00:00:00+00:00,0,WEAK_BULL,1.0,True,164,False,BEAR_STRUCTURE,BEAR_STRUCTURE,0.3,0.95,0.3
2026-03-18 00:00:00+00:00,0,WEAK_BULL,1.0,True,165,False,BEAR_STRUCTURE,BEAR_STRUCTURE,0.3,0.95,0.3
2026-03-19 00:00:00+00:00,0,WEAK_BULL,1.0,True,166,False,BEAR_STRUCTURE,BEAR_STRUCTURE,0.3,0.95,0.3
2026-03-20 00:00:00+00:00,0,WEAK_BULL,1.0,True,167,False,BEAR_STRUCTURE,BEAR_STRUCTURE,0.3,0.95,0.3
2026-03-21 00:00:00+00:00,0,WEAK_BULL,1.0,True,168,False,BEAR_STRUCTURE,BEAR_STRUCTURE,0.3,0.95,0.3
2026-03-22 00:00:00+00:00,0,WEAK_BULL,1.0,True,169,False,BEAR_STRUCTURE,BEAR_STRUCTURE,0.3,0.95,0.3
2026-03-23 00:00:00+00:00,0,WEAK_BULL,1.0,True,170,False,BEAR_STRUCTURE,BEAR_STRUCTURE,0.3,0.95,0.3
2026-03-24 00:00:00+00:00,0,WEAK_BULL,1.0,True,171,False,BEAR_STRUCTURE,BEAR_STRUCTURE,0.3,0.95,0.3
2026-03-25 00:00:00+00:00,0,WEAK_BULL,1.0,True,172,False,BEAR_STRUCTURE,BEAR_STRUCTURE,0.3,0.95,0.3
2026-03-26 00:00:00+00:00,0,WEAK_BULL,1.0,True,173,False,BEAR_STRUCTURE,BEAR_STRUCTURE,0.3,0.95,0.3
2026-03-27 00:00:00+00:00,0,BULL,1.0,True,1,False,BEAR_STRUCTURE,BEAR_STRUCTURE,0.3,0.60,0.3
2026-03-28 00:00:00+00:00,0,BULL,1.0,True,2,False,BEAR_STRUCTURE,BEAR_STRUCTURE,0.3,0.60,0.3
2026-03-29 00:00:00+00:00,0,BULL,1.0,True,3,False,BEAR_STRUCTURE,BEAR_STRUCTURE,0.3,0.60,0.3
2026-03-30 00:00:00+00:00,0,BULL,1.0,True,4,False,BEAR_STRUCTURE,BEAR_STRUCTURE,0.3,0.60,0.3
2026-03-31 00:00:00+00:00,0,BULL,1.0,True,5,False,BEAR_STRUCTURE,BEAR_STRUCTURE,0.3,0.60,0.3
2026-04-01 00:00:00+00:00,0,BULL,1.0,True,6,False,BEAR_STRUCTURE,BEAR_STRUCTURE,0.3,0.60,0.3
2026-04-02 00:00:00+00:00,0,BULL,1.0,True,7,False,BEAR_STRUCTURE,BEAR_STRUCTURE,0.3,0.60,0.3
2026-04-03 00:00:00+00:00,0,BULL,1.0,True,8,False,BEAR_STRUCTURE,BEAR_STRUCTURE,0.3,0.60,0.3
2026-04-04 00:00:00+00:00,0,BULL,1.0,True,9,False,BEAR_STRUCTURE,BEAR_STRUCTURE,0.3,0.60,0.3
2026-04-05 00:00:00+00:00,0,BULL,1.0,True,10,False,BEAR_STRUCTURE,BEAR_STRUCTURE,0.3,0.60,0.3
2026-04-06 00:00:00+00:00,0,BULL,0.9999999360516105,True,11,False,BEAR_STRUCTURE,BEAR_STRUCTURE,0.3,0.60,0.3
2026-04-07 00:00:00+00:00,0,BULL,1.1255287831909193e-05,False,11,False,BEAR_STRUCTURE,BEAR_STRUCTURE,0.3,0.3092352907206576704803351048,0.3
2026-04-08 00:00:00+00:00,0,BULL,3.920761630961521e-14,False,11,False,BEAR_STRUCTURE,BEAR_STRUCTURE,0.3,0.2974960010160516454583944264,0.2974960010160516454583944264
2026-04-09 00:00:00+00:00,0,BULL,2.9070000426060496e-14,False,11,False,BEAR_STRUCTURE,BEAR_STRUCTURE,0.3,0.2996011812698427199900353561,0.2996011812698427199900353561
2026-04-10 00:00:00+00:00,0,BULL,1.4350033141471255e-22,False,11,False,BEAR_STRUCTURE,BEAR_STRUCTURE,0.3,0.3030182312156592443362229868,0.3
2026-04-11 00:00:00+00:00,0,BULL,3.481689735361566e-39,False,11,False,BEAR_STRUCTURE,BEAR_STRUCTURE,0.3,0.3002298992030669595673858199,0.3
2026-04-12 00:00:00+00:00,0,BULL,6.059625211007576e-44,False,11,False,BEAR_STRUCTURE,BEAR_STRUCTURE,0.3,0.2935449486610672708508485431,0.2935449486610672708508485431
2026-04-13 00:00:00+00:00,0,BULL,3.213782511797618e-28,False,11,False,BEAR_STRUCTURE,BEAR_STRUCTURE,0.3,0.3041620620065356640503556362,0.3
2026-04-14 00:00:00+00:00,0,BULL,1.3478141532238798e-46,False,11,False,BEAR_STRUCTURE,BEAR_STRUCTURE,0.3,0.2991907464797792664223678390,0.2991907464797792664223678390
2026-04-15 00:00:00+00:00,1,EUPHORIA,1.0,True,3,False,BEAR_STRUCTURE,BEAR_STRUCTURE,0.3,0.95,0.3
2026-04-16 00:00:00+00:00,1,EUPHORIA,1.0,True,4,False,BEAR_STRUCTURE,BEAR_STRUCTURE,0.3,0.95,0.3
2026-04-17 00:00:00+00:00,1,EUPHORIA,1.0,True,5,False,BEAR_STRUCTURE,BEAR_STRUCTURE,0.3,0.95,0.3
2026-04-18 00:00:00+00:00,1,EUPHORIA,1.0,True,6,False,BEAR_STRUCTURE,BEAR_STRUCTURE,0.3,0.95,0.3
2026-04-19 00:00:00+00:00,1,EUPHORIA,1.0,True,7,False,BEAR_STRUCTURE,BEAR_STRUCTURE,0.3,0.95,0.3
2026-04-20 00:00:00+00:00,1,EUPHORIA,1.0,True,8,False,BEAR_STRUCTURE,BEAR_STRUCTURE,0.3,0.95,0.3
2026-04-21 00:00:00+00:00,1,EUPHORIA,1.0,True,9,False,BEAR_STRUCTURE,BEAR_STRUCTURE,0.3,0.95,0.3
2026-04-22 00:00:00+00:00,1,EUPHORIA,1.0,True,10,False,BEAR_STRUCTURE,BEAR_STRUCTURE,0.3,0.95,0.3
2026-04-23 00:00:00+00:00,1,EUPHORIA,1.0,True,11,False,BEAR_STRUCTURE,BEAR_STRUCTURE,0.3,0.95,0.3
2026-04-24 00:00:00+00:00,1,EUPHORIA,1.0,True,12,False,BEAR_STRUCTURE,BEAR_STRUCTURE,0.3,0.95,0.3
2026-04-25 00:00:00+00:00,1,EUPHORIA,1.0,True,13,False,BEAR_STRUCTURE,BEAR_STRUCTURE,0.3,0.95,0.3
2026-04-26 00:00:00+00:00,1,EUPHORIA,1.0,True,14,False,BEAR_STRUCTURE,BEAR_STRUCTURE,0.3,0.95,0.3
2026-04-27 00:00:00+00:00,1,EUPHORIA,0.9999999857254808,True,15,False,BEAR_STRUCTURE,BEAR_STRUCTURE,0.3,0.95,0.3
2026-04-28 00:00:00+00:00,1,EUPHORIA,0.9999999999995453,True,16,False,BEAR_STRUCTURE,BEAR_STRUCTURE,0.3,0.95,0.3
2026-04-29 00:00:00+00:00,1,EUPHORIA,0.9999999986966941,True,17,False,BEAR_STRUCTURE,BEAR_STRUCTURE,0.3,0.95,0.3
2026-04-30 00:00:00+00:00,1,EUPHORIA,0.9675354146462697,True,18,False,BEAR_STRUCTURE,BEAR_STRUCTURE,0.3,0.95,0.3
2026-05-01 00:00:00+00:00,1,EUPHORIA,0.9999999999995453,True,19,False,BEAR_STRUCTURE,BEAR_STRUCTURE,0.3,0.95,0.3
2026-05-02 00:00:00+00:00,1,EUPHORIA,1.0,True,20,False,BEAR_STRUCTURE,BEAR_STRUCTURE,0.3,0.95,0.3
2026-05-03 00:00:00+00:00,1,EUPHORIA,0.9999079008338922,True,21,False,BEAR_STRUCTURE,BEAR_STRUCTURE,0.3,0.95,0.3
2026-05-04 00:00:00+00:00,1,EUPHORIA,1.0,True,22,False,BEAR_STRUCTURE,BEAR_STRUCTURE,0.3,0.95,0.3
2026-05-05 00:00:00+00:00,1,EUPHORIA,1.0,True,23,False,BEAR_STRUCTURE,BEAR_STRUCTURE,0.3,0.95,0.3
2026-05-06 00:00:00+00:00,1,EUPHORIA,1.0,True,24,False,BEAR_STRUCTURE,BEAR_STRUCTURE,0.3,0.95,0.3
2026-05-07 00:00:00+00:00,1,EUPHORIA,0.00039075326741931193,False,24,False,BEAR_STRUCTURE,BEAR_STRUCTURE,0.3,0.2962595532390337347426729513,0.2962595532390337347426729513
2026-05-08 00:00:00+00:00,1,EUPHORIA,0.9999999895758265,True,25,False,BEAR_STRUCTURE,BEAR_STRUCTURE,0.3,0.95,0.3
2026-05-09 00:00:00+00:00,1,EUPHORIA,1.0,True,26,False,BEAR_STRUCTURE,BEAR_STRUCTURE,0.3,0.95,0.3
2026-05-10 00:00:00+00:00,1,EUPHORIA,1.0,True,27,False,BEAR_STRUCTURE,BEAR_STRUCTURE,0.3,0.95,0.3
2026-05-11 00:00:00+00:00,1,EUPHORIA,0.9999999999795364,True,28,False,BEAR_STRUCTURE,BEAR_STRUCTURE,0.3,0.95,0.3
2026-05-12 00:00:00+00:00,1,EUPHORIA,1.2173374807070446e-05,False,28,False,BEAR_STRUCTURE,BEAR_STRUCTURE,0.3,0.2967924067775096556307922348,0.2967924067775096556307922348
2026-05-13 00:00:00+00:00,1,EUPHORIA,3.8702315066923884e-10,False,28,False,BEAR_STRUCTURE,BEAR_STRUCTURE,0.3,0.2936915055875595005743203693,0.2936915055875595005743203693
2026-05-14 00:00:00+00:00,3,BEAR,0.8433400981361984,True,3,False,BEAR_STRUCTURE,BEAR_STRUCTURE,0.3,0.95,0.3
2026-05-15 00:00:00+00:00,3,BEAR,1.0,True,4,False,BEAR_STRUCTURE,BEAR_STRUCTURE,0.3,0.95,0.3
2026-05-16 00:00:00+00:00,3,BEAR,1.0,True,5,False,BEAR_STRUCTURE,BEAR_STRUCTURE,0.3,0.95,0.3
2026-05-17 00:00:00+00:00,3,BEAR,1.0,True,6,False,BEAR_STRUCTURE,BEAR_STRUCTURE,0.3,0.95,0.3
2026-05-18 00:00:00+00:00,3,BEAR,0.9999999999881766,True,7,False,BEAR_STRUCTURE,BEAR_STRUCTURE,0.3,0.95,0.3
2026-05-19 00:00:00+00:00,3,BEAR,1.0,True,8,False,BEAR_STRUCTURE,BEAR_STRUCTURE,0.3,0.95,0.3
2026-05-20 00:00:00+00:00,3,BEAR,1.0,True,9,False,BEAR_STRUCTURE,BEAR_STRUCTURE,0.3,0.95,0.3
2026-05-21 00:00:00+00:00,3,BEAR,1.0,True,10,False,BEAR_STRUCTURE,BEAR_STRUCTURE,0.3,0.95,0.3
2026-05-22 00:00:00+00:00,3,BEAR,1.0,True,11,False,BEAR_STRUCTURE,BEAR_STRUCTURE,0.3,0.95,0.3
2026-05-23 00:00:00+00:00,3,BEAR,0.9999999999818101,True,12,False,BEAR_STRUCTURE,BEAR_STRUCTURE,0.3,0.95,0.3
2026-05-24 00:00:00+00:00,3,BEAR,1.0,True,13,False,BEAR_STRUCTURE,BEAR_STRUCTURE,0.3,0.95,0.3
2026-05-25 00:00:00+00:00,3,BEAR,0.9999999999990905,True,14,False,BEAR_STRUCTURE,BEAR_STRUCTURE,0.3,0.95,0.3
2026-05-26 00:00:00+00:00,3,BEAR,1.0,True,15,False,BEAR_STRUCTURE,BEAR_STRUCTURE,0.3,0.95,0.3
2026-05-27 00:00:00+00:00,3,BEAR,0.9999999999972715,True,16,False,BEAR_STRUCTURE,BEAR_STRUCTURE,0.3,0.95,0.3
2026-05-28 00:00:00+00:00,3,BEAR,1.0,True,17,False,BEAR_STRUCTURE,BEAR_STRUCTURE,0.3,0.95,0.3
2026-05-29 00:00:00+00:00,3,BEAR,1.0,True,18,False,BEAR_STRUCTURE,BEAR_STRUCTURE,0.3,0.95,0.3
2026-05-30 00:00:00+00:00,3,BEAR,1.0,True,19,False,BEAR_STRUCTURE,BEAR_STRUCTURE,0.3,0.95,0.3
2026-05-31 00:00:00+00:00,3,BEAR,1.0,True,20,False,BEAR_STRUCTURE,BEAR_STRUCTURE,0.3,0.95,0.3
2026-06-01 00:00:00+00:00,3,BEAR,1.0,True,21,False,BEAR_STRUCTURE,BEAR_STRUCTURE,0.3,0.95,0.3
2026-06-02 00:00:00+00:00,3,BEAR,0.999999999996362,True,22,False,BEAR_STRUCTURE,BEAR_STRUCTURE,0.3,0.95,0.3
2026-06-03 00:00:00+00:00,3,BEAR,0.9999999613128246,True,23,False,BEAR_STRUCTURE,BEAR_STRUCTURE,0.3,0.95,0.3
2026-06-04 00:00:00+00:00,3,BEAR,2.901952703933522e-05,False,23,False,BEAR_STRUCTURE,BEAR_STRUCTURE,0.3,0.2991613485668903249089631527,0.2991613485668903249089631527
2026-06-05 00:00:00+00:00,3,BEAR,3.763093483323452e-20,False,23,False,BEAR_STRUCTURE,BEAR_STRUCTURE,0.3,0.2897506147920584297547400338,0.2897506147920584297547400338
2026-06-06 00:00:00+00:00,2,CRASH,1.0,True,3,False,BEAR_STRUCTURE,BEAR_STRUCTURE,0.3,0.2891709093147576221585910701,0.2891709093147576221585910701
2026-06-07 00:00:00+00:00,2,CRASH,1.0,True,4,False,BEAR_STRUCTURE,BEAR_STRUCTURE,0.3,0.2973385441585150309454574008,0.2973385441585150309454574008
2026-06-08 00:00:00+00:00,2,CRASH,1.0,True,5,False,BEAR_STRUCTURE,BEAR_STRUCTURE,0.3,0.2965260010648394269835631022,0.2965260010648394269835631022
2026-06-09 00:00:00+00:00,2,CRASH,1.0,True,6,False,BEAR_STRUCTURE,BEAR_STRUCTURE,0.3,0.2920135627011074935954669698,0.2920135627011074935954669698
2026-06-10 00:00:00+00:00,2,CRASH,1.0,True,7,False,BEAR_STRUCTURE,BEAR_STRUCTURE,0.3,0.2912793095772415969013774985,0.2912793095772415969013774985
2026-06-11 00:00:00+00:00,2,CRASH,1.0,True,8,False,BEAR_STRUCTURE,BEAR_STRUCTURE,0.3,0.2983070290514236347300265073,0.2983070290514236347300265073
2026-06-12 00:00:00+00:00,2,CRASH,1.0,True,9,False,BEAR_STRUCTURE,BEAR_STRUCTURE,0.3,0.2981557291447972594746564226,0.2981557291447972594746564226
2026-06-13 00:00:00+00:00,2,CRASH,1.0,True,10,False,BEAR_STRUCTURE,BEAR_STRUCTURE,0.3,0.3010336137342195462507820314,0.3
2026-06-14 00:00:00+00:00,2,CRASH,1.0,True,11,False,BEAR_STRUCTURE,BEAR_STRUCTURE,0.3,0.3041694296907526437574196858,0.3
2026-06-15 00:00:00+00:00,2,CRASH,1.0,True,12,False,BEAR_STRUCTURE,BEAR_STRUCTURE,0.3,0.3018508071904479676922656408,0.3
2026-06-16 00:00:00+00:00,2,CRASH,1.0,True,13,False,BEAR_STRUCTURE,BEAR_STRUCTURE,0.3,0.2979239219281523484674772833,0.2979239219281523484674772833
2026-06-17 00:00:00+00:00,2,CRASH,1.0,True,14,False,BEAR_STRUCTURE,BEAR_STRUCTURE,0.3,0.2941918918377426468978873930,0.2941918918377426468978873930
2026-06-18 00:00:00+00:00,2,CRASH,1.0,True,15,False,BEAR_STRUCTURE,BEAR_STRUCTURE,0.3,0.2891626919433543734434213429,0.2891626919433543734434213429
2026-06-19 00:00:00+00:00,2,CRASH,1.0,True,16,False,BEAR_STRUCTURE,BEAR_STRUCTURE,0.3,0.2910704261143622408145522752,0.2910704261143622408145522752
2026-06-20 00:00:00+00:00,2,CRASH,1.0,True,17,False,BEAR_STRUCTURE,BEAR_STRUCTURE,0.3,0.2935108125788886368802349002,0.2935108125788886368802349002
2026-06-21 00:00:00+00:00,2,CRASH,1.0,True,18,False,BEAR_STRUCTURE,BEAR_STRUCTURE,0.3,0.2903165030045443685929710170,0.2903165030045443685929710170
2026-06-22 00:00:00+00:00,2,CRASH,1.0,True,19,False,BEAR_STRUCTURE,BEAR_STRUCTURE,0.3,0.2926131184798655325621601849,0.2926131184798655325621601849
2026-06-23 00:00:00+00:00,2,CRASH,1.0,True,20,False,BEAR_STRUCTURE,BEAR_STRUCTURE,0.3,0.2884324473912025519756788253,0.2884324473912025519756788253
2026-06-24 00:00:00+00:00,2,CRASH,1.0,True,21,False,BEAR_STRUCTURE,BEAR_STRUCTURE,0.3,0.2829712715583239792799934037,0.2829712715583239792799934037
2026-06-25 00:00:00+00:00,2,CRASH,1.0,True,22,False,BEAR_STRUCTURE,BEAR_STRUCTURE,0.3,0.2786803853925373895219399137,0.2786803853925373895219399137
2026-06-26 00:00:00+00:00,2,CRASH,1.0,True,23,False,BEAR_STRUCTURE,BEAR_STRUCTURE,0.3,0.2796984903955331039364554340,0.2796984903955331039364554340
2026-06-27 00:00:00+00:00,2,CRASH,1.0,True,24,False,BEAR_STRUCTURE,BEAR_STRUCTURE,0.3,0.2794695525356422125991549726,0.2794695525356422125991549726
2026-06-28 00:00:00+00:00,2,CRASH,1.0,True,25,False,BEAR_STRUCTURE,BEAR_STRUCTURE,0.3,0.2779501620863536838313338038,0.2779501620863536838313338038
2026-06-29 00:00:00+00:00,2,CRASH,1.0,True,26,False,BEAR_STRUCTURE,BEAR_STRUCTURE,0.3,0.2802443088280494029206197776,0.2802443088280494029206197776
2026-06-30 00:00:00+00:00,2,CRASH,1.0,True,27,False,BEAR_STRUCTURE,BEAR_STRUCTURE,0.3,0.2747278841825834845874883035,0.2747278841825834845874883035
2026-07-01 00:00:00+00:00,2,CRASH,1.0,True,28,False,BEAR_STRUCTURE,BEAR_STRUCTURE,0.3,0.2794527797250647386297673118,0.2794527797250647386297673118
2026-07-02 00:00:00+00:00,2,CRASH,1.0,True,29,False,BEAR_STRUCTURE,BEAR_STRUCTURE,0.3,0.2845689208848677338124914764,0.2845689208848677338124914764
2026-07-03 00:00:00+00:00,2,CRASH,1.0,True,30,False,BEAR_STRUCTURE,BEAR_STRUCTURE,0.3,0.2879370848202487212348044090,0.2879370848202487212348044090
2026-07-04 00:00:00+00:00,2,CRASH,1.0,True,31,False,BEAR_STRUCTURE,BEAR_STRUCTURE,0.3,0.2897694332612522116363310396,0.2897694332612522116363310396
2026-07-05 00:00:00+00:00,2,CRASH,1.0,True,32,False,BEAR_STRUCTURE,BEAR_STRUCTURE,0.3,0.2914147686657111975311785081,0.2914147686657111975311785081
2026-07-06 00:00:00+00:00,2,CRASH,1.0,True,33,False,BEAR_STRUCTURE,BEAR_STRUCTURE,0.3,0.2926842744609876538761546568,0.2926842744609876538761546568
2026-07-07 00:00:00+00:00,2,CRASH,1.0,True,34,False,BEAR_STRUCTURE,BEAR_STRUCTURE,0.3,0.2904856834897960073084916400,0.2904856834897960073084916400
2026-07-08 00:00:00+00:00,2,CRASH,1.0,True,35,False,BEAR_STRUCTURE,BEAR_STRUCTURE,0.3,0.2869750362760042491774977190,0.2869750362760042491774977190
2026-07-09 00:00:00+00:00,2,CRASH,1.0,True,36,False,BEAR_STRUCTURE,BEAR_STRUCTURE,0.3,0.2900495869711580323849493920,0.2900495869711580323849493920
2026-07-10 00:00:00+00:00,2,CRASH,1.0,True,37,False,BEAR_STRUCTURE,BEAR_STRUCTURE,0.3,0.2930710013011034153423957752,0.2930710013011034153423957752
2026-07-11 00:00:00+00:00,2,CRASH,1.0,True,38,False,BEAR_STRUCTURE,BEAR_STRUCTURE,0.3,0.2919626115761034029986796046,0.2919626115761034029986796046
2026-07-12 00:00:00+00:00,2,CRASH,1.0,True,39,False,BEAR_STRUCTURE,BEAR_STRUCTURE,0.3,0.2918362614915483559318034268,0.2918362614915483559318034268
2026-07-13 00:00:00+00:00,2,CRASH,1.0,True,40,False,BEAR_STRUCTURE,BEAR_STRUCTURE,0.3,0.2871212528526692011496589792,0.2871212528526692011496589792
2026-07-14 00:00:00+00:00,2,CRASH,1.0,True,41,False,BEAR_STRUCTURE,BEAR_STRUCTURE,0.3,0.2959084145622246875215217230,0.2959084145622246875215217230
2026-07-15 00:00:00+00:00,2,CRASH,1.0,True,42,False,BEAR_STRUCTURE,BEAR_STRUCTURE,0.3,0.2949856561301981891450772860,0.2949856561301981891450772860
2026-07-16 00:00:00+00:00,2,CRASH,1.0,True,43,False,BEAR_STRUCTURE,BEAR_STRUCTURE,0.3,0.2919988883958542386936876240,0.2919988883958542386936876240
2026-07-17 00:00:00+00:00,2,CRASH,1.0,True,44,False,BEAR_STRUCTURE,BEAR_STRUCTURE,0.3,0.2923273805838866865148044370,0.2923273805838866865148044370
2026-07-18 00:00:00+00:00,2,CRASH,1.0,True,45,False,BEAR_STRUCTURE,BEAR_STRUCTURE,0.3,0.2952358768076478809820357504,0.2952358768076478809820357504
2026-07-19 00:00:00+00:00,2,CRASH,1.0,True,46,False,BEAR_STRUCTURE,BEAR_STRUCTURE,0.3,0.2948772812095848127591256891,0.2948772812095848127591256891
2026-07-20 00:00:00+00:00,2,CRASH,1.0,True,47,False,BEAR_STRUCTURE,BEAR_STRUCTURE,0.3,0.2965853287225039755758925483,0.2965853287225039755758925483
2026-07-21 00:00:00+00:00,2,CRASH,1.0,True,48,False,BEAR_STRUCTURE,BEAR_STRUCTURE,0.3,0.3007190824353535688276259223,0.3
2026-07-22 00:00:00+00:00,2,CRASH,1.0,True,49,False,BEAR_STRUCTURE,BEAR_STRUCTURE,0.3,0.2986032729882679274355907530,0.2986032729882679274355907530
2026-07-23 00:00:00+00:00,2,CRASH,1.0,True,50,False,BEAR_STRUCTURE,BEAR_STRUCTURE,0.3,0.2953714570081648683273568885,0.2953714570081648683273568885
2026-07-24 00:00:00+00:00,2,CRASH,1.0,True,51,False,BEAR_STRUCTURE,BEAR_STRUCTURE,0.3,0.2922921145323526623538508171,0.2922921145323526623538508171
2026-07-25 00:00:00+00:00,2,CRASH,1.0,True,52,False,BEAR_STRUCTURE,BEAR_STRUCTURE,0.3,0.2930492327981340604659424582,0.2930492327981340604659424582
2026-07-26 00:00:00+00:00,2,CRASH,1.0,True,53,False,BEAR_STRUCTURE,BEAR_STRUCTURE,0.3,0.2963325319029186791285104395,0.2963325319029186791285104395
2026-07-27 00:00:00+00:00,2,CRASH,1.0,True,54,False,BEAR_STRUCTURE,BEAR_STRUCTURE,0.3,0.2910510871088806095714265581,0.2910510871088806095714265581
2026-07-28 00:00:00+00:00,2,CRASH,1.0,True,55,False,BEAR_STRUCTURE,BEAR_STRUCTURE,0.3,0.2915657561167727130681978963,0.2915657561167727130681978963
2026-07-29 00:00:00+00:00,2,CRASH,1.0,True,56,False,BEAR_STRUCTURE,BEAR_STRUCTURE,0.3,0.2917895787054482201082965317,0.2917895787054482201082965317
2026-07-30 00:00:00+00:00,2,CRASH,0.7405068679116387,True,57,False,BEAR_STRUCTURE,BEAR_STRUCTURE,0.3,0.2943502678492843192532889563,0.2943502678492843192532889563
2026-07-31 00:00:00+00:00,2,CRASH,2.22882136881032e-06,False,57,False,BEAR_STRUCTURE,BEAR_STRUCTURE,0.3,0.2882307693274171332800984306,0.2882307693274171332800984306
2026-08-01 00:00:00+00:00,2,CRASH,2.5112939811596518e-11,False,57,False,BEAR_STRUCTURE,BEAR_STRUCTURE,0.3,0.2880211429083097470831437427,0.2880211429083097470831437427
2026-08-02 00:00:00+00:00,3,BEAR,0.9999999618585215,True,3,False,BEAR_STRUCTURE,BEAR_STRUCTURE,0.3,0.95,0.3
2026-08-03 00:00:00+00:00,3,BEAR,0.9999999987339834,True,4,False,BEAR_STRUCTURE,BEAR_STRUCTURE,0.3,0.95,0.3
2026-08-04 00:00:00+00:00,3,BEAR,0.9999999997544364,True,5,False,BEAR_STRUCTURE,BEAR_STRUCTURE,0.3,0.95,0.3
